arm,pool,target,method,anchor,feature_set,mode,target_transform,metric,cell,n_seeds,median,mean,std,q05,q90,n_hp_households_median,n_substations_median
iter03_quick,bstar_2023,HP_Peak,Linear,size_peak,both,direct,log,wape,all,1,36.48996490649986,36.48996490649986,,36.48996490649986,36.48996490649986,20.0,30.0
iter03_quick,bstar_2023,HP_Peak,Linear,size_peak,both,direct,log,wape,p0.05|n10,1,79.83502453323746,79.83502453323746,,79.83502453323746,79.83502453323746,5.0,6.0
iter03_quick,bstar_2023,HP_Peak,Linear,size_peak,both,direct,log,wape,p0.1|n10,1,38.63931678383097,38.63931678383097,,38.63931678383097,38.63931678383097,6.0,6.0
iter03_quick,bstar_2023,HP_Peak,Linear,size_peak,both,direct,log,wape,p0.2|n10,1,30.36023334348722,30.36023334348722,,30.36023334348722,30.36023334348722,9.0,6.0
iter03_quick,bstar_2023,HP_Peak,Linear,size_peak,both,direct,log,wape,p0.3|n10,1,32.95367159038362,32.95367159038362,,32.95367159038362,32.95367159038362,12.0,6.0
iter03_quick,bstar_2023,HP_Peak,Linear,size_peak,both,direct,log,wape,p0.5|n10,1,29.659996915830234,29.659996915830234,,29.659996915830234,29.659996915830234,11.0,3.0
iter03_quick,bstar_2023,HP_Peak,Linear,size_peak,both,direct,log,wape,p1.0|n10,1,37.311581855678725,37.311581855678725,,37.311581855678725,37.311581855678725,16.0,3.0
iter03_quick,bstar_2023,HP_Peak,Linear,size_peak,both,direct,log,mape,all,1,42.906609921508185,42.906609921508185,,42.906609921508185,42.906609921508185,20.0,30.0
iter03_quick,bstar_2023,HP_Peak,Linear,size_peak,both,direct,log,mape,p0.05|n10,1,76.7199501885682,76.7199501885682,,76.7199501885682,76.7199501885682,5.0,6.0
iter03_quick,bstar_2023,HP_Peak,Linear,size_peak,both,direct,log,mape,p0.1|n10,1,37.35559664831713,37.35559664831713,,37.35559664831713,37.35559664831713,6.0,6.0
iter03_quick,bstar_2023,HP_Peak,Linear,size_peak,both,direct,log,mape,p0.2|n10,1,30.79735400067944,30.79735400067944,,30.79735400067944,30.79735400067944,9.0,6.0
iter03_quick,bstar_2023,HP_Peak,Linear,size_peak,both,direct,log,mape,p0.3|n10,1,34.351178352823915,34.351178352823915,,34.351178352823915,34.351178352823915,12.0,6.0
iter03_quick,bstar_2023,HP_Peak,Linear,size_peak,both,direct,log,mape,p0.5|n10,1,33.38671621867684,33.38671621867684,,33.38671621867684,33.38671621867684,11.0,3.0
iter03_quick,bstar_2023,HP_Peak,Linear,size_peak,both,direct,log,mape,p1.0|n10,1,37.23122461562765,37.23122461562765,,37.23122461562765,37.23122461562765,16.0,3.0
iter03_quick,bstar_2023,HP_Peak,Linear,size_peak,both,direct,log,r2,all,1,0.6381804139013405,0.6381804139013405,,0.6381804139013405,0.6381804139013405,20.0,30.0
iter03_quick,bstar_2023,HP_Peak,Linear,size_peak,both,direct,log,r2,p0.05|n10,1,-10.670713921386946,-10.670713921386946,,-10.670713921386946,-10.670713921386946,5.0,6.0
iter03_quick,bstar_2023,HP_Peak,Linear,size_peak,both,direct,log,r2,p0.1|n10,1,-1.4967211406169114,-1.4967211406169114,,-1.4967211406169114,-1.4967211406169114,6.0,6.0
iter03_quick,bstar_2023,HP_Peak,Linear,size_peak,both,direct,log,r2,p0.2|n10,1,-0.1158338385548714,-0.1158338385548714,,-0.1158338385548714,-0.1158338385548714,9.0,6.0
iter03_quick,bstar_2023,HP_Peak,Linear,size_peak,both,direct,log,r2,p0.3|n10,1,-3.1316839476737126,-3.1316839476737126,,-3.1316839476737126,-3.1316839476737126,12.0,6.0
iter03_quick,bstar_2023,HP_Peak,Linear,size_peak,both,direct,log,r2,p0.5|n10,1,-3.615985420496617,-3.615985420496617,,-3.615985420496617,-3.615985420496617,11.0,3.0
iter03_quick,bstar_2023,HP_Peak,Linear,size_peak,both,direct,log,r2,p1.0|n10,1,-26.868160804609904,-26.868160804609904,,-26.868160804609904,-26.868160804609904,16.0,3.0
iter03_quick,bstar_2023,HP_Peak,Linear,size_peak,both,direct,log,rmse,all,1,13.741170610276209,13.741170610276209,,13.741170610276209,13.741170610276209,20.0,30.0
iter03_quick,bstar_2023,HP_Peak,Linear,size_peak,both,direct,log,rmse,p0.05|n10,1,6.044435168756314,6.044435168756314,,6.044435168756314,6.044435168756314,5.0,6.0
iter03_quick,bstar_2023,HP_Peak,Linear,size_peak,both,direct,log,rmse,p0.1|n10,1,2.7251352922008243,2.7251352922008243,,2.7251352922008243,2.7251352922008243,6.0,6.0
iter03_quick,bstar_2023,HP_Peak,Linear,size_peak,both,direct,log,rmse,p0.2|n10,1,4.776395604941938,4.776395604941938,,4.776395604941938,4.776395604941938,9.0,6.0
iter03_quick,bstar_2023,HP_Peak,Linear,size_peak,both,direct,log,rmse,p0.3|n10,1,8.432491617628884,8.432491617628884,,8.432491617628884,8.432491617628884,12.0,6.0
iter03_quick,bstar_2023,HP_Peak,Linear,size_peak,both,direct,log,rmse,p0.5|n10,1,15.647614101646568,15.647614101646568,,15.647614101646568,15.647614101646568,11.0,3.0
iter03_quick,bstar_2023,HP_Peak,Linear,size_peak,both,direct,log,rmse,p1.0|n10,1,36.98087360893958,36.98087360893958,,36.98087360893958,36.98087360893958,16.0,3.0
iter03_quick,bstar_2023,HP_Peak,Linear,size_peak,both,direct,log,mae,all,1,7.980626421164183,7.980626421164183,,7.980626421164183,7.980626421164183,20.0,30.0
iter03_quick,bstar_2023,HP_Peak,Linear,size_peak,both,direct,log,mae,p0.05|n10,1,4.8599549895268455,4.8599549895268455,,4.8599549895268455,4.8599549895268455,5.0,6.0
iter03_quick,bstar_2023,HP_Peak,Linear,size_peak,both,direct,log,mae,p0.1|n10,1,2.3207407345164146,2.3207407345164146,,2.3207407345164146,2.3207407345164146,6.0,6.0
iter03_quick,bstar_2023,HP_Peak,Linear,size_peak,both,direct,log,mae,p0.2|n10,1,4.089278727887003,4.089278727887003,,4.089278727887003,4.089278727887003,9.0,6.0
iter03_quick,bstar_2023,HP_Peak,Linear,size_peak,both,direct,log,mae,p0.3|n10,1,7.152776982033437,7.152776982033437,,7.152776982033437,7.152776982033437,12.0,6.0
iter03_quick,bstar_2023,HP_Peak,Linear,size_peak,both,direct,log,mae,p0.5|n10,1,13.060323273400067,13.060323273400067,,13.060323273400067,13.060323273400067,11.0,3.0
iter03_quick,bstar_2023,HP_Peak,Linear,size_peak,both,direct,log,mae,p1.0|n10,1,29.90043807031435,29.90043807031435,,29.90043807031435,29.90043807031435,16.0,3.0
iter03_quick,bstar_2023,HP_Peak,Linear,size_peak,both,direct,log,mape_n_excluded,all,1,0.0,0.0,,0.0,0.0,20.0,30.0
iter03_quick,bstar_2023,HP_Peak,Linear,size_peak,both,direct,log,mape_n_excluded,p0.05|n10,1,0.0,0.0,,0.0,0.0,5.0,6.0
iter03_quick,bstar_2023,HP_Peak,Linear,size_peak,both,direct,log,mape_n_excluded,p0.1|n10,1,0.0,0.0,,0.0,0.0,6.0,6.0
iter03_quick,bstar_2023,HP_Peak,Linear,size_peak,both,direct,log,mape_n_excluded,p0.2|n10,1,0.0,0.0,,0.0,0.0,9.0,6.0
iter03_quick,bstar_2023,HP_Peak,Linear,size_peak,both,direct,log,mape_n_excluded,p0.3|n10,1,0.0,0.0,,0.0,0.0,12.0,6.0
iter03_quick,bstar_2023,HP_Peak,Linear,size_peak,both,direct,log,mape_n_excluded,p0.5|n10,1,0.0,0.0,,0.0,0.0,11.0,3.0
iter03_quick,bstar_2023,HP_Peak,Linear,size_peak,both,direct,log,mape_n_excluded,p1.0|n10,1,0.0,0.0,,0.0,0.0,16.0,3.0
iter03_quick,bstar_2023,HP_Peak,Linear,size_peak,both,direct,log,n_pred_nan,all,1,0.0,0.0,,0.0,0.0,20.0,30.0
iter03_quick,bstar_2023,HP_Peak,Linear,size_peak,both,direct,log,n_pred_nan,p0.05|n10,1,0.0,0.0,,0.0,0.0,5.0,6.0
iter03_quick,bstar_2023,HP_Peak,Linear,size_peak,both,direct,log,n_pred_nan,p0.1|n10,1,0.0,0.0,,0.0,0.0,6.0,6.0
iter03_quick,bstar_2023,HP_Peak,Linear,size_peak,both,direct,log,n_pred_nan,p0.2|n10,1,0.0,0.0,,0.0,0.0,9.0,6.0
iter03_quick,bstar_2023,HP_Peak,Linear,size_peak,both,direct,log,n_pred_nan,p0.3|n10,1,0.0,0.0,,0.0,0.0,12.0,6.0
iter03_quick,bstar_2023,HP_Peak,Linear,size_peak,both,direct,log,n_pred_nan,p0.5|n10,1,0.0,0.0,,0.0,0.0,11.0,3.0
iter03_quick,bstar_2023,HP_Peak,Linear,size_peak,both,direct,log,n_pred_nan,p1.0|n10,1,0.0,0.0,,0.0,0.0,16.0,3.0
iter03_quick,bstar_2023,HP_Peak,Linear,size_peak,both,direct,none,wape,all,1,31.952009752828264,31.952009752828264,,31.952009752828264,31.952009752828264,20.0,30.0
iter03_quick,bstar_2023,HP_Peak,Linear,size_peak,both,direct,none,wape,p0.05|n10,1,59.09962509362108,59.09962509362108,,59.09962509362108,59.09962509362108,5.0,6.0
iter03_quick,bstar_2023,HP_Peak,Linear,size_peak,both,direct,none,wape,p0.1|n10,1,67.76130056257827,67.76130056257827,,67.76130056257827,67.76130056257827,6.0,6.0
iter03_quick,bstar_2023,HP_Peak,Linear,size_peak,both,direct,none,wape,p0.2|n10,1,58.69539959882169,58.69539959882169,,58.69539959882169,58.69539959882169,9.0,6.0
iter03_quick,bstar_2023,HP_Peak,Linear,size_peak,both,direct,none,wape,p0.3|n10,1,22.12422140204773,22.12422140204773,,22.12422140204773,22.12422140204773,12.0,6.0
iter03_quick,bstar_2023,HP_Peak,Linear,size_peak,both,direct,none,wape,p0.5|n10,1,25.13606742766501,25.13606742766501,,25.13606742766501,25.13606742766501,11.0,3.0
iter03_quick,bstar_2023,HP_Peak,Linear,size_peak,both,direct,none,wape,p1.0|n10,1,22.538970697898367,22.538970697898367,,22.538970697898367,22.538970697898367,16.0,3.0
iter03_quick,bstar_2023,HP_Peak,Linear,size_peak,both,direct,none,mape,all,1,49.53168167337899,49.53168167337899,,49.53168167337899,49.53168167337899,20.0,30.0
iter03_quick,bstar_2023,HP_Peak,Linear,size_peak,both,direct,none,mape,p0.05|n10,1,65.87496542863215,65.87496542863215,,65.87496542863215,65.87496542863215,5.0,6.0
iter03_quick,bstar_2023,HP_Peak,Linear,size_peak,both,direct,none,mape,p0.1|n10,1,70.59119646723663,70.59119646723663,,70.59119646723663,70.59119646723663,6.0,6.0
iter03_quick,bstar_2023,HP_Peak,Linear,size_peak,both,direct,none,mape,p0.2|n10,1,63.26050827282685,63.26050827282685,,63.26050827282685,63.26050827282685,9.0,6.0
iter03_quick,bstar_2023,HP_Peak,Linear,size_peak,both,direct,none,mape,p0.3|n10,1,23.30513949168472,23.30513949168472,,23.30513949168472,23.30513949168472,12.0,6.0
iter03_quick,bstar_2023,HP_Peak,Linear,size_peak,both,direct,none,mape,p0.5|n10,1,26.372171042962982,26.372171042962982,,26.372171042962982,26.372171042962982,11.0,3.0
iter03_quick,bstar_2023,HP_Peak,Linear,size_peak,both,direct,none,mape,p1.0|n10,1,22.881026370066245,22.881026370066245,,22.881026370066245,22.881026370066245,16.0,3.0
iter03_quick,bstar_2023,HP_Peak,Linear,size_peak,both,direct,none,r2,all,1,0.8566219100202933,0.8566219100202933,,0.8566219100202933,0.8566219100202933,20.0,30.0
iter03_quick,bstar_2023,HP_Peak,Linear,size_peak,both,direct,none,r2,p0.05|n10,1,-3.538150474932923,-3.538150474932923,,-3.538150474932923,-3.538150474932923,5.0,6.0
iter03_quick,bstar_2023,HP_Peak,Linear,size_peak,both,direct,none,r2,p0.1|n10,1,-4.950033625901065,-4.950033625901065,,-4.950033625901065,-4.950033625901065,6.0,6.0
iter03_quick,bstar_2023,HP_Peak,Linear,size_peak,both,direct,none,r2,p0.2|n10,1,-2.483511631044661,-2.483511631044661,,-2.483511631044661,-2.483511631044661,9.0,6.0
iter03_quick,bstar_2023,HP_Peak,Linear,size_peak,both,direct,none,r2,p0.3|n10,1,-1.175446260940321,-1.175446260940321,,-1.175446260940321,-1.175446260940321,12.0,6.0
iter03_quick,bstar_2023,HP_Peak,Linear,size_peak,both,direct,none,r2,p0.5|n10,1,-1.435469089718567,-1.435469089718567,,-1.435469089718567,-1.435469089718567,11.0,3.0
iter03_quick,bstar_2023,HP_Peak,Linear,size_peak,both,direct,none,r2,p1.0|n10,1,-5.885915708221346,-5.885915708221346,,-5.885915708221346,-5.885915708221346,16.0,3.0
iter03_quick,bstar_2023,HP_Peak,Linear,size_peak,both,direct,none,rmse,all,1,8.650059422469065,8.650059422469065,,8.650059422469065,8.650059422469065,20.0,30.0
iter03_quick,bstar_2023,HP_Peak,Linear,size_peak,both,direct,none,rmse,p0.05|n10,1,3.76917635522296,3.76917635522296,,3.76917635522296,3.76917635522296,5.0,6.0
iter03_quick,bstar_2023,HP_Peak,Linear,size_peak,both,direct,none,rmse,p0.1|n10,1,4.206905522854237,4.206905522854237,,4.206905522854237,4.206905522854237,6.0,6.0
iter03_quick,bstar_2023,HP_Peak,Linear,size_peak,both,direct,none,rmse,p0.2|n10,1,8.43935311357722,8.43935311357722,,8.43935311357722,8.43935311357722,9.0,6.0
iter03_quick,bstar_2023,HP_Peak,Linear,size_peak,both,direct,none,rmse,p0.3|n10,1,6.118804135131375,6.118804135131375,,6.118804135131375,6.118804135131375,12.0,6.0
iter03_quick,bstar_2023,HP_Peak,Linear,size_peak,both,direct,none,rmse,p0.5|n10,1,11.365988803017313,11.365988803017313,,11.365988803017313,11.365988803017313,11.0,3.0
iter03_quick,bstar_2023,HP_Peak,Linear,size_peak,both,direct,none,rmse,p1.0|n10,1,18.38246990104062,18.38246990104062,,18.38246990104062,18.38246990104062,16.0,3.0
iter03_quick,bstar_2023,HP_Peak,Linear,size_peak,both,direct,none,mae,all,1,6.988141915074709,6.988141915074709,,6.988141915074709,6.988141915074709,20.0,30.0
iter03_quick,bstar_2023,HP_Peak,Linear,size_peak,both,direct,none,mae,p0.05|n10,1,3.5976881015841826,3.5976881015841826,,3.5976881015841826,3.5976881015841826,5.0,6.0
iter03_quick,bstar_2023,HP_Peak,Linear,size_peak,both,direct,none,mae,p0.1|n10,1,4.069854840321376,4.069854840321376,,4.069854840321376,4.069854840321376,6.0,6.0
iter03_quick,bstar_2023,HP_Peak,Linear,size_peak,both,direct,none,mae,p0.2|n10,1,7.90579724104056,7.90579724104056,,7.90579724104056,7.90579724104056,9.0,6.0
iter03_quick,bstar_2023,HP_Peak,Linear,size_peak,both,direct,none,mae,p0.3|n10,1,4.802184823501069,4.802184823501069,,4.802184823501069,4.802184823501069,12.0,6.0
iter03_quick,bstar_2023,HP_Peak,Linear,size_peak,both,direct,none,mae,p0.5|n10,1,11.068280531481555,11.068280531481555,,11.068280531481555,11.068280531481555,11.0,3.0
iter03_quick,bstar_2023,HP_Peak,Linear,size_peak,both,direct,none,mae,p1.0|n10,1,18.06208860637117,18.06208860637117,,18.06208860637117,18.06208860637117,16.0,3.0
iter03_quick,bstar_2023,HP_Peak,Linear,size_peak,both,direct,none,mape_n_excluded,all,1,0.0,0.0,,0.0,0.0,20.0,30.0
iter03_quick,bstar_2023,HP_Peak,Linear,size_peak,both,direct,none,mape_n_excluded,p0.05|n10,1,0.0,0.0,,0.0,0.0,5.0,6.0
iter03_quick,bstar_2023,HP_Peak,Linear,size_peak,both,direct,none,mape_n_excluded,p0.1|n10,1,0.0,0.0,,0.0,0.0,6.0,6.0
iter03_quick,bstar_2023,HP_Peak,Linear,size_peak,both,direct,none,mape_n_excluded,p0.2|n10,1,0.0,0.0,,0.0,0.0,9.0,6.0
iter03_quick,bstar_2023,HP_Peak,Linear,size_peak,both,direct,none,mape_n_excluded,p0.3|n10,1,0.0,0.0,,0.0,0.0,12.0,6.0
iter03_quick,bstar_2023,HP_Peak,Linear,size_peak,both,direct,none,mape_n_excluded,p0.5|n10,1,0.0,0.0,,0.0,0.0,11.0,3.0
iter03_quick,bstar_2023,HP_Peak,Linear,size_peak,both,direct,none,mape_n_excluded,p1.0|n10,1,0.0,0.0,,0.0,0.0,16.0,3.0
iter03_quick,bstar_2023,HP_Peak,Linear,size_peak,both,direct,none,n_pred_nan,all,1,0.0,0.0,,0.0,0.0,20.0,30.0
iter03_quick,bstar_2023,HP_Peak,Linear,size_peak,both,direct,none,n_pred_nan,p0.05|n10,1,0.0,0.0,,0.0,0.0,5.0,6.0
iter03_quick,bstar_2023,HP_Peak,Linear,size_peak,both,direct,none,n_pred_nan,p0.1|n10,1,0.0,0.0,,0.0,0.0,6.0,6.0
iter03_quick,bstar_2023,HP_Peak,Linear,size_peak,both,direct,none,n_pred_nan,p0.2|n10,1,0.0,0.0,,0.0,0.0,9.0,6.0
iter03_quick,bstar_2023,HP_Peak,Linear,size_peak,both,direct,none,n_pred_nan,p0.3|n10,1,0.0,0.0,,0.0,0.0,12.0,6.0
iter03_quick,bstar_2023,HP_Peak,Linear,size_peak,both,direct,none,n_pred_nan,p0.5|n10,1,0.0,0.0,,0.0,0.0,11.0,3.0
iter03_quick,bstar_2023,HP_Peak,Linear,size_peak,both,direct,none,n_pred_nan,p1.0|n10,1,0.0,0.0,,0.0,0.0,16.0,3.0
iter03_quick,bstar_2023,HP_Peak,Linear,size_peak,netfit,direct,log,wape,all,1,31.1619888873516,31.1619888873516,,31.1619888873516,31.1619888873516,20.0,30.0
iter03_quick,bstar_2023,HP_Peak,Linear,size_peak,netfit,direct,log,wape,p0.05|n10,1,41.33193119306368,41.33193119306368,,41.33193119306368,41.33193119306368,5.0,6.0
iter03_quick,bstar_2023,HP_Peak,Linear,size_peak,netfit,direct,log,wape,p0.1|n10,1,29.581338313016253,29.581338313016253,,29.581338313016253,29.581338313016253,6.0,6.0
iter03_quick,bstar_2023,HP_Peak,Linear,size_peak,netfit,direct,log,wape,p0.2|n10,1,27.825587709277123,27.825587709277123,,27.825587709277123,27.825587709277123,9.0,6.0
iter03_quick,bstar_2023,HP_Peak,Linear,size_peak,netfit,direct,log,wape,p0.3|n10,1,25.723147538613343,25.723147538613343,,25.723147538613343,25.723147538613343,12.0,6.0
iter03_quick,bstar_2023,HP_Peak,Linear,size_peak,netfit,direct,log,wape,p0.5|n10,1,29.753052696268806,29.753052696268806,,29.753052696268806,29.753052696268806,11.0,3.0
iter03_quick,bstar_2023,HP_Peak,Linear,size_peak,netfit,direct,log,wape,p1.0|n10,1,34.69583103310542,34.69583103310542,,34.69583103310542,34.69583103310542,16.0,3.0
iter03_quick,bstar_2023,HP_Peak,Linear,size_peak,netfit,direct,log,mape,all,1,30.79225741454545,30.79225741454545,,30.79225741454545,30.79225741454545,20.0,30.0
iter03_quick,bstar_2023,HP_Peak,Linear,size_peak,netfit,direct,log,mape,p0.05|n10,1,37.93564039192729,37.93564039192729,,37.93564039192729,37.93564039192729,5.0,6.0
iter03_quick,bstar_2023,HP_Peak,Linear,size_peak,netfit,direct,log,mape,p0.1|n10,1,30.74504204945972,30.74504204945972,,30.74504204945972,30.74504204945972,6.0,6.0
iter03_quick,bstar_2023,HP_Peak,Linear,size_peak,netfit,direct,log,mape,p0.2|n10,1,27.3659571321888,27.3659571321888,,27.3659571321888,27.3659571321888,9.0,6.0
iter03_quick,bstar_2023,HP_Peak,Linear,size_peak,netfit,direct,log,mape,p0.3|n10,1,26.473059698711115,26.473059698711115,,26.473059698711115,26.473059698711115,12.0,6.0
iter03_quick,bstar_2023,HP_Peak,Linear,size_peak,netfit,direct,log,mape,p0.5|n10,1,28.63674233352833,28.63674233352833,,28.63674233352833,28.63674233352833,11.0,3.0
iter03_quick,bstar_2023,HP_Peak,Linear,size_peak,netfit,direct,log,mape,p1.0|n10,1,34.24643326735226,34.24643326735226,,34.24643326735226,34.24643326735226,16.0,3.0
iter03_quick,bstar_2023,HP_Peak,Linear,size_peak,netfit,direct,log,r2,all,1,0.6706577040189188,0.6706577040189188,,0.6706577040189188,0.6706577040189188,20.0,30.0
iter03_quick,bstar_2023,HP_Peak,Linear,size_peak,netfit,direct,log,r2,p0.05|n10,1,-2.0520348495167133,-2.0520348495167133,,-2.0520348495167133,-2.0520348495167133,5.0,6.0
iter03_quick,bstar_2023,HP_Peak,Linear,size_peak,netfit,direct,log,r2,p0.1|n10,1,-0.6492590831689429,-0.6492590831689429,,-0.6492590831689429,-0.6492590831689429,6.0,6.0
iter03_quick,bstar_2023,HP_Peak,Linear,size_peak,netfit,direct,log,r2,p0.2|n10,1,-0.3418888846860031,-0.3418888846860031,,-0.3418888846860031,-0.3418888846860031,9.0,6.0
iter03_quick,bstar_2023,HP_Peak,Linear,size_peak,netfit,direct,log,r2,p0.3|n10,1,-1.3873500643608674,-1.3873500643608674,,-1.3873500643608674,-1.3873500643608674,12.0,6.0
iter03_quick,bstar_2023,HP_Peak,Linear,size_peak,netfit,direct,log,r2,p0.5|n10,1,-3.4584538331401395,-3.4584538331401395,,-3.4584538331401395,-3.4584538331401395,11.0,3.0
iter03_quick,bstar_2023,HP_Peak,Linear,size_peak,netfit,direct,log,r2,p1.0|n10,1,-25.82216337444025,-25.82216337444025,,-25.82216337444025,-25.82216337444025,16.0,3.0
iter03_quick,bstar_2023,HP_Peak,Linear,size_peak,netfit,direct,log,rmse,all,1,13.109962517679058,13.109962517679058,,13.109962517679058,13.109962517679058,20.0,30.0
iter03_quick,bstar_2023,HP_Peak,Linear,size_peak,netfit,direct,log,rmse,p0.05|n10,1,3.091019580492614,3.091019580492614,,3.091019580492614,3.091019580492614,5.0,6.0
iter03_quick,bstar_2023,HP_Peak,Linear,size_peak,netfit,direct,log,rmse,p0.1|n10,1,2.2148661771369227,2.2148661771369227,,2.2148661771369227,2.2148661771369227,6.0,6.0
iter03_quick,bstar_2023,HP_Peak,Linear,size_peak,netfit,direct,log,rmse,p0.2|n10,1,5.2379193118366985,5.2379193118366985,,5.2379193118366985,5.2379193118366985,9.0,6.0
iter03_quick,bstar_2023,HP_Peak,Linear,size_peak,netfit,direct,log,rmse,p0.3|n10,1,6.409887754440919,6.409887754440919,,6.409887754440919,6.409887754440919,12.0,6.0
iter03_quick,bstar_2023,HP_Peak,Linear,size_peak,netfit,direct,log,rmse,p0.5|n10,1,15.378290119342797,15.378290119342797,,15.378290119342797,15.378290119342797,11.0,3.0
iter03_quick,bstar_2023,HP_Peak,Linear,size_peak,netfit,direct,log,rmse,p1.0|n10,1,36.28022019243968,36.28022019243968,,36.28022019243968,36.28022019243968,16.0,3.0
iter03_quick,bstar_2023,HP_Peak,Linear,size_peak,netfit,direct,log,mae,all,1,6.815358482466611,6.815358482466611,,6.815358482466611,6.815358482466611,20.0,30.0
iter03_quick,bstar_2023,HP_Peak,Linear,size_peak,netfit,direct,log,mae,p0.05|n10,1,2.516080209192921,2.516080209192921,,2.516080209192921,2.516080209192921,5.0,6.0
iter03_quick,bstar_2023,HP_Peak,Linear,size_peak,netfit,direct,log,mae,p0.1|n10,1,1.7767036924745905,1.7767036924745905,,1.7767036924745905,1.7767036924745905,6.0,6.0
iter03_quick,bstar_2023,HP_Peak,Linear,size_peak,netfit,direct,log,mae,p0.2|n10,1,3.747882390202713,3.747882390202713,,3.747882390202713,3.747882390202713,9.0,6.0
iter03_quick,bstar_2023,HP_Peak,Linear,size_peak,netfit,direct,log,mae,p0.3|n10,1,5.583351679493439,5.583351679493439,,5.583351679493439,5.583351679493439,12.0,6.0
iter03_quick,bstar_2023,HP_Peak,Linear,size_peak,netfit,direct,log,mae,p0.5|n10,1,13.10129895449792,13.10129895449792,,13.10129895449792,13.10129895449792,11.0,3.0
iter03_quick,bstar_2023,HP_Peak,Linear,size_peak,netfit,direct,log,mae,p1.0|n10,1,27.804249927440868,27.804249927440868,,27.804249927440868,27.804249927440868,16.0,3.0
iter03_quick,bstar_2023,HP_Peak,Linear,size_peak,netfit,direct,log,mape_n_excluded,all,1,0.0,0.0,,0.0,0.0,20.0,30.0
iter03_quick,bstar_2023,HP_Peak,Linear,size_peak,netfit,direct,log,mape_n_excluded,p0.05|n10,1,0.0,0.0,,0.0,0.0,5.0,6.0
iter03_quick,bstar_2023,HP_Peak,Linear,size_peak,netfit,direct,log,mape_n_excluded,p0.1|n10,1,0.0,0.0,,0.0,0.0,6.0,6.0
iter03_quick,bstar_2023,HP_Peak,Linear,size_peak,netfit,direct,log,mape_n_excluded,p0.2|n10,1,0.0,0.0,,0.0,0.0,9.0,6.0
iter03_quick,bstar_2023,HP_Peak,Linear,size_peak,netfit,direct,log,mape_n_excluded,p0.3|n10,1,0.0,0.0,,0.0,0.0,12.0,6.0
iter03_quick,bstar_2023,HP_Peak,Linear,size_peak,netfit,direct,log,mape_n_excluded,p0.5|n10,1,0.0,0.0,,0.0,0.0,11.0,3.0
iter03_quick,bstar_2023,HP_Peak,Linear,size_peak,netfit,direct,log,mape_n_excluded,p1.0|n10,1,0.0,0.0,,0.0,0.0,16.0,3.0
iter03_quick,bstar_2023,HP_Peak,Linear,size_peak,netfit,direct,log,n_pred_nan,all,1,0.0,0.0,,0.0,0.0,20.0,30.0
iter03_quick,bstar_2023,HP_Peak,Linear,size_peak,netfit,direct,log,n_pred_nan,p0.05|n10,1,0.0,0.0,,0.0,0.0,5.0,6.0
iter03_quick,bstar_2023,HP_Peak,Linear,size_peak,netfit,direct,log,n_pred_nan,p0.1|n10,1,0.0,0.0,,0.0,0.0,6.0,6.0
iter03_quick,bstar_2023,HP_Peak,Linear,size_peak,netfit,direct,log,n_pred_nan,p0.2|n10,1,0.0,0.0,,0.0,0.0,9.0,6.0
iter03_quick,bstar_2023,HP_Peak,Linear,size_peak,netfit,direct,log,n_pred_nan,p0.3|n10,1,0.0,0.0,,0.0,0.0,12.0,6.0
iter03_quick,bstar_2023,HP_Peak,Linear,size_peak,netfit,direct,log,n_pred_nan,p0.5|n10,1,0.0,0.0,,0.0,0.0,11.0,3.0
iter03_quick,bstar_2023,HP_Peak,Linear,size_peak,netfit,direct,log,n_pred_nan,p1.0|n10,1,0.0,0.0,,0.0,0.0,16.0,3.0
iter03_quick,bstar_2023,HP_Peak,Linear,size_peak,netfit,direct,none,wape,all,1,35.68468158373987,35.68468158373987,,35.68468158373987,35.68468158373987,20.0,30.0
iter03_quick,bstar_2023,HP_Peak,Linear,size_peak,netfit,direct,none,wape,p0.05|n10,1,84.26046791464132,84.26046791464132,,84.26046791464132,84.26046791464132,5.0,6.0
iter03_quick,bstar_2023,HP_Peak,Linear,size_peak,netfit,direct,none,wape,p0.1|n10,1,48.65281398245521,48.65281398245521,,48.65281398245521,48.65281398245521,6.0,6.0
iter03_quick,bstar_2023,HP_Peak,Linear,size_peak,netfit,direct,none,wape,p0.2|n10,1,34.785592509123795,34.785592509123795,,34.785592509123795,34.785592509123795,9.0,6.0
iter03_quick,bstar_2023,HP_Peak,Linear,size_peak,netfit,direct,none,wape,p0.3|n10,1,27.08364785549024,27.08364785549024,,27.08364785549024,27.08364785549024,12.0,6.0
iter03_quick,bstar_2023,HP_Peak,Linear,size_peak,netfit,direct,none,wape,p0.5|n10,1,38.13596431122237,38.13596431122237,,38.13596431122237,38.13596431122237,11.0,3.0
iter03_quick,bstar_2023,HP_Peak,Linear,size_peak,netfit,direct,none,wape,p1.0|n10,1,29.97540128109301,29.97540128109301,,29.97540128109301,29.97540128109301,16.0,3.0
iter03_quick,bstar_2023,HP_Peak,Linear,size_peak,netfit,direct,none,mape,all,1,46.5469676675541,46.5469676675541,,46.5469676675541,46.5469676675541,20.0,30.0
iter03_quick,bstar_2023,HP_Peak,Linear,size_peak,netfit,direct,none,mape,p0.05|n10,1,80.86530702763022,80.86530702763022,,80.86530702763022,80.86530702763022,5.0,6.0
iter03_quick,bstar_2023,HP_Peak,Linear,size_peak,netfit,direct,none,mape,p0.1|n10,1,55.19567188664659,55.19567188664659,,55.19567188664659,55.19567188664659,6.0,6.0
iter03_quick,bstar_2023,HP_Peak,Linear,size_peak,netfit,direct,none,mape,p0.2|n10,1,35.61405201098544,35.61405201098544,,35.61405201098544,35.61405201098544,9.0,6.0
iter03_quick,bstar_2023,HP_Peak,Linear,size_peak,netfit,direct,none,mape,p0.3|n10,1,27.336018544650504,27.336018544650504,,27.336018544650504,27.336018544650504,12.0,6.0
iter03_quick,bstar_2023,HP_Peak,Linear,size_peak,netfit,direct,none,mape,p0.5|n10,1,36.64548341162157,36.64548341162157,,36.64548341162157,36.64548341162157,11.0,3.0
iter03_quick,bstar_2023,HP_Peak,Linear,size_peak,netfit,direct,none,mape,p1.0|n10,1,30.802094324094,30.802094324094,,30.802094324094,30.802094324094,16.0,3.0
iter03_quick,bstar_2023,HP_Peak,Linear,size_peak,netfit,direct,none,r2,all,1,0.7669368757755431,0.7669368757755431,,0.7669368757755431,0.7669368757755431,20.0,30.0
iter03_quick,bstar_2023,HP_Peak,Linear,size_peak,netfit,direct,none,r2,p0.05|n10,1,-9.75415225620611,-9.75415225620611,,-9.75415225620611,-9.75415225620611,5.0,6.0
iter03_quick,bstar_2023,HP_Peak,Linear,size_peak,netfit,direct,none,r2,p0.1|n10,1,-3.980498809957014,-3.980498809957014,,-3.980498809957014,-3.980498809957014,6.0,6.0
iter03_quick,bstar_2023,HP_Peak,Linear,size_peak,netfit,direct,none,r2,p0.2|n10,1,-0.2635953848839336,-0.2635953848839336,,-0.2635953848839336,-0.2635953848839336,9.0,6.0
iter03_quick,bstar_2023,HP_Peak,Linear,size_peak,netfit,direct,none,r2,p0.3|n10,1,-2.34331992252721,-2.34331992252721,,-2.34331992252721,-2.34331992252721,12.0,6.0
iter03_quick,bstar_2023,HP_Peak,Linear,size_peak,netfit,direct,none,r2,p0.5|n10,1,-5.397752257795044,-5.397752257795044,,-5.397752257795044,-5.397752257795044,11.0,3.0
iter03_quick,bstar_2023,HP_Peak,Linear,size_peak,netfit,direct,none,r2,p1.0|n10,1,-11.495566729941045,-11.495566729941045,,-11.495566729941045,-11.495566729941045,16.0,3.0
iter03_quick,bstar_2023,HP_Peak,Linear,size_peak,netfit,direct,none,rmse,all,1,11.028449974508236,11.028449974508236,,11.028449974508236,11.028449974508236,20.0,30.0
iter03_quick,bstar_2023,HP_Peak,Linear,size_peak,netfit,direct,none,rmse,p0.05|n10,1,5.802232167804932,5.802232167804932,,5.802232167804932,5.802232167804932,5.0,6.0
iter03_quick,bstar_2023,HP_Peak,Linear,size_peak,netfit,direct,none,rmse,p0.1|n10,1,3.8489251830152327,3.8489251830152327,,3.8489251830152327,3.8489251830152327,6.0,6.0
iter03_quick,bstar_2023,HP_Peak,Linear,size_peak,netfit,direct,none,rmse,p0.2|n10,1,5.082817795493991,5.082817795493991,,5.082817795493991,5.082817795493991,9.0,6.0
iter03_quick,bstar_2023,HP_Peak,Linear,size_peak,netfit,direct,none,rmse,p0.3|n10,1,7.585449822415826,7.585449822415826,,7.585449822415826,7.585449822415826,12.0,6.0
iter03_quick,bstar_2023,HP_Peak,Linear,size_peak,netfit,direct,none,rmse,p0.5|n10,1,18.42169646952486,18.42169646952486,,18.42169646952486,18.42169646952486,11.0,3.0
iter03_quick,bstar_2023,HP_Peak,Linear,size_peak,netfit,direct,none,rmse,p1.0|n10,1,24.762870788717667,24.762870788717667,,24.762870788717667,24.762870788717667,16.0,3.0
iter03_quick,bstar_2023,HP_Peak,Linear,size_peak,netfit,direct,none,mae,all,1,7.804504975758337,7.804504975758337,,7.804504975758337,7.804504975758337,20.0,30.0
iter03_quick,bstar_2023,HP_Peak,Linear,size_peak,netfit,direct,none,mae,p0.05|n10,1,5.129353737357982,5.129353737357982,,5.129353737357982,5.129353737357982,5.0,6.0
iter03_quick,bstar_2023,HP_Peak,Linear,size_peak,netfit,direct,none,mae,p0.1|n10,1,2.922167798401192,2.922167798401192,,2.922167798401192,2.922167798401192,6.0,6.0
iter03_quick,bstar_2023,HP_Peak,Linear,size_peak,netfit,direct,none,mae,p0.2|n10,1,4.685338939103379,4.685338939103379,,4.685338939103379,4.685338939103379,9.0,6.0
iter03_quick,bstar_2023,HP_Peak,Linear,size_peak,netfit,direct,none,mae,p0.3|n10,1,5.878655810443327,5.878655810443327,,5.878655810443327,5.878655810443327,12.0,6.0
iter03_quick,bstar_2023,HP_Peak,Linear,size_peak,netfit,direct,none,mae,p0.5|n10,1,16.792585099076035,16.792585099076035,,16.792585099076035,16.792585099076035,11.0,3.0
iter03_quick,bstar_2023,HP_Peak,Linear,size_peak,netfit,direct,none,mae,p1.0|n10,1,24.021432087895565,24.021432087895565,,24.021432087895565,24.021432087895565,16.0,3.0
iter03_quick,bstar_2023,HP_Peak,Linear,size_peak,netfit,direct,none,mape_n_excluded,all,1,0.0,0.0,,0.0,0.0,20.0,30.0
iter03_quick,bstar_2023,HP_Peak,Linear,size_peak,netfit,direct,none,mape_n_excluded,p0.05|n10,1,0.0,0.0,,0.0,0.0,5.0,6.0
iter03_quick,bstar_2023,HP_Peak,Linear,size_peak,netfit,direct,none,mape_n_excluded,p0.1|n10,1,0.0,0.0,,0.0,0.0,6.0,6.0
iter03_quick,bstar_2023,HP_Peak,Linear,size_peak,netfit,direct,none,mape_n_excluded,p0.2|n10,1,0.0,0.0,,0.0,0.0,9.0,6.0
iter03_quick,bstar_2023,HP_Peak,Linear,size_peak,netfit,direct,none,mape_n_excluded,p0.3|n10,1,0.0,0.0,,0.0,0.0,12.0,6.0
iter03_quick,bstar_2023,HP_Peak,Linear,size_peak,netfit,direct,none,mape_n_excluded,p0.5|n10,1,0.0,0.0,,0.0,0.0,11.0,3.0
iter03_quick,bstar_2023,HP_Peak,Linear,size_peak,netfit,direct,none,mape_n_excluded,p1.0|n10,1,0.0,0.0,,0.0,0.0,16.0,3.0
iter03_quick,bstar_2023,HP_Peak,Linear,size_peak,netfit,direct,none,n_pred_nan,all,1,0.0,0.0,,0.0,0.0,20.0,30.0
iter03_quick,bstar_2023,HP_Peak,Linear,size_peak,netfit,direct,none,n_pred_nan,p0.05|n10,1,0.0,0.0,,0.0,0.0,5.0,6.0
iter03_quick,bstar_2023,HP_Peak,Linear,size_peak,netfit,direct,none,n_pred_nan,p0.1|n10,1,0.0,0.0,,0.0,0.0,6.0,6.0
iter03_quick,bstar_2023,HP_Peak,Linear,size_peak,netfit,direct,none,n_pred_nan,p0.2|n10,1,0.0,0.0,,0.0,0.0,9.0,6.0
iter03_quick,bstar_2023,HP_Peak,Linear,size_peak,netfit,direct,none,n_pred_nan,p0.3|n10,1,0.0,0.0,,0.0,0.0,12.0,6.0
iter03_quick,bstar_2023,HP_Peak,Linear,size_peak,netfit,direct,none,n_pred_nan,p0.5|n10,1,0.0,0.0,,0.0,0.0,11.0,3.0
iter03_quick,bstar_2023,HP_Peak,Linear,size_peak,netfit,direct,none,n_pred_nan,p1.0|n10,1,0.0,0.0,,0.0,0.0,16.0,3.0
iter03_quick,bstar_2023,HP_Peak,Linear,size_peak,whdd,direct,log,wape,all,1,52.44055176885427,52.44055176885427,,52.44055176885427,52.44055176885427,20.0,30.0
iter03_quick,bstar_2023,HP_Peak,Linear,size_peak,whdd,direct,log,wape,p0.05|n10,1,177.83570953264964,177.83570953264964,,177.83570953264964,177.83570953264964,5.0,6.0
iter03_quick,bstar_2023,HP_Peak,Linear,size_peak,whdd,direct,log,wape,p0.1|n10,1,64.889608473471,64.889608473471,,64.889608473471,64.889608473471,6.0,6.0
iter03_quick,bstar_2023,HP_Peak,Linear,size_peak,whdd,direct,log,wape,p0.2|n10,1,50.91730290757065,50.91730290757065,,50.91730290757065,50.91730290757065,9.0,6.0
iter03_quick,bstar_2023,HP_Peak,Linear,size_peak,whdd,direct,log,wape,p0.3|n10,1,46.669258287692514,46.669258287692514,,46.669258287692514,46.669258287692514,12.0,6.0
iter03_quick,bstar_2023,HP_Peak,Linear,size_peak,whdd,direct,log,wape,p0.5|n10,1,55.0080859970127,55.0080859970127,,55.0080859970127,55.0080859970127,11.0,3.0
iter03_quick,bstar_2023,HP_Peak,Linear,size_peak,whdd,direct,log,wape,p1.0|n10,1,33.75118176271531,33.75118176271531,,33.75118176271531,33.75118176271531,16.0,3.0
iter03_quick,bstar_2023,HP_Peak,Linear,size_peak,whdd,direct,log,mape,all,1,73.66577316834493,73.66577316834493,,73.66577316834493,73.66577316834493,20.0,30.0
iter03_quick,bstar_2023,HP_Peak,Linear,size_peak,whdd,direct,log,mape,p0.05|n10,1,161.86689052655504,161.86689052655504,,161.86689052655504,161.86689052655504,5.0,6.0
iter03_quick,bstar_2023,HP_Peak,Linear,size_peak,whdd,direct,log,mape,p0.1|n10,1,66.24895705448456,66.24895705448456,,66.24895705448456,66.24895705448456,6.0,6.0
iter03_quick,bstar_2023,HP_Peak,Linear,size_peak,whdd,direct,log,mape,p0.2|n10,1,46.13229728644483,46.13229728644483,,46.13229728644483,46.13229728644483,9.0,6.0
iter03_quick,bstar_2023,HP_Peak,Linear,size_peak,whdd,direct,log,mape,p0.3|n10,1,49.44125285047197,49.44125285047197,,49.44125285047197,49.44125285047197,12.0,6.0
iter03_quick,bstar_2023,HP_Peak,Linear,size_peak,whdd,direct,log,mape,p0.5|n10,1,56.68713247554693,56.68713247554693,,56.68713247554693,56.68713247554693,11.0,3.0
iter03_quick,bstar_2023,HP_Peak,Linear,size_peak,whdd,direct,log,mape,p1.0|n10,1,32.591803771989575,32.591803771989575,,32.591803771989575,32.591803771989575,16.0,3.0
iter03_quick,bstar_2023,HP_Peak,Linear,size_peak,whdd,direct,log,r2,all,1,0.4901524844871125,0.4901524844871125,,0.4901524844871125,0.4901524844871125,20.0,30.0
iter03_quick,bstar_2023,HP_Peak,Linear,size_peak,whdd,direct,log,r2,p0.05|n10,1,-104.0597301822202,-104.0597301822202,,-104.0597301822202,-104.0597301822202,5.0,6.0
iter03_quick,bstar_2023,HP_Peak,Linear,size_peak,whdd,direct,log,r2,p0.1|n10,1,-5.993210939652012,-5.993210939652012,,-5.993210939652012,-5.993210939652012,6.0,6.0
iter03_quick,bstar_2023,HP_Peak,Linear,size_peak,whdd,direct,log,r2,p0.2|n10,1,-2.537283770770744,-2.537283770770744,,-2.537283770770744,-2.537283770770744,9.0,6.0
iter03_quick,bstar_2023,HP_Peak,Linear,size_peak,whdd,direct,log,r2,p0.3|n10,1,-7.052877237648232,-7.052877237648232,,-7.052877237648232,-7.052877237648232,12.0,6.0
iter03_quick,bstar_2023,HP_Peak,Linear,size_peak,whdd,direct,log,r2,p0.5|n10,1,-10.31308021337461,-10.31308021337461,,-10.31308021337461,-10.31308021337461,11.0,3.0
iter03_quick,bstar_2023,HP_Peak,Linear,size_peak,whdd,direct,log,r2,p1.0|n10,1,-18.142877709053923,-18.142877709053923,,-18.142877709053923,-18.142877709053923,16.0,3.0
iter03_quick,bstar_2023,HP_Peak,Linear,size_peak,whdd,direct,log,rmse,all,1,16.311648312722816,16.311648312722816,,16.311648312722816,16.311648312722816,20.0,30.0
iter03_quick,bstar_2023,HP_Peak,Linear,size_peak,whdd,direct,log,rmse,p0.05|n10,1,18.135317052483007,18.135317052483007,,18.135317052483007,18.135317052483007,5.0,6.0
iter03_quick,bstar_2023,HP_Peak,Linear,size_peak,whdd,direct,log,rmse,p0.1|n10,1,4.560803517964676,4.560803517964676,,4.560803517964676,4.560803517964676,6.0,6.0
iter03_quick,bstar_2023,HP_Peak,Linear,size_peak,whdd,direct,log,rmse,p0.2|n10,1,8.504239393062415,8.504239393062415,,8.504239393062415,8.504239393062415,9.0,6.0
iter03_quick,bstar_2023,HP_Peak,Linear,size_peak,whdd,direct,log,rmse,p0.3|n10,1,11.772478636085513,11.772478636085513,,11.772478636085513,11.772478636085513,12.0,6.0
iter03_quick,bstar_2023,HP_Peak,Linear,size_peak,whdd,direct,log,rmse,p0.5|n10,1,24.496630196130297,24.496630196130297,,24.496630196130297,24.496630196130297,11.0,3.0
iter03_quick,bstar_2023,HP_Peak,Linear,size_peak,whdd,direct,log,rmse,p1.0|n10,1,30.64972801483302,30.64972801483302,,30.64972801483302,30.64972801483302,16.0,3.0
iter03_quick,bstar_2023,HP_Peak,Linear,size_peak,whdd,direct,log,mae,all,1,11.469138270187775,11.469138270187775,,11.469138270187775,11.469138270187775,20.0,30.0
iter03_quick,bstar_2023,HP_Peak,Linear,size_peak,whdd,direct,log,mae,p0.05|n10,1,10.825744075514464,10.825744075514464,,10.825744075514464,10.825744075514464,5.0,6.0
iter03_quick,bstar_2023,HP_Peak,Linear,size_peak,whdd,direct,log,mae,p0.1|n10,1,3.8973763038745672,3.8973763038745672,,3.8973763038745672,3.8973763038745672,6.0,6.0
iter03_quick,bstar_2023,HP_Peak,Linear,size_peak,whdd,direct,log,mae,p0.2|n10,1,6.858150308188371,6.858150308188371,,6.858150308188371,6.858150308188371,9.0,6.0
iter03_quick,bstar_2023,HP_Peak,Linear,size_peak,whdd,direct,log,mae,p0.3|n10,1,10.12982105903466,10.12982105903466,,10.12982105903466,10.12982105903466,12.0,6.0
iter03_quick,bstar_2023,HP_Peak,Linear,size_peak,whdd,direct,log,mae,p0.5|n10,1,24.221964277701527,24.221964277701527,,24.221964277701527,24.221964277701527,11.0,3.0
iter03_quick,bstar_2023,HP_Peak,Linear,size_peak,whdd,direct,log,mae,p1.0|n10,1,27.0472349309521,27.0472349309521,,27.0472349309521,27.0472349309521,16.0,3.0
iter03_quick,bstar_2023,HP_Peak,Linear,size_peak,whdd,direct,log,mape_n_excluded,all,1,0.0,0.0,,0.0,0.0,20.0,30.0
iter03_quick,bstar_2023,HP_Peak,Linear,size_peak,whdd,direct,log,mape_n_excluded,p0.05|n10,1,0.0,0.0,,0.0,0.0,5.0,6.0
iter03_quick,bstar_2023,HP_Peak,Linear,size_peak,whdd,direct,log,mape_n_excluded,p0.1|n10,1,0.0,0.0,,0.0,0.0,6.0,6.0
iter03_quick,bstar_2023,HP_Peak,Linear,size_peak,whdd,direct,log,mape_n_excluded,p0.2|n10,1,0.0,0.0,,0.0,0.0,9.0,6.0
iter03_quick,bstar_2023,HP_Peak,Linear,size_peak,whdd,direct,log,mape_n_excluded,p0.3|n10,1,0.0,0.0,,0.0,0.0,12.0,6.0
iter03_quick,bstar_2023,HP_Peak,Linear,size_peak,whdd,direct,log,mape_n_excluded,p0.5|n10,1,0.0,0.0,,0.0,0.0,11.0,3.0
iter03_quick,bstar_2023,HP_Peak,Linear,size_peak,whdd,direct,log,mape_n_excluded,p1.0|n10,1,0.0,0.0,,0.0,0.0,16.0,3.0
iter03_quick,bstar_2023,HP_Peak,Linear,size_peak,whdd,direct,log,n_pred_nan,all,1,0.0,0.0,,0.0,0.0,20.0,30.0
iter03_quick,bstar_2023,HP_Peak,Linear,size_peak,whdd,direct,log,n_pred_nan,p0.05|n10,1,0.0,0.0,,0.0,0.0,5.0,6.0
iter03_quick,bstar_2023,HP_Peak,Linear,size_peak,whdd,direct,log,n_pred_nan,p0.1|n10,1,0.0,0.0,,0.0,0.0,6.0,6.0
iter03_quick,bstar_2023,HP_Peak,Linear,size_peak,whdd,direct,log,n_pred_nan,p0.2|n10,1,0.0,0.0,,0.0,0.0,9.0,6.0
iter03_quick,bstar_2023,HP_Peak,Linear,size_peak,whdd,direct,log,n_pred_nan,p0.3|n10,1,0.0,0.0,,0.0,0.0,12.0,6.0
iter03_quick,bstar_2023,HP_Peak,Linear,size_peak,whdd,direct,log,n_pred_nan,p0.5|n10,1,0.0,0.0,,0.0,0.0,11.0,3.0
iter03_quick,bstar_2023,HP_Peak,Linear,size_peak,whdd,direct,log,n_pred_nan,p1.0|n10,1,0.0,0.0,,0.0,0.0,16.0,3.0
iter03_quick,bstar_2023,HP_Peak,Linear,size_peak,whdd,direct,none,wape,all,1,38.35095357503037,38.35095357503037,,38.35095357503037,38.35095357503037,20.0,30.0
iter03_quick,bstar_2023,HP_Peak,Linear,size_peak,whdd,direct,none,wape,p0.05|n10,1,69.14849048939574,69.14849048939574,,69.14849048939574,69.14849048939574,5.0,6.0
iter03_quick,bstar_2023,HP_Peak,Linear,size_peak,whdd,direct,none,wape,p0.1|n10,1,101.43218287688092,101.43218287688092,,101.43218287688092,101.43218287688092,6.0,6.0
iter03_quick,bstar_2023,HP_Peak,Linear,size_peak,whdd,direct,none,wape,p0.2|n10,1,43.85398595521804,43.85398595521804,,43.85398595521804,43.85398595521804,9.0,6.0
iter03_quick,bstar_2023,HP_Peak,Linear,size_peak,whdd,direct,none,wape,p0.3|n10,1,26.59035611103613,26.59035611103613,,26.59035611103613,26.59035611103613,12.0,6.0
iter03_quick,bstar_2023,HP_Peak,Linear,size_peak,whdd,direct,none,wape,p0.5|n10,1,33.13189428968186,33.13189428968186,,33.13189428968186,33.13189428968186,11.0,3.0
iter03_quick,bstar_2023,HP_Peak,Linear,size_peak,whdd,direct,none,wape,p1.0|n10,1,31.60500268040145,31.60500268040145,,31.60500268040145,31.60500268040145,16.0,3.0
iter03_quick,bstar_2023,HP_Peak,Linear,size_peak,whdd,direct,none,mape,all,1,55.87870942088545,55.87870942088545,,55.87870942088545,55.87870942088545,20.0,30.0
iter03_quick,bstar_2023,HP_Peak,Linear,size_peak,whdd,direct,none,mape,p0.05|n10,1,69.5355720108151,69.5355720108151,,69.5355720108151,69.5355720108151,5.0,6.0
iter03_quick,bstar_2023,HP_Peak,Linear,size_peak,whdd,direct,none,mape,p0.1|n10,1,104.04549471293694,104.04549471293694,,104.04549471293694,104.04549471293694,6.0,6.0
iter03_quick,bstar_2023,HP_Peak,Linear,size_peak,whdd,direct,none,mape,p0.2|n10,1,45.61571147474914,45.61571147474914,,45.61571147474914,45.61571147474914,9.0,6.0
iter03_quick,bstar_2023,HP_Peak,Linear,size_peak,whdd,direct,none,mape,p0.3|n10,1,27.86134559346405,27.86134559346405,,27.86134559346405,27.86134559346405,12.0,6.0
iter03_quick,bstar_2023,HP_Peak,Linear,size_peak,whdd,direct,none,mape,p0.5|n10,1,33.6270647893699,33.6270647893699,,33.6270647893699,33.6270647893699,11.0,3.0
iter03_quick,bstar_2023,HP_Peak,Linear,size_peak,whdd,direct,none,mape,p1.0|n10,1,31.043781835554142,31.043781835554142,,31.043781835554142,31.043781835554142,16.0,3.0
iter03_quick,bstar_2023,HP_Peak,Linear,size_peak,whdd,direct,none,r2,all,1,0.7604425768689903,0.7604425768689903,,0.7604425768689903,0.7604425768689903,20.0,30.0
iter03_quick,bstar_2023,HP_Peak,Linear,size_peak,whdd,direct,none,r2,p0.05|n10,1,-5.788502714566239,-5.788502714566239,,-5.788502714566239,-5.788502714566239,5.0,6.0
iter03_quick,bstar_2023,HP_Peak,Linear,size_peak,whdd,direct,none,r2,p0.1|n10,1,-12.815383811770774,-12.815383811770774,,-12.815383811770774,-12.815383811770774,6.0,6.0
iter03_quick,bstar_2023,HP_Peak,Linear,size_peak,whdd,direct,none,r2,p0.2|n10,1,-1.6040290486241688,-1.6040290486241688,,-1.6040290486241688,-1.6040290486241688,9.0,6.0
iter03_quick,bstar_2023,HP_Peak,Linear,size_peak,whdd,direct,none,r2,p0.3|n10,1,-1.1026523454448325,-1.1026523454448325,,-1.1026523454448325,-1.1026523454448325,12.0,6.0
iter03_quick,bstar_2023,HP_Peak,Linear,size_peak,whdd,direct,none,r2,p0.5|n10,1,-3.58344997430408,-3.58344997430408,,-3.58344997430408,-3.58344997430408,11.0,3.0
iter03_quick,bstar_2023,HP_Peak,Linear,size_peak,whdd,direct,none,r2,p1.0|n10,1,-13.335491973696591,-13.335491973696591,,-13.335491973696591,-13.335491973696591,16.0,3.0
iter03_quick,bstar_2023,HP_Peak,Linear,size_peak,whdd,direct,none,rmse,all,1,11.18104800305778,11.18104800305778,,11.18104800305778,11.18104800305778,20.0,30.0
iter03_quick,bstar_2023,HP_Peak,Linear,size_peak,whdd,direct,none,rmse,p0.05|n10,1,4.609926594621882,4.609926594621882,,4.609926594621882,4.609926594621882,5.0,6.0
iter03_quick,bstar_2023,HP_Peak,Linear,size_peak,whdd,direct,none,rmse,p0.1|n10,1,6.410391092031232,6.410391092031232,,6.410391092031232,6.410391092031232,6.0,6.0
iter03_quick,bstar_2023,HP_Peak,Linear,size_peak,whdd,direct,none,rmse,p0.2|n10,1,7.296648717900166,7.296648717900166,,7.296648717900166,7.296648717900166,9.0,6.0
iter03_quick,bstar_2023,HP_Peak,Linear,size_peak,whdd,direct,none,rmse,p0.3|n10,1,6.015560621074179,6.015560621074179,,6.015560621074179,6.015560621074179,12.0,6.0
iter03_quick,bstar_2023,HP_Peak,Linear,size_peak,whdd,direct,none,rmse,p0.5|n10,1,15.592371035620362,15.592371035620362,,15.592371035620362,15.592371035620362,11.0,3.0
iter03_quick,bstar_2023,HP_Peak,Linear,size_peak,whdd,direct,none,rmse,p1.0|n10,1,26.52340723656512,26.52340723656512,,26.52340723656512,26.52340723656512,16.0,3.0
iter03_quick,bstar_2023,HP_Peak,Linear,size_peak,whdd,direct,none,mae,all,1,8.387638468876956,8.387638468876956,,8.387638468876956,8.387638468876956,20.0,30.0
iter03_quick,bstar_2023,HP_Peak,Linear,size_peak,whdd,direct,none,mae,p0.05|n10,1,4.209412514582222,4.209412514582222,,4.209412514582222,4.209412514582222,5.0,6.0
iter03_quick,bstar_2023,HP_Peak,Linear,size_peak,whdd,direct,none,mae,p0.1|n10,1,6.0921832523653885,6.0921832523653885,,6.0921832523653885,6.0921832523653885,6.0,6.0
iter03_quick,bstar_2023,HP_Peak,Linear,size_peak,whdd,direct,none,mae,p0.2|n10,1,5.906778445041105,5.906778445041105,,5.906778445041105,5.906778445041105,9.0,6.0
iter03_quick,bstar_2023,HP_Peak,Linear,size_peak,whdd,direct,none,mae,p0.3|n10,1,5.771584104473296,5.771584104473296,,5.771584104473296,5.771584104473296,12.0,6.0
iter03_quick,bstar_2023,HP_Peak,Linear,size_peak,whdd,direct,none,mae,p0.5|n10,1,14.589119861048047,14.589119861048047,,14.589119861048047,14.589119861048047,11.0,3.0
iter03_quick,bstar_2023,HP_Peak,Linear,size_peak,whdd,direct,none,mae,p1.0|n10,1,25.32734819479748,25.32734819479748,,25.32734819479748,25.32734819479748,16.0,3.0
iter03_quick,bstar_2023,HP_Peak,Linear,size_peak,whdd,direct,none,mape_n_excluded,all,1,0.0,0.0,,0.0,0.0,20.0,30.0
iter03_quick,bstar_2023,HP_Peak,Linear,size_peak,whdd,direct,none,mape_n_excluded,p0.05|n10,1,0.0,0.0,,0.0,0.0,5.0,6.0
iter03_quick,bstar_2023,HP_Peak,Linear,size_peak,whdd,direct,none,mape_n_excluded,p0.1|n10,1,0.0,0.0,,0.0,0.0,6.0,6.0
iter03_quick,bstar_2023,HP_Peak,Linear,size_peak,whdd,direct,none,mape_n_excluded,p0.2|n10,1,0.0,0.0,,0.0,0.0,9.0,6.0
iter03_quick,bstar_2023,HP_Peak,Linear,size_peak,whdd,direct,none,mape_n_excluded,p0.3|n10,1,0.0,0.0,,0.0,0.0,12.0,6.0
iter03_quick,bstar_2023,HP_Peak,Linear,size_peak,whdd,direct,none,mape_n_excluded,p0.5|n10,1,0.0,0.0,,0.0,0.0,11.0,3.0
iter03_quick,bstar_2023,HP_Peak,Linear,size_peak,whdd,direct,none,mape_n_excluded,p1.0|n10,1,0.0,0.0,,0.0,0.0,16.0,3.0
iter03_quick,bstar_2023,HP_Peak,Linear,size_peak,whdd,direct,none,n_pred_nan,all,1,0.0,0.0,,0.0,0.0,20.0,30.0
iter03_quick,bstar_2023,HP_Peak,Linear,size_peak,whdd,direct,none,n_pred_nan,p0.05|n10,1,0.0,0.0,,0.0,0.0,5.0,6.0
iter03_quick,bstar_2023,HP_Peak,Linear,size_peak,whdd,direct,none,n_pred_nan,p0.1|n10,1,0.0,0.0,,0.0,0.0,6.0,6.0
iter03_quick,bstar_2023,HP_Peak,Linear,size_peak,whdd,direct,none,n_pred_nan,p0.2|n10,1,0.0,0.0,,0.0,0.0,9.0,6.0
iter03_quick,bstar_2023,HP_Peak,Linear,size_peak,whdd,direct,none,n_pred_nan,p0.3|n10,1,0.0,0.0,,0.0,0.0,12.0,6.0
iter03_quick,bstar_2023,HP_Peak,Linear,size_peak,whdd,direct,none,n_pred_nan,p0.5|n10,1,0.0,0.0,,0.0,0.0,11.0,3.0
iter03_quick,bstar_2023,HP_Peak,Linear,size_peak,whdd,direct,none,n_pred_nan,p1.0|n10,1,0.0,0.0,,0.0,0.0,16.0,3.0
iter03_quick,bstar_2023,HP_Peak,Ridge,size_peak,both,direct,log,wape,all,1,41.040003619046026,41.040003619046026,,41.040003619046026,41.040003619046026,20.0,30.0
iter03_quick,bstar_2023,HP_Peak,Ridge,size_peak,both,direct,log,wape,p0.05|n10,1,28.48139074437683,28.48139074437683,,28.48139074437683,28.48139074437683,5.0,6.0
iter03_quick,bstar_2023,HP_Peak,Ridge,size_peak,both,direct,log,wape,p0.1|n10,1,29.226115954021253,29.226115954021253,,29.226115954021253,29.226115954021253,6.0,6.0
iter03_quick,bstar_2023,HP_Peak,Ridge,size_peak,both,direct,log,wape,p0.2|n10,1,34.408795671760174,34.408795671760174,,34.408795671760174,34.408795671760174,9.0,6.0
iter03_quick,bstar_2023,HP_Peak,Ridge,size_peak,both,direct,log,wape,p0.3|n10,1,48.44695231769299,48.44695231769299,,48.44695231769299,48.44695231769299,12.0,6.0
iter03_quick,bstar_2023,HP_Peak,Ridge,size_peak,both,direct,log,wape,p0.5|n10,1,51.68612487063204,51.68612487063204,,51.68612487063204,51.68612487063204,11.0,3.0
iter03_quick,bstar_2023,HP_Peak,Ridge,size_peak,both,direct,log,wape,p1.0|n10,1,37.08575730413028,37.08575730413028,,37.08575730413028,37.08575730413028,16.0,3.0
iter03_quick,bstar_2023,HP_Peak,Ridge,size_peak,both,direct,log,mape,all,1,35.236909342893576,35.236909342893576,,35.236909342893576,35.236909342893576,20.0,30.0
iter03_quick,bstar_2023,HP_Peak,Ridge,size_peak,both,direct,log,mape,p0.05|n10,1,24.26834489668859,24.26834489668859,,24.26834489668859,24.26834489668859,5.0,6.0
iter03_quick,bstar_2023,HP_Peak,Ridge,size_peak,both,direct,log,mape,p0.1|n10,1,26.597507239453687,26.597507239453687,,26.597507239453687,26.597507239453687,6.0,6.0
iter03_quick,bstar_2023,HP_Peak,Ridge,size_peak,both,direct,log,mape,p0.2|n10,1,32.05224243200522,32.05224243200522,,32.05224243200522,32.05224243200522,9.0,6.0
iter03_quick,bstar_2023,HP_Peak,Ridge,size_peak,both,direct,log,mape,p0.3|n10,1,48.94805787417795,48.94805787417795,,48.94805787417795,48.94805787417795,12.0,6.0
iter03_quick,bstar_2023,HP_Peak,Ridge,size_peak,both,direct,log,mape,p0.5|n10,1,51.126445452743965,51.126445452743965,,51.126445452743965,51.126445452743965,11.0,3.0
iter03_quick,bstar_2023,HP_Peak,Ridge,size_peak,both,direct,log,mape,p1.0|n10,1,37.510343091540925,37.510343091540925,,37.510343091540925,37.510343091540925,16.0,3.0
iter03_quick,bstar_2023,HP_Peak,Ridge,size_peak,both,direct,log,r2,all,1,0.6627659068126357,0.6627659068126357,,0.6627659068126357,0.6627659068126357,20.0,30.0
iter03_quick,bstar_2023,HP_Peak,Ridge,size_peak,both,direct,log,r2,p0.05|n10,1,-0.7895857003648401,-0.7895857003648401,,-0.7895857003648401,-0.7895857003648401,5.0,6.0
iter03_quick,bstar_2023,HP_Peak,Ridge,size_peak,both,direct,log,r2,p0.1|n10,1,-0.5788168391320176,-0.5788168391320176,,-0.5788168391320176,-0.5788168391320176,6.0,6.0
iter03_quick,bstar_2023,HP_Peak,Ridge,size_peak,both,direct,log,r2,p0.2|n10,1,-0.6341802540742227,-0.6341802540742227,,-0.6341802540742227,-0.6341802540742227,9.0,6.0
iter03_quick,bstar_2023,HP_Peak,Ridge,size_peak,both,direct,log,r2,p0.3|n10,1,-5.88344532559859,-5.88344532559859,,-5.88344532559859,-5.88344532559859,12.0,6.0
iter03_quick,bstar_2023,HP_Peak,Ridge,size_peak,both,direct,log,r2,p0.5|n10,1,-9.35307606614636,-9.35307606614636,,-9.35307606614636,-9.35307606614636,11.0,3.0
iter03_quick,bstar_2023,HP_Peak,Ridge,size_peak,both,direct,log,r2,p1.0|n10,1,-17.062368725194027,-17.062368725194027,,-17.062368725194027,-17.062368725194027,16.0,3.0
iter03_quick,bstar_2023,HP_Peak,Ridge,size_peak,both,direct,log,rmse,all,1,13.266105065302028,13.266105065302028,,13.266105065302028,13.266105065302028,20.0,30.0
iter03_quick,bstar_2023,HP_Peak,Ridge,size_peak,both,direct,log,rmse,p0.05|n10,1,2.3669182728856195,2.3669182728856195,,2.3669182728856195,2.3669182728856195,5.0,6.0
iter03_quick,bstar_2023,HP_Peak,Ridge,size_peak,both,direct,log,rmse,p0.1|n10,1,2.1670499595899666,2.1670499595899666,,2.1670499595899666,2.1670499595899666,6.0,6.0
iter03_quick,bstar_2023,HP_Peak,Ridge,size_peak,both,direct,log,rmse,p0.2|n10,1,5.780301683230047,5.780301683230047,,5.780301683230047,5.780301683230047,9.0,6.0
iter03_quick,bstar_2023,HP_Peak,Ridge,size_peak,both,direct,log,rmse,p0.3|n10,1,10.884169722269768,10.884169722269768,,10.884169722269768,10.884169722269768,12.0,6.0
iter03_quick,bstar_2023,HP_Peak,Ridge,size_peak,both,direct,log,rmse,p0.5|n10,1,23.434226073364982,23.434226073364982,,23.434226073364982,23.434226073364982,11.0,3.0
iter03_quick,bstar_2023,HP_Peak,Ridge,size_peak,both,direct,log,rmse,p1.0|n10,1,29.7721613746522,29.7721613746522,,29.7721613746522,29.7721613746522,16.0,3.0
iter03_quick,bstar_2023,HP_Peak,Ridge,size_peak,both,direct,log,mae,all,1,8.97575369135231,8.97575369135231,,8.97575369135231,8.97575369135231,20.0,30.0
iter03_quick,bstar_2023,HP_Peak,Ridge,size_peak,both,direct,log,mae,p0.05|n10,1,1.7338039020601874,1.7338039020601874,,1.7338039020601874,1.7338039020601874,5.0,6.0
iter03_quick,bstar_2023,HP_Peak,Ridge,size_peak,both,direct,log,mae,p0.1|n10,1,1.755368455028682,1.755368455028682,,1.755368455028682,1.755368455028682,6.0,6.0
iter03_quick,bstar_2023,HP_Peak,Ridge,size_peak,both,direct,log,mae,p0.2|n10,1,4.634587442093008,4.634587442093008,,4.634587442093008,4.634587442093008,9.0,6.0
iter03_quick,bstar_2023,HP_Peak,Ridge,size_peak,both,direct,log,mae,p0.3|n10,1,10.515679396671194,10.515679396671194,,10.515679396671194,10.515679396671194,12.0,6.0
iter03_quick,bstar_2023,HP_Peak,Ridge,size_peak,both,direct,log,mae,p0.5|n10,1,22.759189809608326,22.759189809608326,,22.759189809608326,22.759189809608326,11.0,3.0
iter03_quick,bstar_2023,HP_Peak,Ridge,size_peak,both,direct,log,mae,p1.0|n10,1,29.719468712208634,29.719468712208634,,29.719468712208634,29.719468712208634,16.0,3.0
iter03_quick,bstar_2023,HP_Peak,Ridge,size_peak,both,direct,log,mape_n_excluded,all,1,0.0,0.0,,0.0,0.0,20.0,30.0
iter03_quick,bstar_2023,HP_Peak,Ridge,size_peak,both,direct,log,mape_n_excluded,p0.05|n10,1,0.0,0.0,,0.0,0.0,5.0,6.0
iter03_quick,bstar_2023,HP_Peak,Ridge,size_peak,both,direct,log,mape_n_excluded,p0.1|n10,1,0.0,0.0,,0.0,0.0,6.0,6.0
iter03_quick,bstar_2023,HP_Peak,Ridge,size_peak,both,direct,log,mape_n_excluded,p0.2|n10,1,0.0,0.0,,0.0,0.0,9.0,6.0
iter03_quick,bstar_2023,HP_Peak,Ridge,size_peak,both,direct,log,mape_n_excluded,p0.3|n10,1,0.0,0.0,,0.0,0.0,12.0,6.0
iter03_quick,bstar_2023,HP_Peak,Ridge,size_peak,both,direct,log,mape_n_excluded,p0.5|n10,1,0.0,0.0,,0.0,0.0,11.0,3.0
iter03_quick,bstar_2023,HP_Peak,Ridge,size_peak,both,direct,log,mape_n_excluded,p1.0|n10,1,0.0,0.0,,0.0,0.0,16.0,3.0
iter03_quick,bstar_2023,HP_Peak,Ridge,size_peak,both,direct,log,n_pred_nan,all,1,0.0,0.0,,0.0,0.0,20.0,30.0
iter03_quick,bstar_2023,HP_Peak,Ridge,size_peak,both,direct,log,n_pred_nan,p0.05|n10,1,0.0,0.0,,0.0,0.0,5.0,6.0
iter03_quick,bstar_2023,HP_Peak,Ridge,size_peak,both,direct,log,n_pred_nan,p0.1|n10,1,0.0,0.0,,0.0,0.0,6.0,6.0
iter03_quick,bstar_2023,HP_Peak,Ridge,size_peak,both,direct,log,n_pred_nan,p0.2|n10,1,0.0,0.0,,0.0,0.0,9.0,6.0
iter03_quick,bstar_2023,HP_Peak,Ridge,size_peak,both,direct,log,n_pred_nan,p0.3|n10,1,0.0,0.0,,0.0,0.0,12.0,6.0
iter03_quick,bstar_2023,HP_Peak,Ridge,size_peak,both,direct,log,n_pred_nan,p0.5|n10,1,0.0,0.0,,0.0,0.0,11.0,3.0
iter03_quick,bstar_2023,HP_Peak,Ridge,size_peak,both,direct,log,n_pred_nan,p1.0|n10,1,0.0,0.0,,0.0,0.0,16.0,3.0
iter03_quick,bstar_2023,HP_Peak,Ridge,size_peak,both,direct,none,wape,all,1,29.13171489058552,29.13171489058552,,29.13171489058552,29.13171489058552,20.0,30.0
iter03_quick,bstar_2023,HP_Peak,Ridge,size_peak,both,direct,none,wape,p0.05|n10,1,57.633792331264125,57.633792331264125,,57.633792331264125,57.633792331264125,5.0,6.0
iter03_quick,bstar_2023,HP_Peak,Ridge,size_peak,both,direct,none,wape,p0.1|n10,1,40.5774892504202,40.5774892504202,,40.5774892504202,40.5774892504202,6.0,6.0
iter03_quick,bstar_2023,HP_Peak,Ridge,size_peak,both,direct,none,wape,p0.2|n10,1,32.158162298276004,32.158162298276004,,32.158162298276004,32.158162298276004,9.0,6.0
iter03_quick,bstar_2023,HP_Peak,Ridge,size_peak,both,direct,none,wape,p0.3|n10,1,25.80854139599269,25.80854139599269,,25.80854139599269,25.80854139599269,12.0,6.0
iter03_quick,bstar_2023,HP_Peak,Ridge,size_peak,both,direct,none,wape,p0.5|n10,1,22.12541758368801,22.12541758368801,,22.12541758368801,22.12541758368801,11.0,3.0
iter03_quick,bstar_2023,HP_Peak,Ridge,size_peak,both,direct,none,wape,p1.0|n10,1,27.71843169925617,27.71843169925617,,27.71843169925617,27.71843169925617,16.0,3.0
iter03_quick,bstar_2023,HP_Peak,Ridge,size_peak,both,direct,none,mape,all,1,38.219654759585374,38.219654759585374,,38.219654759585374,38.219654759585374,20.0,30.0
iter03_quick,bstar_2023,HP_Peak,Ridge,size_peak,both,direct,none,mape,p0.05|n10,1,63.73037588754157,63.73037588754157,,63.73037588754157,63.73037588754157,5.0,6.0
iter03_quick,bstar_2023,HP_Peak,Ridge,size_peak,both,direct,none,mape,p0.1|n10,1,42.045461120660256,42.045461120660256,,42.045461120660256,42.045461120660256,6.0,6.0
iter03_quick,bstar_2023,HP_Peak,Ridge,size_peak,both,direct,none,mape,p0.2|n10,1,32.55059702423333,32.55059702423333,,32.55059702423333,32.55059702423333,9.0,6.0
iter03_quick,bstar_2023,HP_Peak,Ridge,size_peak,both,direct,none,mape,p0.3|n10,1,27.97325417986282,27.97325417986282,,27.97325417986282,27.97325417986282,12.0,6.0
iter03_quick,bstar_2023,HP_Peak,Ridge,size_peak,both,direct,none,mape,p0.5|n10,1,21.72484501428237,21.72484501428237,,21.72484501428237,21.72484501428237,11.0,3.0
iter03_quick,bstar_2023,HP_Peak,Ridge,size_peak,both,direct,none,mape,p1.0|n10,1,27.87232615697545,27.87232615697545,,27.87232615697545,27.87232615697545,16.0,3.0
iter03_quick,bstar_2023,HP_Peak,Ridge,size_peak,both,direct,none,r2,all,1,0.8480050504886059,0.8480050504886059,,0.8480050504886059,0.8480050504886059,20.0,30.0
iter03_quick,bstar_2023,HP_Peak,Ridge,size_peak,both,direct,none,r2,p0.05|n10,1,-3.406217267344103,-3.406217267344103,,-3.406217267344103,-3.406217267344103,5.0,6.0
iter03_quick,bstar_2023,HP_Peak,Ridge,size_peak,both,direct,none,r2,p0.1|n10,1,-1.0836582938971873,-1.0836582938971873,,-1.0836582938971873,-1.0836582938971873,6.0,6.0
iter03_quick,bstar_2023,HP_Peak,Ridge,size_peak,both,direct,none,r2,p0.2|n10,1,-0.3411755945942998,-0.3411755945942998,,-0.3411755945942998,-0.3411755945942998,9.0,6.0
iter03_quick,bstar_2023,HP_Peak,Ridge,size_peak,both,direct,none,r2,p0.3|n10,1,-1.60288491325409,-1.60288491325409,,-1.60288491325409,-1.60288491325409,12.0,6.0
iter03_quick,bstar_2023,HP_Peak,Ridge,size_peak,both,direct,none,r2,p0.5|n10,1,-1.1125236767923623,-1.1125236767923623,,-1.1125236767923623,-1.1125236767923623,11.0,3.0
iter03_quick,bstar_2023,HP_Peak,Ridge,size_peak,both,direct,none,r2,p1.0|n10,1,-9.12219685367826,-9.12219685367826,,-9.12219685367826,-9.12219685367826,16.0,3.0
iter03_quick,bstar_2023,HP_Peak,Ridge,size_peak,both,direct,none,rmse,all,1,8.906196529916926,8.906196529916926,,8.906196529916926,8.906196529916926,20.0,30.0
iter03_quick,bstar_2023,HP_Peak,Ridge,size_peak,both,direct,none,rmse,p0.05|n10,1,3.713983466570072,3.713983466570072,,3.713983466570072,3.713983466570072,5.0,6.0
iter03_quick,bstar_2023,HP_Peak,Ridge,size_peak,both,direct,none,rmse,p0.1|n10,1,2.4895238909572126,2.4895238909572126,,2.4895238909572126,2.4895238909572126,6.0,6.0
iter03_quick,bstar_2023,HP_Peak,Ridge,size_peak,both,direct,none,rmse,p0.2|n10,1,5.236527001111256,5.236527001111256,,5.236527001111256,5.236527001111256,9.0,6.0
iter03_quick,bstar_2023,HP_Peak,Ridge,size_peak,both,direct,none,rmse,p0.3|n10,1,6.69298504815675,6.69298504815675,,6.69298504815675,6.69298504815675,12.0,6.0
iter03_quick,bstar_2023,HP_Peak,Ridge,size_peak,both,direct,none,rmse,p0.5|n10,1,10.585629888810317,10.585629888810317,,10.585629888810317,10.585629888810317,11.0,3.0
iter03_quick,bstar_2023,HP_Peak,Ridge,size_peak,both,direct,none,rmse,p1.0|n10,1,22.28745103390088,22.28745103390088,,22.28745103390088,22.28745103390088,16.0,3.0
iter03_quick,bstar_2023,HP_Peak,Ridge,size_peak,both,direct,none,mae,all,1,6.371322475791586,6.371322475791586,,6.371322475791586,6.371322475791586,20.0,30.0
iter03_quick,bstar_2023,HP_Peak,Ridge,size_peak,both,direct,none,mae,p0.05|n10,1,3.508455571264576,3.508455571264576,,3.508455571264576,3.508455571264576,5.0,6.0
iter03_quick,bstar_2023,HP_Peak,Ridge,size_peak,both,direct,none,mae,p0.1|n10,1,2.4371505514626093,2.4371505514626093,,2.4371505514626093,2.4371505514626093,6.0,6.0
iter03_quick,bstar_2023,HP_Peak,Ridge,size_peak,both,direct,none,mae,p0.2|n10,1,4.331445266789679,4.331445266789679,,4.331445266789679,4.331445266789679,9.0,6.0
iter03_quick,bstar_2023,HP_Peak,Ridge,size_peak,both,direct,none,mae,p0.3|n10,1,5.601886889319597,5.601886889319597,,5.601886889319597,5.601886889319597,12.0,6.0
iter03_quick,bstar_2023,HP_Peak,Ridge,size_peak,both,direct,none,mae,p0.5|n10,1,9.742587196551872,9.742587196551872,,9.742587196551872,9.742587196551872,11.0,3.0
iter03_quick,bstar_2023,HP_Peak,Ridge,size_peak,both,direct,none,mae,p1.0|n10,1,22.21276100369106,22.21276100369106,,22.21276100369106,22.21276100369106,16.0,3.0
iter03_quick,bstar_2023,HP_Peak,Ridge,size_peak,both,direct,none,mape_n_excluded,all,1,0.0,0.0,,0.0,0.0,20.0,30.0
iter03_quick,bstar_2023,HP_Peak,Ridge,size_peak,both,direct,none,mape_n_excluded,p0.05|n10,1,0.0,0.0,,0.0,0.0,5.0,6.0
iter03_quick,bstar_2023,HP_Peak,Ridge,size_peak,both,direct,none,mape_n_excluded,p0.1|n10,1,0.0,0.0,,0.0,0.0,6.0,6.0
iter03_quick,bstar_2023,HP_Peak,Ridge,size_peak,both,direct,none,mape_n_excluded,p0.2|n10,1,0.0,0.0,,0.0,0.0,9.0,6.0
iter03_quick,bstar_2023,HP_Peak,Ridge,size_peak,both,direct,none,mape_n_excluded,p0.3|n10,1,0.0,0.0,,0.0,0.0,12.0,6.0
iter03_quick,bstar_2023,HP_Peak,Ridge,size_peak,both,direct,none,mape_n_excluded,p0.5|n10,1,0.0,0.0,,0.0,0.0,11.0,3.0
iter03_quick,bstar_2023,HP_Peak,Ridge,size_peak,both,direct,none,mape_n_excluded,p1.0|n10,1,0.0,0.0,,0.0,0.0,16.0,3.0
iter03_quick,bstar_2023,HP_Peak,Ridge,size_peak,both,direct,none,n_pred_nan,all,1,0.0,0.0,,0.0,0.0,20.0,30.0
iter03_quick,bstar_2023,HP_Peak,Ridge,size_peak,both,direct,none,n_pred_nan,p0.05|n10,1,0.0,0.0,,0.0,0.0,5.0,6.0
iter03_quick,bstar_2023,HP_Peak,Ridge,size_peak,both,direct,none,n_pred_nan,p0.1|n10,1,0.0,0.0,,0.0,0.0,6.0,6.0
iter03_quick,bstar_2023,HP_Peak,Ridge,size_peak,both,direct,none,n_pred_nan,p0.2|n10,1,0.0,0.0,,0.0,0.0,9.0,6.0
iter03_quick,bstar_2023,HP_Peak,Ridge,size_peak,both,direct,none,n_pred_nan,p0.3|n10,1,0.0,0.0,,0.0,0.0,12.0,6.0
iter03_quick,bstar_2023,HP_Peak,Ridge,size_peak,both,direct,none,n_pred_nan,p0.5|n10,1,0.0,0.0,,0.0,0.0,11.0,3.0
iter03_quick,bstar_2023,HP_Peak,Ridge,size_peak,both,direct,none,n_pred_nan,p1.0|n10,1,0.0,0.0,,0.0,0.0,16.0,3.0
iter03_quick,bstar_2023,HP_Peak,Ridge,size_peak,both,residual,log,wape,all,1,27.313893361691967,27.313893361691967,,27.313893361691967,27.313893361691967,20.0,30.0
iter03_quick,bstar_2023,HP_Peak,Ridge,size_peak,both,residual,log,wape,p0.05|n10,1,36.3428345970361,36.3428345970361,,36.3428345970361,36.3428345970361,5.0,6.0
iter03_quick,bstar_2023,HP_Peak,Ridge,size_peak,both,residual,log,wape,p0.1|n10,1,28.1785951737942,28.1785951737942,,28.1785951737942,28.1785951737942,6.0,6.0
iter03_quick,bstar_2023,HP_Peak,Ridge,size_peak,both,residual,log,wape,p0.2|n10,1,33.2012840045632,33.2012840045632,,33.2012840045632,33.2012840045632,9.0,6.0
iter03_quick,bstar_2023,HP_Peak,Ridge,size_peak,both,residual,log,wape,p0.3|n10,1,16.33679039453332,16.33679039453332,,16.33679039453332,16.33679039453332,12.0,6.0
iter03_quick,bstar_2023,HP_Peak,Ridge,size_peak,both,residual,log,wape,p0.5|n10,1,23.602221649070582,23.602221649070582,,23.602221649070582,23.602221649070582,11.0,3.0
iter03_quick,bstar_2023,HP_Peak,Ridge,size_peak,both,residual,log,wape,p1.0|n10,1,31.819353708827663,31.819353708827663,,31.819353708827663,31.819353708827663,16.0,3.0
iter03_quick,bstar_2023,HP_Peak,Ridge,size_peak,both,residual,log,mape,all,1,27.504304730104582,27.504304730104582,,27.504304730104582,27.504304730104582,20.0,30.0
iter03_quick,bstar_2023,HP_Peak,Ridge,size_peak,both,residual,log,mape,p0.05|n10,1,31.311973340243743,31.311973340243743,,31.311973340243743,31.311973340243743,5.0,6.0
iter03_quick,bstar_2023,HP_Peak,Ridge,size_peak,both,residual,log,mape,p0.1|n10,1,27.83678621604783,27.83678621604783,,27.83678621604783,27.83678621604783,6.0,6.0
iter03_quick,bstar_2023,HP_Peak,Ridge,size_peak,both,residual,log,mape,p0.2|n10,1,34.29265902884664,34.29265902884664,,34.29265902884664,34.29265902884664,9.0,6.0
iter03_quick,bstar_2023,HP_Peak,Ridge,size_peak,both,residual,log,mape,p0.3|n10,1,16.693978941314928,16.693978941314928,,16.693978941314928,16.693978941314928,12.0,6.0
iter03_quick,bstar_2023,HP_Peak,Ridge,size_peak,both,residual,log,mape,p0.5|n10,1,22.55178744899392,22.55178744899392,,22.55178744899392,22.55178744899392,11.0,3.0
iter03_quick,bstar_2023,HP_Peak,Ridge,size_peak,both,residual,log,mape,p1.0|n10,1,32.220464799145624,32.220464799145624,,32.220464799145624,32.220464799145624,16.0,3.0
iter03_quick,bstar_2023,HP_Peak,Ridge,size_peak,both,residual,log,r2,all,1,0.8212503787245728,0.8212503787245728,,0.8212503787245728,0.8212503787245728,20.0,30.0
iter03_quick,bstar_2023,HP_Peak,Ridge,size_peak,both,residual,log,r2,p0.05|n10,1,-1.833447837352578,-1.833447837352578,,-1.833447837352578,-1.833447837352578,5.0,6.0
iter03_quick,bstar_2023,HP_Peak,Ridge,size_peak,both,residual,log,r2,p0.1|n10,1,-0.2603332973532575,-0.2603332973532575,,-0.2603332973532575,-0.2603332973532575,6.0,6.0
iter03_quick,bstar_2023,HP_Peak,Ridge,size_peak,both,residual,log,r2,p0.2|n10,1,-0.7181537429157179,-0.7181537429157179,,-0.7181537429157179,-0.7181537429157179,9.0,6.0
iter03_quick,bstar_2023,HP_Peak,Ridge,size_peak,both,residual,log,r2,p0.3|n10,1,-0.4739274003268732,-0.4739274003268732,,-0.4739274003268732,-0.4739274003268732,12.0,6.0
iter03_quick,bstar_2023,HP_Peak,Ridge,size_peak,both,residual,log,r2,p0.5|n10,1,-1.4926981267870487,-1.4926981267870487,,-1.4926981267870487,-1.4926981267870487,11.0,3.0
iter03_quick,bstar_2023,HP_Peak,Ridge,size_peak,both,residual,log,r2,p1.0|n10,1,-12.334641331078933,-12.334641331078933,,-12.334641331078933,-12.334641331078933,16.0,3.0
iter03_quick,bstar_2023,HP_Peak,Ridge,size_peak,both,residual,log,rmse,all,1,9.658290430662683,9.658290430662683,,9.658290430662683,9.658290430662683,20.0,30.0
iter03_quick,bstar_2023,HP_Peak,Ridge,size_peak,both,residual,log,rmse,p0.05|n10,1,2.9782738134039963,2.9782738134039963,,2.9782738134039963,2.9782738134039963,5.0,6.0
iter03_quick,bstar_2023,HP_Peak,Ridge,size_peak,both,residual,log,rmse,p0.1|n10,1,1.9361801081487025,1.9361801081487025,,1.9361801081487025,1.9361801081487025,6.0,6.0
iter03_quick,bstar_2023,HP_Peak,Ridge,size_peak,both,residual,log,rmse,p0.2|n10,1,5.926953739237808,5.926953739237808,,5.926953739237808,5.926953739237808,9.0,6.0
iter03_quick,bstar_2023,HP_Peak,Ridge,size_peak,both,residual,log,rmse,p0.3|n10,1,5.0365183194296055,5.0365183194296055,,5.0365183194296055,5.0365183194296055,12.0,6.0
iter03_quick,bstar_2023,HP_Peak,Ridge,size_peak,both,residual,log,rmse,p0.5|n10,1,11.49875330082692,11.49875330082692,,11.49875330082692,11.49875330082692,11.0,3.0
iter03_quick,bstar_2023,HP_Peak,Ridge,size_peak,both,residual,log,rmse,p1.0|n10,1,25.580774059855933,25.580774059855933,,25.580774059855933,25.580774059855933,16.0,3.0
iter03_quick,bstar_2023,HP_Peak,Ridge,size_peak,both,residual,log,mae,all,1,5.973751402220485,5.973751402220485,,5.973751402220485,5.973751402220485,20.0,30.0
iter03_quick,bstar_2023,HP_Peak,Ridge,size_peak,both,residual,log,mae,p0.05|n10,1,2.2123690869523176,2.2123690869523176,,2.2123690869523176,2.2123690869523176,5.0,6.0
iter03_quick,bstar_2023,HP_Peak,Ridge,size_peak,both,residual,log,mae,p0.1|n10,1,1.6924526390341654,1.6924526390341654,,1.6924526390341654,1.6924526390341654,6.0,6.0
iter03_quick,bstar_2023,HP_Peak,Ridge,size_peak,both,residual,log,mae,p0.2|n10,1,4.471945353065611,4.471945353065611,,4.471945353065611,4.471945353065611,9.0,6.0
iter03_quick,bstar_2023,HP_Peak,Ridge,size_peak,both,residual,log,mae,p0.3|n10,1,3.545990860952273,3.545990860952273,,3.545990860952273,3.545990860952273,12.0,6.0
iter03_quick,bstar_2023,HP_Peak,Ridge,size_peak,both,residual,log,mae,p0.5|n10,1,10.392875143651208,10.392875143651208,,10.392875143651208,10.392875143651208,11.0,3.0
iter03_quick,bstar_2023,HP_Peak,Ridge,size_peak,both,residual,log,mae,p1.0|n10,1,25.49912299854492,25.49912299854492,,25.49912299854492,25.49912299854492,16.0,3.0
iter03_quick,bstar_2023,HP_Peak,Ridge,size_peak,both,residual,log,mape_n_excluded,all,1,0.0,0.0,,0.0,0.0,20.0,30.0
iter03_quick,bstar_2023,HP_Peak,Ridge,size_peak,both,residual,log,mape_n_excluded,p0.05|n10,1,0.0,0.0,,0.0,0.0,5.0,6.0
iter03_quick,bstar_2023,HP_Peak,Ridge,size_peak,both,residual,log,mape_n_excluded,p0.1|n10,1,0.0,0.0,,0.0,0.0,6.0,6.0
iter03_quick,bstar_2023,HP_Peak,Ridge,size_peak,both,residual,log,mape_n_excluded,p0.2|n10,1,0.0,0.0,,0.0,0.0,9.0,6.0
iter03_quick,bstar_2023,HP_Peak,Ridge,size_peak,both,residual,log,mape_n_excluded,p0.3|n10,1,0.0,0.0,,0.0,0.0,12.0,6.0
iter03_quick,bstar_2023,HP_Peak,Ridge,size_peak,both,residual,log,mape_n_excluded,p0.5|n10,1,0.0,0.0,,0.0,0.0,11.0,3.0
iter03_quick,bstar_2023,HP_Peak,Ridge,size_peak,both,residual,log,mape_n_excluded,p1.0|n10,1,0.0,0.0,,0.0,0.0,16.0,3.0
iter03_quick,bstar_2023,HP_Peak,Ridge,size_peak,both,residual,log,n_invalid,all,1,0.0,0.0,,0.0,0.0,20.0,30.0
iter03_quick,bstar_2023,HP_Peak,Ridge,size_peak,both,residual,log,n_pred_nan,all,1,0.0,0.0,,0.0,0.0,20.0,30.0
iter03_quick,bstar_2023,HP_Peak,Ridge,size_peak,both,residual,log,n_pred_nan,p0.05|n10,1,0.0,0.0,,0.0,0.0,5.0,6.0
iter03_quick,bstar_2023,HP_Peak,Ridge,size_peak,both,residual,log,n_pred_nan,p0.1|n10,1,0.0,0.0,,0.0,0.0,6.0,6.0
iter03_quick,bstar_2023,HP_Peak,Ridge,size_peak,both,residual,log,n_pred_nan,p0.2|n10,1,0.0,0.0,,0.0,0.0,9.0,6.0
iter03_quick,bstar_2023,HP_Peak,Ridge,size_peak,both,residual,log,n_pred_nan,p0.3|n10,1,0.0,0.0,,0.0,0.0,12.0,6.0
iter03_quick,bstar_2023,HP_Peak,Ridge,size_peak,both,residual,log,n_pred_nan,p0.5|n10,1,0.0,0.0,,0.0,0.0,11.0,3.0
iter03_quick,bstar_2023,HP_Peak,Ridge,size_peak,both,residual,log,n_pred_nan,p1.0|n10,1,0.0,0.0,,0.0,0.0,16.0,3.0
iter03_quick,bstar_2023,HP_Peak,Ridge,size_peak,both,residual,log,n_resid_excluded_inner,all,1,0.0,0.0,,0.0,0.0,20.0,30.0
iter03_quick,bstar_2023,HP_Peak,Ridge,size_peak,both,residual,log,n_resid_excluded_train,all,1,0.0,0.0,,0.0,0.0,20.0,30.0
iter03_quick,bstar_2023,HP_Peak,Ridge,size_peak,netfit,direct,log,wape,all,1,27.18798988419898,27.18798988419898,,27.18798988419898,27.18798988419898,20.0,30.0
iter03_quick,bstar_2023,HP_Peak,Ridge,size_peak,netfit,direct,log,wape,p0.05|n10,1,42.09892468433711,42.09892468433711,,42.09892468433711,42.09892468433711,5.0,6.0
iter03_quick,bstar_2023,HP_Peak,Ridge,size_peak,netfit,direct,log,wape,p0.1|n10,1,29.04247623886245,29.04247623886245,,29.04247623886245,29.04247623886245,6.0,6.0
iter03_quick,bstar_2023,HP_Peak,Ridge,size_peak,netfit,direct,log,wape,p0.2|n10,1,28.84185330694861,28.84185330694861,,28.84185330694861,28.84185330694861,9.0,6.0
iter03_quick,bstar_2023,HP_Peak,Ridge,size_peak,netfit,direct,log,wape,p0.3|n10,1,30.55304047920449,30.55304047920449,,30.55304047920449,30.55304047920449,12.0,6.0
iter03_quick,bstar_2023,HP_Peak,Ridge,size_peak,netfit,direct,log,wape,p0.5|n10,1,20.320184074775465,20.320184074775465,,20.320184074775465,20.320184074775465,11.0,3.0
iter03_quick,bstar_2023,HP_Peak,Ridge,size_peak,netfit,direct,log,wape,p1.0|n10,1,26.039496599520245,26.039496599520245,,26.039496599520245,26.039496599520245,16.0,3.0
iter03_quick,bstar_2023,HP_Peak,Ridge,size_peak,netfit,direct,log,mape,all,1,30.549804576728107,30.549804576728107,,30.549804576728107,30.549804576728107,20.0,30.0
iter03_quick,bstar_2023,HP_Peak,Ridge,size_peak,netfit,direct,log,mape,p0.05|n10,1,41.01726258326961,41.01726258326961,,41.01726258326961,41.01726258326961,5.0,6.0
iter03_quick,bstar_2023,HP_Peak,Ridge,size_peak,netfit,direct,log,mape,p0.1|n10,1,30.57748233408317,30.57748233408317,,30.57748233408317,30.57748233408317,6.0,6.0
iter03_quick,bstar_2023,HP_Peak,Ridge,size_peak,netfit,direct,log,mape,p0.2|n10,1,27.724340288247102,27.724340288247102,,27.724340288247102,27.724340288247102,9.0,6.0
iter03_quick,bstar_2023,HP_Peak,Ridge,size_peak,netfit,direct,log,mape,p0.3|n10,1,30.19834382079127,30.19834382079127,,30.19834382079127,30.19834382079127,12.0,6.0
iter03_quick,bstar_2023,HP_Peak,Ridge,size_peak,netfit,direct,log,mape,p0.5|n10,1,21.12681385090136,21.12681385090136,,21.12681385090136,21.12681385090136,11.0,3.0
iter03_quick,bstar_2023,HP_Peak,Ridge,size_peak,netfit,direct,log,mape,p1.0|n10,1,25.336373863597483,25.336373863597483,,25.336373863597483,25.336373863597483,16.0,3.0
iter03_quick,bstar_2023,HP_Peak,Ridge,size_peak,netfit,direct,log,r2,all,1,0.8531433800623269,0.8531433800623269,,0.8531433800623269,0.8531433800623269,20.0,30.0
iter03_quick,bstar_2023,HP_Peak,Ridge,size_peak,netfit,direct,log,r2,p0.05|n10,1,-1.6257898762525906,-1.6257898762525906,,-1.6257898762525906,-1.6257898762525906,5.0,6.0
iter03_quick,bstar_2023,HP_Peak,Ridge,size_peak,netfit,direct,log,r2,p0.1|n10,1,-0.2605824294792911,-0.2605824294792911,,-0.2605824294792911,-0.2605824294792911,6.0,6.0
iter03_quick,bstar_2023,HP_Peak,Ridge,size_peak,netfit,direct,log,r2,p0.2|n10,1,-0.3226973257899674,-0.3226973257899674,,-0.3226973257899674,-0.3226973257899674,9.0,6.0
iter03_quick,bstar_2023,HP_Peak,Ridge,size_peak,netfit,direct,log,r2,p0.3|n10,1,-1.9821063253099416,-1.9821063253099416,,-1.9821063253099416,-1.9821063253099416,12.0,6.0
iter03_quick,bstar_2023,HP_Peak,Ridge,size_peak,netfit,direct,log,r2,p0.5|n10,1,-0.5535999519424746,-0.5535999519424746,,-0.5535999519424746,-0.5535999519424746,11.0,3.0
iter03_quick,bstar_2023,HP_Peak,Ridge,size_peak,netfit,direct,log,r2,p1.0|n10,1,-9.25625346219616,-9.25625346219616,,-9.25625346219616,-9.25625346219616,16.0,3.0
iter03_quick,bstar_2023,HP_Peak,Ridge,size_peak,netfit,direct,log,rmse,all,1,8.754361166281003,8.754361166281003,,8.754361166281003,8.754361166281003,20.0,30.0
iter03_quick,bstar_2023,HP_Peak,Ridge,size_peak,netfit,direct,log,rmse,p0.05|n10,1,2.867061420247726,2.867061420247726,,2.867061420247726,2.867061420247726,5.0,6.0
iter03_quick,bstar_2023,HP_Peak,Ridge,size_peak,netfit,direct,log,rmse,p0.1|n10,1,1.9363714626232071,1.9363714626232071,,1.9363714626232071,1.9363714626232071,6.0,6.0
iter03_quick,bstar_2023,HP_Peak,Ridge,size_peak,netfit,direct,log,rmse,p0.2|n10,1,5.200328326489681,5.200328326489681,,5.200328326489681,5.200328326489681,9.0,6.0
iter03_quick,bstar_2023,HP_Peak,Ridge,size_peak,netfit,direct,log,rmse,p0.3|n10,1,7.1639728894133095,7.1639728894133095,,7.1639728894133095,7.1639728894133095,12.0,6.0
iter03_quick,bstar_2023,HP_Peak,Ridge,size_peak,netfit,direct,log,rmse,p0.5|n10,1,9.077902468370516,9.077902468370516,,9.077902468370516,9.077902468370516,11.0,3.0
iter03_quick,bstar_2023,HP_Peak,Ridge,size_peak,netfit,direct,log,rmse,p1.0|n10,1,22.434551149668508,22.434551149668508,,22.434551149668508,22.434551149668508,16.0,3.0
iter03_quick,bstar_2023,HP_Peak,Ridge,size_peak,netfit,direct,log,mae,all,1,5.9462153763138685,5.9462153763138685,,5.9462153763138685,5.9462153763138685,20.0,30.0
iter03_quick,bstar_2023,HP_Peak,Ridge,size_peak,netfit,direct,log,mae,p0.05|n10,1,2.562770917521032,2.562770917521032,,2.562770917521032,2.562770917521032,5.0,6.0
iter03_quick,bstar_2023,HP_Peak,Ridge,size_peak,netfit,direct,log,mae,p0.1|n10,1,1.744338752567111,1.744338752567111,,1.744338752567111,1.744338752567111,6.0,6.0
iter03_quick,bstar_2023,HP_Peak,Ridge,size_peak,netfit,direct,log,mae,p0.2|n10,1,3.8847651751083454,3.8847651751083454,,3.8847651751083454,3.8847651751083454,9.0,6.0
iter03_quick,bstar_2023,HP_Peak,Ridge,size_peak,netfit,direct,log,mae,p0.3|n10,1,6.631706699855646,6.631706699855646,,6.631706699855646,6.631706699855646,12.0,6.0
iter03_quick,bstar_2023,HP_Peak,Ridge,size_peak,netfit,direct,log,mae,p0.5|n10,1,8.947680397428483,8.947680397428483,,8.947680397428483,8.947680397428483,11.0,3.0
iter03_quick,bstar_2023,HP_Peak,Ridge,size_peak,netfit,direct,log,mae,p1.0|n10,1,20.867310275605924,20.867310275605924,,20.867310275605924,20.867310275605924,16.0,3.0
iter03_quick,bstar_2023,HP_Peak,Ridge,size_peak,netfit,direct,log,mape_n_excluded,all,1,0.0,0.0,,0.0,0.0,20.0,30.0
iter03_quick,bstar_2023,HP_Peak,Ridge,size_peak,netfit,direct,log,mape_n_excluded,p0.05|n10,1,0.0,0.0,,0.0,0.0,5.0,6.0
iter03_quick,bstar_2023,HP_Peak,Ridge,size_peak,netfit,direct,log,mape_n_excluded,p0.1|n10,1,0.0,0.0,,0.0,0.0,6.0,6.0
iter03_quick,bstar_2023,HP_Peak,Ridge,size_peak,netfit,direct,log,mape_n_excluded,p0.2|n10,1,0.0,0.0,,0.0,0.0,9.0,6.0
iter03_quick,bstar_2023,HP_Peak,Ridge,size_peak,netfit,direct,log,mape_n_excluded,p0.3|n10,1,0.0,0.0,,0.0,0.0,12.0,6.0
iter03_quick,bstar_2023,HP_Peak,Ridge,size_peak,netfit,direct,log,mape_n_excluded,p0.5|n10,1,0.0,0.0,,0.0,0.0,11.0,3.0
iter03_quick,bstar_2023,HP_Peak,Ridge,size_peak,netfit,direct,log,mape_n_excluded,p1.0|n10,1,0.0,0.0,,0.0,0.0,16.0,3.0
iter03_quick,bstar_2023,HP_Peak,Ridge,size_peak,netfit,direct,log,n_pred_nan,all,1,0.0,0.0,,0.0,0.0,20.0,30.0
iter03_quick,bstar_2023,HP_Peak,Ridge,size_peak,netfit,direct,log,n_pred_nan,p0.05|n10,1,0.0,0.0,,0.0,0.0,5.0,6.0
iter03_quick,bstar_2023,HP_Peak,Ridge,size_peak,netfit,direct,log,n_pred_nan,p0.1|n10,1,0.0,0.0,,0.0,0.0,6.0,6.0
iter03_quick,bstar_2023,HP_Peak,Ridge,size_peak,netfit,direct,log,n_pred_nan,p0.2|n10,1,0.0,0.0,,0.0,0.0,9.0,6.0
iter03_quick,bstar_2023,HP_Peak,Ridge,size_peak,netfit,direct,log,n_pred_nan,p0.3|n10,1,0.0,0.0,,0.0,0.0,12.0,6.0
iter03_quick,bstar_2023,HP_Peak,Ridge,size_peak,netfit,direct,log,n_pred_nan,p0.5|n10,1,0.0,0.0,,0.0,0.0,11.0,3.0
iter03_quick,bstar_2023,HP_Peak,Ridge,size_peak,netfit,direct,log,n_pred_nan,p1.0|n10,1,0.0,0.0,,0.0,0.0,16.0,3.0
iter03_quick,bstar_2023,HP_Peak,Ridge,size_peak,netfit,direct,none,wape,all,1,19.464364570827414,19.464364570827414,,19.464364570827414,19.464364570827414,20.0,30.0
iter03_quick,bstar_2023,HP_Peak,Ridge,size_peak,netfit,direct,none,wape,p0.05|n10,1,35.11964481222617,35.11964481222617,,35.11964481222617,35.11964481222617,5.0,6.0
iter03_quick,bstar_2023,HP_Peak,Ridge,size_peak,netfit,direct,none,wape,p0.1|n10,1,32.18271968950991,32.18271968950991,,32.18271968950991,32.18271968950991,6.0,6.0
iter03_quick,bstar_2023,HP_Peak,Ridge,size_peak,netfit,direct,none,wape,p0.2|n10,1,38.02225181367282,38.02225181367282,,38.02225181367282,38.02225181367282,9.0,6.0
iter03_quick,bstar_2023,HP_Peak,Ridge,size_peak,netfit,direct,none,wape,p0.3|n10,1,10.489802554119809,10.489802554119809,,10.489802554119809,10.489802554119809,12.0,6.0
iter03_quick,bstar_2023,HP_Peak,Ridge,size_peak,netfit,direct,none,wape,p0.5|n10,1,11.29272905103399,11.29272905103399,,11.29272905103399,11.29272905103399,11.0,3.0
iter03_quick,bstar_2023,HP_Peak,Ridge,size_peak,netfit,direct,none,wape,p1.0|n10,1,18.29289170351949,18.29289170351949,,18.29289170351949,18.29289170351949,16.0,3.0
iter03_quick,bstar_2023,HP_Peak,Ridge,size_peak,netfit,direct,none,mape,all,1,27.494467967511373,27.494467967511373,,27.494467967511373,27.494467967511373,20.0,30.0
iter03_quick,bstar_2023,HP_Peak,Ridge,size_peak,netfit,direct,none,mape,p0.05|n10,1,36.59334463958989,36.59334463958989,,36.59334463958989,36.59334463958989,5.0,6.0
iter03_quick,bstar_2023,HP_Peak,Ridge,size_peak,netfit,direct,none,mape,p0.1|n10,1,32.2804579656258,32.2804579656258,,32.2804579656258,32.2804579656258,6.0,6.0
iter03_quick,bstar_2023,HP_Peak,Ridge,size_peak,netfit,direct,none,mape,p0.2|n10,1,44.243639179597615,44.243639179597615,,44.243639179597615,44.243639179597615,9.0,6.0
iter03_quick,bstar_2023,HP_Peak,Ridge,size_peak,netfit,direct,none,mape,p0.3|n10,1,9.706005940435478,9.706005940435478,,9.706005940435478,9.706005940435478,12.0,6.0
iter03_quick,bstar_2023,HP_Peak,Ridge,size_peak,netfit,direct,none,mape,p0.5|n10,1,10.786147892655528,10.786147892655528,,10.786147892655528,10.786147892655528,11.0,3.0
iter03_quick,bstar_2023,HP_Peak,Ridge,size_peak,netfit,direct,none,mape,p1.0|n10,1,18.51163633196058,18.51163633196058,,18.51163633196058,18.51163633196058,16.0,3.0
iter03_quick,bstar_2023,HP_Peak,Ridge,size_peak,netfit,direct,none,r2,all,1,0.929535913981156,0.929535913981156,,0.929535913981156,0.929535913981156,20.0,30.0
iter03_quick,bstar_2023,HP_Peak,Ridge,size_peak,netfit,direct,none,r2,p0.05|n10,1,-0.6192071629363811,-0.6192071629363811,,-0.6192071629363811,-0.6192071629363811,5.0,6.0
iter03_quick,bstar_2023,HP_Peak,Ridge,size_peak,netfit,direct,none,r2,p0.1|n10,1,-0.7916638829119298,-0.7916638829119298,,-0.7916638829119298,-0.7916638829119298,6.0,6.0
iter03_quick,bstar_2023,HP_Peak,Ridge,size_peak,netfit,direct,none,r2,p0.2|n10,1,-0.942912974677987,-0.942912974677987,,-0.942912974677987,-0.942912974677987,9.0,6.0
iter03_quick,bstar_2023,HP_Peak,Ridge,size_peak,netfit,direct,none,r2,p0.3|n10,1,0.4262597696571312,0.4262597696571312,,0.4262597696571312,0.4262597696571312,12.0,6.0
iter03_quick,bstar_2023,HP_Peak,Ridge,size_peak,netfit,direct,none,r2,p0.5|n10,1,0.4254932450184641,0.4254932450184641,,0.4254932450184641,0.4254932450184641,11.0,3.0
iter03_quick,bstar_2023,HP_Peak,Ridge,size_peak,netfit,direct,none,r2,p1.0|n10,1,-3.427213753232272,-3.427213753232272,,-3.427213753232272,-3.427213753232272,16.0,3.0
iter03_quick,bstar_2023,HP_Peak,Ridge,size_peak,netfit,direct,none,rmse,all,1,6.064033713985702,6.064033713985702,,6.064033713985702,6.064033713985702,20.0,30.0
iter03_quick,bstar_2023,HP_Peak,Ridge,size_peak,netfit,direct,none,rmse,p0.05|n10,1,2.251428815460771,2.251428815460771,,2.251428815460771,2.251428815460771,5.0,6.0
iter03_quick,bstar_2023,HP_Peak,Ridge,size_peak,netfit,direct,none,rmse,p0.1|n10,1,2.3085076517552583,2.3085076517552583,,2.3085076517552583,2.3085076517552583,6.0,6.0
iter03_quick,bstar_2023,HP_Peak,Ridge,size_peak,netfit,direct,none,rmse,p0.2|n10,1,6.302708195248955,6.302708195248955,,6.302708195248955,6.302708195248955,9.0,6.0
iter03_quick,bstar_2023,HP_Peak,Ridge,size_peak,netfit,direct,none,rmse,p0.3|n10,1,3.142317206042029,3.142317206042029,,3.142317206042029,3.142317206042029,12.0,6.0
iter03_quick,bstar_2023,HP_Peak,Ridge,size_peak,netfit,direct,none,rmse,p0.5|n10,1,5.520310201081641,5.520310201081641,,5.520310201081641,5.520310201081641,11.0,3.0
iter03_quick,bstar_2023,HP_Peak,Ridge,size_peak,netfit,direct,none,rmse,p1.0|n10,1,14.7396868865351,14.7396868865351,,14.7396868865351,14.7396868865351,16.0,3.0
iter03_quick,bstar_2023,HP_Peak,Ridge,size_peak,netfit,direct,none,mae,all,1,4.2570011388925,4.2570011388925,,4.2570011388925,4.2570011388925,20.0,30.0
iter03_quick,bstar_2023,HP_Peak,Ridge,size_peak,netfit,direct,none,mae,p0.05|n10,1,2.137907441420408,2.137907441420408,,2.137907441420408,2.137907441420408,5.0,6.0
iter03_quick,bstar_2023,HP_Peak,Ridge,size_peak,netfit,direct,none,mae,p0.1|n10,1,1.932946924212257,1.932946924212257,,1.932946924212257,1.932946924212257,6.0,6.0
iter03_quick,bstar_2023,HP_Peak,Ridge,size_peak,netfit,direct,none,mae,p0.2|n10,1,5.12129085995214,5.12129085995214,,5.12129085995214,5.12129085995214,9.0,6.0
iter03_quick,bstar_2023,HP_Peak,Ridge,size_peak,netfit,direct,none,mae,p0.3|n10,1,2.2768697578778743,2.2768697578778743,,2.2768697578778743,2.2768697578778743,12.0,6.0
iter03_quick,bstar_2023,HP_Peak,Ridge,size_peak,netfit,direct,none,mae,p0.5|n10,1,4.972579480165192,4.972579480165192,,4.972579480165192,4.972579480165192,11.0,3.0
iter03_quick,bstar_2023,HP_Peak,Ridge,size_peak,netfit,direct,none,mae,p1.0|n10,1,14.659401941834448,14.659401941834448,,14.659401941834448,14.659401941834448,16.0,3.0
iter03_quick,bstar_2023,HP_Peak,Ridge,size_peak,netfit,direct,none,mape_n_excluded,all,1,0.0,0.0,,0.0,0.0,20.0,30.0
iter03_quick,bstar_2023,HP_Peak,Ridge,size_peak,netfit,direct,none,mape_n_excluded,p0.05|n10,1,0.0,0.0,,0.0,0.0,5.0,6.0
iter03_quick,bstar_2023,HP_Peak,Ridge,size_peak,netfit,direct,none,mape_n_excluded,p0.1|n10,1,0.0,0.0,,0.0,0.0,6.0,6.0
iter03_quick,bstar_2023,HP_Peak,Ridge,size_peak,netfit,direct,none,mape_n_excluded,p0.2|n10,1,0.0,0.0,,0.0,0.0,9.0,6.0
iter03_quick,bstar_2023,HP_Peak,Ridge,size_peak,netfit,direct,none,mape_n_excluded,p0.3|n10,1,0.0,0.0,,0.0,0.0,12.0,6.0
iter03_quick,bstar_2023,HP_Peak,Ridge,size_peak,netfit,direct,none,mape_n_excluded,p0.5|n10,1,0.0,0.0,,0.0,0.0,11.0,3.0
iter03_quick,bstar_2023,HP_Peak,Ridge,size_peak,netfit,direct,none,mape_n_excluded,p1.0|n10,1,0.0,0.0,,0.0,0.0,16.0,3.0
iter03_quick,bstar_2023,HP_Peak,Ridge,size_peak,netfit,direct,none,n_pred_nan,all,1,0.0,0.0,,0.0,0.0,20.0,30.0
iter03_quick,bstar_2023,HP_Peak,Ridge,size_peak,netfit,direct,none,n_pred_nan,p0.05|n10,1,0.0,0.0,,0.0,0.0,5.0,6.0
iter03_quick,bstar_2023,HP_Peak,Ridge,size_peak,netfit,direct,none,n_pred_nan,p0.1|n10,1,0.0,0.0,,0.0,0.0,6.0,6.0
iter03_quick,bstar_2023,HP_Peak,Ridge,size_peak,netfit,direct,none,n_pred_nan,p0.2|n10,1,0.0,0.0,,0.0,0.0,9.0,6.0
iter03_quick,bstar_2023,HP_Peak,Ridge,size_peak,netfit,direct,none,n_pred_nan,p0.3|n10,1,0.0,0.0,,0.0,0.0,12.0,6.0
iter03_quick,bstar_2023,HP_Peak,Ridge,size_peak,netfit,direct,none,n_pred_nan,p0.5|n10,1,0.0,0.0,,0.0,0.0,11.0,3.0
iter03_quick,bstar_2023,HP_Peak,Ridge,size_peak,netfit,direct,none,n_pred_nan,p1.0|n10,1,0.0,0.0,,0.0,0.0,16.0,3.0
iter03_quick,bstar_2023,HP_Peak,Ridge,size_peak,netfit,residual,log,wape,all,1,27.19539786045634,27.19539786045634,,27.19539786045634,27.19539786045634,20.0,30.0
iter03_quick,bstar_2023,HP_Peak,Ridge,size_peak,netfit,residual,log,wape,p0.05|n10,1,36.42661705605653,36.42661705605653,,36.42661705605653,36.42661705605653,5.0,6.0
iter03_quick,bstar_2023,HP_Peak,Ridge,size_peak,netfit,residual,log,wape,p0.1|n10,1,28.19974742615387,28.19974742615387,,28.19974742615387,28.19974742615387,6.0,6.0
iter03_quick,bstar_2023,HP_Peak,Ridge,size_peak,netfit,residual,log,wape,p0.2|n10,1,33.152205676161486,33.152205676161486,,33.152205676161486,33.152205676161486,9.0,6.0
iter03_quick,bstar_2023,HP_Peak,Ridge,size_peak,netfit,residual,log,wape,p0.3|n10,1,16.23854365654457,16.23854365654457,,16.23854365654457,16.23854365654457,12.0,6.0
iter03_quick,bstar_2023,HP_Peak,Ridge,size_peak,netfit,residual,log,wape,p0.5|n10,1,23.458896620802346,23.458896620802346,,23.458896620802346,23.458896620802346,11.0,3.0
iter03_quick,bstar_2023,HP_Peak,Ridge,size_peak,netfit,residual,log,wape,p1.0|n10,1,31.628533377953183,31.628533377953183,,31.628533377953183,31.628533377953183,16.0,3.0
iter03_quick,bstar_2023,HP_Peak,Ridge,size_peak,netfit,residual,log,mape,all,1,27.4610173973748,27.4610173973748,,27.4610173973748,27.4610173973748,20.0,30.0
iter03_quick,bstar_2023,HP_Peak,Ridge,size_peak,netfit,residual,log,mape,p0.05|n10,1,31.38919958209548,31.38919958209548,,31.38919958209548,31.38919958209548,5.0,6.0
iter03_quick,bstar_2023,HP_Peak,Ridge,size_peak,netfit,residual,log,mape,p0.1|n10,1,27.83440456580705,27.83440456580705,,27.83440456580705,27.83440456580705,6.0,6.0
iter03_quick,bstar_2023,HP_Peak,Ridge,size_peak,netfit,residual,log,mape,p0.2|n10,1,34.283781140701734,34.283781140701734,,34.283781140701734,34.283781140701734,9.0,6.0
iter03_quick,bstar_2023,HP_Peak,Ridge,size_peak,netfit,residual,log,mape,p0.3|n10,1,16.577888120763554,16.577888120763554,,16.577888120763554,16.577888120763554,12.0,6.0
iter03_quick,bstar_2023,HP_Peak,Ridge,size_peak,netfit,residual,log,mape,p0.5|n10,1,22.40470331581533,22.40470331581533,,22.40470331581533,22.40470331581533,11.0,3.0
iter03_quick,bstar_2023,HP_Peak,Ridge,size_peak,netfit,residual,log,mape,p1.0|n10,1,32.03492383919701,32.03492383919701,,32.03492383919701,32.03492383919701,16.0,3.0
iter03_quick,bstar_2023,HP_Peak,Ridge,size_peak,netfit,residual,log,r2,all,1,0.8229353922989457,0.8229353922989457,,0.8229353922989457,0.8229353922989457,20.0,30.0
iter03_quick,bstar_2023,HP_Peak,Ridge,size_peak,netfit,residual,log,r2,p0.05|n10,1,-1.847153459131356,-1.847153459131356,,-1.847153459131356,-1.847153459131356,5.0,6.0
iter03_quick,bstar_2023,HP_Peak,Ridge,size_peak,netfit,residual,log,r2,p0.1|n10,1,-0.2604443354225998,-0.2604443354225998,,-0.2604443354225998,-0.2604443354225998,6.0,6.0
iter03_quick,bstar_2023,HP_Peak,Ridge,size_peak,netfit,residual,log,r2,p0.2|n10,1,-0.7196278489889998,-0.7196278489889998,,-0.7196278489889998,-0.7196278489889998,9.0,6.0
iter03_quick,bstar_2023,HP_Peak,Ridge,size_peak,netfit,residual,log,r2,p0.3|n10,1,-0.4667618446844594,-0.4667618446844594,,-0.4667618446844594,-0.4667618446844594,12.0,6.0
iter03_quick,bstar_2023,HP_Peak,Ridge,size_peak,netfit,residual,log,r2,p0.5|n10,1,-1.470351818505791,-1.470351818505791,,-1.470351818505791,-1.470351818505791,11.0,3.0
iter03_quick,bstar_2023,HP_Peak,Ridge,size_peak,netfit,residual,log,r2,p1.0|n10,1,-12.18164142665618,-12.18164142665618,,-12.18164142665618,-12.18164142665618,16.0,3.0
iter03_quick,bstar_2023,HP_Peak,Ridge,size_peak,netfit,residual,log,rmse,all,1,9.612659884879104,9.612659884879104,,9.612659884879104,9.612659884879104,20.0,30.0
iter03_quick,bstar_2023,HP_Peak,Ridge,size_peak,netfit,residual,log,rmse,p0.05|n10,1,2.985468202443137,2.985468202443137,,2.985468202443137,2.985468202443137,5.0,6.0
iter03_quick,bstar_2023,HP_Peak,Ridge,size_peak,netfit,residual,log,rmse,p0.1|n10,1,1.936265397082393,1.936265397082393,,1.936265397082393,1.936265397082393,6.0,6.0
iter03_quick,bstar_2023,HP_Peak,Ridge,size_peak,netfit,residual,log,rmse,p0.2|n10,1,5.929495736819149,5.929495736819149,,5.929495736819149,5.929495736819149,9.0,6.0
iter03_quick,bstar_2023,HP_Peak,Ridge,size_peak,netfit,residual,log,rmse,p0.3|n10,1,5.024260788370306,5.024260788370306,,5.024260788370306,5.024260788370306,12.0,6.0
iter03_quick,bstar_2023,HP_Peak,Ridge,size_peak,netfit,residual,log,rmse,p0.5|n10,1,11.44709578962141,11.44709578962141,,11.44709578962141,11.44709578962141,11.0,3.0
iter03_quick,bstar_2023,HP_Peak,Ridge,size_peak,netfit,residual,log,rmse,p1.0|n10,1,25.43359546211216,25.43359546211216,,25.43359546211216,25.43359546211216,16.0,3.0
iter03_quick,bstar_2023,HP_Peak,Ridge,size_peak,netfit,residual,log,mae,all,1,5.947835555757677,5.947835555757677,,5.947835555757677,5.947835555757677,20.0,30.0
iter03_quick,bstar_2023,HP_Peak,Ridge,size_peak,netfit,residual,log,mae,p0.05|n10,1,2.2174693419109874,2.2174693419109874,,2.2174693419109874,2.2174693419109874,5.0,6.0
iter03_quick,bstar_2023,HP_Peak,Ridge,size_peak,netfit,residual,log,mae,p0.1|n10,1,1.6937230780005812,1.6937230780005812,,1.6937230780005812,1.6937230780005812,6.0,6.0
iter03_quick,bstar_2023,HP_Peak,Ridge,size_peak,netfit,residual,log,mae,p0.2|n10,1,4.465334897801228,4.465334897801228,,4.465334897801228,4.465334897801228,9.0,6.0
iter03_quick,bstar_2023,HP_Peak,Ridge,size_peak,netfit,residual,log,mae,p0.3|n10,1,3.5246658621848863,3.5246658621848863,,3.5246658621848863,3.5246658621848863,12.0,6.0
iter03_quick,bstar_2023,HP_Peak,Ridge,size_peak,netfit,residual,log,mae,p0.5|n10,1,10.32976417274772,10.32976417274772,,10.32976417274772,10.32976417274772,11.0,3.0
iter03_quick,bstar_2023,HP_Peak,Ridge,size_peak,netfit,residual,log,mae,p1.0|n10,1,25.34620502503368,25.34620502503368,,25.34620502503368,25.34620502503368,16.0,3.0
iter03_quick,bstar_2023,HP_Peak,Ridge,size_peak,netfit,residual,log,mape_n_excluded,all,1,0.0,0.0,,0.0,0.0,20.0,30.0
iter03_quick,bstar_2023,HP_Peak,Ridge,size_peak,netfit,residual,log,mape_n_excluded,p0.05|n10,1,0.0,0.0,,0.0,0.0,5.0,6.0
iter03_quick,bstar_2023,HP_Peak,Ridge,size_peak,netfit,residual,log,mape_n_excluded,p0.1|n10,1,0.0,0.0,,0.0,0.0,6.0,6.0
iter03_quick,bstar_2023,HP_Peak,Ridge,size_peak,netfit,residual,log,mape_n_excluded,p0.2|n10,1,0.0,0.0,,0.0,0.0,9.0,6.0
iter03_quick,bstar_2023,HP_Peak,Ridge,size_peak,netfit,residual,log,mape_n_excluded,p0.3|n10,1,0.0,0.0,,0.0,0.0,12.0,6.0
iter03_quick,bstar_2023,HP_Peak,Ridge,size_peak,netfit,residual,log,mape_n_excluded,p0.5|n10,1,0.0,0.0,,0.0,0.0,11.0,3.0
iter03_quick,bstar_2023,HP_Peak,Ridge,size_peak,netfit,residual,log,mape_n_excluded,p1.0|n10,1,0.0,0.0,,0.0,0.0,16.0,3.0
iter03_quick,bstar_2023,HP_Peak,Ridge,size_peak,netfit,residual,log,n_invalid,all,1,0.0,0.0,,0.0,0.0,20.0,30.0
iter03_quick,bstar_2023,HP_Peak,Ridge,size_peak,netfit,residual,log,n_pred_nan,all,1,0.0,0.0,,0.0,0.0,20.0,30.0
iter03_quick,bstar_2023,HP_Peak,Ridge,size_peak,netfit,residual,log,n_pred_nan,p0.05|n10,1,0.0,0.0,,0.0,0.0,5.0,6.0
iter03_quick,bstar_2023,HP_Peak,Ridge,size_peak,netfit,residual,log,n_pred_nan,p0.1|n10,1,0.0,0.0,,0.0,0.0,6.0,6.0
iter03_quick,bstar_2023,HP_Peak,Ridge,size_peak,netfit,residual,log,n_pred_nan,p0.2|n10,1,0.0,0.0,,0.0,0.0,9.0,6.0
iter03_quick,bstar_2023,HP_Peak,Ridge,size_peak,netfit,residual,log,n_pred_nan,p0.3|n10,1,0.0,0.0,,0.0,0.0,12.0,6.0
iter03_quick,bstar_2023,HP_Peak,Ridge,size_peak,netfit,residual,log,n_pred_nan,p0.5|n10,1,0.0,0.0,,0.0,0.0,11.0,3.0
iter03_quick,bstar_2023,HP_Peak,Ridge,size_peak,netfit,residual,log,n_pred_nan,p1.0|n10,1,0.0,0.0,,0.0,0.0,16.0,3.0
iter03_quick,bstar_2023,HP_Peak,Ridge,size_peak,netfit,residual,log,n_resid_excluded_inner,all,1,0.0,0.0,,0.0,0.0,20.0,30.0
iter03_quick,bstar_2023,HP_Peak,Ridge,size_peak,netfit,residual,log,n_resid_excluded_train,all,1,0.0,0.0,,0.0,0.0,20.0,30.0
iter03_quick,bstar_2023,HP_Peak,Ridge,size_peak,whdd,direct,log,wape,all,1,54.717388793227485,54.717388793227485,,54.717388793227485,54.717388793227485,20.0,30.0
iter03_quick,bstar_2023,HP_Peak,Ridge,size_peak,whdd,direct,log,wape,p0.05|n10,1,32.97313597918912,32.97313597918912,,32.97313597918912,32.97313597918912,5.0,6.0
iter03_quick,bstar_2023,HP_Peak,Ridge,size_peak,whdd,direct,log,wape,p0.1|n10,1,27.5546702415458,27.5546702415458,,27.5546702415458,27.5546702415458,6.0,6.0
iter03_quick,bstar_2023,HP_Peak,Ridge,size_peak,whdd,direct,log,wape,p0.2|n10,1,27.175767644249262,27.175767644249262,,27.175767644249262,27.175767644249262,9.0,6.0
iter03_quick,bstar_2023,HP_Peak,Ridge,size_peak,whdd,direct,log,wape,p0.3|n10,1,41.74347735190259,41.74347735190259,,41.74347735190259,41.74347735190259,12.0,6.0
iter03_quick,bstar_2023,HP_Peak,Ridge,size_peak,whdd,direct,log,wape,p0.5|n10,1,60.26379526774773,60.26379526774773,,60.26379526774773,60.26379526774773,11.0,3.0
iter03_quick,bstar_2023,HP_Peak,Ridge,size_peak,whdd,direct,log,wape,p1.0|n10,1,75.33123558944938,75.33123558944938,,75.33123558944938,75.33123558944938,16.0,3.0
iter03_quick,bstar_2023,HP_Peak,Ridge,size_peak,whdd,direct,log,mape,all,1,38.814922414346725,38.814922414346725,,38.814922414346725,38.814922414346725,20.0,30.0
iter03_quick,bstar_2023,HP_Peak,Ridge,size_peak,whdd,direct,log,mape,p0.05|n10,1,32.253549451863506,32.253549451863506,,32.253549451863506,32.253549451863506,5.0,6.0
iter03_quick,bstar_2023,HP_Peak,Ridge,size_peak,whdd,direct,log,mape,p0.1|n10,1,28.285491417135034,28.285491417135034,,28.285491417135034,28.285491417135034,6.0,6.0
iter03_quick,bstar_2023,HP_Peak,Ridge,size_peak,whdd,direct,log,mape,p0.2|n10,1,25.62439003946317,25.62439003946317,,25.62439003946317,25.62439003946317,9.0,6.0
iter03_quick,bstar_2023,HP_Peak,Ridge,size_peak,whdd,direct,log,mape,p0.3|n10,1,40.67461065048866,40.67461065048866,,40.67461065048866,40.67461065048866,12.0,6.0
iter03_quick,bstar_2023,HP_Peak,Ridge,size_peak,whdd,direct,log,mape,p0.5|n10,1,59.09431758142824,59.09431758142824,,59.09431758142824,59.09431758142824,11.0,3.0
iter03_quick,bstar_2023,HP_Peak,Ridge,size_peak,whdd,direct,log,mape,p1.0|n10,1,75.3788234441383,75.3788234441383,,75.3788234441383,75.3788234441383,16.0,3.0
iter03_quick,bstar_2023,HP_Peak,Ridge,size_peak,whdd,direct,log,r2,all,1,0.1004834831197517,0.1004834831197517,,0.1004834831197517,0.1004834831197517,20.0,30.0
iter03_quick,bstar_2023,HP_Peak,Ridge,size_peak,whdd,direct,log,r2,p0.05|n10,1,-0.5051991952078234,-0.5051991952078234,,-0.5051991952078234,-0.5051991952078234,5.0,6.0
iter03_quick,bstar_2023,HP_Peak,Ridge,size_peak,whdd,direct,log,r2,p0.1|n10,1,-0.3081150991357135,-0.3081150991357135,,-0.3081150991357135,-0.3081150991357135,6.0,6.0
iter03_quick,bstar_2023,HP_Peak,Ridge,size_peak,whdd,direct,log,r2,p0.2|n10,1,-0.3638572772472781,-0.3638572772472781,,-0.3638572772472781,-0.3638572772472781,9.0,6.0
iter03_quick,bstar_2023,HP_Peak,Ridge,size_peak,whdd,direct,log,r2,p0.3|n10,1,-4.3813147508744015,-4.3813147508744015,,-4.3813147508744015,-4.3813147508744015,12.0,6.0
iter03_quick,bstar_2023,HP_Peak,Ridge,size_peak,whdd,direct,log,r2,p0.5|n10,1,-13.422724532548289,-13.422724532548289,,-13.422724532548289,-13.422724532548289,11.0,3.0
iter03_quick,bstar_2023,HP_Peak,Ridge,size_peak,whdd,direct,log,r2,p1.0|n10,1,-73.80629789034037,-73.80629789034037,,-73.80629789034037,-73.80629789034037,16.0,3.0
iter03_quick,bstar_2023,HP_Peak,Ridge,size_peak,whdd,direct,log,rmse,all,1,21.66617600072917,21.66617600072917,,21.66617600072917,21.66617600072917,20.0,30.0
iter03_quick,bstar_2023,HP_Peak,Ridge,size_peak,whdd,direct,log,rmse,p0.05|n10,1,2.170720965134823,2.170720965134823,,2.170720965134823,2.170720965134823,5.0,6.0
iter03_quick,bstar_2023,HP_Peak,Ridge,size_peak,whdd,direct,log,rmse,p0.1|n10,1,1.972540950972799,1.972540950972799,,1.972540950972799,1.972540950972799,6.0,6.0
iter03_quick,bstar_2023,HP_Peak,Ridge,size_peak,whdd,direct,log,rmse,p0.2|n10,1,5.280620883723449,5.280620883723449,,5.280620883723449,5.280620883723449,9.0,6.0
iter03_quick,bstar_2023,HP_Peak,Ridge,size_peak,whdd,direct,log,rmse,p0.3|n10,1,9.623577962543214,9.623577962543214,,9.623577962543214,9.623577962543214,12.0,6.0
iter03_quick,bstar_2023,HP_Peak,Ridge,size_peak,whdd,direct,log,rmse,p0.5|n10,1,27.6591969813886,27.6591969813886,,27.6591969813886,27.6591969813886,11.0,3.0
iter03_quick,bstar_2023,HP_Peak,Ridge,size_peak,whdd,direct,log,rmse,p1.0|n10,1,60.58876408402353,60.58876408402353,,60.58876408402353,60.58876408402353,16.0,3.0
iter03_quick,bstar_2023,HP_Peak,Ridge,size_peak,whdd,direct,log,mae,all,1,11.9670994427994,11.9670994427994,,11.9670994427994,11.9670994427994,20.0,30.0
iter03_quick,bstar_2023,HP_Peak,Ridge,size_peak,whdd,direct,log,mae,p0.05|n10,1,2.007238773449512,2.007238773449512,,2.007238773449512,2.007238773449512,5.0,6.0
iter03_quick,bstar_2023,HP_Peak,Ridge,size_peak,whdd,direct,log,mae,p0.1|n10,1,1.6549786843664378,1.6549786843664378,,1.6549786843664378,1.6549786843664378,6.0,6.0
iter03_quick,bstar_2023,HP_Peak,Ridge,size_peak,whdd,direct,log,mae,p0.2|n10,1,3.660356864993184,3.660356864993184,,3.660356864993184,3.660356864993184,9.0,6.0
iter03_quick,bstar_2023,HP_Peak,Ridge,size_peak,whdd,direct,log,mae,p0.3|n10,1,9.060653018095064,9.060653018095064,,9.060653018095064,9.060653018095064,12.0,6.0
iter03_quick,bstar_2023,HP_Peak,Ridge,size_peak,whdd,direct,log,mae,p0.5|n10,1,26.536234987223065,26.536234987223065,,26.536234987223065,26.536234987223065,11.0,3.0
iter03_quick,bstar_2023,HP_Peak,Ridge,size_peak,whdd,direct,log,mae,p1.0|n10,1,60.36830475896256,60.36830475896256,,60.36830475896256,60.36830475896256,16.0,3.0
iter03_quick,bstar_2023,HP_Peak,Ridge,size_peak,whdd,direct,log,mape_n_excluded,all,1,0.0,0.0,,0.0,0.0,20.0,30.0
iter03_quick,bstar_2023,HP_Peak,Ridge,size_peak,whdd,direct,log,mape_n_excluded,p0.05|n10,1,0.0,0.0,,0.0,0.0,5.0,6.0
iter03_quick,bstar_2023,HP_Peak,Ridge,size_peak,whdd,direct,log,mape_n_excluded,p0.1|n10,1,0.0,0.0,,0.0,0.0,6.0,6.0
iter03_quick,bstar_2023,HP_Peak,Ridge,size_peak,whdd,direct,log,mape_n_excluded,p0.2|n10,1,0.0,0.0,,0.0,0.0,9.0,6.0
iter03_quick,bstar_2023,HP_Peak,Ridge,size_peak,whdd,direct,log,mape_n_excluded,p0.3|n10,1,0.0,0.0,,0.0,0.0,12.0,6.0
iter03_quick,bstar_2023,HP_Peak,Ridge,size_peak,whdd,direct,log,mape_n_excluded,p0.5|n10,1,0.0,0.0,,0.0,0.0,11.0,3.0
iter03_quick,bstar_2023,HP_Peak,Ridge,size_peak,whdd,direct,log,mape_n_excluded,p1.0|n10,1,0.0,0.0,,0.0,0.0,16.0,3.0
iter03_quick,bstar_2023,HP_Peak,Ridge,size_peak,whdd,direct,log,n_pred_nan,all,1,0.0,0.0,,0.0,0.0,20.0,30.0
iter03_quick,bstar_2023,HP_Peak,Ridge,size_peak,whdd,direct,log,n_pred_nan,p0.05|n10,1,0.0,0.0,,0.0,0.0,5.0,6.0
iter03_quick,bstar_2023,HP_Peak,Ridge,size_peak,whdd,direct,log,n_pred_nan,p0.1|n10,1,0.0,0.0,,0.0,0.0,6.0,6.0
iter03_quick,bstar_2023,HP_Peak,Ridge,size_peak,whdd,direct,log,n_pred_nan,p0.2|n10,1,0.0,0.0,,0.0,0.0,9.0,6.0
iter03_quick,bstar_2023,HP_Peak,Ridge,size_peak,whdd,direct,log,n_pred_nan,p0.3|n10,1,0.0,0.0,,0.0,0.0,12.0,6.0
iter03_quick,bstar_2023,HP_Peak,Ridge,size_peak,whdd,direct,log,n_pred_nan,p0.5|n10,1,0.0,0.0,,0.0,0.0,11.0,3.0
iter03_quick,bstar_2023,HP_Peak,Ridge,size_peak,whdd,direct,log,n_pred_nan,p1.0|n10,1,0.0,0.0,,0.0,0.0,16.0,3.0
iter03_quick,bstar_2023,HP_Peak,Ridge,size_peak,whdd,direct,none,wape,all,1,44.50069861775729,44.50069861775729,,44.50069861775729,44.50069861775729,20.0,30.0
iter03_quick,bstar_2023,HP_Peak,Ridge,size_peak,whdd,direct,none,wape,p0.05|n10,1,37.59894673210192,37.59894673210192,,37.59894673210192,37.59894673210192,5.0,6.0
iter03_quick,bstar_2023,HP_Peak,Ridge,size_peak,whdd,direct,none,wape,p0.1|n10,1,66.0599489142196,66.0599489142196,,66.0599489142196,66.0599489142196,6.0,6.0
iter03_quick,bstar_2023,HP_Peak,Ridge,size_peak,whdd,direct,none,wape,p0.2|n10,1,57.04202767347627,57.04202767347627,,57.04202767347627,57.04202767347627,9.0,6.0
iter03_quick,bstar_2023,HP_Peak,Ridge,size_peak,whdd,direct,none,wape,p0.3|n10,1,12.50115856597365,12.50115856597365,,12.50115856597365,12.50115856597365,12.0,6.0
iter03_quick,bstar_2023,HP_Peak,Ridge,size_peak,whdd,direct,none,wape,p0.5|n10,1,35.71640501112481,35.71640501112481,,35.71640501112481,35.71640501112481,11.0,3.0
iter03_quick,bstar_2023,HP_Peak,Ridge,size_peak,whdd,direct,none,wape,p1.0|n10,1,60.263015730101486,60.263015730101486,,60.263015730101486,60.263015730101486,16.0,3.0
iter03_quick,bstar_2023,HP_Peak,Ridge,size_peak,whdd,direct,none,mape,all,1,46.34431973519011,46.34431973519011,,46.34431973519011,46.34431973519011,20.0,30.0
iter03_quick,bstar_2023,HP_Peak,Ridge,size_peak,whdd,direct,none,mape,p0.05|n10,1,43.2973466201284,43.2973466201284,,43.2973466201284,43.2973466201284,5.0,6.0
iter03_quick,bstar_2023,HP_Peak,Ridge,size_peak,whdd,direct,none,mape,p0.1|n10,1,67.70451647398419,67.70451647398419,,67.70451647398419,67.70451647398419,6.0,6.0
iter03_quick,bstar_2023,HP_Peak,Ridge,size_peak,whdd,direct,none,mape,p0.2|n10,1,60.88884488097456,60.88884488097456,,60.88884488097456,60.88884488097456,9.0,6.0
iter03_quick,bstar_2023,HP_Peak,Ridge,size_peak,whdd,direct,none,mape,p0.3|n10,1,12.404021679859325,12.404021679859325,,12.404021679859325,12.404021679859325,12.0,6.0
iter03_quick,bstar_2023,HP_Peak,Ridge,size_peak,whdd,direct,none,mape,p0.5|n10,1,34.5760744227204,34.5760744227204,,34.5760744227204,34.5760744227204,11.0,3.0
iter03_quick,bstar_2023,HP_Peak,Ridge,size_peak,whdd,direct,none,mape,p1.0|n10,1,60.27766361928775,60.27766361928775,,60.27766361928775,60.27766361928775,16.0,3.0
iter03_quick,bstar_2023,HP_Peak,Ridge,size_peak,whdd,direct,none,r2,all,1,0.4529142800646279,0.4529142800646279,,0.4529142800646279,0.4529142800646279,20.0,30.0
iter03_quick,bstar_2023,HP_Peak,Ridge,size_peak,whdd,direct,none,r2,p0.05|n10,1,-1.1897262067959158,-1.1897262067959158,,-1.1897262067959158,-1.1897262067959158,5.0,6.0
iter03_quick,bstar_2023,HP_Peak,Ridge,size_peak,whdd,direct,none,r2,p0.1|n10,1,-8.441592779619187,-8.441592779619187,,-8.441592779619187,-8.441592779619187,6.0,6.0
iter03_quick,bstar_2023,HP_Peak,Ridge,size_peak,whdd,direct,none,r2,p0.2|n10,1,-2.086289830225437,-2.086289830225437,,-2.086289830225437,-2.086289830225437,9.0,6.0
iter03_quick,bstar_2023,HP_Peak,Ridge,size_peak,whdd,direct,none,r2,p0.3|n10,1,0.5030417394754534,0.5030417394754534,,0.5030417394754534,0.5030417394754534,12.0,6.0
iter03_quick,bstar_2023,HP_Peak,Ridge,size_peak,whdd,direct,none,r2,p0.5|n10,1,-4.486440077663226,-4.486440077663226,,-4.486440077663226,-4.486440077663226,11.0,3.0
iter03_quick,bstar_2023,HP_Peak,Ridge,size_peak,whdd,direct,none,r2,p1.0|n10,1,-46.904297164932814,-46.904297164932814,,-46.904297164932814,-46.904297164932814,16.0,3.0
iter03_quick,bstar_2023,HP_Peak,Ridge,size_peak,whdd,direct,none,rmse,all,1,16.896835853050387,16.896835853050387,,16.896835853050387,16.896835853050387,20.0,30.0
iter03_quick,bstar_2023,HP_Peak,Ridge,size_peak,whdd,direct,none,rmse,p0.05|n10,1,2.618194583518498,2.618194583518498,,2.618194583518498,2.618194583518498,5.0,6.0
iter03_quick,bstar_2023,HP_Peak,Ridge,size_peak,whdd,direct,none,rmse,p0.1|n10,1,5.299387554038107,5.299387554038107,,5.299387554038107,5.299387554038107,6.0,6.0
iter03_quick,bstar_2023,HP_Peak,Ridge,size_peak,whdd,direct,none,rmse,p0.2|n10,1,7.943627674048908,7.943627674048908,,7.943627674048908,7.943627674048908,9.0,6.0
iter03_quick,bstar_2023,HP_Peak,Ridge,size_peak,whdd,direct,none,rmse,p0.3|n10,1,2.924504733815985,2.924504733815985,,2.924504733815985,2.924504733815985,12.0,6.0
iter03_quick,bstar_2023,HP_Peak,Ridge,size_peak,whdd,direct,none,rmse,p0.5|n10,1,17.059301034935025,17.059301034935025,,17.059301034935025,17.059301034935025,11.0,3.0
iter03_quick,bstar_2023,HP_Peak,Ridge,size_peak,whdd,direct,none,rmse,p1.0|n10,1,48.48531805479448,48.48531805479448,,48.48531805479448,48.48531805479448,16.0,3.0
iter03_quick,bstar_2023,HP_Peak,Ridge,size_peak,whdd,direct,none,mae,all,1,9.732633398227176,9.732633398227176,,9.732633398227176,9.732633398227176,20.0,30.0
iter03_quick,bstar_2023,HP_Peak,Ridge,size_peak,whdd,direct,none,mae,p0.05|n10,1,2.288834879678125,2.288834879678125,,2.288834879678125,2.288834879678125,5.0,6.0
iter03_quick,bstar_2023,HP_Peak,Ridge,size_peak,whdd,direct,none,mae,p0.1|n10,1,3.967668870104251,3.967668870104251,,3.967668870104251,3.967668870104251,6.0,6.0
iter03_quick,bstar_2023,HP_Peak,Ridge,size_peak,whdd,direct,none,mae,p0.2|n10,1,7.68310136887425,7.68310136887425,,7.68310136887425,7.68310136887425,9.0,6.0
iter03_quick,bstar_2023,HP_Peak,Ridge,size_peak,whdd,direct,none,mae,p0.3|n10,1,2.71344572316306,2.71344572316306,,2.71344572316306,2.71344572316306,12.0,6.0
iter03_quick,bstar_2023,HP_Peak,Ridge,size_peak,whdd,direct,none,mae,p0.5|n10,1,15.7271693902305,15.7271693902305,,15.7271693902305,15.7271693902305,11.0,3.0
iter03_quick,bstar_2023,HP_Peak,Ridge,size_peak,whdd,direct,none,mae,p1.0|n10,1,48.293062908401886,48.293062908401886,,48.293062908401886,48.293062908401886,16.0,3.0
iter03_quick,bstar_2023,HP_Peak,Ridge,size_peak,whdd,direct,none,mape_n_excluded,all,1,0.0,0.0,,0.0,0.0,20.0,30.0
iter03_quick,bstar_2023,HP_Peak,Ridge,size_peak,whdd,direct,none,mape_n_excluded,p0.05|n10,1,0.0,0.0,,0.0,0.0,5.0,6.0
iter03_quick,bstar_2023,HP_Peak,Ridge,size_peak,whdd,direct,none,mape_n_excluded,p0.1|n10,1,0.0,0.0,,0.0,0.0,6.0,6.0
iter03_quick,bstar_2023,HP_Peak,Ridge,size_peak,whdd,direct,none,mape_n_excluded,p0.2|n10,1,0.0,0.0,,0.0,0.0,9.0,6.0
iter03_quick,bstar_2023,HP_Peak,Ridge,size_peak,whdd,direct,none,mape_n_excluded,p0.3|n10,1,0.0,0.0,,0.0,0.0,12.0,6.0
iter03_quick,bstar_2023,HP_Peak,Ridge,size_peak,whdd,direct,none,mape_n_excluded,p0.5|n10,1,0.0,0.0,,0.0,0.0,11.0,3.0
iter03_quick,bstar_2023,HP_Peak,Ridge,size_peak,whdd,direct,none,mape_n_excluded,p1.0|n10,1,0.0,0.0,,0.0,0.0,16.0,3.0
iter03_quick,bstar_2023,HP_Peak,Ridge,size_peak,whdd,direct,none,n_pred_nan,all,1,0.0,0.0,,0.0,0.0,20.0,30.0
iter03_quick,bstar_2023,HP_Peak,Ridge,size_peak,whdd,direct,none,n_pred_nan,p0.05|n10,1,0.0,0.0,,0.0,0.0,5.0,6.0
iter03_quick,bstar_2023,HP_Peak,Ridge,size_peak,whdd,direct,none,n_pred_nan,p0.1|n10,1,0.0,0.0,,0.0,0.0,6.0,6.0
iter03_quick,bstar_2023,HP_Peak,Ridge,size_peak,whdd,direct,none,n_pred_nan,p0.2|n10,1,0.0,0.0,,0.0,0.0,9.0,6.0
iter03_quick,bstar_2023,HP_Peak,Ridge,size_peak,whdd,direct,none,n_pred_nan,p0.3|n10,1,0.0,0.0,,0.0,0.0,12.0,6.0
iter03_quick,bstar_2023,HP_Peak,Ridge,size_peak,whdd,direct,none,n_pred_nan,p0.5|n10,1,0.0,0.0,,0.0,0.0,11.0,3.0
iter03_quick,bstar_2023,HP_Peak,Ridge,size_peak,whdd,direct,none,n_pred_nan,p1.0|n10,1,0.0,0.0,,0.0,0.0,16.0,3.0
iter03_quick,bstar_2023,HP_Peak,Ridge,size_peak,whdd,residual,log,wape,all,1,27.73908863412588,27.73908863412588,,27.73908863412588,27.73908863412588,20.0,30.0
iter03_quick,bstar_2023,HP_Peak,Ridge,size_peak,whdd,residual,log,wape,p0.05|n10,1,36.10390343756523,36.10390343756523,,36.10390343756523,36.10390343756523,5.0,6.0
iter03_quick,bstar_2023,HP_Peak,Ridge,size_peak,whdd,residual,log,wape,p0.1|n10,1,28.07828841678281,28.07828841678281,,28.07828841678281,28.07828841678281,6.0,6.0
iter03_quick,bstar_2023,HP_Peak,Ridge,size_peak,whdd,residual,log,wape,p0.2|n10,1,33.318853355091186,33.318853355091186,,33.318853355091186,33.318853355091186,9.0,6.0
iter03_quick,bstar_2023,HP_Peak,Ridge,size_peak,whdd,residual,log,wape,p0.3|n10,1,16.821759292931812,16.821759292931812,,16.821759292931812,16.821759292931812,12.0,6.0
iter03_quick,bstar_2023,HP_Peak,Ridge,size_peak,whdd,residual,log,wape,p0.5|n10,1,24.087708485029907,24.087708485029907,,24.087708485029907,24.087708485029907,11.0,3.0
iter03_quick,bstar_2023,HP_Peak,Ridge,size_peak,whdd,residual,log,wape,p1.0|n10,1,32.46211972758184,32.46211972758184,,32.46211972758184,32.46211972758184,16.0,3.0
iter03_quick,bstar_2023,HP_Peak,Ridge,size_peak,whdd,residual,log,mape,all,1,27.66421665890888,27.66421665890888,,27.66421665890888,27.66421665890888,20.0,30.0
iter03_quick,bstar_2023,HP_Peak,Ridge,size_peak,whdd,residual,log,mape,p0.05|n10,1,31.09278928265112,31.09278928265112,,31.09278928265112,31.09278928265112,5.0,6.0
iter03_quick,bstar_2023,HP_Peak,Ridge,size_peak,whdd,residual,log,mape,p0.1|n10,1,27.80417510666893,27.80417510666893,,27.80417510666893,27.80417510666893,6.0,6.0
iter03_quick,bstar_2023,HP_Peak,Ridge,size_peak,whdd,residual,log,mape,p0.2|n10,1,34.27557530792975,34.27557530792975,,34.27557530792975,34.27557530792975,9.0,6.0
iter03_quick,bstar_2023,HP_Peak,Ridge,size_peak,whdd,residual,log,mape,p0.3|n10,1,17.202266318509064,17.202266318509064,,17.202266318509064,17.202266318509064,12.0,6.0
iter03_quick,bstar_2023,HP_Peak,Ridge,size_peak,whdd,residual,log,mape,p0.5|n10,1,23.04596650398164,23.04596650398164,,23.04596650398164,23.04596650398164,11.0,3.0
iter03_quick,bstar_2023,HP_Peak,Ridge,size_peak,whdd,residual,log,mape,p1.0|n10,1,32.846588053589414,32.846588053589414,,32.846588053589414,32.846588053589414,16.0,3.0
iter03_quick,bstar_2023,HP_Peak,Ridge,size_peak,whdd,residual,log,r2,all,1,0.8154084521921974,0.8154084521921974,,0.8154084521921974,0.8154084521921974,20.0,30.0
iter03_quick,bstar_2023,HP_Peak,Ridge,size_peak,whdd,residual,log,r2,p0.05|n10,1,-1.7922463322154485,-1.7922463322154485,,-1.7922463322154485,-1.7922463322154485,5.0,6.0
iter03_quick,bstar_2023,HP_Peak,Ridge,size_peak,whdd,residual,log,r2,p0.1|n10,1,-0.2591740752846776,-0.2591740752846776,,-0.2591740752846776,-0.2591740752846776,6.0,6.0
iter03_quick,bstar_2023,HP_Peak,Ridge,size_peak,whdd,residual,log,r2,p0.2|n10,1,-0.7126945955433761,-0.7126945955433761,,-0.7126945955433761,-0.7126945955433761,9.0,6.0
iter03_quick,bstar_2023,HP_Peak,Ridge,size_peak,whdd,residual,log,r2,p0.3|n10,1,-0.5018766979404237,-0.5018766979404237,,-0.5018766979404237,-0.5018766979404237,12.0,6.0
iter03_quick,bstar_2023,HP_Peak,Ridge,size_peak,whdd,residual,log,r2,p0.5|n10,1,-1.572906251306268,-1.572906251306268,,-1.572906251306268,-1.572906251306268,11.0,3.0
iter03_quick,bstar_2023,HP_Peak,Ridge,size_peak,whdd,residual,log,r2,p1.0|n10,1,-12.859535327466526,-12.859535327466526,,-12.859535327466526,-12.859535327466526,16.0,3.0
iter03_quick,bstar_2023,HP_Peak,Ridge,size_peak,whdd,residual,log,rmse,all,1,9.814848522493977,9.814848522493977,,9.814848522493977,9.814848522493977,20.0,30.0
iter03_quick,bstar_2023,HP_Peak,Ridge,size_peak,whdd,residual,log,rmse,p0.05|n10,1,2.9565407999798703,2.9565407999798703,,2.9565407999798703,2.9565407999798703,5.0,6.0
iter03_quick,bstar_2023,HP_Peak,Ridge,size_peak,whdd,residual,log,rmse,p0.1|n10,1,1.9352894790381168,1.9352894790381168,,1.9352894790381168,1.9352894790381168,6.0,6.0
iter03_quick,bstar_2023,HP_Peak,Ridge,size_peak,whdd,residual,log,rmse,p0.2|n10,1,5.917530293717188,5.917530293717188,,5.917530293717188,5.917530293717188,9.0,6.0
iter03_quick,bstar_2023,HP_Peak,Ridge,size_peak,whdd,residual,log,rmse,p0.3|n10,1,5.084046467491447,5.084046467491447,,5.084046467491447,5.084046467491447,12.0,6.0
iter03_quick,bstar_2023,HP_Peak,Ridge,size_peak,whdd,residual,log,rmse,p0.5|n10,1,11.68228760679245,11.68228760679245,,11.68228760679245,11.68228760679245,11.0,3.0
iter03_quick,bstar_2023,HP_Peak,Ridge,size_peak,whdd,residual,log,rmse,p1.0|n10,1,26.079385100239943,26.079385100239943,,26.079385100239943,26.079385100239943,16.0,3.0
iter03_quick,bstar_2023,HP_Peak,Ridge,size_peak,whdd,residual,log,mae,all,1,6.066744767219193,6.066744767219193,,6.066744767219193,6.066744767219193,20.0,30.0
iter03_quick,bstar_2023,HP_Peak,Ridge,size_peak,whdd,residual,log,mae,p0.05|n10,1,2.1978241589910263,2.1978241589910263,,2.1978241589910263,2.1978241589910263,5.0,6.0
iter03_quick,bstar_2023,HP_Peak,Ridge,size_peak,whdd,residual,log,mae,p0.1|n10,1,1.6864280507049805,1.6864280507049805,,1.6864280507049805,1.6864280507049805,6.0,6.0
iter03_quick,bstar_2023,HP_Peak,Ridge,size_peak,whdd,residual,log,mae,p0.2|n10,1,4.487780996972766,4.487780996972766,,4.487780996972766,4.487780996972766,9.0,6.0
iter03_quick,bstar_2023,HP_Peak,Ridge,size_peak,whdd,residual,log,mae,p0.3|n10,1,3.651256047077364,3.651256047077364,,3.651256047077364,3.651256047077364,12.0,6.0
iter03_quick,bstar_2023,HP_Peak,Ridge,size_peak,whdd,residual,log,mae,p0.5|n10,1,10.60665180184178,10.60665180184178,,10.60665180184178,10.60665180184178,11.0,3.0
iter03_quick,bstar_2023,HP_Peak,Ridge,size_peak,whdd,residual,log,mae,p1.0|n10,1,26.01421736285788,26.01421736285788,,26.01421736285788,26.01421736285788,16.0,3.0
iter03_quick,bstar_2023,HP_Peak,Ridge,size_peak,whdd,residual,log,mape_n_excluded,all,1,0.0,0.0,,0.0,0.0,20.0,30.0
iter03_quick,bstar_2023,HP_Peak,Ridge,size_peak,whdd,residual,log,mape_n_excluded,p0.05|n10,1,0.0,0.0,,0.0,0.0,5.0,6.0
iter03_quick,bstar_2023,HP_Peak,Ridge,size_peak,whdd,residual,log,mape_n_excluded,p0.1|n10,1,0.0,0.0,,0.0,0.0,6.0,6.0
iter03_quick,bstar_2023,HP_Peak,Ridge,size_peak,whdd,residual,log,mape_n_excluded,p0.2|n10,1,0.0,0.0,,0.0,0.0,9.0,6.0
iter03_quick,bstar_2023,HP_Peak,Ridge,size_peak,whdd,residual,log,mape_n_excluded,p0.3|n10,1,0.0,0.0,,0.0,0.0,12.0,6.0
iter03_quick,bstar_2023,HP_Peak,Ridge,size_peak,whdd,residual,log,mape_n_excluded,p0.5|n10,1,0.0,0.0,,0.0,0.0,11.0,3.0
iter03_quick,bstar_2023,HP_Peak,Ridge,size_peak,whdd,residual,log,mape_n_excluded,p1.0|n10,1,0.0,0.0,,0.0,0.0,16.0,3.0
iter03_quick,bstar_2023,HP_Peak,Ridge,size_peak,whdd,residual,log,n_invalid,all,1,0.0,0.0,,0.0,0.0,20.0,30.0
iter03_quick,bstar_2023,HP_Peak,Ridge,size_peak,whdd,residual,log,n_pred_nan,all,1,0.0,0.0,,0.0,0.0,20.0,30.0
iter03_quick,bstar_2023,HP_Peak,Ridge,size_peak,whdd,residual,log,n_pred_nan,p0.05|n10,1,0.0,0.0,,0.0,0.0,5.0,6.0
iter03_quick,bstar_2023,HP_Peak,Ridge,size_peak,whdd,residual,log,n_pred_nan,p0.1|n10,1,0.0,0.0,,0.0,0.0,6.0,6.0
iter03_quick,bstar_2023,HP_Peak,Ridge,size_peak,whdd,residual,log,n_pred_nan,p0.2|n10,1,0.0,0.0,,0.0,0.0,9.0,6.0
iter03_quick,bstar_2023,HP_Peak,Ridge,size_peak,whdd,residual,log,n_pred_nan,p0.3|n10,1,0.0,0.0,,0.0,0.0,12.0,6.0
iter03_quick,bstar_2023,HP_Peak,Ridge,size_peak,whdd,residual,log,n_pred_nan,p0.5|n10,1,0.0,0.0,,0.0,0.0,11.0,3.0
iter03_quick,bstar_2023,HP_Peak,Ridge,size_peak,whdd,residual,log,n_pred_nan,p1.0|n10,1,0.0,0.0,,0.0,0.0,16.0,3.0
iter03_quick,bstar_2023,HP_Peak,Ridge,size_peak,whdd,residual,log,n_resid_excluded_inner,all,1,0.0,0.0,,0.0,0.0,20.0,30.0
iter03_quick,bstar_2023,HP_Peak,Ridge,size_peak,whdd,residual,log,n_resid_excluded_train,all,1,0.0,0.0,,0.0,0.0,20.0,30.0
iter03_quick,bstar_2023,HP_Peak,XGBoost,size_peak,both,direct,log,wape,all,1,39.50683813612015,39.50683813612015,,39.50683813612015,39.50683813612015,20.0,30.0
iter03_quick,bstar_2023,HP_Peak,XGBoost,size_peak,both,direct,log,wape,p0.05|n10,1,21.219074977245587,21.219074977245587,,21.219074977245587,21.219074977245587,5.0,6.0
iter03_quick,bstar_2023,HP_Peak,XGBoost,size_peak,both,direct,log,wape,p0.1|n10,1,22.31417670109708,22.31417670109708,,22.31417670109708,22.31417670109708,6.0,6.0
iter03_quick,bstar_2023,HP_Peak,XGBoost,size_peak,both,direct,log,wape,p0.2|n10,1,29.69557543702231,29.69557543702231,,29.69557543702231,29.69557543702231,9.0,6.0
iter03_quick,bstar_2023,HP_Peak,XGBoost,size_peak,both,direct,log,wape,p0.3|n10,1,18.872086595719207,18.872086595719207,,18.872086595719207,18.872086595719207,12.0,6.0
iter03_quick,bstar_2023,HP_Peak,XGBoost,size_peak,both,direct,log,wape,p0.5|n10,1,33.57563196382486,33.57563196382486,,33.57563196382486,33.57563196382486,11.0,3.0
iter03_quick,bstar_2023,HP_Peak,XGBoost,size_peak,both,direct,log,wape,p1.0|n10,1,62.597575569986496,62.597575569986496,,62.597575569986496,62.597575569986496,16.0,3.0
iter03_quick,bstar_2023,HP_Peak,XGBoost,size_peak,both,direct,log,mape,all,1,26.505108252928395,26.505108252928395,,26.505108252928395,26.505108252928395,20.0,30.0
iter03_quick,bstar_2023,HP_Peak,XGBoost,size_peak,both,direct,log,mape,p0.05|n10,1,18.030412259313707,18.030412259313707,,18.030412259313707,18.030412259313707,5.0,6.0
iter03_quick,bstar_2023,HP_Peak,XGBoost,size_peak,both,direct,log,mape,p0.1|n10,1,20.60309264260952,20.60309264260952,,20.60309264260952,20.60309264260952,6.0,6.0
iter03_quick,bstar_2023,HP_Peak,XGBoost,size_peak,both,direct,log,mape,p0.2|n10,1,28.166769957313285,28.166769957313285,,28.166769957313285,28.166769957313285,9.0,6.0
iter03_quick,bstar_2023,HP_Peak,XGBoost,size_peak,both,direct,log,mape,p0.3|n10,1,18.245833751281,18.245833751281,,18.245833751281,18.245833751281,12.0,6.0
iter03_quick,bstar_2023,HP_Peak,XGBoost,size_peak,both,direct,log,mape,p0.5|n10,1,32.32991828514364,32.32991828514364,,32.32991828514364,32.32991828514364,11.0,3.0
iter03_quick,bstar_2023,HP_Peak,XGBoost,size_peak,both,direct,log,mape,p1.0|n10,1,62.6289470231053,62.6289470231053,,62.6289470231053,62.6289470231053,16.0,3.0
iter03_quick,bstar_2023,HP_Peak,XGBoost,size_peak,both,direct,log,r2,all,1,0.4380210290663281,0.4380210290663281,,0.4380210290663281,0.4380210290663281,20.0,30.0
iter03_quick,bstar_2023,HP_Peak,XGBoost,size_peak,both,direct,log,r2,p0.05|n10,1,0.0640633905268036,0.0640633905268036,,0.0640633905268036,0.0640633905268036,5.0,6.0
iter03_quick,bstar_2023,HP_Peak,XGBoost,size_peak,both,direct,log,r2,p0.1|n10,1,-0.1493164350342679,-0.1493164350342679,,-0.1493164350342679,-0.1493164350342679,6.0,6.0
iter03_quick,bstar_2023,HP_Peak,XGBoost,size_peak,both,direct,log,r2,p0.2|n10,1,-0.8017076316204579,-0.8017076316204579,,-0.8017076316204579,-0.8017076316204579,9.0,6.0
iter03_quick,bstar_2023,HP_Peak,XGBoost,size_peak,both,direct,log,r2,p0.3|n10,1,-0.4675315054917297,-0.4675315054917297,,-0.4675315054917297,-0.4675315054917297,12.0,6.0
iter03_quick,bstar_2023,HP_Peak,XGBoost,size_peak,both,direct,log,r2,p0.5|n10,1,-3.9485904967435896,-3.9485904967435896,,-3.9485904967435896,-3.9485904967435896,11.0,3.0
iter03_quick,bstar_2023,HP_Peak,XGBoost,size_peak,both,direct,log,r2,p1.0|n10,1,-50.624281574298514,-50.624281574298514,,-50.624281574298514,-50.624281574298514,16.0,3.0
iter03_quick,bstar_2023,HP_Peak,XGBoost,size_peak,both,direct,log,rmse,all,1,17.12528185258142,17.12528185258142,,17.12528185258142,17.12528185258142,20.0,30.0
iter03_quick,bstar_2023,HP_Peak,XGBoost,size_peak,both,direct,log,rmse,p0.05|n10,1,1.7117101645485362,1.7117101645485362,,1.7117101645485362,1.7117101645485362,5.0,6.0
iter03_quick,bstar_2023,HP_Peak,XGBoost,size_peak,both,direct,log,rmse,p0.1|n10,1,1.848940167344616,1.848940167344616,,1.848940167344616,1.848940167344616,6.0,6.0
iter03_quick,bstar_2023,HP_Peak,XGBoost,size_peak,both,direct,log,rmse,p0.2|n10,1,6.069357025654748,6.069357025654748,,6.069357025654748,6.069357025654748,9.0,6.0
iter03_quick,bstar_2023,HP_Peak,XGBoost,size_peak,both,direct,log,rmse,p0.3|n10,1,5.0255788174277125,5.0255788174277125,,5.0255788174277125,5.0255788174277125,12.0,6.0
iter03_quick,bstar_2023,HP_Peak,XGBoost,size_peak,both,direct,log,rmse,p0.5|n10,1,16.201553948420102,16.201553948420102,,16.201553948420102,16.201553948420102,11.0,3.0
iter03_quick,bstar_2023,HP_Peak,XGBoost,size_peak,both,direct,log,rmse,p1.0|n10,1,50.33267624307507,50.33267624307507,,50.33267624307507,50.33267624307507,16.0,3.0
iter03_quick,bstar_2023,HP_Peak,XGBoost,size_peak,both,direct,log,mae,all,1,8.64043900983899,8.64043900983899,,8.64043900983899,8.64043900983899,20.0,30.0
iter03_quick,bstar_2023,HP_Peak,XGBoost,size_peak,both,direct,log,mae,p0.05|n10,1,1.2917106233978262,1.2917106233978262,,1.2917106233978262,1.2917106233978262,5.0,6.0
iter03_quick,bstar_2023,HP_Peak,XGBoost,size_peak,both,direct,log,mae,p0.1|n10,1,1.340226047917681,1.340226047917681,,1.340226047917681,1.340226047917681,6.0,6.0
iter03_quick,bstar_2023,HP_Peak,XGBoost,size_peak,both,direct,log,mae,p0.2|n10,1,3.999754665028906,3.999754665028906,,3.999754665028906,3.999754665028906,9.0,6.0
iter03_quick,bstar_2023,HP_Peak,XGBoost,size_peak,both,direct,log,mae,p0.3|n10,1,4.09629094696063,4.09629094696063,,4.09629094696063,4.09629094696063,12.0,6.0
iter03_quick,bstar_2023,HP_Peak,XGBoost,size_peak,both,direct,log,mae,p0.5|n10,1,14.784512918213244,14.784512918213244,,14.784512918213244,14.784512918213244,11.0,3.0
iter03_quick,bstar_2023,HP_Peak,XGBoost,size_peak,both,direct,log,mae,p1.0|n10,1,50.16391261356657,50.16391261356657,,50.16391261356657,50.16391261356657,16.0,3.0
iter03_quick,bstar_2023,HP_Peak,XGBoost,size_peak,both,direct,log,mape_n_excluded,all,1,0.0,0.0,,0.0,0.0,20.0,30.0
iter03_quick,bstar_2023,HP_Peak,XGBoost,size_peak,both,direct,log,mape_n_excluded,p0.05|n10,1,0.0,0.0,,0.0,0.0,5.0,6.0
iter03_quick,bstar_2023,HP_Peak,XGBoost,size_peak,both,direct,log,mape_n_excluded,p0.1|n10,1,0.0,0.0,,0.0,0.0,6.0,6.0
iter03_quick,bstar_2023,HP_Peak,XGBoost,size_peak,both,direct,log,mape_n_excluded,p0.2|n10,1,0.0,0.0,,0.0,0.0,9.0,6.0
iter03_quick,bstar_2023,HP_Peak,XGBoost,size_peak,both,direct,log,mape_n_excluded,p0.3|n10,1,0.0,0.0,,0.0,0.0,12.0,6.0
iter03_quick,bstar_2023,HP_Peak,XGBoost,size_peak,both,direct,log,mape_n_excluded,p0.5|n10,1,0.0,0.0,,0.0,0.0,11.0,3.0
iter03_quick,bstar_2023,HP_Peak,XGBoost,size_peak,both,direct,log,mape_n_excluded,p1.0|n10,1,0.0,0.0,,0.0,0.0,16.0,3.0
iter03_quick,bstar_2023,HP_Peak,XGBoost,size_peak,both,direct,log,n_pred_nan,all,1,0.0,0.0,,0.0,0.0,20.0,30.0
iter03_quick,bstar_2023,HP_Peak,XGBoost,size_peak,both,direct,log,n_pred_nan,p0.05|n10,1,0.0,0.0,,0.0,0.0,5.0,6.0
iter03_quick,bstar_2023,HP_Peak,XGBoost,size_peak,both,direct,log,n_pred_nan,p0.1|n10,1,0.0,0.0,,0.0,0.0,6.0,6.0
iter03_quick,bstar_2023,HP_Peak,XGBoost,size_peak,both,direct,log,n_pred_nan,p0.2|n10,1,0.0,0.0,,0.0,0.0,9.0,6.0
iter03_quick,bstar_2023,HP_Peak,XGBoost,size_peak,both,direct,log,n_pred_nan,p0.3|n10,1,0.0,0.0,,0.0,0.0,12.0,6.0
iter03_quick,bstar_2023,HP_Peak,XGBoost,size_peak,both,direct,log,n_pred_nan,p0.5|n10,1,0.0,0.0,,0.0,0.0,11.0,3.0
iter03_quick,bstar_2023,HP_Peak,XGBoost,size_peak,both,direct,log,n_pred_nan,p1.0|n10,1,0.0,0.0,,0.0,0.0,16.0,3.0
iter03_quick,bstar_2023,HP_Peak,XGBoost,size_peak,both,direct,none,wape,all,1,37.48119817601483,37.48119817601483,,37.48119817601483,37.48119817601483,20.0,30.0
iter03_quick,bstar_2023,HP_Peak,XGBoost,size_peak,both,direct,none,wape,p0.05|n10,1,25.94811550929268,25.94811550929268,,25.94811550929268,25.94811550929268,5.0,6.0
iter03_quick,bstar_2023,HP_Peak,XGBoost,size_peak,both,direct,none,wape,p0.1|n10,1,29.54308180297512,29.54308180297512,,29.54308180297512,29.54308180297512,6.0,6.0
iter03_quick,bstar_2023,HP_Peak,XGBoost,size_peak,both,direct,none,wape,p0.2|n10,1,35.21629321726743,35.21629321726743,,35.21629321726743,35.21629321726743,9.0,6.0
iter03_quick,bstar_2023,HP_Peak,XGBoost,size_peak,both,direct,none,wape,p0.3|n10,1,20.260072240090143,20.260072240090143,,20.260072240090143,20.260072240090143,12.0,6.0
iter03_quick,bstar_2023,HP_Peak,XGBoost,size_peak,both,direct,none,wape,p0.5|n10,1,30.95055610444862,30.95055610444862,,30.95055610444862,30.95055610444862,11.0,3.0
iter03_quick,bstar_2023,HP_Peak,XGBoost,size_peak,both,direct,none,wape,p1.0|n10,1,54.10193288146944,54.10193288146944,,54.10193288146944,54.10193288146944,16.0,3.0
iter03_quick,bstar_2023,HP_Peak,XGBoost,size_peak,both,direct,none,mape,all,1,29.37153985002492,29.37153985002492,,29.37153985002492,29.37153985002492,20.0,30.0
iter03_quick,bstar_2023,HP_Peak,XGBoost,size_peak,both,direct,none,mape,p0.05|n10,1,23.91621527801104,23.91621527801104,,23.91621527801104,23.91621527801104,5.0,6.0
iter03_quick,bstar_2023,HP_Peak,XGBoost,size_peak,both,direct,none,mape,p0.1|n10,1,29.05479148644932,29.05479148644932,,29.05479148644932,29.05479148644932,6.0,6.0
iter03_quick,bstar_2023,HP_Peak,XGBoost,size_peak,both,direct,none,mape,p0.2|n10,1,31.36055395816359,31.36055395816359,,31.36055395816359,31.36055395816359,9.0,6.0
iter03_quick,bstar_2023,HP_Peak,XGBoost,size_peak,both,direct,none,mape,p0.3|n10,1,21.307553484446853,21.307553484446853,,21.307553484446853,21.307553484446853,12.0,6.0
iter03_quick,bstar_2023,HP_Peak,XGBoost,size_peak,both,direct,none,mape,p0.5|n10,1,28.39759452515254,28.39759452515254,,28.39759452515254,28.39759452515254,11.0,3.0
iter03_quick,bstar_2023,HP_Peak,XGBoost,size_peak,both,direct,none,mape,p1.0|n10,1,54.03957556095499,54.03957556095499,,54.03957556095499,54.03957556095499,16.0,3.0
iter03_quick,bstar_2023,HP_Peak,XGBoost,size_peak,both,direct,none,r2,all,1,0.5540926309233949,0.5540926309233949,,0.5540926309233949,0.5540926309233949,20.0,30.0
iter03_quick,bstar_2023,HP_Peak,XGBoost,size_peak,both,direct,none,r2,p0.05|n10,1,-0.1043952128486698,-0.1043952128486698,,-0.1043952128486698,-0.1043952128486698,5.0,6.0
iter03_quick,bstar_2023,HP_Peak,XGBoost,size_peak,both,direct,none,r2,p0.1|n10,1,-0.4526765429951997,-0.4526765429951997,,-0.4526765429951997,-0.4526765429951997,6.0,6.0
iter03_quick,bstar_2023,HP_Peak,XGBoost,size_peak,both,direct,none,r2,p0.2|n10,1,-0.8280663128974215,-0.8280663128974215,,-0.8280663128974215,-0.8280663128974215,9.0,6.0
iter03_quick,bstar_2023,HP_Peak,XGBoost,size_peak,both,direct,none,r2,p0.3|n10,1,-0.2817531386732546,-0.2817531386732546,,-0.2817531386732546,-0.2817531386732546,12.0,6.0
iter03_quick,bstar_2023,HP_Peak,XGBoost,size_peak,both,direct,none,r2,p0.5|n10,1,-4.542071331448666,-4.542071331448666,,-4.542071331448666,-4.542071331448666,11.0,3.0
iter03_quick,bstar_2023,HP_Peak,XGBoost,size_peak,both,direct,none,r2,p1.0|n10,1,-37.68944694720855,-37.68944694720855,,-37.68944694720855,-37.68944694720855,16.0,3.0
iter03_quick,bstar_2023,HP_Peak,XGBoost,size_peak,both,direct,none,rmse,all,1,15.254571764963726,15.254571764963726,,15.254571764963726,15.254571764963726,20.0,30.0
iter03_quick,bstar_2023,HP_Peak,XGBoost,size_peak,both,direct,none,rmse,p0.05|n10,1,1.8593847716183656,1.8593847716183656,,1.8593847716183656,1.8593847716183656,5.0,6.0
iter03_quick,bstar_2023,HP_Peak,XGBoost,size_peak,both,direct,none,rmse,p0.1|n10,1,2.0786793933765453,2.0786793933765453,,2.0786793933765453,2.0786793933765453,6.0,6.0
iter03_quick,bstar_2023,HP_Peak,XGBoost,size_peak,both,direct,none,rmse,p0.2|n10,1,6.113592662143507,6.113592662143507,,6.113592662143507,6.113592662143507,9.0,6.0
iter03_quick,bstar_2023,HP_Peak,XGBoost,size_peak,both,direct,none,rmse,p0.3|n10,1,4.696718880609199,4.696718880609199,,4.696718880609199,4.696718880609199,12.0,6.0
iter03_quick,bstar_2023,HP_Peak,XGBoost,size_peak,both,direct,none,rmse,p0.5|n10,1,17.145571610582774,17.145571610582774,,17.145571610582774,17.145571610582774,11.0,3.0
iter03_quick,bstar_2023,HP_Peak,XGBoost,size_peak,both,direct,none,rmse,p1.0|n10,1,43.57318171774632,43.57318171774632,,43.57318171774632,43.57318171774632,16.0,3.0
iter03_quick,bstar_2023,HP_Peak,XGBoost,size_peak,both,direct,none,mae,all,1,8.197416501409476,8.197416501409476,,8.197416501409476,8.197416501409476,20.0,30.0
iter03_quick,bstar_2023,HP_Peak,XGBoost,size_peak,both,direct,none,mae,p0.05|n10,1,1.5795908396784455,1.5795908396784455,,1.5795908396784455,1.5795908396784455,5.0,6.0
iter03_quick,bstar_2023,HP_Peak,XGBoost,size_peak,both,direct,none,mae,p0.1|n10,1,1.7744059437408428,1.7744059437408428,,1.7744059437408428,1.7744059437408428,6.0,6.0
iter03_quick,bstar_2023,HP_Peak,XGBoost,size_peak,both,direct,none,mae,p0.2|n10,1,4.743350853042618,4.743350853042618,,4.743350853042618,4.743350853042618,9.0,6.0
iter03_quick,bstar_2023,HP_Peak,XGBoost,size_peak,both,direct,none,mae,p0.3|n10,1,4.397560920511814,4.397560920511814,,4.397560920511814,4.397560920511814,12.0,6.0
iter03_quick,bstar_2023,HP_Peak,XGBoost,size_peak,both,direct,none,mae,p0.5|n10,1,13.628601154704128,13.628601154704128,,13.628601154704128,13.628601154704128,11.0,3.0
iter03_quick,bstar_2023,HP_Peak,XGBoost,size_peak,both,direct,none,mae,p1.0|n10,1,43.355746745443206,43.355746745443206,,43.355746745443206,43.355746745443206,16.0,3.0
iter03_quick,bstar_2023,HP_Peak,XGBoost,size_peak,both,direct,none,mape_n_excluded,all,1,0.0,0.0,,0.0,0.0,20.0,30.0
iter03_quick,bstar_2023,HP_Peak,XGBoost,size_peak,both,direct,none,mape_n_excluded,p0.05|n10,1,0.0,0.0,,0.0,0.0,5.0,6.0
iter03_quick,bstar_2023,HP_Peak,XGBoost,size_peak,both,direct,none,mape_n_excluded,p0.1|n10,1,0.0,0.0,,0.0,0.0,6.0,6.0
iter03_quick,bstar_2023,HP_Peak,XGBoost,size_peak,both,direct,none,mape_n_excluded,p0.2|n10,1,0.0,0.0,,0.0,0.0,9.0,6.0
iter03_quick,bstar_2023,HP_Peak,XGBoost,size_peak,both,direct,none,mape_n_excluded,p0.3|n10,1,0.0,0.0,,0.0,0.0,12.0,6.0
iter03_quick,bstar_2023,HP_Peak,XGBoost,size_peak,both,direct,none,mape_n_excluded,p0.5|n10,1,0.0,0.0,,0.0,0.0,11.0,3.0
iter03_quick,bstar_2023,HP_Peak,XGBoost,size_peak,both,direct,none,mape_n_excluded,p1.0|n10,1,0.0,0.0,,0.0,0.0,16.0,3.0
iter03_quick,bstar_2023,HP_Peak,XGBoost,size_peak,both,direct,none,n_pred_nan,all,1,0.0,0.0,,0.0,0.0,20.0,30.0
iter03_quick,bstar_2023,HP_Peak,XGBoost,size_peak,both,direct,none,n_pred_nan,p0.05|n10,1,0.0,0.0,,0.0,0.0,5.0,6.0
iter03_quick,bstar_2023,HP_Peak,XGBoost,size_peak,both,direct,none,n_pred_nan,p0.1|n10,1,0.0,0.0,,0.0,0.0,6.0,6.0
iter03_quick,bstar_2023,HP_Peak,XGBoost,size_peak,both,direct,none,n_pred_nan,p0.2|n10,1,0.0,0.0,,0.0,0.0,9.0,6.0
iter03_quick,bstar_2023,HP_Peak,XGBoost,size_peak,both,direct,none,n_pred_nan,p0.3|n10,1,0.0,0.0,,0.0,0.0,12.0,6.0
iter03_quick,bstar_2023,HP_Peak,XGBoost,size_peak,both,direct,none,n_pred_nan,p0.5|n10,1,0.0,0.0,,0.0,0.0,11.0,3.0
iter03_quick,bstar_2023,HP_Peak,XGBoost,size_peak,both,direct,none,n_pred_nan,p1.0|n10,1,0.0,0.0,,0.0,0.0,16.0,3.0
iter03_quick,bstar_2023,HP_Peak,XGBoost,size_peak,both,residual,log,wape,all,1,27.60243388520238,27.60243388520238,,27.60243388520238,27.60243388520238,20.0,30.0
iter03_quick,bstar_2023,HP_Peak,XGBoost,size_peak,both,residual,log,wape,p0.05|n10,1,36.70571045916534,36.70571045916534,,36.70571045916534,36.70571045916534,5.0,6.0
iter03_quick,bstar_2023,HP_Peak,XGBoost,size_peak,both,residual,log,wape,p0.1|n10,1,27.819379772835013,27.819379772835013,,27.819379772835013,27.819379772835013,6.0,6.0
iter03_quick,bstar_2023,HP_Peak,XGBoost,size_peak,both,residual,log,wape,p0.2|n10,1,32.78909164628392,32.78909164628392,,32.78909164628392,32.78909164628392,9.0,6.0
iter03_quick,bstar_2023,HP_Peak,XGBoost,size_peak,both,residual,log,wape,p0.3|n10,1,16.44349716006906,16.44349716006906,,16.44349716006906,16.44349716006906,12.0,6.0
iter03_quick,bstar_2023,HP_Peak,XGBoost,size_peak,both,residual,log,wape,p0.5|n10,1,24.07165020632839,24.07165020632839,,24.07165020632839,24.07165020632839,11.0,3.0
iter03_quick,bstar_2023,HP_Peak,XGBoost,size_peak,both,residual,log,wape,p1.0|n10,1,32.4283588035251,32.4283588035251,,32.4283588035251,32.4283588035251,16.0,3.0
iter03_quick,bstar_2023,HP_Peak,XGBoost,size_peak,both,residual,log,mape,all,1,27.52231531975673,27.52231531975673,,27.52231531975673,27.52231531975673,20.0,30.0
iter03_quick,bstar_2023,HP_Peak,XGBoost,size_peak,both,residual,log,mape,p0.05|n10,1,31.72374482834933,31.72374482834933,,31.72374482834933,31.72374482834933,5.0,6.0
iter03_quick,bstar_2023,HP_Peak,XGBoost,size_peak,both,residual,log,mape,p0.1|n10,1,27.449506260540502,27.449506260540502,,27.449506260540502,27.449506260540502,6.0,6.0
iter03_quick,bstar_2023,HP_Peak,XGBoost,size_peak,both,residual,log,mape,p0.2|n10,1,33.730265454646194,33.730265454646194,,33.730265454646194,33.730265454646194,9.0,6.0
iter03_quick,bstar_2023,HP_Peak,XGBoost,size_peak,both,residual,log,mape,p0.3|n10,1,16.774545829921152,16.774545829921152,,16.774545829921152,16.774545829921152,12.0,6.0
iter03_quick,bstar_2023,HP_Peak,XGBoost,size_peak,both,residual,log,mape,p0.5|n10,1,23.03704691259594,23.03704691259594,,23.03704691259594,23.03704691259594,11.0,3.0
iter03_quick,bstar_2023,HP_Peak,XGBoost,size_peak,both,residual,log,mape,p1.0|n10,1,32.82998153805707,32.82998153805707,,32.82998153805707,32.82998153805707,16.0,3.0
iter03_quick,bstar_2023,HP_Peak,XGBoost,size_peak,both,residual,log,r2,all,1,0.8158822264709258,0.8158822264709258,,0.8158822264709258,0.8158822264709258,20.0,30.0
iter03_quick,bstar_2023,HP_Peak,XGBoost,size_peak,both,residual,log,r2,p0.05|n10,1,-1.8662802693621665,-1.8662802693621665,,-1.8662802693621665,-1.8662802693621665,5.0,6.0
iter03_quick,bstar_2023,HP_Peak,XGBoost,size_peak,both,residual,log,r2,p0.1|n10,1,-0.2339960726351868,-0.2339960726351868,,-0.2339960726351868,-0.2339960726351868,6.0,6.0
iter03_quick,bstar_2023,HP_Peak,XGBoost,size_peak,both,residual,log,r2,p0.2|n10,1,-0.6804991798416833,-0.6804991798416833,,-0.6804991798416833,-0.6804991798416833,9.0,6.0
iter03_quick,bstar_2023,HP_Peak,XGBoost,size_peak,both,residual,log,r2,p0.3|n10,1,-0.4831432346298137,-0.4831432346298137,,-0.4831432346298137,-0.4831432346298137,12.0,6.0
iter03_quick,bstar_2023,HP_Peak,XGBoost,size_peak,both,residual,log,r2,p0.5|n10,1,-1.5705955151030024,-1.5705955151030024,,-1.5705955151030024,-1.5705955151030024,11.0,3.0
iter03_quick,bstar_2023,HP_Peak,XGBoost,size_peak,both,residual,log,r2,p1.0|n10,1,-12.845224146306222,-12.845224146306222,,-12.845224146306222,-12.845224146306222,16.0,3.0
iter03_quick,bstar_2023,HP_Peak,XGBoost,size_peak,both,residual,log,rmse,all,1,9.802244992247749,9.802244992247749,,9.802244992247749,9.802244992247749,20.0,30.0
iter03_quick,bstar_2023,HP_Peak,XGBoost,size_peak,both,residual,log,rmse,p0.05|n10,1,2.995479412512329,2.995479412512329,,2.995479412512329,2.995479412512329,5.0,6.0
iter03_quick,bstar_2023,HP_Peak,XGBoost,size_peak,both,residual,log,rmse,p0.1|n10,1,1.9158430929709145,1.9158430929709145,,1.9158430929709145,1.9158430929709145,6.0,6.0
iter03_quick,bstar_2023,HP_Peak,XGBoost,size_peak,both,residual,log,rmse,p0.2|n10,1,5.861647241029527,5.861647241029527,,5.861647241029527,5.861647241029527,9.0,6.0
iter03_quick,bstar_2023,HP_Peak,XGBoost,size_peak,both,residual,log,rmse,p0.3|n10,1,5.0522393752448576,5.0522393752448576,,5.0522393752448576,5.0522393752448576,12.0,6.0
iter03_quick,bstar_2023,HP_Peak,XGBoost,size_peak,both,residual,log,rmse,p0.5|n10,1,11.677040476504471,11.677040476504471,,11.677040476504471,11.677040476504471,11.0,3.0
iter03_quick,bstar_2023,HP_Peak,XGBoost,size_peak,both,residual,log,rmse,p1.0|n10,1,26.06591700073317,26.06591700073317,,26.06591700073317,26.06591700073317,16.0,3.0
iter03_quick,bstar_2023,HP_Peak,XGBoost,size_peak,both,residual,log,mae,all,1,6.036857358375944,6.036857358375944,,6.036857358375944,6.036857358375944,20.0,30.0
iter03_quick,bstar_2023,HP_Peak,XGBoost,size_peak,both,residual,log,mae,p0.05|n10,1,2.2344591453827456,2.2344591453827456,,2.2344591453827456,2.2344591453827456,5.0,6.0
iter03_quick,bstar_2023,HP_Peak,XGBoost,size_peak,both,residual,log,mae,p0.1|n10,1,1.6708775729392993,1.6708775729392993,,1.6708775729392993,1.6708775729392993,6.0,6.0
iter03_quick,bstar_2023,HP_Peak,XGBoost,size_peak,both,residual,log,mae,p0.2|n10,1,4.4164263646758,4.4164263646758,,4.4164263646758,4.4164263646758,9.0,6.0
iter03_quick,bstar_2023,HP_Peak,XGBoost,size_peak,both,residual,log,mae,p0.3|n10,1,3.5691521555672865,3.5691521555672865,,3.5691521555672865,3.5691521555672865,12.0,6.0
iter03_quick,bstar_2023,HP_Peak,XGBoost,size_peak,both,residual,log,mae,p0.5|n10,1,10.599580785898947,10.599580785898947,,10.599580785898947,10.599580785898947,11.0,3.0
iter03_quick,bstar_2023,HP_Peak,XGBoost,size_peak,both,residual,log,mae,p1.0|n10,1,25.98716232073022,25.98716232073022,,25.98716232073022,25.98716232073022,16.0,3.0
iter03_quick,bstar_2023,HP_Peak,XGBoost,size_peak,both,residual,log,mape_n_excluded,all,1,0.0,0.0,,0.0,0.0,20.0,30.0
iter03_quick,bstar_2023,HP_Peak,XGBoost,size_peak,both,residual,log,mape_n_excluded,p0.05|n10,1,0.0,0.0,,0.0,0.0,5.0,6.0
iter03_quick,bstar_2023,HP_Peak,XGBoost,size_peak,both,residual,log,mape_n_excluded,p0.1|n10,1,0.0,0.0,,0.0,0.0,6.0,6.0
iter03_quick,bstar_2023,HP_Peak,XGBoost,size_peak,both,residual,log,mape_n_excluded,p0.2|n10,1,0.0,0.0,,0.0,0.0,9.0,6.0
iter03_quick,bstar_2023,HP_Peak,XGBoost,size_peak,both,residual,log,mape_n_excluded,p0.3|n10,1,0.0,0.0,,0.0,0.0,12.0,6.0
iter03_quick,bstar_2023,HP_Peak,XGBoost,size_peak,both,residual,log,mape_n_excluded,p0.5|n10,1,0.0,0.0,,0.0,0.0,11.0,3.0
iter03_quick,bstar_2023,HP_Peak,XGBoost,size_peak,both,residual,log,mape_n_excluded,p1.0|n10,1,0.0,0.0,,0.0,0.0,16.0,3.0
iter03_quick,bstar_2023,HP_Peak,XGBoost,size_peak,both,residual,log,n_invalid,all,1,0.0,0.0,,0.0,0.0,20.0,30.0
iter03_quick,bstar_2023,HP_Peak,XGBoost,size_peak,both,residual,log,n_pred_nan,all,1,0.0,0.0,,0.0,0.0,20.0,30.0
iter03_quick,bstar_2023,HP_Peak,XGBoost,size_peak,both,residual,log,n_pred_nan,p0.05|n10,1,0.0,0.0,,0.0,0.0,5.0,6.0
iter03_quick,bstar_2023,HP_Peak,XGBoost,size_peak,both,residual,log,n_pred_nan,p0.1|n10,1,0.0,0.0,,0.0,0.0,6.0,6.0
iter03_quick,bstar_2023,HP_Peak,XGBoost,size_peak,both,residual,log,n_pred_nan,p0.2|n10,1,0.0,0.0,,0.0,0.0,9.0,6.0
iter03_quick,bstar_2023,HP_Peak,XGBoost,size_peak,both,residual,log,n_pred_nan,p0.3|n10,1,0.0,0.0,,0.0,0.0,12.0,6.0
iter03_quick,bstar_2023,HP_Peak,XGBoost,size_peak,both,residual,log,n_pred_nan,p0.5|n10,1,0.0,0.0,,0.0,0.0,11.0,3.0
iter03_quick,bstar_2023,HP_Peak,XGBoost,size_peak,both,residual,log,n_pred_nan,p1.0|n10,1,0.0,0.0,,0.0,0.0,16.0,3.0
iter03_quick,bstar_2023,HP_Peak,XGBoost,size_peak,both,residual,log,n_resid_excluded_inner,all,1,0.0,0.0,,0.0,0.0,20.0,30.0
iter03_quick,bstar_2023,HP_Peak,XGBoost,size_peak,both,residual,log,n_resid_excluded_train,all,1,0.0,0.0,,0.0,0.0,20.0,30.0
iter03_quick,bstar_2023,HP_Peak,XGBoost,size_peak,netfit,direct,log,wape,all,1,42.31394249041527,42.31394249041527,,42.31394249041527,42.31394249041527,20.0,30.0
iter03_quick,bstar_2023,HP_Peak,XGBoost,size_peak,netfit,direct,log,wape,p0.05|n10,1,24.37413861770649,24.37413861770649,,24.37413861770649,24.37413861770649,5.0,6.0
iter03_quick,bstar_2023,HP_Peak,XGBoost,size_peak,netfit,direct,log,wape,p0.1|n10,1,27.94610069561785,27.94610069561785,,27.94610069561785,27.94610069561785,6.0,6.0
iter03_quick,bstar_2023,HP_Peak,XGBoost,size_peak,netfit,direct,log,wape,p0.2|n10,1,34.40255937350243,34.40255937350243,,34.40255937350243,34.40255937350243,9.0,6.0
iter03_quick,bstar_2023,HP_Peak,XGBoost,size_peak,netfit,direct,log,wape,p0.3|n10,1,15.435703466975642,15.435703466975642,,15.435703466975642,15.435703466975642,12.0,6.0
iter03_quick,bstar_2023,HP_Peak,XGBoost,size_peak,netfit,direct,log,wape,p0.5|n10,1,41.722977191576014,41.722977191576014,,41.722977191576014,41.722977191576014,11.0,3.0
iter03_quick,bstar_2023,HP_Peak,XGBoost,size_peak,netfit,direct,log,wape,p1.0|n10,1,64.73755691223768,64.73755691223768,,64.73755691223768,64.73755691223768,16.0,3.0
iter03_quick,bstar_2023,HP_Peak,XGBoost,size_peak,netfit,direct,log,mape,all,1,30.28980426716621,30.28980426716621,,30.28980426716621,30.28980426716621,20.0,30.0
iter03_quick,bstar_2023,HP_Peak,XGBoost,size_peak,netfit,direct,log,mape,p0.05|n10,1,22.029740224500493,22.029740224500493,,22.029740224500493,22.029740224500493,5.0,6.0
iter03_quick,bstar_2023,HP_Peak,XGBoost,size_peak,netfit,direct,log,mape,p0.1|n10,1,27.08958758172145,27.08958758172145,,27.08958758172145,27.08958758172145,6.0,6.0
iter03_quick,bstar_2023,HP_Peak,XGBoost,size_peak,netfit,direct,log,mape,p0.2|n10,1,35.77735495767907,35.77735495767907,,35.77735495767907,35.77735495767907,9.0,6.0
iter03_quick,bstar_2023,HP_Peak,XGBoost,size_peak,netfit,direct,log,mape,p0.3|n10,1,14.007670733943693,14.007670733943693,,14.007670733943693,14.007670733943693,12.0,6.0
iter03_quick,bstar_2023,HP_Peak,XGBoost,size_peak,netfit,direct,log,mape,p0.5|n10,1,40.47683709920886,40.47683709920886,,40.47683709920886,40.47683709920886,11.0,3.0
iter03_quick,bstar_2023,HP_Peak,XGBoost,size_peak,netfit,direct,log,mape,p1.0|n10,1,64.61249857676387,64.61249857676387,,64.61249857676387,64.61249857676387,16.0,3.0
iter03_quick,bstar_2023,HP_Peak,XGBoost,size_peak,netfit,direct,log,r2,all,1,0.3792206408919836,0.3792206408919836,,0.3792206408919836,0.3792206408919836,20.0,30.0
iter03_quick,bstar_2023,HP_Peak,XGBoost,size_peak,netfit,direct,log,r2,p0.05|n10,1,-0.0656853385621747,-0.0656853385621747,,-0.0656853385621747,-0.0656853385621747,5.0,6.0
iter03_quick,bstar_2023,HP_Peak,XGBoost,size_peak,netfit,direct,log,r2,p0.1|n10,1,-0.462878552194679,-0.462878552194679,,-0.462878552194679,-0.462878552194679,6.0,6.0
iter03_quick,bstar_2023,HP_Peak,XGBoost,size_peak,netfit,direct,log,r2,p0.2|n10,1,-0.8664593291252447,-0.8664593291252447,,-0.8664593291252447,-0.8664593291252447,9.0,6.0
iter03_quick,bstar_2023,HP_Peak,XGBoost,size_peak,netfit,direct,log,r2,p0.3|n10,1,-0.1836778176892592,-0.1836778176892592,,-0.1836778176892592,-0.1836778176892592,12.0,6.0
iter03_quick,bstar_2023,HP_Peak,XGBoost,size_peak,netfit,direct,log,r2,p0.5|n10,1,-6.2133853855522805,-6.2133853855522805,,-6.2133853855522805,-6.2133853855522805,11.0,3.0
iter03_quick,bstar_2023,HP_Peak,XGBoost,size_peak,netfit,direct,log,r2,p1.0|n10,1,-54.51985491954144,-54.51985491954144,,-54.51985491954144,-54.51985491954144,16.0,3.0
iter03_quick,bstar_2023,HP_Peak,XGBoost,size_peak,netfit,direct,log,rmse,all,1,17.99891515337687,17.99891515337687,,17.99891515337687,17.99891515337687,20.0,30.0
iter03_quick,bstar_2023,HP_Peak,XGBoost,size_peak,netfit,direct,log,rmse,p0.05|n10,1,1.8265077003166883,1.8265077003166883,,1.8265077003166883,1.8265077003166883,5.0,6.0
iter03_quick,bstar_2023,HP_Peak,XGBoost,size_peak,netfit,direct,log,rmse,p0.1|n10,1,2.085965806651812,2.085965806651812,,2.085965806651812,2.085965806651812,6.0,6.0
iter03_quick,bstar_2023,HP_Peak,XGBoost,size_peak,netfit,direct,log,rmse,p0.2|n10,1,6.177457862800068,6.177457862800068,,6.177457862800068,6.177457862800068,9.0,6.0
iter03_quick,bstar_2023,HP_Peak,XGBoost,size_peak,netfit,direct,log,rmse,p0.3|n10,1,4.513455097425193,4.513455097425193,,4.513455097425193,4.513455097425193,12.0,6.0
iter03_quick,bstar_2023,HP_Peak,XGBoost,size_peak,netfit,direct,log,rmse,p0.5|n10,1,19.560749016061195,19.560749016061195,,19.560749016061195,19.560749016061195,11.0,3.0
iter03_quick,bstar_2023,HP_Peak,XGBoost,size_peak,netfit,direct,log,rmse,p1.0|n10,1,52.19719601987539,52.19719601987539,,52.19719601987539,52.19719601987539,16.0,3.0
iter03_quick,bstar_2023,HP_Peak,XGBoost,size_peak,netfit,direct,log,mae,all,1,9.254373587037286,9.254373587037286,,9.254373587037286,9.254373587037286,20.0,30.0
iter03_quick,bstar_2023,HP_Peak,XGBoost,size_peak,netfit,direct,log,mae,p0.05|n10,1,1.4837750383758537,1.4837750383758537,,1.4837750383758537,1.4837750383758537,5.0,6.0
iter03_quick,bstar_2023,HP_Peak,XGBoost,size_peak,netfit,direct,log,mae,p0.1|n10,1,1.67848863938395,1.67848863938395,,1.67848863938395,1.67848863938395,6.0,6.0
iter03_quick,bstar_2023,HP_Peak,XGBoost,size_peak,netfit,direct,log,mae,p0.2|n10,1,4.633747462982253,4.633747462982253,,4.633747462982253,4.633747462982253,9.0,6.0
iter03_quick,bstar_2023,HP_Peak,XGBoost,size_peak,netfit,direct,log,mae,p0.3|n10,1,3.350404951304299,3.350404951304299,,3.350404951304299,3.350404951304299,12.0,6.0
iter03_quick,bstar_2023,HP_Peak,XGBoost,size_peak,netfit,direct,log,mae,p0.5|n10,1,18.372071028768257,18.372071028768257,,18.372071028768257,18.372071028768257,11.0,3.0
iter03_quick,bstar_2023,HP_Peak,XGBoost,size_peak,netfit,direct,log,mae,p1.0|n10,1,51.878832657511886,51.878832657511886,,51.878832657511886,51.878832657511886,16.0,3.0
iter03_quick,bstar_2023,HP_Peak,XGBoost,size_peak,netfit,direct,log,mape_n_excluded,all,1,0.0,0.0,,0.0,0.0,20.0,30.0
iter03_quick,bstar_2023,HP_Peak,XGBoost,size_peak,netfit,direct,log,mape_n_excluded,p0.05|n10,1,0.0,0.0,,0.0,0.0,5.0,6.0
iter03_quick,bstar_2023,HP_Peak,XGBoost,size_peak,netfit,direct,log,mape_n_excluded,p0.1|n10,1,0.0,0.0,,0.0,0.0,6.0,6.0
iter03_quick,bstar_2023,HP_Peak,XGBoost,size_peak,netfit,direct,log,mape_n_excluded,p0.2|n10,1,0.0,0.0,,0.0,0.0,9.0,6.0
iter03_quick,bstar_2023,HP_Peak,XGBoost,size_peak,netfit,direct,log,mape_n_excluded,p0.3|n10,1,0.0,0.0,,0.0,0.0,12.0,6.0
iter03_quick,bstar_2023,HP_Peak,XGBoost,size_peak,netfit,direct,log,mape_n_excluded,p0.5|n10,1,0.0,0.0,,0.0,0.0,11.0,3.0
iter03_quick,bstar_2023,HP_Peak,XGBoost,size_peak,netfit,direct,log,mape_n_excluded,p1.0|n10,1,0.0,0.0,,0.0,0.0,16.0,3.0
iter03_quick,bstar_2023,HP_Peak,XGBoost,size_peak,netfit,direct,log,n_pred_nan,all,1,0.0,0.0,,0.0,0.0,20.0,30.0
iter03_quick,bstar_2023,HP_Peak,XGBoost,size_peak,netfit,direct,log,n_pred_nan,p0.05|n10,1,0.0,0.0,,0.0,0.0,5.0,6.0
iter03_quick,bstar_2023,HP_Peak,XGBoost,size_peak,netfit,direct,log,n_pred_nan,p0.1|n10,1,0.0,0.0,,0.0,0.0,6.0,6.0
iter03_quick,bstar_2023,HP_Peak,XGBoost,size_peak,netfit,direct,log,n_pred_nan,p0.2|n10,1,0.0,0.0,,0.0,0.0,9.0,6.0
iter03_quick,bstar_2023,HP_Peak,XGBoost,size_peak,netfit,direct,log,n_pred_nan,p0.3|n10,1,0.0,0.0,,0.0,0.0,12.0,6.0
iter03_quick,bstar_2023,HP_Peak,XGBoost,size_peak,netfit,direct,log,n_pred_nan,p0.5|n10,1,0.0,0.0,,0.0,0.0,11.0,3.0
iter03_quick,bstar_2023,HP_Peak,XGBoost,size_peak,netfit,direct,log,n_pred_nan,p1.0|n10,1,0.0,0.0,,0.0,0.0,16.0,3.0
iter03_quick,bstar_2023,HP_Peak,XGBoost,size_peak,netfit,direct,none,wape,all,1,26.73132064054623,26.73132064054623,,26.73132064054623,26.73132064054623,20.0,30.0
iter03_quick,bstar_2023,HP_Peak,XGBoost,size_peak,netfit,direct,none,wape,p0.05|n10,1,30.90388620535005,30.90388620535005,,30.90388620535005,30.90388620535005,5.0,6.0
iter03_quick,bstar_2023,HP_Peak,XGBoost,size_peak,netfit,direct,none,wape,p0.1|n10,1,36.72753063237874,36.72753063237874,,36.72753063237874,36.72753063237874,6.0,6.0
iter03_quick,bstar_2023,HP_Peak,XGBoost,size_peak,netfit,direct,none,wape,p0.2|n10,1,35.67541680498612,35.67541680498612,,35.67541680498612,35.67541680498612,9.0,6.0
iter03_quick,bstar_2023,HP_Peak,XGBoost,size_peak,netfit,direct,none,wape,p0.3|n10,1,12.40349535544379,12.40349535544379,,12.40349535544379,12.40349535544379,12.0,6.0
iter03_quick,bstar_2023,HP_Peak,XGBoost,size_peak,netfit,direct,none,wape,p0.5|n10,1,31.73133948709168,31.73133948709168,,31.73133948709168,31.73133948709168,11.0,3.0
iter03_quick,bstar_2023,HP_Peak,XGBoost,size_peak,netfit,direct,none,wape,p1.0|n10,1,26.60653937199181,26.60653937199181,,26.60653937199181,26.60653937199181,16.0,3.0
iter03_quick,bstar_2023,HP_Peak,XGBoost,size_peak,netfit,direct,none,mape,all,1,30.224856632698486,30.224856632698486,,30.224856632698486,30.224856632698486,20.0,30.0
iter03_quick,bstar_2023,HP_Peak,XGBoost,size_peak,netfit,direct,none,mape,p0.05|n10,1,32.03859617811211,32.03859617811211,,32.03859617811211,32.03859617811211,5.0,6.0
iter03_quick,bstar_2023,HP_Peak,XGBoost,size_peak,netfit,direct,none,mape,p0.1|n10,1,39.85518886111613,39.85518886111613,,39.85518886111613,39.85518886111613,6.0,6.0
iter03_quick,bstar_2023,HP_Peak,XGBoost,size_peak,netfit,direct,none,mape,p0.2|n10,1,38.14399491986277,38.14399491986277,,38.14399491986277,38.14399491986277,9.0,6.0
iter03_quick,bstar_2023,HP_Peak,XGBoost,size_peak,netfit,direct,none,mape,p0.3|n10,1,11.869852518425365,11.869852518425365,,11.869852518425365,11.869852518425365,12.0,6.0
iter03_quick,bstar_2023,HP_Peak,XGBoost,size_peak,netfit,direct,none,mape,p0.5|n10,1,31.16142822682846,31.16142822682846,,31.16142822682846,31.16142822682846,11.0,3.0
iter03_quick,bstar_2023,HP_Peak,XGBoost,size_peak,netfit,direct,none,mape,p1.0|n10,1,27.271873145123664,27.271873145123664,,27.271873145123664,27.271873145123664,16.0,3.0
iter03_quick,bstar_2023,HP_Peak,XGBoost,size_peak,netfit,direct,none,r2,all,1,0.8415508781803316,0.8415508781803316,,0.8415508781803316,0.8415508781803316,20.0,30.0
iter03_quick,bstar_2023,HP_Peak,XGBoost,size_peak,netfit,direct,none,r2,p0.05|n10,1,-0.2660979729274566,-0.2660979729274566,,-0.2660979729274566,-0.2660979729274566,5.0,6.0
iter03_quick,bstar_2023,HP_Peak,XGBoost,size_peak,netfit,direct,none,r2,p0.1|n10,1,-1.045335906590529,-1.045335906590529,,-1.045335906590529,-1.045335906590529,6.0,6.0
iter03_quick,bstar_2023,HP_Peak,XGBoost,size_peak,netfit,direct,none,r2,p0.2|n10,1,-0.5019099205329691,-0.5019099205329691,,-0.5019099205329691,-0.5019099205329691,9.0,6.0
iter03_quick,bstar_2023,HP_Peak,XGBoost,size_peak,netfit,direct,none,r2,p0.3|n10,1,0.2552871202113922,0.2552871202113922,,0.2552871202113922,0.2552871202113922,12.0,6.0
iter03_quick,bstar_2023,HP_Peak,XGBoost,size_peak,netfit,direct,none,r2,p0.5|n10,1,-3.0804810177145177,-3.0804810177145177,,-3.0804810177145177,-3.0804810177145177,11.0,3.0
iter03_quick,bstar_2023,HP_Peak,XGBoost,size_peak,netfit,direct,none,r2,p1.0|n10,1,-9.25605923115075,-9.25605923115075,,-9.25605923115075,-9.25605923115075,16.0,3.0
iter03_quick,bstar_2023,HP_Peak,XGBoost,size_peak,netfit,direct,none,rmse,all,1,9.093322918646251,9.093322918646251,,9.093322918646251,9.093322918646251,20.0,30.0
iter03_quick,bstar_2023,HP_Peak,XGBoost,size_peak,netfit,direct,none,rmse,p0.05|n10,1,1.99085976090935,1.99085976090935,,1.99085976090935,1.99085976090935,5.0,6.0
iter03_quick,bstar_2023,HP_Peak,XGBoost,size_peak,netfit,direct,none,rmse,p0.1|n10,1,2.466524139288864,2.466524139288864,,2.466524139288864,2.466524139288864,6.0,6.0
iter03_quick,bstar_2023,HP_Peak,XGBoost,size_peak,netfit,direct,none,rmse,p0.2|n10,1,5.541437881250259,5.541437881250259,,5.541437881250259,5.541437881250259,9.0,6.0
iter03_quick,bstar_2023,HP_Peak,XGBoost,size_peak,netfit,direct,none,rmse,p0.3|n10,1,3.580031139765273,3.580031139765273,,3.580031139765273,3.580031139765273,12.0,6.0
iter03_quick,bstar_2023,HP_Peak,XGBoost,size_peak,netfit,direct,none,rmse,p0.5|n10,1,14.711995852849268,14.711995852849268,,14.711995852849268,14.711995852849268,11.0,3.0
iter03_quick,bstar_2023,HP_Peak,XGBoost,size_peak,netfit,direct,none,rmse,p1.0|n10,1,22.434338717956983,22.434338717956983,,22.434338717956983,22.434338717956983,16.0,3.0
iter03_quick,bstar_2023,HP_Peak,XGBoost,size_peak,netfit,direct,none,mae,all,1,5.846338419978976,5.846338419978976,,5.846338419978976,5.846338419978976,20.0,30.0
iter03_quick,bstar_2023,HP_Peak,XGBoost,size_peak,netfit,direct,none,mae,p0.05|n10,1,1.8812732486470527,1.8812732486470527,,1.8812732486470527,1.8812732486470527,5.0,6.0
iter03_quick,bstar_2023,HP_Peak,XGBoost,size_peak,netfit,direct,none,mae,p0.1|n10,1,2.205915722930905,2.205915722930905,,2.205915722930905,2.205915722930905,6.0,6.0
iter03_quick,bstar_2023,HP_Peak,XGBoost,size_peak,netfit,direct,none,mae,p0.2|n10,1,4.80519109977221,4.80519109977221,,4.80519109977221,4.80519109977221,9.0,6.0
iter03_quick,bstar_2023,HP_Peak,XGBoost,size_peak,netfit,direct,none,mae,p0.3|n10,1,2.6922473822633672,2.6922473822633672,,2.6922473822633672,2.6922473822633672,12.0,6.0
iter03_quick,bstar_2023,HP_Peak,XGBoost,size_peak,netfit,direct,none,mae,p0.5|n10,1,13.972407103597355,13.972407103597355,,13.972407103597355,13.972407103597355,11.0,3.0
iter03_quick,bstar_2023,HP_Peak,XGBoost,size_peak,netfit,direct,none,mae,p1.0|n10,1,21.32172218896534,21.32172218896534,,21.32172218896534,21.32172218896534,16.0,3.0
iter03_quick,bstar_2023,HP_Peak,XGBoost,size_peak,netfit,direct,none,mape_n_excluded,all,1,0.0,0.0,,0.0,0.0,20.0,30.0
iter03_quick,bstar_2023,HP_Peak,XGBoost,size_peak,netfit,direct,none,mape_n_excluded,p0.05|n10,1,0.0,0.0,,0.0,0.0,5.0,6.0
iter03_quick,bstar_2023,HP_Peak,XGBoost,size_peak,netfit,direct,none,mape_n_excluded,p0.1|n10,1,0.0,0.0,,0.0,0.0,6.0,6.0
iter03_quick,bstar_2023,HP_Peak,XGBoost,size_peak,netfit,direct,none,mape_n_excluded,p0.2|n10,1,0.0,0.0,,0.0,0.0,9.0,6.0
iter03_quick,bstar_2023,HP_Peak,XGBoost,size_peak,netfit,direct,none,mape_n_excluded,p0.3|n10,1,0.0,0.0,,0.0,0.0,12.0,6.0
iter03_quick,bstar_2023,HP_Peak,XGBoost,size_peak,netfit,direct,none,mape_n_excluded,p0.5|n10,1,0.0,0.0,,0.0,0.0,11.0,3.0
iter03_quick,bstar_2023,HP_Peak,XGBoost,size_peak,netfit,direct,none,mape_n_excluded,p1.0|n10,1,0.0,0.0,,0.0,0.0,16.0,3.0
iter03_quick,bstar_2023,HP_Peak,XGBoost,size_peak,netfit,direct,none,n_pred_nan,all,1,0.0,0.0,,0.0,0.0,20.0,30.0
iter03_quick,bstar_2023,HP_Peak,XGBoost,size_peak,netfit,direct,none,n_pred_nan,p0.05|n10,1,0.0,0.0,,0.0,0.0,5.0,6.0
iter03_quick,bstar_2023,HP_Peak,XGBoost,size_peak,netfit,direct,none,n_pred_nan,p0.1|n10,1,0.0,0.0,,0.0,0.0,6.0,6.0
iter03_quick,bstar_2023,HP_Peak,XGBoost,size_peak,netfit,direct,none,n_pred_nan,p0.2|n10,1,0.0,0.0,,0.0,0.0,9.0,6.0
iter03_quick,bstar_2023,HP_Peak,XGBoost,size_peak,netfit,direct,none,n_pred_nan,p0.3|n10,1,0.0,0.0,,0.0,0.0,12.0,6.0
iter03_quick,bstar_2023,HP_Peak,XGBoost,size_peak,netfit,direct,none,n_pred_nan,p0.5|n10,1,0.0,0.0,,0.0,0.0,11.0,3.0
iter03_quick,bstar_2023,HP_Peak,XGBoost,size_peak,netfit,direct,none,n_pred_nan,p1.0|n10,1,0.0,0.0,,0.0,0.0,16.0,3.0
iter03_quick,bstar_2023,HP_Peak,XGBoost,size_peak,netfit,residual,log,wape,all,1,27.19352435515849,27.19352435515849,,27.19352435515849,27.19352435515849,20.0,30.0
iter03_quick,bstar_2023,HP_Peak,XGBoost,size_peak,netfit,residual,log,wape,p0.05|n10,1,36.42837492897545,36.42837492897545,,36.42837492897545,36.42837492897545,5.0,6.0
iter03_quick,bstar_2023,HP_Peak,XGBoost,size_peak,netfit,residual,log,wape,p0.1|n10,1,28.21452941744137,28.21452941744137,,28.21452941744137,28.21452941744137,6.0,6.0
iter03_quick,bstar_2023,HP_Peak,XGBoost,size_peak,netfit,residual,log,wape,p0.2|n10,1,33.14492743455162,33.14492743455162,,33.14492743455162,33.14492743455162,9.0,6.0
iter03_quick,bstar_2023,HP_Peak,XGBoost,size_peak,netfit,residual,log,wape,p0.3|n10,1,16.229237308948964,16.229237308948964,,16.229237308948964,16.229237308948964,12.0,6.0
iter03_quick,bstar_2023,HP_Peak,XGBoost,size_peak,netfit,residual,log,wape,p0.5|n10,1,23.449867727851075,23.449867727851075,,23.449867727851075,23.449867727851075,11.0,3.0
iter03_quick,bstar_2023,HP_Peak,XGBoost,size_peak,netfit,residual,log,wape,p1.0|n10,1,31.63338654056384,31.63338654056384,,31.63338654056384,31.63338654056384,16.0,3.0
iter03_quick,bstar_2023,HP_Peak,XGBoost,size_peak,netfit,residual,log,mape,all,1,27.46164914836332,27.46164914836332,,27.46164914836332,27.46164914836332,20.0,30.0
iter03_quick,bstar_2023,HP_Peak,XGBoost,size_peak,netfit,residual,log,mape,p0.05|n10,1,31.39175687782459,31.39175687782459,,31.39175687782459,31.39175687782459,5.0,6.0
iter03_quick,bstar_2023,HP_Peak,XGBoost,size_peak,netfit,residual,log,mape,p0.1|n10,1,27.850072025342936,27.850072025342936,,27.850072025342936,27.850072025342936,6.0,6.0
iter03_quick,bstar_2023,HP_Peak,XGBoost,size_peak,netfit,residual,log,mape,p0.2|n10,1,34.28294574165875,34.28294574165875,,34.28294574165875,34.28294574165875,9.0,6.0
iter03_quick,bstar_2023,HP_Peak,XGBoost,size_peak,netfit,residual,log,mape,p0.3|n10,1,16.566259056837342,16.566259056837342,,16.566259056837342,16.566259056837342,12.0,6.0
iter03_quick,bstar_2023,HP_Peak,XGBoost,size_peak,netfit,residual,log,mape,p0.5|n10,1,22.39468976185656,22.39468976185656,,22.39468976185656,22.39468976185656,11.0,3.0
iter03_quick,bstar_2023,HP_Peak,XGBoost,size_peak,netfit,residual,log,mape,p1.0|n10,1,32.039734318449405,32.039734318449405,,32.039734318449405,32.039734318449405,16.0,3.0
iter03_quick,bstar_2023,HP_Peak,XGBoost,size_peak,netfit,residual,log,r2,all,1,0.8229122714434695,0.8229122714434695,,0.8229122714434695,0.8229122714434695,20.0,30.0
iter03_quick,bstar_2023,HP_Peak,XGBoost,size_peak,netfit,residual,log,r2,p0.05|n10,1,-1.84764605635974,-1.84764605635974,,-1.84764605635974,-1.84764605635974,5.0,6.0
iter03_quick,bstar_2023,HP_Peak,XGBoost,size_peak,netfit,residual,log,r2,p0.1|n10,1,-0.2611910386112031,-0.2611910386112031,,-0.2611910386112031,-0.2611910386112031,6.0,6.0
iter03_quick,bstar_2023,HP_Peak,XGBoost,size_peak,netfit,residual,log,r2,p0.2|n10,1,-0.7195485497411975,-0.7195485497411975,,-0.7195485497411975,-0.7195485497411975,9.0,6.0
iter03_quick,bstar_2023,HP_Peak,XGBoost,size_peak,netfit,residual,log,r2,p0.3|n10,1,-0.4657692279707452,-0.4657692279707452,,-0.4657692279707452,-0.4657692279707452,12.0,6.0
iter03_quick,bstar_2023,HP_Peak,XGBoost,size_peak,netfit,residual,log,r2,p0.5|n10,1,-1.469344563561127,-1.469344563561127,,-1.469344563561127,-1.469344563561127,11.0,3.0
iter03_quick,bstar_2023,HP_Peak,XGBoost,size_peak,netfit,residual,log,r2,p1.0|n10,1,-12.185797850203512,-12.185797850203512,,-12.185797850203512,-12.185797850203512,16.0,3.0
iter03_quick,bstar_2023,HP_Peak,XGBoost,size_peak,netfit,residual,log,rmse,all,1,9.613287468414656,9.613287468414656,,9.613287468414656,9.613287468414656,20.0,30.0
iter03_quick,bstar_2023,HP_Peak,XGBoost,size_peak,netfit,residual,log,rmse,p0.05|n10,1,2.985726455076609,2.985726455076609,,2.985726455076609,2.985726455076609,5.0,6.0
iter03_quick,bstar_2023,HP_Peak,XGBoost,size_peak,netfit,residual,log,rmse,p0.1|n10,1,1.936838846237941,1.936838846237941,,1.936838846237941,1.936838846237941,6.0,6.0
iter03_quick,bstar_2023,HP_Peak,XGBoost,size_peak,netfit,residual,log,rmse,p0.2|n10,1,5.929359018292245,5.929359018292245,,5.929359018292245,5.929359018292245,9.0,6.0
iter03_quick,bstar_2023,HP_Peak,XGBoost,size_peak,netfit,residual,log,rmse,p0.3|n10,1,5.022560441006451,5.022560441006451,,5.022560441006451,5.022560441006451,12.0,6.0
iter03_quick,bstar_2023,HP_Peak,XGBoost,size_peak,netfit,residual,log,rmse,p0.5|n10,1,11.444761846879471,11.444761846879471,,11.444761846879471,11.444761846879471,11.0,3.0
iter03_quick,bstar_2023,HP_Peak,XGBoost,size_peak,netfit,residual,log,rmse,p1.0|n10,1,25.437604995509705,25.437604995509705,,25.437604995509705,25.437604995509705,16.0,3.0
iter03_quick,bstar_2023,HP_Peak,XGBoost,size_peak,netfit,residual,log,mae,all,1,5.947425806230142,5.947425806230142,,5.947425806230142,5.947425806230142,20.0,30.0
iter03_quick,bstar_2023,HP_Peak,XGBoost,size_peak,netfit,residual,log,mae,p0.05|n10,1,2.21757635237805,2.21757635237805,,2.21757635237805,2.21757635237805,5.0,6.0
iter03_quick,bstar_2023,HP_Peak,XGBoost,size_peak,netfit,residual,log,mae,p0.1|n10,1,1.694610908639774,1.694610908639774,,1.694610908639774,1.694610908639774,6.0,6.0
iter03_quick,bstar_2023,HP_Peak,XGBoost,size_peak,netfit,residual,log,mae,p0.2|n10,1,4.464354577319006,4.464354577319006,,4.464354577319006,4.464354577319006,9.0,6.0
iter03_quick,bstar_2023,HP_Peak,XGBoost,size_peak,netfit,residual,log,mae,p0.3|n10,1,3.522645867882094,3.522645867882094,,3.522645867882094,3.522645867882094,12.0,6.0
iter03_quick,bstar_2023,HP_Peak,XGBoost,size_peak,netfit,residual,log,mae,p0.5|n10,1,10.325788438661196,10.325788438661196,,10.325788438661196,10.325788438661196,11.0,3.0
iter03_quick,bstar_2023,HP_Peak,XGBoost,size_peak,netfit,residual,log,mae,p1.0|n10,1,25.35009421120237,25.35009421120237,,25.35009421120237,25.35009421120237,16.0,3.0
iter03_quick,bstar_2023,HP_Peak,XGBoost,size_peak,netfit,residual,log,mape_n_excluded,all,1,0.0,0.0,,0.0,0.0,20.0,30.0
iter03_quick,bstar_2023,HP_Peak,XGBoost,size_peak,netfit,residual,log,mape_n_excluded,p0.05|n10,1,0.0,0.0,,0.0,0.0,5.0,6.0
iter03_quick,bstar_2023,HP_Peak,XGBoost,size_peak,netfit,residual,log,mape_n_excluded,p0.1|n10,1,0.0,0.0,,0.0,0.0,6.0,6.0
iter03_quick,bstar_2023,HP_Peak,XGBoost,size_peak,netfit,residual,log,mape_n_excluded,p0.2|n10,1,0.0,0.0,,0.0,0.0,9.0,6.0
iter03_quick,bstar_2023,HP_Peak,XGBoost,size_peak,netfit,residual,log,mape_n_excluded,p0.3|n10,1,0.0,0.0,,0.0,0.0,12.0,6.0
iter03_quick,bstar_2023,HP_Peak,XGBoost,size_peak,netfit,residual,log,mape_n_excluded,p0.5|n10,1,0.0,0.0,,0.0,0.0,11.0,3.0
iter03_quick,bstar_2023,HP_Peak,XGBoost,size_peak,netfit,residual,log,mape_n_excluded,p1.0|n10,1,0.0,0.0,,0.0,0.0,16.0,3.0
iter03_quick,bstar_2023,HP_Peak,XGBoost,size_peak,netfit,residual,log,n_invalid,all,1,0.0,0.0,,0.0,0.0,20.0,30.0
iter03_quick,bstar_2023,HP_Peak,XGBoost,size_peak,netfit,residual,log,n_pred_nan,all,1,0.0,0.0,,0.0,0.0,20.0,30.0
iter03_quick,bstar_2023,HP_Peak,XGBoost,size_peak,netfit,residual,log,n_pred_nan,p0.05|n10,1,0.0,0.0,,0.0,0.0,5.0,6.0
iter03_quick,bstar_2023,HP_Peak,XGBoost,size_peak,netfit,residual,log,n_pred_nan,p0.1|n10,1,0.0,0.0,,0.0,0.0,6.0,6.0
iter03_quick,bstar_2023,HP_Peak,XGBoost,size_peak,netfit,residual,log,n_pred_nan,p0.2|n10,1,0.0,0.0,,0.0,0.0,9.0,6.0
iter03_quick,bstar_2023,HP_Peak,XGBoost,size_peak,netfit,residual,log,n_pred_nan,p0.3|n10,1,0.0,0.0,,0.0,0.0,12.0,6.0
iter03_quick,bstar_2023,HP_Peak,XGBoost,size_peak,netfit,residual,log,n_pred_nan,p0.5|n10,1,0.0,0.0,,0.0,0.0,11.0,3.0
iter03_quick,bstar_2023,HP_Peak,XGBoost,size_peak,netfit,residual,log,n_pred_nan,p1.0|n10,1,0.0,0.0,,0.0,0.0,16.0,3.0
iter03_quick,bstar_2023,HP_Peak,XGBoost,size_peak,netfit,residual,log,n_resid_excluded_inner,all,1,0.0,0.0,,0.0,0.0,20.0,30.0
iter03_quick,bstar_2023,HP_Peak,XGBoost,size_peak,netfit,residual,log,n_resid_excluded_train,all,1,0.0,0.0,,0.0,0.0,20.0,30.0
iter03_quick,bstar_2023,HP_Peak,XGBoost,size_peak,whdd,direct,log,wape,all,1,51.50186065041403,51.50186065041403,,51.50186065041403,51.50186065041403,20.0,30.0
iter03_quick,bstar_2023,HP_Peak,XGBoost,size_peak,whdd,direct,log,wape,p0.05|n10,1,26.357919623710057,26.357919623710057,,26.357919623710057,26.357919623710057,5.0,6.0
iter03_quick,bstar_2023,HP_Peak,XGBoost,size_peak,whdd,direct,log,wape,p0.1|n10,1,24.289819673709008,24.289819673709008,,24.289819673709008,24.289819673709008,6.0,6.0
iter03_quick,bstar_2023,HP_Peak,XGBoost,size_peak,whdd,direct,log,wape,p0.2|n10,1,31.331989090274305,31.331989090274305,,31.331989090274305,31.331989090274305,9.0,6.0
iter03_quick,bstar_2023,HP_Peak,XGBoost,size_peak,whdd,direct,log,wape,p0.3|n10,1,29.355618471917843,29.355618471917843,,29.355618471917843,29.355618471917843,12.0,6.0
iter03_quick,bstar_2023,HP_Peak,XGBoost,size_peak,whdd,direct,log,wape,p0.5|n10,1,59.02999973731073,59.02999973731073,,59.02999973731073,59.02999973731073,11.0,3.0
iter03_quick,bstar_2023,HP_Peak,XGBoost,size_peak,whdd,direct,log,wape,p1.0|n10,1,74.04139493999533,74.04139493999533,,74.04139493999533,74.04139493999533,16.0,3.0
iter03_quick,bstar_2023,HP_Peak,XGBoost,size_peak,whdd,direct,log,mape,all,1,34.7604354743588,34.7604354743588,,34.7604354743588,34.7604354743588,20.0,30.0
iter03_quick,bstar_2023,HP_Peak,XGBoost,size_peak,whdd,direct,log,mape,p0.05|n10,1,24.807288177595822,24.807288177595822,,24.807288177595822,24.807288177595822,5.0,6.0
iter03_quick,bstar_2023,HP_Peak,XGBoost,size_peak,whdd,direct,log,mape,p0.1|n10,1,25.07009933727278,25.07009933727278,,25.07009933727278,25.07009933727278,6.0,6.0
iter03_quick,bstar_2023,HP_Peak,XGBoost,size_peak,whdd,direct,log,mape,p0.2|n10,1,27.823361919582844,27.823361919582844,,27.823361919582844,27.823361919582844,9.0,6.0
iter03_quick,bstar_2023,HP_Peak,XGBoost,size_peak,whdd,direct,log,mape,p0.3|n10,1,30.60093893578156,30.60093893578156,,30.60093893578156,30.60093893578156,12.0,6.0
iter03_quick,bstar_2023,HP_Peak,XGBoost,size_peak,whdd,direct,log,mape,p0.5|n10,1,56.87567446440978,56.87567446440978,,56.87567446440978,56.87567446440978,11.0,3.0
iter03_quick,bstar_2023,HP_Peak,XGBoost,size_peak,whdd,direct,log,mape,p1.0|n10,1,74.12530353871217,74.12530353871217,,74.12530353871217,74.12530353871217,16.0,3.0
iter03_quick,bstar_2023,HP_Peak,XGBoost,size_peak,whdd,direct,log,r2,all,1,0.1251288391392128,0.1251288391392128,,0.1251288391392128,0.1251288391392128,20.0,30.0
iter03_quick,bstar_2023,HP_Peak,XGBoost,size_peak,whdd,direct,log,r2,p0.05|n10,1,-0.1583647955729044,-0.1583647955729044,,-0.1583647955729044,-0.1583647955729044,5.0,6.0
iter03_quick,bstar_2023,HP_Peak,XGBoost,size_peak,whdd,direct,log,r2,p0.1|n10,1,0.0396901586034567,0.0396901586034567,,0.0396901586034567,0.0396901586034567,6.0,6.0
iter03_quick,bstar_2023,HP_Peak,XGBoost,size_peak,whdd,direct,log,r2,p0.2|n10,1,-0.7700230404601109,-0.7700230404601109,,-0.7700230404601109,-0.7700230404601109,9.0,6.0
iter03_quick,bstar_2023,HP_Peak,XGBoost,size_peak,whdd,direct,log,r2,p0.3|n10,1,-2.6593589575497374,-2.6593589575497374,,-2.6593589575497374,-2.6593589575497374,12.0,6.0
iter03_quick,bstar_2023,HP_Peak,XGBoost,size_peak,whdd,direct,log,r2,p0.5|n10,1,-14.054374343002394,-14.054374343002394,,-14.054374343002394,-14.054374343002394,11.0,3.0
iter03_quick,bstar_2023,HP_Peak,XGBoost,size_peak,whdd,direct,log,r2,p1.0|n10,1,-71.45843931277636,-71.45843931277636,,-71.45843931277636,-71.45843931277636,16.0,3.0
iter03_quick,bstar_2023,HP_Peak,XGBoost,size_peak,whdd,direct,log,rmse,all,1,21.36730483932167,21.36730483932167,,21.36730483932167,21.36730483932167,20.0,30.0
iter03_quick,bstar_2023,HP_Peak,XGBoost,size_peak,whdd,direct,log,rmse,p0.05|n10,1,1.904275093192308,1.904275093192308,,1.904275093192308,1.904275093192308,5.0,6.0
iter03_quick,bstar_2023,HP_Peak,XGBoost,size_peak,whdd,direct,log,rmse,p0.1|n10,1,1.6900857447395614,1.6900857447395614,,1.6900857447395614,1.6900857447395614,6.0,6.0
iter03_quick,bstar_2023,HP_Peak,XGBoost,size_peak,whdd,direct,log,rmse,p0.2|n10,1,6.015752858038172,6.015752858038172,,6.015752858038172,6.015752858038172,9.0,6.0
iter03_quick,bstar_2023,HP_Peak,XGBoost,size_peak,whdd,direct,log,rmse,p0.3|n10,1,7.935876089483972,7.935876089483972,,7.935876089483972,7.935876089483972,12.0,6.0
iter03_quick,bstar_2023,HP_Peak,XGBoost,size_peak,whdd,direct,log,rmse,p0.5|n10,1,28.25838048461457,28.25838048461457,,28.25838048461457,28.25838048461457,11.0,3.0
iter03_quick,bstar_2023,HP_Peak,XGBoost,size_peak,whdd,direct,log,rmse,p1.0|n10,1,59.63036946831893,59.63036946831893,,59.63036946831893,59.63036946831893,16.0,3.0
iter03_quick,bstar_2023,HP_Peak,XGBoost,size_peak,whdd,direct,log,mae,all,1,11.26383954873568,11.26383954873568,,11.26383954873568,11.26383954873568,20.0,30.0
iter03_quick,bstar_2023,HP_Peak,XGBoost,size_peak,whdd,direct,log,mae,p0.05|n10,1,1.604537654215494,1.604537654215494,,1.604537654215494,1.604537654215494,5.0,6.0
iter03_quick,bstar_2023,HP_Peak,XGBoost,size_peak,whdd,direct,log,mae,p0.1|n10,1,1.4588864049072283,1.4588864049072283,,1.4588864049072283,1.4588864049072283,6.0,6.0
iter03_quick,bstar_2023,HP_Peak,XGBoost,size_peak,whdd,direct,log,mae,p0.2|n10,1,4.220166394627905,4.220166394627905,,4.220166394627905,4.220166394627905,9.0,6.0
iter03_quick,bstar_2023,HP_Peak,XGBoost,size_peak,whdd,direct,log,mae,p0.3|n10,1,6.371799619456158,6.371799619456158,,6.371799619456158,6.371799619456158,12.0,6.0
iter03_quick,bstar_2023,HP_Peak,XGBoost,size_peak,whdd,direct,log,mae,p0.5|n10,1,25.9929521093957,25.9929521093957,,25.9929521093957,25.9929521093957,11.0,3.0
iter03_quick,bstar_2023,HP_Peak,XGBoost,size_peak,whdd,direct,log,mae,p1.0|n10,1,59.33466323154753,59.33466323154753,,59.33466323154753,59.33466323154753,16.0,3.0
iter03_quick,bstar_2023,HP_Peak,XGBoost,size_peak,whdd,direct,log,mape_n_excluded,all,1,0.0,0.0,,0.0,0.0,20.0,30.0
iter03_quick,bstar_2023,HP_Peak,XGBoost,size_peak,whdd,direct,log,mape_n_excluded,p0.05|n10,1,0.0,0.0,,0.0,0.0,5.0,6.0
iter03_quick,bstar_2023,HP_Peak,XGBoost,size_peak,whdd,direct,log,mape_n_excluded,p0.1|n10,1,0.0,0.0,,0.0,0.0,6.0,6.0
iter03_quick,bstar_2023,HP_Peak,XGBoost,size_peak,whdd,direct,log,mape_n_excluded,p0.2|n10,1,0.0,0.0,,0.0,0.0,9.0,6.0
iter03_quick,bstar_2023,HP_Peak,XGBoost,size_peak,whdd,direct,log,mape_n_excluded,p0.3|n10,1,0.0,0.0,,0.0,0.0,12.0,6.0
iter03_quick,bstar_2023,HP_Peak,XGBoost,size_peak,whdd,direct,log,mape_n_excluded,p0.5|n10,1,0.0,0.0,,0.0,0.0,11.0,3.0
iter03_quick,bstar_2023,HP_Peak,XGBoost,size_peak,whdd,direct,log,mape_n_excluded,p1.0|n10,1,0.0,0.0,,0.0,0.0,16.0,3.0
iter03_quick,bstar_2023,HP_Peak,XGBoost,size_peak,whdd,direct,log,n_pred_nan,all,1,0.0,0.0,,0.0,0.0,20.0,30.0
iter03_quick,bstar_2023,HP_Peak,XGBoost,size_peak,whdd,direct,log,n_pred_nan,p0.05|n10,1,0.0,0.0,,0.0,0.0,5.0,6.0
iter03_quick,bstar_2023,HP_Peak,XGBoost,size_peak,whdd,direct,log,n_pred_nan,p0.1|n10,1,0.0,0.0,,0.0,0.0,6.0,6.0
iter03_quick,bstar_2023,HP_Peak,XGBoost,size_peak,whdd,direct,log,n_pred_nan,p0.2|n10,1,0.0,0.0,,0.0,0.0,9.0,6.0
iter03_quick,bstar_2023,HP_Peak,XGBoost,size_peak,whdd,direct,log,n_pred_nan,p0.3|n10,1,0.0,0.0,,0.0,0.0,12.0,6.0
iter03_quick,bstar_2023,HP_Peak,XGBoost,size_peak,whdd,direct,log,n_pred_nan,p0.5|n10,1,0.0,0.0,,0.0,0.0,11.0,3.0
iter03_quick,bstar_2023,HP_Peak,XGBoost,size_peak,whdd,direct,log,n_pred_nan,p1.0|n10,1,0.0,0.0,,0.0,0.0,16.0,3.0
iter03_quick,bstar_2023,HP_Peak,XGBoost,size_peak,whdd,direct,none,wape,all,1,47.12234579281094,47.12234579281094,,47.12234579281094,47.12234579281094,20.0,30.0
iter03_quick,bstar_2023,HP_Peak,XGBoost,size_peak,whdd,direct,none,wape,p0.05|n10,1,31.181831416186128,31.181831416186128,,31.181831416186128,31.181831416186128,5.0,6.0
iter03_quick,bstar_2023,HP_Peak,XGBoost,size_peak,whdd,direct,none,wape,p0.1|n10,1,36.020126917541035,36.020126917541035,,36.020126917541035,36.020126917541035,6.0,6.0
iter03_quick,bstar_2023,HP_Peak,XGBoost,size_peak,whdd,direct,none,wape,p0.2|n10,1,43.44857919284168,43.44857919284168,,43.44857919284168,43.44857919284168,9.0,6.0
iter03_quick,bstar_2023,HP_Peak,XGBoost,size_peak,whdd,direct,none,wape,p0.3|n10,1,26.810876411236407,26.810876411236407,,26.810876411236407,26.810876411236407,12.0,6.0
iter03_quick,bstar_2023,HP_Peak,XGBoost,size_peak,whdd,direct,none,wape,p0.5|n10,1,39.75888595376348,39.75888595376348,,39.75888595376348,39.75888595376348,11.0,3.0
iter03_quick,bstar_2023,HP_Peak,XGBoost,size_peak,whdd,direct,none,wape,p1.0|n10,1,67.49225601438347,67.49225601438347,,67.49225601438347,67.49225601438347,16.0,3.0
iter03_quick,bstar_2023,HP_Peak,XGBoost,size_peak,whdd,direct,none,mape,all,1,39.32599386633689,39.32599386633689,,39.32599386633689,39.32599386633689,20.0,30.0
iter03_quick,bstar_2023,HP_Peak,XGBoost,size_peak,whdd,direct,none,mape,p0.05|n10,1,34.11990288551643,34.11990288551643,,34.11990288551643,34.11990288551643,5.0,6.0
iter03_quick,bstar_2023,HP_Peak,XGBoost,size_peak,whdd,direct,none,mape,p0.1|n10,1,41.26702410652438,41.26702410652438,,41.26702410652438,41.26702410652438,6.0,6.0
iter03_quick,bstar_2023,HP_Peak,XGBoost,size_peak,whdd,direct,none,mape,p0.2|n10,1,39.394495988985895,39.394495988985895,,39.394495988985895,39.394495988985895,9.0,6.0
iter03_quick,bstar_2023,HP_Peak,XGBoost,size_peak,whdd,direct,none,mape,p0.3|n10,1,28.937084490545544,28.937084490545544,,28.937084490545544,28.937084490545544,12.0,6.0
iter03_quick,bstar_2023,HP_Peak,XGBoost,size_peak,whdd,direct,none,mape,p0.5|n10,1,37.88332732236808,37.88332732236808,,37.88332732236808,37.88332732236808,11.0,3.0
iter03_quick,bstar_2023,HP_Peak,XGBoost,size_peak,whdd,direct,none,mape,p1.0|n10,1,67.93959639785643,67.93959639785643,,67.93959639785643,67.93959639785643,16.0,3.0
iter03_quick,bstar_2023,HP_Peak,XGBoost,size_peak,whdd,direct,none,r2,all,1,0.3093723947511213,0.3093723947511213,,0.3093723947511213,0.3093723947511213,20.0,30.0
iter03_quick,bstar_2023,HP_Peak,XGBoost,size_peak,whdd,direct,none,r2,p0.05|n10,1,-1.225995150507011,-1.225995150507011,,-1.225995150507011,-1.225995150507011,5.0,6.0
iter03_quick,bstar_2023,HP_Peak,XGBoost,size_peak,whdd,direct,none,r2,p0.1|n10,1,-1.5414475812289008,-1.5414475812289008,,-1.5414475812289008,-1.5414475812289008,6.0,6.0
iter03_quick,bstar_2023,HP_Peak,XGBoost,size_peak,whdd,direct,none,r2,p0.2|n10,1,-1.678454048798688,-1.678454048798688,,-1.678454048798688,-1.678454048798688,9.0,6.0
iter03_quick,bstar_2023,HP_Peak,XGBoost,size_peak,whdd,direct,none,r2,p0.3|n10,1,-2.403288017076269,-2.403288017076269,,-2.403288017076269,-2.403288017076269,12.0,6.0
iter03_quick,bstar_2023,HP_Peak,XGBoost,size_peak,whdd,direct,none,r2,p0.5|n10,1,-6.7969513702641615,-6.7969513702641615,,-6.7969513702641615,-6.7969513702641615,11.0,3.0
iter03_quick,bstar_2023,HP_Peak,XGBoost,size_peak,whdd,direct,none,r2,p1.0|n10,1,-58.80471655674656,-58.80471655674656,,-58.80471655674656,-58.80471655674656,16.0,3.0
iter03_quick,bstar_2023,HP_Peak,XGBoost,size_peak,whdd,direct,none,rmse,all,1,18.98452181019936,18.98452181019936,,18.98452181019936,18.98452181019936,20.0,30.0
iter03_quick,bstar_2023,HP_Peak,XGBoost,size_peak,whdd,direct,none,rmse,p0.05|n10,1,2.639788417288507,2.639788417288507,,2.639788417288507,2.639788417288507,5.0,6.0
iter03_quick,bstar_2023,HP_Peak,XGBoost,size_peak,whdd,direct,none,rmse,p0.1|n10,1,2.749436077794066,2.749436077794066,,2.749436077794066,2.749436077794066,6.0,6.0
iter03_quick,bstar_2023,HP_Peak,XGBoost,size_peak,whdd,direct,none,rmse,p0.2|n10,1,7.400185840530257,7.400185840530257,,7.400185840530257,7.400185840530257,9.0,6.0
iter03_quick,bstar_2023,HP_Peak,XGBoost,size_peak,whdd,direct,none,rmse,p0.3|n10,1,7.653176407194684,7.653176407194684,,7.653176407194684,7.653176407194684,12.0,6.0
iter03_quick,bstar_2023,HP_Peak,XGBoost,size_peak,whdd,direct,none,rmse,p0.5|n10,1,20.336599018859307,20.336599018859307,,20.336599018859307,20.336599018859307,11.0,3.0
iter03_quick,bstar_2023,HP_Peak,XGBoost,size_peak,whdd,direct,none,rmse,p1.0|n10,1,54.1739784537704,54.1739784537704,,54.1739784537704,54.1739784537704,16.0,3.0
iter03_quick,bstar_2023,HP_Peak,XGBoost,size_peak,whdd,direct,none,mae,all,1,10.30600711250216,10.30600711250216,,10.30600711250216,10.30600711250216,20.0,30.0
iter03_quick,bstar_2023,HP_Peak,XGBoost,size_peak,whdd,direct,none,mae,p0.05|n10,1,1.898193155944827,1.898193155944827,,1.898193155944827,1.898193155944827,5.0,6.0
iter03_quick,bstar_2023,HP_Peak,XGBoost,size_peak,whdd,direct,none,mae,p0.1|n10,1,2.1634278956756603,2.1634278956756603,,2.1634278956756603,2.1634278956756603,6.0,6.0
iter03_quick,bstar_2023,HP_Peak,XGBoost,size_peak,whdd,direct,none,mae,p0.2|n10,1,5.852173421727513,5.852173421727513,,5.852173421727513,5.852173421727513,9.0,6.0
iter03_quick,bstar_2023,HP_Peak,XGBoost,size_peak,whdd,direct,none,mae,p0.3|n10,1,5.81944925731423,5.81944925731423,,5.81944925731423,5.81944925731423,12.0,6.0
iter03_quick,bstar_2023,HP_Peak,XGBoost,size_peak,whdd,direct,none,mae,p0.5|n10,1,17.507213673014675,17.507213673014675,,17.507213673014675,17.507213673014675,11.0,3.0
iter03_quick,bstar_2023,HP_Peak,XGBoost,size_peak,whdd,direct,none,mae,p1.0|n10,1,54.08636999068246,54.08636999068246,,54.08636999068246,54.08636999068246,16.0,3.0
iter03_quick,bstar_2023,HP_Peak,XGBoost,size_peak,whdd,direct,none,mape_n_excluded,all,1,0.0,0.0,,0.0,0.0,20.0,30.0
iter03_quick,bstar_2023,HP_Peak,XGBoost,size_peak,whdd,direct,none,mape_n_excluded,p0.05|n10,1,0.0,0.0,,0.0,0.0,5.0,6.0
iter03_quick,bstar_2023,HP_Peak,XGBoost,size_peak,whdd,direct,none,mape_n_excluded,p0.1|n10,1,0.0,0.0,,0.0,0.0,6.0,6.0
iter03_quick,bstar_2023,HP_Peak,XGBoost,size_peak,whdd,direct,none,mape_n_excluded,p0.2|n10,1,0.0,0.0,,0.0,0.0,9.0,6.0
iter03_quick,bstar_2023,HP_Peak,XGBoost,size_peak,whdd,direct,none,mape_n_excluded,p0.3|n10,1,0.0,0.0,,0.0,0.0,12.0,6.0
iter03_quick,bstar_2023,HP_Peak,XGBoost,size_peak,whdd,direct,none,mape_n_excluded,p0.5|n10,1,0.0,0.0,,0.0,0.0,11.0,3.0
iter03_quick,bstar_2023,HP_Peak,XGBoost,size_peak,whdd,direct,none,mape_n_excluded,p1.0|n10,1,0.0,0.0,,0.0,0.0,16.0,3.0
iter03_quick,bstar_2023,HP_Peak,XGBoost,size_peak,whdd,direct,none,n_pred_nan,all,1,0.0,0.0,,0.0,0.0,20.0,30.0
iter03_quick,bstar_2023,HP_Peak,XGBoost,size_peak,whdd,direct,none,n_pred_nan,p0.05|n10,1,0.0,0.0,,0.0,0.0,5.0,6.0
iter03_quick,bstar_2023,HP_Peak,XGBoost,size_peak,whdd,direct,none,n_pred_nan,p0.1|n10,1,0.0,0.0,,0.0,0.0,6.0,6.0
iter03_quick,bstar_2023,HP_Peak,XGBoost,size_peak,whdd,direct,none,n_pred_nan,p0.2|n10,1,0.0,0.0,,0.0,0.0,9.0,6.0
iter03_quick,bstar_2023,HP_Peak,XGBoost,size_peak,whdd,direct,none,n_pred_nan,p0.3|n10,1,0.0,0.0,,0.0,0.0,12.0,6.0
iter03_quick,bstar_2023,HP_Peak,XGBoost,size_peak,whdd,direct,none,n_pred_nan,p0.5|n10,1,0.0,0.0,,0.0,0.0,11.0,3.0
iter03_quick,bstar_2023,HP_Peak,XGBoost,size_peak,whdd,direct,none,n_pred_nan,p1.0|n10,1,0.0,0.0,,0.0,0.0,16.0,3.0
iter03_quick,bstar_2023,HP_Peak,XGBoost,size_peak,whdd,residual,log,wape,all,1,27.338353233943984,27.338353233943984,,27.338353233943984,27.338353233943984,20.0,30.0
iter03_quick,bstar_2023,HP_Peak,XGBoost,size_peak,whdd,residual,log,wape,p0.05|n10,1,36.38071339497871,36.38071339497871,,36.38071339497871,36.38071339497871,5.0,6.0
iter03_quick,bstar_2023,HP_Peak,XGBoost,size_peak,whdd,residual,log,wape,p0.1|n10,1,28.198721401874987,28.198721401874987,,28.198721401874987,28.198721401874987,6.0,6.0
iter03_quick,bstar_2023,HP_Peak,XGBoost,size_peak,whdd,residual,log,wape,p0.2|n10,1,33.28972251837943,33.28972251837943,,33.28972251837943,33.28972251837943,9.0,6.0
iter03_quick,bstar_2023,HP_Peak,XGBoost,size_peak,whdd,residual,log,wape,p0.3|n10,1,16.28898761838871,16.28898761838871,,16.28898761838871,16.28898761838871,12.0,6.0
iter03_quick,bstar_2023,HP_Peak,XGBoost,size_peak,whdd,residual,log,wape,p0.5|n10,1,23.67434986176882,23.67434986176882,,23.67434986176882,23.67434986176882,11.0,3.0
iter03_quick,bstar_2023,HP_Peak,XGBoost,size_peak,whdd,residual,log,wape,p1.0|n10,1,31.8338706262548,31.8338706262548,,31.8338706262548,31.8338706262548,16.0,3.0
iter03_quick,bstar_2023,HP_Peak,XGBoost,size_peak,whdd,residual,log,mape,all,1,27.53826779620417,27.53826779620417,,27.53826779620417,27.53826779620417,20.0,30.0
iter03_quick,bstar_2023,HP_Peak,XGBoost,size_peak,whdd,residual,log,mape,p0.05|n10,1,31.34712013374068,31.34712013374068,,31.34712013374068,31.34712013374068,5.0,6.0
iter03_quick,bstar_2023,HP_Peak,XGBoost,size_peak,whdd,residual,log,mape,p0.1|n10,1,27.855080142860643,27.855080142860643,,27.855080142860643,27.855080142860643,6.0,6.0
iter03_quick,bstar_2023,HP_Peak,XGBoost,size_peak,whdd,residual,log,mape,p0.2|n10,1,34.409151471959376,34.409151471959376,,34.409151471959376,34.409151471959376,9.0,6.0
iter03_quick,bstar_2023,HP_Peak,XGBoost,size_peak,whdd,residual,log,mape,p0.3|n10,1,16.649340740023998,16.649340740023998,,16.649340740023998,16.649340740023998,12.0,6.0
iter03_quick,bstar_2023,HP_Peak,XGBoost,size_peak,whdd,residual,log,mape,p0.5|n10,1,22.6222661895977,22.6222661895977,,22.6222661895977,22.6222661895977,11.0,3.0
iter03_quick,bstar_2023,HP_Peak,XGBoost,size_peak,whdd,residual,log,mape,p1.0|n10,1,32.239026795274576,32.239026795274576,,32.239026795274576,32.239026795274576,16.0,3.0
iter03_quick,bstar_2023,HP_Peak,XGBoost,size_peak,whdd,residual,log,r2,all,1,0.8207946691451026,0.8207946691451026,,0.8207946691451026,0.8207946691451026,20.0,30.0
iter03_quick,bstar_2023,HP_Peak,XGBoost,size_peak,whdd,residual,log,r2,p0.05|n10,1,-1.836110434052544,-1.836110434052544,,-1.836110434052544,-1.836110434052544,5.0,6.0
iter03_quick,bstar_2023,HP_Peak,XGBoost,size_peak,whdd,residual,log,r2,p0.1|n10,1,-0.2644703458737618,-0.2644703458737618,,-0.2644703458737618,-0.2644703458737618,6.0,6.0
iter03_quick,bstar_2023,HP_Peak,XGBoost,size_peak,whdd,residual,log,r2,p0.2|n10,1,-0.7317087245332985,-0.7317087245332985,,-0.7317087245332985,-0.7317087245332985,9.0,6.0
iter03_quick,bstar_2023,HP_Peak,XGBoost,size_peak,whdd,residual,log,r2,p0.3|n10,1,-0.4777028721838665,-0.4777028721838665,,-0.4777028721838665,-0.4777028721838665,12.0,6.0
iter03_quick,bstar_2023,HP_Peak,XGBoost,size_peak,whdd,residual,log,r2,p0.5|n10,1,-1.5091832654075326,-1.5091832654075326,,-1.5091832654075326,-1.5091832654075326,11.0,3.0
iter03_quick,bstar_2023,HP_Peak,XGBoost,size_peak,whdd,residual,log,r2,p1.0|n10,1,-12.350499815979209,-12.350499815979209,,-12.350499815979209,-12.350499815979209,16.0,3.0
iter03_quick,bstar_2023,HP_Peak,XGBoost,size_peak,whdd,residual,log,rmse,all,1,9.670594159644397,9.670594159644397,,9.670594159644397,9.670594159644397,20.0,30.0
iter03_quick,bstar_2023,HP_Peak,XGBoost,size_peak,whdd,residual,log,rmse,p0.05|n10,1,2.979672829798753,2.979672829798753,,2.979672829798753,2.979672829798753,5.0,6.0
iter03_quick,bstar_2023,HP_Peak,XGBoost,size_peak,whdd,residual,log,rmse,p0.1|n10,1,1.939355263706087,1.939355263706087,,1.939355263706087,1.939355263706087,6.0,6.0
iter03_quick,bstar_2023,HP_Peak,XGBoost,size_peak,whdd,residual,log,rmse,p0.2|n10,1,5.950287482150064,5.950287482150064,,5.950287482150064,5.950287482150064,9.0,6.0
iter03_quick,bstar_2023,HP_Peak,XGBoost,size_peak,whdd,residual,log,rmse,p0.3|n10,1,5.042964726436067,5.042964726436067,,5.042964726436067,5.042964726436067,12.0,6.0
iter03_quick,bstar_2023,HP_Peak,XGBoost,size_peak,whdd,residual,log,rmse,p0.5|n10,1,11.536713406565264,11.536713406565264,,11.536713406565264,11.536713406565264,11.0,3.0
iter03_quick,bstar_2023,HP_Peak,XGBoost,size_peak,whdd,residual,log,rmse,p1.0|n10,1,25.595980759733145,25.595980759733145,,25.595980759733145,25.595980759733145,16.0,3.0
iter03_quick,bstar_2023,HP_Peak,XGBoost,size_peak,whdd,residual,log,mae,all,1,5.9791009580025465,5.9791009580025465,,5.9791009580025465,5.9791009580025465,20.0,30.0
iter03_quick,bstar_2023,HP_Peak,XGBoost,size_peak,whdd,residual,log,mae,p0.05|n10,1,2.2146749577669724,2.2146749577669724,,2.2146749577669724,2.2146749577669724,5.0,6.0
iter03_quick,bstar_2023,HP_Peak,XGBoost,size_peak,whdd,residual,log,mae,p0.1|n10,1,1.6936614532997118,1.6936614532997118,,1.6936614532997118,1.6936614532997118,6.0,6.0
iter03_quick,bstar_2023,HP_Peak,XGBoost,size_peak,whdd,residual,log,mae,p0.2|n10,1,4.483857308062237,4.483857308062237,,4.483857308062237,4.483857308062237,9.0,6.0
iter03_quick,bstar_2023,HP_Peak,XGBoost,size_peak,whdd,residual,log,mae,p0.3|n10,1,3.5356150035627056,3.5356150035627056,,3.5356150035627056,3.5356150035627056,12.0,6.0
iter03_quick,bstar_2023,HP_Peak,XGBoost,size_peak,whdd,residual,log,mae,p0.5|n10,1,10.42463569230011,10.42463569230011,,10.42463569230011,10.42463569230011,11.0,3.0
iter03_quick,bstar_2023,HP_Peak,XGBoost,size_peak,whdd,residual,log,mae,p1.0|n10,1,25.510756442342103,25.510756442342103,,25.510756442342103,25.510756442342103,16.0,3.0
iter03_quick,bstar_2023,HP_Peak,XGBoost,size_peak,whdd,residual,log,mape_n_excluded,all,1,0.0,0.0,,0.0,0.0,20.0,30.0
iter03_quick,bstar_2023,HP_Peak,XGBoost,size_peak,whdd,residual,log,mape_n_excluded,p0.05|n10,1,0.0,0.0,,0.0,0.0,5.0,6.0
iter03_quick,bstar_2023,HP_Peak,XGBoost,size_peak,whdd,residual,log,mape_n_excluded,p0.1|n10,1,0.0,0.0,,0.0,0.0,6.0,6.0
iter03_quick,bstar_2023,HP_Peak,XGBoost,size_peak,whdd,residual,log,mape_n_excluded,p0.2|n10,1,0.0,0.0,,0.0,0.0,9.0,6.0
iter03_quick,bstar_2023,HP_Peak,XGBoost,size_peak,whdd,residual,log,mape_n_excluded,p0.3|n10,1,0.0,0.0,,0.0,0.0,12.0,6.0
iter03_quick,bstar_2023,HP_Peak,XGBoost,size_peak,whdd,residual,log,mape_n_excluded,p0.5|n10,1,0.0,0.0,,0.0,0.0,11.0,3.0
iter03_quick,bstar_2023,HP_Peak,XGBoost,size_peak,whdd,residual,log,mape_n_excluded,p1.0|n10,1,0.0,0.0,,0.0,0.0,16.0,3.0
iter03_quick,bstar_2023,HP_Peak,XGBoost,size_peak,whdd,residual,log,n_invalid,all,1,0.0,0.0,,0.0,0.0,20.0,30.0
iter03_quick,bstar_2023,HP_Peak,XGBoost,size_peak,whdd,residual,log,n_pred_nan,all,1,0.0,0.0,,0.0,0.0,20.0,30.0
iter03_quick,bstar_2023,HP_Peak,XGBoost,size_peak,whdd,residual,log,n_pred_nan,p0.05|n10,1,0.0,0.0,,0.0,0.0,5.0,6.0
iter03_quick,bstar_2023,HP_Peak,XGBoost,size_peak,whdd,residual,log,n_pred_nan,p0.1|n10,1,0.0,0.0,,0.0,0.0,6.0,6.0
iter03_quick,bstar_2023,HP_Peak,XGBoost,size_peak,whdd,residual,log,n_pred_nan,p0.2|n10,1,0.0,0.0,,0.0,0.0,9.0,6.0
iter03_quick,bstar_2023,HP_Peak,XGBoost,size_peak,whdd,residual,log,n_pred_nan,p0.3|n10,1,0.0,0.0,,0.0,0.0,12.0,6.0
iter03_quick,bstar_2023,HP_Peak,XGBoost,size_peak,whdd,residual,log,n_pred_nan,p0.5|n10,1,0.0,0.0,,0.0,0.0,11.0,3.0
iter03_quick,bstar_2023,HP_Peak,XGBoost,size_peak,whdd,residual,log,n_pred_nan,p1.0|n10,1,0.0,0.0,,0.0,0.0,16.0,3.0
iter03_quick,bstar_2023,HP_Peak,XGBoost,size_peak,whdd,residual,log,n_resid_excluded_inner,all,1,0.0,0.0,,0.0,0.0,20.0,30.0
iter03_quick,bstar_2023,HP_Peak,XGBoost,size_peak,whdd,residual,log,n_resid_excluded_train,all,1,0.0,0.0,,0.0,0.0,20.0,30.0
iter03_quick,bstar_2023,HP_Peak,anchor_only_Linear,peak,-,direct,none,wape,all,1,25.635537989505146,25.635537989505146,,25.635537989505146,25.635537989505146,20.0,30.0
iter03_quick,bstar_2023,HP_Peak,anchor_only_Linear,peak,-,direct,none,wape,p0.05|n10,1,66.85114330691442,66.85114330691442,,66.85114330691442,66.85114330691442,5.0,6.0
iter03_quick,bstar_2023,HP_Peak,anchor_only_Linear,peak,-,direct,none,wape,p0.1|n10,1,68.29829192462647,68.29829192462647,,68.29829192462647,68.29829192462647,6.0,6.0
iter03_quick,bstar_2023,HP_Peak,anchor_only_Linear,peak,-,direct,none,wape,p0.2|n10,1,36.9222566065772,36.9222566065772,,36.9222566065772,36.9222566065772,9.0,6.0
iter03_quick,bstar_2023,HP_Peak,anchor_only_Linear,peak,-,direct,none,wape,p0.3|n10,1,28.407119023519208,28.407119023519208,,28.407119023519208,28.407119023519208,12.0,6.0
iter03_quick,bstar_2023,HP_Peak,anchor_only_Linear,peak,-,direct,none,wape,p0.5|n10,1,17.743915046180312,17.743915046180312,,17.743915046180312,17.743915046180312,11.0,3.0
iter03_quick,bstar_2023,HP_Peak,anchor_only_Linear,peak,-,direct,none,wape,p1.0|n10,1,12.019546993170852,12.019546993170852,,12.019546993170852,12.019546993170852,16.0,3.0
iter03_quick,bstar_2023,HP_Peak,anchor_only_Linear,peak,-,direct,none,mape,all,1,47.41426887400726,47.41426887400726,,47.41426887400726,47.41426887400726,20.0,30.0
iter03_quick,bstar_2023,HP_Peak,anchor_only_Linear,peak,-,direct,none,mape,p0.05|n10,1,75.14399584427784,75.14399584427784,,75.14399584427784,75.14399584427784,5.0,6.0
iter03_quick,bstar_2023,HP_Peak,anchor_only_Linear,peak,-,direct,none,mape,p0.1|n10,1,73.68786417724235,73.68786417724235,,73.68786417724235,73.68786417724235,6.0,6.0
iter03_quick,bstar_2023,HP_Peak,anchor_only_Linear,peak,-,direct,none,mape,p0.2|n10,1,45.136479429570734,45.136479429570734,,45.136479429570734,45.136479429570734,9.0,6.0
iter03_quick,bstar_2023,HP_Peak,anchor_only_Linear,peak,-,direct,none,mape,p0.3|n10,1,28.45335083732732,28.45335083732732,,28.45335083732732,28.45335083732732,12.0,6.0
iter03_quick,bstar_2023,HP_Peak,anchor_only_Linear,peak,-,direct,none,mape,p0.5|n10,1,17.163360537296132,17.163360537296132,,17.163360537296132,17.163360537296132,11.0,3.0
iter03_quick,bstar_2023,HP_Peak,anchor_only_Linear,peak,-,direct,none,mape,p1.0|n10,1,12.135947625939952,12.135947625939952,,12.135947625939952,12.135947625939952,16.0,3.0
iter03_quick,bstar_2023,HP_Peak,anchor_only_Linear,peak,-,direct,none,r2,all,1,0.912470210600687,0.912470210600687,,0.912470210600687,0.912470210600687,20.0,30.0
iter03_quick,bstar_2023,HP_Peak,anchor_only_Linear,peak,-,direct,none,r2,p0.05|n10,1,-7.928118646444771,-7.928118646444771,,-7.928118646444771,-7.928118646444771,5.0,6.0
iter03_quick,bstar_2023,HP_Peak,anchor_only_Linear,peak,-,direct,none,r2,p0.1|n10,1,-6.299937086321735,-6.299937086321735,,-6.299937086321735,-6.299937086321735,6.0,6.0
iter03_quick,bstar_2023,HP_Peak,anchor_only_Linear,peak,-,direct,none,r2,p0.2|n10,1,-0.8587168450375435,-0.8587168450375435,,-0.8587168450375435,-0.8587168450375435,9.0,6.0
iter03_quick,bstar_2023,HP_Peak,anchor_only_Linear,peak,-,direct,none,r2,p0.3|n10,1,-1.656818522050418,-1.656818522050418,,-1.656818522050418,-1.656818522050418,12.0,6.0
iter03_quick,bstar_2023,HP_Peak,anchor_only_Linear,peak,-,direct,none,r2,p0.5|n10,1,-0.3803149985603971,-0.3803149985603971,,-0.3803149985603971,-0.3803149985603971,11.0,3.0
iter03_quick,bstar_2023,HP_Peak,anchor_only_Linear,peak,-,direct,none,r2,p1.0|n10,1,-1.3798708692622226,-1.3798708692622226,,-1.3798708692622226,-1.3798708692622226,16.0,3.0
iter03_quick,bstar_2023,HP_Peak,anchor_only_Linear,peak,-,direct,none,rmse,all,1,6.758582778639506,6.758582778639506,,6.758582778639506,6.758582778639506,20.0,30.0
iter03_quick,bstar_2023,HP_Peak,anchor_only_Linear,peak,-,direct,none,rmse,p0.05|n10,1,5.286728265687559,5.286728265687559,,5.286728265687559,5.286728265687559,5.0,6.0
iter03_quick,bstar_2023,HP_Peak,anchor_only_Linear,peak,-,direct,none,rmse,p0.1|n10,1,4.659749897589319,4.659749897589319,,4.659749897589319,4.659749897589319,6.0,6.0
iter03_quick,bstar_2023,HP_Peak,anchor_only_Linear,peak,-,direct,none,rmse,p0.2|n10,1,6.164631820257143,6.164631820257143,,6.164631820257143,6.164631820257143,9.0,6.0
iter03_quick,bstar_2023,HP_Peak,anchor_only_Linear,peak,-,direct,none,rmse,p0.3|n10,1,6.761971202253772,6.761971202253772,,6.761971202253772,6.761971202253772,12.0,6.0
iter03_quick,bstar_2023,HP_Peak,anchor_only_Linear,peak,-,direct,none,rmse,p0.5|n10,1,8.556674596042686,8.556674596042686,,8.556674596042686,8.556674596042686,11.0,3.0
iter03_quick,bstar_2023,HP_Peak,anchor_only_Linear,peak,-,direct,none,rmse,p1.0|n10,1,10.806864570687626,10.806864570687626,,10.806864570687626,10.806864570687626,16.0,3.0
iter03_quick,bstar_2023,HP_Peak,anchor_only_Linear,peak,-,direct,none,mae,all,1,5.6066826132617145,5.6066826132617145,,5.6066826132617145,5.6066826132617145,20.0,30.0
iter03_quick,bstar_2023,HP_Peak,anchor_only_Linear,peak,-,direct,none,mae,p0.05|n10,1,4.069561566111262,4.069561566111262,,4.069561566111262,4.069561566111262,5.0,6.0
iter03_quick,bstar_2023,HP_Peak,anchor_only_Linear,peak,-,direct,none,mae,p0.1|n10,1,4.102107422191825,4.102107422191825,,4.102107422191825,4.102107422191825,6.0,6.0
iter03_quick,bstar_2023,HP_Peak,anchor_only_Linear,peak,-,direct,none,mae,p0.2|n10,1,4.973130371517729,4.973130371517729,,4.973130371517729,4.973130371517729,9.0,6.0
iter03_quick,bstar_2023,HP_Peak,anchor_only_Linear,peak,-,direct,none,mae,p0.3|n10,1,6.165922559494288,6.165922559494288,,6.165922559494288,6.165922559494288,12.0,6.0
iter03_quick,bstar_2023,HP_Peak,anchor_only_Linear,peak,-,direct,none,mae,p0.5|n10,1,7.813259970879385,7.813259970879385,,7.813259970879385,7.813259970879385,11.0,3.0
iter03_quick,bstar_2023,HP_Peak,anchor_only_Linear,peak,-,direct,none,mae,p1.0|n10,1,9.63212232310756,9.63212232310756,,9.63212232310756,9.63212232310756,16.0,3.0
iter03_quick,bstar_2023,HP_Peak,anchor_only_Linear,peak,-,direct,none,mape_n_excluded,all,1,0.0,0.0,,0.0,0.0,20.0,30.0
iter03_quick,bstar_2023,HP_Peak,anchor_only_Linear,peak,-,direct,none,mape_n_excluded,p0.05|n10,1,0.0,0.0,,0.0,0.0,5.0,6.0
iter03_quick,bstar_2023,HP_Peak,anchor_only_Linear,peak,-,direct,none,mape_n_excluded,p0.1|n10,1,0.0,0.0,,0.0,0.0,6.0,6.0
iter03_quick,bstar_2023,HP_Peak,anchor_only_Linear,peak,-,direct,none,mape_n_excluded,p0.2|n10,1,0.0,0.0,,0.0,0.0,9.0,6.0
iter03_quick,bstar_2023,HP_Peak,anchor_only_Linear,peak,-,direct,none,mape_n_excluded,p0.3|n10,1,0.0,0.0,,0.0,0.0,12.0,6.0
iter03_quick,bstar_2023,HP_Peak,anchor_only_Linear,peak,-,direct,none,mape_n_excluded,p0.5|n10,1,0.0,0.0,,0.0,0.0,11.0,3.0
iter03_quick,bstar_2023,HP_Peak,anchor_only_Linear,peak,-,direct,none,mape_n_excluded,p1.0|n10,1,0.0,0.0,,0.0,0.0,16.0,3.0
iter03_quick,bstar_2023,HP_Peak,anchor_only_Linear,peak,-,direct,none,n_pred_nan,all,1,0.0,0.0,,0.0,0.0,20.0,30.0
iter03_quick,bstar_2023,HP_Peak,anchor_only_Linear,peak,-,direct,none,n_pred_nan,p0.05|n10,1,0.0,0.0,,0.0,0.0,5.0,6.0
iter03_quick,bstar_2023,HP_Peak,anchor_only_Linear,peak,-,direct,none,n_pred_nan,p0.1|n10,1,0.0,0.0,,0.0,0.0,6.0,6.0
iter03_quick,bstar_2023,HP_Peak,anchor_only_Linear,peak,-,direct,none,n_pred_nan,p0.2|n10,1,0.0,0.0,,0.0,0.0,9.0,6.0
iter03_quick,bstar_2023,HP_Peak,anchor_only_Linear,peak,-,direct,none,n_pred_nan,p0.3|n10,1,0.0,0.0,,0.0,0.0,12.0,6.0
iter03_quick,bstar_2023,HP_Peak,anchor_only_Linear,peak,-,direct,none,n_pred_nan,p0.5|n10,1,0.0,0.0,,0.0,0.0,11.0,3.0
iter03_quick,bstar_2023,HP_Peak,anchor_only_Linear,peak,-,direct,none,n_pred_nan,p1.0|n10,1,0.0,0.0,,0.0,0.0,16.0,3.0
iter03_quick,bstar_2023,HP_Peak,anchor_only_Linear,size,-,direct,none,wape,all,1,70.41120212639403,70.41120212639403,,70.41120212639403,70.41120212639403,20.0,30.0
iter03_quick,bstar_2023,HP_Peak,anchor_only_Linear,size,-,direct,none,wape,p0.05|n10,1,182.5020243677589,182.5020243677589,,182.5020243677589,182.5020243677589,5.0,6.0
iter03_quick,bstar_2023,HP_Peak,anchor_only_Linear,size,-,direct,none,wape,p0.1|n10,1,186.32756614704508,186.32756614704508,,186.32756614704508,186.32756614704508,6.0,6.0
iter03_quick,bstar_2023,HP_Peak,anchor_only_Linear,size,-,direct,none,wape,p0.2|n10,1,39.349548804974624,39.349548804974624,,39.349548804974624,39.349548804974624,9.0,6.0
iter03_quick,bstar_2023,HP_Peak,anchor_only_Linear,size,-,direct,none,wape,p0.3|n10,1,20.77003332879744,20.77003332879744,,20.77003332879744,20.77003332879744,12.0,6.0
iter03_quick,bstar_2023,HP_Peak,anchor_only_Linear,size,-,direct,none,wape,p0.5|n10,1,60.944920795991294,60.944920795991294,,60.944920795991294,60.944920795991294,11.0,3.0
iter03_quick,bstar_2023,HP_Peak,anchor_only_Linear,size,-,direct,none,wape,p1.0|n10,1,78.54016103259785,78.54016103259785,,78.54016103259785,78.54016103259785,16.0,3.0
iter03_quick,bstar_2023,HP_Peak,anchor_only_Linear,size,-,direct,none,mape,all,1,109.72641215901452,109.72641215901452,,109.72641215901452,109.72641215901452,20.0,30.0
iter03_quick,bstar_2023,HP_Peak,anchor_only_Linear,size,-,direct,none,mape,p0.05|n10,1,204.1533116822072,204.1533116822072,,204.1533116822072,204.1533116822072,5.0,6.0
iter03_quick,bstar_2023,HP_Peak,anchor_only_Linear,size,-,direct,none,mape,p0.1|n10,1,207.68438923137828,207.68438923137828,,207.68438923137828,207.68438923137828,6.0,6.0
iter03_quick,bstar_2023,HP_Peak,anchor_only_Linear,size,-,direct,none,mape,p0.2|n10,1,49.674707136531616,49.674707136531616,,49.674707136531616,49.674707136531616,9.0,6.0
iter03_quick,bstar_2023,HP_Peak,anchor_only_Linear,size,-,direct,none,mape,p0.3|n10,1,17.954370552536165,17.954370552536165,,17.954370552536165,17.954370552536165,12.0,6.0
iter03_quick,bstar_2023,HP_Peak,anchor_only_Linear,size,-,direct,none,mape,p0.5|n10,1,59.9566902994962,59.9566902994962,,59.9566902994962,59.9566902994962,11.0,3.0
iter03_quick,bstar_2023,HP_Peak,anchor_only_Linear,size,-,direct,none,mape,p1.0|n10,1,78.37387408534266,78.37387408534266,,78.37387408534266,78.37387408534266,16.0,3.0
iter03_quick,bstar_2023,HP_Peak,anchor_only_Linear,size,-,direct,none,r2,all,1,-0.0418521624111973,-0.0418521624111973,,-0.0418521624111973,-0.0418521624111973,20.0,30.0
iter03_quick,bstar_2023,HP_Peak,anchor_only_Linear,size,-,direct,none,r2,p0.05|n10,1,-39.427470565260194,-39.427470565260194,,-39.427470565260194,-39.427470565260194,5.0,6.0
iter03_quick,bstar_2023,HP_Peak,anchor_only_Linear,size,-,direct,none,r2,p0.1|n10,1,-42.10585569469539,-42.10585569469539,,-42.10585569469539,-42.10585569469539,6.0,6.0
iter03_quick,bstar_2023,HP_Peak,anchor_only_Linear,size,-,direct,none,r2,p0.2|n10,1,-0.6797922311941034,-0.6797922311941034,,-0.6797922311941034,-0.6797922311941034,9.0,6.0
iter03_quick,bstar_2023,HP_Peak,anchor_only_Linear,size,-,direct,none,r2,p0.3|n10,1,-1.1809496816026996,-1.1809496816026996,,-1.1809496816026996,-1.1809496816026996,12.0,6.0
iter03_quick,bstar_2023,HP_Peak,anchor_only_Linear,size,-,direct,none,r2,p0.5|n10,1,-13.577157589861436,-13.577157589861436,,-13.577157589861436,-13.577157589861436,11.0,3.0
iter03_quick,bstar_2023,HP_Peak,anchor_only_Linear,size,-,direct,none,r2,p1.0|n10,1,-80.72449350719982,-80.72449350719982,,-80.72449350719982,-80.72449350719982,16.0,3.0
iter03_quick,bstar_2023,HP_Peak,anchor_only_Linear,size,-,direct,none,rmse,all,1,23.31743336468588,23.31743336468588,,23.31743336468588,23.31743336468588,20.0,30.0
iter03_quick,bstar_2023,HP_Peak,anchor_only_Linear,size,-,direct,none,rmse,p0.05|n10,1,11.249812828326506,11.249812828326506,,11.249812828326506,11.249812828326506,5.0,6.0
iter03_quick,bstar_2023,HP_Peak,anchor_only_Linear,size,-,direct,none,rmse,p0.1|n10,1,11.323252300211555,11.323252300211555,,11.323252300211555,11.323252300211555,6.0,6.0
iter03_quick,bstar_2023,HP_Peak,anchor_only_Linear,size,-,direct,none,rmse,p0.2|n10,1,5.860414178990292,5.860414178990292,,5.860414178990292,5.860414178990292,9.0,6.0
iter03_quick,bstar_2023,HP_Peak,anchor_only_Linear,size,-,direct,none,rmse,p0.3|n10,1,6.12653888899598,6.12653888899598,,6.12653888899598,6.12653888899598,12.0,6.0
iter03_quick,bstar_2023,HP_Peak,anchor_only_Linear,size,-,direct,none,rmse,p0.5|n10,1,27.806884776751943,27.806884776751943,,27.806884776751943,27.806884776751943,11.0,3.0
iter03_quick,bstar_2023,HP_Peak,anchor_only_Linear,size,-,direct,none,rmse,p1.0|n10,1,63.3284897760042,63.3284897760042,,63.3284897760042,63.3284897760042,16.0,3.0
iter03_quick,bstar_2023,HP_Peak,anchor_only_Linear,size,-,direct,none,mae,all,1,15.399453013333469,15.399453013333469,,15.399453013333469,15.399453013333469,20.0,30.0
iter03_quick,bstar_2023,HP_Peak,anchor_only_Linear,size,-,direct,none,mae,p0.05|n10,1,11.10980586666668,11.10980586666668,,11.10980586666668,11.10980586666668,5.0,6.0
iter03_quick,bstar_2023,HP_Peak,anchor_only_Linear,size,-,direct,none,mae,p0.1|n10,1,11.191139200000014,11.191139200000014,,11.191139200000014,11.191139200000014,6.0,6.0
iter03_quick,bstar_2023,HP_Peak,anchor_only_Linear,size,-,direct,none,mae,p0.2|n10,1,5.300067066666744,5.300067066666744,,5.300067066666744,5.300067066666744,9.0,6.0
iter03_quick,bstar_2023,HP_Peak,anchor_only_Linear,size,-,direct,none,mae,p0.3|n10,1,4.508250800000165,4.508250800000165,,4.508250800000165,4.508250800000165,12.0,6.0
iter03_quick,bstar_2023,HP_Peak,anchor_only_Linear,size,-,direct,none,mae,p0.5|n10,1,26.836158133333665,26.836158133333665,,26.836158133333665,26.836158133333665,11.0,3.0
iter03_quick,bstar_2023,HP_Peak,anchor_only_Linear,size,-,direct,none,mae,p1.0|n10,1,62.93984613333381,62.93984613333381,,62.93984613333381,62.93984613333381,16.0,3.0
iter03_quick,bstar_2023,HP_Peak,anchor_only_Linear,size,-,direct,none,mape_n_excluded,all,1,0.0,0.0,,0.0,0.0,20.0,30.0
iter03_quick,bstar_2023,HP_Peak,anchor_only_Linear,size,-,direct,none,mape_n_excluded,p0.05|n10,1,0.0,0.0,,0.0,0.0,5.0,6.0
iter03_quick,bstar_2023,HP_Peak,anchor_only_Linear,size,-,direct,none,mape_n_excluded,p0.1|n10,1,0.0,0.0,,0.0,0.0,6.0,6.0
iter03_quick,bstar_2023,HP_Peak,anchor_only_Linear,size,-,direct,none,mape_n_excluded,p0.2|n10,1,0.0,0.0,,0.0,0.0,9.0,6.0
iter03_quick,bstar_2023,HP_Peak,anchor_only_Linear,size,-,direct,none,mape_n_excluded,p0.3|n10,1,0.0,0.0,,0.0,0.0,12.0,6.0
iter03_quick,bstar_2023,HP_Peak,anchor_only_Linear,size,-,direct,none,mape_n_excluded,p0.5|n10,1,0.0,0.0,,0.0,0.0,11.0,3.0
iter03_quick,bstar_2023,HP_Peak,anchor_only_Linear,size,-,direct,none,mape_n_excluded,p1.0|n10,1,0.0,0.0,,0.0,0.0,16.0,3.0
iter03_quick,bstar_2023,HP_Peak,anchor_only_Linear,size,-,direct,none,n_pred_nan,all,1,0.0,0.0,,0.0,0.0,20.0,30.0
iter03_quick,bstar_2023,HP_Peak,anchor_only_Linear,size,-,direct,none,n_pred_nan,p0.05|n10,1,0.0,0.0,,0.0,0.0,5.0,6.0
iter03_quick,bstar_2023,HP_Peak,anchor_only_Linear,size,-,direct,none,n_pred_nan,p0.1|n10,1,0.0,0.0,,0.0,0.0,6.0,6.0
iter03_quick,bstar_2023,HP_Peak,anchor_only_Linear,size,-,direct,none,n_pred_nan,p0.2|n10,1,0.0,0.0,,0.0,0.0,9.0,6.0
iter03_quick,bstar_2023,HP_Peak,anchor_only_Linear,size,-,direct,none,n_pred_nan,p0.3|n10,1,0.0,0.0,,0.0,0.0,12.0,6.0
iter03_quick,bstar_2023,HP_Peak,anchor_only_Linear,size,-,direct,none,n_pred_nan,p0.5|n10,1,0.0,0.0,,0.0,0.0,11.0,3.0
iter03_quick,bstar_2023,HP_Peak,anchor_only_Linear,size,-,direct,none,n_pred_nan,p1.0|n10,1,0.0,0.0,,0.0,0.0,16.0,3.0
iter03_quick,bstar_2023,HP_Peak,anchor_only_Linear,size+peak,-,direct,none,wape,all,1,25.635537989505146,25.635537989505146,,25.635537989505146,25.635537989505146,20.0,30.0
iter03_quick,bstar_2023,HP_Peak,anchor_only_Linear,size+peak,-,direct,none,wape,p0.05|n10,1,66.85114330691442,66.85114330691442,,66.85114330691442,66.85114330691442,5.0,6.0
iter03_quick,bstar_2023,HP_Peak,anchor_only_Linear,size+peak,-,direct,none,wape,p0.1|n10,1,68.29829192462647,68.29829192462647,,68.29829192462647,68.29829192462647,6.0,6.0
iter03_quick,bstar_2023,HP_Peak,anchor_only_Linear,size+peak,-,direct,none,wape,p0.2|n10,1,36.9222566065772,36.9222566065772,,36.9222566065772,36.9222566065772,9.0,6.0
iter03_quick,bstar_2023,HP_Peak,anchor_only_Linear,size+peak,-,direct,none,wape,p0.3|n10,1,28.407119023519208,28.407119023519208,,28.407119023519208,28.407119023519208,12.0,6.0
iter03_quick,bstar_2023,HP_Peak,anchor_only_Linear,size+peak,-,direct,none,wape,p0.5|n10,1,17.743915046180312,17.743915046180312,,17.743915046180312,17.743915046180312,11.0,3.0
iter03_quick,bstar_2023,HP_Peak,anchor_only_Linear,size+peak,-,direct,none,wape,p1.0|n10,1,12.019546993170852,12.019546993170852,,12.019546993170852,12.019546993170852,16.0,3.0
iter03_quick,bstar_2023,HP_Peak,anchor_only_Linear,size+peak,-,direct,none,mape,all,1,47.41426887400726,47.41426887400726,,47.41426887400726,47.41426887400726,20.0,30.0
iter03_quick,bstar_2023,HP_Peak,anchor_only_Linear,size+peak,-,direct,none,mape,p0.05|n10,1,75.14399584427784,75.14399584427784,,75.14399584427784,75.14399584427784,5.0,6.0
iter03_quick,bstar_2023,HP_Peak,anchor_only_Linear,size+peak,-,direct,none,mape,p0.1|n10,1,73.68786417724235,73.68786417724235,,73.68786417724235,73.68786417724235,6.0,6.0
iter03_quick,bstar_2023,HP_Peak,anchor_only_Linear,size+peak,-,direct,none,mape,p0.2|n10,1,45.136479429570734,45.136479429570734,,45.136479429570734,45.136479429570734,9.0,6.0
iter03_quick,bstar_2023,HP_Peak,anchor_only_Linear,size+peak,-,direct,none,mape,p0.3|n10,1,28.45335083732732,28.45335083732732,,28.45335083732732,28.45335083732732,12.0,6.0
iter03_quick,bstar_2023,HP_Peak,anchor_only_Linear,size+peak,-,direct,none,mape,p0.5|n10,1,17.163360537296132,17.163360537296132,,17.163360537296132,17.163360537296132,11.0,3.0
iter03_quick,bstar_2023,HP_Peak,anchor_only_Linear,size+peak,-,direct,none,mape,p1.0|n10,1,12.135947625939952,12.135947625939952,,12.135947625939952,12.135947625939952,16.0,3.0
iter03_quick,bstar_2023,HP_Peak,anchor_only_Linear,size+peak,-,direct,none,r2,all,1,0.912470210600687,0.912470210600687,,0.912470210600687,0.912470210600687,20.0,30.0
iter03_quick,bstar_2023,HP_Peak,anchor_only_Linear,size+peak,-,direct,none,r2,p0.05|n10,1,-7.928118646444771,-7.928118646444771,,-7.928118646444771,-7.928118646444771,5.0,6.0
iter03_quick,bstar_2023,HP_Peak,anchor_only_Linear,size+peak,-,direct,none,r2,p0.1|n10,1,-6.299937086321735,-6.299937086321735,,-6.299937086321735,-6.299937086321735,6.0,6.0
iter03_quick,bstar_2023,HP_Peak,anchor_only_Linear,size+peak,-,direct,none,r2,p0.2|n10,1,-0.8587168450375435,-0.8587168450375435,,-0.8587168450375435,-0.8587168450375435,9.0,6.0
iter03_quick,bstar_2023,HP_Peak,anchor_only_Linear,size+peak,-,direct,none,r2,p0.3|n10,1,-1.656818522050418,-1.656818522050418,,-1.656818522050418,-1.656818522050418,12.0,6.0
iter03_quick,bstar_2023,HP_Peak,anchor_only_Linear,size+peak,-,direct,none,r2,p0.5|n10,1,-0.3803149985603971,-0.3803149985603971,,-0.3803149985603971,-0.3803149985603971,11.0,3.0
iter03_quick,bstar_2023,HP_Peak,anchor_only_Linear,size+peak,-,direct,none,r2,p1.0|n10,1,-1.3798708692622226,-1.3798708692622226,,-1.3798708692622226,-1.3798708692622226,16.0,3.0
iter03_quick,bstar_2023,HP_Peak,anchor_only_Linear,size+peak,-,direct,none,rmse,all,1,6.758582778639506,6.758582778639506,,6.758582778639506,6.758582778639506,20.0,30.0
iter03_quick,bstar_2023,HP_Peak,anchor_only_Linear,size+peak,-,direct,none,rmse,p0.05|n10,1,5.286728265687559,5.286728265687559,,5.286728265687559,5.286728265687559,5.0,6.0
iter03_quick,bstar_2023,HP_Peak,anchor_only_Linear,size+peak,-,direct,none,rmse,p0.1|n10,1,4.659749897589319,4.659749897589319,,4.659749897589319,4.659749897589319,6.0,6.0
iter03_quick,bstar_2023,HP_Peak,anchor_only_Linear,size+peak,-,direct,none,rmse,p0.2|n10,1,6.164631820257143,6.164631820257143,,6.164631820257143,6.164631820257143,9.0,6.0
iter03_quick,bstar_2023,HP_Peak,anchor_only_Linear,size+peak,-,direct,none,rmse,p0.3|n10,1,6.761971202253772,6.761971202253772,,6.761971202253772,6.761971202253772,12.0,6.0
iter03_quick,bstar_2023,HP_Peak,anchor_only_Linear,size+peak,-,direct,none,rmse,p0.5|n10,1,8.556674596042686,8.556674596042686,,8.556674596042686,8.556674596042686,11.0,3.0
iter03_quick,bstar_2023,HP_Peak,anchor_only_Linear,size+peak,-,direct,none,rmse,p1.0|n10,1,10.806864570687626,10.806864570687626,,10.806864570687626,10.806864570687626,16.0,3.0
iter03_quick,bstar_2023,HP_Peak,anchor_only_Linear,size+peak,-,direct,none,mae,all,1,5.6066826132617145,5.6066826132617145,,5.6066826132617145,5.6066826132617145,20.0,30.0
iter03_quick,bstar_2023,HP_Peak,anchor_only_Linear,size+peak,-,direct,none,mae,p0.05|n10,1,4.069561566111262,4.069561566111262,,4.069561566111262,4.069561566111262,5.0,6.0
iter03_quick,bstar_2023,HP_Peak,anchor_only_Linear,size+peak,-,direct,none,mae,p0.1|n10,1,4.102107422191825,4.102107422191825,,4.102107422191825,4.102107422191825,6.0,6.0
iter03_quick,bstar_2023,HP_Peak,anchor_only_Linear,size+peak,-,direct,none,mae,p0.2|n10,1,4.973130371517729,4.973130371517729,,4.973130371517729,4.973130371517729,9.0,6.0
iter03_quick,bstar_2023,HP_Peak,anchor_only_Linear,size+peak,-,direct,none,mae,p0.3|n10,1,6.165922559494288,6.165922559494288,,6.165922559494288,6.165922559494288,12.0,6.0
iter03_quick,bstar_2023,HP_Peak,anchor_only_Linear,size+peak,-,direct,none,mae,p0.5|n10,1,7.813259970879385,7.813259970879385,,7.813259970879385,7.813259970879385,11.0,3.0
iter03_quick,bstar_2023,HP_Peak,anchor_only_Linear,size+peak,-,direct,none,mae,p1.0|n10,1,9.63212232310756,9.63212232310756,,9.63212232310756,9.63212232310756,16.0,3.0
iter03_quick,bstar_2023,HP_Peak,anchor_only_Linear,size+peak,-,direct,none,mape_n_excluded,all,1,0.0,0.0,,0.0,0.0,20.0,30.0
iter03_quick,bstar_2023,HP_Peak,anchor_only_Linear,size+peak,-,direct,none,mape_n_excluded,p0.05|n10,1,0.0,0.0,,0.0,0.0,5.0,6.0
iter03_quick,bstar_2023,HP_Peak,anchor_only_Linear,size+peak,-,direct,none,mape_n_excluded,p0.1|n10,1,0.0,0.0,,0.0,0.0,6.0,6.0
iter03_quick,bstar_2023,HP_Peak,anchor_only_Linear,size+peak,-,direct,none,mape_n_excluded,p0.2|n10,1,0.0,0.0,,0.0,0.0,9.0,6.0
iter03_quick,bstar_2023,HP_Peak,anchor_only_Linear,size+peak,-,direct,none,mape_n_excluded,p0.3|n10,1,0.0,0.0,,0.0,0.0,12.0,6.0
iter03_quick,bstar_2023,HP_Peak,anchor_only_Linear,size+peak,-,direct,none,mape_n_excluded,p0.5|n10,1,0.0,0.0,,0.0,0.0,11.0,3.0
iter03_quick,bstar_2023,HP_Peak,anchor_only_Linear,size+peak,-,direct,none,mape_n_excluded,p1.0|n10,1,0.0,0.0,,0.0,0.0,16.0,3.0
iter03_quick,bstar_2023,HP_Peak,anchor_only_Linear,size+peak,-,direct,none,n_pred_nan,all,1,0.0,0.0,,0.0,0.0,20.0,30.0
iter03_quick,bstar_2023,HP_Peak,anchor_only_Linear,size+peak,-,direct,none,n_pred_nan,p0.05|n10,1,0.0,0.0,,0.0,0.0,5.0,6.0
iter03_quick,bstar_2023,HP_Peak,anchor_only_Linear,size+peak,-,direct,none,n_pred_nan,p0.1|n10,1,0.0,0.0,,0.0,0.0,6.0,6.0
iter03_quick,bstar_2023,HP_Peak,anchor_only_Linear,size+peak,-,direct,none,n_pred_nan,p0.2|n10,1,0.0,0.0,,0.0,0.0,9.0,6.0
iter03_quick,bstar_2023,HP_Peak,anchor_only_Linear,size+peak,-,direct,none,n_pred_nan,p0.3|n10,1,0.0,0.0,,0.0,0.0,12.0,6.0
iter03_quick,bstar_2023,HP_Peak,anchor_only_Linear,size+peak,-,direct,none,n_pred_nan,p0.5|n10,1,0.0,0.0,,0.0,0.0,11.0,3.0
iter03_quick,bstar_2023,HP_Peak,anchor_only_Linear,size+peak,-,direct,none,n_pred_nan,p1.0|n10,1,0.0,0.0,,0.0,0.0,16.0,3.0
iter03_quick,bstar_2023,HP_Peak,paperA_sh_mh,none,-,-,-,wape,all,1,21.744400741450068,21.744400741450068,,21.744400741450068,21.744400741450068,20.0,30.0
iter03_quick,bstar_2023,HP_Peak,paperA_sh_mh,none,-,-,-,wape,p0.05|n10,1,47.47240835983346,47.47240835983346,,47.47240835983346,47.47240835983346,5.0,6.0
iter03_quick,bstar_2023,HP_Peak,paperA_sh_mh,none,-,-,-,wape,p0.1|n10,1,52.0751945159304,52.0751945159304,,52.0751945159304,52.0751945159304,6.0,6.0
iter03_quick,bstar_2023,HP_Peak,paperA_sh_mh,none,-,-,-,wape,p0.2|n10,1,53.92328034534671,53.92328034534671,,53.92328034534671,53.92328034534671,9.0,6.0
iter03_quick,bstar_2023,HP_Peak,paperA_sh_mh,none,-,-,-,wape,p0.3|n10,1,23.01330319452629,23.01330319452629,,23.01330319452629,23.01330319452629,12.0,6.0
iter03_quick,bstar_2023,HP_Peak,paperA_sh_mh,none,-,-,-,wape,p0.5|n10,1,9.845625103171834,9.845625103171834,,9.845625103171834,9.845625103171834,11.0,3.0
iter03_quick,bstar_2023,HP_Peak,paperA_sh_mh,none,-,-,-,wape,p1.0|n10,1,8.32279619936437,8.32279619936437,,8.32279619936437,8.32279619936437,16.0,3.0
iter03_quick,bstar_2023,HP_Peak,paperA_sh_mh,none,-,-,-,mape,all,1,39.47436690424989,39.47436690424989,,39.47436690424989,39.47436690424989,20.0,30.0
iter03_quick,bstar_2023,HP_Peak,paperA_sh_mh,none,-,-,-,mape,p0.05|n10,1,48.89128362594998,48.89128362594998,,48.89128362594998,48.89128362594998,5.0,6.0
iter03_quick,bstar_2023,HP_Peak,paperA_sh_mh,none,-,-,-,mape,p0.1|n10,1,55.139784258726685,55.139784258726685,,55.139784258726685,55.139784258726685,6.0,6.0
iter03_quick,bstar_2023,HP_Peak,paperA_sh_mh,none,-,-,-,mape,p0.2|n10,1,62.45007425917992,62.45007425917992,,62.45007425917992,62.45007425917992,9.0,6.0
iter03_quick,bstar_2023,HP_Peak,paperA_sh_mh,none,-,-,-,mape,p0.3|n10,1,21.463171494256454,21.463171494256454,,21.463171494256454,21.463171494256454,12.0,6.0
iter03_quick,bstar_2023,HP_Peak,paperA_sh_mh,none,-,-,-,mape,p0.5|n10,1,10.042473468185452,10.042473468185452,,10.042473468185452,10.042473468185452,11.0,3.0
iter03_quick,bstar_2023,HP_Peak,paperA_sh_mh,none,-,-,-,mape,p1.0|n10,1,8.812568298087301,8.812568298087301,,8.812568298087301,8.812568298087301,16.0,3.0
iter03_quick,bstar_2023,HP_Peak,paperA_sh_mh,none,-,-,-,r2,all,1,0.9385082251029876,0.9385082251029876,,0.9385082251029876,0.9385082251029876,20.0,30.0
iter03_quick,bstar_2023,HP_Peak,paperA_sh_mh,none,-,-,-,r2,p0.05|n10,1,-2.6086761601053365,-2.6086761601053365,,-2.6086761601053365,-2.6086761601053365,5.0,6.0
iter03_quick,bstar_2023,HP_Peak,paperA_sh_mh,none,-,-,-,r2,p0.1|n10,1,-3.123414558449509,-3.123414558449509,,-3.123414558449509,-3.123414558449509,6.0,6.0
iter03_quick,bstar_2023,HP_Peak,paperA_sh_mh,none,-,-,-,r2,p0.2|n10,1,-2.028912853577979,-2.028912853577979,,-2.028912853577979,-2.028912853577979,9.0,6.0
iter03_quick,bstar_2023,HP_Peak,paperA_sh_mh,none,-,-,-,r2,p0.3|n10,1,-0.956830665189652,-0.956830665189652,,-0.956830665189652,-0.956830665189652,12.0,6.0
iter03_quick,bstar_2023,HP_Peak,paperA_sh_mh,none,-,-,-,r2,p0.5|n10,1,0.6221113597347399,0.6221113597347399,,0.6221113597347399,0.6221113597347399,11.0,3.0
iter03_quick,bstar_2023,HP_Peak,paperA_sh_mh,none,-,-,-,r2,p1.0|n10,1,-0.2740685387082509,-0.2740685387082509,,-0.2740685387082509,-0.2740685387082509,16.0,3.0
iter03_quick,bstar_2023,HP_Peak,paperA_sh_mh,none,-,-,-,rmse,all,1,5.664821242571936,5.664821242571936,,5.664821242571936,5.664821242571936,20.0,30.0
iter03_quick,bstar_2023,HP_Peak,paperA_sh_mh,none,-,-,-,rmse,p0.05|n10,1,3.361096389194765,3.361096389194765,,3.361096389194765,3.361096389194765,5.0,6.0
iter03_quick,bstar_2023,HP_Peak,paperA_sh_mh,none,-,-,-,rmse,p0.1|n10,1,3.502124239524069,3.502124239524069,,3.502124239524069,3.502124239524069,6.0,6.0
iter03_quick,bstar_2023,HP_Peak,paperA_sh_mh,none,-,-,-,rmse,p0.2|n10,1,7.869441574146381,7.869441574146381,,7.869441574146381,7.869441574146381,9.0,6.0
iter03_quick,bstar_2023,HP_Peak,paperA_sh_mh,none,-,-,-,rmse,p0.3|n10,1,5.803219458845644,5.803219458845644,,5.803219458845644,5.803219458845644,12.0,6.0
iter03_quick,bstar_2023,HP_Peak,paperA_sh_mh,none,-,-,-,rmse,p0.5|n10,1,4.4771106842326365,4.4771106842326365,,4.4771106842326365,4.4771106842326365,11.0,3.0
iter03_quick,bstar_2023,HP_Peak,paperA_sh_mh,none,-,-,-,rmse,p1.0|n10,1,7.907139635682164,7.907139635682164,,7.907139635682164,7.907139635682164,16.0,3.0
iter03_quick,bstar_2023,HP_Peak,paperA_sh_mh,none,-,-,-,mae,all,1,4.755661988556401,4.755661988556401,,4.755661988556401,4.755661988556401,20.0,30.0
iter03_quick,bstar_2023,HP_Peak,paperA_sh_mh,none,-,-,-,mae,p0.05|n10,1,2.8898815929739734,2.8898815929739734,,2.8898815929739734,2.8898815929739734,5.0,6.0
iter03_quick,bstar_2023,HP_Peak,paperA_sh_mh,none,-,-,-,mae,p0.1|n10,1,3.127721585945788,3.127721585945788,,3.127721585945788,3.127721585945788,6.0,6.0
iter03_quick,bstar_2023,HP_Peak,paperA_sh_mh,none,-,-,-,mae,p0.2|n10,1,7.263031240878661,7.263031240878661,,7.263031240878661,7.263031240878661,9.0,6.0
iter03_quick,bstar_2023,HP_Peak,paperA_sh_mh,none,-,-,-,mae,p0.3|n10,1,4.995164952071673,4.995164952071673,,4.995164952071673,4.995164952071673,12.0,6.0
iter03_quick,bstar_2023,HP_Peak,paperA_sh_mh,none,-,-,-,mae,p0.5|n10,1,4.335369522830163,4.335369522830163,,4.335369522830163,4.335369522830163,11.0,3.0
iter03_quick,bstar_2023,HP_Peak,paperA_sh_mh,none,-,-,-,mae,p1.0|n10,1,6.669651618993657,6.669651618993657,,6.669651618993657,6.669651618993657,16.0,3.0
iter03_quick,bstar_2023,HP_Peak,paperA_sh_mh,none,-,-,-,mape_n_excluded,all,1,0.0,0.0,,0.0,0.0,20.0,30.0
iter03_quick,bstar_2023,HP_Peak,paperA_sh_mh,none,-,-,-,mape_n_excluded,p0.05|n10,1,0.0,0.0,,0.0,0.0,5.0,6.0
iter03_quick,bstar_2023,HP_Peak,paperA_sh_mh,none,-,-,-,mape_n_excluded,p0.1|n10,1,0.0,0.0,,0.0,0.0,6.0,6.0
iter03_quick,bstar_2023,HP_Peak,paperA_sh_mh,none,-,-,-,mape_n_excluded,p0.2|n10,1,0.0,0.0,,0.0,0.0,9.0,6.0
iter03_quick,bstar_2023,HP_Peak,paperA_sh_mh,none,-,-,-,mape_n_excluded,p0.3|n10,1,0.0,0.0,,0.0,0.0,12.0,6.0
iter03_quick,bstar_2023,HP_Peak,paperA_sh_mh,none,-,-,-,mape_n_excluded,p0.5|n10,1,0.0,0.0,,0.0,0.0,11.0,3.0
iter03_quick,bstar_2023,HP_Peak,paperA_sh_mh,none,-,-,-,mape_n_excluded,p1.0|n10,1,0.0,0.0,,0.0,0.0,16.0,3.0
iter03_quick,bstar_2023,HP_Peak,paperA_sh_mh,none,-,-,-,n_invalid,all,1,0.0,0.0,,0.0,0.0,20.0,30.0
iter03_quick,bstar_2023,HP_Peak,paperA_sh_mh,none,-,-,-,n_pred_nan,all,1,0.0,0.0,,0.0,0.0,20.0,30.0
iter03_quick,bstar_2023,HP_Peak,paperA_sh_mh,none,-,-,-,n_pred_nan,p0.05|n10,1,0.0,0.0,,0.0,0.0,5.0,6.0
iter03_quick,bstar_2023,HP_Peak,paperA_sh_mh,none,-,-,-,n_pred_nan,p0.1|n10,1,0.0,0.0,,0.0,0.0,6.0,6.0
iter03_quick,bstar_2023,HP_Peak,paperA_sh_mh,none,-,-,-,n_pred_nan,p0.2|n10,1,0.0,0.0,,0.0,0.0,9.0,6.0
iter03_quick,bstar_2023,HP_Peak,paperA_sh_mh,none,-,-,-,n_pred_nan,p0.3|n10,1,0.0,0.0,,0.0,0.0,12.0,6.0
iter03_quick,bstar_2023,HP_Peak,paperA_sh_mh,none,-,-,-,n_pred_nan,p0.5|n10,1,0.0,0.0,,0.0,0.0,11.0,3.0
iter03_quick,bstar_2023,HP_Peak,paperA_sh_mh,none,-,-,-,n_pred_nan,p1.0|n10,1,0.0,0.0,,0.0,0.0,16.0,3.0
iter03_quick,bstar_2023,HP_Peak,paperA_sh_mh,none,-,-,-,n_station_fallback,all,1,0.0,0.0,,0.0,0.0,20.0,30.0
iter03_quick,bstar_2023,HP_Peak,paperA_sh_mh_station,none,-,-,-,wape,all,1,22.629383154292167,22.629383154292167,,22.629383154292167,22.629383154292167,20.0,30.0
iter03_quick,bstar_2023,HP_Peak,paperA_sh_mh_station,none,-,-,-,wape,p0.05|n10,1,49.3887430952993,49.3887430952993,,49.3887430952993,49.3887430952993,5.0,6.0
iter03_quick,bstar_2023,HP_Peak,paperA_sh_mh_station,none,-,-,-,wape,p0.1|n10,1,54.66185994488411,54.66185994488411,,54.66185994488411,54.66185994488411,6.0,6.0
iter03_quick,bstar_2023,HP_Peak,paperA_sh_mh_station,none,-,-,-,wape,p0.2|n10,1,56.36452369904015,56.36452369904015,,56.36452369904015,56.36452369904015,9.0,6.0
iter03_quick,bstar_2023,HP_Peak,paperA_sh_mh_station,none,-,-,-,wape,p0.3|n10,1,24.69897930661518,24.69897930661518,,24.69897930661518,24.69897930661518,12.0,6.0
iter03_quick,bstar_2023,HP_Peak,paperA_sh_mh_station,none,-,-,-,wape,p0.5|n10,1,9.81905426394687,9.81905426394687,,9.81905426394687,9.81905426394687,11.0,3.0
iter03_quick,bstar_2023,HP_Peak,paperA_sh_mh_station,none,-,-,-,wape,p1.0|n10,1,8.340001295741775,8.340001295741775,,8.340001295741775,8.340001295741775,16.0,3.0
iter03_quick,bstar_2023,HP_Peak,paperA_sh_mh_station,none,-,-,-,mape,all,1,41.53248873451585,41.53248873451585,,41.53248873451585,41.53248873451585,20.0,30.0
iter03_quick,bstar_2023,HP_Peak,paperA_sh_mh_station,none,-,-,-,mape,p0.05|n10,1,51.3352500147582,51.3352500147582,,51.3352500147582,51.3352500147582,5.0,6.0
iter03_quick,bstar_2023,HP_Peak,paperA_sh_mh_station,none,-,-,-,mape,p0.1|n10,1,57.73278736988874,57.73278736988874,,57.73278736988874,57.73278736988874,6.0,6.0
iter03_quick,bstar_2023,HP_Peak,paperA_sh_mh_station,none,-,-,-,mape,p0.2|n10,1,65.64730598857388,65.64730598857388,,65.64730598857388,65.64730598857388,9.0,6.0
iter03_quick,bstar_2023,HP_Peak,paperA_sh_mh_station,none,-,-,-,mape,p0.3|n10,1,23.528627350648183,23.528627350648183,,23.528627350648183,23.528627350648183,12.0,6.0
iter03_quick,bstar_2023,HP_Peak,paperA_sh_mh_station,none,-,-,-,mape,p0.5|n10,1,10.00084412994436,10.00084412994436,,10.00084412994436,10.00084412994436,11.0,3.0
iter03_quick,bstar_2023,HP_Peak,paperA_sh_mh_station,none,-,-,-,mape,p1.0|n10,1,8.836101767476205,8.836101767476205,,8.836101767476205,8.836101767476205,16.0,3.0
iter03_quick,bstar_2023,HP_Peak,paperA_sh_mh_station,none,-,-,-,r2,all,1,0.9349173480803632,0.9349173480803632,,0.9349173480803632,0.9349173480803632,20.0,30.0
iter03_quick,bstar_2023,HP_Peak,paperA_sh_mh_station,none,-,-,-,r2,p0.05|n10,1,-2.739546154013558,-2.739546154013558,,-2.739546154013558,-2.739546154013558,5.0,6.0
iter03_quick,bstar_2023,HP_Peak,paperA_sh_mh_station,none,-,-,-,r2,p0.1|n10,1,-3.4858982785885813,-3.4858982785885813,,-3.4858982785885813,-3.4858982785885813,6.0,6.0
iter03_quick,bstar_2023,HP_Peak,paperA_sh_mh_station,none,-,-,-,r2,p0.2|n10,1,-2.296547450432534,-2.296547450432534,,-2.296547450432534,-2.296547450432534,9.0,6.0
iter03_quick,bstar_2023,HP_Peak,paperA_sh_mh_station,none,-,-,-,r2,p0.3|n10,1,-1.0774253237897824,-1.0774253237897824,,-1.0774253237897824,-1.0774253237897824,12.0,6.0
iter03_quick,bstar_2023,HP_Peak,paperA_sh_mh_station,none,-,-,-,r2,p0.5|n10,1,0.6241065191435425,0.6241065191435425,,0.6241065191435425,0.6241065191435425,11.0,3.0
iter03_quick,bstar_2023,HP_Peak,paperA_sh_mh_station,none,-,-,-,r2,p1.0|n10,1,-0.2898541085865389,-0.2898541085865389,,-0.2898541085865389,-0.2898541085865389,16.0,3.0
iter03_quick,bstar_2023,HP_Peak,paperA_sh_mh_station,none,-,-,-,rmse,all,1,5.827876178623787,5.827876178623787,,5.827876178623787,5.827876178623787,20.0,30.0
iter03_quick,bstar_2023,HP_Peak,paperA_sh_mh_station,none,-,-,-,rmse,p0.05|n10,1,3.421499342601958,3.421499342601958,,3.421499342601958,3.421499342601958,5.0,6.0
iter03_quick,bstar_2023,HP_Peak,paperA_sh_mh_station,none,-,-,-,rmse,p0.1|n10,1,3.652815689630941,3.652815689630941,,3.652815689630941,3.652815689630941,6.0,6.0
iter03_quick,bstar_2023,HP_Peak,paperA_sh_mh_station,none,-,-,-,rmse,p0.2|n10,1,8.209754906691451,8.209754906691451,,8.209754906691451,8.209754906691451,9.0,6.0
iter03_quick,bstar_2023,HP_Peak,paperA_sh_mh_station,none,-,-,-,rmse,p0.3|n10,1,5.97936523982472,5.97936523982472,,5.97936523982472,5.97936523982472,12.0,6.0
iter03_quick,bstar_2023,HP_Peak,paperA_sh_mh_station,none,-,-,-,rmse,p0.5|n10,1,4.465276018938087,4.465276018938087,,4.465276018938087,4.465276018938087,11.0,3.0
iter03_quick,bstar_2023,HP_Peak,paperA_sh_mh_station,none,-,-,-,rmse,p1.0|n10,1,7.955973138616429,7.955973138616429,,7.955973138616429,7.955973138616429,16.0,3.0
iter03_quick,bstar_2023,HP_Peak,paperA_sh_mh_station,none,-,-,-,mae,all,1,4.949214217074309,4.949214217074309,,4.949214217074309,4.949214217074309,20.0,30.0
iter03_quick,bstar_2023,HP_Peak,paperA_sh_mh_station,none,-,-,-,mae,p0.05|n10,1,3.006538418893197,3.006538418893197,,3.006538418893197,3.006538418893197,5.0,6.0
iter03_quick,bstar_2023,HP_Peak,paperA_sh_mh_station,none,-,-,-,mae,p0.1|n10,1,3.2830809537400505,3.2830809537400505,,3.2830809537400505,3.2830809537400505,6.0,6.0
iter03_quick,bstar_2023,HP_Peak,paperA_sh_mh_station,none,-,-,-,mae,p0.2|n10,1,7.591847044199738,7.591847044199738,,7.591847044199738,7.591847044199738,9.0,6.0
iter03_quick,bstar_2023,HP_Peak,paperA_sh_mh_station,none,-,-,-,mae,p0.3|n10,1,5.361050290846229,5.361050290846229,,5.361050290846229,5.361050290846229,12.0,6.0
iter03_quick,bstar_2023,HP_Peak,paperA_sh_mh_station,none,-,-,-,mae,p0.5|n10,1,4.323669462614096,4.323669462614096,,4.323669462614096,4.323669462614096,11.0,3.0
iter03_quick,bstar_2023,HP_Peak,paperA_sh_mh_station,none,-,-,-,mae,p1.0|n10,1,6.683439292770562,6.683439292770562,,6.683439292770562,6.683439292770562,16.0,3.0
iter03_quick,bstar_2023,HP_Peak,paperA_sh_mh_station,none,-,-,-,mape_n_excluded,all,1,0.0,0.0,,0.0,0.0,20.0,30.0
iter03_quick,bstar_2023,HP_Peak,paperA_sh_mh_station,none,-,-,-,mape_n_excluded,p0.05|n10,1,0.0,0.0,,0.0,0.0,5.0,6.0
iter03_quick,bstar_2023,HP_Peak,paperA_sh_mh_station,none,-,-,-,mape_n_excluded,p0.1|n10,1,0.0,0.0,,0.0,0.0,6.0,6.0
iter03_quick,bstar_2023,HP_Peak,paperA_sh_mh_station,none,-,-,-,mape_n_excluded,p0.2|n10,1,0.0,0.0,,0.0,0.0,9.0,6.0
iter03_quick,bstar_2023,HP_Peak,paperA_sh_mh_station,none,-,-,-,mape_n_excluded,p0.3|n10,1,0.0,0.0,,0.0,0.0,12.0,6.0
iter03_quick,bstar_2023,HP_Peak,paperA_sh_mh_station,none,-,-,-,mape_n_excluded,p0.5|n10,1,0.0,0.0,,0.0,0.0,11.0,3.0
iter03_quick,bstar_2023,HP_Peak,paperA_sh_mh_station,none,-,-,-,mape_n_excluded,p1.0|n10,1,0.0,0.0,,0.0,0.0,16.0,3.0
iter03_quick,bstar_2023,HP_Peak,paperA_sh_mh_station,none,-,-,-,n_invalid,all,1,0.0,0.0,,0.0,0.0,20.0,30.0
iter03_quick,bstar_2023,HP_Peak,paperA_sh_mh_station,none,-,-,-,n_pred_nan,all,1,0.0,0.0,,0.0,0.0,20.0,30.0
iter03_quick,bstar_2023,HP_Peak,paperA_sh_mh_station,none,-,-,-,n_pred_nan,p0.05|n10,1,0.0,0.0,,0.0,0.0,5.0,6.0
iter03_quick,bstar_2023,HP_Peak,paperA_sh_mh_station,none,-,-,-,n_pred_nan,p0.1|n10,1,0.0,0.0,,0.0,0.0,6.0,6.0
iter03_quick,bstar_2023,HP_Peak,paperA_sh_mh_station,none,-,-,-,n_pred_nan,p0.2|n10,1,0.0,0.0,,0.0,0.0,9.0,6.0
iter03_quick,bstar_2023,HP_Peak,paperA_sh_mh_station,none,-,-,-,n_pred_nan,p0.3|n10,1,0.0,0.0,,0.0,0.0,12.0,6.0
iter03_quick,bstar_2023,HP_Peak,paperA_sh_mh_station,none,-,-,-,n_pred_nan,p0.5|n10,1,0.0,0.0,,0.0,0.0,11.0,3.0
iter03_quick,bstar_2023,HP_Peak,paperA_sh_mh_station,none,-,-,-,n_pred_nan,p1.0|n10,1,0.0,0.0,,0.0,0.0,16.0,3.0
iter03_quick,bstar_2023,HP_Peak,paperA_sh_mh_station,none,-,-,-,n_station_fallback,all,1,0.0,0.0,,0.0,0.0,20.0,30.0
iter03_quick,bstar_2023,HP_Peak,slope_only,none,-,-,-,wape,all,1,25.40607597722813,25.40607597722813,,25.40607597722813,25.40607597722813,20.0,30.0
iter03_quick,bstar_2023,HP_Peak,slope_only,none,-,-,-,wape,p0.05|n10,1,36.74224551697026,36.74224551697026,,36.74224551697026,36.74224551697026,5.0,6.0
iter03_quick,bstar_2023,HP_Peak,slope_only,none,-,-,-,wape,p0.1|n10,1,30.60428910356337,30.60428910356337,,30.60428910356337,30.60428910356337,6.0,6.0
iter03_quick,bstar_2023,HP_Peak,slope_only,none,-,-,-,wape,p0.2|n10,1,33.28305171889673,33.28305171889673,,33.28305171889673,33.28305171889673,9.0,6.0
iter03_quick,bstar_2023,HP_Peak,slope_only,none,-,-,-,wape,p0.3|n10,1,14.548448578420162,14.548448578420162,,14.548448578420162,14.548448578420162,12.0,6.0
iter03_quick,bstar_2023,HP_Peak,slope_only,none,-,-,-,wape,p0.5|n10,1,20.364804226118363,20.364804226118363,,20.364804226118363,20.364804226118363,11.0,3.0
iter03_quick,bstar_2023,HP_Peak,slope_only,none,-,-,-,wape,p1.0|n10,1,28.908481654517352,28.908481654517352,,28.908481654517352,28.908481654517352,16.0,3.0
iter03_quick,bstar_2023,HP_Peak,slope_only,none,-,-,-,mape,all,1,27.44104046558656,27.44104046558656,,27.44104046558656,27.44104046558656,20.0,30.0
iter03_quick,bstar_2023,HP_Peak,slope_only,none,-,-,-,mape,p0.05|n10,1,32.22387851338822,32.22387851338822,,32.22387851338822,32.22387851338822,5.0,6.0
iter03_quick,bstar_2023,HP_Peak,slope_only,none,-,-,-,mape,p0.1|n10,1,30.5033076114866,30.5033076114866,,30.5033076114866,30.5033076114866,6.0,6.0
iter03_quick,bstar_2023,HP_Peak,slope_only,none,-,-,-,mape,p0.2|n10,1,35.71502878024307,35.71502878024307,,35.71502878024307,35.71502878024307,9.0,6.0
iter03_quick,bstar_2023,HP_Peak,slope_only,none,-,-,-,mape,p0.3|n10,1,14.464765163567773,14.464765163567773,,14.464765163567773,14.464765163567773,12.0,6.0
iter03_quick,bstar_2023,HP_Peak,slope_only,none,-,-,-,mape,p0.5|n10,1,19.26608376748858,19.26608376748858,,19.26608376748858,19.26608376748858,11.0,3.0
iter03_quick,bstar_2023,HP_Peak,slope_only,none,-,-,-,mape,p1.0|n10,1,29.3303607510056,29.3303607510056,,29.3303607510056,29.3303607510056,16.0,3.0
iter03_quick,bstar_2023,HP_Peak,slope_only,none,-,-,-,r2,all,1,0.8491074276762723,0.8491074276762723,,0.8491074276762723,0.8491074276762723,20.0,30.0
iter03_quick,bstar_2023,HP_Peak,slope_only,none,-,-,-,r2,p0.05|n10,1,-1.8032023369861,-1.8032023369861,,-1.8032023369861,-1.8032023369861,5.0,6.0
iter03_quick,bstar_2023,HP_Peak,slope_only,none,-,-,-,r2,p0.1|n10,1,-0.4178823747001781,-0.4178823747001781,,-0.4178823747001781,-0.4178823747001781,6.0,6.0
iter03_quick,bstar_2023,HP_Peak,slope_only,none,-,-,-,r2,p0.2|n10,1,-0.7592948620792648,-0.7592948620792648,,-0.7592948620792648,-0.7592948620792648,9.0,6.0
iter03_quick,bstar_2023,HP_Peak,slope_only,none,-,-,-,r2,p0.3|n10,1,-0.2529857082853182,-0.2529857082853182,,-0.2529857082853182,-0.2529857082853182,12.0,6.0
iter03_quick,bstar_2023,HP_Peak,slope_only,none,-,-,-,r2,p0.5|n10,1,-0.9598570273396112,-0.9598570273396112,,-0.9598570273396112,-0.9598570273396112,11.0,3.0
iter03_quick,bstar_2023,HP_Peak,slope_only,none,-,-,-,r2,p1.0|n10,1,-10.05363238600046,-10.05363238600046,,-10.05363238600046,-10.05363238600046,16.0,3.0
iter03_quick,bstar_2023,HP_Peak,slope_only,none,-,-,-,rmse,all,1,8.873840670231244,8.873840670231244,,8.873840670231244,8.873840670231244,20.0,30.0
iter03_quick,bstar_2023,HP_Peak,slope_only,none,-,-,-,rmse,p0.05|n10,1,2.962335446878169,2.962335446878169,,2.962335446878169,2.962335446878169,5.0,6.0
iter03_quick,bstar_2023,HP_Peak,slope_only,none,-,-,-,rmse,p0.1|n10,1,2.0536344961155693,2.0536344961155693,,2.0536344961155693,2.0536344961155693,6.0,6.0
iter03_quick,bstar_2023,HP_Peak,slope_only,none,-,-,-,rmse,p0.2|n10,1,5.997494293685291,5.997494293685291,,5.997494293685291,5.997494293685291,9.0,6.0
iter03_quick,bstar_2023,HP_Peak,slope_only,none,-,-,-,rmse,p0.3|n10,1,4.643713637940252,4.643713637940252,,4.643713637940252,4.643713637940252,12.0,6.0
iter03_quick,bstar_2023,HP_Peak,slope_only,none,-,-,-,rmse,p0.5|n10,1,10.195959650325822,10.195959650325822,,10.195959650325822,10.195959650325822,11.0,3.0
iter03_quick,bstar_2023,HP_Peak,slope_only,none,-,-,-,rmse,p1.0|n10,1,23.29032350613738,23.29032350613738,,23.29032350613738,23.29032350613738,16.0,3.0
iter03_quick,bstar_2023,HP_Peak,slope_only,none,-,-,-,mae,all,1,5.5564975664269545,5.5564975664269545,,5.5564975664269545,5.5564975664269545,20.0,30.0
iter03_quick,bstar_2023,HP_Peak,slope_only,none,-,-,-,mae,p0.05|n10,1,2.236683216052352,2.236683216052352,,2.236683216052352,2.236683216052352,5.0,6.0
iter03_quick,bstar_2023,HP_Peak,slope_only,none,-,-,-,mae,p0.1|n10,1,1.8381437945941468,1.8381437945941468,,1.8381437945941468,1.8381437945941468,6.0,6.0
iter03_quick,bstar_2023,HP_Peak,slope_only,none,-,-,-,mae,p0.2|n10,1,4.482958805138561,4.482958805138561,,4.482958805138561,4.482958805138561,9.0,6.0
iter03_quick,bstar_2023,HP_Peak,slope_only,none,-,-,-,mae,p0.3|n10,1,3.157821362351248,3.157821362351248,,3.157821362351248,3.157821362351248,12.0,6.0
iter03_quick,bstar_2023,HP_Peak,slope_only,none,-,-,-,mae,p0.5|n10,1,8.967328194516933,8.967328194516933,,8.967328194516933,8.967328194516933,11.0,3.0
iter03_quick,bstar_2023,HP_Peak,slope_only,none,-,-,-,mae,p1.0|n10,1,23.166433113479982,23.166433113479982,,23.166433113479982,23.166433113479982,16.0,3.0
iter03_quick,bstar_2023,HP_Peak,slope_only,none,-,-,-,at_bound_share_test,all,1,0.0,0.0,,0.0,0.0,20.0,30.0
iter03_quick,bstar_2023,HP_Peak,slope_only,none,-,-,-,at_bound_share_train,all,1,0.0,0.0,,0.0,0.0,61.0,90.0
iter03_quick,bstar_2023,HP_Peak,slope_only,none,-,-,-,mape_n_excluded,all,1,0.0,0.0,,0.0,0.0,20.0,30.0
iter03_quick,bstar_2023,HP_Peak,slope_only,none,-,-,-,mape_n_excluded,p0.05|n10,1,0.0,0.0,,0.0,0.0,5.0,6.0
iter03_quick,bstar_2023,HP_Peak,slope_only,none,-,-,-,mape_n_excluded,p0.1|n10,1,0.0,0.0,,0.0,0.0,6.0,6.0
iter03_quick,bstar_2023,HP_Peak,slope_only,none,-,-,-,mape_n_excluded,p0.2|n10,1,0.0,0.0,,0.0,0.0,9.0,6.0
iter03_quick,bstar_2023,HP_Peak,slope_only,none,-,-,-,mape_n_excluded,p0.3|n10,1,0.0,0.0,,0.0,0.0,12.0,6.0
iter03_quick,bstar_2023,HP_Peak,slope_only,none,-,-,-,mape_n_excluded,p0.5|n10,1,0.0,0.0,,0.0,0.0,11.0,3.0
iter03_quick,bstar_2023,HP_Peak,slope_only,none,-,-,-,mape_n_excluded,p1.0|n10,1,0.0,0.0,,0.0,0.0,16.0,3.0
iter03_quick,bstar_2023,HP_Peak,slope_only,none,-,-,-,n_pred_nan,all,1,0.0,0.0,,0.0,0.0,20.0,30.0
iter03_quick,bstar_2023,HP_Peak,slope_only,none,-,-,-,n_pred_nan,p0.05|n10,1,0.0,0.0,,0.0,0.0,5.0,6.0
iter03_quick,bstar_2023,HP_Peak,slope_only,none,-,-,-,n_pred_nan,p0.1|n10,1,0.0,0.0,,0.0,0.0,6.0,6.0
iter03_quick,bstar_2023,HP_Peak,slope_only,none,-,-,-,n_pred_nan,p0.2|n10,1,0.0,0.0,,0.0,0.0,9.0,6.0
iter03_quick,bstar_2023,HP_Peak,slope_only,none,-,-,-,n_pred_nan,p0.3|n10,1,0.0,0.0,,0.0,0.0,12.0,6.0
iter03_quick,bstar_2023,HP_Peak,slope_only,none,-,-,-,n_pred_nan,p0.5|n10,1,0.0,0.0,,0.0,0.0,11.0,3.0
iter03_quick,bstar_2023,HP_Peak,slope_only,none,-,-,-,n_pred_nan,p1.0|n10,1,0.0,0.0,,0.0,0.0,16.0,3.0
iter03_quick,bstar_2023,HP_Peak_A,paperA_sh_mh,none,-,-,-,wape,all,1,21.75538459928332,21.75538459928332,,21.75538459928332,21.75538459928332,20.0,30.0
iter03_quick,bstar_2023,HP_Peak_A,paperA_sh_mh,none,-,-,-,wape,p0.05|n10,1,47.46769171551101,47.46769171551101,,47.46769171551101,47.46769171551101,5.0,6.0
iter03_quick,bstar_2023,HP_Peak_A,paperA_sh_mh,none,-,-,-,wape,p0.1|n10,1,52.07526198429721,52.07526198429721,,52.07526198429721,52.07526198429721,6.0,6.0
iter03_quick,bstar_2023,HP_Peak_A,paperA_sh_mh,none,-,-,-,wape,p0.2|n10,1,53.91512575311338,53.91512575311338,,53.91512575311338,53.91512575311338,9.0,6.0
iter03_quick,bstar_2023,HP_Peak_A,paperA_sh_mh,none,-,-,-,wape,p0.3|n10,1,23.05720784735056,23.05720784735056,,23.05720784735056,23.05720784735056,12.0,6.0
iter03_quick,bstar_2023,HP_Peak_A,paperA_sh_mh,none,-,-,-,wape,p0.5|n10,1,9.82686205103109,9.82686205103109,,9.82686205103109,9.82686205103109,11.0,3.0
iter03_quick,bstar_2023,HP_Peak_A,paperA_sh_mh,none,-,-,-,wape,p1.0|n10,1,8.338062323327689,8.338062323327689,,8.338062323327689,8.338062323327689,16.0,3.0
iter03_quick,bstar_2023,HP_Peak_A,paperA_sh_mh,none,-,-,-,mape,all,1,39.47842858203055,39.47842858203055,,39.47842858203055,39.47842858203055,20.0,30.0
iter03_quick,bstar_2023,HP_Peak_A,paperA_sh_mh,none,-,-,-,mape,p0.05|n10,1,48.8849546592403,48.8849546592403,,48.8849546592403,48.8849546592403,5.0,6.0
iter03_quick,bstar_2023,HP_Peak_A,paperA_sh_mh,none,-,-,-,mape,p0.1|n10,1,55.13784580314473,55.13784580314473,,55.13784580314473,55.13784580314473,6.0,6.0
iter03_quick,bstar_2023,HP_Peak_A,paperA_sh_mh,none,-,-,-,mape,p0.2|n10,1,62.44066742118734,62.44066742118734,,62.44066742118734,62.44066742118734,9.0,6.0
iter03_quick,bstar_2023,HP_Peak_A,paperA_sh_mh,none,-,-,-,mape,p0.3|n10,1,21.50039947969212,21.50039947969212,,21.50039947969212,21.50039947969212,12.0,6.0
iter03_quick,bstar_2023,HP_Peak_A,paperA_sh_mh,none,-,-,-,mape,p0.5|n10,1,10.03168827085257,10.03168827085257,,10.03168827085257,10.03168827085257,11.0,3.0
iter03_quick,bstar_2023,HP_Peak_A,paperA_sh_mh,none,-,-,-,mape,p1.0|n10,1,8.824862822923933,8.824862822923933,,8.824862822923933,8.824862822923933,16.0,3.0
iter03_quick,bstar_2023,HP_Peak_A,paperA_sh_mh,none,-,-,-,r2,all,1,0.938445551101135,0.938445551101135,,0.938445551101135,0.938445551101135,20.0,30.0
iter03_quick,bstar_2023,HP_Peak_A,paperA_sh_mh,none,-,-,-,r2,p0.05|n10,1,-2.6090046260326667,-2.6090046260326667,,-2.6090046260326667,-2.6090046260326667,5.0,6.0
iter03_quick,bstar_2023,HP_Peak_A,paperA_sh_mh,none,-,-,-,r2,p0.1|n10,1,-3.1254514247623995,-3.1254514247623995,,-3.1254514247623995,-3.1254514247623995,6.0,6.0
iter03_quick,bstar_2023,HP_Peak_A,paperA_sh_mh,none,-,-,-,r2,p0.2|n10,1,-2.0302466776637647,-2.0302466776637647,,-2.0302466776637647,-2.0302466776637647,9.0,6.0
iter03_quick,bstar_2023,HP_Peak_A,paperA_sh_mh,none,-,-,-,r2,p0.3|n10,1,-0.9773680941195038,-0.9773680941195038,,-0.9773680941195038,-0.9773680941195038,12.0,6.0
iter03_quick,bstar_2023,HP_Peak_A,paperA_sh_mh,none,-,-,-,r2,p0.5|n10,1,0.6218740081108327,0.6218740081108327,,0.6218740081108327,0.6218740081108327,11.0,3.0
iter03_quick,bstar_2023,HP_Peak_A,paperA_sh_mh,none,-,-,-,r2,p1.0|n10,1,-0.277819192315851,-0.277819192315851,,-0.277819192315851,-0.277819192315851,16.0,3.0
iter03_quick,bstar_2023,HP_Peak_A,paperA_sh_mh,none,-,-,-,rmse,all,1,5.665360509104091,5.665360509104091,,5.665360509104091,5.665360509104091,20.0,30.0
iter03_quick,bstar_2023,HP_Peak_A,paperA_sh_mh,none,-,-,-,rmse,p0.05|n10,1,3.360572746420993,3.360572746420993,,3.360572746420993,3.360572746420993,5.0,6.0
iter03_quick,bstar_2023,HP_Peak_A,paperA_sh_mh,none,-,-,-,rmse,p0.1|n10,1,3.501911824431182,3.501911824431182,,3.501911824431182,3.501911824431182,6.0,6.0
iter03_quick,bstar_2023,HP_Peak_A,paperA_sh_mh,none,-,-,-,rmse,p0.2|n10,1,7.866621133056207,7.866621133056207,,7.866621133056207,7.866621133056207,9.0,6.0
iter03_quick,bstar_2023,HP_Peak_A,paperA_sh_mh,none,-,-,-,rmse,p0.3|n10,1,5.815720105385379,5.815720105385379,,5.815720105385379,5.815720105385379,12.0,6.0
iter03_quick,bstar_2023,HP_Peak_A,paperA_sh_mh,none,-,-,-,rmse,p0.5|n10,1,4.466504386566254,4.466504386566254,,4.466504386566254,4.466504386566254,11.0,3.0
iter03_quick,bstar_2023,HP_Peak_A,paperA_sh_mh,none,-,-,-,rmse,p1.0|n10,1,7.904878717306711,7.904878717306711,,7.904878717306711,7.904878717306711,16.0,3.0
iter03_quick,bstar_2023,HP_Peak_A,paperA_sh_mh,none,-,-,-,mae,all,1,4.756418764412299,4.756418764412299,,4.756418764412299,4.756418764412299,20.0,30.0
iter03_quick,bstar_2023,HP_Peak_A,paperA_sh_mh,none,-,-,-,mae,p0.05|n10,1,2.889393148197348,2.889393148197348,,2.889393148197348,2.889393148197348,5.0,6.0
iter03_quick,bstar_2023,HP_Peak_A,paperA_sh_mh,none,-,-,-,mae,p0.1|n10,1,3.1274235451704087,3.1274235451704087,,3.1274235451704087,3.1274235451704087,6.0,6.0
iter03_quick,bstar_2023,HP_Peak_A,paperA_sh_mh,none,-,-,-,mae,p0.2|n10,1,7.260630223427692,7.260630223427692,,7.260630223427692,7.260630223427692,9.0,6.0
iter03_quick,bstar_2023,HP_Peak_A,paperA_sh_mh,none,-,-,-,mae,p0.3|n10,1,5.002379639022083,5.002379639022083,,5.002379639022083,5.002379639022083,12.0,6.0
iter03_quick,bstar_2023,HP_Peak_A,paperA_sh_mh,none,-,-,-,mae,p0.5|n10,1,4.324489366758435,4.324489366758435,,4.324489366758435,4.324489366758435,11.0,3.0
iter03_quick,bstar_2023,HP_Peak_A,paperA_sh_mh,none,-,-,-,mae,p1.0|n10,1,6.680045165729498,6.680045165729498,,6.680045165729498,6.680045165729498,16.0,3.0
iter03_quick,bstar_2023,HP_Peak_A,paperA_sh_mh,none,-,-,-,mape_n_excluded,all,1,0.0,0.0,,0.0,0.0,20.0,30.0
iter03_quick,bstar_2023,HP_Peak_A,paperA_sh_mh,none,-,-,-,mape_n_excluded,p0.05|n10,1,0.0,0.0,,0.0,0.0,5.0,6.0
iter03_quick,bstar_2023,HP_Peak_A,paperA_sh_mh,none,-,-,-,mape_n_excluded,p0.1|n10,1,0.0,0.0,,0.0,0.0,6.0,6.0
iter03_quick,bstar_2023,HP_Peak_A,paperA_sh_mh,none,-,-,-,mape_n_excluded,p0.2|n10,1,0.0,0.0,,0.0,0.0,9.0,6.0
iter03_quick,bstar_2023,HP_Peak_A,paperA_sh_mh,none,-,-,-,mape_n_excluded,p0.3|n10,1,0.0,0.0,,0.0,0.0,12.0,6.0
iter03_quick,bstar_2023,HP_Peak_A,paperA_sh_mh,none,-,-,-,mape_n_excluded,p0.5|n10,1,0.0,0.0,,0.0,0.0,11.0,3.0
iter03_quick,bstar_2023,HP_Peak_A,paperA_sh_mh,none,-,-,-,mape_n_excluded,p1.0|n10,1,0.0,0.0,,0.0,0.0,16.0,3.0
iter03_quick,bstar_2023,HP_Peak_A,paperA_sh_mh,none,-,-,-,n_invalid,all,1,0.0,0.0,,0.0,0.0,20.0,30.0
iter03_quick,bstar_2023,HP_Peak_A,paperA_sh_mh,none,-,-,-,n_pred_nan,all,1,0.0,0.0,,0.0,0.0,20.0,30.0
iter03_quick,bstar_2023,HP_Peak_A,paperA_sh_mh,none,-,-,-,n_pred_nan,p0.05|n10,1,0.0,0.0,,0.0,0.0,5.0,6.0
iter03_quick,bstar_2023,HP_Peak_A,paperA_sh_mh,none,-,-,-,n_pred_nan,p0.1|n10,1,0.0,0.0,,0.0,0.0,6.0,6.0
iter03_quick,bstar_2023,HP_Peak_A,paperA_sh_mh,none,-,-,-,n_pred_nan,p0.2|n10,1,0.0,0.0,,0.0,0.0,9.0,6.0
iter03_quick,bstar_2023,HP_Peak_A,paperA_sh_mh,none,-,-,-,n_pred_nan,p0.3|n10,1,0.0,0.0,,0.0,0.0,12.0,6.0
iter03_quick,bstar_2023,HP_Peak_A,paperA_sh_mh,none,-,-,-,n_pred_nan,p0.5|n10,1,0.0,0.0,,0.0,0.0,11.0,3.0
iter03_quick,bstar_2023,HP_Peak_A,paperA_sh_mh,none,-,-,-,n_pred_nan,p1.0|n10,1,0.0,0.0,,0.0,0.0,16.0,3.0
iter03_quick,bstar_2023,HP_Peak_A,paperA_sh_mh,none,-,-,-,n_station_fallback,all,1,0.0,0.0,,0.0,0.0,20.0,30.0
iter03_quick,bstar_2023,HP_Peak_A,paperA_sh_mh_station,none,-,-,-,wape,all,1,22.641806497124183,22.641806497124183,,22.641806497124183,22.641806497124183,20.0,30.0
iter03_quick,bstar_2023,HP_Peak_A,paperA_sh_mh_station,none,-,-,-,wape,p0.05|n10,1,49.38685989686156,49.38685989686156,,49.38685989686156,49.38685989686156,5.0,6.0
iter03_quick,bstar_2023,HP_Peak_A,paperA_sh_mh_station,none,-,-,-,wape,p0.1|n10,1,54.66553535493954,54.66553535493954,,54.66553535493954,54.66553535493954,6.0,6.0
iter03_quick,bstar_2023,HP_Peak_A,paperA_sh_mh_station,none,-,-,-,wape,p0.2|n10,1,56.35992821418231,56.35992821418231,,56.35992821418231,56.35992821418231,9.0,6.0
iter03_quick,bstar_2023,HP_Peak_A,paperA_sh_mh_station,none,-,-,-,wape,p0.3|n10,1,24.745697493728432,24.745697493728432,,24.745697493728432,24.745697493728432,12.0,6.0
iter03_quick,bstar_2023,HP_Peak_A,paperA_sh_mh_station,none,-,-,-,wape,p0.5|n10,1,9.79998440558515,9.79998440558515,,9.79998440558515,9.79998440558515,11.0,3.0
iter03_quick,bstar_2023,HP_Peak_A,paperA_sh_mh_station,none,-,-,-,wape,p1.0|n10,1,8.355460343705518,8.355460343705518,,8.355460343705518,8.355460343705518,16.0,3.0
iter03_quick,bstar_2023,HP_Peak_A,paperA_sh_mh_station,none,-,-,-,mape,all,1,41.53936387819066,41.53936387819066,,41.53936387819066,41.53936387819066,20.0,30.0
iter03_quick,bstar_2023,HP_Peak_A,paperA_sh_mh_station,none,-,-,-,mape,p0.05|n10,1,51.33236743160832,51.33236743160832,,51.33236743160832,51.33236743160832,5.0,6.0
iter03_quick,bstar_2023,HP_Peak_A,paperA_sh_mh_station,none,-,-,-,mape,p0.1|n10,1,57.734300846494016,57.734300846494016,,57.734300846494016,57.734300846494016,6.0,6.0
iter03_quick,bstar_2023,HP_Peak_A,paperA_sh_mh_station,none,-,-,-,mape,p0.2|n10,1,65.64228563545238,65.64228563545238,,65.64228563545238,65.64228563545238,9.0,6.0
iter03_quick,bstar_2023,HP_Peak_A,paperA_sh_mh_station,none,-,-,-,mape,p0.3|n10,1,23.5687383643008,23.5687383643008,,23.5687383643008,23.5687383643008,12.0,6.0
iter03_quick,bstar_2023,HP_Peak_A,paperA_sh_mh_station,none,-,-,-,mape,p0.5|n10,1,9.989610371559976,9.989610371559976,,9.989610371559976,9.989610371559976,11.0,3.0
iter03_quick,bstar_2023,HP_Peak_A,paperA_sh_mh_station,none,-,-,-,mape,p1.0|n10,1,8.848643854635744,8.848643854635744,,8.848643854635744,8.848643854635744,16.0,3.0
iter03_quick,bstar_2023,HP_Peak_A,paperA_sh_mh_station,none,-,-,-,r2,all,1,0.9348470147595012,0.9348470147595012,,0.9348470147595012,0.9348470147595012,20.0,30.0
iter03_quick,bstar_2023,HP_Peak_A,paperA_sh_mh_station,none,-,-,-,r2,p0.05|n10,1,-2.740067185564437,-2.740067185564437,,-2.740067185564437,-2.740067185564437,5.0,6.0
iter03_quick,bstar_2023,HP_Peak_A,paperA_sh_mh_station,none,-,-,-,r2,p0.1|n10,1,-3.488628754397757,-3.488628754397757,,-3.488628754397757,-3.488628754397757,6.0,6.0
iter03_quick,bstar_2023,HP_Peak_A,paperA_sh_mh_station,none,-,-,-,r2,p0.2|n10,1,-2.298542496241313,-2.298542496241313,,-2.298542496241313,-2.298542496241313,9.0,6.0
iter03_quick,bstar_2023,HP_Peak_A,paperA_sh_mh_station,none,-,-,-,r2,p0.3|n10,1,-1.0988107991814369,-1.0988107991814369,,-1.0988107991814369,-1.0988107991814369,12.0,6.0
iter03_quick,bstar_2023,HP_Peak_A,paperA_sh_mh_station,none,-,-,-,r2,p0.5|n10,1,0.6239412914818393,0.6239412914818393,,0.6239412914818393,0.6239412914818393,11.0,3.0
iter03_quick,bstar_2023,HP_Peak_A,paperA_sh_mh_station,none,-,-,-,r2,p1.0|n10,1,-0.2937834413385867,-0.2937834413385867,,-0.2937834413385867,-0.2937834413385867,16.0,3.0
iter03_quick,bstar_2023,HP_Peak_A,paperA_sh_mh_station,none,-,-,-,rmse,all,1,5.82860986412578,5.82860986412578,,5.82860986412578,5.82860986412578,20.0,30.0
iter03_quick,bstar_2023,HP_Peak_A,paperA_sh_mh_station,none,-,-,-,rmse,p0.05|n10,1,3.4210489125246912,3.4210489125246912,,3.4210489125246912,3.4210489125246912,5.0,6.0
iter03_quick,bstar_2023,HP_Peak_A,paperA_sh_mh_station,none,-,-,-,rmse,p0.1|n10,1,3.6528035091307576,3.6528035091307576,,3.6528035091307576,3.6528035091307576,6.0,6.0
iter03_quick,bstar_2023,HP_Peak_A,paperA_sh_mh_station,none,-,-,-,rmse,p0.2|n10,1,8.207488528753053,8.207488528753053,,8.207488528753053,8.207488528753053,9.0,6.0
iter03_quick,bstar_2023,HP_Peak_A,paperA_sh_mh_station,none,-,-,-,rmse,p0.3|n10,1,5.991649235566707,5.991649235566707,,5.991649235566707,5.991649235566707,12.0,6.0
iter03_quick,bstar_2023,HP_Peak_A,paperA_sh_mh_station,none,-,-,-,rmse,p0.5|n10,1,4.4542780580322585,4.4542780580322585,,4.4542780580322585,4.4542780580322585,11.0,3.0
iter03_quick,bstar_2023,HP_Peak_A,paperA_sh_mh_station,none,-,-,-,rmse,p1.0|n10,1,7.95410467392823,7.95410467392823,,7.95410467392823,7.95410467392823,16.0,3.0
iter03_quick,bstar_2023,HP_Peak_A,paperA_sh_mh_station,none,-,-,-,mae,all,1,4.950218774190805,4.950218774190805,,4.950218774190805,4.950218774190805,20.0,30.0
iter03_quick,bstar_2023,HP_Peak_A,paperA_sh_mh_station,none,-,-,-,mae,p0.05|n10,1,3.006214320515289,3.006214320515289,,3.006214320515289,3.006214320515289,5.0,6.0
iter03_quick,bstar_2023,HP_Peak_A,paperA_sh_mh_station,none,-,-,-,mae,p0.1|n10,1,3.282984585462774,3.282984585462774,,3.282984585462774,3.282984585462774,6.0,6.0
iter03_quick,bstar_2023,HP_Peak_A,paperA_sh_mh_station,none,-,-,-,mae,p0.2|n10,1,7.589866340216726,7.589866340216726,,7.589866340216726,7.589866340216726,9.0,6.0
iter03_quick,bstar_2023,HP_Peak_A,paperA_sh_mh_station,none,-,-,-,mae,p0.3|n10,1,5.368706138035313,5.368706138035313,,5.368706138035313,5.368706138035313,12.0,6.0
iter03_quick,bstar_2023,HP_Peak_A,paperA_sh_mh_station,none,-,-,-,mae,p0.5|n10,1,4.312661370056041,4.312661370056041,,4.312661370056041,4.312661370056041,11.0,3.0
iter03_quick,bstar_2023,HP_Peak_A,paperA_sh_mh_station,none,-,-,-,mae,p1.0|n10,1,6.693983603391811,6.693983603391811,,6.693983603391811,6.693983603391811,16.0,3.0
iter03_quick,bstar_2023,HP_Peak_A,paperA_sh_mh_station,none,-,-,-,mape_n_excluded,all,1,0.0,0.0,,0.0,0.0,20.0,30.0
iter03_quick,bstar_2023,HP_Peak_A,paperA_sh_mh_station,none,-,-,-,mape_n_excluded,p0.05|n10,1,0.0,0.0,,0.0,0.0,5.0,6.0
iter03_quick,bstar_2023,HP_Peak_A,paperA_sh_mh_station,none,-,-,-,mape_n_excluded,p0.1|n10,1,0.0,0.0,,0.0,0.0,6.0,6.0
iter03_quick,bstar_2023,HP_Peak_A,paperA_sh_mh_station,none,-,-,-,mape_n_excluded,p0.2|n10,1,0.0,0.0,,0.0,0.0,9.0,6.0
iter03_quick,bstar_2023,HP_Peak_A,paperA_sh_mh_station,none,-,-,-,mape_n_excluded,p0.3|n10,1,0.0,0.0,,0.0,0.0,12.0,6.0
iter03_quick,bstar_2023,HP_Peak_A,paperA_sh_mh_station,none,-,-,-,mape_n_excluded,p0.5|n10,1,0.0,0.0,,0.0,0.0,11.0,3.0
iter03_quick,bstar_2023,HP_Peak_A,paperA_sh_mh_station,none,-,-,-,mape_n_excluded,p1.0|n10,1,0.0,0.0,,0.0,0.0,16.0,3.0
iter03_quick,bstar_2023,HP_Peak_A,paperA_sh_mh_station,none,-,-,-,n_invalid,all,1,0.0,0.0,,0.0,0.0,20.0,30.0
iter03_quick,bstar_2023,HP_Peak_A,paperA_sh_mh_station,none,-,-,-,n_pred_nan,all,1,0.0,0.0,,0.0,0.0,20.0,30.0
iter03_quick,bstar_2023,HP_Peak_A,paperA_sh_mh_station,none,-,-,-,n_pred_nan,p0.05|n10,1,0.0,0.0,,0.0,0.0,5.0,6.0
iter03_quick,bstar_2023,HP_Peak_A,paperA_sh_mh_station,none,-,-,-,n_pred_nan,p0.1|n10,1,0.0,0.0,,0.0,0.0,6.0,6.0
iter03_quick,bstar_2023,HP_Peak_A,paperA_sh_mh_station,none,-,-,-,n_pred_nan,p0.2|n10,1,0.0,0.0,,0.0,0.0,9.0,6.0
iter03_quick,bstar_2023,HP_Peak_A,paperA_sh_mh_station,none,-,-,-,n_pred_nan,p0.3|n10,1,0.0,0.0,,0.0,0.0,12.0,6.0
iter03_quick,bstar_2023,HP_Peak_A,paperA_sh_mh_station,none,-,-,-,n_pred_nan,p0.5|n10,1,0.0,0.0,,0.0,0.0,11.0,3.0
iter03_quick,bstar_2023,HP_Peak_A,paperA_sh_mh_station,none,-,-,-,n_pred_nan,p1.0|n10,1,0.0,0.0,,0.0,0.0,16.0,3.0
iter03_quick,bstar_2023,HP_Peak_A,paperA_sh_mh_station,none,-,-,-,n_station_fallback,all,1,0.0,0.0,,0.0,0.0,20.0,30.0
