exp_id,split_seed,dataset,target,method,anchor,feature_set,mode,target_transform,cell,metric,value,n_substations,n_hp_households,arm,family
iter05b_arm7,0,gb_eoh_2122r3,HP_Peak,slope_only,none,-,-,-,all,wape,29.654777535750583,455,81,arm7_x05,physics
iter05b_arm7,0,gb_eoh_2122r3,HP_Peak,slope_only,none,-,-,-,all,rmse,6.627188493410974,455,81,arm7_x05,physics
iter05b_arm7,0,gb_eoh_2122r3,HP_Peak,slope_only,none,-,-,-,all,mae,4.698521325053678,455,81,arm7_x05,physics
iter05b_arm7,0,gb_eoh_2122r3,HP_Peak,slope_only,none,-,-,-,all,mape,46.64186161243881,455,81,arm7_x05,physics
iter05b_arm7,0,gb_eoh_2122r3,HP_Peak,slope_only,none,-,-,-,all,r2,0.8393051278578038,455,81,arm7_x05,physics
iter05b_arm7,0,gb_eoh_2122r3,HP_Peak,slope_only,none,-,-,-,all,n_pred_nan,0.0,455,81,arm7_x05,physics
iter05b_arm7,0,gb_eoh_2122r3,HP_Peak,slope_only,none,-,-,-,all,mape_n_excluded,0.0,455,81,arm7_x05,physics
iter05b_arm7,0,gb_eoh_2122r3,HP_Peak,slope_only,none,-,-,-,pbin<=15,wape,54.47560174695841,265,81,arm7_x05,physics
iter05b_arm7,0,gb_eoh_2122r3,HP_Peak,slope_only,none,-,-,-,pbin<=15,rmse,7.405497627610205,265,81,arm7_x05,physics
iter05b_arm7,0,gb_eoh_2122r3,HP_Peak,slope_only,none,-,-,-,pbin<=15,mae,4.902982998599307,265,81,arm7_x05,physics
iter05b_arm7,0,gb_eoh_2122r3,HP_Peak,slope_only,none,-,-,-,pbin<=15,mape,61.10503998133545,265,81,arm7_x05,physics
iter05b_arm7,0,gb_eoh_2122r3,HP_Peak,slope_only,none,-,-,-,pbin<=15,r2,0.36218716323184996,265,81,arm7_x05,physics
iter05b_arm7,0,gb_eoh_2122r3,HP_Peak,slope_only,none,-,-,-,pbin<=15,n_pred_nan,0.0,265,81,arm7_x05,physics
iter05b_arm7,0,gb_eoh_2122r3,HP_Peak,slope_only,none,-,-,-,pbin<=15,mape_n_excluded,0.0,265,81,arm7_x05,physics
iter05b_arm7,0,gb_eoh_2122r3,HP_Peak,slope_only,none,-,-,-,pbin15-35,wape,20.20384664385011,125,81,arm7_x05,physics
iter05b_arm7,0,gb_eoh_2122r3,HP_Peak,slope_only,none,-,-,-,pbin15-35,rmse,4.560289700024938,125,81,arm7_x05,physics
iter05b_arm7,0,gb_eoh_2122r3,HP_Peak,slope_only,none,-,-,-,pbin15-35,mae,3.706513689244159,125,81,arm7_x05,physics
iter05b_arm7,0,gb_eoh_2122r3,HP_Peak,slope_only,none,-,-,-,pbin15-35,mape,31.02104667909746,125,81,arm7_x05,physics
iter05b_arm7,0,gb_eoh_2122r3,HP_Peak,slope_only,none,-,-,-,pbin15-35,r2,0.9106542366011158,125,81,arm7_x05,physics
iter05b_arm7,0,gb_eoh_2122r3,HP_Peak,slope_only,none,-,-,-,pbin15-35,n_pred_nan,0.0,125,81,arm7_x05,physics
iter05b_arm7,0,gb_eoh_2122r3,HP_Peak,slope_only,none,-,-,-,pbin15-35,mape_n_excluded,0.0,125,81,arm7_x05,physics
iter05b_arm7,0,gb_eoh_2122r3,HP_Peak,slope_only,none,-,-,-,pbin35-65,wape,14.590905299609657,30,63,arm7_x05,physics
iter05b_arm7,0,gb_eoh_2122r3,HP_Peak,slope_only,none,-,-,-,pbin35-65,rmse,5.346999198415651,30,63,arm7_x05,physics
iter05b_arm7,0,gb_eoh_2122r3,HP_Peak,slope_only,none,-,-,-,pbin35-65,mae,4.773347029853921,30,63,arm7_x05,physics
iter05b_arm7,0,gb_eoh_2122r3,HP_Peak,slope_only,none,-,-,-,pbin35-65,mape,19.906109947219786,30,63,arm7_x05,physics
iter05b_arm7,0,gb_eoh_2122r3,HP_Peak,slope_only,none,-,-,-,pbin35-65,r2,0.93412253743803,30,63,arm7_x05,physics
iter05b_arm7,0,gb_eoh_2122r3,HP_Peak,slope_only,none,-,-,-,pbin35-65,n_pred_nan,0.0,30,63,arm7_x05,physics
iter05b_arm7,0,gb_eoh_2122r3,HP_Peak,slope_only,none,-,-,-,pbin35-65,mape_n_excluded,0.0,30,63,arm7_x05,physics
iter05b_arm7,0,gb_eoh_2122r3,HP_Peak,slope_only,none,-,-,-,pbin>65,wape,14.975668439796785,35,55,arm7_x05,physics
iter05b_arm7,0,gb_eoh_2122r3,HP_Peak,slope_only,none,-,-,-,pbin>65,rmse,7.54646264852866,35,55,arm7_x05,physics
iter05b_arm7,0,gb_eoh_2122r3,HP_Peak,slope_only,none,-,-,-,pbin>65,mae,6.62920246341343,35,55,arm7_x05,physics
iter05b_arm7,0,gb_eoh_2122r3,HP_Peak,slope_only,none,-,-,-,pbin>65,mape,15.83992300862823,35,55,arm7_x05,physics
iter05b_arm7,0,gb_eoh_2122r3,HP_Peak,slope_only,none,-,-,-,pbin>65,r2,0.7890604477505321,35,55,arm7_x05,physics
iter05b_arm7,0,gb_eoh_2122r3,HP_Peak,slope_only,none,-,-,-,pbin>65,n_pred_nan,0.0,35,55,arm7_x05,physics
iter05b_arm7,0,gb_eoh_2122r3,HP_Peak,slope_only,none,-,-,-,pbin>65,mape_n_excluded,0.0,35,55,arm7_x05,physics
iter05b_arm7,0,gb_eoh_2122r3,HP_Peak,slope_only,none,-,-,-,p0.05|n10,wape,78.45717524022521,40,25,arm7_x05,physics
iter05b_arm7,0,gb_eoh_2122r3,HP_Peak,slope_only,none,-,-,-,p0.05|n10,rmse,2.9367291092550882,40,25,arm7_x05,physics
iter05b_arm7,0,gb_eoh_2122r3,HP_Peak,slope_only,none,-,-,-,p0.05|n10,mae,2.7118160815549883,40,25,arm7_x05,physics
iter05b_arm7,0,gb_eoh_2122r3,HP_Peak,slope_only,none,-,-,-,p0.05|n10,mape,79.07672818414301,40,25,arm7_x05,physics
iter05b_arm7,0,gb_eoh_2122r3,HP_Peak,slope_only,none,-,-,-,p0.05|n10,r2,-6.0945606834690755,40,25,arm7_x05,physics
iter05b_arm7,0,gb_eoh_2122r3,HP_Peak,slope_only,none,-,-,-,p0.05|n10,n_pred_nan,0.0,40,25,arm7_x05,physics
iter05b_arm7,0,gb_eoh_2122r3,HP_Peak,slope_only,none,-,-,-,p0.05|n10,mape_n_excluded,0.0,40,25,arm7_x05,physics
iter05b_arm7,0,gb_eoh_2122r3,HP_Peak,slope_only,none,-,-,-,p0.05|n20,wape,55.6659548665346,40,29,arm7_x05,physics
iter05b_arm7,0,gb_eoh_2122r3,HP_Peak,slope_only,none,-,-,-,p0.05|n20,rmse,2.3699021956011577,40,29,arm7_x05,physics
iter05b_arm7,0,gb_eoh_2122r3,HP_Peak,slope_only,none,-,-,-,p0.05|n20,mae,2.0065803549107004,40,29,arm7_x05,physics
iter05b_arm7,0,gb_eoh_2122r3,HP_Peak,slope_only,none,-,-,-,p0.05|n20,mape,57.59937275906053,40,29,arm7_x05,physics
iter05b_arm7,0,gb_eoh_2122r3,HP_Peak,slope_only,none,-,-,-,p0.05|n20,r2,-4.325663705020381,40,29,arm7_x05,physics
iter05b_arm7,0,gb_eoh_2122r3,HP_Peak,slope_only,none,-,-,-,p0.05|n20,n_pred_nan,0.0,40,29,arm7_x05,physics
iter05b_arm7,0,gb_eoh_2122r3,HP_Peak,slope_only,none,-,-,-,p0.05|n20,mape_n_excluded,0.0,40,29,arm7_x05,physics
iter05b_arm7,0,gb_eoh_2122r3,HP_Peak,slope_only,none,-,-,-,p0.05|n40,wape,55.331481083800696,40,40,arm7_x05,physics
iter05b_arm7,0,gb_eoh_2122r3,HP_Peak,slope_only,none,-,-,-,p0.05|n40,rmse,4.249248194914927,40,40,arm7_x05,physics
iter05b_arm7,0,gb_eoh_2122r3,HP_Peak,slope_only,none,-,-,-,p0.05|n40,mae,3.567775124769871,40,40,arm7_x05,physics
iter05b_arm7,0,gb_eoh_2122r3,HP_Peak,slope_only,none,-,-,-,p0.05|n40,mape,61.25609218875303,40,40,arm7_x05,physics
iter05b_arm7,0,gb_eoh_2122r3,HP_Peak,slope_only,none,-,-,-,p0.05|n40,r2,-6.0976336520303365,40,40,arm7_x05,physics
iter05b_arm7,0,gb_eoh_2122r3,HP_Peak,slope_only,none,-,-,-,p0.05|n40,n_pred_nan,0.0,40,40,arm7_x05,physics
iter05b_arm7,0,gb_eoh_2122r3,HP_Peak,slope_only,none,-,-,-,p0.05|n40,mape_n_excluded,0.0,40,40,arm7_x05,physics
iter05b_arm7,0,gb_eoh_2122r3,HP_Peak,slope_only,none,-,-,-,p0.05|n80,wape,76.02307133820797,15,39,arm7_x05,physics
iter05b_arm7,0,gb_eoh_2122r3,HP_Peak,slope_only,none,-,-,-,p0.05|n80,rmse,10.7563878813801,15,39,arm7_x05,physics
iter05b_arm7,0,gb_eoh_2122r3,HP_Peak,slope_only,none,-,-,-,p0.05|n80,mae,10.119308091282573,15,39,arm7_x05,physics
iter05b_arm7,0,gb_eoh_2122r3,HP_Peak,slope_only,none,-,-,-,p0.05|n80,mape,78.05090682317667,15,39,arm7_x05,physics
iter05b_arm7,0,gb_eoh_2122r3,HP_Peak,slope_only,none,-,-,-,p0.05|n80,r2,-39.914980888837874,15,39,arm7_x05,physics
iter05b_arm7,0,gb_eoh_2122r3,HP_Peak,slope_only,none,-,-,-,p0.05|n80,n_pred_nan,0.0,15,39,arm7_x05,physics
iter05b_arm7,0,gb_eoh_2122r3,HP_Peak,slope_only,none,-,-,-,p0.05|n80,mape_n_excluded,0.0,15,39,arm7_x05,physics
iter05b_arm7,0,gb_eoh_2122r3,HP_Peak,slope_only,none,-,-,-,p0.05|n120,wape,96.79332119689698,15,53,arm7_x05,physics
iter05b_arm7,0,gb_eoh_2122r3,HP_Peak,slope_only,none,-,-,-,p0.05|n120,rmse,19.65163982368208,15,53,arm7_x05,physics
iter05b_arm7,0,gb_eoh_2122r3,HP_Peak,slope_only,none,-,-,-,p0.05|n120,mae,19.365519905293535,15,53,arm7_x05,physics
iter05b_arm7,0,gb_eoh_2122r3,HP_Peak,slope_only,none,-,-,-,p0.05|n120,mape,99.49952164950363,15,53,arm7_x05,physics
iter05b_arm7,0,gb_eoh_2122r3,HP_Peak,slope_only,none,-,-,-,p0.05|n120,r2,-44.91087996764214,15,53,arm7_x05,physics
iter05b_arm7,0,gb_eoh_2122r3,HP_Peak,slope_only,none,-,-,-,p0.05|n120,n_pred_nan,0.0,15,53,arm7_x05,physics
iter05b_arm7,0,gb_eoh_2122r3,HP_Peak,slope_only,none,-,-,-,p0.05|n120,mape_n_excluded,0.0,15,53,arm7_x05,physics
iter05b_arm7,0,gb_eoh_2122r3,HP_Peak,slope_only,none,-,-,-,p0.1|n10,wape,79.00766072427764,40,26,arm7_x05,physics
iter05b_arm7,0,gb_eoh_2122r3,HP_Peak,slope_only,none,-,-,-,p0.1|n10,rmse,3.0960027517236126,40,26,arm7_x05,physics
iter05b_arm7,0,gb_eoh_2122r3,HP_Peak,slope_only,none,-,-,-,p0.1|n10,mae,2.8429643073526094,40,26,arm7_x05,physics
iter05b_arm7,0,gb_eoh_2122r3,HP_Peak,slope_only,none,-,-,-,p0.1|n10,mape,79.01491088333026,40,26,arm7_x05,physics
iter05b_arm7,0,gb_eoh_2122r3,HP_Peak,slope_only,none,-,-,-,p0.1|n10,r2,-12.22908540503997,40,26,arm7_x05,physics
iter05b_arm7,0,gb_eoh_2122r3,HP_Peak,slope_only,none,-,-,-,p0.1|n10,n_pred_nan,0.0,40,26,arm7_x05,physics
iter05b_arm7,0,gb_eoh_2122r3,HP_Peak,slope_only,none,-,-,-,p0.1|n10,mape_n_excluded,0.0,40,26,arm7_x05,physics
iter05b_arm7,0,gb_eoh_2122r3,HP_Peak,slope_only,none,-,-,-,p0.1|n20,wape,31.46022760924821,40,44,arm7_x05,physics
iter05b_arm7,0,gb_eoh_2122r3,HP_Peak,slope_only,none,-,-,-,p0.1|n20,rmse,2.695809355533463,40,44,arm7_x05,physics
iter05b_arm7,0,gb_eoh_2122r3,HP_Peak,slope_only,none,-,-,-,p0.1|n20,mae,2.194528325164012,40,44,arm7_x05,physics
iter05b_arm7,0,gb_eoh_2122r3,HP_Peak,slope_only,none,-,-,-,p0.1|n20,mape,33.819199852083,40,44,arm7_x05,physics
iter05b_arm7,0,gb_eoh_2122r3,HP_Peak,slope_only,none,-,-,-,p0.1|n20,r2,-2.300286009157723,40,44,arm7_x05,physics
iter05b_arm7,0,gb_eoh_2122r3,HP_Peak,slope_only,none,-,-,-,p0.1|n20,n_pred_nan,0.0,40,44,arm7_x05,physics
iter05b_arm7,0,gb_eoh_2122r3,HP_Peak,slope_only,none,-,-,-,p0.1|n20,mape_n_excluded,0.0,40,44,arm7_x05,physics
iter05b_arm7,0,gb_eoh_2122r3,HP_Peak,slope_only,none,-,-,-,p0.1|n40,wape,22.375181648438517,15,39,arm7_x05,physics
iter05b_arm7,0,gb_eoh_2122r3,HP_Peak,slope_only,none,-,-,-,p0.1|n40,rmse,3.7913902626762894,15,39,arm7_x05,physics
iter05b_arm7,0,gb_eoh_2122r3,HP_Peak,slope_only,none,-,-,-,p0.1|n40,mae,3.01043934371482,15,39,arm7_x05,physics
iter05b_arm7,0,gb_eoh_2122r3,HP_Peak,slope_only,none,-,-,-,p0.1|n40,mape,22.924335185949975,15,39,arm7_x05,physics
iter05b_arm7,0,gb_eoh_2122r3,HP_Peak,slope_only,none,-,-,-,p0.1|n40,r2,-1.7981665350265934,15,39,arm7_x05,physics
iter05b_arm7,0,gb_eoh_2122r3,HP_Peak,slope_only,none,-,-,-,p0.1|n40,n_pred_nan,0.0,15,39,arm7_x05,physics
iter05b_arm7,0,gb_eoh_2122r3,HP_Peak,slope_only,none,-,-,-,p0.1|n40,mape_n_excluded,0.0,15,39,arm7_x05,physics
iter05b_arm7,0,gb_eoh_2122r3,HP_Peak,slope_only,none,-,-,-,p0.1|n80,wape,29.72051207050443,10,46,arm7_x05,physics
iter05b_arm7,0,gb_eoh_2122r3,HP_Peak,slope_only,none,-,-,-,p0.1|n80,rmse,9.610609328375338,10,46,arm7_x05,physics
iter05b_arm7,0,gb_eoh_2122r3,HP_Peak,slope_only,none,-,-,-,p0.1|n80,mae,8.538464309407845,10,46,arm7_x05,physics
iter05b_arm7,0,gb_eoh_2122r3,HP_Peak,slope_only,none,-,-,-,p0.1|n80,mape,30.28471247716204,10,46,arm7_x05,physics
iter05b_arm7,0,gb_eoh_2122r3,HP_Peak,slope_only,none,-,-,-,p0.1|n80,r2,-19.160313710075474,10,46,arm7_x05,physics
iter05b_arm7,0,gb_eoh_2122r3,HP_Peak,slope_only,none,-,-,-,p0.1|n80,n_pred_nan,0.0,10,46,arm7_x05,physics
iter05b_arm7,0,gb_eoh_2122r3,HP_Peak,slope_only,none,-,-,-,p0.1|n80,mape_n_excluded,0.0,10,46,arm7_x05,physics
iter05b_arm7,0,gb_eoh_2122r3,HP_Peak,slope_only,none,-,-,-,p0.1|n120,wape,44.70656587028662,10,51,arm7_x05,physics
iter05b_arm7,0,gb_eoh_2122r3,HP_Peak,slope_only,none,-,-,-,p0.1|n120,rmse,19.746968732757537,10,51,arm7_x05,physics
iter05b_arm7,0,gb_eoh_2122r3,HP_Peak,slope_only,none,-,-,-,p0.1|n120,mae,19.353027368028656,10,51,arm7_x05,physics
iter05b_arm7,0,gb_eoh_2122r3,HP_Peak,slope_only,none,-,-,-,p0.1|n120,mape,45.22148607080278,10,51,arm7_x05,physics
iter05b_arm7,0,gb_eoh_2122r3,HP_Peak,slope_only,none,-,-,-,p0.1|n120,r2,-24.016563390396737,10,51,arm7_x05,physics
iter05b_arm7,0,gb_eoh_2122r3,HP_Peak,slope_only,none,-,-,-,p0.1|n120,n_pred_nan,0.0,10,51,arm7_x05,physics
iter05b_arm7,0,gb_eoh_2122r3,HP_Peak,slope_only,none,-,-,-,p0.1|n120,mape_n_excluded,0.0,10,51,arm7_x05,physics
iter05b_arm7,0,gb_eoh_2122r3,HP_Peak,slope_only,none,-,-,-,p0.2|n10,wape,48.99244836360178,40,40,arm7_x05,physics
iter05b_arm7,0,gb_eoh_2122r3,HP_Peak,slope_only,none,-,-,-,p0.2|n10,rmse,3.7468796731165277,40,40,arm7_x05,physics
iter05b_arm7,0,gb_eoh_2122r3,HP_Peak,slope_only,none,-,-,-,p0.2|n10,mae,3.3506922777893466,40,40,arm7_x05,physics
iter05b_arm7,0,gb_eoh_2122r3,HP_Peak,slope_only,none,-,-,-,p0.2|n10,mape,48.74460230285519,40,40,arm7_x05,physics
iter05b_arm7,0,gb_eoh_2122r3,HP_Peak,slope_only,none,-,-,-,p0.2|n10,r2,-6.161960082811053,40,40,arm7_x05,physics
iter05b_arm7,0,gb_eoh_2122r3,HP_Peak,slope_only,none,-,-,-,p0.2|n10,n_pred_nan,0.0,40,40,arm7_x05,physics
iter05b_arm7,0,gb_eoh_2122r3,HP_Peak,slope_only,none,-,-,-,p0.2|n10,mape_n_excluded,0.0,40,40,arm7_x05,physics
iter05b_arm7,0,gb_eoh_2122r3,HP_Peak,slope_only,none,-,-,-,p0.2|n20,wape,25.249786484491356,15,40,arm7_x05,physics
iter05b_arm7,0,gb_eoh_2122r3,HP_Peak,slope_only,none,-,-,-,p0.2|n20,rmse,3.829524132275366,15,40,arm7_x05,physics
iter05b_arm7,0,gb_eoh_2122r3,HP_Peak,slope_only,none,-,-,-,p0.2|n20,mae,3.2693409386334435,15,40,arm7_x05,physics
iter05b_arm7,0,gb_eoh_2122r3,HP_Peak,slope_only,none,-,-,-,p0.2|n20,mape,25.30793729372164,15,40,arm7_x05,physics
iter05b_arm7,0,gb_eoh_2122r3,HP_Peak,slope_only,none,-,-,-,p0.2|n20,r2,-3.402221931375724,15,40,arm7_x05,physics
iter05b_arm7,0,gb_eoh_2122r3,HP_Peak,slope_only,none,-,-,-,p0.2|n20,n_pred_nan,0.0,15,40,arm7_x05,physics
iter05b_arm7,0,gb_eoh_2122r3,HP_Peak,slope_only,none,-,-,-,p0.2|n20,mape_n_excluded,0.0,15,40,arm7_x05,physics
iter05b_arm7,0,gb_eoh_2122r3,HP_Peak,slope_only,none,-,-,-,p0.2|n40,wape,8.49777656057894,10,45,arm7_x05,physics
iter05b_arm7,0,gb_eoh_2122r3,HP_Peak,slope_only,none,-,-,-,p0.2|n40,rmse,3.138875939778212,10,45,arm7_x05,physics
iter05b_arm7,0,gb_eoh_2122r3,HP_Peak,slope_only,none,-,-,-,p0.2|n40,mae,2.436990806041329,10,45,arm7_x05,physics
iter05b_arm7,0,gb_eoh_2122r3,HP_Peak,slope_only,none,-,-,-,p0.2|n40,mape,8.666249899180112,10,45,arm7_x05,physics
iter05b_arm7,0,gb_eoh_2122r3,HP_Peak,slope_only,none,-,-,-,p0.2|n40,r2,-2.1347416095516487,10,45,arm7_x05,physics
iter05b_arm7,0,gb_eoh_2122r3,HP_Peak,slope_only,none,-,-,-,p0.2|n40,n_pred_nan,0.0,10,45,arm7_x05,physics
iter05b_arm7,0,gb_eoh_2122r3,HP_Peak,slope_only,none,-,-,-,p0.2|n40,mape_n_excluded,0.0,10,45,arm7_x05,physics
iter05b_arm7,0,gb_eoh_2122r3,HP_Peak,slope_only,none,-,-,-,p0.2|n80,wape,13.159150611632706,10,53,arm7_x05,physics
iter05b_arm7,0,gb_eoh_2122r3,HP_Peak,slope_only,none,-,-,-,p0.2|n80,rmse,9.198196933607448,10,53,arm7_x05,physics
iter05b_arm7,0,gb_eoh_2122r3,HP_Peak,slope_only,none,-,-,-,p0.2|n80,mae,7.419535572806652,10,53,arm7_x05,physics
iter05b_arm7,0,gb_eoh_2122r3,HP_Peak,slope_only,none,-,-,-,p0.2|n80,mape,13.449635492158768,10,53,arm7_x05,physics
iter05b_arm7,0,gb_eoh_2122r3,HP_Peak,slope_only,none,-,-,-,p0.2|n80,r2,-3.6882560636794732,10,53,arm7_x05,physics
iter05b_arm7,0,gb_eoh_2122r3,HP_Peak,slope_only,none,-,-,-,p0.2|n80,n_pred_nan,0.0,10,53,arm7_x05,physics
iter05b_arm7,0,gb_eoh_2122r3,HP_Peak,slope_only,none,-,-,-,p0.2|n80,mape_n_excluded,0.0,10,53,arm7_x05,physics
iter05b_arm7,0,gb_eoh_2122r3,HP_Peak,slope_only,none,-,-,-,p0.3|n10,wape,38.633777124608216,25,41,arm7_x05,physics
iter05b_arm7,0,gb_eoh_2122r3,HP_Peak,slope_only,none,-,-,-,p0.3|n10,rmse,4.373961603681627,25,41,arm7_x05,physics
iter05b_arm7,0,gb_eoh_2122r3,HP_Peak,slope_only,none,-,-,-,p0.3|n10,mae,3.987449787693935,25,41,arm7_x05,physics
iter05b_arm7,0,gb_eoh_2122r3,HP_Peak,slope_only,none,-,-,-,p0.3|n10,mape,39.83094086061608,25,41,arm7_x05,physics
iter05b_arm7,0,gb_eoh_2122r3,HP_Peak,slope_only,none,-,-,-,p0.3|n10,r2,-3.106597659556856,25,41,arm7_x05,physics
iter05b_arm7,0,gb_eoh_2122r3,HP_Peak,slope_only,none,-,-,-,p0.3|n10,n_pred_nan,0.0,25,41,arm7_x05,physics
iter05b_arm7,0,gb_eoh_2122r3,HP_Peak,slope_only,none,-,-,-,p0.3|n10,mape_n_excluded,0.0,25,41,arm7_x05,physics
iter05b_arm7,0,gb_eoh_2122r3,HP_Peak,slope_only,none,-,-,-,p0.3|n20,wape,15.84167481842578,15,51,arm7_x05,physics
iter05b_arm7,0,gb_eoh_2122r3,HP_Peak,slope_only,none,-,-,-,p0.3|n20,rmse,3.978039761696996,15,51,arm7_x05,physics
iter05b_arm7,0,gb_eoh_2122r3,HP_Peak,slope_only,none,-,-,-,p0.3|n20,mae,3.1561744034879355,15,51,arm7_x05,physics
iter05b_arm7,0,gb_eoh_2122r3,HP_Peak,slope_only,none,-,-,-,p0.3|n20,mape,16.62879449060598,15,51,arm7_x05,physics
iter05b_arm7,0,gb_eoh_2122r3,HP_Peak,slope_only,none,-,-,-,p0.3|n20,r2,-1.5355815645518094,15,51,arm7_x05,physics
iter05b_arm7,0,gb_eoh_2122r3,HP_Peak,slope_only,none,-,-,-,p0.3|n20,n_pred_nan,0.0,15,51,arm7_x05,physics
iter05b_arm7,0,gb_eoh_2122r3,HP_Peak,slope_only,none,-,-,-,p0.3|n20,mape_n_excluded,0.0,15,51,arm7_x05,physics
iter05b_arm7,0,gb_eoh_2122r3,HP_Peak,slope_only,none,-,-,-,p0.3|n40,wape,8.291565643953783,10,53,arm7_x05,physics
iter05b_arm7,0,gb_eoh_2122r3,HP_Peak,slope_only,none,-,-,-,p0.3|n40,rmse,3.9715608145582313,10,53,arm7_x05,physics
iter05b_arm7,0,gb_eoh_2122r3,HP_Peak,slope_only,none,-,-,-,p0.3|n40,mae,3.465228143129706,10,53,arm7_x05,physics
iter05b_arm7,0,gb_eoh_2122r3,HP_Peak,slope_only,none,-,-,-,p0.3|n40,mape,8.186339057926912,10,53,arm7_x05,physics
iter05b_arm7,0,gb_eoh_2122r3,HP_Peak,slope_only,none,-,-,-,p0.3|n40,r2,-0.2016647084324783,10,53,arm7_x05,physics
iter05b_arm7,0,gb_eoh_2122r3,HP_Peak,slope_only,none,-,-,-,p0.3|n40,n_pred_nan,0.0,10,53,arm7_x05,physics
iter05b_arm7,0,gb_eoh_2122r3,HP_Peak,slope_only,none,-,-,-,p0.3|n40,mape_n_excluded,0.0,10,53,arm7_x05,physics
iter05b_arm7,0,gb_eoh_2122r3,HP_Peak,slope_only,none,-,-,-,p0.5|n10,wape,29.3363003308109,15,41,arm7_x05,physics
iter05b_arm7,0,gb_eoh_2122r3,HP_Peak,slope_only,none,-,-,-,p0.5|n10,rmse,5.393010728232512,15,41,arm7_x05,physics
iter05b_arm7,0,gb_eoh_2122r3,HP_Peak,slope_only,none,-,-,-,p0.5|n10,mae,4.844479423551504,15,41,arm7_x05,physics
iter05b_arm7,0,gb_eoh_2122r3,HP_Peak,slope_only,none,-,-,-,p0.5|n10,mape,29.99048319640325,15,41,arm7_x05,physics
iter05b_arm7,0,gb_eoh_2122r3,HP_Peak,slope_only,none,-,-,-,p0.5|n10,r2,-2.673611640242768,15,41,arm7_x05,physics
iter05b_arm7,0,gb_eoh_2122r3,HP_Peak,slope_only,none,-,-,-,p0.5|n10,n_pred_nan,0.0,15,41,arm7_x05,physics
iter05b_arm7,0,gb_eoh_2122r3,HP_Peak,slope_only,none,-,-,-,p0.5|n10,mape_n_excluded,0.0,15,41,arm7_x05,physics
iter05b_arm7,0,gb_eoh_2122r3,HP_Peak,slope_only,none,-,-,-,p0.5|n20,wape,10.599037836493592,10,49,arm7_x05,physics
iter05b_arm7,0,gb_eoh_2122r3,HP_Peak,slope_only,none,-,-,-,p0.5|n20,rmse,4.572712985916639,10,49,arm7_x05,physics
iter05b_arm7,0,gb_eoh_2122r3,HP_Peak,slope_only,none,-,-,-,p0.5|n20,mae,3.8358382017125963,10,49,arm7_x05,physics
iter05b_arm7,0,gb_eoh_2122r3,HP_Peak,slope_only,none,-,-,-,p0.5|n20,mape,10.402510399003422,10,49,arm7_x05,physics
iter05b_arm7,0,gb_eoh_2122r3,HP_Peak,slope_only,none,-,-,-,p0.5|n20,r2,-0.31574098334093703,10,49,arm7_x05,physics
iter05b_arm7,0,gb_eoh_2122r3,HP_Peak,slope_only,none,-,-,-,p0.5|n20,n_pred_nan,0.0,10,49,arm7_x05,physics
iter05b_arm7,0,gb_eoh_2122r3,HP_Peak,slope_only,none,-,-,-,p0.5|n20,mape_n_excluded,0.0,10,49,arm7_x05,physics
iter05b_arm7,0,gb_eoh_2122r3,HP_Peak,slope_only,none,-,-,-,p0.5|n40,wape,8.653157596287581,5,30,arm7_x05,physics
iter05b_arm7,0,gb_eoh_2122r3,HP_Peak,slope_only,none,-,-,-,p0.5|n40,rmse,6.516847421837606,5,30,arm7_x05,physics
iter05b_arm7,0,gb_eoh_2122r3,HP_Peak,slope_only,none,-,-,-,p0.5|n40,mae,6.434967505043824,5,30,arm7_x05,physics
iter05b_arm7,0,gb_eoh_2122r3,HP_Peak,slope_only,none,-,-,-,p0.5|n40,mape,8.660189296102114,5,30,arm7_x05,physics
iter05b_arm7,0,gb_eoh_2122r3,HP_Peak,slope_only,none,-,-,-,p0.5|n40,r2,-19.762132504734645,5,30,arm7_x05,physics
iter05b_arm7,0,gb_eoh_2122r3,HP_Peak,slope_only,none,-,-,-,p0.5|n40,n_pred_nan,0.0,5,30,arm7_x05,physics
iter05b_arm7,0,gb_eoh_2122r3,HP_Peak,slope_only,none,-,-,-,p0.5|n40,mape_n_excluded,0.0,5,30,arm7_x05,physics
iter05b_arm7,0,gb_eoh_2122r3,HP_Peak,slope_only,none,-,-,-,p0.8|n10,wape,20.016293889070162,10,44,arm7_x05,physics
iter05b_arm7,0,gb_eoh_2122r3,HP_Peak,slope_only,none,-,-,-,p0.8|n10,rmse,6.080057369806154,10,44,arm7_x05,physics
iter05b_arm7,0,gb_eoh_2122r3,HP_Peak,slope_only,none,-,-,-,p0.8|n10,mae,5.530276307011138,10,44,arm7_x05,physics
iter05b_arm7,0,gb_eoh_2122r3,HP_Peak,slope_only,none,-,-,-,p0.8|n10,mape,19.66130719316515,10,44,arm7_x05,physics
iter05b_arm7,0,gb_eoh_2122r3,HP_Peak,slope_only,none,-,-,-,p0.8|n10,r2,-4.657299701659739,10,44,arm7_x05,physics
iter05b_arm7,0,gb_eoh_2122r3,HP_Peak,slope_only,none,-,-,-,p0.8|n10,n_pred_nan,0.0,10,44,arm7_x05,physics
iter05b_arm7,0,gb_eoh_2122r3,HP_Peak,slope_only,none,-,-,-,p0.8|n10,mape_n_excluded,0.0,10,44,arm7_x05,physics
iter05b_arm7,0,gb_eoh_2122r3,HP_Peak,slope_only,none,-,-,-,p0.8|n20,wape,11.827111716301049,10,53,arm7_x05,physics
iter05b_arm7,0,gb_eoh_2122r3,HP_Peak,slope_only,none,-,-,-,p0.8|n20,rmse,7.62078555444942,10,53,arm7_x05,physics
iter05b_arm7,0,gb_eoh_2122r3,HP_Peak,slope_only,none,-,-,-,p0.8|n20,mae,6.563989428795745,10,53,arm7_x05,physics
iter05b_arm7,0,gb_eoh_2122r3,HP_Peak,slope_only,none,-,-,-,p0.8|n20,mape,11.600222119238387,10,53,arm7_x05,physics
iter05b_arm7,0,gb_eoh_2122r3,HP_Peak,slope_only,none,-,-,-,p0.8|n20,r2,-2.022357297446769,10,53,arm7_x05,physics
iter05b_arm7,0,gb_eoh_2122r3,HP_Peak,slope_only,none,-,-,-,p0.8|n20,n_pred_nan,0.0,10,53,arm7_x05,physics
iter05b_arm7,0,gb_eoh_2122r3,HP_Peak,slope_only,none,-,-,-,p0.8|n20,mape_n_excluded,0.0,10,53,arm7_x05,physics
iter05b_arm7,0,gb_eoh_2122r3,HP_Peak,slope_only,none,-,-,-,p1.0|n10,wape,17.47648657807896,10,52,arm7_x05,physics
iter05b_arm7,0,gb_eoh_2122r3,HP_Peak,slope_only,none,-,-,-,p1.0|n10,rmse,7.134313625474672,10,52,arm7_x05,physics
iter05b_arm7,0,gb_eoh_2122r3,HP_Peak,slope_only,none,-,-,-,p1.0|n10,mae,6.140042440104854,10,52,arm7_x05,physics
iter05b_arm7,0,gb_eoh_2122r3,HP_Peak,slope_only,none,-,-,-,p1.0|n10,mape,17.41444085150166,10,52,arm7_x05,physics
iter05b_arm7,0,gb_eoh_2122r3,HP_Peak,slope_only,none,-,-,-,p1.0|n10,r2,-7.531667473164529,10,52,arm7_x05,physics
iter05b_arm7,0,gb_eoh_2122r3,HP_Peak,slope_only,none,-,-,-,p1.0|n10,n_pred_nan,0.0,10,52,arm7_x05,physics
iter05b_arm7,0,gb_eoh_2122r3,HP_Peak,slope_only,none,-,-,-,p1.0|n10,mape_n_excluded,0.0,10,52,arm7_x05,physics
iter05b_arm7,0,gb_eoh_2122r3,HP_Peak,slope_only,none,-,-,-,p1.0|n20,wape,13.547159416559523,5,30,arm7_x05,physics
iter05b_arm7,0,gb_eoh_2122r3,HP_Peak,slope_only,none,-,-,-,p1.0|n20,rmse,10.332467640990803,5,30,arm7_x05,physics
iter05b_arm7,0,gb_eoh_2122r3,HP_Peak,slope_only,none,-,-,-,p1.0|n20,mae,9.935800892070528,5,30,arm7_x05,physics
iter05b_arm7,0,gb_eoh_2122r3,HP_Peak,slope_only,none,-,-,-,p1.0|n20,mape,13.52752073258722,5,30,arm7_x05,physics
iter05b_arm7,0,gb_eoh_2122r3,HP_Peak,slope_only,none,-,-,-,p1.0|n20,r2,-12.027570994223138,5,30,arm7_x05,physics
iter05b_arm7,0,gb_eoh_2122r3,HP_Peak,slope_only,none,-,-,-,p1.0|n20,n_pred_nan,0.0,5,30,arm7_x05,physics
iter05b_arm7,0,gb_eoh_2122r3,HP_Peak,slope_only,none,-,-,-,p1.0|n20,mape_n_excluded,0.0,5,30,arm7_x05,physics
iter05b_arm7,0,gb_eoh_2122r3,HP_Peak,slope_only,none,-,-,-,all,at_bound_share_train,0.0014423076923076924,2080,274,arm7_x05,physics
iter05b_arm7,0,gb_eoh_2122r3,HP_Peak,slope_only,none,-,-,-,all,at_bound_share_test,0.004395604395604396,455,81,arm7_x05,physics
iter05b_arm7,0,gb_eoh_2122r3,HP_Peak,slope_base,none,-,-,-,all,wape,15.01098903357205,455,81,arm7_x05,physics
iter05b_arm7,0,gb_eoh_2122r3,HP_Peak,slope_base,none,-,-,-,all,rmse,3.212779932214667,455,81,arm7_x05,physics
iter05b_arm7,0,gb_eoh_2122r3,HP_Peak,slope_base,none,-,-,-,all,mae,2.378350402371347,455,81,arm7_x05,physics
iter05b_arm7,0,gb_eoh_2122r3,HP_Peak,slope_base,none,-,-,-,all,mape,27.86892139740707,455,81,arm7_x05,physics
iter05b_arm7,0,gb_eoh_2122r3,HP_Peak,slope_base,none,-,-,-,all,r2,0.9622336225805029,455,81,arm7_x05,physics
iter05b_arm7,0,gb_eoh_2122r3,HP_Peak,slope_base,none,-,-,-,all,n_pred_nan,0.0,455,81,arm7_x05,physics
iter05b_arm7,0,gb_eoh_2122r3,HP_Peak,slope_base,none,-,-,-,all,mape_n_excluded,0.0,455,81,arm7_x05,physics
iter05b_arm7,0,gb_eoh_2122r3,HP_Peak,slope_base,none,-,-,-,pbin<=15,wape,24.278724821262074,265,81,arm7_x05,physics
iter05b_arm7,0,gb_eoh_2122r3,HP_Peak,slope_base,none,-,-,-,pbin<=15,rmse,3.070365046932498,265,81,arm7_x05,physics
iter05b_arm7,0,gb_eoh_2122r3,HP_Peak,slope_base,none,-,-,-,pbin<=15,mae,2.1851649400635638,265,81,arm7_x05,physics
iter05b_arm7,0,gb_eoh_2122r3,HP_Peak,slope_base,none,-,-,-,pbin<=15,mape,36.59055546330763,265,81,arm7_x05,physics
iter05b_arm7,0,gb_eoh_2122r3,HP_Peak,slope_base,none,-,-,-,pbin<=15,r2,0.8903610700629341,265,81,arm7_x05,physics
iter05b_arm7,0,gb_eoh_2122r3,HP_Peak,slope_base,none,-,-,-,pbin<=15,n_pred_nan,0.0,265,81,arm7_x05,physics
iter05b_arm7,0,gb_eoh_2122r3,HP_Peak,slope_base,none,-,-,-,pbin<=15,mape_n_excluded,0.0,265,81,arm7_x05,physics
iter05b_arm7,0,gb_eoh_2122r3,HP_Peak,slope_base,none,-,-,-,pbin15-35,wape,14.01113451491582,125,81,arm7_x05,physics
iter05b_arm7,0,gb_eoh_2122r3,HP_Peak,slope_base,none,-,-,-,pbin15-35,rmse,3.3428952076224707,125,81,arm7_x05,physics
iter05b_arm7,0,gb_eoh_2122r3,HP_Peak,slope_base,none,-,-,-,pbin15-35,mae,2.5704244739545494,125,81,arm7_x05,physics
iter05b_arm7,0,gb_eoh_2122r3,HP_Peak,slope_base,none,-,-,-,pbin15-35,mape,19.102454855396505,125,81,arm7_x05,physics
iter05b_arm7,0,gb_eoh_2122r3,HP_Peak,slope_base,none,-,-,-,pbin15-35,r2,0.9519896774680973,125,81,arm7_x05,physics
iter05b_arm7,0,gb_eoh_2122r3,HP_Peak,slope_base,none,-,-,-,pbin15-35,n_pred_nan,0.0,125,81,arm7_x05,physics
iter05b_arm7,0,gb_eoh_2122r3,HP_Peak,slope_base,none,-,-,-,pbin15-35,mape_n_excluded,0.0,125,81,arm7_x05,physics
iter05b_arm7,0,gb_eoh_2122r3,HP_Peak,slope_base,none,-,-,-,pbin35-65,wape,7.630190892337778,30,63,arm7_x05,physics
iter05b_arm7,0,gb_eoh_2122r3,HP_Peak,slope_base,none,-,-,-,pbin35-65,rmse,2.9346584972257816,30,63,arm7_x05,physics
iter05b_arm7,0,gb_eoh_2122r3,HP_Peak,slope_base,none,-,-,-,pbin35-65,mae,2.496181579228901,30,63,arm7_x05,physics
iter05b_arm7,0,gb_eoh_2122r3,HP_Peak,slope_base,none,-,-,-,pbin35-65,mape,11.004463315541281,30,63,arm7_x05,physics
iter05b_arm7,0,gb_eoh_2122r3,HP_Peak,slope_base,none,-,-,-,pbin35-65,r2,0.9801558836264375,30,63,arm7_x05,physics
iter05b_arm7,0,gb_eoh_2122r3,HP_Peak,slope_base,none,-,-,-,pbin35-65,n_pred_nan,0.0,30,63,arm7_x05,physics
iter05b_arm7,0,gb_eoh_2122r3,HP_Peak,slope_base,none,-,-,-,pbin35-65,mape_n_excluded,0.0,30,63,arm7_x05,physics
iter05b_arm7,0,gb_eoh_2122r3,HP_Peak,slope_base,none,-,-,-,pbin>65,wape,6.899267357583878,35,55,arm7_x05,physics
iter05b_arm7,0,gb_eoh_2122r3,HP_Peak,slope_base,none,-,-,-,pbin>65,rmse,3.939041986726746,35,55,arm7_x05,physics
iter05b_arm7,0,gb_eoh_2122r3,HP_Peak,slope_base,none,-,-,-,pbin>65,mae,3.054063352598072,35,55,arm7_x05,physics
iter05b_arm7,0,gb_eoh_2122r3,HP_Peak,slope_base,none,-,-,-,pbin>65,mape,7.5977509043684135,35,55,arm7_x05,physics
iter05b_arm7,0,gb_eoh_2122r3,HP_Peak,slope_base,none,-,-,-,pbin>65,r2,0.9425285193339183,35,55,arm7_x05,physics
iter05b_arm7,0,gb_eoh_2122r3,HP_Peak,slope_base,none,-,-,-,pbin>65,n_pred_nan,0.0,35,55,arm7_x05,physics
iter05b_arm7,0,gb_eoh_2122r3,HP_Peak,slope_base,none,-,-,-,pbin>65,mape_n_excluded,0.0,35,55,arm7_x05,physics
iter05b_arm7,0,gb_eoh_2122r3,HP_Peak,slope_base,none,-,-,-,p0.05|n10,wape,40.0346242372336,40,25,arm7_x05,physics
iter05b_arm7,0,gb_eoh_2122r3,HP_Peak,slope_base,none,-,-,-,p0.05|n10,rmse,1.7455802968309824,40,25,arm7_x05,physics
iter05b_arm7,0,gb_eoh_2122r3,HP_Peak,slope_base,none,-,-,-,p0.05|n10,mae,1.3837681192717581,40,25,arm7_x05,physics
iter05b_arm7,0,gb_eoh_2122r3,HP_Peak,slope_base,none,-,-,-,p0.05|n10,mape,45.864119265751704,40,25,arm7_x05,physics
iter05b_arm7,0,gb_eoh_2122r3,HP_Peak,slope_base,none,-,-,-,p0.05|n10,r2,-1.506555897892523,40,25,arm7_x05,physics
iter05b_arm7,0,gb_eoh_2122r3,HP_Peak,slope_base,none,-,-,-,p0.05|n10,n_pred_nan,0.0,40,25,arm7_x05,physics
iter05b_arm7,0,gb_eoh_2122r3,HP_Peak,slope_base,none,-,-,-,p0.05|n10,mape_n_excluded,0.0,40,25,arm7_x05,physics
iter05b_arm7,0,gb_eoh_2122r3,HP_Peak,slope_base,none,-,-,-,p0.05|n20,wape,53.3848028872641,40,29,arm7_x05,physics
iter05b_arm7,0,gb_eoh_2122r3,HP_Peak,slope_base,none,-,-,-,p0.05|n20,rmse,2.3322822760024593,40,29,arm7_x05,physics
iter05b_arm7,0,gb_eoh_2122r3,HP_Peak,slope_base,none,-,-,-,p0.05|n20,mae,1.924352092427025,40,29,arm7_x05,physics
iter05b_arm7,0,gb_eoh_2122r3,HP_Peak,slope_base,none,-,-,-,p0.05|n20,mape,56.604174701917856,40,29,arm7_x05,physics
iter05b_arm7,0,gb_eoh_2122r3,HP_Peak,slope_base,none,-,-,-,p0.05|n20,r2,-4.15792610752888,40,29,arm7_x05,physics
iter05b_arm7,0,gb_eoh_2122r3,HP_Peak,slope_base,none,-,-,-,p0.05|n20,n_pred_nan,0.0,40,29,arm7_x05,physics
iter05b_arm7,0,gb_eoh_2122r3,HP_Peak,slope_base,none,-,-,-,p0.05|n20,mape_n_excluded,0.0,40,29,arm7_x05,physics
iter05b_arm7,0,gb_eoh_2122r3,HP_Peak,slope_base,none,-,-,-,p0.05|n40,wape,34.27993071123092,40,40,arm7_x05,physics
iter05b_arm7,0,gb_eoh_2122r3,HP_Peak,slope_base,none,-,-,-,p0.05|n40,rmse,2.8357390444687014,40,40,arm7_x05,physics
iter05b_arm7,0,gb_eoh_2122r3,HP_Peak,slope_base,none,-,-,-,p0.05|n40,mae,2.210370690875486,40,40,arm7_x05,physics
iter05b_arm7,0,gb_eoh_2122r3,HP_Peak,slope_base,none,-,-,-,p0.05|n40,mape,34.73449570373567,40,40,arm7_x05,physics
iter05b_arm7,0,gb_eoh_2122r3,HP_Peak,slope_base,none,-,-,-,p0.05|n40,r2,-2.160981163780455,40,40,arm7_x05,physics
iter05b_arm7,0,gb_eoh_2122r3,HP_Peak,slope_base,none,-,-,-,p0.05|n40,n_pred_nan,0.0,40,40,arm7_x05,physics
iter05b_arm7,0,gb_eoh_2122r3,HP_Peak,slope_base,none,-,-,-,p0.05|n40,mape_n_excluded,0.0,40,40,arm7_x05,physics
iter05b_arm7,0,gb_eoh_2122r3,HP_Peak,slope_base,none,-,-,-,p0.05|n80,wape,25.409764440473598,15,39,arm7_x05,physics
iter05b_arm7,0,gb_eoh_2122r3,HP_Peak,slope_base,none,-,-,-,p0.05|n80,rmse,4.367634482611737,15,39,arm7_x05,physics
iter05b_arm7,0,gb_eoh_2122r3,HP_Peak,slope_base,none,-,-,-,p0.05|n80,mae,3.3822526553309573,15,39,arm7_x05,physics
iter05b_arm7,0,gb_eoh_2122r3,HP_Peak,slope_base,none,-,-,-,p0.05|n80,mape,26.29517856969244,15,39,arm7_x05,physics
iter05b_arm7,0,gb_eoh_2122r3,HP_Peak,slope_base,none,-,-,-,p0.05|n80,r2,-5.745932873930052,15,39,arm7_x05,physics
iter05b_arm7,0,gb_eoh_2122r3,HP_Peak,slope_base,none,-,-,-,p0.05|n80,n_pred_nan,0.0,15,39,arm7_x05,physics
iter05b_arm7,0,gb_eoh_2122r3,HP_Peak,slope_base,none,-,-,-,p0.05|n80,mape_n_excluded,0.0,15,39,arm7_x05,physics
iter05b_arm7,0,gb_eoh_2122r3,HP_Peak,slope_base,none,-,-,-,p0.05|n120,wape,14.4268145615484,15,53,arm7_x05,physics
iter05b_arm7,0,gb_eoh_2122r3,HP_Peak,slope_base,none,-,-,-,p0.05|n120,rmse,3.5396728639914268,15,53,arm7_x05,physics
iter05b_arm7,0,gb_eoh_2122r3,HP_Peak,slope_base,none,-,-,-,p0.05|n120,mae,2.8863847330264005,15,53,arm7_x05,physics
iter05b_arm7,0,gb_eoh_2122r3,HP_Peak,slope_base,none,-,-,-,p0.05|n120,mape,14.76037169796785,15,53,arm7_x05,physics
iter05b_arm7,0,gb_eoh_2122r3,HP_Peak,slope_base,none,-,-,-,p0.05|n120,r2,-0.489512932558668,15,53,arm7_x05,physics
iter05b_arm7,0,gb_eoh_2122r3,HP_Peak,slope_base,none,-,-,-,p0.05|n120,n_pred_nan,0.0,15,53,arm7_x05,physics
iter05b_arm7,0,gb_eoh_2122r3,HP_Peak,slope_base,none,-,-,-,p0.05|n120,mape_n_excluded,0.0,15,53,arm7_x05,physics
iter05b_arm7,0,gb_eoh_2122r3,HP_Peak,slope_base,none,-,-,-,p0.1|n10,wape,44.44601630516819,40,26,arm7_x05,physics
iter05b_arm7,0,gb_eoh_2122r3,HP_Peak,slope_base,none,-,-,-,p0.1|n10,rmse,2.2686598076135613,40,26,arm7_x05,physics
iter05b_arm7,0,gb_eoh_2122r3,HP_Peak,slope_base,none,-,-,-,p0.1|n10,mae,1.5993188103692024,40,26,arm7_x05,physics
iter05b_arm7,0,gb_eoh_2122r3,HP_Peak,slope_base,none,-,-,-,p0.1|n10,mape,46.2214107898365,40,26,arm7_x05,physics
iter05b_arm7,0,gb_eoh_2122r3,HP_Peak,slope_base,none,-,-,-,p0.1|n10,r2,-6.1033939030097875,40,26,arm7_x05,physics
iter05b_arm7,0,gb_eoh_2122r3,HP_Peak,slope_base,none,-,-,-,p0.1|n10,n_pred_nan,0.0,40,26,arm7_x05,physics
iter05b_arm7,0,gb_eoh_2122r3,HP_Peak,slope_base,none,-,-,-,p0.1|n10,mape_n_excluded,0.0,40,26,arm7_x05,physics
iter05b_arm7,0,gb_eoh_2122r3,HP_Peak,slope_base,none,-,-,-,p0.1|n20,wape,25.9417323242621,40,44,arm7_x05,physics
iter05b_arm7,0,gb_eoh_2122r3,HP_Peak,slope_base,none,-,-,-,p0.1|n20,rmse,2.5226396394157877,40,44,arm7_x05,physics
iter05b_arm7,0,gb_eoh_2122r3,HP_Peak,slope_base,none,-,-,-,p0.1|n20,mae,1.8095821523135016,40,44,arm7_x05,physics
iter05b_arm7,0,gb_eoh_2122r3,HP_Peak,slope_base,none,-,-,-,p0.1|n20,mape,29.401782553781075,40,44,arm7_x05,physics
iter05b_arm7,0,gb_eoh_2122r3,HP_Peak,slope_base,none,-,-,-,p0.1|n20,r2,-1.8899056057729582,40,44,arm7_x05,physics
iter05b_arm7,0,gb_eoh_2122r3,HP_Peak,slope_base,none,-,-,-,p0.1|n20,n_pred_nan,0.0,40,44,arm7_x05,physics
iter05b_arm7,0,gb_eoh_2122r3,HP_Peak,slope_base,none,-,-,-,p0.1|n20,mape_n_excluded,0.0,40,44,arm7_x05,physics
iter05b_arm7,0,gb_eoh_2122r3,HP_Peak,slope_base,none,-,-,-,p0.1|n40,wape,21.384558141259955,15,39,arm7_x05,physics
iter05b_arm7,0,gb_eoh_2122r3,HP_Peak,slope_base,none,-,-,-,p0.1|n40,rmse,3.5235170920316747,15,39,arm7_x05,physics
iter05b_arm7,0,gb_eoh_2122r3,HP_Peak,slope_base,none,-,-,-,p0.1|n40,mae,2.8771572087281205,15,39,arm7_x05,physics
iter05b_arm7,0,gb_eoh_2122r3,HP_Peak,slope_base,none,-,-,-,p0.1|n40,mape,21.50701029721939,15,39,arm7_x05,physics
iter05b_arm7,0,gb_eoh_2122r3,HP_Peak,slope_base,none,-,-,-,p0.1|n40,r2,-1.416736730116103,15,39,arm7_x05,physics
iter05b_arm7,0,gb_eoh_2122r3,HP_Peak,slope_base,none,-,-,-,p0.1|n40,n_pred_nan,0.0,15,39,arm7_x05,physics
iter05b_arm7,0,gb_eoh_2122r3,HP_Peak,slope_base,none,-,-,-,p0.1|n40,mape_n_excluded,0.0,15,39,arm7_x05,physics
iter05b_arm7,0,gb_eoh_2122r3,HP_Peak,slope_base,none,-,-,-,p0.1|n80,wape,13.119276155866363,10,46,arm7_x05,physics
iter05b_arm7,0,gb_eoh_2122r3,HP_Peak,slope_base,none,-,-,-,p0.1|n80,rmse,5.43832821823593,10,46,arm7_x05,physics
iter05b_arm7,0,gb_eoh_2122r3,HP_Peak,slope_base,none,-,-,-,p0.1|n80,mae,3.769062624371837,10,46,arm7_x05,physics
iter05b_arm7,0,gb_eoh_2122r3,HP_Peak,slope_base,none,-,-,-,p0.1|n80,mape,13.664546641317731,10,46,arm7_x05,physics
iter05b_arm7,0,gb_eoh_2122r3,HP_Peak,slope_base,none,-,-,-,p0.1|n80,r2,-5.4554462377290776,10,46,arm7_x05,physics
iter05b_arm7,0,gb_eoh_2122r3,HP_Peak,slope_base,none,-,-,-,p0.1|n80,n_pred_nan,0.0,10,46,arm7_x05,physics
iter05b_arm7,0,gb_eoh_2122r3,HP_Peak,slope_base,none,-,-,-,p0.1|n80,mape_n_excluded,0.0,10,46,arm7_x05,physics
iter05b_arm7,0,gb_eoh_2122r3,HP_Peak,slope_base,none,-,-,-,p0.1|n120,wape,10.879319058658435,10,51,arm7_x05,physics
iter05b_arm7,0,gb_eoh_2122r3,HP_Peak,slope_base,none,-,-,-,p0.1|n120,rmse,6.485265165672438,10,51,arm7_x05,physics
iter05b_arm7,0,gb_eoh_2122r3,HP_Peak,slope_base,none,-,-,-,p0.1|n120,mae,4.709548930656493,10,51,arm7_x05,physics
iter05b_arm7,0,gb_eoh_2122r3,HP_Peak,slope_base,none,-,-,-,p0.1|n120,mape,10.837400228923826,10,51,arm7_x05,physics
iter05b_arm7,0,gb_eoh_2122r3,HP_Peak,slope_base,none,-,-,-,p0.1|n120,r2,-1.6982503859538993,10,51,arm7_x05,physics
iter05b_arm7,0,gb_eoh_2122r3,HP_Peak,slope_base,none,-,-,-,p0.1|n120,n_pred_nan,0.0,10,51,arm7_x05,physics
iter05b_arm7,0,gb_eoh_2122r3,HP_Peak,slope_base,none,-,-,-,p0.1|n120,mape_n_excluded,0.0,10,51,arm7_x05,physics
iter05b_arm7,0,gb_eoh_2122r3,HP_Peak,slope_base,none,-,-,-,p0.2|n10,wape,26.858464458167518,40,40,arm7_x05,physics
iter05b_arm7,0,gb_eoh_2122r3,HP_Peak,slope_base,none,-,-,-,p0.2|n10,rmse,2.1182222699466036,40,40,arm7_x05,physics
iter05b_arm7,0,gb_eoh_2122r3,HP_Peak,slope_base,none,-,-,-,p0.2|n10,mae,1.8369045120047844,40,40,arm7_x05,physics
iter05b_arm7,0,gb_eoh_2122r3,HP_Peak,slope_base,none,-,-,-,p0.2|n10,mape,27.240049606271455,40,40,arm7_x05,physics
iter05b_arm7,0,gb_eoh_2122r3,HP_Peak,slope_base,none,-,-,-,p0.2|n10,r2,-1.2889455550166389,40,40,arm7_x05,physics
iter05b_arm7,0,gb_eoh_2122r3,HP_Peak,slope_base,none,-,-,-,p0.2|n10,n_pred_nan,0.0,40,40,arm7_x05,physics
iter05b_arm7,0,gb_eoh_2122r3,HP_Peak,slope_base,none,-,-,-,p0.2|n10,mape_n_excluded,0.0,40,40,arm7_x05,physics
iter05b_arm7,0,gb_eoh_2122r3,HP_Peak,slope_base,none,-,-,-,p0.2|n20,wape,20.30652956540099,15,40,arm7_x05,physics
iter05b_arm7,0,gb_eoh_2122r3,HP_Peak,slope_base,none,-,-,-,p0.2|n20,rmse,3.167115451620042,15,40,arm7_x05,physics
iter05b_arm7,0,gb_eoh_2122r3,HP_Peak,slope_base,none,-,-,-,p0.2|n20,mae,2.629288309844226,15,40,arm7_x05,physics
iter05b_arm7,0,gb_eoh_2122r3,HP_Peak,slope_base,none,-,-,-,p0.2|n20,mape,20.972866104666988,15,40,arm7_x05,physics
iter05b_arm7,0,gb_eoh_2122r3,HP_Peak,slope_base,none,-,-,-,p0.2|n20,r2,-2.0109954691637015,15,40,arm7_x05,physics
iter05b_arm7,0,gb_eoh_2122r3,HP_Peak,slope_base,none,-,-,-,p0.2|n20,n_pred_nan,0.0,15,40,arm7_x05,physics
iter05b_arm7,0,gb_eoh_2122r3,HP_Peak,slope_base,none,-,-,-,p0.2|n20,mape_n_excluded,0.0,15,40,arm7_x05,physics
iter05b_arm7,0,gb_eoh_2122r3,HP_Peak,slope_base,none,-,-,-,p0.2|n40,wape,8.471090449534165,10,45,arm7_x05,physics
iter05b_arm7,0,gb_eoh_2122r3,HP_Peak,slope_base,none,-,-,-,p0.2|n40,rmse,3.023335124724688,10,45,arm7_x05,physics
iter05b_arm7,0,gb_eoh_2122r3,HP_Peak,slope_base,none,-,-,-,p0.2|n40,mae,2.429337768002319,10,45,arm7_x05,physics
iter05b_arm7,0,gb_eoh_2122r3,HP_Peak,slope_base,none,-,-,-,p0.2|n40,mape,8.641987037413493,10,45,arm7_x05,physics
iter05b_arm7,0,gb_eoh_2122r3,HP_Peak,slope_base,none,-,-,-,p0.2|n40,r2,-1.908211756776872,10,45,arm7_x05,physics
iter05b_arm7,0,gb_eoh_2122r3,HP_Peak,slope_base,none,-,-,-,p0.2|n40,n_pred_nan,0.0,10,45,arm7_x05,physics
iter05b_arm7,0,gb_eoh_2122r3,HP_Peak,slope_base,none,-,-,-,p0.2|n40,mape_n_excluded,0.0,10,45,arm7_x05,physics
iter05b_arm7,0,gb_eoh_2122r3,HP_Peak,slope_base,none,-,-,-,p0.2|n80,wape,10.428891887515128,10,53,arm7_x05,physics
iter05b_arm7,0,gb_eoh_2122r3,HP_Peak,slope_base,none,-,-,-,p0.2|n80,rmse,7.263480741148978,10,53,arm7_x05,physics
iter05b_arm7,0,gb_eoh_2122r3,HP_Peak,slope_base,none,-,-,-,p0.2|n80,mae,5.880131372306915,10,53,arm7_x05,physics
iter05b_arm7,0,gb_eoh_2122r3,HP_Peak,slope_base,none,-,-,-,p0.2|n80,mape,10.53557287641825,10,53,arm7_x05,physics
iter05b_arm7,0,gb_eoh_2122r3,HP_Peak,slope_base,none,-,-,-,p0.2|n80,r2,-1.9234488223708568,10,53,arm7_x05,physics
iter05b_arm7,0,gb_eoh_2122r3,HP_Peak,slope_base,none,-,-,-,p0.2|n80,n_pred_nan,0.0,10,53,arm7_x05,physics
iter05b_arm7,0,gb_eoh_2122r3,HP_Peak,slope_base,none,-,-,-,p0.2|n80,mape_n_excluded,0.0,10,53,arm7_x05,physics
iter05b_arm7,0,gb_eoh_2122r3,HP_Peak,slope_base,none,-,-,-,p0.3|n10,wape,17.50962453623661,25,41,arm7_x05,physics
iter05b_arm7,0,gb_eoh_2122r3,HP_Peak,slope_base,none,-,-,-,p0.3|n10,rmse,2.1809995850881583,25,41,arm7_x05,physics
iter05b_arm7,0,gb_eoh_2122r3,HP_Peak,slope_base,none,-,-,-,p0.3|n10,mae,1.8071944768544352,25,41,arm7_x05,physics
iter05b_arm7,0,gb_eoh_2122r3,HP_Peak,slope_base,none,-,-,-,p0.3|n10,mape,18.792327447849427,25,41,arm7_x05,physics
iter05b_arm7,0,gb_eoh_2122r3,HP_Peak,slope_base,none,-,-,-,p0.3|n10,r2,-0.021041486705152712,25,41,arm7_x05,physics
iter05b_arm7,0,gb_eoh_2122r3,HP_Peak,slope_base,none,-,-,-,p0.3|n10,n_pred_nan,0.0,25,41,arm7_x05,physics
iter05b_arm7,0,gb_eoh_2122r3,HP_Peak,slope_base,none,-,-,-,p0.3|n10,mape_n_excluded,0.0,25,41,arm7_x05,physics
iter05b_arm7,0,gb_eoh_2122r3,HP_Peak,slope_base,none,-,-,-,p0.3|n20,wape,15.928966808456865,15,51,arm7_x05,physics
iter05b_arm7,0,gb_eoh_2122r3,HP_Peak,slope_base,none,-,-,-,p0.3|n20,rmse,3.6149562333949734,15,51,arm7_x05,physics
iter05b_arm7,0,gb_eoh_2122r3,HP_Peak,slope_base,none,-,-,-,p0.3|n20,mae,3.1735657934592267,15,51,arm7_x05,physics
iter05b_arm7,0,gb_eoh_2122r3,HP_Peak,slope_base,none,-,-,-,p0.3|n20,mape,16.23551183958429,15,51,arm7_x05,physics
iter05b_arm7,0,gb_eoh_2122r3,HP_Peak,slope_base,none,-,-,-,p0.3|n20,r2,-1.0938493587279403,15,51,arm7_x05,physics
iter05b_arm7,0,gb_eoh_2122r3,HP_Peak,slope_base,none,-,-,-,p0.3|n20,n_pred_nan,0.0,15,51,arm7_x05,physics
iter05b_arm7,0,gb_eoh_2122r3,HP_Peak,slope_base,none,-,-,-,p0.3|n20,mape_n_excluded,0.0,15,51,arm7_x05,physics
iter05b_arm7,0,gb_eoh_2122r3,HP_Peak,slope_base,none,-,-,-,p0.3|n40,wape,7.77884622134927,10,53,arm7_x05,physics
iter05b_arm7,0,gb_eoh_2122r3,HP_Peak,slope_base,none,-,-,-,p0.3|n40,rmse,3.647052682101627,10,53,arm7_x05,physics
iter05b_arm7,0,gb_eoh_2122r3,HP_Peak,slope_base,none,-,-,-,p0.3|n40,mae,3.2509513890122337,10,53,arm7_x05,physics
iter05b_arm7,0,gb_eoh_2122r3,HP_Peak,slope_base,none,-,-,-,p0.3|n40,mape,7.849541817538263,10,53,arm7_x05,physics
iter05b_arm7,0,gb_eoh_2122r3,HP_Peak,slope_base,none,-,-,-,p0.3|n40,r2,-0.0133161071989647,10,53,arm7_x05,physics
iter05b_arm7,0,gb_eoh_2122r3,HP_Peak,slope_base,none,-,-,-,p0.3|n40,n_pred_nan,0.0,10,53,arm7_x05,physics
iter05b_arm7,0,gb_eoh_2122r3,HP_Peak,slope_base,none,-,-,-,p0.3|n40,mape_n_excluded,0.0,10,53,arm7_x05,physics
iter05b_arm7,0,gb_eoh_2122r3,HP_Peak,slope_base,none,-,-,-,p0.5|n10,wape,15.42964052178328,15,41,arm7_x05,physics
iter05b_arm7,0,gb_eoh_2122r3,HP_Peak,slope_base,none,-,-,-,p0.5|n10,rmse,3.0779544682912503,15,41,arm7_x05,physics
iter05b_arm7,0,gb_eoh_2122r3,HP_Peak,slope_base,none,-,-,-,p0.5|n10,mae,2.547989186696107,15,41,arm7_x05,physics
iter05b_arm7,0,gb_eoh_2122r3,HP_Peak,slope_base,none,-,-,-,p0.5|n10,mape,16.484851488843592,15,41,arm7_x05,physics
iter05b_arm7,0,gb_eoh_2122r3,HP_Peak,slope_base,none,-,-,-,p0.5|n10,r2,-0.19661669079571698,15,41,arm7_x05,physics
iter05b_arm7,0,gb_eoh_2122r3,HP_Peak,slope_base,none,-,-,-,p0.5|n10,n_pred_nan,0.0,15,41,arm7_x05,physics
iter05b_arm7,0,gb_eoh_2122r3,HP_Peak,slope_base,none,-,-,-,p0.5|n10,mape_n_excluded,0.0,15,41,arm7_x05,physics
iter05b_arm7,0,gb_eoh_2122r3,HP_Peak,slope_base,none,-,-,-,p0.5|n20,wape,6.54124579920804,10,49,arm7_x05,physics
iter05b_arm7,0,gb_eoh_2122r3,HP_Peak,slope_base,none,-,-,-,p0.5|n20,rmse,2.789357157130108,10,49,arm7_x05,physics
iter05b_arm7,0,gb_eoh_2122r3,HP_Peak,slope_base,none,-,-,-,p0.5|n20,mae,2.3673054960708564,10,49,arm7_x05,physics
iter05b_arm7,0,gb_eoh_2122r3,HP_Peak,slope_base,none,-,-,-,p0.5|n20,mape,6.537099199299355,10,49,arm7_x05,physics
iter05b_arm7,0,gb_eoh_2122r3,HP_Peak,slope_base,none,-,-,-,p0.5|n20,r2,0.5104119952716084,10,49,arm7_x05,physics
iter05b_arm7,0,gb_eoh_2122r3,HP_Peak,slope_base,none,-,-,-,p0.5|n20,n_pred_nan,0.0,10,49,arm7_x05,physics
iter05b_arm7,0,gb_eoh_2122r3,HP_Peak,slope_base,none,-,-,-,p0.5|n20,mape_n_excluded,0.0,10,49,arm7_x05,physics
iter05b_arm7,0,gb_eoh_2122r3,HP_Peak,slope_base,none,-,-,-,p0.5|n40,wape,3.494240571690535,5,30,arm7_x05,physics
iter05b_arm7,0,gb_eoh_2122r3,HP_Peak,slope_base,none,-,-,-,p0.5|n40,rmse,2.7732445159683943,5,30,arm7_x05,physics
iter05b_arm7,0,gb_eoh_2122r3,HP_Peak,slope_base,none,-,-,-,p0.5|n40,mae,2.598510923143374,5,30,arm7_x05,physics
iter05b_arm7,0,gb_eoh_2122r3,HP_Peak,slope_base,none,-,-,-,p0.5|n40,mape,3.4980270281182038,5,30,arm7_x05,physics
iter05b_arm7,0,gb_eoh_2122r3,HP_Peak,slope_base,none,-,-,-,p0.5|n40,r2,-2.759873020396007,5,30,arm7_x05,physics
iter05b_arm7,0,gb_eoh_2122r3,HP_Peak,slope_base,none,-,-,-,p0.5|n40,n_pred_nan,0.0,5,30,arm7_x05,physics
iter05b_arm7,0,gb_eoh_2122r3,HP_Peak,slope_base,none,-,-,-,p0.5|n40,mape_n_excluded,0.0,5,30,arm7_x05,physics
iter05b_arm7,0,gb_eoh_2122r3,HP_Peak,slope_base,none,-,-,-,p0.8|n10,wape,8.895076991799,10,44,arm7_x05,physics
iter05b_arm7,0,gb_eoh_2122r3,HP_Peak,slope_base,none,-,-,-,p0.8|n10,rmse,3.448846445715538,10,44,arm7_x05,physics
iter05b_arm7,0,gb_eoh_2122r3,HP_Peak,slope_base,none,-,-,-,p0.8|n10,mae,2.457609476030285,10,44,arm7_x05,physics
iter05b_arm7,0,gb_eoh_2122r3,HP_Peak,slope_base,none,-,-,-,p0.8|n10,mape,8.795221162821552,10,44,arm7_x05,physics
iter05b_arm7,0,gb_eoh_2122r3,HP_Peak,slope_base,none,-,-,-,p0.8|n10,r2,-0.8202940491200077,10,44,arm7_x05,physics
iter05b_arm7,0,gb_eoh_2122r3,HP_Peak,slope_base,none,-,-,-,p0.8|n10,n_pred_nan,0.0,10,44,arm7_x05,physics
iter05b_arm7,0,gb_eoh_2122r3,HP_Peak,slope_base,none,-,-,-,p0.8|n10,mape_n_excluded,0.0,10,44,arm7_x05,physics
iter05b_arm7,0,gb_eoh_2122r3,HP_Peak,slope_base,none,-,-,-,p0.8|n20,wape,7.096482633871683,10,53,arm7_x05,physics
iter05b_arm7,0,gb_eoh_2122r3,HP_Peak,slope_base,none,-,-,-,p0.8|n20,rmse,4.487184187485448,10,53,arm7_x05,physics
iter05b_arm7,0,gb_eoh_2122r3,HP_Peak,slope_base,none,-,-,-,p0.8|n20,mae,3.9385133164984323,10,53,arm7_x05,physics
iter05b_arm7,0,gb_eoh_2122r3,HP_Peak,slope_base,none,-,-,-,p0.8|n20,mape,7.179527361134733,10,53,arm7_x05,physics
iter05b_arm7,0,gb_eoh_2122r3,HP_Peak,slope_base,none,-,-,-,p0.8|n20,r2,-0.047837931594597816,10,53,arm7_x05,physics
iter05b_arm7,0,gb_eoh_2122r3,HP_Peak,slope_base,none,-,-,-,p0.8|n20,n_pred_nan,0.0,10,53,arm7_x05,physics
iter05b_arm7,0,gb_eoh_2122r3,HP_Peak,slope_base,none,-,-,-,p0.8|n20,mape_n_excluded,0.0,10,53,arm7_x05,physics
iter05b_arm7,0,gb_eoh_2122r3,HP_Peak,slope_base,none,-,-,-,p1.0|n10,wape,8.790699248419553,10,52,arm7_x05,physics
iter05b_arm7,0,gb_eoh_2122r3,HP_Peak,slope_base,none,-,-,-,p1.0|n10,rmse,4.037218816594992,10,52,arm7_x05,physics
iter05b_arm7,0,gb_eoh_2122r3,HP_Peak,slope_base,none,-,-,-,p1.0|n10,mae,3.0884506575363924,10,52,arm7_x05,physics
iter05b_arm7,0,gb_eoh_2122r3,HP_Peak,slope_base,none,-,-,-,p1.0|n10,mape,8.98011649238656,10,52,arm7_x05,physics
iter05b_arm7,0,gb_eoh_2122r3,HP_Peak,slope_base,none,-,-,-,p1.0|n10,r2,-1.7320843499255858,10,52,arm7_x05,physics
iter05b_arm7,0,gb_eoh_2122r3,HP_Peak,slope_base,none,-,-,-,p1.0|n10,n_pred_nan,0.0,10,52,arm7_x05,physics
iter05b_arm7,0,gb_eoh_2122r3,HP_Peak,slope_base,none,-,-,-,p1.0|n10,mape_n_excluded,0.0,10,52,arm7_x05,physics
iter05b_arm7,0,gb_eoh_2122r3,HP_Peak,slope_base,none,-,-,-,p1.0|n20,wape,3.2850018879984386,5,30,arm7_x05,physics
iter05b_arm7,0,gb_eoh_2122r3,HP_Peak,slope_base,none,-,-,-,p1.0|n20,rmse,3.457652872852876,5,30,arm7_x05,physics
iter05b_arm7,0,gb_eoh_2122r3,HP_Peak,slope_base,none,-,-,-,p1.0|n20,mae,2.4092965680562854,5,30,arm7_x05,physics
iter05b_arm7,0,gb_eoh_2122r3,HP_Peak,slope_base,none,-,-,-,p1.0|n20,mape,3.27452629789322,5,30,arm7_x05,physics
iter05b_arm7,0,gb_eoh_2122r3,HP_Peak,slope_base,none,-,-,-,p1.0|n20,r2,-0.45887513451921635,5,30,arm7_x05,physics
iter05b_arm7,0,gb_eoh_2122r3,HP_Peak,slope_base,none,-,-,-,p1.0|n20,n_pred_nan,0.0,5,30,arm7_x05,physics
iter05b_arm7,0,gb_eoh_2122r3,HP_Peak,slope_base,none,-,-,-,p1.0|n20,mape_n_excluded,0.0,5,30,arm7_x05,physics
iter05b_arm7,0,gb_eoh_2122r3,HP_Peak,slope_base,none,-,-,-,all,at_bound_share_train,0.0014423076923076924,2080,274,arm7_x05,physics
iter05b_arm7,0,gb_eoh_2122r3,HP_Peak,slope_base,none,-,-,-,all,at_bound_share_test,0.004395604395604396,455,81,arm7_x05,physics
iter05b_arm7,0,gb_eoh_2122r3,HP_Peak,calibrated_delta,none,-,-,-,all,wape,33.733476210094175,455,81,arm7_x05,physics
iter05b_arm7,0,gb_eoh_2122r3,HP_Peak,calibrated_delta,none,-,-,-,all,rmse,8.18620924657819,455,81,arm7_x05,physics
iter05b_arm7,0,gb_eoh_2122r3,HP_Peak,calibrated_delta,none,-,-,-,all,mae,5.3447528699293185,455,81,arm7_x05,physics
iter05b_arm7,0,gb_eoh_2122r3,HP_Peak,calibrated_delta,none,-,-,-,all,mape,55.26236654007604,455,81,arm7_x05,physics
iter05b_arm7,0,gb_eoh_2122r3,HP_Peak,calibrated_delta,none,-,-,-,all,r2,0.7548064424754731,455,81,arm7_x05,physics
iter05b_arm7,0,gb_eoh_2122r3,HP_Peak,calibrated_delta,none,-,-,-,all,n_pred_nan,0.0,455,81,arm7_x05,physics
iter05b_arm7,0,gb_eoh_2122r3,HP_Peak,calibrated_delta,none,-,-,-,all,mape_n_excluded,0.0,455,81,arm7_x05,physics
iter05b_arm7,0,gb_eoh_2122r3,HP_Peak,calibrated_delta,none,-,-,-,pbin<=15,wape,72.41270303843731,265,81,arm7_x05,physics
iter05b_arm7,0,gb_eoh_2122r3,HP_Peak,calibrated_delta,none,-,-,-,pbin<=15,rmse,9.698515964172659,265,81,arm7_x05,physics
iter05b_arm7,0,gb_eoh_2122r3,HP_Peak,calibrated_delta,none,-,-,-,pbin<=15,mae,6.517381001668361,265,81,arm7_x05,physics
iter05b_arm7,0,gb_eoh_2122r3,HP_Peak,calibrated_delta,none,-,-,-,pbin<=15,mape,82.6686377338453,265,81,arm7_x05,physics
iter05b_arm7,0,gb_eoh_2122r3,HP_Peak,calibrated_delta,none,-,-,-,pbin<=15,r2,-0.09394460650280267,265,81,arm7_x05,physics
iter05b_arm7,0,gb_eoh_2122r3,HP_Peak,calibrated_delta,none,-,-,-,pbin<=15,n_pred_nan,0.0,265,81,arm7_x05,physics
iter05b_arm7,0,gb_eoh_2122r3,HP_Peak,calibrated_delta,none,-,-,-,pbin<=15,mape_n_excluded,0.0,265,81,arm7_x05,physics
iter05b_arm7,0,gb_eoh_2122r3,HP_Peak,calibrated_delta,none,-,-,-,pbin15-35,wape,16.12119808175464,125,81,arm7_x05,physics
iter05b_arm7,0,gb_eoh_2122r3,HP_Peak,calibrated_delta,none,-,-,-,pbin15-35,rmse,4.595201639648005,125,81,arm7_x05,physics
iter05b_arm7,0,gb_eoh_2122r3,HP_Peak,calibrated_delta,none,-,-,-,pbin15-35,mae,2.9575279614007917,125,81,arm7_x05,physics
iter05b_arm7,0,gb_eoh_2122r3,HP_Peak,calibrated_delta,none,-,-,-,pbin15-35,mape,19.181382597707177,125,81,arm7_x05,physics
iter05b_arm7,0,gb_eoh_2122r3,HP_Peak,calibrated_delta,none,-,-,-,pbin15-35,r2,0.9092810020171831,125,81,arm7_x05,physics
iter05b_arm7,0,gb_eoh_2122r3,HP_Peak,calibrated_delta,none,-,-,-,pbin15-35,n_pred_nan,0.0,125,81,arm7_x05,physics
iter05b_arm7,0,gb_eoh_2122r3,HP_Peak,calibrated_delta,none,-,-,-,pbin15-35,mape_n_excluded,0.0,125,81,arm7_x05,physics
iter05b_arm7,0,gb_eoh_2122r3,HP_Peak,calibrated_delta,none,-,-,-,pbin35-65,wape,11.723429305805876,30,63,arm7_x05,physics
iter05b_arm7,0,gb_eoh_2122r3,HP_Peak,calibrated_delta,none,-,-,-,pbin35-65,rmse,5.029266963375047,30,63,arm7_x05,physics
iter05b_arm7,0,gb_eoh_2122r3,HP_Peak,calibrated_delta,none,-,-,-,pbin35-65,mae,3.8352655512107234,30,63,arm7_x05,physics
iter05b_arm7,0,gb_eoh_2122r3,HP_Peak,calibrated_delta,none,-,-,-,pbin35-65,mape,12.179835265996356,30,63,arm7_x05,physics
iter05b_arm7,0,gb_eoh_2122r3,HP_Peak,calibrated_delta,none,-,-,-,pbin35-65,r2,0.9417191330085178,30,63,arm7_x05,physics
iter05b_arm7,0,gb_eoh_2122r3,HP_Peak,calibrated_delta,none,-,-,-,pbin35-65,n_pred_nan,0.0,30,63,arm7_x05,physics
iter05b_arm7,0,gb_eoh_2122r3,HP_Peak,calibrated_delta,none,-,-,-,pbin35-65,mape_n_excluded,0.0,30,63,arm7_x05,physics
iter05b_arm7,0,gb_eoh_2122r3,HP_Peak,calibrated_delta,none,-,-,-,pbin>65,wape,14.200205483826329,35,55,arm7_x05,physics
iter05b_arm7,0,gb_eoh_2122r3,HP_Peak,calibrated_delta,none,-,-,-,pbin>65,rmse,7.868323886416506,35,55,arm7_x05,physics
iter05b_arm7,0,gb_eoh_2122r3,HP_Peak,calibrated_delta,none,-,-,-,pbin>65,mae,6.285932247551534,35,55,arm7_x05,physics
iter05b_arm7,0,gb_eoh_2122r3,HP_Peak,calibrated_delta,none,-,-,-,pbin>65,mape,13.546282673494384,35,55,arm7_x05,physics
iter05b_arm7,0,gb_eoh_2122r3,HP_Peak,calibrated_delta,none,-,-,-,pbin>65,r2,0.7706833316790933,35,55,arm7_x05,physics
iter05b_arm7,0,gb_eoh_2122r3,HP_Peak,calibrated_delta,none,-,-,-,pbin>65,n_pred_nan,0.0,35,55,arm7_x05,physics
iter05b_arm7,0,gb_eoh_2122r3,HP_Peak,calibrated_delta,none,-,-,-,pbin>65,mape_n_excluded,0.0,35,55,arm7_x05,physics
iter05b_arm7,0,gb_eoh_2122r3,HP_Peak,calibrated_delta,none,-,-,-,p0.05|n10,wape,47.319392506489315,40,25,arm7_x05,physics
iter05b_arm7,0,gb_eoh_2122r3,HP_Peak,calibrated_delta,none,-,-,-,p0.05|n10,rmse,2.1905210204668313,40,25,arm7_x05,physics
iter05b_arm7,0,gb_eoh_2122r3,HP_Peak,calibrated_delta,none,-,-,-,p0.05|n10,mae,1.6355609181137019,40,25,arm7_x05,physics
iter05b_arm7,0,gb_eoh_2122r3,HP_Peak,calibrated_delta,none,-,-,-,p0.05|n10,mape,57.83104805091012,40,25,arm7_x05,physics
iter05b_arm7,0,gb_eoh_2122r3,HP_Peak,calibrated_delta,none,-,-,-,p0.05|n10,r2,-2.9472313539084785,40,25,arm7_x05,physics
iter05b_arm7,0,gb_eoh_2122r3,HP_Peak,calibrated_delta,none,-,-,-,p0.05|n10,n_pred_nan,0.0,40,25,arm7_x05,physics
iter05b_arm7,0,gb_eoh_2122r3,HP_Peak,calibrated_delta,none,-,-,-,p0.05|n10,mape_n_excluded,0.0,40,25,arm7_x05,physics
iter05b_arm7,0,gb_eoh_2122r3,HP_Peak,calibrated_delta,none,-,-,-,p0.05|n20,wape,99.95366219981048,40,29,arm7_x05,physics
iter05b_arm7,0,gb_eoh_2122r3,HP_Peak,calibrated_delta,none,-,-,-,p0.05|n20,rmse,4.405814997645865,40,29,arm7_x05,physics
iter05b_arm7,0,gb_eoh_2122r3,HP_Peak,calibrated_delta,none,-,-,-,p0.05|n20,mae,3.603011130454823,40,29,arm7_x05,physics
iter05b_arm7,0,gb_eoh_2122r3,HP_Peak,calibrated_delta,none,-,-,-,p0.05|n20,mape,119.73652587685002,40,29,arm7_x05,physics
iter05b_arm7,0,gb_eoh_2122r3,HP_Peak,calibrated_delta,none,-,-,-,p0.05|n20,r2,-17.4062538048789,40,29,arm7_x05,physics
iter05b_arm7,0,gb_eoh_2122r3,HP_Peak,calibrated_delta,none,-,-,-,p0.05|n20,n_pred_nan,0.0,40,29,arm7_x05,physics
iter05b_arm7,0,gb_eoh_2122r3,HP_Peak,calibrated_delta,none,-,-,-,p0.05|n20,mape_n_excluded,0.0,40,29,arm7_x05,physics
iter05b_arm7,0,gb_eoh_2122r3,HP_Peak,calibrated_delta,none,-,-,-,p0.05|n40,wape,124.0105987259096,40,40,arm7_x05,physics
iter05b_arm7,0,gb_eoh_2122r3,HP_Peak,calibrated_delta,none,-,-,-,p0.05|n40,rmse,8.514769749760902,40,40,arm7_x05,physics
iter05b_arm7,0,gb_eoh_2122r3,HP_Peak,calibrated_delta,none,-,-,-,p0.05|n40,mae,7.996206150202828,40,40,arm7_x05,physics
iter05b_arm7,0,gb_eoh_2122r3,HP_Peak,calibrated_delta,none,-,-,-,p0.05|n40,mape,136.61472392684578,40,40,arm7_x05,physics
iter05b_arm7,0,gb_eoh_2122r3,HP_Peak,calibrated_delta,none,-,-,-,p0.05|n40,r2,-27.499366031192526,40,40,arm7_x05,physics
iter05b_arm7,0,gb_eoh_2122r3,HP_Peak,calibrated_delta,none,-,-,-,p0.05|n40,n_pred_nan,0.0,40,40,arm7_x05,physics
iter05b_arm7,0,gb_eoh_2122r3,HP_Peak,calibrated_delta,none,-,-,-,p0.05|n40,mape_n_excluded,0.0,40,40,arm7_x05,physics
iter05b_arm7,0,gb_eoh_2122r3,HP_Peak,calibrated_delta,none,-,-,-,p0.05|n80,wape,105.35334382909201,15,39,arm7_x05,physics
iter05b_arm7,0,gb_eoh_2122r3,HP_Peak,calibrated_delta,none,-,-,-,p0.05|n80,rmse,14.440546329278334,15,39,arm7_x05,physics
iter05b_arm7,0,gb_eoh_2122r3,HP_Peak,calibrated_delta,none,-,-,-,p0.05|n80,mae,14.023413233471922,15,39,arm7_x05,physics
iter05b_arm7,0,gb_eoh_2122r3,HP_Peak,calibrated_delta,none,-,-,-,p0.05|n80,mape,108.3343258971483,15,39,arm7_x05,physics
iter05b_arm7,0,gb_eoh_2122r3,HP_Peak,calibrated_delta,none,-,-,-,p0.05|n80,r2,-72.74230214096971,15,39,arm7_x05,physics
iter05b_arm7,0,gb_eoh_2122r3,HP_Peak,calibrated_delta,none,-,-,-,p0.05|n80,n_pred_nan,0.0,15,39,arm7_x05,physics
iter05b_arm7,0,gb_eoh_2122r3,HP_Peak,calibrated_delta,none,-,-,-,p0.05|n80,mape_n_excluded,0.0,15,39,arm7_x05,physics
iter05b_arm7,0,gb_eoh_2122r3,HP_Peak,calibrated_delta,none,-,-,-,p0.05|n120,wape,117.63920107382295,15,53,arm7_x05,physics
iter05b_arm7,0,gb_eoh_2122r3,HP_Peak,calibrated_delta,none,-,-,-,p0.05|n120,rmse,23.933818366353623,15,53,arm7_x05,physics
iter05b_arm7,0,gb_eoh_2122r3,HP_Peak,calibrated_delta,none,-,-,-,p0.05|n120,mae,23.536172350194967,15,53,arm7_x05,physics
iter05b_arm7,0,gb_eoh_2122r3,HP_Peak,calibrated_delta,none,-,-,-,p0.05|n120,mape,119.97116934891147,15,53,arm7_x05,physics
iter05b_arm7,0,gb_eoh_2122r3,HP_Peak,calibrated_delta,none,-,-,-,p0.05|n120,r2,-67.09919953569106,15,53,arm7_x05,physics
iter05b_arm7,0,gb_eoh_2122r3,HP_Peak,calibrated_delta,none,-,-,-,p0.05|n120,n_pred_nan,0.0,15,53,arm7_x05,physics
iter05b_arm7,0,gb_eoh_2122r3,HP_Peak,calibrated_delta,none,-,-,-,p0.05|n120,mape_n_excluded,0.0,15,53,arm7_x05,physics
iter05b_arm7,0,gb_eoh_2122r3,HP_Peak,calibrated_delta,none,-,-,-,p0.1|n10,wape,54.31516769209891,40,26,arm7_x05,physics
iter05b_arm7,0,gb_eoh_2122r3,HP_Peak,calibrated_delta,none,-,-,-,p0.1|n10,rmse,2.927898111129425,40,26,arm7_x05,physics
iter05b_arm7,0,gb_eoh_2122r3,HP_Peak,calibrated_delta,none,-,-,-,p0.1|n10,mae,1.9544444384373414,40,26,arm7_x05,physics
iter05b_arm7,0,gb_eoh_2122r3,HP_Peak,calibrated_delta,none,-,-,-,p0.1|n10,mape,60.32471472289671,40,26,arm7_x05,physics
iter05b_arm7,0,gb_eoh_2122r3,HP_Peak,calibrated_delta,none,-,-,-,p0.1|n10,r2,-10.83147970701352,40,26,arm7_x05,physics
iter05b_arm7,0,gb_eoh_2122r3,HP_Peak,calibrated_delta,none,-,-,-,p0.1|n10,n_pred_nan,0.0,40,26,arm7_x05,physics
iter05b_arm7,0,gb_eoh_2122r3,HP_Peak,calibrated_delta,none,-,-,-,p0.1|n10,mape_n_excluded,0.0,40,26,arm7_x05,physics
iter05b_arm7,0,gb_eoh_2122r3,HP_Peak,calibrated_delta,none,-,-,-,p0.1|n20,wape,39.65418964435128,40,44,arm7_x05,physics
iter05b_arm7,0,gb_eoh_2122r3,HP_Peak,calibrated_delta,none,-,-,-,p0.1|n20,rmse,3.624852202688357,40,44,arm7_x05,physics
iter05b_arm7,0,gb_eoh_2122r3,HP_Peak,calibrated_delta,none,-,-,-,p0.1|n20,mae,2.766103394635734,40,44,arm7_x05,physics
iter05b_arm7,0,gb_eoh_2122r3,HP_Peak,calibrated_delta,none,-,-,-,p0.1|n20,mape,46.22025325710338,40,44,arm7_x05,physics
iter05b_arm7,0,gb_eoh_2122r3,HP_Peak,calibrated_delta,none,-,-,-,p0.1|n20,r2,-4.966969710221719,40,44,arm7_x05,physics
iter05b_arm7,0,gb_eoh_2122r3,HP_Peak,calibrated_delta,none,-,-,-,p0.1|n20,n_pred_nan,0.0,40,44,arm7_x05,physics
iter05b_arm7,0,gb_eoh_2122r3,HP_Peak,calibrated_delta,none,-,-,-,p0.1|n20,mape_n_excluded,0.0,40,44,arm7_x05,physics
iter05b_arm7,0,gb_eoh_2122r3,HP_Peak,calibrated_delta,none,-,-,-,p0.1|n40,wape,41.35616891064885,15,39,arm7_x05,physics
iter05b_arm7,0,gb_eoh_2122r3,HP_Peak,calibrated_delta,none,-,-,-,p0.1|n40,rmse,6.496509558754784,15,39,arm7_x05,physics
iter05b_arm7,0,gb_eoh_2122r3,HP_Peak,calibrated_delta,none,-,-,-,p0.1|n40,mae,5.564211274352777,15,39,arm7_x05,physics
iter05b_arm7,0,gb_eoh_2122r3,HP_Peak,calibrated_delta,none,-,-,-,p0.1|n40,mape,43.36307328250793,15,39,arm7_x05,physics
iter05b_arm7,0,gb_eoh_2122r3,HP_Peak,calibrated_delta,none,-,-,-,p0.1|n40,r2,-7.2155518545782265,15,39,arm7_x05,physics
iter05b_arm7,0,gb_eoh_2122r3,HP_Peak,calibrated_delta,none,-,-,-,p0.1|n40,n_pred_nan,0.0,15,39,arm7_x05,physics
iter05b_arm7,0,gb_eoh_2122r3,HP_Peak,calibrated_delta,none,-,-,-,p0.1|n40,mape_n_excluded,0.0,15,39,arm7_x05,physics
iter05b_arm7,0,gb_eoh_2122r3,HP_Peak,calibrated_delta,none,-,-,-,p0.1|n80,wape,42.950056566826525,10,46,arm7_x05,physics
iter05b_arm7,0,gb_eoh_2122r3,HP_Peak,calibrated_delta,none,-,-,-,p0.1|n80,rmse,13.638518914078746,10,46,arm7_x05,physics
iter05b_arm7,0,gb_eoh_2122r3,HP_Peak,calibrated_delta,none,-,-,-,p0.1|n80,mae,12.339206141971161,10,46,arm7_x05,physics
iter05b_arm7,0,gb_eoh_2122r3,HP_Peak,calibrated_delta,none,-,-,-,p0.1|n80,mape,43.99362092704113,10,46,arm7_x05,physics
iter05b_arm7,0,gb_eoh_2122r3,HP_Peak,calibrated_delta,none,-,-,-,p0.1|n80,r2,-39.600357656922455,10,46,arm7_x05,physics
iter05b_arm7,0,gb_eoh_2122r3,HP_Peak,calibrated_delta,none,-,-,-,p0.1|n80,n_pred_nan,0.0,10,46,arm7_x05,physics
iter05b_arm7,0,gb_eoh_2122r3,HP_Peak,calibrated_delta,none,-,-,-,p0.1|n80,mape_n_excluded,0.0,10,46,arm7_x05,physics
iter05b_arm7,0,gb_eoh_2122r3,HP_Peak,calibrated_delta,none,-,-,-,p0.1|n120,wape,55.128065876368105,10,51,arm7_x05,physics
iter05b_arm7,0,gb_eoh_2122r3,HP_Peak,calibrated_delta,none,-,-,-,p0.1|n120,rmse,24.445414118297286,10,51,arm7_x05,physics
iter05b_arm7,0,gb_eoh_2122r3,HP_Peak,calibrated_delta,none,-,-,-,p0.1|n120,mae,23.86439098783318,10,51,arm7_x05,physics
iter05b_arm7,0,gb_eoh_2122r3,HP_Peak,calibrated_delta,none,-,-,-,p0.1|n120,mape,56.31336288858366,10,51,arm7_x05,physics
iter05b_arm7,0,gb_eoh_2122r3,HP_Peak,calibrated_delta,none,-,-,-,p0.1|n120,r2,-37.337304084774296,10,51,arm7_x05,physics
iter05b_arm7,0,gb_eoh_2122r3,HP_Peak,calibrated_delta,none,-,-,-,p0.1|n120,n_pred_nan,0.0,10,51,arm7_x05,physics
iter05b_arm7,0,gb_eoh_2122r3,HP_Peak,calibrated_delta,none,-,-,-,p0.1|n120,mape_n_excluded,0.0,10,51,arm7_x05,physics
iter05b_arm7,0,gb_eoh_2122r3,HP_Peak,calibrated_delta,none,-,-,-,p0.2|n10,wape,25.160172096610182,40,40,arm7_x05,physics
iter05b_arm7,0,gb_eoh_2122r3,HP_Peak,calibrated_delta,none,-,-,-,p0.2|n10,rmse,2.2733802205272577,40,40,arm7_x05,physics
iter05b_arm7,0,gb_eoh_2122r3,HP_Peak,calibrated_delta,none,-,-,-,p0.2|n10,mae,1.7207548748389385,40,40,arm7_x05,physics
iter05b_arm7,0,gb_eoh_2122r3,HP_Peak,calibrated_delta,none,-,-,-,p0.2|n10,mape,27.02788702483347,40,40,arm7_x05,physics
iter05b_arm7,0,gb_eoh_2122r3,HP_Peak,calibrated_delta,none,-,-,-,p0.2|n10,r2,-1.6365533129661731,40,40,arm7_x05,physics
iter05b_arm7,0,gb_eoh_2122r3,HP_Peak,calibrated_delta,none,-,-,-,p0.2|n10,n_pred_nan,0.0,40,40,arm7_x05,physics
iter05b_arm7,0,gb_eoh_2122r3,HP_Peak,calibrated_delta,none,-,-,-,p0.2|n10,mape_n_excluded,0.0,40,40,arm7_x05,physics
iter05b_arm7,0,gb_eoh_2122r3,HP_Peak,calibrated_delta,none,-,-,-,p0.2|n20,wape,19.761385088533366,15,40,arm7_x05,physics
iter05b_arm7,0,gb_eoh_2122r3,HP_Peak,calibrated_delta,none,-,-,-,p0.2|n20,rmse,3.5312403698513046,15,40,arm7_x05,physics
iter05b_arm7,0,gb_eoh_2122r3,HP_Peak,calibrated_delta,none,-,-,-,p0.2|n20,mae,2.5587030335375167,15,40,arm7_x05,physics
iter05b_arm7,0,gb_eoh_2122r3,HP_Peak,calibrated_delta,none,-,-,-,p0.2|n20,mape,20.787902779396752,15,40,arm7_x05,physics
iter05b_arm7,0,gb_eoh_2122r3,HP_Peak,calibrated_delta,none,-,-,-,p0.2|n20,r2,-2.7431469173813703,15,40,arm7_x05,physics
iter05b_arm7,0,gb_eoh_2122r3,HP_Peak,calibrated_delta,none,-,-,-,p0.2|n20,n_pred_nan,0.0,15,40,arm7_x05,physics
iter05b_arm7,0,gb_eoh_2122r3,HP_Peak,calibrated_delta,none,-,-,-,p0.2|n20,mape_n_excluded,0.0,15,40,arm7_x05,physics
iter05b_arm7,0,gb_eoh_2122r3,HP_Peak,calibrated_delta,none,-,-,-,p0.2|n40,wape,16.314147137026012,10,45,arm7_x05,physics
iter05b_arm7,0,gb_eoh_2122r3,HP_Peak,calibrated_delta,none,-,-,-,p0.2|n40,rmse,5.681277444377351,10,45,arm7_x05,physics
iter05b_arm7,0,gb_eoh_2122r3,HP_Peak,calibrated_delta,none,-,-,-,p0.2|n40,mae,4.678568128723456,10,45,arm7_x05,physics
iter05b_arm7,0,gb_eoh_2122r3,HP_Peak,calibrated_delta,none,-,-,-,p0.2|n40,mape,16.742035358021273,10,45,arm7_x05,physics
iter05b_arm7,0,gb_eoh_2122r3,HP_Peak,calibrated_delta,none,-,-,-,p0.2|n40,r2,-9.269408825166401,10,45,arm7_x05,physics
iter05b_arm7,0,gb_eoh_2122r3,HP_Peak,calibrated_delta,none,-,-,-,p0.2|n40,n_pred_nan,0.0,10,45,arm7_x05,physics
iter05b_arm7,0,gb_eoh_2122r3,HP_Peak,calibrated_delta,none,-,-,-,p0.2|n40,mape_n_excluded,0.0,10,45,arm7_x05,physics
iter05b_arm7,0,gb_eoh_2122r3,HP_Peak,calibrated_delta,none,-,-,-,p0.2|n80,wape,17.357514840569095,10,53,arm7_x05,physics
iter05b_arm7,0,gb_eoh_2122r3,HP_Peak,calibrated_delta,none,-,-,-,p0.2|n80,rmse,12.14073692892257,10,53,arm7_x05,physics
iter05b_arm7,0,gb_eoh_2122r3,HP_Peak,calibrated_delta,none,-,-,-,p0.2|n80,mae,9.786703003556775,10,53,arm7_x05,physics
iter05b_arm7,0,gb_eoh_2122r3,HP_Peak,calibrated_delta,none,-,-,-,p0.2|n80,mape,18.05199837487896,10,53,arm7_x05,physics
iter05b_arm7,0,gb_eoh_2122r3,HP_Peak,calibrated_delta,none,-,-,-,p0.2|n80,r2,-7.167629221609266,10,53,arm7_x05,physics
iter05b_arm7,0,gb_eoh_2122r3,HP_Peak,calibrated_delta,none,-,-,-,p0.2|n80,n_pred_nan,0.0,10,53,arm7_x05,physics
iter05b_arm7,0,gb_eoh_2122r3,HP_Peak,calibrated_delta,none,-,-,-,p0.2|n80,mape_n_excluded,0.0,10,53,arm7_x05,physics
iter05b_arm7,0,gb_eoh_2122r3,HP_Peak,calibrated_delta,none,-,-,-,p0.3|n10,wape,12.65638497347317,25,41,arm7_x05,physics
iter05b_arm7,0,gb_eoh_2122r3,HP_Peak,calibrated_delta,none,-,-,-,p0.3|n10,rmse,1.6129665522275611,25,41,arm7_x05,physics
iter05b_arm7,0,gb_eoh_2122r3,HP_Peak,calibrated_delta,none,-,-,-,p0.3|n10,mae,1.3062843794090995,25,41,arm7_x05,physics
iter05b_arm7,0,gb_eoh_2122r3,HP_Peak,calibrated_delta,none,-,-,-,p0.3|n10,mape,13.675224318017037,25,41,arm7_x05,physics
iter05b_arm7,0,gb_eoh_2122r3,HP_Peak,calibrated_delta,none,-,-,-,p0.3|n10,r2,0.44155173515603785,25,41,arm7_x05,physics
iter05b_arm7,0,gb_eoh_2122r3,HP_Peak,calibrated_delta,none,-,-,-,p0.3|n10,n_pred_nan,0.0,25,41,arm7_x05,physics
iter05b_arm7,0,gb_eoh_2122r3,HP_Peak,calibrated_delta,none,-,-,-,p0.3|n10,mape_n_excluded,0.0,25,41,arm7_x05,physics
iter05b_arm7,0,gb_eoh_2122r3,HP_Peak,calibrated_delta,none,-,-,-,p0.3|n20,wape,14.304104560842926,15,51,arm7_x05,physics
iter05b_arm7,0,gb_eoh_2122r3,HP_Peak,calibrated_delta,none,-,-,-,p0.3|n20,rmse,3.203334043232049,15,51,arm7_x05,physics
iter05b_arm7,0,gb_eoh_2122r3,HP_Peak,calibrated_delta,none,-,-,-,p0.3|n20,mae,2.849840638518658,15,51,arm7_x05,physics
iter05b_arm7,0,gb_eoh_2122r3,HP_Peak,calibrated_delta,none,-,-,-,p0.3|n20,mape,14.068347968341724,15,51,arm7_x05,physics
iter05b_arm7,0,gb_eoh_2122r3,HP_Peak,calibrated_delta,none,-,-,-,p0.3|n20,r2,-0.6441589634370688,15,51,arm7_x05,physics
iter05b_arm7,0,gb_eoh_2122r3,HP_Peak,calibrated_delta,none,-,-,-,p0.3|n20,n_pred_nan,0.0,15,51,arm7_x05,physics
iter05b_arm7,0,gb_eoh_2122r3,HP_Peak,calibrated_delta,none,-,-,-,p0.3|n20,mape_n_excluded,0.0,15,51,arm7_x05,physics
iter05b_arm7,0,gb_eoh_2122r3,HP_Peak,calibrated_delta,none,-,-,-,p0.3|n40,wape,10.150893906422267,10,53,arm7_x05,physics
iter05b_arm7,0,gb_eoh_2122r3,HP_Peak,calibrated_delta,none,-,-,-,p0.3|n40,rmse,4.795870642266682,10,53,arm7_x05,physics
iter05b_arm7,0,gb_eoh_2122r3,HP_Peak,calibrated_delta,none,-,-,-,p0.3|n40,mae,4.242282429266908,10,53,arm7_x05,physics
iter05b_arm7,0,gb_eoh_2122r3,HP_Peak,calibrated_delta,none,-,-,-,p0.3|n40,mape,10.389263722455373,10,53,arm7_x05,physics
iter05b_arm7,0,gb_eoh_2122r3,HP_Peak,calibrated_delta,none,-,-,-,p0.3|n40,r2,-0.7522488894795083,10,53,arm7_x05,physics
iter05b_arm7,0,gb_eoh_2122r3,HP_Peak,calibrated_delta,none,-,-,-,p0.3|n40,n_pred_nan,0.0,10,53,arm7_x05,physics
iter05b_arm7,0,gb_eoh_2122r3,HP_Peak,calibrated_delta,none,-,-,-,p0.3|n40,mape_n_excluded,0.0,10,53,arm7_x05,physics
iter05b_arm7,0,gb_eoh_2122r3,HP_Peak,calibrated_delta,none,-,-,-,p0.5|n10,wape,14.057579131043596,15,41,arm7_x05,physics
iter05b_arm7,0,gb_eoh_2122r3,HP_Peak,calibrated_delta,none,-,-,-,p0.5|n10,rmse,2.701067576343126,15,41,arm7_x05,physics
iter05b_arm7,0,gb_eoh_2122r3,HP_Peak,calibrated_delta,none,-,-,-,p0.5|n10,mae,2.321412450695527,15,41,arm7_x05,physics
iter05b_arm7,0,gb_eoh_2122r3,HP_Peak,calibrated_delta,none,-,-,-,p0.5|n10,mape,14.512763068487125,15,41,arm7_x05,physics
iter05b_arm7,0,gb_eoh_2122r3,HP_Peak,calibrated_delta,none,-,-,-,p0.5|n10,r2,0.07848677276762184,15,41,arm7_x05,physics
iter05b_arm7,0,gb_eoh_2122r3,HP_Peak,calibrated_delta,none,-,-,-,p0.5|n10,n_pred_nan,0.0,15,41,arm7_x05,physics
iter05b_arm7,0,gb_eoh_2122r3,HP_Peak,calibrated_delta,none,-,-,-,p0.5|n10,mape_n_excluded,0.0,15,41,arm7_x05,physics
iter05b_arm7,0,gb_eoh_2122r3,HP_Peak,calibrated_delta,none,-,-,-,p0.5|n20,wape,8.767637666549529,10,49,arm7_x05,physics
iter05b_arm7,0,gb_eoh_2122r3,HP_Peak,calibrated_delta,none,-,-,-,p0.5|n20,rmse,4.07755473486489,10,49,arm7_x05,physics
iter05b_arm7,0,gb_eoh_2122r3,HP_Peak,calibrated_delta,none,-,-,-,p0.5|n20,mae,3.173046461286241,10,49,arm7_x05,physics
iter05b_arm7,0,gb_eoh_2122r3,HP_Peak,calibrated_delta,none,-,-,-,p0.5|n20,mape,8.248015335505285,10,49,arm7_x05,physics
iter05b_arm7,0,gb_eoh_2122r3,HP_Peak,calibrated_delta,none,-,-,-,p0.5|n20,r2,-0.04621782595560142,10,49,arm7_x05,physics
iter05b_arm7,0,gb_eoh_2122r3,HP_Peak,calibrated_delta,none,-,-,-,p0.5|n20,n_pred_nan,0.0,10,49,arm7_x05,physics
iter05b_arm7,0,gb_eoh_2122r3,HP_Peak,calibrated_delta,none,-,-,-,p0.5|n20,mape_n_excluded,0.0,10,49,arm7_x05,physics
iter05b_arm7,0,gb_eoh_2122r3,HP_Peak,calibrated_delta,none,-,-,-,p0.5|n40,wape,13.045374019118771,5,30,arm7_x05,physics
iter05b_arm7,0,gb_eoh_2122r3,HP_Peak,calibrated_delta,none,-,-,-,p0.5|n40,rmse,9.82959580785596,5,30,arm7_x05,physics
iter05b_arm7,0,gb_eoh_2122r3,HP_Peak,calibrated_delta,none,-,-,-,p0.5|n40,mae,9.701263032605276,5,30,arm7_x05,physics
iter05b_arm7,0,gb_eoh_2122r3,HP_Peak,calibrated_delta,none,-,-,-,p0.5|n40,mape,13.044691719506197,5,30,arm7_x05,physics
iter05b_arm7,0,gb_eoh_2122r3,HP_Peak,calibrated_delta,none,-,-,-,p0.5|n40,r2,-46.23546254146571,5,30,arm7_x05,physics
iter05b_arm7,0,gb_eoh_2122r3,HP_Peak,calibrated_delta,none,-,-,-,p0.5|n40,n_pred_nan,0.0,5,30,arm7_x05,physics
iter05b_arm7,0,gb_eoh_2122r3,HP_Peak,calibrated_delta,none,-,-,-,p0.5|n40,mape_n_excluded,0.0,5,30,arm7_x05,physics
iter05b_arm7,0,gb_eoh_2122r3,HP_Peak,calibrated_delta,none,-,-,-,p0.8|n10,wape,13.83219273876371,10,44,arm7_x05,physics
iter05b_arm7,0,gb_eoh_2122r3,HP_Peak,calibrated_delta,none,-,-,-,p0.8|n10,rmse,4.602924924877089,10,44,arm7_x05,physics
iter05b_arm7,0,gb_eoh_2122r3,HP_Peak,calibrated_delta,none,-,-,-,p0.8|n10,mae,3.821678888266463,10,44,arm7_x05,physics
iter05b_arm7,0,gb_eoh_2122r3,HP_Peak,calibrated_delta,none,-,-,-,p0.8|n10,mape,13.23769747270522,10,44,arm7_x05,physics
iter05b_arm7,0,gb_eoh_2122r3,HP_Peak,calibrated_delta,none,-,-,-,p0.8|n10,r2,-2.2423628531260253,10,44,arm7_x05,physics
iter05b_arm7,0,gb_eoh_2122r3,HP_Peak,calibrated_delta,none,-,-,-,p0.8|n10,n_pred_nan,0.0,10,44,arm7_x05,physics
iter05b_arm7,0,gb_eoh_2122r3,HP_Peak,calibrated_delta,none,-,-,-,p0.8|n10,mape_n_excluded,0.0,10,44,arm7_x05,physics
iter05b_arm7,0,gb_eoh_2122r3,HP_Peak,calibrated_delta,none,-,-,-,p0.8|n20,wape,12.323208725253359,10,53,arm7_x05,physics
iter05b_arm7,0,gb_eoh_2122r3,HP_Peak,calibrated_delta,none,-,-,-,p0.8|n20,rmse,8.154333308595483,10,53,arm7_x05,physics
iter05b_arm7,0,gb_eoh_2122r3,HP_Peak,calibrated_delta,none,-,-,-,p0.8|n20,mae,6.8393208537904,10,53,arm7_x05,physics
iter05b_arm7,0,gb_eoh_2122r3,HP_Peak,calibrated_delta,none,-,-,-,p0.8|n20,mape,11.914917510743006,10,53,arm7_x05,physics
iter05b_arm7,0,gb_eoh_2122r3,HP_Peak,calibrated_delta,none,-,-,-,p0.8|n20,r2,-2.4603756012556057,10,53,arm7_x05,physics
iter05b_arm7,0,gb_eoh_2122r3,HP_Peak,calibrated_delta,none,-,-,-,p0.8|n20,n_pred_nan,0.0,10,53,arm7_x05,physics
iter05b_arm7,0,gb_eoh_2122r3,HP_Peak,calibrated_delta,none,-,-,-,p0.8|n20,mape_n_excluded,0.0,10,53,arm7_x05,physics
iter05b_arm7,0,gb_eoh_2122r3,HP_Peak,calibrated_delta,none,-,-,-,p1.0|n10,wape,13.293110973620426,10,52,arm7_x05,physics
iter05b_arm7,0,gb_eoh_2122r3,HP_Peak,calibrated_delta,none,-,-,-,p1.0|n10,rmse,6.03501565594665,10,52,arm7_x05,physics
iter05b_arm7,0,gb_eoh_2122r3,HP_Peak,calibrated_delta,none,-,-,-,p1.0|n10,mae,4.67029028829116,10,52,arm7_x05,physics
iter05b_arm7,0,gb_eoh_2122r3,HP_Peak,calibrated_delta,none,-,-,-,p1.0|n10,mape,13.182849420266809,10,52,arm7_x05,physics
iter05b_arm7,0,gb_eoh_2122r3,HP_Peak,calibrated_delta,none,-,-,-,p1.0|n10,r2,-5.105009277071107,10,52,arm7_x05,physics
iter05b_arm7,0,gb_eoh_2122r3,HP_Peak,calibrated_delta,none,-,-,-,p1.0|n10,n_pred_nan,0.0,10,52,arm7_x05,physics
iter05b_arm7,0,gb_eoh_2122r3,HP_Peak,calibrated_delta,none,-,-,-,p1.0|n10,mape_n_excluded,0.0,10,52,arm7_x05,physics
iter05b_arm7,0,gb_eoh_2122r3,HP_Peak,calibrated_delta,none,-,-,-,p1.0|n20,wape,18.187242823460462,5,30,arm7_x05,physics
iter05b_arm7,0,gb_eoh_2122r3,HP_Peak,calibrated_delta,none,-,-,-,p1.0|n20,rmse,13.607743324753608,5,30,arm7_x05,physics
iter05b_arm7,0,gb_eoh_2122r3,HP_Peak,calibrated_delta,none,-,-,-,p1.0|n20,mae,13.338945672164687,5,30,arm7_x05,physics
iter05b_arm7,0,gb_eoh_2122r3,HP_Peak,calibrated_delta,none,-,-,-,p1.0|n20,mape,18.153049907030606,5,30,arm7_x05,physics
iter05b_arm7,0,gb_eoh_2122r3,HP_Peak,calibrated_delta,none,-,-,-,p1.0|n20,r2,-21.595791491700528,5,30,arm7_x05,physics
iter05b_arm7,0,gb_eoh_2122r3,HP_Peak,calibrated_delta,none,-,-,-,p1.0|n20,n_pred_nan,0.0,5,30,arm7_x05,physics
iter05b_arm7,0,gb_eoh_2122r3,HP_Peak,calibrated_delta,none,-,-,-,p1.0|n20,mape_n_excluded,0.0,5,30,arm7_x05,physics
iter05b_arm7,0,gb_eoh_2122r3,HP_Peak,calibrated_delta,none,-,-,-,all,at_bound_share_train,0.0014423076923076924,2080,274,arm7_x05,physics
iter05b_arm7,0,gb_eoh_2122r3,HP_Peak,calibrated_delta,none,-,-,-,all,at_bound_share_test,0.004395604395604396,455,81,arm7_x05,physics
iter05b_arm7,0,gb_eoh_2122r3,HP_Peak,hdh,none,-,-,-,all,wape,33.300788289177156,455,81,arm7_x05,physics
iter05b_arm7,0,gb_eoh_2122r3,HP_Peak,hdh,none,-,-,-,all,rmse,7.327161058381193,455,81,arm7_x05,physics
iter05b_arm7,0,gb_eoh_2122r3,HP_Peak,hdh,none,-,-,-,all,mae,5.2761975276722115,455,81,arm7_x05,physics
iter05b_arm7,0,gb_eoh_2122r3,HP_Peak,hdh,none,-,-,-,all,mape,53.06277391081562,455,81,arm7_x05,physics
iter05b_arm7,0,gb_eoh_2122r3,HP_Peak,hdh,none,-,-,-,all,r2,0.8035668197856369,455,81,arm7_x05,physics
iter05b_arm7,0,gb_eoh_2122r3,HP_Peak,hdh,none,-,-,-,all,n_pred_nan,0.0,455,81,arm7_x05,physics
iter05b_arm7,0,gb_eoh_2122r3,HP_Peak,hdh,none,-,-,-,all,mape_n_excluded,0.0,455,81,arm7_x05,physics
iter05b_arm7,0,gb_eoh_2122r3,HP_Peak,hdh,none,-,-,-,pbin<=15,wape,60.501459437934734,265,81,arm7_x05,physics
iter05b_arm7,0,gb_eoh_2122r3,HP_Peak,hdh,none,-,-,-,pbin<=15,rmse,8.159407991620034,265,81,arm7_x05,physics
iter05b_arm7,0,gb_eoh_2122r3,HP_Peak,hdh,none,-,-,-,pbin<=15,mae,5.4453299734537035,265,81,arm7_x05,physics
iter05b_arm7,0,gb_eoh_2122r3,HP_Peak,hdh,none,-,-,-,pbin<=15,mape,69.22098223271914,265,81,arm7_x05,physics
iter05b_arm7,0,gb_eoh_2122r3,HP_Peak,hdh,none,-,-,-,pbin<=15,r2,0.2257128345727546,265,81,arm7_x05,physics
iter05b_arm7,0,gb_eoh_2122r3,HP_Peak,hdh,none,-,-,-,pbin<=15,n_pred_nan,0.0,265,81,arm7_x05,physics
iter05b_arm7,0,gb_eoh_2122r3,HP_Peak,hdh,none,-,-,-,pbin<=15,mape_n_excluded,0.0,265,81,arm7_x05,physics
iter05b_arm7,0,gb_eoh_2122r3,HP_Peak,hdh,none,-,-,-,pbin15-35,wape,22.45477269465581,125,81,arm7_x05,physics
iter05b_arm7,0,gb_eoh_2122r3,HP_Peak,hdh,none,-,-,-,pbin15-35,rmse,4.979856009601525,125,81,arm7_x05,physics
iter05b_arm7,0,gb_eoh_2122r3,HP_Peak,hdh,none,-,-,-,pbin15-35,mae,4.119459222233897,125,81,arm7_x05,physics
iter05b_arm7,0,gb_eoh_2122r3,HP_Peak,hdh,none,-,-,-,pbin15-35,mape,35.50535727097706,125,81,arm7_x05,physics
iter05b_arm7,0,gb_eoh_2122r3,HP_Peak,hdh,none,-,-,-,pbin15-35,r2,0.8934575524778939,125,81,arm7_x05,physics
iter05b_arm7,0,gb_eoh_2122r3,HP_Peak,hdh,none,-,-,-,pbin15-35,n_pred_nan,0.0,125,81,arm7_x05,physics
iter05b_arm7,0,gb_eoh_2122r3,HP_Peak,hdh,none,-,-,-,pbin15-35,mape_n_excluded,0.0,125,81,arm7_x05,physics
iter05b_arm7,0,gb_eoh_2122r3,HP_Peak,hdh,none,-,-,-,pbin35-65,wape,16.785607135834223,30,63,arm7_x05,physics
iter05b_arm7,0,gb_eoh_2122r3,HP_Peak,hdh,none,-,-,-,pbin35-65,rmse,5.943281984775391,30,63,arm7_x05,physics
iter05b_arm7,0,gb_eoh_2122r3,HP_Peak,hdh,none,-,-,-,pbin35-65,mae,5.491333561617495,30,63,arm7_x05,physics
iter05b_arm7,0,gb_eoh_2122r3,HP_Peak,hdh,none,-,-,-,pbin35-65,mape,22.857729240951993,30,63,arm7_x05,physics
iter05b_arm7,0,gb_eoh_2122r3,HP_Peak,hdh,none,-,-,-,pbin35-65,r2,0.9186103281621468,30,63,arm7_x05,physics
iter05b_arm7,0,gb_eoh_2122r3,HP_Peak,hdh,none,-,-,-,pbin35-65,n_pred_nan,0.0,30,63,arm7_x05,physics
iter05b_arm7,0,gb_eoh_2122r3,HP_Peak,hdh,none,-,-,-,pbin35-65,mape_n_excluded,0.0,30,63,arm7_x05,physics
iter05b_arm7,0,gb_eoh_2122r3,HP_Peak,hdh,none,-,-,-,pbin>65,wape,17.942307113899687,35,55,arm7_x05,physics
iter05b_arm7,0,gb_eoh_2122r3,HP_Peak,hdh,none,-,-,-,pbin>65,rmse,8.661151429123299,35,55,arm7_x05,physics
iter05b_arm7,0,gb_eoh_2122r3,HP_Peak,hdh,none,-,-,-,pbin>65,mae,7.942429214224652,35,55,arm7_x05,physics
iter05b_arm7,0,gb_eoh_2122r3,HP_Peak,hdh,none,-,-,-,pbin>65,mape,19.317151475709668,35,55,arm7_x05,physics
iter05b_arm7,0,gb_eoh_2122r3,HP_Peak,hdh,none,-,-,-,pbin>65,r2,0.7221423043590394,35,55,arm7_x05,physics
iter05b_arm7,0,gb_eoh_2122r3,HP_Peak,hdh,none,-,-,-,pbin>65,n_pred_nan,0.0,35,55,arm7_x05,physics
iter05b_arm7,0,gb_eoh_2122r3,HP_Peak,hdh,none,-,-,-,pbin>65,mape_n_excluded,0.0,35,55,arm7_x05,physics
iter05b_arm7,0,gb_eoh_2122r3,HP_Peak,hdh,none,-,-,-,p0.05|n10,wape,85.69090454941546,40,25,arm7_x05,physics
iter05b_arm7,0,gb_eoh_2122r3,HP_Peak,hdh,none,-,-,-,p0.05|n10,rmse,3.1966077260049643,40,25,arm7_x05,physics
iter05b_arm7,0,gb_eoh_2122r3,HP_Peak,hdh,none,-,-,-,p0.05|n10,mae,2.9618447552896034,40,25,arm7_x05,physics
iter05b_arm7,0,gb_eoh_2122r3,HP_Peak,hdh,none,-,-,-,p0.05|n10,mape,86.34448385334977,40,25,arm7_x05,physics
iter05b_arm7,0,gb_eoh_2122r3,HP_Peak,hdh,none,-,-,-,p0.05|n10,r2,-7.405749071637558,40,25,arm7_x05,physics
iter05b_arm7,0,gb_eoh_2122r3,HP_Peak,hdh,none,-,-,-,p0.05|n10,n_pred_nan,0.0,40,25,arm7_x05,physics
iter05b_arm7,0,gb_eoh_2122r3,HP_Peak,hdh,none,-,-,-,p0.05|n10,mape_n_excluded,0.0,40,25,arm7_x05,physics
iter05b_arm7,0,gb_eoh_2122r3,HP_Peak,hdh,none,-,-,-,p0.05|n20,wape,65.04993832280788,40,29,arm7_x05,physics
iter05b_arm7,0,gb_eoh_2122r3,HP_Peak,hdh,none,-,-,-,p0.05|n20,rmse,2.702613082215915,40,29,arm7_x05,physics
iter05b_arm7,0,gb_eoh_2122r3,HP_Peak,hdh,none,-,-,-,p0.05|n20,mae,2.344843066819826,40,29,arm7_x05,physics
iter05b_arm7,0,gb_eoh_2122r3,HP_Peak,hdh,none,-,-,-,p0.05|n20,mape,68.21729321369759,40,29,arm7_x05,physics
iter05b_arm7,0,gb_eoh_2122r3,HP_Peak,hdh,none,-,-,-,p0.05|n20,r2,-5.925970567910886,40,29,arm7_x05,physics
iter05b_arm7,0,gb_eoh_2122r3,HP_Peak,hdh,none,-,-,-,p0.05|n20,n_pred_nan,0.0,40,29,arm7_x05,physics
iter05b_arm7,0,gb_eoh_2122r3,HP_Peak,hdh,none,-,-,-,p0.05|n20,mape_n_excluded,0.0,40,29,arm7_x05,physics
iter05b_arm7,0,gb_eoh_2122r3,HP_Peak,hdh,none,-,-,-,p0.05|n40,wape,67.66607127876641,40,40,arm7_x05,physics
iter05b_arm7,0,gb_eoh_2122r3,HP_Peak,hdh,none,-,-,-,p0.05|n40,rmse,5.394625988319284,40,40,arm7_x05,physics
iter05b_arm7,0,gb_eoh_2122r3,HP_Peak,hdh,none,-,-,-,p0.05|n40,mae,4.363109773505903,40,40,arm7_x05,physics
iter05b_arm7,0,gb_eoh_2122r3,HP_Peak,hdh,none,-,-,-,p0.05|n40,mape,75.50578136477195,40,40,arm7_x05,physics
iter05b_arm7,0,gb_eoh_2122r3,HP_Peak,hdh,none,-,-,-,p0.05|n40,r2,-10.43963222748318,40,40,arm7_x05,physics
iter05b_arm7,0,gb_eoh_2122r3,HP_Peak,hdh,none,-,-,-,p0.05|n40,n_pred_nan,0.0,40,40,arm7_x05,physics
iter05b_arm7,0,gb_eoh_2122r3,HP_Peak,hdh,none,-,-,-,p0.05|n40,mape_n_excluded,0.0,40,40,arm7_x05,physics
iter05b_arm7,0,gb_eoh_2122r3,HP_Peak,hdh,none,-,-,-,p0.05|n80,wape,77.46878301347718,15,39,arm7_x05,physics
iter05b_arm7,0,gb_eoh_2122r3,HP_Peak,hdh,none,-,-,-,p0.05|n80,rmse,10.966922834232834,15,39,arm7_x05,physics
iter05b_arm7,0,gb_eoh_2122r3,HP_Peak,hdh,none,-,-,-,p0.05|n80,mae,10.311744434562232,15,39,arm7_x05,physics
iter05b_arm7,0,gb_eoh_2122r3,HP_Peak,hdh,none,-,-,-,p0.05|n80,mape,79.72519013119448,15,39,arm7_x05,physics
iter05b_arm7,0,gb_eoh_2122r3,HP_Peak,hdh,none,-,-,-,p0.05|n80,r2,-41.532314695891735,15,39,arm7_x05,physics
iter05b_arm7,0,gb_eoh_2122r3,HP_Peak,hdh,none,-,-,-,p0.05|n80,n_pred_nan,0.0,15,39,arm7_x05,physics
iter05b_arm7,0,gb_eoh_2122r3,HP_Peak,hdh,none,-,-,-,p0.05|n80,mape_n_excluded,0.0,15,39,arm7_x05,physics
iter05b_arm7,0,gb_eoh_2122r3,HP_Peak,hdh,none,-,-,-,p0.05|n120,wape,103.95702351167951,15,53,arm7_x05,physics
iter05b_arm7,0,gb_eoh_2122r3,HP_Peak,hdh,none,-,-,-,p0.05|n120,rmse,21.134312560627844,15,53,arm7_x05,physics
iter05b_arm7,0,gb_eoh_2122r3,HP_Peak,hdh,none,-,-,-,p0.05|n120,mae,20.798767758110944,15,53,arm7_x05,physics
iter05b_arm7,0,gb_eoh_2122r3,HP_Peak,hdh,none,-,-,-,p0.05|n120,mape,105.8959957736008,15,53,arm7_x05,physics
iter05b_arm7,0,gb_eoh_2122r3,HP_Peak,hdh,none,-,-,-,p0.05|n120,r2,-52.09997020971374,15,53,arm7_x05,physics
iter05b_arm7,0,gb_eoh_2122r3,HP_Peak,hdh,none,-,-,-,p0.05|n120,n_pred_nan,0.0,15,53,arm7_x05,physics
iter05b_arm7,0,gb_eoh_2122r3,HP_Peak,hdh,none,-,-,-,p0.05|n120,mape_n_excluded,0.0,15,53,arm7_x05,physics
iter05b_arm7,0,gb_eoh_2122r3,HP_Peak,hdh,none,-,-,-,p0.1|n10,wape,88.85525358576317,40,26,arm7_x05,physics
iter05b_arm7,0,gb_eoh_2122r3,HP_Peak,hdh,none,-,-,-,p0.1|n10,rmse,3.4556678807127073,40,26,arm7_x05,physics
iter05b_arm7,0,gb_eoh_2122r3,HP_Peak,hdh,none,-,-,-,p0.1|n10,mae,3.197314186363024,40,26,arm7_x05,physics
iter05b_arm7,0,gb_eoh_2122r3,HP_Peak,hdh,none,-,-,-,p0.1|n10,mape,89.4207545893209,40,26,arm7_x05,physics
iter05b_arm7,0,gb_eoh_2122r3,HP_Peak,hdh,none,-,-,-,p0.1|n10,r2,-15.481287563584303,40,26,arm7_x05,physics
iter05b_arm7,0,gb_eoh_2122r3,HP_Peak,hdh,none,-,-,-,p0.1|n10,n_pred_nan,0.0,40,26,arm7_x05,physics
iter05b_arm7,0,gb_eoh_2122r3,HP_Peak,hdh,none,-,-,-,p0.1|n10,mape_n_excluded,0.0,40,26,arm7_x05,physics
iter05b_arm7,0,gb_eoh_2122r3,HP_Peak,hdh,none,-,-,-,p0.1|n20,wape,36.02968300245081,40,44,arm7_x05,physics
iter05b_arm7,0,gb_eoh_2122r3,HP_Peak,hdh,none,-,-,-,p0.1|n20,rmse,2.9645291196336387,40,44,arm7_x05,physics
iter05b_arm7,0,gb_eoh_2122r3,HP_Peak,hdh,none,-,-,-,p0.1|n20,mae,2.5132736125632915,40,44,arm7_x05,physics
iter05b_arm7,0,gb_eoh_2122r3,HP_Peak,hdh,none,-,-,-,p0.1|n20,mape,39.80895398000271,40,44,arm7_x05,physics
iter05b_arm7,0,gb_eoh_2122r3,HP_Peak,hdh,none,-,-,-,p0.1|n20,r2,-2.991027012911537,40,44,arm7_x05,physics
iter05b_arm7,0,gb_eoh_2122r3,HP_Peak,hdh,none,-,-,-,p0.1|n20,n_pred_nan,0.0,40,44,arm7_x05,physics
iter05b_arm7,0,gb_eoh_2122r3,HP_Peak,hdh,none,-,-,-,p0.1|n20,mape_n_excluded,0.0,40,44,arm7_x05,physics
iter05b_arm7,0,gb_eoh_2122r3,HP_Peak,hdh,none,-,-,-,p0.1|n40,wape,22.240526175555832,15,39,arm7_x05,physics
iter05b_arm7,0,gb_eoh_2122r3,HP_Peak,hdh,none,-,-,-,p0.1|n40,rmse,3.5737838953856005,15,39,arm7_x05,physics
iter05b_arm7,0,gb_eoh_2122r3,HP_Peak,hdh,none,-,-,-,p0.1|n40,mae,2.992322300475493,15,39,arm7_x05,physics
iter05b_arm7,0,gb_eoh_2122r3,HP_Peak,hdh,none,-,-,-,p0.1|n40,mape,22.584490328899648,15,39,arm7_x05,physics
iter05b_arm7,0,gb_eoh_2122r3,HP_Peak,hdh,none,-,-,-,p0.1|n40,r2,-1.4861833430090483,15,39,arm7_x05,physics
iter05b_arm7,0,gb_eoh_2122r3,HP_Peak,hdh,none,-,-,-,p0.1|n40,n_pred_nan,0.0,15,39,arm7_x05,physics
iter05b_arm7,0,gb_eoh_2122r3,HP_Peak,hdh,none,-,-,-,p0.1|n40,mape_n_excluded,0.0,15,39,arm7_x05,physics
iter05b_arm7,0,gb_eoh_2122r3,HP_Peak,hdh,none,-,-,-,p0.1|n80,wape,32.3620089848496,10,46,arm7_x05,physics
iter05b_arm7,0,gb_eoh_2122r3,HP_Peak,hdh,none,-,-,-,p0.1|n80,rmse,10.257876595695453,10,46,arm7_x05,physics
iter05b_arm7,0,gb_eoh_2122r3,HP_Peak,hdh,none,-,-,-,p0.1|n80,mae,9.29734514810412,10,46,arm7_x05,physics
iter05b_arm7,0,gb_eoh_2122r3,HP_Peak,hdh,none,-,-,-,p0.1|n80,mape,32.87339715253877,10,46,arm7_x05,physics
iter05b_arm7,0,gb_eoh_2122r3,HP_Peak,hdh,none,-,-,-,p0.1|n80,r2,-21.96732304419986,10,46,arm7_x05,physics
iter05b_arm7,0,gb_eoh_2122r3,HP_Peak,hdh,none,-,-,-,p0.1|n80,n_pred_nan,0.0,10,46,arm7_x05,physics
iter05b_arm7,0,gb_eoh_2122r3,HP_Peak,hdh,none,-,-,-,p0.1|n80,mape_n_excluded,0.0,10,46,arm7_x05,physics
iter05b_arm7,0,gb_eoh_2122r3,HP_Peak,hdh,none,-,-,-,p0.1|n120,wape,51.57916201370904,10,51,arm7_x05,physics
iter05b_arm7,0,gb_eoh_2122r3,HP_Peak,hdh,none,-,-,-,p0.1|n120,rmse,22.804904668280194,10,51,arm7_x05,physics
iter05b_arm7,0,gb_eoh_2122r3,HP_Peak,hdh,none,-,-,-,p0.1|n120,mae,22.328105830529434,10,51,arm7_x05,physics
iter05b_arm7,0,gb_eoh_2122r3,HP_Peak,hdh,none,-,-,-,p0.1|n120,mape,51.98504965940428,10,51,arm7_x05,physics
iter05b_arm7,0,gb_eoh_2122r3,HP_Peak,hdh,none,-,-,-,p0.1|n120,r2,-32.36439807068954,10,51,arm7_x05,physics
iter05b_arm7,0,gb_eoh_2122r3,HP_Peak,hdh,none,-,-,-,p0.1|n120,n_pred_nan,0.0,10,51,arm7_x05,physics
iter05b_arm7,0,gb_eoh_2122r3,HP_Peak,hdh,none,-,-,-,p0.1|n120,mape_n_excluded,0.0,10,51,arm7_x05,physics
iter05b_arm7,0,gb_eoh_2122r3,HP_Peak,hdh,none,-,-,-,p0.2|n10,wape,54.533409777212036,40,40,arm7_x05,physics
iter05b_arm7,0,gb_eoh_2122r3,HP_Peak,hdh,none,-,-,-,p0.2|n10,rmse,4.112566660081043,40,40,arm7_x05,physics
iter05b_arm7,0,gb_eoh_2122r3,HP_Peak,hdh,none,-,-,-,p0.2|n10,mae,3.7296497955341836,40,40,arm7_x05,physics
iter05b_arm7,0,gb_eoh_2122r3,HP_Peak,hdh,none,-,-,-,p0.2|n10,mape,54.99861976698368,40,40,arm7_x05,physics
iter05b_arm7,0,gb_eoh_2122r3,HP_Peak,hdh,none,-,-,-,p0.2|n10,r2,-7.628162267351833,40,40,arm7_x05,physics
iter05b_arm7,0,gb_eoh_2122r3,HP_Peak,hdh,none,-,-,-,p0.2|n10,n_pred_nan,0.0,40,40,arm7_x05,physics
iter05b_arm7,0,gb_eoh_2122r3,HP_Peak,hdh,none,-,-,-,p0.2|n10,mape_n_excluded,0.0,40,40,arm7_x05,physics
iter05b_arm7,0,gb_eoh_2122r3,HP_Peak,hdh,none,-,-,-,p0.2|n20,wape,29.813532909001527,15,40,arm7_x05,physics
iter05b_arm7,0,gb_eoh_2122r3,HP_Peak,hdh,none,-,-,-,p0.2|n20,rmse,4.5867016235640605,15,40,arm7_x05,physics
iter05b_arm7,0,gb_eoh_2122r3,HP_Peak,hdh,none,-,-,-,p0.2|n20,mae,3.8602545698579056,15,40,arm7_x05,physics
iter05b_arm7,0,gb_eoh_2122r3,HP_Peak,hdh,none,-,-,-,p0.2|n20,mape,30.047464728570255,15,40,arm7_x05,physics
iter05b_arm7,0,gb_eoh_2122r3,HP_Peak,hdh,none,-,-,-,p0.2|n20,r2,-5.315144466508978,15,40,arm7_x05,physics
iter05b_arm7,0,gb_eoh_2122r3,HP_Peak,hdh,none,-,-,-,p0.2|n20,n_pred_nan,0.0,15,40,arm7_x05,physics
iter05b_arm7,0,gb_eoh_2122r3,HP_Peak,hdh,none,-,-,-,p0.2|n20,mape_n_excluded,0.0,15,40,arm7_x05,physics
iter05b_arm7,0,gb_eoh_2122r3,HP_Peak,hdh,none,-,-,-,p0.2|n40,wape,8.324966744854496,10,45,arm7_x05,physics
iter05b_arm7,0,gb_eoh_2122r3,HP_Peak,hdh,none,-,-,-,p0.2|n40,rmse,3.0854100497013954,10,45,arm7_x05,physics
iter05b_arm7,0,gb_eoh_2122r3,HP_Peak,hdh,none,-,-,-,p0.2|n40,mae,2.387432438730542,10,45,arm7_x05,physics
iter05b_arm7,0,gb_eoh_2122r3,HP_Peak,hdh,none,-,-,-,p0.2|n40,mape,8.51016183214756,10,45,arm7_x05,physics
iter05b_arm7,0,gb_eoh_2122r3,HP_Peak,hdh,none,-,-,-,p0.2|n40,r2,-2.0288601823223167,10,45,arm7_x05,physics
iter05b_arm7,0,gb_eoh_2122r3,HP_Peak,hdh,none,-,-,-,p0.2|n40,n_pred_nan,0.0,10,45,arm7_x05,physics
iter05b_arm7,0,gb_eoh_2122r3,HP_Peak,hdh,none,-,-,-,p0.2|n40,mape_n_excluded,0.0,10,45,arm7_x05,physics
iter05b_arm7,0,gb_eoh_2122r3,HP_Peak,hdh,none,-,-,-,p0.2|n80,wape,13.959570364937418,10,53,arm7_x05,physics
iter05b_arm7,0,gb_eoh_2122r3,HP_Peak,hdh,none,-,-,-,p0.2|n80,rmse,9.526833902536382,10,53,arm7_x05,physics
iter05b_arm7,0,gb_eoh_2122r3,HP_Peak,hdh,none,-,-,-,p0.2|n80,mae,7.87083695297108,10,53,arm7_x05,physics
iter05b_arm7,0,gb_eoh_2122r3,HP_Peak,hdh,none,-,-,-,p0.2|n80,mape,14.295151839686723,10,53,arm7_x05,physics
iter05b_arm7,0,gb_eoh_2122r3,HP_Peak,hdh,none,-,-,-,p0.2|n80,r2,-4.029248601203697,10,53,arm7_x05,physics
iter05b_arm7,0,gb_eoh_2122r3,HP_Peak,hdh,none,-,-,-,p0.2|n80,n_pred_nan,0.0,10,53,arm7_x05,physics
iter05b_arm7,0,gb_eoh_2122r3,HP_Peak,hdh,none,-,-,-,p0.2|n80,mape_n_excluded,0.0,10,53,arm7_x05,physics
iter05b_arm7,0,gb_eoh_2122r3,HP_Peak,hdh,none,-,-,-,p0.3|n10,wape,44.89886035086753,25,41,arm7_x05,physics
iter05b_arm7,0,gb_eoh_2122r3,HP_Peak,hdh,none,-,-,-,p0.3|n10,rmse,4.992123956982276,25,41,arm7_x05,physics
iter05b_arm7,0,gb_eoh_2122r3,HP_Peak,hdh,none,-,-,-,p0.3|n10,mae,4.6340783764507965,25,41,arm7_x05,physics
iter05b_arm7,0,gb_eoh_2122r3,HP_Peak,hdh,none,-,-,-,p0.3|n10,mape,47.41096371197323,25,41,arm7_x05,physics
iter05b_arm7,0,gb_eoh_2122r3,HP_Peak,hdh,none,-,-,-,p0.3|n10,r2,-4.349373769198459,25,41,arm7_x05,physics
iter05b_arm7,0,gb_eoh_2122r3,HP_Peak,hdh,none,-,-,-,p0.3|n10,n_pred_nan,0.0,25,41,arm7_x05,physics
iter05b_arm7,0,gb_eoh_2122r3,HP_Peak,hdh,none,-,-,-,p0.3|n10,mape_n_excluded,0.0,25,41,arm7_x05,physics
iter05b_arm7,0,gb_eoh_2122r3,HP_Peak,hdh,none,-,-,-,p0.3|n20,wape,19.355232903206346,15,51,arm7_x05,physics
iter05b_arm7,0,gb_eoh_2122r3,HP_Peak,hdh,none,-,-,-,p0.3|n20,rmse,4.548735460859175,15,51,arm7_x05,physics
iter05b_arm7,0,gb_eoh_2122r3,HP_Peak,hdh,none,-,-,-,p0.3|n20,mae,3.856188904445511,15,51,arm7_x05,physics
iter05b_arm7,0,gb_eoh_2122r3,HP_Peak,hdh,none,-,-,-,p0.3|n20,mape,19.959565983279795,15,51,arm7_x05,physics
iter05b_arm7,0,gb_eoh_2122r3,HP_Peak,hdh,none,-,-,-,p0.3|n20,r2,-2.3152837656946814,15,51,arm7_x05,physics
iter05b_arm7,0,gb_eoh_2122r3,HP_Peak,hdh,none,-,-,-,p0.3|n20,n_pred_nan,0.0,15,51,arm7_x05,physics
iter05b_arm7,0,gb_eoh_2122r3,HP_Peak,hdh,none,-,-,-,p0.3|n20,mape_n_excluded,0.0,15,51,arm7_x05,physics
iter05b_arm7,0,gb_eoh_2122r3,HP_Peak,hdh,none,-,-,-,p0.3|n40,wape,7.552869064483481,10,53,arm7_x05,physics
iter05b_arm7,0,gb_eoh_2122r3,HP_Peak,hdh,none,-,-,-,p0.3|n40,rmse,4.142154369332997,10,53,arm7_x05,physics
iter05b_arm7,0,gb_eoh_2122r3,HP_Peak,hdh,none,-,-,-,p0.3|n40,mae,3.156510551503243,10,53,arm7_x05,physics
iter05b_arm7,0,gb_eoh_2122r3,HP_Peak,hdh,none,-,-,-,p0.3|n40,mape,7.479217799735939,10,53,arm7_x05,physics
iter05b_arm7,0,gb_eoh_2122r3,HP_Peak,hdh,none,-,-,-,p0.3|n40,r2,-0.3071138989023541,10,53,arm7_x05,physics
iter05b_arm7,0,gb_eoh_2122r3,HP_Peak,hdh,none,-,-,-,p0.3|n40,n_pred_nan,0.0,10,53,arm7_x05,physics
iter05b_arm7,0,gb_eoh_2122r3,HP_Peak,hdh,none,-,-,-,p0.3|n40,mape_n_excluded,0.0,10,53,arm7_x05,physics
iter05b_arm7,0,gb_eoh_2122r3,HP_Peak,hdh,none,-,-,-,p0.5|n10,wape,33.04209242664226,15,41,arm7_x05,physics
iter05b_arm7,0,gb_eoh_2122r3,HP_Peak,hdh,none,-,-,-,p0.5|n10,rmse,5.86526032592583,15,41,arm7_x05,physics
iter05b_arm7,0,gb_eoh_2122r3,HP_Peak,hdh,none,-,-,-,p0.5|n10,mae,5.456439123778591,15,41,arm7_x05,physics
iter05b_arm7,0,gb_eoh_2122r3,HP_Peak,hdh,none,-,-,-,p0.5|n10,mape,33.683566190631794,15,41,arm7_x05,physics
iter05b_arm7,0,gb_eoh_2122r3,HP_Peak,hdh,none,-,-,-,p0.5|n10,r2,-3.3451548640027546,15,41,arm7_x05,physics
iter05b_arm7,0,gb_eoh_2122r3,HP_Peak,hdh,none,-,-,-,p0.5|n10,n_pred_nan,0.0,15,41,arm7_x05,physics
iter05b_arm7,0,gb_eoh_2122r3,HP_Peak,hdh,none,-,-,-,p0.5|n10,mape_n_excluded,0.0,15,41,arm7_x05,physics
iter05b_arm7,0,gb_eoh_2122r3,HP_Peak,hdh,none,-,-,-,p0.5|n20,wape,13.64966722624722,10,49,arm7_x05,physics
iter05b_arm7,0,gb_eoh_2122r3,HP_Peak,hdh,none,-,-,-,p0.5|n20,rmse,5.505786195543519,10,49,arm7_x05,physics
iter05b_arm7,0,gb_eoh_2122r3,HP_Peak,hdh,none,-,-,-,p0.5|n20,mae,4.939874335275013,10,49,arm7_x05,physics
iter05b_arm7,0,gb_eoh_2122r3,HP_Peak,hdh,none,-,-,-,p0.5|n20,mape,13.542834307188231,10,49,arm7_x05,physics
iter05b_arm7,0,gb_eoh_2122r3,HP_Peak,hdh,none,-,-,-,p0.5|n20,r2,-0.9074853082346446,10,49,arm7_x05,physics
iter05b_arm7,0,gb_eoh_2122r3,HP_Peak,hdh,none,-,-,-,p0.5|n20,n_pred_nan,0.0,10,49,arm7_x05,physics
iter05b_arm7,0,gb_eoh_2122r3,HP_Peak,hdh,none,-,-,-,p0.5|n20,mape_n_excluded,0.0,10,49,arm7_x05,physics
iter05b_arm7,0,gb_eoh_2122r3,HP_Peak,hdh,none,-,-,-,p0.5|n40,wape,9.008117457240049,5,30,arm7_x05,physics
iter05b_arm7,0,gb_eoh_2122r3,HP_Peak,hdh,none,-,-,-,p0.5|n40,rmse,6.935733931504323,5,30,arm7_x05,physics
iter05b_arm7,0,gb_eoh_2122r3,HP_Peak,hdh,none,-,-,-,p0.5|n40,mae,6.6989353278191714,5,30,arm7_x05,physics
iter05b_arm7,0,gb_eoh_2122r3,HP_Peak,hdh,none,-,-,-,p0.5|n40,mape,9.010008259440122,5,30,arm7_x05,physics
iter05b_arm7,0,gb_eoh_2122r3,HP_Peak,hdh,none,-,-,-,p0.5|n40,r2,-22.516988192845,5,30,arm7_x05,physics
iter05b_arm7,0,gb_eoh_2122r3,HP_Peak,hdh,none,-,-,-,p0.5|n40,n_pred_nan,0.0,5,30,arm7_x05,physics
iter05b_arm7,0,gb_eoh_2122r3,HP_Peak,hdh,none,-,-,-,p0.5|n40,mape_n_excluded,0.0,5,30,arm7_x05,physics
iter05b_arm7,0,gb_eoh_2122r3,HP_Peak,hdh,none,-,-,-,p0.8|n10,wape,24.545484049249392,10,44,arm7_x05,physics
iter05b_arm7,0,gb_eoh_2122r3,HP_Peak,hdh,none,-,-,-,p0.8|n10,rmse,7.284076882103607,10,44,arm7_x05,physics
iter05b_arm7,0,gb_eoh_2122r3,HP_Peak,hdh,none,-,-,-,p0.8|n10,mae,6.781640479200095,10,44,arm7_x05,physics
iter05b_arm7,0,gb_eoh_2122r3,HP_Peak,hdh,none,-,-,-,p0.8|n10,mape,24.239917041074516,10,44,arm7_x05,physics
iter05b_arm7,0,gb_eoh_2122r3,HP_Peak,hdh,none,-,-,-,p0.8|n10,r2,-7.1197540460969755,10,44,arm7_x05,physics
iter05b_arm7,0,gb_eoh_2122r3,HP_Peak,hdh,none,-,-,-,p0.8|n10,n_pred_nan,0.0,10,44,arm7_x05,physics
iter05b_arm7,0,gb_eoh_2122r3,HP_Peak,hdh,none,-,-,-,p0.8|n10,mape_n_excluded,0.0,10,44,arm7_x05,physics
iter05b_arm7,0,gb_eoh_2122r3,HP_Peak,hdh,none,-,-,-,p0.8|n20,wape,14.474149090760008,10,53,arm7_x05,physics
iter05b_arm7,0,gb_eoh_2122r3,HP_Peak,hdh,none,-,-,-,p0.8|n20,rmse,8.779739738129038,10,53,arm7_x05,physics
iter05b_arm7,0,gb_eoh_2122r3,HP_Peak,hdh,none,-,-,-,p0.8|n20,mae,8.033082285983193,10,53,arm7_x05,physics
iter05b_arm7,0,gb_eoh_2122r3,HP_Peak,hdh,none,-,-,-,p0.8|n20,mape,14.37153043069863,10,53,arm7_x05,physics
iter05b_arm7,0,gb_eoh_2122r3,HP_Peak,hdh,none,-,-,-,p0.8|n20,r2,-3.0115259583978276,10,53,arm7_x05,physics
iter05b_arm7,0,gb_eoh_2122r3,HP_Peak,hdh,none,-,-,-,p0.8|n20,n_pred_nan,0.0,10,53,arm7_x05,physics
iter05b_arm7,0,gb_eoh_2122r3,HP_Peak,hdh,none,-,-,-,p0.8|n20,mape_n_excluded,0.0,10,53,arm7_x05,physics
iter05b_arm7,0,gb_eoh_2122r3,HP_Peak,hdh,none,-,-,-,p1.0|n10,wape,21.518913148994166,10,52,arm7_x05,physics
iter05b_arm7,0,gb_eoh_2122r3,HP_Peak,hdh,none,-,-,-,p1.0|n10,rmse,8.330411225449065,10,52,arm7_x05,physics
iter05b_arm7,0,gb_eoh_2122r3,HP_Peak,hdh,none,-,-,-,p1.0|n10,mae,7.560274738830152,10,52,arm7_x05,physics
iter05b_arm7,0,gb_eoh_2122r3,HP_Peak,hdh,none,-,-,-,p1.0|n10,mape,21.616969831366326,10,52,arm7_x05,physics
iter05b_arm7,0,gb_eoh_2122r3,HP_Peak,hdh,none,-,-,-,p1.0|n10,r2,-10.632214640323406,10,52,arm7_x05,physics
iter05b_arm7,0,gb_eoh_2122r3,HP_Peak,hdh,none,-,-,-,p1.0|n10,n_pred_nan,0.0,10,52,arm7_x05,physics
iter05b_arm7,0,gb_eoh_2122r3,HP_Peak,hdh,none,-,-,-,p1.0|n10,mape_n_excluded,0.0,10,52,arm7_x05,physics
iter05b_arm7,0,gb_eoh_2122r3,HP_Peak,hdh,none,-,-,-,p1.0|n20,wape,14.789564361356828,5,30,arm7_x05,physics
iter05b_arm7,0,gb_eoh_2122r3,HP_Peak,hdh,none,-,-,-,p1.0|n20,rmse,11.226490742431483,5,30,arm7_x05,physics
iter05b_arm7,0,gb_eoh_2122r3,HP_Peak,hdh,none,-,-,-,p1.0|n20,mae,10.847009491545682,5,30,arm7_x05,physics
iter05b_arm7,0,gb_eoh_2122r3,HP_Peak,hdh,none,-,-,-,p1.0|n20,mape,14.76322572368874,5,30,arm7_x05,physics
iter05b_arm7,0,gb_eoh_2122r3,HP_Peak,hdh,none,-,-,-,p1.0|n20,r2,-14.379541417701725,5,30,arm7_x05,physics
iter05b_arm7,0,gb_eoh_2122r3,HP_Peak,hdh,none,-,-,-,p1.0|n20,n_pred_nan,0.0,5,30,arm7_x05,physics
iter05b_arm7,0,gb_eoh_2122r3,HP_Peak,hdh,none,-,-,-,p1.0|n20,mape_n_excluded,0.0,5,30,arm7_x05,physics
iter05b_arm7,0,gb_eoh_2122r3,HP_Peak,paperA_sh_mh,none,-,-,-,all,wape,42.588158240842816,455,81,arm7_x05,physics
iter05b_arm7,0,gb_eoh_2122r3,HP_Peak,paperA_sh_mh,none,-,-,-,all,rmse,10.13349837328417,455,81,arm7_x05,physics
iter05b_arm7,0,gb_eoh_2122r3,HP_Peak,paperA_sh_mh,none,-,-,-,all,mae,6.747694176701427,455,81,arm7_x05,physics
iter05b_arm7,0,gb_eoh_2122r3,HP_Peak,paperA_sh_mh,none,-,-,-,all,mape,69.28264826507906,455,81,arm7_x05,physics
iter05b_arm7,0,gb_eoh_2122r3,HP_Peak,paperA_sh_mh,none,-,-,-,all,r2,0.6242818490649461,455,81,arm7_x05,physics
iter05b_arm7,0,gb_eoh_2122r3,HP_Peak,paperA_sh_mh,none,-,-,-,all,n_pred_nan,0.0,455,81,arm7_x05,physics
iter05b_arm7,0,gb_eoh_2122r3,HP_Peak,paperA_sh_mh,none,-,-,-,all,mape_n_excluded,0.0,455,81,arm7_x05,physics
iter05b_arm7,0,gb_eoh_2122r3,HP_Peak,paperA_sh_mh,none,-,-,-,all,n_invalid,0.0,455,81,arm7_x05,physics
iter05b_arm7,0,gb_eoh_2122r3,HP_Peak,paperA_sh_mh,none,-,-,-,all,n_station_fallback,0.0,455,81,arm7_x05,physics
iter05b_arm7,0,gb_eoh_2122r3,HP_Peak,paperA_sh_mh,none,-,-,-,pbin<=15,wape,92.31340021562333,265,81,arm7_x05,physics
iter05b_arm7,0,gb_eoh_2122r3,HP_Peak,paperA_sh_mh,none,-,-,-,pbin<=15,rmse,12.04219204832749,265,81,arm7_x05,physics
iter05b_arm7,0,gb_eoh_2122r3,HP_Peak,paperA_sh_mh,none,-,-,-,pbin<=15,mae,8.308509080863265,265,81,arm7_x05,physics
iter05b_arm7,0,gb_eoh_2122r3,HP_Peak,paperA_sh_mh,none,-,-,-,pbin<=15,mape,102.41775684934393,265,81,arm7_x05,physics
iter05b_arm7,0,gb_eoh_2122r3,HP_Peak,paperA_sh_mh,none,-,-,-,pbin<=15,r2,-0.686536946045966,265,81,arm7_x05,physics
iter05b_arm7,0,gb_eoh_2122r3,HP_Peak,paperA_sh_mh,none,-,-,-,pbin<=15,n_pred_nan,0.0,265,81,arm7_x05,physics
iter05b_arm7,0,gb_eoh_2122r3,HP_Peak,paperA_sh_mh,none,-,-,-,pbin<=15,mape_n_excluded,0.0,265,81,arm7_x05,physics
iter05b_arm7,0,gb_eoh_2122r3,HP_Peak,paperA_sh_mh,none,-,-,-,pbin15-35,wape,27.185705250881032,125,81,arm7_x05,physics
iter05b_arm7,0,gb_eoh_2122r3,HP_Peak,paperA_sh_mh,none,-,-,-,pbin15-35,rmse,7.435269140078518,125,81,arm7_x05,physics
iter05b_arm7,0,gb_eoh_2122r3,HP_Peak,paperA_sh_mh,none,-,-,-,pbin15-35,mae,4.987376435804574,125,81,arm7_x05,physics
iter05b_arm7,0,gb_eoh_2122r3,HP_Peak,paperA_sh_mh,none,-,-,-,pbin15-35,mape,29.260533069830803,125,81,arm7_x05,physics
iter05b_arm7,0,gb_eoh_2122r3,HP_Peak,paperA_sh_mh,none,-,-,-,pbin15-35,r2,0.7624896795850966,125,81,arm7_x05,physics
iter05b_arm7,0,gb_eoh_2122r3,HP_Peak,paperA_sh_mh,none,-,-,-,pbin15-35,n_pred_nan,0.0,125,81,arm7_x05,physics
iter05b_arm7,0,gb_eoh_2122r3,HP_Peak,paperA_sh_mh,none,-,-,-,pbin15-35,mape_n_excluded,0.0,125,81,arm7_x05,physics
iter05b_arm7,0,gb_eoh_2122r3,HP_Peak,paperA_sh_mh,none,-,-,-,pbin35-65,wape,11.494374008690365,30,63,arm7_x05,physics
iter05b_arm7,0,gb_eoh_2122r3,HP_Peak,paperA_sh_mh,none,-,-,-,pbin35-65,rmse,4.666886339419477,30,63,arm7_x05,physics
iter05b_arm7,0,gb_eoh_2122r3,HP_Peak,paperA_sh_mh,none,-,-,-,pbin35-65,mae,3.7603311725887276,30,63,arm7_x05,physics
iter05b_arm7,0,gb_eoh_2122r3,HP_Peak,paperA_sh_mh,none,-,-,-,pbin35-65,mape,12.959387464497263,30,63,arm7_x05,physics
iter05b_arm7,0,gb_eoh_2122r3,HP_Peak,paperA_sh_mh,none,-,-,-,pbin35-65,r2,0.9498153300014918,30,63,arm7_x05,physics
iter05b_arm7,0,gb_eoh_2122r3,HP_Peak,paperA_sh_mh,none,-,-,-,pbin35-65,n_pred_nan,0.0,30,63,arm7_x05,physics
iter05b_arm7,0,gb_eoh_2122r3,HP_Peak,paperA_sh_mh,none,-,-,-,pbin35-65,mape_n_excluded,0.0,30,63,arm7_x05,physics
iter05b_arm7,0,gb_eoh_2122r3,HP_Peak,paperA_sh_mh,none,-,-,-,pbin>65,wape,8.533637358536668,35,55,arm7_x05,physics
iter05b_arm7,0,gb_eoh_2122r3,HP_Peak,paperA_sh_mh,none,-,-,-,pbin>65,rmse,4.5680027194006625,35,55,arm7_x05,physics
iter05b_arm7,0,gb_eoh_2122r3,HP_Peak,paperA_sh_mh,none,-,-,-,pbin>65,mae,3.777541551918586,35,55,arm7_x05,physics
iter05b_arm7,0,gb_eoh_2122r3,HP_Peak,paperA_sh_mh,none,-,-,-,pbin>65,mape,9.615746796316131,35,55,arm7_x05,physics
iter05b_arm7,0,gb_eoh_2122r3,HP_Peak,paperA_sh_mh,none,-,-,-,pbin>65,r2,0.9227098991960377,35,55,arm7_x05,physics
iter05b_arm7,0,gb_eoh_2122r3,HP_Peak,paperA_sh_mh,none,-,-,-,pbin>65,n_pred_nan,0.0,35,55,arm7_x05,physics
iter05b_arm7,0,gb_eoh_2122r3,HP_Peak,paperA_sh_mh,none,-,-,-,pbin>65,mape_n_excluded,0.0,35,55,arm7_x05,physics
iter05b_arm7,0,gb_eoh_2122r3,HP_Peak,paperA_sh_mh,none,-,-,-,p0.05|n10,wape,63.537434576000926,40,25,arm7_x05,physics
iter05b_arm7,0,gb_eoh_2122r3,HP_Peak,paperA_sh_mh,none,-,-,-,p0.05|n10,rmse,2.755669189755501,40,25,arm7_x05,physics
iter05b_arm7,0,gb_eoh_2122r3,HP_Peak,paperA_sh_mh,none,-,-,-,p0.05|n10,mae,2.1961259290355852,40,25,arm7_x05,physics
iter05b_arm7,0,gb_eoh_2122r3,HP_Peak,paperA_sh_mh,none,-,-,-,p0.05|n10,mape,76.9481519056173,40,25,arm7_x05,physics
iter05b_arm7,0,gb_eoh_2122r3,HP_Peak,paperA_sh_mh,none,-,-,-,p0.05|n10,r2,-5.246717886479677,40,25,arm7_x05,physics
iter05b_arm7,0,gb_eoh_2122r3,HP_Peak,paperA_sh_mh,none,-,-,-,p0.05|n10,n_pred_nan,0.0,40,25,arm7_x05,physics
iter05b_arm7,0,gb_eoh_2122r3,HP_Peak,paperA_sh_mh,none,-,-,-,p0.05|n10,mape_n_excluded,0.0,40,25,arm7_x05,physics
iter05b_arm7,0,gb_eoh_2122r3,HP_Peak,paperA_sh_mh,none,-,-,-,p0.05|n20,wape,120.20738089327622,40,29,arm7_x05,physics
iter05b_arm7,0,gb_eoh_2122r3,HP_Peak,paperA_sh_mh,none,-,-,-,p0.05|n20,rmse,4.974492438966785,40,29,arm7_x05,physics
iter05b_arm7,0,gb_eoh_2122r3,HP_Peak,paperA_sh_mh,none,-,-,-,p0.05|n20,mae,4.3330931732696225,40,29,arm7_x05,physics
iter05b_arm7,0,gb_eoh_2122r3,HP_Peak,paperA_sh_mh,none,-,-,-,p0.05|n20,mape,140.3492869226111,40,29,arm7_x05,physics
iter05b_arm7,0,gb_eoh_2122r3,HP_Peak,paperA_sh_mh,none,-,-,-,p0.05|n20,r2,-22.464453435293443,40,29,arm7_x05,physics
iter05b_arm7,0,gb_eoh_2122r3,HP_Peak,paperA_sh_mh,none,-,-,-,p0.05|n20,n_pred_nan,0.0,40,29,arm7_x05,physics
iter05b_arm7,0,gb_eoh_2122r3,HP_Peak,paperA_sh_mh,none,-,-,-,p0.05|n20,mape_n_excluded,0.0,40,29,arm7_x05,physics
iter05b_arm7,0,gb_eoh_2122r3,HP_Peak,paperA_sh_mh,none,-,-,-,p0.05|n40,wape,144.9126197061813,40,40,arm7_x05,physics
iter05b_arm7,0,gb_eoh_2122r3,HP_Peak,paperA_sh_mh,none,-,-,-,p0.05|n40,rmse,9.784744960392828,40,40,arm7_x05,physics
iter05b_arm7,0,gb_eoh_2122r3,HP_Peak,paperA_sh_mh,none,-,-,-,p0.05|n40,mae,9.343968925572742,40,40,arm7_x05,physics
iter05b_arm7,0,gb_eoh_2122r3,HP_Peak,paperA_sh_mh,none,-,-,-,p0.05|n40,mape,157.7163207877953,40,40,arm7_x05,physics
iter05b_arm7,0,gb_eoh_2122r3,HP_Peak,paperA_sh_mh,none,-,-,-,p0.05|n40,r2,-36.63469515551991,40,40,arm7_x05,physics
iter05b_arm7,0,gb_eoh_2122r3,HP_Peak,paperA_sh_mh,none,-,-,-,p0.05|n40,n_pred_nan,0.0,40,40,arm7_x05,physics
iter05b_arm7,0,gb_eoh_2122r3,HP_Peak,paperA_sh_mh,none,-,-,-,p0.05|n40,mape_n_excluded,0.0,40,40,arm7_x05,physics
iter05b_arm7,0,gb_eoh_2122r3,HP_Peak,paperA_sh_mh,none,-,-,-,p0.05|n80,wape,132.77259309789997,15,39,arm7_x05,physics
iter05b_arm7,0,gb_eoh_2122r3,HP_Peak,paperA_sh_mh,none,-,-,-,p0.05|n80,rmse,18.12474425555609,15,39,arm7_x05,physics
iter05b_arm7,0,gb_eoh_2122r3,HP_Peak,paperA_sh_mh,none,-,-,-,p0.05|n80,mae,17.673145164826998,15,39,arm7_x05,physics
iter05b_arm7,0,gb_eoh_2122r3,HP_Peak,paperA_sh_mh,none,-,-,-,p0.05|n80,mape,135.61579027572495,15,39,arm7_x05,physics
iter05b_arm7,0,gb_eoh_2122r3,HP_Peak,paperA_sh_mh,none,-,-,-,p0.05|n80,r2,-115.1697936044285,15,39,arm7_x05,physics
iter05b_arm7,0,gb_eoh_2122r3,HP_Peak,paperA_sh_mh,none,-,-,-,p0.05|n80,n_pred_nan,0.0,15,39,arm7_x05,physics
iter05b_arm7,0,gb_eoh_2122r3,HP_Peak,paperA_sh_mh,none,-,-,-,p0.05|n80,mape_n_excluded,0.0,15,39,arm7_x05,physics
iter05b_arm7,0,gb_eoh_2122r3,HP_Peak,paperA_sh_mh,none,-,-,-,p0.05|n120,wape,143.39551442219908,15,53,arm7_x05,physics
iter05b_arm7,0,gb_eoh_2122r3,HP_Peak,paperA_sh_mh,none,-,-,-,p0.05|n120,rmse,28.919069850525762,15,53,arm7_x05,physics
iter05b_arm7,0,gb_eoh_2122r3,HP_Peak,paperA_sh_mh,none,-,-,-,p0.05|n120,mae,28.689259284988,15,53,arm7_x05,physics
iter05b_arm7,0,gb_eoh_2122r3,HP_Peak,paperA_sh_mh,none,-,-,-,p0.05|n120,mape,146.91161868711924,15,53,arm7_x05,physics
iter05b_arm7,0,gb_eoh_2122r3,HP_Peak,paperA_sh_mh,none,-,-,-,p0.05|n120,r2,-98.42295477247853,15,53,arm7_x05,physics
iter05b_arm7,0,gb_eoh_2122r3,HP_Peak,paperA_sh_mh,none,-,-,-,p0.05|n120,n_pred_nan,0.0,15,53,arm7_x05,physics
iter05b_arm7,0,gb_eoh_2122r3,HP_Peak,paperA_sh_mh,none,-,-,-,p0.05|n120,mape_n_excluded,0.0,15,53,arm7_x05,physics
iter05b_arm7,0,gb_eoh_2122r3,HP_Peak,paperA_sh_mh,none,-,-,-,p0.1|n10,wape,67.18865844557969,40,26,arm7_x05,physics
iter05b_arm7,0,gb_eoh_2122r3,HP_Peak,paperA_sh_mh,none,-,-,-,p0.1|n10,rmse,3.2118507592458956,40,26,arm7_x05,physics
iter05b_arm7,0,gb_eoh_2122r3,HP_Peak,paperA_sh_mh,none,-,-,-,p0.1|n10,mae,2.4176764135100255,40,26,arm7_x05,physics
iter05b_arm7,0,gb_eoh_2122r3,HP_Peak,paperA_sh_mh,none,-,-,-,p0.1|n10,mape,74.53179596138476,40,26,arm7_x05,physics
iter05b_arm7,0,gb_eoh_2122r3,HP_Peak,paperA_sh_mh,none,-,-,-,p0.1|n10,r2,-13.237635122248596,40,26,arm7_x05,physics
iter05b_arm7,0,gb_eoh_2122r3,HP_Peak,paperA_sh_mh,none,-,-,-,p0.1|n10,n_pred_nan,0.0,40,26,arm7_x05,physics
iter05b_arm7,0,gb_eoh_2122r3,HP_Peak,paperA_sh_mh,none,-,-,-,p0.1|n10,mape_n_excluded,0.0,40,26,arm7_x05,physics
iter05b_arm7,0,gb_eoh_2122r3,HP_Peak,paperA_sh_mh,none,-,-,-,p0.1|n20,wape,56.61648506027882,40,44,arm7_x05,physics
iter05b_arm7,0,gb_eoh_2122r3,HP_Peak,paperA_sh_mh,none,-,-,-,p0.1|n20,rmse,4.5821886003205154,40,44,arm7_x05,physics
iter05b_arm7,0,gb_eoh_2122r3,HP_Peak,paperA_sh_mh,none,-,-,-,p0.1|n20,mae,3.9493191746484015,40,44,arm7_x05,physics
iter05b_arm7,0,gb_eoh_2122r3,HP_Peak,paperA_sh_mh,none,-,-,-,p0.1|n20,mape,64.6381533790563,40,44,arm7_x05,physics
iter05b_arm7,0,gb_eoh_2122r3,HP_Peak,paperA_sh_mh,none,-,-,-,p0.1|n20,r2,-8.534965962885027,40,44,arm7_x05,physics
iter05b_arm7,0,gb_eoh_2122r3,HP_Peak,paperA_sh_mh,none,-,-,-,p0.1|n20,n_pred_nan,0.0,40,44,arm7_x05,physics
iter05b_arm7,0,gb_eoh_2122r3,HP_Peak,paperA_sh_mh,none,-,-,-,p0.1|n20,mape_n_excluded,0.0,40,44,arm7_x05,physics
iter05b_arm7,0,gb_eoh_2122r3,HP_Peak,paperA_sh_mh,none,-,-,-,p0.1|n40,wape,63.337726252841996,15,39,arm7_x05,physics
iter05b_arm7,0,gb_eoh_2122r3,HP_Peak,paperA_sh_mh,none,-,-,-,p0.1|n40,rmse,9.247730042831414,15,39,arm7_x05,physics
iter05b_arm7,0,gb_eoh_2122r3,HP_Peak,paperA_sh_mh,none,-,-,-,p0.1|n40,mae,8.521690954240858,15,39,arm7_x05,physics
iter05b_arm7,0,gb_eoh_2122r3,HP_Peak,paperA_sh_mh,none,-,-,-,p0.1|n40,mape,65.71714589910259,15,39,arm7_x05,physics
iter05b_arm7,0,gb_eoh_2122r3,HP_Peak,paperA_sh_mh,none,-,-,-,p0.1|n40,r2,-15.647417237720461,15,39,arm7_x05,physics
iter05b_arm7,0,gb_eoh_2122r3,HP_Peak,paperA_sh_mh,none,-,-,-,p0.1|n40,n_pred_nan,0.0,15,39,arm7_x05,physics
iter05b_arm7,0,gb_eoh_2122r3,HP_Peak,paperA_sh_mh,none,-,-,-,p0.1|n40,mape_n_excluded,0.0,15,39,arm7_x05,physics
iter05b_arm7,0,gb_eoh_2122r3,HP_Peak,paperA_sh_mh,none,-,-,-,p0.1|n80,wape,61.360981336952555,10,46,arm7_x05,physics
iter05b_arm7,0,gb_eoh_2122r3,HP_Peak,paperA_sh_mh,none,-,-,-,p0.1|n80,rmse,18.276929566974292,10,46,arm7_x05,physics
iter05b_arm7,0,gb_eoh_2122r3,HP_Peak,paperA_sh_mh,none,-,-,-,p0.1|n80,mae,17.62851689408721,10,46,arm7_x05,physics
iter05b_arm7,0,gb_eoh_2122r3,HP_Peak,paperA_sh_mh,none,-,-,-,p0.1|n80,mape,62.087443837358094,10,46,arm7_x05,physics
iter05b_arm7,0,gb_eoh_2122r3,HP_Peak,paperA_sh_mh,none,-,-,-,p0.1|n80,r2,-71.91248753209895,10,46,arm7_x05,physics
iter05b_arm7,0,gb_eoh_2122r3,HP_Peak,paperA_sh_mh,none,-,-,-,p0.1|n80,n_pred_nan,0.0,10,46,arm7_x05,physics
iter05b_arm7,0,gb_eoh_2122r3,HP_Peak,paperA_sh_mh,none,-,-,-,p0.1|n80,mape_n_excluded,0.0,10,46,arm7_x05,physics
iter05b_arm7,0,gb_eoh_2122r3,HP_Peak,paperA_sh_mh,none,-,-,-,p0.1|n120,wape,72.21255477719325,10,51,arm7_x05,physics
iter05b_arm7,0,gb_eoh_2122r3,HP_Peak,paperA_sh_mh,none,-,-,-,p0.1|n120,rmse,31.555572029473158,10,51,arm7_x05,physics
iter05b_arm7,0,gb_eoh_2122r3,HP_Peak,paperA_sh_mh,none,-,-,-,p0.1|n120,mae,31.260096178560037,10,51,arm7_x05,physics
iter05b_arm7,0,gb_eoh_2122r3,HP_Peak,paperA_sh_mh,none,-,-,-,p0.1|n120,mape,72.88144455147682,10,51,arm7_x05,physics
iter05b_arm7,0,gb_eoh_2122r3,HP_Peak,paperA_sh_mh,none,-,-,-,p0.1|n120,r2,-62.882056213066214,10,51,arm7_x05,physics
iter05b_arm7,0,gb_eoh_2122r3,HP_Peak,paperA_sh_mh,none,-,-,-,p0.1|n120,n_pred_nan,0.0,10,51,arm7_x05,physics
iter05b_arm7,0,gb_eoh_2122r3,HP_Peak,paperA_sh_mh,none,-,-,-,p0.1|n120,mape_n_excluded,0.0,10,51,arm7_x05,physics
iter05b_arm7,0,gb_eoh_2122r3,HP_Peak,paperA_sh_mh,none,-,-,-,p0.2|n10,wape,34.200283431425184,40,40,arm7_x05,physics
iter05b_arm7,0,gb_eoh_2122r3,HP_Peak,paperA_sh_mh,none,-,-,-,p0.2|n10,rmse,2.9924771300997723,40,40,arm7_x05,physics
iter05b_arm7,0,gb_eoh_2122r3,HP_Peak,paperA_sh_mh,none,-,-,-,p0.2|n10,mae,2.339026307511908,40,40,arm7_x05,physics
iter05b_arm7,0,gb_eoh_2122r3,HP_Peak,paperA_sh_mh,none,-,-,-,p0.2|n10,mape,37.59242909929612,40,40,arm7_x05,physics
iter05b_arm7,0,gb_eoh_2122r3,HP_Peak,paperA_sh_mh,none,-,-,-,p0.2|n10,r2,-3.5682943937591425,40,40,arm7_x05,physics
iter05b_arm7,0,gb_eoh_2122r3,HP_Peak,paperA_sh_mh,none,-,-,-,p0.2|n10,n_pred_nan,0.0,40,40,arm7_x05,physics
iter05b_arm7,0,gb_eoh_2122r3,HP_Peak,paperA_sh_mh,none,-,-,-,p0.2|n10,mape_n_excluded,0.0,40,40,arm7_x05,physics
iter05b_arm7,0,gb_eoh_2122r3,HP_Peak,paperA_sh_mh,none,-,-,-,p0.2|n20,wape,27.39709681656755,15,40,arm7_x05,physics
iter05b_arm7,0,gb_eoh_2122r3,HP_Peak,paperA_sh_mh,none,-,-,-,p0.2|n20,rmse,4.5721750499554155,15,40,arm7_x05,physics
iter05b_arm7,0,gb_eoh_2122r3,HP_Peak,paperA_sh_mh,none,-,-,-,p0.2|n20,mae,3.547374560063043,15,40,arm7_x05,physics
iter05b_arm7,0,gb_eoh_2122r3,HP_Peak,paperA_sh_mh,none,-,-,-,p0.2|n20,mape,28.351367596970306,15,40,arm7_x05,physics
iter05b_arm7,0,gb_eoh_2122r3,HP_Peak,paperA_sh_mh,none,-,-,-,p0.2|n20,r2,-5.275206337817397,15,40,arm7_x05,physics
iter05b_arm7,0,gb_eoh_2122r3,HP_Peak,paperA_sh_mh,none,-,-,-,p0.2|n20,n_pred_nan,0.0,15,40,arm7_x05,physics
iter05b_arm7,0,gb_eoh_2122r3,HP_Peak,paperA_sh_mh,none,-,-,-,p0.2|n20,mape_n_excluded,0.0,15,40,arm7_x05,physics
iter05b_arm7,0,gb_eoh_2122r3,HP_Peak,paperA_sh_mh,none,-,-,-,p0.2|n40,wape,35.46418067271959,10,45,arm7_x05,physics
iter05b_arm7,0,gb_eoh_2122r3,HP_Peak,paperA_sh_mh,none,-,-,-,p0.2|n40,rmse,10.549655284421569,10,45,arm7_x05,physics
iter05b_arm7,0,gb_eoh_2122r3,HP_Peak,paperA_sh_mh,none,-,-,-,p0.2|n40,mae,10.17041123958644,10,45,arm7_x05,physics
iter05b_arm7,0,gb_eoh_2122r3,HP_Peak,paperA_sh_mh,none,-,-,-,p0.2|n40,mape,35.66380197762864,10,45,arm7_x05,physics
iter05b_arm7,0,gb_eoh_2122r3,HP_Peak,paperA_sh_mh,none,-,-,-,p0.2|n40,r2,-34.4103308543722,10,45,arm7_x05,physics
iter05b_arm7,0,gb_eoh_2122r3,HP_Peak,paperA_sh_mh,none,-,-,-,p0.2|n40,n_pred_nan,0.0,10,45,arm7_x05,physics
iter05b_arm7,0,gb_eoh_2122r3,HP_Peak,paperA_sh_mh,none,-,-,-,p0.2|n40,mape_n_excluded,0.0,10,45,arm7_x05,physics
iter05b_arm7,0,gb_eoh_2122r3,HP_Peak,paperA_sh_mh,none,-,-,-,p0.2|n80,wape,32.4037800316498,10,53,arm7_x05,physics
iter05b_arm7,0,gb_eoh_2122r3,HP_Peak,paperA_sh_mh,none,-,-,-,p0.2|n80,rmse,19.647406527504145,10,53,arm7_x05,physics
iter05b_arm7,0,gb_eoh_2122r3,HP_Peak,paperA_sh_mh,none,-,-,-,p0.2|n80,mae,18.270252065182316,10,53,arm7_x05,physics
iter05b_arm7,0,gb_eoh_2122r3,HP_Peak,paperA_sh_mh,none,-,-,-,p0.2|n80,mape,32.89245476532331,10,53,arm7_x05,physics
iter05b_arm7,0,gb_eoh_2122r3,HP_Peak,paperA_sh_mh,none,-,-,-,p0.2|n80,r2,-20.390275560250146,10,53,arm7_x05,physics
iter05b_arm7,0,gb_eoh_2122r3,HP_Peak,paperA_sh_mh,none,-,-,-,p0.2|n80,n_pred_nan,0.0,10,53,arm7_x05,physics
iter05b_arm7,0,gb_eoh_2122r3,HP_Peak,paperA_sh_mh,none,-,-,-,p0.2|n80,mape_n_excluded,0.0,10,53,arm7_x05,physics
iter05b_arm7,0,gb_eoh_2122r3,HP_Peak,paperA_sh_mh,none,-,-,-,p0.3|n10,wape,20.619023002144353,25,41,arm7_x05,physics
iter05b_arm7,0,gb_eoh_2122r3,HP_Peak,paperA_sh_mh,none,-,-,-,p0.3|n10,rmse,2.5890722679424627,25,41,arm7_x05,physics
iter05b_arm7,0,gb_eoh_2122r3,HP_Peak,paperA_sh_mh,none,-,-,-,p0.3|n10,mae,2.1281201324730845,25,41,arm7_x05,physics
iter05b_arm7,0,gb_eoh_2122r3,HP_Peak,paperA_sh_mh,none,-,-,-,p0.3|n10,mape,21.75372061650542,25,41,arm7_x05,physics
iter05b_arm7,0,gb_eoh_2122r3,HP_Peak,paperA_sh_mh,none,-,-,-,p0.3|n10,r2,-0.43886672249624326,25,41,arm7_x05,physics
iter05b_arm7,0,gb_eoh_2122r3,HP_Peak,paperA_sh_mh,none,-,-,-,p0.3|n10,n_pred_nan,0.0,25,41,arm7_x05,physics
iter05b_arm7,0,gb_eoh_2122r3,HP_Peak,paperA_sh_mh,none,-,-,-,p0.3|n10,mape_n_excluded,0.0,25,41,arm7_x05,physics
iter05b_arm7,0,gb_eoh_2122r3,HP_Peak,paperA_sh_mh,none,-,-,-,p0.3|n20,wape,21.481925731899914,15,51,arm7_x05,physics
iter05b_arm7,0,gb_eoh_2122r3,HP_Peak,paperA_sh_mh,none,-,-,-,p0.3|n20,rmse,5.186770419169972,15,51,arm7_x05,physics
iter05b_arm7,0,gb_eoh_2122r3,HP_Peak,paperA_sh_mh,none,-,-,-,p0.3|n20,mae,4.279894954906594,15,51,arm7_x05,physics
iter05b_arm7,0,gb_eoh_2122r3,HP_Peak,paperA_sh_mh,none,-,-,-,p0.3|n20,mape,20.998271234544514,15,51,arm7_x05,physics
iter05b_arm7,0,gb_eoh_2122r3,HP_Peak,paperA_sh_mh,none,-,-,-,p0.3|n20,r2,-3.3105570441676875,15,51,arm7_x05,physics
iter05b_arm7,0,gb_eoh_2122r3,HP_Peak,paperA_sh_mh,none,-,-,-,p0.3|n20,n_pred_nan,0.0,15,51,arm7_x05,physics
iter05b_arm7,0,gb_eoh_2122r3,HP_Peak,paperA_sh_mh,none,-,-,-,p0.3|n20,mape_n_excluded,0.0,15,51,arm7_x05,physics
iter05b_arm7,0,gb_eoh_2122r3,HP_Peak,paperA_sh_mh,none,-,-,-,p0.3|n40,wape,17.908201400409062,10,53,arm7_x05,physics
iter05b_arm7,0,gb_eoh_2122r3,HP_Peak,paperA_sh_mh,none,-,-,-,p0.3|n40,rmse,8.332800028756422,10,53,arm7_x05,physics
iter05b_arm7,0,gb_eoh_2122r3,HP_Peak,paperA_sh_mh,none,-,-,-,p0.3|n40,mae,7.484232309103601,10,53,arm7_x05,physics
iter05b_arm7,0,gb_eoh_2122r3,HP_Peak,paperA_sh_mh,none,-,-,-,p0.3|n40,mape,18.421930444212748,10,53,arm7_x05,physics
iter05b_arm7,0,gb_eoh_2122r3,HP_Peak,paperA_sh_mh,none,-,-,-,p0.3|n40,r2,-4.28984311347138,10,53,arm7_x05,physics
iter05b_arm7,0,gb_eoh_2122r3,HP_Peak,paperA_sh_mh,none,-,-,-,p0.3|n40,n_pred_nan,0.0,10,53,arm7_x05,physics
iter05b_arm7,0,gb_eoh_2122r3,HP_Peak,paperA_sh_mh,none,-,-,-,p0.3|n40,mape_n_excluded,0.0,10,53,arm7_x05,physics
iter05b_arm7,0,gb_eoh_2122r3,HP_Peak,paperA_sh_mh,none,-,-,-,p0.5|n10,wape,13.937410108533946,15,41,arm7_x05,physics
iter05b_arm7,0,gb_eoh_2122r3,HP_Peak,paperA_sh_mh,none,-,-,-,p0.5|n10,rmse,3.248874602928901,15,41,arm7_x05,physics
iter05b_arm7,0,gb_eoh_2122r3,HP_Peak,paperA_sh_mh,none,-,-,-,p0.5|n10,mae,2.301568218453165,15,41,arm7_x05,physics
iter05b_arm7,0,gb_eoh_2122r3,HP_Peak,paperA_sh_mh,none,-,-,-,p0.5|n10,mape,14.106977927481188,15,41,arm7_x05,physics
iter05b_arm7,0,gb_eoh_2122r3,HP_Peak,paperA_sh_mh,none,-,-,-,p0.5|n10,r2,-0.33320389066772016,15,41,arm7_x05,physics
iter05b_arm7,0,gb_eoh_2122r3,HP_Peak,paperA_sh_mh,none,-,-,-,p0.5|n10,n_pred_nan,0.0,15,41,arm7_x05,physics
iter05b_arm7,0,gb_eoh_2122r3,HP_Peak,paperA_sh_mh,none,-,-,-,p0.5|n10,mape_n_excluded,0.0,15,41,arm7_x05,physics
iter05b_arm7,0,gb_eoh_2122r3,HP_Peak,paperA_sh_mh,none,-,-,-,p0.5|n20,wape,13.260487288936417,10,49,arm7_x05,physics
iter05b_arm7,0,gb_eoh_2122r3,HP_Peak,paperA_sh_mh,none,-,-,-,p0.5|n20,rmse,5.518833811463231,10,49,arm7_x05,physics
iter05b_arm7,0,gb_eoh_2122r3,HP_Peak,paperA_sh_mh,none,-,-,-,p0.5|n20,mae,4.799028411908563,10,49,arm7_x05,physics
iter05b_arm7,0,gb_eoh_2122r3,HP_Peak,paperA_sh_mh,none,-,-,-,p0.5|n20,mape,13.646434825689123,10,49,arm7_x05,physics
iter05b_arm7,0,gb_eoh_2122r3,HP_Peak,paperA_sh_mh,none,-,-,-,p0.5|n20,r2,-0.9165367405823237,10,49,arm7_x05,physics
iter05b_arm7,0,gb_eoh_2122r3,HP_Peak,paperA_sh_mh,none,-,-,-,p0.5|n20,n_pred_nan,0.0,10,49,arm7_x05,physics
iter05b_arm7,0,gb_eoh_2122r3,HP_Peak,paperA_sh_mh,none,-,-,-,p0.5|n20,mape_n_excluded,0.0,10,49,arm7_x05,physics
iter05b_arm7,0,gb_eoh_2122r3,HP_Peak,paperA_sh_mh,none,-,-,-,p0.5|n40,wape,8.14789408174991,5,30,arm7_x05,physics
iter05b_arm7,0,gb_eoh_2122r3,HP_Peak,paperA_sh_mh,none,-,-,-,p0.5|n40,rmse,6.1723866369980405,5,30,arm7_x05,physics
iter05b_arm7,0,gb_eoh_2122r3,HP_Peak,paperA_sh_mh,none,-,-,-,p0.5|n40,mae,6.059225556355744,5,30,arm7_x05,physics
iter05b_arm7,0,gb_eoh_2122r3,HP_Peak,paperA_sh_mh,none,-,-,-,p0.5|n40,mape,8.14252135316178,5,30,arm7_x05,physics
iter05b_arm7,0,gb_eoh_2122r3,HP_Peak,paperA_sh_mh,none,-,-,-,p0.5|n40,r2,-17.62529229519927,5,30,arm7_x05,physics
iter05b_arm7,0,gb_eoh_2122r3,HP_Peak,paperA_sh_mh,none,-,-,-,p0.5|n40,n_pred_nan,0.0,5,30,arm7_x05,physics
iter05b_arm7,0,gb_eoh_2122r3,HP_Peak,paperA_sh_mh,none,-,-,-,p0.5|n40,mape_n_excluded,0.0,5,30,arm7_x05,physics
iter05b_arm7,0,gb_eoh_2122r3,HP_Peak,paperA_sh_mh,none,-,-,-,p0.8|n10,wape,10.509661911400372,10,44,arm7_x05,physics
iter05b_arm7,0,gb_eoh_2122r3,HP_Peak,paperA_sh_mh,none,-,-,-,p0.8|n10,rmse,3.8737344000002905,10,44,arm7_x05,physics
iter05b_arm7,0,gb_eoh_2122r3,HP_Peak,paperA_sh_mh,none,-,-,-,p0.8|n10,mae,2.9037010839979644,10,44,arm7_x05,physics
iter05b_arm7,0,gb_eoh_2122r3,HP_Peak,paperA_sh_mh,none,-,-,-,p0.8|n10,mape,10.929881461597136,10,44,arm7_x05,physics
iter05b_arm7,0,gb_eoh_2122r3,HP_Peak,paperA_sh_mh,none,-,-,-,p0.8|n10,r2,-1.2964315919045561,10,44,arm7_x05,physics
iter05b_arm7,0,gb_eoh_2122r3,HP_Peak,paperA_sh_mh,none,-,-,-,p0.8|n10,n_pred_nan,0.0,10,44,arm7_x05,physics
iter05b_arm7,0,gb_eoh_2122r3,HP_Peak,paperA_sh_mh,none,-,-,-,p0.8|n10,mape_n_excluded,0.0,10,44,arm7_x05,physics
iter05b_arm7,0,gb_eoh_2122r3,HP_Peak,paperA_sh_mh,none,-,-,-,p0.8|n20,wape,7.91638014345646,10,53,arm7_x05,physics
iter05b_arm7,0,gb_eoh_2122r3,HP_Peak,paperA_sh_mh,none,-,-,-,p0.8|n20,rmse,5.573479703261576,10,53,arm7_x05,physics
iter05b_arm7,0,gb_eoh_2122r3,HP_Peak,paperA_sh_mh,none,-,-,-,p0.8|n20,mae,4.393552443100477,10,53,arm7_x05,physics
iter05b_arm7,0,gb_eoh_2122r3,HP_Peak,paperA_sh_mh,none,-,-,-,p0.8|n20,mape,8.197651752790932,10,53,arm7_x05,physics
iter05b_arm7,0,gb_eoh_2122r3,HP_Peak,paperA_sh_mh,none,-,-,-,p0.8|n20,r2,-0.6165873291361128,10,53,arm7_x05,physics
iter05b_arm7,0,gb_eoh_2122r3,HP_Peak,paperA_sh_mh,none,-,-,-,p0.8|n20,n_pred_nan,0.0,10,53,arm7_x05,physics
iter05b_arm7,0,gb_eoh_2122r3,HP_Peak,paperA_sh_mh,none,-,-,-,p0.8|n20,mape_n_excluded,0.0,10,53,arm7_x05,physics
iter05b_arm7,0,gb_eoh_2122r3,HP_Peak,paperA_sh_mh,none,-,-,-,p1.0|n10,wape,11.956616055940932,10,52,arm7_x05,physics
iter05b_arm7,0,gb_eoh_2122r3,HP_Peak,paperA_sh_mh,none,-,-,-,p1.0|n10,rmse,4.483009651872622,10,52,arm7_x05,physics
iter05b_arm7,0,gb_eoh_2122r3,HP_Peak,paperA_sh_mh,none,-,-,-,p1.0|n10,mae,4.200737356191546,10,52,arm7_x05,physics
iter05b_arm7,0,gb_eoh_2122r3,HP_Peak,paperA_sh_mh,none,-,-,-,p1.0|n10,mape,12.165539316241773,10,52,arm7_x05,physics
iter05b_arm7,0,gb_eoh_2122r3,HP_Peak,paperA_sh_mh,none,-,-,-,p1.0|n10,r2,-2.368750708538272,10,52,arm7_x05,physics
iter05b_arm7,0,gb_eoh_2122r3,HP_Peak,paperA_sh_mh,none,-,-,-,p1.0|n10,n_pred_nan,0.0,10,52,arm7_x05,physics
iter05b_arm7,0,gb_eoh_2122r3,HP_Peak,paperA_sh_mh,none,-,-,-,p1.0|n10,mape_n_excluded,0.0,10,52,arm7_x05,physics
iter05b_arm7,0,gb_eoh_2122r3,HP_Peak,paperA_sh_mh,none,-,-,-,p1.0|n20,wape,4.699618361992513,5,30,arm7_x05,physics
iter05b_arm7,0,gb_eoh_2122r3,HP_Peak,paperA_sh_mh,none,-,-,-,p1.0|n20,rmse,3.7057795974353462,5,30,arm7_x05,physics
iter05b_arm7,0,gb_eoh_2122r3,HP_Peak,paperA_sh_mh,none,-,-,-,p1.0|n20,mae,3.446809096850129,5,30,arm7_x05,physics
iter05b_arm7,0,gb_eoh_2122r3,HP_Peak,paperA_sh_mh,none,-,-,-,p1.0|n20,mape,4.724082512953219,5,30,arm7_x05,physics
iter05b_arm7,0,gb_eoh_2122r3,HP_Peak,paperA_sh_mh,none,-,-,-,p1.0|n20,r2,-0.6757703912994593,5,30,arm7_x05,physics
iter05b_arm7,0,gb_eoh_2122r3,HP_Peak,paperA_sh_mh,none,-,-,-,p1.0|n20,n_pred_nan,0.0,5,30,arm7_x05,physics
iter05b_arm7,0,gb_eoh_2122r3,HP_Peak,paperA_sh_mh,none,-,-,-,p1.0|n20,mape_n_excluded,0.0,5,30,arm7_x05,physics
iter05b_arm7,0,gb_eoh_2122r3,HP_Peak,paperA_sh_mh_station,none,-,-,-,all,wape,47.39182813406924,455,81,arm7_x05,physics
iter05b_arm7,0,gb_eoh_2122r3,HP_Peak,paperA_sh_mh_station,none,-,-,-,all,rmse,11.246721028362265,455,81,arm7_x05,physics
iter05b_arm7,0,gb_eoh_2122r3,HP_Peak,paperA_sh_mh_station,none,-,-,-,all,mae,7.508790610644762,455,81,arm7_x05,physics
iter05b_arm7,0,gb_eoh_2122r3,HP_Peak,paperA_sh_mh_station,none,-,-,-,all,mape,74.23574535214841,455,81,arm7_x05,physics
iter05b_arm7,0,gb_eoh_2122r3,HP_Peak,paperA_sh_mh_station,none,-,-,-,all,r2,0.5371980101647402,455,81,arm7_x05,physics
iter05b_arm7,0,gb_eoh_2122r3,HP_Peak,paperA_sh_mh_station,none,-,-,-,all,n_pred_nan,0.0,455,81,arm7_x05,physics
iter05b_arm7,0,gb_eoh_2122r3,HP_Peak,paperA_sh_mh_station,none,-,-,-,all,mape_n_excluded,0.0,455,81,arm7_x05,physics
iter05b_arm7,0,gb_eoh_2122r3,HP_Peak,paperA_sh_mh_station,none,-,-,-,all,n_invalid,0.0,455,81,arm7_x05,physics
iter05b_arm7,0,gb_eoh_2122r3,HP_Peak,paperA_sh_mh_station,none,-,-,-,all,n_station_fallback,90.0,455,81,arm7_x05,physics
iter05b_arm7,0,gb_eoh_2122r3,HP_Peak,paperA_sh_mh_station,none,-,-,-,pbin<=15,wape,99.14264500675493,265,81,arm7_x05,physics
iter05b_arm7,0,gb_eoh_2122r3,HP_Peak,paperA_sh_mh_station,none,-,-,-,pbin<=15,rmse,13.164204841894819,265,81,arm7_x05,physics
iter05b_arm7,0,gb_eoh_2122r3,HP_Peak,paperA_sh_mh_station,none,-,-,-,pbin<=15,mae,8.923163532221588,265,81,arm7_x05,physics
iter05b_arm7,0,gb_eoh_2122r3,HP_Peak,paperA_sh_mh_station,none,-,-,-,pbin<=15,mape,108.70529884288827,265,81,arm7_x05,physics
iter05b_arm7,0,gb_eoh_2122r3,HP_Peak,paperA_sh_mh_station,none,-,-,-,pbin<=15,r2,-1.0154592628031507,265,81,arm7_x05,physics
iter05b_arm7,0,gb_eoh_2122r3,HP_Peak,paperA_sh_mh_station,none,-,-,-,pbin<=15,n_pred_nan,0.0,265,81,arm7_x05,physics
iter05b_arm7,0,gb_eoh_2122r3,HP_Peak,paperA_sh_mh_station,none,-,-,-,pbin<=15,mape_n_excluded,0.0,265,81,arm7_x05,physics
iter05b_arm7,0,gb_eoh_2122r3,HP_Peak,paperA_sh_mh_station,none,-,-,-,pbin15-35,wape,29.933044899222466,125,81,arm7_x05,physics
iter05b_arm7,0,gb_eoh_2122r3,HP_Peak,paperA_sh_mh_station,none,-,-,-,pbin15-35,rmse,7.982191551093525,125,81,arm7_x05,physics
iter05b_arm7,0,gb_eoh_2122r3,HP_Peak,paperA_sh_mh_station,none,-,-,-,pbin15-35,mae,5.491391943103051,125,81,arm7_x05,physics
iter05b_arm7,0,gb_eoh_2122r3,HP_Peak,paperA_sh_mh_station,none,-,-,-,pbin15-35,mape,32.32434860903312,125,81,arm7_x05,physics
iter05b_arm7,0,gb_eoh_2122r3,HP_Peak,paperA_sh_mh_station,none,-,-,-,pbin15-35,r2,0.7262630719163068,125,81,arm7_x05,physics
iter05b_arm7,0,gb_eoh_2122r3,HP_Peak,paperA_sh_mh_station,none,-,-,-,pbin15-35,n_pred_nan,0.0,125,81,arm7_x05,physics
iter05b_arm7,0,gb_eoh_2122r3,HP_Peak,paperA_sh_mh_station,none,-,-,-,pbin15-35,mape_n_excluded,0.0,125,81,arm7_x05,physics
iter05b_arm7,0,gb_eoh_2122r3,HP_Peak,paperA_sh_mh_station,none,-,-,-,pbin35-65,wape,18.490087984553433,30,63,arm7_x05,physics
iter05b_arm7,0,gb_eoh_2122r3,HP_Peak,paperA_sh_mh_station,none,-,-,-,pbin35-65,rmse,8.239092180130777,30,63,arm7_x05,physics
iter05b_arm7,0,gb_eoh_2122r3,HP_Peak,paperA_sh_mh_station,none,-,-,-,pbin35-65,mae,6.048946569831206,30,63,arm7_x05,physics
iter05b_arm7,0,gb_eoh_2122r3,HP_Peak,paperA_sh_mh_station,none,-,-,-,pbin35-65,mape,17.982357530066608,30,63,arm7_x05,physics
iter05b_arm7,0,gb_eoh_2122r3,HP_Peak,paperA_sh_mh_station,none,-,-,-,pbin35-65,r2,0.8435860986496065,30,63,arm7_x05,physics
iter05b_arm7,0,gb_eoh_2122r3,HP_Peak,paperA_sh_mh_station,none,-,-,-,pbin35-65,n_pred_nan,0.0,30,63,arm7_x05,physics
iter05b_arm7,0,gb_eoh_2122r3,HP_Peak,paperA_sh_mh_station,none,-,-,-,pbin35-65,mape_n_excluded,0.0,30,63,arm7_x05,physics
iter05b_arm7,0,gb_eoh_2122r3,HP_Peak,paperA_sh_mh_station,none,-,-,-,pbin>65,wape,11.874122931030197,35,55,arm7_x05,physics
iter05b_arm7,0,gb_eoh_2122r3,HP_Peak,paperA_sh_mh_station,none,-,-,-,pbin>65,rmse,6.820044741904127,35,55,arm7_x05,physics
iter05b_arm7,0,gb_eoh_2122r3,HP_Peak,paperA_sh_mh_station,none,-,-,-,pbin>65,mae,5.256257194909385,35,55,arm7_x05,physics
iter05b_arm7,0,gb_eoh_2122r3,HP_Peak,paperA_sh_mh_station,none,-,-,-,pbin>65,mape,11.152732566599841,35,55,arm7_x05,physics
iter05b_arm7,0,gb_eoh_2122r3,HP_Peak,paperA_sh_mh_station,none,-,-,-,pbin>65,r2,0.8277157352789566,35,55,arm7_x05,physics
iter05b_arm7,0,gb_eoh_2122r3,HP_Peak,paperA_sh_mh_station,none,-,-,-,pbin>65,n_pred_nan,0.0,35,55,arm7_x05,physics
iter05b_arm7,0,gb_eoh_2122r3,HP_Peak,paperA_sh_mh_station,none,-,-,-,pbin>65,mape_n_excluded,0.0,35,55,arm7_x05,physics
iter05b_arm7,0,gb_eoh_2122r3,HP_Peak,paperA_sh_mh_station,none,-,-,-,p0.05|n10,wape,65.37205263606282,40,25,arm7_x05,physics
iter05b_arm7,0,gb_eoh_2122r3,HP_Peak,paperA_sh_mh_station,none,-,-,-,p0.05|n10,rmse,2.8382135751629134,40,25,arm7_x05,physics
iter05b_arm7,0,gb_eoh_2122r3,HP_Peak,paperA_sh_mh_station,none,-,-,-,p0.05|n10,mae,2.2595381885714887,40,25,arm7_x05,physics
iter05b_arm7,0,gb_eoh_2122r3,HP_Peak,paperA_sh_mh_station,none,-,-,-,p0.05|n10,mape,78.58287962227736,40,25,arm7_x05,physics
iter05b_arm7,0,gb_eoh_2122r3,HP_Peak,paperA_sh_mh_station,none,-,-,-,p0.05|n10,r2,-5.626556078712304,40,25,arm7_x05,physics
iter05b_arm7,0,gb_eoh_2122r3,HP_Peak,paperA_sh_mh_station,none,-,-,-,p0.05|n10,n_pred_nan,0.0,40,25,arm7_x05,physics
iter05b_arm7,0,gb_eoh_2122r3,HP_Peak,paperA_sh_mh_station,none,-,-,-,p0.05|n10,mape_n_excluded,0.0,40,25,arm7_x05,physics
iter05b_arm7,0,gb_eoh_2122r3,HP_Peak,paperA_sh_mh_station,none,-,-,-,p0.05|n20,wape,126.55513520408776,40,29,arm7_x05,physics
iter05b_arm7,0,gb_eoh_2122r3,HP_Peak,paperA_sh_mh_station,none,-,-,-,p0.05|n20,rmse,5.225644680031755,40,29,arm7_x05,physics
iter05b_arm7,0,gb_eoh_2122r3,HP_Peak,paperA_sh_mh_station,none,-,-,-,p0.05|n20,mae,4.561909496072549,40,29,arm7_x05,physics
iter05b_arm7,0,gb_eoh_2122r3,HP_Peak,paperA_sh_mh_station,none,-,-,-,p0.05|n20,mape,147.68310085150205,40,29,arm7_x05,physics
iter05b_arm7,0,gb_eoh_2122r3,HP_Peak,paperA_sh_mh_station,none,-,-,-,p0.05|n20,r2,-24.893612534275768,40,29,arm7_x05,physics
iter05b_arm7,0,gb_eoh_2122r3,HP_Peak,paperA_sh_mh_station,none,-,-,-,p0.05|n20,n_pred_nan,0.0,40,29,arm7_x05,physics
iter05b_arm7,0,gb_eoh_2122r3,HP_Peak,paperA_sh_mh_station,none,-,-,-,p0.05|n20,mape_n_excluded,0.0,40,29,arm7_x05,physics
iter05b_arm7,0,gb_eoh_2122r3,HP_Peak,paperA_sh_mh_station,none,-,-,-,p0.05|n40,wape,151.51846649232328,40,40,arm7_x05,physics
iter05b_arm7,0,gb_eoh_2122r3,HP_Peak,paperA_sh_mh_station,none,-,-,-,p0.05|n40,rmse,10.202594811085262,40,40,arm7_x05,physics
iter05b_arm7,0,gb_eoh_2122r3,HP_Peak,paperA_sh_mh_station,none,-,-,-,p0.05|n40,mae,9.769914072530655,40,40,arm7_x05,physics
iter05b_arm7,0,gb_eoh_2122r3,HP_Peak,paperA_sh_mh_station,none,-,-,-,p0.05|n40,mape,164.31379217694814,40,40,arm7_x05,physics
iter05b_arm7,0,gb_eoh_2122r3,HP_Peak,paperA_sh_mh_station,none,-,-,-,p0.05|n40,r2,-39.91764787873373,40,40,arm7_x05,physics
iter05b_arm7,0,gb_eoh_2122r3,HP_Peak,paperA_sh_mh_station,none,-,-,-,p0.05|n40,n_pred_nan,0.0,40,40,arm7_x05,physics
iter05b_arm7,0,gb_eoh_2122r3,HP_Peak,paperA_sh_mh_station,none,-,-,-,p0.05|n40,mape_n_excluded,0.0,40,40,arm7_x05,physics
iter05b_arm7,0,gb_eoh_2122r3,HP_Peak,paperA_sh_mh_station,none,-,-,-,p0.05|n80,wape,149.0443810446227,15,39,arm7_x05,physics
iter05b_arm7,0,gb_eoh_2122r3,HP_Peak,paperA_sh_mh_station,none,-,-,-,p0.05|n80,rmse,20.826650029183924,15,39,arm7_x05,physics
iter05b_arm7,0,gb_eoh_2122r3,HP_Peak,paperA_sh_mh_station,none,-,-,-,p0.05|n80,mae,19.839056545812603,15,39,arm7_x05,physics
iter05b_arm7,0,gb_eoh_2122r3,HP_Peak,paperA_sh_mh_station,none,-,-,-,p0.05|n80,mape,152.8998935417012,15,39,arm7_x05,physics
iter05b_arm7,0,gb_eoh_2122r3,HP_Peak,paperA_sh_mh_station,none,-,-,-,p0.05|n80,r2,-152.386903993057,15,39,arm7_x05,physics
iter05b_arm7,0,gb_eoh_2122r3,HP_Peak,paperA_sh_mh_station,none,-,-,-,p0.05|n80,n_pred_nan,0.0,15,39,arm7_x05,physics
iter05b_arm7,0,gb_eoh_2122r3,HP_Peak,paperA_sh_mh_station,none,-,-,-,p0.05|n80,mape_n_excluded,0.0,15,39,arm7_x05,physics
iter05b_arm7,0,gb_eoh_2122r3,HP_Peak,paperA_sh_mh_station,none,-,-,-,p0.05|n120,wape,159.26157224536,15,53,arm7_x05,physics
iter05b_arm7,0,gb_eoh_2122r3,HP_Peak,paperA_sh_mh_station,none,-,-,-,p0.05|n120,rmse,32.475080644502164,15,53,arm7_x05,physics
iter05b_arm7,0,gb_eoh_2122r3,HP_Peak,paperA_sh_mh_station,none,-,-,-,p0.05|n120,mae,31.863594608888537,15,53,arm7_x05,physics
iter05b_arm7,0,gb_eoh_2122r3,HP_Peak,paperA_sh_mh_station,none,-,-,-,p0.05|n120,mape,163.8322674201774,15,53,arm7_x05,physics
iter05b_arm7,0,gb_eoh_2122r3,HP_Peak,paperA_sh_mh_station,none,-,-,-,p0.05|n120,r2,-124.37718127485417,15,53,arm7_x05,physics
iter05b_arm7,0,gb_eoh_2122r3,HP_Peak,paperA_sh_mh_station,none,-,-,-,p0.05|n120,n_pred_nan,0.0,15,53,arm7_x05,physics
iter05b_arm7,0,gb_eoh_2122r3,HP_Peak,paperA_sh_mh_station,none,-,-,-,p0.05|n120,mape_n_excluded,0.0,15,53,arm7_x05,physics
iter05b_arm7,0,gb_eoh_2122r3,HP_Peak,paperA_sh_mh_station,none,-,-,-,p0.1|n10,wape,71.21244732705357,40,26,arm7_x05,physics
iter05b_arm7,0,gb_eoh_2122r3,HP_Peak,paperA_sh_mh_station,none,-,-,-,p0.1|n10,rmse,3.3754415717347013,40,26,arm7_x05,physics
iter05b_arm7,0,gb_eoh_2122r3,HP_Peak,paperA_sh_mh_station,none,-,-,-,p0.1|n10,mae,2.562466020814997,40,26,arm7_x05,physics
iter05b_arm7,0,gb_eoh_2122r3,HP_Peak,paperA_sh_mh_station,none,-,-,-,p0.1|n10,mape,79.31944941201883,40,26,arm7_x05,physics
iter05b_arm7,0,gb_eoh_2122r3,HP_Peak,paperA_sh_mh_station,none,-,-,-,p0.1|n10,r2,-14.724915987624918,40,26,arm7_x05,physics
iter05b_arm7,0,gb_eoh_2122r3,HP_Peak,paperA_sh_mh_station,none,-,-,-,p0.1|n10,n_pred_nan,0.0,40,26,arm7_x05,physics
iter05b_arm7,0,gb_eoh_2122r3,HP_Peak,paperA_sh_mh_station,none,-,-,-,p0.1|n10,mape_n_excluded,0.0,40,26,arm7_x05,physics
iter05b_arm7,0,gb_eoh_2122r3,HP_Peak,paperA_sh_mh_station,none,-,-,-,p0.1|n20,wape,60.743773488620334,40,44,arm7_x05,physics
iter05b_arm7,0,gb_eoh_2122r3,HP_Peak,paperA_sh_mh_station,none,-,-,-,p0.1|n20,rmse,4.817289090779685,40,44,arm7_x05,physics
iter05b_arm7,0,gb_eoh_2122r3,HP_Peak,paperA_sh_mh_station,none,-,-,-,p0.1|n20,mae,4.237220822233892,40,44,arm7_x05,physics
iter05b_arm7,0,gb_eoh_2122r3,HP_Peak,paperA_sh_mh_station,none,-,-,-,p0.1|n20,mape,68.71274446333324,40,44,arm7_x05,physics
iter05b_arm7,0,gb_eoh_2122r3,HP_Peak,paperA_sh_mh_station,none,-,-,-,p0.1|n20,r2,-9.538496246102516,40,44,arm7_x05,physics
iter05b_arm7,0,gb_eoh_2122r3,HP_Peak,paperA_sh_mh_station,none,-,-,-,p0.1|n20,n_pred_nan,0.0,40,44,arm7_x05,physics
iter05b_arm7,0,gb_eoh_2122r3,HP_Peak,paperA_sh_mh_station,none,-,-,-,p0.1|n20,mape_n_excluded,0.0,40,44,arm7_x05,physics
iter05b_arm7,0,gb_eoh_2122r3,HP_Peak,paperA_sh_mh_station,none,-,-,-,p0.1|n40,wape,74.05709892391711,15,39,arm7_x05,physics
iter05b_arm7,0,gb_eoh_2122r3,HP_Peak,paperA_sh_mh_station,none,-,-,-,p0.1|n40,rmse,10.796533711081183,15,39,arm7_x05,physics
iter05b_arm7,0,gb_eoh_2122r3,HP_Peak,paperA_sh_mh_station,none,-,-,-,p0.1|n40,mae,9.963914831390833,15,39,arm7_x05,physics
iter05b_arm7,0,gb_eoh_2122r3,HP_Peak,paperA_sh_mh_station,none,-,-,-,p0.1|n40,mape,76.63197531661375,15,39,arm7_x05,physics
iter05b_arm7,0,gb_eoh_2122r3,HP_Peak,paperA_sh_mh_station,none,-,-,-,p0.1|n40,r2,-21.690562794982522,15,39,arm7_x05,physics
iter05b_arm7,0,gb_eoh_2122r3,HP_Peak,paperA_sh_mh_station,none,-,-,-,p0.1|n40,n_pred_nan,0.0,15,39,arm7_x05,physics
iter05b_arm7,0,gb_eoh_2122r3,HP_Peak,paperA_sh_mh_station,none,-,-,-,p0.1|n40,mape_n_excluded,0.0,15,39,arm7_x05,physics
iter05b_arm7,0,gb_eoh_2122r3,HP_Peak,paperA_sh_mh_station,none,-,-,-,p0.1|n80,wape,62.48780075143635,10,46,arm7_x05,physics
iter05b_arm7,0,gb_eoh_2122r3,HP_Peak,paperA_sh_mh_station,none,-,-,-,p0.1|n80,rmse,18.444987021115164,10,46,arm7_x05,physics
iter05b_arm7,0,gb_eoh_2122r3,HP_Peak,paperA_sh_mh_station,none,-,-,-,p0.1|n80,mae,17.952243057717688,10,46,arm7_x05,physics
iter05b_arm7,0,gb_eoh_2122r3,HP_Peak,paperA_sh_mh_station,none,-,-,-,p0.1|n80,mape,62.15107791286588,10,46,arm7_x05,physics
iter05b_arm7,0,gb_eoh_2122r3,HP_Peak,paperA_sh_mh_station,none,-,-,-,p0.1|n80,r2,-73.25952153532563,10,46,arm7_x05,physics
iter05b_arm7,0,gb_eoh_2122r3,HP_Peak,paperA_sh_mh_station,none,-,-,-,p0.1|n80,n_pred_nan,0.0,10,46,arm7_x05,physics
iter05b_arm7,0,gb_eoh_2122r3,HP_Peak,paperA_sh_mh_station,none,-,-,-,p0.1|n80,mape_n_excluded,0.0,10,46,arm7_x05,physics
iter05b_arm7,0,gb_eoh_2122r3,HP_Peak,paperA_sh_mh_station,none,-,-,-,p0.1|n120,wape,74.95563237346022,10,51,arm7_x05,physics
iter05b_arm7,0,gb_eoh_2122r3,HP_Peak,paperA_sh_mh_station,none,-,-,-,p0.1|n120,rmse,33.88943088610346,10,51,arm7_x05,physics
iter05b_arm7,0,gb_eoh_2122r3,HP_Peak,paperA_sh_mh_station,none,-,-,-,p0.1|n120,mae,32.44754716612211,10,51,arm7_x05,physics
iter05b_arm7,0,gb_eoh_2122r3,HP_Peak,paperA_sh_mh_station,none,-,-,-,p0.1|n120,mape,74.04527090161645,10,51,arm7_x05,physics
iter05b_arm7,0,gb_eoh_2122r3,HP_Peak,paperA_sh_mh_station,none,-,-,-,p0.1|n120,r2,-72.68096807320823,10,51,arm7_x05,physics
iter05b_arm7,0,gb_eoh_2122r3,HP_Peak,paperA_sh_mh_station,none,-,-,-,p0.1|n120,n_pred_nan,0.0,10,51,arm7_x05,physics
iter05b_arm7,0,gb_eoh_2122r3,HP_Peak,paperA_sh_mh_station,none,-,-,-,p0.1|n120,mape_n_excluded,0.0,10,51,arm7_x05,physics
iter05b_arm7,0,gb_eoh_2122r3,HP_Peak,paperA_sh_mh_station,none,-,-,-,p0.2|n10,wape,36.84300140193863,40,40,arm7_x05,physics
iter05b_arm7,0,gb_eoh_2122r3,HP_Peak,paperA_sh_mh_station,none,-,-,-,p0.2|n10,rmse,3.220765229740411,40,40,arm7_x05,physics
iter05b_arm7,0,gb_eoh_2122r3,HP_Peak,paperA_sh_mh_station,none,-,-,-,p0.2|n10,mae,2.5197671153698225,40,40,arm7_x05,physics
iter05b_arm7,0,gb_eoh_2122r3,HP_Peak,paperA_sh_mh_station,none,-,-,-,p0.2|n10,mape,40.47939140403372,40,40,arm7_x05,physics
iter05b_arm7,0,gb_eoh_2122r3,HP_Peak,paperA_sh_mh_station,none,-,-,-,p0.2|n10,r2,-4.291886750215507,40,40,arm7_x05,physics
iter05b_arm7,0,gb_eoh_2122r3,HP_Peak,paperA_sh_mh_station,none,-,-,-,p0.2|n10,n_pred_nan,0.0,40,40,arm7_x05,physics
iter05b_arm7,0,gb_eoh_2122r3,HP_Peak,paperA_sh_mh_station,none,-,-,-,p0.2|n10,mape_n_excluded,0.0,40,40,arm7_x05,physics
iter05b_arm7,0,gb_eoh_2122r3,HP_Peak,paperA_sh_mh_station,none,-,-,-,p0.2|n20,wape,36.0314785211382,15,40,arm7_x05,physics
iter05b_arm7,0,gb_eoh_2122r3,HP_Peak,paperA_sh_mh_station,none,-,-,-,p0.2|n20,rmse,5.561456830274498,15,40,arm7_x05,physics
iter05b_arm7,0,gb_eoh_2122r3,HP_Peak,paperA_sh_mh_station,none,-,-,-,p0.2|n20,mae,4.665353819169998,15,40,arm7_x05,physics
iter05b_arm7,0,gb_eoh_2122r3,HP_Peak,paperA_sh_mh_station,none,-,-,-,p0.2|n20,mape,36.92620706703035,15,40,arm7_x05,physics
iter05b_arm7,0,gb_eoh_2122r3,HP_Peak,paperA_sh_mh_station,none,-,-,-,p0.2|n20,r2,-8.284519927401238,15,40,arm7_x05,physics
iter05b_arm7,0,gb_eoh_2122r3,HP_Peak,paperA_sh_mh_station,none,-,-,-,p0.2|n20,n_pred_nan,0.0,15,40,arm7_x05,physics
iter05b_arm7,0,gb_eoh_2122r3,HP_Peak,paperA_sh_mh_station,none,-,-,-,p0.2|n20,mape_n_excluded,0.0,15,40,arm7_x05,physics
iter05b_arm7,0,gb_eoh_2122r3,HP_Peak,paperA_sh_mh_station,none,-,-,-,p0.2|n40,wape,37.11269440958003,10,45,arm7_x05,physics
iter05b_arm7,0,gb_eoh_2122r3,HP_Peak,paperA_sh_mh_station,none,-,-,-,p0.2|n40,rmse,11.622916660685982,10,45,arm7_x05,physics
iter05b_arm7,0,gb_eoh_2122r3,HP_Peak,paperA_sh_mh_station,none,-,-,-,p0.2|n40,mae,10.643171707189037,10,45,arm7_x05,physics
iter05b_arm7,0,gb_eoh_2122r3,HP_Peak,paperA_sh_mh_station,none,-,-,-,p0.2|n40,mape,36.70068057175422,10,45,arm7_x05,physics
iter05b_arm7,0,gb_eoh_2122r3,HP_Peak,paperA_sh_mh_station,none,-,-,-,p0.2|n40,r2,-41.981710440388646,10,45,arm7_x05,physics
iter05b_arm7,0,gb_eoh_2122r3,HP_Peak,paperA_sh_mh_station,none,-,-,-,p0.2|n40,n_pred_nan,0.0,10,45,arm7_x05,physics
iter05b_arm7,0,gb_eoh_2122r3,HP_Peak,paperA_sh_mh_station,none,-,-,-,p0.2|n40,mape_n_excluded,0.0,10,45,arm7_x05,physics
iter05b_arm7,0,gb_eoh_2122r3,HP_Peak,paperA_sh_mh_station,none,-,-,-,p0.2|n80,wape,33.63768695913217,10,53,arm7_x05,physics
iter05b_arm7,0,gb_eoh_2122r3,HP_Peak,paperA_sh_mh_station,none,-,-,-,p0.2|n80,rmse,20.24647212770514,10,53,arm7_x05,physics
iter05b_arm7,0,gb_eoh_2122r3,HP_Peak,paperA_sh_mh_station,none,-,-,-,p0.2|n80,mae,18.96596690363814,10,53,arm7_x05,physics
iter05b_arm7,0,gb_eoh_2122r3,HP_Peak,paperA_sh_mh_station,none,-,-,-,p0.2|n80,mape,33.182302445469915,10,53,arm7_x05,physics
iter05b_arm7,0,gb_eoh_2122r3,HP_Peak,paperA_sh_mh_station,none,-,-,-,p0.2|n80,r2,-21.714576115767926,10,53,arm7_x05,physics
iter05b_arm7,0,gb_eoh_2122r3,HP_Peak,paperA_sh_mh_station,none,-,-,-,p0.2|n80,n_pred_nan,0.0,10,53,arm7_x05,physics
iter05b_arm7,0,gb_eoh_2122r3,HP_Peak,paperA_sh_mh_station,none,-,-,-,p0.2|n80,mape_n_excluded,0.0,10,53,arm7_x05,physics
iter05b_arm7,0,gb_eoh_2122r3,HP_Peak,paperA_sh_mh_station,none,-,-,-,p0.3|n10,wape,22.747212762961247,25,41,arm7_x05,physics
iter05b_arm7,0,gb_eoh_2122r3,HP_Peak,paperA_sh_mh_station,none,-,-,-,p0.3|n10,rmse,3.035567401712238,25,41,arm7_x05,physics
iter05b_arm7,0,gb_eoh_2122r3,HP_Peak,paperA_sh_mh_station,none,-,-,-,p0.3|n10,mae,2.3477737734456223,25,41,arm7_x05,physics
iter05b_arm7,0,gb_eoh_2122r3,HP_Peak,paperA_sh_mh_station,none,-,-,-,p0.3|n10,mape,23.1527475261309,25,41,arm7_x05,physics
iter05b_arm7,0,gb_eoh_2122r3,HP_Peak,paperA_sh_mh_station,none,-,-,-,p0.3|n10,r2,-0.9779348541635191,25,41,arm7_x05,physics
iter05b_arm7,0,gb_eoh_2122r3,HP_Peak,paperA_sh_mh_station,none,-,-,-,p0.3|n10,n_pred_nan,0.0,25,41,arm7_x05,physics
iter05b_arm7,0,gb_eoh_2122r3,HP_Peak,paperA_sh_mh_station,none,-,-,-,p0.3|n10,mape_n_excluded,0.0,25,41,arm7_x05,physics
iter05b_arm7,0,gb_eoh_2122r3,HP_Peak,paperA_sh_mh_station,none,-,-,-,p0.3|n20,wape,27.05301643382738,15,51,arm7_x05,physics
iter05b_arm7,0,gb_eoh_2122r3,HP_Peak,paperA_sh_mh_station,none,-,-,-,p0.3|n20,rmse,6.419186092644054,15,51,arm7_x05,physics
iter05b_arm7,0,gb_eoh_2122r3,HP_Peak,paperA_sh_mh_station,none,-,-,-,p0.3|n20,mae,5.389836553536152,15,51,arm7_x05,physics
iter05b_arm7,0,gb_eoh_2122r3,HP_Peak,paperA_sh_mh_station,none,-,-,-,p0.3|n20,mape,26.824193744971282,15,51,arm7_x05,physics
iter05b_arm7,0,gb_eoh_2122r3,HP_Peak,paperA_sh_mh_station,none,-,-,-,p0.3|n20,r2,-5.602361174931045,15,51,arm7_x05,physics
iter05b_arm7,0,gb_eoh_2122r3,HP_Peak,paperA_sh_mh_station,none,-,-,-,p0.3|n20,n_pred_nan,0.0,15,51,arm7_x05,physics
iter05b_arm7,0,gb_eoh_2122r3,HP_Peak,paperA_sh_mh_station,none,-,-,-,p0.3|n20,mape_n_excluded,0.0,15,51,arm7_x05,physics
iter05b_arm7,0,gb_eoh_2122r3,HP_Peak,paperA_sh_mh_station,none,-,-,-,p0.3|n40,wape,19.14704464880554,10,53,arm7_x05,physics
iter05b_arm7,0,gb_eoh_2122r3,HP_Peak,paperA_sh_mh_station,none,-,-,-,p0.3|n40,rmse,8.871123526555198,10,53,arm7_x05,physics
iter05b_arm7,0,gb_eoh_2122r3,HP_Peak,paperA_sh_mh_station,none,-,-,-,p0.3|n40,mae,8.001972223808378,10,53,arm7_x05,physics
iter05b_arm7,0,gb_eoh_2122r3,HP_Peak,paperA_sh_mh_station,none,-,-,-,p0.3|n40,mape,18.746338946225283,10,53,arm7_x05,physics
iter05b_arm7,0,gb_eoh_2122r3,HP_Peak,paperA_sh_mh_station,none,-,-,-,p0.3|n40,r2,-4.995399477911847,10,53,arm7_x05,physics
iter05b_arm7,0,gb_eoh_2122r3,HP_Peak,paperA_sh_mh_station,none,-,-,-,p0.3|n40,n_pred_nan,0.0,10,53,arm7_x05,physics
iter05b_arm7,0,gb_eoh_2122r3,HP_Peak,paperA_sh_mh_station,none,-,-,-,p0.3|n40,mape_n_excluded,0.0,10,53,arm7_x05,physics
iter05b_arm7,0,gb_eoh_2122r3,HP_Peak,paperA_sh_mh_station,none,-,-,-,p0.5|n10,wape,18.775806091756213,15,41,arm7_x05,physics
iter05b_arm7,0,gb_eoh_2122r3,HP_Peak,paperA_sh_mh_station,none,-,-,-,p0.5|n10,rmse,4.032499848654258,15,41,arm7_x05,physics
iter05b_arm7,0,gb_eoh_2122r3,HP_Peak,paperA_sh_mh_station,none,-,-,-,p0.5|n10,mae,3.1005615993293767,15,41,arm7_x05,physics
iter05b_arm7,0,gb_eoh_2122r3,HP_Peak,paperA_sh_mh_station,none,-,-,-,p0.5|n10,mape,19.14678553937327,15,41,arm7_x05,physics
iter05b_arm7,0,gb_eoh_2122r3,HP_Peak,paperA_sh_mh_station,none,-,-,-,p0.5|n10,r2,-1.0539004665989813,15,41,arm7_x05,physics
iter05b_arm7,0,gb_eoh_2122r3,HP_Peak,paperA_sh_mh_station,none,-,-,-,p0.5|n10,n_pred_nan,0.0,15,41,arm7_x05,physics
iter05b_arm7,0,gb_eoh_2122r3,HP_Peak,paperA_sh_mh_station,none,-,-,-,p0.5|n10,mape_n_excluded,0.0,15,41,arm7_x05,physics
iter05b_arm7,0,gb_eoh_2122r3,HP_Peak,paperA_sh_mh_station,none,-,-,-,p0.5|n20,wape,15.201450765433492,10,49,arm7_x05,physics
iter05b_arm7,0,gb_eoh_2122r3,HP_Peak,paperA_sh_mh_station,none,-,-,-,p0.5|n20,rmse,7.10490482999672,10,49,arm7_x05,physics
iter05b_arm7,0,gb_eoh_2122r3,HP_Peak,paperA_sh_mh_station,none,-,-,-,p0.5|n20,mae,5.501471592707643,10,49,arm7_x05,physics
iter05b_arm7,0,gb_eoh_2122r3,HP_Peak,paperA_sh_mh_station,none,-,-,-,p0.5|n20,mape,14.479603034521277,10,49,arm7_x05,physics
iter05b_arm7,0,gb_eoh_2122r3,HP_Peak,paperA_sh_mh_station,none,-,-,-,p0.5|n20,r2,-2.1764282248389417,10,49,arm7_x05,physics
iter05b_arm7,0,gb_eoh_2122r3,HP_Peak,paperA_sh_mh_station,none,-,-,-,p0.5|n20,n_pred_nan,0.0,10,49,arm7_x05,physics
iter05b_arm7,0,gb_eoh_2122r3,HP_Peak,paperA_sh_mh_station,none,-,-,-,p0.5|n20,mape_n_excluded,0.0,10,49,arm7_x05,physics
iter05b_arm7,0,gb_eoh_2122r3,HP_Peak,paperA_sh_mh_station,none,-,-,-,p0.5|n40,wape,21.50061857791973,5,30,arm7_x05,physics
iter05b_arm7,0,gb_eoh_2122r3,HP_Peak,paperA_sh_mh_station,none,-,-,-,p0.5|n40,rmse,16.048468130676568,5,30,arm7_x05,physics
iter05b_arm7,0,gb_eoh_2122r3,HP_Peak,paperA_sh_mh_station,none,-,-,-,p0.5|n40,mae,15.989051435583821,5,30,arm7_x05,physics
iter05b_arm7,0,gb_eoh_2122r3,HP_Peak,paperA_sh_mh_station,none,-,-,-,p0.5|n40,mape,21.494582493237253,5,30,arm7_x05,physics
iter05b_arm7,0,gb_eoh_2122r3,HP_Peak,paperA_sh_mh_station,none,-,-,-,p0.5|n40,r2,-124.91110073842648,5,30,arm7_x05,physics
iter05b_arm7,0,gb_eoh_2122r3,HP_Peak,paperA_sh_mh_station,none,-,-,-,p0.5|n40,n_pred_nan,0.0,5,30,arm7_x05,physics
iter05b_arm7,0,gb_eoh_2122r3,HP_Peak,paperA_sh_mh_station,none,-,-,-,p0.5|n40,mape_n_excluded,0.0,5,30,arm7_x05,physics
iter05b_arm7,0,gb_eoh_2122r3,HP_Peak,paperA_sh_mh_station,none,-,-,-,p0.8|n10,wape,11.243048006695147,10,44,arm7_x05,physics
iter05b_arm7,0,gb_eoh_2122r3,HP_Peak,paperA_sh_mh_station,none,-,-,-,p0.8|n10,rmse,3.8111654120134806,10,44,arm7_x05,physics
iter05b_arm7,0,gb_eoh_2122r3,HP_Peak,paperA_sh_mh_station,none,-,-,-,p0.8|n10,mae,3.1063273928030517,10,44,arm7_x05,physics
iter05b_arm7,0,gb_eoh_2122r3,HP_Peak,paperA_sh_mh_station,none,-,-,-,p0.8|n10,mape,11.21588297940365,10,44,arm7_x05,physics
iter05b_arm7,0,gb_eoh_2122r3,HP_Peak,paperA_sh_mh_station,none,-,-,-,p0.8|n10,r2,-1.2228462736047754,10,44,arm7_x05,physics
iter05b_arm7,0,gb_eoh_2122r3,HP_Peak,paperA_sh_mh_station,none,-,-,-,p0.8|n10,n_pred_nan,0.0,10,44,arm7_x05,physics
iter05b_arm7,0,gb_eoh_2122r3,HP_Peak,paperA_sh_mh_station,none,-,-,-,p0.8|n10,mape_n_excluded,0.0,10,44,arm7_x05,physics
iter05b_arm7,0,gb_eoh_2122r3,HP_Peak,paperA_sh_mh_station,none,-,-,-,p0.8|n20,wape,11.291791114224058,10,53,arm7_x05,physics
iter05b_arm7,0,gb_eoh_2122r3,HP_Peak,paperA_sh_mh_station,none,-,-,-,p0.8|n20,rmse,7.444401477862822,10,53,arm7_x05,physics
iter05b_arm7,0,gb_eoh_2122r3,HP_Peak,paperA_sh_mh_station,none,-,-,-,p0.8|n20,mae,6.266889100555259,10,53,arm7_x05,physics
iter05b_arm7,0,gb_eoh_2122r3,HP_Peak,paperA_sh_mh_station,none,-,-,-,p0.8|n20,mape,10.966955059158353,10,53,arm7_x05,physics
iter05b_arm7,0,gb_eoh_2122r3,HP_Peak,paperA_sh_mh_station,none,-,-,-,p0.8|n20,r2,-1.8840706569263315,10,53,arm7_x05,physics
iter05b_arm7,0,gb_eoh_2122r3,HP_Peak,paperA_sh_mh_station,none,-,-,-,p0.8|n20,n_pred_nan,0.0,10,53,arm7_x05,physics
iter05b_arm7,0,gb_eoh_2122r3,HP_Peak,paperA_sh_mh_station,none,-,-,-,p0.8|n20,mape_n_excluded,0.0,10,53,arm7_x05,physics
iter05b_arm7,0,gb_eoh_2122r3,HP_Peak,paperA_sh_mh_station,none,-,-,-,p1.0|n10,wape,9.509514291661905,10,52,arm7_x05,physics
iter05b_arm7,0,gb_eoh_2122r3,HP_Peak,paperA_sh_mh_station,none,-,-,-,p1.0|n10,rmse,4.733185722043121,10,52,arm7_x05,physics
iter05b_arm7,0,gb_eoh_2122r3,HP_Peak,paperA_sh_mh_station,none,-,-,-,p1.0|n10,mae,3.3409931152194963,10,52,arm7_x05,physics
iter05b_arm7,0,gb_eoh_2122r3,HP_Peak,paperA_sh_mh_station,none,-,-,-,p1.0|n10,mape,9.085344276382463,10,52,arm7_x05,physics
iter05b_arm7,0,gb_eoh_2122r3,HP_Peak,paperA_sh_mh_station,none,-,-,-,p1.0|n10,r2,-2.7552306556817228,10,52,arm7_x05,physics
iter05b_arm7,0,gb_eoh_2122r3,HP_Peak,paperA_sh_mh_station,none,-,-,-,p1.0|n10,n_pred_nan,0.0,10,52,arm7_x05,physics
iter05b_arm7,0,gb_eoh_2122r3,HP_Peak,paperA_sh_mh_station,none,-,-,-,p1.0|n10,mape_n_excluded,0.0,10,52,arm7_x05,physics
iter05b_arm7,0,gb_eoh_2122r3,HP_Peak,paperA_sh_mh_station,none,-,-,-,p1.0|n20,wape,15.496348196157308,5,30,arm7_x05,physics
iter05b_arm7,0,gb_eoh_2122r3,HP_Peak,paperA_sh_mh_station,none,-,-,-,p1.0|n20,rmse,11.869995260725469,5,30,arm7_x05,physics
iter05b_arm7,0,gb_eoh_2122r3,HP_Peak,paperA_sh_mh_station,none,-,-,-,p1.0|n20,mae,11.365381147210092,5,30,arm7_x05,physics
iter05b_arm7,0,gb_eoh_2122r3,HP_Peak,paperA_sh_mh_station,none,-,-,-,p1.0|n20,mape,15.532763336309973,5,30,arm7_x05,physics
iter05b_arm7,0,gb_eoh_2122r3,HP_Peak,paperA_sh_mh_station,none,-,-,-,p1.0|n20,r2,-16.193188789967376,5,30,arm7_x05,physics
iter05b_arm7,0,gb_eoh_2122r3,HP_Peak,paperA_sh_mh_station,none,-,-,-,p1.0|n20,n_pred_nan,0.0,5,30,arm7_x05,physics
iter05b_arm7,0,gb_eoh_2122r3,HP_Peak,paperA_sh_mh_station,none,-,-,-,p1.0|n20,mape_n_excluded,0.0,5,30,arm7_x05,physics
iter05b_arm7,0,gb_eoh_2122r3,HP_Peak,paperA_cal,none,-,-,-,all,wape,26.773579957661937,455,81,arm7_x05,physics
iter05b_arm7,0,gb_eoh_2122r3,HP_Peak,paperA_cal,none,-,-,-,all,rmse,6.416919882237994,455,81,arm7_x05,physics
iter05b_arm7,0,gb_eoh_2122r3,HP_Peak,paperA_cal,none,-,-,-,all,mae,4.242022595767227,455,81,arm7_x05,physics
iter05b_arm7,0,gb_eoh_2122r3,HP_Peak,paperA_cal,none,-,-,-,all,mape,34.54618288259082,455,81,arm7_x05,physics
iter05b_arm7,0,gb_eoh_2122r3,HP_Peak,paperA_cal,none,-,-,-,all,r2,0.8493404707610593,455,81,arm7_x05,physics
iter05b_arm7,0,gb_eoh_2122r3,HP_Peak,paperA_cal,none,-,-,-,all,n_pred_nan,0.0,455,81,arm7_x05,physics
iter05b_arm7,0,gb_eoh_2122r3,HP_Peak,paperA_cal,none,-,-,-,all,mape_n_excluded,0.0,455,81,arm7_x05,physics
iter05b_arm7,0,gb_eoh_2122r3,HP_Peak,paperA_cal,none,-,-,-,all,n_invalid,0.0,455,81,arm7_x05,physics
iter05b_arm7,0,gb_eoh_2122r3,HP_Peak,paperA_cal,none,-,-,-,all,cal_b,-0.4069031274020081,455,81,arm7_x05,physics
iter05b_arm7,0,gb_eoh_2122r3,HP_Peak,paperA_cal,none,-,-,-,all,n_cal_train,2080.0,455,81,arm7_x05,physics
iter05b_arm7,0,gb_eoh_2122r3,HP_Peak,paperA_cal,none,-,-,-,pbin<=15,wape,33.64054968281148,265,81,arm7_x05,physics
iter05b_arm7,0,gb_eoh_2122r3,HP_Peak,paperA_cal,none,-,-,-,pbin<=15,rmse,4.580246498204455,265,81,arm7_x05,physics
iter05b_arm7,0,gb_eoh_2122r3,HP_Peak,paperA_cal,none,-,-,-,pbin<=15,mae,3.0277599121256005,265,81,arm7_x05,physics
iter05b_arm7,0,gb_eoh_2122r3,HP_Peak,paperA_cal,none,-,-,-,pbin<=15,mape,43.118242706672824,265,81,arm7_x05,physics
iter05b_arm7,0,gb_eoh_2122r3,HP_Peak,paperA_cal,none,-,-,-,pbin<=15,r2,0.7560153724553123,265,81,arm7_x05,physics
iter05b_arm7,0,gb_eoh_2122r3,HP_Peak,paperA_cal,none,-,-,-,pbin<=15,n_pred_nan,0.0,265,81,arm7_x05,physics
iter05b_arm7,0,gb_eoh_2122r3,HP_Peak,paperA_cal,none,-,-,-,pbin<=15,mape_n_excluded,0.0,265,81,arm7_x05,physics
iter05b_arm7,0,gb_eoh_2122r3,HP_Peak,paperA_cal,none,-,-,-,pbin15-35,wape,17.841093600965532,125,81,arm7_x05,physics
iter05b_arm7,0,gb_eoh_2122r3,HP_Peak,paperA_cal,none,-,-,-,pbin15-35,rmse,4.499414265782594,125,81,arm7_x05,physics
iter05b_arm7,0,gb_eoh_2122r3,HP_Peak,paperA_cal,none,-,-,-,pbin15-35,mae,3.27305284131099,125,81,arm7_x05,physics
iter05b_arm7,0,gb_eoh_2122r3,HP_Peak,paperA_cal,none,-,-,-,pbin15-35,mape,19.860454076531557,125,81,arm7_x05,physics
iter05b_arm7,0,gb_eoh_2122r3,HP_Peak,paperA_cal,none,-,-,-,pbin15-35,r2,0.9130236736638532,125,81,arm7_x05,physics
iter05b_arm7,0,gb_eoh_2122r3,HP_Peak,paperA_cal,none,-,-,-,pbin15-35,n_pred_nan,0.0,125,81,arm7_x05,physics
iter05b_arm7,0,gb_eoh_2122r3,HP_Peak,paperA_cal,none,-,-,-,pbin15-35,mape_n_excluded,0.0,125,81,arm7_x05,physics
iter05b_arm7,0,gb_eoh_2122r3,HP_Peak,paperA_cal,none,-,-,-,pbin35-65,wape,26.583194330712672,30,63,arm7_x05,physics
iter05b_arm7,0,gb_eoh_2122r3,HP_Peak,paperA_cal,none,-,-,-,pbin35-65,rmse,10.649793719470802,30,63,arm7_x05,physics
iter05b_arm7,0,gb_eoh_2122r3,HP_Peak,paperA_cal,none,-,-,-,pbin35-65,mae,8.696568793845271,30,63,arm7_x05,physics
iter05b_arm7,0,gb_eoh_2122r3,HP_Peak,paperA_cal,none,-,-,-,pbin35-65,mape,26.408253012244426,30,63,arm7_x05,physics
iter05b_arm7,0,gb_eoh_2122r3,HP_Peak,paperA_cal,none,-,-,-,pbin35-65,r2,0.7386641341968729,30,63,arm7_x05,physics
iter05b_arm7,0,gb_eoh_2122r3,HP_Peak,paperA_cal,none,-,-,-,pbin35-65,n_pred_nan,0.0,30,63,arm7_x05,physics
iter05b_arm7,0,gb_eoh_2122r3,HP_Peak,paperA_cal,none,-,-,-,pbin35-65,mape_n_excluded,0.0,30,63,arm7_x05,physics
iter05b_arm7,0,gb_eoh_2122r3,HP_Peak,paperA_cal,none,-,-,-,pbin>65,wape,29.54413189700707,35,55,arm7_x05,physics
iter05b_arm7,0,gb_eoh_2122r3,HP_Peak,paperA_cal,none,-,-,-,pbin>65,rmse,14.385501636717668,35,55,arm7_x05,physics
iter05b_arm7,0,gb_eoh_2122r3,HP_Peak,paperA_cal,none,-,-,-,pbin>65,mae,13.078149582330644,35,55,arm7_x05,physics
iter05b_arm7,0,gb_eoh_2122r3,HP_Peak,paperA_cal,none,-,-,-,pbin>65,mape,29.067844125049945,35,55,arm7_x05,physics
iter05b_arm7,0,gb_eoh_2122r3,HP_Peak,paperA_cal,none,-,-,-,pbin>65,r2,0.2334840651376715,35,55,arm7_x05,physics
iter05b_arm7,0,gb_eoh_2122r3,HP_Peak,paperA_cal,none,-,-,-,pbin>65,n_pred_nan,0.0,35,55,arm7_x05,physics
iter05b_arm7,0,gb_eoh_2122r3,HP_Peak,paperA_cal,none,-,-,-,pbin>65,mape_n_excluded,0.0,35,55,arm7_x05,physics
iter05b_arm7,0,gb_eoh_2122r3,HP_Peak,paperA_cal,none,-,-,-,p0.05|n10,wape,29.06666502270288,40,25,arm7_x05,physics
iter05b_arm7,0,gb_eoh_2122r3,HP_Peak,paperA_cal,none,-,-,-,p0.05|n10,rmse,1.3708854051180221,40,25,arm7_x05,physics
iter05b_arm7,0,gb_eoh_2122r3,HP_Peak,paperA_cal,none,-,-,-,p0.05|n10,mae,1.0046684628192497,40,25,arm7_x05,physics
iter05b_arm7,0,gb_eoh_2122r3,HP_Peak,paperA_cal,none,-,-,-,p0.05|n10,mape,35.32339016263549,40,25,arm7_x05,physics
iter05b_arm7,0,gb_eoh_2122r3,HP_Peak,paperA_cal,none,-,-,-,p0.05|n10,r2,-0.545966352416567,40,25,arm7_x05,physics
iter05b_arm7,0,gb_eoh_2122r3,HP_Peak,paperA_cal,none,-,-,-,p0.05|n10,n_pred_nan,0.0,40,25,arm7_x05,physics
iter05b_arm7,0,gb_eoh_2122r3,HP_Peak,paperA_cal,none,-,-,-,p0.05|n10,mape_n_excluded,0.0,40,25,arm7_x05,physics
iter05b_arm7,0,gb_eoh_2122r3,HP_Peak,paperA_cal,none,-,-,-,p0.05|n20,wape,53.22797409985894,40,29,arm7_x05,physics
iter05b_arm7,0,gb_eoh_2122r3,HP_Peak,paperA_cal,none,-,-,-,p0.05|n20,rmse,2.456711621508138,40,29,arm7_x05,physics
iter05b_arm7,0,gb_eoh_2122r3,HP_Peak,paperA_cal,none,-,-,-,p0.05|n20,mae,1.9186989142026298,40,29,arm7_x05,physics
iter05b_arm7,0,gb_eoh_2122r3,HP_Peak,paperA_cal,none,-,-,-,p0.05|n20,mape,65.1808942735768,40,29,arm7_x05,physics
iter05b_arm7,0,gb_eoh_2122r3,HP_Peak,paperA_cal,none,-,-,-,p0.05|n20,r2,-4.7229671476873305,40,29,arm7_x05,physics
iter05b_arm7,0,gb_eoh_2122r3,HP_Peak,paperA_cal,none,-,-,-,p0.05|n20,n_pred_nan,0.0,40,29,arm7_x05,physics
iter05b_arm7,0,gb_eoh_2122r3,HP_Peak,paperA_cal,none,-,-,-,p0.05|n20,mape_n_excluded,0.0,40,29,arm7_x05,physics
iter05b_arm7,0,gb_eoh_2122r3,HP_Peak,paperA_cal,none,-,-,-,p0.05|n40,wape,64.04556759545514,40,40,arm7_x05,physics
iter05b_arm7,0,gb_eoh_2122r3,HP_Peak,paperA_cal,none,-,-,-,p0.05|n40,rmse,4.601865581757454,40,40,arm7_x05,physics
iter05b_arm7,0,gb_eoh_2122r3,HP_Peak,paperA_cal,none,-,-,-,p0.05|n40,mae,4.129659615884198,40,40,arm7_x05,physics
iter05b_arm7,0,gb_eoh_2122r3,HP_Peak,paperA_cal,none,-,-,-,p0.05|n40,mape,72.2132918827605,40,40,arm7_x05,physics
iter05b_arm7,0,gb_eoh_2122r3,HP_Peak,paperA_cal,none,-,-,-,p0.05|n40,r2,-7.32448241163422,40,40,arm7_x05,physics
iter05b_arm7,0,gb_eoh_2122r3,HP_Peak,paperA_cal,none,-,-,-,p0.05|n40,n_pred_nan,0.0,40,40,arm7_x05,physics
iter05b_arm7,0,gb_eoh_2122r3,HP_Peak,paperA_cal,none,-,-,-,p0.05|n40,mape_n_excluded,0.0,40,40,arm7_x05,physics
iter05b_arm7,0,gb_eoh_2122r3,HP_Peak,paperA_cal,none,-,-,-,p0.05|n80,wape,54.9587347851911,15,39,arm7_x05,physics
iter05b_arm7,0,gb_eoh_2122r3,HP_Peak,paperA_cal,none,-,-,-,p0.05|n80,rmse,7.837594880579355,15,39,arm7_x05,physics
iter05b_arm7,0,gb_eoh_2122r3,HP_Peak,paperA_cal,none,-,-,-,p0.05|n80,mae,7.315468315194575,15,39,arm7_x05,physics
iter05b_arm7,0,gb_eoh_2122r3,HP_Peak,paperA_cal,none,-,-,-,p0.05|n80,mape,56.85147581435205,15,39,arm7_x05,physics
iter05b_arm7,0,gb_eoh_2122r3,HP_Peak,paperA_cal,none,-,-,-,p0.05|n80,r2,-20.72276309669181,15,39,arm7_x05,physics
iter05b_arm7,0,gb_eoh_2122r3,HP_Peak,paperA_cal,none,-,-,-,p0.05|n80,n_pred_nan,0.0,15,39,arm7_x05,physics
iter05b_arm7,0,gb_eoh_2122r3,HP_Peak,paperA_cal,none,-,-,-,p0.05|n80,mape_n_excluded,0.0,15,39,arm7_x05,physics
iter05b_arm7,0,gb_eoh_2122r3,HP_Peak,paperA_cal,none,-,-,-,p0.05|n120,wape,62.030505676378844,15,53,arm7_x05,physics
iter05b_arm7,0,gb_eoh_2122r3,HP_Peak,paperA_cal,none,-,-,-,p0.05|n120,rmse,12.716285687650718,15,53,arm7_x05,physics
iter05b_arm7,0,gb_eoh_2122r3,HP_Peak,paperA_cal,none,-,-,-,p0.05|n120,mae,12.410494624600691,15,53,arm7_x05,physics
iter05b_arm7,0,gb_eoh_2122r3,HP_Peak,paperA_cal,none,-,-,-,p0.05|n120,mape,64.37120679163291,15,53,arm7_x05,physics
iter05b_arm7,0,gb_eoh_2122r3,HP_Peak,paperA_cal,none,-,-,-,p0.05|n120,r2,-18.223770720555958,15,53,arm7_x05,physics
iter05b_arm7,0,gb_eoh_2122r3,HP_Peak,paperA_cal,none,-,-,-,p0.05|n120,n_pred_nan,0.0,15,53,arm7_x05,physics
iter05b_arm7,0,gb_eoh_2122r3,HP_Peak,paperA_cal,none,-,-,-,p0.05|n120,mape_n_excluded,0.0,15,53,arm7_x05,physics
iter05b_arm7,0,gb_eoh_2122r3,HP_Peak,paperA_cal,none,-,-,-,p0.1|n10,wape,29.722092984027153,40,26,arm7_x05,physics
iter05b_arm7,0,gb_eoh_2122r3,HP_Peak,paperA_cal,none,-,-,-,p0.1|n10,rmse,1.6237467340935634,40,26,arm7_x05,physics
iter05b_arm7,0,gb_eoh_2122r3,HP_Peak,paperA_cal,none,-,-,-,p0.1|n10,mae,1.0695019789067064,40,26,arm7_x05,physics
iter05b_arm7,0,gb_eoh_2122r3,HP_Peak,paperA_cal,none,-,-,-,p0.1|n10,mape,31.825862025360905,40,26,arm7_x05,physics
iter05b_arm7,0,gb_eoh_2122r3,HP_Peak,paperA_cal,none,-,-,-,p0.1|n10,r2,-2.6388464119724144,40,26,arm7_x05,physics
iter05b_arm7,0,gb_eoh_2122r3,HP_Peak,paperA_cal,none,-,-,-,p0.1|n10,n_pred_nan,0.0,40,26,arm7_x05,physics
iter05b_arm7,0,gb_eoh_2122r3,HP_Peak,paperA_cal,none,-,-,-,p0.1|n10,mape_n_excluded,0.0,40,26,arm7_x05,physics
iter05b_arm7,0,gb_eoh_2122r3,HP_Peak,paperA_cal,none,-,-,-,p0.1|n20,wape,18.8594563341289,40,44,arm7_x05,physics
iter05b_arm7,0,gb_eoh_2122r3,HP_Peak,paperA_cal,none,-,-,-,p0.1|n20,rmse,1.8698498128127718,40,44,arm7_x05,physics
iter05b_arm7,0,gb_eoh_2122r3,HP_Peak,paperA_cal,none,-,-,-,p0.1|n20,mae,1.315553454873073,40,44,arm7_x05,physics
iter05b_arm7,0,gb_eoh_2122r3,HP_Peak,paperA_cal,none,-,-,-,p0.1|n20,mape,22.38267594839948,40,44,arm7_x05,physics
iter05b_arm7,0,gb_eoh_2122r3,HP_Peak,paperA_cal,none,-,-,-,p0.1|n20,r2,-0.5877666528516388,40,44,arm7_x05,physics
iter05b_arm7,0,gb_eoh_2122r3,HP_Peak,paperA_cal,none,-,-,-,p0.1|n20,n_pred_nan,0.0,40,44,arm7_x05,physics
iter05b_arm7,0,gb_eoh_2122r3,HP_Peak,paperA_cal,none,-,-,-,p0.1|n20,mape_n_excluded,0.0,40,44,arm7_x05,physics
iter05b_arm7,0,gb_eoh_2122r3,HP_Peak,paperA_cal,none,-,-,-,p0.1|n40,wape,18.201099481670298,15,39,arm7_x05,physics
iter05b_arm7,0,gb_eoh_2122r3,HP_Peak,paperA_cal,none,-,-,-,p0.1|n40,rmse,2.9357479404757223,15,39,arm7_x05,physics
iter05b_arm7,0,gb_eoh_2122r3,HP_Peak,paperA_cal,none,-,-,-,p0.1|n40,mae,2.448842956424066,15,39,arm7_x05,physics
iter05b_arm7,0,gb_eoh_2122r3,HP_Peak,paperA_cal,none,-,-,-,p0.1|n40,mape,18.349005665416758,15,39,arm7_x05,physics
iter05b_arm7,0,gb_eoh_2122r3,HP_Peak,paperA_cal,none,-,-,-,p0.1|n40,r2,-0.677699238215763,15,39,arm7_x05,physics
iter05b_arm7,0,gb_eoh_2122r3,HP_Peak,paperA_cal,none,-,-,-,p0.1|n40,n_pred_nan,0.0,15,39,arm7_x05,physics
iter05b_arm7,0,gb_eoh_2122r3,HP_Peak,paperA_cal,none,-,-,-,p0.1|n40,mape_n_excluded,0.0,15,39,arm7_x05,physics
iter05b_arm7,0,gb_eoh_2122r3,HP_Peak,paperA_cal,none,-,-,-,p0.1|n80,wape,10.03202629184982,10,46,arm7_x05,physics
iter05b_arm7,0,gb_eoh_2122r3,HP_Peak,paperA_cal,none,-,-,-,p0.1|n80,rmse,4.091163585613046,10,46,arm7_x05,physics
iter05b_arm7,0,gb_eoh_2122r3,HP_Peak,paperA_cal,none,-,-,-,p0.1|n80,mae,2.8821205449219227,10,46,arm7_x05,physics
iter05b_arm7,0,gb_eoh_2122r3,HP_Peak,paperA_cal,none,-,-,-,p0.1|n80,mape,10.482764572969025,10,46,arm7_x05,physics
iter05b_arm7,0,gb_eoh_2122r3,HP_Peak,paperA_cal,none,-,-,-,p0.1|n80,r2,-2.65333190010291,10,46,arm7_x05,physics
iter05b_arm7,0,gb_eoh_2122r3,HP_Peak,paperA_cal,none,-,-,-,p0.1|n80,n_pred_nan,0.0,10,46,arm7_x05,physics
iter05b_arm7,0,gb_eoh_2122r3,HP_Peak,paperA_cal,none,-,-,-,p0.1|n80,mape_n_excluded,0.0,10,46,arm7_x05,physics
iter05b_arm7,0,gb_eoh_2122r3,HP_Peak,paperA_cal,none,-,-,-,p0.1|n120,wape,14.643391849725612,10,51,arm7_x05,physics
iter05b_arm7,0,gb_eoh_2122r3,HP_Peak,paperA_cal,none,-,-,-,p0.1|n120,rmse,7.118419821495835,10,51,arm7_x05,physics
iter05b_arm7,0,gb_eoh_2122r3,HP_Peak,paperA_cal,none,-,-,-,p0.1|n120,mae,6.338978575334054,10,51,arm7_x05,physics
iter05b_arm7,0,gb_eoh_2122r3,HP_Peak,paperA_cal,none,-,-,-,p0.1|n120,mape,15.088677575825432,10,51,arm7_x05,physics
iter05b_arm7,0,gb_eoh_2122r3,HP_Peak,paperA_cal,none,-,-,-,p0.1|n120,r2,-2.2508278174177008,10,51,arm7_x05,physics
iter05b_arm7,0,gb_eoh_2122r3,HP_Peak,paperA_cal,none,-,-,-,p0.1|n120,n_pred_nan,0.0,10,51,arm7_x05,physics
iter05b_arm7,0,gb_eoh_2122r3,HP_Peak,paperA_cal,none,-,-,-,p0.1|n120,mape_n_excluded,0.0,10,51,arm7_x05,physics
iter05b_arm7,0,gb_eoh_2122r3,HP_Peak,paperA_cal,none,-,-,-,p0.2|n10,wape,21.993159290965313,40,40,arm7_x05,physics
iter05b_arm7,0,gb_eoh_2122r3,HP_Peak,paperA_cal,none,-,-,-,p0.2|n10,rmse,1.8453025442635067,40,40,arm7_x05,physics
iter05b_arm7,0,gb_eoh_2122r3,HP_Peak,paperA_cal,none,-,-,-,p0.2|n10,mae,1.5041564865979857,40,40,arm7_x05,physics
iter05b_arm7,0,gb_eoh_2122r3,HP_Peak,paperA_cal,none,-,-,-,p0.2|n10,mape,21.586889193160314,40,40,arm7_x05,physics
iter05b_arm7,0,gb_eoh_2122r3,HP_Peak,paperA_cal,none,-,-,-,p0.2|n10,r2,-0.7371109758168191,40,40,arm7_x05,physics
iter05b_arm7,0,gb_eoh_2122r3,HP_Peak,paperA_cal,none,-,-,-,p0.2|n10,n_pred_nan,0.0,40,40,arm7_x05,physics
iter05b_arm7,0,gb_eoh_2122r3,HP_Peak,paperA_cal,none,-,-,-,p0.2|n10,mape_n_excluded,0.0,40,40,arm7_x05,physics
iter05b_arm7,0,gb_eoh_2122r3,HP_Peak,paperA_cal,none,-,-,-,p0.2|n20,wape,19.630251401710005,15,40,arm7_x05,physics
iter05b_arm7,0,gb_eoh_2122r3,HP_Peak,paperA_cal,none,-,-,-,p0.2|n20,rmse,3.0104000988041055,15,40,arm7_x05,physics
iter05b_arm7,0,gb_eoh_2122r3,HP_Peak,paperA_cal,none,-,-,-,p0.2|n20,mae,2.5417238511183355,15,40,arm7_x05,physics
iter05b_arm7,0,gb_eoh_2122r3,HP_Peak,paperA_cal,none,-,-,-,p0.2|n20,mape,19.308034480625597,15,40,arm7_x05,physics
iter05b_arm7,0,gb_eoh_2122r3,HP_Peak,paperA_cal,none,-,-,-,p0.2|n20,r2,-1.7203873766434614,15,40,arm7_x05,physics
iter05b_arm7,0,gb_eoh_2122r3,HP_Peak,paperA_cal,none,-,-,-,p0.2|n20,n_pred_nan,0.0,15,40,arm7_x05,physics
iter05b_arm7,0,gb_eoh_2122r3,HP_Peak,paperA_cal,none,-,-,-,p0.2|n20,mape_n_excluded,0.0,15,40,arm7_x05,physics
iter05b_arm7,0,gb_eoh_2122r3,HP_Peak,paperA_cal,none,-,-,-,p0.2|n40,wape,10.413609702959684,10,45,arm7_x05,physics
iter05b_arm7,0,gb_eoh_2122r3,HP_Peak,paperA_cal,none,-,-,-,p0.2|n40,rmse,3.4671777212715824,10,45,arm7_x05,physics
iter05b_arm7,0,gb_eoh_2122r3,HP_Peak,paperA_cal,none,-,-,-,p0.2|n40,mae,2.986413083811016,10,45,arm7_x05,physics
iter05b_arm7,0,gb_eoh_2122r3,HP_Peak,paperA_cal,none,-,-,-,p0.2|n40,mape,10.312239830424206,10,45,arm7_x05,physics
iter05b_arm7,0,gb_eoh_2122r3,HP_Peak,paperA_cal,none,-,-,-,p0.2|n40,r2,-2.824772896994047,10,45,arm7_x05,physics
iter05b_arm7,0,gb_eoh_2122r3,HP_Peak,paperA_cal,none,-,-,-,p0.2|n40,n_pred_nan,0.0,10,45,arm7_x05,physics
iter05b_arm7,0,gb_eoh_2122r3,HP_Peak,paperA_cal,none,-,-,-,p0.2|n40,mape_n_excluded,0.0,10,45,arm7_x05,physics
iter05b_arm7,0,gb_eoh_2122r3,HP_Peak,paperA_cal,none,-,-,-,p0.2|n80,wape,12.445741345045361,10,53,arm7_x05,physics
iter05b_arm7,0,gb_eoh_2122r3,HP_Peak,paperA_cal,none,-,-,-,p0.2|n80,rmse,8.615339227244453,10,53,arm7_x05,physics
iter05b_arm7,0,gb_eoh_2122r3,HP_Peak,paperA_cal,none,-,-,-,p0.2|n80,mae,7.017293392620983,10,53,arm7_x05,physics
iter05b_arm7,0,gb_eoh_2122r3,HP_Peak,paperA_cal,none,-,-,-,p0.2|n80,mape,12.128056443840011,10,53,arm7_x05,physics
iter05b_arm7,0,gb_eoh_2122r3,HP_Peak,paperA_cal,none,-,-,-,p0.2|n80,r2,-3.11292397187239,10,53,arm7_x05,physics
iter05b_arm7,0,gb_eoh_2122r3,HP_Peak,paperA_cal,none,-,-,-,p0.2|n80,n_pred_nan,0.0,10,53,arm7_x05,physics
iter05b_arm7,0,gb_eoh_2122r3,HP_Peak,paperA_cal,none,-,-,-,p0.2|n80,mape_n_excluded,0.0,10,53,arm7_x05,physics
iter05b_arm7,0,gb_eoh_2122r3,HP_Peak,paperA_cal,none,-,-,-,p0.3|n10,wape,23.78572908648689,25,41,arm7_x05,physics
iter05b_arm7,0,gb_eoh_2122r3,HP_Peak,paperA_cal,none,-,-,-,p0.3|n10,rmse,2.784873333120184,25,41,arm7_x05,physics
iter05b_arm7,0,gb_eoh_2122r3,HP_Peak,paperA_cal,none,-,-,-,p0.3|n10,mae,2.4549605929068066,25,41,arm7_x05,physics
iter05b_arm7,0,gb_eoh_2122r3,HP_Peak,paperA_cal,none,-,-,-,p0.3|n10,mape,23.50337773977855,25,41,arm7_x05,physics
iter05b_arm7,0,gb_eoh_2122r3,HP_Peak,paperA_cal,none,-,-,-,p0.3|n10,r2,-0.6647273542826533,25,41,arm7_x05,physics
iter05b_arm7,0,gb_eoh_2122r3,HP_Peak,paperA_cal,none,-,-,-,p0.3|n10,n_pred_nan,0.0,25,41,arm7_x05,physics
iter05b_arm7,0,gb_eoh_2122r3,HP_Peak,paperA_cal,none,-,-,-,p0.3|n10,mape_n_excluded,0.0,25,41,arm7_x05,physics
iter05b_arm7,0,gb_eoh_2122r3,HP_Peak,paperA_cal,none,-,-,-,p0.3|n20,wape,19.924431560016306,15,51,arm7_x05,physics
iter05b_arm7,0,gb_eoh_2122r3,HP_Peak,paperA_cal,none,-,-,-,p0.3|n20,rmse,4.405487097260893,15,51,arm7_x05,physics
iter05b_arm7,0,gb_eoh_2122r3,HP_Peak,paperA_cal,none,-,-,-,p0.3|n20,mae,3.969591701290815,15,51,arm7_x05,physics
iter05b_arm7,0,gb_eoh_2122r3,HP_Peak,paperA_cal,none,-,-,-,p0.3|n20,mape,20.387888918269116,15,51,arm7_x05,physics
iter05b_arm7,0,gb_eoh_2122r3,HP_Peak,paperA_cal,none,-,-,-,p0.3|n20,r2,-2.1097624364373466,15,51,arm7_x05,physics
iter05b_arm7,0,gb_eoh_2122r3,HP_Peak,paperA_cal,none,-,-,-,p0.3|n20,n_pred_nan,0.0,15,51,arm7_x05,physics
iter05b_arm7,0,gb_eoh_2122r3,HP_Peak,paperA_cal,none,-,-,-,p0.3|n20,mape_n_excluded,0.0,15,51,arm7_x05,physics
iter05b_arm7,0,gb_eoh_2122r3,HP_Peak,paperA_cal,none,-,-,-,p0.3|n40,wape,21.507487343578834,10,53,arm7_x05,physics
iter05b_arm7,0,gb_eoh_2122r3,HP_Peak,paperA_cal,none,-,-,-,p0.3|n40,rmse,9.54453326443628,10,53,arm7_x05,physics
iter05b_arm7,0,gb_eoh_2122r3,HP_Peak,paperA_cal,none,-,-,-,p0.3|n40,mae,8.988453282682684,10,53,arm7_x05,physics
iter05b_arm7,0,gb_eoh_2122r3,HP_Peak,paperA_cal,none,-,-,-,p0.3|n40,mape,21.16549346195059,10,53,arm7_x05,physics
iter05b_arm7,0,gb_eoh_2122r3,HP_Peak,paperA_cal,none,-,-,-,p0.3|n40,r2,-5.940172486203011,10,53,arm7_x05,physics
iter05b_arm7,0,gb_eoh_2122r3,HP_Peak,paperA_cal,none,-,-,-,p0.3|n40,n_pred_nan,0.0,10,53,arm7_x05,physics
iter05b_arm7,0,gb_eoh_2122r3,HP_Peak,paperA_cal,none,-,-,-,p0.3|n40,mape_n_excluded,0.0,10,53,arm7_x05,physics
iter05b_arm7,0,gb_eoh_2122r3,HP_Peak,paperA_cal,none,-,-,-,p0.5|n10,wape,27.344223396361585,15,41,arm7_x05,physics
iter05b_arm7,0,gb_eoh_2122r3,HP_Peak,paperA_cal,none,-,-,-,p0.5|n10,rmse,4.977063418895371,15,41,arm7_x05,physics
iter05b_arm7,0,gb_eoh_2122r3,HP_Peak,paperA_cal,none,-,-,-,p0.5|n10,mae,4.515515797932509,15,41,arm7_x05,physics
iter05b_arm7,0,gb_eoh_2122r3,HP_Peak,paperA_cal,none,-,-,-,p0.5|n10,mape,27.250589379508394,15,41,arm7_x05,physics
iter05b_arm7,0,gb_eoh_2122r3,HP_Peak,paperA_cal,none,-,-,-,p0.5|n10,r2,-2.1287943836667265,15,41,arm7_x05,physics
iter05b_arm7,0,gb_eoh_2122r3,HP_Peak,paperA_cal,none,-,-,-,p0.5|n10,n_pred_nan,0.0,15,41,arm7_x05,physics
iter05b_arm7,0,gb_eoh_2122r3,HP_Peak,paperA_cal,none,-,-,-,p0.5|n10,mape_n_excluded,0.0,15,41,arm7_x05,physics
iter05b_arm7,0,gb_eoh_2122r3,HP_Peak,paperA_cal,none,-,-,-,p0.5|n20,wape,24.601510951651004,10,49,arm7_x05,physics
iter05b_arm7,0,gb_eoh_2122r3,HP_Peak,paperA_cal,none,-,-,-,p0.5|n20,rmse,9.269002243528746,10,49,arm7_x05,physics
iter05b_arm7,0,gb_eoh_2122r3,HP_Peak,paperA_cal,none,-,-,-,p0.5|n20,mae,8.903394532971369,10,49,arm7_x05,physics
iter05b_arm7,0,gb_eoh_2122r3,HP_Peak,paperA_cal,none,-,-,-,p0.5|n20,mape,24.34458232791262,10,49,arm7_x05,physics
iter05b_arm7,0,gb_eoh_2122r3,HP_Peak,paperA_cal,none,-,-,-,p0.5|n20,r2,-4.4061549732520575,10,49,arm7_x05,physics
iter05b_arm7,0,gb_eoh_2122r3,HP_Peak,paperA_cal,none,-,-,-,p0.5|n20,n_pred_nan,0.0,10,49,arm7_x05,physics
iter05b_arm7,0,gb_eoh_2122r3,HP_Peak,paperA_cal,none,-,-,-,p0.5|n20,mape_n_excluded,0.0,10,49,arm7_x05,physics
iter05b_arm7,0,gb_eoh_2122r3,HP_Peak,paperA_cal,none,-,-,-,p0.5|n40,wape,28.005008607080672,5,30,arm7_x05,physics
iter05b_arm7,0,gb_eoh_2122r3,HP_Peak,paperA_cal,none,-,-,-,p0.5|n40,rmse,20.841457520899958,5,30,arm7_x05,physics
iter05b_arm7,0,gb_eoh_2122r3,HP_Peak,paperA_cal,none,-,-,-,p0.5|n40,mae,20.826076303331376,5,30,arm7_x05,physics
iter05b_arm7,0,gb_eoh_2122r3,HP_Peak,paperA_cal,none,-,-,-,p0.5|n40,mape,28.00858527911615,5,30,arm7_x05,physics
iter05b_arm7,0,gb_eoh_2122r3,HP_Peak,paperA_cal,none,-,-,-,p0.5|n40,r2,-211.35037261210059,5,30,arm7_x05,physics
iter05b_arm7,0,gb_eoh_2122r3,HP_Peak,paperA_cal,none,-,-,-,p0.5|n40,n_pred_nan,0.0,5,30,arm7_x05,physics
iter05b_arm7,0,gb_eoh_2122r3,HP_Peak,paperA_cal,none,-,-,-,p0.5|n40,mape_n_excluded,0.0,5,30,arm7_x05,physics
iter05b_arm7,0,gb_eoh_2122r3,HP_Peak,paperA_cal,none,-,-,-,p0.8|n10,wape,28.22267363220186,10,44,arm7_x05,physics
iter05b_arm7,0,gb_eoh_2122r3,HP_Peak,paperA_cal,none,-,-,-,p0.8|n10,rmse,8.239294714549525,10,44,arm7_x05,physics
iter05b_arm7,0,gb_eoh_2122r3,HP_Peak,paperA_cal,none,-,-,-,p0.8|n10,mae,7.797606498668593,10,44,arm7_x05,physics
iter05b_arm7,0,gb_eoh_2122r3,HP_Peak,paperA_cal,none,-,-,-,p0.8|n10,mape,27.837130167839856,10,44,arm7_x05,physics
iter05b_arm7,0,gb_eoh_2122r3,HP_Peak,paperA_cal,none,-,-,-,p0.8|n10,r2,-9.389003854180796,10,44,arm7_x05,physics
iter05b_arm7,0,gb_eoh_2122r3,HP_Peak,paperA_cal,none,-,-,-,p0.8|n10,n_pred_nan,0.0,10,44,arm7_x05,physics
iter05b_arm7,0,gb_eoh_2122r3,HP_Peak,paperA_cal,none,-,-,-,p0.8|n10,mape_n_excluded,0.0,10,44,arm7_x05,physics
iter05b_arm7,0,gb_eoh_2122r3,HP_Peak,paperA_cal,none,-,-,-,p0.8|n20,wape,28.845408546499062,10,53,arm7_x05,physics
iter05b_arm7,0,gb_eoh_2122r3,HP_Peak,paperA_cal,none,-,-,-,p0.8|n20,rmse,16.41197302312637,10,53,arm7_x05,physics
iter05b_arm7,0,gb_eoh_2122r3,HP_Peak,paperA_cal,none,-,-,-,p0.8|n20,mae,16.009061325391034,10,53,arm7_x05,physics
iter05b_arm7,0,gb_eoh_2122r3,HP_Peak,paperA_cal,none,-,-,-,p0.8|n20,mape,28.639847989122753,10,53,arm7_x05,physics
iter05b_arm7,0,gb_eoh_2122r3,HP_Peak,paperA_cal,none,-,-,-,p0.8|n20,r2,-13.017414362015751,10,53,arm7_x05,physics
iter05b_arm7,0,gb_eoh_2122r3,HP_Peak,paperA_cal,none,-,-,-,p0.8|n20,n_pred_nan,0.0,10,53,arm7_x05,physics
iter05b_arm7,0,gb_eoh_2122r3,HP_Peak,paperA_cal,none,-,-,-,p0.8|n20,mape_n_excluded,0.0,10,53,arm7_x05,physics
iter05b_arm7,0,gb_eoh_2122r3,HP_Peak,paperA_cal,none,-,-,-,p1.0|n10,wape,29.58003072264485,10,52,arm7_x05,physics
iter05b_arm7,0,gb_eoh_2122r3,HP_Peak,paperA_cal,none,-,-,-,p1.0|n10,rmse,10.781547895675754,10,52,arm7_x05,physics
iter05b_arm7,0,gb_eoh_2122r3,HP_Peak,paperA_cal,none,-,-,-,p1.0|n10,mae,10.392400280526468,10,52,arm7_x05,physics
iter05b_arm7,0,gb_eoh_2122r3,HP_Peak,paperA_cal,none,-,-,-,p1.0|n10,mape,29.48985058082549,10,52,arm7_x05,physics
iter05b_arm7,0,gb_eoh_2122r3,HP_Peak,paperA_cal,none,-,-,-,p1.0|n10,r2,-18.484611870213506,10,52,arm7_x05,physics
iter05b_arm7,0,gb_eoh_2122r3,HP_Peak,paperA_cal,none,-,-,-,p1.0|n10,n_pred_nan,0.0,10,52,arm7_x05,physics
iter05b_arm7,0,gb_eoh_2122r3,HP_Peak,paperA_cal,none,-,-,-,p1.0|n10,mape_n_excluded,0.0,10,52,arm7_x05,physics
iter05b_arm7,0,gb_eoh_2122r3,HP_Peak,paperA_cal,none,-,-,-,p1.0|n20,wape,31.562829131085014,5,30,arm7_x05,physics
iter05b_arm7,0,gb_eoh_2122r3,HP_Peak,paperA_cal,none,-,-,-,p1.0|n20,rmse,23.273104208860566,5,30,arm7_x05,physics
iter05b_arm7,0,gb_eoh_2122r3,HP_Peak,paperA_cal,none,-,-,-,p1.0|n20,mae,23.148910867142312,5,30,arm7_x05,physics
iter05b_arm7,0,gb_eoh_2122r3,HP_Peak,paperA_cal,none,-,-,-,p1.0|n20,mape,31.541251399773447,5,30,arm7_x05,physics
iter05b_arm7,0,gb_eoh_2122r3,HP_Peak,paperA_cal,none,-,-,-,p1.0|n20,r2,-65.0942941826442,5,30,arm7_x05,physics
iter05b_arm7,0,gb_eoh_2122r3,HP_Peak,paperA_cal,none,-,-,-,p1.0|n20,n_pred_nan,0.0,5,30,arm7_x05,physics
iter05b_arm7,0,gb_eoh_2122r3,HP_Peak,paperA_cal,none,-,-,-,p1.0|n20,mape_n_excluded,0.0,5,30,arm7_x05,physics
iter05b_arm7,0,gb_eoh_2122r3,HP_Peak,paperA_corr,none,-,-,-,all,wape,15.732073369903766,455,81,arm7_x05,physics
iter05b_arm7,0,gb_eoh_2122r3,HP_Peak,paperA_corr,none,-,-,-,all,rmse,3.2755005588823054,455,81,arm7_x05,physics
iter05b_arm7,0,gb_eoh_2122r3,HP_Peak,paperA_corr,none,-,-,-,all,mae,2.492599451359567,455,81,arm7_x05,physics
iter05b_arm7,0,gb_eoh_2122r3,HP_Peak,paperA_corr,none,-,-,-,all,mape,28.6599886366586,455,81,arm7_x05,physics
iter05b_arm7,0,gb_eoh_2122r3,HP_Peak,paperA_corr,none,-,-,-,all,r2,0.9607446613925468,455,81,arm7_x05,physics
iter05b_arm7,0,gb_eoh_2122r3,HP_Peak,paperA_corr,none,-,-,-,all,n_pred_nan,0.0,455,81,arm7_x05,physics
iter05b_arm7,0,gb_eoh_2122r3,HP_Peak,paperA_corr,none,-,-,-,all,mape_n_excluded,0.0,455,81,arm7_x05,physics
iter05b_arm7,0,gb_eoh_2122r3,HP_Peak,paperA_corr,none,-,-,-,all,n_invalid,5.0,455,81,arm7_x05,physics
iter05b_arm7,0,gb_eoh_2122r3,HP_Peak,paperA_corr,none,-,-,-,all,n_station_fallback,0.0,455,81,arm7_x05,physics
iter05b_arm7,0,gb_eoh_2122r3,HP_Peak,paperA_corr,none,-,-,-,pbin<=15,wape,25.628012746788652,265,81,arm7_x05,physics
iter05b_arm7,0,gb_eoh_2122r3,HP_Peak,paperA_corr,none,-,-,-,pbin<=15,rmse,3.0824469604465667,265,81,arm7_x05,physics
iter05b_arm7,0,gb_eoh_2122r3,HP_Peak,paperA_corr,none,-,-,-,pbin<=15,mae,2.3066052830229973,265,81,arm7_x05,physics
iter05b_arm7,0,gb_eoh_2122r3,HP_Peak,paperA_corr,none,-,-,-,pbin<=15,mape,37.90407035403291,265,81,arm7_x05,physics
iter05b_arm7,0,gb_eoh_2122r3,HP_Peak,paperA_corr,none,-,-,-,pbin<=15,r2,0.889496512070709,265,81,arm7_x05,physics
iter05b_arm7,0,gb_eoh_2122r3,HP_Peak,paperA_corr,none,-,-,-,pbin<=15,n_pred_nan,0.0,265,81,arm7_x05,physics
iter05b_arm7,0,gb_eoh_2122r3,HP_Peak,paperA_corr,none,-,-,-,pbin<=15,mape_n_excluded,0.0,265,81,arm7_x05,physics
iter05b_arm7,0,gb_eoh_2122r3,HP_Peak,paperA_corr,none,-,-,-,pbin15-35,wape,14.460957215680178,125,81,arm7_x05,physics
iter05b_arm7,0,gb_eoh_2122r3,HP_Peak,paperA_corr,none,-,-,-,pbin15-35,rmse,3.4776420399165895,125,81,arm7_x05,physics
iter05b_arm7,0,gb_eoh_2122r3,HP_Peak,paperA_corr,none,-,-,-,pbin15-35,mae,2.652947076086029,125,81,arm7_x05,physics
iter05b_arm7,0,gb_eoh_2122r3,HP_Peak,paperA_corr,none,-,-,-,pbin15-35,mape,19.10019869386002,125,81,arm7_x05,physics
iter05b_arm7,0,gb_eoh_2122r3,HP_Peak,paperA_corr,none,-,-,-,pbin15-35,r2,0.9480412310612665,125,81,arm7_x05,physics
iter05b_arm7,0,gb_eoh_2122r3,HP_Peak,paperA_corr,none,-,-,-,pbin15-35,n_pred_nan,0.0,125,81,arm7_x05,physics
iter05b_arm7,0,gb_eoh_2122r3,HP_Peak,paperA_corr,none,-,-,-,pbin15-35,mape_n_excluded,0.0,125,81,arm7_x05,physics
iter05b_arm7,0,gb_eoh_2122r3,HP_Peak,paperA_corr,none,-,-,-,pbin35-65,wape,8.580905609686253,30,63,arm7_x05,physics
iter05b_arm7,0,gb_eoh_2122r3,HP_Peak,paperA_corr,none,-,-,-,pbin35-65,rmse,3.202547671316403,30,63,arm7_x05,physics
iter05b_arm7,0,gb_eoh_2122r3,HP_Peak,paperA_corr,none,-,-,-,pbin35-65,mae,2.807203491790773,30,63,arm7_x05,physics
iter05b_arm7,0,gb_eoh_2122r3,HP_Peak,paperA_corr,none,-,-,-,pbin35-65,mape,11.652246758694188,30,63,arm7_x05,physics
iter05b_arm7,0,gb_eoh_2122r3,HP_Peak,paperA_corr,none,-,-,-,pbin35-65,r2,0.9763675998765755,30,63,arm7_x05,physics
iter05b_arm7,0,gb_eoh_2122r3,HP_Peak,paperA_corr,none,-,-,-,pbin35-65,n_pred_nan,0.0,30,63,arm7_x05,physics
iter05b_arm7,0,gb_eoh_2122r3,HP_Peak,paperA_corr,none,-,-,-,pbin35-65,mape_n_excluded,0.0,30,63,arm7_x05,physics
iter05b_arm7,0,gb_eoh_2122r3,HP_Peak,paperA_corr,none,-,-,-,pbin>65,wape,6.909313251980856,35,55,arm7_x05,physics
iter05b_arm7,0,gb_eoh_2122r3,HP_Peak,paperA_corr,none,-,-,-,pbin>65,rmse,3.9436047952035502,35,55,arm7_x05,physics
iter05b_arm7,0,gb_eoh_2122r3,HP_Peak,paperA_corr,none,-,-,-,pbin>65,mae,3.0585103172294907,35,55,arm7_x05,physics
iter05b_arm7,0,gb_eoh_2122r3,HP_Peak,paperA_corr,none,-,-,-,pbin>65,mape,7.389255610503254,35,55,arm7_x05,physics
iter05b_arm7,0,gb_eoh_2122r3,HP_Peak,paperA_corr,none,-,-,-,pbin>65,r2,0.9423952974802148,35,55,arm7_x05,physics
iter05b_arm7,0,gb_eoh_2122r3,HP_Peak,paperA_corr,none,-,-,-,pbin>65,n_pred_nan,0.0,35,55,arm7_x05,physics
iter05b_arm7,0,gb_eoh_2122r3,HP_Peak,paperA_corr,none,-,-,-,pbin>65,mape_n_excluded,0.0,35,55,arm7_x05,physics
iter05b_arm7,0,gb_eoh_2122r3,HP_Peak,paperA_corr,none,-,-,-,p0.05|n10,wape,40.626647909163296,40,25,arm7_x05,physics
iter05b_arm7,0,gb_eoh_2122r3,HP_Peak,paperA_corr,none,-,-,-,p0.05|n10,rmse,1.8245202927270656,40,25,arm7_x05,physics
iter05b_arm7,0,gb_eoh_2122r3,HP_Peak,paperA_corr,none,-,-,-,p0.05|n10,mae,1.4042309935631725,40,25,arm7_x05,physics
iter05b_arm7,0,gb_eoh_2122r3,HP_Peak,paperA_corr,none,-,-,-,p0.05|n10,mape,47.211827616268444,40,25,arm7_x05,physics
iter05b_arm7,0,gb_eoh_2122r3,HP_Peak,paperA_corr,none,-,-,-,p0.05|n10,r2,-1.7383889132759998,40,25,arm7_x05,physics
iter05b_arm7,0,gb_eoh_2122r3,HP_Peak,paperA_corr,none,-,-,-,p0.05|n10,n_pred_nan,0.0,40,25,arm7_x05,physics
iter05b_arm7,0,gb_eoh_2122r3,HP_Peak,paperA_corr,none,-,-,-,p0.05|n10,mape_n_excluded,0.0,40,25,arm7_x05,physics
iter05b_arm7,0,gb_eoh_2122r3,HP_Peak,paperA_corr,none,-,-,-,p0.05|n20,wape,55.76018936587577,40,29,arm7_x05,physics
iter05b_arm7,0,gb_eoh_2122r3,HP_Peak,paperA_corr,none,-,-,-,p0.05|n20,rmse,2.403396900505578,40,29,arm7_x05,physics
iter05b_arm7,0,gb_eoh_2122r3,HP_Peak,paperA_corr,none,-,-,-,p0.05|n20,mae,2.009977208437891,40,29,arm7_x05,physics
iter05b_arm7,0,gb_eoh_2122r3,HP_Peak,paperA_corr,none,-,-,-,p0.05|n20,mape,59.356525674267736,40,29,arm7_x05,physics
iter05b_arm7,0,gb_eoh_2122r3,HP_Peak,paperA_corr,none,-,-,-,p0.05|n20,r2,-4.4772666704736395,40,29,arm7_x05,physics
iter05b_arm7,0,gb_eoh_2122r3,HP_Peak,paperA_corr,none,-,-,-,p0.05|n20,n_pred_nan,0.0,40,29,arm7_x05,physics
iter05b_arm7,0,gb_eoh_2122r3,HP_Peak,paperA_corr,none,-,-,-,p0.05|n20,mape_n_excluded,0.0,40,29,arm7_x05,physics
iter05b_arm7,0,gb_eoh_2122r3,HP_Peak,paperA_corr,none,-,-,-,p0.05|n40,wape,34.45359082432359,40,40,arm7_x05,physics
iter05b_arm7,0,gb_eoh_2122r3,HP_Peak,paperA_corr,none,-,-,-,p0.05|n40,rmse,2.9713404065760107,40,40,arm7_x05,physics
iter05b_arm7,0,gb_eoh_2122r3,HP_Peak,paperA_corr,none,-,-,-,p0.05|n40,mae,2.2215682988108023,40,40,arm7_x05,physics
iter05b_arm7,0,gb_eoh_2122r3,HP_Peak,paperA_corr,none,-,-,-,p0.05|n40,mape,34.219039295740764,40,40,arm7_x05,physics
iter05b_arm7,0,gb_eoh_2122r3,HP_Peak,paperA_corr,none,-,-,-,p0.05|n40,r2,-2.4705171894204487,40,40,arm7_x05,physics
iter05b_arm7,0,gb_eoh_2122r3,HP_Peak,paperA_corr,none,-,-,-,p0.05|n40,n_pred_nan,0.0,40,40,arm7_x05,physics
iter05b_arm7,0,gb_eoh_2122r3,HP_Peak,paperA_corr,none,-,-,-,p0.05|n40,mape_n_excluded,0.0,40,40,arm7_x05,physics
iter05b_arm7,0,gb_eoh_2122r3,HP_Peak,paperA_corr,none,-,-,-,p0.05|n80,wape,29.585797366263183,15,39,arm7_x05,physics
iter05b_arm7,0,gb_eoh_2122r3,HP_Peak,paperA_corr,none,-,-,-,p0.05|n80,rmse,4.794595697606914,15,39,arm7_x05,physics
iter05b_arm7,0,gb_eoh_2122r3,HP_Peak,paperA_corr,none,-,-,-,p0.05|n80,mae,3.938117645149732,15,39,arm7_x05,physics
iter05b_arm7,0,gb_eoh_2122r3,HP_Peak,paperA_corr,none,-,-,-,p0.05|n80,mape,30.430986786064114,15,39,arm7_x05,physics
iter05b_arm7,0,gb_eoh_2122r3,HP_Peak,paperA_corr,none,-,-,-,p0.05|n80,r2,-7.129305147692293,15,39,arm7_x05,physics
iter05b_arm7,0,gb_eoh_2122r3,HP_Peak,paperA_corr,none,-,-,-,p0.05|n80,n_pred_nan,0.0,15,39,arm7_x05,physics
iter05b_arm7,0,gb_eoh_2122r3,HP_Peak,paperA_corr,none,-,-,-,p0.05|n80,mape_n_excluded,0.0,15,39,arm7_x05,physics
iter05b_arm7,0,gb_eoh_2122r3,HP_Peak,paperA_corr,none,-,-,-,p0.05|n120,wape,16.58684633324757,15,53,arm7_x05,physics
iter05b_arm7,0,gb_eoh_2122r3,HP_Peak,paperA_corr,none,-,-,-,p0.05|n120,rmse,4.145434918156407,15,53,arm7_x05,physics
iter05b_arm7,0,gb_eoh_2122r3,HP_Peak,paperA_corr,none,-,-,-,p0.05|n120,mae,3.3185440778412754,15,53,arm7_x05,physics
iter05b_arm7,0,gb_eoh_2122r3,HP_Peak,paperA_corr,none,-,-,-,p0.05|n120,mape,16.98056366661874,15,53,arm7_x05,physics
iter05b_arm7,0,gb_eoh_2122r3,HP_Peak,paperA_corr,none,-,-,-,p0.05|n120,r2,-1.0429523062005912,15,53,arm7_x05,physics
iter05b_arm7,0,gb_eoh_2122r3,HP_Peak,paperA_corr,none,-,-,-,p0.05|n120,n_pred_nan,0.0,15,53,arm7_x05,physics
iter05b_arm7,0,gb_eoh_2122r3,HP_Peak,paperA_corr,none,-,-,-,p0.05|n120,mape_n_excluded,0.0,15,53,arm7_x05,physics
iter05b_arm7,0,gb_eoh_2122r3,HP_Peak,paperA_corr,none,-,-,-,p0.1|n10,wape,42.70124536200171,40,26,arm7_x05,physics
iter05b_arm7,0,gb_eoh_2122r3,HP_Peak,paperA_corr,none,-,-,-,p0.1|n10,rmse,2.213073484871972,40,26,arm7_x05,physics
iter05b_arm7,0,gb_eoh_2122r3,HP_Peak,paperA_corr,none,-,-,-,p0.1|n10,mae,1.5365360185429908,40,26,arm7_x05,physics
iter05b_arm7,0,gb_eoh_2122r3,HP_Peak,paperA_corr,none,-,-,-,p0.1|n10,mape,45.23024833650702,40,26,arm7_x05,physics
iter05b_arm7,0,gb_eoh_2122r3,HP_Peak,paperA_corr,none,-,-,-,p0.1|n10,r2,-5.759566017038742,40,26,arm7_x05,physics
iter05b_arm7,0,gb_eoh_2122r3,HP_Peak,paperA_corr,none,-,-,-,p0.1|n10,n_pred_nan,0.0,40,26,arm7_x05,physics
iter05b_arm7,0,gb_eoh_2122r3,HP_Peak,paperA_corr,none,-,-,-,p0.1|n10,mape_n_excluded,0.0,40,26,arm7_x05,physics
iter05b_arm7,0,gb_eoh_2122r3,HP_Peak,paperA_corr,none,-,-,-,p0.1|n20,wape,27.782395595455924,40,44,arm7_x05,physics
iter05b_arm7,0,gb_eoh_2122r3,HP_Peak,paperA_corr,none,-,-,-,p0.1|n20,rmse,2.55217027660797,40,44,arm7_x05,physics
iter05b_arm7,0,gb_eoh_2122r3,HP_Peak,paperA_corr,none,-,-,-,p0.1|n20,mae,1.937978797623736,40,44,arm7_x05,physics
iter05b_arm7,0,gb_eoh_2122r3,HP_Peak,paperA_corr,none,-,-,-,p0.1|n20,mape,31.250399251159656,40,44,arm7_x05,physics
iter05b_arm7,0,gb_eoh_2122r3,HP_Peak,paperA_corr,none,-,-,-,p0.1|n20,r2,-1.9579615123730765,40,44,arm7_x05,physics
iter05b_arm7,0,gb_eoh_2122r3,HP_Peak,paperA_corr,none,-,-,-,p0.1|n20,n_pred_nan,0.0,40,44,arm7_x05,physics
iter05b_arm7,0,gb_eoh_2122r3,HP_Peak,paperA_corr,none,-,-,-,p0.1|n20,mape_n_excluded,0.0,40,44,arm7_x05,physics
iter05b_arm7,0,gb_eoh_2122r3,HP_Peak,paperA_corr,none,-,-,-,p0.1|n40,wape,25.730572267644853,15,39,arm7_x05,physics
iter05b_arm7,0,gb_eoh_2122r3,HP_Peak,paperA_corr,none,-,-,-,p0.1|n40,rmse,3.9681349089200473,15,39,arm7_x05,physics
iter05b_arm7,0,gb_eoh_2122r3,HP_Peak,paperA_corr,none,-,-,-,p0.1|n40,mae,3.4618859550675958,15,39,arm7_x05,physics
iter05b_arm7,0,gb_eoh_2122r3,HP_Peak,paperA_corr,none,-,-,-,p0.1|n40,mape,25.758848251296158,15,39,arm7_x05,physics
iter05b_arm7,0,gb_eoh_2122r3,HP_Peak,paperA_corr,none,-,-,-,p0.1|n40,r2,-2.0651337871593474,15,39,arm7_x05,physics
iter05b_arm7,0,gb_eoh_2122r3,HP_Peak,paperA_corr,none,-,-,-,p0.1|n40,n_pred_nan,0.0,15,39,arm7_x05,physics
iter05b_arm7,0,gb_eoh_2122r3,HP_Peak,paperA_corr,none,-,-,-,p0.1|n40,mape_n_excluded,0.0,15,39,arm7_x05,physics
iter05b_arm7,0,gb_eoh_2122r3,HP_Peak,paperA_corr,none,-,-,-,p0.1|n80,wape,17.039690284393245,10,46,arm7_x05,physics
iter05b_arm7,0,gb_eoh_2122r3,HP_Peak,paperA_corr,none,-,-,-,p0.1|n80,rmse,5.57768175170595,10,46,arm7_x05,physics
iter05b_arm7,0,gb_eoh_2122r3,HP_Peak,paperA_corr,none,-,-,-,p0.1|n80,mae,4.895366102424828,10,46,arm7_x05,physics
iter05b_arm7,0,gb_eoh_2122r3,HP_Peak,paperA_corr,none,-,-,-,p0.1|n80,mape,17.141598373952792,10,46,arm7_x05,physics
iter05b_arm7,0,gb_eoh_2122r3,HP_Peak,paperA_corr,none,-,-,-,p0.1|n80,r2,-5.7905179340219375,10,46,arm7_x05,physics
iter05b_arm7,0,gb_eoh_2122r3,HP_Peak,paperA_corr,none,-,-,-,p0.1|n80,n_pred_nan,0.0,10,46,arm7_x05,physics
iter05b_arm7,0,gb_eoh_2122r3,HP_Peak,paperA_corr,none,-,-,-,p0.1|n80,mape_n_excluded,0.0,10,46,arm7_x05,physics
iter05b_arm7,0,gb_eoh_2122r3,HP_Peak,paperA_corr,none,-,-,-,p0.1|n120,wape,8.571892896778023,10,51,arm7_x05,physics
iter05b_arm7,0,gb_eoh_2122r3,HP_Peak,paperA_corr,none,-,-,-,p0.1|n120,rmse,4.406707203198557,10,51,arm7_x05,physics
iter05b_arm7,0,gb_eoh_2122r3,HP_Peak,paperA_corr,none,-,-,-,p0.1|n120,mae,3.710687112682313,10,51,arm7_x05,physics
iter05b_arm7,0,gb_eoh_2122r3,HP_Peak,paperA_corr,none,-,-,-,p0.1|n120,mape,8.488507256176366,10,51,arm7_x05,physics
iter05b_arm7,0,gb_eoh_2122r3,HP_Peak,paperA_corr,none,-,-,-,p0.1|n120,r2,-0.2458196104785535,10,51,arm7_x05,physics
iter05b_arm7,0,gb_eoh_2122r3,HP_Peak,paperA_corr,none,-,-,-,p0.1|n120,n_pred_nan,0.0,10,51,arm7_x05,physics
iter05b_arm7,0,gb_eoh_2122r3,HP_Peak,paperA_corr,none,-,-,-,p0.1|n120,mape_n_excluded,0.0,10,51,arm7_x05,physics
iter05b_arm7,0,gb_eoh_2122r3,HP_Peak,paperA_corr,none,-,-,-,p0.2|n10,wape,25.37774359914129,40,40,arm7_x05,physics
iter05b_arm7,0,gb_eoh_2122r3,HP_Peak,paperA_corr,none,-,-,-,p0.2|n10,rmse,2.0938912903428957,40,40,arm7_x05,physics
iter05b_arm7,0,gb_eoh_2122r3,HP_Peak,paperA_corr,none,-,-,-,p0.2|n10,mae,1.7356350283676527,40,40,arm7_x05,physics
iter05b_arm7,0,gb_eoh_2122r3,HP_Peak,paperA_corr,none,-,-,-,p0.2|n10,mape,26.160795191576202,40,40,arm7_x05,physics
iter05b_arm7,0,gb_eoh_2122r3,HP_Peak,paperA_corr,none,-,-,-,p0.2|n10,r2,-1.2366635698713084,40,40,arm7_x05,physics
iter05b_arm7,0,gb_eoh_2122r3,HP_Peak,paperA_corr,none,-,-,-,p0.2|n10,n_pred_nan,0.0,40,40,arm7_x05,physics
iter05b_arm7,0,gb_eoh_2122r3,HP_Peak,paperA_corr,none,-,-,-,p0.2|n10,mape_n_excluded,0.0,40,40,arm7_x05,physics
iter05b_arm7,0,gb_eoh_2122r3,HP_Peak,paperA_corr,none,-,-,-,p0.2|n20,wape,23.335550246533465,15,40,arm7_x05,physics
iter05b_arm7,0,gb_eoh_2122r3,HP_Peak,paperA_corr,none,-,-,-,p0.2|n20,rmse,3.4473130948608275,15,40,arm7_x05,physics
iter05b_arm7,0,gb_eoh_2122r3,HP_Peak,paperA_corr,none,-,-,-,p0.2|n20,mae,3.021485737845299,15,40,arm7_x05,physics
iter05b_arm7,0,gb_eoh_2122r3,HP_Peak,paperA_corr,none,-,-,-,p0.2|n20,mape,23.80017717036313,15,40,arm7_x05,physics
iter05b_arm7,0,gb_eoh_2122r3,HP_Peak,paperA_corr,none,-,-,-,p0.2|n20,r2,-2.567333974197725,15,40,arm7_x05,physics
iter05b_arm7,0,gb_eoh_2122r3,HP_Peak,paperA_corr,none,-,-,-,p0.2|n20,n_pred_nan,0.0,15,40,arm7_x05,physics
iter05b_arm7,0,gb_eoh_2122r3,HP_Peak,paperA_corr,none,-,-,-,p0.2|n20,mape_n_excluded,0.0,15,40,arm7_x05,physics
iter05b_arm7,0,gb_eoh_2122r3,HP_Peak,paperA_corr,none,-,-,-,p0.2|n40,wape,8.048182269473578,10,45,arm7_x05,physics
iter05b_arm7,0,gb_eoh_2122r3,HP_Peak,paperA_corr,none,-,-,-,p0.2|n40,rmse,2.8217355149445265,10,45,arm7_x05,physics
iter05b_arm7,0,gb_eoh_2122r3,HP_Peak,paperA_corr,none,-,-,-,p0.2|n40,mae,2.3080562375619484,10,45,arm7_x05,physics
iter05b_arm7,0,gb_eoh_2122r3,HP_Peak,paperA_corr,none,-,-,-,p0.2|n40,mape,8.30259850486109,10,45,arm7_x05,physics
iter05b_arm7,0,gb_eoh_2122r3,HP_Peak,paperA_corr,none,-,-,-,p0.2|n40,r2,-1.533296686643216,10,45,arm7_x05,physics
iter05b_arm7,0,gb_eoh_2122r3,HP_Peak,paperA_corr,none,-,-,-,p0.2|n40,n_pred_nan,0.0,10,45,arm7_x05,physics
iter05b_arm7,0,gb_eoh_2122r3,HP_Peak,paperA_corr,none,-,-,-,p0.2|n40,mape_n_excluded,0.0,10,45,arm7_x05,physics
iter05b_arm7,0,gb_eoh_2122r3,HP_Peak,paperA_corr,none,-,-,-,p0.2|n80,wape,11.7856609720212,10,53,arm7_x05,physics
iter05b_arm7,0,gb_eoh_2122r3,HP_Peak,paperA_corr,none,-,-,-,p0.2|n80,rmse,7.588353684010353,10,53,arm7_x05,physics
iter05b_arm7,0,gb_eoh_2122r3,HP_Peak,paperA_corr,none,-,-,-,p0.2|n80,mae,6.645119689841499,10,53,arm7_x05,physics
iter05b_arm7,0,gb_eoh_2122r3,HP_Peak,paperA_corr,none,-,-,-,p0.2|n80,mape,11.810278139528393,10,53,arm7_x05,physics
iter05b_arm7,0,gb_eoh_2122r3,HP_Peak,paperA_corr,none,-,-,-,p0.2|n80,r2,-2.1908107465865054,10,53,arm7_x05,physics
iter05b_arm7,0,gb_eoh_2122r3,HP_Peak,paperA_corr,none,-,-,-,p0.2|n80,n_pred_nan,0.0,10,53,arm7_x05,physics
iter05b_arm7,0,gb_eoh_2122r3,HP_Peak,paperA_corr,none,-,-,-,p0.2|n80,mape_n_excluded,0.0,10,53,arm7_x05,physics
iter05b_arm7,0,gb_eoh_2122r3,HP_Peak,paperA_corr,none,-,-,-,p0.3|n10,wape,16.964141421074597,25,41,arm7_x05,physics
iter05b_arm7,0,gb_eoh_2122r3,HP_Peak,paperA_corr,none,-,-,-,p0.3|n10,rmse,2.1603066713666035,25,41,arm7_x05,physics
iter05b_arm7,0,gb_eoh_2122r3,HP_Peak,paperA_corr,none,-,-,-,p0.3|n10,mae,1.7508943505497268,25,41,arm7_x05,physics
iter05b_arm7,0,gb_eoh_2122r3,HP_Peak,paperA_corr,none,-,-,-,p0.3|n10,mape,18.378857779826205,25,41,arm7_x05,physics
iter05b_arm7,0,gb_eoh_2122r3,HP_Peak,paperA_corr,none,-,-,-,p0.3|n10,r2,-0.0017585003573254987,25,41,arm7_x05,physics
iter05b_arm7,0,gb_eoh_2122r3,HP_Peak,paperA_corr,none,-,-,-,p0.3|n10,n_pred_nan,0.0,25,41,arm7_x05,physics
iter05b_arm7,0,gb_eoh_2122r3,HP_Peak,paperA_corr,none,-,-,-,p0.3|n10,mape_n_excluded,0.0,25,41,arm7_x05,physics
iter05b_arm7,0,gb_eoh_2122r3,HP_Peak,paperA_corr,none,-,-,-,p0.3|n20,wape,15.397278719681992,15,51,arm7_x05,physics
iter05b_arm7,0,gb_eoh_2122r3,HP_Peak,paperA_corr,none,-,-,-,p0.3|n20,rmse,3.443241930036431,15,51,arm7_x05,physics
iter05b_arm7,0,gb_eoh_2122r3,HP_Peak,paperA_corr,none,-,-,-,p0.3|n20,mae,3.067636315947238,15,51,arm7_x05,physics
iter05b_arm7,0,gb_eoh_2122r3,HP_Peak,paperA_corr,none,-,-,-,p0.3|n20,mape,15.692992223029172,15,51,arm7_x05,physics
iter05b_arm7,0,gb_eoh_2122r3,HP_Peak,paperA_corr,none,-,-,-,p0.3|n20,r2,-0.8996536335242937,15,51,arm7_x05,physics
iter05b_arm7,0,gb_eoh_2122r3,HP_Peak,paperA_corr,none,-,-,-,p0.3|n20,n_pred_nan,0.0,15,51,arm7_x05,physics
iter05b_arm7,0,gb_eoh_2122r3,HP_Peak,paperA_corr,none,-,-,-,p0.3|n20,mape_n_excluded,0.0,15,51,arm7_x05,physics
iter05b_arm7,0,gb_eoh_2122r3,HP_Peak,paperA_corr,none,-,-,-,p0.3|n40,wape,8.98541586643568,10,53,arm7_x05,physics
iter05b_arm7,0,gb_eoh_2122r3,HP_Peak,paperA_corr,none,-,-,-,p0.3|n40,rmse,4.562342046514557,10,53,arm7_x05,physics
iter05b_arm7,0,gb_eoh_2122r3,HP_Peak,paperA_corr,none,-,-,-,p0.3|n40,mae,3.755203453138177,10,53,arm7_x05,physics
iter05b_arm7,0,gb_eoh_2122r3,HP_Peak,paperA_corr,none,-,-,-,p0.3|n40,mape,8.80952772290194,10,53,arm7_x05,physics
iter05b_arm7,0,gb_eoh_2122r3,HP_Peak,paperA_corr,none,-,-,-,p0.3|n40,r2,-0.5857567049432368,10,53,arm7_x05,physics
iter05b_arm7,0,gb_eoh_2122r3,HP_Peak,paperA_corr,none,-,-,-,p0.3|n40,n_pred_nan,0.0,10,53,arm7_x05,physics
iter05b_arm7,0,gb_eoh_2122r3,HP_Peak,paperA_corr,none,-,-,-,p0.3|n40,mape_n_excluded,0.0,10,53,arm7_x05,physics
iter05b_arm7,0,gb_eoh_2122r3,HP_Peak,paperA_corr,none,-,-,-,p0.5|n10,wape,16.32993472536759,15,41,arm7_x05,physics
iter05b_arm7,0,gb_eoh_2122r3,HP_Peak,paperA_corr,none,-,-,-,p0.5|n10,rmse,3.0469846735426707,15,41,arm7_x05,physics
iter05b_arm7,0,gb_eoh_2122r3,HP_Peak,paperA_corr,none,-,-,-,p0.5|n10,mae,2.6966601743538856,15,41,arm7_x05,physics
iter05b_arm7,0,gb_eoh_2122r3,HP_Peak,paperA_corr,none,-,-,-,p0.5|n10,mape,17.233528786200633,15,41,arm7_x05,physics
iter05b_arm7,0,gb_eoh_2122r3,HP_Peak,paperA_corr,none,-,-,-,p0.5|n10,r2,-0.17265757541425986,15,41,arm7_x05,physics
iter05b_arm7,0,gb_eoh_2122r3,HP_Peak,paperA_corr,none,-,-,-,p0.5|n10,n_pred_nan,0.0,15,41,arm7_x05,physics
iter05b_arm7,0,gb_eoh_2122r3,HP_Peak,paperA_corr,none,-,-,-,p0.5|n10,mape_n_excluded,0.0,15,41,arm7_x05,physics
iter05b_arm7,0,gb_eoh_2122r3,HP_Peak,paperA_corr,none,-,-,-,p0.5|n20,wape,6.373810943169422,10,49,arm7_x05,physics
iter05b_arm7,0,gb_eoh_2122r3,HP_Peak,paperA_corr,none,-,-,-,p0.5|n20,rmse,2.7534767621032312,10,49,arm7_x05,physics
iter05b_arm7,0,gb_eoh_2122r3,HP_Peak,paperA_corr,none,-,-,-,p0.5|n20,mae,2.3067100885443517,10,49,arm7_x05,physics
iter05b_arm7,0,gb_eoh_2122r3,HP_Peak,paperA_corr,none,-,-,-,p0.5|n20,mape,6.317822360992206,10,49,arm7_x05,physics
iter05b_arm7,0,gb_eoh_2122r3,HP_Peak,paperA_corr,none,-,-,-,p0.5|n20,r2,0.5229264403952336,10,49,arm7_x05,physics
iter05b_arm7,0,gb_eoh_2122r3,HP_Peak,paperA_corr,none,-,-,-,p0.5|n20,n_pred_nan,0.0,10,49,arm7_x05,physics
iter05b_arm7,0,gb_eoh_2122r3,HP_Peak,paperA_corr,none,-,-,-,p0.5|n20,mape_n_excluded,0.0,10,49,arm7_x05,physics
iter05b_arm7,0,gb_eoh_2122r3,HP_Peak,paperA_corr,none,-,-,-,p0.5|n40,wape,5.566852827246884,5,30,arm7_x05,physics
iter05b_arm7,0,gb_eoh_2122r3,HP_Peak,paperA_corr,none,-,-,-,p0.5|n40,rmse,4.303748849669073,5,30,arm7_x05,physics
iter05b_arm7,0,gb_eoh_2122r3,HP_Peak,paperA_corr,none,-,-,-,p0.5|n40,mae,4.139820250594278,5,30,arm7_x05,physics
iter05b_arm7,0,gb_eoh_2122r3,HP_Peak,paperA_corr,none,-,-,-,p0.5|n40,mape,5.577249471578825,5,30,arm7_x05,physics
iter05b_arm7,0,gb_eoh_2122r3,HP_Peak,paperA_corr,none,-,-,-,p0.5|n40,r2,-8.055046640383575,5,30,arm7_x05,physics
iter05b_arm7,0,gb_eoh_2122r3,HP_Peak,paperA_corr,none,-,-,-,p0.5|n40,n_pred_nan,0.0,5,30,arm7_x05,physics
iter05b_arm7,0,gb_eoh_2122r3,HP_Peak,paperA_corr,none,-,-,-,p0.5|n40,mape_n_excluded,0.0,5,30,arm7_x05,physics
iter05b_arm7,0,gb_eoh_2122r3,HP_Peak,paperA_corr,none,-,-,-,p0.8|n10,wape,8.262802288770853,10,44,arm7_x05,physics
iter05b_arm7,0,gb_eoh_2122r3,HP_Peak,paperA_corr,none,-,-,-,p0.8|n10,rmse,3.248937259037445,10,44,arm7_x05,physics
iter05b_arm7,0,gb_eoh_2122r3,HP_Peak,paperA_corr,none,-,-,-,p0.8|n10,mae,2.2829191048228354,10,44,arm7_x05,physics
iter05b_arm7,0,gb_eoh_2122r3,HP_Peak,paperA_corr,none,-,-,-,p0.8|n10,mape,8.139365219957902,10,44,arm7_x05,physics
iter05b_arm7,0,gb_eoh_2122r3,HP_Peak,paperA_corr,none,-,-,-,p0.8|n10,r2,-0.615386620692318,10,44,arm7_x05,physics
iter05b_arm7,0,gb_eoh_2122r3,HP_Peak,paperA_corr,none,-,-,-,p0.8|n10,n_pred_nan,0.0,10,44,arm7_x05,physics
iter05b_arm7,0,gb_eoh_2122r3,HP_Peak,paperA_corr,none,-,-,-,p0.8|n10,mape_n_excluded,0.0,10,44,arm7_x05,physics
iter05b_arm7,0,gb_eoh_2122r3,HP_Peak,paperA_corr,none,-,-,-,p0.8|n20,wape,6.742427475165534,10,53,arm7_x05,physics
iter05b_arm7,0,gb_eoh_2122r3,HP_Peak,paperA_corr,none,-,-,-,p0.8|n20,rmse,4.262504185611309,10,53,arm7_x05,physics
iter05b_arm7,0,gb_eoh_2122r3,HP_Peak,paperA_corr,none,-,-,-,p0.8|n20,mae,3.742014426938218,10,53,arm7_x05,physics
iter05b_arm7,0,gb_eoh_2122r3,HP_Peak,paperA_corr,none,-,-,-,p0.8|n20,mape,6.809744918060126,10,53,arm7_x05,physics
iter05b_arm7,0,gb_eoh_2122r3,HP_Peak,paperA_corr,none,-,-,-,p0.8|n20,r2,0.054468591897179564,10,53,arm7_x05,physics
iter05b_arm7,0,gb_eoh_2122r3,HP_Peak,paperA_corr,none,-,-,-,p0.8|n20,n_pred_nan,0.0,10,53,arm7_x05,physics
iter05b_arm7,0,gb_eoh_2122r3,HP_Peak,paperA_corr,none,-,-,-,p0.8|n20,mape_n_excluded,0.0,10,53,arm7_x05,physics
iter05b_arm7,0,gb_eoh_2122r3,HP_Peak,paperA_corr,none,-,-,-,p1.0|n10,wape,8.469905431986614,10,52,arm7_x05,physics
iter05b_arm7,0,gb_eoh_2122r3,HP_Peak,paperA_corr,none,-,-,-,p1.0|n10,rmse,4.040283933022844,10,52,arm7_x05,physics
iter05b_arm7,0,gb_eoh_2122r3,HP_Peak,paperA_corr,none,-,-,-,p1.0|n10,mae,2.975745644510945,10,52,arm7_x05,physics
iter05b_arm7,0,gb_eoh_2122r3,HP_Peak,paperA_corr,none,-,-,-,p1.0|n10,mape,8.597597092012467,10,52,arm7_x05,physics
iter05b_arm7,0,gb_eoh_2122r3,HP_Peak,paperA_corr,none,-,-,-,p1.0|n10,r2,-1.736234402670204,10,52,arm7_x05,physics
iter05b_arm7,0,gb_eoh_2122r3,HP_Peak,paperA_corr,none,-,-,-,p1.0|n10,n_pred_nan,0.0,10,52,arm7_x05,physics
iter05b_arm7,0,gb_eoh_2122r3,HP_Peak,paperA_corr,none,-,-,-,p1.0|n10,mape_n_excluded,0.0,10,52,arm7_x05,physics
iter05b_arm7,0,gb_eoh_2122r3,HP_Peak,paperA_corr,none,-,-,-,p1.0|n20,wape,4.646994952688623,5,30,arm7_x05,physics
iter05b_arm7,0,gb_eoh_2122r3,HP_Peak,paperA_corr,none,-,-,-,p1.0|n20,rmse,4.332121011161922,5,30,arm7_x05,physics
iter05b_arm7,0,gb_eoh_2122r3,HP_Peak,paperA_corr,none,-,-,-,p1.0|n20,mae,3.408213868062441,5,30,arm7_x05,physics
iter05b_arm7,0,gb_eoh_2122r3,HP_Peak,paperA_corr,none,-,-,-,p1.0|n20,mape,4.631374813461788,5,30,arm7_x05,physics
iter05b_arm7,0,gb_eoh_2122r3,HP_Peak,paperA_corr,none,-,-,-,p1.0|n20,r2,-1.290110826134422,5,30,arm7_x05,physics
iter05b_arm7,0,gb_eoh_2122r3,HP_Peak,paperA_corr,none,-,-,-,p1.0|n20,n_pred_nan,0.0,5,30,arm7_x05,physics
iter05b_arm7,0,gb_eoh_2122r3,HP_Peak,paperA_corr,none,-,-,-,p1.0|n20,mape_n_excluded,0.0,5,30,arm7_x05,physics
iter05b_arm7,0,gb_eoh_2122r3,HP_Peak,paperA_corr_cal,none,-,-,-,all,wape,16.161457708376744,455,81,arm7_x05,physics
iter05b_arm7,0,gb_eoh_2122r3,HP_Peak,paperA_corr_cal,none,-,-,-,all,rmse,3.520257634844038,455,81,arm7_x05,physics
iter05b_arm7,0,gb_eoh_2122r3,HP_Peak,paperA_corr_cal,none,-,-,-,all,mae,2.5606313719675424,455,81,arm7_x05,physics
iter05b_arm7,0,gb_eoh_2122r3,HP_Peak,paperA_corr_cal,none,-,-,-,all,mape,29.41343025085676,455,81,arm7_x05,physics
iter05b_arm7,0,gb_eoh_2122r3,HP_Peak,paperA_corr_cal,none,-,-,-,all,r2,0.9546588772296829,455,81,arm7_x05,physics
iter05b_arm7,0,gb_eoh_2122r3,HP_Peak,paperA_corr_cal,none,-,-,-,all,n_pred_nan,0.0,455,81,arm7_x05,physics
iter05b_arm7,0,gb_eoh_2122r3,HP_Peak,paperA_corr_cal,none,-,-,-,all,mape_n_excluded,0.0,455,81,arm7_x05,physics
iter05b_arm7,0,gb_eoh_2122r3,HP_Peak,paperA_corr_cal,none,-,-,-,all,n_invalid,5.0,455,81,arm7_x05,physics
iter05b_arm7,0,gb_eoh_2122r3,HP_Peak,paperA_corr_cal,none,-,-,-,all,cal_b,0.08187973687358294,455,81,arm7_x05,physics
iter05b_arm7,0,gb_eoh_2122r3,HP_Peak,paperA_corr_cal,none,-,-,-,all,n_cal_train,2062.0,455,81,arm7_x05,physics
iter05b_arm7,0,gb_eoh_2122r3,HP_Peak,paperA_corr_cal,none,-,-,-,pbin<=15,wape,25.51905047283181,265,81,arm7_x05,physics
iter05b_arm7,0,gb_eoh_2122r3,HP_Peak,paperA_corr_cal,none,-,-,-,pbin<=15,rmse,3.257686785261499,265,81,arm7_x05,physics
iter05b_arm7,0,gb_eoh_2122r3,HP_Peak,paperA_corr_cal,none,-,-,-,pbin<=15,mae,2.2967983206477913,265,81,arm7_x05,physics
iter05b_arm7,0,gb_eoh_2122r3,HP_Peak,paperA_corr_cal,none,-,-,-,pbin<=15,mape,38.7120705750488,265,81,arm7_x05,physics
iter05b_arm7,0,gb_eoh_2122r3,HP_Peak,paperA_corr_cal,none,-,-,-,pbin<=15,r2,0.8765749210474203,265,81,arm7_x05,physics
iter05b_arm7,0,gb_eoh_2122r3,HP_Peak,paperA_corr_cal,none,-,-,-,pbin<=15,n_pred_nan,0.0,265,81,arm7_x05,physics
iter05b_arm7,0,gb_eoh_2122r3,HP_Peak,paperA_corr_cal,none,-,-,-,pbin<=15,mape_n_excluded,0.0,265,81,arm7_x05,physics
iter05b_arm7,0,gb_eoh_2122r3,HP_Peak,paperA_corr_cal,none,-,-,-,pbin15-35,wape,14.671702155281613,125,81,arm7_x05,physics
iter05b_arm7,0,gb_eoh_2122r3,HP_Peak,paperA_corr_cal,none,-,-,-,pbin15-35,rmse,3.678663184124522,125,81,arm7_x05,physics
iter05b_arm7,0,gb_eoh_2122r3,HP_Peak,paperA_corr_cal,none,-,-,-,pbin15-35,mae,2.6916094663397887,125,81,arm7_x05,physics
iter05b_arm7,0,gb_eoh_2122r3,HP_Peak,paperA_corr_cal,none,-,-,-,pbin15-35,mape,19.413183518820468,125,81,arm7_x05,physics
iter05b_arm7,0,gb_eoh_2122r3,HP_Peak,paperA_corr_cal,none,-,-,-,pbin15-35,r2,0.9418607867958907,125,81,arm7_x05,physics
iter05b_arm7,0,gb_eoh_2122r3,HP_Peak,paperA_corr_cal,none,-,-,-,pbin15-35,n_pred_nan,0.0,125,81,arm7_x05,physics
iter05b_arm7,0,gb_eoh_2122r3,HP_Peak,paperA_corr_cal,none,-,-,-,pbin15-35,mape_n_excluded,0.0,125,81,arm7_x05,physics
iter05b_arm7,0,gb_eoh_2122r3,HP_Peak,paperA_corr_cal,none,-,-,-,pbin35-65,wape,8.117996003527457,30,63,arm7_x05,physics
iter05b_arm7,0,gb_eoh_2122r3,HP_Peak,paperA_corr_cal,none,-,-,-,pbin35-65,rmse,3.346893188705561,30,63,arm7_x05,physics
iter05b_arm7,0,gb_eoh_2122r3,HP_Peak,paperA_corr_cal,none,-,-,-,pbin35-65,mae,2.6557647600413423,30,63,arm7_x05,physics
iter05b_arm7,0,gb_eoh_2122r3,HP_Peak,paperA_corr_cal,none,-,-,-,pbin35-65,mape,11.49234008669658,30,63,arm7_x05,physics
iter05b_arm7,0,gb_eoh_2122r3,HP_Peak,paperA_corr_cal,none,-,-,-,pbin35-65,r2,0.9741892674755815,30,63,arm7_x05,physics
iter05b_arm7,0,gb_eoh_2122r3,HP_Peak,paperA_corr_cal,none,-,-,-,pbin35-65,n_pred_nan,0.0,30,63,arm7_x05,physics
iter05b_arm7,0,gb_eoh_2122r3,HP_Peak,paperA_corr_cal,none,-,-,-,pbin35-65,mape_n_excluded,0.0,30,63,arm7_x05,physics
iter05b_arm7,0,gb_eoh_2122r3,HP_Peak,paperA_corr_cal,none,-,-,-,pbin>65,wape,9.05629257955017,35,55,arm7_x05,physics
iter05b_arm7,0,gb_eoh_2122r3,HP_Peak,paperA_corr_cal,none,-,-,-,pbin>65,rmse,4.776482469278159,35,55,arm7_x05,physics
iter05b_arm7,0,gb_eoh_2122r3,HP_Peak,paperA_corr_cal,none,-,-,-,pbin>65,mae,4.008902662281526,35,55,arm7_x05,physics
iter05b_arm7,0,gb_eoh_2122r3,HP_Peak,paperA_corr_cal,none,-,-,-,pbin>65,mape,10.085540551383898,35,55,arm7_x05,physics
iter05b_arm7,0,gb_eoh_2122r3,HP_Peak,paperA_corr_cal,none,-,-,-,pbin>65,r2,0.9154940005671625,35,55,arm7_x05,physics
iter05b_arm7,0,gb_eoh_2122r3,HP_Peak,paperA_corr_cal,none,-,-,-,pbin>65,n_pred_nan,0.0,35,55,arm7_x05,physics
iter05b_arm7,0,gb_eoh_2122r3,HP_Peak,paperA_corr_cal,none,-,-,-,pbin>65,mape_n_excluded,0.0,35,55,arm7_x05,physics
iter05b_arm7,0,gb_eoh_2122r3,HP_Peak,paperA_corr_cal,none,-,-,-,p0.05|n10,wape,41.359104134719416,40,25,arm7_x05,physics
iter05b_arm7,0,gb_eoh_2122r3,HP_Peak,paperA_corr_cal,none,-,-,-,p0.05|n10,rmse,1.9258361794958967,40,25,arm7_x05,physics
iter05b_arm7,0,gb_eoh_2122r3,HP_Peak,paperA_corr_cal,none,-,-,-,p0.05|n10,mae,1.4295478185115142,40,25,arm7_x05,physics
iter05b_arm7,0,gb_eoh_2122r3,HP_Peak,paperA_corr_cal,none,-,-,-,p0.05|n10,mape,49.03821588106563,40,25,arm7_x05,physics
iter05b_arm7,0,gb_eoh_2122r3,HP_Peak,paperA_corr_cal,none,-,-,-,p0.05|n10,r2,-2.0509593007848457,40,25,arm7_x05,physics
iter05b_arm7,0,gb_eoh_2122r3,HP_Peak,paperA_corr_cal,none,-,-,-,p0.05|n10,n_pred_nan,0.0,40,25,arm7_x05,physics
iter05b_arm7,0,gb_eoh_2122r3,HP_Peak,paperA_corr_cal,none,-,-,-,p0.05|n10,mape_n_excluded,0.0,40,25,arm7_x05,physics
iter05b_arm7,0,gb_eoh_2122r3,HP_Peak,paperA_corr_cal,none,-,-,-,p0.05|n20,wape,57.95772306583624,40,29,arm7_x05,physics
iter05b_arm7,0,gb_eoh_2122r3,HP_Peak,paperA_corr_cal,none,-,-,-,p0.05|n20,rmse,2.5313616331035815,40,29,arm7_x05,physics
iter05b_arm7,0,gb_eoh_2122r3,HP_Peak,paperA_corr_cal,none,-,-,-,p0.05|n20,mae,2.0891912983096494,40,29,arm7_x05,physics
iter05b_arm7,0,gb_eoh_2122r3,HP_Peak,paperA_corr_cal,none,-,-,-,p0.05|n20,mape,62.523309830678976,40,29,arm7_x05,physics
iter05b_arm7,0,gb_eoh_2122r3,HP_Peak,paperA_corr_cal,none,-,-,-,p0.05|n20,r2,-5.076049161336132,40,29,arm7_x05,physics
iter05b_arm7,0,gb_eoh_2122r3,HP_Peak,paperA_corr_cal,none,-,-,-,p0.05|n20,n_pred_nan,0.0,40,29,arm7_x05,physics
iter05b_arm7,0,gb_eoh_2122r3,HP_Peak,paperA_corr_cal,none,-,-,-,p0.05|n20,mape_n_excluded,0.0,40,29,arm7_x05,physics
iter05b_arm7,0,gb_eoh_2122r3,HP_Peak,paperA_corr_cal,none,-,-,-,p0.05|n40,wape,34.71471502088633,40,40,arm7_x05,physics
iter05b_arm7,0,gb_eoh_2122r3,HP_Peak,paperA_corr_cal,none,-,-,-,p0.05|n40,rmse,3.160350047783424,40,40,arm7_x05,physics
iter05b_arm7,0,gb_eoh_2122r3,HP_Peak,paperA_corr_cal,none,-,-,-,p0.05|n40,mae,2.2384055927838493,40,40,arm7_x05,physics
iter05b_arm7,0,gb_eoh_2122r3,HP_Peak,paperA_corr_cal,none,-,-,-,p0.05|n40,mape,34.98432601034249,40,40,arm7_x05,physics
iter05b_arm7,0,gb_eoh_2122r3,HP_Peak,paperA_corr_cal,none,-,-,-,p0.05|n40,r2,-2.926085557904233,40,40,arm7_x05,physics
iter05b_arm7,0,gb_eoh_2122r3,HP_Peak,paperA_corr_cal,none,-,-,-,p0.05|n40,n_pred_nan,0.0,40,40,arm7_x05,physics
iter05b_arm7,0,gb_eoh_2122r3,HP_Peak,paperA_corr_cal,none,-,-,-,p0.05|n40,mape_n_excluded,0.0,40,40,arm7_x05,physics
iter05b_arm7,0,gb_eoh_2122r3,HP_Peak,paperA_corr_cal,none,-,-,-,p0.05|n80,wape,27.94642262289017,15,39,arm7_x05,physics
iter05b_arm7,0,gb_eoh_2122r3,HP_Peak,paperA_corr_cal,none,-,-,-,p0.05|n80,rmse,4.653423651693221,15,39,arm7_x05,physics
iter05b_arm7,0,gb_eoh_2122r3,HP_Peak,paperA_corr_cal,none,-,-,-,p0.05|n80,mae,3.719903124041305,15,39,arm7_x05,physics
iter05b_arm7,0,gb_eoh_2122r3,HP_Peak,paperA_corr_cal,none,-,-,-,p0.05|n80,mape,29.045672896968476,15,39,arm7_x05,physics
iter05b_arm7,0,gb_eoh_2122r3,HP_Peak,paperA_corr_cal,none,-,-,-,p0.05|n80,r2,-6.657634418328184,15,39,arm7_x05,physics
iter05b_arm7,0,gb_eoh_2122r3,HP_Peak,paperA_corr_cal,none,-,-,-,p0.05|n80,n_pred_nan,0.0,15,39,arm7_x05,physics
iter05b_arm7,0,gb_eoh_2122r3,HP_Peak,paperA_corr_cal,none,-,-,-,p0.05|n80,mape_n_excluded,0.0,15,39,arm7_x05,physics
iter05b_arm7,0,gb_eoh_2122r3,HP_Peak,paperA_corr_cal,none,-,-,-,p0.05|n120,wape,15.999535638522614,15,53,arm7_x05,physics
iter05b_arm7,0,gb_eoh_2122r3,HP_Peak,paperA_corr_cal,none,-,-,-,p0.05|n120,rmse,4.01895523606392,15,53,arm7_x05,physics
iter05b_arm7,0,gb_eoh_2122r3,HP_Peak,paperA_corr_cal,none,-,-,-,p0.05|n120,mae,3.20104034092381,15,53,arm7_x05,physics
iter05b_arm7,0,gb_eoh_2122r3,HP_Peak,paperA_corr_cal,none,-,-,-,p0.05|n120,mape,16.587677632948385,15,53,arm7_x05,physics
iter05b_arm7,0,gb_eoh_2122r3,HP_Peak,paperA_corr_cal,none,-,-,-,p0.05|n120,r2,-0.9201907059506722,15,53,arm7_x05,physics
iter05b_arm7,0,gb_eoh_2122r3,HP_Peak,paperA_corr_cal,none,-,-,-,p0.05|n120,n_pred_nan,0.0,15,53,arm7_x05,physics
iter05b_arm7,0,gb_eoh_2122r3,HP_Peak,paperA_corr_cal,none,-,-,-,p0.05|n120,mape_n_excluded,0.0,15,53,arm7_x05,physics
iter05b_arm7,0,gb_eoh_2122r3,HP_Peak,paperA_corr_cal,none,-,-,-,p0.1|n10,wape,44.16514188669742,40,26,arm7_x05,physics
iter05b_arm7,0,gb_eoh_2122r3,HP_Peak,paperA_corr_cal,none,-,-,-,p0.1|n10,rmse,2.3869028092523625,40,26,arm7_x05,physics
iter05b_arm7,0,gb_eoh_2122r3,HP_Peak,paperA_corr_cal,none,-,-,-,p0.1|n10,mae,1.5892119936473719,40,26,arm7_x05,physics
iter05b_arm7,0,gb_eoh_2122r3,HP_Peak,paperA_corr_cal,none,-,-,-,p0.1|n10,mape,47.3830262739221,40,26,arm7_x05,physics
iter05b_arm7,0,gb_eoh_2122r3,HP_Peak,paperA_corr_cal,none,-,-,-,p0.1|n10,r2,-6.863150994326444,40,26,arm7_x05,physics
iter05b_arm7,0,gb_eoh_2122r3,HP_Peak,paperA_corr_cal,none,-,-,-,p0.1|n10,n_pred_nan,0.0,40,26,arm7_x05,physics
iter05b_arm7,0,gb_eoh_2122r3,HP_Peak,paperA_corr_cal,none,-,-,-,p0.1|n10,mape_n_excluded,0.0,40,26,arm7_x05,physics
iter05b_arm7,0,gb_eoh_2122r3,HP_Peak,paperA_corr_cal,none,-,-,-,p0.1|n20,wape,25.55850130426427,40,44,arm7_x05,physics
iter05b_arm7,0,gb_eoh_2122r3,HP_Peak,paperA_corr_cal,none,-,-,-,p0.1|n20,rmse,2.5590192913896406,40,44,arm7_x05,physics
iter05b_arm7,0,gb_eoh_2122r3,HP_Peak,paperA_corr_cal,none,-,-,-,p0.1|n20,mae,1.7828496270783851,40,44,arm7_x05,physics
iter05b_arm7,0,gb_eoh_2122r3,HP_Peak,paperA_corr_cal,none,-,-,-,p0.1|n20,mape,29.771064836308703,40,44,arm7_x05,physics
iter05b_arm7,0,gb_eoh_2122r3,HP_Peak,paperA_corr_cal,none,-,-,-,p0.1|n20,r2,-1.9738588104805213,40,44,arm7_x05,physics
iter05b_arm7,0,gb_eoh_2122r3,HP_Peak,paperA_corr_cal,none,-,-,-,p0.1|n20,n_pred_nan,0.0,40,44,arm7_x05,physics
iter05b_arm7,0,gb_eoh_2122r3,HP_Peak,paperA_corr_cal,none,-,-,-,p0.1|n20,mape_n_excluded,0.0,40,44,arm7_x05,physics
iter05b_arm7,0,gb_eoh_2122r3,HP_Peak,paperA_corr_cal,none,-,-,-,p0.1|n40,wape,24.423937941817115,15,39,arm7_x05,physics
iter05b_arm7,0,gb_eoh_2122r3,HP_Peak,paperA_corr_cal,none,-,-,-,p0.1|n40,rmse,3.9250225840056476,15,39,arm7_x05,physics
iter05b_arm7,0,gb_eoh_2122r3,HP_Peak,paperA_corr_cal,none,-,-,-,p0.1|n40,mae,3.2860865607152103,15,39,arm7_x05,physics
iter05b_arm7,0,gb_eoh_2122r3,HP_Peak,paperA_corr_cal,none,-,-,-,p0.1|n40,mape,24.576306366803593,15,39,arm7_x05,physics
iter05b_arm7,0,gb_eoh_2122r3,HP_Peak,paperA_corr_cal,none,-,-,-,p0.1|n40,r2,-1.9988924959082826,15,39,arm7_x05,physics
iter05b_arm7,0,gb_eoh_2122r3,HP_Peak,paperA_corr_cal,none,-,-,-,p0.1|n40,n_pred_nan,0.0,15,39,arm7_x05,physics
iter05b_arm7,0,gb_eoh_2122r3,HP_Peak,paperA_corr_cal,none,-,-,-,p0.1|n40,mape_n_excluded,0.0,15,39,arm7_x05,physics
iter05b_arm7,0,gb_eoh_2122r3,HP_Peak,paperA_corr_cal,none,-,-,-,p0.1|n80,wape,13.33502103766841,10,46,arm7_x05,physics
iter05b_arm7,0,gb_eoh_2122r3,HP_Peak,paperA_corr_cal,none,-,-,-,p0.1|n80,rmse,5.318742678238239,10,46,arm7_x05,physics
iter05b_arm7,0,gb_eoh_2122r3,HP_Peak,paperA_corr_cal,none,-,-,-,p0.1|n80,mae,3.831044395373433,10,46,arm7_x05,physics
iter05b_arm7,0,gb_eoh_2122r3,HP_Peak,paperA_corr_cal,none,-,-,-,p0.1|n80,mape,13.656202312072216,10,46,arm7_x05,physics
iter05b_arm7,0,gb_eoh_2122r3,HP_Peak,paperA_corr_cal,none,-,-,-,p0.1|n80,r2,-5.174664964774002,10,46,arm7_x05,physics
iter05b_arm7,0,gb_eoh_2122r3,HP_Peak,paperA_corr_cal,none,-,-,-,p0.1|n80,n_pred_nan,0.0,10,46,arm7_x05,physics
iter05b_arm7,0,gb_eoh_2122r3,HP_Peak,paperA_corr_cal,none,-,-,-,p0.1|n80,mape_n_excluded,0.0,10,46,arm7_x05,physics
iter05b_arm7,0,gb_eoh_2122r3,HP_Peak,paperA_corr_cal,none,-,-,-,p0.1|n120,wape,12.027859699822237,10,51,arm7_x05,physics
iter05b_arm7,0,gb_eoh_2122r3,HP_Peak,paperA_corr_cal,none,-,-,-,p0.1|n120,rmse,6.612357567343615,10,51,arm7_x05,physics
iter05b_arm7,0,gb_eoh_2122r3,HP_Peak,paperA_corr_cal,none,-,-,-,p0.1|n120,mae,5.206740741949462,10,51,arm7_x05,physics
iter05b_arm7,0,gb_eoh_2122r3,HP_Peak,paperA_corr_cal,none,-,-,-,p0.1|n120,mape,12.09941125236886,10,51,arm7_x05,physics
iter05b_arm7,0,gb_eoh_2122r3,HP_Peak,paperA_corr_cal,none,-,-,-,p0.1|n120,r2,-1.8050424143055173,10,51,arm7_x05,physics
iter05b_arm7,0,gb_eoh_2122r3,HP_Peak,paperA_corr_cal,none,-,-,-,p0.1|n120,n_pred_nan,0.0,10,51,arm7_x05,physics
iter05b_arm7,0,gb_eoh_2122r3,HP_Peak,paperA_corr_cal,none,-,-,-,p0.1|n120,mape_n_excluded,0.0,10,51,arm7_x05,physics
iter05b_arm7,0,gb_eoh_2122r3,HP_Peak,paperA_corr_cal,none,-,-,-,p0.2|n10,wape,25.453066932469937,40,40,arm7_x05,physics
iter05b_arm7,0,gb_eoh_2122r3,HP_Peak,paperA_corr_cal,none,-,-,-,p0.2|n10,rmse,2.2251131548824694,40,40,arm7_x05,physics
iter05b_arm7,0,gb_eoh_2122r3,HP_Peak,paperA_corr_cal,none,-,-,-,p0.2|n10,mae,1.740786542932684,40,40,arm7_x05,physics
iter05b_arm7,0,gb_eoh_2122r3,HP_Peak,paperA_corr_cal,none,-,-,-,p0.2|n10,mape,26.898938297124857,40,40,arm7_x05,physics
iter05b_arm7,0,gb_eoh_2122r3,HP_Peak,paperA_corr_cal,none,-,-,-,p0.2|n10,r2,-1.5257863149795345,40,40,arm7_x05,physics
iter05b_arm7,0,gb_eoh_2122r3,HP_Peak,paperA_corr_cal,none,-,-,-,p0.2|n10,n_pred_nan,0.0,40,40,arm7_x05,physics
iter05b_arm7,0,gb_eoh_2122r3,HP_Peak,paperA_corr_cal,none,-,-,-,p0.2|n10,mape_n_excluded,0.0,40,40,arm7_x05,physics
iter05b_arm7,0,gb_eoh_2122r3,HP_Peak,paperA_corr_cal,none,-,-,-,p0.2|n20,wape,22.193595920080075,15,40,arm7_x05,physics
iter05b_arm7,0,gb_eoh_2122r3,HP_Peak,paperA_corr_cal,none,-,-,-,p0.2|n20,rmse,3.3291800836025147,15,40,arm7_x05,physics
iter05b_arm7,0,gb_eoh_2122r3,HP_Peak,paperA_corr_cal,none,-,-,-,p0.2|n20,mae,2.873625555668441,15,40,arm7_x05,physics
iter05b_arm7,0,gb_eoh_2122r3,HP_Peak,paperA_corr_cal,none,-,-,-,p0.2|n20,mape,23.092752424379388,15,40,arm7_x05,physics
iter05b_arm7,0,gb_eoh_2122r3,HP_Peak,paperA_corr_cal,none,-,-,-,p0.2|n20,r2,-2.327031306711033,15,40,arm7_x05,physics
iter05b_arm7,0,gb_eoh_2122r3,HP_Peak,paperA_corr_cal,none,-,-,-,p0.2|n20,n_pred_nan,0.0,15,40,arm7_x05,physics
iter05b_arm7,0,gb_eoh_2122r3,HP_Peak,paperA_corr_cal,none,-,-,-,p0.2|n20,mape_n_excluded,0.0,15,40,arm7_x05,physics
iter05b_arm7,0,gb_eoh_2122r3,HP_Peak,paperA_corr_cal,none,-,-,-,p0.2|n40,wape,11.167172265900065,10,45,arm7_x05,physics
iter05b_arm7,0,gb_eoh_2122r3,HP_Peak,paperA_corr_cal,none,-,-,-,p0.2|n40,rmse,3.948542227497075,10,45,arm7_x05,physics
iter05b_arm7,0,gb_eoh_2122r3,HP_Peak,paperA_corr_cal,none,-,-,-,p0.2|n40,mae,3.202519617628556,10,45,arm7_x05,physics
iter05b_arm7,0,gb_eoh_2122r3,HP_Peak,paperA_corr_cal,none,-,-,-,p0.2|n40,mape,11.311712283227585,10,45,arm7_x05,physics
iter05b_arm7,0,gb_eoh_2122r3,HP_Peak,paperA_corr_cal,none,-,-,-,p0.2|n40,r2,-3.9605178904733647,10,45,arm7_x05,physics
iter05b_arm7,0,gb_eoh_2122r3,HP_Peak,paperA_corr_cal,none,-,-,-,p0.2|n40,n_pred_nan,0.0,10,45,arm7_x05,physics
iter05b_arm7,0,gb_eoh_2122r3,HP_Peak,paperA_corr_cal,none,-,-,-,p0.2|n40,mape_n_excluded,0.0,10,45,arm7_x05,physics
iter05b_arm7,0,gb_eoh_2122r3,HP_Peak,paperA_corr_cal,none,-,-,-,p0.2|n80,wape,11.763301292475422,10,53,arm7_x05,physics
iter05b_arm7,0,gb_eoh_2122r3,HP_Peak,paperA_corr_cal,none,-,-,-,p0.2|n80,rmse,8.296518993192798,10,53,arm7_x05,physics
iter05b_arm7,0,gb_eoh_2122r3,HP_Peak,paperA_corr_cal,none,-,-,-,p0.2|n80,mae,6.632512611870996,10,53,arm7_x05,physics
iter05b_arm7,0,gb_eoh_2122r3,HP_Peak,paperA_corr_cal,none,-,-,-,p0.2|n80,mape,11.877419527930433,10,53,arm7_x05,physics
iter05b_arm7,0,gb_eoh_2122r3,HP_Peak,paperA_corr_cal,none,-,-,-,p0.2|n80,r2,-2.8141497512473896,10,53,arm7_x05,physics
iter05b_arm7,0,gb_eoh_2122r3,HP_Peak,paperA_corr_cal,none,-,-,-,p0.2|n80,n_pred_nan,0.0,10,53,arm7_x05,physics
iter05b_arm7,0,gb_eoh_2122r3,HP_Peak,paperA_corr_cal,none,-,-,-,p0.2|n80,mape_n_excluded,0.0,10,53,arm7_x05,physics
iter05b_arm7,0,gb_eoh_2122r3,HP_Peak,paperA_corr_cal,none,-,-,-,p0.3|n10,wape,16.673073569370484,25,41,arm7_x05,physics
iter05b_arm7,0,gb_eoh_2122r3,HP_Peak,paperA_corr_cal,none,-,-,-,p0.3|n10,rmse,2.1788378838582316,25,41,arm7_x05,physics
iter05b_arm7,0,gb_eoh_2122r3,HP_Peak,paperA_corr_cal,none,-,-,-,p0.3|n10,mae,1.7208528032337946,25,41,arm7_x05,physics
iter05b_arm7,0,gb_eoh_2122r3,HP_Peak,paperA_corr_cal,none,-,-,-,p0.3|n10,mape,18.06904014197812,25,41,arm7_x05,physics
iter05b_arm7,0,gb_eoh_2122r3,HP_Peak,paperA_corr_cal,none,-,-,-,p0.3|n10,r2,-0.019018475949519997,25,41,arm7_x05,physics
iter05b_arm7,0,gb_eoh_2122r3,HP_Peak,paperA_corr_cal,none,-,-,-,p0.3|n10,n_pred_nan,0.0,25,41,arm7_x05,physics
iter05b_arm7,0,gb_eoh_2122r3,HP_Peak,paperA_corr_cal,none,-,-,-,p0.3|n10,mape_n_excluded,0.0,25,41,arm7_x05,physics
iter05b_arm7,0,gb_eoh_2122r3,HP_Peak,paperA_corr_cal,none,-,-,-,p0.3|n20,wape,15.728671910872679,15,51,arm7_x05,physics
iter05b_arm7,0,gb_eoh_2122r3,HP_Peak,paperA_corr_cal,none,-,-,-,p0.3|n20,rmse,3.7122378603270434,15,51,arm7_x05,physics
iter05b_arm7,0,gb_eoh_2122r3,HP_Peak,paperA_corr_cal,none,-,-,-,p0.3|n20,mae,3.133660566508781,15,51,arm7_x05,physics
iter05b_arm7,0,gb_eoh_2122r3,HP_Peak,paperA_corr_cal,none,-,-,-,p0.3|n20,mape,15.564922947995285,15,51,arm7_x05,physics
iter05b_arm7,0,gb_eoh_2122r3,HP_Peak,paperA_corr_cal,none,-,-,-,p0.3|n20,r2,-1.2080603411049324,15,51,arm7_x05,physics
iter05b_arm7,0,gb_eoh_2122r3,HP_Peak,paperA_corr_cal,none,-,-,-,p0.3|n20,n_pred_nan,0.0,15,51,arm7_x05,physics
iter05b_arm7,0,gb_eoh_2122r3,HP_Peak,paperA_corr_cal,none,-,-,-,p0.3|n20,mape_n_excluded,0.0,15,51,arm7_x05,physics
iter05b_arm7,0,gb_eoh_2122r3,HP_Peak,paperA_corr_cal,none,-,-,-,p0.3|n40,wape,8.455832145118306,10,53,arm7_x05,physics
iter05b_arm7,0,gb_eoh_2122r3,HP_Peak,paperA_corr_cal,none,-,-,-,p0.3|n40,rmse,3.9704844404257322,10,53,arm7_x05,physics
iter05b_arm7,0,gb_eoh_2122r3,HP_Peak,paperA_corr_cal,none,-,-,-,p0.3|n40,mae,3.533878736666746,10,53,arm7_x05,physics
iter05b_arm7,0,gb_eoh_2122r3,HP_Peak,paperA_corr_cal,none,-,-,-,p0.3|n40,mape,8.720795572091108,10,53,arm7_x05,physics
iter05b_arm7,0,gb_eoh_2122r3,HP_Peak,paperA_corr_cal,none,-,-,-,p0.3|n40,r2,-0.20101344531752896,10,53,arm7_x05,physics
iter05b_arm7,0,gb_eoh_2122r3,HP_Peak,paperA_corr_cal,none,-,-,-,p0.3|n40,n_pred_nan,0.0,10,53,arm7_x05,physics
iter05b_arm7,0,gb_eoh_2122r3,HP_Peak,paperA_corr_cal,none,-,-,-,p0.3|n40,mape_n_excluded,0.0,10,53,arm7_x05,physics
iter05b_arm7,0,gb_eoh_2122r3,HP_Peak,paperA_corr_cal,none,-,-,-,p0.5|n10,wape,15.503619991371565,15,41,arm7_x05,physics
iter05b_arm7,0,gb_eoh_2122r3,HP_Peak,paperA_corr_cal,none,-,-,-,p0.5|n10,rmse,3.145157471123241,15,41,arm7_x05,physics
iter05b_arm7,0,gb_eoh_2122r3,HP_Peak,paperA_corr_cal,none,-,-,-,p0.5|n10,mae,2.560205860719221,15,41,arm7_x05,physics
iter05b_arm7,0,gb_eoh_2122r3,HP_Peak,paperA_corr_cal,none,-,-,-,p0.5|n10,mape,16.117612985562996,15,41,arm7_x05,physics
iter05b_arm7,0,gb_eoh_2122r3,HP_Peak,paperA_corr_cal,none,-,-,-,p0.5|n10,r2,-0.24944016557527737,15,41,arm7_x05,physics
iter05b_arm7,0,gb_eoh_2122r3,HP_Peak,paperA_corr_cal,none,-,-,-,p0.5|n10,n_pred_nan,0.0,15,41,arm7_x05,physics
iter05b_arm7,0,gb_eoh_2122r3,HP_Peak,paperA_corr_cal,none,-,-,-,p0.5|n10,mape_n_excluded,0.0,15,41,arm7_x05,physics
iter05b_arm7,0,gb_eoh_2122r3,HP_Peak,paperA_corr_cal,none,-,-,-,p0.5|n20,wape,8.844549087954341,10,49,arm7_x05,physics
iter05b_arm7,0,gb_eoh_2122r3,HP_Peak,paperA_corr_cal,none,-,-,-,p0.5|n20,rmse,4.023334465202022,10,49,arm7_x05,physics
iter05b_arm7,0,gb_eoh_2122r3,HP_Peak,paperA_corr_cal,none,-,-,-,p0.5|n20,mae,3.200881041455095,10,49,arm7_x05,physics
iter05b_arm7,0,gb_eoh_2122r3,HP_Peak,paperA_corr_cal,none,-,-,-,p0.5|n20,mape,9.060901828117988,10,49,arm7_x05,physics
iter05b_arm7,0,gb_eoh_2122r3,HP_Peak,paperA_corr_cal,none,-,-,-,p0.5|n20,r2,-0.01857917241773821,10,49,arm7_x05,physics
iter05b_arm7,0,gb_eoh_2122r3,HP_Peak,paperA_corr_cal,none,-,-,-,p0.5|n20,n_pred_nan,0.0,10,49,arm7_x05,physics
iter05b_arm7,0,gb_eoh_2122r3,HP_Peak,paperA_corr_cal,none,-,-,-,p0.5|n20,mape_n_excluded,0.0,10,49,arm7_x05,physics
iter05b_arm7,0,gb_eoh_2122r3,HP_Peak,paperA_corr_cal,none,-,-,-,p0.5|n40,wape,2.4906816481477834,5,30,arm7_x05,physics
iter05b_arm7,0,gb_eoh_2122r3,HP_Peak,paperA_corr_cal,none,-,-,-,p0.5|n40,rmse,2.271492264431063,5,30,arm7_x05,physics
iter05b_arm7,0,gb_eoh_2122r3,HP_Peak,paperA_corr_cal,none,-,-,-,p0.5|n40,mae,1.8522088951802005,5,30,arm7_x05,physics
iter05b_arm7,0,gb_eoh_2122r3,HP_Peak,paperA_corr_cal,none,-,-,-,p0.5|n40,mape,2.4793979072545076,5,30,arm7_x05,physics
iter05b_arm7,0,gb_eoh_2122r3,HP_Peak,paperA_corr_cal,none,-,-,-,p0.5|n40,r2,-1.522431473533104,5,30,arm7_x05,physics
iter05b_arm7,0,gb_eoh_2122r3,HP_Peak,paperA_corr_cal,none,-,-,-,p0.5|n40,n_pred_nan,0.0,5,30,arm7_x05,physics
iter05b_arm7,0,gb_eoh_2122r3,HP_Peak,paperA_corr_cal,none,-,-,-,p0.5|n40,mape_n_excluded,0.0,5,30,arm7_x05,physics
iter05b_arm7,0,gb_eoh_2122r3,HP_Peak,paperA_corr_cal,none,-,-,-,p0.8|n10,wape,10.252917949950312,10,44,arm7_x05,physics
iter05b_arm7,0,gb_eoh_2122r3,HP_Peak,paperA_corr_cal,none,-,-,-,p0.8|n10,rmse,3.926929581154922,10,44,arm7_x05,physics
iter05b_arm7,0,gb_eoh_2122r3,HP_Peak,paperA_corr_cal,none,-,-,-,p0.8|n10,mae,2.832765622376333,10,44,arm7_x05,physics
iter05b_arm7,0,gb_eoh_2122r3,HP_Peak,paperA_corr_cal,none,-,-,-,p0.8|n10,mape,10.609534625108708,10,44,arm7_x05,physics
iter05b_arm7,0,gb_eoh_2122r3,HP_Peak,paperA_corr_cal,none,-,-,-,p0.8|n10,r2,-1.3599350967412596,10,44,arm7_x05,physics
iter05b_arm7,0,gb_eoh_2122r3,HP_Peak,paperA_corr_cal,none,-,-,-,p0.8|n10,n_pred_nan,0.0,10,44,arm7_x05,physics
iter05b_arm7,0,gb_eoh_2122r3,HP_Peak,paperA_corr_cal,none,-,-,-,p0.8|n10,mape_n_excluded,0.0,10,44,arm7_x05,physics
iter05b_arm7,0,gb_eoh_2122r3,HP_Peak,paperA_corr_cal,none,-,-,-,p0.8|n20,wape,7.892683291427023,10,53,arm7_x05,physics
iter05b_arm7,0,gb_eoh_2122r3,HP_Peak,paperA_corr_cal,none,-,-,-,p0.8|n20,rmse,5.454459600887933,10,53,arm7_x05,physics
iter05b_arm7,0,gb_eoh_2122r3,HP_Peak,paperA_corr_cal,none,-,-,-,p0.8|n20,mae,4.380400805579155,10,53,arm7_x05,physics
iter05b_arm7,0,gb_eoh_2122r3,HP_Peak,paperA_corr_cal,none,-,-,-,p0.8|n20,mape,8.172318655564842,10,53,arm7_x05,physics
iter05b_arm7,0,gb_eoh_2122r3,HP_Peak,paperA_corr_cal,none,-,-,-,p0.8|n20,r2,-0.5482809901194883,10,53,arm7_x05,physics
iter05b_arm7,0,gb_eoh_2122r3,HP_Peak,paperA_corr_cal,none,-,-,-,p0.8|n20,n_pred_nan,0.0,10,53,arm7_x05,physics
iter05b_arm7,0,gb_eoh_2122r3,HP_Peak,paperA_corr_cal,none,-,-,-,p0.8|n20,mape_n_excluded,0.0,10,53,arm7_x05,physics
iter05b_arm7,0,gb_eoh_2122r3,HP_Peak,paperA_corr_cal,none,-,-,-,p1.0|n10,wape,13.479610941097953,10,52,arm7_x05,physics
iter05b_arm7,0,gb_eoh_2122r3,HP_Peak,paperA_corr_cal,none,-,-,-,p1.0|n10,rmse,4.981838423847384,10,52,arm7_x05,physics
iter05b_arm7,0,gb_eoh_2122r3,HP_Peak,paperA_corr_cal,none,-,-,-,p1.0|n10,mae,4.735813625048476,10,52,arm7_x05,physics
iter05b_arm7,0,gb_eoh_2122r3,HP_Peak,paperA_corr_cal,none,-,-,-,p1.0|n10,mape,13.670337945956781,10,52,arm7_x05,physics
iter05b_arm7,0,gb_eoh_2122r3,HP_Peak,paperA_corr_cal,none,-,-,-,p1.0|n10,r2,-3.160148198709803,10,52,arm7_x05,physics
iter05b_arm7,0,gb_eoh_2122r3,HP_Peak,paperA_corr_cal,none,-,-,-,p1.0|n10,n_pred_nan,0.0,10,52,arm7_x05,physics
iter05b_arm7,0,gb_eoh_2122r3,HP_Peak,paperA_corr_cal,none,-,-,-,p1.0|n10,mape_n_excluded,0.0,10,52,arm7_x05,physics
iter05b_arm7,0,gb_eoh_2122r3,HP_Peak,paperA_corr_cal,none,-,-,-,p1.0|n20,wape,5.677974980168742,5,30,arm7_x05,physics
iter05b_arm7,0,gb_eoh_2122r3,HP_Peak,paperA_corr_cal,none,-,-,-,p1.0|n20,rmse,4.440974481627923,5,30,arm7_x05,physics
iter05b_arm7,0,gb_eoh_2122r3,HP_Peak,paperA_corr_cal,none,-,-,-,p1.0|n20,mae,4.16435852996274,5,30,arm7_x05,physics
iter05b_arm7,0,gb_eoh_2122r3,HP_Peak,paperA_corr_cal,none,-,-,-,p1.0|n20,mape,5.694401406426623,5,30,arm7_x05,physics
iter05b_arm7,0,gb_eoh_2122r3,HP_Peak,paperA_corr_cal,none,-,-,-,p1.0|n20,r2,-1.4066442421019771,5,30,arm7_x05,physics
iter05b_arm7,0,gb_eoh_2122r3,HP_Peak,paperA_corr_cal,none,-,-,-,p1.0|n20,n_pred_nan,0.0,5,30,arm7_x05,physics
iter05b_arm7,0,gb_eoh_2122r3,HP_Peak,paperA_corr_cal,none,-,-,-,p1.0|n20,mape_n_excluded,0.0,5,30,arm7_x05,physics
iter05b_arm7,0,gb_eoh_2122r3,HP_Peak,paperA_corr_own,none,-,-,-,all,wape,15.807959336144862,455,81,arm7_x05,physics
iter05b_arm7,0,gb_eoh_2122r3,HP_Peak,paperA_corr_own,none,-,-,-,all,rmse,3.292282390037723,455,81,arm7_x05,physics
iter05b_arm7,0,gb_eoh_2122r3,HP_Peak,paperA_corr_own,none,-,-,-,all,mae,2.5046228708651173,455,81,arm7_x05,physics
iter05b_arm7,0,gb_eoh_2122r3,HP_Peak,paperA_corr_own,none,-,-,-,all,mape,28.674895302219237,455,81,arm7_x05,physics
iter05b_arm7,0,gb_eoh_2122r3,HP_Peak,paperA_corr_own,none,-,-,-,all,r2,0.9603413861962901,455,81,arm7_x05,physics
iter05b_arm7,0,gb_eoh_2122r3,HP_Peak,paperA_corr_own,none,-,-,-,all,n_pred_nan,0.0,455,81,arm7_x05,physics
iter05b_arm7,0,gb_eoh_2122r3,HP_Peak,paperA_corr_own,none,-,-,-,all,mape_n_excluded,0.0,455,81,arm7_x05,physics
iter05b_arm7,0,gb_eoh_2122r3,HP_Peak,paperA_corr_own,none,-,-,-,all,n_invalid,5.0,455,81,arm7_x05,physics
iter05b_arm7,0,gb_eoh_2122r3,HP_Peak,paperA_corr_own,none,-,-,-,all,n_station_fallback,0.0,455,81,arm7_x05,physics
iter05b_arm7,0,gb_eoh_2122r3,HP_Peak,paperA_corr_own,none,-,-,-,pbin<=15,wape,25.692661810779498,265,81,arm7_x05,physics
iter05b_arm7,0,gb_eoh_2122r3,HP_Peak,paperA_corr_own,none,-,-,-,pbin<=15,rmse,3.0832363816561763,265,81,arm7_x05,physics
iter05b_arm7,0,gb_eoh_2122r3,HP_Peak,paperA_corr_own,none,-,-,-,pbin<=15,mae,2.3124239110226443,265,81,arm7_x05,physics
iter05b_arm7,0,gb_eoh_2122r3,HP_Peak,paperA_corr_own,none,-,-,-,pbin<=15,mape,37.89824847591168,265,81,arm7_x05,physics
iter05b_arm7,0,gb_eoh_2122r3,HP_Peak,paperA_corr_own,none,-,-,-,pbin<=15,r2,0.8894399044673296,265,81,arm7_x05,physics
iter05b_arm7,0,gb_eoh_2122r3,HP_Peak,paperA_corr_own,none,-,-,-,pbin<=15,n_pred_nan,0.0,265,81,arm7_x05,physics
iter05b_arm7,0,gb_eoh_2122r3,HP_Peak,paperA_corr_own,none,-,-,-,pbin<=15,mape_n_excluded,0.0,265,81,arm7_x05,physics
iter05b_arm7,0,gb_eoh_2122r3,HP_Peak,paperA_corr_own,none,-,-,-,pbin15-35,wape,14.512525682629136,125,81,arm7_x05,physics
iter05b_arm7,0,gb_eoh_2122r3,HP_Peak,paperA_corr_own,none,-,-,-,pbin15-35,rmse,3.4973114748393836,125,81,arm7_x05,physics
iter05b_arm7,0,gb_eoh_2122r3,HP_Peak,paperA_corr_own,none,-,-,-,pbin15-35,mae,2.662407612589251,125,81,arm7_x05,physics
iter05b_arm7,0,gb_eoh_2122r3,HP_Peak,paperA_corr_own,none,-,-,-,pbin15-35,mape,19.132882427698775,125,81,arm7_x05,physics
iter05b_arm7,0,gb_eoh_2122r3,HP_Peak,paperA_corr_own,none,-,-,-,pbin15-35,r2,0.9474518145476941,125,81,arm7_x05,physics
iter05b_arm7,0,gb_eoh_2122r3,HP_Peak,paperA_corr_own,none,-,-,-,pbin15-35,n_pred_nan,0.0,125,81,arm7_x05,physics
iter05b_arm7,0,gb_eoh_2122r3,HP_Peak,paperA_corr_own,none,-,-,-,pbin15-35,mape_n_excluded,0.0,125,81,arm7_x05,physics
iter05b_arm7,0,gb_eoh_2122r3,HP_Peak,paperA_corr_own,none,-,-,-,pbin35-65,wape,8.75410043373142,30,63,arm7_x05,physics
iter05b_arm7,0,gb_eoh_2122r3,HP_Peak,paperA_corr_own,none,-,-,-,pbin35-65,rmse,3.280895960836069,30,63,arm7_x05,physics
iter05b_arm7,0,gb_eoh_2122r3,HP_Peak,paperA_corr_own,none,-,-,-,pbin35-65,mae,2.8638633755996405,30,63,arm7_x05,physics
iter05b_arm7,0,gb_eoh_2122r3,HP_Peak,paperA_corr_own,none,-,-,-,pbin35-65,mape,11.757551417744942,30,63,arm7_x05,physics
iter05b_arm7,0,gb_eoh_2122r3,HP_Peak,paperA_corr_own,none,-,-,-,pbin35-65,r2,0.9751971525236833,30,63,arm7_x05,physics
iter05b_arm7,0,gb_eoh_2122r3,HP_Peak,paperA_corr_own,none,-,-,-,pbin35-65,n_pred_nan,0.0,30,63,arm7_x05,physics
iter05b_arm7,0,gb_eoh_2122r3,HP_Peak,paperA_corr_own,none,-,-,-,pbin35-65,mape_n_excluded,0.0,30,63,arm7_x05,physics
iter05b_arm7,0,gb_eoh_2122r3,HP_Peak,paperA_corr_own,none,-,-,-,pbin>65,wape,6.976849403187556,35,55,arm7_x05,physics
iter05b_arm7,0,gb_eoh_2122r3,HP_Peak,paperA_corr_own,none,-,-,-,pbin>65,rmse,4.002829283385444,35,55,arm7_x05,physics
iter05b_arm7,0,gb_eoh_2122r3,HP_Peak,paperA_corr_own,none,-,-,-,pbin>65,mae,3.0884061994566347,35,55,arm7_x05,physics
iter05b_arm7,0,gb_eoh_2122r3,HP_Peak,paperA_corr_own,none,-,-,-,pbin>65,mape,7.420133439956089,35,55,arm7_x05,physics
iter05b_arm7,0,gb_eoh_2122r3,HP_Peak,paperA_corr_own,none,-,-,-,pbin>65,r2,0.9406521073137043,35,55,arm7_x05,physics
iter05b_arm7,0,gb_eoh_2122r3,HP_Peak,paperA_corr_own,none,-,-,-,pbin>65,n_pred_nan,0.0,35,55,arm7_x05,physics
iter05b_arm7,0,gb_eoh_2122r3,HP_Peak,paperA_corr_own,none,-,-,-,pbin>65,mape_n_excluded,0.0,35,55,arm7_x05,physics
iter05b_arm7,0,gb_eoh_2122r3,HP_Peak,paperA_corr_own,none,-,-,-,p0.05|n10,wape,40.64881505713828,40,25,arm7_x05,physics
iter05b_arm7,0,gb_eoh_2122r3,HP_Peak,paperA_corr_own,none,-,-,-,p0.05|n10,rmse,1.8205022893906058,40,25,arm7_x05,physics
iter05b_arm7,0,gb_eoh_2122r3,HP_Peak,paperA_corr_own,none,-,-,-,p0.05|n10,mae,1.4049971851597562,40,25,arm7_x05,physics
iter05b_arm7,0,gb_eoh_2122r3,HP_Peak,paperA_corr_own,none,-,-,-,p0.05|n10,mape,47.17953777104994,40,25,arm7_x05,physics
iter05b_arm7,0,gb_eoh_2122r3,HP_Peak,paperA_corr_own,none,-,-,-,p0.05|n10,r2,-1.7263410994430246,40,25,arm7_x05,physics
iter05b_arm7,0,gb_eoh_2122r3,HP_Peak,paperA_corr_own,none,-,-,-,p0.05|n10,n_pred_nan,0.0,40,25,arm7_x05,physics
iter05b_arm7,0,gb_eoh_2122r3,HP_Peak,paperA_corr_own,none,-,-,-,p0.05|n10,mape_n_excluded,0.0,40,25,arm7_x05,physics
iter05b_arm7,0,gb_eoh_2122r3,HP_Peak,paperA_corr_own,none,-,-,-,p0.05|n20,wape,55.65327824974125,40,29,arm7_x05,physics
iter05b_arm7,0,gb_eoh_2122r3,HP_Peak,paperA_corr_own,none,-,-,-,p0.05|n20,rmse,2.3977045263057146,40,29,arm7_x05,physics
iter05b_arm7,0,gb_eoh_2122r3,HP_Peak,paperA_corr_own,none,-,-,-,p0.05|n20,mae,2.0061234032553257,40,29,arm7_x05,physics
iter05b_arm7,0,gb_eoh_2122r3,HP_Peak,paperA_corr_own,none,-,-,-,p0.05|n20,mape,59.20269963247977,40,29,arm7_x05,physics
iter05b_arm7,0,gb_eoh_2122r3,HP_Peak,paperA_corr_own,none,-,-,-,p0.05|n20,r2,-4.451351909063179,40,29,arm7_x05,physics
iter05b_arm7,0,gb_eoh_2122r3,HP_Peak,paperA_corr_own,none,-,-,-,p0.05|n20,n_pred_nan,0.0,40,29,arm7_x05,physics
iter05b_arm7,0,gb_eoh_2122r3,HP_Peak,paperA_corr_own,none,-,-,-,p0.05|n20,mape_n_excluded,0.0,40,29,arm7_x05,physics
iter05b_arm7,0,gb_eoh_2122r3,HP_Peak,paperA_corr_own,none,-,-,-,p0.05|n40,wape,34.48523148365568,40,40,arm7_x05,physics
iter05b_arm7,0,gb_eoh_2122r3,HP_Peak,paperA_corr_own,none,-,-,-,p0.05|n40,rmse,2.964145025330021,40,40,arm7_x05,physics
iter05b_arm7,0,gb_eoh_2122r3,HP_Peak,paperA_corr_own,none,-,-,-,p0.05|n40,mae,2.2236084892247434,40,40,arm7_x05,physics
iter05b_arm7,0,gb_eoh_2122r3,HP_Peak,paperA_corr_own,none,-,-,-,p0.05|n40,mape,34.22253592677578,40,40,arm7_x05,physics
iter05b_arm7,0,gb_eoh_2122r3,HP_Peak,paperA_corr_own,none,-,-,-,p0.05|n40,r2,-2.453729171066115,40,40,arm7_x05,physics
iter05b_arm7,0,gb_eoh_2122r3,HP_Peak,paperA_corr_own,none,-,-,-,p0.05|n40,n_pred_nan,0.0,40,40,arm7_x05,physics
iter05b_arm7,0,gb_eoh_2122r3,HP_Peak,paperA_corr_own,none,-,-,-,p0.05|n40,mape_n_excluded,0.0,40,40,arm7_x05,physics
iter05b_arm7,0,gb_eoh_2122r3,HP_Peak,paperA_corr_own,none,-,-,-,p0.05|n80,wape,29.671821668210903,15,39,arm7_x05,physics
iter05b_arm7,0,gb_eoh_2122r3,HP_Peak,paperA_corr_own,none,-,-,-,p0.05|n80,rmse,4.807339832246237,15,39,arm7_x05,physics
iter05b_arm7,0,gb_eoh_2122r3,HP_Peak,paperA_corr_own,none,-,-,-,p0.05|n80,mae,3.9495682008747677,15,39,arm7_x05,physics
iter05b_arm7,0,gb_eoh_2122r3,HP_Peak,paperA_corr_own,none,-,-,-,p0.05|n80,mape,30.50367953723016,15,39,arm7_x05,physics
iter05b_arm7,0,gb_eoh_2122r3,HP_Peak,paperA_corr_own,none,-,-,-,p0.05|n80,r2,-7.172578304645075,15,39,arm7_x05,physics
iter05b_arm7,0,gb_eoh_2122r3,HP_Peak,paperA_corr_own,none,-,-,-,p0.05|n80,n_pred_nan,0.0,15,39,arm7_x05,physics
iter05b_arm7,0,gb_eoh_2122r3,HP_Peak,paperA_corr_own,none,-,-,-,p0.05|n80,mape_n_excluded,0.0,15,39,arm7_x05,physics
iter05b_arm7,0,gb_eoh_2122r3,HP_Peak,paperA_corr_own,none,-,-,-,p0.05|n120,wape,16.736897782820115,15,53,arm7_x05,physics
iter05b_arm7,0,gb_eoh_2122r3,HP_Peak,paperA_corr_own,none,-,-,-,p0.05|n120,rmse,4.168857752310732,15,53,arm7_x05,physics
iter05b_arm7,0,gb_eoh_2122r3,HP_Peak,paperA_corr_own,none,-,-,-,p0.05|n120,mae,3.3485649955821213,15,53,arm7_x05,physics
iter05b_arm7,0,gb_eoh_2122r3,HP_Peak,paperA_corr_own,none,-,-,-,p0.05|n120,mape,17.11347861162517,15,53,arm7_x05,physics
iter05b_arm7,0,gb_eoh_2122r3,HP_Peak,paperA_corr_own,none,-,-,-,p0.05|n120,r2,-1.0661040003656002,15,53,arm7_x05,physics
iter05b_arm7,0,gb_eoh_2122r3,HP_Peak,paperA_corr_own,none,-,-,-,p0.05|n120,n_pred_nan,0.0,15,53,arm7_x05,physics
iter05b_arm7,0,gb_eoh_2122r3,HP_Peak,paperA_corr_own,none,-,-,-,p0.05|n120,mape_n_excluded,0.0,15,53,arm7_x05,physics
iter05b_arm7,0,gb_eoh_2122r3,HP_Peak,paperA_corr_own,none,-,-,-,p0.1|n10,wape,42.62442907751904,40,26,arm7_x05,physics
iter05b_arm7,0,gb_eoh_2122r3,HP_Peak,paperA_corr_own,none,-,-,-,p0.1|n10,rmse,2.2050982246569273,40,26,arm7_x05,physics
iter05b_arm7,0,gb_eoh_2122r3,HP_Peak,paperA_corr_own,none,-,-,-,p0.1|n10,mae,1.5337719074048344,40,26,arm7_x05,physics
iter05b_arm7,0,gb_eoh_2122r3,HP_Peak,paperA_corr_own,none,-,-,-,p0.1|n10,mape,45.117283793126575,40,26,arm7_x05,physics
iter05b_arm7,0,gb_eoh_2122r3,HP_Peak,paperA_corr_own,none,-,-,-,p0.1|n10,r2,-5.710934860651796,40,26,arm7_x05,physics
iter05b_arm7,0,gb_eoh_2122r3,HP_Peak,paperA_corr_own,none,-,-,-,p0.1|n10,n_pred_nan,0.0,40,26,arm7_x05,physics
iter05b_arm7,0,gb_eoh_2122r3,HP_Peak,paperA_corr_own,none,-,-,-,p0.1|n10,mape_n_excluded,0.0,40,26,arm7_x05,physics
iter05b_arm7,0,gb_eoh_2122r3,HP_Peak,paperA_corr_own,none,-,-,-,p0.1|n20,wape,27.9264470613198,40,44,arm7_x05,physics
iter05b_arm7,0,gb_eoh_2122r3,HP_Peak,paperA_corr_own,none,-,-,-,p0.1|n20,rmse,2.555057196545622,40,44,arm7_x05,physics
iter05b_arm7,0,gb_eoh_2122r3,HP_Peak,paperA_corr_own,none,-,-,-,p0.1|n20,mae,1.9480271998809005,40,44,arm7_x05,physics
iter05b_arm7,0,gb_eoh_2122r3,HP_Peak,paperA_corr_own,none,-,-,-,p0.1|n20,mape,31.356734423460704,40,44,arm7_x05,physics
iter05b_arm7,0,gb_eoh_2122r3,HP_Peak,paperA_corr_own,none,-,-,-,p0.1|n20,r2,-1.9646571689032624,40,44,arm7_x05,physics
iter05b_arm7,0,gb_eoh_2122r3,HP_Peak,paperA_corr_own,none,-,-,-,p0.1|n20,n_pred_nan,0.0,40,44,arm7_x05,physics
iter05b_arm7,0,gb_eoh_2122r3,HP_Peak,paperA_corr_own,none,-,-,-,p0.1|n20,mape_n_excluded,0.0,40,44,arm7_x05,physics
iter05b_arm7,0,gb_eoh_2122r3,HP_Peak,paperA_corr_own,none,-,-,-,p0.1|n40,wape,25.83175147062342,15,39,arm7_x05,physics
iter05b_arm7,0,gb_eoh_2122r3,HP_Peak,paperA_corr_own,none,-,-,-,p0.1|n40,rmse,3.978140939347139,15,39,arm7_x05,physics
iter05b_arm7,0,gb_eoh_2122r3,HP_Peak,paperA_corr_own,none,-,-,-,p0.1|n40,mae,3.4754989776654996,15,39,arm7_x05,physics
iter05b_arm7,0,gb_eoh_2122r3,HP_Peak,paperA_corr_own,none,-,-,-,p0.1|n40,mape,25.852459781744557,15,39,arm7_x05,physics
iter05b_arm7,0,gb_eoh_2122r3,HP_Peak,paperA_corr_own,none,-,-,-,p0.1|n40,r2,-2.080611330681454,15,39,arm7_x05,physics
iter05b_arm7,0,gb_eoh_2122r3,HP_Peak,paperA_corr_own,none,-,-,-,p0.1|n40,n_pred_nan,0.0,15,39,arm7_x05,physics
iter05b_arm7,0,gb_eoh_2122r3,HP_Peak,paperA_corr_own,none,-,-,-,p0.1|n40,mape_n_excluded,0.0,15,39,arm7_x05,physics
iter05b_arm7,0,gb_eoh_2122r3,HP_Peak,paperA_corr_own,none,-,-,-,p0.1|n80,wape,17.243474162006102,10,46,arm7_x05,physics
iter05b_arm7,0,gb_eoh_2122r3,HP_Peak,paperA_corr_own,none,-,-,-,p0.1|n80,rmse,5.616251583558645,10,46,arm7_x05,physics
iter05b_arm7,0,gb_eoh_2122r3,HP_Peak,paperA_corr_own,none,-,-,-,p0.1|n80,mae,4.953911573031202,10,46,arm7_x05,physics
iter05b_arm7,0,gb_eoh_2122r3,HP_Peak,paperA_corr_own,none,-,-,-,p0.1|n80,mape,17.33349025330053,10,46,arm7_x05,physics
iter05b_arm7,0,gb_eoh_2122r3,HP_Peak,paperA_corr_own,none,-,-,-,p0.1|n80,r2,-5.884755899276104,10,46,arm7_x05,physics
iter05b_arm7,0,gb_eoh_2122r3,HP_Peak,paperA_corr_own,none,-,-,-,p0.1|n80,n_pred_nan,0.0,10,46,arm7_x05,physics
iter05b_arm7,0,gb_eoh_2122r3,HP_Peak,paperA_corr_own,none,-,-,-,p0.1|n80,mape_n_excluded,0.0,10,46,arm7_x05,physics
iter05b_arm7,0,gb_eoh_2122r3,HP_Peak,paperA_corr_own,none,-,-,-,p0.1|n120,wape,8.544343072978396,10,51,arm7_x05,physics
iter05b_arm7,0,gb_eoh_2122r3,HP_Peak,paperA_corr_own,none,-,-,-,p0.1|n120,rmse,4.352248929377623,10,51,arm7_x05,physics
iter05b_arm7,0,gb_eoh_2122r3,HP_Peak,paperA_corr_own,none,-,-,-,p0.1|n120,mae,3.698761068183044,10,51,arm7_x05,physics
iter05b_arm7,0,gb_eoh_2122r3,HP_Peak,paperA_corr_own,none,-,-,-,p0.1|n120,mape,8.4505012748881,10,51,arm7_x05,physics
iter05b_arm7,0,gb_eoh_2122r3,HP_Peak,paperA_corr_own,none,-,-,-,p0.1|n120,r2,-0.21521809077897935,10,51,arm7_x05,physics
iter05b_arm7,0,gb_eoh_2122r3,HP_Peak,paperA_corr_own,none,-,-,-,p0.1|n120,n_pred_nan,0.0,10,51,arm7_x05,physics
iter05b_arm7,0,gb_eoh_2122r3,HP_Peak,paperA_corr_own,none,-,-,-,p0.1|n120,mape_n_excluded,0.0,10,51,arm7_x05,physics
iter05b_arm7,0,gb_eoh_2122r3,HP_Peak,paperA_corr_own,none,-,-,-,p0.2|n10,wape,25.407899104051275,40,40,arm7_x05,physics
iter05b_arm7,0,gb_eoh_2122r3,HP_Peak,paperA_corr_own,none,-,-,-,p0.2|n10,rmse,2.091299220601651,40,40,arm7_x05,physics
iter05b_arm7,0,gb_eoh_2122r3,HP_Peak,paperA_corr_own,none,-,-,-,p0.2|n10,mae,1.737697424120664,40,40,arm7_x05,physics
iter05b_arm7,0,gb_eoh_2122r3,HP_Peak,paperA_corr_own,none,-,-,-,p0.2|n10,mape,26.15559791024049,40,40,arm7_x05,physics
iter05b_arm7,0,gb_eoh_2122r3,HP_Peak,paperA_corr_own,none,-,-,-,p0.2|n10,r2,-1.2311293766562996,40,40,arm7_x05,physics
iter05b_arm7,0,gb_eoh_2122r3,HP_Peak,paperA_corr_own,none,-,-,-,p0.2|n10,n_pred_nan,0.0,40,40,arm7_x05,physics
iter05b_arm7,0,gb_eoh_2122r3,HP_Peak,paperA_corr_own,none,-,-,-,p0.2|n10,mape_n_excluded,0.0,40,40,arm7_x05,physics
iter05b_arm7,0,gb_eoh_2122r3,HP_Peak,paperA_corr_own,none,-,-,-,p0.2|n20,wape,23.40155019267455,15,40,arm7_x05,physics
iter05b_arm7,0,gb_eoh_2122r3,HP_Peak,paperA_corr_own,none,-,-,-,p0.2|n20,rmse,3.461421549600224,15,40,arm7_x05,physics
iter05b_arm7,0,gb_eoh_2122r3,HP_Peak,paperA_corr_own,none,-,-,-,p0.2|n20,mae,3.0300314071720154,15,40,arm7_x05,physics
iter05b_arm7,0,gb_eoh_2122r3,HP_Peak,paperA_corr_own,none,-,-,-,p0.2|n20,mape,23.842860405920757,15,40,arm7_x05,physics
iter05b_arm7,0,gb_eoh_2122r3,HP_Peak,paperA_corr_own,none,-,-,-,p0.2|n20,r2,-2.5965930277208344,15,40,arm7_x05,physics
iter05b_arm7,0,gb_eoh_2122r3,HP_Peak,paperA_corr_own,none,-,-,-,p0.2|n20,n_pred_nan,0.0,15,40,arm7_x05,physics
iter05b_arm7,0,gb_eoh_2122r3,HP_Peak,paperA_corr_own,none,-,-,-,p0.2|n20,mape_n_excluded,0.0,15,40,arm7_x05,physics
iter05b_arm7,0,gb_eoh_2122r3,HP_Peak,paperA_corr_own,none,-,-,-,p0.2|n40,wape,8.015106717687663,10,45,arm7_x05,physics
iter05b_arm7,0,gb_eoh_2122r3,HP_Peak,paperA_corr_own,none,-,-,-,p0.2|n40,rmse,2.8103200360581515,10,45,arm7_x05,physics
iter05b_arm7,0,gb_eoh_2122r3,HP_Peak,paperA_corr_own,none,-,-,-,p0.2|n40,mae,2.298570836877146,10,45,arm7_x05,physics
iter05b_arm7,0,gb_eoh_2122r3,HP_Peak,paperA_corr_own,none,-,-,-,p0.2|n40,mape,8.265424901317298,10,45,arm7_x05,physics
iter05b_arm7,0,gb_eoh_2122r3,HP_Peak,paperA_corr_own,none,-,-,-,p0.2|n40,r2,-1.5128409788445891,10,45,arm7_x05,physics
iter05b_arm7,0,gb_eoh_2122r3,HP_Peak,paperA_corr_own,none,-,-,-,p0.2|n40,n_pred_nan,0.0,10,45,arm7_x05,physics
iter05b_arm7,0,gb_eoh_2122r3,HP_Peak,paperA_corr_own,none,-,-,-,p0.2|n40,mape_n_excluded,0.0,10,45,arm7_x05,physics
iter05b_arm7,0,gb_eoh_2122r3,HP_Peak,paperA_corr_own,none,-,-,-,p0.2|n80,wape,11.824955596321834,10,53,arm7_x05,physics
iter05b_arm7,0,gb_eoh_2122r3,HP_Peak,paperA_corr_own,none,-,-,-,p0.2|n80,rmse,7.6292041891714915,10,53,arm7_x05,physics
iter05b_arm7,0,gb_eoh_2122r3,HP_Peak,paperA_corr_own,none,-,-,-,p0.2|n80,mae,6.66727521274895,10,53,arm7_x05,physics
iter05b_arm7,0,gb_eoh_2122r3,HP_Peak,paperA_corr_own,none,-,-,-,p0.2|n80,mape,11.84694635531612,10,53,arm7_x05,physics
iter05b_arm7,0,gb_eoh_2122r3,HP_Peak,paperA_corr_own,none,-,-,-,p0.2|n80,r2,-2.225257501122116,10,53,arm7_x05,physics
iter05b_arm7,0,gb_eoh_2122r3,HP_Peak,paperA_corr_own,none,-,-,-,p0.2|n80,n_pred_nan,0.0,10,53,arm7_x05,physics
iter05b_arm7,0,gb_eoh_2122r3,HP_Peak,paperA_corr_own,none,-,-,-,p0.2|n80,mape_n_excluded,0.0,10,53,arm7_x05,physics
iter05b_arm7,0,gb_eoh_2122r3,HP_Peak,paperA_corr_own,none,-,-,-,p0.3|n10,wape,17.0447744196479,25,41,arm7_x05,physics
iter05b_arm7,0,gb_eoh_2122r3,HP_Peak,paperA_corr_own,none,-,-,-,p0.3|n10,rmse,2.1685285409204855,25,41,arm7_x05,physics
iter05b_arm7,0,gb_eoh_2122r3,HP_Peak,paperA_corr_own,none,-,-,-,p0.3|n10,mae,1.7592166026558365,25,41,arm7_x05,physics
iter05b_arm7,0,gb_eoh_2122r3,HP_Peak,paperA_corr_own,none,-,-,-,p0.3|n10,mape,18.457753724812353,25,41,arm7_x05,physics
iter05b_arm7,0,gb_eoh_2122r3,HP_Peak,paperA_corr_own,none,-,-,-,p0.3|n10,r2,-0.00939815732299154,25,41,arm7_x05,physics
iter05b_arm7,0,gb_eoh_2122r3,HP_Peak,paperA_corr_own,none,-,-,-,p0.3|n10,n_pred_nan,0.0,25,41,arm7_x05,physics
iter05b_arm7,0,gb_eoh_2122r3,HP_Peak,paperA_corr_own,none,-,-,-,p0.3|n10,mape_n_excluded,0.0,25,41,arm7_x05,physics
iter05b_arm7,0,gb_eoh_2122r3,HP_Peak,paperA_corr_own,none,-,-,-,p0.3|n20,wape,15.390703387397547,15,51,arm7_x05,physics
iter05b_arm7,0,gb_eoh_2122r3,HP_Peak,paperA_corr_own,none,-,-,-,p0.3|n20,rmse,3.45083209153621,15,51,arm7_x05,physics
iter05b_arm7,0,gb_eoh_2122r3,HP_Peak,paperA_corr_own,none,-,-,-,p0.3|n20,mae,3.0663262969190446,15,51,arm7_x05,physics
iter05b_arm7,0,gb_eoh_2122r3,HP_Peak,paperA_corr_own,none,-,-,-,p0.3|n20,mape,15.712276185690675,15,51,arm7_x05,physics
iter05b_arm7,0,gb_eoh_2122r3,HP_Peak,paperA_corr_own,none,-,-,-,p0.3|n20,r2,-0.9080379237825855,15,51,arm7_x05,physics
iter05b_arm7,0,gb_eoh_2122r3,HP_Peak,paperA_corr_own,none,-,-,-,p0.3|n20,n_pred_nan,0.0,15,51,arm7_x05,physics
iter05b_arm7,0,gb_eoh_2122r3,HP_Peak,paperA_corr_own,none,-,-,-,p0.3|n20,mape_n_excluded,0.0,15,51,arm7_x05,physics
iter05b_arm7,0,gb_eoh_2122r3,HP_Peak,paperA_corr_own,none,-,-,-,p0.3|n40,wape,9.14256932303246,10,53,arm7_x05,physics
iter05b_arm7,0,gb_eoh_2122r3,HP_Peak,paperA_corr_own,none,-,-,-,p0.3|n40,rmse,4.658567100628262,10,53,arm7_x05,physics
iter05b_arm7,0,gb_eoh_2122r3,HP_Peak,paperA_corr_own,none,-,-,-,p0.3|n40,mae,3.8208813484807016,10,53,arm7_x05,physics
iter05b_arm7,0,gb_eoh_2122r3,HP_Peak,paperA_corr_own,none,-,-,-,p0.3|n40,mape,8.949178249191233,10,53,arm7_x05,physics
iter05b_arm7,0,gb_eoh_2122r3,HP_Peak,paperA_corr_own,none,-,-,-,p0.3|n40,r2,-0.6533529823279902,10,53,arm7_x05,physics
iter05b_arm7,0,gb_eoh_2122r3,HP_Peak,paperA_corr_own,none,-,-,-,p0.3|n40,n_pred_nan,0.0,10,53,arm7_x05,physics
iter05b_arm7,0,gb_eoh_2122r3,HP_Peak,paperA_corr_own,none,-,-,-,p0.3|n40,mape_n_excluded,0.0,10,53,arm7_x05,physics
iter05b_arm7,0,gb_eoh_2122r3,HP_Peak,paperA_corr_own,none,-,-,-,p0.5|n10,wape,16.406945729138958,15,41,arm7_x05,physics
iter05b_arm7,0,gb_eoh_2122r3,HP_Peak,paperA_corr_own,none,-,-,-,p0.5|n10,rmse,3.0586558747888573,15,41,arm7_x05,physics
iter05b_arm7,0,gb_eoh_2122r3,HP_Peak,paperA_corr_own,none,-,-,-,p0.5|n10,mae,2.709377463819511,15,41,arm7_x05,physics
iter05b_arm7,0,gb_eoh_2122r3,HP_Peak,paperA_corr_own,none,-,-,-,p0.5|n10,mape,17.322075056030243,15,41,arm7_x05,physics
iter05b_arm7,0,gb_eoh_2122r3,HP_Peak,paperA_corr_own,none,-,-,-,p0.5|n10,r2,-0.1816582998284757,15,41,arm7_x05,physics
iter05b_arm7,0,gb_eoh_2122r3,HP_Peak,paperA_corr_own,none,-,-,-,p0.5|n10,n_pred_nan,0.0,15,41,arm7_x05,physics
iter05b_arm7,0,gb_eoh_2122r3,HP_Peak,paperA_corr_own,none,-,-,-,p0.5|n10,mape_n_excluded,0.0,15,41,arm7_x05,physics
iter05b_arm7,0,gb_eoh_2122r3,HP_Peak,paperA_corr_own,none,-,-,-,p0.5|n20,wape,6.356378997052675,10,49,arm7_x05,physics
iter05b_arm7,0,gb_eoh_2122r3,HP_Peak,paperA_corr_own,none,-,-,-,p0.5|n20,rmse,2.766898489879136,10,49,arm7_x05,physics
iter05b_arm7,0,gb_eoh_2122r3,HP_Peak,paperA_corr_own,none,-,-,-,p0.5|n20,mae,2.300401390917611,10,49,arm7_x05,physics
iter05b_arm7,0,gb_eoh_2122r3,HP_Peak,paperA_corr_own,none,-,-,-,p0.5|n20,mape,6.289535286340802,10,49,arm7_x05,physics
iter05b_arm7,0,gb_eoh_2122r3,HP_Peak,paperA_corr_own,none,-,-,-,p0.5|n20,r2,0.5182641476131122,10,49,arm7_x05,physics
iter05b_arm7,0,gb_eoh_2122r3,HP_Peak,paperA_corr_own,none,-,-,-,p0.5|n20,n_pred_nan,0.0,10,49,arm7_x05,physics
iter05b_arm7,0,gb_eoh_2122r3,HP_Peak,paperA_corr_own,none,-,-,-,p0.5|n20,mape_n_excluded,0.0,10,49,arm7_x05,physics
iter05b_arm7,0,gb_eoh_2122r3,HP_Peak,paperA_corr_own,none,-,-,-,p0.5|n40,wape,5.98966267073596,5,30,arm7_x05,physics
iter05b_arm7,0,gb_eoh_2122r3,HP_Peak,paperA_corr_own,none,-,-,-,p0.5|n40,rmse,4.605223995339485,5,30,arm7_x05,physics
iter05b_arm7,0,gb_eoh_2122r3,HP_Peak,paperA_corr_own,none,-,-,-,p0.5|n40,mae,4.454245080304088,5,30,arm7_x05,physics
iter05b_arm7,0,gb_eoh_2122r3,HP_Peak,paperA_corr_own,none,-,-,-,p0.5|n40,mape,6.00001276569732,5,30,arm7_x05,physics
iter05b_arm7,0,gb_eoh_2122r3,HP_Peak,paperA_corr_own,none,-,-,-,p0.5|n40,r2,-9.368080728817635,5,30,arm7_x05,physics
iter05b_arm7,0,gb_eoh_2122r3,HP_Peak,paperA_corr_own,none,-,-,-,p0.5|n40,n_pred_nan,0.0,5,30,arm7_x05,physics
iter05b_arm7,0,gb_eoh_2122r3,HP_Peak,paperA_corr_own,none,-,-,-,p0.5|n40,mape_n_excluded,0.0,5,30,arm7_x05,physics
iter05b_arm7,0,gb_eoh_2122r3,HP_Peak,paperA_corr_own,none,-,-,-,p0.8|n10,wape,8.425952255074561,10,44,arm7_x05,physics
iter05b_arm7,0,gb_eoh_2122r3,HP_Peak,paperA_corr_own,none,-,-,-,p0.8|n10,rmse,3.2561833968835088,10,44,arm7_x05,physics
iter05b_arm7,0,gb_eoh_2122r3,HP_Peak,paperA_corr_own,none,-,-,-,p0.8|n10,mae,2.3279956009084444,10,44,arm7_x05,physics
iter05b_arm7,0,gb_eoh_2122r3,HP_Peak,paperA_corr_own,none,-,-,-,p0.8|n10,mape,8.282016295434277,10,44,arm7_x05,physics
iter05b_arm7,0,gb_eoh_2122r3,HP_Peak,paperA_corr_own,none,-,-,-,p0.8|n10,r2,-0.6226002825359023,10,44,arm7_x05,physics
iter05b_arm7,0,gb_eoh_2122r3,HP_Peak,paperA_corr_own,none,-,-,-,p0.8|n10,n_pred_nan,0.0,10,44,arm7_x05,physics
iter05b_arm7,0,gb_eoh_2122r3,HP_Peak,paperA_corr_own,none,-,-,-,p0.8|n10,mape_n_excluded,0.0,10,44,arm7_x05,physics
iter05b_arm7,0,gb_eoh_2122r3,HP_Peak,paperA_corr_own,none,-,-,-,p0.8|n20,wape,6.816634116517465,10,53,arm7_x05,physics
iter05b_arm7,0,gb_eoh_2122r3,HP_Peak,paperA_corr_own,none,-,-,-,p0.8|n20,rmse,4.33046960608058,10,53,arm7_x05,physics
iter05b_arm7,0,gb_eoh_2122r3,HP_Peak,paperA_corr_own,none,-,-,-,p0.8|n20,mae,3.7831987516545524,10,53,arm7_x05,physics
iter05b_arm7,0,gb_eoh_2122r3,HP_Peak,paperA_corr_own,none,-,-,-,p0.8|n20,mape,6.868802249661854,10,53,arm7_x05,physics
iter05b_arm7,0,gb_eoh_2122r3,HP_Peak,paperA_corr_own,none,-,-,-,p0.8|n20,r2,0.02407529462527591,10,53,arm7_x05,physics
iter05b_arm7,0,gb_eoh_2122r3,HP_Peak,paperA_corr_own,none,-,-,-,p0.8|n20,n_pred_nan,0.0,10,53,arm7_x05,physics
iter05b_arm7,0,gb_eoh_2122r3,HP_Peak,paperA_corr_own,none,-,-,-,p0.8|n20,mape_n_excluded,0.0,10,53,arm7_x05,physics
iter05b_arm7,0,gb_eoh_2122r3,HP_Peak,paperA_corr_own,none,-,-,-,p1.0|n10,wape,8.26133641635247,10,52,arm7_x05,physics
iter05b_arm7,0,gb_eoh_2122r3,HP_Peak,paperA_corr_own,none,-,-,-,p1.0|n10,rmse,4.045796109843356,10,52,arm7_x05,physics
iter05b_arm7,0,gb_eoh_2122r3,HP_Peak,paperA_corr_own,none,-,-,-,p1.0|n10,mae,2.9024687531882436,10,52,arm7_x05,physics
iter05b_arm7,0,gb_eoh_2122r3,HP_Peak,paperA_corr_own,none,-,-,-,p1.0|n10,mape,8.380008850641778,10,52,arm7_x05,physics
iter05b_arm7,0,gb_eoh_2122r3,HP_Peak,paperA_corr_own,none,-,-,-,p1.0|n10,r2,-1.743705608522863,10,52,arm7_x05,physics
iter05b_arm7,0,gb_eoh_2122r3,HP_Peak,paperA_corr_own,none,-,-,-,p1.0|n10,n_pred_nan,0.0,10,52,arm7_x05,physics
iter05b_arm7,0,gb_eoh_2122r3,HP_Peak,paperA_corr_own,none,-,-,-,p1.0|n10,mape_n_excluded,0.0,10,52,arm7_x05,physics
iter05b_arm7,0,gb_eoh_2122r3,HP_Peak,paperA_corr_own,none,-,-,-,p1.0|n20,wape,4.896923396199713,5,30,arm7_x05,physics
iter05b_arm7,0,gb_eoh_2122r3,HP_Peak,paperA_corr_own,none,-,-,-,p1.0|n20,rmse,4.550842661748911,5,30,arm7_x05,physics
iter05b_arm7,0,gb_eoh_2122r3,HP_Peak,paperA_corr_own,none,-,-,-,p1.0|n20,mae,3.5915171846939615,5,30,arm7_x05,physics
iter05b_arm7,0,gb_eoh_2122r3,HP_Peak,paperA_corr_own,none,-,-,-,p1.0|n20,mape,4.879279288216813,5,30,arm7_x05,physics
iter05b_arm7,0,gb_eoh_2122r3,HP_Peak,paperA_corr_own,none,-,-,-,p1.0|n20,r2,-1.5271963304774228,5,30,arm7_x05,physics
iter05b_arm7,0,gb_eoh_2122r3,HP_Peak,paperA_corr_own,none,-,-,-,p1.0|n20,n_pred_nan,0.0,5,30,arm7_x05,physics
iter05b_arm7,0,gb_eoh_2122r3,HP_Peak,paperA_corr_own,none,-,-,-,p1.0|n20,mape_n_excluded,0.0,5,30,arm7_x05,physics
iter05b_arm7,0,gb_eoh_2122r3,HP_Peak,paperA_corr_s0unscaled,none,-,-,-,all,wape,44.96832611063048,455,81,arm7_x05,physics
iter05b_arm7,0,gb_eoh_2122r3,HP_Peak,paperA_corr_s0unscaled,none,-,-,-,all,rmse,9.80794818452159,455,81,arm7_x05,physics
iter05b_arm7,0,gb_eoh_2122r3,HP_Peak,paperA_corr_s0unscaled,none,-,-,-,all,mae,7.124809448597256,455,81,arm7_x05,physics
iter05b_arm7,0,gb_eoh_2122r3,HP_Peak,paperA_corr_s0unscaled,none,-,-,-,all,mape,63.28521911563026,455,81,arm7_x05,physics
iter05b_arm7,0,gb_eoh_2122r3,HP_Peak,paperA_corr_s0unscaled,none,-,-,-,all,r2,0.6480348224732305,455,81,arm7_x05,physics
iter05b_arm7,0,gb_eoh_2122r3,HP_Peak,paperA_corr_s0unscaled,none,-,-,-,all,n_pred_nan,0.0,455,81,arm7_x05,physics
iter05b_arm7,0,gb_eoh_2122r3,HP_Peak,paperA_corr_s0unscaled,none,-,-,-,all,mape_n_excluded,0.0,455,81,arm7_x05,physics
iter05b_arm7,0,gb_eoh_2122r3,HP_Peak,paperA_corr_s0unscaled,none,-,-,-,all,n_invalid,143.0,455,81,arm7_x05,physics
iter05b_arm7,0,gb_eoh_2122r3,HP_Peak,paperA_corr_s0unscaled,none,-,-,-,all,n_station_fallback,0.0,455,81,arm7_x05,physics
iter05b_arm7,0,gb_eoh_2122r3,HP_Peak,paperA_corr_s0unscaled,none,-,-,-,pbin<=15,wape,84.68946868901789,265,81,arm7_x05,physics
iter05b_arm7,0,gb_eoh_2122r3,HP_Peak,paperA_corr_s0unscaled,none,-,-,-,pbin<=15,rmse,10.587604033909281,265,81,arm7_x05,physics
iter05b_arm7,0,gb_eoh_2122r3,HP_Peak,paperA_corr_s0unscaled,none,-,-,-,pbin<=15,mae,7.6223302143853235,265,81,arm7_x05,physics
iter05b_arm7,0,gb_eoh_2122r3,HP_Peak,paperA_corr_s0unscaled,none,-,-,-,pbin<=15,mape,85.90262302683435,265,81,arm7_x05,physics
iter05b_arm7,0,gb_eoh_2122r3,HP_Peak,paperA_corr_s0unscaled,none,-,-,-,pbin<=15,r2,-0.3037074367886181,265,81,arm7_x05,physics
iter05b_arm7,0,gb_eoh_2122r3,HP_Peak,paperA_corr_s0unscaled,none,-,-,-,pbin<=15,n_pred_nan,0.0,265,81,arm7_x05,physics
iter05b_arm7,0,gb_eoh_2122r3,HP_Peak,paperA_corr_s0unscaled,none,-,-,-,pbin<=15,mape_n_excluded,0.0,265,81,arm7_x05,physics
iter05b_arm7,0,gb_eoh_2122r3,HP_Peak,paperA_corr_s0unscaled,none,-,-,-,pbin15-35,wape,37.37678694092365,125,81,arm7_x05,physics
iter05b_arm7,0,gb_eoh_2122r3,HP_Peak,paperA_corr_s0unscaled,none,-,-,-,pbin15-35,rmse,9.353813275415723,125,81,arm7_x05,physics
iter05b_arm7,0,gb_eoh_2122r3,HP_Peak,paperA_corr_s0unscaled,none,-,-,-,pbin15-35,mae,6.856989903883751,125,81,arm7_x05,physics
iter05b_arm7,0,gb_eoh_2122r3,HP_Peak,paperA_corr_s0unscaled,none,-,-,-,pbin15-35,mape,39.95857088320451,125,81,arm7_x05,physics
iter05b_arm7,0,gb_eoh_2122r3,HP_Peak,paperA_corr_s0unscaled,none,-,-,-,pbin15-35,r2,0.6241050506005312,125,81,arm7_x05,physics
iter05b_arm7,0,gb_eoh_2122r3,HP_Peak,paperA_corr_s0unscaled,none,-,-,-,pbin15-35,n_pred_nan,0.0,125,81,arm7_x05,physics
iter05b_arm7,0,gb_eoh_2122r3,HP_Peak,paperA_corr_s0unscaled,none,-,-,-,pbin15-35,mape_n_excluded,0.0,125,81,arm7_x05,physics
iter05b_arm7,0,gb_eoh_2122r3,HP_Peak,paperA_corr_s0unscaled,none,-,-,-,pbin35-65,wape,19.130055623406005,30,63,arm7_x05,physics
iter05b_arm7,0,gb_eoh_2122r3,HP_Peak,paperA_corr_s0unscaled,none,-,-,-,pbin35-65,rmse,7.59171235779703,30,63,arm7_x05,physics
iter05b_arm7,0,gb_eoh_2122r3,HP_Peak,paperA_corr_s0unscaled,none,-,-,-,pbin35-65,mae,6.2583090161902595,30,63,arm7_x05,physics
iter05b_arm7,0,gb_eoh_2122r3,HP_Peak,paperA_corr_s0unscaled,none,-,-,-,pbin35-65,mape,21.16913832107368,30,63,arm7_x05,physics
iter05b_arm7,0,gb_eoh_2122r3,HP_Peak,paperA_corr_s0unscaled,none,-,-,-,pbin35-65,r2,0.8672005995298262,30,63,arm7_x05,physics
iter05b_arm7,0,gb_eoh_2122r3,HP_Peak,paperA_corr_s0unscaled,none,-,-,-,pbin35-65,n_pred_nan,0.0,30,63,arm7_x05,physics
iter05b_arm7,0,gb_eoh_2122r3,HP_Peak,paperA_corr_s0unscaled,none,-,-,-,pbin35-65,mape_n_excluded,0.0,30,63,arm7_x05,physics
iter05b_arm7,0,gb_eoh_2122r3,HP_Peak,paperA_corr_s0unscaled,none,-,-,-,pbin>65,wape,11.424171588073047,35,55,arm7_x05,physics
iter05b_arm7,0,gb_eoh_2122r3,HP_Peak,paperA_corr_s0unscaled,none,-,-,-,pbin>65,rmse,6.319040900437078,35,55,arm7_x05,physics
iter05b_arm7,0,gb_eoh_2122r3,HP_Peak,paperA_corr_s0unscaled,none,-,-,-,pbin>65,mae,5.057079537956119,35,55,arm7_x05,physics
iter05b_arm7,0,gb_eoh_2122r3,HP_Peak,paperA_corr_s0unscaled,none,-,-,-,pbin>65,mape,11.44811672765392,35,55,arm7_x05,physics
iter05b_arm7,0,gb_eoh_2122r3,HP_Peak,paperA_corr_s0unscaled,none,-,-,-,pbin>65,r2,0.8520981865782558,35,55,arm7_x05,physics
iter05b_arm7,0,gb_eoh_2122r3,HP_Peak,paperA_corr_s0unscaled,none,-,-,-,pbin>65,n_pred_nan,0.0,35,55,arm7_x05,physics
iter05b_arm7,0,gb_eoh_2122r3,HP_Peak,paperA_corr_s0unscaled,none,-,-,-,pbin>65,mape_n_excluded,0.0,35,55,arm7_x05,physics
iter05b_arm7,0,gb_eoh_2122r3,HP_Peak,paperA_corr_s0unscaled,none,-,-,-,p0.05|n10,wape,76.16249184922206,40,25,arm7_x05,physics
iter05b_arm7,0,gb_eoh_2122r3,HP_Peak,paperA_corr_s0unscaled,none,-,-,-,p0.05|n10,rmse,2.8585710207460777,40,25,arm7_x05,physics
iter05b_arm7,0,gb_eoh_2122r3,HP_Peak,paperA_corr_s0unscaled,none,-,-,-,p0.05|n10,mae,2.6325019932928733,40,25,arm7_x05,physics
iter05b_arm7,0,gb_eoh_2122r3,HP_Peak,paperA_corr_s0unscaled,none,-,-,-,p0.05|n10,mape,77.5343531078119,40,25,arm7_x05,physics
iter05b_arm7,0,gb_eoh_2122r3,HP_Peak,paperA_corr_s0unscaled,none,-,-,-,p0.05|n10,r2,-5.72195661426841,40,25,arm7_x05,physics
iter05b_arm7,0,gb_eoh_2122r3,HP_Peak,paperA_corr_s0unscaled,none,-,-,-,p0.05|n10,n_pred_nan,0.0,40,25,arm7_x05,physics
iter05b_arm7,0,gb_eoh_2122r3,HP_Peak,paperA_corr_s0unscaled,none,-,-,-,p0.05|n10,mape_n_excluded,0.0,40,25,arm7_x05,physics
iter05b_arm7,0,gb_eoh_2122r3,HP_Peak,paperA_corr_s0unscaled,none,-,-,-,p0.05|n20,wape,90.57473632721575,40,29,arm7_x05,physics
iter05b_arm7,0,gb_eoh_2122r3,HP_Peak,paperA_corr_s0unscaled,none,-,-,-,p0.05|n20,rmse,3.5127175803195785,40,29,arm7_x05,physics
iter05b_arm7,0,gb_eoh_2122r3,HP_Peak,paperA_corr_s0unscaled,none,-,-,-,p0.05|n20,mae,3.2649307283269096,40,29,arm7_x05,physics
iter05b_arm7,0,gb_eoh_2122r3,HP_Peak,paperA_corr_s0unscaled,none,-,-,-,p0.05|n20,mape,89.61961943669765,40,29,arm7_x05,physics
iter05b_arm7,0,gb_eoh_2122r3,HP_Peak,paperA_corr_s0unscaled,none,-,-,-,p0.05|n20,r2,-10.700363675169363,40,29,arm7_x05,physics
iter05b_arm7,0,gb_eoh_2122r3,HP_Peak,paperA_corr_s0unscaled,none,-,-,-,p0.05|n20,n_pred_nan,0.0,40,29,arm7_x05,physics
iter05b_arm7,0,gb_eoh_2122r3,HP_Peak,paperA_corr_s0unscaled,none,-,-,-,p0.05|n20,mape_n_excluded,0.0,40,29,arm7_x05,physics
iter05b_arm7,0,gb_eoh_2122r3,HP_Peak,paperA_corr_s0unscaled,none,-,-,-,p0.05|n40,wape,95.51036412214593,40,40,arm7_x05,physics
iter05b_arm7,0,gb_eoh_2122r3,HP_Peak,paperA_corr_s0unscaled,none,-,-,-,p0.05|n40,rmse,6.400435199393298,40,40,arm7_x05,physics
iter05b_arm7,0,gb_eoh_2122r3,HP_Peak,paperA_corr_s0unscaled,none,-,-,-,p0.05|n40,mae,6.158510392241579,40,40,arm7_x05,physics
iter05b_arm7,0,gb_eoh_2122r3,HP_Peak,paperA_corr_s0unscaled,none,-,-,-,p0.05|n40,mape,95.63969511439282,40,40,arm7_x05,physics
iter05b_arm7,0,gb_eoh_2122r3,HP_Peak,paperA_corr_s0unscaled,none,-,-,-,p0.05|n40,r2,-15.103059291052155,40,40,arm7_x05,physics
iter05b_arm7,0,gb_eoh_2122r3,HP_Peak,paperA_corr_s0unscaled,none,-,-,-,p0.05|n40,n_pred_nan,0.0,40,40,arm7_x05,physics
iter05b_arm7,0,gb_eoh_2122r3,HP_Peak,paperA_corr_s0unscaled,none,-,-,-,p0.05|n40,mape_n_excluded,0.0,40,40,arm7_x05,physics
iter05b_arm7,0,gb_eoh_2122r3,HP_Peak,paperA_corr_s0unscaled,none,-,-,-,p0.05|n80,wape,100.0,15,39,arm7_x05,physics
iter05b_arm7,0,gb_eoh_2122r3,HP_Peak,paperA_corr_s0unscaled,none,-,-,-,p0.05|n80,rmse,13.416639975033252,15,39,arm7_x05,physics
iter05b_arm7,0,gb_eoh_2122r3,HP_Peak,paperA_corr_s0unscaled,none,-,-,-,p0.05|n80,mae,13.310838293107441,15,39,arm7_x05,physics
iter05b_arm7,0,gb_eoh_2122r3,HP_Peak,paperA_corr_s0unscaled,none,-,-,-,p0.05|n80,mape,100.0,15,39,arm7_x05,physics
iter05b_arm7,0,gb_eoh_2122r3,HP_Peak,paperA_corr_s0unscaled,none,-,-,-,p0.05|n80,r2,-62.65565263564709,15,39,arm7_x05,physics
iter05b_arm7,0,gb_eoh_2122r3,HP_Peak,paperA_corr_s0unscaled,none,-,-,-,p0.05|n80,n_pred_nan,0.0,15,39,arm7_x05,physics
iter05b_arm7,0,gb_eoh_2122r3,HP_Peak,paperA_corr_s0unscaled,none,-,-,-,p0.05|n80,mape_n_excluded,0.0,15,39,arm7_x05,physics
iter05b_arm7,0,gb_eoh_2122r3,HP_Peak,paperA_corr_s0unscaled,none,-,-,-,p0.05|n120,wape,100.0,15,53,arm7_x05,physics
iter05b_arm7,0,gb_eoh_2122r3,HP_Peak,paperA_corr_s0unscaled,none,-,-,-,p0.05|n120,rmse,20.216207033355307,15,53,arm7_x05,physics
iter05b_arm7,0,gb_eoh_2122r3,HP_Peak,paperA_corr_s0unscaled,none,-,-,-,p0.05|n120,mae,20.00708278818142,15,53,arm7_x05,physics
iter05b_arm7,0,gb_eoh_2122r3,HP_Peak,paperA_corr_s0unscaled,none,-,-,-,p0.05|n120,mape,100.0,15,53,arm7_x05,physics
iter05b_arm7,0,gb_eoh_2122r3,HP_Peak,paperA_corr_s0unscaled,none,-,-,-,p0.05|n120,r2,-47.58669726759397,15,53,arm7_x05,physics
iter05b_arm7,0,gb_eoh_2122r3,HP_Peak,paperA_corr_s0unscaled,none,-,-,-,p0.05|n120,n_pred_nan,0.0,15,53,arm7_x05,physics
iter05b_arm7,0,gb_eoh_2122r3,HP_Peak,paperA_corr_s0unscaled,none,-,-,-,p0.05|n120,mape_n_excluded,0.0,15,53,arm7_x05,physics
iter05b_arm7,0,gb_eoh_2122r3,HP_Peak,paperA_corr_s0unscaled,none,-,-,-,p0.1|n10,wape,77.68555371511366,40,26,arm7_x05,physics
iter05b_arm7,0,gb_eoh_2122r3,HP_Peak,paperA_corr_s0unscaled,none,-,-,-,p0.1|n10,rmse,3.075833148593005,40,26,arm7_x05,physics
iter05b_arm7,0,gb_eoh_2122r3,HP_Peak,paperA_corr_s0unscaled,none,-,-,-,p0.1|n10,mae,2.795390401188356,40,26,arm7_x05,physics
iter05b_arm7,0,gb_eoh_2122r3,HP_Peak,paperA_corr_s0unscaled,none,-,-,-,p0.1|n10,mape,78.7126202198999,40,26,arm7_x05,physics
iter05b_arm7,0,gb_eoh_2122r3,HP_Peak,paperA_corr_s0unscaled,none,-,-,-,p0.1|n10,r2,-12.057279191147542,40,26,arm7_x05,physics
iter05b_arm7,0,gb_eoh_2122r3,HP_Peak,paperA_corr_s0unscaled,none,-,-,-,p0.1|n10,n_pred_nan,0.0,40,26,arm7_x05,physics
iter05b_arm7,0,gb_eoh_2122r3,HP_Peak,paperA_corr_s0unscaled,none,-,-,-,p0.1|n10,mape_n_excluded,0.0,40,26,arm7_x05,physics
iter05b_arm7,0,gb_eoh_2122r3,HP_Peak,paperA_corr_s0unscaled,none,-,-,-,p0.1|n20,wape,82.77445586996001,40,44,arm7_x05,physics
iter05b_arm7,0,gb_eoh_2122r3,HP_Peak,paperA_corr_s0unscaled,none,-,-,-,p0.1|n20,rmse,5.963003274100414,40,44,arm7_x05,physics
iter05b_arm7,0,gb_eoh_2122r3,HP_Peak,paperA_corr_s0unscaled,none,-,-,-,p0.1|n20,mae,5.773985180999349,40,44,arm7_x05,physics
iter05b_arm7,0,gb_eoh_2122r3,HP_Peak,paperA_corr_s0unscaled,none,-,-,-,p0.1|n20,mape,84.0512390183639,40,44,arm7_x05,physics
iter05b_arm7,0,gb_eoh_2122r3,HP_Peak,paperA_corr_s0unscaled,none,-,-,-,p0.1|n20,r2,-15.14742669375806,40,44,arm7_x05,physics
iter05b_arm7,0,gb_eoh_2122r3,HP_Peak,paperA_corr_s0unscaled,none,-,-,-,p0.1|n20,n_pred_nan,0.0,40,44,arm7_x05,physics
iter05b_arm7,0,gb_eoh_2122r3,HP_Peak,paperA_corr_s0unscaled,none,-,-,-,p0.1|n20,mape_n_excluded,0.0,40,44,arm7_x05,physics
iter05b_arm7,0,gb_eoh_2122r3,HP_Peak,paperA_corr_s0unscaled,none,-,-,-,p0.1|n40,wape,82.65016901789608,15,39,arm7_x05,physics
iter05b_arm7,0,gb_eoh_2122r3,HP_Peak,paperA_corr_s0unscaled,none,-,-,-,p0.1|n40,rmse,11.558875718353036,15,39,arm7_x05,physics
iter05b_arm7,0,gb_eoh_2122r3,HP_Peak,paperA_corr_s0unscaled,none,-,-,-,p0.1|n40,mae,11.120058128936702,15,39,arm7_x05,physics
iter05b_arm7,0,gb_eoh_2122r3,HP_Peak,paperA_corr_s0unscaled,none,-,-,-,p0.1|n40,mape,83.11881113540777,15,39,arm7_x05,physics
iter05b_arm7,0,gb_eoh_2122r3,HP_Peak,paperA_corr_s0unscaled,none,-,-,-,p0.1|n40,r2,-25.008048476378182,15,39,arm7_x05,physics
iter05b_arm7,0,gb_eoh_2122r3,HP_Peak,paperA_corr_s0unscaled,none,-,-,-,p0.1|n40,n_pred_nan,0.0,15,39,arm7_x05,physics
iter05b_arm7,0,gb_eoh_2122r3,HP_Peak,paperA_corr_s0unscaled,none,-,-,-,p0.1|n40,mape_n_excluded,0.0,15,39,arm7_x05,physics
iter05b_arm7,0,gb_eoh_2122r3,HP_Peak,paperA_corr_s0unscaled,none,-,-,-,p0.1|n80,wape,80.1282211991215,10,46,arm7_x05,physics
iter05b_arm7,0,gb_eoh_2122r3,HP_Peak,paperA_corr_s0unscaled,none,-,-,-,p0.1|n80,rmse,23.531752624298274,10,46,arm7_x05,physics
iter05b_arm7,0,gb_eoh_2122r3,HP_Peak,paperA_corr_s0unscaled,none,-,-,-,p0.1|n80,mae,23.020194109105866,10,46,arm7_x05,physics
iter05b_arm7,0,gb_eoh_2122r3,HP_Peak,paperA_corr_s0unscaled,none,-,-,-,p0.1|n80,mape,80.17782619712314,10,46,arm7_x05,physics
iter05b_arm7,0,gb_eoh_2122r3,HP_Peak,paperA_corr_s0unscaled,none,-,-,-,p0.1|n80,r2,-119.86595481925656,10,46,arm7_x05,physics
iter05b_arm7,0,gb_eoh_2122r3,HP_Peak,paperA_corr_s0unscaled,none,-,-,-,p0.1|n80,n_pred_nan,0.0,10,46,arm7_x05,physics
iter05b_arm7,0,gb_eoh_2122r3,HP_Peak,paperA_corr_s0unscaled,none,-,-,-,p0.1|n80,mape_n_excluded,0.0,10,46,arm7_x05,physics
iter05b_arm7,0,gb_eoh_2122r3,HP_Peak,paperA_corr_s0unscaled,none,-,-,-,p0.1|n120,wape,68.87040538275569,10,51,arm7_x05,physics
iter05b_arm7,0,gb_eoh_2122r3,HP_Peak,paperA_corr_s0unscaled,none,-,-,-,p0.1|n120,rmse,30.123014069014758,10,51,arm7_x05,physics
iter05b_arm7,0,gb_eoh_2122r3,HP_Peak,paperA_corr_s0unscaled,none,-,-,-,p0.1|n120,mae,29.813312972570618,10,51,arm7_x05,physics
iter05b_arm7,0,gb_eoh_2122r3,HP_Peak,paperA_corr_s0unscaled,none,-,-,-,p0.1|n120,mape,69.33335972221076,10,51,arm7_x05,physics
iter05b_arm7,0,gb_eoh_2122r3,HP_Peak,paperA_corr_s0unscaled,none,-,-,-,p0.1|n120,r2,-57.213487913339044,10,51,arm7_x05,physics
iter05b_arm7,0,gb_eoh_2122r3,HP_Peak,paperA_corr_s0unscaled,none,-,-,-,p0.1|n120,n_pred_nan,0.0,10,51,arm7_x05,physics
iter05b_arm7,0,gb_eoh_2122r3,HP_Peak,paperA_corr_s0unscaled,none,-,-,-,p0.1|n120,mape_n_excluded,0.0,10,51,arm7_x05,physics
iter05b_arm7,0,gb_eoh_2122r3,HP_Peak,paperA_corr_s0unscaled,none,-,-,-,p0.2|n10,wape,44.109232316256985,40,40,arm7_x05,physics
iter05b_arm7,0,gb_eoh_2122r3,HP_Peak,paperA_corr_s0unscaled,none,-,-,-,p0.2|n10,rmse,3.4377193177325784,40,40,arm7_x05,physics
iter05b_arm7,0,gb_eoh_2122r3,HP_Peak,paperA_corr_s0unscaled,none,-,-,-,p0.2|n10,mae,3.016719291193901,40,40,arm7_x05,physics
iter05b_arm7,0,gb_eoh_2122r3,HP_Peak,paperA_corr_s0unscaled,none,-,-,-,p0.2|n10,mape,44.39548227033999,40,40,arm7_x05,physics
iter05b_arm7,0,gb_eoh_2122r3,HP_Peak,paperA_corr_s0unscaled,none,-,-,-,p0.2|n10,r2,-5.028832701609431,40,40,arm7_x05,physics
iter05b_arm7,0,gb_eoh_2122r3,HP_Peak,paperA_corr_s0unscaled,none,-,-,-,p0.2|n10,n_pred_nan,0.0,40,40,arm7_x05,physics
iter05b_arm7,0,gb_eoh_2122r3,HP_Peak,paperA_corr_s0unscaled,none,-,-,-,p0.2|n10,mape_n_excluded,0.0,40,40,arm7_x05,physics
iter05b_arm7,0,gb_eoh_2122r3,HP_Peak,paperA_corr_s0unscaled,none,-,-,-,p0.2|n20,wape,52.82311372659666,15,40,arm7_x05,physics
iter05b_arm7,0,gb_eoh_2122r3,HP_Peak,paperA_corr_s0unscaled,none,-,-,-,p0.2|n20,rmse,7.477926076164448,15,40,arm7_x05,physics
iter05b_arm7,0,gb_eoh_2122r3,HP_Peak,paperA_corr_s0unscaled,none,-,-,-,p0.2|n20,mae,6.839533804316507,15,40,arm7_x05,physics
iter05b_arm7,0,gb_eoh_2122r3,HP_Peak,paperA_corr_s0unscaled,none,-,-,-,p0.2|n20,mape,53.29054010927683,15,40,arm7_x05,physics
iter05b_arm7,0,gb_eoh_2122r3,HP_Peak,paperA_corr_s0unscaled,none,-,-,-,p0.2|n20,r2,-15.785900596098859,15,40,arm7_x05,physics
iter05b_arm7,0,gb_eoh_2122r3,HP_Peak,paperA_corr_s0unscaled,none,-,-,-,p0.2|n20,n_pred_nan,0.0,15,40,arm7_x05,physics
iter05b_arm7,0,gb_eoh_2122r3,HP_Peak,paperA_corr_s0unscaled,none,-,-,-,p0.2|n20,mape_n_excluded,0.0,15,40,arm7_x05,physics
iter05b_arm7,0,gb_eoh_2122r3,HP_Peak,paperA_corr_s0unscaled,none,-,-,-,p0.2|n40,wape,35.52339185218115,10,45,arm7_x05,physics
iter05b_arm7,0,gb_eoh_2122r3,HP_Peak,paperA_corr_s0unscaled,none,-,-,-,p0.2|n40,rmse,10.571829742007825,10,45,arm7_x05,physics
iter05b_arm7,0,gb_eoh_2122r3,HP_Peak,paperA_corr_s0unscaled,none,-,-,-,p0.2|n40,mae,10.187391810790448,10,45,arm7_x05,physics
iter05b_arm7,0,gb_eoh_2122r3,HP_Peak,paperA_corr_s0unscaled,none,-,-,-,p0.2|n40,mape,35.56543778427933,10,45,arm7_x05,physics
iter05b_arm7,0,gb_eoh_2122r3,HP_Peak,paperA_corr_s0unscaled,none,-,-,-,p0.2|n40,r2,-34.55934616807223,10,45,arm7_x05,physics
iter05b_arm7,0,gb_eoh_2122r3,HP_Peak,paperA_corr_s0unscaled,none,-,-,-,p0.2|n40,n_pred_nan,0.0,10,45,arm7_x05,physics
iter05b_arm7,0,gb_eoh_2122r3,HP_Peak,paperA_corr_s0unscaled,none,-,-,-,p0.2|n40,mape_n_excluded,0.0,10,45,arm7_x05,physics
iter05b_arm7,0,gb_eoh_2122r3,HP_Peak,paperA_corr_s0unscaled,none,-,-,-,p0.2|n80,wape,39.80866341122935,10,53,arm7_x05,physics
iter05b_arm7,0,gb_eoh_2122r3,HP_Peak,paperA_corr_s0unscaled,none,-,-,-,p0.2|n80,rmse,23.62012000254001,10,53,arm7_x05,physics
iter05b_arm7,0,gb_eoh_2122r3,HP_Peak,paperA_corr_s0unscaled,none,-,-,-,p0.2|n80,mae,22.44535403557145,10,53,arm7_x05,physics
iter05b_arm7,0,gb_eoh_2122r3,HP_Peak,paperA_corr_s0unscaled,none,-,-,-,p0.2|n80,mape,39.70395991586459,10,53,arm7_x05,physics
iter05b_arm7,0,gb_eoh_2122r3,HP_Peak,paperA_corr_s0unscaled,none,-,-,-,p0.2|n80,r2,-29.91506160540463,10,53,arm7_x05,physics
iter05b_arm7,0,gb_eoh_2122r3,HP_Peak,paperA_corr_s0unscaled,none,-,-,-,p0.2|n80,n_pred_nan,0.0,10,53,arm7_x05,physics
iter05b_arm7,0,gb_eoh_2122r3,HP_Peak,paperA_corr_s0unscaled,none,-,-,-,p0.2|n80,mape_n_excluded,0.0,10,53,arm7_x05,physics
iter05b_arm7,0,gb_eoh_2122r3,HP_Peak,paperA_corr_s0unscaled,none,-,-,-,p0.3|n10,wape,33.08683390381738,25,41,arm7_x05,physics
iter05b_arm7,0,gb_eoh_2122r3,HP_Peak,paperA_corr_s0unscaled,none,-,-,-,p0.3|n10,rmse,3.914379956457327,25,41,arm7_x05,physics
iter05b_arm7,0,gb_eoh_2122r3,HP_Peak,paperA_corr_s0unscaled,none,-,-,-,p0.3|n10,mae,3.4149415005349164,25,41,arm7_x05,physics
iter05b_arm7,0,gb_eoh_2122r3,HP_Peak,paperA_corr_s0unscaled,none,-,-,-,p0.3|n10,mape,34.719748916556576,25,41,arm7_x05,physics
iter05b_arm7,0,gb_eoh_2122r3,HP_Peak,paperA_corr_s0unscaled,none,-,-,-,p0.3|n10,r2,-2.288956886838882,25,41,arm7_x05,physics
iter05b_arm7,0,gb_eoh_2122r3,HP_Peak,paperA_corr_s0unscaled,none,-,-,-,p0.3|n10,n_pred_nan,0.0,25,41,arm7_x05,physics
iter05b_arm7,0,gb_eoh_2122r3,HP_Peak,paperA_corr_s0unscaled,none,-,-,-,p0.3|n10,mape_n_excluded,0.0,25,41,arm7_x05,physics
iter05b_arm7,0,gb_eoh_2122r3,HP_Peak,paperA_corr_s0unscaled,none,-,-,-,p0.3|n20,wape,31.26173935751527,15,51,arm7_x05,physics
iter05b_arm7,0,gb_eoh_2122r3,HP_Peak,paperA_corr_s0unscaled,none,-,-,-,p0.3|n20,rmse,7.06084019052701,15,51,arm7_x05,physics
iter05b_arm7,0,gb_eoh_2122r3,HP_Peak,paperA_corr_s0unscaled,none,-,-,-,p0.3|n20,mae,6.228350392216034,15,51,arm7_x05,physics
iter05b_arm7,0,gb_eoh_2122r3,HP_Peak,paperA_corr_s0unscaled,none,-,-,-,p0.3|n20,mape,32.84998083925936,15,51,arm7_x05,physics
iter05b_arm7,0,gb_eoh_2122r3,HP_Peak,paperA_corr_s0unscaled,none,-,-,-,p0.3|n20,r2,-6.988258502279961,15,51,arm7_x05,physics
iter05b_arm7,0,gb_eoh_2122r3,HP_Peak,paperA_corr_s0unscaled,none,-,-,-,p0.3|n20,n_pred_nan,0.0,15,51,arm7_x05,physics
iter05b_arm7,0,gb_eoh_2122r3,HP_Peak,paperA_corr_s0unscaled,none,-,-,-,p0.3|n20,mape_n_excluded,0.0,15,51,arm7_x05,physics
iter05b_arm7,0,gb_eoh_2122r3,HP_Peak,paperA_corr_s0unscaled,none,-,-,-,p0.3|n40,wape,30.80376023292465,10,53,arm7_x05,physics
iter05b_arm7,0,gb_eoh_2122r3,HP_Peak,paperA_corr_s0unscaled,none,-,-,-,p0.3|n40,rmse,13.407433961405676,10,53,arm7_x05,physics
iter05b_arm7,0,gb_eoh_2122r3,HP_Peak,paperA_corr_s0unscaled,none,-,-,-,p0.3|n40,mae,12.87357074127328,10,53,arm7_x05,physics
iter05b_arm7,0,gb_eoh_2122r3,HP_Peak,paperA_corr_s0unscaled,none,-,-,-,p0.3|n40,mape,30.62065554435687,10,53,arm7_x05,physics
iter05b_arm7,0,gb_eoh_2122r3,HP_Peak,paperA_corr_s0unscaled,none,-,-,-,p0.3|n40,r2,-12.694689990523022,10,53,arm7_x05,physics
iter05b_arm7,0,gb_eoh_2122r3,HP_Peak,paperA_corr_s0unscaled,none,-,-,-,p0.3|n40,n_pred_nan,0.0,10,53,arm7_x05,physics
iter05b_arm7,0,gb_eoh_2122r3,HP_Peak,paperA_corr_s0unscaled,none,-,-,-,p0.3|n40,mape_n_excluded,0.0,10,53,arm7_x05,physics
iter05b_arm7,0,gb_eoh_2122r3,HP_Peak,paperA_corr_s0unscaled,none,-,-,-,p0.5|n10,wape,24.995700778247965,15,41,arm7_x05,physics
iter05b_arm7,0,gb_eoh_2122r3,HP_Peak,paperA_corr_s0unscaled,none,-,-,-,p0.5|n10,rmse,4.615252601581,15,41,arm7_x05,physics
iter05b_arm7,0,gb_eoh_2122r3,HP_Peak,paperA_corr_s0unscaled,none,-,-,-,p0.5|n10,mae,4.127690156290592,15,41,arm7_x05,physics
iter05b_arm7,0,gb_eoh_2122r3,HP_Peak,paperA_corr_s0unscaled,none,-,-,-,p0.5|n10,mape,26.019934942496093,15,41,arm7_x05,physics
iter05b_arm7,0,gb_eoh_2122r3,HP_Peak,paperA_corr_s0unscaled,none,-,-,-,p0.5|n10,r2,-1.6904295577376027,15,41,arm7_x05,physics
iter05b_arm7,0,gb_eoh_2122r3,HP_Peak,paperA_corr_s0unscaled,none,-,-,-,p0.5|n10,n_pred_nan,0.0,15,41,arm7_x05,physics
iter05b_arm7,0,gb_eoh_2122r3,HP_Peak,paperA_corr_s0unscaled,none,-,-,-,p0.5|n10,mape_n_excluded,0.0,15,41,arm7_x05,physics
iter05b_arm7,0,gb_eoh_2122r3,HP_Peak,paperA_corr_s0unscaled,none,-,-,-,p0.5|n20,wape,14.865454611127623,10,49,arm7_x05,physics
iter05b_arm7,0,gb_eoh_2122r3,HP_Peak,paperA_corr_s0unscaled,none,-,-,-,p0.5|n20,rmse,6.0397036460367435,10,49,arm7_x05,physics
iter05b_arm7,0,gb_eoh_2122r3,HP_Peak,paperA_corr_s0unscaled,none,-,-,-,p0.5|n20,mae,5.379873113279878,10,49,arm7_x05,physics
iter05b_arm7,0,gb_eoh_2122r3,HP_Peak,paperA_corr_s0unscaled,none,-,-,-,p0.5|n20,mape,14.783150307088388,10,49,arm7_x05,physics
iter05b_arm7,0,gb_eoh_2122r3,HP_Peak,paperA_corr_s0unscaled,none,-,-,-,p0.5|n20,r2,-1.2953756763064517,10,49,arm7_x05,physics
iter05b_arm7,0,gb_eoh_2122r3,HP_Peak,paperA_corr_s0unscaled,none,-,-,-,p0.5|n20,n_pred_nan,0.0,10,49,arm7_x05,physics
iter05b_arm7,0,gb_eoh_2122r3,HP_Peak,paperA_corr_s0unscaled,none,-,-,-,p0.5|n20,mape_n_excluded,0.0,10,49,arm7_x05,physics
iter05b_arm7,0,gb_eoh_2122r3,HP_Peak,paperA_corr_s0unscaled,none,-,-,-,p0.5|n40,wape,19.373270344394296,5,30,arm7_x05,physics
iter05b_arm7,0,gb_eoh_2122r3,HP_Peak,paperA_corr_s0unscaled,none,-,-,-,p0.5|n40,rmse,14.454994609063993,5,30,arm7_x05,physics
iter05b_arm7,0,gb_eoh_2122r3,HP_Peak,paperA_corr_s0unscaled,none,-,-,-,p0.5|n40,mae,14.407037401710031,5,30,arm7_x05,physics
iter05b_arm7,0,gb_eoh_2122r3,HP_Peak,paperA_corr_s0unscaled,none,-,-,-,p0.5|n40,mape,19.38872448477704,5,30,arm7_x05,physics
iter05b_arm7,0,gb_eoh_2122r3,HP_Peak,paperA_corr_s0unscaled,none,-,-,-,p0.5|n40,r2,-101.14867094734296,5,30,arm7_x05,physics
iter05b_arm7,0,gb_eoh_2122r3,HP_Peak,paperA_corr_s0unscaled,none,-,-,-,p0.5|n40,n_pred_nan,0.0,5,30,arm7_x05,physics
iter05b_arm7,0,gb_eoh_2122r3,HP_Peak,paperA_corr_s0unscaled,none,-,-,-,p0.5|n40,mape_n_excluded,0.0,5,30,arm7_x05,physics
iter05b_arm7,0,gb_eoh_2122r3,HP_Peak,paperA_corr_s0unscaled,none,-,-,-,p0.8|n10,wape,13.711442462646522,10,44,arm7_x05,physics
iter05b_arm7,0,gb_eoh_2122r3,HP_Peak,paperA_corr_s0unscaled,none,-,-,-,p0.8|n10,rmse,4.36066395643195,10,44,arm7_x05,physics
iter05b_arm7,0,gb_eoh_2122r3,HP_Peak,paperA_corr_s0unscaled,none,-,-,-,p0.8|n10,mae,3.788316948499952,10,44,arm7_x05,physics
iter05b_arm7,0,gb_eoh_2122r3,HP_Peak,paperA_corr_s0unscaled,none,-,-,-,p0.8|n10,mape,13.375730082405662,10,44,arm7_x05,physics
iter05b_arm7,0,gb_eoh_2122r3,HP_Peak,paperA_corr_s0unscaled,none,-,-,-,p0.8|n10,r2,-1.9100407631841243,10,44,arm7_x05,physics
iter05b_arm7,0,gb_eoh_2122r3,HP_Peak,paperA_corr_s0unscaled,none,-,-,-,p0.8|n10,n_pred_nan,0.0,10,44,arm7_x05,physics
iter05b_arm7,0,gb_eoh_2122r3,HP_Peak,paperA_corr_s0unscaled,none,-,-,-,p0.8|n10,mape_n_excluded,0.0,10,44,arm7_x05,physics
iter05b_arm7,0,gb_eoh_2122r3,HP_Peak,paperA_corr_s0unscaled,none,-,-,-,p0.8|n20,wape,11.503207448709182,10,53,arm7_x05,physics
iter05b_arm7,0,gb_eoh_2122r3,HP_Peak,paperA_corr_s0unscaled,none,-,-,-,p0.8|n20,rmse,7.556775774274357,10,53,arm7_x05,physics
iter05b_arm7,0,gb_eoh_2122r3,HP_Peak,paperA_corr_s0unscaled,none,-,-,-,p0.8|n20,mae,6.384224137031021,10,53,arm7_x05,physics
iter05b_arm7,0,gb_eoh_2122r3,HP_Peak,paperA_corr_s0unscaled,none,-,-,-,p0.8|n20,mape,11.308089242031253,10,53,arm7_x05,physics
iter05b_arm7,0,gb_eoh_2122r3,HP_Peak,paperA_corr_s0unscaled,none,-,-,-,p0.8|n20,r2,-1.9717987422389807,10,53,arm7_x05,physics
iter05b_arm7,0,gb_eoh_2122r3,HP_Peak,paperA_corr_s0unscaled,none,-,-,-,p0.8|n20,n_pred_nan,0.0,10,53,arm7_x05,physics
iter05b_arm7,0,gb_eoh_2122r3,HP_Peak,paperA_corr_s0unscaled,none,-,-,-,p0.8|n20,mape_n_excluded,0.0,10,53,arm7_x05,physics
iter05b_arm7,0,gb_eoh_2122r3,HP_Peak,paperA_corr_s0unscaled,none,-,-,-,p1.0|n10,wape,9.787736705960867,10,52,arm7_x05,physics
iter05b_arm7,0,gb_eoh_2122r3,HP_Peak,paperA_corr_s0unscaled,none,-,-,-,p1.0|n10,rmse,5.0449558951640086,10,52,arm7_x05,physics
iter05b_arm7,0,gb_eoh_2122r3,HP_Peak,paperA_corr_s0unscaled,none,-,-,-,p1.0|n10,mae,3.438741448327068,10,52,arm7_x05,physics
iter05b_arm7,0,gb_eoh_2122r3,HP_Peak,paperA_corr_s0unscaled,none,-,-,-,p1.0|n10,mape,9.8153124261645,10,52,arm7_x05,physics
iter05b_arm7,0,gb_eoh_2122r3,HP_Peak,paperA_corr_s0unscaled,none,-,-,-,p1.0|n10,r2,-3.266230082607877,10,52,arm7_x05,physics
iter05b_arm7,0,gb_eoh_2122r3,HP_Peak,paperA_corr_s0unscaled,none,-,-,-,p1.0|n10,n_pred_nan,0.0,10,52,arm7_x05,physics
iter05b_arm7,0,gb_eoh_2122r3,HP_Peak,paperA_corr_s0unscaled,none,-,-,-,p1.0|n10,mape_n_excluded,0.0,10,52,arm7_x05,physics
iter05b_arm7,0,gb_eoh_2122r3,HP_Peak,paperA_corr_s0unscaled,none,-,-,-,p1.0|n20,wape,11.149077088368502,5,30,arm7_x05,physics
iter05b_arm7,0,gb_eoh_2122r3,HP_Peak,paperA_corr_s0unscaled,none,-,-,-,p1.0|n20,rmse,8.73889494468879,5,30,arm7_x05,physics
iter05b_arm7,0,gb_eoh_2122r3,HP_Peak,paperA_corr_s0unscaled,none,-,-,-,p1.0|n20,mae,8.176991697976755,5,30,arm7_x05,physics
iter05b_arm7,0,gb_eoh_2122r3,HP_Peak,paperA_corr_s0unscaled,none,-,-,-,p1.0|n20,mape,11.138553592374612,5,30,arm7_x05,physics
iter05b_arm7,0,gb_eoh_2122r3,HP_Peak,paperA_corr_s0unscaled,none,-,-,-,p1.0|n20,r2,-8.318979960154225,5,30,arm7_x05,physics
iter05b_arm7,0,gb_eoh_2122r3,HP_Peak,paperA_corr_s0unscaled,none,-,-,-,p1.0|n20,n_pred_nan,0.0,5,30,arm7_x05,physics
iter05b_arm7,0,gb_eoh_2122r3,HP_Peak,paperA_corr_s0unscaled,none,-,-,-,p1.0|n20,mape_n_excluded,0.0,5,30,arm7_x05,physics
iter05b_arm7,0,gb_eoh_2122r3,HP_Peak,anchor_only_Linear,size,-,direct,none,all,wape,91.59780615800248,455,81,arm7_x05,physics
iter05b_arm7,0,gb_eoh_2122r3,HP_Peak,anchor_only_Linear,size,-,direct,none,all,rmse,18.414456352969008,455,81,arm7_x05,physics
iter05b_arm7,0,gb_eoh_2122r3,HP_Peak,anchor_only_Linear,size,-,direct,none,all,mae,14.512813156081384,455,81,arm7_x05,physics
iter05b_arm7,0,gb_eoh_2122r3,HP_Peak,anchor_only_Linear,size,-,direct,none,all,mape,182.78099633523667,455,81,arm7_x05,physics
iter05b_arm7,0,gb_eoh_2122r3,HP_Peak,anchor_only_Linear,size,-,direct,none,all,r2,-0.24068398311894534,455,81,arm7_x05,physics
iter05b_arm7,0,gb_eoh_2122r3,HP_Peak,anchor_only_Linear,size,-,direct,none,all,n_pred_nan,0.0,455,81,arm7_x05,physics
iter05b_arm7,0,gb_eoh_2122r3,HP_Peak,anchor_only_Linear,size,-,direct,none,all,mape_n_excluded,0.0,455,81,arm7_x05,physics
iter05b_arm7,0,gb_eoh_2122r3,HP_Peak,anchor_only_Linear,size,-,direct,none,all,wape_train,77.55093491329082,455,81,arm7_x05,physics
iter05b_arm7,0,gb_eoh_2122r3,HP_Peak,anchor_only_Linear,size,-,direct,none,all,wape_inner,61.55034975959407,455,81,arm7_x05,physics
iter05b_arm7,0,gb_eoh_2122r3,HP_Peak,anchor_only_Linear,size,-,direct,none,all,n_train_sub,2080.0,455,81,arm7_x05,physics
iter05b_arm7,0,gb_eoh_2122r3,HP_Peak,anchor_only_Linear,size,-,direct,none,all,n_inner_sub,1340.0,455,81,arm7_x05,physics
iter05b_arm7,0,gb_eoh_2122r3,HP_Peak,anchor_only_Linear,size,-,direct,none,all,n_test_sub,455.0,455,81,arm7_x05,physics
iter05b_arm7,0,gb_eoh_2122r3,HP_Peak,anchor_only_Linear,size,-,direct,none,all,n_overlap_sub,0.0,455,81,arm7_x05,physics
iter05b_arm7,0,gb_eoh_2122r3,HP_Peak,anchor_only_Linear,size,-,direct,none,pbin<=15,wape,185.0084438240828,265,81,arm7_x05,physics
iter05b_arm7,0,gb_eoh_2122r3,HP_Peak,anchor_only_Linear,size,-,direct,none,pbin<=15,rmse,19.117672862912613,265,81,arm7_x05,physics
iter05b_arm7,0,gb_eoh_2122r3,HP_Peak,anchor_only_Linear,size,-,direct,none,pbin<=15,mae,16.65136732000284,265,81,arm7_x05,physics
iter05b_arm7,0,gb_eoh_2122r3,HP_Peak,anchor_only_Linear,size,-,direct,none,pbin<=15,mape,277.48464819073536,265,81,arm7_x05,physics
iter05b_arm7,0,gb_eoh_2122r3,HP_Peak,anchor_only_Linear,size,-,direct,none,pbin<=15,r2,-3.2506447784997077,265,81,arm7_x05,physics
iter05b_arm7,0,gb_eoh_2122r3,HP_Peak,anchor_only_Linear,size,-,direct,none,pbin<=15,n_pred_nan,0.0,265,81,arm7_x05,physics
iter05b_arm7,0,gb_eoh_2122r3,HP_Peak,anchor_only_Linear,size,-,direct,none,pbin<=15,mape_n_excluded,0.0,265,81,arm7_x05,physics
iter05b_arm7,0,gb_eoh_2122r3,HP_Peak,anchor_only_Linear,size,-,direct,none,pbin15-35,wape,31.040323639954735,125,81,arm7_x05,physics
iter05b_arm7,0,gb_eoh_2122r3,HP_Peak,anchor_only_Linear,size,-,direct,none,pbin15-35,rmse,6.980847693573716,125,81,arm7_x05,physics
iter05b_arm7,0,gb_eoh_2122r3,HP_Peak,anchor_only_Linear,size,-,direct,none,pbin15-35,mae,5.69452869635011,125,81,arm7_x05,physics
iter05b_arm7,0,gb_eoh_2122r3,HP_Peak,anchor_only_Linear,size,-,direct,none,pbin15-35,mape,50.9680473135143,125,81,arm7_x05,physics
iter05b_arm7,0,gb_eoh_2122r3,HP_Peak,anchor_only_Linear,size,-,direct,none,pbin15-35,r2,0.790634352861318,125,81,arm7_x05,physics
iter05b_arm7,0,gb_eoh_2122r3,HP_Peak,anchor_only_Linear,size,-,direct,none,pbin15-35,n_pred_nan,0.0,125,81,arm7_x05,physics
iter05b_arm7,0,gb_eoh_2122r3,HP_Peak,anchor_only_Linear,size,-,direct,none,pbin15-35,mape_n_excluded,0.0,125,81,arm7_x05,physics
iter05b_arm7,0,gb_eoh_2122r3,HP_Peak,anchor_only_Linear,size,-,direct,none,pbin35-65,wape,47.3914089594225,30,63,arm7_x05,physics
iter05b_arm7,0,gb_eoh_2122r3,HP_Peak,anchor_only_Linear,size,-,direct,none,pbin35-65,rmse,22.187604151198755,30,63,arm7_x05,physics
iter05b_arm7,0,gb_eoh_2122r3,HP_Peak,anchor_only_Linear,size,-,direct,none,pbin35-65,mae,15.503879749195802,30,63,arm7_x05,physics
iter05b_arm7,0,gb_eoh_2122r3,HP_Peak,anchor_only_Linear,size,-,direct,none,pbin35-65,mape,35.82310247028306,30,63,arm7_x05,physics
iter05b_arm7,0,gb_eoh_2122r3,HP_Peak,anchor_only_Linear,size,-,direct,none,pbin35-65,r2,-0.13432484094482633,30,63,arm7_x05,physics
iter05b_arm7,0,gb_eoh_2122r3,HP_Peak,anchor_only_Linear,size,-,direct,none,pbin35-65,n_pred_nan,0.0,30,63,arm7_x05,physics
iter05b_arm7,0,gb_eoh_2122r3,HP_Peak,anchor_only_Linear,size,-,direct,none,pbin35-65,mape_n_excluded,0.0,30,63,arm7_x05,physics
iter05b_arm7,0,gb_eoh_2122r3,HP_Peak,anchor_only_Linear,size,-,direct,none,pbin>65,wape,65.43390231942054,35,55,arm7_x05,physics
iter05b_arm7,0,gb_eoh_2122r3,HP_Peak,anchor_only_Linear,size,-,direct,none,pbin>65,rmse,32.32561763849349,35,55,arm7_x05,physics
iter05b_arm7,0,gb_eoh_2122r3,HP_Peak,anchor_only_Linear,size,-,direct,none,pbin>65,mae,28.965290477046818,35,55,arm7_x05,physics
iter05b_arm7,0,gb_eoh_2122r3,HP_Peak,anchor_only_Linear,size,-,direct,none,pbin>65,mape,62.463502105429605,35,55,arm7_x05,physics
iter05b_arm7,0,gb_eoh_2122r3,HP_Peak,anchor_only_Linear,size,-,direct,none,pbin>65,r2,-2.8704800151442877,35,55,arm7_x05,physics
iter05b_arm7,0,gb_eoh_2122r3,HP_Peak,anchor_only_Linear,size,-,direct,none,pbin>65,n_pred_nan,0.0,35,55,arm7_x05,physics
iter05b_arm7,0,gb_eoh_2122r3,HP_Peak,anchor_only_Linear,size,-,direct,none,pbin>65,mape_n_excluded,0.0,35,55,arm7_x05,physics
iter05b_arm7,0,gb_eoh_2122r3,HP_Peak,anchor_only_Linear,size,-,direct,none,p0.05|n10,wape,284.1947697698425,40,25,arm7_x05,physics
iter05b_arm7,0,gb_eoh_2122r3,HP_Peak,anchor_only_Linear,size,-,direct,none,p0.05|n10,rmse,9.884671956587622,40,25,arm7_x05,physics
iter05b_arm7,0,gb_eoh_2122r3,HP_Peak,anchor_only_Linear,size,-,direct,none,p0.05|n10,mae,9.822988714492293,40,25,arm7_x05,physics
iter05b_arm7,0,gb_eoh_2122r3,HP_Peak,anchor_only_Linear,size,-,direct,none,p0.05|n10,mape,329.2960640066853,40,25,arm7_x05,physics
iter05b_arm7,0,gb_eoh_2122r3,HP_Peak,anchor_only_Linear,size,-,direct,none,p0.05|n10,r2,-79.3752346047931,40,25,arm7_x05,physics
iter05b_arm7,0,gb_eoh_2122r3,HP_Peak,anchor_only_Linear,size,-,direct,none,p0.05|n10,n_pred_nan,0.0,40,25,arm7_x05,physics
iter05b_arm7,0,gb_eoh_2122r3,HP_Peak,anchor_only_Linear,size,-,direct,none,p0.05|n10,mape_n_excluded,0.0,40,25,arm7_x05,physics
iter05b_arm7,0,gb_eoh_2122r3,HP_Peak,anchor_only_Linear,size,-,direct,none,p0.05|n20,wape,399.2647698164164,40,29,arm7_x05,physics
iter05b_arm7,0,gb_eoh_2122r3,HP_Peak,anchor_only_Linear,size,-,direct,none,p0.05|n20,rmse,14.428814407198772,40,29,arm7_x05,physics
iter05b_arm7,0,gb_eoh_2122r3,HP_Peak,anchor_only_Linear,size,-,direct,none,p0.05|n20,mae,14.392223136069934,40,29,arm7_x05,physics
iter05b_arm7,0,gb_eoh_2122r3,HP_Peak,anchor_only_Linear,size,-,direct,none,p0.05|n20,mape,445.29330778591384,40,29,arm7_x05,physics
iter05b_arm7,0,gb_eoh_2122r3,HP_Peak,anchor_only_Linear,size,-,direct,none,p0.05|n20,r2,-196.41229021649093,40,29,arm7_x05,physics
iter05b_arm7,0,gb_eoh_2122r3,HP_Peak,anchor_only_Linear,size,-,direct,none,p0.05|n20,n_pred_nan,0.0,40,29,arm7_x05,physics
iter05b_arm7,0,gb_eoh_2122r3,HP_Peak,anchor_only_Linear,size,-,direct,none,p0.05|n20,mape_n_excluded,0.0,40,29,arm7_x05,physics
iter05b_arm7,0,gb_eoh_2122r3,HP_Peak,anchor_only_Linear,size,-,direct,none,p0.05|n40,wape,325.43222952111523,40,40,arm7_x05,physics
iter05b_arm7,0,gb_eoh_2122r3,HP_Peak,anchor_only_Linear,size,-,direct,none,p0.05|n40,rmse,21.044407121720294,40,40,arm7_x05,physics
iter05b_arm7,0,gb_eoh_2122r3,HP_Peak,anchor_only_Linear,size,-,direct,none,p0.05|n40,mae,20.983877361341015,40,40,arm7_x05,physics
iter05b_arm7,0,gb_eoh_2122r3,HP_Peak,anchor_only_Linear,size,-,direct,none,p0.05|n40,mape,354.6008104245252,40,40,arm7_x05,physics
iter05b_arm7,0,gb_eoh_2122r3,HP_Peak,anchor_only_Linear,size,-,direct,none,p0.05|n40,r2,-173.0855692950502,40,40,arm7_x05,physics
iter05b_arm7,0,gb_eoh_2122r3,HP_Peak,anchor_only_Linear,size,-,direct,none,p0.05|n40,n_pred_nan,0.0,40,40,arm7_x05,physics
iter05b_arm7,0,gb_eoh_2122r3,HP_Peak,anchor_only_Linear,size,-,direct,none,p0.05|n40,mape_n_excluded,0.0,40,40,arm7_x05,physics
iter05b_arm7,0,gb_eoh_2122r3,HP_Peak,anchor_only_Linear,size,-,direct,none,p0.05|n80,wape,247.85058994945462,15,39,arm7_x05,physics
iter05b_arm7,0,gb_eoh_2122r3,HP_Peak,anchor_only_Linear,size,-,direct,none,p0.05|n80,rmse,33.0338207740705,15,39,arm7_x05,physics
iter05b_arm7,0,gb_eoh_2122r3,HP_Peak,anchor_only_Linear,size,-,direct,none,p0.05|n80,mae,32.99099123668471,15,39,arm7_x05,physics
iter05b_arm7,0,gb_eoh_2122r3,HP_Peak,anchor_only_Linear,size,-,direct,none,p0.05|n80,mape,253.36862211530243,15,39,arm7_x05,physics
iter05b_arm7,0,gb_eoh_2122r3,HP_Peak,anchor_only_Linear,size,-,direct,none,p0.05|n80,r2,-384.89314118110156,15,39,arm7_x05,physics
iter05b_arm7,0,gb_eoh_2122r3,HP_Peak,anchor_only_Linear,size,-,direct,none,p0.05|n80,n_pred_nan,0.0,15,39,arm7_x05,physics
iter05b_arm7,0,gb_eoh_2122r3,HP_Peak,anchor_only_Linear,size,-,direct,none,p0.05|n80,mape_n_excluded,0.0,15,39,arm7_x05,physics
iter05b_arm7,0,gb_eoh_2122r3,HP_Peak,anchor_only_Linear,size,-,direct,none,p0.05|n120,wape,225.74353880186985,15,53,arm7_x05,physics
iter05b_arm7,0,gb_eoh_2122r3,HP_Peak,anchor_only_Linear,size,-,direct,none,p0.05|n120,rmse,45.25772301894796,15,53,arm7_x05,physics
iter05b_arm7,0,gb_eoh_2122r3,HP_Peak,anchor_only_Linear,size,-,direct,none,p0.05|n120,mae,45.16469669706055,15,53,arm7_x05,physics
iter05b_arm7,0,gb_eoh_2122r3,HP_Peak,anchor_only_Linear,size,-,direct,none,p0.05|n120,mape,232.44757200602854,15,53,arm7_x05,physics
iter05b_arm7,0,gb_eoh_2122r3,HP_Peak,anchor_only_Linear,size,-,direct,none,p0.05|n120,r2,-242.50250076172253,15,53,arm7_x05,physics
iter05b_arm7,0,gb_eoh_2122r3,HP_Peak,anchor_only_Linear,size,-,direct,none,p0.05|n120,n_pred_nan,0.0,15,53,arm7_x05,physics
iter05b_arm7,0,gb_eoh_2122r3,HP_Peak,anchor_only_Linear,size,-,direct,none,p0.05|n120,mape_n_excluded,0.0,15,53,arm7_x05,physics
iter05b_arm7,0,gb_eoh_2122r3,HP_Peak,anchor_only_Linear,size,-,direct,none,p0.1|n10,wape,269.0428609153636,40,26,arm7_x05,physics
iter05b_arm7,0,gb_eoh_2122r3,HP_Peak,anchor_only_Linear,size,-,direct,none,p0.1|n10,rmse,9.718426327255818,40,26,arm7_x05,physics
iter05b_arm7,0,gb_eoh_2122r3,HP_Peak,anchor_only_Linear,size,-,direct,none,p0.1|n10,mae,9.681077046436048,40,26,arm7_x05,physics
iter05b_arm7,0,gb_eoh_2122r3,HP_Peak,anchor_only_Linear,size,-,direct,none,p0.1|n10,mape,286.9220250070148,40,26,arm7_x05,physics
iter05b_arm7,0,gb_eoh_2122r3,HP_Peak,anchor_only_Linear,size,-,direct,none,p0.1|n10,r2,-129.3524018089675,40,26,arm7_x05,physics
iter05b_arm7,0,gb_eoh_2122r3,HP_Peak,anchor_only_Linear,size,-,direct,none,p0.1|n10,n_pred_nan,0.0,40,26,arm7_x05,physics
iter05b_arm7,0,gb_eoh_2122r3,HP_Peak,anchor_only_Linear,size,-,direct,none,p0.1|n10,mape_n_excluded,0.0,40,26,arm7_x05,physics
iter05b_arm7,0,gb_eoh_2122r3,HP_Peak,anchor_only_Linear,size,-,direct,none,p0.1|n20,wape,157.99927409421528,40,44,arm7_x05,physics
iter05b_arm7,0,gb_eoh_2122r3,HP_Peak,anchor_only_Linear,size,-,direct,none,p0.1|n20,rmse,11.120791138518749,40,44,arm7_x05,physics
iter05b_arm7,0,gb_eoh_2122r3,HP_Peak,anchor_only_Linear,size,-,direct,none,p0.1|n20,mae,11.021340552958373,40,44,arm7_x05,physics
iter05b_arm7,0,gb_eoh_2122r3,HP_Peak,anchor_only_Linear,size,-,direct,none,p0.1|n20,mape,170.58490339966235,40,44,arm7_x05,physics
iter05b_arm7,0,gb_eoh_2122r3,HP_Peak,anchor_only_Linear,size,-,direct,none,p0.1|n20,r2,-55.162262432711145,40,44,arm7_x05,physics
iter05b_arm7,0,gb_eoh_2122r3,HP_Peak,anchor_only_Linear,size,-,direct,none,p0.1|n20,n_pred_nan,0.0,40,44,arm7_x05,physics
iter05b_arm7,0,gb_eoh_2122r3,HP_Peak,anchor_only_Linear,size,-,direct,none,p0.1|n20,mape_n_excluded,0.0,40,44,arm7_x05,physics
iter05b_arm7,0,gb_eoh_2122r3,HP_Peak,anchor_only_Linear,size,-,direct,none,p0.1|n40,wape,103.88827621306318,15,39,arm7_x05,physics
iter05b_arm7,0,gb_eoh_2122r3,HP_Peak,anchor_only_Linear,size,-,direct,none,p0.1|n40,rmse,14.160084240981385,15,39,arm7_x05,physics
iter05b_arm7,0,gb_eoh_2122r3,HP_Peak,anchor_only_Linear,size,-,direct,none,p0.1|n40,mae,13.977511288018684,15,39,arm7_x05,physics
iter05b_arm7,0,gb_eoh_2122r3,HP_Peak,anchor_only_Linear,size,-,direct,none,p0.1|n40,mape,109.2722223607741,15,39,arm7_x05,physics
iter05b_arm7,0,gb_eoh_2122r3,HP_Peak,anchor_only_Linear,size,-,direct,none,p0.1|n40,r2,-38.03087178443893,15,39,arm7_x05,physics
iter05b_arm7,0,gb_eoh_2122r3,HP_Peak,anchor_only_Linear,size,-,direct,none,p0.1|n40,n_pred_nan,0.0,15,39,arm7_x05,physics
iter05b_arm7,0,gb_eoh_2122r3,HP_Peak,anchor_only_Linear,size,-,direct,none,p0.1|n40,mape_n_excluded,0.0,15,39,arm7_x05,physics
iter05b_arm7,0,gb_eoh_2122r3,HP_Peak,anchor_only_Linear,size,-,direct,none,p0.1|n80,wape,61.16646197260519,10,46,arm7_x05,physics
iter05b_arm7,0,gb_eoh_2122r3,HP_Peak,anchor_only_Linear,size,-,direct,none,p0.1|n80,rmse,17.702511095129633,10,46,arm7_x05,physics
iter05b_arm7,0,gb_eoh_2122r3,HP_Peak,anchor_only_Linear,size,-,direct,none,p0.1|n80,mae,17.572633043700357,10,46,arm7_x05,physics
iter05b_arm7,0,gb_eoh_2122r3,HP_Peak,anchor_only_Linear,size,-,direct,none,p0.1|n80,mape,62.09784887760479,10,46,arm7_x05,physics
iter05b_arm7,0,gb_eoh_2122r3,HP_Peak,anchor_only_Linear,size,-,direct,none,p0.1|n80,r2,-67.40143127168054,10,46,arm7_x05,physics
iter05b_arm7,0,gb_eoh_2122r3,HP_Peak,anchor_only_Linear,size,-,direct,none,p0.1|n80,n_pred_nan,0.0,10,46,arm7_x05,physics
iter05b_arm7,0,gb_eoh_2122r3,HP_Peak,anchor_only_Linear,size,-,direct,none,p0.1|n80,mape_n_excluded,0.0,10,46,arm7_x05,physics
iter05b_arm7,0,gb_eoh_2122r3,HP_Peak,anchor_only_Linear,size,-,direct,none,p0.1|n120,wape,50.550422785742754,10,51,arm7_x05,physics
iter05b_arm7,0,gb_eoh_2122r3,HP_Peak,anchor_only_Linear,size,-,direct,none,p0.1|n120,rmse,22.23607922449179,10,51,arm7_x05,physics
iter05b_arm7,0,gb_eoh_2122r3,HP_Peak,anchor_only_Linear,size,-,direct,none,p0.1|n120,mae,21.882774858538397,10,51,arm7_x05,physics
iter05b_arm7,0,gb_eoh_2122r3,HP_Peak,anchor_only_Linear,size,-,direct,none,p0.1|n120,mape,51.82426095851793,10,51,arm7_x05,physics
iter05b_arm7,0,gb_eoh_2122r3,HP_Peak,anchor_only_Linear,size,-,direct,none,p0.1|n120,r2,-30.720731754895105,10,51,arm7_x05,physics
iter05b_arm7,0,gb_eoh_2122r3,HP_Peak,anchor_only_Linear,size,-,direct,none,p0.1|n120,n_pred_nan,0.0,10,51,arm7_x05,physics
iter05b_arm7,0,gb_eoh_2122r3,HP_Peak,anchor_only_Linear,size,-,direct,none,p0.1|n120,mape_n_excluded,0.0,10,51,arm7_x05,physics
iter05b_arm7,0,gb_eoh_2122r3,HP_Peak,anchor_only_Linear,size,-,direct,none,p0.2|n10,wape,94.16619104743604,40,40,arm7_x05,physics
iter05b_arm7,0,gb_eoh_2122r3,HP_Peak,anchor_only_Linear,size,-,direct,none,p0.2|n10,rmse,6.590645586472863,40,40,arm7_x05,physics
iter05b_arm7,0,gb_eoh_2122r3,HP_Peak,anchor_only_Linear,size,-,direct,none,p0.2|n10,mae,6.440215578323548,40,40,arm7_x05,physics
iter05b_arm7,0,gb_eoh_2122r3,HP_Peak,anchor_only_Linear,size,-,direct,none,p0.2|n10,mape,102.5609585341853,40,40,arm7_x05,physics
iter05b_arm7,0,gb_eoh_2122r3,HP_Peak,anchor_only_Linear,size,-,direct,none,p0.2|n10,r2,-21.15890620713201,40,40,arm7_x05,physics
iter05b_arm7,0,gb_eoh_2122r3,HP_Peak,anchor_only_Linear,size,-,direct,none,p0.2|n10,n_pred_nan,0.0,40,40,arm7_x05,physics
iter05b_arm7,0,gb_eoh_2122r3,HP_Peak,anchor_only_Linear,size,-,direct,none,p0.2|n10,mape_n_excluded,0.0,40,40,arm7_x05,physics
iter05b_arm7,0,gb_eoh_2122r3,HP_Peak,anchor_only_Linear,size,-,direct,none,p0.2|n20,wape,38.993762650001685,15,40,arm7_x05,physics
iter05b_arm7,0,gb_eoh_2122r3,HP_Peak,anchor_only_Linear,size,-,direct,none,p0.2|n20,rmse,5.368689269961924,15,40,arm7_x05,physics
iter05b_arm7,0,gb_eoh_2122r3,HP_Peak,anchor_only_Linear,size,-,direct,none,p0.2|n20,mae,5.048910202124204,15,40,arm7_x05,physics
iter05b_arm7,0,gb_eoh_2122r3,HP_Peak,anchor_only_Linear,size,-,direct,none,p0.2|n20,mape,41.63495006852269,15,40,arm7_x05,physics
iter05b_arm7,0,gb_eoh_2122r3,HP_Peak,anchor_only_Linear,size,-,direct,none,p0.2|n20,r2,-7.652046578749047,15,40,arm7_x05,physics
iter05b_arm7,0,gb_eoh_2122r3,HP_Peak,anchor_only_Linear,size,-,direct,none,p0.2|n20,n_pred_nan,0.0,15,40,arm7_x05,physics
iter05b_arm7,0,gb_eoh_2122r3,HP_Peak,anchor_only_Linear,size,-,direct,none,p0.2|n20,mape_n_excluded,0.0,15,40,arm7_x05,physics
iter05b_arm7,0,gb_eoh_2122r3,HP_Peak,anchor_only_Linear,size,-,direct,none,p0.2|n40,wape,4.9715971020410645,10,45,arm7_x05,physics
iter05b_arm7,0,gb_eoh_2122r3,HP_Peak,anchor_only_Linear,size,-,direct,none,p0.2|n40,rmse,2.166976281271755,10,45,arm7_x05,physics
iter05b_arm7,0,gb_eoh_2122r3,HP_Peak,anchor_only_Linear,size,-,direct,none,p0.2|n40,mae,1.4257537065896166,10,45,arm7_x05,physics
iter05b_arm7,0,gb_eoh_2122r3,HP_Peak,anchor_only_Linear,size,-,direct,none,p0.2|n40,mape,4.660780831012152,10,45,arm7_x05,physics
iter05b_arm7,0,gb_eoh_2122r3,HP_Peak,anchor_only_Linear,size,-,direct,none,p0.2|n40,r2,-0.49403840703988355,10,45,arm7_x05,physics
iter05b_arm7,0,gb_eoh_2122r3,HP_Peak,anchor_only_Linear,size,-,direct,none,p0.2|n40,n_pred_nan,0.0,10,45,arm7_x05,physics
iter05b_arm7,0,gb_eoh_2122r3,HP_Peak,anchor_only_Linear,size,-,direct,none,p0.2|n40,mape_n_excluded,0.0,10,45,arm7_x05,physics
iter05b_arm7,0,gb_eoh_2122r3,HP_Peak,anchor_only_Linear,size,-,direct,none,p0.2|n80,wape,17.879934343896515,10,53,arm7_x05,physics
iter05b_arm7,0,gb_eoh_2122r3,HP_Peak,anchor_only_Linear,size,-,direct,none,p0.2|n80,rmse,10.939759311061557,10,53,arm7_x05,physics
iter05b_arm7,0,gb_eoh_2122r3,HP_Peak,anchor_only_Linear,size,-,direct,none,p0.2|n80,mae,10.081259255951919,10,53,arm7_x05,physics
iter05b_arm7,0,gb_eoh_2122r3,HP_Peak,anchor_only_Linear,size,-,direct,none,p0.2|n80,mape,17.415464000289386,10,53,arm7_x05,physics
iter05b_arm7,0,gb_eoh_2122r3,HP_Peak,anchor_only_Linear,size,-,direct,none,p0.2|n80,r2,-5.631647765077959,10,53,arm7_x05,physics
iter05b_arm7,0,gb_eoh_2122r3,HP_Peak,anchor_only_Linear,size,-,direct,none,p0.2|n80,n_pred_nan,0.0,10,53,arm7_x05,physics
iter05b_arm7,0,gb_eoh_2122r3,HP_Peak,anchor_only_Linear,size,-,direct,none,p0.2|n80,mape_n_excluded,0.0,10,53,arm7_x05,physics
iter05b_arm7,0,gb_eoh_2122r3,HP_Peak,anchor_only_Linear,size,-,direct,none,p0.3|n10,wape,31.0845332317625,25,41,arm7_x05,physics
iter05b_arm7,0,gb_eoh_2122r3,HP_Peak,anchor_only_Linear,size,-,direct,none,p0.3|n10,rmse,3.6619777998667367,25,41,arm7_x05,physics
iter05b_arm7,0,gb_eoh_2122r3,HP_Peak,anchor_only_Linear,size,-,direct,none,p0.3|n10,mae,3.208281060269574,25,41,arm7_x05,physics
iter05b_arm7,0,gb_eoh_2122r3,HP_Peak,anchor_only_Linear,size,-,direct,none,p0.3|n10,mape,35.90220685473304,25,41,arm7_x05,physics
iter05b_arm7,0,gb_eoh_2122r3,HP_Peak,anchor_only_Linear,size,-,direct,none,p0.3|n10,r2,-1.8784827881745088,25,41,arm7_x05,physics
iter05b_arm7,0,gb_eoh_2122r3,HP_Peak,anchor_only_Linear,size,-,direct,none,p0.3|n10,n_pred_nan,0.0,25,41,arm7_x05,physics
iter05b_arm7,0,gb_eoh_2122r3,HP_Peak,anchor_only_Linear,size,-,direct,none,p0.3|n10,mape_n_excluded,0.0,25,41,arm7_x05,physics
iter05b_arm7,0,gb_eoh_2122r3,HP_Peak,anchor_only_Linear,size,-,direct,none,p0.3|n20,wape,13.248649264491744,15,51,arm7_x05,physics
iter05b_arm7,0,gb_eoh_2122r3,HP_Peak,anchor_only_Linear,size,-,direct,none,p0.3|n20,rmse,3.154655155762293,15,51,arm7_x05,physics
iter05b_arm7,0,gb_eoh_2122r3,HP_Peak,anchor_only_Linear,size,-,direct,none,p0.3|n20,mae,2.63955977942068,15,51,arm7_x05,physics
iter05b_arm7,0,gb_eoh_2122r3,HP_Peak,anchor_only_Linear,size,-,direct,none,p0.3|n20,mape,12.4534318911641,15,51,arm7_x05,physics
iter05b_arm7,0,gb_eoh_2122r3,HP_Peak,anchor_only_Linear,size,-,direct,none,p0.3|n20,r2,-0.5945683162692508,15,51,arm7_x05,physics
iter05b_arm7,0,gb_eoh_2122r3,HP_Peak,anchor_only_Linear,size,-,direct,none,p0.3|n20,n_pred_nan,0.0,15,51,arm7_x05,physics
iter05b_arm7,0,gb_eoh_2122r3,HP_Peak,anchor_only_Linear,size,-,direct,none,p0.3|n20,mape_n_excluded,0.0,15,51,arm7_x05,physics
iter05b_arm7,0,gb_eoh_2122r3,HP_Peak,anchor_only_Linear,size,-,direct,none,p0.3|n40,wape,34.36125391089997,10,53,arm7_x05,physics
iter05b_arm7,0,gb_eoh_2122r3,HP_Peak,anchor_only_Linear,size,-,direct,none,p0.3|n40,rmse,14.810305890724345,10,53,arm7_x05,physics
iter05b_arm7,0,gb_eoh_2122r3,HP_Peak,anchor_only_Linear,size,-,direct,none,p0.3|n40,mae,14.36032580554939,10,53,arm7_x05,physics
iter05b_arm7,0,gb_eoh_2122r3,HP_Peak,anchor_only_Linear,size,-,direct,none,p0.3|n40,mape,33.89242237452321,10,53,arm7_x05,physics
iter05b_arm7,0,gb_eoh_2122r3,HP_Peak,anchor_only_Linear,size,-,direct,none,p0.3|n40,r2,-15.71048017266375,10,53,arm7_x05,physics
iter05b_arm7,0,gb_eoh_2122r3,HP_Peak,anchor_only_Linear,size,-,direct,none,p0.3|n40,n_pred_nan,0.0,10,53,arm7_x05,physics
iter05b_arm7,0,gb_eoh_2122r3,HP_Peak,anchor_only_Linear,size,-,direct,none,p0.3|n40,mape_n_excluded,0.0,10,53,arm7_x05,physics
iter05b_arm7,0,gb_eoh_2122r3,HP_Peak,anchor_only_Linear,size,-,direct,none,p0.5|n10,wape,19.584967871405805,15,41,arm7_x05,physics
iter05b_arm7,0,gb_eoh_2122r3,HP_Peak,anchor_only_Linear,size,-,direct,none,p0.5|n10,rmse,4.286852008920442,15,41,arm7_x05,physics
iter05b_arm7,0,gb_eoh_2122r3,HP_Peak,anchor_only_Linear,size,-,direct,none,p0.5|n10,mae,3.2341833426178357,15,41,arm7_x05,physics
iter05b_arm7,0,gb_eoh_2122r3,HP_Peak,anchor_only_Linear,size,-,direct,none,p0.5|n10,mape,17.472239176481942,15,41,arm7_x05,physics
iter05b_arm7,0,gb_eoh_2122r3,HP_Peak,anchor_only_Linear,size,-,direct,none,p0.5|n10,r2,-1.3211737797555072,15,41,arm7_x05,physics
iter05b_arm7,0,gb_eoh_2122r3,HP_Peak,anchor_only_Linear,size,-,direct,none,p0.5|n10,n_pred_nan,0.0,15,41,arm7_x05,physics
iter05b_arm7,0,gb_eoh_2122r3,HP_Peak,anchor_only_Linear,size,-,direct,none,p0.5|n10,mape_n_excluded,0.0,15,41,arm7_x05,physics
iter05b_arm7,0,gb_eoh_2122r3,HP_Peak,anchor_only_Linear,size,-,direct,none,p0.5|n20,wape,50.27165831078357,10,49,arm7_x05,physics
iter05b_arm7,0,gb_eoh_2122r3,HP_Peak,anchor_only_Linear,size,-,direct,none,p0.5|n20,rmse,18.6251607578637,10,49,arm7_x05,physics
iter05b_arm7,0,gb_eoh_2122r3,HP_Peak,anchor_only_Linear,size,-,direct,none,p0.5|n20,mae,18.193533260915324,10,49,arm7_x05,physics
iter05b_arm7,0,gb_eoh_2122r3,HP_Peak,anchor_only_Linear,size,-,direct,none,p0.5|n20,mape,49.71165022035562,10,49,arm7_x05,physics
iter05b_arm7,0,gb_eoh_2122r3,HP_Peak,anchor_only_Linear,size,-,direct,none,p0.5|n20,r2,-20.828433817988678,10,49,arm7_x05,physics
iter05b_arm7,0,gb_eoh_2122r3,HP_Peak,anchor_only_Linear,size,-,direct,none,p0.5|n20,n_pred_nan,0.0,10,49,arm7_x05,physics
iter05b_arm7,0,gb_eoh_2122r3,HP_Peak,anchor_only_Linear,size,-,direct,none,p0.5|n20,mape_n_excluded,0.0,10,49,arm7_x05,physics
iter05b_arm7,0,gb_eoh_2122r3,HP_Peak,anchor_only_Linear,size,-,direct,none,p0.5|n40,wape,63.11210943441278,5,30,arm7_x05,physics
iter05b_arm7,0,gb_eoh_2122r3,HP_Peak,anchor_only_Linear,size,-,direct,none,p0.5|n40,rmse,46.95544846841595,5,30,arm7_x05,physics
iter05b_arm7,0,gb_eoh_2122r3,HP_Peak,anchor_only_Linear,size,-,direct,none,p0.5|n40,mae,46.93366194549066,5,30,arm7_x05,physics
iter05b_arm7,0,gb_eoh_2122r3,HP_Peak,anchor_only_Linear,size,-,direct,none,p0.5|n40,mape,63.09859685154136,5,30,arm7_x05,physics
iter05b_arm7,0,gb_eoh_2122r3,HP_Peak,anchor_only_Linear,size,-,direct,none,p0.5|n40,r2,-1076.876089237714,5,30,arm7_x05,physics
iter05b_arm7,0,gb_eoh_2122r3,HP_Peak,anchor_only_Linear,size,-,direct,none,p0.5|n40,n_pred_nan,0.0,5,30,arm7_x05,physics
iter05b_arm7,0,gb_eoh_2122r3,HP_Peak,anchor_only_Linear,size,-,direct,none,p0.5|n40,mape_n_excluded,0.0,5,30,arm7_x05,physics
iter05b_arm7,0,gb_eoh_2122r3,HP_Peak,anchor_only_Linear,size,-,direct,none,p0.8|n10,wape,51.936449329414316,10,44,arm7_x05,physics
iter05b_arm7,0,gb_eoh_2122r3,HP_Peak,anchor_only_Linear,size,-,direct,none,p0.8|n10,rmse,14.5753653572861,10,44,arm7_x05,physics
iter05b_arm7,0,gb_eoh_2122r3,HP_Peak,anchor_only_Linear,size,-,direct,none,p0.8|n10,mae,14.349455338162361,10,44,arm7_x05,physics
iter05b_arm7,0,gb_eoh_2122r3,HP_Peak,anchor_only_Linear,size,-,direct,none,p0.8|n10,mape,51.51958978105282,10,44,arm7_x05,physics
iter05b_arm7,0,gb_eoh_2122r3,HP_Peak,anchor_only_Linear,size,-,direct,none,p0.8|n10,r2,-31.511179961045457,10,44,arm7_x05,physics
iter05b_arm7,0,gb_eoh_2122r3,HP_Peak,anchor_only_Linear,size,-,direct,none,p0.8|n10,n_pred_nan,0.0,10,44,arm7_x05,physics
iter05b_arm7,0,gb_eoh_2122r3,HP_Peak,anchor_only_Linear,size,-,direct,none,p0.8|n10,mape_n_excluded,0.0,10,44,arm7_x05,physics
iter05b_arm7,0,gb_eoh_2122r3,HP_Peak,anchor_only_Linear,size,-,direct,none,p0.8|n20,wape,67.5728604500729,10,53,arm7_x05,physics
iter05b_arm7,0,gb_eoh_2122r3,HP_Peak,anchor_only_Linear,size,-,direct,none,p0.8|n20,rmse,37.757929503715914,10,53,arm7_x05,physics
iter05b_arm7,0,gb_eoh_2122r3,HP_Peak,anchor_only_Linear,size,-,direct,none,p0.8|n20,mae,37.50260860869663,10,53,arm7_x05,physics
iter05b_arm7,0,gb_eoh_2122r3,HP_Peak,anchor_only_Linear,size,-,direct,none,p0.8|n20,mape,67.3668028884024,10,53,arm7_x05,physics
iter05b_arm7,0,gb_eoh_2122r3,HP_Peak,anchor_only_Linear,size,-,direct,none,p0.8|n20,r2,-73.19295439101819,10,53,arm7_x05,physics
iter05b_arm7,0,gb_eoh_2122r3,HP_Peak,anchor_only_Linear,size,-,direct,none,p0.8|n20,n_pred_nan,0.0,10,53,arm7_x05,physics
iter05b_arm7,0,gb_eoh_2122r3,HP_Peak,anchor_only_Linear,size,-,direct,none,p0.8|n20,mape_n_excluded,0.0,10,53,arm7_x05,physics
iter05b_arm7,0,gb_eoh_2122r3,HP_Peak,anchor_only_Linear,size,-,direct,none,p1.0|n10,wape,62.202613888703276,10,52,arm7_x05,physics
iter05b_arm7,0,gb_eoh_2122r3,HP_Peak,anchor_only_Linear,size,-,direct,none,p1.0|n10,rmse,21.989816165959176,10,52,arm7_x05,physics
iter05b_arm7,0,gb_eoh_2122r3,HP_Peak,anchor_only_Linear,size,-,direct,none,p1.0|n10,mae,21.85374545711897,10,52,arm7_x05,physics
iter05b_arm7,0,gb_eoh_2122r3,HP_Peak,anchor_only_Linear,size,-,direct,none,p1.0|n10,mape,62.02422666939975,10,52,arm7_x05,physics
iter05b_arm7,0,gb_eoh_2122r3,HP_Peak,anchor_only_Linear,size,-,direct,none,p1.0|n10,r2,-80.05367738417196,10,52,arm7_x05,physics
iter05b_arm7,0,gb_eoh_2122r3,HP_Peak,anchor_only_Linear,size,-,direct,none,p1.0|n10,n_pred_nan,0.0,10,52,arm7_x05,physics
iter05b_arm7,0,gb_eoh_2122r3,HP_Peak,anchor_only_Linear,size,-,direct,none,p1.0|n10,mape_n_excluded,0.0,10,52,arm7_x05,physics
iter05b_arm7,0,gb_eoh_2122r3,HP_Peak,anchor_only_Linear,size,-,direct,none,p1.0|n20,wape,75.4617732155277,5,30,arm7_x05,physics
iter05b_arm7,0,gb_eoh_2122r3,HP_Peak,anchor_only_Linear,size,-,direct,none,p1.0|n20,rmse,55.41939938805993,5,30,arm7_x05,physics
iter05b_arm7,0,gb_eoh_2122r3,HP_Peak,anchor_only_Linear,size,-,direct,none,p1.0|n20,mae,55.34541453137181,5,30,arm7_x05,physics
iter05b_arm7,0,gb_eoh_2122r3,HP_Peak,anchor_only_Linear,size,-,direct,none,p1.0|n20,mape,75.42327606029731,5,30,arm7_x05,physics
iter05b_arm7,0,gb_eoh_2122r3,HP_Peak,anchor_only_Linear,size,-,direct,none,p1.0|n20,r2,-373.78221225119233,5,30,arm7_x05,physics
iter05b_arm7,0,gb_eoh_2122r3,HP_Peak,anchor_only_Linear,size,-,direct,none,p1.0|n20,n_pred_nan,0.0,5,30,arm7_x05,physics
iter05b_arm7,0,gb_eoh_2122r3,HP_Peak,anchor_only_Linear,size,-,direct,none,p1.0|n20,mape_n_excluded,0.0,5,30,arm7_x05,physics
iter05b_arm7,0,gb_eoh_2122r3,HP_Peak,anchor_only_Linear,peak,-,direct,none,all,wape,67.48936090811345,455,81,arm7_x05,physics
iter05b_arm7,0,gb_eoh_2122r3,HP_Peak,anchor_only_Linear,peak,-,direct,none,all,rmse,16.475257771117,455,81,arm7_x05,physics
iter05b_arm7,0,gb_eoh_2122r3,HP_Peak,anchor_only_Linear,peak,-,direct,none,all,mae,10.693056154568422,455,81,arm7_x05,physics
iter05b_arm7,0,gb_eoh_2122r3,HP_Peak,anchor_only_Linear,peak,-,direct,none,all,mape,91.16462829393741,455,81,arm7_x05,physics
iter05b_arm7,0,gb_eoh_2122r3,HP_Peak,anchor_only_Linear,peak,-,direct,none,all,r2,0.00686609514051939,455,81,arm7_x05,physics
iter05b_arm7,0,gb_eoh_2122r3,HP_Peak,anchor_only_Linear,peak,-,direct,none,all,n_pred_nan,0.0,455,81,arm7_x05,physics
iter05b_arm7,0,gb_eoh_2122r3,HP_Peak,anchor_only_Linear,peak,-,direct,none,all,mape_n_excluded,0.0,455,81,arm7_x05,physics
iter05b_arm7,0,gb_eoh_2122r3,HP_Peak,anchor_only_Linear,peak,-,direct,none,all,wape_train,56.34406178184468,455,81,arm7_x05,physics
iter05b_arm7,0,gb_eoh_2122r3,HP_Peak,anchor_only_Linear,peak,-,direct,none,all,wape_inner,51.082297404221165,455,81,arm7_x05,physics
iter05b_arm7,0,gb_eoh_2122r3,HP_Peak,anchor_only_Linear,peak,-,direct,none,all,n_train_sub,2080.0,455,81,arm7_x05,physics
iter05b_arm7,0,gb_eoh_2122r3,HP_Peak,anchor_only_Linear,peak,-,direct,none,all,n_inner_sub,1340.0,455,81,arm7_x05,physics
iter05b_arm7,0,gb_eoh_2122r3,HP_Peak,anchor_only_Linear,peak,-,direct,none,all,n_test_sub,455.0,455,81,arm7_x05,physics
iter05b_arm7,0,gb_eoh_2122r3,HP_Peak,anchor_only_Linear,peak,-,direct,none,all,n_overlap_sub,0.0,455,81,arm7_x05,physics
iter05b_arm7,0,gb_eoh_2122r3,HP_Peak,anchor_only_Linear,peak,-,direct,none,pbin<=15,wape,133.28913958634087,265,81,arm7_x05,physics
iter05b_arm7,0,gb_eoh_2122r3,HP_Peak,anchor_only_Linear,peak,-,direct,none,pbin<=15,rmse,18.94129485161491,265,81,arm7_x05,physics
iter05b_arm7,0,gb_eoh_2122r3,HP_Peak,anchor_only_Linear,peak,-,direct,none,pbin<=15,mae,11.996460146055153,265,81,arm7_x05,physics
iter05b_arm7,0,gb_eoh_2122r3,HP_Peak,anchor_only_Linear,peak,-,direct,none,pbin<=15,mape,129.13691462076227,265,81,arm7_x05,physics
iter05b_arm7,0,gb_eoh_2122r3,HP_Peak,anchor_only_Linear,peak,-,direct,none,pbin<=15,r2,-3.1725744139081398,265,81,arm7_x05,physics
iter05b_arm7,0,gb_eoh_2122r3,HP_Peak,anchor_only_Linear,peak,-,direct,none,pbin<=15,n_pred_nan,0.0,265,81,arm7_x05,physics
iter05b_arm7,0,gb_eoh_2122r3,HP_Peak,anchor_only_Linear,peak,-,direct,none,pbin<=15,mape_n_excluded,0.0,265,81,arm7_x05,physics
iter05b_arm7,0,gb_eoh_2122r3,HP_Peak,anchor_only_Linear,peak,-,direct,none,pbin15-35,wape,23.399319281746823,125,81,arm7_x05,physics
iter05b_arm7,0,gb_eoh_2122r3,HP_Peak,anchor_only_Linear,peak,-,direct,none,pbin15-35,rmse,5.27107773041092,125,81,arm7_x05,physics
iter05b_arm7,0,gb_eoh_2122r3,HP_Peak,anchor_only_Linear,peak,-,direct,none,pbin15-35,mae,4.292741811282224,125,81,arm7_x05,physics
iter05b_arm7,0,gb_eoh_2122r3,HP_Peak,anchor_only_Linear,peak,-,direct,none,pbin15-35,mape,33.70955678383895,125,81,arm7_x05,physics
iter05b_arm7,0,gb_eoh_2122r3,HP_Peak,anchor_only_Linear,peak,-,direct,none,pbin15-35,r2,0.880631993905271,125,81,arm7_x05,physics
iter05b_arm7,0,gb_eoh_2122r3,HP_Peak,anchor_only_Linear,peak,-,direct,none,pbin15-35,n_pred_nan,0.0,125,81,arm7_x05,physics
iter05b_arm7,0,gb_eoh_2122r3,HP_Peak,anchor_only_Linear,peak,-,direct,none,pbin15-35,mape_n_excluded,0.0,125,81,arm7_x05,physics
iter05b_arm7,0,gb_eoh_2122r3,HP_Peak,anchor_only_Linear,peak,-,direct,none,pbin35-65,wape,40.409575251473946,30,63,arm7_x05,physics
iter05b_arm7,0,gb_eoh_2122r3,HP_Peak,anchor_only_Linear,peak,-,direct,none,pbin35-65,rmse,14.865239384657272,30,63,arm7_x05,physics
iter05b_arm7,0,gb_eoh_2122r3,HP_Peak,anchor_only_Linear,peak,-,direct,none,pbin35-65,mae,13.21980521725694,30,63,arm7_x05,physics
iter05b_arm7,0,gb_eoh_2122r3,HP_Peak,anchor_only_Linear,peak,-,direct,none,pbin35-65,mape,44.32595340445255,30,63,arm7_x05,physics
iter05b_arm7,0,gb_eoh_2122r3,HP_Peak,anchor_only_Linear,peak,-,direct,none,pbin35-65,r2,0.490832776056092,30,63,arm7_x05,physics
iter05b_arm7,0,gb_eoh_2122r3,HP_Peak,anchor_only_Linear,peak,-,direct,none,pbin35-65,n_pred_nan,0.0,30,63,arm7_x05,physics
iter05b_arm7,0,gb_eoh_2122r3,HP_Peak,anchor_only_Linear,peak,-,direct,none,pbin35-65,mape_n_excluded,0.0,30,63,arm7_x05,physics
iter05b_arm7,0,gb_eoh_2122r3,HP_Peak,anchor_only_Linear,peak,-,direct,none,pbin>65,wape,48.607665836765314,35,55,arm7_x05,physics
iter05b_arm7,0,gb_eoh_2122r3,HP_Peak,anchor_only_Linear,peak,-,direct,none,pbin>65,rmse,22.88198214227078,35,55,arm7_x05,physics
iter05b_arm7,0,gb_eoh_2122r3,HP_Peak,anchor_only_Linear,peak,-,direct,none,pbin>65,mae,21.516906534172303,35,55,arm7_x05,physics
iter05b_arm7,0,gb_eoh_2122r3,HP_Peak,anchor_only_Linear,peak,-,direct,none,pbin>65,mape,49.00429426074521,35,55,arm7_x05,physics
iter05b_arm7,0,gb_eoh_2122r3,HP_Peak,anchor_only_Linear,peak,-,direct,none,pbin>65,r2,-0.939360075618068,35,55,arm7_x05,physics
iter05b_arm7,0,gb_eoh_2122r3,HP_Peak,anchor_only_Linear,peak,-,direct,none,pbin>65,n_pred_nan,0.0,35,55,arm7_x05,physics
iter05b_arm7,0,gb_eoh_2122r3,HP_Peak,anchor_only_Linear,peak,-,direct,none,pbin>65,mape_n_excluded,0.0,35,55,arm7_x05,physics
iter05b_arm7,0,gb_eoh_2122r3,HP_Peak,anchor_only_Linear,peak,-,direct,none,p0.05|n10,wape,50.774193042889536,40,25,arm7_x05,physics
iter05b_arm7,0,gb_eoh_2122r3,HP_Peak,anchor_only_Linear,peak,-,direct,none,p0.05|n10,rmse,2.1941439918716528,40,25,arm7_x05,physics
iter05b_arm7,0,gb_eoh_2122r3,HP_Peak,anchor_only_Linear,peak,-,direct,none,p0.05|n10,mae,1.75497362478443,40,25,arm7_x05,physics
iter05b_arm7,0,gb_eoh_2122r3,HP_Peak,anchor_only_Linear,peak,-,direct,none,p0.05|n10,mape,50.25730369863244,40,25,arm7_x05,physics
iter05b_arm7,0,gb_eoh_2122r3,HP_Peak,anchor_only_Linear,peak,-,direct,none,p0.05|n10,r2,-2.9602990509385543,40,25,arm7_x05,physics
iter05b_arm7,0,gb_eoh_2122r3,HP_Peak,anchor_only_Linear,peak,-,direct,none,p0.05|n10,n_pred_nan,0.0,40,25,arm7_x05,physics
iter05b_arm7,0,gb_eoh_2122r3,HP_Peak,anchor_only_Linear,peak,-,direct,none,p0.05|n10,mape_n_excluded,0.0,40,25,arm7_x05,physics
iter05b_arm7,0,gb_eoh_2122r3,HP_Peak,anchor_only_Linear,peak,-,direct,none,p0.05|n20,wape,137.7092336221752,40,29,arm7_x05,physics
iter05b_arm7,0,gb_eoh_2122r3,HP_Peak,anchor_only_Linear,peak,-,direct,none,p0.05|n20,rmse,5.797311690213151,40,29,arm7_x05,physics
iter05b_arm7,0,gb_eoh_2122r3,HP_Peak,anchor_only_Linear,peak,-,direct,none,p0.05|n20,mae,4.963979213840566,40,29,arm7_x05,physics
iter05b_arm7,0,gb_eoh_2122r3,HP_Peak,anchor_only_Linear,peak,-,direct,none,p0.05|n20,mape,161.2294688256764,40,29,arm7_x05,physics
iter05b_arm7,0,gb_eoh_2122r3,HP_Peak,anchor_only_Linear,peak,-,direct,none,p0.05|n20,r2,-30.868835441640915,40,29,arm7_x05,physics
iter05b_arm7,0,gb_eoh_2122r3,HP_Peak,anchor_only_Linear,peak,-,direct,none,p0.05|n20,n_pred_nan,0.0,40,29,arm7_x05,physics
iter05b_arm7,0,gb_eoh_2122r3,HP_Peak,anchor_only_Linear,peak,-,direct,none,p0.05|n20,mape_n_excluded,0.0,40,29,arm7_x05,physics
iter05b_arm7,0,gb_eoh_2122r3,HP_Peak,anchor_only_Linear,peak,-,direct,none,p0.05|n40,wape,249.0799213206428,40,40,arm7_x05,physics
iter05b_arm7,0,gb_eoh_2122r3,HP_Peak,anchor_only_Linear,peak,-,direct,none,p0.05|n40,rmse,16.34684565577319,40,40,arm7_x05,physics
iter05b_arm7,0,gb_eoh_2122r3,HP_Peak,anchor_only_Linear,peak,-,direct,none,p0.05|n40,mae,16.060678838896973,40,40,arm7_x05,physics
iter05b_arm7,0,gb_eoh_2122r3,HP_Peak,anchor_only_Linear,peak,-,direct,none,p0.05|n40,mape,270.82414056455593,40,40,arm7_x05,physics
iter05b_arm7,0,gb_eoh_2122r3,HP_Peak,anchor_only_Linear,peak,-,direct,none,p0.05|n40,r2,-104.04062720212107,40,40,arm7_x05,physics
iter05b_arm7,0,gb_eoh_2122r3,HP_Peak,anchor_only_Linear,peak,-,direct,none,p0.05|n40,n_pred_nan,0.0,40,40,arm7_x05,physics
iter05b_arm7,0,gb_eoh_2122r3,HP_Peak,anchor_only_Linear,peak,-,direct,none,p0.05|n40,mape_n_excluded,0.0,40,40,arm7_x05,physics
iter05b_arm7,0,gb_eoh_2122r3,HP_Peak,anchor_only_Linear,peak,-,direct,none,p0.05|n80,wape,244.3047441277003,15,39,arm7_x05,physics
iter05b_arm7,0,gb_eoh_2122r3,HP_Peak,anchor_only_Linear,peak,-,direct,none,p0.05|n80,rmse,32.70245525510895,15,39,arm7_x05,physics
iter05b_arm7,0,gb_eoh_2122r3,HP_Peak,anchor_only_Linear,peak,-,direct,none,p0.05|n80,mae,32.519009433228085,15,39,arm7_x05,physics
iter05b_arm7,0,gb_eoh_2122r3,HP_Peak,anchor_only_Linear,peak,-,direct,none,p0.05|n80,mape,250.4608811830852,15,39,arm7_x05,physics
iter05b_arm7,0,gb_eoh_2122r3,HP_Peak,anchor_only_Linear,peak,-,direct,none,p0.05|n80,r2,-377.19010645615447,15,39,arm7_x05,physics
iter05b_arm7,0,gb_eoh_2122r3,HP_Peak,anchor_only_Linear,peak,-,direct,none,p0.05|n80,n_pred_nan,0.0,15,39,arm7_x05,physics
iter05b_arm7,0,gb_eoh_2122r3,HP_Peak,anchor_only_Linear,peak,-,direct,none,p0.05|n80,mape_n_excluded,0.0,15,39,arm7_x05,physics
iter05b_arm7,0,gb_eoh_2122r3,HP_Peak,anchor_only_Linear,peak,-,direct,none,p0.05|n120,wape,262.9731058979518,15,53,arm7_x05,physics
iter05b_arm7,0,gb_eoh_2122r3,HP_Peak,anchor_only_Linear,peak,-,direct,none,p0.05|n120,rmse,52.834089114050094,15,53,arm7_x05,physics
iter05b_arm7,0,gb_eoh_2122r3,HP_Peak,anchor_only_Linear,peak,-,direct,none,p0.05|n120,mae,52.61324700765522,15,53,arm7_x05,physics
iter05b_arm7,0,gb_eoh_2122r3,HP_Peak,anchor_only_Linear,peak,-,direct,none,p0.05|n120,mape,269.7066555393303,15,53,arm7_x05,physics
iter05b_arm7,0,gb_eoh_2122r3,HP_Peak,anchor_only_Linear,peak,-,direct,none,p0.05|n120,r2,-330.85355478524315,15,53,arm7_x05,physics
iter05b_arm7,0,gb_eoh_2122r3,HP_Peak,anchor_only_Linear,peak,-,direct,none,p0.05|n120,n_pred_nan,0.0,15,53,arm7_x05,physics
iter05b_arm7,0,gb_eoh_2122r3,HP_Peak,anchor_only_Linear,peak,-,direct,none,p0.05|n120,mape_n_excluded,0.0,15,53,arm7_x05,physics
iter05b_arm7,0,gb_eoh_2122r3,HP_Peak,anchor_only_Linear,peak,-,direct,none,p0.1|n10,wape,56.56079756699627,40,26,arm7_x05,physics
iter05b_arm7,0,gb_eoh_2122r3,HP_Peak,anchor_only_Linear,peak,-,direct,none,p0.1|n10,rmse,2.2678557913773347,40,26,arm7_x05,physics
iter05b_arm7,0,gb_eoh_2122r3,HP_Peak,anchor_only_Linear,peak,-,direct,none,p0.1|n10,mae,2.035249837854719,40,26,arm7_x05,physics
iter05b_arm7,0,gb_eoh_2122r3,HP_Peak,anchor_only_Linear,peak,-,direct,none,p0.1|n10,mape,56.94424260638502,40,26,arm7_x05,physics
iter05b_arm7,0,gb_eoh_2122r3,HP_Peak,anchor_only_Linear,peak,-,direct,none,p0.1|n10,r2,-6.098359889558588,40,26,arm7_x05,physics
iter05b_arm7,0,gb_eoh_2122r3,HP_Peak,anchor_only_Linear,peak,-,direct,none,p0.1|n10,n_pred_nan,0.0,40,26,arm7_x05,physics
iter05b_arm7,0,gb_eoh_2122r3,HP_Peak,anchor_only_Linear,peak,-,direct,none,p0.1|n10,mape_n_excluded,0.0,40,26,arm7_x05,physics
iter05b_arm7,0,gb_eoh_2122r3,HP_Peak,anchor_only_Linear,peak,-,direct,none,p0.1|n20,wape,44.812078307730445,40,44,arm7_x05,physics
iter05b_arm7,0,gb_eoh_2122r3,HP_Peak,anchor_only_Linear,peak,-,direct,none,p0.1|n20,rmse,3.9296837736550714,40,44,arm7_x05,physics
iter05b_arm7,0,gb_eoh_2122r3,HP_Peak,anchor_only_Linear,peak,-,direct,none,p0.1|n20,mae,3.125895221650377,40,44,arm7_x05,physics
iter05b_arm7,0,gb_eoh_2122r3,HP_Peak,anchor_only_Linear,peak,-,direct,none,p0.1|n20,mape,48.40596576718739,40,44,arm7_x05,physics
iter05b_arm7,0,gb_eoh_2122r3,HP_Peak,anchor_only_Linear,peak,-,direct,none,p0.1|n20,r2,-6.012751232263107,40,44,arm7_x05,physics
iter05b_arm7,0,gb_eoh_2122r3,HP_Peak,anchor_only_Linear,peak,-,direct,none,p0.1|n20,n_pred_nan,0.0,40,44,arm7_x05,physics
iter05b_arm7,0,gb_eoh_2122r3,HP_Peak,anchor_only_Linear,peak,-,direct,none,p0.1|n20,mape_n_excluded,0.0,40,44,arm7_x05,physics
iter05b_arm7,0,gb_eoh_2122r3,HP_Peak,anchor_only_Linear,peak,-,direct,none,p0.1|n40,wape,70.87718577378062,15,39,arm7_x05,physics
iter05b_arm7,0,gb_eoh_2122r3,HP_Peak,anchor_only_Linear,peak,-,direct,none,p0.1|n40,rmse,10.25545557655467,15,39,arm7_x05,physics
iter05b_arm7,0,gb_eoh_2122r3,HP_Peak,anchor_only_Linear,peak,-,direct,none,p0.1|n40,mae,9.536077604986236,15,39,arm7_x05,physics
iter05b_arm7,0,gb_eoh_2122r3,HP_Peak,anchor_only_Linear,peak,-,direct,none,p0.1|n40,mape,74.57510322017458,15,39,arm7_x05,physics
iter05b_arm7,0,gb_eoh_2122r3,HP_Peak,anchor_only_Linear,peak,-,direct,none,p0.1|n40,r2,-19.473236016535708,15,39,arm7_x05,physics
iter05b_arm7,0,gb_eoh_2122r3,HP_Peak,anchor_only_Linear,peak,-,direct,none,p0.1|n40,n_pred_nan,0.0,15,39,arm7_x05,physics
iter05b_arm7,0,gb_eoh_2122r3,HP_Peak,anchor_only_Linear,peak,-,direct,none,p0.1|n40,mape_n_excluded,0.0,15,39,arm7_x05,physics
iter05b_arm7,0,gb_eoh_2122r3,HP_Peak,anchor_only_Linear,peak,-,direct,none,p0.1|n80,wape,83.73104505951218,10,46,arm7_x05,physics
iter05b_arm7,0,gb_eoh_2122r3,HP_Peak,anchor_only_Linear,peak,-,direct,none,p0.1|n80,rmse,24.614188224286774,10,46,arm7_x05,physics
iter05b_arm7,0,gb_eoh_2122r3,HP_Peak,anchor_only_Linear,peak,-,direct,none,p0.1|n80,mae,24.055256455005303,10,46,arm7_x05,physics
iter05b_arm7,0,gb_eoh_2122r3,HP_Peak,anchor_only_Linear,peak,-,direct,none,p0.1|n80,mape,85.1742448104769,10,46,arm7_x05,physics
iter05b_arm7,0,gb_eoh_2122r3,HP_Peak,anchor_only_Linear,peak,-,direct,none,p0.1|n80,r2,-131.2411061723481,10,46,arm7_x05,physics
iter05b_arm7,0,gb_eoh_2122r3,HP_Peak,anchor_only_Linear,peak,-,direct,none,p0.1|n80,n_pred_nan,0.0,10,46,arm7_x05,physics
iter05b_arm7,0,gb_eoh_2122r3,HP_Peak,anchor_only_Linear,peak,-,direct,none,p0.1|n80,mape_n_excluded,0.0,10,46,arm7_x05,physics
iter05b_arm7,0,gb_eoh_2122r3,HP_Peak,anchor_only_Linear,peak,-,direct,none,p0.1|n120,wape,92.59933265782774,10,51,arm7_x05,physics
iter05b_arm7,0,gb_eoh_2122r3,HP_Peak,anchor_only_Linear,peak,-,direct,none,p0.1|n120,rmse,40.59071256255796,10,51,arm7_x05,physics
iter05b_arm7,0,gb_eoh_2122r3,HP_Peak,anchor_only_Linear,peak,-,direct,none,p0.1|n120,mae,40.085329398543685,10,51,arm7_x05,physics
iter05b_arm7,0,gb_eoh_2122r3,HP_Peak,anchor_only_Linear,peak,-,direct,none,p0.1|n120,mape,94.19554687608937,10,51,arm7_x05,physics
iter05b_arm7,0,gb_eoh_2122r3,HP_Peak,anchor_only_Linear,peak,-,direct,none,p0.1|n120,r2,-104.70124985803261,10,51,arm7_x05,physics
iter05b_arm7,0,gb_eoh_2122r3,HP_Peak,anchor_only_Linear,peak,-,direct,none,p0.1|n120,n_pred_nan,0.0,10,51,arm7_x05,physics
iter05b_arm7,0,gb_eoh_2122r3,HP_Peak,anchor_only_Linear,peak,-,direct,none,p0.1|n120,mape_n_excluded,0.0,10,51,arm7_x05,physics
iter05b_arm7,0,gb_eoh_2122r3,HP_Peak,anchor_only_Linear,peak,-,direct,none,p0.2|n10,wape,48.32054594632569,40,40,arm7_x05,physics
iter05b_arm7,0,gb_eoh_2122r3,HP_Peak,anchor_only_Linear,peak,-,direct,none,p0.2|n10,rmse,3.6807575306825284,40,40,arm7_x05,physics
iter05b_arm7,0,gb_eoh_2122r3,HP_Peak,anchor_only_Linear,peak,-,direct,none,p0.2|n10,mae,3.3047395173907135,40,40,arm7_x05,physics
iter05b_arm7,0,gb_eoh_2122r3,HP_Peak,anchor_only_Linear,peak,-,direct,none,p0.2|n10,mape,48.424485304526485,40,40,arm7_x05,physics
iter05b_arm7,0,gb_eoh_2122r3,HP_Peak,anchor_only_Linear,peak,-,direct,none,p0.2|n10,r2,-5.911412623616083,40,40,arm7_x05,physics
iter05b_arm7,0,gb_eoh_2122r3,HP_Peak,anchor_only_Linear,peak,-,direct,none,p0.2|n10,n_pred_nan,0.0,40,40,arm7_x05,physics
iter05b_arm7,0,gb_eoh_2122r3,HP_Peak,anchor_only_Linear,peak,-,direct,none,p0.2|n10,mape_n_excluded,0.0,40,40,arm7_x05,physics
iter05b_arm7,0,gb_eoh_2122r3,HP_Peak,anchor_only_Linear,peak,-,direct,none,p0.2|n20,wape,23.22513173864861,15,40,arm7_x05,physics
iter05b_arm7,0,gb_eoh_2122r3,HP_Peak,anchor_only_Linear,peak,-,direct,none,p0.2|n20,rmse,3.5192814248884243,15,40,arm7_x05,physics
iter05b_arm7,0,gb_eoh_2122r3,HP_Peak,anchor_only_Linear,peak,-,direct,none,p0.2|n20,mae,3.007188755633885,15,40,arm7_x05,physics
iter05b_arm7,0,gb_eoh_2122r3,HP_Peak,anchor_only_Linear,peak,-,direct,none,p0.2|n20,mape,22.913991572381974,15,40,arm7_x05,physics
iter05b_arm7,0,gb_eoh_2122r3,HP_Peak,anchor_only_Linear,peak,-,direct,none,p0.2|n20,r2,-2.71783666717542,15,40,arm7_x05,physics
iter05b_arm7,0,gb_eoh_2122r3,HP_Peak,anchor_only_Linear,peak,-,direct,none,p0.2|n20,n_pred_nan,0.0,15,40,arm7_x05,physics
iter05b_arm7,0,gb_eoh_2122r3,HP_Peak,anchor_only_Linear,peak,-,direct,none,p0.2|n20,mape_n_excluded,0.0,15,40,arm7_x05,physics
iter05b_arm7,0,gb_eoh_2122r3,HP_Peak,anchor_only_Linear,peak,-,direct,none,p0.2|n40,wape,6.470245304241426,10,45,arm7_x05,physics
iter05b_arm7,0,gb_eoh_2122r3,HP_Peak,anchor_only_Linear,peak,-,direct,none,p0.2|n40,rmse,2.9318589062420752,10,45,arm7_x05,physics
iter05b_arm7,0,gb_eoh_2122r3,HP_Peak,anchor_only_Linear,peak,-,direct,none,p0.2|n40,mae,1.8555357636038141,10,45,arm7_x05,physics
iter05b_arm7,0,gb_eoh_2122r3,HP_Peak,anchor_only_Linear,peak,-,direct,none,p0.2|n40,mape,6.633432804830977,10,45,arm7_x05,physics
iter05b_arm7,0,gb_eoh_2122r3,HP_Peak,anchor_only_Linear,peak,-,direct,none,p0.2|n40,r2,-1.734888210746102,10,45,arm7_x05,physics
iter05b_arm7,0,gb_eoh_2122r3,HP_Peak,anchor_only_Linear,peak,-,direct,none,p0.2|n40,n_pred_nan,0.0,10,45,arm7_x05,physics
iter05b_arm7,0,gb_eoh_2122r3,HP_Peak,anchor_only_Linear,peak,-,direct,none,p0.2|n40,mape_n_excluded,0.0,10,45,arm7_x05,physics
iter05b_arm7,0,gb_eoh_2122r3,HP_Peak,anchor_only_Linear,peak,-,direct,none,p0.2|n80,wape,15.868110257985096,10,53,arm7_x05,physics
iter05b_arm7,0,gb_eoh_2122r3,HP_Peak,anchor_only_Linear,peak,-,direct,none,p0.2|n80,rmse,10.127979056339255,10,53,arm7_x05,physics
iter05b_arm7,0,gb_eoh_2122r3,HP_Peak,anchor_only_Linear,peak,-,direct,none,p0.2|n80,mae,8.946930695379498,10,53,arm7_x05,physics
iter05b_arm7,0,gb_eoh_2122r3,HP_Peak,anchor_only_Linear,peak,-,direct,none,p0.2|n80,mape,16.40838555144316,10,53,arm7_x05,physics
iter05b_arm7,0,gb_eoh_2122r3,HP_Peak,anchor_only_Linear,peak,-,direct,none,p0.2|n80,r2,-4.683966452595771,10,53,arm7_x05,physics
iter05b_arm7,0,gb_eoh_2122r3,HP_Peak,anchor_only_Linear,peak,-,direct,none,p0.2|n80,n_pred_nan,0.0,10,53,arm7_x05,physics
iter05b_arm7,0,gb_eoh_2122r3,HP_Peak,anchor_only_Linear,peak,-,direct,none,p0.2|n80,mape_n_excluded,0.0,10,53,arm7_x05,physics
iter05b_arm7,0,gb_eoh_2122r3,HP_Peak,anchor_only_Linear,peak,-,direct,none,p0.3|n10,wape,51.15294436011101,25,41,arm7_x05,physics
iter05b_arm7,0,gb_eoh_2122r3,HP_Peak,anchor_only_Linear,peak,-,direct,none,p0.3|n10,rmse,5.679328420027997,25,41,arm7_x05,physics
iter05b_arm7,0,gb_eoh_2122r3,HP_Peak,anchor_only_Linear,peak,-,direct,none,p0.3|n10,mae,5.279571719606041,25,41,arm7_x05,physics
iter05b_arm7,0,gb_eoh_2122r3,HP_Peak,anchor_only_Linear,peak,-,direct,none,p0.3|n10,mape,51.51491694018516,25,41,arm7_x05,physics
iter05b_arm7,0,gb_eoh_2122r3,HP_Peak,anchor_only_Linear,peak,-,direct,none,p0.3|n10,r2,-5.923507860612679,25,41,arm7_x05,physics
iter05b_arm7,0,gb_eoh_2122r3,HP_Peak,anchor_only_Linear,peak,-,direct,none,p0.3|n10,n_pred_nan,0.0,25,41,arm7_x05,physics
iter05b_arm7,0,gb_eoh_2122r3,HP_Peak,anchor_only_Linear,peak,-,direct,none,p0.3|n10,mape_n_excluded,0.0,25,41,arm7_x05,physics
iter05b_arm7,0,gb_eoh_2122r3,HP_Peak,anchor_only_Linear,peak,-,direct,none,p0.3|n20,wape,17.29079889578311,15,51,arm7_x05,physics
iter05b_arm7,0,gb_eoh_2122r3,HP_Peak,anchor_only_Linear,peak,-,direct,none,p0.3|n20,rmse,3.7273323511252383,15,51,arm7_x05,physics
iter05b_arm7,0,gb_eoh_2122r3,HP_Peak,anchor_only_Linear,peak,-,direct,none,p0.3|n20,mae,3.4448868264391703,15,51,arm7_x05,physics
iter05b_arm7,0,gb_eoh_2122r3,HP_Peak,anchor_only_Linear,peak,-,direct,none,p0.3|n20,mape,17.116312193107735,15,51,arm7_x05,physics
iter05b_arm7,0,gb_eoh_2122r3,HP_Peak,anchor_only_Linear,peak,-,direct,none,p0.3|n20,r2,-1.2260534272766526,15,51,arm7_x05,physics
iter05b_arm7,0,gb_eoh_2122r3,HP_Peak,anchor_only_Linear,peak,-,direct,none,p0.3|n20,n_pred_nan,0.0,15,51,arm7_x05,physics
iter05b_arm7,0,gb_eoh_2122r3,HP_Peak,anchor_only_Linear,peak,-,direct,none,p0.3|n20,mape_n_excluded,0.0,15,51,arm7_x05,physics
iter05b_arm7,0,gb_eoh_2122r3,HP_Peak,anchor_only_Linear,peak,-,direct,none,p0.3|n40,wape,16.177192323068716,10,53,arm7_x05,physics
iter05b_arm7,0,gb_eoh_2122r3,HP_Peak,anchor_only_Linear,peak,-,direct,none,p0.3|n40,rmse,7.866711163418523,10,53,arm7_x05,physics
iter05b_arm7,0,gb_eoh_2122r3,HP_Peak,anchor_only_Linear,peak,-,direct,none,p0.3|n40,mae,6.760805440356956,10,53,arm7_x05,physics
iter05b_arm7,0,gb_eoh_2122r3,HP_Peak,anchor_only_Linear,peak,-,direct,none,p0.3|n40,mape,15.796952224909361,10,53,arm7_x05,physics
iter05b_arm7,0,gb_eoh_2122r3,HP_Peak,anchor_only_Linear,peak,-,direct,none,p0.3|n40,r2,-3.7146263811291114,10,53,arm7_x05,physics
iter05b_arm7,0,gb_eoh_2122r3,HP_Peak,anchor_only_Linear,peak,-,direct,none,p0.3|n40,n_pred_nan,0.0,10,53,arm7_x05,physics
iter05b_arm7,0,gb_eoh_2122r3,HP_Peak,anchor_only_Linear,peak,-,direct,none,p0.3|n40,mape_n_excluded,0.0,10,53,arm7_x05,physics
iter05b_arm7,0,gb_eoh_2122r3,HP_Peak,anchor_only_Linear,peak,-,direct,none,p0.5|n10,wape,51.39739354308202,15,41,arm7_x05,physics
iter05b_arm7,0,gb_eoh_2122r3,HP_Peak,anchor_only_Linear,peak,-,direct,none,p0.5|n10,rmse,8.831065366766875,15,41,arm7_x05,physics
iter05b_arm7,0,gb_eoh_2122r3,HP_Peak,anchor_only_Linear,peak,-,direct,none,p0.5|n10,mae,8.487560211610269,15,41,arm7_x05,physics
iter05b_arm7,0,gb_eoh_2122r3,HP_Peak,anchor_only_Linear,peak,-,direct,none,p0.5|n10,mape,51.61155668557108,15,41,arm7_x05,physics
iter05b_arm7,0,gb_eoh_2122r3,HP_Peak,anchor_only_Linear,peak,-,direct,none,p0.5|n10,r2,-8.850468188548632,15,41,arm7_x05,physics
iter05b_arm7,0,gb_eoh_2122r3,HP_Peak,anchor_only_Linear,peak,-,direct,none,p0.5|n10,n_pred_nan,0.0,15,41,arm7_x05,physics
iter05b_arm7,0,gb_eoh_2122r3,HP_Peak,anchor_only_Linear,peak,-,direct,none,p0.5|n10,mape_n_excluded,0.0,15,41,arm7_x05,physics
iter05b_arm7,0,gb_eoh_2122r3,HP_Peak,anchor_only_Linear,peak,-,direct,none,p0.5|n20,wape,37.82451467591326,10,49,arm7_x05,physics
iter05b_arm7,0,gb_eoh_2122r3,HP_Peak,anchor_only_Linear,peak,-,direct,none,p0.5|n20,rmse,13.887308749072862,10,49,arm7_x05,physics
iter05b_arm7,0,gb_eoh_2122r3,HP_Peak,anchor_only_Linear,peak,-,direct,none,p0.5|n20,mae,13.68885747869974,10,49,arm7_x05,physics
iter05b_arm7,0,gb_eoh_2122r3,HP_Peak,anchor_only_Linear,peak,-,direct,none,p0.5|n20,mape,37.76147357798083,10,49,arm7_x05,physics
iter05b_arm7,0,gb_eoh_2122r3,HP_Peak,anchor_only_Linear,peak,-,direct,none,p0.5|n20,r2,-11.135528613773774,10,49,arm7_x05,physics
iter05b_arm7,0,gb_eoh_2122r3,HP_Peak,anchor_only_Linear,peak,-,direct,none,p0.5|n20,n_pred_nan,0.0,10,49,arm7_x05,physics
iter05b_arm7,0,gb_eoh_2122r3,HP_Peak,anchor_only_Linear,peak,-,direct,none,p0.5|n20,mape_n_excluded,0.0,10,49,arm7_x05,physics
iter05b_arm7,0,gb_eoh_2122r3,HP_Peak,anchor_only_Linear,peak,-,direct,none,p0.5|n40,wape,35.60578618828408,5,30,arm7_x05,physics
iter05b_arm7,0,gb_eoh_2122r3,HP_Peak,anchor_only_Linear,peak,-,direct,none,p0.5|n40,rmse,26.573938674169383,5,30,arm7_x05,physics
iter05b_arm7,0,gb_eoh_2122r3,HP_Peak,anchor_only_Linear,peak,-,direct,none,p0.5|n40,mae,26.478435711311352,5,30,arm7_x05,physics
iter05b_arm7,0,gb_eoh_2122r3,HP_Peak,anchor_only_Linear,peak,-,direct,none,p0.5|n40,mape,35.59810321404044,5,30,arm7_x05,physics
iter05b_arm7,0,gb_eoh_2122r3,HP_Peak,anchor_only_Linear,peak,-,direct,none,p0.5|n40,r2,-344.230143830633,5,30,arm7_x05,physics
iter05b_arm7,0,gb_eoh_2122r3,HP_Peak,anchor_only_Linear,peak,-,direct,none,p0.5|n40,n_pred_nan,0.0,5,30,arm7_x05,physics
iter05b_arm7,0,gb_eoh_2122r3,HP_Peak,anchor_only_Linear,peak,-,direct,none,p0.5|n40,mape_n_excluded,0.0,5,30,arm7_x05,physics
iter05b_arm7,0,gb_eoh_2122r3,HP_Peak,anchor_only_Linear,peak,-,direct,none,p0.8|n10,wape,49.30116071014381,10,44,arm7_x05,physics
iter05b_arm7,0,gb_eoh_2122r3,HP_Peak,anchor_only_Linear,peak,-,direct,none,p0.8|n10,rmse,13.7793143349406,10,44,arm7_x05,physics
iter05b_arm7,0,gb_eoh_2122r3,HP_Peak,anchor_only_Linear,peak,-,direct,none,p0.8|n10,mae,13.621354806962339,10,44,arm7_x05,physics
iter05b_arm7,0,gb_eoh_2122r3,HP_Peak,anchor_only_Linear,peak,-,direct,none,p0.8|n10,mape,49.203820796980494,10,44,arm7_x05,physics
iter05b_arm7,0,gb_eoh_2122r3,HP_Peak,anchor_only_Linear,peak,-,direct,none,p0.8|n10,r2,-28.056884496994165,10,44,arm7_x05,physics
iter05b_arm7,0,gb_eoh_2122r3,HP_Peak,anchor_only_Linear,peak,-,direct,none,p0.8|n10,n_pred_nan,0.0,10,44,arm7_x05,physics
iter05b_arm7,0,gb_eoh_2122r3,HP_Peak,anchor_only_Linear,peak,-,direct,none,p0.8|n10,mape_n_excluded,0.0,10,44,arm7_x05,physics
iter05b_arm7,0,gb_eoh_2122r3,HP_Peak,anchor_only_Linear,peak,-,direct,none,p0.8|n20,wape,46.89737223485121,10,53,arm7_x05,physics
iter05b_arm7,0,gb_eoh_2122r3,HP_Peak,anchor_only_Linear,peak,-,direct,none,p0.8|n20,rmse,26.35306938547409,10,53,arm7_x05,physics
iter05b_arm7,0,gb_eoh_2122r3,HP_Peak,anchor_only_Linear,peak,-,direct,none,p0.8|n20,mae,26.02781329642653,10,53,arm7_x05,physics
iter05b_arm7,0,gb_eoh_2122r3,HP_Peak,anchor_only_Linear,peak,-,direct,none,p0.8|n20,mape,46.70027590772988,10,53,arm7_x05,physics
iter05b_arm7,0,gb_eoh_2122r3,HP_Peak,anchor_only_Linear,peak,-,direct,none,p0.8|n20,r2,-35.14171306258506,10,53,arm7_x05,physics
iter05b_arm7,0,gb_eoh_2122r3,HP_Peak,anchor_only_Linear,peak,-,direct,none,p0.8|n20,n_pred_nan,0.0,10,53,arm7_x05,physics
iter05b_arm7,0,gb_eoh_2122r3,HP_Peak,anchor_only_Linear,peak,-,direct,none,p0.8|n20,mape_n_excluded,0.0,10,53,arm7_x05,physics
iter05b_arm7,0,gb_eoh_2122r3,HP_Peak,anchor_only_Linear,peak,-,direct,none,p1.0|n10,wape,51.572898345051144,10,52,arm7_x05,physics
iter05b_arm7,0,gb_eoh_2122r3,HP_Peak,anchor_only_Linear,peak,-,direct,none,p1.0|n10,rmse,18.19039350129013,10,52,arm7_x05,physics
iter05b_arm7,0,gb_eoh_2122r3,HP_Peak,anchor_only_Linear,peak,-,direct,none,p1.0|n10,mae,18.119190214983995,10,52,arm7_x05,physics
iter05b_arm7,0,gb_eoh_2122r3,HP_Peak,anchor_only_Linear,peak,-,direct,none,p1.0|n10,mape,51.697132577613104,10,52,arm7_x05,physics
iter05b_arm7,0,gb_eoh_2122r3,HP_Peak,anchor_only_Linear,peak,-,direct,none,p1.0|n10,r2,-54.46432270690638,10,52,arm7_x05,physics
iter05b_arm7,0,gb_eoh_2122r3,HP_Peak,anchor_only_Linear,peak,-,direct,none,p1.0|n10,n_pred_nan,0.0,10,52,arm7_x05,physics
iter05b_arm7,0,gb_eoh_2122r3,HP_Peak,anchor_only_Linear,peak,-,direct,none,p1.0|n10,mape_n_excluded,0.0,10,52,arm7_x05,physics
iter05b_arm7,0,gb_eoh_2122r3,HP_Peak,anchor_only_Linear,peak,-,direct,none,p1.0|n20,wape,47.83272402559247,5,30,arm7_x05,physics
iter05b_arm7,0,gb_eoh_2122r3,HP_Peak,anchor_only_Linear,peak,-,direct,none,p1.0|n20,rmse,35.136980187509195,5,30,arm7_x05,physics
iter05b_arm7,0,gb_eoh_2122r3,HP_Peak,anchor_only_Linear,peak,-,direct,none,p1.0|n20,mae,35.08162910246039,5,30,arm7_x05,physics
iter05b_arm7,0,gb_eoh_2122r3,HP_Peak,anchor_only_Linear,peak,-,direct,none,p1.0|n20,mape,47.827601260569466,5,30,arm7_x05,physics
iter05b_arm7,0,gb_eoh_2122r3,HP_Peak,anchor_only_Linear,peak,-,direct,none,p1.0|n20,r2,-149.65522846363703,5,30,arm7_x05,physics
iter05b_arm7,0,gb_eoh_2122r3,HP_Peak,anchor_only_Linear,peak,-,direct,none,p1.0|n20,n_pred_nan,0.0,5,30,arm7_x05,physics
iter05b_arm7,0,gb_eoh_2122r3,HP_Peak,anchor_only_Linear,peak,-,direct,none,p1.0|n20,mape_n_excluded,0.0,5,30,arm7_x05,physics
iter05b_arm7,0,gb_eoh_2122r3,HP_Peak,anchor_only_Linear,size+peak,-,direct,none,all,wape,34.10774934260105,455,81,arm7_x05,physics
iter05b_arm7,0,gb_eoh_2122r3,HP_Peak,anchor_only_Linear,size+peak,-,direct,none,all,rmse,7.411316004806338,455,81,arm7_x05,physics
iter05b_arm7,0,gb_eoh_2122r3,HP_Peak,anchor_only_Linear,size+peak,-,direct,none,all,mae,5.404052936920488,455,81,arm7_x05,physics
iter05b_arm7,0,gb_eoh_2122r3,HP_Peak,anchor_only_Linear,size+peak,-,direct,none,all,mape,63.857757593671934,455,81,arm7_x05,physics
iter05b_arm7,0,gb_eoh_2122r3,HP_Peak,anchor_only_Linear,size+peak,-,direct,none,all,r2,0.7990287033986689,455,81,arm7_x05,physics
iter05b_arm7,0,gb_eoh_2122r3,HP_Peak,anchor_only_Linear,size+peak,-,direct,none,all,n_pred_nan,0.0,455,81,arm7_x05,physics
iter05b_arm7,0,gb_eoh_2122r3,HP_Peak,anchor_only_Linear,size+peak,-,direct,none,all,mape_n_excluded,0.0,455,81,arm7_x05,physics
iter05b_arm7,0,gb_eoh_2122r3,HP_Peak,anchor_only_Linear,size+peak,-,direct,none,all,wape_train,25.169141968034666,455,81,arm7_x05,physics
iter05b_arm7,0,gb_eoh_2122r3,HP_Peak,anchor_only_Linear,size+peak,-,direct,none,all,wape_inner,29.789028656543667,455,81,arm7_x05,physics
iter05b_arm7,0,gb_eoh_2122r3,HP_Peak,anchor_only_Linear,size+peak,-,direct,none,all,n_train_sub,2080.0,455,81,arm7_x05,physics
iter05b_arm7,0,gb_eoh_2122r3,HP_Peak,anchor_only_Linear,size+peak,-,direct,none,all,n_inner_sub,1340.0,455,81,arm7_x05,physics
iter05b_arm7,0,gb_eoh_2122r3,HP_Peak,anchor_only_Linear,size+peak,-,direct,none,all,n_test_sub,455.0,455,81,arm7_x05,physics
iter05b_arm7,0,gb_eoh_2122r3,HP_Peak,anchor_only_Linear,size+peak,-,direct,none,all,n_overlap_sub,0.0,455,81,arm7_x05,physics
iter05b_arm7,0,gb_eoh_2122r3,HP_Peak,anchor_only_Linear,size+peak,-,direct,none,pbin<=15,wape,61.9393608900257,265,81,arm7_x05,physics
iter05b_arm7,0,gb_eoh_2122r3,HP_Peak,anchor_only_Linear,size+peak,-,direct,none,pbin<=15,rmse,7.900355553714535,265,81,arm7_x05,physics
iter05b_arm7,0,gb_eoh_2122r3,HP_Peak,anchor_only_Linear,size+peak,-,direct,none,pbin<=15,mae,5.574745824718841,265,81,arm7_x05,physics
iter05b_arm7,0,gb_eoh_2122r3,HP_Peak,anchor_only_Linear,size+peak,-,direct,none,pbin<=15,mape,87.25305508971707,265,81,arm7_x05,physics
iter05b_arm7,0,gb_eoh_2122r3,HP_Peak,anchor_only_Linear,size+peak,-,direct,none,pbin<=15,r2,0.2740979288753276,265,81,arm7_x05,physics
iter05b_arm7,0,gb_eoh_2122r3,HP_Peak,anchor_only_Linear,size+peak,-,direct,none,pbin<=15,n_pred_nan,0.0,265,81,arm7_x05,physics
iter05b_arm7,0,gb_eoh_2122r3,HP_Peak,anchor_only_Linear,size+peak,-,direct,none,pbin<=15,mape_n_excluded,0.0,265,81,arm7_x05,physics
iter05b_arm7,0,gb_eoh_2122r3,HP_Peak,anchor_only_Linear,size+peak,-,direct,none,pbin15-35,wape,28.308397112777794,125,81,arm7_x05,physics
iter05b_arm7,0,gb_eoh_2122r3,HP_Peak,anchor_only_Linear,size+peak,-,direct,none,pbin15-35,rmse,6.838377596036067,125,81,arm7_x05,physics
iter05b_arm7,0,gb_eoh_2122r3,HP_Peak,anchor_only_Linear,size+peak,-,direct,none,pbin15-35,mae,5.1933408161662715,125,81,arm7_x05,physics
iter05b_arm7,0,gb_eoh_2122r3,HP_Peak,anchor_only_Linear,size+peak,-,direct,none,pbin15-35,mape,39.23547770780699,125,81,arm7_x05,physics
iter05b_arm7,0,gb_eoh_2122r3,HP_Peak,anchor_only_Linear,size+peak,-,direct,none,pbin15-35,r2,0.7990929144712771,125,81,arm7_x05,physics
iter05b_arm7,0,gb_eoh_2122r3,HP_Peak,anchor_only_Linear,size+peak,-,direct,none,pbin15-35,n_pred_nan,0.0,125,81,arm7_x05,physics
iter05b_arm7,0,gb_eoh_2122r3,HP_Peak,anchor_only_Linear,size+peak,-,direct,none,pbin15-35,mape_n_excluded,0.0,125,81,arm7_x05,physics
iter05b_arm7,0,gb_eoh_2122r3,HP_Peak,anchor_only_Linear,size+peak,-,direct,none,pbin35-65,wape,13.49861237959176,30,63,arm7_x05,physics
iter05b_arm7,0,gb_eoh_2122r3,HP_Peak,anchor_only_Linear,size+peak,-,direct,none,pbin35-65,rmse,5.762910055317033,30,63,arm7_x05,physics
iter05b_arm7,0,gb_eoh_2122r3,HP_Peak,anchor_only_Linear,size+peak,-,direct,none,pbin35-65,mae,4.4160084646014015,30,63,arm7_x05,physics
iter05b_arm7,0,gb_eoh_2122r3,HP_Peak,anchor_only_Linear,size+peak,-,direct,none,pbin35-65,mape,17.857958696013547,30,63,arm7_x05,physics
iter05b_arm7,0,gb_eoh_2122r3,HP_Peak,anchor_only_Linear,size+peak,-,direct,none,pbin35-65,r2,0.9234755340126019,30,63,arm7_x05,physics
iter05b_arm7,0,gb_eoh_2122r3,HP_Peak,anchor_only_Linear,size+peak,-,direct,none,pbin35-65,n_pred_nan,0.0,30,63,arm7_x05,physics
iter05b_arm7,0,gb_eoh_2122r3,HP_Peak,anchor_only_Linear,size+peak,-,direct,none,pbin35-65,mape_n_excluded,0.0,30,63,arm7_x05,physics
iter05b_arm7,0,gb_eoh_2122r3,HP_Peak,anchor_only_Linear,size+peak,-,direct,none,pbin>65,wape,12.901639018225245,35,55,arm7_x05,physics
iter05b_arm7,0,gb_eoh_2122r3,HP_Peak,anchor_only_Linear,size+peak,-,direct,none,pbin>65,rmse,6.782670177297397,35,55,arm7_x05,physics
iter05b_arm7,0,gb_eoh_2122r3,HP_Peak,anchor_only_Linear,size+peak,-,direct,none,pbin>65,mae,5.7111024797000765,35,55,arm7_x05,physics
iter05b_arm7,0,gb_eoh_2122r3,HP_Peak,anchor_only_Linear,size+peak,-,direct,none,pbin>65,mape,14.087046628269517,35,55,arm7_x05,physics
iter05b_arm7,0,gb_eoh_2122r3,HP_Peak,anchor_only_Linear,size+peak,-,direct,none,pbin>65,r2,0.8295988332029808,35,55,arm7_x05,physics
iter05b_arm7,0,gb_eoh_2122r3,HP_Peak,anchor_only_Linear,size+peak,-,direct,none,pbin>65,n_pred_nan,0.0,35,55,arm7_x05,physics
iter05b_arm7,0,gb_eoh_2122r3,HP_Peak,anchor_only_Linear,size+peak,-,direct,none,pbin>65,mape_n_excluded,0.0,35,55,arm7_x05,physics
iter05b_arm7,0,gb_eoh_2122r3,HP_Peak,anchor_only_Linear,size+peak,-,direct,none,p0.05|n10,wape,81.13777477703813,40,25,arm7_x05,physics
iter05b_arm7,0,gb_eoh_2122r3,HP_Peak,anchor_only_Linear,size+peak,-,direct,none,p0.05|n10,rmse,3.574803548949392,40,25,arm7_x05,physics
iter05b_arm7,0,gb_eoh_2122r3,HP_Peak,anchor_only_Linear,size+peak,-,direct,none,p0.05|n10,mae,2.8044690850550578,40,25,arm7_x05,physics
iter05b_arm7,0,gb_eoh_2122r3,HP_Peak,anchor_only_Linear,size+peak,-,direct,none,p0.05|n10,mape,79.49001404702695,40,25,arm7_x05,physics
iter05b_arm7,0,gb_eoh_2122r3,HP_Peak,anchor_only_Linear,size+peak,-,direct,none,p0.05|n10,r2,-9.51240520432499,40,25,arm7_x05,physics
iter05b_arm7,0,gb_eoh_2122r3,HP_Peak,anchor_only_Linear,size+peak,-,direct,none,p0.05|n10,n_pred_nan,0.0,40,25,arm7_x05,physics
iter05b_arm7,0,gb_eoh_2122r3,HP_Peak,anchor_only_Linear,size+peak,-,direct,none,p0.05|n10,mape_n_excluded,0.0,40,25,arm7_x05,physics
iter05b_arm7,0,gb_eoh_2122r3,HP_Peak,anchor_only_Linear,size+peak,-,direct,none,p0.05|n20,wape,119.53370981160502,40,29,arm7_x05,physics
iter05b_arm7,0,gb_eoh_2122r3,HP_Peak,anchor_only_Linear,size+peak,-,direct,none,p0.05|n20,rmse,6.812729679214808,40,29,arm7_x05,physics
iter05b_arm7,0,gb_eoh_2122r3,HP_Peak,anchor_only_Linear,size+peak,-,direct,none,p0.05|n20,mae,4.3088094766835505,40,29,arm7_x05,physics
iter05b_arm7,0,gb_eoh_2122r3,HP_Peak,anchor_only_Linear,size+peak,-,direct,none,p0.05|n20,mape,137.7888148252417,40,29,arm7_x05,physics
iter05b_arm7,0,gb_eoh_2122r3,HP_Peak,anchor_only_Linear,size+peak,-,direct,none,p0.05|n20,r2,-43.01038890995308,40,29,arm7_x05,physics
iter05b_arm7,0,gb_eoh_2122r3,HP_Peak,anchor_only_Linear,size+peak,-,direct,none,p0.05|n20,n_pred_nan,0.0,40,29,arm7_x05,physics
iter05b_arm7,0,gb_eoh_2122r3,HP_Peak,anchor_only_Linear,size+peak,-,direct,none,p0.05|n20,mape_n_excluded,0.0,40,29,arm7_x05,physics
iter05b_arm7,0,gb_eoh_2122r3,HP_Peak,anchor_only_Linear,size+peak,-,direct,none,p0.05|n40,wape,103.66782782871984,40,40,arm7_x05,physics
iter05b_arm7,0,gb_eoh_2122r3,HP_Peak,anchor_only_Linear,size+peak,-,direct,none,p0.05|n40,rmse,8.61972583140011,40,40,arm7_x05,physics
iter05b_arm7,0,gb_eoh_2122r3,HP_Peak,anchor_only_Linear,size+peak,-,direct,none,p0.05|n40,mae,6.684503832566245,40,40,arm7_x05,physics
iter05b_arm7,0,gb_eoh_2122r3,HP_Peak,anchor_only_Linear,size+peak,-,direct,none,p0.05|n40,mape,113.49970628726649,40,40,arm7_x05,physics
iter05b_arm7,0,gb_eoh_2122r3,HP_Peak,anchor_only_Linear,size+peak,-,direct,none,p0.05|n40,r2,-28.206282850272878,40,40,arm7_x05,physics
iter05b_arm7,0,gb_eoh_2122r3,HP_Peak,anchor_only_Linear,size+peak,-,direct,none,p0.05|n40,n_pred_nan,0.0,40,40,arm7_x05,physics
iter05b_arm7,0,gb_eoh_2122r3,HP_Peak,anchor_only_Linear,size+peak,-,direct,none,p0.05|n40,mape_n_excluded,0.0,40,40,arm7_x05,physics
iter05b_arm7,0,gb_eoh_2122r3,HP_Peak,anchor_only_Linear,size+peak,-,direct,none,p0.05|n80,wape,40.20836529934304,15,39,arm7_x05,physics
iter05b_arm7,0,gb_eoh_2122r3,HP_Peak,anchor_only_Linear,size+peak,-,direct,none,p0.05|n80,rmse,7.436566438222315,15,39,arm7_x05,physics
iter05b_arm7,0,gb_eoh_2122r3,HP_Peak,anchor_only_Linear,size+peak,-,direct,none,p0.05|n80,mae,5.352070485297478,15,39,arm7_x05,physics
iter05b_arm7,0,gb_eoh_2122r3,HP_Peak,anchor_only_Linear,size+peak,-,direct,none,p0.05|n80,mape,40.94498929942427,15,39,arm7_x05,physics
iter05b_arm7,0,gb_eoh_2122r3,HP_Peak,anchor_only_Linear,size+peak,-,direct,none,p0.05|n80,r2,-18.556645693013632,15,39,arm7_x05,physics
iter05b_arm7,0,gb_eoh_2122r3,HP_Peak,anchor_only_Linear,size+peak,-,direct,none,p0.05|n80,n_pred_nan,0.0,15,39,arm7_x05,physics
iter05b_arm7,0,gb_eoh_2122r3,HP_Peak,anchor_only_Linear,size+peak,-,direct,none,p0.05|n80,mape_n_excluded,0.0,15,39,arm7_x05,physics
iter05b_arm7,0,gb_eoh_2122r3,HP_Peak,anchor_only_Linear,size+peak,-,direct,none,p0.05|n120,wape,50.47395297786773,15,53,arm7_x05,physics
iter05b_arm7,0,gb_eoh_2122r3,HP_Peak,anchor_only_Linear,size+peak,-,direct,none,p0.05|n120,rmse,12.971996278785223,15,53,arm7_x05,physics
iter05b_arm7,0,gb_eoh_2122r3,HP_Peak,anchor_only_Linear,size+peak,-,direct,none,p0.05|n120,mae,10.098365558749757,15,53,arm7_x05,physics
iter05b_arm7,0,gb_eoh_2122r3,HP_Peak,anchor_only_Linear,size+peak,-,direct,none,p0.05|n120,mape,50.96303552571032,15,53,arm7_x05,physics
iter05b_arm7,0,gb_eoh_2122r3,HP_Peak,anchor_only_Linear,size+peak,-,direct,none,p0.05|n120,r2,-19.004682189489987,15,53,arm7_x05,physics
iter05b_arm7,0,gb_eoh_2122r3,HP_Peak,anchor_only_Linear,size+peak,-,direct,none,p0.05|n120,n_pred_nan,0.0,15,53,arm7_x05,physics
iter05b_arm7,0,gb_eoh_2122r3,HP_Peak,anchor_only_Linear,size+peak,-,direct,none,p0.05|n120,mape_n_excluded,0.0,15,53,arm7_x05,physics
iter05b_arm7,0,gb_eoh_2122r3,HP_Peak,anchor_only_Linear,size+peak,-,direct,none,p0.1|n10,wape,89.86400164765232,40,26,arm7_x05,physics
iter05b_arm7,0,gb_eoh_2122r3,HP_Peak,anchor_only_Linear,size+peak,-,direct,none,p0.1|n10,rmse,3.6403930377435123,40,26,arm7_x05,physics
iter05b_arm7,0,gb_eoh_2122r3,HP_Peak,anchor_only_Linear,size+peak,-,direct,none,p0.1|n10,mae,3.2336123719917595,40,26,arm7_x05,physics
iter05b_arm7,0,gb_eoh_2122r3,HP_Peak,anchor_only_Linear,size+peak,-,direct,none,p0.1|n10,mape,93.50752351511635,40,26,arm7_x05,physics
iter05b_arm7,0,gb_eoh_2122r3,HP_Peak,anchor_only_Linear,size+peak,-,direct,none,p0.1|n10,r2,-17.290420681088502,40,26,arm7_x05,physics
iter05b_arm7,0,gb_eoh_2122r3,HP_Peak,anchor_only_Linear,size+peak,-,direct,none,p0.1|n10,n_pred_nan,0.0,40,26,arm7_x05,physics
iter05b_arm7,0,gb_eoh_2122r3,HP_Peak,anchor_only_Linear,size+peak,-,direct,none,p0.1|n10,mape_n_excluded,0.0,40,26,arm7_x05,physics
iter05b_arm7,0,gb_eoh_2122r3,HP_Peak,anchor_only_Linear,size+peak,-,direct,none,p0.1|n20,wape,81.12894400564828,40,44,arm7_x05,physics
iter05b_arm7,0,gb_eoh_2122r3,HP_Peak,anchor_only_Linear,size+peak,-,direct,none,p0.1|n20,rmse,6.804210793636783,40,44,arm7_x05,physics
iter05b_arm7,0,gb_eoh_2122r3,HP_Peak,anchor_only_Linear,size+peak,-,direct,none,p0.1|n20,mae,5.659201447058278,40,44,arm7_x05,physics
iter05b_arm7,0,gb_eoh_2122r3,HP_Peak,anchor_only_Linear,size+peak,-,direct,none,p0.1|n20,mape,81.3541882570812,40,44,arm7_x05,physics
iter05b_arm7,0,gb_eoh_2122r3,HP_Peak,anchor_only_Linear,size+peak,-,direct,none,p0.1|n20,r2,-20.024648562362703,40,44,arm7_x05,physics
iter05b_arm7,0,gb_eoh_2122r3,HP_Peak,anchor_only_Linear,size+peak,-,direct,none,p0.1|n20,n_pred_nan,0.0,40,44,arm7_x05,physics
iter05b_arm7,0,gb_eoh_2122r3,HP_Peak,anchor_only_Linear,size+peak,-,direct,none,p0.1|n20,mape_n_excluded,0.0,40,44,arm7_x05,physics
iter05b_arm7,0,gb_eoh_2122r3,HP_Peak,anchor_only_Linear,size+peak,-,direct,none,p0.1|n40,wape,54.56198677856998,15,39,arm7_x05,physics
iter05b_arm7,0,gb_eoh_2122r3,HP_Peak,anchor_only_Linear,size+peak,-,direct,none,p0.1|n40,rmse,8.832451573613454,15,39,arm7_x05,physics
iter05b_arm7,0,gb_eoh_2122r3,HP_Peak,anchor_only_Linear,size+peak,-,direct,none,p0.1|n40,mae,7.34097064552402,15,39,arm7_x05,physics
iter05b_arm7,0,gb_eoh_2122r3,HP_Peak,anchor_only_Linear,size+peak,-,direct,none,p0.1|n40,mape,57.04685108009916,15,39,arm7_x05,physics
iter05b_arm7,0,gb_eoh_2122r3,HP_Peak,anchor_only_Linear,size+peak,-,direct,none,p0.1|n40,r2,-14.185850061023496,15,39,arm7_x05,physics
iter05b_arm7,0,gb_eoh_2122r3,HP_Peak,anchor_only_Linear,size+peak,-,direct,none,p0.1|n40,n_pred_nan,0.0,15,39,arm7_x05,physics
iter05b_arm7,0,gb_eoh_2122r3,HP_Peak,anchor_only_Linear,size+peak,-,direct,none,p0.1|n40,mape_n_excluded,0.0,15,39,arm7_x05,physics
iter05b_arm7,0,gb_eoh_2122r3,HP_Peak,anchor_only_Linear,size+peak,-,direct,none,p0.1|n80,wape,35.503851301270466,10,46,arm7_x05,physics
iter05b_arm7,0,gb_eoh_2122r3,HP_Peak,anchor_only_Linear,size+peak,-,direct,none,p0.1|n80,rmse,11.845198674783319,10,46,arm7_x05,physics
iter05b_arm7,0,gb_eoh_2122r3,HP_Peak,anchor_only_Linear,size+peak,-,direct,none,p0.1|n80,mae,10.199971200471847,10,46,arm7_x05,physics
iter05b_arm7,0,gb_eoh_2122r3,HP_Peak,anchor_only_Linear,size+peak,-,direct,none,p0.1|n80,mape,35.68264625569869,10,46,arm7_x05,physics
iter05b_arm7,0,gb_eoh_2122r3,HP_Peak,anchor_only_Linear,size+peak,-,direct,none,p0.1|n80,r2,-29.625284895767006,10,46,arm7_x05,physics
iter05b_arm7,0,gb_eoh_2122r3,HP_Peak,anchor_only_Linear,size+peak,-,direct,none,p0.1|n80,n_pred_nan,0.0,10,46,arm7_x05,physics
iter05b_arm7,0,gb_eoh_2122r3,HP_Peak,anchor_only_Linear,size+peak,-,direct,none,p0.1|n80,mape_n_excluded,0.0,10,46,arm7_x05,physics
iter05b_arm7,0,gb_eoh_2122r3,HP_Peak,anchor_only_Linear,size+peak,-,direct,none,p0.1|n120,wape,29.06349632035664,10,51,arm7_x05,physics
iter05b_arm7,0,gb_eoh_2122r3,HP_Peak,anchor_only_Linear,size+peak,-,direct,none,p0.1|n120,rmse,17.004597233807715,10,51,arm7_x05,physics
iter05b_arm7,0,gb_eoh_2122r3,HP_Peak,anchor_only_Linear,size+peak,-,direct,none,p0.1|n120,mae,12.58129826680101,10,51,arm7_x05,physics
iter05b_arm7,0,gb_eoh_2122r3,HP_Peak,anchor_only_Linear,size+peak,-,direct,none,p0.1|n120,mape,30.530012037022292,10,51,arm7_x05,physics
iter05b_arm7,0,gb_eoh_2122r3,HP_Peak,anchor_only_Linear,size+peak,-,direct,none,p0.1|n120,r2,-17.550664523337648,10,51,arm7_x05,physics
iter05b_arm7,0,gb_eoh_2122r3,HP_Peak,anchor_only_Linear,size+peak,-,direct,none,p0.1|n120,n_pred_nan,0.0,10,51,arm7_x05,physics
iter05b_arm7,0,gb_eoh_2122r3,HP_Peak,anchor_only_Linear,size+peak,-,direct,none,p0.1|n120,mape_n_excluded,0.0,10,51,arm7_x05,physics
iter05b_arm7,0,gb_eoh_2122r3,HP_Peak,anchor_only_Linear,size+peak,-,direct,none,p0.2|n10,wape,49.115902980028295,40,40,arm7_x05,physics
iter05b_arm7,0,gb_eoh_2122r3,HP_Peak,anchor_only_Linear,size+peak,-,direct,none,p0.2|n10,rmse,4.294366958200435,40,40,arm7_x05,physics
iter05b_arm7,0,gb_eoh_2122r3,HP_Peak,anchor_only_Linear,size+peak,-,direct,none,p0.2|n10,mae,3.359135587804142,40,40,arm7_x05,physics
iter05b_arm7,0,gb_eoh_2122r3,HP_Peak,anchor_only_Linear,size+peak,-,direct,none,p0.2|n10,mape,54.226956076168854,40,40,arm7_x05,physics
iter05b_arm7,0,gb_eoh_2122r3,HP_Peak,anchor_only_Linear,size+peak,-,direct,none,p0.2|n10,r2,-8.40785702200112,40,40,arm7_x05,physics
iter05b_arm7,0,gb_eoh_2122r3,HP_Peak,anchor_only_Linear,size+peak,-,direct,none,p0.2|n10,n_pred_nan,0.0,40,40,arm7_x05,physics
iter05b_arm7,0,gb_eoh_2122r3,HP_Peak,anchor_only_Linear,size+peak,-,direct,none,p0.2|n10,mape_n_excluded,0.0,40,40,arm7_x05,physics
iter05b_arm7,0,gb_eoh_2122r3,HP_Peak,anchor_only_Linear,size+peak,-,direct,none,p0.2|n20,wape,46.18522849984781,15,40,arm7_x05,physics
iter05b_arm7,0,gb_eoh_2122r3,HP_Peak,anchor_only_Linear,size+peak,-,direct,none,p0.2|n20,rmse,6.945170717844091,15,40,arm7_x05,physics
iter05b_arm7,0,gb_eoh_2122r3,HP_Peak,anchor_only_Linear,size+peak,-,direct,none,p0.2|n20,mae,5.980060797244174,15,40,arm7_x05,physics
iter05b_arm7,0,gb_eoh_2122r3,HP_Peak,anchor_only_Linear,size+peak,-,direct,none,p0.2|n20,mape,47.80862403586372,15,40,arm7_x05,physics
iter05b_arm7,0,gb_eoh_2122r3,HP_Peak,anchor_only_Linear,size+peak,-,direct,none,p0.2|n20,r2,-13.479319882726323,15,40,arm7_x05,physics
iter05b_arm7,0,gb_eoh_2122r3,HP_Peak,anchor_only_Linear,size+peak,-,direct,none,p0.2|n20,n_pred_nan,0.0,15,40,arm7_x05,physics
iter05b_arm7,0,gb_eoh_2122r3,HP_Peak,anchor_only_Linear,size+peak,-,direct,none,p0.2|n20,mape_n_excluded,0.0,15,40,arm7_x05,physics
iter05b_arm7,0,gb_eoh_2122r3,HP_Peak,anchor_only_Linear,size+peak,-,direct,none,p0.2|n40,wape,17.034846224399743,10,45,arm7_x05,physics
iter05b_arm7,0,gb_eoh_2122r3,HP_Peak,anchor_only_Linear,size+peak,-,direct,none,p0.2|n40,rmse,6.40717496149372,10,45,arm7_x05,physics
iter05b_arm7,0,gb_eoh_2122r3,HP_Peak,anchor_only_Linear,size+peak,-,direct,none,p0.2|n40,mae,4.885250081035521,10,45,arm7_x05,physics
iter05b_arm7,0,gb_eoh_2122r3,HP_Peak,anchor_only_Linear,size+peak,-,direct,none,p0.2|n40,mape,17.336490833282138,10,45,arm7_x05,physics
iter05b_arm7,0,gb_eoh_2122r3,HP_Peak,anchor_only_Linear,size+peak,-,direct,none,p0.2|n40,r2,-12.061306277004752,10,45,arm7_x05,physics
iter05b_arm7,0,gb_eoh_2122r3,HP_Peak,anchor_only_Linear,size+peak,-,direct,none,p0.2|n40,n_pred_nan,0.0,10,45,arm7_x05,physics
iter05b_arm7,0,gb_eoh_2122r3,HP_Peak,anchor_only_Linear,size+peak,-,direct,none,p0.2|n40,mape_n_excluded,0.0,10,45,arm7_x05,physics
iter05b_arm7,0,gb_eoh_2122r3,HP_Peak,anchor_only_Linear,size+peak,-,direct,none,p0.2|n80,wape,21.043824425070806,10,53,arm7_x05,physics
iter05b_arm7,0,gb_eoh_2122r3,HP_Peak,anchor_only_Linear,size+peak,-,direct,none,p0.2|n80,rmse,13.817098928058478,10,53,arm7_x05,physics
iter05b_arm7,0,gb_eoh_2122r3,HP_Peak,anchor_only_Linear,size+peak,-,direct,none,p0.2|n80,mae,11.865158209503768,10,53,arm7_x05,physics
iter05b_arm7,0,gb_eoh_2122r3,HP_Peak,anchor_only_Linear,size+peak,-,direct,none,p0.2|n80,mape,21.011876156098527,10,53,arm7_x05,physics
iter05b_arm7,0,gb_eoh_2122r3,HP_Peak,anchor_only_Linear,size+peak,-,direct,none,p0.2|n80,r2,-9.5788790296994,10,53,arm7_x05,physics
iter05b_arm7,0,gb_eoh_2122r3,HP_Peak,anchor_only_Linear,size+peak,-,direct,none,p0.2|n80,n_pred_nan,0.0,10,53,arm7_x05,physics
iter05b_arm7,0,gb_eoh_2122r3,HP_Peak,anchor_only_Linear,size+peak,-,direct,none,p0.2|n80,mape_n_excluded,0.0,10,53,arm7_x05,physics
iter05b_arm7,0,gb_eoh_2122r3,HP_Peak,anchor_only_Linear,size+peak,-,direct,none,p0.3|n10,wape,40.689327634557934,25,41,arm7_x05,physics
iter05b_arm7,0,gb_eoh_2122r3,HP_Peak,anchor_only_Linear,size+peak,-,direct,none,p0.3|n10,rmse,4.87334925253197,25,41,arm7_x05,physics
iter05b_arm7,0,gb_eoh_2122r3,HP_Peak,anchor_only_Linear,size+peak,-,direct,none,p0.3|n10,mae,4.19960622318966,25,41,arm7_x05,physics
iter05b_arm7,0,gb_eoh_2122r3,HP_Peak,anchor_only_Linear,size+peak,-,direct,none,p0.3|n10,mape,43.06215193975435,25,41,arm7_x05,physics
iter05b_arm7,0,gb_eoh_2122r3,HP_Peak,anchor_only_Linear,size+peak,-,direct,none,p0.3|n10,r2,-4.09785285513179,25,41,arm7_x05,physics
iter05b_arm7,0,gb_eoh_2122r3,HP_Peak,anchor_only_Linear,size+peak,-,direct,none,p0.3|n10,n_pred_nan,0.0,25,41,arm7_x05,physics
iter05b_arm7,0,gb_eoh_2122r3,HP_Peak,anchor_only_Linear,size+peak,-,direct,none,p0.3|n10,mape_n_excluded,0.0,25,41,arm7_x05,physics
iter05b_arm7,0,gb_eoh_2122r3,HP_Peak,anchor_only_Linear,size+peak,-,direct,none,p0.3|n20,wape,25.485774916747587,15,51,arm7_x05,physics
iter05b_arm7,0,gb_eoh_2122r3,HP_Peak,anchor_only_Linear,size+peak,-,direct,none,p0.3|n20,rmse,5.992847885979449,15,51,arm7_x05,physics
iter05b_arm7,0,gb_eoh_2122r3,HP_Peak,anchor_only_Linear,size+peak,-,direct,none,p0.3|n20,mae,5.077591313245176,15,51,arm7_x05,physics
iter05b_arm7,0,gb_eoh_2122r3,HP_Peak,anchor_only_Linear,size+peak,-,direct,none,p0.3|n20,mape,24.769805886239475,15,51,arm7_x05,physics
iter05b_arm7,0,gb_eoh_2122r3,HP_Peak,anchor_only_Linear,size+peak,-,direct,none,p0.3|n20,r2,-4.754476948543382,15,51,arm7_x05,physics
iter05b_arm7,0,gb_eoh_2122r3,HP_Peak,anchor_only_Linear,size+peak,-,direct,none,p0.3|n20,n_pred_nan,0.0,15,51,arm7_x05,physics
iter05b_arm7,0,gb_eoh_2122r3,HP_Peak,anchor_only_Linear,size+peak,-,direct,none,p0.3|n20,mape_n_excluded,0.0,15,51,arm7_x05,physics
iter05b_arm7,0,gb_eoh_2122r3,HP_Peak,anchor_only_Linear,size+peak,-,direct,none,p0.3|n40,wape,18.291247774860008,10,53,arm7_x05,physics
iter05b_arm7,0,gb_eoh_2122r3,HP_Peak,anchor_only_Linear,size+peak,-,direct,none,p0.3|n40,rmse,9.654733154950636,10,53,arm7_x05,physics
iter05b_arm7,0,gb_eoh_2122r3,HP_Peak,anchor_only_Linear,size+peak,-,direct,none,p0.3|n40,mae,7.644315836614368,10,53,arm7_x05,physics
iter05b_arm7,0,gb_eoh_2122r3,HP_Peak,anchor_only_Linear,size+peak,-,direct,none,p0.3|n40,mape,18.664255320990684,10,53,arm7_x05,physics
iter05b_arm7,0,gb_eoh_2122r3,HP_Peak,anchor_only_Linear,size+peak,-,direct,none,p0.3|n40,r2,-6.101358245963651,10,53,arm7_x05,physics
iter05b_arm7,0,gb_eoh_2122r3,HP_Peak,anchor_only_Linear,size+peak,-,direct,none,p0.3|n40,n_pred_nan,0.0,10,53,arm7_x05,physics
iter05b_arm7,0,gb_eoh_2122r3,HP_Peak,anchor_only_Linear,size+peak,-,direct,none,p0.3|n40,mape_n_excluded,0.0,10,53,arm7_x05,physics
iter05b_arm7,0,gb_eoh_2122r3,HP_Peak,anchor_only_Linear,size+peak,-,direct,none,p0.5|n10,wape,24.835873719814934,15,41,arm7_x05,physics
iter05b_arm7,0,gb_eoh_2122r3,HP_Peak,anchor_only_Linear,size+peak,-,direct,none,p0.5|n10,rmse,5.611727938377781,15,41,arm7_x05,physics
iter05b_arm7,0,gb_eoh_2122r3,HP_Peak,anchor_only_Linear,size+peak,-,direct,none,p0.5|n10,mae,4.101296954449377,15,41,arm7_x05,physics
iter05b_arm7,0,gb_eoh_2122r3,HP_Peak,anchor_only_Linear,size+peak,-,direct,none,p0.5|n10,mape,25.45650427270462,15,41,arm7_x05,physics
iter05b_arm7,0,gb_eoh_2122r3,HP_Peak,anchor_only_Linear,size+peak,-,direct,none,p0.5|n10,r2,-2.9776254874729013,15,41,arm7_x05,physics
iter05b_arm7,0,gb_eoh_2122r3,HP_Peak,anchor_only_Linear,size+peak,-,direct,none,p0.5|n10,n_pred_nan,0.0,15,41,arm7_x05,physics
iter05b_arm7,0,gb_eoh_2122r3,HP_Peak,anchor_only_Linear,size+peak,-,direct,none,p0.5|n10,mape_n_excluded,0.0,15,41,arm7_x05,physics
iter05b_arm7,0,gb_eoh_2122r3,HP_Peak,anchor_only_Linear,size+peak,-,direct,none,p0.5|n20,wape,12.017302664288623,10,49,arm7_x05,physics
iter05b_arm7,0,gb_eoh_2122r3,HP_Peak,anchor_only_Linear,size+peak,-,direct,none,p0.5|n20,rmse,5.878539062402721,10,49,arm7_x05,physics
iter05b_arm7,0,gb_eoh_2122r3,HP_Peak,anchor_only_Linear,size+peak,-,direct,none,p0.5|n20,mae,4.349114452871001,10,49,arm7_x05,physics
iter05b_arm7,0,gb_eoh_2122r3,HP_Peak,anchor_only_Linear,size+peak,-,direct,none,p0.5|n20,mape,11.702229406862896,10,49,arm7_x05,physics
iter05b_arm7,0,gb_eoh_2122r3,HP_Peak,anchor_only_Linear,size+peak,-,direct,none,p0.5|n20,r2,-1.174509619867489,10,49,arm7_x05,physics
iter05b_arm7,0,gb_eoh_2122r3,HP_Peak,anchor_only_Linear,size+peak,-,direct,none,p0.5|n20,n_pred_nan,0.0,10,49,arm7_x05,physics
iter05b_arm7,0,gb_eoh_2122r3,HP_Peak,anchor_only_Linear,size+peak,-,direct,none,p0.5|n20,mape_n_excluded,0.0,10,49,arm7_x05,physics
iter05b_arm7,0,gb_eoh_2122r3,HP_Peak,anchor_only_Linear,size+peak,-,direct,none,p0.5|n40,wape,7.387737527673438,5,30,arm7_x05,physics
iter05b_arm7,0,gb_eoh_2122r3,HP_Peak,anchor_only_Linear,size+peak,-,direct,none,p0.5|n40,rmse,5.973096303806468,5,30,arm7_x05,physics
iter05b_arm7,0,gb_eoh_2122r3,HP_Peak,anchor_only_Linear,size+peak,-,direct,none,p0.5|n40,mae,5.493931018518273,5,30,arm7_x05,physics
iter05b_arm7,0,gb_eoh_2122r3,HP_Peak,anchor_only_Linear,size+peak,-,direct,none,p0.5|n40,mape,7.373780544241612,5,30,arm7_x05,physics
iter05b_arm7,0,gb_eoh_2122r3,HP_Peak,anchor_only_Linear,size+peak,-,direct,none,p0.5|n40,r2,-16.44198409557799,5,30,arm7_x05,physics
iter05b_arm7,0,gb_eoh_2122r3,HP_Peak,anchor_only_Linear,size+peak,-,direct,none,p0.5|n40,n_pred_nan,0.0,5,30,arm7_x05,physics
iter05b_arm7,0,gb_eoh_2122r3,HP_Peak,anchor_only_Linear,size+peak,-,direct,none,p0.5|n40,mape_n_excluded,0.0,5,30,arm7_x05,physics
iter05b_arm7,0,gb_eoh_2122r3,HP_Peak,anchor_only_Linear,size+peak,-,direct,none,p0.8|n10,wape,18.017056768973017,10,44,arm7_x05,physics
iter05b_arm7,0,gb_eoh_2122r3,HP_Peak,anchor_only_Linear,size+peak,-,direct,none,p0.8|n10,rmse,6.027230656268105,10,44,arm7_x05,physics
iter05b_arm7,0,gb_eoh_2122r3,HP_Peak,anchor_only_Linear,size+peak,-,direct,none,p0.8|n10,mae,4.977909633208067,10,44,arm7_x05,physics
iter05b_arm7,0,gb_eoh_2122r3,HP_Peak,anchor_only_Linear,size+peak,-,direct,none,p0.8|n10,mape,18.12717771393316,10,44,arm7_x05,physics
iter05b_arm7,0,gb_eoh_2122r3,HP_Peak,anchor_only_Linear,size+peak,-,direct,none,p0.8|n10,r2,-4.559419625288827,10,44,arm7_x05,physics
iter05b_arm7,0,gb_eoh_2122r3,HP_Peak,anchor_only_Linear,size+peak,-,direct,none,p0.8|n10,n_pred_nan,0.0,10,44,arm7_x05,physics
iter05b_arm7,0,gb_eoh_2122r3,HP_Peak,anchor_only_Linear,size+peak,-,direct,none,p0.8|n10,mape_n_excluded,0.0,10,44,arm7_x05,physics
iter05b_arm7,0,gb_eoh_2122r3,HP_Peak,anchor_only_Linear,size+peak,-,direct,none,p0.8|n20,wape,9.956890219061012,10,53,arm7_x05,physics
iter05b_arm7,0,gb_eoh_2122r3,HP_Peak,anchor_only_Linear,size+peak,-,direct,none,p0.8|n20,rmse,6.670690639619848,10,53,arm7_x05,physics
iter05b_arm7,0,gb_eoh_2122r3,HP_Peak,anchor_only_Linear,size+peak,-,direct,none,p0.8|n20,mae,5.526025601966389,10,53,arm7_x05,physics
iter05b_arm7,0,gb_eoh_2122r3,HP_Peak,anchor_only_Linear,size+peak,-,direct,none,p0.8|n20,mape,10.000276847020565,10,53,arm7_x05,physics
iter05b_arm7,0,gb_eoh_2122r3,HP_Peak,anchor_only_Linear,size+peak,-,direct,none,p0.8|n20,r2,-1.3157300065007118,10,53,arm7_x05,physics
iter05b_arm7,0,gb_eoh_2122r3,HP_Peak,anchor_only_Linear,size+peak,-,direct,none,p0.8|n20,n_pred_nan,0.0,10,53,arm7_x05,physics
iter05b_arm7,0,gb_eoh_2122r3,HP_Peak,anchor_only_Linear,size+peak,-,direct,none,p0.8|n20,mape_n_excluded,0.0,10,53,arm7_x05,physics
iter05b_arm7,0,gb_eoh_2122r3,HP_Peak,anchor_only_Linear,size+peak,-,direct,none,p1.0|n10,wape,16.530162761395765,10,52,arm7_x05,physics
iter05b_arm7,0,gb_eoh_2122r3,HP_Peak,anchor_only_Linear,size+peak,-,direct,none,p1.0|n10,rmse,6.846164775840568,10,52,arm7_x05,physics
iter05b_arm7,0,gb_eoh_2122r3,HP_Peak,anchor_only_Linear,size+peak,-,direct,none,p1.0|n10,mae,5.807568955199427,10,52,arm7_x05,physics
iter05b_arm7,0,gb_eoh_2122r3,HP_Peak,anchor_only_Linear,size+peak,-,direct,none,p1.0|n10,mape,16.17592990183006,10,52,arm7_x05,physics
iter05b_arm7,0,gb_eoh_2122r3,HP_Peak,anchor_only_Linear,size+peak,-,direct,none,p1.0|n10,r2,-6.856411477420341,10,52,arm7_x05,physics
iter05b_arm7,0,gb_eoh_2122r3,HP_Peak,anchor_only_Linear,size+peak,-,direct,none,p1.0|n10,n_pred_nan,0.0,10,52,arm7_x05,physics
iter05b_arm7,0,gb_eoh_2122r3,HP_Peak,anchor_only_Linear,size+peak,-,direct,none,p1.0|n10,mape_n_excluded,0.0,10,52,arm7_x05,physics
iter05b_arm7,0,gb_eoh_2122r3,HP_Peak,anchor_only_Linear,size+peak,-,direct,none,p1.0|n20,wape,10.027919848454912,5,30,arm7_x05,physics
iter05b_arm7,0,gb_eoh_2122r3,HP_Peak,anchor_only_Linear,size+peak,-,direct,none,p1.0|n20,rmse,8.163400815550858,5,30,arm7_x05,physics
iter05b_arm7,0,gb_eoh_2122r3,HP_Peak,anchor_only_Linear,size+peak,-,direct,none,p1.0|n20,mae,7.354708977152773,5,30,arm7_x05,physics
iter05b_arm7,0,gb_eoh_2122r3,HP_Peak,anchor_only_Linear,size+peak,-,direct,none,p1.0|n20,mape,10.002557472319062,5,30,arm7_x05,physics
iter05b_arm7,0,gb_eoh_2122r3,HP_Peak,anchor_only_Linear,size+peak,-,direct,none,p1.0|n20,r2,-7.132003967254331,5,30,arm7_x05,physics
iter05b_arm7,0,gb_eoh_2122r3,HP_Peak,anchor_only_Linear,size+peak,-,direct,none,p1.0|n20,n_pred_nan,0.0,5,30,arm7_x05,physics
iter05b_arm7,0,gb_eoh_2122r3,HP_Peak,anchor_only_Linear,size+peak,-,direct,none,p1.0|n20,mape_n_excluded,0.0,5,30,arm7_x05,physics
iter05b_arm7,0,gb_eoh_2122r3,HP_Peak,anchor_only_XGBoost,size,-,direct,none,all,wape,89.07238823470863,455,81,arm7_x05,physics
iter05b_arm7,0,gb_eoh_2122r3,HP_Peak,anchor_only_XGBoost,size,-,direct,none,all,rmse,18.25384465393863,455,81,arm7_x05,physics
iter05b_arm7,0,gb_eoh_2122r3,HP_Peak,anchor_only_XGBoost,size,-,direct,none,all,mae,14.11268437571997,455,81,arm7_x05,physics
iter05b_arm7,0,gb_eoh_2122r3,HP_Peak,anchor_only_XGBoost,size,-,direct,none,all,mape,173.43967009716795,455,81,arm7_x05,physics
iter05b_arm7,0,gb_eoh_2122r3,HP_Peak,anchor_only_XGBoost,size,-,direct,none,all,r2,-0.21913576632989096,455,81,arm7_x05,physics
iter05b_arm7,0,gb_eoh_2122r3,HP_Peak,anchor_only_XGBoost,size,-,direct,none,all,n_pred_nan,0.0,455,81,arm7_x05,physics
iter05b_arm7,0,gb_eoh_2122r3,HP_Peak,anchor_only_XGBoost,size,-,direct,none,all,mape_n_excluded,0.0,455,81,arm7_x05,physics
iter05b_arm7,0,gb_eoh_2122r3,HP_Peak,anchor_only_XGBoost,size,-,direct,none,all,wape_train,76.78218878917144,455,81,arm7_x05,physics
iter05b_arm7,0,gb_eoh_2122r3,HP_Peak,anchor_only_XGBoost,size,-,direct,none,all,wape_inner,61.488936687993636,455,81,arm7_x05,physics
iter05b_arm7,0,gb_eoh_2122r3,HP_Peak,anchor_only_XGBoost,size,-,direct,none,all,n_train_sub,2080.0,455,81,arm7_x05,physics
iter05b_arm7,0,gb_eoh_2122r3,HP_Peak,anchor_only_XGBoost,size,-,direct,none,all,n_inner_sub,1340.0,455,81,arm7_x05,physics
iter05b_arm7,0,gb_eoh_2122r3,HP_Peak,anchor_only_XGBoost,size,-,direct,none,all,n_test_sub,455.0,455,81,arm7_x05,physics
iter05b_arm7,0,gb_eoh_2122r3,HP_Peak,anchor_only_XGBoost,size,-,direct,none,all,n_overlap_sub,0.0,455,81,arm7_x05,physics
iter05b_arm7,0,gb_eoh_2122r3,HP_Peak,anchor_only_XGBoost,size,-,direct,none,pbin<=15,wape,182.95130615451433,265,81,arm7_x05,physics
iter05b_arm7,0,gb_eoh_2122r3,HP_Peak,anchor_only_XGBoost,size,-,direct,none,pbin<=15,rmse,19.121421721274157,265,81,arm7_x05,physics
iter05b_arm7,0,gb_eoh_2122r3,HP_Peak,anchor_only_XGBoost,size,-,direct,none,pbin<=15,mae,16.46621817623527,265,81,arm7_x05,physics
iter05b_arm7,0,gb_eoh_2122r3,HP_Peak,anchor_only_XGBoost,size,-,direct,none,pbin<=15,mape,267.5293101148941,265,81,arm7_x05,physics
iter05b_arm7,0,gb_eoh_2122r3,HP_Peak,anchor_only_XGBoost,size,-,direct,none,pbin<=15,r2,-3.252311992675655,265,81,arm7_x05,physics
iter05b_arm7,0,gb_eoh_2122r3,HP_Peak,anchor_only_XGBoost,size,-,direct,none,pbin<=15,n_pred_nan,0.0,265,81,arm7_x05,physics
iter05b_arm7,0,gb_eoh_2122r3,HP_Peak,anchor_only_XGBoost,size,-,direct,none,pbin<=15,mape_n_excluded,0.0,265,81,arm7_x05,physics
iter05b_arm7,0,gb_eoh_2122r3,HP_Peak,anchor_only_XGBoost,size,-,direct,none,pbin15-35,wape,22.582748558472755,125,81,arm7_x05,physics
iter05b_arm7,0,gb_eoh_2122r3,HP_Peak,anchor_only_XGBoost,size,-,direct,none,pbin15-35,rmse,5.084254232393964,125,81,arm7_x05,physics
iter05b_arm7,0,gb_eoh_2122r3,HP_Peak,anchor_only_XGBoost,size,-,direct,none,pbin15-35,mae,4.142937142032637,125,81,arm7_x05,physics
iter05b_arm7,0,gb_eoh_2122r3,HP_Peak,anchor_only_XGBoost,size,-,direct,none,pbin15-35,mape,35.2873473691668,125,81,arm7_x05,physics
iter05b_arm7,0,gb_eoh_2122r3,HP_Peak,anchor_only_XGBoost,size,-,direct,none,pbin15-35,r2,0.8889435936945261,125,81,arm7_x05,physics
iter05b_arm7,0,gb_eoh_2122r3,HP_Peak,anchor_only_XGBoost,size,-,direct,none,pbin15-35,n_pred_nan,0.0,125,81,arm7_x05,physics
iter05b_arm7,0,gb_eoh_2122r3,HP_Peak,anchor_only_XGBoost,size,-,direct,none,pbin15-35,mape_n_excluded,0.0,125,81,arm7_x05,physics
iter05b_arm7,0,gb_eoh_2122r3,HP_Peak,anchor_only_XGBoost,size,-,direct,none,pbin35-65,wape,48.82155310991142,30,63,arm7_x05,physics
iter05b_arm7,0,gb_eoh_2122r3,HP_Peak,anchor_only_XGBoost,size,-,direct,none,pbin35-65,rmse,20.94125656948582,30,63,arm7_x05,physics
iter05b_arm7,0,gb_eoh_2122r3,HP_Peak,anchor_only_XGBoost,size,-,direct,none,pbin35-65,mae,15.971744778323359,30,63,arm7_x05,physics
iter05b_arm7,0,gb_eoh_2122r3,HP_Peak,anchor_only_XGBoost,size,-,direct,none,pbin35-65,mape,42.26851620598924,30,63,arm7_x05,physics
iter05b_arm7,0,gb_eoh_2122r3,HP_Peak,anchor_only_XGBoost,size,-,direct,none,pbin35-65,r2,-0.01046691983169068,30,63,arm7_x05,physics
iter05b_arm7,0,gb_eoh_2122r3,HP_Peak,anchor_only_XGBoost,size,-,direct,none,pbin35-65,n_pred_nan,0.0,30,63,arm7_x05,physics
iter05b_arm7,0,gb_eoh_2122r3,HP_Peak,anchor_only_XGBoost,size,-,direct,none,pbin35-65,mape_n_excluded,0.0,30,63,arm7_x05,physics
iter05b_arm7,0,gb_eoh_2122r3,HP_Peak,anchor_only_XGBoost,size,-,direct,none,pbin>65,wape,68.46224424425237,35,55,arm7_x05,physics
iter05b_arm7,0,gb_eoh_2122r3,HP_Peak,anchor_only_XGBoost,size,-,direct,none,pbin>65,rmse,33.09224280563017,35,55,arm7_x05,physics
iter05b_arm7,0,gb_eoh_2122r3,HP_Peak,anchor_only_XGBoost,size,-,direct,none,pbin>65,mae,30.3058310898988,35,55,arm7_x05,physics
iter05b_arm7,0,gb_eoh_2122r3,HP_Peak,anchor_only_XGBoost,size,-,direct,none,pbin>65,mape,66.88025161254073,35,55,arm7_x05,physics
iter05b_arm7,0,gb_eoh_2122r3,HP_Peak,anchor_only_XGBoost,size,-,direct,none,pbin>65,r2,-3.056239318860703,35,55,arm7_x05,physics
iter05b_arm7,0,gb_eoh_2122r3,HP_Peak,anchor_only_XGBoost,size,-,direct,none,pbin>65,n_pred_nan,0.0,35,55,arm7_x05,physics
iter05b_arm7,0,gb_eoh_2122r3,HP_Peak,anchor_only_XGBoost,size,-,direct,none,pbin>65,mape_n_excluded,0.0,35,55,arm7_x05,physics
iter05b_arm7,0,gb_eoh_2122r3,HP_Peak,anchor_only_XGBoost,size,-,direct,none,p0.05|n10,wape,214.63872596450372,40,25,arm7_x05,physics
iter05b_arm7,0,gb_eoh_2122r3,HP_Peak,anchor_only_XGBoost,size,-,direct,none,p0.05|n10,rmse,7.50031521691188,40,25,arm7_x05,physics
iter05b_arm7,0,gb_eoh_2122r3,HP_Peak,anchor_only_XGBoost,size,-,direct,none,p0.05|n10,mae,7.418833867174348,40,25,arm7_x05,physics
iter05b_arm7,0,gb_eoh_2122r3,HP_Peak,anchor_only_XGBoost,size,-,direct,none,p0.05|n10,mape,251.57471488109294,40,25,arm7_x05,physics
iter05b_arm7,0,gb_eoh_2122r3,HP_Peak,anchor_only_XGBoost,size,-,direct,none,p0.05|n10,r2,-45.276101355752644,40,25,arm7_x05,physics
iter05b_arm7,0,gb_eoh_2122r3,HP_Peak,anchor_only_XGBoost,size,-,direct,none,p0.05|n10,n_pred_nan,0.0,40,25,arm7_x05,physics
iter05b_arm7,0,gb_eoh_2122r3,HP_Peak,anchor_only_XGBoost,size,-,direct,none,p0.05|n10,mape_n_excluded,0.0,40,25,arm7_x05,physics
iter05b_arm7,0,gb_eoh_2122r3,HP_Peak,anchor_only_XGBoost,size,-,direct,none,p0.05|n20,wape,401.41785048717054,40,29,arm7_x05,physics
iter05b_arm7,0,gb_eoh_2122r3,HP_Peak,anchor_only_XGBoost,size,-,direct,none,p0.05|n20,rmse,14.506230336494282,40,29,arm7_x05,physics
iter05b_arm7,0,gb_eoh_2122r3,HP_Peak,anchor_only_XGBoost,size,-,direct,none,p0.05|n20,mae,14.46983483583924,40,29,arm7_x05,physics
iter05b_arm7,0,gb_eoh_2122r3,HP_Peak,anchor_only_XGBoost,size,-,direct,none,p0.05|n20,mape,447.64488665120643,40,29,arm7_x05,physics
iter05b_arm7,0,gb_eoh_2122r3,HP_Peak,anchor_only_XGBoost,size,-,direct,none,p0.05|n20,r2,-198.5363531586011,40,29,arm7_x05,physics
iter05b_arm7,0,gb_eoh_2122r3,HP_Peak,anchor_only_XGBoost,size,-,direct,none,p0.05|n20,n_pred_nan,0.0,40,29,arm7_x05,physics
iter05b_arm7,0,gb_eoh_2122r3,HP_Peak,anchor_only_XGBoost,size,-,direct,none,p0.05|n20,mape_n_excluded,0.0,40,29,arm7_x05,physics
iter05b_arm7,0,gb_eoh_2122r3,HP_Peak,anchor_only_XGBoost,size,-,direct,none,p0.05|n40,wape,391.3449080105913,40,40,arm7_x05,physics
iter05b_arm7,0,gb_eoh_2122r3,HP_Peak,anchor_only_XGBoost,size,-,direct,none,p0.05|n40,rmse,25.284285651399376,40,40,arm7_x05,physics
iter05b_arm7,0,gb_eoh_2122r3,HP_Peak,anchor_only_XGBoost,size,-,direct,none,p0.05|n40,mae,25.233928328990878,40,40,arm7_x05,physics
iter05b_arm7,0,gb_eoh_2122r3,HP_Peak,anchor_only_XGBoost,size,-,direct,none,p0.05|n40,mape,425.0326089093174,40,40,arm7_x05,physics
iter05b_arm7,0,gb_eoh_2122r3,HP_Peak,anchor_only_XGBoost,size,-,direct,none,p0.05|n40,r2,-250.29899884037818,40,40,arm7_x05,physics
iter05b_arm7,0,gb_eoh_2122r3,HP_Peak,anchor_only_XGBoost,size,-,direct,none,p0.05|n40,n_pred_nan,0.0,40,40,arm7_x05,physics
iter05b_arm7,0,gb_eoh_2122r3,HP_Peak,anchor_only_XGBoost,size,-,direct,none,p0.05|n40,mape_n_excluded,0.0,40,40,arm7_x05,physics
iter05b_arm7,0,gb_eoh_2122r3,HP_Peak,anchor_only_XGBoost,size,-,direct,none,p0.05|n80,wape,280.2729931710606,15,39,arm7_x05,physics
iter05b_arm7,0,gb_eoh_2122r3,HP_Peak,anchor_only_XGBoost,size,-,direct,none,p0.05|n80,rmse,37.34456520567739,15,39,arm7_x05,physics
iter05b_arm7,0,gb_eoh_2122r3,HP_Peak,anchor_only_XGBoost,size,-,direct,none,p0.05|n80,mae,37.30668490025194,15,39,arm7_x05,physics
iter05b_arm7,0,gb_eoh_2122r3,HP_Peak,anchor_only_XGBoost,size,-,direct,none,p0.05|n80,mape,286.3053492134236,15,39,arm7_x05,physics
iter05b_arm7,0,gb_eoh_2122r3,HP_Peak,anchor_only_XGBoost,size,-,direct,none,p0.05|n80,r2,-492.1786392631064,15,39,arm7_x05,physics
iter05b_arm7,0,gb_eoh_2122r3,HP_Peak,anchor_only_XGBoost,size,-,direct,none,p0.05|n80,n_pred_nan,0.0,15,39,arm7_x05,physics
iter05b_arm7,0,gb_eoh_2122r3,HP_Peak,anchor_only_XGBoost,size,-,direct,none,p0.05|n80,mape_n_excluded,0.0,15,39,arm7_x05,physics
iter05b_arm7,0,gb_eoh_2122r3,HP_Peak,anchor_only_XGBoost,size,-,direct,none,p0.05|n120,wape,184.84078085950938,15,53,arm7_x05,physics
iter05b_arm7,0,gb_eoh_2122r3,HP_Peak,anchor_only_XGBoost,size,-,direct,none,p0.05|n120,rmse,37.094802502118874,15,53,arm7_x05,physics
iter05b_arm7,0,gb_eoh_2122r3,HP_Peak,anchor_only_XGBoost,size,-,direct,none,p0.05|n120,mae,36.98124805288304,15,53,arm7_x05,physics
iter05b_arm7,0,gb_eoh_2122r3,HP_Peak,anchor_only_XGBoost,size,-,direct,none,p0.05|n120,mape,190.70300627710114,15,53,arm7_x05,physics
iter05b_arm7,0,gb_eoh_2122r3,HP_Peak,anchor_only_XGBoost,size,-,direct,none,p0.05|n120,r2,-162.58525365171795,15,53,arm7_x05,physics
iter05b_arm7,0,gb_eoh_2122r3,HP_Peak,anchor_only_XGBoost,size,-,direct,none,p0.05|n120,n_pred_nan,0.0,15,53,arm7_x05,physics
iter05b_arm7,0,gb_eoh_2122r3,HP_Peak,anchor_only_XGBoost,size,-,direct,none,p0.05|n120,mape_n_excluded,0.0,15,53,arm7_x05,physics
iter05b_arm7,0,gb_eoh_2122r3,HP_Peak,anchor_only_XGBoost,size,-,direct,none,p0.1|n10,wape,202.22997479706984,40,26,arm7_x05,physics
iter05b_arm7,0,gb_eoh_2122r3,HP_Peak,anchor_only_XGBoost,size,-,direct,none,p0.1|n10,rmse,7.3265376673628,40,26,arm7_x05,physics
iter05b_arm7,0,gb_eoh_2122r3,HP_Peak,anchor_only_XGBoost,size,-,direct,none,p0.1|n10,mae,7.2769221991181015,40,26,arm7_x05,physics
iter05b_arm7,0,gb_eoh_2122r3,HP_Peak,anchor_only_XGBoost,size,-,direct,none,p0.1|n10,mape,216.87222881442008,40,26,arm7_x05,physics
iter05b_arm7,0,gb_eoh_2122r3,HP_Peak,anchor_only_XGBoost,size,-,direct,none,p0.1|n10,r2,-73.08405025895995,40,26,arm7_x05,physics
iter05b_arm7,0,gb_eoh_2122r3,HP_Peak,anchor_only_XGBoost,size,-,direct,none,p0.1|n10,n_pred_nan,0.0,40,26,arm7_x05,physics
iter05b_arm7,0,gb_eoh_2122r3,HP_Peak,anchor_only_XGBoost,size,-,direct,none,p0.1|n10,mape_n_excluded,0.0,40,26,arm7_x05,physics
iter05b_arm7,0,gb_eoh_2122r3,HP_Peak,anchor_only_XGBoost,size,-,direct,none,p0.1|n20,wape,159.11189666184632,40,44,arm7_x05,physics
iter05b_arm7,0,gb_eoh_2122r3,HP_Peak,anchor_only_XGBoost,size,-,direct,none,p0.1|n20,rmse,11.197713564411316,40,44,arm7_x05,physics
iter05b_arm7,0,gb_eoh_2122r3,HP_Peak,anchor_only_XGBoost,size,-,direct,none,p0.1|n20,mae,11.09895225272768,40,44,arm7_x05,physics
iter05b_arm7,0,gb_eoh_2122r3,HP_Peak,anchor_only_XGBoost,size,-,direct,none,p0.1|n20,mape,171.75180152772754,40,44,arm7_x05,physics
iter05b_arm7,0,gb_eoh_2122r3,HP_Peak,anchor_only_XGBoost,size,-,direct,none,p0.1|n20,r2,-55.94189736957803,40,44,arm7_x05,physics
iter05b_arm7,0,gb_eoh_2122r3,HP_Peak,anchor_only_XGBoost,size,-,direct,none,p0.1|n20,n_pred_nan,0.0,40,44,arm7_x05,physics
iter05b_arm7,0,gb_eoh_2122r3,HP_Peak,anchor_only_XGBoost,size,-,direct,none,p0.1|n20,mape_n_excluded,0.0,40,44,arm7_x05,physics
iter05b_arm7,0,gb_eoh_2122r3,HP_Peak,anchor_only_XGBoost,size,-,direct,none,p0.1|n40,wape,135.47690882073476,15,39,arm7_x05,physics
iter05b_arm7,0,gb_eoh_2122r3,HP_Peak,anchor_only_XGBoost,size,-,direct,none,p0.1|n40,rmse,18.367939179158675,15,39,arm7_x05,physics
iter05b_arm7,0,gb_eoh_2122r3,HP_Peak,anchor_only_XGBoost,size,-,direct,none,p0.1|n40,mae,18.22756225566854,15,39,arm7_x05,physics
iter05b_arm7,0,gb_eoh_2122r3,HP_Peak,anchor_only_XGBoost,size,-,direct,none,p0.1|n40,mape,141.69499560663428,15,39,arm7_x05,physics
iter05b_arm7,0,gb_eoh_2122r3,HP_Peak,anchor_only_XGBoost,size,-,direct,none,p0.1|n40,r2,-64.67460099159413,15,39,arm7_x05,physics
iter05b_arm7,0,gb_eoh_2122r3,HP_Peak,anchor_only_XGBoost,size,-,direct,none,p0.1|n40,n_pred_nan,0.0,15,39,arm7_x05,physics
iter05b_arm7,0,gb_eoh_2122r3,HP_Peak,anchor_only_XGBoost,size,-,direct,none,p0.1|n40,mape_n_excluded,0.0,15,39,arm7_x05,physics
iter05b_arm7,0,gb_eoh_2122r3,HP_Peak,anchor_only_XGBoost,size,-,direct,none,p0.1|n80,wape,76.1884402783908,10,46,arm7_x05,physics
iter05b_arm7,0,gb_eoh_2122r3,HP_Peak,anchor_only_XGBoost,size,-,direct,none,p0.1|n80,rmse,21.992733186867014,10,46,arm7_x05,physics
iter05b_arm7,0,gb_eoh_2122r3,HP_Peak,anchor_only_XGBoost,size,-,direct,none,p0.1|n80,mae,21.888326707267588,10,46,arm7_x05,physics
iter05b_arm7,0,gb_eoh_2122r3,HP_Peak,anchor_only_XGBoost,size,-,direct,none,p0.1|n80,mape,77.2066397479274,10,46,arm7_x05,physics
iter05b_arm7,0,gb_eoh_2122r3,HP_Peak,anchor_only_XGBoost,size,-,direct,none,p0.1|n80,r2,-104.5732398924931,10,46,arm7_x05,physics
iter05b_arm7,0,gb_eoh_2122r3,HP_Peak,anchor_only_XGBoost,size,-,direct,none,p0.1|n80,n_pred_nan,0.0,10,46,arm7_x05,physics
iter05b_arm7,0,gb_eoh_2122r3,HP_Peak,anchor_only_XGBoost,size,-,direct,none,p0.1|n80,mape_n_excluded,0.0,10,46,arm7_x05,physics
iter05b_arm7,0,gb_eoh_2122r3,HP_Peak,anchor_only_XGBoost,size,-,direct,none,p0.1|n120,wape,31.646202846415672,10,51,arm7_x05,physics
iter05b_arm7,0,gb_eoh_2122r3,HP_Peak,anchor_only_XGBoost,size,-,direct,none,p0.1|n120,rmse,14.256890351541267,10,51,arm7_x05,physics
iter05b_arm7,0,gb_eoh_2122r3,HP_Peak,anchor_only_XGBoost,size,-,direct,none,p0.1|n120,mae,13.699326214360877,10,51,arm7_x05,physics
iter05b_arm7,0,gb_eoh_2122r3,HP_Peak,anchor_only_XGBoost,size,-,direct,none,p0.1|n120,mape,32.76008851597191,10,51,arm7_x05,physics
iter05b_arm7,0,gb_eoh_2122r3,HP_Peak,anchor_only_XGBoost,size,-,direct,none,p0.1|n120,r2,-12.039963955208043,10,51,arm7_x05,physics
iter05b_arm7,0,gb_eoh_2122r3,HP_Peak,anchor_only_XGBoost,size,-,direct,none,p0.1|n120,n_pred_nan,0.0,10,51,arm7_x05,physics
iter05b_arm7,0,gb_eoh_2122r3,HP_Peak,anchor_only_XGBoost,size,-,direct,none,p0.1|n120,mape_n_excluded,0.0,10,51,arm7_x05,physics
iter05b_arm7,0,gb_eoh_2122r3,HP_Peak,anchor_only_XGBoost,size,-,direct,none,p0.2|n10,wape,59.01566154708032,40,40,arm7_x05,physics
iter05b_arm7,0,gb_eoh_2122r3,HP_Peak,anchor_only_XGBoost,size,-,direct,none,p0.2|n10,rmse,4.272004070173435,40,40,arm7_x05,physics
iter05b_arm7,0,gb_eoh_2122r3,HP_Peak,anchor_only_XGBoost,size,-,direct,none,p0.2|n10,mae,4.036200027131981,40,40,arm7_x05,physics
iter05b_arm7,0,gb_eoh_2122r3,HP_Peak,anchor_only_XGBoost,size,-,direct,none,p0.2|n10,mape,65.88985303608553,40,40,arm7_x05,physics
iter05b_arm7,0,gb_eoh_2122r3,HP_Peak,anchor_only_XGBoost,size,-,direct,none,p0.2|n10,r2,-8.310129435553929,40,40,arm7_x05,physics
iter05b_arm7,0,gb_eoh_2122r3,HP_Peak,anchor_only_XGBoost,size,-,direct,none,p0.2|n10,n_pred_nan,0.0,40,40,arm7_x05,physics
iter05b_arm7,0,gb_eoh_2122r3,HP_Peak,anchor_only_XGBoost,size,-,direct,none,p0.2|n10,mape_n_excluded,0.0,40,40,arm7_x05,physics
iter05b_arm7,0,gb_eoh_2122r3,HP_Peak,anchor_only_XGBoost,size,-,direct,none,p0.2|n20,wape,39.59317362752199,15,40,arm7_x05,physics
iter05b_arm7,0,gb_eoh_2122r3,HP_Peak,anchor_only_XGBoost,size,-,direct,none,p0.2|n20,rmse,5.441742097792238,15,40,arm7_x05,physics
iter05b_arm7,0,gb_eoh_2122r3,HP_Peak,anchor_only_XGBoost,size,-,direct,none,p0.2|n20,mae,5.12652190189351,15,40,arm7_x05,physics
iter05b_arm7,0,gb_eoh_2122r3,HP_Peak,anchor_only_XGBoost,size,-,direct,none,p0.2|n20,mape,42.245751173931936,15,40,arm7_x05,physics
iter05b_arm7,0,gb_eoh_2122r3,HP_Peak,anchor_only_XGBoost,size,-,direct,none,p0.2|n20,r2,-7.889108809935898,15,40,arm7_x05,physics
iter05b_arm7,0,gb_eoh_2122r3,HP_Peak,anchor_only_XGBoost,size,-,direct,none,p0.2|n20,n_pred_nan,0.0,15,40,arm7_x05,physics
iter05b_arm7,0,gb_eoh_2122r3,HP_Peak,anchor_only_XGBoost,size,-,direct,none,p0.2|n20,mape_n_excluded,0.0,15,40,arm7_x05,physics
iter05b_arm7,0,gb_eoh_2122r3,HP_Peak,anchor_only_XGBoost,size,-,direct,none,p0.2|n40,wape,10.929946924740745,10,45,arm7_x05,physics
iter05b_arm7,0,gb_eoh_2122r3,HP_Peak,anchor_only_XGBoost,size,-,direct,none,p0.2|n40,rmse,3.488083203164131,10,45,arm7_x05,physics
iter05b_arm7,0,gb_eoh_2122r3,HP_Peak,anchor_only_XGBoost,size,-,direct,none,p0.2|n40,mae,3.1344881777284828,10,45,arm7_x05,physics
iter05b_arm7,0,gb_eoh_2122r3,HP_Peak,anchor_only_XGBoost,size,-,direct,none,p0.2|n40,mape,11.276920511693474,10,45,arm7_x05,physics
iter05b_arm7,0,gb_eoh_2122r3,HP_Peak,anchor_only_XGBoost,size,-,direct,none,p0.2|n40,r2,-2.8710351795098883,10,45,arm7_x05,physics
iter05b_arm7,0,gb_eoh_2122r3,HP_Peak,anchor_only_XGBoost,size,-,direct,none,p0.2|n40,n_pred_nan,0.0,10,45,arm7_x05,physics
iter05b_arm7,0,gb_eoh_2122r3,HP_Peak,anchor_only_XGBoost,size,-,direct,none,p0.2|n40,mape_n_excluded,0.0,10,45,arm7_x05,physics
iter05b_arm7,0,gb_eoh_2122r3,HP_Peak,anchor_only_XGBoost,size,-,direct,none,p0.2|n80,wape,10.416923724668315,10,53,arm7_x05,physics
iter05b_arm7,0,gb_eoh_2122r3,HP_Peak,anchor_only_XGBoost,size,-,direct,none,p0.2|n80,rmse,7.161584475402914,10,53,arm7_x05,physics
iter05b_arm7,0,gb_eoh_2122r3,HP_Peak,anchor_only_XGBoost,size,-,direct,none,p0.2|n80,mae,5.873383352422974,10,53,arm7_x05,physics
iter05b_arm7,0,gb_eoh_2122r3,HP_Peak,anchor_only_XGBoost,size,-,direct,none,p0.2|n80,mape,9.933235308700425,10,53,arm7_x05,physics
iter05b_arm7,0,gb_eoh_2122r3,HP_Peak,anchor_only_XGBoost,size,-,direct,none,p0.2|n80,r2,-1.8420005324081905,10,53,arm7_x05,physics
iter05b_arm7,0,gb_eoh_2122r3,HP_Peak,anchor_only_XGBoost,size,-,direct,none,p0.2|n80,n_pred_nan,0.0,10,53,arm7_x05,physics
iter05b_arm7,0,gb_eoh_2122r3,HP_Peak,anchor_only_XGBoost,size,-,direct,none,p0.2|n80,mape_n_excluded,0.0,10,53,arm7_x05,physics
iter05b_arm7,0,gb_eoh_2122r3,HP_Peak,anchor_only_XGBoost,size,-,direct,none,p0.3|n10,wape,19.04226368733822,25,41,arm7_x05,physics
iter05b_arm7,0,gb_eoh_2122r3,HP_Peak,anchor_only_XGBoost,size,-,direct,none,p0.3|n10,rmse,2.228401622074802,25,41,arm7_x05,physics
iter05b_arm7,0,gb_eoh_2122r3,HP_Peak,anchor_only_XGBoost,size,-,direct,none,p0.3|n10,mae,1.9653804506969683,25,41,arm7_x05,physics
iter05b_arm7,0,gb_eoh_2122r3,HP_Peak,anchor_only_XGBoost,size,-,direct,none,p0.3|n10,mape,20.30330523919237,25,41,arm7_x05,physics
iter05b_arm7,0,gb_eoh_2122r3,HP_Peak,anchor_only_XGBoost,size,-,direct,none,p0.3|n10,r2,-0.06590660778611368,25,41,arm7_x05,physics
iter05b_arm7,0,gb_eoh_2122r3,HP_Peak,anchor_only_XGBoost,size,-,direct,none,p0.3|n10,n_pred_nan,0.0,25,41,arm7_x05,physics
iter05b_arm7,0,gb_eoh_2122r3,HP_Peak,anchor_only_XGBoost,size,-,direct,none,p0.3|n10,mape_n_excluded,0.0,25,41,arm7_x05,physics
iter05b_arm7,0,gb_eoh_2122r3,HP_Peak,anchor_only_XGBoost,size,-,direct,none,p0.3|n20,wape,13.118798042445636,15,51,arm7_x05,physics
iter05b_arm7,0,gb_eoh_2122r3,HP_Peak,anchor_only_XGBoost,size,-,direct,none,p0.3|n20,rmse,3.107870795009192,15,51,arm7_x05,physics
iter05b_arm7,0,gb_eoh_2122r3,HP_Peak,anchor_only_XGBoost,size,-,direct,none,p0.3|n20,mae,2.6136892128309115,15,51,arm7_x05,physics
iter05b_arm7,0,gb_eoh_2122r3,HP_Peak,anchor_only_XGBoost,size,-,direct,none,p0.3|n20,mape,12.363387259697483,15,51,arm7_x05,physics
iter05b_arm7,0,gb_eoh_2122r3,HP_Peak,anchor_only_XGBoost,size,-,direct,none,p0.3|n20,r2,-0.547623290221543,15,51,arm7_x05,physics
iter05b_arm7,0,gb_eoh_2122r3,HP_Peak,anchor_only_XGBoost,size,-,direct,none,p0.3|n20,n_pred_nan,0.0,15,51,arm7_x05,physics
iter05b_arm7,0,gb_eoh_2122r3,HP_Peak,anchor_only_XGBoost,size,-,direct,none,p0.3|n20,mape_n_excluded,0.0,15,51,arm7_x05,physics
iter05b_arm7,0,gb_eoh_2122r3,HP_Peak,anchor_only_XGBoost,size,-,direct,none,p0.3|n40,wape,24.19177151815032,10,53,arm7_x05,physics
iter05b_arm7,0,gb_eoh_2122r3,HP_Peak,anchor_only_XGBoost,size,-,direct,none,p0.3|n40,rmse,10.739825912609609,10,53,arm7_x05,physics
iter05b_arm7,0,gb_eoh_2122r3,HP_Peak,anchor_only_XGBoost,size,-,direct,none,p0.3|n40,mae,10.11027483789953,10,53,arm7_x05,physics
iter05b_arm7,0,gb_eoh_2122r3,HP_Peak,anchor_only_XGBoost,size,-,direct,none,p0.3|n40,mape,23.650303401423933,10,53,arm7_x05,physics
iter05b_arm7,0,gb_eoh_2122r3,HP_Peak,anchor_only_XGBoost,size,-,direct,none,p0.3|n40,r2,-7.787298024174312,10,53,arm7_x05,physics
iter05b_arm7,0,gb_eoh_2122r3,HP_Peak,anchor_only_XGBoost,size,-,direct,none,p0.3|n40,n_pred_nan,0.0,10,53,arm7_x05,physics
iter05b_arm7,0,gb_eoh_2122r3,HP_Peak,anchor_only_XGBoost,size,-,direct,none,p0.3|n40,mape_n_excluded,0.0,10,53,arm7_x05,physics
iter05b_arm7,0,gb_eoh_2122r3,HP_Peak,anchor_only_XGBoost,size,-,direct,none,p0.5|n10,wape,34.14360306754604,15,41,arm7_x05,physics
iter05b_arm7,0,gb_eoh_2122r3,HP_Peak,anchor_only_XGBoost,size,-,direct,none,p0.5|n10,rmse,6.301429662926252,15,41,arm7_x05,physics
iter05b_arm7,0,gb_eoh_2122r3,HP_Peak,anchor_only_XGBoost,size,-,direct,none,p0.5|n10,mae,5.638338189935782,15,41,arm7_x05,physics
iter05b_arm7,0,gb_eoh_2122r3,HP_Peak,anchor_only_XGBoost,size,-,direct,none,p0.5|n10,mape,32.4133705990569,15,41,arm7_x05,physics
iter05b_arm7,0,gb_eoh_2122r3,HP_Peak,anchor_only_XGBoost,size,-,direct,none,p0.5|n10,r2,-4.015437929786502,15,41,arm7_x05,physics
iter05b_arm7,0,gb_eoh_2122r3,HP_Peak,anchor_only_XGBoost,size,-,direct,none,p0.5|n10,n_pred_nan,0.0,15,41,arm7_x05,physics
iter05b_arm7,0,gb_eoh_2122r3,HP_Peak,anchor_only_XGBoost,size,-,direct,none,p0.5|n10,mape_n_excluded,0.0,15,41,arm7_x05,physics
iter05b_arm7,0,gb_eoh_2122r3,HP_Peak,anchor_only_XGBoost,size,-,direct,none,p0.5|n20,wape,50.05720470269286,10,49,arm7_x05,physics
iter05b_arm7,0,gb_eoh_2122r3,HP_Peak,anchor_only_XGBoost,size,-,direct,none,p0.5|n20,rmse,18.549355103340623,10,49,arm7_x05,physics
iter05b_arm7,0,gb_eoh_2122r3,HP_Peak,anchor_only_XGBoost,size,-,direct,none,p0.5|n20,mae,18.115921561146017,10,49,arm7_x05,physics
iter05b_arm7,0,gb_eoh_2122r3,HP_Peak,anchor_only_XGBoost,size,-,direct,none,p0.5|n20,mape,49.49478157585965,10,49,arm7_x05,physics
iter05b_arm7,0,gb_eoh_2122r3,HP_Peak,anchor_only_XGBoost,size,-,direct,none,p0.5|n20,r2,-20.651109033935906,10,49,arm7_x05,physics
iter05b_arm7,0,gb_eoh_2122r3,HP_Peak,anchor_only_XGBoost,size,-,direct,none,p0.5|n20,n_pred_nan,0.0,10,49,arm7_x05,physics
iter05b_arm7,0,gb_eoh_2122r3,HP_Peak,anchor_only_XGBoost,size,-,direct,none,p0.5|n20,mape_n_excluded,0.0,10,49,arm7_x05,physics
iter05b_arm7,0,gb_eoh_2122r3,HP_Peak,anchor_only_XGBoost,size,-,direct,none,p0.5|n40,wape,57.397028389092355,5,30,arm7_x05,physics
iter05b_arm7,0,gb_eoh_2122r3,HP_Peak,anchor_only_XGBoost,size,-,direct,none,p0.5|n40,rmse,42.7075656454933,5,30,arm7_x05,physics
iter05b_arm7,0,gb_eoh_2122r3,HP_Peak,anchor_only_XGBoost,size,-,direct,none,p0.5|n40,mae,42.6836109778408,5,30,arm7_x05,physics
iter05b_arm7,0,gb_eoh_2122r3,HP_Peak,anchor_only_XGBoost,size,-,direct,none,p0.5|n40,mape,57.38142228704546,5,30,arm7_x05,physics
iter05b_arm7,0,gb_eoh_2122r3,HP_Peak,anchor_only_XGBoost,size,-,direct,none,p0.5|n40,r2,-890.6747867057587,5,30,arm7_x05,physics
iter05b_arm7,0,gb_eoh_2122r3,HP_Peak,anchor_only_XGBoost,size,-,direct,none,p0.5|n40,n_pred_nan,0.0,5,30,arm7_x05,physics
iter05b_arm7,0,gb_eoh_2122r3,HP_Peak,anchor_only_XGBoost,size,-,direct,none,p0.5|n40,mape_n_excluded,0.0,5,30,arm7_x05,physics
iter05b_arm7,0,gb_eoh_2122r3,HP_Peak,anchor_only_XGBoost,size,-,direct,none,p0.8|n10,wape,60.63805252376835,10,44,arm7_x05,physics
iter05b_arm7,0,gb_eoh_2122r3,HP_Peak,anchor_only_XGBoost,size,-,direct,none,p0.8|n10,rmse,16.947503091709084,10,44,arm7_x05,physics
iter05b_arm7,0,gb_eoh_2122r3,HP_Peak,anchor_only_XGBoost,size,-,direct,none,p0.8|n10,mae,16.753610185480305,10,44,arm7_x05,physics
iter05b_arm7,0,gb_eoh_2122r3,HP_Peak,anchor_only_XGBoost,size,-,direct,none,p0.8|n10,mape,60.2966627716872,10,44,arm7_x05,physics
iter05b_arm7,0,gb_eoh_2122r3,HP_Peak,anchor_only_XGBoost,size,-,direct,none,p0.8|n10,r2,-42.95469550489377,10,44,arm7_x05,physics
iter05b_arm7,0,gb_eoh_2122r3,HP_Peak,anchor_only_XGBoost,size,-,direct,none,p0.8|n10,n_pred_nan,0.0,10,44,arm7_x05,physics
iter05b_arm7,0,gb_eoh_2122r3,HP_Peak,anchor_only_XGBoost,size,-,direct,none,p0.8|n10,mape_n_excluded,0.0,10,44,arm7_x05,physics
iter05b_arm7,0,gb_eoh_2122r3,HP_Peak,anchor_only_XGBoost,size,-,direct,none,p0.8|n20,wape,67.43301832302181,10,53,arm7_x05,physics
iter05b_arm7,0,gb_eoh_2122r3,HP_Peak,anchor_only_XGBoost,size,-,direct,none,p0.8|n20,rmse,37.6808436952215,10,53,arm7_x05,physics
iter05b_arm7,0,gb_eoh_2122r3,HP_Peak,anchor_only_XGBoost,size,-,direct,none,p0.8|n20,mae,37.424996908927326,10,53,arm7_x05,physics
iter05b_arm7,0,gb_eoh_2122r3,HP_Peak,anchor_only_XGBoost,size,-,direct,none,p0.8|n20,mape,67.22607213755907,10,53,arm7_x05,physics
iter05b_arm7,0,gb_eoh_2122r3,HP_Peak,anchor_only_XGBoost,size,-,direct,none,p0.8|n20,r2,-72.89032202614602,10,53,arm7_x05,physics
iter05b_arm7,0,gb_eoh_2122r3,HP_Peak,anchor_only_XGBoost,size,-,direct,none,p0.8|n20,n_pred_nan,0.0,10,53,arm7_x05,physics
iter05b_arm7,0,gb_eoh_2122r3,HP_Peak,anchor_only_XGBoost,size,-,direct,none,p0.8|n20,mape_n_excluded,0.0,10,53,arm7_x05,physics
iter05b_arm7,0,gb_eoh_2122r3,HP_Peak,anchor_only_XGBoost,size,-,direct,none,p1.0|n10,wape,69.0455926352896,10,52,arm7_x05,physics
iter05b_arm7,0,gb_eoh_2122r3,HP_Peak,anchor_only_XGBoost,size,-,direct,none,p1.0|n10,rmse,24.380556837121915,10,52,arm7_x05,physics
iter05b_arm7,0,gb_eoh_2122r3,HP_Peak,anchor_only_XGBoost,size,-,direct,none,p1.0|n10,mae,24.257900304436916,10,52,arm7_x05,physics
iter05b_arm7,0,gb_eoh_2122r3,HP_Peak,anchor_only_XGBoost,size,-,direct,none,p1.0|n10,mape,68.89950129874268,10,52,arm7_x05,physics
iter05b_arm7,0,gb_eoh_2122r3,HP_Peak,anchor_only_XGBoost,size,-,direct,none,p1.0|n10,r2,-98.6361107970806,10,52,arm7_x05,physics
iter05b_arm7,0,gb_eoh_2122r3,HP_Peak,anchor_only_XGBoost,size,-,direct,none,p1.0|n10,n_pred_nan,0.0,10,52,arm7_x05,physics
iter05b_arm7,0,gb_eoh_2122r3,HP_Peak,anchor_only_XGBoost,size,-,direct,none,p1.0|n10,mape_n_excluded,0.0,10,52,arm7_x05,physics
iter05b_arm7,0,gb_eoh_2122r3,HP_Peak,anchor_only_XGBoost,size,-,direct,none,p1.0|n20,wape,75.3559520461236,5,30,arm7_x05,physics
iter05b_arm7,0,gb_eoh_2122r3,HP_Peak,anchor_only_XGBoost,size,-,direct,none,p1.0|n20,rmse,55.34189144506,5,30,arm7_x05,physics
iter05b_arm7,0,gb_eoh_2122r3,HP_Peak,anchor_only_XGBoost,size,-,direct,none,p1.0|n20,mae,55.26780283160249,5,30,arm7_x05,physics
iter05b_arm7,0,gb_eoh_2122r3,HP_Peak,anchor_only_XGBoost,size,-,direct,none,p1.0|n20,mape,75.31728887180712,5,30,arm7_x05,physics
iter05b_arm7,0,gb_eoh_2122r3,HP_Peak,anchor_only_XGBoost,size,-,direct,none,p1.0|n20,r2,-372.7346265535058,5,30,arm7_x05,physics
iter05b_arm7,0,gb_eoh_2122r3,HP_Peak,anchor_only_XGBoost,size,-,direct,none,p1.0|n20,n_pred_nan,0.0,5,30,arm7_x05,physics
iter05b_arm7,0,gb_eoh_2122r3,HP_Peak,anchor_only_XGBoost,size,-,direct,none,p1.0|n20,mape_n_excluded,0.0,5,30,arm7_x05,physics
iter05b_arm7,0,gb_eoh_2122r3,HP_Peak,anchor_only_XGBoost,peak,-,direct,none,all,wape,54.8232331672764,455,81,arm7_x05,physics
iter05b_arm7,0,gb_eoh_2122r3,HP_Peak,anchor_only_XGBoost,peak,-,direct,none,all,rmse,13.135874694575895,455,81,arm7_x05,physics
iter05b_arm7,0,gb_eoh_2122r3,HP_Peak,anchor_only_XGBoost,peak,-,direct,none,all,mae,8.68622702815088,455,81,arm7_x05,physics
iter05b_arm7,0,gb_eoh_2122r3,HP_Peak,anchor_only_XGBoost,peak,-,direct,none,all,mape,84.89710449832104,455,81,arm7_x05,physics
iter05b_arm7,0,gb_eoh_2122r3,HP_Peak,anchor_only_XGBoost,peak,-,direct,none,all,r2,0.3686628199998304,455,81,arm7_x05,physics
iter05b_arm7,0,gb_eoh_2122r3,HP_Peak,anchor_only_XGBoost,peak,-,direct,none,all,n_pred_nan,0.0,455,81,arm7_x05,physics
iter05b_arm7,0,gb_eoh_2122r3,HP_Peak,anchor_only_XGBoost,peak,-,direct,none,all,mape_n_excluded,0.0,455,81,arm7_x05,physics
iter05b_arm7,0,gb_eoh_2122r3,HP_Peak,anchor_only_XGBoost,peak,-,direct,none,all,wape_train,44.396515984518,455,81,arm7_x05,physics
iter05b_arm7,0,gb_eoh_2122r3,HP_Peak,anchor_only_XGBoost,peak,-,direct,none,all,wape_inner,43.855790448298,455,81,arm7_x05,physics
iter05b_arm7,0,gb_eoh_2122r3,HP_Peak,anchor_only_XGBoost,peak,-,direct,none,all,n_train_sub,2080.0,455,81,arm7_x05,physics
iter05b_arm7,0,gb_eoh_2122r3,HP_Peak,anchor_only_XGBoost,peak,-,direct,none,all,n_inner_sub,1340.0,455,81,arm7_x05,physics
iter05b_arm7,0,gb_eoh_2122r3,HP_Peak,anchor_only_XGBoost,peak,-,direct,none,all,n_test_sub,455.0,455,81,arm7_x05,physics
iter05b_arm7,0,gb_eoh_2122r3,HP_Peak,anchor_only_XGBoost,peak,-,direct,none,all,n_overlap_sub,0.0,455,81,arm7_x05,physics
iter05b_arm7,0,gb_eoh_2122r3,HP_Peak,anchor_only_XGBoost,peak,-,direct,none,pbin<=15,wape,97.96070069173709,265,81,arm7_x05,physics
iter05b_arm7,0,gb_eoh_2122r3,HP_Peak,anchor_only_XGBoost,peak,-,direct,none,pbin<=15,rmse,13.197400094211586,265,81,arm7_x05,physics
iter05b_arm7,0,gb_eoh_2122r3,HP_Peak,anchor_only_XGBoost,peak,-,direct,none,pbin<=15,mae,8.816784663590786,265,81,arm7_x05,physics
iter05b_arm7,0,gb_eoh_2122r3,HP_Peak,anchor_only_XGBoost,peak,-,direct,none,pbin<=15,mape,124.88771594012333,265,81,arm7_x05,physics
iter05b_arm7,0,gb_eoh_2122r3,HP_Peak,anchor_only_XGBoost,peak,-,direct,none,pbin<=15,r2,-1.0256365629477915,265,81,arm7_x05,physics
iter05b_arm7,0,gb_eoh_2122r3,HP_Peak,anchor_only_XGBoost,peak,-,direct,none,pbin<=15,n_pred_nan,0.0,265,81,arm7_x05,physics
iter05b_arm7,0,gb_eoh_2122r3,HP_Peak,anchor_only_XGBoost,peak,-,direct,none,pbin<=15,mape_n_excluded,0.0,265,81,arm7_x05,physics
iter05b_arm7,0,gb_eoh_2122r3,HP_Peak,anchor_only_XGBoost,peak,-,direct,none,pbin15-35,wape,21.253877548844375,125,81,arm7_x05,physics
iter05b_arm7,0,gb_eoh_2122r3,HP_Peak,anchor_only_XGBoost,peak,-,direct,none,pbin15-35,rmse,6.331646473602869,125,81,arm7_x05,physics
iter05b_arm7,0,gb_eoh_2122r3,HP_Peak,anchor_only_XGBoost,peak,-,direct,none,pbin15-35,mae,3.8991479926071455,125,81,arm7_x05,physics
iter05b_arm7,0,gb_eoh_2122r3,HP_Peak,anchor_only_XGBoost,peak,-,direct,none,pbin15-35,mape,21.62490271333981,125,81,arm7_x05,physics
iter05b_arm7,0,gb_eoh_2122r3,HP_Peak,anchor_only_XGBoost,peak,-,direct,none,pbin15-35,r2,0.82776460138211,125,81,arm7_x05,physics
iter05b_arm7,0,gb_eoh_2122r3,HP_Peak,anchor_only_XGBoost,peak,-,direct,none,pbin15-35,n_pred_nan,0.0,125,81,arm7_x05,physics
iter05b_arm7,0,gb_eoh_2122r3,HP_Peak,anchor_only_XGBoost,peak,-,direct,none,pbin15-35,mape_n_excluded,0.0,125,81,arm7_x05,physics
iter05b_arm7,0,gb_eoh_2122r3,HP_Peak,anchor_only_XGBoost,peak,-,direct,none,pbin35-65,wape,50.80511365281444,30,63,arm7_x05,physics
iter05b_arm7,0,gb_eoh_2122r3,HP_Peak,anchor_only_XGBoost,peak,-,direct,none,pbin35-65,rmse,21.688384641688252,30,63,arm7_x05,physics
iter05b_arm7,0,gb_eoh_2122r3,HP_Peak,anchor_only_XGBoost,peak,-,direct,none,pbin35-65,mae,16.620657414762363,30,63,arm7_x05,physics
iter05b_arm7,0,gb_eoh_2122r3,HP_Peak,anchor_only_XGBoost,peak,-,direct,none,pbin35-65,mape,46.30488729312032,30,63,arm7_x05,physics
iter05b_arm7,0,gb_eoh_2122r3,HP_Peak,anchor_only_XGBoost,peak,-,direct,none,pbin35-65,r2,-0.08385463335971388,30,63,arm7_x05,physics
iter05b_arm7,0,gb_eoh_2122r3,HP_Peak,anchor_only_XGBoost,peak,-,direct,none,pbin35-65,n_pred_nan,0.0,30,63,arm7_x05,physics
iter05b_arm7,0,gb_eoh_2122r3,HP_Peak,anchor_only_XGBoost,peak,-,direct,none,pbin35-65,mape_n_excluded,0.0,30,63,arm7_x05,physics
iter05b_arm7,0,gb_eoh_2122r3,HP_Peak,anchor_only_XGBoost,peak,-,direct,none,pbin>65,wape,40.648107779293476,35,55,arm7_x05,physics
iter05b_arm7,0,gb_eoh_2122r3,HP_Peak,anchor_only_XGBoost,peak,-,direct,none,pbin>65,rmse,19.444121940644404,35,55,arm7_x05,physics
iter05b_arm7,0,gb_eoh_2122r3,HP_Peak,anchor_only_XGBoost,peak,-,direct,none,pbin>65,mae,17.993489726809376,35,55,arm7_x05,physics
iter05b_arm7,0,gb_eoh_2122r3,HP_Peak,anchor_only_XGBoost,peak,-,direct,none,pbin>65,mape,41.16223898978026,35,55,arm7_x05,physics
iter05b_arm7,0,gb_eoh_2122r3,HP_Peak,anchor_only_XGBoost,peak,-,direct,none,pbin>65,r2,-0.4003862509542748,35,55,arm7_x05,physics
iter05b_arm7,0,gb_eoh_2122r3,HP_Peak,anchor_only_XGBoost,peak,-,direct,none,pbin>65,n_pred_nan,0.0,35,55,arm7_x05,physics
iter05b_arm7,0,gb_eoh_2122r3,HP_Peak,anchor_only_XGBoost,peak,-,direct,none,pbin>65,mape_n_excluded,0.0,35,55,arm7_x05,physics
iter05b_arm7,0,gb_eoh_2122r3,HP_Peak,anchor_only_XGBoost,peak,-,direct,none,p0.05|n10,wape,80.26881891265126,40,25,arm7_x05,physics
iter05b_arm7,0,gb_eoh_2122r3,HP_Peak,anchor_only_XGBoost,peak,-,direct,none,p0.05|n10,rmse,2.959646324863852,40,25,arm7_x05,physics
iter05b_arm7,0,gb_eoh_2122r3,HP_Peak,anchor_only_XGBoost,peak,-,direct,none,p0.05|n10,mae,2.7744342478334687,40,25,arm7_x05,physics
iter05b_arm7,0,gb_eoh_2122r3,HP_Peak,anchor_only_XGBoost,peak,-,direct,none,p0.05|n10,mape,96.57858453736804,40,25,arm7_x05,physics
iter05b_arm7,0,gb_eoh_2122r3,HP_Peak,anchor_only_XGBoost,peak,-,direct,none,p0.05|n10,r2,-6.2057197037906615,40,25,arm7_x05,physics
iter05b_arm7,0,gb_eoh_2122r3,HP_Peak,anchor_only_XGBoost,peak,-,direct,none,p0.05|n10,n_pred_nan,0.0,40,25,arm7_x05,physics
iter05b_arm7,0,gb_eoh_2122r3,HP_Peak,anchor_only_XGBoost,peak,-,direct,none,p0.05|n10,mape_n_excluded,0.0,40,25,arm7_x05,physics
iter05b_arm7,0,gb_eoh_2122r3,HP_Peak,anchor_only_XGBoost,peak,-,direct,none,p0.05|n20,wape,185.40861196868548,40,29,arm7_x05,physics
iter05b_arm7,0,gb_eoh_2122r3,HP_Peak,anchor_only_XGBoost,peak,-,direct,none,p0.05|n20,rmse,7.33249833081392,40,29,arm7_x05,physics
iter05b_arm7,0,gb_eoh_2122r3,HP_Peak,anchor_only_XGBoost,peak,-,direct,none,p0.05|n20,mae,6.683389861893621,40,29,arm7_x05,physics
iter05b_arm7,0,gb_eoh_2122r3,HP_Peak,anchor_only_XGBoost,peak,-,direct,none,p0.05|n20,mape,215.3345470187053,40,29,arm7_x05,physics
iter05b_arm7,0,gb_eoh_2122r3,HP_Peak,anchor_only_XGBoost,peak,-,direct,none,p0.05|n20,r2,-49.981996392558194,40,29,arm7_x05,physics
iter05b_arm7,0,gb_eoh_2122r3,HP_Peak,anchor_only_XGBoost,peak,-,direct,none,p0.05|n20,n_pred_nan,0.0,40,29,arm7_x05,physics
iter05b_arm7,0,gb_eoh_2122r3,HP_Peak,anchor_only_XGBoost,peak,-,direct,none,p0.05|n20,mape_n_excluded,0.0,40,29,arm7_x05,physics
iter05b_arm7,0,gb_eoh_2122r3,HP_Peak,anchor_only_XGBoost,peak,-,direct,none,p0.05|n40,wape,186.5657484005111,40,40,arm7_x05,physics
iter05b_arm7,0,gb_eoh_2122r3,HP_Peak,anchor_only_XGBoost,peak,-,direct,none,p0.05|n40,rmse,12.81385322564689,40,40,arm7_x05,physics
iter05b_arm7,0,gb_eoh_2122r3,HP_Peak,anchor_only_XGBoost,peak,-,direct,none,p0.05|n40,mae,12.029763585567414,40,40,arm7_x05,physics
iter05b_arm7,0,gb_eoh_2122r3,HP_Peak,anchor_only_XGBoost,peak,-,direct,none,p0.05|n40,mape,205.93052566834075,40,40,arm7_x05,physics
iter05b_arm7,0,gb_eoh_2122r3,HP_Peak,anchor_only_XGBoost,peak,-,direct,none,p0.05|n40,r2,-63.54295905523519,40,40,arm7_x05,physics
iter05b_arm7,0,gb_eoh_2122r3,HP_Peak,anchor_only_XGBoost,peak,-,direct,none,p0.05|n40,n_pred_nan,0.0,40,40,arm7_x05,physics
iter05b_arm7,0,gb_eoh_2122r3,HP_Peak,anchor_only_XGBoost,peak,-,direct,none,p0.05|n40,mape_n_excluded,0.0,40,40,arm7_x05,physics
iter05b_arm7,0,gb_eoh_2122r3,HP_Peak,anchor_only_XGBoost,peak,-,direct,none,p0.05|n80,wape,143.03133807455325,15,39,arm7_x05,physics
iter05b_arm7,0,gb_eoh_2122r3,HP_Peak,anchor_only_XGBoost,peak,-,direct,none,p0.05|n80,rmse,19.433346509237065,15,39,arm7_x05,physics
iter05b_arm7,0,gb_eoh_2122r3,HP_Peak,anchor_only_XGBoost,peak,-,direct,none,p0.05|n80,mae,19.038670119571595,15,39,arm7_x05,physics
iter05b_arm7,0,gb_eoh_2122r3,HP_Peak,anchor_only_XGBoost,peak,-,direct,none,p0.05|n80,mape,145.87471618520235,15,39,arm7_x05,physics
iter05b_arm7,0,gb_eoh_2122r3,HP_Peak,anchor_only_XGBoost,peak,-,direct,none,p0.05|n80,r2,-132.55022750001223,15,39,arm7_x05,physics
iter05b_arm7,0,gb_eoh_2122r3,HP_Peak,anchor_only_XGBoost,peak,-,direct,none,p0.05|n80,n_pred_nan,0.0,15,39,arm7_x05,physics
iter05b_arm7,0,gb_eoh_2122r3,HP_Peak,anchor_only_XGBoost,peak,-,direct,none,p0.05|n80,mape_n_excluded,0.0,15,39,arm7_x05,physics
iter05b_arm7,0,gb_eoh_2122r3,HP_Peak,anchor_only_XGBoost,peak,-,direct,none,p0.05|n120,wape,168.16834558558557,15,53,arm7_x05,physics
iter05b_arm7,0,gb_eoh_2122r3,HP_Peak,anchor_only_XGBoost,peak,-,direct,none,p0.05|n120,rmse,34.31182991133873,15,53,arm7_x05,physics
iter05b_arm7,0,gb_eoh_2122r3,HP_Peak,anchor_only_XGBoost,peak,-,direct,none,p0.05|n120,mae,33.64558012482314,15,53,arm7_x05,physics
iter05b_arm7,0,gb_eoh_2122r3,HP_Peak,anchor_only_XGBoost,peak,-,direct,none,p0.05|n120,mape,174.81083571473349,15,53,arm7_x05,physics
iter05b_arm7,0,gb_eoh_2122r3,HP_Peak,anchor_only_XGBoost,peak,-,direct,none,p0.05|n120,r2,-138.96059694982378,15,53,arm7_x05,physics
iter05b_arm7,0,gb_eoh_2122r3,HP_Peak,anchor_only_XGBoost,peak,-,direct,none,p0.05|n120,n_pred_nan,0.0,15,53,arm7_x05,physics
iter05b_arm7,0,gb_eoh_2122r3,HP_Peak,anchor_only_XGBoost,peak,-,direct,none,p0.05|n120,mape_n_excluded,0.0,15,53,arm7_x05,physics
iter05b_arm7,0,gb_eoh_2122r3,HP_Peak,anchor_only_XGBoost,peak,-,direct,none,p0.1|n10,wape,70.43657623302312,40,26,arm7_x05,physics
iter05b_arm7,0,gb_eoh_2122r3,HP_Peak,anchor_only_XGBoost,peak,-,direct,none,p0.1|n10,rmse,2.792004393419731,40,26,arm7_x05,physics
iter05b_arm7,0,gb_eoh_2122r3,HP_Peak,anchor_only_XGBoost,peak,-,direct,none,p0.1|n10,mae,2.5345475404143056,40,26,arm7_x05,physics
iter05b_arm7,0,gb_eoh_2122r3,HP_Peak,anchor_only_XGBoost,peak,-,direct,none,p0.1|n10,mape,79.10216581866774,40,26,arm7_x05,physics
iter05b_arm7,0,gb_eoh_2122r3,HP_Peak,anchor_only_XGBoost,peak,-,direct,none,p0.1|n10,r2,-9.758688635131263,40,26,arm7_x05,physics
iter05b_arm7,0,gb_eoh_2122r3,HP_Peak,anchor_only_XGBoost,peak,-,direct,none,p0.1|n10,n_pred_nan,0.0,40,26,arm7_x05,physics
iter05b_arm7,0,gb_eoh_2122r3,HP_Peak,anchor_only_XGBoost,peak,-,direct,none,p0.1|n10,mape_n_excluded,0.0,40,26,arm7_x05,physics
iter05b_arm7,0,gb_eoh_2122r3,HP_Peak,anchor_only_XGBoost,peak,-,direct,none,p0.1|n20,wape,65.07089360630471,40,44,arm7_x05,physics
iter05b_arm7,0,gb_eoh_2122r3,HP_Peak,anchor_only_XGBoost,peak,-,direct,none,p0.1|n20,rmse,5.52925591334044,40,44,arm7_x05,physics
iter05b_arm7,0,gb_eoh_2122r3,HP_Peak,anchor_only_XGBoost,peak,-,direct,none,p0.1|n20,mae,4.5390618572890205,40,44,arm7_x05,physics
iter05b_arm7,0,gb_eoh_2122r3,HP_Peak,anchor_only_XGBoost,peak,-,direct,none,p0.1|n20,mape,69.8992430496049,40,44,arm7_x05,physics
iter05b_arm7,0,gb_eoh_2122r3,HP_Peak,anchor_only_XGBoost,peak,-,direct,none,p0.1|n20,r2,-12.883744350264447,40,44,arm7_x05,physics
iter05b_arm7,0,gb_eoh_2122r3,HP_Peak,anchor_only_XGBoost,peak,-,direct,none,p0.1|n20,n_pred_nan,0.0,40,44,arm7_x05,physics
iter05b_arm7,0,gb_eoh_2122r3,HP_Peak,anchor_only_XGBoost,peak,-,direct,none,p0.1|n20,mape_n_excluded,0.0,40,44,arm7_x05,physics
iter05b_arm7,0,gb_eoh_2122r3,HP_Peak,anchor_only_XGBoost,peak,-,direct,none,p0.1|n40,wape,48.1053542656356,15,39,arm7_x05,physics
iter05b_arm7,0,gb_eoh_2122r3,HP_Peak,anchor_only_XGBoost,peak,-,direct,none,p0.1|n40,rmse,9.253567924614805,15,39,arm7_x05,physics
iter05b_arm7,0,gb_eoh_2122r3,HP_Peak,anchor_only_XGBoost,peak,-,direct,none,p0.1|n40,mae,6.472271528339315,15,39,arm7_x05,physics
iter05b_arm7,0,gb_eoh_2122r3,HP_Peak,anchor_only_XGBoost,peak,-,direct,none,p0.1|n40,mape,52.51046922900285,15,39,arm7_x05,physics
iter05b_arm7,0,gb_eoh_2122r3,HP_Peak,anchor_only_XGBoost,peak,-,direct,none,p0.1|n40,r2,-15.668442144141707,15,39,arm7_x05,physics
iter05b_arm7,0,gb_eoh_2122r3,HP_Peak,anchor_only_XGBoost,peak,-,direct,none,p0.1|n40,n_pred_nan,0.0,15,39,arm7_x05,physics
iter05b_arm7,0,gb_eoh_2122r3,HP_Peak,anchor_only_XGBoost,peak,-,direct,none,p0.1|n40,mape_n_excluded,0.0,15,39,arm7_x05,physics
iter05b_arm7,0,gb_eoh_2122r3,HP_Peak,anchor_only_XGBoost,peak,-,direct,none,p0.1|n80,wape,27.752099016701347,10,46,arm7_x05,physics
iter05b_arm7,0,gb_eoh_2122r3,HP_Peak,anchor_only_XGBoost,peak,-,direct,none,p0.1|n80,rmse,15.439058681311932,10,46,arm7_x05,physics
iter05b_arm7,0,gb_eoh_2122r3,HP_Peak,anchor_only_XGBoost,peak,-,direct,none,p0.1|n80,mae,7.972955055522877,10,46,arm7_x05,physics
iter05b_arm7,0,gb_eoh_2122r3,HP_Peak,anchor_only_XGBoost,peak,-,direct,none,p0.1|n80,mape,28.11046845489574,10,46,arm7_x05,physics
iter05b_arm7,0,gb_eoh_2122r3,HP_Peak,anchor_only_XGBoost,peak,-,direct,none,p0.1|n80,r2,-51.027993165562215,10,46,arm7_x05,physics
iter05b_arm7,0,gb_eoh_2122r3,HP_Peak,anchor_only_XGBoost,peak,-,direct,none,p0.1|n80,n_pred_nan,0.0,10,46,arm7_x05,physics
iter05b_arm7,0,gb_eoh_2122r3,HP_Peak,anchor_only_XGBoost,peak,-,direct,none,p0.1|n80,mape_n_excluded,0.0,10,46,arm7_x05,physics
iter05b_arm7,0,gb_eoh_2122r3,HP_Peak,anchor_only_XGBoost,peak,-,direct,none,p0.1|n120,wape,52.420395650637,10,51,arm7_x05,physics
iter05b_arm7,0,gb_eoh_2122r3,HP_Peak,anchor_only_XGBoost,peak,-,direct,none,p0.1|n120,rmse,29.256583908335685,10,51,arm7_x05,physics
iter05b_arm7,0,gb_eoh_2122r3,HP_Peak,anchor_only_XGBoost,peak,-,direct,none,p0.1|n120,mae,22.692267498540566,10,51,arm7_x05,physics
iter05b_arm7,0,gb_eoh_2122r3,HP_Peak,anchor_only_XGBoost,peak,-,direct,none,p0.1|n120,mape,54.23970789421701,10,51,arm7_x05,physics
iter05b_arm7,0,gb_eoh_2122r3,HP_Peak,anchor_only_XGBoost,peak,-,direct,none,p0.1|n120,r2,-53.91285225946557,10,51,arm7_x05,physics
iter05b_arm7,0,gb_eoh_2122r3,HP_Peak,anchor_only_XGBoost,peak,-,direct,none,p0.1|n120,n_pred_nan,0.0,10,51,arm7_x05,physics
iter05b_arm7,0,gb_eoh_2122r3,HP_Peak,anchor_only_XGBoost,peak,-,direct,none,p0.1|n120,mape_n_excluded,0.0,10,51,arm7_x05,physics
iter05b_arm7,0,gb_eoh_2122r3,HP_Peak,anchor_only_XGBoost,peak,-,direct,none,p0.2|n10,wape,17.76713479758209,40,40,arm7_x05,physics
iter05b_arm7,0,gb_eoh_2122r3,HP_Peak,anchor_only_XGBoost,peak,-,direct,none,p0.2|n10,rmse,1.6782057614751096,40,40,arm7_x05,physics
iter05b_arm7,0,gb_eoh_2122r3,HP_Peak,anchor_only_XGBoost,peak,-,direct,none,p0.2|n10,mae,1.2151301548123743,40,40,arm7_x05,physics
iter05b_arm7,0,gb_eoh_2122r3,HP_Peak,anchor_only_XGBoost,peak,-,direct,none,p0.2|n10,mape,19.65685239942702,40,40,arm7_x05,physics
iter05b_arm7,0,gb_eoh_2122r3,HP_Peak,anchor_only_XGBoost,peak,-,direct,none,p0.2|n10,r2,-0.4367553360470322,40,40,arm7_x05,physics
iter05b_arm7,0,gb_eoh_2122r3,HP_Peak,anchor_only_XGBoost,peak,-,direct,none,p0.2|n10,n_pred_nan,0.0,40,40,arm7_x05,physics
iter05b_arm7,0,gb_eoh_2122r3,HP_Peak,anchor_only_XGBoost,peak,-,direct,none,p0.2|n10,mape_n_excluded,0.0,40,40,arm7_x05,physics
iter05b_arm7,0,gb_eoh_2122r3,HP_Peak,anchor_only_XGBoost,peak,-,direct,none,p0.2|n20,wape,27.603134385592824,15,40,arm7_x05,physics
iter05b_arm7,0,gb_eoh_2122r3,HP_Peak,anchor_only_XGBoost,peak,-,direct,none,p0.2|n20,rmse,4.235273745803113,15,40,arm7_x05,physics
iter05b_arm7,0,gb_eoh_2122r3,HP_Peak,anchor_only_XGBoost,peak,-,direct,none,p0.2|n20,mae,3.574052292950986,15,40,arm7_x05,physics
iter05b_arm7,0,gb_eoh_2122r3,HP_Peak,anchor_only_XGBoost,peak,-,direct,none,p0.2|n20,mape,28.26255064303243,15,40,arm7_x05,physics
iter05b_arm7,0,gb_eoh_2122r3,HP_Peak,anchor_only_XGBoost,peak,-,direct,none,p0.2|n20,r2,-4.384498793265661,15,40,arm7_x05,physics
iter05b_arm7,0,gb_eoh_2122r3,HP_Peak,anchor_only_XGBoost,peak,-,direct,none,p0.2|n20,n_pred_nan,0.0,15,40,arm7_x05,physics
iter05b_arm7,0,gb_eoh_2122r3,HP_Peak,anchor_only_XGBoost,peak,-,direct,none,p0.2|n20,mape_n_excluded,0.0,15,40,arm7_x05,physics
iter05b_arm7,0,gb_eoh_2122r3,HP_Peak,anchor_only_XGBoost,peak,-,direct,none,p0.2|n40,wape,28.128042168614375,10,45,arm7_x05,physics
iter05b_arm7,0,gb_eoh_2122r3,HP_Peak,anchor_only_XGBoost,peak,-,direct,none,p0.2|n40,rmse,9.866823820232746,10,45,arm7_x05,physics
iter05b_arm7,0,gb_eoh_2122r3,HP_Peak,anchor_only_XGBoost,peak,-,direct,none,p0.2|n40,mae,8.066554782676704,10,45,arm7_x05,physics
iter05b_arm7,0,gb_eoh_2122r3,HP_Peak,anchor_only_XGBoost,peak,-,direct,none,p0.2|n40,mape,28.030611303610026,10,45,arm7_x05,physics
iter05b_arm7,0,gb_eoh_2122r3,HP_Peak,anchor_only_XGBoost,peak,-,direct,none,p0.2|n40,r2,-29.974777376204102,10,45,arm7_x05,physics
iter05b_arm7,0,gb_eoh_2122r3,HP_Peak,anchor_only_XGBoost,peak,-,direct,none,p0.2|n40,n_pred_nan,0.0,10,45,arm7_x05,physics
iter05b_arm7,0,gb_eoh_2122r3,HP_Peak,anchor_only_XGBoost,peak,-,direct,none,p0.2|n40,mape_n_excluded,0.0,10,45,arm7_x05,physics
iter05b_arm7,0,gb_eoh_2122r3,HP_Peak,anchor_only_XGBoost,peak,-,direct,none,p0.2|n80,wape,25.841183713190375,10,53,arm7_x05,physics
iter05b_arm7,0,gb_eoh_2122r3,HP_Peak,anchor_only_XGBoost,peak,-,direct,none,p0.2|n80,rmse,17.019037615237078,10,53,arm7_x05,physics
iter05b_arm7,0,gb_eoh_2122r3,HP_Peak,anchor_only_XGBoost,peak,-,direct,none,p0.2|n80,mae,14.570057556295364,10,53,arm7_x05,physics
iter05b_arm7,0,gb_eoh_2122r3,HP_Peak,anchor_only_XGBoost,peak,-,direct,none,p0.2|n80,mape,26.262162228219943,10,53,arm7_x05,physics
iter05b_arm7,0,gb_eoh_2122r3,HP_Peak,anchor_only_XGBoost,peak,-,direct,none,p0.2|n80,r2,-15.05003238830776,10,53,arm7_x05,physics
iter05b_arm7,0,gb_eoh_2122r3,HP_Peak,anchor_only_XGBoost,peak,-,direct,none,p0.2|n80,n_pred_nan,0.0,10,53,arm7_x05,physics
iter05b_arm7,0,gb_eoh_2122r3,HP_Peak,anchor_only_XGBoost,peak,-,direct,none,p0.2|n80,mape_n_excluded,0.0,10,53,arm7_x05,physics
iter05b_arm7,0,gb_eoh_2122r3,HP_Peak,anchor_only_XGBoost,peak,-,direct,none,p0.3|n10,wape,26.957049666835058,25,41,arm7_x05,physics
iter05b_arm7,0,gb_eoh_2122r3,HP_Peak,anchor_only_XGBoost,peak,-,direct,none,p0.3|n10,rmse,3.33034814860711,25,41,arm7_x05,physics
iter05b_arm7,0,gb_eoh_2122r3,HP_Peak,anchor_only_XGBoost,peak,-,direct,none,p0.3|n10,mae,2.782277322359181,25,41,arm7_x05,physics
iter05b_arm7,0,gb_eoh_2122r3,HP_Peak,anchor_only_XGBoost,peak,-,direct,none,p0.3|n10,mape,25.173180471819933,25,41,arm7_x05,physics
iter05b_arm7,0,gb_eoh_2122r3,HP_Peak,anchor_only_XGBoost,peak,-,direct,none,p0.3|n10,r2,-1.3807374035463358,25,41,arm7_x05,physics
iter05b_arm7,0,gb_eoh_2122r3,HP_Peak,anchor_only_XGBoost,peak,-,direct,none,p0.3|n10,n_pred_nan,0.0,25,41,arm7_x05,physics
iter05b_arm7,0,gb_eoh_2122r3,HP_Peak,anchor_only_XGBoost,peak,-,direct,none,p0.3|n10,mape_n_excluded,0.0,25,41,arm7_x05,physics
iter05b_arm7,0,gb_eoh_2122r3,HP_Peak,anchor_only_XGBoost,peak,-,direct,none,p0.3|n20,wape,15.53182369750768,15,51,arm7_x05,physics
iter05b_arm7,0,gb_eoh_2122r3,HP_Peak,anchor_only_XGBoost,peak,-,direct,none,p0.3|n20,rmse,3.9569279294956505,15,51,arm7_x05,physics
iter05b_arm7,0,gb_eoh_2122r3,HP_Peak,anchor_only_XGBoost,peak,-,direct,none,p0.3|n20,mae,3.094442030620624,15,51,arm7_x05,physics
iter05b_arm7,0,gb_eoh_2122r3,HP_Peak,anchor_only_XGBoost,peak,-,direct,none,p0.3|n20,mape,14.366123681697774,15,51,arm7_x05,physics
iter05b_arm7,0,gb_eoh_2122r3,HP_Peak,anchor_only_XGBoost,peak,-,direct,none,p0.3|n20,r2,-1.5087398388312914,15,51,arm7_x05,physics
iter05b_arm7,0,gb_eoh_2122r3,HP_Peak,anchor_only_XGBoost,peak,-,direct,none,p0.3|n20,n_pred_nan,0.0,15,51,arm7_x05,physics
iter05b_arm7,0,gb_eoh_2122r3,HP_Peak,anchor_only_XGBoost,peak,-,direct,none,p0.3|n20,mape_n_excluded,0.0,15,51,arm7_x05,physics
iter05b_arm7,0,gb_eoh_2122r3,HP_Peak,anchor_only_XGBoost,peak,-,direct,none,p0.3|n40,wape,10.250194071293306,10,53,arm7_x05,physics
iter05b_arm7,0,gb_eoh_2122r3,HP_Peak,anchor_only_XGBoost,peak,-,direct,none,p0.3|n40,rmse,4.973349563909728,10,53,arm7_x05,physics
iter05b_arm7,0,gb_eoh_2122r3,HP_Peak,anchor_only_XGBoost,peak,-,direct,none,p0.3|n40,mae,4.283782158112383,10,53,arm7_x05,physics
iter05b_arm7,0,gb_eoh_2122r3,HP_Peak,anchor_only_XGBoost,peak,-,direct,none,p0.3|n40,mape,10.51513812056444,10,53,arm7_x05,physics
iter05b_arm7,0,gb_eoh_2122r3,HP_Peak,anchor_only_XGBoost,peak,-,direct,none,p0.3|n40,r2,-0.884338163369039,10,53,arm7_x05,physics
iter05b_arm7,0,gb_eoh_2122r3,HP_Peak,anchor_only_XGBoost,peak,-,direct,none,p0.3|n40,n_pred_nan,0.0,10,53,arm7_x05,physics
iter05b_arm7,0,gb_eoh_2122r3,HP_Peak,anchor_only_XGBoost,peak,-,direct,none,p0.3|n40,mape_n_excluded,0.0,10,53,arm7_x05,physics
iter05b_arm7,0,gb_eoh_2122r3,HP_Peak,anchor_only_XGBoost,peak,-,direct,none,p0.5|n10,wape,39.616610435149006,15,41,arm7_x05,physics
iter05b_arm7,0,gb_eoh_2122r3,HP_Peak,anchor_only_XGBoost,peak,-,direct,none,p0.5|n10,rmse,6.9596423431699455,15,41,arm7_x05,physics
iter05b_arm7,0,gb_eoh_2122r3,HP_Peak,anchor_only_XGBoost,peak,-,direct,none,p0.5|n10,mae,6.542128759241202,15,41,arm7_x05,physics
iter05b_arm7,0,gb_eoh_2122r3,HP_Peak,anchor_only_XGBoost,peak,-,direct,none,p0.5|n10,mape,39.979897918040606,15,41,arm7_x05,physics
iter05b_arm7,0,gb_eoh_2122r3,HP_Peak,anchor_only_XGBoost,peak,-,direct,none,p0.5|n10,r2,-5.117930196508595,15,41,arm7_x05,physics
iter05b_arm7,0,gb_eoh_2122r3,HP_Peak,anchor_only_XGBoost,peak,-,direct,none,p0.5|n10,n_pred_nan,0.0,15,41,arm7_x05,physics
iter05b_arm7,0,gb_eoh_2122r3,HP_Peak,anchor_only_XGBoost,peak,-,direct,none,p0.5|n10,mape_n_excluded,0.0,15,41,arm7_x05,physics
iter05b_arm7,0,gb_eoh_2122r3,HP_Peak,anchor_only_XGBoost,peak,-,direct,none,p0.5|n20,wape,48.12428124573388,10,49,arm7_x05,physics
iter05b_arm7,0,gb_eoh_2122r3,HP_Peak,anchor_only_XGBoost,peak,-,direct,none,p0.5|n20,rmse,17.663659491939963,10,49,arm7_x05,physics
iter05b_arm7,0,gb_eoh_2122r3,HP_Peak,anchor_only_XGBoost,peak,-,direct,none,p0.5|n20,mae,17.416388098621603,10,49,arm7_x05,physics
iter05b_arm7,0,gb_eoh_2122r3,HP_Peak,anchor_only_XGBoost,peak,-,direct,none,p0.5|n20,mape,48.5213277355742,10,49,arm7_x05,physics
iter05b_arm7,0,gb_eoh_2122r3,HP_Peak,anchor_only_XGBoost,peak,-,direct,none,p0.5|n20,r2,-18.632874240451486,10,49,arm7_x05,physics
iter05b_arm7,0,gb_eoh_2122r3,HP_Peak,anchor_only_XGBoost,peak,-,direct,none,p0.5|n20,n_pred_nan,0.0,10,49,arm7_x05,physics
iter05b_arm7,0,gb_eoh_2122r3,HP_Peak,anchor_only_XGBoost,peak,-,direct,none,p0.5|n20,mape_n_excluded,0.0,10,49,arm7_x05,physics
iter05b_arm7,0,gb_eoh_2122r3,HP_Peak,anchor_only_XGBoost,peak,-,direct,none,p0.5|n40,wape,60.86795186119296,5,30,arm7_x05,physics
iter05b_arm7,0,gb_eoh_2122r3,HP_Peak,anchor_only_XGBoost,peak,-,direct,none,p0.5|n40,rmse,45.31000521149805,5,30,arm7_x05,physics
iter05b_arm7,0,gb_eoh_2122r3,HP_Peak,anchor_only_XGBoost,peak,-,direct,none,p0.5|n40,mae,45.2647820136074,5,30,arm7_x05,physics
iter05b_arm7,0,gb_eoh_2122r3,HP_Peak,anchor_only_XGBoost,peak,-,direct,none,p0.5|n40,mape,60.84697453345175,5,30,arm7_x05,physics
iter05b_arm7,0,gb_eoh_2122r3,HP_Peak,anchor_only_XGBoost,peak,-,direct,none,p0.5|n40,r2,-1002.6564422882551,5,30,arm7_x05,physics
iter05b_arm7,0,gb_eoh_2122r3,HP_Peak,anchor_only_XGBoost,peak,-,direct,none,p0.5|n40,n_pred_nan,0.0,5,30,arm7_x05,physics
iter05b_arm7,0,gb_eoh_2122r3,HP_Peak,anchor_only_XGBoost,peak,-,direct,none,p0.5|n40,mape_n_excluded,0.0,5,30,arm7_x05,physics
iter05b_arm7,0,gb_eoh_2122r3,HP_Peak,anchor_only_XGBoost,peak,-,direct,none,p0.8|n10,wape,37.16982346324126,10,44,arm7_x05,physics
iter05b_arm7,0,gb_eoh_2122r3,HP_Peak,anchor_only_XGBoost,peak,-,direct,none,p0.8|n10,rmse,10.510616803008416,10,44,arm7_x05,physics
iter05b_arm7,0,gb_eoh_2122r3,HP_Peak,anchor_only_XGBoost,peak,-,direct,none,p0.8|n10,mae,10.269603113031575,10,44,arm7_x05,physics
iter05b_arm7,0,gb_eoh_2122r3,HP_Peak,anchor_only_XGBoost,peak,-,direct,none,p0.8|n10,mape,36.92866225564207,10,44,arm7_x05,physics
iter05b_arm7,0,gb_eoh_2122r3,HP_Peak,anchor_only_XGBoost,peak,-,direct,none,p0.8|n10,r2,-15.906364880671124,10,44,arm7_x05,physics
iter05b_arm7,0,gb_eoh_2122r3,HP_Peak,anchor_only_XGBoost,peak,-,direct,none,p0.8|n10,n_pred_nan,0.0,10,44,arm7_x05,physics
iter05b_arm7,0,gb_eoh_2122r3,HP_Peak,anchor_only_XGBoost,peak,-,direct,none,p0.8|n10,mape_n_excluded,0.0,10,44,arm7_x05,physics
iter05b_arm7,0,gb_eoh_2122r3,HP_Peak,anchor_only_XGBoost,peak,-,direct,none,p0.8|n20,wape,38.80214144887387,10,53,arm7_x05,physics
iter05b_arm7,0,gb_eoh_2122r3,HP_Peak,anchor_only_XGBoost,peak,-,direct,none,p0.8|n20,rmse,22.754821223929813,10,53,arm7_x05,physics
iter05b_arm7,0,gb_eoh_2122r3,HP_Peak,anchor_only_XGBoost,peak,-,direct,none,p0.8|n20,mae,21.534999617362384,10,53,arm7_x05,physics
iter05b_arm7,0,gb_eoh_2122r3,HP_Peak,anchor_only_XGBoost,peak,-,direct,none,p0.8|n20,mape,39.14161709646512,10,53,arm7_x05,physics
iter05b_arm7,0,gb_eoh_2122r3,HP_Peak,anchor_only_XGBoost,peak,-,direct,none,p0.8|n20,r2,-25.945930057773875,10,53,arm7_x05,physics
iter05b_arm7,0,gb_eoh_2122r3,HP_Peak,anchor_only_XGBoost,peak,-,direct,none,p0.8|n20,n_pred_nan,0.0,10,53,arm7_x05,physics
iter05b_arm7,0,gb_eoh_2122r3,HP_Peak,anchor_only_XGBoost,peak,-,direct,none,p0.8|n20,mape_n_excluded,0.0,10,53,arm7_x05,physics
iter05b_arm7,0,gb_eoh_2122r3,HP_Peak,anchor_only_XGBoost,peak,-,direct,none,p1.0|n10,wape,49.753654234857464,10,52,arm7_x05,physics
iter05b_arm7,0,gb_eoh_2122r3,HP_Peak,anchor_only_XGBoost,peak,-,direct,none,p1.0|n10,rmse,17.77449619454392,10,52,arm7_x05,physics
iter05b_arm7,0,gb_eoh_2122r3,HP_Peak,anchor_only_XGBoost,peak,-,direct,none,p1.0|n10,mae,17.480032224297755,10,52,arm7_x05,physics
iter05b_arm7,0,gb_eoh_2122r3,HP_Peak,anchor_only_XGBoost,peak,-,direct,none,p1.0|n10,mape,49.377299435304245,10,52,arm7_x05,physics
iter05b_arm7,0,gb_eoh_2122r3,HP_Peak,anchor_only_XGBoost,peak,-,direct,none,p1.0|n10,r2,-51.95709160389047,10,52,arm7_x05,physics
iter05b_arm7,0,gb_eoh_2122r3,HP_Peak,anchor_only_XGBoost,peak,-,direct,none,p1.0|n10,n_pred_nan,0.0,10,52,arm7_x05,physics
iter05b_arm7,0,gb_eoh_2122r3,HP_Peak,anchor_only_XGBoost,peak,-,direct,none,p1.0|n10,mape_n_excluded,0.0,10,52,arm7_x05,physics
iter05b_arm7,0,gb_eoh_2122r3,HP_Peak,anchor_only_XGBoost,peak,-,direct,none,p1.0|n20,wape,37.33882225689171,5,30,arm7_x05,physics
iter05b_arm7,0,gb_eoh_2122r3,HP_Peak,anchor_only_XGBoost,peak,-,direct,none,p1.0|n20,rmse,27.534375012581126,5,30,arm7_x05,physics
iter05b_arm7,0,gb_eoh_2122r3,HP_Peak,anchor_only_XGBoost,peak,-,direct,none,p1.0|n20,mae,27.385158178282175,5,30,arm7_x05,physics
iter05b_arm7,0,gb_eoh_2122r3,HP_Peak,anchor_only_XGBoost,peak,-,direct,none,p1.0|n20,mape,37.24051535363896,5,30,arm7_x05,physics
iter05b_arm7,0,gb_eoh_2122r3,HP_Peak,anchor_only_XGBoost,peak,-,direct,none,p1.0|n20,r2,-91.51364388992246,5,30,arm7_x05,physics
iter05b_arm7,0,gb_eoh_2122r3,HP_Peak,anchor_only_XGBoost,peak,-,direct,none,p1.0|n20,n_pred_nan,0.0,5,30,arm7_x05,physics
iter05b_arm7,0,gb_eoh_2122r3,HP_Peak,anchor_only_XGBoost,peak,-,direct,none,p1.0|n20,mape_n_excluded,0.0,5,30,arm7_x05,physics
iter05b_arm7,0,gb_eoh_2122r3,HP_Peak,anchor_only_XGBoost,size+peak,-,direct,none,all,wape,35.469594188314154,455,81,arm7_x05,physics
iter05b_arm7,0,gb_eoh_2122r3,HP_Peak,anchor_only_XGBoost,size+peak,-,direct,none,all,rmse,8.20150408414919,455,81,arm7_x05,physics
iter05b_arm7,0,gb_eoh_2122r3,HP_Peak,anchor_only_XGBoost,size+peak,-,direct,none,all,mae,5.6198244779911795,455,81,arm7_x05,physics
iter05b_arm7,0,gb_eoh_2122r3,HP_Peak,anchor_only_XGBoost,size+peak,-,direct,none,all,mape,62.52426289035136,455,81,arm7_x05,physics
iter05b_arm7,0,gb_eoh_2122r3,HP_Peak,anchor_only_XGBoost,size+peak,-,direct,none,all,r2,0.7538893637904994,455,81,arm7_x05,physics
iter05b_arm7,0,gb_eoh_2122r3,HP_Peak,anchor_only_XGBoost,size+peak,-,direct,none,all,n_pred_nan,0.0,455,81,arm7_x05,physics
iter05b_arm7,0,gb_eoh_2122r3,HP_Peak,anchor_only_XGBoost,size+peak,-,direct,none,all,mape_n_excluded,0.0,455,81,arm7_x05,physics
iter05b_arm7,0,gb_eoh_2122r3,HP_Peak,anchor_only_XGBoost,size+peak,-,direct,none,all,wape_train,24.24476762390927,455,81,arm7_x05,physics
iter05b_arm7,0,gb_eoh_2122r3,HP_Peak,anchor_only_XGBoost,size+peak,-,direct,none,all,wape_inner,31.742052016610465,455,81,arm7_x05,physics
iter05b_arm7,0,gb_eoh_2122r3,HP_Peak,anchor_only_XGBoost,size+peak,-,direct,none,all,n_train_sub,2080.0,455,81,arm7_x05,physics
iter05b_arm7,0,gb_eoh_2122r3,HP_Peak,anchor_only_XGBoost,size+peak,-,direct,none,all,n_inner_sub,1340.0,455,81,arm7_x05,physics
iter05b_arm7,0,gb_eoh_2122r3,HP_Peak,anchor_only_XGBoost,size+peak,-,direct,none,all,n_test_sub,455.0,455,81,arm7_x05,physics
iter05b_arm7,0,gb_eoh_2122r3,HP_Peak,anchor_only_XGBoost,size+peak,-,direct,none,all,n_overlap_sub,0.0,455,81,arm7_x05,physics
iter05b_arm7,0,gb_eoh_2122r3,HP_Peak,anchor_only_XGBoost,size+peak,-,direct,none,pbin<=15,wape,59.95206687470045,265,81,arm7_x05,physics
iter05b_arm7,0,gb_eoh_2122r3,HP_Peak,anchor_only_XGBoost,size+peak,-,direct,none,pbin<=15,rmse,8.046047388169706,265,81,arm7_x05,physics
iter05b_arm7,0,gb_eoh_2122r3,HP_Peak,anchor_only_XGBoost,size+peak,-,direct,none,pbin<=15,mae,5.395882839127281,265,81,arm7_x05,physics
iter05b_arm7,0,gb_eoh_2122r3,HP_Peak,anchor_only_XGBoost,size+peak,-,direct,none,pbin<=15,mape,88.8954263591103,265,81,arm7_x05,physics
iter05b_arm7,0,gb_eoh_2122r3,HP_Peak,anchor_only_XGBoost,size+peak,-,direct,none,pbin<=15,r2,0.2470780929826646,265,81,arm7_x05,physics
iter05b_arm7,0,gb_eoh_2122r3,HP_Peak,anchor_only_XGBoost,size+peak,-,direct,none,pbin<=15,n_pred_nan,0.0,265,81,arm7_x05,physics
iter05b_arm7,0,gb_eoh_2122r3,HP_Peak,anchor_only_XGBoost,size+peak,-,direct,none,pbin<=15,mape_n_excluded,0.0,265,81,arm7_x05,physics
iter05b_arm7,0,gb_eoh_2122r3,HP_Peak,anchor_only_XGBoost,size+peak,-,direct,none,pbin15-35,wape,26.28007877533666,125,81,arm7_x05,physics
iter05b_arm7,0,gb_eoh_2122r3,HP_Peak,anchor_only_XGBoost,size+peak,-,direct,none,pbin15-35,rmse,7.713738905010945,125,81,arm7_x05,physics
iter05b_arm7,0,gb_eoh_2122r3,HP_Peak,anchor_only_XGBoost,size+peak,-,direct,none,pbin15-35,mae,4.821233968574506,125,81,arm7_x05,physics
iter05b_arm7,0,gb_eoh_2122r3,HP_Peak,anchor_only_XGBoost,size+peak,-,direct,none,pbin15-35,mape,27.662221396534537,125,81,arm7_x05,physics
iter05b_arm7,0,gb_eoh_2122r3,HP_Peak,anchor_only_XGBoost,size+peak,-,direct,none,pbin15-35,r2,0.7443657927109982,125,81,arm7_x05,physics
iter05b_arm7,0,gb_eoh_2122r3,HP_Peak,anchor_only_XGBoost,size+peak,-,direct,none,pbin15-35,n_pred_nan,0.0,125,81,arm7_x05,physics
iter05b_arm7,0,gb_eoh_2122r3,HP_Peak,anchor_only_XGBoost,size+peak,-,direct,none,pbin15-35,mape_n_excluded,0.0,125,81,arm7_x05,physics
iter05b_arm7,0,gb_eoh_2122r3,HP_Peak,anchor_only_XGBoost,size+peak,-,direct,none,pbin35-65,wape,24.03858038792581,30,63,arm7_x05,physics
iter05b_arm7,0,gb_eoh_2122r3,HP_Peak,anchor_only_XGBoost,size+peak,-,direct,none,pbin35-65,rmse,9.551583545562904,30,63,arm7_x05,physics
iter05b_arm7,0,gb_eoh_2122r3,HP_Peak,anchor_only_XGBoost,size+peak,-,direct,none,pbin35-65,mae,7.864110138503886,30,63,arm7_x05,physics
iter05b_arm7,0,gb_eoh_2122r3,HP_Peak,anchor_only_XGBoost,size+peak,-,direct,none,pbin35-65,mape,24.622091828059204,30,63,arm7_x05,physics
iter05b_arm7,0,gb_eoh_2122r3,HP_Peak,anchor_only_XGBoost,size+peak,-,direct,none,pbin35-65,r2,0.7897832186375788,30,63,arm7_x05,physics
iter05b_arm7,0,gb_eoh_2122r3,HP_Peak,anchor_only_XGBoost,size+peak,-,direct,none,pbin35-65,n_pred_nan,0.0,30,63,arm7_x05,physics
iter05b_arm7,0,gb_eoh_2122r3,HP_Peak,anchor_only_XGBoost,size+peak,-,direct,none,pbin35-65,mape_n_excluded,0.0,30,63,arm7_x05,physics
iter05b_arm7,0,gb_eoh_2122r3,HP_Peak,anchor_only_XGBoost,size+peak,-,direct,none,pbin>65,wape,18.62315833915786,35,55,arm7_x05,physics
iter05b_arm7,0,gb_eoh_2122r3,HP_Peak,anchor_only_XGBoost,size+peak,-,direct,none,pbin>65,rmse,9.673111849458213,35,55,arm7_x05,physics
iter05b_arm7,0,gb_eoh_2122r3,HP_Peak,anchor_only_XGBoost,size+peak,-,direct,none,pbin>65,mae,8.243818139723645,35,55,arm7_x05,physics
iter05b_arm7,0,gb_eoh_2122r3,HP_Peak,anchor_only_XGBoost,size+peak,-,direct,none,pbin>65,mape,19.851748586772494,35,55,arm7_x05,physics
iter05b_arm7,0,gb_eoh_2122r3,HP_Peak,anchor_only_XGBoost,size+peak,-,direct,none,pbin>65,r2,0.6534199299280765,35,55,arm7_x05,physics
iter05b_arm7,0,gb_eoh_2122r3,HP_Peak,anchor_only_XGBoost,size+peak,-,direct,none,pbin>65,n_pred_nan,0.0,35,55,arm7_x05,physics
iter05b_arm7,0,gb_eoh_2122r3,HP_Peak,anchor_only_XGBoost,size+peak,-,direct,none,pbin>65,mape_n_excluded,0.0,35,55,arm7_x05,physics
iter05b_arm7,0,gb_eoh_2122r3,HP_Peak,anchor_only_XGBoost,size+peak,-,direct,none,p0.05|n10,wape,68.86683719662285,40,25,arm7_x05,physics
iter05b_arm7,0,gb_eoh_2122r3,HP_Peak,anchor_only_XGBoost,size+peak,-,direct,none,p0.05|n10,rmse,2.9458588533845353,40,25,arm7_x05,physics
iter05b_arm7,0,gb_eoh_2122r3,HP_Peak,anchor_only_XGBoost,size+peak,-,direct,none,p0.05|n10,mae,2.3803329144060457,40,25,arm7_x05,physics
iter05b_arm7,0,gb_eoh_2122r3,HP_Peak,anchor_only_XGBoost,size+peak,-,direct,none,p0.05|n10,mape,80.5310484848059,40,25,arm7_x05,physics
iter05b_arm7,0,gb_eoh_2122r3,HP_Peak,anchor_only_XGBoost,size+peak,-,direct,none,p0.05|n10,r2,-6.138740587466033,40,25,arm7_x05,physics
iter05b_arm7,0,gb_eoh_2122r3,HP_Peak,anchor_only_XGBoost,size+peak,-,direct,none,p0.05|n10,n_pred_nan,0.0,40,25,arm7_x05,physics
iter05b_arm7,0,gb_eoh_2122r3,HP_Peak,anchor_only_XGBoost,size+peak,-,direct,none,p0.05|n10,mape_n_excluded,0.0,40,25,arm7_x05,physics
iter05b_arm7,0,gb_eoh_2122r3,HP_Peak,anchor_only_XGBoost,size+peak,-,direct,none,p0.05|n20,wape,137.06092496499912,40,29,arm7_x05,physics
iter05b_arm7,0,gb_eoh_2122r3,HP_Peak,anchor_only_XGBoost,size+peak,-,direct,none,p0.05|n20,rmse,6.6439207868845145,40,29,arm7_x05,physics
iter05b_arm7,0,gb_eoh_2122r3,HP_Peak,anchor_only_XGBoost,size+peak,-,direct,none,p0.05|n20,mae,4.940609751868215,40,29,arm7_x05,physics
iter05b_arm7,0,gb_eoh_2122r3,HP_Peak,anchor_only_XGBoost,size+peak,-,direct,none,p0.05|n20,mape,162.66561588036575,40,29,arm7_x05,physics
iter05b_arm7,0,gb_eoh_2122r3,HP_Peak,anchor_only_XGBoost,size+peak,-,direct,none,p0.05|n20,r2,-40.856391462301175,40,29,arm7_x05,physics
iter05b_arm7,0,gb_eoh_2122r3,HP_Peak,anchor_only_XGBoost,size+peak,-,direct,none,p0.05|n20,n_pred_nan,0.0,40,29,arm7_x05,physics
iter05b_arm7,0,gb_eoh_2122r3,HP_Peak,anchor_only_XGBoost,size+peak,-,direct,none,p0.05|n20,mape_n_excluded,0.0,40,29,arm7_x05,physics
iter05b_arm7,0,gb_eoh_2122r3,HP_Peak,anchor_only_XGBoost,size+peak,-,direct,none,p0.05|n40,wape,128.44742510480498,40,40,arm7_x05,physics
iter05b_arm7,0,gb_eoh_2122r3,HP_Peak,anchor_only_XGBoost,size+peak,-,direct,none,p0.05|n40,rmse,10.131790419457339,40,40,arm7_x05,physics
iter05b_arm7,0,gb_eoh_2122r3,HP_Peak,anchor_only_XGBoost,size+peak,-,direct,none,p0.05|n40,mae,8.282292813301027,40,40,arm7_x05,physics
iter05b_arm7,0,gb_eoh_2122r3,HP_Peak,anchor_only_XGBoost,size+peak,-,direct,none,p0.05|n40,mape,144.48001612358698,40,40,arm7_x05,physics
iter05b_arm7,0,gb_eoh_2122r3,HP_Peak,anchor_only_XGBoost,size+peak,-,direct,none,p0.05|n40,r2,-39.351694542303505,40,40,arm7_x05,physics
iter05b_arm7,0,gb_eoh_2122r3,HP_Peak,anchor_only_XGBoost,size+peak,-,direct,none,p0.05|n40,n_pred_nan,0.0,40,40,arm7_x05,physics
iter05b_arm7,0,gb_eoh_2122r3,HP_Peak,anchor_only_XGBoost,size+peak,-,direct,none,p0.05|n40,mape_n_excluded,0.0,40,40,arm7_x05,physics
iter05b_arm7,0,gb_eoh_2122r3,HP_Peak,anchor_only_XGBoost,size+peak,-,direct,none,p0.05|n80,wape,49.8524950444889,15,39,arm7_x05,physics
iter05b_arm7,0,gb_eoh_2122r3,HP_Peak,anchor_only_XGBoost,size+peak,-,direct,none,p0.05|n80,rmse,7.485554637561323,15,39,arm7_x05,physics
iter05b_arm7,0,gb_eoh_2122r3,HP_Peak,anchor_only_XGBoost,size+peak,-,direct,none,p0.05|n80,mae,6.6357850004513175,15,39,arm7_x05,physics
iter05b_arm7,0,gb_eoh_2122r3,HP_Peak,anchor_only_XGBoost,size+peak,-,direct,none,p0.05|n80,mape,53.05955452938185,15,39,arm7_x05,physics
iter05b_arm7,0,gb_eoh_2122r3,HP_Peak,anchor_only_XGBoost,size+peak,-,direct,none,p0.05|n80,r2,-18.815152199778094,15,39,arm7_x05,physics
iter05b_arm7,0,gb_eoh_2122r3,HP_Peak,anchor_only_XGBoost,size+peak,-,direct,none,p0.05|n80,n_pred_nan,0.0,15,39,arm7_x05,physics
iter05b_arm7,0,gb_eoh_2122r3,HP_Peak,anchor_only_XGBoost,size+peak,-,direct,none,p0.05|n80,mape_n_excluded,0.0,15,39,arm7_x05,physics
iter05b_arm7,0,gb_eoh_2122r3,HP_Peak,anchor_only_XGBoost,size+peak,-,direct,none,p0.05|n120,wape,49.16805737596357,15,53,arm7_x05,physics
iter05b_arm7,0,gb_eoh_2122r3,HP_Peak,anchor_only_XGBoost,size+peak,-,direct,none,p0.05|n120,rmse,12.489495612234006,15,53,arm7_x05,physics
iter05b_arm7,0,gb_eoh_2122r3,HP_Peak,anchor_only_XGBoost,size+peak,-,direct,none,p0.05|n120,mae,9.837093944549572,15,53,arm7_x05,physics
iter05b_arm7,0,gb_eoh_2122r3,HP_Peak,anchor_only_XGBoost,size+peak,-,direct,none,p0.05|n120,mape,52.08595567844587,15,53,arm7_x05,physics
iter05b_arm7,0,gb_eoh_2122r3,HP_Peak,anchor_only_XGBoost,size+peak,-,direct,none,p0.05|n120,r2,-17.54418814578649,15,53,arm7_x05,physics
iter05b_arm7,0,gb_eoh_2122r3,HP_Peak,anchor_only_XGBoost,size+peak,-,direct,none,p0.05|n120,n_pred_nan,0.0,15,53,arm7_x05,physics
iter05b_arm7,0,gb_eoh_2122r3,HP_Peak,anchor_only_XGBoost,size+peak,-,direct,none,p0.05|n120,mape_n_excluded,0.0,15,53,arm7_x05,physics
iter05b_arm7,0,gb_eoh_2122r3,HP_Peak,anchor_only_XGBoost,size+peak,-,direct,none,p0.1|n10,wape,62.25513900173708,40,26,arm7_x05,physics
iter05b_arm7,0,gb_eoh_2122r3,HP_Peak,anchor_only_XGBoost,size+peak,-,direct,none,p0.1|n10,rmse,2.7842402887653237,40,26,arm7_x05,physics
iter05b_arm7,0,gb_eoh_2122r3,HP_Peak,anchor_only_XGBoost,size+peak,-,direct,none,p0.1|n10,mae,2.2401516069292797,40,26,arm7_x05,physics
iter05b_arm7,0,gb_eoh_2122r3,HP_Peak,anchor_only_XGBoost,size+peak,-,direct,none,p0.1|n10,mape,68.93571287828462,40,26,arm7_x05,physics
iter05b_arm7,0,gb_eoh_2122r3,HP_Peak,anchor_only_XGBoost,size+peak,-,direct,none,p0.1|n10,r2,-9.698935548130166,40,26,arm7_x05,physics
iter05b_arm7,0,gb_eoh_2122r3,HP_Peak,anchor_only_XGBoost,size+peak,-,direct,none,p0.1|n10,n_pred_nan,0.0,40,26,arm7_x05,physics
iter05b_arm7,0,gb_eoh_2122r3,HP_Peak,anchor_only_XGBoost,size+peak,-,direct,none,p0.1|n10,mape_n_excluded,0.0,40,26,arm7_x05,physics
iter05b_arm7,0,gb_eoh_2122r3,HP_Peak,anchor_only_XGBoost,size+peak,-,direct,none,p0.1|n20,wape,61.29767937459539,40,44,arm7_x05,physics
iter05b_arm7,0,gb_eoh_2122r3,HP_Peak,anchor_only_XGBoost,size+peak,-,direct,none,p0.1|n20,rmse,5.494443774324394,40,44,arm7_x05,physics
iter05b_arm7,0,gb_eoh_2122r3,HP_Peak,anchor_only_XGBoost,size+peak,-,direct,none,p0.1|n20,mae,4.275858882051679,40,44,arm7_x05,physics
iter05b_arm7,0,gb_eoh_2122r3,HP_Peak,anchor_only_XGBoost,size+peak,-,direct,none,p0.1|n20,mape,63.494211767048846,40,44,arm7_x05,physics
iter05b_arm7,0,gb_eoh_2122r3,HP_Peak,anchor_only_XGBoost,size+peak,-,direct,none,p0.1|n20,r2,-12.709470868227248,40,44,arm7_x05,physics
iter05b_arm7,0,gb_eoh_2122r3,HP_Peak,anchor_only_XGBoost,size+peak,-,direct,none,p0.1|n20,n_pred_nan,0.0,40,44,arm7_x05,physics
iter05b_arm7,0,gb_eoh_2122r3,HP_Peak,anchor_only_XGBoost,size+peak,-,direct,none,p0.1|n20,mape_n_excluded,0.0,40,44,arm7_x05,physics
iter05b_arm7,0,gb_eoh_2122r3,HP_Peak,anchor_only_XGBoost,size+peak,-,direct,none,p0.1|n40,wape,32.71430810430634,15,39,arm7_x05,physics
iter05b_arm7,0,gb_eoh_2122r3,HP_Peak,anchor_only_XGBoost,size+peak,-,direct,none,p0.1|n40,rmse,7.044451270464006,15,39,arm7_x05,physics
iter05b_arm7,0,gb_eoh_2122r3,HP_Peak,anchor_only_XGBoost,size+peak,-,direct,none,p0.1|n40,mae,4.401503494675998,15,39,arm7_x05,physics
iter05b_arm7,0,gb_eoh_2122r3,HP_Peak,anchor_only_XGBoost,size+peak,-,direct,none,p0.1|n40,mape,34.0388856684125,15,39,arm7_x05,physics
iter05b_arm7,0,gb_eoh_2122r3,HP_Peak,anchor_only_XGBoost,size+peak,-,direct,none,p0.1|n40,r2,-8.659861865346738,15,39,arm7_x05,physics
iter05b_arm7,0,gb_eoh_2122r3,HP_Peak,anchor_only_XGBoost,size+peak,-,direct,none,p0.1|n40,n_pred_nan,0.0,15,39,arm7_x05,physics
iter05b_arm7,0,gb_eoh_2122r3,HP_Peak,anchor_only_XGBoost,size+peak,-,direct,none,p0.1|n40,mape_n_excluded,0.0,15,39,arm7_x05,physics
iter05b_arm7,0,gb_eoh_2122r3,HP_Peak,anchor_only_XGBoost,size+peak,-,direct,none,p0.1|n80,wape,34.83268175947625,10,46,arm7_x05,physics
iter05b_arm7,0,gb_eoh_2122r3,HP_Peak,anchor_only_XGBoost,size+peak,-,direct,none,p0.1|n80,rmse,14.25162717783598,10,46,arm7_x05,physics
iter05b_arm7,0,gb_eoh_2122r3,HP_Peak,anchor_only_XGBoost,size+peak,-,direct,none,p0.1|n80,mae,10.007149584054986,10,46,arm7_x05,physics
iter05b_arm7,0,gb_eoh_2122r3,HP_Peak,anchor_only_XGBoost,size+peak,-,direct,none,p0.1|n80,mape,34.258650986690455,10,46,arm7_x05,physics
iter05b_arm7,0,gb_eoh_2122r3,HP_Peak,anchor_only_XGBoost,size+peak,-,direct,none,p0.1|n80,r2,-43.33271655063183,10,46,arm7_x05,physics
iter05b_arm7,0,gb_eoh_2122r3,HP_Peak,anchor_only_XGBoost,size+peak,-,direct,none,p0.1|n80,n_pred_nan,0.0,10,46,arm7_x05,physics
iter05b_arm7,0,gb_eoh_2122r3,HP_Peak,anchor_only_XGBoost,size+peak,-,direct,none,p0.1|n80,mape_n_excluded,0.0,10,46,arm7_x05,physics
iter05b_arm7,0,gb_eoh_2122r3,HP_Peak,anchor_only_XGBoost,size+peak,-,direct,none,p0.1|n120,wape,30.48161590423343,10,51,arm7_x05,physics
iter05b_arm7,0,gb_eoh_2122r3,HP_Peak,anchor_only_XGBoost,size+peak,-,direct,none,p0.1|n120,rmse,18.610427613215364,10,51,arm7_x05,physics
iter05b_arm7,0,gb_eoh_2122r3,HP_Peak,anchor_only_XGBoost,size+peak,-,direct,none,p0.1|n120,mae,13.195188119077619,10,51,arm7_x05,physics
iter05b_arm7,0,gb_eoh_2122r3,HP_Peak,anchor_only_XGBoost,size+peak,-,direct,none,p0.1|n120,mape,32.26713317900417,10,51,arm7_x05,physics
iter05b_arm7,0,gb_eoh_2122r3,HP_Peak,anchor_only_XGBoost,size+peak,-,direct,none,p0.1|n120,r2,-21.21976574728188,10,51,arm7_x05,physics
iter05b_arm7,0,gb_eoh_2122r3,HP_Peak,anchor_only_XGBoost,size+peak,-,direct,none,p0.1|n120,n_pred_nan,0.0,10,51,arm7_x05,physics
iter05b_arm7,0,gb_eoh_2122r3,HP_Peak,anchor_only_XGBoost,size+peak,-,direct,none,p0.1|n120,mape_n_excluded,0.0,10,51,arm7_x05,physics
iter05b_arm7,0,gb_eoh_2122r3,HP_Peak,anchor_only_XGBoost,size+peak,-,direct,none,p0.2|n10,wape,27.309263357148332,40,40,arm7_x05,physics
iter05b_arm7,0,gb_eoh_2122r3,HP_Peak,anchor_only_XGBoost,size+peak,-,direct,none,p0.2|n10,rmse,2.461249667449086,40,40,arm7_x05,physics
iter05b_arm7,0,gb_eoh_2122r3,HP_Peak,anchor_only_XGBoost,size+peak,-,direct,none,p0.2|n10,mae,1.8677355571985401,40,40,arm7_x05,physics
iter05b_arm7,0,gb_eoh_2122r3,HP_Peak,anchor_only_XGBoost,size+peak,-,direct,none,p0.2|n10,mape,30.642866278288285,40,40,arm7_x05,physics
iter05b_arm7,0,gb_eoh_2122r3,HP_Peak,anchor_only_XGBoost,size+peak,-,direct,none,p0.2|n10,r2,-2.090322075189455,40,40,arm7_x05,physics
iter05b_arm7,0,gb_eoh_2122r3,HP_Peak,anchor_only_XGBoost,size+peak,-,direct,none,p0.2|n10,n_pred_nan,0.0,40,40,arm7_x05,physics
iter05b_arm7,0,gb_eoh_2122r3,HP_Peak,anchor_only_XGBoost,size+peak,-,direct,none,p0.2|n10,mape_n_excluded,0.0,40,40,arm7_x05,physics
iter05b_arm7,0,gb_eoh_2122r3,HP_Peak,anchor_only_XGBoost,size+peak,-,direct,none,p0.2|n20,wape,37.35369788994435,15,40,arm7_x05,physics
iter05b_arm7,0,gb_eoh_2122r3,HP_Peak,anchor_only_XGBoost,size+peak,-,direct,none,p0.2|n20,rmse,5.858295618870027,15,40,arm7_x05,physics
iter05b_arm7,0,gb_eoh_2122r3,HP_Peak,anchor_only_XGBoost,size+peak,-,direct,none,p0.2|n20,mae,4.836554708925921,15,40,arm7_x05,physics
iter05b_arm7,0,gb_eoh_2122r3,HP_Peak,anchor_only_XGBoost,size+peak,-,direct,none,p0.2|n20,mape,38.52783238578366,15,40,arm7_x05,physics
iter05b_arm7,0,gb_eoh_2122r3,HP_Peak,anchor_only_XGBoost,size+peak,-,direct,none,p0.2|n20,r2,-9.30207904955807,15,40,arm7_x05,physics
iter05b_arm7,0,gb_eoh_2122r3,HP_Peak,anchor_only_XGBoost,size+peak,-,direct,none,p0.2|n20,n_pred_nan,0.0,15,40,arm7_x05,physics
iter05b_arm7,0,gb_eoh_2122r3,HP_Peak,anchor_only_XGBoost,size+peak,-,direct,none,p0.2|n20,mape_n_excluded,0.0,15,40,arm7_x05,physics
iter05b_arm7,0,gb_eoh_2122r3,HP_Peak,anchor_only_XGBoost,size+peak,-,direct,none,p0.2|n40,wape,24.35709619797773,10,45,arm7_x05,physics
iter05b_arm7,0,gb_eoh_2122r3,HP_Peak,anchor_only_XGBoost,size+peak,-,direct,none,p0.2|n40,rmse,8.229801258161473,10,45,arm7_x05,physics
iter05b_arm7,0,gb_eoh_2122r3,HP_Peak,anchor_only_XGBoost,size+peak,-,direct,none,p0.2|n40,mae,6.985123587703742,10,45,arm7_x05,physics
iter05b_arm7,0,gb_eoh_2122r3,HP_Peak,anchor_only_XGBoost,size+peak,-,direct,none,p0.2|n40,mape,24.786035975619296,10,45,arm7_x05,physics
iter05b_arm7,0,gb_eoh_2122r3,HP_Peak,anchor_only_XGBoost,size+peak,-,direct,none,p0.2|n40,r2,-20.549249105050404,10,45,arm7_x05,physics
iter05b_arm7,0,gb_eoh_2122r3,HP_Peak,anchor_only_XGBoost,size+peak,-,direct,none,p0.2|n40,n_pred_nan,0.0,10,45,arm7_x05,physics
iter05b_arm7,0,gb_eoh_2122r3,HP_Peak,anchor_only_XGBoost,size+peak,-,direct,none,p0.2|n40,mape_n_excluded,0.0,10,45,arm7_x05,physics
iter05b_arm7,0,gb_eoh_2122r3,HP_Peak,anchor_only_XGBoost,size+peak,-,direct,none,p0.2|n80,wape,32.436549614240555,10,53,arm7_x05,physics
iter05b_arm7,0,gb_eoh_2122r3,HP_Peak,anchor_only_XGBoost,size+peak,-,direct,none,p0.2|n80,rmse,20.234280155090996,10,53,arm7_x05,physics
iter05b_arm7,0,gb_eoh_2122r3,HP_Peak,anchor_only_XGBoost,size+peak,-,direct,none,p0.2|n80,mae,18.28872856802918,10,53,arm7_x05,physics
iter05b_arm7,0,gb_eoh_2122r3,HP_Peak,anchor_only_XGBoost,size+peak,-,direct,none,p0.2|n80,mape,32.854852127492826,10,53,arm7_x05,physics
iter05b_arm7,0,gb_eoh_2122r3,HP_Peak,anchor_only_XGBoost,size+peak,-,direct,none,p0.2|n80,r2,-21.68722793322822,10,53,arm7_x05,physics
iter05b_arm7,0,gb_eoh_2122r3,HP_Peak,anchor_only_XGBoost,size+peak,-,direct,none,p0.2|n80,n_pred_nan,0.0,10,53,arm7_x05,physics
iter05b_arm7,0,gb_eoh_2122r3,HP_Peak,anchor_only_XGBoost,size+peak,-,direct,none,p0.2|n80,mape_n_excluded,0.0,10,53,arm7_x05,physics
iter05b_arm7,0,gb_eoh_2122r3,HP_Peak,anchor_only_XGBoost,size+peak,-,direct,none,p0.3|n10,wape,25.430569754826482,25,41,arm7_x05,physics
iter05b_arm7,0,gb_eoh_2122r3,HP_Peak,anchor_only_XGBoost,size+peak,-,direct,none,p0.3|n10,rmse,2.9834152729107344,25,41,arm7_x05,physics
iter05b_arm7,0,gb_eoh_2122r3,HP_Peak,anchor_only_XGBoost,size+peak,-,direct,none,p0.3|n10,mae,2.62472705277447,25,41,arm7_x05,physics
iter05b_arm7,0,gb_eoh_2122r3,HP_Peak,anchor_only_XGBoost,size+peak,-,direct,none,p0.3|n10,mape,26.281487986800283,25,41,arm7_x05,physics
iter05b_arm7,0,gb_eoh_2122r3,HP_Peak,anchor_only_XGBoost,size+peak,-,direct,none,p0.3|n10,r2,-0.9105554204706625,25,41,arm7_x05,physics
iter05b_arm7,0,gb_eoh_2122r3,HP_Peak,anchor_only_XGBoost,size+peak,-,direct,none,p0.3|n10,n_pred_nan,0.0,25,41,arm7_x05,physics
iter05b_arm7,0,gb_eoh_2122r3,HP_Peak,anchor_only_XGBoost,size+peak,-,direct,none,p0.3|n10,mape_n_excluded,0.0,25,41,arm7_x05,physics
iter05b_arm7,0,gb_eoh_2122r3,HP_Peak,anchor_only_XGBoost,size+peak,-,direct,none,p0.3|n20,wape,10.860301131535776,15,51,arm7_x05,physics
iter05b_arm7,0,gb_eoh_2122r3,HP_Peak,anchor_only_XGBoost,size+peak,-,direct,none,p0.3|n20,rmse,2.731428191521894,15,51,arm7_x05,physics
iter05b_arm7,0,gb_eoh_2122r3,HP_Peak,anchor_only_XGBoost,size+peak,-,direct,none,p0.3|n20,mae,2.163723522821967,15,51,arm7_x05,physics
iter05b_arm7,0,gb_eoh_2122r3,HP_Peak,anchor_only_XGBoost,size+peak,-,direct,none,p0.3|n20,mape,11.013006380009251,15,51,arm7_x05,physics
iter05b_arm7,0,gb_eoh_2122r3,HP_Peak,anchor_only_XGBoost,size+peak,-,direct,none,p0.3|n20,r2,-0.19541560574776473,15,51,arm7_x05,physics
iter05b_arm7,0,gb_eoh_2122r3,HP_Peak,anchor_only_XGBoost,size+peak,-,direct,none,p0.3|n20,n_pred_nan,0.0,15,51,arm7_x05,physics
iter05b_arm7,0,gb_eoh_2122r3,HP_Peak,anchor_only_XGBoost,size+peak,-,direct,none,p0.3|n20,mape_n_excluded,0.0,15,51,arm7_x05,physics
iter05b_arm7,0,gb_eoh_2122r3,HP_Peak,anchor_only_XGBoost,size+peak,-,direct,none,p0.3|n40,wape,25.024750783140732,10,53,arm7_x05,physics
iter05b_arm7,0,gb_eoh_2122r3,HP_Peak,anchor_only_XGBoost,size+peak,-,direct,none,p0.3|n40,rmse,12.548424953993782,10,53,arm7_x05,physics
iter05b_arm7,0,gb_eoh_2122r3,HP_Peak,anchor_only_XGBoost,size+peak,-,direct,none,p0.3|n40,mae,10.458395243096238,10,53,arm7_x05,physics
iter05b_arm7,0,gb_eoh_2122r3,HP_Peak,anchor_only_XGBoost,size+peak,-,direct,none,p0.3|n40,mape,25.550436124726307,10,53,arm7_x05,physics
iter05b_arm7,0,gb_eoh_2122r3,HP_Peak,anchor_only_XGBoost,size+peak,-,direct,none,p0.3|n40,r2,-10.996078744460311,10,53,arm7_x05,physics
iter05b_arm7,0,gb_eoh_2122r3,HP_Peak,anchor_only_XGBoost,size+peak,-,direct,none,p0.3|n40,n_pred_nan,0.0,10,53,arm7_x05,physics
iter05b_arm7,0,gb_eoh_2122r3,HP_Peak,anchor_only_XGBoost,size+peak,-,direct,none,p0.3|n40,mape_n_excluded,0.0,10,53,arm7_x05,physics
iter05b_arm7,0,gb_eoh_2122r3,HP_Peak,anchor_only_XGBoost,size+peak,-,direct,none,p0.5|n10,wape,24.396952410279727,15,41,arm7_x05,physics
iter05b_arm7,0,gb_eoh_2122r3,HP_Peak,anchor_only_XGBoost,size+peak,-,direct,none,p0.5|n10,rmse,4.6113966725655775,15,41,arm7_x05,physics
iter05b_arm7,0,gb_eoh_2122r3,HP_Peak,anchor_only_XGBoost,size+peak,-,direct,none,p0.5|n10,mae,4.028815243101189,15,41,arm7_x05,physics
iter05b_arm7,0,gb_eoh_2122r3,HP_Peak,anchor_only_XGBoost,size+peak,-,direct,none,p0.5|n10,mape,24.609080467762627,15,41,arm7_x05,physics
iter05b_arm7,0,gb_eoh_2122r3,HP_Peak,anchor_only_XGBoost,size+peak,-,direct,none,p0.5|n10,r2,-1.685935861449659,15,41,arm7_x05,physics
iter05b_arm7,0,gb_eoh_2122r3,HP_Peak,anchor_only_XGBoost,size+peak,-,direct,none,p0.5|n10,n_pred_nan,0.0,15,41,arm7_x05,physics
iter05b_arm7,0,gb_eoh_2122r3,HP_Peak,anchor_only_XGBoost,size+peak,-,direct,none,p0.5|n10,mape_n_excluded,0.0,15,41,arm7_x05,physics
iter05b_arm7,0,gb_eoh_2122r3,HP_Peak,anchor_only_XGBoost,size+peak,-,direct,none,p0.5|n20,wape,25.16021699416796,10,49,arm7_x05,physics
iter05b_arm7,0,gb_eoh_2122r3,HP_Peak,anchor_only_XGBoost,size+peak,-,direct,none,p0.5|n20,rmse,9.844549948723454,10,49,arm7_x05,physics
iter05b_arm7,0,gb_eoh_2122r3,HP_Peak,anchor_only_XGBoost,size+peak,-,direct,none,p0.5|n20,mae,9.10559269609475,10,49,arm7_x05,physics
iter05b_arm7,0,gb_eoh_2122r3,HP_Peak,anchor_only_XGBoost,size+peak,-,direct,none,p0.5|n20,mape,25.570832963958157,10,49,arm7_x05,physics
iter05b_arm7,0,gb_eoh_2122r3,HP_Peak,anchor_only_XGBoost,size+peak,-,direct,none,p0.5|n20,r2,-5.098376737588499,10,49,arm7_x05,physics
iter05b_arm7,0,gb_eoh_2122r3,HP_Peak,anchor_only_XGBoost,size+peak,-,direct,none,p0.5|n20,n_pred_nan,0.0,10,49,arm7_x05,physics
iter05b_arm7,0,gb_eoh_2122r3,HP_Peak,anchor_only_XGBoost,size+peak,-,direct,none,p0.5|n20,mape_n_excluded,0.0,10,49,arm7_x05,physics
iter05b_arm7,0,gb_eoh_2122r3,HP_Peak,anchor_only_XGBoost,size+peak,-,direct,none,p0.5|n40,wape,22.70813788806547,5,30,arm7_x05,physics
iter05b_arm7,0,gb_eoh_2122r3,HP_Peak,anchor_only_XGBoost,size+peak,-,direct,none,p0.5|n40,rmse,17.02266795088653,5,30,arm7_x05,physics
iter05b_arm7,0,gb_eoh_2122r3,HP_Peak,anchor_only_XGBoost,size+peak,-,direct,none,p0.5|n40,mae,16.88702970953025,5,30,arm7_x05,physics
iter05b_arm7,0,gb_eoh_2122r3,HP_Peak,anchor_only_XGBoost,size+peak,-,direct,none,p0.5|n40,mape,22.76364363715107,5,30,arm7_x05,physics
iter05b_arm7,0,gb_eoh_2122r3,HP_Peak,anchor_only_XGBoost,size+peak,-,direct,none,p0.5|n40,r2,-140.66158865189803,5,30,arm7_x05,physics
iter05b_arm7,0,gb_eoh_2122r3,HP_Peak,anchor_only_XGBoost,size+peak,-,direct,none,p0.5|n40,n_pred_nan,0.0,5,30,arm7_x05,physics
iter05b_arm7,0,gb_eoh_2122r3,HP_Peak,anchor_only_XGBoost,size+peak,-,direct,none,p0.5|n40,mape_n_excluded,0.0,5,30,arm7_x05,physics
iter05b_arm7,0,gb_eoh_2122r3,HP_Peak,anchor_only_XGBoost,size+peak,-,direct,none,p0.8|n10,wape,18.75697001334532,10,44,arm7_x05,physics
iter05b_arm7,0,gb_eoh_2122r3,HP_Peak,anchor_only_XGBoost,size+peak,-,direct,none,p0.8|n10,rmse,5.841404681105049,10,44,arm7_x05,physics
iter05b_arm7,0,gb_eoh_2122r3,HP_Peak,anchor_only_XGBoost,size+peak,-,direct,none,p0.8|n10,mae,5.18233931970614,10,44,arm7_x05,physics
iter05b_arm7,0,gb_eoh_2122r3,HP_Peak,anchor_only_XGBoost,size+peak,-,direct,none,p0.8|n10,mape,18.6198978010212,10,44,arm7_x05,physics
iter05b_arm7,0,gb_eoh_2122r3,HP_Peak,anchor_only_XGBoost,size+peak,-,direct,none,p0.8|n10,r2,-4.221898438726483,10,44,arm7_x05,physics
iter05b_arm7,0,gb_eoh_2122r3,HP_Peak,anchor_only_XGBoost,size+peak,-,direct,none,p0.8|n10,n_pred_nan,0.0,10,44,arm7_x05,physics
iter05b_arm7,0,gb_eoh_2122r3,HP_Peak,anchor_only_XGBoost,size+peak,-,direct,none,p0.8|n10,mape_n_excluded,0.0,10,44,arm7_x05,physics
iter05b_arm7,0,gb_eoh_2122r3,HP_Peak,anchor_only_XGBoost,size+peak,-,direct,none,p0.8|n20,wape,20.855757249639854,10,53,arm7_x05,physics
iter05b_arm7,0,gb_eoh_2122r3,HP_Peak,anchor_only_XGBoost,size+peak,-,direct,none,p0.8|n20,rmse,13.234502318008769,10,53,arm7_x05,physics
iter05b_arm7,0,gb_eoh_2122r3,HP_Peak,anchor_only_XGBoost,size+peak,-,direct,none,p0.8|n20,mae,11.574843748832112,10,53,arm7_x05,physics
iter05b_arm7,0,gb_eoh_2122r3,HP_Peak,anchor_only_XGBoost,size+peak,-,direct,none,p0.8|n20,mape,21.19643875206912,10,53,arm7_x05,physics
iter05b_arm7,0,gb_eoh_2122r3,HP_Peak,anchor_only_XGBoost,size+peak,-,direct,none,p0.8|n20,r2,-8.115102387532149,10,53,arm7_x05,physics
iter05b_arm7,0,gb_eoh_2122r3,HP_Peak,anchor_only_XGBoost,size+peak,-,direct,none,p0.8|n20,n_pred_nan,0.0,10,53,arm7_x05,physics
iter05b_arm7,0,gb_eoh_2122r3,HP_Peak,anchor_only_XGBoost,size+peak,-,direct,none,p0.8|n20,mape_n_excluded,0.0,10,53,arm7_x05,physics
iter05b_arm7,0,gb_eoh_2122r3,HP_Peak,anchor_only_XGBoost,size+peak,-,direct,none,p1.0|n10,wape,25.092030115357755,10,52,arm7_x05,physics
iter05b_arm7,0,gb_eoh_2122r3,HP_Peak,anchor_only_XGBoost,size+peak,-,direct,none,p1.0|n10,rmse,9.078264048133944,10,52,arm7_x05,physics
iter05b_arm7,0,gb_eoh_2122r3,HP_Peak,anchor_only_XGBoost,size+peak,-,direct,none,p1.0|n10,mae,8.815623731255764,10,52,arm7_x05,physics
iter05b_arm7,0,gb_eoh_2122r3,HP_Peak,anchor_only_XGBoost,size+peak,-,direct,none,p1.0|n10,mape,25.103707008720182,10,52,arm7_x05,physics
iter05b_arm7,0,gb_eoh_2122r3,HP_Peak,anchor_only_XGBoost,size+peak,-,direct,none,p1.0|n10,r2,-12.8144992390085,10,52,arm7_x05,physics
iter05b_arm7,0,gb_eoh_2122r3,HP_Peak,anchor_only_XGBoost,size+peak,-,direct,none,p1.0|n10,n_pred_nan,0.0,10,52,arm7_x05,physics
iter05b_arm7,0,gb_eoh_2122r3,HP_Peak,anchor_only_XGBoost,size+peak,-,direct,none,p1.0|n10,mape_n_excluded,0.0,10,52,arm7_x05,physics
iter05b_arm7,0,gb_eoh_2122r3,HP_Peak,anchor_only_XGBoost,size+peak,-,direct,none,p1.0|n20,wape,8.94587661869232,5,30,arm7_x05,physics
iter05b_arm7,0,gb_eoh_2122r3,HP_Peak,anchor_only_XGBoost,size+peak,-,direct,none,p1.0|n20,rmse,8.462019451761423,5,30,arm7_x05,physics
iter05b_arm7,0,gb_eoh_2122r3,HP_Peak,anchor_only_XGBoost,size+peak,-,direct,none,p1.0|n20,mae,6.561113378477492,5,30,arm7_x05,physics
iter05b_arm7,0,gb_eoh_2122r3,HP_Peak,anchor_only_XGBoost,size+peak,-,direct,none,p1.0|n20,mape,9.122152983786457,5,30,arm7_x05,physics
iter05b_arm7,0,gb_eoh_2122r3,HP_Peak,anchor_only_XGBoost,size+peak,-,direct,none,p1.0|n20,r2,-7.737825744989804,5,30,arm7_x05,physics
iter05b_arm7,0,gb_eoh_2122r3,HP_Peak,anchor_only_XGBoost,size+peak,-,direct,none,p1.0|n20,n_pred_nan,0.0,5,30,arm7_x05,physics
iter05b_arm7,0,gb_eoh_2122r3,HP_Peak,anchor_only_XGBoost,size+peak,-,direct,none,p1.0|n20,mape_n_excluded,0.0,5,30,arm7_x05,physics
iter05b_arm7,0,gb_eoh_2122r3,HP_Peak,ElasticNet,size_peak,both,residual,log,all,wape,13.397847916660858,455,81,arm7_x05,linear
iter05b_arm7,0,gb_eoh_2122r3,HP_Peak,ElasticNet,size_peak,both,residual,log,all,rmse,2.8274419238825974,455,81,arm7_x05,linear
iter05b_arm7,0,gb_eoh_2122r3,HP_Peak,ElasticNet,size_peak,both,residual,log,all,mae,2.1227633244042043,455,81,arm7_x05,linear
iter05b_arm7,0,gb_eoh_2122r3,HP_Peak,ElasticNet,size_peak,both,residual,log,all,mape,23.312629103258722,455,81,arm7_x05,linear
iter05b_arm7,0,gb_eoh_2122r3,HP_Peak,ElasticNet,size_peak,both,residual,log,all,r2,0.9707496707817702,455,81,arm7_x05,linear
iter05b_arm7,0,gb_eoh_2122r3,HP_Peak,ElasticNet,size_peak,both,residual,log,all,n_pred_nan,0.0,455,81,arm7_x05,linear
iter05b_arm7,0,gb_eoh_2122r3,HP_Peak,ElasticNet,size_peak,both,residual,log,all,mape_n_excluded,0.0,455,81,arm7_x05,linear
iter05b_arm7,0,gb_eoh_2122r3,HP_Peak,ElasticNet,size_peak,both,residual,log,all,n_invalid,0.0,455,81,arm7_x05,linear
iter05b_arm7,0,gb_eoh_2122r3,HP_Peak,ElasticNet,size_peak,both,residual,log,all,n_resid_excluded_train,0.0,455,81,arm7_x05,linear
iter05b_arm7,0,gb_eoh_2122r3,HP_Peak,ElasticNet,size_peak,both,residual,log,all,n_resid_excluded_inner,0.0,455,81,arm7_x05,linear
iter05b_arm7,0,gb_eoh_2122r3,HP_Peak,ElasticNet,size_peak,both,residual,log,pbin<=15,wape,18.777258517886686,265,81,arm7_x05,linear
iter05b_arm7,0,gb_eoh_2122r3,HP_Peak,ElasticNet,size_peak,both,residual,log,pbin<=15,rmse,2.2476207417837535,265,81,arm7_x05,linear
iter05b_arm7,0,gb_eoh_2122r3,HP_Peak,ElasticNet,size_peak,both,residual,log,pbin<=15,mae,1.6900149116506598,265,81,arm7_x05,linear
iter05b_arm7,0,gb_eoh_2122r3,HP_Peak,ElasticNet,size_peak,both,residual,log,pbin<=15,mape,29.008681877420532,265,81,arm7_x05,linear
iter05b_arm7,0,gb_eoh_2122r3,HP_Peak,ElasticNet,size_peak,both,residual,log,pbin<=15,r2,0.9412468949111048,265,81,arm7_x05,linear
iter05b_arm7,0,gb_eoh_2122r3,HP_Peak,ElasticNet,size_peak,both,residual,log,pbin<=15,n_pred_nan,0.0,265,81,arm7_x05,linear
iter05b_arm7,0,gb_eoh_2122r3,HP_Peak,ElasticNet,size_peak,both,residual,log,pbin<=15,mape_n_excluded,0.0,265,81,arm7_x05,linear
iter05b_arm7,0,gb_eoh_2122r3,HP_Peak,ElasticNet,size_peak,both,residual,log,pbin15-35,wape,13.960210303520778,125,81,arm7_x05,linear
iter05b_arm7,0,gb_eoh_2122r3,HP_Peak,ElasticNet,size_peak,both,residual,log,pbin15-35,rmse,3.4146640429848762,125,81,arm7_x05,linear
iter05b_arm7,0,gb_eoh_2122r3,HP_Peak,ElasticNet,size_peak,both,residual,log,pbin15-35,mae,2.561082129896165,125,81,arm7_x05,linear
iter05b_arm7,0,gb_eoh_2122r3,HP_Peak,ElasticNet,size_peak,both,residual,log,pbin15-35,mape,18.263849585938164,125,81,arm7_x05,linear
iter05b_arm7,0,gb_eoh_2122r3,HP_Peak,ElasticNet,size_peak,both,residual,log,pbin15-35,r2,0.9499060750186318,125,81,arm7_x05,linear
iter05b_arm7,0,gb_eoh_2122r3,HP_Peak,ElasticNet,size_peak,both,residual,log,pbin15-35,n_pred_nan,0.0,125,81,arm7_x05,linear
iter05b_arm7,0,gb_eoh_2122r3,HP_Peak,ElasticNet,size_peak,both,residual,log,pbin15-35,mape_n_excluded,0.0,125,81,arm7_x05,linear
iter05b_arm7,0,gb_eoh_2122r3,HP_Peak,ElasticNet,size_peak,both,residual,log,pbin35-65,wape,6.939540667618804,30,63,arm7_x05,linear
iter05b_arm7,0,gb_eoh_2122r3,HP_Peak,ElasticNet,size_peak,both,residual,log,pbin35-65,rmse,2.6927206442000893,30,63,arm7_x05,linear
iter05b_arm7,0,gb_eoh_2122r3,HP_Peak,ElasticNet,size_peak,both,residual,log,pbin35-65,mae,2.2702385598524093,30,63,arm7_x05,linear
iter05b_arm7,0,gb_eoh_2122r3,HP_Peak,ElasticNet,size_peak,both,residual,log,pbin35-65,mape,10.723383255543837,30,63,arm7_x05,linear
iter05b_arm7,0,gb_eoh_2122r3,HP_Peak,ElasticNet,size_peak,both,residual,log,pbin35-65,r2,0.9832929710647917,30,63,arm7_x05,linear
iter05b_arm7,0,gb_eoh_2122r3,HP_Peak,ElasticNet,size_peak,both,residual,log,pbin35-65,n_pred_nan,0.0,30,63,arm7_x05,linear
iter05b_arm7,0,gb_eoh_2122r3,HP_Peak,ElasticNet,size_peak,both,residual,log,pbin35-65,mape_n_excluded,0.0,30,63,arm7_x05,linear
iter05b_arm7,0,gb_eoh_2122r3,HP_Peak,ElasticNet,size_peak,both,residual,log,pbin>65,wape,8.375309503275998,35,55,arm7_x05,linear
iter05b_arm7,0,gb_eoh_2122r3,HP_Peak,ElasticNet,size_peak,both,residual,log,pbin>65,rmse,4.221456348016498,35,55,arm7_x05,linear
iter05b_arm7,0,gb_eoh_2122r3,HP_Peak,ElasticNet,size_peak,both,residual,log,pbin>65,mae,3.7074553709684395,35,55,arm7_x05,linear
iter05b_arm7,0,gb_eoh_2122r3,HP_Peak,ElasticNet,size_peak,both,residual,log,pbin>65,mape,9.007509958791161,35,55,arm7_x05,linear
iter05b_arm7,0,gb_eoh_2122r3,HP_Peak,ElasticNet,size_peak,both,residual,log,pbin>65,r2,0.9339921219454789,35,55,arm7_x05,linear
iter05b_arm7,0,gb_eoh_2122r3,HP_Peak,ElasticNet,size_peak,both,residual,log,pbin>65,n_pred_nan,0.0,35,55,arm7_x05,linear
iter05b_arm7,0,gb_eoh_2122r3,HP_Peak,ElasticNet,size_peak,both,residual,log,pbin>65,mape_n_excluded,0.0,35,55,arm7_x05,linear
iter05b_arm7,0,gb_eoh_2122r3,HP_Peak,ElasticNet,size_peak,both,residual,log,p0.05|n10,wape,26.90956759390966,40,25,arm7_x05,linear
iter05b_arm7,0,gb_eoh_2122r3,HP_Peak,ElasticNet,size_peak,both,residual,log,p0.05|n10,rmse,1.1601747134064422,40,25,arm7_x05,linear
iter05b_arm7,0,gb_eoh_2122r3,HP_Peak,ElasticNet,size_peak,both,residual,log,p0.05|n10,mae,0.9301099348201021,40,25,arm7_x05,linear
iter05b_arm7,0,gb_eoh_2122r3,HP_Peak,ElasticNet,size_peak,both,residual,log,p0.05|n10,mape,32.100038879749114,40,25,arm7_x05,linear
iter05b_arm7,0,gb_eoh_2122r3,HP_Peak,ElasticNet,size_peak,both,residual,log,p0.05|n10,r2,-0.10724702702807276,40,25,arm7_x05,linear
iter05b_arm7,0,gb_eoh_2122r3,HP_Peak,ElasticNet,size_peak,both,residual,log,p0.05|n10,n_pred_nan,0.0,40,25,arm7_x05,linear
iter05b_arm7,0,gb_eoh_2122r3,HP_Peak,ElasticNet,size_peak,both,residual,log,p0.05|n10,mape_n_excluded,0.0,40,25,arm7_x05,linear
iter05b_arm7,0,gb_eoh_2122r3,HP_Peak,ElasticNet,size_peak,both,residual,log,p0.05|n20,wape,40.18886731815311,40,29,arm7_x05,linear
iter05b_arm7,0,gb_eoh_2122r3,HP_Peak,ElasticNet,size_peak,both,residual,log,p0.05|n20,rmse,1.758698390158239,40,29,arm7_x05,linear
iter05b_arm7,0,gb_eoh_2122r3,HP_Peak,ElasticNet,size_peak,both,residual,log,p0.05|n20,mae,1.4486806494214903,40,29,arm7_x05,linear
iter05b_arm7,0,gb_eoh_2122r3,HP_Peak,ElasticNet,size_peak,both,residual,log,p0.05|n20,mape,45.47292954726977,40,29,arm7_x05,linear
iter05b_arm7,0,gb_eoh_2122r3,HP_Peak,ElasticNet,size_peak,both,residual,log,p0.05|n20,r2,-1.9328889846548822,40,29,arm7_x05,linear
iter05b_arm7,0,gb_eoh_2122r3,HP_Peak,ElasticNet,size_peak,both,residual,log,p0.05|n20,n_pred_nan,0.0,40,29,arm7_x05,linear
iter05b_arm7,0,gb_eoh_2122r3,HP_Peak,ElasticNet,size_peak,both,residual,log,p0.05|n20,mape_n_excluded,0.0,40,29,arm7_x05,linear
iter05b_arm7,0,gb_eoh_2122r3,HP_Peak,ElasticNet,size_peak,both,residual,log,p0.05|n40,wape,33.56952560393353,40,40,arm7_x05,linear
iter05b_arm7,0,gb_eoh_2122r3,HP_Peak,ElasticNet,size_peak,both,residual,log,p0.05|n40,rmse,2.625539722561704,40,40,arm7_x05,linear
iter05b_arm7,0,gb_eoh_2122r3,HP_Peak,ElasticNet,size_peak,both,residual,log,p0.05|n40,mae,2.1645637538356755,40,40,arm7_x05,linear
iter05b_arm7,0,gb_eoh_2122r3,HP_Peak,ElasticNet,size_peak,both,residual,log,p0.05|n40,mape,37.226062138231384,40,40,arm7_x05,linear
iter05b_arm7,0,gb_eoh_2122r3,HP_Peak,ElasticNet,size_peak,both,residual,log,p0.05|n40,r2,-1.7097334255759096,40,40,arm7_x05,linear
iter05b_arm7,0,gb_eoh_2122r3,HP_Peak,ElasticNet,size_peak,both,residual,log,p0.05|n40,n_pred_nan,0.0,40,40,arm7_x05,linear
iter05b_arm7,0,gb_eoh_2122r3,HP_Peak,ElasticNet,size_peak,both,residual,log,p0.05|n40,mape_n_excluded,0.0,40,40,arm7_x05,linear
iter05b_arm7,0,gb_eoh_2122r3,HP_Peak,ElasticNet,size_peak,both,residual,log,p0.05|n80,wape,19.230739511398678,15,39,arm7_x05,linear
iter05b_arm7,0,gb_eoh_2122r3,HP_Peak,ElasticNet,size_peak,both,residual,log,p0.05|n80,rmse,3.2780085741090588,15,39,arm7_x05,linear
iter05b_arm7,0,gb_eoh_2122r3,HP_Peak,ElasticNet,size_peak,both,residual,log,p0.05|n80,mae,2.559772638930998,15,39,arm7_x05,linear
iter05b_arm7,0,gb_eoh_2122r3,HP_Peak,ElasticNet,size_peak,both,residual,log,p0.05|n80,mape,19.779906926389327,15,39,arm7_x05,linear
iter05b_arm7,0,gb_eoh_2122r3,HP_Peak,ElasticNet,size_peak,both,residual,log,p0.05|n80,r2,-2.7998776528329,15,39,arm7_x05,linear
iter05b_arm7,0,gb_eoh_2122r3,HP_Peak,ElasticNet,size_peak,both,residual,log,p0.05|n80,n_pred_nan,0.0,15,39,arm7_x05,linear
iter05b_arm7,0,gb_eoh_2122r3,HP_Peak,ElasticNet,size_peak,both,residual,log,p0.05|n80,mape_n_excluded,0.0,15,39,arm7_x05,linear
iter05b_arm7,0,gb_eoh_2122r3,HP_Peak,ElasticNet,size_peak,both,residual,log,p0.05|n120,wape,17.614081761351432,15,53,arm7_x05,linear
iter05b_arm7,0,gb_eoh_2122r3,HP_Peak,ElasticNet,size_peak,both,residual,log,p0.05|n120,rmse,4.022843350880238,15,53,arm7_x05,linear
iter05b_arm7,0,gb_eoh_2122r3,HP_Peak,ElasticNet,size_peak,both,residual,log,p0.05|n120,mae,3.524063920371545,15,53,arm7_x05,linear
iter05b_arm7,0,gb_eoh_2122r3,HP_Peak,ElasticNet,size_peak,both,residual,log,p0.05|n120,mape,18.223904488059752,15,53,arm7_x05,linear
iter05b_arm7,0,gb_eoh_2122r3,HP_Peak,ElasticNet,size_peak,both,residual,log,p0.05|n120,r2,-0.9239078577608055,15,53,arm7_x05,linear
iter05b_arm7,0,gb_eoh_2122r3,HP_Peak,ElasticNet,size_peak,both,residual,log,p0.05|n120,n_pred_nan,0.0,15,53,arm7_x05,linear
iter05b_arm7,0,gb_eoh_2122r3,HP_Peak,ElasticNet,size_peak,both,residual,log,p0.05|n120,mape_n_excluded,0.0,15,53,arm7_x05,linear
iter05b_arm7,0,gb_eoh_2122r3,HP_Peak,ElasticNet,size_peak,both,residual,log,p0.1|n10,wape,32.56641954612141,40,26,arm7_x05,linear
iter05b_arm7,0,gb_eoh_2122r3,HP_Peak,ElasticNet,size_peak,both,residual,log,p0.1|n10,rmse,1.5703132148654682,40,26,arm7_x05,linear
iter05b_arm7,0,gb_eoh_2122r3,HP_Peak,ElasticNet,size_peak,both,residual,log,p0.1|n10,mae,1.171850521065279,40,26,arm7_x05,linear
iter05b_arm7,0,gb_eoh_2122r3,HP_Peak,ElasticNet,size_peak,both,residual,log,p0.1|n10,mape,35.11592592924578,40,26,arm7_x05,linear
iter05b_arm7,0,gb_eoh_2122r3,HP_Peak,ElasticNet,size_peak,both,residual,log,p0.1|n10,r2,-2.403295936170583,40,26,arm7_x05,linear
iter05b_arm7,0,gb_eoh_2122r3,HP_Peak,ElasticNet,size_peak,both,residual,log,p0.1|n10,n_pred_nan,0.0,40,26,arm7_x05,linear
iter05b_arm7,0,gb_eoh_2122r3,HP_Peak,ElasticNet,size_peak,both,residual,log,p0.1|n10,mape_n_excluded,0.0,40,26,arm7_x05,linear
iter05b_arm7,0,gb_eoh_2122r3,HP_Peak,ElasticNet,size_peak,both,residual,log,p0.1|n20,wape,16.424941697463368,40,44,arm7_x05,linear
iter05b_arm7,0,gb_eoh_2122r3,HP_Peak,ElasticNet,size_peak,both,residual,log,p0.1|n20,rmse,1.5413219166459609,40,44,arm7_x05,linear
iter05b_arm7,0,gb_eoh_2122r3,HP_Peak,ElasticNet,size_peak,both,residual,log,p0.1|n20,mae,1.1457323272402153,40,44,arm7_x05,linear
iter05b_arm7,0,gb_eoh_2122r3,HP_Peak,ElasticNet,size_peak,both,residual,log,p0.1|n20,mape,19.24744096074273,40,44,arm7_x05,linear
iter05b_arm7,0,gb_eoh_2122r3,HP_Peak,ElasticNet,size_peak,both,residual,log,p0.1|n20,r2,-0.07884718745256047,40,44,arm7_x05,linear
iter05b_arm7,0,gb_eoh_2122r3,HP_Peak,ElasticNet,size_peak,both,residual,log,p0.1|n20,n_pred_nan,0.0,40,44,arm7_x05,linear
iter05b_arm7,0,gb_eoh_2122r3,HP_Peak,ElasticNet,size_peak,both,residual,log,p0.1|n20,mape_n_excluded,0.0,40,44,arm7_x05,linear
iter05b_arm7,0,gb_eoh_2122r3,HP_Peak,ElasticNet,size_peak,both,residual,log,p0.1|n40,wape,12.871598665101619,15,39,arm7_x05,linear
iter05b_arm7,0,gb_eoh_2122r3,HP_Peak,ElasticNet,size_peak,both,residual,log,p0.1|n40,rmse,2.0416235670027234,15,39,arm7_x05,linear
iter05b_arm7,0,gb_eoh_2122r3,HP_Peak,ElasticNet,size_peak,both,residual,log,p0.1|n40,mae,1.73179228874029,15,39,arm7_x05,linear
iter05b_arm7,0,gb_eoh_2122r3,HP_Peak,ElasticNet,size_peak,both,residual,log,p0.1|n40,mape,12.775611311597581,15,39,arm7_x05,linear
iter05b_arm7,0,gb_eoh_2122r3,HP_Peak,ElasticNet,size_peak,both,residual,log,p0.1|n40,r2,0.18861323749388936,15,39,arm7_x05,linear
iter05b_arm7,0,gb_eoh_2122r3,HP_Peak,ElasticNet,size_peak,both,residual,log,p0.1|n40,n_pred_nan,0.0,15,39,arm7_x05,linear
iter05b_arm7,0,gb_eoh_2122r3,HP_Peak,ElasticNet,size_peak,both,residual,log,p0.1|n40,mape_n_excluded,0.0,15,39,arm7_x05,linear
iter05b_arm7,0,gb_eoh_2122r3,HP_Peak,ElasticNet,size_peak,both,residual,log,p0.1|n80,wape,8.438820411059556,10,46,arm7_x05,linear
iter05b_arm7,0,gb_eoh_2122r3,HP_Peak,ElasticNet,size_peak,both,residual,log,p0.1|n80,rmse,2.8719509189464487,10,46,arm7_x05,linear
iter05b_arm7,0,gb_eoh_2122r3,HP_Peak,ElasticNet,size_peak,both,residual,log,p0.1|n80,mae,2.4244052970017185,10,46,arm7_x05,linear
iter05b_arm7,0,gb_eoh_2122r3,HP_Peak,ElasticNet,size_peak,both,residual,log,p0.1|n80,mape,8.544921809982027,10,46,arm7_x05,linear
iter05b_arm7,0,gb_eoh_2122r3,HP_Peak,ElasticNet,size_peak,both,residual,log,p0.1|n80,r2,-0.8003190044791113,10,46,arm7_x05,linear
iter05b_arm7,0,gb_eoh_2122r3,HP_Peak,ElasticNet,size_peak,both,residual,log,p0.1|n80,n_pred_nan,0.0,10,46,arm7_x05,linear
iter05b_arm7,0,gb_eoh_2122r3,HP_Peak,ElasticNet,size_peak,both,residual,log,p0.1|n80,mape_n_excluded,0.0,10,46,arm7_x05,linear
iter05b_arm7,0,gb_eoh_2122r3,HP_Peak,ElasticNet,size_peak,both,residual,log,p0.1|n120,wape,7.37785003764054,10,51,arm7_x05,linear
iter05b_arm7,0,gb_eoh_2122r3,HP_Peak,ElasticNet,size_peak,both,residual,log,p0.1|n120,rmse,3.7793059764568815,10,51,arm7_x05,linear
iter05b_arm7,0,gb_eoh_2122r3,HP_Peak,ElasticNet,size_peak,both,residual,log,p0.1|n120,mae,3.1937978441454646,10,51,arm7_x05,linear
iter05b_arm7,0,gb_eoh_2122r3,HP_Peak,ElasticNet,size_peak,both,residual,log,p0.1|n120,mape,7.366424031637045,10,51,arm7_x05,linear
iter05b_arm7,0,gb_eoh_2122r3,HP_Peak,ElasticNet,size_peak,both,residual,log,p0.1|n120,r2,0.08367216231354313,10,51,arm7_x05,linear
iter05b_arm7,0,gb_eoh_2122r3,HP_Peak,ElasticNet,size_peak,both,residual,log,p0.1|n120,n_pred_nan,0.0,10,51,arm7_x05,linear
iter05b_arm7,0,gb_eoh_2122r3,HP_Peak,ElasticNet,size_peak,both,residual,log,p0.1|n120,mape_n_excluded,0.0,10,51,arm7_x05,linear
iter05b_arm7,0,gb_eoh_2122r3,HP_Peak,ElasticNet,size_peak,both,residual,log,p0.2|n10,wape,21.427320300478744,40,40,arm7_x05,linear
iter05b_arm7,0,gb_eoh_2122r3,HP_Peak,ElasticNet,size_peak,both,residual,log,p0.2|n10,rmse,1.7288567017739738,40,40,arm7_x05,linear
iter05b_arm7,0,gb_eoh_2122r3,HP_Peak,ElasticNet,size_peak,both,residual,log,p0.2|n10,mae,1.4654576177065093,40,40,arm7_x05,linear
iter05b_arm7,0,gb_eoh_2122r3,HP_Peak,ElasticNet,size_peak,both,residual,log,p0.2|n10,mape,22.41206451083298,40,40,arm7_x05,linear
iter05b_arm7,0,gb_eoh_2122r3,HP_Peak,ElasticNet,size_peak,both,residual,log,p0.2|n10,r2,-0.5247912771468521,40,40,arm7_x05,linear
iter05b_arm7,0,gb_eoh_2122r3,HP_Peak,ElasticNet,size_peak,both,residual,log,p0.2|n10,n_pred_nan,0.0,40,40,arm7_x05,linear
iter05b_arm7,0,gb_eoh_2122r3,HP_Peak,ElasticNet,size_peak,both,residual,log,p0.2|n10,mape_n_excluded,0.0,40,40,arm7_x05,linear
iter05b_arm7,0,gb_eoh_2122r3,HP_Peak,ElasticNet,size_peak,both,residual,log,p0.2|n20,wape,23.430231019324708,15,40,arm7_x05,linear
iter05b_arm7,0,gb_eoh_2122r3,HP_Peak,ElasticNet,size_peak,both,residual,log,p0.2|n20,rmse,3.314226531178158,15,40,arm7_x05,linear
iter05b_arm7,0,gb_eoh_2122r3,HP_Peak,ElasticNet,size_peak,both,residual,log,p0.2|n20,mae,3.033744998998972,15,40,arm7_x05,linear
iter05b_arm7,0,gb_eoh_2122r3,HP_Peak,ElasticNet,size_peak,both,residual,log,p0.2|n20,mape,24.114611345697636,15,40,arm7_x05,linear
iter05b_arm7,0,gb_eoh_2122r3,HP_Peak,ElasticNet,size_peak,both,residual,log,p0.2|n20,r2,-2.2972106279772384,15,40,arm7_x05,linear
iter05b_arm7,0,gb_eoh_2122r3,HP_Peak,ElasticNet,size_peak,both,residual,log,p0.2|n20,n_pred_nan,0.0,15,40,arm7_x05,linear
iter05b_arm7,0,gb_eoh_2122r3,HP_Peak,ElasticNet,size_peak,both,residual,log,p0.2|n20,mape_n_excluded,0.0,15,40,arm7_x05,linear
iter05b_arm7,0,gb_eoh_2122r3,HP_Peak,ElasticNet,size_peak,both,residual,log,p0.2|n40,wape,10.877620995688577,10,45,arm7_x05,linear
iter05b_arm7,0,gb_eoh_2122r3,HP_Peak,ElasticNet,size_peak,both,residual,log,p0.2|n40,rmse,3.459954887231052,10,45,arm7_x05,linear
iter05b_arm7,0,gb_eoh_2122r3,HP_Peak,ElasticNet,size_peak,both,residual,log,p0.2|n40,mae,3.1194821573761398,10,45,arm7_x05,linear
iter05b_arm7,0,gb_eoh_2122r3,HP_Peak,ElasticNet,size_peak,both,residual,log,p0.2|n40,mape,11.000637157927503,10,45,arm7_x05,linear
iter05b_arm7,0,gb_eoh_2122r3,HP_Peak,ElasticNet,size_peak,both,residual,log,p0.2|n40,r2,-2.8088539409267486,10,45,arm7_x05,linear
iter05b_arm7,0,gb_eoh_2122r3,HP_Peak,ElasticNet,size_peak,both,residual,log,p0.2|n40,n_pred_nan,0.0,10,45,arm7_x05,linear
iter05b_arm7,0,gb_eoh_2122r3,HP_Peak,ElasticNet,size_peak,both,residual,log,p0.2|n40,mape_n_excluded,0.0,10,45,arm7_x05,linear
iter05b_arm7,0,gb_eoh_2122r3,HP_Peak,ElasticNet,size_peak,both,residual,log,p0.2|n80,wape,9.453270741263568,10,53,arm7_x05,linear
iter05b_arm7,0,gb_eoh_2122r3,HP_Peak,ElasticNet,size_peak,both,residual,log,p0.2|n80,rmse,7.069359563104582,10,53,arm7_x05,linear
iter05b_arm7,0,gb_eoh_2122r3,HP_Peak,ElasticNet,size_peak,both,residual,log,p0.2|n80,mae,5.330046035203403,10,53,arm7_x05,linear
iter05b_arm7,0,gb_eoh_2122r3,HP_Peak,ElasticNet,size_peak,both,residual,log,p0.2|n80,mape,9.599862250236225,10,53,arm7_x05,linear
iter05b_arm7,0,gb_eoh_2122r3,HP_Peak,ElasticNet,size_peak,both,residual,log,p0.2|n80,r2,-1.769274837691209,10,53,arm7_x05,linear
iter05b_arm7,0,gb_eoh_2122r3,HP_Peak,ElasticNet,size_peak,both,residual,log,p0.2|n80,n_pred_nan,0.0,10,53,arm7_x05,linear
iter05b_arm7,0,gb_eoh_2122r3,HP_Peak,ElasticNet,size_peak,both,residual,log,p0.2|n80,mape_n_excluded,0.0,10,53,arm7_x05,linear
iter05b_arm7,0,gb_eoh_2122r3,HP_Peak,ElasticNet,size_peak,both,residual,log,p0.3|n10,wape,16.734142250013484,25,41,arm7_x05,linear
iter05b_arm7,0,gb_eoh_2122r3,HP_Peak,ElasticNet,size_peak,both,residual,log,p0.3|n10,rmse,2.0524521847910235,25,41,arm7_x05,linear
iter05b_arm7,0,gb_eoh_2122r3,HP_Peak,ElasticNet,size_peak,both,residual,log,p0.3|n10,mae,1.7271557928917634,25,41,arm7_x05,linear
iter05b_arm7,0,gb_eoh_2122r3,HP_Peak,ElasticNet,size_peak,both,residual,log,p0.3|n10,mape,18.136893062832584,25,41,arm7_x05,linear
iter05b_arm7,0,gb_eoh_2122r3,HP_Peak,ElasticNet,size_peak,both,residual,log,p0.3|n10,r2,0.09577123341093174,25,41,arm7_x05,linear
iter05b_arm7,0,gb_eoh_2122r3,HP_Peak,ElasticNet,size_peak,both,residual,log,p0.3|n10,n_pred_nan,0.0,25,41,arm7_x05,linear
iter05b_arm7,0,gb_eoh_2122r3,HP_Peak,ElasticNet,size_peak,both,residual,log,p0.3|n10,mape_n_excluded,0.0,25,41,arm7_x05,linear
iter05b_arm7,0,gb_eoh_2122r3,HP_Peak,ElasticNet,size_peak,both,residual,log,p0.3|n20,wape,18.17251388818961,15,51,arm7_x05,linear
iter05b_arm7,0,gb_eoh_2122r3,HP_Peak,ElasticNet,size_peak,both,residual,log,p0.3|n20,rmse,4.123444766169726,15,51,arm7_x05,linear
iter05b_arm7,0,gb_eoh_2122r3,HP_Peak,ElasticNet,size_peak,both,residual,log,p0.3|n20,mae,3.620552993186146,15,51,arm7_x05,linear
iter05b_arm7,0,gb_eoh_2122r3,HP_Peak,ElasticNet,size_peak,both,residual,log,p0.3|n20,mape,18.849544021314145,15,51,arm7_x05,linear
iter05b_arm7,0,gb_eoh_2122r3,HP_Peak,ElasticNet,size_peak,both,residual,log,p0.3|n20,r2,-1.7243299768237734,15,51,arm7_x05,linear
iter05b_arm7,0,gb_eoh_2122r3,HP_Peak,ElasticNet,size_peak,both,residual,log,p0.3|n20,n_pred_nan,0.0,15,51,arm7_x05,linear
iter05b_arm7,0,gb_eoh_2122r3,HP_Peak,ElasticNet,size_peak,both,residual,log,p0.3|n20,mape_n_excluded,0.0,15,51,arm7_x05,linear
iter05b_arm7,0,gb_eoh_2122r3,HP_Peak,ElasticNet,size_peak,both,residual,log,p0.3|n40,wape,8.142263512675637,10,53,arm7_x05,linear
iter05b_arm7,0,gb_eoh_2122r3,HP_Peak,ElasticNet,size_peak,both,residual,log,p0.3|n40,rmse,4.397098572798335,10,53,arm7_x05,linear
iter05b_arm7,0,gb_eoh_2122r3,HP_Peak,ElasticNet,size_peak,both,residual,log,p0.3|n40,mae,3.4028314897893885,10,53,arm7_x05,linear
iter05b_arm7,0,gb_eoh_2122r3,HP_Peak,ElasticNet,size_peak,both,residual,log,p0.3|n40,mape,8.260896665132313,10,53,arm7_x05,linear
iter05b_arm7,0,gb_eoh_2122r3,HP_Peak,ElasticNet,size_peak,both,residual,log,p0.3|n40,r2,-0.4729678769271084,10,53,arm7_x05,linear
iter05b_arm7,0,gb_eoh_2122r3,HP_Peak,ElasticNet,size_peak,both,residual,log,p0.3|n40,n_pred_nan,0.0,10,53,arm7_x05,linear
iter05b_arm7,0,gb_eoh_2122r3,HP_Peak,ElasticNet,size_peak,both,residual,log,p0.3|n40,mape_n_excluded,0.0,10,53,arm7_x05,linear
iter05b_arm7,0,gb_eoh_2122r3,HP_Peak,ElasticNet,size_peak,both,residual,log,p0.5|n10,wape,17.181828787816908,15,41,arm7_x05,linear
iter05b_arm7,0,gb_eoh_2122r3,HP_Peak,ElasticNet,size_peak,both,residual,log,p0.5|n10,rmse,3.03054049278837,15,41,arm7_x05,linear
iter05b_arm7,0,gb_eoh_2122r3,HP_Peak,ElasticNet,size_peak,both,residual,log,p0.5|n10,mae,2.8373385560872153,15,41,arm7_x05,linear
iter05b_arm7,0,gb_eoh_2122r3,HP_Peak,ElasticNet,size_peak,both,residual,log,p0.5|n10,mape,17.97553972241425,15,41,arm7_x05,linear
iter05b_arm7,0,gb_eoh_2122r3,HP_Peak,ElasticNet,size_peak,both,residual,log,p0.5|n10,r2,-0.16003436905866608,15,41,arm7_x05,linear
iter05b_arm7,0,gb_eoh_2122r3,HP_Peak,ElasticNet,size_peak,both,residual,log,p0.5|n10,n_pred_nan,0.0,15,41,arm7_x05,linear
iter05b_arm7,0,gb_eoh_2122r3,HP_Peak,ElasticNet,size_peak,both,residual,log,p0.5|n10,mape_n_excluded,0.0,15,41,arm7_x05,linear
iter05b_arm7,0,gb_eoh_2122r3,HP_Peak,ElasticNet,size_peak,both,residual,log,p0.5|n20,wape,3.4514161892605206,10,49,arm7_x05,linear
iter05b_arm7,0,gb_eoh_2122r3,HP_Peak,ElasticNet,size_peak,both,residual,log,p0.5|n20,rmse,1.504534987318835,10,49,arm7_x05,linear
iter05b_arm7,0,gb_eoh_2122r3,HP_Peak,ElasticNet,size_peak,both,residual,log,p0.5|n20,mae,1.2490826311791534,10,49,arm7_x05,linear
iter05b_arm7,0,gb_eoh_2122r3,HP_Peak,ElasticNet,size_peak,both,residual,log,p0.5|n20,mape,3.46548356166285,10,49,arm7_x05,linear
iter05b_arm7,0,gb_eoh_2122r3,HP_Peak,ElasticNet,size_peak,both,residual,log,p0.5|n20,r2,0.857561595761078,10,49,arm7_x05,linear
iter05b_arm7,0,gb_eoh_2122r3,HP_Peak,ElasticNet,size_peak,both,residual,log,p0.5|n20,n_pred_nan,0.0,10,49,arm7_x05,linear
iter05b_arm7,0,gb_eoh_2122r3,HP_Peak,ElasticNet,size_peak,both,residual,log,p0.5|n20,mape_n_excluded,0.0,10,49,arm7_x05,linear
iter05b_arm7,0,gb_eoh_2122r3,HP_Peak,ElasticNet,size_peak,both,residual,log,p0.5|n40,wape,3.5113714969695926,5,30,arm7_x05,linear
iter05b_arm7,0,gb_eoh_2122r3,HP_Peak,ElasticNet,size_peak,both,residual,log,p0.5|n40,rmse,3.3800427090179146,5,30,arm7_x05,linear
iter05b_arm7,0,gb_eoh_2122r3,HP_Peak,ElasticNet,size_peak,both,residual,log,p0.5|n40,mae,2.611250428494503,5,30,arm7_x05,linear
iter05b_arm7,0,gb_eoh_2122r3,HP_Peak,ElasticNet,size_peak,both,residual,log,p0.5|n40,mape,3.4827132426945804,5,30,arm7_x05,linear
iter05b_arm7,0,gb_eoh_2122r3,HP_Peak,ElasticNet,size_peak,both,residual,log,p0.5|n40,r2,-4.58523213561727,5,30,arm7_x05,linear
iter05b_arm7,0,gb_eoh_2122r3,HP_Peak,ElasticNet,size_peak,both,residual,log,p0.5|n40,n_pred_nan,0.0,5,30,arm7_x05,linear
iter05b_arm7,0,gb_eoh_2122r3,HP_Peak,ElasticNet,size_peak,both,residual,log,p0.5|n40,mape_n_excluded,0.0,5,30,arm7_x05,linear
iter05b_arm7,0,gb_eoh_2122r3,HP_Peak,ElasticNet,size_peak,both,residual,log,p0.8|n10,wape,8.886252093757205,10,44,arm7_x05,linear
iter05b_arm7,0,gb_eoh_2122r3,HP_Peak,ElasticNet,size_peak,both,residual,log,p0.8|n10,rmse,3.098662505825622,10,44,arm7_x05,linear
iter05b_arm7,0,gb_eoh_2122r3,HP_Peak,ElasticNet,size_peak,both,residual,log,p0.8|n10,mae,2.455171256206835,10,44,arm7_x05,linear
iter05b_arm7,0,gb_eoh_2122r3,HP_Peak,ElasticNet,size_peak,both,residual,log,p0.8|n10,mape,9.114470217591286,10,44,arm7_x05,linear
iter05b_arm7,0,gb_eoh_2122r3,HP_Peak,ElasticNet,size_peak,both,residual,log,p0.8|n10,r2,-0.4694079545540155,10,44,arm7_x05,linear
iter05b_arm7,0,gb_eoh_2122r3,HP_Peak,ElasticNet,size_peak,both,residual,log,p0.8|n10,n_pred_nan,0.0,10,44,arm7_x05,linear
iter05b_arm7,0,gb_eoh_2122r3,HP_Peak,ElasticNet,size_peak,both,residual,log,p0.8|n10,mape_n_excluded,0.0,10,44,arm7_x05,linear
iter05b_arm7,0,gb_eoh_2122r3,HP_Peak,ElasticNet,size_peak,both,residual,log,p0.8|n20,wape,7.510816107333586,10,53,arm7_x05,linear
iter05b_arm7,0,gb_eoh_2122r3,HP_Peak,ElasticNet,size_peak,both,residual,log,p0.8|n20,rmse,4.752502746400039,10,53,arm7_x05,linear
iter05b_arm7,0,gb_eoh_2122r3,HP_Peak,ElasticNet,size_peak,both,residual,log,p0.8|n20,mae,4.168466377316458,10,53,arm7_x05,linear
iter05b_arm7,0,gb_eoh_2122r3,HP_Peak,ElasticNet,size_peak,both,residual,log,p0.8|n20,mape,7.579281009967757,10,53,arm7_x05,linear
iter05b_arm7,0,gb_eoh_2122r3,HP_Peak,ElasticNet,size_peak,both,residual,log,p0.8|n20,r2,-0.1754145859460714,10,53,arm7_x05,linear
iter05b_arm7,0,gb_eoh_2122r3,HP_Peak,ElasticNet,size_peak,both,residual,log,p0.8|n20,n_pred_nan,0.0,10,53,arm7_x05,linear
iter05b_arm7,0,gb_eoh_2122r3,HP_Peak,ElasticNet,size_peak,both,residual,log,p0.8|n20,mape_n_excluded,0.0,10,53,arm7_x05,linear
iter05b_arm7,0,gb_eoh_2122r3,HP_Peak,ElasticNet,size_peak,both,residual,log,p1.0|n10,wape,11.629834976206045,10,52,arm7_x05,linear
iter05b_arm7,0,gb_eoh_2122r3,HP_Peak,ElasticNet,size_peak,both,residual,log,p1.0|n10,rmse,4.312758828898632,10,52,arm7_x05,linear
iter05b_arm7,0,gb_eoh_2122r3,HP_Peak,ElasticNet,size_peak,both,residual,log,p1.0|n10,mae,4.085928828217037,10,52,arm7_x05,linear
iter05b_arm7,0,gb_eoh_2122r3,HP_Peak,ElasticNet,size_peak,both,residual,log,p1.0|n10,mape,11.707577527546013,10,52,arm7_x05,linear
iter05b_arm7,0,gb_eoh_2122r3,HP_Peak,ElasticNet,size_peak,both,residual,log,p1.0|n10,r2,-2.1177398347690413,10,52,arm7_x05,linear
iter05b_arm7,0,gb_eoh_2122r3,HP_Peak,ElasticNet,size_peak,both,residual,log,p1.0|n10,n_pred_nan,0.0,10,52,arm7_x05,linear
iter05b_arm7,0,gb_eoh_2122r3,HP_Peak,ElasticNet,size_peak,both,residual,log,p1.0|n10,mape_n_excluded,0.0,10,52,arm7_x05,linear
iter05b_arm7,0,gb_eoh_2122r3,HP_Peak,ElasticNet,size_peak,both,residual,log,p1.0|n20,wape,6.18068085001214,5,30,arm7_x05,linear
iter05b_arm7,0,gb_eoh_2122r3,HP_Peak,ElasticNet,size_peak,both,residual,log,p1.0|n20,rmse,4.813428621666312,5,30,arm7_x05,linear
iter05b_arm7,0,gb_eoh_2122r3,HP_Peak,ElasticNet,size_peak,both,residual,log,p1.0|n20,mae,4.5330546732984205,5,30,arm7_x05,linear
iter05b_arm7,0,gb_eoh_2122r3,HP_Peak,ElasticNet,size_peak,both,residual,log,p1.0|n20,mape,6.249912201328019,5,30,arm7_x05,linear
iter05b_arm7,0,gb_eoh_2122r3,HP_Peak,ElasticNet,size_peak,both,residual,log,p1.0|n20,r2,-1.8272513034080848,5,30,arm7_x05,linear
iter05b_arm7,0,gb_eoh_2122r3,HP_Peak,ElasticNet,size_peak,both,residual,log,p1.0|n20,n_pred_nan,0.0,5,30,arm7_x05,linear
iter05b_arm7,0,gb_eoh_2122r3,HP_Peak,ElasticNet,size_peak,both,residual,log,p1.0|n20,mape_n_excluded,0.0,5,30,arm7_x05,linear
iter05b_arm7,0,gb_eoh_2122r3,HP_Peak,ElasticNet@frozen,size_peak,both,residual,log,all,wape,18.89167542713168,455,81,arm7_x05,linear
iter05b_arm7,0,gb_eoh_2122r3,HP_Peak,ElasticNet@frozen,size_peak,both,residual,log,all,rmse,4.308423093422377,455,81,arm7_x05,linear
iter05b_arm7,0,gb_eoh_2122r3,HP_Peak,ElasticNet@frozen,size_peak,both,residual,log,all,mae,2.993208758803259,455,81,arm7_x05,linear
iter05b_arm7,0,gb_eoh_2122r3,HP_Peak,ElasticNet@frozen,size_peak,both,residual,log,all,mape,24.558123805791183,455,81,arm7_x05,linear
iter05b_arm7,0,gb_eoh_2122r3,HP_Peak,ElasticNet@frozen,size_peak,both,residual,log,all,r2,0.9320827547814992,455,81,arm7_x05,linear
iter05b_arm7,0,gb_eoh_2122r3,HP_Peak,ElasticNet@frozen,size_peak,both,residual,log,all,n_pred_nan,0.0,455,81,arm7_x05,linear
iter05b_arm7,0,gb_eoh_2122r3,HP_Peak,ElasticNet@frozen,size_peak,both,residual,log,all,mape_n_excluded,0.0,455,81,arm7_x05,linear
iter05b_arm7,0,gb_eoh_2122r3,HP_Peak,ElasticNet@frozen,size_peak,both,residual,log,pbin<=15,wape,24.07419734212781,265,81,arm7_x05,linear
iter05b_arm7,0,gb_eoh_2122r3,HP_Peak,ElasticNet@frozen,size_peak,both,residual,log,pbin<=15,rmse,3.303443929730532,265,81,arm7_x05,linear
iter05b_arm7,0,gb_eoh_2122r3,HP_Peak,ElasticNet@frozen,size_peak,both,residual,log,pbin<=15,mae,2.1667567954853784,265,81,arm7_x05,linear
iter05b_arm7,0,gb_eoh_2122r3,HP_Peak,ElasticNet@frozen,size_peak,both,residual,log,pbin<=15,mape,27.414129715462536,265,81,arm7_x05,linear
iter05b_arm7,0,gb_eoh_2122r3,HP_Peak,ElasticNet@frozen,size_peak,both,residual,log,pbin<=15,r2,0.8730833380861484,265,81,arm7_x05,linear
iter05b_arm7,0,gb_eoh_2122r3,HP_Peak,ElasticNet@frozen,size_peak,both,residual,log,pbin<=15,n_pred_nan,0.0,265,81,arm7_x05,linear
iter05b_arm7,0,gb_eoh_2122r3,HP_Peak,ElasticNet@frozen,size_peak,both,residual,log,pbin<=15,mape_n_excluded,0.0,265,81,arm7_x05,linear
iter05b_arm7,0,gb_eoh_2122r3,HP_Peak,ElasticNet@frozen,size_peak,both,residual,log,pbin15-35,wape,22.053175392457014,125,81,arm7_x05,linear
iter05b_arm7,0,gb_eoh_2122r3,HP_Peak,ElasticNet@frozen,size_peak,both,residual,log,pbin15-35,rmse,5.483677992278424,125,81,arm7_x05,linear
iter05b_arm7,0,gb_eoh_2122r3,HP_Peak,ElasticNet@frozen,size_peak,both,residual,log,pbin15-35,mae,4.0457838511818975,125,81,arm7_x05,linear
iter05b_arm7,0,gb_eoh_2122r3,HP_Peak,ElasticNet@frozen,size_peak,both,residual,log,pbin15-35,mape,24.2251082934062,125,81,arm7_x05,linear
iter05b_arm7,0,gb_eoh_2122r3,HP_Peak,ElasticNet@frozen,size_peak,both,residual,log,pbin15-35,r2,0.8708087835554336,125,81,arm7_x05,linear
iter05b_arm7,0,gb_eoh_2122r3,HP_Peak,ElasticNet@frozen,size_peak,both,residual,log,pbin15-35,n_pred_nan,0.0,125,81,arm7_x05,linear
iter05b_arm7,0,gb_eoh_2122r3,HP_Peak,ElasticNet@frozen,size_peak,both,residual,log,pbin15-35,mape_n_excluded,0.0,125,81,arm7_x05,linear
iter05b_arm7,0,gb_eoh_2122r3,HP_Peak,ElasticNet@frozen,size_peak,both,residual,log,pbin35-65,wape,11.260773700833534,30,63,arm7_x05,linear
iter05b_arm7,0,gb_eoh_2122r3,HP_Peak,ElasticNet@frozen,size_peak,both,residual,log,pbin35-65,rmse,4.343079486778754,30,63,arm7_x05,linear
iter05b_arm7,0,gb_eoh_2122r3,HP_Peak,ElasticNet@frozen,size_peak,both,residual,log,pbin35-65,mae,3.6839099147719705,30,63,arm7_x05,linear
iter05b_arm7,0,gb_eoh_2122r3,HP_Peak,ElasticNet@frozen,size_peak,both,residual,log,pbin35-65,mape,16.2040462369685,30,63,arm7_x05,linear
iter05b_arm7,0,gb_eoh_2122r3,HP_Peak,ElasticNet@frozen,size_peak,both,residual,log,pbin35-65,r2,0.9565377524996116,30,63,arm7_x05,linear
iter05b_arm7,0,gb_eoh_2122r3,HP_Peak,ElasticNet@frozen,size_peak,both,residual,log,pbin35-65,n_pred_nan,0.0,30,63,arm7_x05,linear
iter05b_arm7,0,gb_eoh_2122r3,HP_Peak,ElasticNet@frozen,size_peak,both,residual,log,pbin35-65,mape_n_excluded,0.0,30,63,arm7_x05,linear
iter05b_arm7,0,gb_eoh_2122r3,HP_Peak,ElasticNet@frozen,size_peak,both,residual,log,pbin>65,wape,11.06797641814575,35,55,arm7_x05,linear
iter05b_arm7,0,gb_eoh_2122r3,HP_Peak,ElasticNet@frozen,size_peak,both,residual,log,pbin>65,rmse,5.926585494266766,35,55,arm7_x05,linear
iter05b_arm7,0,gb_eoh_2122r3,HP_Peak,ElasticNet@frozen,size_peak,both,residual,log,pbin>65,mae,4.899404446027464,35,55,arm7_x05,linear
iter05b_arm7,0,gb_eoh_2122r3,HP_Peak,ElasticNet@frozen,size_peak,both,residual,log,pbin>65,mape,11.284058092931117,35,55,arm7_x05,linear
iter05b_arm7,0,gb_eoh_2122r3,HP_Peak,ElasticNet@frozen,size_peak,both,residual,log,pbin>65,r2,0.8698991081772177,35,55,arm7_x05,linear
iter05b_arm7,0,gb_eoh_2122r3,HP_Peak,ElasticNet@frozen,size_peak,both,residual,log,pbin>65,n_pred_nan,0.0,35,55,arm7_x05,linear
iter05b_arm7,0,gb_eoh_2122r3,HP_Peak,ElasticNet@frozen,size_peak,both,residual,log,pbin>65,mape_n_excluded,0.0,35,55,arm7_x05,linear
iter05b_arm7,0,gb_eoh_2122r3,HP_Peak,ElasticNet@frozen,size_peak,both,residual,log,p0.05|n10,wape,30.36970805360038,40,25,arm7_x05,linear
iter05b_arm7,0,gb_eoh_2122r3,HP_Peak,ElasticNet@frozen,size_peak,both,residual,log,p0.05|n10,rmse,1.3043349579164387,40,25,arm7_x05,linear
iter05b_arm7,0,gb_eoh_2122r3,HP_Peak,ElasticNet@frozen,size_peak,both,residual,log,p0.05|n10,mae,1.0497072121156215,40,25,arm7_x05,linear
iter05b_arm7,0,gb_eoh_2122r3,HP_Peak,ElasticNet@frozen,size_peak,both,residual,log,p0.05|n10,mape,33.079278744474685,40,25,arm7_x05,linear
iter05b_arm7,0,gb_eoh_2122r3,HP_Peak,ElasticNet@frozen,size_peak,both,residual,log,p0.05|n10,r2,-0.39950998049692754,40,25,arm7_x05,linear
iter05b_arm7,0,gb_eoh_2122r3,HP_Peak,ElasticNet@frozen,size_peak,both,residual,log,p0.05|n10,n_pred_nan,0.0,40,25,arm7_x05,linear
iter05b_arm7,0,gb_eoh_2122r3,HP_Peak,ElasticNet@frozen,size_peak,both,residual,log,p0.05|n10,mape_n_excluded,0.0,40,25,arm7_x05,linear
iter05b_arm7,0,gb_eoh_2122r3,HP_Peak,ElasticNet@frozen,size_peak,both,residual,log,p0.05|n20,wape,29.85138053723385,40,29,arm7_x05,linear
iter05b_arm7,0,gb_eoh_2122r3,HP_Peak,ElasticNet@frozen,size_peak,both,residual,log,p0.05|n20,rmse,1.2439858624553197,40,29,arm7_x05,linear
iter05b_arm7,0,gb_eoh_2122r3,HP_Peak,ElasticNet@frozen,size_peak,both,residual,log,p0.05|n20,mae,1.0760471799431475,40,29,arm7_x05,linear
iter05b_arm7,0,gb_eoh_2122r3,HP_Peak,ElasticNet@frozen,size_peak,both,residual,log,p0.05|n20,mape,32.10700813959229,40,29,arm7_x05,linear
iter05b_arm7,0,gb_eoh_2122r3,HP_Peak,ElasticNet@frozen,size_peak,both,residual,log,p0.05|n20,r2,-0.4673840084665626,40,29,arm7_x05,linear
iter05b_arm7,0,gb_eoh_2122r3,HP_Peak,ElasticNet@frozen,size_peak,both,residual,log,p0.05|n20,n_pred_nan,0.0,40,29,arm7_x05,linear
iter05b_arm7,0,gb_eoh_2122r3,HP_Peak,ElasticNet@frozen,size_peak,both,residual,log,p0.05|n20,mape_n_excluded,0.0,40,29,arm7_x05,linear
iter05b_arm7,0,gb_eoh_2122r3,HP_Peak,ElasticNet@frozen,size_peak,both,residual,log,p0.05|n40,wape,22.155406304963936,40,40,arm7_x05,linear
iter05b_arm7,0,gb_eoh_2122r3,HP_Peak,ElasticNet@frozen,size_peak,both,residual,log,p0.05|n40,rmse,1.7798630345957536,40,40,arm7_x05,linear
iter05b_arm7,0,gb_eoh_2122r3,HP_Peak,ElasticNet@frozen,size_peak,both,residual,log,p0.05|n40,mae,1.4285810888435067,40,40,arm7_x05,linear
iter05b_arm7,0,gb_eoh_2122r3,HP_Peak,ElasticNet@frozen,size_peak,both,residual,log,p0.05|n40,mape,22.730715042448644,40,40,arm7_x05,linear
iter05b_arm7,0,gb_eoh_2122r3,HP_Peak,ElasticNet@frozen,size_peak,both,residual,log,p0.05|n40,r2,-0.24526719963896482,40,40,arm7_x05,linear
iter05b_arm7,0,gb_eoh_2122r3,HP_Peak,ElasticNet@frozen,size_peak,both,residual,log,p0.05|n40,n_pred_nan,0.0,40,40,arm7_x05,linear
iter05b_arm7,0,gb_eoh_2122r3,HP_Peak,ElasticNet@frozen,size_peak,both,residual,log,p0.05|n40,mape_n_excluded,0.0,40,40,arm7_x05,linear
iter05b_arm7,0,gb_eoh_2122r3,HP_Peak,ElasticNet@frozen,size_peak,both,residual,log,p0.05|n80,wape,18.244000892692906,15,39,arm7_x05,linear
iter05b_arm7,0,gb_eoh_2122r3,HP_Peak,ElasticNet@frozen,size_peak,both,residual,log,p0.05|n80,rmse,3.0544149984791082,15,39,arm7_x05,linear
iter05b_arm7,0,gb_eoh_2122r3,HP_Peak,ElasticNet@frozen,size_peak,both,residual,log,p0.05|n80,mae,2.4284294570194307,15,39,arm7_x05,linear
iter05b_arm7,0,gb_eoh_2122r3,HP_Peak,ElasticNet@frozen,size_peak,both,residual,log,p0.05|n80,mape,18.43974025325948,15,39,arm7_x05,linear
iter05b_arm7,0,gb_eoh_2122r3,HP_Peak,ElasticNet@frozen,size_peak,both,residual,log,p0.05|n80,r2,-2.2991763503107983,15,39,arm7_x05,linear
iter05b_arm7,0,gb_eoh_2122r3,HP_Peak,ElasticNet@frozen,size_peak,both,residual,log,p0.05|n80,n_pred_nan,0.0,15,39,arm7_x05,linear
iter05b_arm7,0,gb_eoh_2122r3,HP_Peak,ElasticNet@frozen,size_peak,both,residual,log,p0.05|n80,mape_n_excluded,0.0,15,39,arm7_x05,linear
iter05b_arm7,0,gb_eoh_2122r3,HP_Peak,ElasticNet@frozen,size_peak,both,residual,log,p0.05|n120,wape,21.3395298586546,15,53,arm7_x05,linear
iter05b_arm7,0,gb_eoh_2122r3,HP_Peak,ElasticNet@frozen,size_peak,both,residual,log,p0.05|n120,rmse,4.622972022373791,15,53,arm7_x05,linear
iter05b_arm7,0,gb_eoh_2122r3,HP_Peak,ElasticNet@frozen,size_peak,both,residual,log,p0.05|n120,mae,4.26941740542972,15,53,arm7_x05,linear
iter05b_arm7,0,gb_eoh_2122r3,HP_Peak,ElasticNet@frozen,size_peak,both,residual,log,p0.05|n120,mape,21.310732628834607,15,53,arm7_x05,linear
iter05b_arm7,0,gb_eoh_2122r3,HP_Peak,ElasticNet@frozen,size_peak,both,residual,log,p0.05|n120,r2,-1.5407419350173712,15,53,arm7_x05,linear
iter05b_arm7,0,gb_eoh_2122r3,HP_Peak,ElasticNet@frozen,size_peak,both,residual,log,p0.05|n120,n_pred_nan,0.0,15,53,arm7_x05,linear
iter05b_arm7,0,gb_eoh_2122r3,HP_Peak,ElasticNet@frozen,size_peak,both,residual,log,p0.05|n120,mape_n_excluded,0.0,15,53,arm7_x05,linear
iter05b_arm7,0,gb_eoh_2122r3,HP_Peak,ElasticNet@frozen,size_peak,both,residual,log,p0.1|n10,wape,33.7061775488948,40,26,arm7_x05,linear
iter05b_arm7,0,gb_eoh_2122r3,HP_Peak,ElasticNet@frozen,size_peak,both,residual,log,p0.1|n10,rmse,1.470896427369029,40,26,arm7_x05,linear
iter05b_arm7,0,gb_eoh_2122r3,HP_Peak,ElasticNet@frozen,size_peak,both,residual,log,p0.1|n10,mae,1.2128628898811622,40,26,arm7_x05,linear
iter05b_arm7,0,gb_eoh_2122r3,HP_Peak,ElasticNet@frozen,size_peak,both,residual,log,p0.1|n10,mape,34.75459487073284,40,26,arm7_x05,linear
iter05b_arm7,0,gb_eoh_2122r3,HP_Peak,ElasticNet@frozen,size_peak,both,residual,log,p0.1|n10,r2,-1.9860104991423961,40,26,arm7_x05,linear
iter05b_arm7,0,gb_eoh_2122r3,HP_Peak,ElasticNet@frozen,size_peak,both,residual,log,p0.1|n10,n_pred_nan,0.0,40,26,arm7_x05,linear
iter05b_arm7,0,gb_eoh_2122r3,HP_Peak,ElasticNet@frozen,size_peak,both,residual,log,p0.1|n10,mape_n_excluded,0.0,40,26,arm7_x05,linear
iter05b_arm7,0,gb_eoh_2122r3,HP_Peak,ElasticNet@frozen,size_peak,both,residual,log,p0.1|n20,wape,22.068631464456416,40,44,arm7_x05,linear
iter05b_arm7,0,gb_eoh_2122r3,HP_Peak,ElasticNet@frozen,size_peak,both,residual,log,p0.1|n20,rmse,1.8840757786618234,40,44,arm7_x05,linear
iter05b_arm7,0,gb_eoh_2122r3,HP_Peak,ElasticNet@frozen,size_peak,both,residual,log,p0.1|n20,mae,1.539411521362247,40,44,arm7_x05,linear
iter05b_arm7,0,gb_eoh_2122r3,HP_Peak,ElasticNet@frozen,size_peak,both,residual,log,p0.1|n20,mape,23.340325152911223,40,44,arm7_x05,linear
iter05b_arm7,0,gb_eoh_2122r3,HP_Peak,ElasticNet@frozen,size_peak,both,residual,log,p0.1|n20,r2,-0.6120182668850997,40,44,arm7_x05,linear
iter05b_arm7,0,gb_eoh_2122r3,HP_Peak,ElasticNet@frozen,size_peak,both,residual,log,p0.1|n20,n_pred_nan,0.0,40,44,arm7_x05,linear
iter05b_arm7,0,gb_eoh_2122r3,HP_Peak,ElasticNet@frozen,size_peak,both,residual,log,p0.1|n20,mape_n_excluded,0.0,40,44,arm7_x05,linear
iter05b_arm7,0,gb_eoh_2122r3,HP_Peak,ElasticNet@frozen,size_peak,both,residual,log,p0.1|n40,wape,23.530145720011518,15,39,arm7_x05,linear
iter05b_arm7,0,gb_eoh_2122r3,HP_Peak,ElasticNet@frozen,size_peak,both,residual,log,p0.1|n40,rmse,3.7039196983721454,15,39,arm7_x05,linear
iter05b_arm7,0,gb_eoh_2122r3,HP_Peak,ElasticNet@frozen,size_peak,both,residual,log,p0.1|n40,mae,3.1658324634789703,15,39,arm7_x05,linear
iter05b_arm7,0,gb_eoh_2122r3,HP_Peak,ElasticNet@frozen,size_peak,both,residual,log,p0.1|n40,mape,23.306994896063213,15,39,arm7_x05,linear
iter05b_arm7,0,gb_eoh_2122r3,HP_Peak,ElasticNet@frozen,size_peak,both,residual,log,p0.1|n40,r2,-1.6705437836307682,15,39,arm7_x05,linear
iter05b_arm7,0,gb_eoh_2122r3,HP_Peak,ElasticNet@frozen,size_peak,both,residual,log,p0.1|n40,n_pred_nan,0.0,15,39,arm7_x05,linear
iter05b_arm7,0,gb_eoh_2122r3,HP_Peak,ElasticNet@frozen,size_peak,both,residual,log,p0.1|n40,mape_n_excluded,0.0,15,39,arm7_x05,linear
iter05b_arm7,0,gb_eoh_2122r3,HP_Peak,ElasticNet@frozen,size_peak,both,residual,log,p0.1|n80,wape,24.002362920487233,10,46,arm7_x05,linear
iter05b_arm7,0,gb_eoh_2122r3,HP_Peak,ElasticNet@frozen,size_peak,both,residual,log,p0.1|n80,rmse,7.53959770104434,10,46,arm7_x05,linear
iter05b_arm7,0,gb_eoh_2122r3,HP_Peak,ElasticNet@frozen,size_peak,both,residual,log,p0.1|n80,mae,6.8956860047316155,10,46,arm7_x05,linear
iter05b_arm7,0,gb_eoh_2122r3,HP_Peak,ElasticNet@frozen,size_peak,both,residual,log,p0.1|n80,mape,23.613582211043163,10,46,arm7_x05,linear
iter05b_arm7,0,gb_eoh_2122r3,HP_Peak,ElasticNet@frozen,size_peak,both,residual,log,p0.1|n80,r2,-11.407714316004187,10,46,arm7_x05,linear
iter05b_arm7,0,gb_eoh_2122r3,HP_Peak,ElasticNet@frozen,size_peak,both,residual,log,p0.1|n80,n_pred_nan,0.0,10,46,arm7_x05,linear
iter05b_arm7,0,gb_eoh_2122r3,HP_Peak,ElasticNet@frozen,size_peak,both,residual,log,p0.1|n80,mape_n_excluded,0.0,10,46,arm7_x05,linear
iter05b_arm7,0,gb_eoh_2122r3,HP_Peak,ElasticNet@frozen,size_peak,both,residual,log,p0.1|n120,wape,24.258840342284067,10,51,arm7_x05,linear
iter05b_arm7,0,gb_eoh_2122r3,HP_Peak,ElasticNet@frozen,size_peak,both,residual,log,p0.1|n120,rmse,10.825510952889797,10,51,arm7_x05,linear
iter05b_arm7,0,gb_eoh_2122r3,HP_Peak,ElasticNet@frozen,size_peak,both,residual,log,p0.1|n120,mae,10.501410518155982,10,51,arm7_x05,linear
iter05b_arm7,0,gb_eoh_2122r3,HP_Peak,ElasticNet@frozen,size_peak,both,residual,log,p0.1|n120,mape,24.22696578083939,10,51,arm7_x05,linear
iter05b_arm7,0,gb_eoh_2122r3,HP_Peak,ElasticNet@frozen,size_peak,both,residual,log,p0.1|n120,r2,-6.518368004049032,10,51,arm7_x05,linear
iter05b_arm7,0,gb_eoh_2122r3,HP_Peak,ElasticNet@frozen,size_peak,both,residual,log,p0.1|n120,n_pred_nan,0.0,10,51,arm7_x05,linear
iter05b_arm7,0,gb_eoh_2122r3,HP_Peak,ElasticNet@frozen,size_peak,both,residual,log,p0.1|n120,mape_n_excluded,0.0,10,51,arm7_x05,linear
iter05b_arm7,0,gb_eoh_2122r3,HP_Peak,ElasticNet@frozen,size_peak,both,residual,log,p0.2|n10,wape,23.477465627911776,40,40,arm7_x05,linear
iter05b_arm7,0,gb_eoh_2122r3,HP_Peak,ElasticNet@frozen,size_peak,both,residual,log,p0.2|n10,rmse,1.887325614819307,40,40,arm7_x05,linear
iter05b_arm7,0,gb_eoh_2122r3,HP_Peak,ElasticNet@frozen,size_peak,both,residual,log,p0.2|n10,mae,1.6056711882958754,40,40,arm7_x05,linear
iter05b_arm7,0,gb_eoh_2122r3,HP_Peak,ElasticNet@frozen,size_peak,both,residual,log,p0.2|n10,mape,24.03359398918477,40,40,arm7_x05,linear
iter05b_arm7,0,gb_eoh_2122r3,HP_Peak,ElasticNet@frozen,size_peak,both,residual,log,p0.2|n10,r2,-0.8171303063756585,40,40,arm7_x05,linear
iter05b_arm7,0,gb_eoh_2122r3,HP_Peak,ElasticNet@frozen,size_peak,both,residual,log,p0.2|n10,n_pred_nan,0.0,40,40,arm7_x05,linear
iter05b_arm7,0,gb_eoh_2122r3,HP_Peak,ElasticNet@frozen,size_peak,both,residual,log,p0.2|n10,mape_n_excluded,0.0,40,40,arm7_x05,linear
iter05b_arm7,0,gb_eoh_2122r3,HP_Peak,ElasticNet@frozen,size_peak,both,residual,log,p0.2|n20,wape,31.051970990426796,15,40,arm7_x05,linear
iter05b_arm7,0,gb_eoh_2122r3,HP_Peak,ElasticNet@frozen,size_peak,both,residual,log,p0.2|n20,rmse,4.209791243388398,15,40,arm7_x05,linear
iter05b_arm7,0,gb_eoh_2122r3,HP_Peak,ElasticNet@frozen,size_peak,both,residual,log,p0.2|n20,mae,4.020607463220118,15,40,arm7_x05,linear
iter05b_arm7,0,gb_eoh_2122r3,HP_Peak,ElasticNet@frozen,size_peak,both,residual,log,p0.2|n20,mape,31.96030704570812,15,40,arm7_x05,linear
iter05b_arm7,0,gb_eoh_2122r3,HP_Peak,ElasticNet@frozen,size_peak,both,residual,log,p0.2|n20,r2,-4.319899557242776,15,40,arm7_x05,linear
iter05b_arm7,0,gb_eoh_2122r3,HP_Peak,ElasticNet@frozen,size_peak,both,residual,log,p0.2|n20,n_pred_nan,0.0,15,40,arm7_x05,linear
iter05b_arm7,0,gb_eoh_2122r3,HP_Peak,ElasticNet@frozen,size_peak,both,residual,log,p0.2|n20,mape_n_excluded,0.0,15,40,arm7_x05,linear
iter05b_arm7,0,gb_eoh_2122r3,HP_Peak,ElasticNet@frozen,size_peak,both,residual,log,p0.2|n40,wape,23.10786777423849,10,45,arm7_x05,linear
iter05b_arm7,0,gb_eoh_2122r3,HP_Peak,ElasticNet@frozen,size_peak,both,residual,log,p0.2|n40,rmse,6.934007196362073,10,45,arm7_x05,linear
iter05b_arm7,0,gb_eoh_2122r3,HP_Peak,ElasticNet@frozen,size_peak,both,residual,log,p0.2|n40,mae,6.626870089086144,10,45,arm7_x05,linear
iter05b_arm7,0,gb_eoh_2122r3,HP_Peak,ElasticNet@frozen,size_peak,both,residual,log,p0.2|n40,mape,22.99391106116012,10,45,arm7_x05,linear
iter05b_arm7,0,gb_eoh_2122r3,HP_Peak,ElasticNet@frozen,size_peak,both,residual,log,p0.2|n40,r2,-14.29755497322362,10,45,arm7_x05,linear
iter05b_arm7,0,gb_eoh_2122r3,HP_Peak,ElasticNet@frozen,size_peak,both,residual,log,p0.2|n40,n_pred_nan,0.0,10,45,arm7_x05,linear
iter05b_arm7,0,gb_eoh_2122r3,HP_Peak,ElasticNet@frozen,size_peak,both,residual,log,p0.2|n40,mape_n_excluded,0.0,10,45,arm7_x05,linear
iter05b_arm7,0,gb_eoh_2122r3,HP_Peak,ElasticNet@frozen,size_peak,both,residual,log,p0.2|n80,wape,20.034455666462346,10,53,arm7_x05,linear
iter05b_arm7,0,gb_eoh_2122r3,HP_Peak,ElasticNet@frozen,size_peak,both,residual,log,p0.2|n80,rmse,12.67742619555648,10,53,arm7_x05,linear
iter05b_arm7,0,gb_eoh_2122r3,HP_Peak,ElasticNet@frozen,size_peak,both,residual,log,p0.2|n80,mae,11.296044926161997,10,53,arm7_x05,linear
iter05b_arm7,0,gb_eoh_2122r3,HP_Peak,ElasticNet@frozen,size_peak,both,residual,log,p0.2|n80,mape,19.68055200148862,10,53,arm7_x05,linear
iter05b_arm7,0,gb_eoh_2122r3,HP_Peak,ElasticNet@frozen,size_peak,both,residual,log,p0.2|n80,r2,-7.905700765216762,10,53,arm7_x05,linear
iter05b_arm7,0,gb_eoh_2122r3,HP_Peak,ElasticNet@frozen,size_peak,both,residual,log,p0.2|n80,n_pred_nan,0.0,10,53,arm7_x05,linear
iter05b_arm7,0,gb_eoh_2122r3,HP_Peak,ElasticNet@frozen,size_peak,both,residual,log,p0.2|n80,mape_n_excluded,0.0,10,53,arm7_x05,linear
iter05b_arm7,0,gb_eoh_2122r3,HP_Peak,ElasticNet@frozen,size_peak,both,residual,log,p0.3|n10,wape,23.564499198918664,25,41,arm7_x05,linear
iter05b_arm7,0,gb_eoh_2122r3,HP_Peak,ElasticNet@frozen,size_peak,both,residual,log,p0.3|n10,rmse,2.9882703227350795,25,41,arm7_x05,linear
iter05b_arm7,0,gb_eoh_2122r3,HP_Peak,ElasticNet@frozen,size_peak,both,residual,log,p0.3|n10,mae,2.4321271260839734,25,41,arm7_x05,linear
iter05b_arm7,0,gb_eoh_2122r3,HP_Peak,ElasticNet@frozen,size_peak,both,residual,log,p0.3|n10,mape,24.56552891716655,25,41,arm7_x05,linear
iter05b_arm7,0,gb_eoh_2122r3,HP_Peak,ElasticNet@frozen,size_peak,both,residual,log,p0.3|n10,r2,-0.9167787507232508,25,41,arm7_x05,linear
iter05b_arm7,0,gb_eoh_2122r3,HP_Peak,ElasticNet@frozen,size_peak,both,residual,log,p0.3|n10,n_pred_nan,0.0,25,41,arm7_x05,linear
iter05b_arm7,0,gb_eoh_2122r3,HP_Peak,ElasticNet@frozen,size_peak,both,residual,log,p0.3|n10,mape_n_excluded,0.0,25,41,arm7_x05,linear
iter05b_arm7,0,gb_eoh_2122r3,HP_Peak,ElasticNet@frozen,size_peak,both,residual,log,p0.3|n20,wape,23.800764970497724,15,51,arm7_x05,linear
iter05b_arm7,0,gb_eoh_2122r3,HP_Peak,ElasticNet@frozen,size_peak,both,residual,log,p0.3|n20,rmse,5.30100730273596,15,51,arm7_x05,linear
iter05b_arm7,0,gb_eoh_2122r3,HP_Peak,ElasticNet@frozen,size_peak,both,residual,log,p0.3|n20,mae,4.741882789813632,15,51,arm7_x05,linear
iter05b_arm7,0,gb_eoh_2122r3,HP_Peak,ElasticNet@frozen,size_peak,both,residual,log,p0.3|n20,mape,25.491882171573394,15,51,arm7_x05,linear
iter05b_arm7,0,gb_eoh_2122r3,HP_Peak,ElasticNet@frozen,size_peak,both,residual,log,p0.3|n20,r2,-3.502525188701779,15,51,arm7_x05,linear
iter05b_arm7,0,gb_eoh_2122r3,HP_Peak,ElasticNet@frozen,size_peak,both,residual,log,p0.3|n20,n_pred_nan,0.0,15,51,arm7_x05,linear
iter05b_arm7,0,gb_eoh_2122r3,HP_Peak,ElasticNet@frozen,size_peak,both,residual,log,p0.3|n20,mape_n_excluded,0.0,15,51,arm7_x05,linear
iter05b_arm7,0,gb_eoh_2122r3,HP_Peak,ElasticNet@frozen,size_peak,both,residual,log,p0.3|n40,wape,16.755864192682274,10,53,arm7_x05,linear
iter05b_arm7,0,gb_eoh_2122r3,HP_Peak,ElasticNet@frozen,size_peak,both,residual,log,p0.3|n40,rmse,7.859996277345599,10,53,arm7_x05,linear
iter05b_arm7,0,gb_eoh_2122r3,HP_Peak,ElasticNet@frozen,size_peak,both,residual,log,p0.3|n40,mae,7.002645176581511,10,53,arm7_x05,linear
iter05b_arm7,0,gb_eoh_2122r3,HP_Peak,ElasticNet@frozen,size_peak,both,residual,log,p0.3|n40,mape,16.412908529351053,10,53,arm7_x05,linear
iter05b_arm7,0,gb_eoh_2122r3,HP_Peak,ElasticNet@frozen,size_peak,both,residual,log,p0.3|n40,r2,-3.7065811721627853,10,53,arm7_x05,linear
iter05b_arm7,0,gb_eoh_2122r3,HP_Peak,ElasticNet@frozen,size_peak,both,residual,log,p0.3|n40,n_pred_nan,0.0,10,53,arm7_x05,linear
iter05b_arm7,0,gb_eoh_2122r3,HP_Peak,ElasticNet@frozen,size_peak,both,residual,log,p0.3|n40,mape_n_excluded,0.0,10,53,arm7_x05,linear
iter05b_arm7,0,gb_eoh_2122r3,HP_Peak,ElasticNet@frozen,size_peak,both,residual,log,p0.5|n10,wape,24.567874101550995,15,41,arm7_x05,linear
iter05b_arm7,0,gb_eoh_2122r3,HP_Peak,ElasticNet@frozen,size_peak,both,residual,log,p0.5|n10,rmse,4.682933107336485,15,41,arm7_x05,linear
iter05b_arm7,0,gb_eoh_2122r3,HP_Peak,ElasticNet@frozen,size_peak,both,residual,log,p0.5|n10,mae,4.057040568280746,15,41,arm7_x05,linear
iter05b_arm7,0,gb_eoh_2122r3,HP_Peak,ElasticNet@frozen,size_peak,both,residual,log,p0.5|n10,mape,25.43977322479597,15,41,arm7_x05,linear
iter05b_arm7,0,gb_eoh_2122r3,HP_Peak,ElasticNet@frozen,size_peak,both,residual,log,p0.5|n10,r2,-1.769915895044536,15,41,arm7_x05,linear
iter05b_arm7,0,gb_eoh_2122r3,HP_Peak,ElasticNet@frozen,size_peak,both,residual,log,p0.5|n10,n_pred_nan,0.0,15,41,arm7_x05,linear
iter05b_arm7,0,gb_eoh_2122r3,HP_Peak,ElasticNet@frozen,size_peak,both,residual,log,p0.5|n10,mape_n_excluded,0.0,15,41,arm7_x05,linear
iter05b_arm7,0,gb_eoh_2122r3,HP_Peak,ElasticNet@frozen,size_peak,both,residual,log,p0.5|n20,wape,7.6525569701597655,10,49,arm7_x05,linear
iter05b_arm7,0,gb_eoh_2122r3,HP_Peak,ElasticNet@frozen,size_peak,both,residual,log,p0.5|n20,rmse,3.5064893898570495,10,49,arm7_x05,linear
iter05b_arm7,0,gb_eoh_2122r3,HP_Peak,ElasticNet@frozen,size_peak,both,residual,log,p0.5|n20,mae,2.7694938747979605,10,49,arm7_x05,linear
iter05b_arm7,0,gb_eoh_2122r3,HP_Peak,ElasticNet@frozen,size_peak,both,residual,log,p0.5|n20,mape,7.495901752596514,10,49,arm7_x05,linear
iter05b_arm7,0,gb_eoh_2122r3,HP_Peak,ElasticNet@frozen,size_peak,both,residual,log,p0.5|n20,r2,0.22630894688459668,10,49,arm7_x05,linear
iter05b_arm7,0,gb_eoh_2122r3,HP_Peak,ElasticNet@frozen,size_peak,both,residual,log,p0.5|n20,n_pred_nan,0.0,10,49,arm7_x05,linear
iter05b_arm7,0,gb_eoh_2122r3,HP_Peak,ElasticNet@frozen,size_peak,both,residual,log,p0.5|n20,mape_n_excluded,0.0,10,49,arm7_x05,linear
iter05b_arm7,0,gb_eoh_2122r3,HP_Peak,ElasticNet@frozen,size_peak,both,residual,log,p0.5|n40,wape,5.907776564797793,5,30,arm7_x05,linear
iter05b_arm7,0,gb_eoh_2122r3,HP_Peak,ElasticNet@frozen,size_peak,both,residual,log,p0.5|n40,rmse,4.774255274401008,5,30,arm7_x05,linear
iter05b_arm7,0,gb_eoh_2122r3,HP_Peak,ElasticNet@frozen,size_peak,both,residual,log,p0.5|n40,mae,4.393350034193665,5,30,arm7_x05,linear
iter05b_arm7,0,gb_eoh_2122r3,HP_Peak,ElasticNet@frozen,size_peak,both,residual,log,p0.5|n40,mape,5.913154242230069,5,30,arm7_x05,linear
iter05b_arm7,0,gb_eoh_2122r3,HP_Peak,ElasticNet@frozen,size_peak,both,residual,log,p0.5|n40,r2,-10.143153817486061,5,30,arm7_x05,linear
iter05b_arm7,0,gb_eoh_2122r3,HP_Peak,ElasticNet@frozen,size_peak,both,residual,log,p0.5|n40,n_pred_nan,0.0,5,30,arm7_x05,linear
iter05b_arm7,0,gb_eoh_2122r3,HP_Peak,ElasticNet@frozen,size_peak,both,residual,log,p0.5|n40,mape_n_excluded,0.0,5,30,arm7_x05,linear
iter05b_arm7,0,gb_eoh_2122r3,HP_Peak,ElasticNet@frozen,size_peak,both,residual,log,p0.8|n10,wape,10.619061424596813,10,44,arm7_x05,linear
iter05b_arm7,0,gb_eoh_2122r3,HP_Peak,ElasticNet@frozen,size_peak,both,residual,log,p0.8|n10,rmse,3.3796370157708093,10,44,arm7_x05,linear
iter05b_arm7,0,gb_eoh_2122r3,HP_Peak,ElasticNet@frozen,size_peak,both,residual,log,p0.8|n10,mae,2.933926935955464,10,44,arm7_x05,linear
iter05b_arm7,0,gb_eoh_2122r3,HP_Peak,ElasticNet@frozen,size_peak,both,residual,log,p0.8|n10,mape,10.64542769181868,10,44,arm7_x05,linear
iter05b_arm7,0,gb_eoh_2122r3,HP_Peak,ElasticNet@frozen,size_peak,both,residual,log,p0.8|n10,r2,-0.7479698944603173,10,44,arm7_x05,linear
iter05b_arm7,0,gb_eoh_2122r3,HP_Peak,ElasticNet@frozen,size_peak,both,residual,log,p0.8|n10,n_pred_nan,0.0,10,44,arm7_x05,linear
iter05b_arm7,0,gb_eoh_2122r3,HP_Peak,ElasticNet@frozen,size_peak,both,residual,log,p0.8|n10,mape_n_excluded,0.0,10,44,arm7_x05,linear
iter05b_arm7,0,gb_eoh_2122r3,HP_Peak,ElasticNet@frozen,size_peak,both,residual,log,p0.8|n20,wape,11.401709738205536,10,53,arm7_x05,linear
iter05b_arm7,0,gb_eoh_2122r3,HP_Peak,ElasticNet@frozen,size_peak,both,residual,log,p0.8|n20,rmse,7.39912071524176,10,53,arm7_x05,linear
iter05b_arm7,0,gb_eoh_2122r3,HP_Peak,ElasticNet@frozen,size_peak,both,residual,log,p0.8|n20,mae,6.327893401786959,10,53,arm7_x05,linear
iter05b_arm7,0,gb_eoh_2122r3,HP_Peak,ElasticNet@frozen,size_peak,both,residual,log,p0.8|n20,mape,11.152737624871836,10,53,arm7_x05,linear
iter05b_arm7,0,gb_eoh_2122r3,HP_Peak,ElasticNet@frozen,size_peak,both,residual,log,p0.8|n20,r2,-1.849092491979306,10,53,arm7_x05,linear
iter05b_arm7,0,gb_eoh_2122r3,HP_Peak,ElasticNet@frozen,size_peak,both,residual,log,p0.8|n20,n_pred_nan,0.0,10,53,arm7_x05,linear
iter05b_arm7,0,gb_eoh_2122r3,HP_Peak,ElasticNet@frozen,size_peak,both,residual,log,p0.8|n20,mape_n_excluded,0.0,10,53,arm7_x05,linear
iter05b_arm7,0,gb_eoh_2122r3,HP_Peak,ElasticNet@frozen,size_peak,both,residual,log,p1.0|n10,wape,13.002609410724775,10,52,arm7_x05,linear
iter05b_arm7,0,gb_eoh_2122r3,HP_Peak,ElasticNet@frozen,size_peak,both,residual,log,p1.0|n10,rmse,5.340402986822643,10,52,arm7_x05,linear
iter05b_arm7,0,gb_eoh_2122r3,HP_Peak,ElasticNet@frozen,size_peak,both,residual,log,p1.0|n10,mae,4.568227901945532,10,52,arm7_x05,linear
iter05b_arm7,0,gb_eoh_2122r3,HP_Peak,ElasticNet@frozen,size_peak,both,residual,log,p1.0|n10,mape,13.100753217980374,10,52,arm7_x05,linear
iter05b_arm7,0,gb_eoh_2122r3,HP_Peak,ElasticNet@frozen,size_peak,both,residual,log,p1.0|n10,r2,-3.7805469340895037,10,52,arm7_x05,linear
iter05b_arm7,0,gb_eoh_2122r3,HP_Peak,ElasticNet@frozen,size_peak,both,residual,log,p1.0|n10,n_pred_nan,0.0,10,52,arm7_x05,linear
iter05b_arm7,0,gb_eoh_2122r3,HP_Peak,ElasticNet@frozen,size_peak,both,residual,log,p1.0|n10,mape_n_excluded,0.0,10,52,arm7_x05,linear
iter05b_arm7,0,gb_eoh_2122r3,HP_Peak,ElasticNet@frozen,size_peak,both,residual,log,p1.0|n20,wape,9.047620421214614,5,30,arm7_x05,linear
iter05b_arm7,0,gb_eoh_2122r3,HP_Peak,ElasticNet@frozen,size_peak,both,residual,log,p1.0|n20,rmse,7.516198094014586,5,30,arm7_x05,linear
iter05b_arm7,0,gb_eoh_2122r3,HP_Peak,ElasticNet@frozen,size_peak,both,residual,log,p1.0|n20,mae,6.6357346428163435,5,30,arm7_x05,linear
iter05b_arm7,0,gb_eoh_2122r3,HP_Peak,ElasticNet@frozen,size_peak,both,residual,log,p1.0|n20,mape,9.190569581176039,5,30,arm7_x05,linear
iter05b_arm7,0,gb_eoh_2122r3,HP_Peak,ElasticNet@frozen,size_peak,both,residual,log,p1.0|n20,r2,-5.893690418259437,5,30,arm7_x05,linear
iter05b_arm7,0,gb_eoh_2122r3,HP_Peak,ElasticNet@frozen,size_peak,both,residual,log,p1.0|n20,n_pred_nan,0.0,5,30,arm7_x05,linear
iter05b_arm7,0,gb_eoh_2122r3,HP_Peak,ElasticNet@frozen,size_peak,both,residual,log,p1.0|n20,mape_n_excluded,0.0,5,30,arm7_x05,linear
iter05b_arm7,0,gb_eoh_2122r3,HP_Peak,TabPFN,size,both,direct,log,all,wape,11.561193362632439,455,81,arm7_x05,tabpfn
iter05b_arm7,0,gb_eoh_2122r3,HP_Peak,TabPFN,size,both,direct,log,all,rmse,2.5199525879529463,455,81,arm7_x05,tabpfn
iter05b_arm7,0,gb_eoh_2122r3,HP_Peak,TabPFN,size,both,direct,log,all,mae,1.8317626389849315,455,81,arm7_x05,tabpfn
iter05b_arm7,0,gb_eoh_2122r3,HP_Peak,TabPFN,size,both,direct,log,all,mape,19.652052508126367,455,81,arm7_x05,tabpfn
iter05b_arm7,0,gb_eoh_2122r3,HP_Peak,TabPFN,size,both,direct,log,all,r2,0.9767657792336963,455,81,arm7_x05,tabpfn
iter05b_arm7,0,gb_eoh_2122r3,HP_Peak,TabPFN,size,both,direct,log,all,n_pred_nan,0.0,455,81,arm7_x05,tabpfn
iter05b_arm7,0,gb_eoh_2122r3,HP_Peak,TabPFN,size,both,direct,log,all,mape_n_excluded,0.0,455,81,arm7_x05,tabpfn
iter05b_arm7,0,gb_eoh_2122r3,HP_Peak,TabPFN,size,both,direct,log,pbin<=15,wape,15.753230210093335,265,81,arm7_x05,tabpfn
iter05b_arm7,0,gb_eoh_2122r3,HP_Peak,TabPFN,size,both,direct,log,pbin<=15,rmse,1.8824810406128674,265,81,arm7_x05,tabpfn
iter05b_arm7,0,gb_eoh_2122r3,HP_Peak,TabPFN,size,both,direct,log,pbin<=15,mae,1.4178424361768727,265,81,arm7_x05,tabpfn
iter05b_arm7,0,gb_eoh_2122r3,HP_Peak,TabPFN,size,both,direct,log,pbin<=15,mape,23.411819811974922,265,81,arm7_x05,tabpfn
iter05b_arm7,0,gb_eoh_2122r3,HP_Peak,TabPFN,size,both,direct,log,pbin<=15,r2,0.9587858845595509,265,81,arm7_x05,tabpfn
iter05b_arm7,0,gb_eoh_2122r3,HP_Peak,TabPFN,size,both,direct,log,pbin<=15,n_pred_nan,0.0,265,81,arm7_x05,tabpfn
iter05b_arm7,0,gb_eoh_2122r3,HP_Peak,TabPFN,size,both,direct,log,pbin<=15,mape_n_excluded,0.0,265,81,arm7_x05,tabpfn
iter05b_arm7,0,gb_eoh_2122r3,HP_Peak,TabPFN,size,both,direct,log,pbin15-35,wape,13.329755880103017,125,81,arm7_x05,tabpfn
iter05b_arm7,0,gb_eoh_2122r3,HP_Peak,TabPFN,size,both,direct,log,pbin15-35,rmse,3.3564326593734624,125,81,arm7_x05,tabpfn
iter05b_arm7,0,gb_eoh_2122r3,HP_Peak,TabPFN,size,both,direct,log,pbin15-35,mae,2.4454215830688724,125,81,arm7_x05,tabpfn
iter05b_arm7,0,gb_eoh_2122r3,HP_Peak,TabPFN,size,both,direct,log,pbin15-35,mape,17.80819014093133,125,81,arm7_x05,tabpfn
iter05b_arm7,0,gb_eoh_2122r3,HP_Peak,TabPFN,size,both,direct,log,pbin15-35,r2,0.9516000431039728,125,81,arm7_x05,tabpfn
iter05b_arm7,0,gb_eoh_2122r3,HP_Peak,TabPFN,size,both,direct,log,pbin15-35,n_pred_nan,0.0,125,81,arm7_x05,tabpfn
iter05b_arm7,0,gb_eoh_2122r3,HP_Peak,TabPFN,size,both,direct,log,pbin15-35,mape_n_excluded,0.0,125,81,arm7_x05,tabpfn
iter05b_arm7,0,gb_eoh_2122r3,HP_Peak,TabPFN,size,both,direct,log,pbin35-65,wape,7.792789925175009,30,63,arm7_x05,tabpfn
iter05b_arm7,0,gb_eoh_2122r3,HP_Peak,TabPFN,size,both,direct,log,pbin35-65,rmse,3.0340391566189497,30,63,arm7_x05,tabpfn
iter05b_arm7,0,gb_eoh_2122r3,HP_Peak,TabPFN,size,both,direct,log,pbin35-65,mae,2.5493750990628947,30,63,arm7_x05,tabpfn
iter05b_arm7,0,gb_eoh_2122r3,HP_Peak,TabPFN,size,both,direct,log,pbin35-65,mape,10.733631989177548,30,63,arm7_x05,tabpfn
iter05b_arm7,0,gb_eoh_2122r3,HP_Peak,TabPFN,size,both,direct,log,pbin35-65,r2,0.9787891053138927,30,63,arm7_x05,tabpfn
iter05b_arm7,0,gb_eoh_2122r3,HP_Peak,TabPFN,size,both,direct,log,pbin35-65,n_pred_nan,0.0,30,63,arm7_x05,tabpfn
iter05b_arm7,0,gb_eoh_2122r3,HP_Peak,TabPFN,size,both,direct,log,pbin35-65,mape_n_excluded,0.0,30,63,arm7_x05,tabpfn
iter05b_arm7,0,gb_eoh_2122r3,HP_Peak,TabPFN,size,both,direct,log,pbin>65,wape,4.877266096906268,35,55,arm7_x05,tabpfn
iter05b_arm7,0,gb_eoh_2122r3,HP_Peak,TabPFN,size,both,direct,log,pbin>65,rmse,2.756118921834258,35,55,arm7_x05,tabpfn
iter05b_arm7,0,gb_eoh_2122r3,HP_Peak,TabPFN,size,both,direct,log,pbin>65,mae,2.1589944084507637,35,55,arm7_x05,tabpfn
iter05b_arm7,0,gb_eoh_2122r3,HP_Peak,TabPFN,size,both,direct,log,pbin>65,mape,5.414826106639972,35,55,arm7_x05,tabpfn
iter05b_arm7,0,gb_eoh_2122r3,HP_Peak,TabPFN,size,both,direct,log,pbin>65,r2,0.9718636944527809,35,55,arm7_x05,tabpfn
iter05b_arm7,0,gb_eoh_2122r3,HP_Peak,TabPFN,size,both,direct,log,pbin>65,n_pred_nan,0.0,35,55,arm7_x05,tabpfn
iter05b_arm7,0,gb_eoh_2122r3,HP_Peak,TabPFN,size,both,direct,log,pbin>65,mape_n_excluded,0.0,35,55,arm7_x05,tabpfn
iter05b_arm7,0,gb_eoh_2122r3,HP_Peak,TabPFN,size,both,direct,log,p0.05|n10,wape,20.91106076907416,40,25,arm7_x05,tabpfn
iter05b_arm7,0,gb_eoh_2122r3,HP_Peak,TabPFN,size,both,direct,log,p0.05|n10,rmse,0.8927333329216757,40,25,arm7_x05,tabpfn
iter05b_arm7,0,gb_eoh_2122r3,HP_Peak,TabPFN,size,both,direct,log,p0.05|n10,mae,0.7227758417546892,40,25,arm7_x05,tabpfn
iter05b_arm7,0,gb_eoh_2122r3,HP_Peak,TabPFN,size,both,direct,log,p0.05|n10,mape,25.317296428783877,40,25,arm7_x05,tabpfn
iter05b_arm7,0,gb_eoh_2122r3,HP_Peak,TabPFN,size,both,direct,log,p0.05|n10,r2,0.344396545464012,40,25,arm7_x05,tabpfn
iter05b_arm7,0,gb_eoh_2122r3,HP_Peak,TabPFN,size,both,direct,log,p0.05|n10,n_pred_nan,0.0,40,25,arm7_x05,tabpfn
iter05b_arm7,0,gb_eoh_2122r3,HP_Peak,TabPFN,size,both,direct,log,p0.05|n10,mape_n_excluded,0.0,40,25,arm7_x05,tabpfn
iter05b_arm7,0,gb_eoh_2122r3,HP_Peak,TabPFN,size,both,direct,log,p0.05|n20,wape,29.012250082134717,40,29,arm7_x05,tabpfn
iter05b_arm7,0,gb_eoh_2122r3,HP_Peak,TabPFN,size,both,direct,log,p0.05|n20,rmse,1.2449365536692931,40,29,arm7_x05,tabpfn
iter05b_arm7,0,gb_eoh_2122r3,HP_Peak,TabPFN,size,both,direct,log,p0.05|n20,mae,1.0457991999983811,40,29,arm7_x05,tabpfn
iter05b_arm7,0,gb_eoh_2122r3,HP_Peak,TabPFN,size,both,direct,log,p0.05|n20,mape,34.00339892642735,40,29,arm7_x05,tabpfn
iter05b_arm7,0,gb_eoh_2122r3,HP_Peak,TabPFN,size,both,direct,log,p0.05|n20,r2,-0.4696277030100062,40,29,arm7_x05,tabpfn
iter05b_arm7,0,gb_eoh_2122r3,HP_Peak,TabPFN,size,both,direct,log,p0.05|n20,n_pred_nan,0.0,40,29,arm7_x05,tabpfn
iter05b_arm7,0,gb_eoh_2122r3,HP_Peak,TabPFN,size,both,direct,log,p0.05|n20,mape_n_excluded,0.0,40,29,arm7_x05,tabpfn
iter05b_arm7,0,gb_eoh_2122r3,HP_Peak,TabPFN,size,both,direct,log,p0.05|n40,wape,26.108336087137346,40,40,arm7_x05,tabpfn
iter05b_arm7,0,gb_eoh_2122r3,HP_Peak,TabPFN,size,both,direct,log,p0.05|n40,rmse,1.9843133063508496,40,40,arm7_x05,tabpfn
iter05b_arm7,0,gb_eoh_2122r3,HP_Peak,TabPFN,size,both,direct,log,p0.05|n40,mae,1.683466088676436,40,40,arm7_x05,tabpfn
iter05b_arm7,0,gb_eoh_2122r3,HP_Peak,TabPFN,size,both,direct,log,p0.05|n40,mape,29.63127197064546,40,40,arm7_x05,tabpfn
iter05b_arm7,0,gb_eoh_2122r3,HP_Peak,TabPFN,size,both,direct,log,p0.05|n40,r2,-0.5477822840604012,40,40,arm7_x05,tabpfn
iter05b_arm7,0,gb_eoh_2122r3,HP_Peak,TabPFN,size,both,direct,log,p0.05|n40,n_pred_nan,0.0,40,40,arm7_x05,tabpfn
iter05b_arm7,0,gb_eoh_2122r3,HP_Peak,TabPFN,size,both,direct,log,p0.05|n40,mape_n_excluded,0.0,40,40,arm7_x05,tabpfn
iter05b_arm7,0,gb_eoh_2122r3,HP_Peak,TabPFN,size,both,direct,log,p0.05|n80,wape,15.273502871947581,15,39,arm7_x05,tabpfn
iter05b_arm7,0,gb_eoh_2122r3,HP_Peak,TabPFN,size,both,direct,log,p0.05|n80,rmse,2.6828426577360234,15,39,arm7_x05,tabpfn
iter05b_arm7,0,gb_eoh_2122r3,HP_Peak,TabPFN,size,both,direct,log,p0.05|n80,mae,2.033031268978063,15,39,arm7_x05,tabpfn
iter05b_arm7,0,gb_eoh_2122r3,HP_Peak,TabPFN,size,both,direct,log,p0.05|n80,mape,15.874344122147521,15,39,arm7_x05,tabpfn
iter05b_arm7,0,gb_eoh_2122r3,HP_Peak,TabPFN,size,both,direct,log,p0.05|n80,r2,-1.5453051098023716,15,39,arm7_x05,tabpfn
iter05b_arm7,0,gb_eoh_2122r3,HP_Peak,TabPFN,size,both,direct,log,p0.05|n80,n_pred_nan,0.0,15,39,arm7_x05,tabpfn
iter05b_arm7,0,gb_eoh_2122r3,HP_Peak,TabPFN,size,both,direct,log,p0.05|n80,mape_n_excluded,0.0,15,39,arm7_x05,tabpfn
iter05b_arm7,0,gb_eoh_2122r3,HP_Peak,TabPFN,size,both,direct,log,p0.05|n120,wape,13.29668940779186,15,53,arm7_x05,tabpfn
iter05b_arm7,0,gb_eoh_2122r3,HP_Peak,TabPFN,size,both,direct,log,p0.05|n120,rmse,3.307276311609405,15,53,arm7_x05,tabpfn
iter05b_arm7,0,gb_eoh_2122r3,HP_Peak,TabPFN,size,both,direct,log,p0.05|n120,mae,2.660279657904267,15,53,arm7_x05,tabpfn
iter05b_arm7,0,gb_eoh_2122r3,HP_Peak,TabPFN,size,both,direct,log,p0.05|n120,mape,14.28605513797328,15,53,arm7_x05,tabpfn
iter05b_arm7,0,gb_eoh_2122r3,HP_Peak,TabPFN,size,both,direct,log,p0.05|n120,r2,-0.3003461790560016,15,53,arm7_x05,tabpfn
iter05b_arm7,0,gb_eoh_2122r3,HP_Peak,TabPFN,size,both,direct,log,p0.05|n120,n_pred_nan,0.0,15,53,arm7_x05,tabpfn
iter05b_arm7,0,gb_eoh_2122r3,HP_Peak,TabPFN,size,both,direct,log,p0.05|n120,mape_n_excluded,0.0,15,53,arm7_x05,tabpfn
iter05b_arm7,0,gb_eoh_2122r3,HP_Peak,TabPFN,size,both,direct,log,p0.1|n10,wape,23.18500367768154,40,26,arm7_x05,tabpfn
iter05b_arm7,0,gb_eoh_2122r3,HP_Peak,TabPFN,size,both,direct,log,p0.1|n10,rmse,1.1376061521070737,40,26,arm7_x05,tabpfn
iter05b_arm7,0,gb_eoh_2122r3,HP_Peak,TabPFN,size,both,direct,log,p0.1|n10,mae,0.8342752755522778,40,26,arm7_x05,tabpfn
iter05b_arm7,0,gb_eoh_2122r3,HP_Peak,TabPFN,size,both,direct,log,p0.1|n10,mape,24.201116487474746,40,26,arm7_x05,tabpfn
iter05b_arm7,0,gb_eoh_2122r3,HP_Peak,TabPFN,size,both,direct,log,p0.1|n10,r2,-0.7861215412428753,40,26,arm7_x05,tabpfn
iter05b_arm7,0,gb_eoh_2122r3,HP_Peak,TabPFN,size,both,direct,log,p0.1|n10,n_pred_nan,0.0,40,26,arm7_x05,tabpfn
iter05b_arm7,0,gb_eoh_2122r3,HP_Peak,TabPFN,size,both,direct,log,p0.1|n10,mape_n_excluded,0.0,40,26,arm7_x05,tabpfn
iter05b_arm7,0,gb_eoh_2122r3,HP_Peak,TabPFN,size,both,direct,log,p0.1|n20,wape,19.800196128630617,40,44,arm7_x05,tabpfn
iter05b_arm7,0,gb_eoh_2122r3,HP_Peak,TabPFN,size,both,direct,log,p0.1|n20,rmse,1.6490610895753142,40,44,arm7_x05,tabpfn
iter05b_arm7,0,gb_eoh_2122r3,HP_Peak,TabPFN,size,both,direct,log,p0.1|n20,mae,1.3811753617227267,40,44,arm7_x05,tabpfn
iter05b_arm7,0,gb_eoh_2122r3,HP_Peak,TabPFN,size,both,direct,log,p0.1|n20,mape,21.51575416335929,40,44,arm7_x05,tabpfn
iter05b_arm7,0,gb_eoh_2122r3,HP_Peak,TabPFN,size,both,direct,log,p0.1|n20,r2,-0.23494243710526996,40,44,arm7_x05,tabpfn
iter05b_arm7,0,gb_eoh_2122r3,HP_Peak,TabPFN,size,both,direct,log,p0.1|n20,n_pred_nan,0.0,40,44,arm7_x05,tabpfn
iter05b_arm7,0,gb_eoh_2122r3,HP_Peak,TabPFN,size,both,direct,log,p0.1|n20,mape_n_excluded,0.0,40,44,arm7_x05,tabpfn
iter05b_arm7,0,gb_eoh_2122r3,HP_Peak,TabPFN,size,both,direct,log,p0.1|n40,wape,15.093070505234104,15,39,arm7_x05,tabpfn
iter05b_arm7,0,gb_eoh_2122r3,HP_Peak,TabPFN,size,both,direct,log,p0.1|n40,rmse,2.492915786109581,15,39,arm7_x05,tabpfn
iter05b_arm7,0,gb_eoh_2122r3,HP_Peak,TabPFN,size,both,direct,log,p0.1|n40,mae,2.0306772914886855,15,39,arm7_x05,tabpfn
iter05b_arm7,0,gb_eoh_2122r3,HP_Peak,TabPFN,size,both,direct,log,p0.1|n40,mape,14.665605672236454,15,39,arm7_x05,tabpfn
iter05b_arm7,0,gb_eoh_2122r3,HP_Peak,TabPFN,size,both,direct,log,p0.1|n40,r2,-0.20973930977480837,15,39,arm7_x05,tabpfn
iter05b_arm7,0,gb_eoh_2122r3,HP_Peak,TabPFN,size,both,direct,log,p0.1|n40,n_pred_nan,0.0,15,39,arm7_x05,tabpfn
iter05b_arm7,0,gb_eoh_2122r3,HP_Peak,TabPFN,size,both,direct,log,p0.1|n40,mape_n_excluded,0.0,15,39,arm7_x05,tabpfn
iter05b_arm7,0,gb_eoh_2122r3,HP_Peak,TabPFN,size,both,direct,log,p0.1|n80,wape,9.42454028297434,10,46,arm7_x05,tabpfn
iter05b_arm7,0,gb_eoh_2122r3,HP_Peak,TabPFN,size,both,direct,log,p0.1|n80,rmse,3.1105730568986094,10,46,arm7_x05,tabpfn
iter05b_arm7,0,gb_eoh_2122r3,HP_Peak,TabPFN,size,both,direct,log,p0.1|n80,mae,2.7075946958065686,10,46,arm7_x05,tabpfn
iter05b_arm7,0,gb_eoh_2122r3,HP_Peak,TabPFN,size,both,direct,log,p0.1|n80,mape,9.450625168980933,10,46,arm7_x05,tabpfn
iter05b_arm7,0,gb_eoh_2122r3,HP_Peak,TabPFN,size,both,direct,log,p0.1|n80,r2,-1.1119141040952258,10,46,arm7_x05,tabpfn
iter05b_arm7,0,gb_eoh_2122r3,HP_Peak,TabPFN,size,both,direct,log,p0.1|n80,n_pred_nan,0.0,10,46,arm7_x05,tabpfn
iter05b_arm7,0,gb_eoh_2122r3,HP_Peak,TabPFN,size,both,direct,log,p0.1|n80,mape_n_excluded,0.0,10,46,arm7_x05,tabpfn
iter05b_arm7,0,gb_eoh_2122r3,HP_Peak,TabPFN,size,both,direct,log,p0.1|n120,wape,4.8725547808157526,10,51,arm7_x05,tabpfn
iter05b_arm7,0,gb_eoh_2122r3,HP_Peak,TabPFN,size,both,direct,log,p0.1|n120,rmse,2.5526899863054453,10,51,arm7_x05,tabpfn
iter05b_arm7,0,gb_eoh_2122r3,HP_Peak,TabPFN,size,both,direct,log,p0.1|n120,mae,2.1092804645059973,10,51,arm7_x05,tabpfn
iter05b_arm7,0,gb_eoh_2122r3,HP_Peak,TabPFN,size,both,direct,log,p0.1|n120,mape,5.048240543055758,10,51,arm7_x05,tabpfn
iter05b_arm7,0,gb_eoh_2122r3,HP_Peak,TabPFN,size,both,direct,log,p0.1|n120,r2,0.581955107861253,10,51,arm7_x05,tabpfn
iter05b_arm7,0,gb_eoh_2122r3,HP_Peak,TabPFN,size,both,direct,log,p0.1|n120,n_pred_nan,0.0,10,51,arm7_x05,tabpfn
iter05b_arm7,0,gb_eoh_2122r3,HP_Peak,TabPFN,size,both,direct,log,p0.1|n120,mape_n_excluded,0.0,10,51,arm7_x05,tabpfn
iter05b_arm7,0,gb_eoh_2122r3,HP_Peak,TabPFN,size,both,direct,log,p0.2|n10,wape,21.038349426371934,40,40,arm7_x05,tabpfn
iter05b_arm7,0,gb_eoh_2122r3,HP_Peak,TabPFN,size,both,direct,log,p0.2|n10,rmse,1.689073385163795,40,40,arm7_x05,tabpfn
iter05b_arm7,0,gb_eoh_2122r3,HP_Peak,TabPFN,size,both,direct,log,p0.2|n10,mae,1.4388551157355534,40,40,arm7_x05,tabpfn
iter05b_arm7,0,gb_eoh_2122r3,HP_Peak,TabPFN,size,both,direct,log,p0.2|n10,mape,21.42793156406433,40,40,arm7_x05,tabpfn
iter05b_arm7,0,gb_eoh_2122r3,HP_Peak,TabPFN,size,both,direct,log,p0.2|n10,r2,-0.45542369383845105,40,40,arm7_x05,tabpfn
iter05b_arm7,0,gb_eoh_2122r3,HP_Peak,TabPFN,size,both,direct,log,p0.2|n10,n_pred_nan,0.0,40,40,arm7_x05,tabpfn
iter05b_arm7,0,gb_eoh_2122r3,HP_Peak,TabPFN,size,both,direct,log,p0.2|n10,mape_n_excluded,0.0,40,40,arm7_x05,tabpfn
iter05b_arm7,0,gb_eoh_2122r3,HP_Peak,TabPFN,size,both,direct,log,p0.2|n20,wape,26.322387346859593,15,40,arm7_x05,tabpfn
iter05b_arm7,0,gb_eoh_2122r3,HP_Peak,TabPFN,size,both,direct,log,p0.2|n20,rmse,3.7196945925974454,15,40,arm7_x05,tabpfn
iter05b_arm7,0,gb_eoh_2122r3,HP_Peak,TabPFN,size,both,direct,log,p0.2|n20,mae,3.4082212381681694,15,40,arm7_x05,tabpfn
iter05b_arm7,0,gb_eoh_2122r3,HP_Peak,TabPFN,size,both,direct,log,p0.2|n20,mape,27.59942932369611,15,40,arm7_x05,tabpfn
iter05b_arm7,0,gb_eoh_2122r3,HP_Peak,TabPFN,size,both,direct,log,p0.2|n20,r2,-3.153334203145773,15,40,arm7_x05,tabpfn
iter05b_arm7,0,gb_eoh_2122r3,HP_Peak,TabPFN,size,both,direct,log,p0.2|n20,n_pred_nan,0.0,15,40,arm7_x05,tabpfn
iter05b_arm7,0,gb_eoh_2122r3,HP_Peak,TabPFN,size,both,direct,log,p0.2|n20,mape_n_excluded,0.0,15,40,arm7_x05,tabpfn
iter05b_arm7,0,gb_eoh_2122r3,HP_Peak,TabPFN,size,both,direct,log,p0.2|n40,wape,8.375364537211137,10,45,arm7_x05,tabpfn
iter05b_arm7,0,gb_eoh_2122r3,HP_Peak,TabPFN,size,both,direct,log,p0.2|n40,rmse,3.1084751968955207,10,45,arm7_x05,tabpfn
iter05b_arm7,0,gb_eoh_2122r3,HP_Peak,TabPFN,size,both,direct,log,p0.2|n40,mae,2.401885508394396,10,45,arm7_x05,tabpfn
iter05b_arm7,0,gb_eoh_2122r3,HP_Peak,TabPFN,size,both,direct,log,p0.2|n40,mape,8.617789201387023,10,45,arm7_x05,tabpfn
iter05b_arm7,0,gb_eoh_2122r3,HP_Peak,TabPFN,size,both,direct,log,p0.2|n40,r2,-2.074314258127914,10,45,arm7_x05,tabpfn
iter05b_arm7,0,gb_eoh_2122r3,HP_Peak,TabPFN,size,both,direct,log,p0.2|n40,n_pred_nan,0.0,10,45,arm7_x05,tabpfn
iter05b_arm7,0,gb_eoh_2122r3,HP_Peak,TabPFN,size,both,direct,log,p0.2|n40,mape_n_excluded,0.0,10,45,arm7_x05,tabpfn
iter05b_arm7,0,gb_eoh_2122r3,HP_Peak,TabPFN,size,both,direct,log,p0.2|n80,wape,9.848366653603655,10,53,arm7_x05,tabpfn
iter05b_arm7,0,gb_eoh_2122r3,HP_Peak,TabPFN,size,both,direct,log,p0.2|n80,rmse,7.460985250060165,10,53,arm7_x05,tabpfn
iter05b_arm7,0,gb_eoh_2122r3,HP_Peak,TabPFN,size,both,direct,log,p0.2|n80,mae,5.55281331424696,10,53,arm7_x05,tabpfn
iter05b_arm7,0,gb_eoh_2122r3,HP_Peak,TabPFN,size,both,direct,log,p0.2|n80,mape,9.740047632404863,10,53,arm7_x05,tabpfn
iter05b_arm7,0,gb_eoh_2122r3,HP_Peak,TabPFN,size,both,direct,log,p0.2|n80,r2,-2.08459591884657,10,53,arm7_x05,tabpfn
iter05b_arm7,0,gb_eoh_2122r3,HP_Peak,TabPFN,size,both,direct,log,p0.2|n80,n_pred_nan,0.0,10,53,arm7_x05,tabpfn
iter05b_arm7,0,gb_eoh_2122r3,HP_Peak,TabPFN,size,both,direct,log,p0.2|n80,mape_n_excluded,0.0,10,53,arm7_x05,tabpfn
iter05b_arm7,0,gb_eoh_2122r3,HP_Peak,TabPFN,size,both,direct,log,p0.3|n10,wape,16.720768107215438,25,41,arm7_x05,tabpfn
iter05b_arm7,0,gb_eoh_2122r3,HP_Peak,TabPFN,size,both,direct,log,p0.3|n10,rmse,2.050208485263854,25,41,arm7_x05,tabpfn
iter05b_arm7,0,gb_eoh_2122r3,HP_Peak,TabPFN,size,both,direct,log,p0.3|n10,mae,1.725775427656217,25,41,arm7_x05,tabpfn
iter05b_arm7,0,gb_eoh_2122r3,HP_Peak,TabPFN,size,both,direct,log,p0.3|n10,mape,18.132361503762667,25,41,arm7_x05,tabpfn
iter05b_arm7,0,gb_eoh_2122r3,HP_Peak,TabPFN,size,both,direct,log,p0.3|n10,r2,0.09774712229127391,25,41,arm7_x05,tabpfn
iter05b_arm7,0,gb_eoh_2122r3,HP_Peak,TabPFN,size,both,direct,log,p0.3|n10,n_pred_nan,0.0,25,41,arm7_x05,tabpfn
iter05b_arm7,0,gb_eoh_2122r3,HP_Peak,TabPFN,size,both,direct,log,p0.3|n10,mape_n_excluded,0.0,25,41,arm7_x05,tabpfn
iter05b_arm7,0,gb_eoh_2122r3,HP_Peak,TabPFN,size,both,direct,log,p0.3|n20,wape,16.339975708301722,15,51,arm7_x05,tabpfn
iter05b_arm7,0,gb_eoh_2122r3,HP_Peak,TabPFN,size,both,direct,log,p0.3|n20,rmse,3.9911907235763118,15,51,arm7_x05,tabpfn
iter05b_arm7,0,gb_eoh_2122r3,HP_Peak,TabPFN,size,both,direct,log,p0.3|n20,mae,3.255452070267993,15,51,arm7_x05,tabpfn
iter05b_arm7,0,gb_eoh_2122r3,HP_Peak,TabPFN,size,both,direct,log,p0.3|n20,mape,17.005348850693018,15,51,arm7_x05,tabpfn
iter05b_arm7,0,gb_eoh_2122r3,HP_Peak,TabPFN,size,both,direct,log,p0.3|n20,r2,-1.5523739831828158,15,51,arm7_x05,tabpfn
iter05b_arm7,0,gb_eoh_2122r3,HP_Peak,TabPFN,size,both,direct,log,p0.3|n20,n_pred_nan,0.0,15,51,arm7_x05,tabpfn
iter05b_arm7,0,gb_eoh_2122r3,HP_Peak,TabPFN,size,both,direct,log,p0.3|n20,mape_n_excluded,0.0,15,51,arm7_x05,tabpfn
iter05b_arm7,0,gb_eoh_2122r3,HP_Peak,TabPFN,size,both,direct,log,p0.3|n40,wape,6.096117560257698,10,53,arm7_x05,tabpfn
iter05b_arm7,0,gb_eoh_2122r3,HP_Peak,TabPFN,size,both,direct,log,p0.3|n40,rmse,2.9870928918089,10,53,arm7_x05,tabpfn
iter05b_arm7,0,gb_eoh_2122r3,HP_Peak,TabPFN,size,both,direct,log,p0.3|n40,mae,2.5477019709825415,10,53,arm7_x05,tabpfn
iter05b_arm7,0,gb_eoh_2122r3,HP_Peak,TabPFN,size,both,direct,log,p0.3|n40,mape,6.294742650602088,10,53,arm7_x05,tabpfn
iter05b_arm7,0,gb_eoh_2122r3,HP_Peak,TabPFN,size,both,direct,log,p0.3|n40,r2,0.3202357363837275,10,53,arm7_x05,tabpfn
iter05b_arm7,0,gb_eoh_2122r3,HP_Peak,TabPFN,size,both,direct,log,p0.3|n40,n_pred_nan,0.0,10,53,arm7_x05,tabpfn
iter05b_arm7,0,gb_eoh_2122r3,HP_Peak,TabPFN,size,both,direct,log,p0.3|n40,mape_n_excluded,0.0,10,53,arm7_x05,tabpfn
iter05b_arm7,0,gb_eoh_2122r3,HP_Peak,TabPFN,size,both,direct,log,p0.5|n10,wape,15.636527776848256,15,41,arm7_x05,tabpfn
iter05b_arm7,0,gb_eoh_2122r3,HP_Peak,TabPFN,size,both,direct,log,p0.5|n10,rmse,2.9505615019764617,15,41,arm7_x05,tabpfn
iter05b_arm7,0,gb_eoh_2122r3,HP_Peak,TabPFN,size,both,direct,log,p0.5|n10,mae,2.5821537213802803,15,41,arm7_x05,tabpfn
iter05b_arm7,0,gb_eoh_2122r3,HP_Peak,TabPFN,size,both,direct,log,p0.5|n10,mape,16.421056914070885,15,41,arm7_x05,tabpfn
iter05b_arm7,0,gb_eoh_2122r3,HP_Peak,TabPFN,size,both,direct,log,p0.5|n10,r2,-0.09961338387498286,15,41,arm7_x05,tabpfn
iter05b_arm7,0,gb_eoh_2122r3,HP_Peak,TabPFN,size,both,direct,log,p0.5|n10,n_pred_nan,0.0,15,41,arm7_x05,tabpfn
iter05b_arm7,0,gb_eoh_2122r3,HP_Peak,TabPFN,size,both,direct,log,p0.5|n10,mape_n_excluded,0.0,15,41,arm7_x05,tabpfn
iter05b_arm7,0,gb_eoh_2122r3,HP_Peak,TabPFN,size,both,direct,log,p0.5|n20,wape,4.937023485249466,10,49,arm7_x05,tabpfn
iter05b_arm7,0,gb_eoh_2122r3,HP_Peak,TabPFN,size,both,direct,log,p0.5|n20,rmse,1.9967759125979967,10,49,arm7_x05,tabpfn
iter05b_arm7,0,gb_eoh_2122r3,HP_Peak,TabPFN,size,both,direct,log,p0.5|n20,mae,1.7867304164410054,10,49,arm7_x05,tabpfn
iter05b_arm7,0,gb_eoh_2122r3,HP_Peak,TabPFN,size,both,direct,log,p0.5|n20,mape,4.921142494734457,10,49,arm7_x05,tabpfn
iter05b_arm7,0,gb_eoh_2122r3,HP_Peak,TabPFN,size,both,direct,log,p0.5|n20,r2,0.7491112575531742,10,49,arm7_x05,tabpfn
iter05b_arm7,0,gb_eoh_2122r3,HP_Peak,TabPFN,size,both,direct,log,p0.5|n20,n_pred_nan,0.0,10,49,arm7_x05,tabpfn
iter05b_arm7,0,gb_eoh_2122r3,HP_Peak,TabPFN,size,both,direct,log,p0.5|n20,mape_n_excluded,0.0,10,49,arm7_x05,tabpfn
iter05b_arm7,0,gb_eoh_2122r3,HP_Peak,TabPFN,size,both,direct,log,p0.5|n40,wape,5.347004158228371,5,30,arm7_x05,tabpfn
iter05b_arm7,0,gb_eoh_2122r3,HP_Peak,TabPFN,size,both,direct,log,p0.5|n40,rmse,4.5979010431154625,5,30,arm7_x05,tabpfn
iter05b_arm7,0,gb_eoh_2122r3,HP_Peak,TabPFN,size,both,direct,log,p0.5|n40,mae,3.9763285973545153,5,30,arm7_x05,tabpfn
iter05b_arm7,0,gb_eoh_2122r3,HP_Peak,TabPFN,size,both,direct,log,p0.5|n40,mape,5.296336203383724,5,30,arm7_x05,tabpfn
iter05b_arm7,0,gb_eoh_2122r3,HP_Peak,TabPFN,size,both,direct,log,p0.5|n40,r2,-9.335133539173938,5,30,arm7_x05,tabpfn
iter05b_arm7,0,gb_eoh_2122r3,HP_Peak,TabPFN,size,both,direct,log,p0.5|n40,n_pred_nan,0.0,5,30,arm7_x05,tabpfn
iter05b_arm7,0,gb_eoh_2122r3,HP_Peak,TabPFN,size,both,direct,log,p0.5|n40,mape_n_excluded,0.0,5,30,arm7_x05,tabpfn
iter05b_arm7,0,gb_eoh_2122r3,HP_Peak,TabPFN,size,both,direct,log,p0.8|n10,wape,8.397863601153253,10,44,arm7_x05,tabpfn
iter05b_arm7,0,gb_eoh_2122r3,HP_Peak,TabPFN,size,both,direct,log,p0.8|n10,rmse,2.856153738570152,10,44,arm7_x05,tabpfn
iter05b_arm7,0,gb_eoh_2122r3,HP_Peak,TabPFN,size,both,direct,log,p0.8|n10,mae,2.3202350225447512,10,44,arm7_x05,tabpfn
iter05b_arm7,0,gb_eoh_2122r3,HP_Peak,TabPFN,size,both,direct,log,p0.8|n10,mape,8.397365623413492,10,44,arm7_x05,tabpfn
iter05b_arm7,0,gb_eoh_2122r3,HP_Peak,TabPFN,size,both,direct,log,p0.8|n10,r2,-0.24840929443942095,10,44,arm7_x05,tabpfn
iter05b_arm7,0,gb_eoh_2122r3,HP_Peak,TabPFN,size,both,direct,log,p0.8|n10,n_pred_nan,0.0,10,44,arm7_x05,tabpfn
iter05b_arm7,0,gb_eoh_2122r3,HP_Peak,TabPFN,size,both,direct,log,p0.8|n10,mape_n_excluded,0.0,10,44,arm7_x05,tabpfn
iter05b_arm7,0,gb_eoh_2122r3,HP_Peak,TabPFN,size,both,direct,log,p0.8|n20,wape,6.104690669605677,10,53,arm7_x05,tabpfn
iter05b_arm7,0,gb_eoh_2122r3,HP_Peak,TabPFN,size,both,direct,log,p0.8|n20,rmse,3.803370315410054,10,53,arm7_x05,tabpfn
iter05b_arm7,0,gb_eoh_2122r3,HP_Peak,TabPFN,size,both,direct,log,p0.8|n20,mae,3.3880736043213773,10,53,arm7_x05,tabpfn
iter05b_arm7,0,gb_eoh_2122r3,HP_Peak,TabPFN,size,both,direct,log,p0.8|n20,mape,6.26151812036788,10,53,arm7_x05,tabpfn
iter05b_arm7,0,gb_eoh_2122r3,HP_Peak,TabPFN,size,both,direct,log,p0.8|n20,r2,0.2471931749675822,10,53,arm7_x05,tabpfn
iter05b_arm7,0,gb_eoh_2122r3,HP_Peak,TabPFN,size,both,direct,log,p0.8|n20,n_pred_nan,0.0,10,53,arm7_x05,tabpfn
iter05b_arm7,0,gb_eoh_2122r3,HP_Peak,TabPFN,size,both,direct,log,p0.8|n20,mape_n_excluded,0.0,10,53,arm7_x05,tabpfn
iter05b_arm7,0,gb_eoh_2122r3,HP_Peak,TabPFN,size,both,direct,log,p1.0|n10,wape,3.3231190619711555,10,52,arm7_x05,tabpfn
iter05b_arm7,0,gb_eoh_2122r3,HP_Peak,TabPFN,size,both,direct,log,p1.0|n10,rmse,1.566420898555568,10,52,arm7_x05,tabpfn
iter05b_arm7,0,gb_eoh_2122r3,HP_Peak,TabPFN,size,both,direct,log,p1.0|n10,mae,1.1675168222666397,10,52,arm7_x05,tabpfn
iter05b_arm7,0,gb_eoh_2122r3,HP_Peak,TabPFN,size,both,direct,log,p1.0|n10,mape,3.3349090285113228,10,52,arm7_x05,tabpfn
iter05b_arm7,0,gb_eoh_2122r3,HP_Peak,TabPFN,size,both,direct,log,p1.0|n10,r2,0.5887115975189634,10,52,arm7_x05,tabpfn
iter05b_arm7,0,gb_eoh_2122r3,HP_Peak,TabPFN,size,both,direct,log,p1.0|n10,n_pred_nan,0.0,10,52,arm7_x05,tabpfn
iter05b_arm7,0,gb_eoh_2122r3,HP_Peak,TabPFN,size,both,direct,log,p1.0|n10,mape_n_excluded,0.0,10,52,arm7_x05,tabpfn
iter05b_arm7,0,gb_eoh_2122r3,HP_Peak,TabPFN,size,both,direct,log,p1.0|n20,wape,1.856104329772002,5,30,arm7_x05,tabpfn
iter05b_arm7,0,gb_eoh_2122r3,HP_Peak,TabPFN,size,both,direct,log,p1.0|n20,rmse,1.7376742638381082,5,30,arm7_x05,tabpfn
iter05b_arm7,0,gb_eoh_2122r3,HP_Peak,TabPFN,size,both,direct,log,p1.0|n20,mae,1.3613099608898067,5,30,arm7_x05,tabpfn
iter05b_arm7,0,gb_eoh_2122r3,HP_Peak,TabPFN,size,both,direct,log,p1.0|n20,mape,1.9161972018944096,5,30,arm7_x05,tabpfn
iter05b_arm7,0,gb_eoh_2122r3,HP_Peak,TabPFN,size,both,direct,log,p1.0|n20,r2,0.6315385313780882,5,30,arm7_x05,tabpfn
iter05b_arm7,0,gb_eoh_2122r3,HP_Peak,TabPFN,size,both,direct,log,p1.0|n20,n_pred_nan,0.0,5,30,arm7_x05,tabpfn
iter05b_arm7,0,gb_eoh_2122r3,HP_Peak,TabPFN,size,both,direct,log,p1.0|n20,mape_n_excluded,0.0,5,30,arm7_x05,tabpfn
iter05b_arm7,0,gb_eoh_2122r3,HP_Peak,TabPFN@frozen,size,both,direct,log,all,wape,16.38474147353181,455,81,arm7_x05,tabpfn
iter05b_arm7,0,gb_eoh_2122r3,HP_Peak,TabPFN@frozen,size,both,direct,log,all,rmse,4.025821654604702,455,81,arm7_x05,tabpfn
iter05b_arm7,0,gb_eoh_2122r3,HP_Peak,TabPFN@frozen,size,both,direct,log,all,mae,2.5960085900516976,455,81,arm7_x05,tabpfn
iter05b_arm7,0,gb_eoh_2122r3,HP_Peak,TabPFN@frozen,size,both,direct,log,all,mape,22.233662121037202,455,81,arm7_x05,tabpfn
iter05b_arm7,0,gb_eoh_2122r3,HP_Peak,TabPFN@frozen,size,both,direct,log,all,r2,0.940700308330923,455,81,arm7_x05,tabpfn
iter05b_arm7,0,gb_eoh_2122r3,HP_Peak,TabPFN@frozen,size,both,direct,log,all,n_pred_nan,0.0,455,81,arm7_x05,tabpfn
iter05b_arm7,0,gb_eoh_2122r3,HP_Peak,TabPFN@frozen,size,both,direct,log,all,mape_n_excluded,0.0,455,81,arm7_x05,tabpfn
iter05b_arm7,0,gb_eoh_2122r3,HP_Peak,TabPFN@frozen,size,both,direct,log,pbin<=15,wape,22.608378706217366,265,81,arm7_x05,tabpfn
iter05b_arm7,0,gb_eoh_2122r3,HP_Peak,TabPFN@frozen,size,both,direct,log,pbin<=15,rmse,3.441576040073921,265,81,arm7_x05,tabpfn
iter05b_arm7,0,gb_eoh_2122r3,HP_Peak,TabPFN@frozen,size,both,direct,log,pbin<=15,mae,2.0348283060254118,265,81,arm7_x05,tabpfn
iter05b_arm7,0,gb_eoh_2122r3,HP_Peak,TabPFN@frozen,size,both,direct,log,pbin<=15,mape,25.480770761936878,265,81,arm7_x05,tabpfn
iter05b_arm7,0,gb_eoh_2122r3,HP_Peak,TabPFN@frozen,size,both,direct,log,pbin<=15,r2,0.862247496478825,265,81,arm7_x05,tabpfn
iter05b_arm7,0,gb_eoh_2122r3,HP_Peak,TabPFN@frozen,size,both,direct,log,pbin<=15,n_pred_nan,0.0,265,81,arm7_x05,tabpfn
iter05b_arm7,0,gb_eoh_2122r3,HP_Peak,TabPFN@frozen,size,both,direct,log,pbin<=15,mape_n_excluded,0.0,265,81,arm7_x05,tabpfn
iter05b_arm7,0,gb_eoh_2122r3,HP_Peak,TabPFN@frozen,size,both,direct,log,pbin15-35,wape,20.163305745178576,125,81,arm7_x05,tabpfn
iter05b_arm7,0,gb_eoh_2122r3,HP_Peak,TabPFN@frozen,size,both,direct,log,pbin15-35,rmse,5.278324352920385,125,81,arm7_x05,tabpfn
iter05b_arm7,0,gb_eoh_2122r3,HP_Peak,TabPFN@frozen,size,both,direct,log,pbin15-35,mae,3.6990762245598763,125,81,arm7_x05,tabpfn
iter05b_arm7,0,gb_eoh_2122r3,HP_Peak,TabPFN@frozen,size,both,direct,log,pbin15-35,mape,21.947631643300827,125,81,arm7_x05,tabpfn
iter05b_arm7,0,gb_eoh_2122r3,HP_Peak,TabPFN@frozen,size,both,direct,log,pbin15-35,r2,0.8803035565226899,125,81,arm7_x05,tabpfn
iter05b_arm7,0,gb_eoh_2122r3,HP_Peak,TabPFN@frozen,size,both,direct,log,pbin15-35,n_pred_nan,0.0,125,81,arm7_x05,tabpfn
iter05b_arm7,0,gb_eoh_2122r3,HP_Peak,TabPFN@frozen,size,both,direct,log,pbin15-35,mape_n_excluded,0.0,125,81,arm7_x05,tabpfn
iter05b_arm7,0,gb_eoh_2122r3,HP_Peak,TabPFN@frozen,size,both,direct,log,pbin35-65,wape,9.334153384011792,30,63,arm7_x05,tabpfn
iter05b_arm7,0,gb_eoh_2122r3,HP_Peak,TabPFN@frozen,size,both,direct,log,pbin35-65,rmse,3.5984125747910034,30,63,arm7_x05,tabpfn
iter05b_arm7,0,gb_eoh_2122r3,HP_Peak,TabPFN@frozen,size,both,direct,log,pbin35-65,mae,3.0536250093382193,30,63,arm7_x05,tabpfn
iter05b_arm7,0,gb_eoh_2122r3,HP_Peak,TabPFN@frozen,size,both,direct,log,pbin35-65,mape,13.422086866530464,30,63,arm7_x05,tabpfn
iter05b_arm7,0,gb_eoh_2122r3,HP_Peak,TabPFN@frozen,size,both,direct,log,pbin35-65,r2,0.9701641416656953,30,63,arm7_x05,tabpfn
iter05b_arm7,0,gb_eoh_2122r3,HP_Peak,TabPFN@frozen,size,both,direct,log,pbin35-65,n_pred_nan,0.0,30,63,arm7_x05,tabpfn
iter05b_arm7,0,gb_eoh_2122r3,HP_Peak,TabPFN@frozen,size,both,direct,log,pbin35-65,mape_n_excluded,0.0,30,63,arm7_x05,tabpfn
iter05b_arm7,0,gb_eoh_2122r3,HP_Peak,TabPFN@frozen,size,both,direct,log,pbin>65,wape,5.677376345316496,35,55,arm7_x05,tabpfn
iter05b_arm7,0,gb_eoh_2122r3,HP_Peak,TabPFN@frozen,size,both,direct,log,pbin>65,rmse,3.2269862742765616,35,55,arm7_x05,tabpfn
iter05b_arm7,0,gb_eoh_2122r3,HP_Peak,TabPFN@frozen,size,both,direct,log,pbin>65,mae,2.5131751150473494,35,55,arm7_x05,tabpfn
iter05b_arm7,0,gb_eoh_2122r3,HP_Peak,TabPFN@frozen,size,both,direct,log,pbin>65,mape,6.222727192861104,35,55,arm7_x05,tabpfn
iter05b_arm7,0,gb_eoh_2122r3,HP_Peak,TabPFN@frozen,size,both,direct,log,pbin>65,r2,0.9614285999950271,35,55,arm7_x05,tabpfn
iter05b_arm7,0,gb_eoh_2122r3,HP_Peak,TabPFN@frozen,size,both,direct,log,pbin>65,n_pred_nan,0.0,35,55,arm7_x05,tabpfn
iter05b_arm7,0,gb_eoh_2122r3,HP_Peak,TabPFN@frozen,size,both,direct,log,pbin>65,mape_n_excluded,0.0,35,55,arm7_x05,tabpfn
iter05b_arm7,0,gb_eoh_2122r3,HP_Peak,TabPFN@frozen,size,both,direct,log,p0.05|n10,wape,20.522795048218725,40,25,arm7_x05,tabpfn
iter05b_arm7,0,gb_eoh_2122r3,HP_Peak,TabPFN@frozen,size,both,direct,log,p0.05|n10,rmse,0.9464058988504307,40,25,arm7_x05,tabpfn
iter05b_arm7,0,gb_eoh_2122r3,HP_Peak,TabPFN@frozen,size,both,direct,log,p0.05|n10,mae,0.709355715137736,40,25,arm7_x05,tabpfn
iter05b_arm7,0,gb_eoh_2122r3,HP_Peak,TabPFN@frozen,size,both,direct,log,p0.05|n10,mape,24.396889810321724,40,25,arm7_x05,tabpfn
iter05b_arm7,0,gb_eoh_2122r3,HP_Peak,TabPFN@frozen,size,both,direct,log,p0.05|n10,r2,0.2631949245465972,40,25,arm7_x05,tabpfn
iter05b_arm7,0,gb_eoh_2122r3,HP_Peak,TabPFN@frozen,size,both,direct,log,p0.05|n10,n_pred_nan,0.0,40,25,arm7_x05,tabpfn
iter05b_arm7,0,gb_eoh_2122r3,HP_Peak,TabPFN@frozen,size,both,direct,log,p0.05|n10,mape_n_excluded,0.0,40,25,arm7_x05,tabpfn
iter05b_arm7,0,gb_eoh_2122r3,HP_Peak,TabPFN@frozen,size,both,direct,log,p0.05|n20,wape,27.445580663940518,40,29,arm7_x05,tabpfn
iter05b_arm7,0,gb_eoh_2122r3,HP_Peak,TabPFN@frozen,size,both,direct,log,p0.05|n20,rmse,1.1599318155874254,40,29,arm7_x05,tabpfn
iter05b_arm7,0,gb_eoh_2122r3,HP_Peak,TabPFN@frozen,size,both,direct,log,p0.05|n20,mae,0.9893257579326677,40,29,arm7_x05,tabpfn
iter05b_arm7,0,gb_eoh_2122r3,HP_Peak,TabPFN@frozen,size,both,direct,log,p0.05|n20,mape,31.514140233811105,40,29,arm7_x05,tabpfn
iter05b_arm7,0,gb_eoh_2122r3,HP_Peak,TabPFN@frozen,size,both,direct,log,p0.05|n20,r2,-0.27578594670582124,40,29,arm7_x05,tabpfn
iter05b_arm7,0,gb_eoh_2122r3,HP_Peak,TabPFN@frozen,size,both,direct,log,p0.05|n20,n_pred_nan,0.0,40,29,arm7_x05,tabpfn
iter05b_arm7,0,gb_eoh_2122r3,HP_Peak,TabPFN@frozen,size,both,direct,log,p0.05|n20,mape_n_excluded,0.0,40,29,arm7_x05,tabpfn
iter05b_arm7,0,gb_eoh_2122r3,HP_Peak,TabPFN@frozen,size,both,direct,log,p0.05|n40,wape,29.278210146390066,40,40,arm7_x05,tabpfn
iter05b_arm7,0,gb_eoh_2122r3,HP_Peak,TabPFN@frozen,size,both,direct,log,p0.05|n40,rmse,2.2159128596540945,40,40,arm7_x05,tabpfn
iter05b_arm7,0,gb_eoh_2122r3,HP_Peak,TabPFN@frozen,size,both,direct,log,p0.05|n40,mae,1.8878596381664061,40,40,arm7_x05,tabpfn
iter05b_arm7,0,gb_eoh_2122r3,HP_Peak,TabPFN@frozen,size,both,direct,log,p0.05|n40,mape,34.28806281638567,40,40,arm7_x05,tabpfn
iter05b_arm7,0,gb_eoh_2122r3,HP_Peak,TabPFN@frozen,size,both,direct,log,p0.05|n40,r2,-0.9301663401348337,40,40,arm7_x05,tabpfn
iter05b_arm7,0,gb_eoh_2122r3,HP_Peak,TabPFN@frozen,size,both,direct,log,p0.05|n40,n_pred_nan,0.0,40,40,arm7_x05,tabpfn
iter05b_arm7,0,gb_eoh_2122r3,HP_Peak,TabPFN@frozen,size,both,direct,log,p0.05|n40,mape_n_excluded,0.0,40,40,arm7_x05,tabpfn
iter05b_arm7,0,gb_eoh_2122r3,HP_Peak,TabPFN@frozen,size,both,direct,log,p0.05|n80,wape,8.824081622602371,15,39,arm7_x05,tabpfn
iter05b_arm7,0,gb_eoh_2122r3,HP_Peak,TabPFN@frozen,size,both,direct,log,p0.05|n80,rmse,1.5432344636112625,15,39,arm7_x05,tabpfn
iter05b_arm7,0,gb_eoh_2122r3,HP_Peak,TabPFN@frozen,size,both,direct,log,p0.05|n80,mae,1.1745592356364127,15,39,arm7_x05,tabpfn
iter05b_arm7,0,gb_eoh_2122r3,HP_Peak,TabPFN@frozen,size,both,direct,log,p0.05|n80,mape,9.529063366826183,15,39,arm7_x05,tabpfn
iter05b_arm7,0,gb_eoh_2122r3,HP_Peak,TabPFN@frozen,size,both,direct,log,p0.05|n80,r2,0.15780381452575043,15,39,arm7_x05,tabpfn
iter05b_arm7,0,gb_eoh_2122r3,HP_Peak,TabPFN@frozen,size,both,direct,log,p0.05|n80,n_pred_nan,0.0,15,39,arm7_x05,tabpfn
iter05b_arm7,0,gb_eoh_2122r3,HP_Peak,TabPFN@frozen,size,both,direct,log,p0.05|n80,mape_n_excluded,0.0,15,39,arm7_x05,tabpfn
iter05b_arm7,0,gb_eoh_2122r3,HP_Peak,TabPFN@frozen,size,both,direct,log,p0.05|n120,wape,11.175825054476428,15,53,arm7_x05,tabpfn
iter05b_arm7,0,gb_eoh_2122r3,HP_Peak,TabPFN@frozen,size,both,direct,log,p0.05|n120,rmse,2.7701561981751044,15,53,arm7_x05,tabpfn
iter05b_arm7,0,gb_eoh_2122r3,HP_Peak,TabPFN@frozen,size,both,direct,log,p0.05|n120,mae,2.23595657091142,15,53,arm7_x05,tabpfn
iter05b_arm7,0,gb_eoh_2122r3,HP_Peak,TabPFN@frozen,size,both,direct,log,p0.05|n120,mape,11.873313932524203,15,53,arm7_x05,tabpfn
iter05b_arm7,0,gb_eoh_2122r3,HP_Peak,TabPFN@frozen,size,both,direct,log,p0.05|n120,r2,0.08772338761938947,15,53,arm7_x05,tabpfn
iter05b_arm7,0,gb_eoh_2122r3,HP_Peak,TabPFN@frozen,size,both,direct,log,p0.05|n120,n_pred_nan,0.0,15,53,arm7_x05,tabpfn
iter05b_arm7,0,gb_eoh_2122r3,HP_Peak,TabPFN@frozen,size,both,direct,log,p0.05|n120,mape_n_excluded,0.0,15,53,arm7_x05,tabpfn
iter05b_arm7,0,gb_eoh_2122r3,HP_Peak,TabPFN@frozen,size,both,direct,log,p0.1|n10,wape,22.544113306346482,40,26,arm7_x05,tabpfn
iter05b_arm7,0,gb_eoh_2122r3,HP_Peak,TabPFN@frozen,size,both,direct,log,p0.1|n10,rmse,1.0931000735793732,40,26,arm7_x05,tabpfn
iter05b_arm7,0,gb_eoh_2122r3,HP_Peak,TabPFN@frozen,size,both,direct,log,p0.1|n10,mae,0.8112138605713929,40,26,arm7_x05,tabpfn
iter05b_arm7,0,gb_eoh_2122r3,HP_Peak,TabPFN@frozen,size,both,direct,log,p0.1|n10,mape,23.25589597632593,40,26,arm7_x05,tabpfn
iter05b_arm7,0,gb_eoh_2122r3,HP_Peak,TabPFN@frozen,size,both,direct,log,p0.1|n10,r2,-0.6490999983661336,40,26,arm7_x05,tabpfn
iter05b_arm7,0,gb_eoh_2122r3,HP_Peak,TabPFN@frozen,size,both,direct,log,p0.1|n10,n_pred_nan,0.0,40,26,arm7_x05,tabpfn
iter05b_arm7,0,gb_eoh_2122r3,HP_Peak,TabPFN@frozen,size,both,direct,log,p0.1|n10,mape_n_excluded,0.0,40,26,arm7_x05,tabpfn
iter05b_arm7,0,gb_eoh_2122r3,HP_Peak,TabPFN@frozen,size,both,direct,log,p0.1|n20,wape,24.62906860969243,40,44,arm7_x05,tabpfn
iter05b_arm7,0,gb_eoh_2122r3,HP_Peak,TabPFN@frozen,size,both,direct,log,p0.1|n20,rmse,2.0753091279295335,40,44,arm7_x05,tabpfn
iter05b_arm7,0,gb_eoh_2122r3,HP_Peak,TabPFN@frozen,size,both,direct,log,p0.1|n20,mae,1.7180164542258205,40,44,arm7_x05,tabpfn
iter05b_arm7,0,gb_eoh_2122r3,HP_Peak,TabPFN@frozen,size,both,direct,log,p0.1|n20,mape,25.741459433148783,40,44,arm7_x05,tabpfn
iter05b_arm7,0,gb_eoh_2122r3,HP_Peak,TabPFN@frozen,size,both,direct,log,p0.1|n20,r2,-0.9558647451180908,40,44,arm7_x05,tabpfn
iter05b_arm7,0,gb_eoh_2122r3,HP_Peak,TabPFN@frozen,size,both,direct,log,p0.1|n20,n_pred_nan,0.0,40,44,arm7_x05,tabpfn
iter05b_arm7,0,gb_eoh_2122r3,HP_Peak,TabPFN@frozen,size,both,direct,log,p0.1|n20,mape_n_excluded,0.0,40,44,arm7_x05,tabpfn
iter05b_arm7,0,gb_eoh_2122r3,HP_Peak,TabPFN@frozen,size,both,direct,log,p0.1|n40,wape,21.49153061737096,15,39,arm7_x05,tabpfn
iter05b_arm7,0,gb_eoh_2122r3,HP_Peak,TabPFN@frozen,size,both,direct,log,p0.1|n40,rmse,3.617711526388003,15,39,arm7_x05,tabpfn
iter05b_arm7,0,gb_eoh_2122r3,HP_Peak,TabPFN@frozen,size,both,direct,log,p0.1|n40,mae,2.8915496796290947,15,39,arm7_x05,tabpfn
iter05b_arm7,0,gb_eoh_2122r3,HP_Peak,TabPFN@frozen,size,both,direct,log,p0.1|n40,mape,20.454220062897292,15,39,arm7_x05,tabpfn
iter05b_arm7,0,gb_eoh_2122r3,HP_Peak,TabPFN@frozen,size,both,direct,log,p0.1|n40,r2,-1.547677459818459,15,39,arm7_x05,tabpfn
iter05b_arm7,0,gb_eoh_2122r3,HP_Peak,TabPFN@frozen,size,both,direct,log,p0.1|n40,n_pred_nan,0.0,15,39,arm7_x05,tabpfn
iter05b_arm7,0,gb_eoh_2122r3,HP_Peak,TabPFN@frozen,size,both,direct,log,p0.1|n40,mape_n_excluded,0.0,15,39,arm7_x05,tabpfn
iter05b_arm7,0,gb_eoh_2122r3,HP_Peak,TabPFN@frozen,size,both,direct,log,p0.1|n80,wape,28.649743813066706,10,46,arm7_x05,tabpfn
iter05b_arm7,0,gb_eoh_2122r3,HP_Peak,TabPFN@frozen,size,both,direct,log,p0.1|n80,rmse,8.88396639121571,10,46,arm7_x05,tabpfn
iter05b_arm7,0,gb_eoh_2122r3,HP_Peak,TabPFN@frozen,size,both,direct,log,p0.1|n80,mae,8.23084119281786,10,46,arm7_x05,tabpfn
iter05b_arm7,0,gb_eoh_2122r3,HP_Peak,TabPFN@frozen,size,both,direct,log,p0.1|n80,mape,28.4559497250462,10,46,arm7_x05,tabpfn
iter05b_arm7,0,gb_eoh_2122r3,HP_Peak,TabPFN@frozen,size,both,direct,log,p0.1|n80,r2,-16.22698408716939,10,46,arm7_x05,tabpfn
iter05b_arm7,0,gb_eoh_2122r3,HP_Peak,TabPFN@frozen,size,both,direct,log,p0.1|n80,n_pred_nan,0.0,10,46,arm7_x05,tabpfn
iter05b_arm7,0,gb_eoh_2122r3,HP_Peak,TabPFN@frozen,size,both,direct,log,p0.1|n80,mape_n_excluded,0.0,10,46,arm7_x05,tabpfn
iter05b_arm7,0,gb_eoh_2122r3,HP_Peak,TabPFN@frozen,size,both,direct,log,p0.1|n120,wape,27.203039397653146,10,51,arm7_x05,tabpfn
iter05b_arm7,0,gb_eoh_2122r3,HP_Peak,TabPFN@frozen,size,both,direct,log,p0.1|n120,rmse,12.232150369205604,10,51,arm7_x05,tabpfn
iter05b_arm7,0,gb_eoh_2122r3,HP_Peak,TabPFN@frozen,size,both,direct,log,p0.1|n120,mae,11.775924983454065,10,51,arm7_x05,tabpfn
iter05b_arm7,0,gb_eoh_2122r3,HP_Peak,TabPFN@frozen,size,both,direct,log,p0.1|n120,mape,27.213786342936675,10,51,arm7_x05,tabpfn
iter05b_arm7,0,gb_eoh_2122r3,HP_Peak,TabPFN@frozen,size,both,direct,log,p0.1|n120,r2,-8.599141515860676,10,51,arm7_x05,tabpfn
iter05b_arm7,0,gb_eoh_2122r3,HP_Peak,TabPFN@frozen,size,both,direct,log,p0.1|n120,n_pred_nan,0.0,10,51,arm7_x05,tabpfn
iter05b_arm7,0,gb_eoh_2122r3,HP_Peak,TabPFN@frozen,size,both,direct,log,p0.1|n120,mape_n_excluded,0.0,10,51,arm7_x05,tabpfn
iter05b_arm7,0,gb_eoh_2122r3,HP_Peak,TabPFN@frozen,size,both,direct,log,p0.2|n10,wape,21.153325846212816,40,40,arm7_x05,tabpfn
iter05b_arm7,0,gb_eoh_2122r3,HP_Peak,TabPFN@frozen,size,both,direct,log,p0.2|n10,rmse,1.7416605979918471,40,40,arm7_x05,tabpfn
iter05b_arm7,0,gb_eoh_2122r3,HP_Peak,TabPFN@frozen,size,both,direct,log,p0.2|n10,mae,1.4467185847997965,40,40,arm7_x05,tabpfn
iter05b_arm7,0,gb_eoh_2122r3,HP_Peak,TabPFN@frozen,size,both,direct,log,p0.2|n10,mape,21.32418557958651,40,40,arm7_x05,tabpfn
iter05b_arm7,0,gb_eoh_2122r3,HP_Peak,TabPFN@frozen,size,both,direct,log,p0.2|n10,r2,-0.5474600892227666,40,40,arm7_x05,tabpfn
iter05b_arm7,0,gb_eoh_2122r3,HP_Peak,TabPFN@frozen,size,both,direct,log,p0.2|n10,n_pred_nan,0.0,40,40,arm7_x05,tabpfn
iter05b_arm7,0,gb_eoh_2122r3,HP_Peak,TabPFN@frozen,size,both,direct,log,p0.2|n10,mape_n_excluded,0.0,40,40,arm7_x05,tabpfn
iter05b_arm7,0,gb_eoh_2122r3,HP_Peak,TabPFN@frozen,size,both,direct,log,p0.2|n20,wape,30.003415900448623,15,40,arm7_x05,tabpfn
iter05b_arm7,0,gb_eoh_2122r3,HP_Peak,TabPFN@frozen,size,both,direct,log,p0.2|n20,rmse,4.213310690276339,15,40,arm7_x05,tabpfn
iter05b_arm7,0,gb_eoh_2122r3,HP_Peak,TabPFN@frozen,size,both,direct,log,p0.2|n20,mae,3.884840608946571,15,40,arm7_x05,tabpfn
iter05b_arm7,0,gb_eoh_2122r3,HP_Peak,TabPFN@frozen,size,both,direct,log,p0.2|n20,mape,31.51284398874284,15,40,arm7_x05,tabpfn
iter05b_arm7,0,gb_eoh_2122r3,HP_Peak,TabPFN@frozen,size,both,direct,log,p0.2|n20,r2,-4.328798302692121,15,40,arm7_x05,tabpfn
iter05b_arm7,0,gb_eoh_2122r3,HP_Peak,TabPFN@frozen,size,both,direct,log,p0.2|n20,n_pred_nan,0.0,15,40,arm7_x05,tabpfn
iter05b_arm7,0,gb_eoh_2122r3,HP_Peak,TabPFN@frozen,size,both,direct,log,p0.2|n20,mape_n_excluded,0.0,15,40,arm7_x05,tabpfn
iter05b_arm7,0,gb_eoh_2122r3,HP_Peak,TabPFN@frozen,size,both,direct,log,p0.2|n40,wape,19.366685722562,10,45,arm7_x05,tabpfn
iter05b_arm7,0,gb_eoh_2122r3,HP_Peak,TabPFN@frozen,size,both,direct,log,p0.2|n40,rmse,5.852414082110016,10,45,arm7_x05,tabpfn
iter05b_arm7,0,gb_eoh_2122r3,HP_Peak,TabPFN@frozen,size,both,direct,log,p0.2|n40,mae,5.553974585342598,10,45,arm7_x05,tabpfn
iter05b_arm7,0,gb_eoh_2122r3,HP_Peak,TabPFN@frozen,size,both,direct,log,p0.2|n40,mape,19.41916380244161,10,45,arm7_x05,tabpfn
iter05b_arm7,0,gb_eoh_2122r3,HP_Peak,TabPFN@frozen,size,both,direct,log,p0.2|n40,r2,-9.89741624309113,10,45,arm7_x05,tabpfn
iter05b_arm7,0,gb_eoh_2122r3,HP_Peak,TabPFN@frozen,size,both,direct,log,p0.2|n40,n_pred_nan,0.0,10,45,arm7_x05,tabpfn
iter05b_arm7,0,gb_eoh_2122r3,HP_Peak,TabPFN@frozen,size,both,direct,log,p0.2|n40,mape_n_excluded,0.0,10,45,arm7_x05,tabpfn
iter05b_arm7,0,gb_eoh_2122r3,HP_Peak,TabPFN@frozen,size,both,direct,log,p0.2|n80,wape,20.646618032833224,10,53,arm7_x05,tabpfn
iter05b_arm7,0,gb_eoh_2122r3,HP_Peak,TabPFN@frozen,size,both,direct,log,p0.2|n80,rmse,13.317005972001999,10,53,arm7_x05,tabpfn
iter05b_arm7,0,gb_eoh_2122r3,HP_Peak,TabPFN@frozen,size,both,direct,log,p0.2|n80,mae,11.641200976705802,10,53,arm7_x05,tabpfn
iter05b_arm7,0,gb_eoh_2122r3,HP_Peak,TabPFN@frozen,size,both,direct,log,p0.2|n80,mape,20.770225482234277,10,53,arm7_x05,tabpfn
iter05b_arm7,0,gb_eoh_2122r3,HP_Peak,TabPFN@frozen,size,both,direct,log,p0.2|n80,r2,-8.826958134060526,10,53,arm7_x05,tabpfn
iter05b_arm7,0,gb_eoh_2122r3,HP_Peak,TabPFN@frozen,size,both,direct,log,p0.2|n80,n_pred_nan,0.0,10,53,arm7_x05,tabpfn
iter05b_arm7,0,gb_eoh_2122r3,HP_Peak,TabPFN@frozen,size,both,direct,log,p0.2|n80,mape_n_excluded,0.0,10,53,arm7_x05,tabpfn
iter05b_arm7,0,gb_eoh_2122r3,HP_Peak,TabPFN@frozen,size,both,direct,log,p0.3|n10,wape,20.59096974725876,25,41,arm7_x05,tabpfn
iter05b_arm7,0,gb_eoh_2122r3,HP_Peak,TabPFN@frozen,size,both,direct,log,p0.3|n10,rmse,2.4603631729553608,25,41,arm7_x05,tabpfn
iter05b_arm7,0,gb_eoh_2122r3,HP_Peak,TabPFN@frozen,size,both,direct,log,p0.3|n10,mae,2.125224714174302,25,41,arm7_x05,tabpfn
iter05b_arm7,0,gb_eoh_2122r3,HP_Peak,TabPFN@frozen,size,both,direct,log,p0.3|n10,mape,22.160573057878107,25,41,arm7_x05,tabpfn
iter05b_arm7,0,gb_eoh_2122r3,HP_Peak,TabPFN@frozen,size,both,direct,log,p0.3|n10,r2,-0.2993634860697545,25,41,arm7_x05,tabpfn
iter05b_arm7,0,gb_eoh_2122r3,HP_Peak,TabPFN@frozen,size,both,direct,log,p0.3|n10,n_pred_nan,0.0,25,41,arm7_x05,tabpfn
iter05b_arm7,0,gb_eoh_2122r3,HP_Peak,TabPFN@frozen,size,both,direct,log,p0.3|n10,mape_n_excluded,0.0,25,41,arm7_x05,tabpfn
iter05b_arm7,0,gb_eoh_2122r3,HP_Peak,TabPFN@frozen,size,both,direct,log,p0.3|n20,wape,19.50861506471873,15,51,arm7_x05,tabpfn
iter05b_arm7,0,gb_eoh_2122r3,HP_Peak,TabPFN@frozen,size,both,direct,log,p0.3|n20,rmse,4.814398498910927,15,51,arm7_x05,tabpfn
iter05b_arm7,0,gb_eoh_2122r3,HP_Peak,TabPFN@frozen,size,both,direct,log,p0.3|n20,mae,3.8867475958506628,15,51,arm7_x05,tabpfn
iter05b_arm7,0,gb_eoh_2122r3,HP_Peak,TabPFN@frozen,size,both,direct,log,p0.3|n20,mape,20.86793115852242,15,51,arm7_x05,tabpfn
iter05b_arm7,0,gb_eoh_2122r3,HP_Peak,TabPFN@frozen,size,both,direct,log,p0.3|n20,r2,-2.713841937262682,15,51,arm7_x05,tabpfn
iter05b_arm7,0,gb_eoh_2122r3,HP_Peak,TabPFN@frozen,size,both,direct,log,p0.3|n20,n_pred_nan,0.0,15,51,arm7_x05,tabpfn
iter05b_arm7,0,gb_eoh_2122r3,HP_Peak,TabPFN@frozen,size,both,direct,log,p0.3|n20,mape_n_excluded,0.0,15,51,arm7_x05,tabpfn
iter05b_arm7,0,gb_eoh_2122r3,HP_Peak,TabPFN@frozen,size,both,direct,log,p0.3|n40,wape,15.04098373364077,10,53,arm7_x05,tabpfn
iter05b_arm7,0,gb_eoh_2122r3,HP_Peak,TabPFN@frozen,size,both,direct,log,p0.3|n40,rmse,6.928407270501835,10,53,arm7_x05,tabpfn
iter05b_arm7,0,gb_eoh_2122r3,HP_Peak,TabPFN@frozen,size,both,direct,log,p0.3|n40,mae,6.285958813119256,10,53,arm7_x05,tabpfn
iter05b_arm7,0,gb_eoh_2122r3,HP_Peak,TabPFN@frozen,size,both,direct,log,p0.3|n40,mape,14.886668572645242,10,53,arm7_x05,tabpfn
iter05b_arm7,0,gb_eoh_2122r3,HP_Peak,TabPFN@frozen,size,both,direct,log,p0.3|n40,r2,-2.6570229852270173,10,53,arm7_x05,tabpfn
iter05b_arm7,0,gb_eoh_2122r3,HP_Peak,TabPFN@frozen,size,both,direct,log,p0.3|n40,n_pred_nan,0.0,10,53,arm7_x05,tabpfn
iter05b_arm7,0,gb_eoh_2122r3,HP_Peak,TabPFN@frozen,size,both,direct,log,p0.3|n40,mape_n_excluded,0.0,10,53,arm7_x05,tabpfn
iter05b_arm7,0,gb_eoh_2122r3,HP_Peak,TabPFN@frozen,size,both,direct,log,p0.5|n10,wape,18.47123498845252,15,41,arm7_x05,tabpfn
iter05b_arm7,0,gb_eoh_2122r3,HP_Peak,TabPFN@frozen,size,both,direct,log,p0.5|n10,rmse,3.6463376073004468,15,41,arm7_x05,tabpfn
iter05b_arm7,0,gb_eoh_2122r3,HP_Peak,TabPFN@frozen,size,both,direct,log,p0.5|n10,mae,3.0502659442425117,15,41,arm7_x05,tabpfn
iter05b_arm7,0,gb_eoh_2122r3,HP_Peak,TabPFN@frozen,size,both,direct,log,p0.5|n10,mape,19.558627817818486,15,41,arm7_x05,tabpfn
iter05b_arm7,0,gb_eoh_2122r3,HP_Peak,TabPFN@frozen,size,both,direct,log,p0.5|n10,r2,-0.6793624078245639,15,41,arm7_x05,tabpfn
iter05b_arm7,0,gb_eoh_2122r3,HP_Peak,TabPFN@frozen,size,both,direct,log,p0.5|n10,n_pred_nan,0.0,15,41,arm7_x05,tabpfn
iter05b_arm7,0,gb_eoh_2122r3,HP_Peak,TabPFN@frozen,size,both,direct,log,p0.5|n10,mape_n_excluded,0.0,15,41,arm7_x05,tabpfn
iter05b_arm7,0,gb_eoh_2122r3,HP_Peak,TabPFN@frozen,size,both,direct,log,p0.5|n20,wape,8.869880648052398,10,49,arm7_x05,tabpfn
iter05b_arm7,0,gb_eoh_2122r3,HP_Peak,TabPFN@frozen,size,both,direct,log,p0.5|n20,rmse,3.6297124059759818,10,49,arm7_x05,tabpfn
iter05b_arm7,0,gb_eoh_2122r3,HP_Peak,TabPFN@frozen,size,both,direct,log,p0.5|n20,mae,3.210048643970725,10,49,arm7_x05,tabpfn
iter05b_arm7,0,gb_eoh_2122r3,HP_Peak,TabPFN@frozen,size,both,direct,log,p0.5|n20,mape,9.057783489537757,10,49,arm7_x05,tabpfn
iter05b_arm7,0,gb_eoh_2122r3,HP_Peak,TabPFN@frozen,size,both,direct,log,p0.5|n20,r2,0.17097629641500134,10,49,arm7_x05,tabpfn
iter05b_arm7,0,gb_eoh_2122r3,HP_Peak,TabPFN@frozen,size,both,direct,log,p0.5|n20,n_pred_nan,0.0,10,49,arm7_x05,tabpfn
iter05b_arm7,0,gb_eoh_2122r3,HP_Peak,TabPFN@frozen,size,both,direct,log,p0.5|n20,mape_n_excluded,0.0,10,49,arm7_x05,tabpfn
iter05b_arm7,0,gb_eoh_2122r3,HP_Peak,TabPFN@frozen,size,both,direct,log,p0.5|n40,wape,3.6990989094413935,5,30,arm7_x05,tabpfn
iter05b_arm7,0,gb_eoh_2122r3,HP_Peak,TabPFN@frozen,size,both,direct,log,p0.5|n40,rmse,3.3844468101968426,5,30,arm7_x05,tabpfn
iter05b_arm7,0,gb_eoh_2122r3,HP_Peak,TabPFN@frozen,size,both,direct,log,p0.5|n40,mae,2.7508549353603287,5,30,arm7_x05,tabpfn
iter05b_arm7,0,gb_eoh_2122r3,HP_Peak,TabPFN@frozen,size,both,direct,log,p0.5|n40,mape,3.7410707666518164,5,30,arm7_x05,tabpfn
iter05b_arm7,0,gb_eoh_2122r3,HP_Peak,TabPFN@frozen,size,both,direct,log,p0.5|n40,r2,-4.599796420602995,5,30,arm7_x05,tabpfn
iter05b_arm7,0,gb_eoh_2122r3,HP_Peak,TabPFN@frozen,size,both,direct,log,p0.5|n40,n_pred_nan,0.0,5,30,arm7_x05,tabpfn
iter05b_arm7,0,gb_eoh_2122r3,HP_Peak,TabPFN@frozen,size,both,direct,log,p0.5|n40,mape_n_excluded,0.0,5,30,arm7_x05,tabpfn
iter05b_arm7,0,gb_eoh_2122r3,HP_Peak,TabPFN@frozen,size,both,direct,log,p0.8|n10,wape,8.432619821992615,10,44,arm7_x05,tabpfn
iter05b_arm7,0,gb_eoh_2122r3,HP_Peak,TabPFN@frozen,size,both,direct,log,p0.8|n10,rmse,2.867647259691046,10,44,arm7_x05,tabpfn
iter05b_arm7,0,gb_eoh_2122r3,HP_Peak,TabPFN@frozen,size,both,direct,log,p0.8|n10,mae,2.3298377744674794,10,44,arm7_x05,tabpfn
iter05b_arm7,0,gb_eoh_2122r3,HP_Peak,TabPFN@frozen,size,both,direct,log,p0.8|n10,mape,8.579652100280049,10,44,arm7_x05,tabpfn
iter05b_arm7,0,gb_eoh_2122r3,HP_Peak,TabPFN@frozen,size,both,direct,log,p0.8|n10,r2,-0.25847702204109924,10,44,arm7_x05,tabpfn
iter05b_arm7,0,gb_eoh_2122r3,HP_Peak,TabPFN@frozen,size,both,direct,log,p0.8|n10,n_pred_nan,0.0,10,44,arm7_x05,tabpfn
iter05b_arm7,0,gb_eoh_2122r3,HP_Peak,TabPFN@frozen,size,both,direct,log,p0.8|n10,mape_n_excluded,0.0,10,44,arm7_x05,tabpfn
iter05b_arm7,0,gb_eoh_2122r3,HP_Peak,TabPFN@frozen,size,both,direct,log,p0.8|n20,wape,5.695359684864891,10,53,arm7_x05,tabpfn
iter05b_arm7,0,gb_eoh_2122r3,HP_Peak,TabPFN@frozen,size,both,direct,log,p0.8|n20,rmse,4.231236210788587,10,53,arm7_x05,tabpfn
iter05b_arm7,0,gb_eoh_2122r3,HP_Peak,TabPFN@frozen,size,both,direct,log,p0.8|n20,mae,3.160896900391722,10,53,arm7_x05,tabpfn
iter05b_arm7,0,gb_eoh_2122r3,HP_Peak,TabPFN@frozen,size,both,direct,log,p0.8|n20,mape,5.759974136655853,10,53,arm7_x05,tabpfn
iter05b_arm7,0,gb_eoh_2122r3,HP_Peak,TabPFN@frozen,size,both,direct,log,p0.8|n20,r2,0.06828976986735735,10,53,arm7_x05,tabpfn
iter05b_arm7,0,gb_eoh_2122r3,HP_Peak,TabPFN@frozen,size,both,direct,log,p0.8|n20,n_pred_nan,0.0,10,53,arm7_x05,tabpfn
iter05b_arm7,0,gb_eoh_2122r3,HP_Peak,TabPFN@frozen,size,both,direct,log,p0.8|n20,mape_n_excluded,0.0,10,53,arm7_x05,tabpfn
iter05b_arm7,0,gb_eoh_2122r3,HP_Peak,TabPFN@frozen,size,both,direct,log,p1.0|n10,wape,5.67576744850012,10,52,arm7_x05,tabpfn
iter05b_arm7,0,gb_eoh_2122r3,HP_Peak,TabPFN@frozen,size,both,direct,log,p1.0|n10,rmse,2.4097719208130877,10,52,arm7_x05,tabpfn
iter05b_arm7,0,gb_eoh_2122r3,HP_Peak,TabPFN@frozen,size,both,direct,log,p1.0|n10,mae,1.9940766044857443,10,52,arm7_x05,tabpfn
iter05b_arm7,0,gb_eoh_2122r3,HP_Peak,TabPFN@frozen,size,both,direct,log,p1.0|n10,mape,5.68154338732156,10,52,arm7_x05,tabpfn
iter05b_arm7,0,gb_eoh_2122r3,HP_Peak,TabPFN@frozen,size,both,direct,log,p1.0|n10,r2,0.026622271167355605,10,52,arm7_x05,tabpfn
iter05b_arm7,0,gb_eoh_2122r3,HP_Peak,TabPFN@frozen,size,both,direct,log,p1.0|n10,n_pred_nan,0.0,10,52,arm7_x05,tabpfn
iter05b_arm7,0,gb_eoh_2122r3,HP_Peak,TabPFN@frozen,size,both,direct,log,p1.0|n10,mape_n_excluded,0.0,10,52,arm7_x05,tabpfn
iter05b_arm7,0,gb_eoh_2122r3,HP_Peak,TabPFN@frozen,size,both,direct,log,p1.0|n20,wape,3.575838994216786,5,30,arm7_x05,tabpfn
iter05b_arm7,0,gb_eoh_2122r3,HP_Peak,TabPFN@frozen,size,both,direct,log,p1.0|n20,rmse,3.0044234263669694,5,30,arm7_x05,tabpfn
iter05b_arm7,0,gb_eoh_2122r3,HP_Peak,TabPFN@frozen,size,both,direct,log,p1.0|n20,mae,2.6226032466415545,5,30,arm7_x05,tabpfn
iter05b_arm7,0,gb_eoh_2122r3,HP_Peak,TabPFN@frozen,size,both,direct,log,p1.0|n20,mape,3.5167511015128037,5,30,arm7_x05,tabpfn
iter05b_arm7,0,gb_eoh_2122r3,HP_Peak,TabPFN@frozen,size,both,direct,log,p1.0|n20,r2,-0.10148254702292836,5,30,arm7_x05,tabpfn
iter05b_arm7,0,gb_eoh_2122r3,HP_Peak,TabPFN@frozen,size,both,direct,log,p1.0|n20,n_pred_nan,0.0,5,30,arm7_x05,tabpfn
iter05b_arm7,0,gb_eoh_2122r3,HP_Peak,TabPFN@frozen,size,both,direct,log,p1.0|n20,mape_n_excluded,0.0,5,30,arm7_x05,tabpfn
iter05b_arm7,0,gb_eoh_2122r3,HP_Peak,CNN,size,raw,residual,log,all,wape,11.505917300922503,455,81,arm7_x05,rawseries
iter05b_arm7,0,gb_eoh_2122r3,HP_Peak,CNN,size,raw,residual,log,all,rmse,2.47635960744348,455,81,arm7_x05,rawseries
iter05b_arm7,0,gb_eoh_2122r3,HP_Peak,CNN,size,raw,residual,log,all,mae,1.8230046655219367,455,81,arm7_x05,rawseries
iter05b_arm7,0,gb_eoh_2122r3,HP_Peak,CNN,size,raw,residual,log,all,mape,19.935423448265226,455,81,arm7_x05,rawseries
iter05b_arm7,0,gb_eoh_2122r3,HP_Peak,CNN,size,raw,residual,log,all,r2,0.9775626896490147,455,81,arm7_x05,rawseries
iter05b_arm7,0,gb_eoh_2122r3,HP_Peak,CNN,size,raw,residual,log,all,n_pred_nan,0.0,455,81,arm7_x05,rawseries
iter05b_arm7,0,gb_eoh_2122r3,HP_Peak,CNN,size,raw,residual,log,all,mape_n_excluded,0.0,455,81,arm7_x05,rawseries
iter05b_arm7,0,gb_eoh_2122r3,HP_Peak,CNN,size,raw,residual,log,all,n_invalid,0.0,455,81,arm7_x05,rawseries
iter05b_arm7,0,gb_eoh_2122r3,HP_Peak,CNN,size,raw,residual,log,all,n_resid_excluded_train,0.0,455,81,arm7_x05,rawseries
iter05b_arm7,0,gb_eoh_2122r3,HP_Peak,CNN,size,raw,residual,log,all,n_resid_excluded_inner,0.0,455,81,arm7_x05,rawseries
iter05b_arm7,0,gb_eoh_2122r3,HP_Peak,CNN,size,raw,residual,log,pbin<=15,wape,17.72336887933391,265,81,arm7_x05,rawseries
iter05b_arm7,0,gb_eoh_2122r3,HP_Peak,CNN,size,raw,residual,log,pbin<=15,rmse,2.3171778514790056,265,81,arm7_x05,rawseries
iter05b_arm7,0,gb_eoh_2122r3,HP_Peak,CNN,size,raw,residual,log,pbin<=15,mae,1.5951613843004506,265,81,arm7_x05,rawseries
iter05b_arm7,0,gb_eoh_2122r3,HP_Peak,CNN,size,raw,residual,log,pbin<=15,mape,25.39524389091103,265,81,arm7_x05,rawseries
iter05b_arm7,0,gb_eoh_2122r3,HP_Peak,CNN,size,raw,residual,log,pbin<=15,r2,0.9375541618950904,265,81,arm7_x05,rawseries
iter05b_arm7,0,gb_eoh_2122r3,HP_Peak,CNN,size,raw,residual,log,pbin<=15,n_pred_nan,0.0,265,81,arm7_x05,rawseries
iter05b_arm7,0,gb_eoh_2122r3,HP_Peak,CNN,size,raw,residual,log,pbin<=15,mape_n_excluded,0.0,265,81,arm7_x05,rawseries
iter05b_arm7,0,gb_eoh_2122r3,HP_Peak,CNN,size,raw,residual,log,pbin15-35,wape,10.487809987124347,125,81,arm7_x05,rawseries
iter05b_arm7,0,gb_eoh_2122r3,HP_Peak,CNN,size,raw,residual,log,pbin15-35,rmse,2.45871164861414,125,81,arm7_x05,rawseries
iter05b_arm7,0,gb_eoh_2122r3,HP_Peak,CNN,size,raw,residual,log,pbin15-35,mae,1.9240500075415439,125,81,arm7_x05,rawseries
iter05b_arm7,0,gb_eoh_2122r3,HP_Peak,CNN,size,raw,residual,log,pbin15-35,mape,14.72107085988692,125,81,arm7_x05,rawseries
iter05b_arm7,0,gb_eoh_2122r3,HP_Peak,CNN,size,raw,residual,log,pbin15-35,r2,0.9740280656838901,125,81,arm7_x05,rawseries
iter05b_arm7,0,gb_eoh_2122r3,HP_Peak,CNN,size,raw,residual,log,pbin15-35,n_pred_nan,0.0,125,81,arm7_x05,rawseries
iter05b_arm7,0,gb_eoh_2122r3,HP_Peak,CNN,size,raw,residual,log,pbin15-35,mape_n_excluded,0.0,125,81,arm7_x05,rawseries
iter05b_arm7,0,gb_eoh_2122r3,HP_Peak,CNN,size,raw,residual,log,pbin35-65,wape,7.169456000038532,30,63,arm7_x05,rawseries
iter05b_arm7,0,gb_eoh_2122r3,HP_Peak,CNN,size,raw,residual,log,pbin35-65,rmse,2.889038865752144,30,63,arm7_x05,rawseries
iter05b_arm7,0,gb_eoh_2122r3,HP_Peak,CNN,size,raw,residual,log,pbin35-65,mae,2.3454542950373223,30,63,arm7_x05,rawseries
iter05b_arm7,0,gb_eoh_2122r3,HP_Peak,CNN,size,raw,residual,log,pbin35-65,mape,8.968289289169189,30,63,arm7_x05,rawseries
iter05b_arm7,0,gb_eoh_2122r3,HP_Peak,CNN,size,raw,residual,log,pbin35-65,r2,0.9807680467941083,30,63,arm7_x05,rawseries
iter05b_arm7,0,gb_eoh_2122r3,HP_Peak,CNN,size,raw,residual,log,pbin35-65,n_pred_nan,0.0,30,63,arm7_x05,rawseries
iter05b_arm7,0,gb_eoh_2122r3,HP_Peak,CNN,size,raw,residual,log,pbin35-65,mape_n_excluded,0.0,30,63,arm7_x05,rawseries
iter05b_arm7,0,gb_eoh_2122r3,HP_Peak,CNN,size,raw,residual,log,pbin>65,wape,6.188459335205936,35,55,arm7_x05,rawseries
iter05b_arm7,0,gb_eoh_2122r3,HP_Peak,CNN,size,raw,residual,log,pbin>65,rmse,3.2129210419188947,35,55,arm7_x05,rawseries
iter05b_arm7,0,gb_eoh_2122r3,HP_Peak,CNN,size,raw,residual,log,pbin>65,mae,2.7394136051156934,35,55,arm7_x05,rawseries
iter05b_arm7,0,gb_eoh_2122r3,HP_Peak,CNN,size,raw,residual,log,pbin>65,mape,6.619871477380405,35,55,arm7_x05,rawseries
iter05b_arm7,0,gb_eoh_2122r3,HP_Peak,CNN,size,raw,residual,log,pbin>65,r2,0.9617641039887745,35,55,arm7_x05,rawseries
iter05b_arm7,0,gb_eoh_2122r3,HP_Peak,CNN,size,raw,residual,log,pbin>65,n_pred_nan,0.0,35,55,arm7_x05,rawseries
iter05b_arm7,0,gb_eoh_2122r3,HP_Peak,CNN,size,raw,residual,log,pbin>65,mape_n_excluded,0.0,35,55,arm7_x05,rawseries
iter05b_arm7,0,gb_eoh_2122r3,HP_Peak,CNN,size,raw,residual,log,p0.05|n10,wape,22.87275225750428,40,25,arm7_x05,rawseries
iter05b_arm7,0,gb_eoh_2122r3,HP_Peak,CNN,size,raw,residual,log,p0.05|n10,rmse,1.0672700448128702,40,25,arm7_x05,rawseries
iter05b_arm7,0,gb_eoh_2122r3,HP_Peak,CNN,size,raw,residual,log,p0.05|n10,mae,0.7905803033490049,40,25,arm7_x05,rawseries
iter05b_arm7,0,gb_eoh_2122r3,HP_Peak,CNN,size,raw,residual,log,p0.05|n10,mape,25.57915296247933,40,25,arm7_x05,rawseries
iter05b_arm7,0,gb_eoh_2122r3,HP_Peak,CNN,size,raw,residual,log,p0.05|n10,r2,0.06298536916315489,40,25,arm7_x05,rawseries
iter05b_arm7,0,gb_eoh_2122r3,HP_Peak,CNN,size,raw,residual,log,p0.05|n10,n_pred_nan,0.0,40,25,arm7_x05,rawseries
iter05b_arm7,0,gb_eoh_2122r3,HP_Peak,CNN,size,raw,residual,log,p0.05|n10,mape_n_excluded,0.0,40,25,arm7_x05,rawseries
iter05b_arm7,0,gb_eoh_2122r3,HP_Peak,CNN,size,raw,residual,log,p0.05|n20,wape,34.536446520489314,40,29,arm7_x05,rawseries
iter05b_arm7,0,gb_eoh_2122r3,HP_Peak,CNN,size,raw,residual,log,p0.05|n20,rmse,1.5677391448876514,40,29,arm7_x05,rawseries
iter05b_arm7,0,gb_eoh_2122r3,HP_Peak,CNN,size,raw,residual,log,p0.05|n20,mae,1.2449288848559736,40,29,arm7_x05,rawseries
iter05b_arm7,0,gb_eoh_2122r3,HP_Peak,CNN,size,raw,residual,log,p0.05|n20,mape,40.88243817262182,40,29,arm7_x05,rawseries
iter05b_arm7,0,gb_eoh_2122r3,HP_Peak,CNN,size,raw,residual,log,p0.05|n20,r2,-1.3305611205519314,40,29,arm7_x05,rawseries
iter05b_arm7,0,gb_eoh_2122r3,HP_Peak,CNN,size,raw,residual,log,p0.05|n20,n_pred_nan,0.0,40,29,arm7_x05,rawseries
iter05b_arm7,0,gb_eoh_2122r3,HP_Peak,CNN,size,raw,residual,log,p0.05|n20,mape_n_excluded,0.0,40,29,arm7_x05,rawseries
iter05b_arm7,0,gb_eoh_2122r3,HP_Peak,CNN,size,raw,residual,log,p0.05|n40,wape,21.180266991342407,40,40,arm7_x05,rawseries
iter05b_arm7,0,gb_eoh_2122r3,HP_Peak,CNN,size,raw,residual,log,p0.05|n40,rmse,1.646257354607983,40,40,arm7_x05,rawseries
iter05b_arm7,0,gb_eoh_2122r3,HP_Peak,CNN,size,raw,residual,log,p0.05|n40,mae,1.3657040843213446,40,40,arm7_x05,rawseries
iter05b_arm7,0,gb_eoh_2122r3,HP_Peak,CNN,size,raw,residual,log,p0.05|n40,mape,24.87733345522231,40,40,arm7_x05,rawseries
iter05b_arm7,0,gb_eoh_2122r3,HP_Peak,CNN,size,raw,residual,log,p0.05|n40,r2,-0.06533167139024987,40,40,arm7_x05,rawseries
iter05b_arm7,0,gb_eoh_2122r3,HP_Peak,CNN,size,raw,residual,log,p0.05|n40,n_pred_nan,0.0,40,40,arm7_x05,rawseries
iter05b_arm7,0,gb_eoh_2122r3,HP_Peak,CNN,size,raw,residual,log,p0.05|n40,mape_n_excluded,0.0,40,40,arm7_x05,rawseries
iter05b_arm7,0,gb_eoh_2122r3,HP_Peak,CNN,size,raw,residual,log,p0.05|n80,wape,17.005232827012627,15,39,arm7_x05,rawseries
iter05b_arm7,0,gb_eoh_2122r3,HP_Peak,CNN,size,raw,residual,log,p0.05|n80,rmse,3.3056929062987557,15,39,arm7_x05,rawseries
iter05b_arm7,0,gb_eoh_2122r3,HP_Peak,CNN,size,raw,residual,log,p0.05|n80,mae,2.263539042970074,15,39,arm7_x05,rawseries
iter05b_arm7,0,gb_eoh_2122r3,HP_Peak,CNN,size,raw,residual,log,p0.05|n80,mape,18.284260080930597,15,39,arm7_x05,rawseries
iter05b_arm7,0,gb_eoh_2122r3,HP_Peak,CNN,size,raw,residual,log,p0.05|n80,r2,-2.8643322095252506,15,39,arm7_x05,rawseries
iter05b_arm7,0,gb_eoh_2122r3,HP_Peak,CNN,size,raw,residual,log,p0.05|n80,n_pred_nan,0.0,15,39,arm7_x05,rawseries
iter05b_arm7,0,gb_eoh_2122r3,HP_Peak,CNN,size,raw,residual,log,p0.05|n80,mape_n_excluded,0.0,15,39,arm7_x05,rawseries
iter05b_arm7,0,gb_eoh_2122r3,HP_Peak,CNN,size,raw,residual,log,p0.05|n120,wape,14.68618450627998,15,53,arm7_x05,rawseries
iter05b_arm7,0,gb_eoh_2122r3,HP_Peak,CNN,size,raw,residual,log,p0.05|n120,rmse,3.415881669463748,15,53,arm7_x05,rawseries
iter05b_arm7,0,gb_eoh_2122r3,HP_Peak,CNN,size,raw,residual,log,p0.05|n120,mae,2.9382770925965085,15,53,arm7_x05,rawseries
iter05b_arm7,0,gb_eoh_2122r3,HP_Peak,CNN,size,raw,residual,log,p0.05|n120,mape,15.39502196832566,15,53,arm7_x05,rawseries
iter05b_arm7,0,gb_eoh_2122r3,HP_Peak,CNN,size,raw,residual,log,p0.05|n120,r2,-0.3871507495930011,15,53,arm7_x05,rawseries
iter05b_arm7,0,gb_eoh_2122r3,HP_Peak,CNN,size,raw,residual,log,p0.05|n120,n_pred_nan,0.0,15,53,arm7_x05,rawseries
iter05b_arm7,0,gb_eoh_2122r3,HP_Peak,CNN,size,raw,residual,log,p0.05|n120,mape_n_excluded,0.0,15,53,arm7_x05,rawseries
iter05b_arm7,0,gb_eoh_2122r3,HP_Peak,CNN,size,raw,residual,log,p0.1|n10,wape,29.025647858316024,40,26,arm7_x05,rawseries
iter05b_arm7,0,gb_eoh_2122r3,HP_Peak,CNN,size,raw,residual,log,p0.1|n10,rmse,1.5211765701193734,40,26,arm7_x05,rawseries
iter05b_arm7,0,gb_eoh_2122r3,HP_Peak,CNN,size,raw,residual,log,p0.1|n10,mae,1.04444151494314,40,26,arm7_x05,rawseries
iter05b_arm7,0,gb_eoh_2122r3,HP_Peak,CNN,size,raw,residual,log,p0.1|n10,mape,30.363136969781863,40,26,arm7_x05,rawseries
iter05b_arm7,0,gb_eoh_2122r3,HP_Peak,CNN,size,raw,residual,log,p0.1|n10,r2,-2.193643237172337,40,26,arm7_x05,rawseries
iter05b_arm7,0,gb_eoh_2122r3,HP_Peak,CNN,size,raw,residual,log,p0.1|n10,n_pred_nan,0.0,40,26,arm7_x05,rawseries
iter05b_arm7,0,gb_eoh_2122r3,HP_Peak,CNN,size,raw,residual,log,p0.1|n10,mape_n_excluded,0.0,40,26,arm7_x05,rawseries
iter05b_arm7,0,gb_eoh_2122r3,HP_Peak,CNN,size,raw,residual,log,p0.1|n20,wape,20.377801388937243,40,44,arm7_x05,rawseries
iter05b_arm7,0,gb_eoh_2122r3,HP_Peak,CNN,size,raw,residual,log,p0.1|n20,rmse,1.8537367246474674,40,44,arm7_x05,rawseries
iter05b_arm7,0,gb_eoh_2122r3,HP_Peak,CNN,size,raw,residual,log,p0.1|n20,mae,1.4214665865749587,40,44,arm7_x05,rawseries
iter05b_arm7,0,gb_eoh_2122r3,HP_Peak,CNN,size,raw,residual,log,p0.1|n20,mape,22.809412821301414,40,44,arm7_x05,rawseries
iter05b_arm7,0,gb_eoh_2122r3,HP_Peak,CNN,size,raw,residual,log,p0.1|n20,r2,-0.5605199810274142,40,44,arm7_x05,rawseries
iter05b_arm7,0,gb_eoh_2122r3,HP_Peak,CNN,size,raw,residual,log,p0.1|n20,n_pred_nan,0.0,40,44,arm7_x05,rawseries
iter05b_arm7,0,gb_eoh_2122r3,HP_Peak,CNN,size,raw,residual,log,p0.1|n20,mape_n_excluded,0.0,40,44,arm7_x05,rawseries
iter05b_arm7,0,gb_eoh_2122r3,HP_Peak,CNN,size,raw,residual,log,p0.1|n40,wape,14.347266439808081,15,39,arm7_x05,rawseries
iter05b_arm7,0,gb_eoh_2122r3,HP_Peak,CNN,size,raw,residual,log,p0.1|n40,rmse,2.317790778164577,15,39,arm7_x05,rawseries
iter05b_arm7,0,gb_eoh_2122r3,HP_Peak,CNN,size,raw,residual,log,p0.1|n40,mae,1.930334065831894,15,39,arm7_x05,rawseries
iter05b_arm7,0,gb_eoh_2122r3,HP_Peak,CNN,size,raw,residual,log,p0.1|n40,mape,14.590734528924415,15,39,arm7_x05,rawseries
iter05b_arm7,0,gb_eoh_2122r3,HP_Peak,CNN,size,raw,residual,log,p0.1|n40,r2,-0.045743174773223316,15,39,arm7_x05,rawseries
iter05b_arm7,0,gb_eoh_2122r3,HP_Peak,CNN,size,raw,residual,log,p0.1|n40,n_pred_nan,0.0,15,39,arm7_x05,rawseries
iter05b_arm7,0,gb_eoh_2122r3,HP_Peak,CNN,size,raw,residual,log,p0.1|n40,mape_n_excluded,0.0,15,39,arm7_x05,rawseries
iter05b_arm7,0,gb_eoh_2122r3,HP_Peak,CNN,size,raw,residual,log,p0.1|n80,wape,12.72676094944612,10,46,arm7_x05,rawseries
iter05b_arm7,0,gb_eoh_2122r3,HP_Peak,CNN,size,raw,residual,log,p0.1|n80,rmse,4.74690602791561,10,46,arm7_x05,rawseries
iter05b_arm7,0,gb_eoh_2122r3,HP_Peak,CNN,size,raw,residual,log,p0.1|n80,mae,3.656296159481576,10,46,arm7_x05,rawseries
iter05b_arm7,0,gb_eoh_2122r3,HP_Peak,CNN,size,raw,residual,log,p0.1|n80,mape,12.42687409637179,10,46,arm7_x05,rawseries
iter05b_arm7,0,gb_eoh_2122r3,HP_Peak,CNN,size,raw,residual,log,p0.1|n80,r2,-3.918319157033525,10,46,arm7_x05,rawseries
iter05b_arm7,0,gb_eoh_2122r3,HP_Peak,CNN,size,raw,residual,log,p0.1|n80,n_pred_nan,0.0,10,46,arm7_x05,rawseries
iter05b_arm7,0,gb_eoh_2122r3,HP_Peak,CNN,size,raw,residual,log,p0.1|n80,mape_n_excluded,0.0,10,46,arm7_x05,rawseries
iter05b_arm7,0,gb_eoh_2122r3,HP_Peak,CNN,size,raw,residual,log,p0.1|n120,wape,10.276904642572122,10,51,arm7_x05,rawseries
iter05b_arm7,0,gb_eoh_2122r3,HP_Peak,CNN,size,raw,residual,log,p0.1|n120,rmse,5.438038371471726,10,51,arm7_x05,rawseries
iter05b_arm7,0,gb_eoh_2122r3,HP_Peak,CNN,size,raw,residual,log,p0.1|n120,mae,4.44876972620496,10,51,arm7_x05,rawseries
iter05b_arm7,0,gb_eoh_2122r3,HP_Peak,CNN,size,raw,residual,log,p0.1|n120,mape,10.096166619872541,10,51,arm7_x05,rawseries
iter05b_arm7,0,gb_eoh_2122r3,HP_Peak,CNN,size,raw,residual,log,p0.1|n120,r2,-0.897192099007591,10,51,arm7_x05,rawseries
iter05b_arm7,0,gb_eoh_2122r3,HP_Peak,CNN,size,raw,residual,log,p0.1|n120,n_pred_nan,0.0,10,51,arm7_x05,rawseries
iter05b_arm7,0,gb_eoh_2122r3,HP_Peak,CNN,size,raw,residual,log,p0.1|n120,mape_n_excluded,0.0,10,51,arm7_x05,rawseries
iter05b_arm7,0,gb_eoh_2122r3,HP_Peak,CNN,size,raw,residual,log,p0.2|n10,wape,21.324416719850635,40,40,arm7_x05,rawseries
iter05b_arm7,0,gb_eoh_2122r3,HP_Peak,CNN,size,raw,residual,log,p0.2|n10,rmse,1.8104722738020547,40,40,arm7_x05,rawseries
iter05b_arm7,0,gb_eoh_2122r3,HP_Peak,CNN,size,raw,residual,log,p0.2|n10,mae,1.4584198344463517,40,40,arm7_x05,rawseries
iter05b_arm7,0,gb_eoh_2122r3,HP_Peak,CNN,size,raw,residual,log,p0.2|n10,mape,21.8157980889537,40,40,arm7_x05,rawseries
iter05b_arm7,0,gb_eoh_2122r3,HP_Peak,CNN,size,raw,residual,log,p0.2|n10,r2,-0.6721535677885724,40,40,arm7_x05,rawseries
iter05b_arm7,0,gb_eoh_2122r3,HP_Peak,CNN,size,raw,residual,log,p0.2|n10,n_pred_nan,0.0,40,40,arm7_x05,rawseries
iter05b_arm7,0,gb_eoh_2122r3,HP_Peak,CNN,size,raw,residual,log,p0.2|n10,mape_n_excluded,0.0,40,40,arm7_x05,rawseries
iter05b_arm7,0,gb_eoh_2122r3,HP_Peak,CNN,size,raw,residual,log,p0.2|n20,wape,14.203154910364013,15,40,arm7_x05,rawseries
iter05b_arm7,0,gb_eoh_2122r3,HP_Peak,CNN,size,raw,residual,log,p0.2|n20,rmse,2.069646740648318,15,40,arm7_x05,rawseries
iter05b_arm7,0,gb_eoh_2122r3,HP_Peak,CNN,size,raw,residual,log,p0.2|n20,mae,1.8390237016351194,15,40,arm7_x05,rawseries
iter05b_arm7,0,gb_eoh_2122r3,HP_Peak,CNN,size,raw,residual,log,p0.2|n20,mape,14.578478445772875,15,40,arm7_x05,rawseries
iter05b_arm7,0,gb_eoh_2122r3,HP_Peak,CNN,size,raw,residual,log,p0.2|n20,r2,-0.2858039617280208,15,40,arm7_x05,rawseries
iter05b_arm7,0,gb_eoh_2122r3,HP_Peak,CNN,size,raw,residual,log,p0.2|n20,n_pred_nan,0.0,15,40,arm7_x05,rawseries
iter05b_arm7,0,gb_eoh_2122r3,HP_Peak,CNN,size,raw,residual,log,p0.2|n20,mape_n_excluded,0.0,15,40,arm7_x05,rawseries
iter05b_arm7,0,gb_eoh_2122r3,HP_Peak,CNN,size,raw,residual,log,p0.2|n40,wape,8.228438040501011,10,45,arm7_x05,rawseries
iter05b_arm7,0,gb_eoh_2122r3,HP_Peak,CNN,size,raw,residual,log,p0.2|n40,rmse,2.743435279991073,10,45,arm7_x05,rawseries
iter05b_arm7,0,gb_eoh_2122r3,HP_Peak,CNN,size,raw,residual,log,p0.2|n40,mae,2.359749954571121,10,45,arm7_x05,rawseries
iter05b_arm7,0,gb_eoh_2122r3,HP_Peak,CNN,size,raw,residual,log,p0.2|n40,mape,8.096862507294892,10,45,arm7_x05,rawseries
iter05b_arm7,0,gb_eoh_2122r3,HP_Peak,CNN,size,raw,residual,log,p0.2|n40,r2,-1.3946546246080227,10,45,arm7_x05,rawseries
iter05b_arm7,0,gb_eoh_2122r3,HP_Peak,CNN,size,raw,residual,log,p0.2|n40,n_pred_nan,0.0,10,45,arm7_x05,rawseries
iter05b_arm7,0,gb_eoh_2122r3,HP_Peak,CNN,size,raw,residual,log,p0.2|n40,mape_n_excluded,0.0,10,45,arm7_x05,rawseries
iter05b_arm7,0,gb_eoh_2122r3,HP_Peak,CNN,size,raw,residual,log,p0.2|n80,wape,6.2232489868402014,10,53,arm7_x05,rawseries
iter05b_arm7,0,gb_eoh_2122r3,HP_Peak,CNN,size,raw,residual,log,p0.2|n80,rmse,4.547154711596033,10,53,arm7_x05,rawseries
iter05b_arm7,0,gb_eoh_2122r3,HP_Peak,CNN,size,raw,residual,log,p0.2|n80,mae,3.5088600016080287,10,53,arm7_x05,rawseries
iter05b_arm7,0,gb_eoh_2122r3,HP_Peak,CNN,size,raw,residual,log,p0.2|n80,mape,6.14183481958804,10,53,arm7_x05,rawseries
iter05b_arm7,0,gb_eoh_2122r3,HP_Peak,CNN,size,raw,residual,log,p0.2|n80,r2,-0.1457381612802604,10,53,arm7_x05,rawseries
iter05b_arm7,0,gb_eoh_2122r3,HP_Peak,CNN,size,raw,residual,log,p0.2|n80,n_pred_nan,0.0,10,53,arm7_x05,rawseries
iter05b_arm7,0,gb_eoh_2122r3,HP_Peak,CNN,size,raw,residual,log,p0.2|n80,mape_n_excluded,0.0,10,53,arm7_x05,rawseries
iter05b_arm7,0,gb_eoh_2122r3,HP_Peak,CNN,size,raw,residual,log,p0.3|n10,wape,14.033654539070634,25,41,arm7_x05,rawseries
iter05b_arm7,0,gb_eoh_2122r3,HP_Peak,CNN,size,raw,residual,log,p0.3|n10,rmse,1.7249601545487592,25,41,arm7_x05,rawseries
iter05b_arm7,0,gb_eoh_2122r3,HP_Peak,CNN,size,raw,residual,log,p0.3|n10,mae,1.4484344264838613,25,41,arm7_x05,rawseries
iter05b_arm7,0,gb_eoh_2122r3,HP_Peak,CNN,size,raw,residual,log,p0.3|n10,mape,14.761523956442248,25,41,arm7_x05,rawseries
iter05b_arm7,0,gb_eoh_2122r3,HP_Peak,CNN,size,raw,residual,log,p0.3|n10,r2,0.36130964492097795,25,41,arm7_x05,rawseries
iter05b_arm7,0,gb_eoh_2122r3,HP_Peak,CNN,size,raw,residual,log,p0.3|n10,n_pred_nan,0.0,25,41,arm7_x05,rawseries
iter05b_arm7,0,gb_eoh_2122r3,HP_Peak,CNN,size,raw,residual,log,p0.3|n10,mape_n_excluded,0.0,25,41,arm7_x05,rawseries
iter05b_arm7,0,gb_eoh_2122r3,HP_Peak,CNN,size,raw,residual,log,p0.3|n20,wape,11.825621849780891,15,51,arm7_x05,rawseries
iter05b_arm7,0,gb_eoh_2122r3,HP_Peak,CNN,size,raw,residual,log,p0.3|n20,rmse,2.879598490348505,15,51,arm7_x05,rawseries
iter05b_arm7,0,gb_eoh_2122r3,HP_Peak,CNN,size,raw,residual,log,p0.3|n20,mae,2.356046656392296,15,51,arm7_x05,rawseries
iter05b_arm7,0,gb_eoh_2122r3,HP_Peak,CNN,size,raw,residual,log,p0.3|n20,mape,11.84726542164025,15,51,arm7_x05,rawseries
iter05b_arm7,0,gb_eoh_2122r3,HP_Peak,CNN,size,raw,residual,log,p0.3|n20,r2,-0.3286274487033487,15,51,arm7_x05,rawseries
iter05b_arm7,0,gb_eoh_2122r3,HP_Peak,CNN,size,raw,residual,log,p0.3|n20,n_pred_nan,0.0,15,51,arm7_x05,rawseries
iter05b_arm7,0,gb_eoh_2122r3,HP_Peak,CNN,size,raw,residual,log,p0.3|n20,mape_n_excluded,0.0,15,51,arm7_x05,rawseries
iter05b_arm7,0,gb_eoh_2122r3,HP_Peak,CNN,size,raw,residual,log,p0.3|n40,wape,5.825593971227447,10,53,arm7_x05,rawseries
iter05b_arm7,0,gb_eoh_2122r3,HP_Peak,CNN,size,raw,residual,log,p0.3|n40,rmse,2.8194836641448267,10,53,arm7_x05,rawseries
iter05b_arm7,0,gb_eoh_2122r3,HP_Peak,CNN,size,raw,residual,log,p0.3|n40,mae,2.434644197053965,10,53,arm7_x05,rawseries
iter05b_arm7,0,gb_eoh_2122r3,HP_Peak,CNN,size,raw,residual,log,p0.3|n40,mape,5.969070373663465,10,53,arm7_x05,rawseries
iter05b_arm7,0,gb_eoh_2122r3,HP_Peak,CNN,size,raw,residual,log,p0.3|n40,r2,0.3943802385718568,10,53,arm7_x05,rawseries
iter05b_arm7,0,gb_eoh_2122r3,HP_Peak,CNN,size,raw,residual,log,p0.3|n40,n_pred_nan,0.0,10,53,arm7_x05,rawseries
iter05b_arm7,0,gb_eoh_2122r3,HP_Peak,CNN,size,raw,residual,log,p0.3|n40,mape_n_excluded,0.0,10,53,arm7_x05,rawseries
iter05b_arm7,0,gb_eoh_2122r3,HP_Peak,CNN,size,raw,residual,log,p0.5|n10,wape,11.115587357989988,15,41,arm7_x05,rawseries
iter05b_arm7,0,gb_eoh_2122r3,HP_Peak,CNN,size,raw,residual,log,p0.5|n10,rmse,2.2595065545113306,15,41,arm7_x05,rawseries
iter05b_arm7,0,gb_eoh_2122r3,HP_Peak,CNN,size,raw,residual,log,p0.5|n10,mae,1.8355836840106157,15,41,arm7_x05,rawseries
iter05b_arm7,0,gb_eoh_2122r3,HP_Peak,CNN,size,raw,residual,log,p0.5|n10,mape,11.417861567417757,15,41,arm7_x05,rawseries
iter05b_arm7,0,gb_eoh_2122r3,HP_Peak,CNN,size,raw,residual,log,p0.5|n10,r2,0.3551512162679571,15,41,arm7_x05,rawseries
iter05b_arm7,0,gb_eoh_2122r3,HP_Peak,CNN,size,raw,residual,log,p0.5|n10,n_pred_nan,0.0,15,41,arm7_x05,rawseries
iter05b_arm7,0,gb_eoh_2122r3,HP_Peak,CNN,size,raw,residual,log,p0.5|n10,mape_n_excluded,0.0,15,41,arm7_x05,rawseries
iter05b_arm7,0,gb_eoh_2122r3,HP_Peak,CNN,size,raw,residual,log,p0.5|n20,wape,7.455933832775623,10,49,arm7_x05,rawseries
iter05b_arm7,0,gb_eoh_2122r3,HP_Peak,CNN,size,raw,residual,log,p0.5|n20,rmse,3.2926198129677138,10,49,arm7_x05,rawseries
iter05b_arm7,0,gb_eoh_2122r3,HP_Peak,CNN,size,raw,residual,log,p0.5|n20,mae,2.698335100449421,10,49,arm7_x05,rawseries
iter05b_arm7,0,gb_eoh_2122r3,HP_Peak,CNN,size,raw,residual,log,p0.5|n20,mape,7.63467528912099,10,49,arm7_x05,rawseries
iter05b_arm7,0,gb_eoh_2122r3,HP_Peak,CNN,size,raw,residual,log,p0.5|n20,r2,0.3178094629128748,10,49,arm7_x05,rawseries
iter05b_arm7,0,gb_eoh_2122r3,HP_Peak,CNN,size,raw,residual,log,p0.5|n20,n_pred_nan,0.0,10,49,arm7_x05,rawseries
iter05b_arm7,0,gb_eoh_2122r3,HP_Peak,CNN,size,raw,residual,log,p0.5|n20,mape_n_excluded,0.0,10,49,arm7_x05,rawseries
iter05b_arm7,0,gb_eoh_2122r3,HP_Peak,CNN,size,raw,residual,log,p0.5|n40,wape,4.261791755322601,5,30,arm7_x05,rawseries
iter05b_arm7,0,gb_eoh_2122r3,HP_Peak,CNN,size,raw,residual,log,p0.5|n40,rmse,3.616693701687291,5,30,arm7_x05,rawseries
iter05b_arm7,0,gb_eoh_2122r3,HP_Peak,CNN,size,raw,residual,log,p0.5|n40,mae,3.1693045172932472,5,30,arm7_x05,rawseries
iter05b_arm7,0,gb_eoh_2122r3,HP_Peak,CNN,size,raw,residual,log,p0.5|n40,mape,4.286800454519868,5,30,arm7_x05,rawseries
iter05b_arm7,0,gb_eoh_2122r3,HP_Peak,CNN,size,raw,residual,log,p0.5|n40,r2,-5.394702019972264,5,30,arm7_x05,rawseries
iter05b_arm7,0,gb_eoh_2122r3,HP_Peak,CNN,size,raw,residual,log,p0.5|n40,n_pred_nan,0.0,5,30,arm7_x05,rawseries
iter05b_arm7,0,gb_eoh_2122r3,HP_Peak,CNN,size,raw,residual,log,p0.5|n40,mape_n_excluded,0.0,5,30,arm7_x05,rawseries
iter05b_arm7,0,gb_eoh_2122r3,HP_Peak,CNN,size,raw,residual,log,p0.8|n10,wape,7.693283764024458,10,44,arm7_x05,rawseries
iter05b_arm7,0,gb_eoh_2122r3,HP_Peak,CNN,size,raw,residual,log,p0.8|n10,rmse,2.384251329537475,10,44,arm7_x05,rawseries
iter05b_arm7,0,gb_eoh_2122r3,HP_Peak,CNN,size,raw,residual,log,p0.8|n10,mae,2.1255675580647844,10,44,arm7_x05,rawseries
iter05b_arm7,0,gb_eoh_2122r3,HP_Peak,CNN,size,raw,residual,log,p0.8|n10,mape,7.75141080442957,10,44,arm7_x05,rawseries
iter05b_arm7,0,gb_eoh_2122r3,HP_Peak,CNN,size,raw,residual,log,p0.8|n10,r2,0.13004277519403362,10,44,arm7_x05,rawseries
iter05b_arm7,0,gb_eoh_2122r3,HP_Peak,CNN,size,raw,residual,log,p0.8|n10,n_pred_nan,0.0,10,44,arm7_x05,rawseries
iter05b_arm7,0,gb_eoh_2122r3,HP_Peak,CNN,size,raw,residual,log,p0.8|n10,mape_n_excluded,0.0,10,44,arm7_x05,rawseries
iter05b_arm7,0,gb_eoh_2122r3,HP_Peak,CNN,size,raw,residual,log,p0.8|n20,wape,5.677873586428118,10,53,arm7_x05,rawseries
iter05b_arm7,0,gb_eoh_2122r3,HP_Peak,CNN,size,raw,residual,log,p0.8|n20,rmse,3.9325509890871113,10,53,arm7_x05,rawseries
iter05b_arm7,0,gb_eoh_2122r3,HP_Peak,CNN,size,raw,residual,log,p0.8|n20,mae,3.151192200880711,10,53,arm7_x05,rawseries
iter05b_arm7,0,gb_eoh_2122r3,HP_Peak,CNN,size,raw,residual,log,p0.8|n20,mape,5.757376451530232,10,53,arm7_x05,rawseries
iter05b_arm7,0,gb_eoh_2122r3,HP_Peak,CNN,size,raw,residual,log,p0.8|n20,r2,0.1951868804840473,10,53,arm7_x05,rawseries
iter05b_arm7,0,gb_eoh_2122r3,HP_Peak,CNN,size,raw,residual,log,p0.8|n20,n_pred_nan,0.0,10,53,arm7_x05,rawseries
iter05b_arm7,0,gb_eoh_2122r3,HP_Peak,CNN,size,raw,residual,log,p0.8|n20,mape_n_excluded,0.0,10,53,arm7_x05,rawseries
iter05b_arm7,0,gb_eoh_2122r3,HP_Peak,CNN,size,raw,residual,log,p1.0|n10,wape,7.374241344533104,10,52,arm7_x05,rawseries
iter05b_arm7,0,gb_eoh_2122r3,HP_Peak,CNN,size,raw,residual,log,p1.0|n10,rmse,2.89987448553123,10,52,arm7_x05,rawseries
iter05b_arm7,0,gb_eoh_2122r3,HP_Peak,CNN,size,raw,residual,log,p1.0|n10,mae,2.590804199500961,10,52,arm7_x05,rawseries
iter05b_arm7,0,gb_eoh_2122r3,HP_Peak,CNN,size,raw,residual,log,p1.0|n10,mape,7.3189433292631545,10,52,arm7_x05,rawseries
iter05b_arm7,0,gb_eoh_2122r3,HP_Peak,CNN,size,raw,residual,log,p1.0|n10,r2,-0.40957415364347693,10,52,arm7_x05,rawseries
iter05b_arm7,0,gb_eoh_2122r3,HP_Peak,CNN,size,raw,residual,log,p1.0|n10,n_pred_nan,0.0,10,52,arm7_x05,rawseries
iter05b_arm7,0,gb_eoh_2122r3,HP_Peak,CNN,size,raw,residual,log,p1.0|n10,mape_n_excluded,0.0,10,52,arm7_x05,rawseries
iter05b_arm7,0,gb_eoh_2122r3,HP_Peak,CNN,size,raw,residual,log,p1.0|n20,wape,4.6913805833061835,5,30,arm7_x05,rawseries
iter05b_arm7,0,gb_eoh_2122r3,HP_Peak,CNN,size,raw,residual,log,p1.0|n20,rmse,3.62522605077585,5,30,arm7_x05,rawseries
iter05b_arm7,0,gb_eoh_2122r3,HP_Peak,CNN,size,raw,residual,log,p1.0|n20,mae,3.4407673189169428,5,30,arm7_x05,rawseries
iter05b_arm7,0,gb_eoh_2122r3,HP_Peak,CNN,size,raw,residual,log,p1.0|n20,mape,4.683639171216929,5,30,arm7_x05,rawseries
iter05b_arm7,0,gb_eoh_2122r3,HP_Peak,CNN,size,raw,residual,log,p1.0|n20,r2,-0.603708847566157,5,30,arm7_x05,rawseries
iter05b_arm7,0,gb_eoh_2122r3,HP_Peak,CNN,size,raw,residual,log,p1.0|n20,n_pred_nan,0.0,5,30,arm7_x05,rawseries
iter05b_arm7,0,gb_eoh_2122r3,HP_Peak,CNN,size,raw,residual,log,p1.0|n20,mape_n_excluded,0.0,5,30,arm7_x05,rawseries
iter05b_arm7,0,gb_eoh_2122r3,HP_Peak,CNN@frozen,size,raw,residual,log,all,wape,15.004201097202067,455,81,arm7_x05,rawseries
iter05b_arm7,0,gb_eoh_2122r3,HP_Peak,CNN@frozen,size,raw,residual,log,all,rmse,3.606088508063783,455,81,arm7_x05,rawseries
iter05b_arm7,0,gb_eoh_2122r3,HP_Peak,CNN@frozen,size,raw,residual,log,all,mae,2.377274917527496,455,81,arm7_x05,rawseries
iter05b_arm7,0,gb_eoh_2122r3,HP_Peak,CNN@frozen,size,raw,residual,log,all,mape,20.769062270976256,455,81,arm7_x05,rawseries
iter05b_arm7,0,gb_eoh_2122r3,HP_Peak,CNN@frozen,size,raw,residual,log,all,r2,0.9524209095190707,455,81,arm7_x05,rawseries
iter05b_arm7,0,gb_eoh_2122r3,HP_Peak,CNN@frozen,size,raw,residual,log,all,n_pred_nan,0.0,455,81,arm7_x05,rawseries
iter05b_arm7,0,gb_eoh_2122r3,HP_Peak,CNN@frozen,size,raw,residual,log,all,mape_n_excluded,0.0,455,81,arm7_x05,rawseries
iter05b_arm7,0,gb_eoh_2122r3,HP_Peak,CNN@frozen,size,raw,residual,log,pbin<=15,wape,23.63012065694041,265,81,arm7_x05,rawseries
iter05b_arm7,0,gb_eoh_2122r3,HP_Peak,CNN@frozen,size,raw,residual,log,pbin<=15,rmse,3.6084006776248283,265,81,arm7_x05,rawseries
iter05b_arm7,0,gb_eoh_2122r3,HP_Peak,CNN@frozen,size,raw,residual,log,pbin<=15,mae,2.1267884359312825,265,81,arm7_x05,rawseries
iter05b_arm7,0,gb_eoh_2122r3,HP_Peak,CNN@frozen,size,raw,residual,log,pbin<=15,mape,25.345900494295726,265,81,arm7_x05,rawseries
iter05b_arm7,0,gb_eoh_2122r3,HP_Peak,CNN@frozen,size,raw,residual,log,pbin<=15,r2,0.8485691804338653,265,81,arm7_x05,rawseries
iter05b_arm7,0,gb_eoh_2122r3,HP_Peak,CNN@frozen,size,raw,residual,log,pbin<=15,n_pred_nan,0.0,265,81,arm7_x05,rawseries
iter05b_arm7,0,gb_eoh_2122r3,HP_Peak,CNN@frozen,size,raw,residual,log,pbin<=15,mape_n_excluded,0.0,265,81,arm7_x05,rawseries
iter05b_arm7,0,gb_eoh_2122r3,HP_Peak,CNN@frozen,size,raw,residual,log,pbin15-35,wape,15.406998196583313,125,81,arm7_x05,rawseries
iter05b_arm7,0,gb_eoh_2122r3,HP_Peak,CNN@frozen,size,raw,residual,log,pbin15-35,rmse,3.8367120957395286,125,81,arm7_x05,rawseries
iter05b_arm7,0,gb_eoh_2122r3,HP_Peak,CNN@frozen,size,raw,residual,log,pbin15-35,mae,2.826503820408813,125,81,arm7_x05,rawseries
iter05b_arm7,0,gb_eoh_2122r3,HP_Peak,CNN@frozen,size,raw,residual,log,pbin15-35,mape,17.864158829832704,125,81,arm7_x05,rawseries
iter05b_arm7,0,gb_eoh_2122r3,HP_Peak,CNN@frozen,size,raw,residual,log,pbin15-35,r2,0.9367577196864268,125,81,arm7_x05,rawseries
iter05b_arm7,0,gb_eoh_2122r3,HP_Peak,CNN@frozen,size,raw,residual,log,pbin15-35,n_pred_nan,0.0,125,81,arm7_x05,rawseries
iter05b_arm7,0,gb_eoh_2122r3,HP_Peak,CNN@frozen,size,raw,residual,log,pbin15-35,mape_n_excluded,0.0,125,81,arm7_x05,rawseries
iter05b_arm7,0,gb_eoh_2122r3,HP_Peak,CNN@frozen,size,raw,residual,log,pbin35-65,wape,7.636632338999429,30,63,arm7_x05,rawseries
iter05b_arm7,0,gb_eoh_2122r3,HP_Peak,CNN@frozen,size,raw,residual,log,pbin35-65,rmse,3.0497731358217908,30,63,arm7_x05,rawseries
iter05b_arm7,0,gb_eoh_2122r3,HP_Peak,CNN@frozen,size,raw,residual,log,pbin35-65,mae,2.4982888686437104,30,63,arm7_x05,rawseries
iter05b_arm7,0,gb_eoh_2122r3,HP_Peak,CNN@frozen,size,raw,residual,log,pbin35-65,mape,9.514452349300601,30,63,arm7_x05,rawseries
iter05b_arm7,0,gb_eoh_2122r3,HP_Peak,CNN@frozen,size,raw,residual,log,pbin35-65,r2,0.9785685431556895,30,63,arm7_x05,rawseries
iter05b_arm7,0,gb_eoh_2122r3,HP_Peak,CNN@frozen,size,raw,residual,log,pbin35-65,n_pred_nan,0.0,30,63,arm7_x05,rawseries
iter05b_arm7,0,gb_eoh_2122r3,HP_Peak,CNN@frozen,size,raw,residual,log,pbin35-65,mape_n_excluded,0.0,30,63,arm7_x05,rawseries
iter05b_arm7,0,gb_eoh_2122r3,HP_Peak,CNN@frozen,size,raw,residual,log,pbin>65,wape,5.796032976475343,35,55,arm7_x05,rawseries
iter05b_arm7,0,gb_eoh_2122r3,HP_Peak,CNN@frozen,size,raw,residual,log,pbin>65,rmse,3.149771766387273,35,55,arm7_x05,rawseries
iter05b_arm7,0,gb_eoh_2122r3,HP_Peak,CNN@frozen,size,raw,residual,log,pbin>65,mae,2.565700238365934,35,55,arm7_x05,rawseries
iter05b_arm7,0,gb_eoh_2122r3,HP_Peak,CNN@frozen,size,raw,residual,log,pbin>65,mape,6.137322231363539,35,55,arm7_x05,rawseries
iter05b_arm7,0,gb_eoh_2122r3,HP_Peak,CNN@frozen,size,raw,residual,log,pbin>65,r2,0.9632523697640124,35,55,arm7_x05,rawseries
iter05b_arm7,0,gb_eoh_2122r3,HP_Peak,CNN@frozen,size,raw,residual,log,pbin>65,n_pred_nan,0.0,35,55,arm7_x05,rawseries
iter05b_arm7,0,gb_eoh_2122r3,HP_Peak,CNN@frozen,size,raw,residual,log,pbin>65,mape_n_excluded,0.0,35,55,arm7_x05,rawseries
iter05b_arm7,0,gb_eoh_2122r3,HP_Peak,CNN@frozen,size,raw,residual,log,p0.05|n10,wape,23.46706460471529,40,25,arm7_x05,rawseries
iter05b_arm7,0,gb_eoh_2122r3,HP_Peak,CNN@frozen,size,raw,residual,log,p0.05|n10,rmse,1.069901896169674,40,25,arm7_x05,rawseries
iter05b_arm7,0,gb_eoh_2122r3,HP_Peak,CNN@frozen,size,raw,residual,log,p0.05|n10,mae,0.811122284062672,40,25,arm7_x05,rawseries
iter05b_arm7,0,gb_eoh_2122r3,HP_Peak,CNN@frozen,size,raw,residual,log,p0.05|n10,mape,26.606034902305105,40,25,arm7_x05,rawseries
iter05b_arm7,0,gb_eoh_2122r3,HP_Peak,CNN@frozen,size,raw,residual,log,p0.05|n10,r2,0.058358379250192716,40,25,arm7_x05,rawseries
iter05b_arm7,0,gb_eoh_2122r3,HP_Peak,CNN@frozen,size,raw,residual,log,p0.05|n10,n_pred_nan,0.0,40,25,arm7_x05,rawseries
iter05b_arm7,0,gb_eoh_2122r3,HP_Peak,CNN@frozen,size,raw,residual,log,p0.05|n10,mape_n_excluded,0.0,40,25,arm7_x05,rawseries
iter05b_arm7,0,gb_eoh_2122r3,HP_Peak,CNN@frozen,size,raw,residual,log,p0.05|n20,wape,27.917202662126762,40,29,arm7_x05,rawseries
iter05b_arm7,0,gb_eoh_2122r3,HP_Peak,CNN@frozen,size,raw,residual,log,p0.05|n20,rmse,1.2329788405865498,40,29,arm7_x05,rawseries
iter05b_arm7,0,gb_eoh_2122r3,HP_Peak,CNN@frozen,size,raw,residual,log,p0.05|n20,mae,1.0063262286651509,40,29,arm7_x05,rawseries
iter05b_arm7,0,gb_eoh_2122r3,HP_Peak,CNN@frozen,size,raw,residual,log,p0.05|n20,mape,32.96477469945165,40,29,arm7_x05,rawseries
iter05b_arm7,0,gb_eoh_2122r3,HP_Peak,CNN@frozen,size,raw,residual,log,p0.05|n20,r2,-0.44153150889759596,40,29,arm7_x05,rawseries
iter05b_arm7,0,gb_eoh_2122r3,HP_Peak,CNN@frozen,size,raw,residual,log,p0.05|n20,n_pred_nan,0.0,40,29,arm7_x05,rawseries
iter05b_arm7,0,gb_eoh_2122r3,HP_Peak,CNN@frozen,size,raw,residual,log,p0.05|n20,mape_n_excluded,0.0,40,29,arm7_x05,rawseries
iter05b_arm7,0,gb_eoh_2122r3,HP_Peak,CNN@frozen,size,raw,residual,log,p0.05|n40,wape,16.612093763932563,40,40,arm7_x05,rawseries
iter05b_arm7,0,gb_eoh_2122r3,HP_Peak,CNN@frozen,size,raw,residual,log,p0.05|n40,rmse,1.317150434306906,40,40,arm7_x05,rawseries
iter05b_arm7,0,gb_eoh_2122r3,HP_Peak,CNN@frozen,size,raw,residual,log,p0.05|n40,mae,1.0711481735242245,40,40,arm7_x05,rawseries
iter05b_arm7,0,gb_eoh_2122r3,HP_Peak,CNN@frozen,size,raw,residual,log,p0.05|n40,mape,17.668900374278106,40,40,arm7_x05,rawseries
iter05b_arm7,0,gb_eoh_2122r3,HP_Peak,CNN@frozen,size,raw,residual,log,p0.05|n40,r2,0.3180380547522045,40,40,arm7_x05,rawseries
iter05b_arm7,0,gb_eoh_2122r3,HP_Peak,CNN@frozen,size,raw,residual,log,p0.05|n40,n_pred_nan,0.0,40,40,arm7_x05,rawseries
iter05b_arm7,0,gb_eoh_2122r3,HP_Peak,CNN@frozen,size,raw,residual,log,p0.05|n40,mape_n_excluded,0.0,40,40,arm7_x05,rawseries
iter05b_arm7,0,gb_eoh_2122r3,HP_Peak,CNN@frozen,size,raw,residual,log,p0.05|n80,wape,17.174179405628028,15,39,arm7_x05,rawseries
iter05b_arm7,0,gb_eoh_2122r3,HP_Peak,CNN@frozen,size,raw,residual,log,p0.05|n80,rmse,2.5935311453810628,15,39,arm7_x05,rawseries
iter05b_arm7,0,gb_eoh_2122r3,HP_Peak,CNN@frozen,size,raw,residual,log,p0.05|n80,mae,2.2860272488513074,15,39,arm7_x05,rawseries
iter05b_arm7,0,gb_eoh_2122r3,HP_Peak,CNN@frozen,size,raw,residual,log,p0.05|n80,mape,16.888792832455227,15,39,arm7_x05,rawseries
iter05b_arm7,0,gb_eoh_2122r3,HP_Peak,CNN@frozen,size,raw,residual,log,p0.05|n80,r2,-1.3786600505213213,15,39,arm7_x05,rawseries
iter05b_arm7,0,gb_eoh_2122r3,HP_Peak,CNN@frozen,size,raw,residual,log,p0.05|n80,n_pred_nan,0.0,15,39,arm7_x05,rawseries
iter05b_arm7,0,gb_eoh_2122r3,HP_Peak,CNN@frozen,size,raw,residual,log,p0.05|n80,mape_n_excluded,0.0,15,39,arm7_x05,rawseries
iter05b_arm7,0,gb_eoh_2122r3,HP_Peak,CNN@frozen,size,raw,residual,log,p0.05|n120,wape,15.064565716797846,15,53,arm7_x05,rawseries
iter05b_arm7,0,gb_eoh_2122r3,HP_Peak,CNN@frozen,size,raw,residual,log,p0.05|n120,rmse,3.8418974047944445,15,53,arm7_x05,rawseries
iter05b_arm7,0,gb_eoh_2122r3,HP_Peak,CNN@frozen,size,raw,residual,log,p0.05|n120,mae,3.0139801346397403,15,53,arm7_x05,rawseries
iter05b_arm7,0,gb_eoh_2122r3,HP_Peak,CNN@frozen,size,raw,residual,log,p0.05|n120,mape,13.954128633540334,15,53,arm7_x05,rawseries
iter05b_arm7,0,gb_eoh_2122r3,HP_Peak,CNN@frozen,size,raw,residual,log,p0.05|n120,r2,-0.7547269719245822,15,53,arm7_x05,rawseries
iter05b_arm7,0,gb_eoh_2122r3,HP_Peak,CNN@frozen,size,raw,residual,log,p0.05|n120,n_pred_nan,0.0,15,53,arm7_x05,rawseries
iter05b_arm7,0,gb_eoh_2122r3,HP_Peak,CNN@frozen,size,raw,residual,log,p0.05|n120,mape_n_excluded,0.0,15,53,arm7_x05,rawseries
iter05b_arm7,0,gb_eoh_2122r3,HP_Peak,CNN@frozen,size,raw,residual,log,p0.1|n10,wape,28.862877797389768,40,26,arm7_x05,rawseries
iter05b_arm7,0,gb_eoh_2122r3,HP_Peak,CNN@frozen,size,raw,residual,log,p0.1|n10,rmse,1.5548781823963134,40,26,arm7_x05,rawseries
iter05b_arm7,0,gb_eoh_2122r3,HP_Peak,CNN@frozen,size,raw,residual,log,p0.1|n10,mae,1.0385844946329974,40,26,arm7_x05,rawseries
iter05b_arm7,0,gb_eoh_2122r3,HP_Peak,CNN@frozen,size,raw,residual,log,p0.1|n10,mape,29.492294852387158,40,26,arm7_x05,rawseries
iter05b_arm7,0,gb_eoh_2122r3,HP_Peak,CNN@frozen,size,raw,residual,log,p0.1|n10,r2,-2.3367209152263744,40,26,arm7_x05,rawseries
iter05b_arm7,0,gb_eoh_2122r3,HP_Peak,CNN@frozen,size,raw,residual,log,p0.1|n10,n_pred_nan,0.0,40,26,arm7_x05,rawseries
iter05b_arm7,0,gb_eoh_2122r3,HP_Peak,CNN@frozen,size,raw,residual,log,p0.1|n10,mape_n_excluded,0.0,40,26,arm7_x05,rawseries
iter05b_arm7,0,gb_eoh_2122r3,HP_Peak,CNN@frozen,size,raw,residual,log,p0.1|n20,wape,24.232135890414238,40,44,arm7_x05,rawseries
iter05b_arm7,0,gb_eoh_2122r3,HP_Peak,CNN@frozen,size,raw,residual,log,p0.1|n20,rmse,2.13439006642835,40,44,arm7_x05,rawseries
iter05b_arm7,0,gb_eoh_2122r3,HP_Peak,CNN@frozen,size,raw,residual,log,p0.1|n20,mae,1.6903281581823328,40,44,arm7_x05,rawseries
iter05b_arm7,0,gb_eoh_2122r3,HP_Peak,CNN@frozen,size,raw,residual,log,p0.1|n20,mape,26.123397354199458,40,44,arm7_x05,rawseries
iter05b_arm7,0,gb_eoh_2122r3,HP_Peak,CNN@frozen,size,raw,residual,log,p0.1|n20,r2,-1.0688109585800905,40,44,arm7_x05,rawseries
iter05b_arm7,0,gb_eoh_2122r3,HP_Peak,CNN@frozen,size,raw,residual,log,p0.1|n20,n_pred_nan,0.0,40,44,arm7_x05,rawseries
iter05b_arm7,0,gb_eoh_2122r3,HP_Peak,CNN@frozen,size,raw,residual,log,p0.1|n20,mape_n_excluded,0.0,40,44,arm7_x05,rawseries
iter05b_arm7,0,gb_eoh_2122r3,HP_Peak,CNN@frozen,size,raw,residual,log,p0.1|n40,wape,24.51615648648915,15,39,arm7_x05,rawseries
iter05b_arm7,0,gb_eoh_2122r3,HP_Peak,CNN@frozen,size,raw,residual,log,p0.1|n40,rmse,3.995521629769952,15,39,arm7_x05,rawseries
iter05b_arm7,0,gb_eoh_2122r3,HP_Peak,CNN@frozen,size,raw,residual,log,p0.1|n40,mae,3.2984939833436737,15,39,arm7_x05,rawseries
iter05b_arm7,0,gb_eoh_2122r3,HP_Peak,CNN@frozen,size,raw,residual,log,p0.1|n40,mape,23.3246405820071,15,39,arm7_x05,rawseries
iter05b_arm7,0,gb_eoh_2122r3,HP_Peak,CNN@frozen,size,raw,residual,log,p0.1|n40,r2,-2.1075888153817015,15,39,arm7_x05,rawseries
iter05b_arm7,0,gb_eoh_2122r3,HP_Peak,CNN@frozen,size,raw,residual,log,p0.1|n40,n_pred_nan,0.0,15,39,arm7_x05,rawseries
iter05b_arm7,0,gb_eoh_2122r3,HP_Peak,CNN@frozen,size,raw,residual,log,p0.1|n40,mape_n_excluded,0.0,15,39,arm7_x05,rawseries
iter05b_arm7,0,gb_eoh_2122r3,HP_Peak,CNN@frozen,size,raw,residual,log,p0.1|n80,wape,31.311218424293095,10,46,arm7_x05,rawseries
iter05b_arm7,0,gb_eoh_2122r3,HP_Peak,CNN@frozen,size,raw,residual,log,p0.1|n80,rmse,9.548644804252806,10,46,arm7_x05,rawseries
iter05b_arm7,0,gb_eoh_2122r3,HP_Peak,CNN@frozen,size,raw,residual,log,p0.1|n80,mae,8.995461463304537,10,46,arm7_x05,rawseries
iter05b_arm7,0,gb_eoh_2122r3,HP_Peak,CNN@frozen,size,raw,residual,log,p0.1|n80,mape,31.1149517439942,10,46,arm7_x05,rawseries
iter05b_arm7,0,gb_eoh_2122r3,HP_Peak,CNN@frozen,size,raw,residual,log,p0.1|n80,r2,-18.901184031993825,10,46,arm7_x05,rawseries
iter05b_arm7,0,gb_eoh_2122r3,HP_Peak,CNN@frozen,size,raw,residual,log,p0.1|n80,n_pred_nan,0.0,10,46,arm7_x05,rawseries
iter05b_arm7,0,gb_eoh_2122r3,HP_Peak,CNN@frozen,size,raw,residual,log,p0.1|n80,mape_n_excluded,0.0,10,46,arm7_x05,rawseries
iter05b_arm7,0,gb_eoh_2122r3,HP_Peak,CNN@frozen,size,raw,residual,log,p0.1|n120,wape,27.712909515485872,10,51,arm7_x05,rawseries
iter05b_arm7,0,gb_eoh_2122r3,HP_Peak,CNN@frozen,size,raw,residual,log,p0.1|n120,rmse,12.336921248625057,10,51,arm7_x05,rawseries
iter05b_arm7,0,gb_eoh_2122r3,HP_Peak,CNN@frozen,size,raw,residual,log,p0.1|n120,mae,11.996642682352853,10,51,arm7_x05,rawseries
iter05b_arm7,0,gb_eoh_2122r3,HP_Peak,CNN@frozen,size,raw,residual,log,p0.1|n120,mape,27.87845955235263,10,51,arm7_x05,rawseries
iter05b_arm7,0,gb_eoh_2122r3,HP_Peak,CNN@frozen,size,raw,residual,log,p0.1|n120,r2,-8.764282971166272,10,51,arm7_x05,rawseries
iter05b_arm7,0,gb_eoh_2122r3,HP_Peak,CNN@frozen,size,raw,residual,log,p0.1|n120,n_pred_nan,0.0,10,51,arm7_x05,rawseries
iter05b_arm7,0,gb_eoh_2122r3,HP_Peak,CNN@frozen,size,raw,residual,log,p0.1|n120,mape_n_excluded,0.0,10,51,arm7_x05,rawseries
iter05b_arm7,0,gb_eoh_2122r3,HP_Peak,CNN@frozen,size,raw,residual,log,p0.2|n10,wape,22.673239931250432,40,40,arm7_x05,rawseries
iter05b_arm7,0,gb_eoh_2122r3,HP_Peak,CNN@frozen,size,raw,residual,log,p0.2|n10,rmse,1.8195153893346112,40,40,arm7_x05,rawseries
iter05b_arm7,0,gb_eoh_2122r3,HP_Peak,CNN@frozen,size,raw,residual,log,p0.2|n10,mae,1.5506685721497326,40,40,arm7_x05,rawseries
iter05b_arm7,0,gb_eoh_2122r3,HP_Peak,CNN@frozen,size,raw,residual,log,p0.2|n10,mape,22.983056488269238,40,40,arm7_x05,rawseries
iter05b_arm7,0,gb_eoh_2122r3,HP_Peak,CNN@frozen,size,raw,residual,log,p0.2|n10,r2,-0.6888997430314985,40,40,arm7_x05,rawseries
iter05b_arm7,0,gb_eoh_2122r3,HP_Peak,CNN@frozen,size,raw,residual,log,p0.2|n10,n_pred_nan,0.0,40,40,arm7_x05,rawseries
iter05b_arm7,0,gb_eoh_2122r3,HP_Peak,CNN@frozen,size,raw,residual,log,p0.2|n10,mape_n_excluded,0.0,40,40,arm7_x05,rawseries
iter05b_arm7,0,gb_eoh_2122r3,HP_Peak,CNN@frozen,size,raw,residual,log,p0.2|n20,wape,19.33307230336715,15,40,arm7_x05,rawseries
iter05b_arm7,0,gb_eoh_2122r3,HP_Peak,CNN@frozen,size,raw,residual,log,p0.2|n20,rmse,2.941071881942428,15,40,arm7_x05,rawseries
iter05b_arm7,0,gb_eoh_2122r3,HP_Peak,CNN@frozen,size,raw,residual,log,p0.2|n20,mae,2.503245118123297,15,40,arm7_x05,rawseries
iter05b_arm7,0,gb_eoh_2122r3,HP_Peak,CNN@frozen,size,raw,residual,log,p0.2|n20,mape,19.89809817722217,15,40,arm7_x05,rawseries
iter05b_arm7,0,gb_eoh_2122r3,HP_Peak,CNN@frozen,size,raw,residual,log,p0.2|n20,r2,-1.5965314664288743,15,40,arm7_x05,rawseries
iter05b_arm7,0,gb_eoh_2122r3,HP_Peak,CNN@frozen,size,raw,residual,log,p0.2|n20,n_pred_nan,0.0,15,40,arm7_x05,rawseries
iter05b_arm7,0,gb_eoh_2122r3,HP_Peak,CNN@frozen,size,raw,residual,log,p0.2|n20,mape_n_excluded,0.0,15,40,arm7_x05,rawseries
iter05b_arm7,0,gb_eoh_2122r3,HP_Peak,CNN@frozen,size,raw,residual,log,p0.2|n40,wape,10.223090135021401,10,45,arm7_x05,rawseries
iter05b_arm7,0,gb_eoh_2122r3,HP_Peak,CNN@frozen,size,raw,residual,log,p0.2|n40,rmse,3.347846081475263,10,45,arm7_x05,rawseries
iter05b_arm7,0,gb_eoh_2122r3,HP_Peak,CNN@frozen,size,raw,residual,log,p0.2|n40,mae,2.9317759170031223,10,45,arm7_x05,rawseries
iter05b_arm7,0,gb_eoh_2122r3,HP_Peak,CNN@frozen,size,raw,residual,log,p0.2|n40,mape,10.320598006328837,10,45,arm7_x05,rawseries
iter05b_arm7,0,gb_eoh_2122r3,HP_Peak,CNN@frozen,size,raw,residual,log,p0.2|n40,r2,-2.5660252363419684,10,45,arm7_x05,rawseries
iter05b_arm7,0,gb_eoh_2122r3,HP_Peak,CNN@frozen,size,raw,residual,log,p0.2|n40,n_pred_nan,0.0,10,45,arm7_x05,rawseries
iter05b_arm7,0,gb_eoh_2122r3,HP_Peak,CNN@frozen,size,raw,residual,log,p0.2|n40,mape_n_excluded,0.0,10,45,arm7_x05,rawseries
iter05b_arm7,0,gb_eoh_2122r3,HP_Peak,CNN@frozen,size,raw,residual,log,p0.2|n80,wape,14.088062490052891,10,53,arm7_x05,rawseries
iter05b_arm7,0,gb_eoh_2122r3,HP_Peak,CNN@frozen,size,raw,residual,log,p0.2|n80,rmse,8.81092602274636,10,53,arm7_x05,rawseries
iter05b_arm7,0,gb_eoh_2122r3,HP_Peak,CNN@frozen,size,raw,residual,log,p0.2|n80,mae,7.943284781957628,10,53,arm7_x05,rawseries
iter05b_arm7,0,gb_eoh_2122r3,HP_Peak,CNN@frozen,size,raw,residual,log,p0.2|n80,mape,14.163839103706197,10,53,arm7_x05,rawseries
iter05b_arm7,0,gb_eoh_2122r3,HP_Peak,CNN@frozen,size,raw,residual,log,p0.2|n80,r2,-3.301788226211679,10,53,arm7_x05,rawseries
iter05b_arm7,0,gb_eoh_2122r3,HP_Peak,CNN@frozen,size,raw,residual,log,p0.2|n80,n_pred_nan,0.0,10,53,arm7_x05,rawseries
iter05b_arm7,0,gb_eoh_2122r3,HP_Peak,CNN@frozen,size,raw,residual,log,p0.2|n80,mape_n_excluded,0.0,10,53,arm7_x05,rawseries
iter05b_arm7,0,gb_eoh_2122r3,HP_Peak,CNN@frozen,size,raw,residual,log,p0.3|n10,wape,15.088941801902738,25,41,arm7_x05,rawseries
iter05b_arm7,0,gb_eoh_2122r3,HP_Peak,CNN@frozen,size,raw,residual,log,p0.3|n10,rmse,1.872248110749547,25,41,arm7_x05,rawseries
iter05b_arm7,0,gb_eoh_2122r3,HP_Peak,CNN@frozen,size,raw,residual,log,p0.3|n10,mae,1.5573521996170434,25,41,arm7_x05,rawseries
iter05b_arm7,0,gb_eoh_2122r3,HP_Peak,CNN@frozen,size,raw,residual,log,p0.3|n10,mape,15.339697180779591,25,41,arm7_x05,rawseries
iter05b_arm7,0,gb_eoh_2122r3,HP_Peak,CNN@frozen,size,raw,residual,log,p0.3|n10,r2,0.24758226309800746,25,41,arm7_x05,rawseries
iter05b_arm7,0,gb_eoh_2122r3,HP_Peak,CNN@frozen,size,raw,residual,log,p0.3|n10,n_pred_nan,0.0,25,41,arm7_x05,rawseries
iter05b_arm7,0,gb_eoh_2122r3,HP_Peak,CNN@frozen,size,raw,residual,log,p0.3|n10,mape_n_excluded,0.0,25,41,arm7_x05,rawseries
iter05b_arm7,0,gb_eoh_2122r3,HP_Peak,CNN@frozen,size,raw,residual,log,p0.3|n20,wape,15.591055510033037,15,51,arm7_x05,rawseries
iter05b_arm7,0,gb_eoh_2122r3,HP_Peak,CNN@frozen,size,raw,residual,log,p0.3|n20,rmse,3.8957674709583756,15,51,arm7_x05,rawseries
iter05b_arm7,0,gb_eoh_2122r3,HP_Peak,CNN@frozen,size,raw,residual,log,p0.3|n20,mae,3.106242924952029,15,51,arm7_x05,rawseries
iter05b_arm7,0,gb_eoh_2122r3,HP_Peak,CNN@frozen,size,raw,residual,log,p0.3|n20,mape,16.264743804850184,15,51,arm7_x05,rawseries
iter05b_arm7,0,gb_eoh_2122r3,HP_Peak,CNN@frozen,size,raw,residual,log,p0.3|n20,r2,-1.4317862584756744,15,51,arm7_x05,rawseries
iter05b_arm7,0,gb_eoh_2122r3,HP_Peak,CNN@frozen,size,raw,residual,log,p0.3|n20,n_pred_nan,0.0,15,51,arm7_x05,rawseries
iter05b_arm7,0,gb_eoh_2122r3,HP_Peak,CNN@frozen,size,raw,residual,log,p0.3|n20,mape_n_excluded,0.0,15,51,arm7_x05,rawseries
iter05b_arm7,0,gb_eoh_2122r3,HP_Peak,CNN@frozen,size,raw,residual,log,p0.3|n40,wape,14.227414298542316,10,53,arm7_x05,rawseries
iter05b_arm7,0,gb_eoh_2122r3,HP_Peak,CNN@frozen,size,raw,residual,log,p0.3|n40,rmse,6.117010386942062,10,53,arm7_x05,rawseries
iter05b_arm7,0,gb_eoh_2122r3,HP_Peak,CNN@frozen,size,raw,residual,log,p0.3|n40,mae,5.945950203894886,10,53,arm7_x05,rawseries
iter05b_arm7,0,gb_eoh_2122r3,HP_Peak,CNN@frozen,size,raw,residual,log,p0.3|n40,mape,14.291816384739311,10,53,arm7_x05,rawseries
iter05b_arm7,0,gb_eoh_2122r3,HP_Peak,CNN@frozen,size,raw,residual,log,p0.3|n40,r2,-1.8506198721865212,10,53,arm7_x05,rawseries
iter05b_arm7,0,gb_eoh_2122r3,HP_Peak,CNN@frozen,size,raw,residual,log,p0.3|n40,n_pred_nan,0.0,10,53,arm7_x05,rawseries
iter05b_arm7,0,gb_eoh_2122r3,HP_Peak,CNN@frozen,size,raw,residual,log,p0.3|n40,mape_n_excluded,0.0,10,53,arm7_x05,rawseries
iter05b_arm7,0,gb_eoh_2122r3,HP_Peak,CNN@frozen,size,raw,residual,log,p0.5|n10,wape,11.401040163501682,15,41,arm7_x05,rawseries
iter05b_arm7,0,gb_eoh_2122r3,HP_Peak,CNN@frozen,size,raw,residual,log,p0.5|n10,rmse,2.5327189292904273,15,41,arm7_x05,rawseries
iter05b_arm7,0,gb_eoh_2122r3,HP_Peak,CNN@frozen,size,raw,residual,log,p0.5|n10,mae,1.882722219787197,15,41,arm7_x05,rawseries
iter05b_arm7,0,gb_eoh_2122r3,HP_Peak,CNN@frozen,size,raw,residual,log,p0.5|n10,mape,12.07536269680917,15,41,arm7_x05,rawseries
iter05b_arm7,0,gb_eoh_2122r3,HP_Peak,CNN@frozen,size,raw,residual,log,p0.5|n10,r2,0.18977681511122824,15,41,arm7_x05,rawseries
iter05b_arm7,0,gb_eoh_2122r3,HP_Peak,CNN@frozen,size,raw,residual,log,p0.5|n10,n_pred_nan,0.0,15,41,arm7_x05,rawseries
iter05b_arm7,0,gb_eoh_2122r3,HP_Peak,CNN@frozen,size,raw,residual,log,p0.5|n10,mape_n_excluded,0.0,15,41,arm7_x05,rawseries
iter05b_arm7,0,gb_eoh_2122r3,HP_Peak,CNN@frozen,size,raw,residual,log,p0.5|n20,wape,7.795392621517684,10,49,arm7_x05,rawseries
iter05b_arm7,0,gb_eoh_2122r3,HP_Peak,CNN@frozen,size,raw,residual,log,p0.5|n20,rmse,3.065870690098541,10,49,arm7_x05,rawseries
iter05b_arm7,0,gb_eoh_2122r3,HP_Peak,CNN@frozen,size,raw,residual,log,p0.5|n20,mae,2.82118672244105,10,49,arm7_x05,rawseries
iter05b_arm7,0,gb_eoh_2122r3,HP_Peak,CNN@frozen,size,raw,residual,log,p0.5|n20,mape,7.9318424912198,10,49,arm7_x05,rawseries
iter05b_arm7,0,gb_eoh_2122r3,HP_Peak,CNN@frozen,size,raw,residual,log,p0.5|n20,r2,0.4085334565036768,10,49,arm7_x05,rawseries
iter05b_arm7,0,gb_eoh_2122r3,HP_Peak,CNN@frozen,size,raw,residual,log,p0.5|n20,n_pred_nan,0.0,10,49,arm7_x05,rawseries
iter05b_arm7,0,gb_eoh_2122r3,HP_Peak,CNN@frozen,size,raw,residual,log,p0.5|n20,mape_n_excluded,0.0,10,49,arm7_x05,rawseries
iter05b_arm7,0,gb_eoh_2122r3,HP_Peak,CNN@frozen,size,raw,residual,log,p0.5|n40,wape,4.974337619301824,5,30,arm7_x05,rawseries
iter05b_arm7,0,gb_eoh_2122r3,HP_Peak,CNN@frozen,size,raw,residual,log,p0.5|n40,rmse,4.2146856797052985,5,30,arm7_x05,rawseries
iter05b_arm7,0,gb_eoh_2122r3,HP_Peak,CNN@frozen,size,raw,residual,log,p0.5|n40,mae,3.6991931076185693,5,30,arm7_x05,rawseries
iter05b_arm7,0,gb_eoh_2122r3,HP_Peak,CNN@frozen,size,raw,residual,log,p0.5|n40,mape,4.99694102293651,5,30,arm7_x05,rawseries
iter05b_arm7,0,gb_eoh_2122r3,HP_Peak,CNN@frozen,size,raw,residual,log,p0.5|n40,r2,-7.684148384738966,5,30,arm7_x05,rawseries
iter05b_arm7,0,gb_eoh_2122r3,HP_Peak,CNN@frozen,size,raw,residual,log,p0.5|n40,n_pred_nan,0.0,5,30,arm7_x05,rawseries
iter05b_arm7,0,gb_eoh_2122r3,HP_Peak,CNN@frozen,size,raw,residual,log,p0.5|n40,mape_n_excluded,0.0,5,30,arm7_x05,rawseries
iter05b_arm7,0,gb_eoh_2122r3,HP_Peak,CNN@frozen,size,raw,residual,log,p0.8|n10,wape,6.858850941183106,10,44,arm7_x05,rawseries
iter05b_arm7,0,gb_eoh_2122r3,HP_Peak,CNN@frozen,size,raw,residual,log,p0.8|n10,rmse,2.4193962463919996,10,44,arm7_x05,rawseries
iter05b_arm7,0,gb_eoh_2122r3,HP_Peak,CNN@frozen,size,raw,residual,log,p0.8|n10,mae,1.8950231777950797,10,44,arm7_x05,rawseries
iter05b_arm7,0,gb_eoh_2122r3,HP_Peak,CNN@frozen,size,raw,residual,log,p0.8|n10,mape,7.072061571911649,10,44,arm7_x05,rawseries
iter05b_arm7,0,gb_eoh_2122r3,HP_Peak,CNN@frozen,size,raw,residual,log,p0.8|n10,r2,0.10420664348182529,10,44,arm7_x05,rawseries
iter05b_arm7,0,gb_eoh_2122r3,HP_Peak,CNN@frozen,size,raw,residual,log,p0.8|n10,n_pred_nan,0.0,10,44,arm7_x05,rawseries
iter05b_arm7,0,gb_eoh_2122r3,HP_Peak,CNN@frozen,size,raw,residual,log,p0.8|n10,mape_n_excluded,0.0,10,44,arm7_x05,rawseries
iter05b_arm7,0,gb_eoh_2122r3,HP_Peak,CNN@frozen,size,raw,residual,log,p0.8|n20,wape,5.878325900209025,10,53,arm7_x05,rawseries
iter05b_arm7,0,gb_eoh_2122r3,HP_Peak,CNN@frozen,size,raw,residual,log,p0.8|n20,rmse,3.694781247007288,10,53,arm7_x05,rawseries
iter05b_arm7,0,gb_eoh_2122r3,HP_Peak,CNN@frozen,size,raw,residual,log,p0.8|n20,mae,3.262442259237903,10,53,arm7_x05,rawseries
iter05b_arm7,0,gb_eoh_2122r3,HP_Peak,CNN@frozen,size,raw,residual,log,p0.8|n20,mape,5.94262846874097,10,53,arm7_x05,rawseries
iter05b_arm7,0,gb_eoh_2122r3,HP_Peak,CNN@frozen,size,raw,residual,log,p0.8|n20,r2,0.2895659243730838,10,53,arm7_x05,rawseries
iter05b_arm7,0,gb_eoh_2122r3,HP_Peak,CNN@frozen,size,raw,residual,log,p0.8|n20,n_pred_nan,0.0,10,53,arm7_x05,rawseries
iter05b_arm7,0,gb_eoh_2122r3,HP_Peak,CNN@frozen,size,raw,residual,log,p0.8|n20,mape_n_excluded,0.0,10,53,arm7_x05,rawseries
iter05b_arm7,0,gb_eoh_2122r3,HP_Peak,CNN@frozen,size,raw,residual,log,p1.0|n10,wape,6.110791547715616,10,52,arm7_x05,rawseries
iter05b_arm7,0,gb_eoh_2122r3,HP_Peak,CNN@frozen,size,raw,residual,log,p1.0|n10,rmse,2.5718507556202312,10,52,arm7_x05,rawseries
iter05b_arm7,0,gb_eoh_2122r3,HP_Peak,CNN@frozen,size,raw,residual,log,p1.0|n10,mae,2.146914328459503,10,52,arm7_x05,rawseries
iter05b_arm7,0,gb_eoh_2122r3,HP_Peak,CNN@frozen,size,raw,residual,log,p1.0|n10,mape,6.192740157275738,10,52,arm7_x05,rawseries
iter05b_arm7,0,gb_eoh_2122r3,HP_Peak,CNN@frozen,size,raw,residual,log,p1.0|n10,r2,-0.10871788135383142,10,52,arm7_x05,rawseries
iter05b_arm7,0,gb_eoh_2122r3,HP_Peak,CNN@frozen,size,raw,residual,log,p1.0|n10,n_pred_nan,0.0,10,52,arm7_x05,rawseries
iter05b_arm7,0,gb_eoh_2122r3,HP_Peak,CNN@frozen,size,raw,residual,log,p1.0|n10,mape_n_excluded,0.0,10,52,arm7_x05,rawseries
iter05b_arm7,0,gb_eoh_2122r3,HP_Peak,CNN@frozen,size,raw,residual,log,p1.0|n20,wape,4.569179400679315,5,30,arm7_x05,rawseries
iter05b_arm7,0,gb_eoh_2122r3,HP_Peak,CNN@frozen,size,raw,residual,log,p1.0|n20,rmse,4.148352603547493,5,30,arm7_x05,rawseries
iter05b_arm7,0,gb_eoh_2122r3,HP_Peak,CNN@frozen,size,raw,residual,log,p1.0|n20,mae,3.3511421375765678,5,30,arm7_x05,rawseries
iter05b_arm7,0,gb_eoh_2122r3,HP_Peak,CNN@frozen,size,raw,residual,log,p1.0|n20,mape,4.5463952236880685,5,30,arm7_x05,rawseries
iter05b_arm7,0,gb_eoh_2122r3,HP_Peak,CNN@frozen,size,raw,residual,log,p1.0|n20,r2,-1.0999389459648747,5,30,arm7_x05,rawseries
iter05b_arm7,0,gb_eoh_2122r3,HP_Peak,CNN@frozen,size,raw,residual,log,p1.0|n20,n_pred_nan,0.0,5,30,arm7_x05,rawseries
iter05b_arm7,0,gb_eoh_2122r3,HP_Peak,CNN@frozen,size,raw,residual,log,p1.0|n20,mape_n_excluded,0.0,5,30,arm7_x05,rawseries
