exp_id,split_seed,dataset,target,method,anchor,feature_set,mode,target_transform,cell,metric,value,n_substations,n_hp_households,arm,family
iter05b_quick_arm4_bstar_o1a,0,bstar_2023,HP_Peak,slope_only,none,-,-,-,all,wape,26.289869702310842,8,17,q4_bstar_o1a,physics
iter05b_quick_arm4_bstar_o1a,0,bstar_2023,HP_Peak,slope_only,none,-,-,-,all,rmse,8.337644714586032,8,17,q4_bstar_o1a,physics
iter05b_quick_arm4_bstar_o1a,0,bstar_2023,HP_Peak,slope_only,none,-,-,-,all,mae,6.048899149583595,8,17,q4_bstar_o1a,physics
iter05b_quick_arm4_bstar_o1a,0,bstar_2023,HP_Peak,slope_only,none,-,-,-,all,mape,24.803042037069527,8,17,q4_bstar_o1a,physics
iter05b_quick_arm4_bstar_o1a,0,bstar_2023,HP_Peak,slope_only,none,-,-,-,all,r2,0.7881606049374523,8,17,q4_bstar_o1a,physics
iter05b_quick_arm4_bstar_o1a,0,bstar_2023,HP_Peak,slope_only,none,-,-,-,all,n_pred_nan,0.0,8,17,q4_bstar_o1a,physics
iter05b_quick_arm4_bstar_o1a,0,bstar_2023,HP_Peak,slope_only,none,-,-,-,all,mape_n_excluded,0.0,8,17,q4_bstar_o1a,physics
iter05b_quick_arm4_bstar_o1a,0,bstar_2023,HP_Peak,slope_only,none,-,-,-,pbin<=15,wape,32.085209076668846,6,12,q4_bstar_o1a,physics
iter05b_quick_arm4_bstar_o1a,0,bstar_2023,HP_Peak,slope_only,none,-,-,-,pbin<=15,rmse,7.121267835998117,6,12,q4_bstar_o1a,physics
iter05b_quick_arm4_bstar_o1a,0,bstar_2023,HP_Peak,slope_only,none,-,-,-,pbin<=15,mae,4.789829528039446,6,12,q4_bstar_o1a,physics
iter05b_quick_arm4_bstar_o1a,0,bstar_2023,HP_Peak,slope_only,none,-,-,-,pbin<=15,mape,25.58793141448472,6,12,q4_bstar_o1a,physics
iter05b_quick_arm4_bstar_o1a,0,bstar_2023,HP_Peak,slope_only,none,-,-,-,pbin<=15,r2,0.694841431611106,6,12,q4_bstar_o1a,physics
iter05b_quick_arm4_bstar_o1a,0,bstar_2023,HP_Peak,slope_only,none,-,-,-,pbin<=15,n_pred_nan,0.0,6,12,q4_bstar_o1a,physics
iter05b_quick_arm4_bstar_o1a,0,bstar_2023,HP_Peak,slope_only,none,-,-,-,pbin<=15,mape_n_excluded,0.0,6,12,q4_bstar_o1a,physics
iter05b_quick_arm4_bstar_o1a,0,bstar_2023,HP_Peak,slope_only,none,-,-,-,pbin35-65,wape,20.796648085800175,2,9,q4_bstar_o1a,physics
iter05b_quick_arm4_bstar_o1a,0,bstar_2023,HP_Peak,slope_only,none,-,-,-,pbin35-65,rmse,11.221760591395347,2,9,q4_bstar_o1a,physics
iter05b_quick_arm4_bstar_o1a,0,bstar_2023,HP_Peak,slope_only,none,-,-,-,pbin35-65,mae,9.826108014216041,2,9,q4_bstar_o1a,physics
iter05b_quick_arm4_bstar_o1a,0,bstar_2023,HP_Peak,slope_only,none,-,-,-,pbin35-65,mape,22.448373904823963,2,9,q4_bstar_o1a,physics
iter05b_quick_arm4_bstar_o1a,0,bstar_2023,HP_Peak,slope_only,none,-,-,-,pbin35-65,r2,-3.111004491741201,2,9,q4_bstar_o1a,physics
iter05b_quick_arm4_bstar_o1a,0,bstar_2023,HP_Peak,slope_only,none,-,-,-,pbin35-65,n_pred_nan,0.0,2,9,q4_bstar_o1a,physics
iter05b_quick_arm4_bstar_o1a,0,bstar_2023,HP_Peak,slope_only,none,-,-,-,pbin35-65,mape_n_excluded,0.0,2,9,q4_bstar_o1a,physics
iter05b_quick_arm4_bstar_o1a,0,bstar_2023,HP_Peak,slope_only,none,-,-,-,p0.1|n10,wape,25.86176812472302,4,4,q4_bstar_o1a,physics
iter05b_quick_arm4_bstar_o1a,0,bstar_2023,HP_Peak,slope_only,none,-,-,-,p0.1|n10,rmse,2.298697820941572,4,4,q4_bstar_o1a,physics
iter05b_quick_arm4_bstar_o1a,0,bstar_2023,HP_Peak,slope_only,none,-,-,-,p0.1|n10,mae,1.6360627786056592,4,4,q4_bstar_o1a,physics
iter05b_quick_arm4_bstar_o1a,0,bstar_2023,HP_Peak,slope_only,none,-,-,-,p0.1|n10,mape,21.785477128874014,4,4,q4_bstar_o1a,physics
iter05b_quick_arm4_bstar_o1a,0,bstar_2023,HP_Peak,slope_only,none,-,-,-,p0.1|n10,r2,0.03280646133011089,4,4,q4_bstar_o1a,physics
iter05b_quick_arm4_bstar_o1a,0,bstar_2023,HP_Peak,slope_only,none,-,-,-,p0.1|n10,n_pred_nan,0.0,4,4,q4_bstar_o1a,physics
iter05b_quick_arm4_bstar_o1a,0,bstar_2023,HP_Peak,slope_only,none,-,-,-,p0.1|n10,mape_n_excluded,0.0,4,4,q4_bstar_o1a,physics
iter05b_quick_arm4_bstar_o1a,0,bstar_2023,HP_Peak,slope_only,none,-,-,-,p0.1|n40,wape,34.53568597854998,2,8,q4_bstar_o1a,physics
iter05b_quick_arm4_bstar_o1a,0,bstar_2023,HP_Peak,slope_only,none,-,-,-,p0.1|n40,rmse,11.898291618213973,2,8,q4_bstar_o1a,physics
iter05b_quick_arm4_bstar_o1a,0,bstar_2023,HP_Peak,slope_only,none,-,-,-,p0.1|n40,mae,11.09736302690702,2,8,q4_bstar_o1a,physics
iter05b_quick_arm4_bstar_o1a,0,bstar_2023,HP_Peak,slope_only,none,-,-,-,p0.1|n40,mape,33.19283998570614,2,8,q4_bstar_o1a,physics
iter05b_quick_arm4_bstar_o1a,0,bstar_2023,HP_Peak,slope_only,none,-,-,-,p0.1|n40,r2,-2.2447911847122004,2,8,q4_bstar_o1a,physics
iter05b_quick_arm4_bstar_o1a,0,bstar_2023,HP_Peak,slope_only,none,-,-,-,p0.1|n40,n_pred_nan,0.0,2,8,q4_bstar_o1a,physics
iter05b_quick_arm4_bstar_o1a,0,bstar_2023,HP_Peak,slope_only,none,-,-,-,p0.1|n40,mape_n_excluded,0.0,2,8,q4_bstar_o1a,physics
iter05b_quick_arm4_bstar_o1a,0,bstar_2023,HP_Peak,slope_only,none,-,-,-,p0.5|n10,wape,20.796648085800175,2,9,q4_bstar_o1a,physics
iter05b_quick_arm4_bstar_o1a,0,bstar_2023,HP_Peak,slope_only,none,-,-,-,p0.5|n10,rmse,11.221760591395347,2,9,q4_bstar_o1a,physics
iter05b_quick_arm4_bstar_o1a,0,bstar_2023,HP_Peak,slope_only,none,-,-,-,p0.5|n10,mae,9.826108014216041,2,9,q4_bstar_o1a,physics
iter05b_quick_arm4_bstar_o1a,0,bstar_2023,HP_Peak,slope_only,none,-,-,-,p0.5|n10,mape,22.448373904823963,2,9,q4_bstar_o1a,physics
iter05b_quick_arm4_bstar_o1a,0,bstar_2023,HP_Peak,slope_only,none,-,-,-,p0.5|n10,r2,-3.111004491741201,2,9,q4_bstar_o1a,physics
iter05b_quick_arm4_bstar_o1a,0,bstar_2023,HP_Peak,slope_only,none,-,-,-,p0.5|n10,n_pred_nan,0.0,2,9,q4_bstar_o1a,physics
iter05b_quick_arm4_bstar_o1a,0,bstar_2023,HP_Peak,slope_only,none,-,-,-,p0.5|n10,mape_n_excluded,0.0,2,9,q4_bstar_o1a,physics
iter05b_quick_arm4_bstar_o1a,0,bstar_2023,HP_Peak,slope_only,none,-,-,-,all,at_bound_share_train,0.0,24,55,q4_bstar_o1a,physics
iter05b_quick_arm4_bstar_o1a,0,bstar_2023,HP_Peak,slope_only,none,-,-,-,all,at_bound_share_test,0.125,8,17,q4_bstar_o1a,physics
iter05b_quick_arm4_bstar_o1a,0,bstar_2023,HP_Peak,slope_base,none,-,-,-,all,wape,24.09345452932435,8,17,q4_bstar_o1a,physics
iter05b_quick_arm4_bstar_o1a,0,bstar_2023,HP_Peak,slope_base,none,-,-,-,all,rmse,7.719754558525506,8,17,q4_bstar_o1a,physics
iter05b_quick_arm4_bstar_o1a,0,bstar_2023,HP_Peak,slope_base,none,-,-,-,all,mae,5.543537425754181,8,17,q4_bstar_o1a,physics
iter05b_quick_arm4_bstar_o1a,0,bstar_2023,HP_Peak,slope_base,none,-,-,-,all,mape,22.811633336585714,8,17,q4_bstar_o1a,physics
iter05b_quick_arm4_bstar_o1a,0,bstar_2023,HP_Peak,slope_base,none,-,-,-,all,r2,0.8183953590062976,8,17,q4_bstar_o1a,physics
iter05b_quick_arm4_bstar_o1a,0,bstar_2023,HP_Peak,slope_base,none,-,-,-,all,n_pred_nan,0.0,8,17,q4_bstar_o1a,physics
iter05b_quick_arm4_bstar_o1a,0,bstar_2023,HP_Peak,slope_base,none,-,-,-,all,mape_n_excluded,0.0,8,17,q4_bstar_o1a,physics
iter05b_quick_arm4_bstar_o1a,0,bstar_2023,HP_Peak,slope_base,none,-,-,-,pbin<=15,wape,28.265264731648053,6,12,q4_bstar_o1a,physics
iter05b_quick_arm4_bstar_o1a,0,bstar_2023,HP_Peak,slope_base,none,-,-,-,pbin<=15,rmse,6.129388619317217,6,12,q4_bstar_o1a,physics
iter05b_quick_arm4_bstar_o1a,0,bstar_2023,HP_Peak,slope_base,none,-,-,-,pbin<=15,mae,4.219570435274092,6,12,q4_bstar_o1a,physics
iter05b_quick_arm4_bstar_o1a,0,bstar_2023,HP_Peak,slope_base,none,-,-,-,pbin<=15,mape,23.112473891233467,6,12,q4_bstar_o1a,physics
iter05b_quick_arm4_bstar_o1a,0,bstar_2023,HP_Peak,slope_base,none,-,-,-,pbin<=15,r2,0.7739287978786085,6,12,q4_bstar_o1a,physics
iter05b_quick_arm4_bstar_o1a,0,bstar_2023,HP_Peak,slope_base,none,-,-,-,pbin<=15,n_pred_nan,0.0,6,12,q4_bstar_o1a,physics
iter05b_quick_arm4_bstar_o1a,0,bstar_2023,HP_Peak,slope_base,none,-,-,-,pbin<=15,mape_n_excluded,0.0,6,12,q4_bstar_o1a,physics
iter05b_quick_arm4_bstar_o1a,0,bstar_2023,HP_Peak,slope_base,none,-,-,-,pbin35-65,wape,20.139125627589767,2,9,q4_bstar_o1a,physics
iter05b_quick_arm4_bstar_o1a,0,bstar_2023,HP_Peak,slope_base,none,-,-,-,pbin35-65,rmse,11.210273289962876,2,9,q4_bstar_o1a,physics
iter05b_quick_arm4_bstar_o1a,0,bstar_2023,HP_Peak,slope_base,none,-,-,-,pbin35-65,mae,9.515438397194451,2,9,q4_bstar_o1a,physics
iter05b_quick_arm4_bstar_o1a,0,bstar_2023,HP_Peak,slope_base,none,-,-,-,pbin35-65,mape,21.90911167264245,2,9,q4_bstar_o1a,physics
iter05b_quick_arm4_bstar_o1a,0,bstar_2023,HP_Peak,slope_base,none,-,-,-,pbin35-65,r2,-3.102592232988572,2,9,q4_bstar_o1a,physics
iter05b_quick_arm4_bstar_o1a,0,bstar_2023,HP_Peak,slope_base,none,-,-,-,pbin35-65,n_pred_nan,0.0,2,9,q4_bstar_o1a,physics
iter05b_quick_arm4_bstar_o1a,0,bstar_2023,HP_Peak,slope_base,none,-,-,-,pbin35-65,mape_n_excluded,0.0,2,9,q4_bstar_o1a,physics
iter05b_quick_arm4_bstar_o1a,0,bstar_2023,HP_Peak,slope_base,none,-,-,-,p0.1|n10,wape,26.170908411358017,4,4,q4_bstar_o1a,physics
iter05b_quick_arm4_bstar_o1a,0,bstar_2023,HP_Peak,slope_base,none,-,-,-,p0.1|n10,rmse,2.4857789210297634,4,4,q4_bstar_o1a,physics
iter05b_quick_arm4_bstar_o1a,0,bstar_2023,HP_Peak,slope_base,none,-,-,-,p0.1|n10,mae,1.6556195588649136,4,4,q4_bstar_o1a,physics
iter05b_quick_arm4_bstar_o1a,0,bstar_2023,HP_Peak,slope_base,none,-,-,-,p0.1|n10,mape,20.685017335695118,4,4,q4_bstar_o1a,physics
iter05b_quick_arm4_bstar_o1a,0,bstar_2023,HP_Peak,slope_base,none,-,-,-,p0.1|n10,r2,-0.13103129090868681,4,4,q4_bstar_o1a,physics
iter05b_quick_arm4_bstar_o1a,0,bstar_2023,HP_Peak,slope_base,none,-,-,-,p0.1|n10,n_pred_nan,0.0,4,4,q4_bstar_o1a,physics
iter05b_quick_arm4_bstar_o1a,0,bstar_2023,HP_Peak,slope_base,none,-,-,-,p0.1|n10,mape_n_excluded,0.0,4,4,q4_bstar_o1a,physics
iter05b_quick_arm4_bstar_o1a,0,bstar_2023,HP_Peak,slope_base,none,-,-,-,p0.1|n40,wape,29.08991653228495,2,8,q4_bstar_o1a,physics
iter05b_quick_arm4_bstar_o1a,0,bstar_2023,HP_Peak,slope_base,none,-,-,-,p0.1|n40,rmse,10.01748575498735,2,8,q4_bstar_o1a,physics
iter05b_quick_arm4_bstar_o1a,0,bstar_2023,HP_Peak,slope_base,none,-,-,-,p0.1|n40,mae,9.347472188092448,2,8,q4_bstar_o1a,physics
iter05b_quick_arm4_bstar_o1a,0,bstar_2023,HP_Peak,slope_base,none,-,-,-,p0.1|n40,mape,27.967387002310172,2,8,q4_bstar_o1a,physics
iter05b_quick_arm4_bstar_o1a,0,bstar_2023,HP_Peak,slope_base,none,-,-,-,p0.1|n40,r2,-1.3000379541951324,2,8,q4_bstar_o1a,physics
iter05b_quick_arm4_bstar_o1a,0,bstar_2023,HP_Peak,slope_base,none,-,-,-,p0.1|n40,n_pred_nan,0.0,2,8,q4_bstar_o1a,physics
iter05b_quick_arm4_bstar_o1a,0,bstar_2023,HP_Peak,slope_base,none,-,-,-,p0.1|n40,mape_n_excluded,0.0,2,8,q4_bstar_o1a,physics
iter05b_quick_arm4_bstar_o1a,0,bstar_2023,HP_Peak,slope_base,none,-,-,-,p0.5|n10,wape,20.139125627589767,2,9,q4_bstar_o1a,physics
iter05b_quick_arm4_bstar_o1a,0,bstar_2023,HP_Peak,slope_base,none,-,-,-,p0.5|n10,rmse,11.210273289962876,2,9,q4_bstar_o1a,physics
iter05b_quick_arm4_bstar_o1a,0,bstar_2023,HP_Peak,slope_base,none,-,-,-,p0.5|n10,mae,9.515438397194451,2,9,q4_bstar_o1a,physics
iter05b_quick_arm4_bstar_o1a,0,bstar_2023,HP_Peak,slope_base,none,-,-,-,p0.5|n10,mape,21.90911167264245,2,9,q4_bstar_o1a,physics
iter05b_quick_arm4_bstar_o1a,0,bstar_2023,HP_Peak,slope_base,none,-,-,-,p0.5|n10,r2,-3.102592232988572,2,9,q4_bstar_o1a,physics
iter05b_quick_arm4_bstar_o1a,0,bstar_2023,HP_Peak,slope_base,none,-,-,-,p0.5|n10,n_pred_nan,0.0,2,9,q4_bstar_o1a,physics
iter05b_quick_arm4_bstar_o1a,0,bstar_2023,HP_Peak,slope_base,none,-,-,-,p0.5|n10,mape_n_excluded,0.0,2,9,q4_bstar_o1a,physics
iter05b_quick_arm4_bstar_o1a,0,bstar_2023,HP_Peak,slope_base,none,-,-,-,all,at_bound_share_train,0.0,24,55,q4_bstar_o1a,physics
iter05b_quick_arm4_bstar_o1a,0,bstar_2023,HP_Peak,slope_base,none,-,-,-,all,at_bound_share_test,0.125,8,17,q4_bstar_o1a,physics
iter05b_quick_arm4_bstar_o1a,0,bstar_2023,HP_Peak,calibrated_delta,none,-,-,-,all,wape,27.65974005999219,8,17,q4_bstar_o1a,physics
iter05b_quick_arm4_bstar_o1a,0,bstar_2023,HP_Peak,calibrated_delta,none,-,-,-,all,rmse,8.692280120530814,8,17,q4_bstar_o1a,physics
iter05b_quick_arm4_bstar_o1a,0,bstar_2023,HP_Peak,calibrated_delta,none,-,-,-,all,mae,6.364085483157935,8,17,q4_bstar_o1a,physics
iter05b_quick_arm4_bstar_o1a,0,bstar_2023,HP_Peak,calibrated_delta,none,-,-,-,all,mape,23.73345920328011,8,17,q4_bstar_o1a,physics
iter05b_quick_arm4_bstar_o1a,0,bstar_2023,HP_Peak,calibrated_delta,none,-,-,-,all,r2,0.7697564965980244,8,17,q4_bstar_o1a,physics
iter05b_quick_arm4_bstar_o1a,0,bstar_2023,HP_Peak,calibrated_delta,none,-,-,-,all,n_pred_nan,0.0,8,17,q4_bstar_o1a,physics
iter05b_quick_arm4_bstar_o1a,0,bstar_2023,HP_Peak,calibrated_delta,none,-,-,-,all,mape_n_excluded,0.0,8,17,q4_bstar_o1a,physics
iter05b_quick_arm4_bstar_o1a,0,bstar_2023,HP_Peak,calibrated_delta,none,-,-,-,pbin<=15,wape,32.60703856611336,6,12,q4_bstar_o1a,physics
iter05b_quick_arm4_bstar_o1a,0,bstar_2023,HP_Peak,calibrated_delta,none,-,-,-,pbin<=15,rmse,7.399924017153278,6,12,q4_bstar_o1a,physics
iter05b_quick_arm4_bstar_o1a,0,bstar_2023,HP_Peak,calibrated_delta,none,-,-,-,pbin<=15,mae,4.867730665949145,6,12,q4_bstar_o1a,physics
iter05b_quick_arm4_bstar_o1a,0,bstar_2023,HP_Peak,calibrated_delta,none,-,-,-,pbin<=15,mape,23.50513414107765,6,12,q4_bstar_o1a,physics
iter05b_quick_arm4_bstar_o1a,0,bstar_2023,HP_Peak,calibrated_delta,none,-,-,-,pbin<=15,r2,0.6704923899508604,6,12,q4_bstar_o1a,physics
iter05b_quick_arm4_bstar_o1a,0,bstar_2023,HP_Peak,calibrated_delta,none,-,-,-,pbin<=15,n_pred_nan,0.0,6,12,q4_bstar_o1a,physics
iter05b_quick_arm4_bstar_o1a,0,bstar_2023,HP_Peak,calibrated_delta,none,-,-,-,pbin<=15,mape_n_excluded,0.0,6,12,q4_bstar_o1a,physics
iter05b_quick_arm4_bstar_o1a,0,bstar_2023,HP_Peak,calibrated_delta,none,-,-,-,pbin35-65,wape,22.97034995845628,2,9,q4_bstar_o1a,physics
iter05b_quick_arm4_bstar_o1a,0,bstar_2023,HP_Peak,calibrated_delta,none,-,-,-,pbin35-65,rmse,11.745054635725412,2,9,q4_bstar_o1a,physics
iter05b_quick_arm4_bstar_o1a,0,bstar_2023,HP_Peak,calibrated_delta,none,-,-,-,pbin35-65,mae,10.853149934784307,2,9,q4_bstar_o1a,physics
iter05b_quick_arm4_bstar_o1a,0,bstar_2023,HP_Peak,calibrated_delta,none,-,-,-,pbin35-65,mape,24.4184343898875,2,9,q4_bstar_o1a,physics
iter05b_quick_arm4_bstar_o1a,0,bstar_2023,HP_Peak,calibrated_delta,none,-,-,-,pbin35-65,r2,-3.5033534660071526,2,9,q4_bstar_o1a,physics
iter05b_quick_arm4_bstar_o1a,0,bstar_2023,HP_Peak,calibrated_delta,none,-,-,-,pbin35-65,n_pred_nan,0.0,2,9,q4_bstar_o1a,physics
iter05b_quick_arm4_bstar_o1a,0,bstar_2023,HP_Peak,calibrated_delta,none,-,-,-,pbin35-65,mape_n_excluded,0.0,2,9,q4_bstar_o1a,physics
iter05b_quick_arm4_bstar_o1a,0,bstar_2023,HP_Peak,calibrated_delta,none,-,-,-,p0.1|n10,wape,23.39405862793889,4,4,q4_bstar_o1a,physics
iter05b_quick_arm4_bstar_o1a,0,bstar_2023,HP_Peak,calibrated_delta,none,-,-,-,p0.1|n10,rmse,2.3140694667846358,4,4,q4_bstar_o1a,physics
iter05b_quick_arm4_bstar_o1a,0,bstar_2023,HP_Peak,calibrated_delta,none,-,-,-,p0.1|n10,mae,1.4799509599307146,4,4,q4_bstar_o1a,physics
iter05b_quick_arm4_bstar_o1a,0,bstar_2023,HP_Peak,calibrated_delta,none,-,-,-,p0.1|n10,mape,17.757993553674154,4,4,q4_bstar_o1a,physics
iter05b_quick_arm4_bstar_o1a,0,bstar_2023,HP_Peak,calibrated_delta,none,-,-,-,p0.1|n10,r2,0.019827751185042986,4,4,q4_bstar_o1a,physics
iter05b_quick_arm4_bstar_o1a,0,bstar_2023,HP_Peak,calibrated_delta,none,-,-,-,p0.1|n10,n_pred_nan,0.0,4,4,q4_bstar_o1a,physics
iter05b_quick_arm4_bstar_o1a,0,bstar_2023,HP_Peak,calibrated_delta,none,-,-,-,p0.1|n10,mape_n_excluded,0.0,4,4,q4_bstar_o1a,physics
iter05b_quick_arm4_bstar_o1a,0,bstar_2023,HP_Peak,calibrated_delta,none,-,-,-,p0.1|n40,wape,36.23464501571455,2,8,q4_bstar_o1a,physics
iter05b_quick_arm4_bstar_o1a,0,bstar_2023,HP_Peak,calibrated_delta,none,-,-,-,p0.1|n40,rmse,12.392206881129601,2,8,q4_bstar_o1a,physics
iter05b_quick_arm4_bstar_o1a,0,bstar_2023,HP_Peak,calibrated_delta,none,-,-,-,p0.1|n40,mae,11.643290077986004,2,8,q4_bstar_o1a,physics
iter05b_quick_arm4_bstar_o1a,0,bstar_2023,HP_Peak,calibrated_delta,none,-,-,-,p0.1|n40,mape,34.99941531588463,2,8,q4_bstar_o1a,physics
iter05b_quick_arm4_bstar_o1a,0,bstar_2023,HP_Peak,calibrated_delta,none,-,-,-,p0.1|n40,r2,-2.519774542069512,2,8,q4_bstar_o1a,physics
iter05b_quick_arm4_bstar_o1a,0,bstar_2023,HP_Peak,calibrated_delta,none,-,-,-,p0.1|n40,n_pred_nan,0.0,2,8,q4_bstar_o1a,physics
iter05b_quick_arm4_bstar_o1a,0,bstar_2023,HP_Peak,calibrated_delta,none,-,-,-,p0.1|n40,mape_n_excluded,0.0,2,8,q4_bstar_o1a,physics
iter05b_quick_arm4_bstar_o1a,0,bstar_2023,HP_Peak,calibrated_delta,none,-,-,-,p0.5|n10,wape,22.97034995845628,2,9,q4_bstar_o1a,physics
iter05b_quick_arm4_bstar_o1a,0,bstar_2023,HP_Peak,calibrated_delta,none,-,-,-,p0.5|n10,rmse,11.745054635725412,2,9,q4_bstar_o1a,physics
iter05b_quick_arm4_bstar_o1a,0,bstar_2023,HP_Peak,calibrated_delta,none,-,-,-,p0.5|n10,mae,10.853149934784307,2,9,q4_bstar_o1a,physics
iter05b_quick_arm4_bstar_o1a,0,bstar_2023,HP_Peak,calibrated_delta,none,-,-,-,p0.5|n10,mape,24.4184343898875,2,9,q4_bstar_o1a,physics
iter05b_quick_arm4_bstar_o1a,0,bstar_2023,HP_Peak,calibrated_delta,none,-,-,-,p0.5|n10,r2,-3.5033534660071526,2,9,q4_bstar_o1a,physics
iter05b_quick_arm4_bstar_o1a,0,bstar_2023,HP_Peak,calibrated_delta,none,-,-,-,p0.5|n10,n_pred_nan,0.0,2,9,q4_bstar_o1a,physics
iter05b_quick_arm4_bstar_o1a,0,bstar_2023,HP_Peak,calibrated_delta,none,-,-,-,p0.5|n10,mape_n_excluded,0.0,2,9,q4_bstar_o1a,physics
iter05b_quick_arm4_bstar_o1a,0,bstar_2023,HP_Peak,calibrated_delta,none,-,-,-,all,at_bound_share_train,0.0,24,55,q4_bstar_o1a,physics
iter05b_quick_arm4_bstar_o1a,0,bstar_2023,HP_Peak,calibrated_delta,none,-,-,-,all,at_bound_share_test,0.125,8,17,q4_bstar_o1a,physics
iter05b_quick_arm4_bstar_o1a,0,bstar_2023,HP_Peak,hdh,none,-,-,-,all,wape,26.21838661977478,8,17,q4_bstar_o1a,physics
iter05b_quick_arm4_bstar_o1a,0,bstar_2023,HP_Peak,hdh,none,-,-,-,all,rmse,8.008713666651357,8,17,q4_bstar_o1a,physics
iter05b_quick_arm4_bstar_o1a,0,bstar_2023,HP_Peak,hdh,none,-,-,-,all,mae,6.032451979549733,8,17,q4_bstar_o1a,physics
iter05b_quick_arm4_bstar_o1a,0,bstar_2023,HP_Peak,hdh,none,-,-,-,all,mape,26.020923435278576,8,17,q4_bstar_o1a,physics
iter05b_quick_arm4_bstar_o1a,0,bstar_2023,HP_Peak,hdh,none,-,-,-,all,r2,0.8045455821830594,8,17,q4_bstar_o1a,physics
iter05b_quick_arm4_bstar_o1a,0,bstar_2023,HP_Peak,hdh,none,-,-,-,all,n_pred_nan,0.0,8,17,q4_bstar_o1a,physics
iter05b_quick_arm4_bstar_o1a,0,bstar_2023,HP_Peak,hdh,none,-,-,-,all,mape_n_excluded,0.0,8,17,q4_bstar_o1a,physics
iter05b_quick_arm4_bstar_o1a,0,bstar_2023,HP_Peak,hdh,none,-,-,-,pbin<=15,wape,30.660699835536143,6,12,q4_bstar_o1a,physics
iter05b_quick_arm4_bstar_o1a,0,bstar_2023,HP_Peak,hdh,none,-,-,-,pbin<=15,rmse,6.70141083945649,6,12,q4_bstar_o1a,physics
iter05b_quick_arm4_bstar_o1a,0,bstar_2023,HP_Peak,hdh,none,-,-,-,pbin<=15,mae,4.5771721503100915,6,12,q4_bstar_o1a,physics
iter05b_quick_arm4_bstar_o1a,0,bstar_2023,HP_Peak,hdh,none,-,-,-,pbin<=15,mape,26.946408966911623,6,12,q4_bstar_o1a,physics
iter05b_quick_arm4_bstar_o1a,0,bstar_2023,HP_Peak,hdh,none,-,-,-,pbin<=15,r2,0.7297638680471341,6,12,q4_bstar_o1a,physics
iter05b_quick_arm4_bstar_o1a,0,bstar_2023,HP_Peak,hdh,none,-,-,-,pbin<=15,n_pred_nan,0.0,6,12,q4_bstar_o1a,physics
iter05b_quick_arm4_bstar_o1a,0,bstar_2023,HP_Peak,hdh,none,-,-,-,pbin<=15,mape_n_excluded,0.0,6,12,q4_bstar_o1a,physics
iter05b_quick_arm4_bstar_o1a,0,bstar_2023,HP_Peak,hdh,none,-,-,-,pbin35-65,wape,22.007656340180993,2,9,q4_bstar_o1a,physics
iter05b_quick_arm4_bstar_o1a,0,bstar_2023,HP_Peak,hdh,none,-,-,-,pbin35-65,rmse,11.03771972193886,2,9,q4_bstar_o1a,physics
iter05b_quick_arm4_bstar_o1a,0,bstar_2023,HP_Peak,hdh,none,-,-,-,pbin35-65,mae,10.398291467268653,2,9,q4_bstar_o1a,physics
iter05b_quick_arm4_bstar_o1a,0,bstar_2023,HP_Peak,hdh,none,-,-,-,pbin35-65,mape,23.244466840379438,2,9,q4_bstar_o1a,physics
iter05b_quick_arm4_bstar_o1a,0,bstar_2023,HP_Peak,hdh,none,-,-,-,pbin35-65,r2,-2.977266360564548,2,9,q4_bstar_o1a,physics
iter05b_quick_arm4_bstar_o1a,0,bstar_2023,HP_Peak,hdh,none,-,-,-,pbin35-65,n_pred_nan,0.0,2,9,q4_bstar_o1a,physics
iter05b_quick_arm4_bstar_o1a,0,bstar_2023,HP_Peak,hdh,none,-,-,-,pbin35-65,mape_n_excluded,0.0,2,9,q4_bstar_o1a,physics
iter05b_quick_arm4_bstar_o1a,0,bstar_2023,HP_Peak,hdh,none,-,-,-,p0.1|n10,wape,25.863850702958974,4,4,q4_bstar_o1a,physics
iter05b_quick_arm4_bstar_o1a,0,bstar_2023,HP_Peak,hdh,none,-,-,-,p0.1|n10,rmse,1.87508690166865,4,4,q4_bstar_o1a,physics
iter05b_quick_arm4_bstar_o1a,0,bstar_2023,HP_Peak,hdh,none,-,-,-,p0.1|n10,mae,1.6361945263159836,4,4,q4_bstar_o1a,physics
iter05b_quick_arm4_bstar_o1a,0,bstar_2023,HP_Peak,hdh,none,-,-,-,p0.1|n10,mape,24.855587180738993,4,4,q4_bstar_o1a,physics
iter05b_quick_arm4_bstar_o1a,0,bstar_2023,HP_Peak,hdh,none,-,-,-,p0.1|n10,r2,0.3564349980610604,4,4,q4_bstar_o1a,physics
iter05b_quick_arm4_bstar_o1a,0,bstar_2023,HP_Peak,hdh,none,-,-,-,p0.1|n10,n_pred_nan,0.0,4,4,q4_bstar_o1a,physics
iter05b_quick_arm4_bstar_o1a,0,bstar_2023,HP_Peak,hdh,none,-,-,-,p0.1|n10,mape_n_excluded,0.0,4,4,q4_bstar_o1a,physics
iter05b_quick_arm4_bstar_o1a,0,bstar_2023,HP_Peak,hdh,none,-,-,-,p0.1|n40,wape,32.54945689002603,2,8,q4_bstar_o1a,physics
iter05b_quick_arm4_bstar_o1a,0,bstar_2023,HP_Peak,hdh,none,-,-,-,p0.1|n40,rmse,11.300213269666026,2,8,q4_bstar_o1a,physics
iter05b_quick_arm4_bstar_o1a,0,bstar_2023,HP_Peak,hdh,none,-,-,-,p0.1|n40,mae,10.459127398298309,2,8,q4_bstar_o1a,physics
iter05b_quick_arm4_bstar_o1a,0,bstar_2023,HP_Peak,hdh,none,-,-,-,p0.1|n40,mape,31.12805253925689,2,8,q4_bstar_o1a,physics
iter05b_quick_arm4_bstar_o1a,0,bstar_2023,HP_Peak,hdh,none,-,-,-,p0.1|n40,r2,-1.926784966502015,2,8,q4_bstar_o1a,physics
iter05b_quick_arm4_bstar_o1a,0,bstar_2023,HP_Peak,hdh,none,-,-,-,p0.1|n40,n_pred_nan,0.0,2,8,q4_bstar_o1a,physics
iter05b_quick_arm4_bstar_o1a,0,bstar_2023,HP_Peak,hdh,none,-,-,-,p0.1|n40,mape_n_excluded,0.0,2,8,q4_bstar_o1a,physics
iter05b_quick_arm4_bstar_o1a,0,bstar_2023,HP_Peak,hdh,none,-,-,-,p0.5|n10,wape,22.007656340180993,2,9,q4_bstar_o1a,physics
iter05b_quick_arm4_bstar_o1a,0,bstar_2023,HP_Peak,hdh,none,-,-,-,p0.5|n10,rmse,11.03771972193886,2,9,q4_bstar_o1a,physics
iter05b_quick_arm4_bstar_o1a,0,bstar_2023,HP_Peak,hdh,none,-,-,-,p0.5|n10,mae,10.398291467268653,2,9,q4_bstar_o1a,physics
iter05b_quick_arm4_bstar_o1a,0,bstar_2023,HP_Peak,hdh,none,-,-,-,p0.5|n10,mape,23.244466840379438,2,9,q4_bstar_o1a,physics
iter05b_quick_arm4_bstar_o1a,0,bstar_2023,HP_Peak,hdh,none,-,-,-,p0.5|n10,r2,-2.977266360564548,2,9,q4_bstar_o1a,physics
iter05b_quick_arm4_bstar_o1a,0,bstar_2023,HP_Peak,hdh,none,-,-,-,p0.5|n10,n_pred_nan,0.0,2,9,q4_bstar_o1a,physics
iter05b_quick_arm4_bstar_o1a,0,bstar_2023,HP_Peak,hdh,none,-,-,-,p0.5|n10,mape_n_excluded,0.0,2,9,q4_bstar_o1a,physics
iter05b_quick_arm4_bstar_o1a,0,bstar_2023,HP_Peak,paperA_sh_mh,none,-,-,-,all,wape,26.27538063005695,8,17,q4_bstar_o1a,physics
iter05b_quick_arm4_bstar_o1a,0,bstar_2023,HP_Peak,paperA_sh_mh,none,-,-,-,all,rmse,8.281563142950176,8,17,q4_bstar_o1a,physics
iter05b_quick_arm4_bstar_o1a,0,bstar_2023,HP_Peak,paperA_sh_mh,none,-,-,-,all,mae,6.045565434436764,8,17,q4_bstar_o1a,physics
iter05b_quick_arm4_bstar_o1a,0,bstar_2023,HP_Peak,paperA_sh_mh,none,-,-,-,all,mape,23.811914178331218,8,17,q4_bstar_o1a,physics
iter05b_quick_arm4_bstar_o1a,0,bstar_2023,HP_Peak,paperA_sh_mh,none,-,-,-,all,r2,0.791000814943745,8,17,q4_bstar_o1a,physics
iter05b_quick_arm4_bstar_o1a,0,bstar_2023,HP_Peak,paperA_sh_mh,none,-,-,-,all,n_pred_nan,0.0,8,17,q4_bstar_o1a,physics
iter05b_quick_arm4_bstar_o1a,0,bstar_2023,HP_Peak,paperA_sh_mh,none,-,-,-,all,mape_n_excluded,0.0,8,17,q4_bstar_o1a,physics
iter05b_quick_arm4_bstar_o1a,0,bstar_2023,HP_Peak,paperA_sh_mh,none,-,-,-,all,n_invalid,0.0,8,17,q4_bstar_o1a,physics
iter05b_quick_arm4_bstar_o1a,0,bstar_2023,HP_Peak,paperA_sh_mh,none,-,-,-,all,n_station_fallback,0.0,8,17,q4_bstar_o1a,physics
iter05b_quick_arm4_bstar_o1a,0,bstar_2023,HP_Peak,paperA_sh_mh,none,-,-,-,pbin<=15,wape,23.59930812462703,6,12,q4_bstar_o1a,physics
iter05b_quick_arm4_bstar_o1a,0,bstar_2023,HP_Peak,paperA_sh_mh,none,-,-,-,pbin<=15,rmse,5.039900894621706,6,12,q4_bstar_o1a,physics
iter05b_quick_arm4_bstar_o1a,0,bstar_2023,HP_Peak,paperA_sh_mh,none,-,-,-,pbin<=15,mae,3.5230146896202013,6,12,q4_bstar_o1a,physics
iter05b_quick_arm4_bstar_o1a,0,bstar_2023,HP_Peak,paperA_sh_mh,none,-,-,-,pbin<=15,mape,22.311581368035615,6,12,q4_bstar_o1a,physics
iter05b_quick_arm4_bstar_o1a,0,bstar_2023,HP_Peak,paperA_sh_mh,none,-,-,-,pbin<=15,r2,0.847153703063394,6,12,q4_bstar_o1a,physics
iter05b_quick_arm4_bstar_o1a,0,bstar_2023,HP_Peak,paperA_sh_mh,none,-,-,-,pbin<=15,n_pred_nan,0.0,6,12,q4_bstar_o1a,physics
iter05b_quick_arm4_bstar_o1a,0,bstar_2023,HP_Peak,paperA_sh_mh,none,-,-,-,pbin<=15,mape_n_excluded,0.0,6,12,q4_bstar_o1a,physics
iter05b_quick_arm4_bstar_o1a,0,bstar_2023,HP_Peak,paperA_sh_mh,none,-,-,-,pbin35-65,wape,28.8119463744584,2,9,q4_bstar_o1a,physics
iter05b_quick_arm4_bstar_o1a,0,bstar_2023,HP_Peak,paperA_sh_mh,none,-,-,-,pbin35-65,rmse,14.076055885078647,2,9,q4_bstar_o1a,physics
iter05b_quick_arm4_bstar_o1a,0,bstar_2023,HP_Peak,paperA_sh_mh,none,-,-,-,pbin35-65,mae,13.61321766888645,2,9,q4_bstar_o1a,physics
iter05b_quick_arm4_bstar_o1a,0,bstar_2023,HP_Peak,paperA_sh_mh,none,-,-,-,pbin35-65,mape,28.31291260921803,2,9,q4_bstar_o1a,physics
iter05b_quick_arm4_bstar_o1a,0,bstar_2023,HP_Peak,paperA_sh_mh,none,-,-,-,pbin35-65,r2,-5.468266692251143,2,9,q4_bstar_o1a,physics
iter05b_quick_arm4_bstar_o1a,0,bstar_2023,HP_Peak,paperA_sh_mh,none,-,-,-,pbin35-65,n_pred_nan,0.0,2,9,q4_bstar_o1a,physics
iter05b_quick_arm4_bstar_o1a,0,bstar_2023,HP_Peak,paperA_sh_mh,none,-,-,-,pbin35-65,mape_n_excluded,0.0,2,9,q4_bstar_o1a,physics
iter05b_quick_arm4_bstar_o1a,0,bstar_2023,HP_Peak,paperA_sh_mh,none,-,-,-,p0.1|n10,wape,26.438532027089106,4,4,q4_bstar_o1a,physics
iter05b_quick_arm4_bstar_o1a,0,bstar_2023,HP_Peak,paperA_sh_mh,none,-,-,-,p0.1|n10,rmse,2.254911277689839,4,4,q4_bstar_o1a,physics
iter05b_quick_arm4_bstar_o1a,0,bstar_2023,HP_Peak,paperA_sh_mh,none,-,-,-,p0.1|n10,mae,1.6725499185472792,4,4,q4_bstar_o1a,physics
iter05b_quick_arm4_bstar_o1a,0,bstar_2023,HP_Peak,paperA_sh_mh,none,-,-,-,p0.1|n10,mape,22.973521873373922,4,4,q4_bstar_o1a,physics
iter05b_quick_arm4_bstar_o1a,0,bstar_2023,HP_Peak,paperA_sh_mh,none,-,-,-,p0.1|n10,r2,0.06930252498743383,4,4,q4_bstar_o1a,physics
iter05b_quick_arm4_bstar_o1a,0,bstar_2023,HP_Peak,paperA_sh_mh,none,-,-,-,p0.1|n10,n_pred_nan,0.0,4,4,q4_bstar_o1a,physics
iter05b_quick_arm4_bstar_o1a,0,bstar_2023,HP_Peak,paperA_sh_mh,none,-,-,-,p0.1|n10,mape_n_excluded,0.0,4,4,q4_bstar_o1a,physics
iter05b_quick_arm4_bstar_o1a,0,bstar_2023,HP_Peak,paperA_sh_mh,none,-,-,-,p0.1|n40,wape,22.48136506933432,2,8,q4_bstar_o1a,physics
iter05b_quick_arm4_bstar_o1a,0,bstar_2023,HP_Peak,paperA_sh_mh,none,-,-,-,p0.1|n40,rmse,8.126041677367915,2,8,q4_bstar_o1a,physics
iter05b_quick_arm4_bstar_o1a,0,bstar_2023,HP_Peak,paperA_sh_mh,none,-,-,-,p0.1|n40,mae,7.223944231766046,2,8,q4_bstar_o1a,physics
iter05b_quick_arm4_bstar_o1a,0,bstar_2023,HP_Peak,paperA_sh_mh,none,-,-,-,p0.1|n40,mape,20.987700357358996,2,8,q4_bstar_o1a,physics
iter05b_quick_arm4_bstar_o1a,0,bstar_2023,HP_Peak,paperA_sh_mh,none,-,-,-,p0.1|n40,r2,-0.5134763063446961,2,8,q4_bstar_o1a,physics
iter05b_quick_arm4_bstar_o1a,0,bstar_2023,HP_Peak,paperA_sh_mh,none,-,-,-,p0.1|n40,n_pred_nan,0.0,2,8,q4_bstar_o1a,physics
iter05b_quick_arm4_bstar_o1a,0,bstar_2023,HP_Peak,paperA_sh_mh,none,-,-,-,p0.1|n40,mape_n_excluded,0.0,2,8,q4_bstar_o1a,physics
iter05b_quick_arm4_bstar_o1a,0,bstar_2023,HP_Peak,paperA_sh_mh,none,-,-,-,p0.5|n10,wape,28.8119463744584,2,9,q4_bstar_o1a,physics
iter05b_quick_arm4_bstar_o1a,0,bstar_2023,HP_Peak,paperA_sh_mh,none,-,-,-,p0.5|n10,rmse,14.076055885078647,2,9,q4_bstar_o1a,physics
iter05b_quick_arm4_bstar_o1a,0,bstar_2023,HP_Peak,paperA_sh_mh,none,-,-,-,p0.5|n10,mae,13.61321766888645,2,9,q4_bstar_o1a,physics
iter05b_quick_arm4_bstar_o1a,0,bstar_2023,HP_Peak,paperA_sh_mh,none,-,-,-,p0.5|n10,mape,28.31291260921803,2,9,q4_bstar_o1a,physics
iter05b_quick_arm4_bstar_o1a,0,bstar_2023,HP_Peak,paperA_sh_mh,none,-,-,-,p0.5|n10,r2,-5.468266692251143,2,9,q4_bstar_o1a,physics
iter05b_quick_arm4_bstar_o1a,0,bstar_2023,HP_Peak,paperA_sh_mh,none,-,-,-,p0.5|n10,n_pred_nan,0.0,2,9,q4_bstar_o1a,physics
iter05b_quick_arm4_bstar_o1a,0,bstar_2023,HP_Peak,paperA_sh_mh,none,-,-,-,p0.5|n10,mape_n_excluded,0.0,2,9,q4_bstar_o1a,physics
iter05b_quick_arm4_bstar_o1a,0,bstar_2023,HP_Peak,paperA_sh_mh_station,none,-,-,-,all,wape,26.527813552272995,8,17,q4_bstar_o1a,physics
iter05b_quick_arm4_bstar_o1a,0,bstar_2023,HP_Peak,paperA_sh_mh_station,none,-,-,-,all,rmse,8.28338448991956,8,17,q4_bstar_o1a,physics
iter05b_quick_arm4_bstar_o1a,0,bstar_2023,HP_Peak,paperA_sh_mh_station,none,-,-,-,all,mae,6.103646410333929,8,17,q4_bstar_o1a,physics
iter05b_quick_arm4_bstar_o1a,0,bstar_2023,HP_Peak,paperA_sh_mh_station,none,-,-,-,all,mape,24.98641486118182,8,17,q4_bstar_o1a,physics
iter05b_quick_arm4_bstar_o1a,0,bstar_2023,HP_Peak,paperA_sh_mh_station,none,-,-,-,all,r2,0.7909088753220529,8,17,q4_bstar_o1a,physics
iter05b_quick_arm4_bstar_o1a,0,bstar_2023,HP_Peak,paperA_sh_mh_station,none,-,-,-,all,n_pred_nan,0.0,8,17,q4_bstar_o1a,physics
iter05b_quick_arm4_bstar_o1a,0,bstar_2023,HP_Peak,paperA_sh_mh_station,none,-,-,-,all,mape_n_excluded,0.0,8,17,q4_bstar_o1a,physics
iter05b_quick_arm4_bstar_o1a,0,bstar_2023,HP_Peak,paperA_sh_mh_station,none,-,-,-,all,n_invalid,0.0,8,17,q4_bstar_o1a,physics
iter05b_quick_arm4_bstar_o1a,0,bstar_2023,HP_Peak,paperA_sh_mh_station,none,-,-,-,all,n_station_fallback,0.0,8,17,q4_bstar_o1a,physics
iter05b_quick_arm4_bstar_o1a,0,bstar_2023,HP_Peak,paperA_sh_mh_station,none,-,-,-,pbin<=15,wape,24.159090511092874,6,12,q4_bstar_o1a,physics
iter05b_quick_arm4_bstar_o1a,0,bstar_2023,HP_Peak,paperA_sh_mh_station,none,-,-,-,pbin<=15,rmse,5.071796933203665,6,12,q4_bstar_o1a,physics
iter05b_quick_arm4_bstar_o1a,0,bstar_2023,HP_Peak,paperA_sh_mh_station,none,-,-,-,pbin<=15,mae,3.6065816128577435,6,12,q4_bstar_o1a,physics
iter05b_quick_arm4_bstar_o1a,0,bstar_2023,HP_Peak,paperA_sh_mh_station,none,-,-,-,pbin<=15,mape,23.886639922249,6,12,q4_bstar_o1a,physics
iter05b_quick_arm4_bstar_o1a,0,bstar_2023,HP_Peak,paperA_sh_mh_station,none,-,-,-,pbin<=15,r2,0.8452129433909649,6,12,q4_bstar_o1a,physics
iter05b_quick_arm4_bstar_o1a,0,bstar_2023,HP_Peak,paperA_sh_mh_station,none,-,-,-,pbin<=15,n_pred_nan,0.0,6,12,q4_bstar_o1a,physics
iter05b_quick_arm4_bstar_o1a,0,bstar_2023,HP_Peak,paperA_sh_mh_station,none,-,-,-,pbin<=15,mape_n_excluded,0.0,6,12,q4_bstar_o1a,physics
iter05b_quick_arm4_bstar_o1a,0,bstar_2023,HP_Peak,paperA_sh_mh_station,none,-,-,-,pbin35-65,wape,28.773052316185588,2,9,q4_bstar_o1a,physics
iter05b_quick_arm4_bstar_o1a,0,bstar_2023,HP_Peak,paperA_sh_mh_station,none,-,-,-,pbin35-65,rmse,14.045941123199878,2,9,q4_bstar_o1a,physics
iter05b_quick_arm4_bstar_o1a,0,bstar_2023,HP_Peak,paperA_sh_mh_station,none,-,-,-,pbin35-65,mae,13.594840802762487,2,9,q4_bstar_o1a,physics
iter05b_quick_arm4_bstar_o1a,0,bstar_2023,HP_Peak,paperA_sh_mh_station,none,-,-,-,pbin35-65,mape,28.285739677980278,2,9,q4_bstar_o1a,physics
iter05b_quick_arm4_bstar_o1a,0,bstar_2023,HP_Peak,paperA_sh_mh_station,none,-,-,-,pbin35-65,r2,-5.440619467417851,2,9,q4_bstar_o1a,physics
iter05b_quick_arm4_bstar_o1a,0,bstar_2023,HP_Peak,paperA_sh_mh_station,none,-,-,-,pbin35-65,n_pred_nan,0.0,2,9,q4_bstar_o1a,physics
iter05b_quick_arm4_bstar_o1a,0,bstar_2023,HP_Peak,paperA_sh_mh_station,none,-,-,-,pbin35-65,mape_n_excluded,0.0,2,9,q4_bstar_o1a,physics
iter05b_quick_arm4_bstar_o1a,0,bstar_2023,HP_Peak,paperA_sh_mh_station,none,-,-,-,p0.1|n10,wape,28.231039554010444,4,4,q4_bstar_o1a,physics
iter05b_quick_arm4_bstar_o1a,0,bstar_2023,HP_Peak,paperA_sh_mh_station,none,-,-,-,p0.1|n10,rmse,2.320586793128921,4,4,q4_bstar_o1a,physics
iter05b_quick_arm4_bstar_o1a,0,bstar_2023,HP_Peak,paperA_sh_mh_station,none,-,-,-,p0.1|n10,mae,1.7859472249890984,4,4,q4_bstar_o1a,physics
iter05b_quick_arm4_bstar_o1a,0,bstar_2023,HP_Peak,paperA_sh_mh_station,none,-,-,-,p0.1|n10,mape,25.29819421689592,4,4,q4_bstar_o1a,physics
iter05b_quick_arm4_bstar_o1a,0,bstar_2023,HP_Peak,paperA_sh_mh_station,none,-,-,-,p0.1|n10,r2,0.014298878166581375,4,4,q4_bstar_o1a,physics
iter05b_quick_arm4_bstar_o1a,0,bstar_2023,HP_Peak,paperA_sh_mh_station,none,-,-,-,p0.1|n10,n_pred_nan,0.0,4,4,q4_bstar_o1a,physics
iter05b_quick_arm4_bstar_o1a,0,bstar_2023,HP_Peak,paperA_sh_mh_station,none,-,-,-,p0.1|n10,mape_n_excluded,0.0,4,4,q4_bstar_o1a,physics
iter05b_quick_arm4_bstar_o1a,0,bstar_2023,HP_Peak,paperA_sh_mh_station,none,-,-,-,p0.1|n40,wape,22.555762520620544,2,8,q4_bstar_o1a,physics
iter05b_quick_arm4_bstar_o1a,0,bstar_2023,HP_Peak,paperA_sh_mh_station,none,-,-,-,p0.1|n40,rmse,8.148565902419492,2,8,q4_bstar_o1a,physics
iter05b_quick_arm4_bstar_o1a,0,bstar_2023,HP_Peak,paperA_sh_mh_station,none,-,-,-,p0.1|n40,mae,7.247850388595033,2,8,q4_bstar_o1a,physics
iter05b_quick_arm4_bstar_o1a,0,bstar_2023,HP_Peak,paperA_sh_mh_station,none,-,-,-,p0.1|n40,mape,21.063531332955165,2,8,q4_bstar_o1a,physics
iter05b_quick_arm4_bstar_o1a,0,bstar_2023,HP_Peak,paperA_sh_mh_station,none,-,-,-,p0.1|n40,r2,-0.5218782142910976,2,8,q4_bstar_o1a,physics
iter05b_quick_arm4_bstar_o1a,0,bstar_2023,HP_Peak,paperA_sh_mh_station,none,-,-,-,p0.1|n40,n_pred_nan,0.0,2,8,q4_bstar_o1a,physics
iter05b_quick_arm4_bstar_o1a,0,bstar_2023,HP_Peak,paperA_sh_mh_station,none,-,-,-,p0.1|n40,mape_n_excluded,0.0,2,8,q4_bstar_o1a,physics
iter05b_quick_arm4_bstar_o1a,0,bstar_2023,HP_Peak,paperA_sh_mh_station,none,-,-,-,p0.5|n10,wape,28.773052316185588,2,9,q4_bstar_o1a,physics
iter05b_quick_arm4_bstar_o1a,0,bstar_2023,HP_Peak,paperA_sh_mh_station,none,-,-,-,p0.5|n10,rmse,14.045941123199878,2,9,q4_bstar_o1a,physics
iter05b_quick_arm4_bstar_o1a,0,bstar_2023,HP_Peak,paperA_sh_mh_station,none,-,-,-,p0.5|n10,mae,13.594840802762487,2,9,q4_bstar_o1a,physics
iter05b_quick_arm4_bstar_o1a,0,bstar_2023,HP_Peak,paperA_sh_mh_station,none,-,-,-,p0.5|n10,mape,28.285739677980278,2,9,q4_bstar_o1a,physics
iter05b_quick_arm4_bstar_o1a,0,bstar_2023,HP_Peak,paperA_sh_mh_station,none,-,-,-,p0.5|n10,r2,-5.440619467417851,2,9,q4_bstar_o1a,physics
iter05b_quick_arm4_bstar_o1a,0,bstar_2023,HP_Peak,paperA_sh_mh_station,none,-,-,-,p0.5|n10,n_pred_nan,0.0,2,9,q4_bstar_o1a,physics
iter05b_quick_arm4_bstar_o1a,0,bstar_2023,HP_Peak,paperA_sh_mh_station,none,-,-,-,p0.5|n10,mape_n_excluded,0.0,2,9,q4_bstar_o1a,physics
iter05b_quick_arm4_bstar_o1a,0,bstar_2023,HP_Peak,paperA_cal,none,-,-,-,all,wape,27.013627495037717,8,17,q4_bstar_o1a,physics
iter05b_quick_arm4_bstar_o1a,0,bstar_2023,HP_Peak,paperA_cal,none,-,-,-,all,rmse,8.220315154433981,8,17,q4_bstar_o1a,physics
iter05b_quick_arm4_bstar_o1a,0,bstar_2023,HP_Peak,paperA_cal,none,-,-,-,all,mae,6.215424809334023,8,17,q4_bstar_o1a,physics
iter05b_quick_arm4_bstar_o1a,0,bstar_2023,HP_Peak,paperA_cal,none,-,-,-,all,mape,23.961614736555635,8,17,q4_bstar_o1a,physics
iter05b_quick_arm4_bstar_o1a,0,bstar_2023,HP_Peak,paperA_cal,none,-,-,-,all,r2,0.7940807755932506,8,17,q4_bstar_o1a,physics
iter05b_quick_arm4_bstar_o1a,0,bstar_2023,HP_Peak,paperA_cal,none,-,-,-,all,n_pred_nan,0.0,8,17,q4_bstar_o1a,physics
iter05b_quick_arm4_bstar_o1a,0,bstar_2023,HP_Peak,paperA_cal,none,-,-,-,all,mape_n_excluded,0.0,8,17,q4_bstar_o1a,physics
iter05b_quick_arm4_bstar_o1a,0,bstar_2023,HP_Peak,paperA_cal,none,-,-,-,all,n_invalid,0.0,8,17,q4_bstar_o1a,physics
iter05b_quick_arm4_bstar_o1a,0,bstar_2023,HP_Peak,paperA_cal,none,-,-,-,all,cal_b,-0.13467658352444925,8,17,q4_bstar_o1a,physics
iter05b_quick_arm4_bstar_o1a,0,bstar_2023,HP_Peak,paperA_cal,none,-,-,-,all,n_cal_train,24.0,8,17,q4_bstar_o1a,physics
iter05b_quick_arm4_bstar_o1a,0,bstar_2023,HP_Peak,paperA_cal,none,-,-,-,pbin<=15,wape,30.503549333546193,6,12,q4_bstar_o1a,physics
iter05b_quick_arm4_bstar_o1a,0,bstar_2023,HP_Peak,paperA_cal,none,-,-,-,pbin<=15,rmse,6.7543461098499575,6,12,q4_bstar_o1a,physics
iter05b_quick_arm4_bstar_o1a,0,bstar_2023,HP_Peak,paperA_cal,none,-,-,-,pbin<=15,mae,4.553711991051693,6,12,q4_bstar_o1a,physics
iter05b_quick_arm4_bstar_o1a,0,bstar_2023,HP_Peak,paperA_cal,none,-,-,-,pbin<=15,mape,23.700338301014245,6,12,q4_bstar_o1a,physics
iter05b_quick_arm4_bstar_o1a,0,bstar_2023,HP_Peak,paperA_cal,none,-,-,-,pbin<=15,r2,0.7254777493094346,6,12,q4_bstar_o1a,physics
iter05b_quick_arm4_bstar_o1a,0,bstar_2023,HP_Peak,paperA_cal,none,-,-,-,pbin<=15,n_pred_nan,0.0,6,12,q4_bstar_o1a,physics
iter05b_quick_arm4_bstar_o1a,0,bstar_2023,HP_Peak,paperA_cal,none,-,-,-,pbin<=15,mape_n_excluded,0.0,6,12,q4_bstar_o1a,physics
iter05b_quick_arm4_bstar_o1a,0,bstar_2023,HP_Peak,paperA_cal,none,-,-,-,pbin35-65,wape,23.705639326467153,2,9,q4_bstar_o1a,physics
iter05b_quick_arm4_bstar_o1a,0,bstar_2023,HP_Peak,paperA_cal,none,-,-,-,pbin35-65,rmse,11.55122291525586,2,9,q4_bstar_o1a,physics
iter05b_quick_arm4_bstar_o1a,0,bstar_2023,HP_Peak,paperA_cal,none,-,-,-,pbin35-65,mae,11.200563264181014,2,9,q4_bstar_o1a,physics
iter05b_quick_arm4_bstar_o1a,0,bstar_2023,HP_Peak,paperA_cal,none,-,-,-,pbin35-65,mape,24.74544404317981,2,9,q4_bstar_o1a,physics
iter05b_quick_arm4_bstar_o1a,0,bstar_2023,HP_Peak,paperA_cal,none,-,-,-,pbin35-65,r2,-3.3559399395612948,2,9,q4_bstar_o1a,physics
iter05b_quick_arm4_bstar_o1a,0,bstar_2023,HP_Peak,paperA_cal,none,-,-,-,pbin35-65,n_pred_nan,0.0,2,9,q4_bstar_o1a,physics
iter05b_quick_arm4_bstar_o1a,0,bstar_2023,HP_Peak,paperA_cal,none,-,-,-,pbin35-65,mape_n_excluded,0.0,2,9,q4_bstar_o1a,physics
iter05b_quick_arm4_bstar_o1a,0,bstar_2023,HP_Peak,paperA_cal,none,-,-,-,p0.1|n10,wape,26.07109297820851,4,4,q4_bstar_o1a,physics
iter05b_quick_arm4_bstar_o1a,0,bstar_2023,HP_Peak,paperA_cal,none,-,-,-,p0.1|n10,rmse,2.5296075522547516,4,4,q4_bstar_o1a,physics
iter05b_quick_arm4_bstar_o1a,0,bstar_2023,HP_Peak,paperA_cal,none,-,-,-,p0.1|n10,mae,1.649305051901633,4,4,q4_bstar_o1a,physics
iter05b_quick_arm4_bstar_o1a,0,bstar_2023,HP_Peak,paperA_cal,none,-,-,-,p0.1|n10,mape,20.078824380902958,4,4,q4_bstar_o1a,physics
iter05b_quick_arm4_bstar_o1a,0,bstar_2023,HP_Peak,paperA_cal,none,-,-,-,p0.1|n10,r2,-0.17126702509677605,4,4,q4_bstar_o1a,physics
iter05b_quick_arm4_bstar_o1a,0,bstar_2023,HP_Peak,paperA_cal,none,-,-,-,p0.1|n10,n_pred_nan,0.0,4,4,q4_bstar_o1a,physics
iter05b_quick_arm4_bstar_o1a,0,bstar_2023,HP_Peak,paperA_cal,none,-,-,-,p0.1|n10,mape_n_excluded,0.0,4,4,q4_bstar_o1a,physics
iter05b_quick_arm4_bstar_o1a,0,bstar_2023,HP_Peak,paperA_cal,none,-,-,-,p0.1|n40,wape,32.248826906069034,2,8,q4_bstar_o1a,physics
iter05b_quick_arm4_bstar_o1a,0,bstar_2023,HP_Peak,paperA_cal,none,-,-,-,p0.1|n40,rmse,11.138480389087517,2,8,q4_bstar_o1a,physics
iter05b_quick_arm4_bstar_o1a,0,bstar_2023,HP_Peak,paperA_cal,none,-,-,-,p0.1|n40,mae,10.362525869351812,2,8,q4_bstar_o1a,physics
iter05b_quick_arm4_bstar_o1a,0,bstar_2023,HP_Peak,paperA_cal,none,-,-,-,p0.1|n40,mape,30.94336614123681,2,8,q4_bstar_o1a,physics
iter05b_quick_arm4_bstar_o1a,0,bstar_2023,HP_Peak,paperA_cal,none,-,-,-,p0.1|n40,r2,-1.8436060178576583,2,8,q4_bstar_o1a,physics
iter05b_quick_arm4_bstar_o1a,0,bstar_2023,HP_Peak,paperA_cal,none,-,-,-,p0.1|n40,n_pred_nan,0.0,2,8,q4_bstar_o1a,physics
iter05b_quick_arm4_bstar_o1a,0,bstar_2023,HP_Peak,paperA_cal,none,-,-,-,p0.1|n40,mape_n_excluded,0.0,2,8,q4_bstar_o1a,physics
iter05b_quick_arm4_bstar_o1a,0,bstar_2023,HP_Peak,paperA_cal,none,-,-,-,p0.5|n10,wape,23.705639326467153,2,9,q4_bstar_o1a,physics
iter05b_quick_arm4_bstar_o1a,0,bstar_2023,HP_Peak,paperA_cal,none,-,-,-,p0.5|n10,rmse,11.55122291525586,2,9,q4_bstar_o1a,physics
iter05b_quick_arm4_bstar_o1a,0,bstar_2023,HP_Peak,paperA_cal,none,-,-,-,p0.5|n10,mae,11.200563264181014,2,9,q4_bstar_o1a,physics
iter05b_quick_arm4_bstar_o1a,0,bstar_2023,HP_Peak,paperA_cal,none,-,-,-,p0.5|n10,mape,24.74544404317981,2,9,q4_bstar_o1a,physics
iter05b_quick_arm4_bstar_o1a,0,bstar_2023,HP_Peak,paperA_cal,none,-,-,-,p0.5|n10,r2,-3.3559399395612948,2,9,q4_bstar_o1a,physics
iter05b_quick_arm4_bstar_o1a,0,bstar_2023,HP_Peak,paperA_cal,none,-,-,-,p0.5|n10,n_pred_nan,0.0,2,9,q4_bstar_o1a,physics
iter05b_quick_arm4_bstar_o1a,0,bstar_2023,HP_Peak,paperA_cal,none,-,-,-,p0.5|n10,mape_n_excluded,0.0,2,9,q4_bstar_o1a,physics
iter05b_quick_arm4_bstar_o1a,0,bstar_2023,HP_Peak,paperA_corr,none,-,-,-,all,wape,26.27538063005695,8,17,q4_bstar_o1a,physics
iter05b_quick_arm4_bstar_o1a,0,bstar_2023,HP_Peak,paperA_corr,none,-,-,-,all,rmse,8.281563142950176,8,17,q4_bstar_o1a,physics
iter05b_quick_arm4_bstar_o1a,0,bstar_2023,HP_Peak,paperA_corr,none,-,-,-,all,mae,6.045565434436764,8,17,q4_bstar_o1a,physics
iter05b_quick_arm4_bstar_o1a,0,bstar_2023,HP_Peak,paperA_corr,none,-,-,-,all,mape,23.811914178331218,8,17,q4_bstar_o1a,physics
iter05b_quick_arm4_bstar_o1a,0,bstar_2023,HP_Peak,paperA_corr,none,-,-,-,all,r2,0.791000814943745,8,17,q4_bstar_o1a,physics
iter05b_quick_arm4_bstar_o1a,0,bstar_2023,HP_Peak,paperA_corr,none,-,-,-,all,n_pred_nan,0.0,8,17,q4_bstar_o1a,physics
iter05b_quick_arm4_bstar_o1a,0,bstar_2023,HP_Peak,paperA_corr,none,-,-,-,all,mape_n_excluded,0.0,8,17,q4_bstar_o1a,physics
iter05b_quick_arm4_bstar_o1a,0,bstar_2023,HP_Peak,paperA_corr,none,-,-,-,all,n_invalid,0.0,8,17,q4_bstar_o1a,physics
iter05b_quick_arm4_bstar_o1a,0,bstar_2023,HP_Peak,paperA_corr,none,-,-,-,all,n_station_fallback,0.0,8,17,q4_bstar_o1a,physics
iter05b_quick_arm4_bstar_o1a,0,bstar_2023,HP_Peak,paperA_corr,none,-,-,-,pbin<=15,wape,23.59930812462703,6,12,q4_bstar_o1a,physics
iter05b_quick_arm4_bstar_o1a,0,bstar_2023,HP_Peak,paperA_corr,none,-,-,-,pbin<=15,rmse,5.039900894621706,6,12,q4_bstar_o1a,physics
iter05b_quick_arm4_bstar_o1a,0,bstar_2023,HP_Peak,paperA_corr,none,-,-,-,pbin<=15,mae,3.5230146896202013,6,12,q4_bstar_o1a,physics
iter05b_quick_arm4_bstar_o1a,0,bstar_2023,HP_Peak,paperA_corr,none,-,-,-,pbin<=15,mape,22.311581368035615,6,12,q4_bstar_o1a,physics
iter05b_quick_arm4_bstar_o1a,0,bstar_2023,HP_Peak,paperA_corr,none,-,-,-,pbin<=15,r2,0.847153703063394,6,12,q4_bstar_o1a,physics
iter05b_quick_arm4_bstar_o1a,0,bstar_2023,HP_Peak,paperA_corr,none,-,-,-,pbin<=15,n_pred_nan,0.0,6,12,q4_bstar_o1a,physics
iter05b_quick_arm4_bstar_o1a,0,bstar_2023,HP_Peak,paperA_corr,none,-,-,-,pbin<=15,mape_n_excluded,0.0,6,12,q4_bstar_o1a,physics
iter05b_quick_arm4_bstar_o1a,0,bstar_2023,HP_Peak,paperA_corr,none,-,-,-,pbin35-65,wape,28.8119463744584,2,9,q4_bstar_o1a,physics
iter05b_quick_arm4_bstar_o1a,0,bstar_2023,HP_Peak,paperA_corr,none,-,-,-,pbin35-65,rmse,14.076055885078647,2,9,q4_bstar_o1a,physics
iter05b_quick_arm4_bstar_o1a,0,bstar_2023,HP_Peak,paperA_corr,none,-,-,-,pbin35-65,mae,13.61321766888645,2,9,q4_bstar_o1a,physics
iter05b_quick_arm4_bstar_o1a,0,bstar_2023,HP_Peak,paperA_corr,none,-,-,-,pbin35-65,mape,28.31291260921803,2,9,q4_bstar_o1a,physics
iter05b_quick_arm4_bstar_o1a,0,bstar_2023,HP_Peak,paperA_corr,none,-,-,-,pbin35-65,r2,-5.468266692251143,2,9,q4_bstar_o1a,physics
iter05b_quick_arm4_bstar_o1a,0,bstar_2023,HP_Peak,paperA_corr,none,-,-,-,pbin35-65,n_pred_nan,0.0,2,9,q4_bstar_o1a,physics
iter05b_quick_arm4_bstar_o1a,0,bstar_2023,HP_Peak,paperA_corr,none,-,-,-,pbin35-65,mape_n_excluded,0.0,2,9,q4_bstar_o1a,physics
iter05b_quick_arm4_bstar_o1a,0,bstar_2023,HP_Peak,paperA_corr,none,-,-,-,p0.1|n10,wape,26.438532027089106,4,4,q4_bstar_o1a,physics
iter05b_quick_arm4_bstar_o1a,0,bstar_2023,HP_Peak,paperA_corr,none,-,-,-,p0.1|n10,rmse,2.254911277689839,4,4,q4_bstar_o1a,physics
iter05b_quick_arm4_bstar_o1a,0,bstar_2023,HP_Peak,paperA_corr,none,-,-,-,p0.1|n10,mae,1.6725499185472792,4,4,q4_bstar_o1a,physics
iter05b_quick_arm4_bstar_o1a,0,bstar_2023,HP_Peak,paperA_corr,none,-,-,-,p0.1|n10,mape,22.973521873373922,4,4,q4_bstar_o1a,physics
iter05b_quick_arm4_bstar_o1a,0,bstar_2023,HP_Peak,paperA_corr,none,-,-,-,p0.1|n10,r2,0.06930252498743383,4,4,q4_bstar_o1a,physics
iter05b_quick_arm4_bstar_o1a,0,bstar_2023,HP_Peak,paperA_corr,none,-,-,-,p0.1|n10,n_pred_nan,0.0,4,4,q4_bstar_o1a,physics
iter05b_quick_arm4_bstar_o1a,0,bstar_2023,HP_Peak,paperA_corr,none,-,-,-,p0.1|n10,mape_n_excluded,0.0,4,4,q4_bstar_o1a,physics
iter05b_quick_arm4_bstar_o1a,0,bstar_2023,HP_Peak,paperA_corr,none,-,-,-,p0.1|n40,wape,22.48136506933432,2,8,q4_bstar_o1a,physics
iter05b_quick_arm4_bstar_o1a,0,bstar_2023,HP_Peak,paperA_corr,none,-,-,-,p0.1|n40,rmse,8.126041677367915,2,8,q4_bstar_o1a,physics
iter05b_quick_arm4_bstar_o1a,0,bstar_2023,HP_Peak,paperA_corr,none,-,-,-,p0.1|n40,mae,7.223944231766046,2,8,q4_bstar_o1a,physics
iter05b_quick_arm4_bstar_o1a,0,bstar_2023,HP_Peak,paperA_corr,none,-,-,-,p0.1|n40,mape,20.987700357358996,2,8,q4_bstar_o1a,physics
iter05b_quick_arm4_bstar_o1a,0,bstar_2023,HP_Peak,paperA_corr,none,-,-,-,p0.1|n40,r2,-0.5134763063446961,2,8,q4_bstar_o1a,physics
iter05b_quick_arm4_bstar_o1a,0,bstar_2023,HP_Peak,paperA_corr,none,-,-,-,p0.1|n40,n_pred_nan,0.0,2,8,q4_bstar_o1a,physics
iter05b_quick_arm4_bstar_o1a,0,bstar_2023,HP_Peak,paperA_corr,none,-,-,-,p0.1|n40,mape_n_excluded,0.0,2,8,q4_bstar_o1a,physics
iter05b_quick_arm4_bstar_o1a,0,bstar_2023,HP_Peak,paperA_corr,none,-,-,-,p0.5|n10,wape,28.8119463744584,2,9,q4_bstar_o1a,physics
iter05b_quick_arm4_bstar_o1a,0,bstar_2023,HP_Peak,paperA_corr,none,-,-,-,p0.5|n10,rmse,14.076055885078647,2,9,q4_bstar_o1a,physics
iter05b_quick_arm4_bstar_o1a,0,bstar_2023,HP_Peak,paperA_corr,none,-,-,-,p0.5|n10,mae,13.61321766888645,2,9,q4_bstar_o1a,physics
iter05b_quick_arm4_bstar_o1a,0,bstar_2023,HP_Peak,paperA_corr,none,-,-,-,p0.5|n10,mape,28.31291260921803,2,9,q4_bstar_o1a,physics
iter05b_quick_arm4_bstar_o1a,0,bstar_2023,HP_Peak,paperA_corr,none,-,-,-,p0.5|n10,r2,-5.468266692251143,2,9,q4_bstar_o1a,physics
iter05b_quick_arm4_bstar_o1a,0,bstar_2023,HP_Peak,paperA_corr,none,-,-,-,p0.5|n10,n_pred_nan,0.0,2,9,q4_bstar_o1a,physics
iter05b_quick_arm4_bstar_o1a,0,bstar_2023,HP_Peak,paperA_corr,none,-,-,-,p0.5|n10,mape_n_excluded,0.0,2,9,q4_bstar_o1a,physics
iter05b_quick_arm4_bstar_o1a,0,bstar_2023,HP_Peak,paperA_corr_cal,none,-,-,-,all,wape,27.013627495037717,8,17,q4_bstar_o1a,physics
iter05b_quick_arm4_bstar_o1a,0,bstar_2023,HP_Peak,paperA_corr_cal,none,-,-,-,all,rmse,8.220315154433981,8,17,q4_bstar_o1a,physics
iter05b_quick_arm4_bstar_o1a,0,bstar_2023,HP_Peak,paperA_corr_cal,none,-,-,-,all,mae,6.215424809334023,8,17,q4_bstar_o1a,physics
iter05b_quick_arm4_bstar_o1a,0,bstar_2023,HP_Peak,paperA_corr_cal,none,-,-,-,all,mape,23.961614736555635,8,17,q4_bstar_o1a,physics
iter05b_quick_arm4_bstar_o1a,0,bstar_2023,HP_Peak,paperA_corr_cal,none,-,-,-,all,r2,0.7940807755932506,8,17,q4_bstar_o1a,physics
iter05b_quick_arm4_bstar_o1a,0,bstar_2023,HP_Peak,paperA_corr_cal,none,-,-,-,all,n_pred_nan,0.0,8,17,q4_bstar_o1a,physics
iter05b_quick_arm4_bstar_o1a,0,bstar_2023,HP_Peak,paperA_corr_cal,none,-,-,-,all,mape_n_excluded,0.0,8,17,q4_bstar_o1a,physics
iter05b_quick_arm4_bstar_o1a,0,bstar_2023,HP_Peak,paperA_corr_cal,none,-,-,-,all,n_invalid,0.0,8,17,q4_bstar_o1a,physics
iter05b_quick_arm4_bstar_o1a,0,bstar_2023,HP_Peak,paperA_corr_cal,none,-,-,-,all,cal_b,-0.13467658352444925,8,17,q4_bstar_o1a,physics
iter05b_quick_arm4_bstar_o1a,0,bstar_2023,HP_Peak,paperA_corr_cal,none,-,-,-,all,n_cal_train,24.0,8,17,q4_bstar_o1a,physics
iter05b_quick_arm4_bstar_o1a,0,bstar_2023,HP_Peak,paperA_corr_cal,none,-,-,-,pbin<=15,wape,30.503549333546193,6,12,q4_bstar_o1a,physics
iter05b_quick_arm4_bstar_o1a,0,bstar_2023,HP_Peak,paperA_corr_cal,none,-,-,-,pbin<=15,rmse,6.7543461098499575,6,12,q4_bstar_o1a,physics
iter05b_quick_arm4_bstar_o1a,0,bstar_2023,HP_Peak,paperA_corr_cal,none,-,-,-,pbin<=15,mae,4.553711991051693,6,12,q4_bstar_o1a,physics
iter05b_quick_arm4_bstar_o1a,0,bstar_2023,HP_Peak,paperA_corr_cal,none,-,-,-,pbin<=15,mape,23.700338301014245,6,12,q4_bstar_o1a,physics
iter05b_quick_arm4_bstar_o1a,0,bstar_2023,HP_Peak,paperA_corr_cal,none,-,-,-,pbin<=15,r2,0.7254777493094346,6,12,q4_bstar_o1a,physics
iter05b_quick_arm4_bstar_o1a,0,bstar_2023,HP_Peak,paperA_corr_cal,none,-,-,-,pbin<=15,n_pred_nan,0.0,6,12,q4_bstar_o1a,physics
iter05b_quick_arm4_bstar_o1a,0,bstar_2023,HP_Peak,paperA_corr_cal,none,-,-,-,pbin<=15,mape_n_excluded,0.0,6,12,q4_bstar_o1a,physics
iter05b_quick_arm4_bstar_o1a,0,bstar_2023,HP_Peak,paperA_corr_cal,none,-,-,-,pbin35-65,wape,23.705639326467153,2,9,q4_bstar_o1a,physics
iter05b_quick_arm4_bstar_o1a,0,bstar_2023,HP_Peak,paperA_corr_cal,none,-,-,-,pbin35-65,rmse,11.55122291525586,2,9,q4_bstar_o1a,physics
iter05b_quick_arm4_bstar_o1a,0,bstar_2023,HP_Peak,paperA_corr_cal,none,-,-,-,pbin35-65,mae,11.200563264181014,2,9,q4_bstar_o1a,physics
iter05b_quick_arm4_bstar_o1a,0,bstar_2023,HP_Peak,paperA_corr_cal,none,-,-,-,pbin35-65,mape,24.74544404317981,2,9,q4_bstar_o1a,physics
iter05b_quick_arm4_bstar_o1a,0,bstar_2023,HP_Peak,paperA_corr_cal,none,-,-,-,pbin35-65,r2,-3.3559399395612948,2,9,q4_bstar_o1a,physics
iter05b_quick_arm4_bstar_o1a,0,bstar_2023,HP_Peak,paperA_corr_cal,none,-,-,-,pbin35-65,n_pred_nan,0.0,2,9,q4_bstar_o1a,physics
iter05b_quick_arm4_bstar_o1a,0,bstar_2023,HP_Peak,paperA_corr_cal,none,-,-,-,pbin35-65,mape_n_excluded,0.0,2,9,q4_bstar_o1a,physics
iter05b_quick_arm4_bstar_o1a,0,bstar_2023,HP_Peak,paperA_corr_cal,none,-,-,-,p0.1|n10,wape,26.07109297820851,4,4,q4_bstar_o1a,physics
iter05b_quick_arm4_bstar_o1a,0,bstar_2023,HP_Peak,paperA_corr_cal,none,-,-,-,p0.1|n10,rmse,2.5296075522547516,4,4,q4_bstar_o1a,physics
iter05b_quick_arm4_bstar_o1a,0,bstar_2023,HP_Peak,paperA_corr_cal,none,-,-,-,p0.1|n10,mae,1.649305051901633,4,4,q4_bstar_o1a,physics
iter05b_quick_arm4_bstar_o1a,0,bstar_2023,HP_Peak,paperA_corr_cal,none,-,-,-,p0.1|n10,mape,20.078824380902958,4,4,q4_bstar_o1a,physics
iter05b_quick_arm4_bstar_o1a,0,bstar_2023,HP_Peak,paperA_corr_cal,none,-,-,-,p0.1|n10,r2,-0.17126702509677605,4,4,q4_bstar_o1a,physics
iter05b_quick_arm4_bstar_o1a,0,bstar_2023,HP_Peak,paperA_corr_cal,none,-,-,-,p0.1|n10,n_pred_nan,0.0,4,4,q4_bstar_o1a,physics
iter05b_quick_arm4_bstar_o1a,0,bstar_2023,HP_Peak,paperA_corr_cal,none,-,-,-,p0.1|n10,mape_n_excluded,0.0,4,4,q4_bstar_o1a,physics
iter05b_quick_arm4_bstar_o1a,0,bstar_2023,HP_Peak,paperA_corr_cal,none,-,-,-,p0.1|n40,wape,32.248826906069034,2,8,q4_bstar_o1a,physics
iter05b_quick_arm4_bstar_o1a,0,bstar_2023,HP_Peak,paperA_corr_cal,none,-,-,-,p0.1|n40,rmse,11.138480389087517,2,8,q4_bstar_o1a,physics
iter05b_quick_arm4_bstar_o1a,0,bstar_2023,HP_Peak,paperA_corr_cal,none,-,-,-,p0.1|n40,mae,10.362525869351812,2,8,q4_bstar_o1a,physics
iter05b_quick_arm4_bstar_o1a,0,bstar_2023,HP_Peak,paperA_corr_cal,none,-,-,-,p0.1|n40,mape,30.94336614123681,2,8,q4_bstar_o1a,physics
iter05b_quick_arm4_bstar_o1a,0,bstar_2023,HP_Peak,paperA_corr_cal,none,-,-,-,p0.1|n40,r2,-1.8436060178576583,2,8,q4_bstar_o1a,physics
iter05b_quick_arm4_bstar_o1a,0,bstar_2023,HP_Peak,paperA_corr_cal,none,-,-,-,p0.1|n40,n_pred_nan,0.0,2,8,q4_bstar_o1a,physics
iter05b_quick_arm4_bstar_o1a,0,bstar_2023,HP_Peak,paperA_corr_cal,none,-,-,-,p0.1|n40,mape_n_excluded,0.0,2,8,q4_bstar_o1a,physics
iter05b_quick_arm4_bstar_o1a,0,bstar_2023,HP_Peak,paperA_corr_cal,none,-,-,-,p0.5|n10,wape,23.705639326467153,2,9,q4_bstar_o1a,physics
iter05b_quick_arm4_bstar_o1a,0,bstar_2023,HP_Peak,paperA_corr_cal,none,-,-,-,p0.5|n10,rmse,11.55122291525586,2,9,q4_bstar_o1a,physics
iter05b_quick_arm4_bstar_o1a,0,bstar_2023,HP_Peak,paperA_corr_cal,none,-,-,-,p0.5|n10,mae,11.200563264181014,2,9,q4_bstar_o1a,physics
iter05b_quick_arm4_bstar_o1a,0,bstar_2023,HP_Peak,paperA_corr_cal,none,-,-,-,p0.5|n10,mape,24.74544404317981,2,9,q4_bstar_o1a,physics
iter05b_quick_arm4_bstar_o1a,0,bstar_2023,HP_Peak,paperA_corr_cal,none,-,-,-,p0.5|n10,r2,-3.3559399395612948,2,9,q4_bstar_o1a,physics
iter05b_quick_arm4_bstar_o1a,0,bstar_2023,HP_Peak,paperA_corr_cal,none,-,-,-,p0.5|n10,n_pred_nan,0.0,2,9,q4_bstar_o1a,physics
iter05b_quick_arm4_bstar_o1a,0,bstar_2023,HP_Peak,paperA_corr_cal,none,-,-,-,p0.5|n10,mape_n_excluded,0.0,2,9,q4_bstar_o1a,physics
iter05b_quick_arm4_bstar_o1a,0,bstar_2023,HP_Peak,paperA_corr_own,none,-,-,-,all,wape,27.04408386128986,8,17,q4_bstar_o1a,physics
iter05b_quick_arm4_bstar_o1a,0,bstar_2023,HP_Peak,paperA_corr_own,none,-,-,-,all,rmse,8.255530765240508,8,17,q4_bstar_o1a,physics
iter05b_quick_arm4_bstar_o1a,0,bstar_2023,HP_Peak,paperA_corr_own,none,-,-,-,all,mae,6.222432355967309,8,17,q4_bstar_o1a,physics
iter05b_quick_arm4_bstar_o1a,0,bstar_2023,HP_Peak,paperA_corr_own,none,-,-,-,all,mape,23.967790631429978,8,17,q4_bstar_o1a,physics
iter05b_quick_arm4_bstar_o1a,0,bstar_2023,HP_Peak,paperA_corr_own,none,-,-,-,all,r2,0.7923126915486179,8,17,q4_bstar_o1a,physics
iter05b_quick_arm4_bstar_o1a,0,bstar_2023,HP_Peak,paperA_corr_own,none,-,-,-,all,n_pred_nan,0.0,8,17,q4_bstar_o1a,physics
iter05b_quick_arm4_bstar_o1a,0,bstar_2023,HP_Peak,paperA_corr_own,none,-,-,-,all,mape_n_excluded,0.0,8,17,q4_bstar_o1a,physics
iter05b_quick_arm4_bstar_o1a,0,bstar_2023,HP_Peak,paperA_corr_own,none,-,-,-,all,n_invalid,0.0,8,17,q4_bstar_o1a,physics
iter05b_quick_arm4_bstar_o1a,0,bstar_2023,HP_Peak,paperA_corr_own,none,-,-,-,all,n_station_fallback,0.0,8,17,q4_bstar_o1a,physics
iter05b_quick_arm4_bstar_o1a,0,bstar_2023,HP_Peak,paperA_corr_own,none,-,-,-,pbin<=15,wape,30.78838372828137,6,12,q4_bstar_o1a,physics
iter05b_quick_arm4_bstar_o1a,0,bstar_2023,HP_Peak,paperA_corr_own,none,-,-,-,pbin<=15,rmse,6.827439094348583,6,12,q4_bstar_o1a,physics
iter05b_quick_arm4_bstar_o1a,0,bstar_2023,HP_Peak,paperA_corr_own,none,-,-,-,pbin<=15,mae,4.596233396826039,6,12,q4_bstar_o1a,physics
iter05b_quick_arm4_bstar_o1a,0,bstar_2023,HP_Peak,paperA_corr_own,none,-,-,-,pbin<=15,mape,23.757631452929076,6,12,q4_bstar_o1a,physics
iter05b_quick_arm4_bstar_o1a,0,bstar_2023,HP_Peak,paperA_corr_own,none,-,-,-,pbin<=15,r2,0.7195040483070829,6,12,q4_bstar_o1a,physics
iter05b_quick_arm4_bstar_o1a,0,bstar_2023,HP_Peak,paperA_corr_own,none,-,-,-,pbin<=15,n_pred_nan,0.0,6,12,q4_bstar_o1a,physics
iter05b_quick_arm4_bstar_o1a,0,bstar_2023,HP_Peak,paperA_corr_own,none,-,-,-,pbin<=15,mape_n_excluded,0.0,6,12,q4_bstar_o1a,physics
iter05b_quick_arm4_bstar_o1a,0,bstar_2023,HP_Peak,paperA_corr_own,none,-,-,-,pbin35-65,wape,23.494978685661668,2,9,q4_bstar_o1a,physics
iter05b_quick_arm4_bstar_o1a,0,bstar_2023,HP_Peak,paperA_corr_own,none,-,-,-,pbin35-65,rmse,11.522733143755948,2,9,q4_bstar_o1a,physics
iter05b_quick_arm4_bstar_o1a,0,bstar_2023,HP_Peak,paperA_corr_own,none,-,-,-,pbin35-65,mae,11.101029233391118,2,9,q4_bstar_o1a,physics
iter05b_quick_arm4_bstar_o1a,0,bstar_2023,HP_Peak,paperA_corr_own,none,-,-,-,pbin35-65,mape,24.598268166932673,2,9,q4_bstar_o1a,physics
iter05b_quick_arm4_bstar_o1a,0,bstar_2023,HP_Peak,paperA_corr_own,none,-,-,-,pbin35-65,r2,-3.334479580680151,2,9,q4_bstar_o1a,physics
iter05b_quick_arm4_bstar_o1a,0,bstar_2023,HP_Peak,paperA_corr_own,none,-,-,-,pbin35-65,n_pred_nan,0.0,2,9,q4_bstar_o1a,physics
iter05b_quick_arm4_bstar_o1a,0,bstar_2023,HP_Peak,paperA_corr_own,none,-,-,-,pbin35-65,mape_n_excluded,0.0,2,9,q4_bstar_o1a,physics
iter05b_quick_arm4_bstar_o1a,0,bstar_2023,HP_Peak,paperA_corr_own,none,-,-,-,p0.1|n10,wape,26.05593428430964,4,4,q4_bstar_o1a,physics
iter05b_quick_arm4_bstar_o1a,0,bstar_2023,HP_Peak,paperA_corr_own,none,-,-,-,p0.1|n10,rmse,2.544900868082117,4,4,q4_bstar_o1a,physics
iter05b_quick_arm4_bstar_o1a,0,bstar_2023,HP_Peak,paperA_corr_own,none,-,-,-,p0.1|n10,mae,1.6483460851851806,4,4,q4_bstar_o1a,physics
iter05b_quick_arm4_bstar_o1a,0,bstar_2023,HP_Peak,paperA_corr_own,none,-,-,-,p0.1|n10,mape,19.95940366785715,4,4,q4_bstar_o1a,physics
iter05b_quick_arm4_bstar_o1a,0,bstar_2023,HP_Peak,paperA_corr_own,none,-,-,-,p0.1|n10,r2,-0.18547215642419657,4,4,q4_bstar_o1a,physics
iter05b_quick_arm4_bstar_o1a,0,bstar_2023,HP_Peak,paperA_corr_own,none,-,-,-,p0.1|n10,n_pred_nan,0.0,4,4,q4_bstar_o1a,physics
iter05b_quick_arm4_bstar_o1a,0,bstar_2023,HP_Peak,paperA_corr_own,none,-,-,-,p0.1|n10,mape_n_excluded,0.0,4,4,q4_bstar_o1a,physics
iter05b_quick_arm4_bstar_o1a,0,bstar_2023,HP_Peak,paperA_corr_own,none,-,-,-,p0.1|n40,wape,32.6517834361467,2,8,q4_bstar_o1a,physics
iter05b_quick_arm4_bstar_o1a,0,bstar_2023,HP_Peak,paperA_corr_own,none,-,-,-,p0.1|n40,rmse,11.264489908752548,2,8,q4_bstar_o1a,physics
iter05b_quick_arm4_bstar_o1a,0,bstar_2023,HP_Peak,paperA_corr_own,none,-,-,-,p0.1|n40,mae,10.492008020107757,2,8,q4_bstar_o1a,physics
iter05b_quick_arm4_bstar_o1a,0,bstar_2023,HP_Peak,paperA_corr_own,none,-,-,-,p0.1|n40,mape,31.35408702307293,2,8,q4_bstar_o1a,physics
iter05b_quick_arm4_bstar_o1a,0,bstar_2023,HP_Peak,paperA_corr_own,none,-,-,-,p0.1|n40,r2,-1.908309327330087,2,8,q4_bstar_o1a,physics
iter05b_quick_arm4_bstar_o1a,0,bstar_2023,HP_Peak,paperA_corr_own,none,-,-,-,p0.1|n40,n_pred_nan,0.0,2,8,q4_bstar_o1a,physics
iter05b_quick_arm4_bstar_o1a,0,bstar_2023,HP_Peak,paperA_corr_own,none,-,-,-,p0.1|n40,mape_n_excluded,0.0,2,8,q4_bstar_o1a,physics
iter05b_quick_arm4_bstar_o1a,0,bstar_2023,HP_Peak,paperA_corr_own,none,-,-,-,p0.5|n10,wape,23.494978685661668,2,9,q4_bstar_o1a,physics
iter05b_quick_arm4_bstar_o1a,0,bstar_2023,HP_Peak,paperA_corr_own,none,-,-,-,p0.5|n10,rmse,11.522733143755948,2,9,q4_bstar_o1a,physics
iter05b_quick_arm4_bstar_o1a,0,bstar_2023,HP_Peak,paperA_corr_own,none,-,-,-,p0.5|n10,mae,11.101029233391118,2,9,q4_bstar_o1a,physics
iter05b_quick_arm4_bstar_o1a,0,bstar_2023,HP_Peak,paperA_corr_own,none,-,-,-,p0.5|n10,mape,24.598268166932673,2,9,q4_bstar_o1a,physics
iter05b_quick_arm4_bstar_o1a,0,bstar_2023,HP_Peak,paperA_corr_own,none,-,-,-,p0.5|n10,r2,-3.334479580680151,2,9,q4_bstar_o1a,physics
iter05b_quick_arm4_bstar_o1a,0,bstar_2023,HP_Peak,paperA_corr_own,none,-,-,-,p0.5|n10,n_pred_nan,0.0,2,9,q4_bstar_o1a,physics
iter05b_quick_arm4_bstar_o1a,0,bstar_2023,HP_Peak,paperA_corr_own,none,-,-,-,p0.5|n10,mape_n_excluded,0.0,2,9,q4_bstar_o1a,physics
iter05b_quick_arm4_bstar_o1a,0,bstar_2023,HP_Peak,anchor_only_Linear,size,-,direct,none,all,wape,75.90871405855775,8,17,q4_bstar_o1a,physics
iter05b_quick_arm4_bstar_o1a,0,bstar_2023,HP_Peak,anchor_only_Linear,size,-,direct,none,all,rmse,20.064618475047464,8,17,q4_bstar_o1a,physics
iter05b_quick_arm4_bstar_o1a,0,bstar_2023,HP_Peak,anchor_only_Linear,size,-,direct,none,all,mae,17.465440533333428,8,17,q4_bstar_o1a,physics
iter05b_quick_arm4_bstar_o1a,0,bstar_2023,HP_Peak,anchor_only_Linear,size,-,direct,none,all,mape,124.33906514219085,8,17,q4_bstar_o1a,physics
iter05b_quick_arm4_bstar_o1a,0,bstar_2023,HP_Peak,anchor_only_Linear,size,-,direct,none,all,r2,-0.2268226061081433,8,17,q4_bstar_o1a,physics
iter05b_quick_arm4_bstar_o1a,0,bstar_2023,HP_Peak,anchor_only_Linear,size,-,direct,none,all,n_pred_nan,0.0,8,17,q4_bstar_o1a,physics
iter05b_quick_arm4_bstar_o1a,0,bstar_2023,HP_Peak,anchor_only_Linear,size,-,direct,none,all,mape_n_excluded,0.0,8,17,q4_bstar_o1a,physics
iter05b_quick_arm4_bstar_o1a,0,bstar_2023,HP_Peak,anchor_only_Linear,size,-,direct,none,all,wape_train,75.59076631932624,8,17,q4_bstar_o1a,physics
iter05b_quick_arm4_bstar_o1a,0,bstar_2023,HP_Peak,anchor_only_Linear,size,-,direct,none,all,wape_inner,61.16816347333343,8,17,q4_bstar_o1a,physics
iter05b_quick_arm4_bstar_o1a,0,bstar_2023,HP_Peak,anchor_only_Linear,size,-,direct,none,all,n_train_sub,24.0,8,17,q4_bstar_o1a,physics
iter05b_quick_arm4_bstar_o1a,0,bstar_2023,HP_Peak,anchor_only_Linear,size,-,direct,none,all,n_inner_sub,32.0,8,17,q4_bstar_o1a,physics
iter05b_quick_arm4_bstar_o1a,0,bstar_2023,HP_Peak,anchor_only_Linear,size,-,direct,none,all,n_test_sub,8.0,8,17,q4_bstar_o1a,physics
iter05b_quick_arm4_bstar_o1a,0,bstar_2023,HP_Peak,anchor_only_Linear,size,-,direct,none,all,n_overlap_sub,0.0,8,17,q4_bstar_o1a,physics
iter05b_quick_arm4_bstar_o1a,0,bstar_2023,HP_Peak,anchor_only_Linear,size,-,direct,none,pbin<=15,wape,86.5668871209609,6,12,q4_bstar_o1a,physics
iter05b_quick_arm4_bstar_o1a,0,bstar_2023,HP_Peak,anchor_only_Linear,size,-,direct,none,pbin<=15,rmse,14.294335699952288,6,12,q4_bstar_o1a,physics
iter05b_quick_arm4_bstar_o1a,0,bstar_2023,HP_Peak,anchor_only_Linear,size,-,direct,none,pbin<=15,mae,12.923108311111092,6,12,q4_bstar_o1a,physics
iter05b_quick_arm4_bstar_o1a,0,bstar_2023,HP_Peak,anchor_only_Linear,size,-,direct,none,pbin<=15,mape,144.00860353011012,6,12,q4_bstar_o1a,physics
iter05b_quick_arm4_bstar_o1a,0,bstar_2023,HP_Peak,anchor_only_Linear,size,-,direct,none,pbin<=15,r2,-0.22952930075069866,6,12,q4_bstar_o1a,physics
iter05b_quick_arm4_bstar_o1a,0,bstar_2023,HP_Peak,anchor_only_Linear,size,-,direct,none,pbin<=15,n_pred_nan,0.0,6,12,q4_bstar_o1a,physics
iter05b_quick_arm4_bstar_o1a,0,bstar_2023,HP_Peak,anchor_only_Linear,size,-,direct,none,pbin<=15,mape_n_excluded,0.0,6,12,q4_bstar_o1a,physics
iter05b_quick_arm4_bstar_o1a,0,bstar_2023,HP_Peak,anchor_only_Linear,size,-,direct,none,pbin35-65,wape,65.80616390973397,2,9,q4_bstar_o1a,physics
iter05b_quick_arm4_bstar_o1a,0,bstar_2023,HP_Peak,anchor_only_Linear,size,-,direct,none,pbin35-65,rmse,31.581189953642863,2,9,q4_bstar_o1a,physics
iter05b_quick_arm4_bstar_o1a,0,bstar_2023,HP_Peak,anchor_only_Linear,size,-,direct,none,pbin35-65,mae,31.092437200000436,2,9,q4_bstar_o1a,physics
iter05b_quick_arm4_bstar_o1a,0,bstar_2023,HP_Peak,anchor_only_Linear,size,-,direct,none,pbin35-65,mape,65.33044997843304,2,9,q4_bstar_o1a,physics
iter05b_quick_arm4_bstar_o1a,0,bstar_2023,HP_Peak,anchor_only_Linear,size,-,direct,none,pbin35-65,r2,-31.559890285111123,2,9,q4_bstar_o1a,physics
iter05b_quick_arm4_bstar_o1a,0,bstar_2023,HP_Peak,anchor_only_Linear,size,-,direct,none,pbin35-65,n_pred_nan,0.0,2,9,q4_bstar_o1a,physics
iter05b_quick_arm4_bstar_o1a,0,bstar_2023,HP_Peak,anchor_only_Linear,size,-,direct,none,pbin35-65,mape_n_excluded,0.0,2,9,q4_bstar_o1a,physics
iter05b_quick_arm4_bstar_o1a,0,bstar_2023,HP_Peak,anchor_only_Linear,size,-,direct,none,p0.1|n10,wape,155.38434155319052,4,4,q4_bstar_o1a,physics
iter05b_quick_arm4_bstar_o1a,0,bstar_2023,HP_Peak,anchor_only_Linear,size,-,direct,none,p0.1|n10,rmse,10.103966154161007,4,4,q4_bstar_o1a,physics
iter05b_quick_arm4_bstar_o1a,0,bstar_2023,HP_Peak,anchor_only_Linear,size,-,direct,none,p0.1|n10,mae,9.82989779999995,4,4,q4_bstar_o1a,physics
iter05b_quick_arm4_bstar_o1a,0,bstar_2023,HP_Peak,anchor_only_Linear,size,-,direct,none,p0.1|n10,mape,182.76002345939858,4,4,q4_bstar_o1a,physics
iter05b_quick_arm4_bstar_o1a,0,bstar_2023,HP_Peak,anchor_only_Linear,size,-,direct,none,p0.1|n10,r2,-17.686733149839462,4,4,q4_bstar_o1a,physics
iter05b_quick_arm4_bstar_o1a,0,bstar_2023,HP_Peak,anchor_only_Linear,size,-,direct,none,p0.1|n10,n_pred_nan,0.0,4,4,q4_bstar_o1a,physics
iter05b_quick_arm4_bstar_o1a,0,bstar_2023,HP_Peak,anchor_only_Linear,size,-,direct,none,p0.1|n10,mape_n_excluded,0.0,4,4,q4_bstar_o1a,physics
iter05b_quick_arm4_bstar_o1a,0,bstar_2023,HP_Peak,anchor_only_Linear,size,-,direct,none,p0.1|n40,wape,59.47004731247678,2,8,q4_bstar_o1a,physics
iter05b_quick_arm4_bstar_o1a,0,bstar_2023,HP_Peak,anchor_only_Linear,size,-,direct,none,p0.1|n40,rmse,20.21889797243977,2,8,q4_bstar_o1a,physics
iter05b_quick_arm4_bstar_o1a,0,bstar_2023,HP_Peak,anchor_only_Linear,size,-,direct,none,p0.1|n40,mae,19.109529333333377,2,8,q4_bstar_o1a,physics
iter05b_quick_arm4_bstar_o1a,0,bstar_2023,HP_Peak,anchor_only_Linear,size,-,direct,none,p0.1|n40,mape,66.50576367153326,2,8,q4_bstar_o1a,physics
iter05b_quick_arm4_bstar_o1a,0,bstar_2023,HP_Peak,anchor_only_Linear,size,-,direct,none,p0.1|n40,r2,-8.369846950196134,2,8,q4_bstar_o1a,physics
iter05b_quick_arm4_bstar_o1a,0,bstar_2023,HP_Peak,anchor_only_Linear,size,-,direct,none,p0.1|n40,n_pred_nan,0.0,2,8,q4_bstar_o1a,physics
iter05b_quick_arm4_bstar_o1a,0,bstar_2023,HP_Peak,anchor_only_Linear,size,-,direct,none,p0.1|n40,mape_n_excluded,0.0,2,8,q4_bstar_o1a,physics
iter05b_quick_arm4_bstar_o1a,0,bstar_2023,HP_Peak,anchor_only_Linear,size,-,direct,none,p0.5|n10,wape,65.80616390973397,2,9,q4_bstar_o1a,physics
iter05b_quick_arm4_bstar_o1a,0,bstar_2023,HP_Peak,anchor_only_Linear,size,-,direct,none,p0.5|n10,rmse,31.581189953642863,2,9,q4_bstar_o1a,physics
iter05b_quick_arm4_bstar_o1a,0,bstar_2023,HP_Peak,anchor_only_Linear,size,-,direct,none,p0.5|n10,mae,31.092437200000436,2,9,q4_bstar_o1a,physics
iter05b_quick_arm4_bstar_o1a,0,bstar_2023,HP_Peak,anchor_only_Linear,size,-,direct,none,p0.5|n10,mape,65.33044997843304,2,9,q4_bstar_o1a,physics
iter05b_quick_arm4_bstar_o1a,0,bstar_2023,HP_Peak,anchor_only_Linear,size,-,direct,none,p0.5|n10,r2,-31.559890285111123,2,9,q4_bstar_o1a,physics
iter05b_quick_arm4_bstar_o1a,0,bstar_2023,HP_Peak,anchor_only_Linear,size,-,direct,none,p0.5|n10,n_pred_nan,0.0,2,9,q4_bstar_o1a,physics
iter05b_quick_arm4_bstar_o1a,0,bstar_2023,HP_Peak,anchor_only_Linear,size,-,direct,none,p0.5|n10,mape_n_excluded,0.0,2,9,q4_bstar_o1a,physics
iter05b_quick_arm4_bstar_o1a,0,bstar_2023,HP_Peak,anchor_only_Linear,peak,-,direct,none,all,wape,24.836789290156087,8,17,q4_bstar_o1a,physics
iter05b_quick_arm4_bstar_o1a,0,bstar_2023,HP_Peak,anchor_only_Linear,peak,-,direct,none,all,rmse,7.746472831683675,8,17,q4_bstar_o1a,physics
iter05b_quick_arm4_bstar_o1a,0,bstar_2023,HP_Peak,anchor_only_Linear,peak,-,direct,none,all,mae,5.714567448099852,8,17,q4_bstar_o1a,physics
iter05b_quick_arm4_bstar_o1a,0,bstar_2023,HP_Peak,anchor_only_Linear,peak,-,direct,none,all,mape,44.80825446488074,8,17,q4_bstar_o1a,physics
iter05b_quick_arm4_bstar_o1a,0,bstar_2023,HP_Peak,anchor_only_Linear,peak,-,direct,none,all,r2,0.8171361067596792,8,17,q4_bstar_o1a,physics
iter05b_quick_arm4_bstar_o1a,0,bstar_2023,HP_Peak,anchor_only_Linear,peak,-,direct,none,all,n_pred_nan,0.0,8,17,q4_bstar_o1a,physics
iter05b_quick_arm4_bstar_o1a,0,bstar_2023,HP_Peak,anchor_only_Linear,peak,-,direct,none,all,mape_n_excluded,0.0,8,17,q4_bstar_o1a,physics
iter05b_quick_arm4_bstar_o1a,0,bstar_2023,HP_Peak,anchor_only_Linear,peak,-,direct,none,all,wape_train,21.599543743132088,8,17,q4_bstar_o1a,physics
iter05b_quick_arm4_bstar_o1a,0,bstar_2023,HP_Peak,anchor_only_Linear,peak,-,direct,none,all,wape_inner,32.517131675914015,8,17,q4_bstar_o1a,physics
iter05b_quick_arm4_bstar_o1a,0,bstar_2023,HP_Peak,anchor_only_Linear,peak,-,direct,none,all,n_train_sub,24.0,8,17,q4_bstar_o1a,physics
iter05b_quick_arm4_bstar_o1a,0,bstar_2023,HP_Peak,anchor_only_Linear,peak,-,direct,none,all,n_inner_sub,32.0,8,17,q4_bstar_o1a,physics
iter05b_quick_arm4_bstar_o1a,0,bstar_2023,HP_Peak,anchor_only_Linear,peak,-,direct,none,all,n_test_sub,8.0,8,17,q4_bstar_o1a,physics
iter05b_quick_arm4_bstar_o1a,0,bstar_2023,HP_Peak,anchor_only_Linear,peak,-,direct,none,all,n_overlap_sub,0.0,8,17,q4_bstar_o1a,physics
iter05b_quick_arm4_bstar_o1a,0,bstar_2023,HP_Peak,anchor_only_Linear,peak,-,direct,none,pbin<=15,wape,25.198736324594794,6,12,q4_bstar_o1a,physics
iter05b_quick_arm4_bstar_o1a,0,bstar_2023,HP_Peak,anchor_only_Linear,peak,-,direct,none,pbin<=15,rmse,4.625317541712849,6,12,q4_bstar_o1a,physics
iter05b_quick_arm4_bstar_o1a,0,bstar_2023,HP_Peak,anchor_only_Linear,peak,-,direct,none,pbin<=15,mae,3.7617847846468018,6,12,q4_bstar_o1a,physics
iter05b_quick_arm4_bstar_o1a,0,bstar_2023,HP_Peak,anchor_only_Linear,peak,-,direct,none,pbin<=15,mape,50.923691375677684,6,12,q4_bstar_o1a,physics
iter05b_quick_arm4_bstar_o1a,0,bstar_2023,HP_Peak,anchor_only_Linear,peak,-,direct,none,pbin<=15,r2,0.8712657711638225,6,12,q4_bstar_o1a,physics
iter05b_quick_arm4_bstar_o1a,0,bstar_2023,HP_Peak,anchor_only_Linear,peak,-,direct,none,pbin<=15,n_pred_nan,0.0,6,12,q4_bstar_o1a,physics
iter05b_quick_arm4_bstar_o1a,0,bstar_2023,HP_Peak,anchor_only_Linear,peak,-,direct,none,pbin<=15,mape_n_excluded,0.0,6,12,q4_bstar_o1a,physics
iter05b_quick_arm4_bstar_o1a,0,bstar_2023,HP_Peak,anchor_only_Linear,peak,-,direct,none,pbin35-65,wape,24.493710974085783,2,9,q4_bstar_o1a,physics
iter05b_quick_arm4_bstar_o1a,0,bstar_2023,HP_Peak,anchor_only_Linear,peak,-,direct,none,pbin35-65,rmse,13.260870191771858,2,9,q4_bstar_o1a,physics
iter05b_quick_arm4_bstar_o1a,0,bstar_2023,HP_Peak,anchor_only_Linear,peak,-,direct,none,pbin35-65,mae,11.572915438459003,2,9,q4_bstar_o1a,physics
iter05b_quick_arm4_bstar_o1a,0,bstar_2023,HP_Peak,anchor_only_Linear,peak,-,direct,none,pbin35-65,mape,26.461943732489914,2,9,q4_bstar_o1a,physics
iter05b_quick_arm4_bstar_o1a,0,bstar_2023,HP_Peak,anchor_only_Linear,peak,-,direct,none,pbin35-65,r2,-4.740768060940632,2,9,q4_bstar_o1a,physics
iter05b_quick_arm4_bstar_o1a,0,bstar_2023,HP_Peak,anchor_only_Linear,peak,-,direct,none,pbin35-65,n_pred_nan,0.0,2,9,q4_bstar_o1a,physics
iter05b_quick_arm4_bstar_o1a,0,bstar_2023,HP_Peak,anchor_only_Linear,peak,-,direct,none,pbin35-65,mape_n_excluded,0.0,2,9,q4_bstar_o1a,physics
iter05b_quick_arm4_bstar_o1a,0,bstar_2023,HP_Peak,anchor_only_Linear,peak,-,direct,none,p0.1|n10,wape,66.89217422565953,4,4,q4_bstar_o1a,physics
iter05b_quick_arm4_bstar_o1a,0,bstar_2023,HP_Peak,anchor_only_Linear,peak,-,direct,none,p0.1|n10,rmse,5.147752345352031,4,4,q4_bstar_o1a,physics
iter05b_quick_arm4_bstar_o1a,0,bstar_2023,HP_Peak,anchor_only_Linear,peak,-,direct,none,p0.1|n10,mae,4.231721354194087,4,4,q4_bstar_o1a,physics
iter05b_quick_arm4_bstar_o1a,0,bstar_2023,HP_Peak,anchor_only_Linear,peak,-,direct,none,p0.1|n10,mape,71.20165104189189,4,4,q4_bstar_o1a,physics
iter05b_quick_arm4_bstar_o1a,0,bstar_2023,HP_Peak,anchor_only_Linear,peak,-,direct,none,p0.1|n10,r2,-3.8504821262508573,4,4,q4_bstar_o1a,physics
iter05b_quick_arm4_bstar_o1a,0,bstar_2023,HP_Peak,anchor_only_Linear,peak,-,direct,none,p0.1|n10,n_pred_nan,0.0,4,4,q4_bstar_o1a,physics
iter05b_quick_arm4_bstar_o1a,0,bstar_2023,HP_Peak,anchor_only_Linear,peak,-,direct,none,p0.1|n10,mape_n_excluded,0.0,4,4,q4_bstar_o1a,physics
iter05b_quick_arm4_bstar_o1a,0,bstar_2023,HP_Peak,anchor_only_Linear,peak,-,direct,none,p0.1|n40,wape,8.781965068071452,2,8,q4_bstar_o1a,physics
iter05b_quick_arm4_bstar_o1a,0,bstar_2023,HP_Peak,anchor_only_Linear,peak,-,direct,none,p0.1|n40,rmse,3.343946570577213,2,8,q4_bstar_o1a,physics
iter05b_quick_arm4_bstar_o1a,0,bstar_2023,HP_Peak,anchor_only_Linear,peak,-,direct,none,p0.1|n40,mae,2.821911645552232,2,8,q4_bstar_o1a,physics
iter05b_quick_arm4_bstar_o1a,0,bstar_2023,HP_Peak,anchor_only_Linear,peak,-,direct,none,p0.1|n40,mape,10.367772043249246,2,8,q4_bstar_o1a,physics
iter05b_quick_arm4_bstar_o1a,0,bstar_2023,HP_Peak,anchor_only_Linear,peak,-,direct,none,p0.1|n40,r2,0.7437073244368861,2,8,q4_bstar_o1a,physics
iter05b_quick_arm4_bstar_o1a,0,bstar_2023,HP_Peak,anchor_only_Linear,peak,-,direct,none,p0.1|n40,n_pred_nan,0.0,2,8,q4_bstar_o1a,physics
iter05b_quick_arm4_bstar_o1a,0,bstar_2023,HP_Peak,anchor_only_Linear,peak,-,direct,none,p0.1|n40,mape_n_excluded,0.0,2,8,q4_bstar_o1a,physics
iter05b_quick_arm4_bstar_o1a,0,bstar_2023,HP_Peak,anchor_only_Linear,peak,-,direct,none,p0.5|n10,wape,24.493710974085783,2,9,q4_bstar_o1a,physics
iter05b_quick_arm4_bstar_o1a,0,bstar_2023,HP_Peak,anchor_only_Linear,peak,-,direct,none,p0.5|n10,rmse,13.260870191771858,2,9,q4_bstar_o1a,physics
iter05b_quick_arm4_bstar_o1a,0,bstar_2023,HP_Peak,anchor_only_Linear,peak,-,direct,none,p0.5|n10,mae,11.572915438459003,2,9,q4_bstar_o1a,physics
iter05b_quick_arm4_bstar_o1a,0,bstar_2023,HP_Peak,anchor_only_Linear,peak,-,direct,none,p0.5|n10,mape,26.461943732489914,2,9,q4_bstar_o1a,physics
iter05b_quick_arm4_bstar_o1a,0,bstar_2023,HP_Peak,anchor_only_Linear,peak,-,direct,none,p0.5|n10,r2,-4.740768060940632,2,9,q4_bstar_o1a,physics
iter05b_quick_arm4_bstar_o1a,0,bstar_2023,HP_Peak,anchor_only_Linear,peak,-,direct,none,p0.5|n10,n_pred_nan,0.0,2,9,q4_bstar_o1a,physics
iter05b_quick_arm4_bstar_o1a,0,bstar_2023,HP_Peak,anchor_only_Linear,peak,-,direct,none,p0.5|n10,mape_n_excluded,0.0,2,9,q4_bstar_o1a,physics
iter05b_quick_arm4_bstar_o1a,0,bstar_2023,HP_Peak,anchor_only_Linear,size+peak,-,direct,none,all,wape,23.636976385116867,8,17,q4_bstar_o1a,physics
iter05b_quick_arm4_bstar_o1a,0,bstar_2023,HP_Peak,anchor_only_Linear,size+peak,-,direct,none,all,rmse,7.2679874825530755,8,17,q4_bstar_o1a,physics
iter05b_quick_arm4_bstar_o1a,0,bstar_2023,HP_Peak,anchor_only_Linear,size+peak,-,direct,none,all,mae,5.438508747804612,8,17,q4_bstar_o1a,physics
iter05b_quick_arm4_bstar_o1a,0,bstar_2023,HP_Peak,anchor_only_Linear,size+peak,-,direct,none,all,mape,43.589380542404136,8,17,q4_bstar_o1a,physics
iter05b_quick_arm4_bstar_o1a,0,bstar_2023,HP_Peak,anchor_only_Linear,size+peak,-,direct,none,all,r2,0.8390287564866677,8,17,q4_bstar_o1a,physics
iter05b_quick_arm4_bstar_o1a,0,bstar_2023,HP_Peak,anchor_only_Linear,size+peak,-,direct,none,all,n_pred_nan,0.0,8,17,q4_bstar_o1a,physics
iter05b_quick_arm4_bstar_o1a,0,bstar_2023,HP_Peak,anchor_only_Linear,size+peak,-,direct,none,all,mape_n_excluded,0.0,8,17,q4_bstar_o1a,physics
iter05b_quick_arm4_bstar_o1a,0,bstar_2023,HP_Peak,anchor_only_Linear,size+peak,-,direct,none,all,wape_train,16.839871419463005,8,17,q4_bstar_o1a,physics
iter05b_quick_arm4_bstar_o1a,0,bstar_2023,HP_Peak,anchor_only_Linear,size+peak,-,direct,none,all,wape_inner,33.504288945903596,8,17,q4_bstar_o1a,physics
iter05b_quick_arm4_bstar_o1a,0,bstar_2023,HP_Peak,anchor_only_Linear,size+peak,-,direct,none,all,n_train_sub,24.0,8,17,q4_bstar_o1a,physics
iter05b_quick_arm4_bstar_o1a,0,bstar_2023,HP_Peak,anchor_only_Linear,size+peak,-,direct,none,all,n_inner_sub,32.0,8,17,q4_bstar_o1a,physics
iter05b_quick_arm4_bstar_o1a,0,bstar_2023,HP_Peak,anchor_only_Linear,size+peak,-,direct,none,all,n_test_sub,8.0,8,17,q4_bstar_o1a,physics
iter05b_quick_arm4_bstar_o1a,0,bstar_2023,HP_Peak,anchor_only_Linear,size+peak,-,direct,none,all,n_overlap_sub,0.0,8,17,q4_bstar_o1a,physics
iter05b_quick_arm4_bstar_o1a,0,bstar_2023,HP_Peak,anchor_only_Linear,size+peak,-,direct,none,pbin<=15,wape,30.555281599713474,6,12,q4_bstar_o1a,physics
iter05b_quick_arm4_bstar_o1a,0,bstar_2023,HP_Peak,anchor_only_Linear,size+peak,-,direct,none,pbin<=15,rmse,6.120944388124675,6,12,q4_bstar_o1a,physics
iter05b_quick_arm4_bstar_o1a,0,bstar_2023,HP_Peak,anchor_only_Linear,size+peak,-,direct,none,pbin<=15,mae,4.561434824817504,6,12,q4_bstar_o1a,physics
iter05b_quick_arm4_bstar_o1a,0,bstar_2023,HP_Peak,anchor_only_Linear,size+peak,-,direct,none,pbin<=15,mape,51.85989817236452,6,12,q4_bstar_o1a,physics
iter05b_quick_arm4_bstar_o1a,0,bstar_2023,HP_Peak,anchor_only_Linear,size+peak,-,direct,none,pbin<=15,r2,0.7745512686135134,6,12,q4_bstar_o1a,physics
iter05b_quick_arm4_bstar_o1a,0,bstar_2023,HP_Peak,anchor_only_Linear,size+peak,-,direct,none,pbin<=15,n_pred_nan,0.0,6,12,q4_bstar_o1a,physics
iter05b_quick_arm4_bstar_o1a,0,bstar_2023,HP_Peak,anchor_only_Linear,size+peak,-,direct,none,pbin<=15,mape_n_excluded,0.0,6,12,q4_bstar_o1a,physics
iter05b_quick_arm4_bstar_o1a,0,bstar_2023,HP_Peak,anchor_only_Linear,size+peak,-,direct,none,pbin35-65,wape,17.079330439032738,2,9,q4_bstar_o1a,physics
iter05b_quick_arm4_bstar_o1a,0,bstar_2023,HP_Peak,anchor_only_Linear,size+peak,-,direct,none,pbin35-65,rmse,9.944681371398879,2,9,q4_bstar_o1a,physics
iter05b_quick_arm4_bstar_o1a,0,bstar_2023,HP_Peak,anchor_only_Linear,size+peak,-,direct,none,pbin35-65,mae,8.069730516765935,2,9,q4_bstar_o1a,physics
iter05b_quick_arm4_bstar_o1a,0,bstar_2023,HP_Peak,anchor_only_Linear,size+peak,-,direct,none,pbin35-65,mape,18.77782765252302,2,9,q4_bstar_o1a,physics
iter05b_quick_arm4_bstar_o1a,0,bstar_2023,HP_Peak,anchor_only_Linear,size+peak,-,direct,none,pbin35-65,r2,-2.228551354233122,2,9,q4_bstar_o1a,physics
iter05b_quick_arm4_bstar_o1a,0,bstar_2023,HP_Peak,anchor_only_Linear,size+peak,-,direct,none,pbin35-65,n_pred_nan,0.0,2,9,q4_bstar_o1a,physics
iter05b_quick_arm4_bstar_o1a,0,bstar_2023,HP_Peak,anchor_only_Linear,size+peak,-,direct,none,pbin35-65,mape_n_excluded,0.0,2,9,q4_bstar_o1a,physics
iter05b_quick_arm4_bstar_o1a,0,bstar_2023,HP_Peak,anchor_only_Linear,size+peak,-,direct,none,p0.1|n10,wape,62.42213404886915,4,4,q4_bstar_o1a,physics
iter05b_quick_arm4_bstar_o1a,0,bstar_2023,HP_Peak,anchor_only_Linear,size+peak,-,direct,none,p0.1|n10,rmse,6.063656893356165,4,4,q4_bstar_o1a,physics
iter05b_quick_arm4_bstar_o1a,0,bstar_2023,HP_Peak,anchor_only_Linear,size+peak,-,direct,none,p0.1|n10,mae,3.948938432436802,4,4,q4_bstar_o1a,physics
iter05b_quick_arm4_bstar_o1a,0,bstar_2023,HP_Peak,anchor_only_Linear,size+peak,-,direct,none,p0.1|n10,mape,69.16332653833454,4,4,q4_bstar_o1a,physics
iter05b_quick_arm4_bstar_o1a,0,bstar_2023,HP_Peak,anchor_only_Linear,size+peak,-,direct,none,p0.1|n10,r2,-5.730058768345408,4,4,q4_bstar_o1a,physics
iter05b_quick_arm4_bstar_o1a,0,bstar_2023,HP_Peak,anchor_only_Linear,size+peak,-,direct,none,p0.1|n10,n_pred_nan,0.0,4,4,q4_bstar_o1a,physics
iter05b_quick_arm4_bstar_o1a,0,bstar_2023,HP_Peak,anchor_only_Linear,size+peak,-,direct,none,p0.1|n10,mape_n_excluded,0.0,4,4,q4_bstar_o1a,physics
iter05b_quick_arm4_bstar_o1a,0,bstar_2023,HP_Peak,anchor_only_Linear,size+peak,-,direct,none,p0.1|n40,wape,18.00772367070399,2,8,q4_bstar_o1a,physics
iter05b_quick_arm4_bstar_o1a,0,bstar_2023,HP_Peak,anchor_only_Linear,size+peak,-,direct,none,p0.1|n40,rmse,6.233940228046255,2,8,q4_bstar_o1a,physics
iter05b_quick_arm4_bstar_o1a,0,bstar_2023,HP_Peak,anchor_only_Linear,size+peak,-,direct,none,p0.1|n40,mae,5.78642760957891,2,8,q4_bstar_o1a,physics
iter05b_quick_arm4_bstar_o1a,0,bstar_2023,HP_Peak,anchor_only_Linear,size+peak,-,direct,none,p0.1|n40,mape,17.253041440424443,2,8,q4_bstar_o1a,physics
iter05b_quick_arm4_bstar_o1a,0,bstar_2023,HP_Peak,anchor_only_Linear,size+peak,-,direct,none,p0.1|n40,r2,0.10927671980769282,2,8,q4_bstar_o1a,physics
iter05b_quick_arm4_bstar_o1a,0,bstar_2023,HP_Peak,anchor_only_Linear,size+peak,-,direct,none,p0.1|n40,n_pred_nan,0.0,2,8,q4_bstar_o1a,physics
iter05b_quick_arm4_bstar_o1a,0,bstar_2023,HP_Peak,anchor_only_Linear,size+peak,-,direct,none,p0.1|n40,mape_n_excluded,0.0,2,8,q4_bstar_o1a,physics
iter05b_quick_arm4_bstar_o1a,0,bstar_2023,HP_Peak,anchor_only_Linear,size+peak,-,direct,none,p0.5|n10,wape,17.079330439032738,2,9,q4_bstar_o1a,physics
iter05b_quick_arm4_bstar_o1a,0,bstar_2023,HP_Peak,anchor_only_Linear,size+peak,-,direct,none,p0.5|n10,rmse,9.944681371398879,2,9,q4_bstar_o1a,physics
iter05b_quick_arm4_bstar_o1a,0,bstar_2023,HP_Peak,anchor_only_Linear,size+peak,-,direct,none,p0.5|n10,mae,8.069730516765935,2,9,q4_bstar_o1a,physics
iter05b_quick_arm4_bstar_o1a,0,bstar_2023,HP_Peak,anchor_only_Linear,size+peak,-,direct,none,p0.5|n10,mape,18.77782765252302,2,9,q4_bstar_o1a,physics
iter05b_quick_arm4_bstar_o1a,0,bstar_2023,HP_Peak,anchor_only_Linear,size+peak,-,direct,none,p0.5|n10,r2,-2.228551354233122,2,9,q4_bstar_o1a,physics
iter05b_quick_arm4_bstar_o1a,0,bstar_2023,HP_Peak,anchor_only_Linear,size+peak,-,direct,none,p0.5|n10,n_pred_nan,0.0,2,9,q4_bstar_o1a,physics
iter05b_quick_arm4_bstar_o1a,0,bstar_2023,HP_Peak,anchor_only_Linear,size+peak,-,direct,none,p0.5|n10,mape_n_excluded,0.0,2,9,q4_bstar_o1a,physics
iter05b_quick_arm4_bstar_o1a,0,bstar_2023,HP_Peak,anchor_only_XGBoost,size,-,direct,none,all,wape,70.26080002854505,8,17,q4_bstar_o1a,physics
iter05b_quick_arm4_bstar_o1a,0,bstar_2023,HP_Peak,anchor_only_XGBoost,size,-,direct,none,all,rmse,17.609196049836306,8,17,q4_bstar_o1a,physics
iter05b_quick_arm4_bstar_o1a,0,bstar_2023,HP_Peak,anchor_only_XGBoost,size,-,direct,none,all,mae,16.165941419799893,8,17,q4_bstar_o1a,physics
iter05b_quick_arm4_bstar_o1a,0,bstar_2023,HP_Peak,anchor_only_XGBoost,size,-,direct,none,all,mape,173.33510031692822,8,17,q4_bstar_o1a,physics
iter05b_quick_arm4_bstar_o1a,0,bstar_2023,HP_Peak,anchor_only_XGBoost,size,-,direct,none,all,r2,0.05507135413450115,8,17,q4_bstar_o1a,physics
iter05b_quick_arm4_bstar_o1a,0,bstar_2023,HP_Peak,anchor_only_XGBoost,size,-,direct,none,all,n_pred_nan,0.0,8,17,q4_bstar_o1a,physics
iter05b_quick_arm4_bstar_o1a,0,bstar_2023,HP_Peak,anchor_only_XGBoost,size,-,direct,none,all,mape_n_excluded,0.0,8,17,q4_bstar_o1a,physics
iter05b_quick_arm4_bstar_o1a,0,bstar_2023,HP_Peak,anchor_only_XGBoost,size,-,direct,none,all,wape_train,71.31924695523749,8,17,q4_bstar_o1a,physics
iter05b_quick_arm4_bstar_o1a,0,bstar_2023,HP_Peak,anchor_only_XGBoost,size,-,direct,none,all,wape_inner,71.2253392927193,8,17,q4_bstar_o1a,physics
iter05b_quick_arm4_bstar_o1a,0,bstar_2023,HP_Peak,anchor_only_XGBoost,size,-,direct,none,all,n_train_sub,24.0,8,17,q4_bstar_o1a,physics
iter05b_quick_arm4_bstar_o1a,0,bstar_2023,HP_Peak,anchor_only_XGBoost,size,-,direct,none,all,n_inner_sub,32.0,8,17,q4_bstar_o1a,physics
iter05b_quick_arm4_bstar_o1a,0,bstar_2023,HP_Peak,anchor_only_XGBoost,size,-,direct,none,all,n_test_sub,8.0,8,17,q4_bstar_o1a,physics
iter05b_quick_arm4_bstar_o1a,0,bstar_2023,HP_Peak,anchor_only_XGBoost,size,-,direct,none,all,n_overlap_sub,0.0,8,17,q4_bstar_o1a,physics
iter05b_quick_arm4_bstar_o1a,0,bstar_2023,HP_Peak,anchor_only_XGBoost,size,-,direct,none,pbin<=15,wape,91.2743509801971,6,12,q4_bstar_o1a,physics
iter05b_quick_arm4_bstar_o1a,0,bstar_2023,HP_Peak,anchor_only_XGBoost,size,-,direct,none,pbin<=15,rmse,14.65060487592066,6,12,q4_bstar_o1a,physics
iter05b_quick_arm4_bstar_o1a,0,bstar_2023,HP_Peak,anchor_only_XGBoost,size,-,direct,none,pbin<=15,mae,13.625860452799458,6,12,q4_bstar_o1a,physics
iter05b_quick_arm4_bstar_o1a,0,bstar_2023,HP_Peak,anchor_only_XGBoost,size,-,direct,none,pbin<=15,mape,214.5628457098598,6,12,q4_bstar_o1a,physics
iter05b_quick_arm4_bstar_o1a,0,bstar_2023,HP_Peak,anchor_only_XGBoost,size,-,direct,none,pbin<=15,r2,-0.29158216605767073,6,12,q4_bstar_o1a,physics
iter05b_quick_arm4_bstar_o1a,0,bstar_2023,HP_Peak,anchor_only_XGBoost,size,-,direct,none,pbin<=15,n_pred_nan,0.0,6,12,q4_bstar_o1a,physics
iter05b_quick_arm4_bstar_o1a,0,bstar_2023,HP_Peak,anchor_only_XGBoost,size,-,direct,none,pbin<=15,mape_n_excluded,0.0,6,12,q4_bstar_o1a,physics
iter05b_quick_arm4_bstar_o1a,0,bstar_2023,HP_Peak,anchor_only_XGBoost,size,-,direct,none,pbin35-65,wape,50.342709840763675,2,9,q4_bstar_o1a,physics
iter05b_quick_arm4_bstar_o1a,0,bstar_2023,HP_Peak,anchor_only_XGBoost,size,-,direct,none,pbin35-65,rmse,24.421598481574286,2,9,q4_bstar_o1a,physics
iter05b_quick_arm4_bstar_o1a,0,bstar_2023,HP_Peak,anchor_only_XGBoost,size,-,direct,none,pbin35-65,mae,23.786184320801215,2,9,q4_bstar_o1a,physics
iter05b_quick_arm4_bstar_o1a,0,bstar_2023,HP_Peak,anchor_only_XGBoost,size,-,direct,none,pbin35-65,mape,49.651864138133504,2,9,q4_bstar_o1a,physics
iter05b_quick_arm4_bstar_o1a,0,bstar_2023,HP_Peak,anchor_only_XGBoost,size,-,direct,none,pbin35-65,r2,-18.470366497407248,2,9,q4_bstar_o1a,physics
iter05b_quick_arm4_bstar_o1a,0,bstar_2023,HP_Peak,anchor_only_XGBoost,size,-,direct,none,pbin35-65,n_pred_nan,0.0,2,9,q4_bstar_o1a,physics
iter05b_quick_arm4_bstar_o1a,0,bstar_2023,HP_Peak,anchor_only_XGBoost,size,-,direct,none,pbin35-65,mape_n_excluded,0.0,2,9,q4_bstar_o1a,physics
iter05b_quick_arm4_bstar_o1a,0,bstar_2023,HP_Peak,anchor_only_XGBoost,size,-,direct,none,p0.1|n10,wape,270.87661990174865,4,4,q4_bstar_o1a,physics
iter05b_quick_arm4_bstar_o1a,0,bstar_2023,HP_Peak,anchor_only_XGBoost,size,-,direct,none,p0.1|n10,rmse,17.294822964870313,4,4,q4_bstar_o1a,physics
iter05b_quick_arm4_bstar_o1a,0,bstar_2023,HP_Peak,anchor_only_XGBoost,size,-,direct,none,p0.1|n10,mae,17.136150679199172,4,4,q4_bstar_o1a,physics
iter05b_quick_arm4_bstar_o1a,0,bstar_2023,HP_Peak,anchor_only_XGBoost,size,-,direct,none,p0.1|n10,mape,310.6323868807718,4,4,q4_bstar_o1a,physics
iter05b_quick_arm4_bstar_o1a,0,bstar_2023,HP_Peak,anchor_only_XGBoost,size,-,direct,none,p0.1|n10,r2,-53.749714634313285,4,4,q4_bstar_o1a,physics
iter05b_quick_arm4_bstar_o1a,0,bstar_2023,HP_Peak,anchor_only_XGBoost,size,-,direct,none,p0.1|n10,n_pred_nan,0.0,4,4,q4_bstar_o1a,physics
iter05b_quick_arm4_bstar_o1a,0,bstar_2023,HP_Peak,anchor_only_XGBoost,size,-,direct,none,p0.1|n10,mape_n_excluded,0.0,4,4,q4_bstar_o1a,physics
iter05b_quick_arm4_bstar_o1a,0,bstar_2023,HP_Peak,anchor_only_XGBoost,size,-,direct,none,p0.1|n40,wape,20.556043388622655,2,8,q4_bstar_o1a,physics
iter05b_quick_arm4_bstar_o1a,0,bstar_2023,HP_Peak,anchor_only_XGBoost,size,-,direct,none,p0.1|n40,rmse,6.760093706350497,2,8,q4_bstar_o1a,physics
iter05b_quick_arm4_bstar_o1a,0,bstar_2023,HP_Peak,anchor_only_XGBoost,size,-,direct,none,p0.1|n40,mae,6.605280000000027,2,8,q4_bstar_o1a,physics
iter05b_quick_arm4_bstar_o1a,0,bstar_2023,HP_Peak,anchor_only_XGBoost,size,-,direct,none,p0.1|n40,mape,22.423763368035825,2,8,q4_bstar_o1a,physics
iter05b_quick_arm4_bstar_o1a,0,bstar_2023,HP_Peak,anchor_only_XGBoost,size,-,direct,none,p0.1|n40,r2,-0.047425077591737974,2,8,q4_bstar_o1a,physics
iter05b_quick_arm4_bstar_o1a,0,bstar_2023,HP_Peak,anchor_only_XGBoost,size,-,direct,none,p0.1|n40,n_pred_nan,0.0,2,8,q4_bstar_o1a,physics
iter05b_quick_arm4_bstar_o1a,0,bstar_2023,HP_Peak,anchor_only_XGBoost,size,-,direct,none,p0.1|n40,mape_n_excluded,0.0,2,8,q4_bstar_o1a,physics
iter05b_quick_arm4_bstar_o1a,0,bstar_2023,HP_Peak,anchor_only_XGBoost,size,-,direct,none,p0.5|n10,wape,50.342709840763675,2,9,q4_bstar_o1a,physics
iter05b_quick_arm4_bstar_o1a,0,bstar_2023,HP_Peak,anchor_only_XGBoost,size,-,direct,none,p0.5|n10,rmse,24.421598481574286,2,9,q4_bstar_o1a,physics
iter05b_quick_arm4_bstar_o1a,0,bstar_2023,HP_Peak,anchor_only_XGBoost,size,-,direct,none,p0.5|n10,mae,23.786184320801215,2,9,q4_bstar_o1a,physics
iter05b_quick_arm4_bstar_o1a,0,bstar_2023,HP_Peak,anchor_only_XGBoost,size,-,direct,none,p0.5|n10,mape,49.651864138133504,2,9,q4_bstar_o1a,physics
iter05b_quick_arm4_bstar_o1a,0,bstar_2023,HP_Peak,anchor_only_XGBoost,size,-,direct,none,p0.5|n10,r2,-18.470366497407248,2,9,q4_bstar_o1a,physics
iter05b_quick_arm4_bstar_o1a,0,bstar_2023,HP_Peak,anchor_only_XGBoost,size,-,direct,none,p0.5|n10,n_pred_nan,0.0,2,9,q4_bstar_o1a,physics
iter05b_quick_arm4_bstar_o1a,0,bstar_2023,HP_Peak,anchor_only_XGBoost,size,-,direct,none,p0.5|n10,mape_n_excluded,0.0,2,9,q4_bstar_o1a,physics
iter05b_quick_arm4_bstar_o1a,0,bstar_2023,HP_Peak,anchor_only_XGBoost,peak,-,direct,none,all,wape,35.04306714356129,8,17,q4_bstar_o1a,physics
iter05b_quick_arm4_bstar_o1a,0,bstar_2023,HP_Peak,anchor_only_XGBoost,peak,-,direct,none,all,rmse,10.98825461089111,8,17,q4_bstar_o1a,physics
iter05b_quick_arm4_bstar_o1a,0,bstar_2023,HP_Peak,anchor_only_XGBoost,peak,-,direct,none,all,mae,8.062876744682256,8,17,q4_bstar_o1a,physics
iter05b_quick_arm4_bstar_o1a,0,bstar_2023,HP_Peak,anchor_only_XGBoost,peak,-,direct,none,all,mape,38.42264617087936,8,17,q4_bstar_o1a,physics
iter05b_quick_arm4_bstar_o1a,0,bstar_2023,HP_Peak,anchor_only_XGBoost,peak,-,direct,none,all,r2,0.6320596766680562,8,17,q4_bstar_o1a,physics
iter05b_quick_arm4_bstar_o1a,0,bstar_2023,HP_Peak,anchor_only_XGBoost,peak,-,direct,none,all,n_pred_nan,0.0,8,17,q4_bstar_o1a,physics
iter05b_quick_arm4_bstar_o1a,0,bstar_2023,HP_Peak,anchor_only_XGBoost,peak,-,direct,none,all,mape_n_excluded,0.0,8,17,q4_bstar_o1a,physics
iter05b_quick_arm4_bstar_o1a,0,bstar_2023,HP_Peak,anchor_only_XGBoost,peak,-,direct,none,all,wape_train,50.925129499136524,8,17,q4_bstar_o1a,physics
iter05b_quick_arm4_bstar_o1a,0,bstar_2023,HP_Peak,anchor_only_XGBoost,peak,-,direct,none,all,wape_inner,36.34074623388083,8,17,q4_bstar_o1a,physics
iter05b_quick_arm4_bstar_o1a,0,bstar_2023,HP_Peak,anchor_only_XGBoost,peak,-,direct,none,all,n_train_sub,24.0,8,17,q4_bstar_o1a,physics
iter05b_quick_arm4_bstar_o1a,0,bstar_2023,HP_Peak,anchor_only_XGBoost,peak,-,direct,none,all,n_inner_sub,32.0,8,17,q4_bstar_o1a,physics
iter05b_quick_arm4_bstar_o1a,0,bstar_2023,HP_Peak,anchor_only_XGBoost,peak,-,direct,none,all,n_test_sub,8.0,8,17,q4_bstar_o1a,physics
iter05b_quick_arm4_bstar_o1a,0,bstar_2023,HP_Peak,anchor_only_XGBoost,peak,-,direct,none,all,n_overlap_sub,0.0,8,17,q4_bstar_o1a,physics
iter05b_quick_arm4_bstar_o1a,0,bstar_2023,HP_Peak,anchor_only_XGBoost,peak,-,direct,none,pbin<=15,wape,42.76505599275991,6,12,q4_bstar_o1a,physics
iter05b_quick_arm4_bstar_o1a,0,bstar_2023,HP_Peak,anchor_only_XGBoost,peak,-,direct,none,pbin<=15,rmse,8.844450861377187,6,12,q4_bstar_o1a,physics
iter05b_quick_arm4_bstar_o1a,0,bstar_2023,HP_Peak,anchor_only_XGBoost,peak,-,direct,none,pbin<=15,mae,6.384166843760158,6,12,q4_bstar_o1a,physics
iter05b_quick_arm4_bstar_o1a,0,bstar_2023,HP_Peak,anchor_only_XGBoost,peak,-,direct,none,pbin<=15,mape,41.12655258893041,6,12,q4_bstar_o1a,physics
iter05b_quick_arm4_bstar_o1a,0,bstar_2023,HP_Peak,anchor_only_XGBoost,peak,-,direct,none,pbin<=15,r2,0.5292908124582953,6,12,q4_bstar_o1a,physics
iter05b_quick_arm4_bstar_o1a,0,bstar_2023,HP_Peak,anchor_only_XGBoost,peak,-,direct,none,pbin<=15,n_pred_nan,0.0,6,12,q4_bstar_o1a,physics
iter05b_quick_arm4_bstar_o1a,0,bstar_2023,HP_Peak,anchor_only_XGBoost,peak,-,direct,none,pbin<=15,mape_n_excluded,0.0,6,12,q4_bstar_o1a,physics
iter05b_quick_arm4_bstar_o1a,0,bstar_2023,HP_Peak,anchor_only_XGBoost,peak,-,direct,none,pbin35-65,wape,27.723634522141914,2,9,q4_bstar_o1a,physics
iter05b_quick_arm4_bstar_o1a,0,bstar_2023,HP_Peak,anchor_only_XGBoost,peak,-,direct,none,pbin35-65,rmse,15.757348268573997,2,9,q4_bstar_o1a,physics
iter05b_quick_arm4_bstar_o1a,0,bstar_2023,HP_Peak,anchor_only_XGBoost,peak,-,direct,none,pbin35-65,mae,13.099006447448556,2,9,q4_bstar_o1a,physics
iter05b_quick_arm4_bstar_o1a,0,bstar_2023,HP_Peak,anchor_only_XGBoost,peak,-,direct,none,pbin35-65,mape,30.310926916726196,2,9,q4_bstar_o1a,physics
iter05b_quick_arm4_bstar_o1a,0,bstar_2023,HP_Peak,anchor_only_XGBoost,peak,-,direct,none,pbin35-65,r2,-7.105731633039442,2,9,q4_bstar_o1a,physics
iter05b_quick_arm4_bstar_o1a,0,bstar_2023,HP_Peak,anchor_only_XGBoost,peak,-,direct,none,pbin35-65,n_pred_nan,0.0,2,9,q4_bstar_o1a,physics
iter05b_quick_arm4_bstar_o1a,0,bstar_2023,HP_Peak,anchor_only_XGBoost,peak,-,direct,none,pbin35-65,mape_n_excluded,0.0,2,9,q4_bstar_o1a,physics
iter05b_quick_arm4_bstar_o1a,0,bstar_2023,HP_Peak,anchor_only_XGBoost,peak,-,direct,none,p0.1|n10,wape,37.798137543251265,4,4,q4_bstar_o1a,physics
iter05b_quick_arm4_bstar_o1a,0,bstar_2023,HP_Peak,anchor_only_XGBoost,peak,-,direct,none,p0.1|n10,rmse,2.45455702600475,4,4,q4_bstar_o1a,physics
iter05b_quick_arm4_bstar_o1a,0,bstar_2023,HP_Peak,anchor_only_XGBoost,peak,-,direct,none,p0.1|n10,mae,2.3911793515777973,4,4,q4_bstar_o1a,physics
iter05b_quick_arm4_bstar_o1a,0,bstar_2023,HP_Peak,anchor_only_XGBoost,peak,-,direct,none,p0.1|n10,mape,39.68388959824038,4,4,q4_bstar_o1a,physics
iter05b_quick_arm4_bstar_o1a,0,bstar_2023,HP_Peak,anchor_only_XGBoost,peak,-,direct,none,p0.1|n10,r2,-0.10279774927064134,4,4,q4_bstar_o1a,physics
iter05b_quick_arm4_bstar_o1a,0,bstar_2023,HP_Peak,anchor_only_XGBoost,peak,-,direct,none,p0.1|n10,n_pred_nan,0.0,4,4,q4_bstar_o1a,physics
iter05b_quick_arm4_bstar_o1a,0,bstar_2023,HP_Peak,anchor_only_XGBoost,peak,-,direct,none,p0.1|n10,mape_n_excluded,0.0,4,4,q4_bstar_o1a,physics
iter05b_quick_arm4_bstar_o1a,0,bstar_2023,HP_Peak,anchor_only_XGBoost,peak,-,direct,none,p0.1|n40,wape,44.720777759549186,2,8,q4_bstar_o1a,physics
iter05b_quick_arm4_bstar_o1a,0,bstar_2023,HP_Peak,anchor_only_XGBoost,peak,-,direct,none,p0.1|n40,rmse,14.92056408887172,2,8,q4_bstar_o1a,physics
iter05b_quick_arm4_bstar_o1a,0,bstar_2023,HP_Peak,anchor_only_XGBoost,peak,-,direct,none,p0.1|n40,mae,14.370141828124877,2,8,q4_bstar_o1a,physics
iter05b_quick_arm4_bstar_o1a,0,bstar_2023,HP_Peak,anchor_only_XGBoost,peak,-,direct,none,p0.1|n40,mape,44.011878570310486,2,8,q4_bstar_o1a,physics
iter05b_quick_arm4_bstar_o1a,0,bstar_2023,HP_Peak,anchor_only_XGBoost,peak,-,direct,none,p0.1|n40,r2,-4.102558827798171,2,8,q4_bstar_o1a,physics
iter05b_quick_arm4_bstar_o1a,0,bstar_2023,HP_Peak,anchor_only_XGBoost,peak,-,direct,none,p0.1|n40,n_pred_nan,0.0,2,8,q4_bstar_o1a,physics
iter05b_quick_arm4_bstar_o1a,0,bstar_2023,HP_Peak,anchor_only_XGBoost,peak,-,direct,none,p0.1|n40,mape_n_excluded,0.0,2,8,q4_bstar_o1a,physics
iter05b_quick_arm4_bstar_o1a,0,bstar_2023,HP_Peak,anchor_only_XGBoost,peak,-,direct,none,p0.5|n10,wape,27.723634522141914,2,9,q4_bstar_o1a,physics
iter05b_quick_arm4_bstar_o1a,0,bstar_2023,HP_Peak,anchor_only_XGBoost,peak,-,direct,none,p0.5|n10,rmse,15.757348268573997,2,9,q4_bstar_o1a,physics
iter05b_quick_arm4_bstar_o1a,0,bstar_2023,HP_Peak,anchor_only_XGBoost,peak,-,direct,none,p0.5|n10,mae,13.099006447448556,2,9,q4_bstar_o1a,physics
iter05b_quick_arm4_bstar_o1a,0,bstar_2023,HP_Peak,anchor_only_XGBoost,peak,-,direct,none,p0.5|n10,mape,30.310926916726196,2,9,q4_bstar_o1a,physics
iter05b_quick_arm4_bstar_o1a,0,bstar_2023,HP_Peak,anchor_only_XGBoost,peak,-,direct,none,p0.5|n10,r2,-7.105731633039442,2,9,q4_bstar_o1a,physics
iter05b_quick_arm4_bstar_o1a,0,bstar_2023,HP_Peak,anchor_only_XGBoost,peak,-,direct,none,p0.5|n10,n_pred_nan,0.0,2,9,q4_bstar_o1a,physics
iter05b_quick_arm4_bstar_o1a,0,bstar_2023,HP_Peak,anchor_only_XGBoost,peak,-,direct,none,p0.5|n10,mape_n_excluded,0.0,2,9,q4_bstar_o1a,physics
iter05b_quick_arm4_bstar_o1a,0,bstar_2023,HP_Peak,anchor_only_XGBoost,size+peak,-,direct,none,all,wape,41.86951299510636,8,17,q4_bstar_o1a,physics
iter05b_quick_arm4_bstar_o1a,0,bstar_2023,HP_Peak,anchor_only_XGBoost,size+peak,-,direct,none,all,rmse,13.40199050795942,8,17,q4_bstar_o1a,physics
iter05b_quick_arm4_bstar_o1a,0,bstar_2023,HP_Peak,anchor_only_XGBoost,size+peak,-,direct,none,all,mae,9.633538104881385,8,17,q4_bstar_o1a,physics
iter05b_quick_arm4_bstar_o1a,0,bstar_2023,HP_Peak,anchor_only_XGBoost,size+peak,-,direct,none,all,mape,41.119395179752324,8,17,q4_bstar_o1a,physics
iter05b_quick_arm4_bstar_o1a,0,bstar_2023,HP_Peak,anchor_only_XGBoost,size+peak,-,direct,none,all,r2,0.45265825845035934,8,17,q4_bstar_o1a,physics
iter05b_quick_arm4_bstar_o1a,0,bstar_2023,HP_Peak,anchor_only_XGBoost,size+peak,-,direct,none,all,n_pred_nan,0.0,8,17,q4_bstar_o1a,physics
iter05b_quick_arm4_bstar_o1a,0,bstar_2023,HP_Peak,anchor_only_XGBoost,size+peak,-,direct,none,all,mape_n_excluded,0.0,8,17,q4_bstar_o1a,physics
iter05b_quick_arm4_bstar_o1a,0,bstar_2023,HP_Peak,anchor_only_XGBoost,size+peak,-,direct,none,all,wape_train,52.224141499644396,8,17,q4_bstar_o1a,physics
iter05b_quick_arm4_bstar_o1a,0,bstar_2023,HP_Peak,anchor_only_XGBoost,size+peak,-,direct,none,all,wape_inner,38.31711395271306,8,17,q4_bstar_o1a,physics
iter05b_quick_arm4_bstar_o1a,0,bstar_2023,HP_Peak,anchor_only_XGBoost,size+peak,-,direct,none,all,n_train_sub,24.0,8,17,q4_bstar_o1a,physics
iter05b_quick_arm4_bstar_o1a,0,bstar_2023,HP_Peak,anchor_only_XGBoost,size+peak,-,direct,none,all,n_inner_sub,32.0,8,17,q4_bstar_o1a,physics
iter05b_quick_arm4_bstar_o1a,0,bstar_2023,HP_Peak,anchor_only_XGBoost,size+peak,-,direct,none,all,n_test_sub,8.0,8,17,q4_bstar_o1a,physics
iter05b_quick_arm4_bstar_o1a,0,bstar_2023,HP_Peak,anchor_only_XGBoost,size+peak,-,direct,none,all,n_overlap_sub,0.0,8,17,q4_bstar_o1a,physics
iter05b_quick_arm4_bstar_o1a,0,bstar_2023,HP_Peak,anchor_only_XGBoost,size+peak,-,direct,none,pbin<=15,wape,53.998930835363765,6,12,q4_bstar_o1a,physics
iter05b_quick_arm4_bstar_o1a,0,bstar_2023,HP_Peak,anchor_only_XGBoost,size+peak,-,direct,none,pbin<=15,rmse,11.776634967676285,6,12,q4_bstar_o1a,physics
iter05b_quick_arm4_bstar_o1a,0,bstar_2023,HP_Peak,anchor_only_XGBoost,size+peak,-,direct,none,pbin<=15,mae,8.061212030120835,6,12,q4_bstar_o1a,physics
iter05b_quick_arm4_bstar_o1a,0,bstar_2023,HP_Peak,anchor_only_XGBoost,size+peak,-,direct,none,pbin<=15,mape,43.73798920279803,6,12,q4_bstar_o1a,physics
iter05b_quick_arm4_bstar_o1a,0,bstar_2023,HP_Peak,anchor_only_XGBoost,size+peak,-,direct,none,pbin<=15,r2,0.16544808918457654,6,12,q4_bstar_o1a,physics
iter05b_quick_arm4_bstar_o1a,0,bstar_2023,HP_Peak,anchor_only_XGBoost,size+peak,-,direct,none,pbin<=15,n_pred_nan,0.0,6,12,q4_bstar_o1a,physics
iter05b_quick_arm4_bstar_o1a,0,bstar_2023,HP_Peak,anchor_only_XGBoost,size+peak,-,direct,none,pbin<=15,mape_n_excluded,0.0,6,12,q4_bstar_o1a,physics
iter05b_quick_arm4_bstar_o1a,0,bstar_2023,HP_Peak,anchor_only_XGBoost,size+peak,-,direct,none,pbin35-65,wape,30.372415763734434,2,9,q4_bstar_o1a,physics
iter05b_quick_arm4_bstar_o1a,0,bstar_2023,HP_Peak,anchor_only_XGBoost,size+peak,-,direct,none,pbin35-65,rmse,17.389249691003066,2,9,q4_bstar_o1a,physics
iter05b_quick_arm4_bstar_o1a,0,bstar_2023,HP_Peak,anchor_only_XGBoost,size+peak,-,direct,none,pbin35-65,mae,14.350516329163032,2,9,q4_bstar_o1a,physics
iter05b_quick_arm4_bstar_o1a,0,bstar_2023,HP_Peak,anchor_only_XGBoost,size+peak,-,direct,none,pbin35-65,mape,33.2636131106152,2,9,q4_bstar_o1a,physics
iter05b_quick_arm4_bstar_o1a,0,bstar_2023,HP_Peak,anchor_only_XGBoost,size+peak,-,direct,none,pbin35-65,r2,-8.871602065272624,2,9,q4_bstar_o1a,physics
iter05b_quick_arm4_bstar_o1a,0,bstar_2023,HP_Peak,anchor_only_XGBoost,size+peak,-,direct,none,pbin35-65,n_pred_nan,0.0,2,9,q4_bstar_o1a,physics
iter05b_quick_arm4_bstar_o1a,0,bstar_2023,HP_Peak,anchor_only_XGBoost,size+peak,-,direct,none,pbin35-65,mape_n_excluded,0.0,2,9,q4_bstar_o1a,physics
iter05b_quick_arm4_bstar_o1a,0,bstar_2023,HP_Peak,anchor_only_XGBoost,size+peak,-,direct,none,p0.1|n10,wape,34.65158573837604,4,4,q4_bstar_o1a,physics
iter05b_quick_arm4_bstar_o1a,0,bstar_2023,HP_Peak,anchor_only_XGBoost,size+peak,-,direct,none,p0.1|n10,rmse,2.3636090355887407,4,4,q4_bstar_o1a,physics
iter05b_quick_arm4_bstar_o1a,0,bstar_2023,HP_Peak,anchor_only_XGBoost,size+peak,-,direct,none,p0.1|n10,mae,2.1921227262115863,4,4,q4_bstar_o1a,physics
iter05b_quick_arm4_bstar_o1a,0,bstar_2023,HP_Peak,anchor_only_XGBoost,size+peak,-,direct,none,p0.1|n10,mape,34.6377589758711,4,4,q4_bstar_o1a,physics
iter05b_quick_arm4_bstar_o1a,0,bstar_2023,HP_Peak,anchor_only_XGBoost,size+peak,-,direct,none,p0.1|n10,r2,-0.022588492923774517,4,4,q4_bstar_o1a,physics
iter05b_quick_arm4_bstar_o1a,0,bstar_2023,HP_Peak,anchor_only_XGBoost,size+peak,-,direct,none,p0.1|n10,n_pred_nan,0.0,4,4,q4_bstar_o1a,physics
iter05b_quick_arm4_bstar_o1a,0,bstar_2023,HP_Peak,anchor_only_XGBoost,size+peak,-,direct,none,p0.1|n10,mape_n_excluded,0.0,4,4,q4_bstar_o1a,physics
iter05b_quick_arm4_bstar_o1a,0,bstar_2023,HP_Peak,anchor_only_XGBoost,size+peak,-,direct,none,p0.1|n40,wape,61.616938725045486,2,8,q4_bstar_o1a,physics
iter05b_quick_arm4_bstar_o1a,0,bstar_2023,HP_Peak,anchor_only_XGBoost,size+peak,-,direct,none,p0.1|n40,rmse,20.121980472593993,2,8,q4_bstar_o1a,physics
iter05b_quick_arm4_bstar_o1a,0,bstar_2023,HP_Peak,anchor_only_XGBoost,size+peak,-,direct,none,p0.1|n40,mae,19.799390637939332,2,8,q4_bstar_o1a,physics
iter05b_quick_arm4_bstar_o1a,0,bstar_2023,HP_Peak,anchor_only_XGBoost,size+peak,-,direct,none,p0.1|n40,mape,61.9384496566519,2,8,q4_bstar_o1a,physics
iter05b_quick_arm4_bstar_o1a,0,bstar_2023,HP_Peak,anchor_only_XGBoost,size+peak,-,direct,none,p0.1|n40,r2,-8.28023517334025,2,8,q4_bstar_o1a,physics
iter05b_quick_arm4_bstar_o1a,0,bstar_2023,HP_Peak,anchor_only_XGBoost,size+peak,-,direct,none,p0.1|n40,n_pred_nan,0.0,2,8,q4_bstar_o1a,physics
iter05b_quick_arm4_bstar_o1a,0,bstar_2023,HP_Peak,anchor_only_XGBoost,size+peak,-,direct,none,p0.1|n40,mape_n_excluded,0.0,2,8,q4_bstar_o1a,physics
iter05b_quick_arm4_bstar_o1a,0,bstar_2023,HP_Peak,anchor_only_XGBoost,size+peak,-,direct,none,p0.5|n10,wape,30.372415763734434,2,9,q4_bstar_o1a,physics
iter05b_quick_arm4_bstar_o1a,0,bstar_2023,HP_Peak,anchor_only_XGBoost,size+peak,-,direct,none,p0.5|n10,rmse,17.389249691003066,2,9,q4_bstar_o1a,physics
iter05b_quick_arm4_bstar_o1a,0,bstar_2023,HP_Peak,anchor_only_XGBoost,size+peak,-,direct,none,p0.5|n10,mae,14.350516329163032,2,9,q4_bstar_o1a,physics
iter05b_quick_arm4_bstar_o1a,0,bstar_2023,HP_Peak,anchor_only_XGBoost,size+peak,-,direct,none,p0.5|n10,mape,33.2636131106152,2,9,q4_bstar_o1a,physics
iter05b_quick_arm4_bstar_o1a,0,bstar_2023,HP_Peak,anchor_only_XGBoost,size+peak,-,direct,none,p0.5|n10,r2,-8.871602065272624,2,9,q4_bstar_o1a,physics
iter05b_quick_arm4_bstar_o1a,0,bstar_2023,HP_Peak,anchor_only_XGBoost,size+peak,-,direct,none,p0.5|n10,n_pred_nan,0.0,2,9,q4_bstar_o1a,physics
iter05b_quick_arm4_bstar_o1a,0,bstar_2023,HP_Peak,anchor_only_XGBoost,size+peak,-,direct,none,p0.5|n10,mape_n_excluded,0.0,2,9,q4_bstar_o1a,physics
iter05b_quick_arm4_bstar_o1a,0,bstar_2023,HP_Peak,oracle_O1,none,-,-,-,all,wape,29.366915292128194,8,17,q4_bstar_o1a,physics
iter05b_quick_arm4_bstar_o1a,0,bstar_2023,HP_Peak,oracle_O1,none,-,-,-,all,rmse,10.403483268464324,8,17,q4_bstar_o1a,physics
iter05b_quick_arm4_bstar_o1a,0,bstar_2023,HP_Peak,oracle_O1,none,-,-,-,all,mae,6.756880537937151,8,17,q4_bstar_o1a,physics
iter05b_quick_arm4_bstar_o1a,0,bstar_2023,HP_Peak,oracle_O1,none,-,-,-,all,mape,26.00004870909603,8,17,q4_bstar_o1a,physics
iter05b_quick_arm4_bstar_o1a,0,bstar_2023,HP_Peak,oracle_O1,none,-,-,-,all,r2,0.6701796077955395,8,17,q4_bstar_o1a,physics
iter05b_quick_arm4_bstar_o1a,0,bstar_2023,HP_Peak,oracle_O1,none,-,-,-,all,n_pred_nan,0.0,8,17,q4_bstar_o1a,physics
iter05b_quick_arm4_bstar_o1a,0,bstar_2023,HP_Peak,oracle_O1,none,-,-,-,all,mape_n_excluded,0.0,8,17,q4_bstar_o1a,physics
iter05b_quick_arm4_bstar_o1a,0,bstar_2023,HP_Peak,oracle_O1,none,-,-,-,all,n_invalid,0.0,8,17,q4_bstar_o1a,physics
iter05b_quick_arm4_bstar_o1a,0,bstar_2023,HP_Peak,oracle_O1,none,-,-,-,pbin<=15,wape,35.181853322954474,6,12,q4_bstar_o1a,physics
iter05b_quick_arm4_bstar_o1a,0,bstar_2023,HP_Peak,oracle_O1,none,-,-,-,pbin<=15,rmse,8.868585104604653,6,12,q4_bstar_o1a,physics
iter05b_quick_arm4_bstar_o1a,0,bstar_2023,HP_Peak,oracle_O1,none,-,-,-,pbin<=15,mae,5.252111011487155,6,12,q4_bstar_o1a,physics
iter05b_quick_arm4_bstar_o1a,0,bstar_2023,HP_Peak,oracle_O1,none,-,-,-,pbin<=15,mape,25.903693051431286,6,12,q4_bstar_o1a,physics
iter05b_quick_arm4_bstar_o1a,0,bstar_2023,HP_Peak,oracle_O1,none,-,-,-,pbin<=15,r2,0.5267184176871682,6,12,q4_bstar_o1a,physics
iter05b_quick_arm4_bstar_o1a,0,bstar_2023,HP_Peak,oracle_O1,none,-,-,-,pbin<=15,n_pred_nan,0.0,6,12,q4_bstar_o1a,physics
iter05b_quick_arm4_bstar_o1a,0,bstar_2023,HP_Peak,oracle_O1,none,-,-,-,pbin<=15,mape_n_excluded,0.0,6,12,q4_bstar_o1a,physics
iter05b_quick_arm4_bstar_o1a,0,bstar_2023,HP_Peak,oracle_O1,none,-,-,-,pbin35-65,wape,23.85511671982396,2,9,q4_bstar_o1a,physics
iter05b_quick_arm4_bstar_o1a,0,bstar_2023,HP_Peak,oracle_O1,none,-,-,-,pbin35-65,rmse,14.034758679650391,2,9,q4_bstar_o1a,physics
iter05b_quick_arm4_bstar_o1a,0,bstar_2023,HP_Peak,oracle_O1,none,-,-,-,pbin35-65,mae,11.271189117287136,2,9,q4_bstar_o1a,physics
iter05b_quick_arm4_bstar_o1a,0,bstar_2023,HP_Peak,oracle_O1,none,-,-,-,pbin35-65,mape,26.28911568209026,2,9,q4_bstar_o1a,physics
iter05b_quick_arm4_bstar_o1a,0,bstar_2023,HP_Peak,oracle_O1,none,-,-,-,pbin35-65,r2,-5.430368364486503,2,9,q4_bstar_o1a,physics
iter05b_quick_arm4_bstar_o1a,0,bstar_2023,HP_Peak,oracle_O1,none,-,-,-,pbin35-65,n_pred_nan,0.0,2,9,q4_bstar_o1a,physics
iter05b_quick_arm4_bstar_o1a,0,bstar_2023,HP_Peak,oracle_O1,none,-,-,-,pbin35-65,mape_n_excluded,0.0,2,9,q4_bstar_o1a,physics
iter05b_quick_arm4_bstar_o1a,0,bstar_2023,HP_Peak,oracle_O1,none,-,-,-,p0.1|n10,wape,26.872770435079996,4,4,q4_bstar_o1a,physics
iter05b_quick_arm4_bstar_o1a,0,bstar_2023,HP_Peak,oracle_O1,none,-,-,-,p0.1|n10,rmse,2.4656605157275613,4,4,q4_bstar_o1a,physics
iter05b_quick_arm4_bstar_o1a,0,bstar_2023,HP_Peak,oracle_O1,none,-,-,-,p0.1|n10,mae,1.7000206348930695,4,4,q4_bstar_o1a,physics
iter05b_quick_arm4_bstar_o1a,0,bstar_2023,HP_Peak,oracle_O1,none,-,-,-,p0.1|n10,mape,21.596923075210047,4,4,q4_bstar_o1a,physics
iter05b_quick_arm4_bstar_o1a,0,bstar_2023,HP_Peak,oracle_O1,none,-,-,-,p0.1|n10,r2,-0.11279759772118414,4,4,q4_bstar_o1a,physics
iter05b_quick_arm4_bstar_o1a,0,bstar_2023,HP_Peak,oracle_O1,none,-,-,-,p0.1|n10,n_pred_nan,0.0,4,4,q4_bstar_o1a,physics
iter05b_quick_arm4_bstar_o1a,0,bstar_2023,HP_Peak,oracle_O1,none,-,-,-,p0.1|n10,mape_n_excluded,0.0,4,4,q4_bstar_o1a,physics
iter05b_quick_arm4_bstar_o1a,0,bstar_2023,HP_Peak,oracle_O1,none,-,-,-,p0.1|n40,wape,38.453550740793084,2,8,q4_bstar_o1a,physics
iter05b_quick_arm4_bstar_o1a,0,bstar_2023,HP_Peak,oracle_O1,none,-,-,-,p0.1|n40,rmse,14.959827596440102,2,8,q4_bstar_o1a,physics
iter05b_quick_arm4_bstar_o1a,0,bstar_2023,HP_Peak,oracle_O1,none,-,-,-,p0.1|n40,mae,12.356291764675326,2,8,q4_bstar_o1a,physics
iter05b_quick_arm4_bstar_o1a,0,bstar_2023,HP_Peak,oracle_O1,none,-,-,-,p0.1|n40,mape,34.51723300387377,2,8,q4_bstar_o1a,physics
iter05b_quick_arm4_bstar_o1a,0,bstar_2023,HP_Peak,oracle_O1,none,-,-,-,p0.1|n40,r2,-4.129448958672074,2,8,q4_bstar_o1a,physics
iter05b_quick_arm4_bstar_o1a,0,bstar_2023,HP_Peak,oracle_O1,none,-,-,-,p0.1|n40,n_pred_nan,0.0,2,8,q4_bstar_o1a,physics
iter05b_quick_arm4_bstar_o1a,0,bstar_2023,HP_Peak,oracle_O1,none,-,-,-,p0.1|n40,mape_n_excluded,0.0,2,8,q4_bstar_o1a,physics
iter05b_quick_arm4_bstar_o1a,0,bstar_2023,HP_Peak,oracle_O1,none,-,-,-,p0.5|n10,wape,23.85511671982396,2,9,q4_bstar_o1a,physics
iter05b_quick_arm4_bstar_o1a,0,bstar_2023,HP_Peak,oracle_O1,none,-,-,-,p0.5|n10,rmse,14.034758679650391,2,9,q4_bstar_o1a,physics
iter05b_quick_arm4_bstar_o1a,0,bstar_2023,HP_Peak,oracle_O1,none,-,-,-,p0.5|n10,mae,11.271189117287136,2,9,q4_bstar_o1a,physics
iter05b_quick_arm4_bstar_o1a,0,bstar_2023,HP_Peak,oracle_O1,none,-,-,-,p0.5|n10,mape,26.28911568209026,2,9,q4_bstar_o1a,physics
iter05b_quick_arm4_bstar_o1a,0,bstar_2023,HP_Peak,oracle_O1,none,-,-,-,p0.5|n10,r2,-5.430368364486503,2,9,q4_bstar_o1a,physics
iter05b_quick_arm4_bstar_o1a,0,bstar_2023,HP_Peak,oracle_O1,none,-,-,-,p0.5|n10,n_pred_nan,0.0,2,9,q4_bstar_o1a,physics
iter05b_quick_arm4_bstar_o1a,0,bstar_2023,HP_Peak,oracle_O1,none,-,-,-,p0.5|n10,mape_n_excluded,0.0,2,9,q4_bstar_o1a,physics
iter05b_quick_arm4_bstar_o1a,0,bstar_2023,HP_Peak,oracle_O2,none,-,-,-,all,wape,0.5165709598432461,8,17,q4_bstar_o1a,physics
iter05b_quick_arm4_bstar_o1a,0,bstar_2023,HP_Peak,oracle_O2,none,-,-,-,all,rmse,0.18299885954177147,8,17,q4_bstar_o1a,physics
iter05b_quick_arm4_bstar_o1a,0,bstar_2023,HP_Peak,oracle_O2,none,-,-,-,all,mae,0.11885512081563254,8,17,q4_bstar_o1a,physics
iter05b_quick_arm4_bstar_o1a,0,bstar_2023,HP_Peak,oracle_O2,none,-,-,-,all,mape,0.6696252742383068,8,17,q4_bstar_o1a,physics
iter05b_quick_arm4_bstar_o1a,0,bstar_2023,HP_Peak,oracle_O2,none,-,-,-,all,r2,0.9998979491270436,8,17,q4_bstar_o1a,physics
iter05b_quick_arm4_bstar_o1a,0,bstar_2023,HP_Peak,oracle_O2,none,-,-,-,all,n_pred_nan,0.0,8,17,q4_bstar_o1a,physics
iter05b_quick_arm4_bstar_o1a,0,bstar_2023,HP_Peak,oracle_O2,none,-,-,-,all,mape_n_excluded,0.0,8,17,q4_bstar_o1a,physics
iter05b_quick_arm4_bstar_o1a,0,bstar_2023,HP_Peak,oracle_O2,none,-,-,-,all,n_invalid,0.0,8,17,q4_bstar_o1a,physics
iter05b_quick_arm4_bstar_o1a,0,bstar_2023,HP_Peak,oracle_O2,none,-,-,-,pbin<=15,wape,0.9170526085953907,6,12,q4_bstar_o1a,physics
iter05b_quick_arm4_bstar_o1a,0,bstar_2023,HP_Peak,oracle_O2,none,-,-,-,pbin<=15,rmse,0.2076519027918499,6,12,q4_bstar_o1a,physics
iter05b_quick_arm4_bstar_o1a,0,bstar_2023,HP_Peak,oracle_O2,none,-,-,-,pbin<=15,mae,0.13690188687627666,6,12,q4_bstar_o1a,physics
iter05b_quick_arm4_bstar_o1a,0,bstar_2023,HP_Peak,oracle_O2,none,-,-,-,pbin<=15,mape,0.848236159304139,6,12,q4_bstar_o1a,physics
iter05b_quick_arm4_bstar_o1a,0,bstar_2023,HP_Peak,oracle_O2,none,-,-,-,pbin<=15,r2,0.9997405326247777,6,12,q4_bstar_o1a,physics
iter05b_quick_arm4_bstar_o1a,0,bstar_2023,HP_Peak,oracle_O2,none,-,-,-,pbin<=15,n_pred_nan,0.0,6,12,q4_bstar_o1a,physics
iter05b_quick_arm4_bstar_o1a,0,bstar_2023,HP_Peak,oracle_O2,none,-,-,-,pbin<=15,mape_n_excluded,0.0,6,12,q4_bstar_o1a,physics
iter05b_quick_arm4_bstar_o1a,0,bstar_2023,HP_Peak,oracle_O2,none,-,-,-,pbin35-65,wape,0.13696688356172276,2,9,q4_bstar_o1a,physics
iter05b_quick_arm4_bstar_o1a,0,bstar_2023,HP_Peak,oracle_O2,none,-,-,-,pbin35-65,rmse,0.06779669737626139,2,9,q4_bstar_o1a,physics
iter05b_quick_arm4_bstar_o1a,0,bstar_2023,HP_Peak,oracle_O2,none,-,-,-,pbin35-65,mae,0.06471482263370021,2,9,q4_bstar_o1a,physics
iter05b_quick_arm4_bstar_o1a,0,bstar_2023,HP_Peak,oracle_O2,none,-,-,-,pbin35-65,mape,0.13379261904080952,2,9,q4_bstar_o1a,physics
iter05b_quick_arm4_bstar_o1a,0,bstar_2023,HP_Peak,oracle_O2,none,-,-,-,pbin35-65,r2,0.9998499475710974,2,9,q4_bstar_o1a,physics
iter05b_quick_arm4_bstar_o1a,0,bstar_2023,HP_Peak,oracle_O2,none,-,-,-,pbin35-65,n_pred_nan,0.0,2,9,q4_bstar_o1a,physics
iter05b_quick_arm4_bstar_o1a,0,bstar_2023,HP_Peak,oracle_O2,none,-,-,-,pbin35-65,mape_n_excluded,0.0,2,9,q4_bstar_o1a,physics
iter05b_quick_arm4_bstar_o1a,0,bstar_2023,HP_Peak,oracle_O2,none,-,-,-,p0.1|n10,wape,0.9180150555038584,4,4,q4_bstar_o1a,physics
iter05b_quick_arm4_bstar_o1a,0,bstar_2023,HP_Peak,oracle_O2,none,-,-,-,p0.1|n10,rmse,0.08447953558021452,4,4,q4_bstar_o1a,physics
iter05b_quick_arm4_bstar_o1a,0,bstar_2023,HP_Peak,oracle_O2,none,-,-,-,p0.1|n10,mae,0.058075312378726096,4,4,q4_bstar_o1a,physics
iter05b_quick_arm4_bstar_o1a,0,bstar_2023,HP_Peak,oracle_O2,none,-,-,-,p0.1|n10,mape,0.7375918512606974,4,4,q4_bstar_o1a,physics
iter05b_quick_arm4_bstar_o1a,0,bstar_2023,HP_Peak,oracle_O2,none,-,-,-,p0.1|n10,r2,0.9986936707426498,4,4,q4_bstar_o1a,physics
iter05b_quick_arm4_bstar_o1a,0,bstar_2023,HP_Peak,oracle_O2,none,-,-,-,p0.1|n10,n_pred_nan,0.0,4,4,q4_bstar_o1a,physics
iter05b_quick_arm4_bstar_o1a,0,bstar_2023,HP_Peak,oracle_O2,none,-,-,-,p0.1|n10,mape_n_excluded,0.0,4,4,q4_bstar_o1a,physics
iter05b_quick_arm4_bstar_o1a,0,bstar_2023,HP_Peak,oracle_O2,none,-,-,-,p0.1|n40,wape,0.916673645584944,2,8,q4_bstar_o1a,physics
iter05b_quick_arm4_bstar_o1a,0,bstar_2023,HP_Peak,oracle_O2,none,-,-,-,p0.1|n40,rmse,0.33924085003951127,2,8,q4_bstar_o1a,physics
iter05b_quick_arm4_bstar_o1a,0,bstar_2023,HP_Peak,oracle_O2,none,-,-,-,p0.1|n40,mae,0.29455503587137777,2,8,q4_bstar_o1a,physics
iter05b_quick_arm4_bstar_o1a,0,bstar_2023,HP_Peak,oracle_O2,none,-,-,-,p0.1|n40,mape,1.0695247753910226,2,8,q4_bstar_o1a,physics
iter05b_quick_arm4_bstar_o1a,0,bstar_2023,HP_Peak,oracle_O2,none,-,-,-,p0.1|n40,r2,0.9973622488499748,2,8,q4_bstar_o1a,physics
iter05b_quick_arm4_bstar_o1a,0,bstar_2023,HP_Peak,oracle_O2,none,-,-,-,p0.1|n40,n_pred_nan,0.0,2,8,q4_bstar_o1a,physics
iter05b_quick_arm4_bstar_o1a,0,bstar_2023,HP_Peak,oracle_O2,none,-,-,-,p0.1|n40,mape_n_excluded,0.0,2,8,q4_bstar_o1a,physics
iter05b_quick_arm4_bstar_o1a,0,bstar_2023,HP_Peak,oracle_O2,none,-,-,-,p0.5|n10,wape,0.13696688356172276,2,9,q4_bstar_o1a,physics
iter05b_quick_arm4_bstar_o1a,0,bstar_2023,HP_Peak,oracle_O2,none,-,-,-,p0.5|n10,rmse,0.06779669737626139,2,9,q4_bstar_o1a,physics
iter05b_quick_arm4_bstar_o1a,0,bstar_2023,HP_Peak,oracle_O2,none,-,-,-,p0.5|n10,mae,0.06471482263370021,2,9,q4_bstar_o1a,physics
iter05b_quick_arm4_bstar_o1a,0,bstar_2023,HP_Peak,oracle_O2,none,-,-,-,p0.5|n10,mape,0.13379261904080952,2,9,q4_bstar_o1a,physics
iter05b_quick_arm4_bstar_o1a,0,bstar_2023,HP_Peak,oracle_O2,none,-,-,-,p0.5|n10,r2,0.9998499475710974,2,9,q4_bstar_o1a,physics
iter05b_quick_arm4_bstar_o1a,0,bstar_2023,HP_Peak,oracle_O2,none,-,-,-,p0.5|n10,n_pred_nan,0.0,2,9,q4_bstar_o1a,physics
iter05b_quick_arm4_bstar_o1a,0,bstar_2023,HP_Peak,oracle_O2,none,-,-,-,p0.5|n10,mape_n_excluded,0.0,2,9,q4_bstar_o1a,physics
iter05b_quick_arm4_bstar_o1a,0,bstar_2023,HP_Peak,oracle_floor,none,-,-,-,household,cv_peak_per_sh,0.4367455056052413,0,86,q4_bstar_o1a,physics
iter05b_quick_arm4_bstar_o1a,0,bstar_2023,HP_Peak,oracle_floor,none,-,-,-,n_hp=1,cv_peak_per_sh,0.3095604478516291,4,-1,q4_bstar_o1a,physics
iter05b_quick_arm4_bstar_o1a,0,bstar_2023,HP_Peak,oracle_floor,none,-,-,-,n_hp=4,cv_peak_per_sh,0.2924311277130841,2,-1,q4_bstar_o1a,physics
iter05b_quick_arm4_bstar_o1a,0,bstar_2023,HP_Peak,oracle_floor,none,-,-,-,n_hp=5,cv_peak_per_sh,0.3318446708799568,2,-1,q4_bstar_o1a,physics
