exp_id,split_seed,dataset,target,method,anchor,feature_set,mode,target_transform,cell,metric,value,n_substations,n_hp_households,arm,family
iter05b_arm4_bstar_o1a,0,bstar_2023,HP_Peak,slope_only,none,-,-,-,all,wape,14.84382451262912,135,20,arm4_bstar_o1a,physics
iter05b_arm4_bstar_o1a,0,bstar_2023,HP_Peak,slope_only,none,-,-,-,all,rmse,7.5113579540175035,135,20,arm4_bstar_o1a,physics
iter05b_arm4_bstar_o1a,0,bstar_2023,HP_Peak,slope_only,none,-,-,-,all,mae,5.334135375685678,135,20,arm4_bstar_o1a,physics
iter05b_arm4_bstar_o1a,0,bstar_2023,HP_Peak,slope_only,none,-,-,-,all,mape,17.555478289856254,135,20,arm4_bstar_o1a,physics
iter05b_arm4_bstar_o1a,0,bstar_2023,HP_Peak,slope_only,none,-,-,-,all,r2,0.9376424496659176,135,20,arm4_bstar_o1a,physics
iter05b_arm4_bstar_o1a,0,bstar_2023,HP_Peak,slope_only,none,-,-,-,all,n_pred_nan,0.0,135,20,arm4_bstar_o1a,physics
iter05b_arm4_bstar_o1a,0,bstar_2023,HP_Peak,slope_only,none,-,-,-,all,mape_n_excluded,0.0,135,20,arm4_bstar_o1a,physics
iter05b_arm4_bstar_o1a,0,bstar_2023,HP_Peak,slope_only,none,-,-,-,pbin<=15,wape,16.51958361070319,75,20,arm4_bstar_o1a,physics
iter05b_arm4_bstar_o1a,0,bstar_2023,HP_Peak,slope_only,none,-,-,-,pbin<=15,rmse,6.273011731031569,75,20,arm4_bstar_o1a,physics
iter05b_arm4_bstar_o1a,0,bstar_2023,HP_Peak,slope_only,none,-,-,-,pbin<=15,mae,4.285550599968221,75,20,arm4_bstar_o1a,physics
iter05b_arm4_bstar_o1a,0,bstar_2023,HP_Peak,slope_only,none,-,-,-,pbin<=15,mape,21.323485826252593,75,20,arm4_bstar_o1a,physics
iter05b_arm4_bstar_o1a,0,bstar_2023,HP_Peak,slope_only,none,-,-,-,pbin<=15,r2,0.9494726617565956,75,20,arm4_bstar_o1a,physics
iter05b_arm4_bstar_o1a,0,bstar_2023,HP_Peak,slope_only,none,-,-,-,pbin<=15,n_pred_nan,0.0,75,20,arm4_bstar_o1a,physics
iter05b_arm4_bstar_o1a,0,bstar_2023,HP_Peak,slope_only,none,-,-,-,pbin<=15,mape_n_excluded,0.0,75,20,arm4_bstar_o1a,physics
iter05b_arm4_bstar_o1a,0,bstar_2023,HP_Peak,slope_only,none,-,-,-,pbin15-35,wape,13.209304282736845,40,20,arm4_bstar_o1a,physics
iter05b_arm4_bstar_o1a,0,bstar_2023,HP_Peak,slope_only,none,-,-,-,pbin15-35,rmse,7.763217956720546,40,20,arm4_bstar_o1a,physics
iter05b_arm4_bstar_o1a,0,bstar_2023,HP_Peak,slope_only,none,-,-,-,pbin15-35,mae,5.134990058871912,40,20,arm4_bstar_o1a,physics
iter05b_arm4_bstar_o1a,0,bstar_2023,HP_Peak,slope_only,none,-,-,-,pbin15-35,mape,11.548085709416632,40,20,arm4_bstar_o1a,physics
iter05b_arm4_bstar_o1a,0,bstar_2023,HP_Peak,slope_only,none,-,-,-,pbin15-35,r2,0.9163793427078315,40,20,arm4_bstar_o1a,physics
iter05b_arm4_bstar_o1a,0,bstar_2023,HP_Peak,slope_only,none,-,-,-,pbin15-35,n_pred_nan,0.0,40,20,arm4_bstar_o1a,physics
iter05b_arm4_bstar_o1a,0,bstar_2023,HP_Peak,slope_only,none,-,-,-,pbin15-35,mape_n_excluded,0.0,40,20,arm4_bstar_o1a,physics
iter05b_arm4_bstar_o1a,0,bstar_2023,HP_Peak,slope_only,none,-,-,-,pbin35-65,wape,16.905583342958757,10,16,arm4_bstar_o1a,physics
iter05b_arm4_bstar_o1a,0,bstar_2023,HP_Peak,slope_only,none,-,-,-,pbin35-65,rmse,11.500044943589781,10,16,arm4_bstar_o1a,physics
iter05b_arm4_bstar_o1a,0,bstar_2023,HP_Peak,slope_only,none,-,-,-,pbin35-65,mae,10.538516663970347,10,16,arm4_bstar_o1a,physics
iter05b_arm4_bstar_o1a,0,bstar_2023,HP_Peak,slope_only,none,-,-,-,pbin35-65,mape,18.596386371353574,10,16,arm4_bstar_o1a,physics
iter05b_arm4_bstar_o1a,0,bstar_2023,HP_Peak,slope_only,none,-,-,-,pbin35-65,r2,0.7404718335856528,10,16,arm4_bstar_o1a,physics
iter05b_arm4_bstar_o1a,0,bstar_2023,HP_Peak,slope_only,none,-,-,-,pbin35-65,n_pred_nan,0.0,10,16,arm4_bstar_o1a,physics
iter05b_arm4_bstar_o1a,0,bstar_2023,HP_Peak,slope_only,none,-,-,-,pbin35-65,mape_n_excluded,0.0,10,16,arm4_bstar_o1a,physics
iter05b_arm4_bstar_o1a,0,bstar_2023,HP_Peak,slope_only,none,-,-,-,pbin>65,wape,12.088007097375732,10,16,arm4_bstar_o1a,physics
iter05b_arm4_bstar_o1a,0,bstar_2023,HP_Peak,slope_only,none,-,-,-,pbin>65,rmse,9.655330653034687,10,16,arm4_bstar_o1a,physics
iter05b_arm4_bstar_o1a,0,bstar_2023,HP_Peak,slope_only,none,-,-,-,pbin>65,mae,8.790721172537012,10,16,arm4_bstar_o1a,physics
iter05b_arm4_bstar_o1a,0,bstar_2023,HP_Peak,slope_only,none,-,-,-,pbin>65,mape,12.284084007144898,10,16,arm4_bstar_o1a,physics
iter05b_arm4_bstar_o1a,0,bstar_2023,HP_Peak,slope_only,none,-,-,-,pbin>65,r2,0.36708164787704045,10,16,arm4_bstar_o1a,physics
iter05b_arm4_bstar_o1a,0,bstar_2023,HP_Peak,slope_only,none,-,-,-,pbin>65,n_pred_nan,0.0,10,16,arm4_bstar_o1a,physics
iter05b_arm4_bstar_o1a,0,bstar_2023,HP_Peak,slope_only,none,-,-,-,pbin>65,mape_n_excluded,0.0,10,16,arm4_bstar_o1a,physics
iter05b_arm4_bstar_o1a,0,bstar_2023,HP_Peak,slope_only,none,-,-,-,p0.05|n10,wape,26.705125562931816,10,9,arm4_bstar_o1a,physics
iter05b_arm4_bstar_o1a,0,bstar_2023,HP_Peak,slope_only,none,-,-,-,p0.05|n10,rmse,1.866221693531541,10,9,arm4_bstar_o1a,physics
iter05b_arm4_bstar_o1a,0,bstar_2023,HP_Peak,slope_only,none,-,-,-,p0.05|n10,mae,1.4655456720250404,10,9,arm4_bstar_o1a,physics
iter05b_arm4_bstar_o1a,0,bstar_2023,HP_Peak,slope_only,none,-,-,-,p0.05|n10,mape,28.977672808893328,10,9,arm4_bstar_o1a,physics
iter05b_arm4_bstar_o1a,0,bstar_2023,HP_Peak,slope_only,none,-,-,-,p0.05|n10,r2,0.18251263592437572,10,9,arm4_bstar_o1a,physics
iter05b_arm4_bstar_o1a,0,bstar_2023,HP_Peak,slope_only,none,-,-,-,p0.05|n10,n_pred_nan,0.0,10,9,arm4_bstar_o1a,physics
iter05b_arm4_bstar_o1a,0,bstar_2023,HP_Peak,slope_only,none,-,-,-,p0.05|n10,mape_n_excluded,0.0,10,9,arm4_bstar_o1a,physics
iter05b_arm4_bstar_o1a,0,bstar_2023,HP_Peak,slope_only,none,-,-,-,p0.05|n20,wape,20.787818597238232,10,7,arm4_bstar_o1a,physics
iter05b_arm4_bstar_o1a,0,bstar_2023,HP_Peak,slope_only,none,-,-,-,p0.05|n20,rmse,1.604730418087742,10,7,arm4_bstar_o1a,physics
iter05b_arm4_bstar_o1a,0,bstar_2023,HP_Peak,slope_only,none,-,-,-,p0.05|n20,mae,1.1820919040685376,10,7,arm4_bstar_o1a,physics
iter05b_arm4_bstar_o1a,0,bstar_2023,HP_Peak,slope_only,none,-,-,-,p0.05|n20,mape,22.42408572262924,10,7,arm4_bstar_o1a,physics
iter05b_arm4_bstar_o1a,0,bstar_2023,HP_Peak,slope_only,none,-,-,-,p0.05|n20,r2,0.2597635099747937,10,7,arm4_bstar_o1a,physics
iter05b_arm4_bstar_o1a,0,bstar_2023,HP_Peak,slope_only,none,-,-,-,p0.05|n20,n_pred_nan,0.0,10,7,arm4_bstar_o1a,physics
iter05b_arm4_bstar_o1a,0,bstar_2023,HP_Peak,slope_only,none,-,-,-,p0.05|n20,mape_n_excluded,0.0,10,7,arm4_bstar_o1a,physics
iter05b_arm4_bstar_o1a,0,bstar_2023,HP_Peak,slope_only,none,-,-,-,p0.05|n40,wape,17.393554233493703,10,13,arm4_bstar_o1a,physics
iter05b_arm4_bstar_o1a,0,bstar_2023,HP_Peak,slope_only,none,-,-,-,p0.05|n40,rmse,4.394452797912894,10,13,arm4_bstar_o1a,physics
iter05b_arm4_bstar_o1a,0,bstar_2023,HP_Peak,slope_only,none,-,-,-,p0.05|n40,mae,2.5432400680578042,10,13,arm4_bstar_o1a,physics
iter05b_arm4_bstar_o1a,0,bstar_2023,HP_Peak,slope_only,none,-,-,-,p0.05|n40,mape,16.927507220224943,10,13,arm4_bstar_o1a,physics
iter05b_arm4_bstar_o1a,0,bstar_2023,HP_Peak,slope_only,none,-,-,-,p0.05|n40,r2,0.41706535896483743,10,13,arm4_bstar_o1a,physics
iter05b_arm4_bstar_o1a,0,bstar_2023,HP_Peak,slope_only,none,-,-,-,p0.05|n40,n_pred_nan,0.0,10,13,arm4_bstar_o1a,physics
iter05b_arm4_bstar_o1a,0,bstar_2023,HP_Peak,slope_only,none,-,-,-,p0.05|n40,mape_n_excluded,0.0,10,13,arm4_bstar_o1a,physics
iter05b_arm4_bstar_o1a,0,bstar_2023,HP_Peak,slope_only,none,-,-,-,p0.05|n80,wape,26.65000934431017,5,12,arm4_bstar_o1a,physics
iter05b_arm4_bstar_o1a,0,bstar_2023,HP_Peak,slope_only,none,-,-,-,p0.05|n80,rmse,9.406657378316076,5,12,arm4_bstar_o1a,physics
iter05b_arm4_bstar_o1a,0,bstar_2023,HP_Peak,slope_only,none,-,-,-,p0.05|n80,mae,9.025449079799161,5,12,arm4_bstar_o1a,physics
iter05b_arm4_bstar_o1a,0,bstar_2023,HP_Peak,slope_only,none,-,-,-,p0.05|n80,mape,26.600087370988334,5,12,arm4_bstar_o1a,physics
iter05b_arm4_bstar_o1a,0,bstar_2023,HP_Peak,slope_only,none,-,-,-,p0.05|n80,r2,-3.0062693017544007,5,12,arm4_bstar_o1a,physics
iter05b_arm4_bstar_o1a,0,bstar_2023,HP_Peak,slope_only,none,-,-,-,p0.05|n80,n_pred_nan,0.0,5,12,arm4_bstar_o1a,physics
iter05b_arm4_bstar_o1a,0,bstar_2023,HP_Peak,slope_only,none,-,-,-,p0.05|n80,mape_n_excluded,0.0,5,12,arm4_bstar_o1a,physics
iter05b_arm4_bstar_o1a,0,bstar_2023,HP_Peak,slope_only,none,-,-,-,p0.05|n120,wape,14.328555117351849,5,15,arm4_bstar_o1a,physics
iter05b_arm4_bstar_o1a,0,bstar_2023,HP_Peak,slope_only,none,-,-,-,p0.05|n120,rmse,7.81387408189561,5,15,arm4_bstar_o1a,physics
iter05b_arm4_bstar_o1a,0,bstar_2023,HP_Peak,slope_only,none,-,-,-,p0.05|n120,mae,6.505266386475552,5,15,arm4_bstar_o1a,physics
iter05b_arm4_bstar_o1a,0,bstar_2023,HP_Peak,slope_only,none,-,-,-,p0.05|n120,mape,14.325168382336642,5,15,arm4_bstar_o1a,physics
iter05b_arm4_bstar_o1a,0,bstar_2023,HP_Peak,slope_only,none,-,-,-,p0.05|n120,r2,-4.520183228831601,5,15,arm4_bstar_o1a,physics
iter05b_arm4_bstar_o1a,0,bstar_2023,HP_Peak,slope_only,none,-,-,-,p0.05|n120,n_pred_nan,0.0,5,15,arm4_bstar_o1a,physics
iter05b_arm4_bstar_o1a,0,bstar_2023,HP_Peak,slope_only,none,-,-,-,p0.05|n120,mape_n_excluded,0.0,5,15,arm4_bstar_o1a,physics
iter05b_arm4_bstar_o1a,0,bstar_2023,HP_Peak,slope_only,none,-,-,-,p0.1|n10,wape,26.0538755144012,10,9,arm4_bstar_o1a,physics
iter05b_arm4_bstar_o1a,0,bstar_2023,HP_Peak,slope_only,none,-,-,-,p0.1|n10,rmse,2.7174535737241,10,9,arm4_bstar_o1a,physics
iter05b_arm4_bstar_o1a,0,bstar_2023,HP_Peak,slope_only,none,-,-,-,p0.1|n10,mae,2.1108857236853065,10,9,arm4_bstar_o1a,physics
iter05b_arm4_bstar_o1a,0,bstar_2023,HP_Peak,slope_only,none,-,-,-,p0.1|n10,mape,25.700560086483836,10,9,arm4_bstar_o1a,physics
iter05b_arm4_bstar_o1a,0,bstar_2023,HP_Peak,slope_only,none,-,-,-,p0.1|n10,r2,-0.007908455229561184,10,9,arm4_bstar_o1a,physics
iter05b_arm4_bstar_o1a,0,bstar_2023,HP_Peak,slope_only,none,-,-,-,p0.1|n10,n_pred_nan,0.0,10,9,arm4_bstar_o1a,physics
iter05b_arm4_bstar_o1a,0,bstar_2023,HP_Peak,slope_only,none,-,-,-,p0.1|n10,mape_n_excluded,0.0,10,9,arm4_bstar_o1a,physics
iter05b_arm4_bstar_o1a,0,bstar_2023,HP_Peak,slope_only,none,-,-,-,p0.1|n20,wape,27.539915168419725,10,11,arm4_bstar_o1a,physics
iter05b_arm4_bstar_o1a,0,bstar_2023,HP_Peak,slope_only,none,-,-,-,p0.1|n20,rmse,5.053821466216456,10,11,arm4_bstar_o1a,physics
iter05b_arm4_bstar_o1a,0,bstar_2023,HP_Peak,slope_only,none,-,-,-,p0.1|n20,mae,3.7811586386849485,10,11,arm4_bstar_o1a,physics
iter05b_arm4_bstar_o1a,0,bstar_2023,HP_Peak,slope_only,none,-,-,-,p0.1|n20,mape,25.871789152585468,10,11,arm4_bstar_o1a,physics
iter05b_arm4_bstar_o1a,0,bstar_2023,HP_Peak,slope_only,none,-,-,-,p0.1|n20,r2,-0.049798952698876686,10,11,arm4_bstar_o1a,physics
iter05b_arm4_bstar_o1a,0,bstar_2023,HP_Peak,slope_only,none,-,-,-,p0.1|n20,n_pred_nan,0.0,10,11,arm4_bstar_o1a,physics
iter05b_arm4_bstar_o1a,0,bstar_2023,HP_Peak,slope_only,none,-,-,-,p0.1|n20,mape_n_excluded,0.0,10,11,arm4_bstar_o1a,physics
iter05b_arm4_bstar_o1a,0,bstar_2023,HP_Peak,slope_only,none,-,-,-,p0.1|n40,wape,13.695132461929898,5,12,arm4_bstar_o1a,physics
iter05b_arm4_bstar_o1a,0,bstar_2023,HP_Peak,slope_only,none,-,-,-,p0.1|n40,rmse,7.114945195254447,5,12,arm4_bstar_o1a,physics
iter05b_arm4_bstar_o1a,0,bstar_2023,HP_Peak,slope_only,none,-,-,-,p0.1|n40,mae,5.937139133500713,5,12,arm4_bstar_o1a,physics
iter05b_arm4_bstar_o1a,0,bstar_2023,HP_Peak,slope_only,none,-,-,-,p0.1|n40,mape,14.36969117091585,5,12,arm4_bstar_o1a,physics
iter05b_arm4_bstar_o1a,0,bstar_2023,HP_Peak,slope_only,none,-,-,-,p0.1|n40,r2,-1.1086931033311842,5,12,arm4_bstar_o1a,physics
iter05b_arm4_bstar_o1a,0,bstar_2023,HP_Peak,slope_only,none,-,-,-,p0.1|n40,n_pred_nan,0.0,5,12,arm4_bstar_o1a,physics
iter05b_arm4_bstar_o1a,0,bstar_2023,HP_Peak,slope_only,none,-,-,-,p0.1|n40,mape_n_excluded,0.0,5,12,arm4_bstar_o1a,physics
iter05b_arm4_bstar_o1a,0,bstar_2023,HP_Peak,slope_only,none,-,-,-,p0.1|n80,wape,13.965274542820602,5,13,arm4_bstar_o1a,physics
iter05b_arm4_bstar_o1a,0,bstar_2023,HP_Peak,slope_only,none,-,-,-,p0.1|n80,rmse,10.043914844204062,5,13,arm4_bstar_o1a,physics
iter05b_arm4_bstar_o1a,0,bstar_2023,HP_Peak,slope_only,none,-,-,-,p0.1|n80,mae,9.54965114000199,5,13,arm4_bstar_o1a,physics
iter05b_arm4_bstar_o1a,0,bstar_2023,HP_Peak,slope_only,none,-,-,-,p0.1|n80,mape,14.314399331212686,5,13,arm4_bstar_o1a,physics
iter05b_arm4_bstar_o1a,0,bstar_2023,HP_Peak,slope_only,none,-,-,-,p0.1|n80,r2,0.18762601098995502,5,13,arm4_bstar_o1a,physics
iter05b_arm4_bstar_o1a,0,bstar_2023,HP_Peak,slope_only,none,-,-,-,p0.1|n80,n_pred_nan,0.0,5,13,arm4_bstar_o1a,physics
iter05b_arm4_bstar_o1a,0,bstar_2023,HP_Peak,slope_only,none,-,-,-,p0.1|n80,mape_n_excluded,0.0,5,13,arm4_bstar_o1a,physics
iter05b_arm4_bstar_o1a,0,bstar_2023,HP_Peak,slope_only,none,-,-,-,p0.1|n120,wape,10.789484638893407,5,16,arm4_bstar_o1a,physics
iter05b_arm4_bstar_o1a,0,bstar_2023,HP_Peak,slope_only,none,-,-,-,p0.1|n120,rmse,13.138721141158346,5,16,arm4_bstar_o1a,physics
iter05b_arm4_bstar_o1a,0,bstar_2023,HP_Peak,slope_only,none,-,-,-,p0.1|n120,mae,11.099909246702623,5,16,arm4_bstar_o1a,physics
iter05b_arm4_bstar_o1a,0,bstar_2023,HP_Peak,slope_only,none,-,-,-,p0.1|n120,mape,10.439711156701717,5,16,arm4_bstar_o1a,physics
iter05b_arm4_bstar_o1a,0,bstar_2023,HP_Peak,slope_only,none,-,-,-,p0.1|n120,r2,-3.0592791615834587,5,16,arm4_bstar_o1a,physics
iter05b_arm4_bstar_o1a,0,bstar_2023,HP_Peak,slope_only,none,-,-,-,p0.1|n120,n_pred_nan,0.0,5,16,arm4_bstar_o1a,physics
iter05b_arm4_bstar_o1a,0,bstar_2023,HP_Peak,slope_only,none,-,-,-,p0.1|n120,mape_n_excluded,0.0,5,16,arm4_bstar_o1a,physics
iter05b_arm4_bstar_o1a,0,bstar_2023,HP_Peak,slope_only,none,-,-,-,p0.2|n10,wape,14.041507766300013,10,12,arm4_bstar_o1a,physics
iter05b_arm4_bstar_o1a,0,bstar_2023,HP_Peak,slope_only,none,-,-,-,p0.2|n10,rmse,3.007271455109397,10,12,arm4_bstar_o1a,physics
iter05b_arm4_bstar_o1a,0,bstar_2023,HP_Peak,slope_only,none,-,-,-,p0.2|n10,mae,1.9329780543361896,10,12,arm4_bstar_o1a,physics
iter05b_arm4_bstar_o1a,0,bstar_2023,HP_Peak,slope_only,none,-,-,-,p0.2|n10,mape,12.410501999776795,10,12,arm4_bstar_o1a,physics
iter05b_arm4_bstar_o1a,0,bstar_2023,HP_Peak,slope_only,none,-,-,-,p0.2|n10,r2,-0.0723490326440035,10,12,arm4_bstar_o1a,physics
iter05b_arm4_bstar_o1a,0,bstar_2023,HP_Peak,slope_only,none,-,-,-,p0.2|n10,n_pred_nan,0.0,10,12,arm4_bstar_o1a,physics
iter05b_arm4_bstar_o1a,0,bstar_2023,HP_Peak,slope_only,none,-,-,-,p0.2|n10,mape_n_excluded,0.0,10,12,arm4_bstar_o1a,physics
iter05b_arm4_bstar_o1a,0,bstar_2023,HP_Peak,slope_only,none,-,-,-,p0.2|n20,wape,8.411095873722427,5,9,arm4_bstar_o1a,physics
iter05b_arm4_bstar_o1a,0,bstar_2023,HP_Peak,slope_only,none,-,-,-,p0.2|n20,rmse,3.43821916225221,5,9,arm4_bstar_o1a,physics
iter05b_arm4_bstar_o1a,0,bstar_2023,HP_Peak,slope_only,none,-,-,-,p0.2|n20,mae,2.995848180864718,5,9,arm4_bstar_o1a,physics
iter05b_arm4_bstar_o1a,0,bstar_2023,HP_Peak,slope_only,none,-,-,-,p0.2|n20,mape,8.310508761707261,5,9,arm4_bstar_o1a,physics
iter05b_arm4_bstar_o1a,0,bstar_2023,HP_Peak,slope_only,none,-,-,-,p0.2|n20,r2,0.7502987535372074,5,9,arm4_bstar_o1a,physics
iter05b_arm4_bstar_o1a,0,bstar_2023,HP_Peak,slope_only,none,-,-,-,p0.2|n20,n_pred_nan,0.0,5,9,arm4_bstar_o1a,physics
iter05b_arm4_bstar_o1a,0,bstar_2023,HP_Peak,slope_only,none,-,-,-,p0.2|n20,mape_n_excluded,0.0,5,9,arm4_bstar_o1a,physics
iter05b_arm4_bstar_o1a,0,bstar_2023,HP_Peak,slope_only,none,-,-,-,p0.2|n40,wape,17.814005414537444,5,15,arm4_bstar_o1a,physics
iter05b_arm4_bstar_o1a,0,bstar_2023,HP_Peak,slope_only,none,-,-,-,p0.2|n40,rmse,11.943240974411461,5,15,arm4_bstar_o1a,physics
iter05b_arm4_bstar_o1a,0,bstar_2023,HP_Peak,slope_only,none,-,-,-,p0.2|n40,mae,10.849093130699949,5,15,arm4_bstar_o1a,physics
iter05b_arm4_bstar_o1a,0,bstar_2023,HP_Peak,slope_only,none,-,-,-,p0.2|n40,mape,17.5316061572249,5,15,arm4_bstar_o1a,physics
iter05b_arm4_bstar_o1a,0,bstar_2023,HP_Peak,slope_only,none,-,-,-,p0.2|n40,r2,-6.036911671365838,5,15,arm4_bstar_o1a,physics
iter05b_arm4_bstar_o1a,0,bstar_2023,HP_Peak,slope_only,none,-,-,-,p0.2|n40,n_pred_nan,0.0,5,15,arm4_bstar_o1a,physics
iter05b_arm4_bstar_o1a,0,bstar_2023,HP_Peak,slope_only,none,-,-,-,p0.2|n40,mape_n_excluded,0.0,5,15,arm4_bstar_o1a,physics
iter05b_arm4_bstar_o1a,0,bstar_2023,HP_Peak,slope_only,none,-,-,-,p0.3|n10,wape,4.913813745875449,10,14,arm4_bstar_o1a,physics
iter05b_arm4_bstar_o1a,0,bstar_2023,HP_Peak,slope_only,none,-,-,-,p0.3|n10,rmse,1.287387924413667,10,14,arm4_bstar_o1a,physics
iter05b_arm4_bstar_o1a,0,bstar_2023,HP_Peak,slope_only,none,-,-,-,p0.3|n10,mae,0.9961140135382432,10,14,arm4_bstar_o1a,physics
iter05b_arm4_bstar_o1a,0,bstar_2023,HP_Peak,slope_only,none,-,-,-,p0.3|n10,mape,4.569933984078627,10,14,arm4_bstar_o1a,physics
iter05b_arm4_bstar_o1a,0,bstar_2023,HP_Peak,slope_only,none,-,-,-,p0.3|n10,r2,0.8151739801455904,10,14,arm4_bstar_o1a,physics
iter05b_arm4_bstar_o1a,0,bstar_2023,HP_Peak,slope_only,none,-,-,-,p0.3|n10,n_pred_nan,0.0,10,14,arm4_bstar_o1a,physics
iter05b_arm4_bstar_o1a,0,bstar_2023,HP_Peak,slope_only,none,-,-,-,p0.3|n10,mape_n_excluded,0.0,10,14,arm4_bstar_o1a,physics
iter05b_arm4_bstar_o1a,0,bstar_2023,HP_Peak,slope_only,none,-,-,-,p0.3|n20,wape,22.240923360753147,5,14,arm4_bstar_o1a,physics
iter05b_arm4_bstar_o1a,0,bstar_2023,HP_Peak,slope_only,none,-,-,-,p0.3|n20,rmse,12.808543791876316,5,14,arm4_bstar_o1a,physics
iter05b_arm4_bstar_o1a,0,bstar_2023,HP_Peak,slope_only,none,-,-,-,p0.3|n20,mae,11.817025514966874,5,14,arm4_bstar_o1a,physics
iter05b_arm4_bstar_o1a,0,bstar_2023,HP_Peak,slope_only,none,-,-,-,p0.3|n20,mape,22.36581978775237,5,14,arm4_bstar_o1a,physics
iter05b_arm4_bstar_o1a,0,bstar_2023,HP_Peak,slope_only,none,-,-,-,p0.3|n20,r2,-6.849020890558919,5,14,arm4_bstar_o1a,physics
iter05b_arm4_bstar_o1a,0,bstar_2023,HP_Peak,slope_only,none,-,-,-,p0.3|n20,n_pred_nan,0.0,5,14,arm4_bstar_o1a,physics
iter05b_arm4_bstar_o1a,0,bstar_2023,HP_Peak,slope_only,none,-,-,-,p0.3|n20,mape_n_excluded,0.0,5,14,arm4_bstar_o1a,physics
iter05b_arm4_bstar_o1a,0,bstar_2023,HP_Peak,slope_only,none,-,-,-,p0.3|n40,wape,10.250137332308123,5,16,arm4_bstar_o1a,physics
iter05b_arm4_bstar_o1a,0,bstar_2023,HP_Peak,slope_only,none,-,-,-,p0.3|n40,rmse,11.925484298515949,5,16,arm4_bstar_o1a,physics
iter05b_arm4_bstar_o1a,0,bstar_2023,HP_Peak,slope_only,none,-,-,-,p0.3|n40,mae,9.55976950869489,5,16,arm4_bstar_o1a,physics
iter05b_arm4_bstar_o1a,0,bstar_2023,HP_Peak,slope_only,none,-,-,-,p0.3|n40,mape,10.215879000937692,5,16,arm4_bstar_o1a,physics
iter05b_arm4_bstar_o1a,0,bstar_2023,HP_Peak,slope_only,none,-,-,-,p0.3|n40,r2,-3.4291470853223895,5,16,arm4_bstar_o1a,physics
iter05b_arm4_bstar_o1a,0,bstar_2023,HP_Peak,slope_only,none,-,-,-,p0.3|n40,n_pred_nan,0.0,5,16,arm4_bstar_o1a,physics
iter05b_arm4_bstar_o1a,0,bstar_2023,HP_Peak,slope_only,none,-,-,-,p0.3|n40,mape_n_excluded,0.0,5,16,arm4_bstar_o1a,physics
iter05b_arm4_bstar_o1a,0,bstar_2023,HP_Peak,slope_only,none,-,-,-,p0.5|n10,wape,23.151454743275455,5,12,arm4_bstar_o1a,physics
iter05b_arm4_bstar_o1a,0,bstar_2023,HP_Peak,slope_only,none,-,-,-,p0.5|n10,rmse,10.083411252255319,5,12,arm4_bstar_o1a,physics
iter05b_arm4_bstar_o1a,0,bstar_2023,HP_Peak,slope_only,none,-,-,-,p0.5|n10,mae,9.56697954729271,5,12,arm4_bstar_o1a,physics
iter05b_arm4_bstar_o1a,0,bstar_2023,HP_Peak,slope_only,none,-,-,-,p0.5|n10,mape,23.40713748166404,5,12,arm4_bstar_o1a,physics
iter05b_arm4_bstar_o1a,0,bstar_2023,HP_Peak,slope_only,none,-,-,-,p0.5|n10,r2,-0.3608017291609438,5,12,arm4_bstar_o1a,physics
iter05b_arm4_bstar_o1a,0,bstar_2023,HP_Peak,slope_only,none,-,-,-,p0.5|n10,n_pred_nan,0.0,5,12,arm4_bstar_o1a,physics
iter05b_arm4_bstar_o1a,0,bstar_2023,HP_Peak,slope_only,none,-,-,-,p0.5|n10,mape_n_excluded,0.0,5,12,arm4_bstar_o1a,physics
iter05b_arm4_bstar_o1a,0,bstar_2023,HP_Peak,slope_only,none,-,-,-,p0.5|n20,wape,13.80904833129922,5,16,arm4_bstar_o1a,physics
iter05b_arm4_bstar_o1a,0,bstar_2023,HP_Peak,slope_only,none,-,-,-,p0.5|n20,rmse,12.760363824243438,5,16,arm4_bstar_o1a,physics
iter05b_arm4_bstar_o1a,0,bstar_2023,HP_Peak,slope_only,none,-,-,-,p0.5|n20,mae,11.510053780647983,5,16,arm4_bstar_o1a,physics
iter05b_arm4_bstar_o1a,0,bstar_2023,HP_Peak,slope_only,none,-,-,-,p0.5|n20,mape,13.785635261043105,5,16,arm4_bstar_o1a,physics
iter05b_arm4_bstar_o1a,0,bstar_2023,HP_Peak,slope_only,none,-,-,-,p0.5|n20,r2,-1.6576159032024558,5,16,arm4_bstar_o1a,physics
iter05b_arm4_bstar_o1a,0,bstar_2023,HP_Peak,slope_only,none,-,-,-,p0.5|n20,n_pred_nan,0.0,5,16,arm4_bstar_o1a,physics
iter05b_arm4_bstar_o1a,0,bstar_2023,HP_Peak,slope_only,none,-,-,-,p0.5|n20,mape_n_excluded,0.0,5,16,arm4_bstar_o1a,physics
iter05b_arm4_bstar_o1a,0,bstar_2023,HP_Peak,slope_only,none,-,-,-,p0.8|n10,wape,12.411970387282,5,14,arm4_bstar_o1a,physics
iter05b_arm4_bstar_o1a,0,bstar_2023,HP_Peak,slope_only,none,-,-,-,p0.8|n10,rmse,8.847431812588107,5,14,arm4_bstar_o1a,physics
iter05b_arm4_bstar_o1a,0,bstar_2023,HP_Peak,slope_only,none,-,-,-,p0.8|n10,mae,8.064489395073954,5,14,arm4_bstar_o1a,physics
iter05b_arm4_bstar_o1a,0,bstar_2023,HP_Peak,slope_only,none,-,-,-,p0.8|n10,mape,12.277398689679883,5,14,arm4_bstar_o1a,physics
iter05b_arm4_bstar_o1a,0,bstar_2023,HP_Peak,slope_only,none,-,-,-,p0.8|n10,r2,0.3416474218212452,5,14,arm4_bstar_o1a,physics
iter05b_arm4_bstar_o1a,0,bstar_2023,HP_Peak,slope_only,none,-,-,-,p0.8|n10,n_pred_nan,0.0,5,14,arm4_bstar_o1a,physics
iter05b_arm4_bstar_o1a,0,bstar_2023,HP_Peak,slope_only,none,-,-,-,p0.8|n10,mape_n_excluded,0.0,5,14,arm4_bstar_o1a,physics
iter05b_arm4_bstar_o1a,0,bstar_2023,HP_Peak,slope_only,none,-,-,-,p1.0|n10,wape,11.8264370875918,5,16,arm4_bstar_o1a,physics
iter05b_arm4_bstar_o1a,0,bstar_2023,HP_Peak,slope_only,none,-,-,-,p1.0|n10,rmse,10.400662015490477,5,16,arm4_bstar_o1a,physics
iter05b_arm4_bstar_o1a,0,bstar_2023,HP_Peak,slope_only,none,-,-,-,p1.0|n10,mae,9.51695295000007,5,16,arm4_bstar_o1a,physics
iter05b_arm4_bstar_o1a,0,bstar_2023,HP_Peak,slope_only,none,-,-,-,p1.0|n10,mape,12.290769324609915,5,16,arm4_bstar_o1a,physics
iter05b_arm4_bstar_o1a,0,bstar_2023,HP_Peak,slope_only,none,-,-,-,p1.0|n10,r2,-0.9458879930331661,5,16,arm4_bstar_o1a,physics
iter05b_arm4_bstar_o1a,0,bstar_2023,HP_Peak,slope_only,none,-,-,-,p1.0|n10,n_pred_nan,0.0,5,16,arm4_bstar_o1a,physics
iter05b_arm4_bstar_o1a,0,bstar_2023,HP_Peak,slope_only,none,-,-,-,p1.0|n10,mape_n_excluded,0.0,5,16,arm4_bstar_o1a,physics
iter05b_arm4_bstar_o1a,0,bstar_2023,HP_Peak,slope_only,none,-,-,-,all,at_bound_share_train,0.004,500,62,arm4_bstar_o1a,physics
iter05b_arm4_bstar_o1a,0,bstar_2023,HP_Peak,slope_only,none,-,-,-,all,at_bound_share_test,0.007407407407407408,135,20,arm4_bstar_o1a,physics
iter05b_arm4_bstar_o1a,0,bstar_2023,HP_Peak,slope_base,none,-,-,-,all,wape,14.334482111847427,135,20,arm4_bstar_o1a,physics
iter05b_arm4_bstar_o1a,0,bstar_2023,HP_Peak,slope_base,none,-,-,-,all,rmse,7.2949805835161134,135,20,arm4_bstar_o1a,physics
iter05b_arm4_bstar_o1a,0,bstar_2023,HP_Peak,slope_base,none,-,-,-,all,mae,5.151102942498749,135,20,arm4_bstar_o1a,physics
iter05b_arm4_bstar_o1a,0,bstar_2023,HP_Peak,slope_base,none,-,-,-,all,mape,16.655102730238426,135,20,arm4_bstar_o1a,physics
iter05b_arm4_bstar_o1a,0,bstar_2023,HP_Peak,slope_base,none,-,-,-,all,r2,0.9411833331990996,135,20,arm4_bstar_o1a,physics
iter05b_arm4_bstar_o1a,0,bstar_2023,HP_Peak,slope_base,none,-,-,-,all,n_pred_nan,0.0,135,20,arm4_bstar_o1a,physics
iter05b_arm4_bstar_o1a,0,bstar_2023,HP_Peak,slope_base,none,-,-,-,all,mape_n_excluded,0.0,135,20,arm4_bstar_o1a,physics
iter05b_arm4_bstar_o1a,0,bstar_2023,HP_Peak,slope_base,none,-,-,-,pbin<=15,wape,15.150209297997879,75,20,arm4_bstar_o1a,physics
iter05b_arm4_bstar_o1a,0,bstar_2023,HP_Peak,slope_base,none,-,-,-,pbin<=15,rmse,5.780621649379552,75,20,arm4_bstar_o1a,physics
iter05b_arm4_bstar_o1a,0,bstar_2023,HP_Peak,slope_base,none,-,-,-,pbin<=15,mae,3.930304181796213,75,20,arm4_bstar_o1a,physics
iter05b_arm4_bstar_o1a,0,bstar_2023,HP_Peak,slope_base,none,-,-,-,pbin<=15,mape,19.59601756962064,75,20,arm4_bstar_o1a,physics
iter05b_arm4_bstar_o1a,0,bstar_2023,HP_Peak,slope_base,none,-,-,-,pbin<=15,r2,0.957093478094021,75,20,arm4_bstar_o1a,physics
iter05b_arm4_bstar_o1a,0,bstar_2023,HP_Peak,slope_base,none,-,-,-,pbin<=15,n_pred_nan,0.0,75,20,arm4_bstar_o1a,physics
iter05b_arm4_bstar_o1a,0,bstar_2023,HP_Peak,slope_base,none,-,-,-,pbin<=15,mape_n_excluded,0.0,75,20,arm4_bstar_o1a,physics
iter05b_arm4_bstar_o1a,0,bstar_2023,HP_Peak,slope_base,none,-,-,-,pbin15-35,wape,13.11059622196783,40,20,arm4_bstar_o1a,physics
iter05b_arm4_bstar_o1a,0,bstar_2023,HP_Peak,slope_base,none,-,-,-,pbin15-35,rmse,7.692554366773559,40,20,arm4_bstar_o1a,physics
iter05b_arm4_bstar_o1a,0,bstar_2023,HP_Peak,slope_base,none,-,-,-,pbin15-35,mae,5.096618249128546,40,20,arm4_bstar_o1a,physics
iter05b_arm4_bstar_o1a,0,bstar_2023,HP_Peak,slope_base,none,-,-,-,pbin15-35,mape,11.605042242230242,40,20,arm4_bstar_o1a,physics
iter05b_arm4_bstar_o1a,0,bstar_2023,HP_Peak,slope_base,none,-,-,-,pbin15-35,r2,0.917894704828476,40,20,arm4_bstar_o1a,physics
iter05b_arm4_bstar_o1a,0,bstar_2023,HP_Peak,slope_base,none,-,-,-,pbin15-35,n_pred_nan,0.0,40,20,arm4_bstar_o1a,physics
iter05b_arm4_bstar_o1a,0,bstar_2023,HP_Peak,slope_base,none,-,-,-,pbin15-35,mape_n_excluded,0.0,40,20,arm4_bstar_o1a,physics
iter05b_arm4_bstar_o1a,0,bstar_2023,HP_Peak,slope_base,none,-,-,-,pbin35-65,wape,17.04944635475485,10,16,arm4_bstar_o1a,physics
iter05b_arm4_bstar_o1a,0,bstar_2023,HP_Peak,slope_base,none,-,-,-,pbin35-65,rmse,11.591550780700505,10,16,arm4_bstar_o1a,physics
iter05b_arm4_bstar_o1a,0,bstar_2023,HP_Peak,slope_base,none,-,-,-,pbin35-65,mae,10.628197257439698,10,16,arm4_bstar_o1a,physics
iter05b_arm4_bstar_o1a,0,bstar_2023,HP_Peak,slope_base,none,-,-,-,pbin35-65,mape,18.79847536697083,10,16,arm4_bstar_o1a,physics
iter05b_arm4_bstar_o1a,0,bstar_2023,HP_Peak,slope_base,none,-,-,-,pbin35-65,r2,0.7363252715510751,10,16,arm4_bstar_o1a,physics
iter05b_arm4_bstar_o1a,0,bstar_2023,HP_Peak,slope_base,none,-,-,-,pbin35-65,n_pred_nan,0.0,10,16,arm4_bstar_o1a,physics
iter05b_arm4_bstar_o1a,0,bstar_2023,HP_Peak,slope_base,none,-,-,-,pbin35-65,mape_n_excluded,0.0,10,16,arm4_bstar_o1a,physics
iter05b_arm4_bstar_o1a,0,bstar_2023,HP_Peak,slope_base,none,-,-,-,pbin>65,wape,12.441702779443077,10,16,arm4_bstar_o1a,physics
iter05b_arm4_bstar_o1a,0,bstar_2023,HP_Peak,slope_base,none,-,-,-,pbin>65,rmse,9.835827011143895,10,16,arm4_bstar_o1a,physics
iter05b_arm4_bstar_o1a,0,bstar_2023,HP_Peak,slope_base,none,-,-,-,pbin>65,mae,9.047938106307619,10,16,arm4_bstar_o1a,physics
iter05b_arm4_bstar_o1a,0,bstar_2023,HP_Peak,slope_base,none,-,-,-,pbin>65,mape,12.655110750172149,10,16,arm4_bstar_o1a,physics
iter05b_arm4_bstar_o1a,0,bstar_2023,HP_Peak,slope_base,none,-,-,-,pbin>65,r2,0.3431969658156534,10,16,arm4_bstar_o1a,physics
iter05b_arm4_bstar_o1a,0,bstar_2023,HP_Peak,slope_base,none,-,-,-,pbin>65,n_pred_nan,0.0,10,16,arm4_bstar_o1a,physics
iter05b_arm4_bstar_o1a,0,bstar_2023,HP_Peak,slope_base,none,-,-,-,pbin>65,mape_n_excluded,0.0,10,16,arm4_bstar_o1a,physics
iter05b_arm4_bstar_o1a,0,bstar_2023,HP_Peak,slope_base,none,-,-,-,p0.05|n10,wape,22.19609758491058,10,9,arm4_bstar_o1a,physics
iter05b_arm4_bstar_o1a,0,bstar_2023,HP_Peak,slope_base,none,-,-,-,p0.05|n10,rmse,1.7752133776830163,10,9,arm4_bstar_o1a,physics
iter05b_arm4_bstar_o1a,0,bstar_2023,HP_Peak,slope_base,none,-,-,-,p0.05|n10,mae,1.2180955552803596,10,9,arm4_bstar_o1a,physics
iter05b_arm4_bstar_o1a,0,bstar_2023,HP_Peak,slope_base,none,-,-,-,p0.05|n10,mape,23.288257000857605,10,9,arm4_bstar_o1a,physics
iter05b_arm4_bstar_o1a,0,bstar_2023,HP_Peak,slope_base,none,-,-,-,p0.05|n10,r2,0.2602998521703017,10,9,arm4_bstar_o1a,physics
iter05b_arm4_bstar_o1a,0,bstar_2023,HP_Peak,slope_base,none,-,-,-,p0.05|n10,n_pred_nan,0.0,10,9,arm4_bstar_o1a,physics
iter05b_arm4_bstar_o1a,0,bstar_2023,HP_Peak,slope_base,none,-,-,-,p0.05|n10,mape_n_excluded,0.0,10,9,arm4_bstar_o1a,physics
iter05b_arm4_bstar_o1a,0,bstar_2023,HP_Peak,slope_base,none,-,-,-,p0.05|n20,wape,19.238009431135676,10,7,arm4_bstar_o1a,physics
iter05b_arm4_bstar_o1a,0,bstar_2023,HP_Peak,slope_base,none,-,-,-,p0.05|n20,rmse,1.5599920540656835,10,7,arm4_bstar_o1a,physics
iter05b_arm4_bstar_o1a,0,bstar_2023,HP_Peak,slope_base,none,-,-,-,p0.05|n20,mae,1.0939625575701784,10,7,arm4_bstar_o1a,physics
iter05b_arm4_bstar_o1a,0,bstar_2023,HP_Peak,slope_base,none,-,-,-,p0.05|n20,mape,20.499883017654884,10,7,arm4_bstar_o1a,physics
iter05b_arm4_bstar_o1a,0,bstar_2023,HP_Peak,slope_base,none,-,-,-,p0.05|n20,r2,0.30046235174167946,10,7,arm4_bstar_o1a,physics
iter05b_arm4_bstar_o1a,0,bstar_2023,HP_Peak,slope_base,none,-,-,-,p0.05|n20,n_pred_nan,0.0,10,7,arm4_bstar_o1a,physics
iter05b_arm4_bstar_o1a,0,bstar_2023,HP_Peak,slope_base,none,-,-,-,p0.05|n20,mape_n_excluded,0.0,10,7,arm4_bstar_o1a,physics
iter05b_arm4_bstar_o1a,0,bstar_2023,HP_Peak,slope_base,none,-,-,-,p0.05|n40,wape,17.971090606315148,10,13,arm4_bstar_o1a,physics
iter05b_arm4_bstar_o1a,0,bstar_2023,HP_Peak,slope_base,none,-,-,-,p0.05|n40,rmse,4.328414702249485,10,13,arm4_bstar_o1a,physics
iter05b_arm4_bstar_o1a,0,bstar_2023,HP_Peak,slope_base,none,-,-,-,p0.05|n40,mae,2.6276859279667506,10,13,arm4_bstar_o1a,physics
iter05b_arm4_bstar_o1a,0,bstar_2023,HP_Peak,slope_base,none,-,-,-,p0.05|n40,mape,17.955047815154064,10,13,arm4_bstar_o1a,physics
iter05b_arm4_bstar_o1a,0,bstar_2023,HP_Peak,slope_base,none,-,-,-,p0.05|n40,r2,0.43445393716939096,10,13,arm4_bstar_o1a,physics
iter05b_arm4_bstar_o1a,0,bstar_2023,HP_Peak,slope_base,none,-,-,-,p0.05|n40,n_pred_nan,0.0,10,13,arm4_bstar_o1a,physics
iter05b_arm4_bstar_o1a,0,bstar_2023,HP_Peak,slope_base,none,-,-,-,p0.05|n40,mape_n_excluded,0.0,10,13,arm4_bstar_o1a,physics
iter05b_arm4_bstar_o1a,0,bstar_2023,HP_Peak,slope_base,none,-,-,-,p0.05|n80,wape,24.8443357332255,5,12,arm4_bstar_o1a,physics
iter05b_arm4_bstar_o1a,0,bstar_2023,HP_Peak,slope_base,none,-,-,-,p0.05|n80,rmse,8.671738199419554,5,12,arm4_bstar_o1a,physics
iter05b_arm4_bstar_o1a,0,bstar_2023,HP_Peak,slope_base,none,-,-,-,p0.05|n80,mae,8.413929022862998,5,12,arm4_bstar_o1a,physics
iter05b_arm4_bstar_o1a,0,bstar_2023,HP_Peak,slope_base,none,-,-,-,p0.05|n80,mape,24.71405541501863,5,12,arm4_bstar_o1a,physics
iter05b_arm4_bstar_o1a,0,bstar_2023,HP_Peak,slope_base,none,-,-,-,p0.05|n80,r2,-2.404723148788497,5,12,arm4_bstar_o1a,physics
iter05b_arm4_bstar_o1a,0,bstar_2023,HP_Peak,slope_base,none,-,-,-,p0.05|n80,n_pred_nan,0.0,5,12,arm4_bstar_o1a,physics
iter05b_arm4_bstar_o1a,0,bstar_2023,HP_Peak,slope_base,none,-,-,-,p0.05|n80,mape_n_excluded,0.0,5,12,arm4_bstar_o1a,physics
iter05b_arm4_bstar_o1a,0,bstar_2023,HP_Peak,slope_base,none,-,-,-,p0.05|n120,wape,10.760600470274785,5,15,arm4_bstar_o1a,physics
iter05b_arm4_bstar_o1a,0,bstar_2023,HP_Peak,slope_base,none,-,-,-,p0.05|n120,rmse,6.542199718892418,5,15,arm4_bstar_o1a,physics
iter05b_arm4_bstar_o1a,0,bstar_2023,HP_Peak,slope_base,none,-,-,-,p0.05|n120,mae,4.885389487234552,5,15,arm4_bstar_o1a,physics
iter05b_arm4_bstar_o1a,0,bstar_2023,HP_Peak,slope_base,none,-,-,-,p0.05|n120,mape,10.740911691484397,5,15,arm4_bstar_o1a,physics
iter05b_arm4_bstar_o1a,0,bstar_2023,HP_Peak,slope_base,none,-,-,-,p0.05|n120,r2,-2.8696195857334725,5,15,arm4_bstar_o1a,physics
iter05b_arm4_bstar_o1a,0,bstar_2023,HP_Peak,slope_base,none,-,-,-,p0.05|n120,n_pred_nan,0.0,5,15,arm4_bstar_o1a,physics
iter05b_arm4_bstar_o1a,0,bstar_2023,HP_Peak,slope_base,none,-,-,-,p0.05|n120,mape_n_excluded,0.0,5,15,arm4_bstar_o1a,physics
iter05b_arm4_bstar_o1a,0,bstar_2023,HP_Peak,slope_base,none,-,-,-,p0.1|n10,wape,26.134676176480156,10,9,arm4_bstar_o1a,physics
iter05b_arm4_bstar_o1a,0,bstar_2023,HP_Peak,slope_base,none,-,-,-,p0.1|n10,rmse,2.776799361902461,10,9,arm4_bstar_o1a,physics
iter05b_arm4_bstar_o1a,0,bstar_2023,HP_Peak,slope_base,none,-,-,-,p0.1|n10,mae,2.117432195589362,10,9,arm4_bstar_o1a,physics
iter05b_arm4_bstar_o1a,0,bstar_2023,HP_Peak,slope_base,none,-,-,-,p0.1|n10,mape,24.70301859718111,10,9,arm4_bstar_o1a,physics
iter05b_arm4_bstar_o1a,0,bstar_2023,HP_Peak,slope_base,none,-,-,-,p0.1|n10,r2,-0.052412078772339,10,9,arm4_bstar_o1a,physics
iter05b_arm4_bstar_o1a,0,bstar_2023,HP_Peak,slope_base,none,-,-,-,p0.1|n10,n_pred_nan,0.0,10,9,arm4_bstar_o1a,physics
iter05b_arm4_bstar_o1a,0,bstar_2023,HP_Peak,slope_base,none,-,-,-,p0.1|n10,mape_n_excluded,0.0,10,9,arm4_bstar_o1a,physics
iter05b_arm4_bstar_o1a,0,bstar_2023,HP_Peak,slope_base,none,-,-,-,p0.1|n20,wape,26.592856639803987,10,11,arm4_bstar_o1a,physics
iter05b_arm4_bstar_o1a,0,bstar_2023,HP_Peak,slope_base,none,-,-,-,p0.1|n20,rmse,4.958933432611334,10,11,arm4_bstar_o1a,physics
iter05b_arm4_bstar_o1a,0,bstar_2023,HP_Peak,slope_base,none,-,-,-,p0.1|n20,mae,3.6511299688464147,10,11,arm4_bstar_o1a,physics
iter05b_arm4_bstar_o1a,0,bstar_2023,HP_Peak,slope_base,none,-,-,-,p0.1|n20,mape,24.72814138753608,10,11,arm4_bstar_o1a,physics
iter05b_arm4_bstar_o1a,0,bstar_2023,HP_Peak,slope_base,none,-,-,-,p0.1|n20,r2,-0.01074802319052659,10,11,arm4_bstar_o1a,physics
iter05b_arm4_bstar_o1a,0,bstar_2023,HP_Peak,slope_base,none,-,-,-,p0.1|n20,n_pred_nan,0.0,10,11,arm4_bstar_o1a,physics
iter05b_arm4_bstar_o1a,0,bstar_2023,HP_Peak,slope_base,none,-,-,-,p0.1|n20,mape_n_excluded,0.0,10,11,arm4_bstar_o1a,physics
iter05b_arm4_bstar_o1a,0,bstar_2023,HP_Peak,slope_base,none,-,-,-,p0.1|n40,wape,13.282214014277155,5,12,arm4_bstar_o1a,physics
iter05b_arm4_bstar_o1a,0,bstar_2023,HP_Peak,slope_base,none,-,-,-,p0.1|n40,rmse,6.9344042941770665,5,12,arm4_bstar_o1a,physics
iter05b_arm4_bstar_o1a,0,bstar_2023,HP_Peak,slope_base,none,-,-,-,p0.1|n40,mae,5.758129965001002,5,12,arm4_bstar_o1a,physics
iter05b_arm4_bstar_o1a,0,bstar_2023,HP_Peak,slope_base,none,-,-,-,p0.1|n40,mape,13.966604071398184,5,12,arm4_bstar_o1a,physics
iter05b_arm4_bstar_o1a,0,bstar_2023,HP_Peak,slope_base,none,-,-,-,p0.1|n40,r2,-1.003035177434941,5,12,arm4_bstar_o1a,physics
iter05b_arm4_bstar_o1a,0,bstar_2023,HP_Peak,slope_base,none,-,-,-,p0.1|n40,n_pred_nan,0.0,5,12,arm4_bstar_o1a,physics
iter05b_arm4_bstar_o1a,0,bstar_2023,HP_Peak,slope_base,none,-,-,-,p0.1|n40,mape_n_excluded,0.0,5,12,arm4_bstar_o1a,physics
iter05b_arm4_bstar_o1a,0,bstar_2023,HP_Peak,slope_base,none,-,-,-,p0.1|n80,wape,12.600620648993353,5,13,arm4_bstar_o1a,physics
iter05b_arm4_bstar_o1a,0,bstar_2023,HP_Peak,slope_base,none,-,-,-,p0.1|n80,rmse,9.166832012873058,5,13,arm4_bstar_o1a,physics
iter05b_arm4_bstar_o1a,0,bstar_2023,HP_Peak,slope_base,none,-,-,-,p0.1|n80,mae,8.616481614910544,5,13,arm4_bstar_o1a,physics
iter05b_arm4_bstar_o1a,0,bstar_2023,HP_Peak,slope_base,none,-,-,-,p0.1|n80,mape,12.913281560793259,5,13,arm4_bstar_o1a,physics
iter05b_arm4_bstar_o1a,0,bstar_2023,HP_Peak,slope_base,none,-,-,-,p0.1|n80,r2,0.3233119438257016,5,13,arm4_bstar_o1a,physics
iter05b_arm4_bstar_o1a,0,bstar_2023,HP_Peak,slope_base,none,-,-,-,p0.1|n80,n_pred_nan,0.0,5,13,arm4_bstar_o1a,physics
iter05b_arm4_bstar_o1a,0,bstar_2023,HP_Peak,slope_base,none,-,-,-,p0.1|n80,mape_n_excluded,0.0,5,13,arm4_bstar_o1a,physics
iter05b_arm4_bstar_o1a,0,bstar_2023,HP_Peak,slope_base,none,-,-,-,p0.1|n120,wape,9.588158997101186,5,16,arm4_bstar_o1a,physics
iter05b_arm4_bstar_o1a,0,bstar_2023,HP_Peak,slope_base,none,-,-,-,p0.1|n120,rmse,11.741979093857227,5,16,arm4_bstar_o1a,physics
iter05b_arm4_bstar_o1a,0,bstar_2023,HP_Peak,slope_base,none,-,-,-,p0.1|n120,mae,9.864020226427964,5,16,arm4_bstar_o1a,physics
iter05b_arm4_bstar_o1a,0,bstar_2023,HP_Peak,slope_base,none,-,-,-,p0.1|n120,mape,9.256715168847643,5,16,arm4_bstar_o1a,physics
iter05b_arm4_bstar_o1a,0,bstar_2023,HP_Peak,slope_base,none,-,-,-,p0.1|n120,r2,-2.2420919999365267,5,16,arm4_bstar_o1a,physics
iter05b_arm4_bstar_o1a,0,bstar_2023,HP_Peak,slope_base,none,-,-,-,p0.1|n120,n_pred_nan,0.0,5,16,arm4_bstar_o1a,physics
iter05b_arm4_bstar_o1a,0,bstar_2023,HP_Peak,slope_base,none,-,-,-,p0.1|n120,mape_n_excluded,0.0,5,16,arm4_bstar_o1a,physics
iter05b_arm4_bstar_o1a,0,bstar_2023,HP_Peak,slope_base,none,-,-,-,p0.2|n10,wape,14.729944563185521,10,12,arm4_bstar_o1a,physics
iter05b_arm4_bstar_o1a,0,bstar_2023,HP_Peak,slope_base,none,-,-,-,p0.2|n10,rmse,3.164892256625248,10,12,arm4_bstar_o1a,physics
iter05b_arm4_bstar_o1a,0,bstar_2023,HP_Peak,slope_base,none,-,-,-,p0.2|n10,mae,2.0277494451529923,10,12,arm4_bstar_o1a,physics
iter05b_arm4_bstar_o1a,0,bstar_2023,HP_Peak,slope_base,none,-,-,-,p0.2|n10,mape,13.08977137340365,10,12,arm4_bstar_o1a,physics
iter05b_arm4_bstar_o1a,0,bstar_2023,HP_Peak,slope_base,none,-,-,-,p0.2|n10,r2,-0.18770547899945011,10,12,arm4_bstar_o1a,physics
iter05b_arm4_bstar_o1a,0,bstar_2023,HP_Peak,slope_base,none,-,-,-,p0.2|n10,n_pred_nan,0.0,10,12,arm4_bstar_o1a,physics
iter05b_arm4_bstar_o1a,0,bstar_2023,HP_Peak,slope_base,none,-,-,-,p0.2|n10,mape_n_excluded,0.0,10,12,arm4_bstar_o1a,physics
iter05b_arm4_bstar_o1a,0,bstar_2023,HP_Peak,slope_base,none,-,-,-,p0.2|n20,wape,8.13262621707537,5,9,arm4_bstar_o1a,physics
iter05b_arm4_bstar_o1a,0,bstar_2023,HP_Peak,slope_base,none,-,-,-,p0.2|n20,rmse,3.4707136200252453,5,9,arm4_bstar_o1a,physics
iter05b_arm4_bstar_o1a,0,bstar_2023,HP_Peak,slope_base,none,-,-,-,p0.2|n20,mae,2.8966633865386355,5,9,arm4_bstar_o1a,physics
iter05b_arm4_bstar_o1a,0,bstar_2023,HP_Peak,slope_base,none,-,-,-,p0.2|n20,mape,8.01348780323262,5,9,arm4_bstar_o1a,physics
iter05b_arm4_bstar_o1a,0,bstar_2023,HP_Peak,slope_base,none,-,-,-,p0.2|n20,r2,0.7455566191291134,5,9,arm4_bstar_o1a,physics
iter05b_arm4_bstar_o1a,0,bstar_2023,HP_Peak,slope_base,none,-,-,-,p0.2|n20,n_pred_nan,0.0,5,9,arm4_bstar_o1a,physics
iter05b_arm4_bstar_o1a,0,bstar_2023,HP_Peak,slope_base,none,-,-,-,p0.2|n20,mape_n_excluded,0.0,5,9,arm4_bstar_o1a,physics
iter05b_arm4_bstar_o1a,0,bstar_2023,HP_Peak,slope_base,none,-,-,-,p0.2|n40,wape,17.48319766986692,5,15,arm4_bstar_o1a,physics
iter05b_arm4_bstar_o1a,0,bstar_2023,HP_Peak,slope_base,none,-,-,-,p0.2|n40,rmse,11.713302215455814,5,15,arm4_bstar_o1a,physics
iter05b_arm4_bstar_o1a,0,bstar_2023,HP_Peak,slope_base,none,-,-,-,p0.2|n40,mae,10.647624457778221,5,15,arm4_bstar_o1a,physics
iter05b_arm4_bstar_o1a,0,bstar_2023,HP_Peak,slope_base,none,-,-,-,p0.2|n40,mape,17.197306916332245,5,15,arm4_bstar_o1a,physics
iter05b_arm4_bstar_o1a,0,bstar_2023,HP_Peak,slope_base,none,-,-,-,p0.2|n40,r2,-5.768561932850819,5,15,arm4_bstar_o1a,physics
iter05b_arm4_bstar_o1a,0,bstar_2023,HP_Peak,slope_base,none,-,-,-,p0.2|n40,n_pred_nan,0.0,5,15,arm4_bstar_o1a,physics
iter05b_arm4_bstar_o1a,0,bstar_2023,HP_Peak,slope_base,none,-,-,-,p0.2|n40,mape_n_excluded,0.0,5,15,arm4_bstar_o1a,physics
iter05b_arm4_bstar_o1a,0,bstar_2023,HP_Peak,slope_base,none,-,-,-,p0.3|n10,wape,4.85079251371852,10,14,arm4_bstar_o1a,physics
iter05b_arm4_bstar_o1a,0,bstar_2023,HP_Peak,slope_base,none,-,-,-,p0.3|n10,rmse,1.3206236856400613,10,14,arm4_bstar_o1a,physics
iter05b_arm4_bstar_o1a,0,bstar_2023,HP_Peak,slope_base,none,-,-,-,p0.3|n10,mae,0.9833385328732188,10,14,arm4_bstar_o1a,physics
iter05b_arm4_bstar_o1a,0,bstar_2023,HP_Peak,slope_base,none,-,-,-,p0.3|n10,mape,4.499013244603301,10,14,arm4_bstar_o1a,physics
iter05b_arm4_bstar_o1a,0,bstar_2023,HP_Peak,slope_base,none,-,-,-,p0.3|n10,r2,0.8055076995105982,10,14,arm4_bstar_o1a,physics
iter05b_arm4_bstar_o1a,0,bstar_2023,HP_Peak,slope_base,none,-,-,-,p0.3|n10,n_pred_nan,0.0,10,14,arm4_bstar_o1a,physics
iter05b_arm4_bstar_o1a,0,bstar_2023,HP_Peak,slope_base,none,-,-,-,p0.3|n10,mape_n_excluded,0.0,10,14,arm4_bstar_o1a,physics
iter05b_arm4_bstar_o1a,0,bstar_2023,HP_Peak,slope_base,none,-,-,-,p0.3|n20,wape,22.361796041425677,5,14,arm4_bstar_o1a,physics
iter05b_arm4_bstar_o1a,0,bstar_2023,HP_Peak,slope_base,none,-,-,-,p0.3|n20,rmse,12.838146225942253,5,14,arm4_bstar_o1a,physics
iter05b_arm4_bstar_o1a,0,bstar_2023,HP_Peak,slope_base,none,-,-,-,p0.3|n20,mae,11.881247468723085,5,14,arm4_bstar_o1a,physics
iter05b_arm4_bstar_o1a,0,bstar_2023,HP_Peak,slope_base,none,-,-,-,p0.3|n20,mape,22.49186106073198,5,14,arm4_bstar_o1a,physics
iter05b_arm4_bstar_o1a,0,bstar_2023,HP_Peak,slope_base,none,-,-,-,p0.3|n20,r2,-6.885343305484309,5,14,arm4_bstar_o1a,physics
iter05b_arm4_bstar_o1a,0,bstar_2023,HP_Peak,slope_base,none,-,-,-,p0.3|n20,n_pred_nan,0.0,5,14,arm4_bstar_o1a,physics
iter05b_arm4_bstar_o1a,0,bstar_2023,HP_Peak,slope_base,none,-,-,-,p0.3|n20,mape_n_excluded,0.0,5,14,arm4_bstar_o1a,physics
iter05b_arm4_bstar_o1a,0,bstar_2023,HP_Peak,slope_base,none,-,-,-,p0.3|n40,wape,9.998665395584606,5,16,arm4_bstar_o1a,physics
iter05b_arm4_bstar_o1a,0,bstar_2023,HP_Peak,slope_base,none,-,-,-,p0.3|n40,rmse,11.654040557437126,5,16,arm4_bstar_o1a,physics
iter05b_arm4_bstar_o1a,0,bstar_2023,HP_Peak,slope_base,none,-,-,-,p0.3|n40,mae,9.325234723936003,5,16,arm4_bstar_o1a,physics
iter05b_arm4_bstar_o1a,0,bstar_2023,HP_Peak,slope_base,none,-,-,-,p0.3|n40,mape,9.960112921531191,5,16,arm4_bstar_o1a,physics
iter05b_arm4_bstar_o1a,0,bstar_2023,HP_Peak,slope_base,none,-,-,-,p0.3|n40,r2,-3.2298123725839103,5,16,arm4_bstar_o1a,physics
iter05b_arm4_bstar_o1a,0,bstar_2023,HP_Peak,slope_base,none,-,-,-,p0.3|n40,n_pred_nan,0.0,5,16,arm4_bstar_o1a,physics
iter05b_arm4_bstar_o1a,0,bstar_2023,HP_Peak,slope_base,none,-,-,-,p0.3|n40,mape_n_excluded,0.0,5,16,arm4_bstar_o1a,physics
iter05b_arm4_bstar_o1a,0,bstar_2023,HP_Peak,slope_base,none,-,-,-,p0.5|n10,wape,23.413575287127696,5,12,arm4_bstar_o1a,physics
iter05b_arm4_bstar_o1a,0,bstar_2023,HP_Peak,slope_base,none,-,-,-,p0.5|n10,rmse,10.22648690587483,5,12,arm4_bstar_o1a,physics
iter05b_arm4_bstar_o1a,0,bstar_2023,HP_Peak,slope_base,none,-,-,-,p0.5|n10,mae,9.675296796025775,5,12,arm4_bstar_o1a,physics
iter05b_arm4_bstar_o1a,0,bstar_2023,HP_Peak,slope_base,none,-,-,-,p0.5|n10,mape,23.71507460240597,5,12,arm4_bstar_o1a,physics
iter05b_arm4_bstar_o1a,0,bstar_2023,HP_Peak,slope_base,none,-,-,-,p0.5|n10,r2,-0.3996931111781441,5,12,arm4_bstar_o1a,physics
iter05b_arm4_bstar_o1a,0,bstar_2023,HP_Peak,slope_base,none,-,-,-,p0.5|n10,n_pred_nan,0.0,5,12,arm4_bstar_o1a,physics
iter05b_arm4_bstar_o1a,0,bstar_2023,HP_Peak,slope_base,none,-,-,-,p0.5|n10,mape_n_excluded,0.0,5,12,arm4_bstar_o1a,physics
iter05b_arm4_bstar_o1a,0,bstar_2023,HP_Peak,slope_base,none,-,-,-,p0.5|n20,wape,13.89428244010738,5,16,arm4_bstar_o1a,physics
iter05b_arm4_bstar_o1a,0,bstar_2023,HP_Peak,slope_base,none,-,-,-,p0.5|n20,rmse,12.81198909487077,5,16,arm4_bstar_o1a,physics
iter05b_arm4_bstar_o1a,0,bstar_2023,HP_Peak,slope_base,none,-,-,-,p0.5|n20,mae,11.581097718853623,5,16,arm4_bstar_o1a,physics
iter05b_arm4_bstar_o1a,0,bstar_2023,HP_Peak,slope_base,none,-,-,-,p0.5|n20,mape,13.881876131535694,5,16,arm4_bstar_o1a,physics
iter05b_arm4_bstar_o1a,0,bstar_2023,HP_Peak,slope_base,none,-,-,-,p0.5|n20,r2,-1.6791635143846713,5,16,arm4_bstar_o1a,physics
iter05b_arm4_bstar_o1a,0,bstar_2023,HP_Peak,slope_base,none,-,-,-,p0.5|n20,n_pred_nan,0.0,5,16,arm4_bstar_o1a,physics
iter05b_arm4_bstar_o1a,0,bstar_2023,HP_Peak,slope_base,none,-,-,-,p0.5|n20,mape_n_excluded,0.0,5,16,arm4_bstar_o1a,physics
iter05b_arm4_bstar_o1a,0,bstar_2023,HP_Peak,slope_base,none,-,-,-,p0.8|n10,wape,12.786036429171348,5,14,arm4_bstar_o1a,physics
iter05b_arm4_bstar_o1a,0,bstar_2023,HP_Peak,slope_base,none,-,-,-,p0.8|n10,rmse,9.027654074351624,5,14,arm4_bstar_o1a,physics
iter05b_arm4_bstar_o1a,0,bstar_2023,HP_Peak,slope_base,none,-,-,-,p0.8|n10,mae,8.307533128965309,5,14,arm4_bstar_o1a,physics
iter05b_arm4_bstar_o1a,0,bstar_2023,HP_Peak,slope_base,none,-,-,-,p0.8|n10,mape,12.694322468251668,5,14,arm4_bstar_o1a,physics
iter05b_arm4_bstar_o1a,0,bstar_2023,HP_Peak,slope_base,none,-,-,-,p0.8|n10,r2,0.3145529515066846,5,14,arm4_bstar_o1a,physics
iter05b_arm4_bstar_o1a,0,bstar_2023,HP_Peak,slope_base,none,-,-,-,p0.8|n10,n_pred_nan,0.0,5,14,arm4_bstar_o1a,physics
iter05b_arm4_bstar_o1a,0,bstar_2023,HP_Peak,slope_base,none,-,-,-,p0.8|n10,mape_n_excluded,0.0,5,14,arm4_bstar_o1a,physics
iter05b_arm4_bstar_o1a,0,bstar_2023,HP_Peak,slope_base,none,-,-,-,p1.0|n10,wape,12.163685612268301,5,16,arm4_bstar_o1a,physics
iter05b_arm4_bstar_o1a,0,bstar_2023,HP_Peak,slope_base,none,-,-,-,p1.0|n10,rmse,10.582459444766997,5,16,arm4_bstar_o1a,physics
iter05b_arm4_bstar_o1a,0,bstar_2023,HP_Peak,slope_base,none,-,-,-,p1.0|n10,mae,9.788343083649929,5,16,arm4_bstar_o1a,physics
iter05b_arm4_bstar_o1a,0,bstar_2023,HP_Peak,slope_base,none,-,-,-,p1.0|n10,mape,12.615899032092631,5,16,arm4_bstar_o1a,physics
iter05b_arm4_bstar_o1a,0,bstar_2023,HP_Peak,slope_base,none,-,-,-,p1.0|n10,r2,-1.0145084654176015,5,16,arm4_bstar_o1a,physics
iter05b_arm4_bstar_o1a,0,bstar_2023,HP_Peak,slope_base,none,-,-,-,p1.0|n10,n_pred_nan,0.0,5,16,arm4_bstar_o1a,physics
iter05b_arm4_bstar_o1a,0,bstar_2023,HP_Peak,slope_base,none,-,-,-,p1.0|n10,mape_n_excluded,0.0,5,16,arm4_bstar_o1a,physics
iter05b_arm4_bstar_o1a,0,bstar_2023,HP_Peak,slope_base,none,-,-,-,all,at_bound_share_train,0.004,500,62,arm4_bstar_o1a,physics
iter05b_arm4_bstar_o1a,0,bstar_2023,HP_Peak,slope_base,none,-,-,-,all,at_bound_share_test,0.007407407407407408,135,20,arm4_bstar_o1a,physics
iter05b_arm4_bstar_o1a,0,bstar_2023,HP_Peak,calibrated_delta,none,-,-,-,all,wape,13.709630447579915,135,20,arm4_bstar_o1a,physics
iter05b_arm4_bstar_o1a,0,bstar_2023,HP_Peak,calibrated_delta,none,-,-,-,all,rmse,6.946701207903025,135,20,arm4_bstar_o1a,physics
iter05b_arm4_bstar_o1a,0,bstar_2023,HP_Peak,calibrated_delta,none,-,-,-,all,mae,4.926562200718242,135,20,arm4_bstar_o1a,physics
iter05b_arm4_bstar_o1a,0,bstar_2023,HP_Peak,calibrated_delta,none,-,-,-,all,mape,16.708827770896495,135,20,arm4_bstar_o1a,physics
iter05b_arm4_bstar_o1a,0,bstar_2023,HP_Peak,calibrated_delta,none,-,-,-,all,r2,0.9466653601140704,135,20,arm4_bstar_o1a,physics
iter05b_arm4_bstar_o1a,0,bstar_2023,HP_Peak,calibrated_delta,none,-,-,-,all,n_pred_nan,0.0,135,20,arm4_bstar_o1a,physics
iter05b_arm4_bstar_o1a,0,bstar_2023,HP_Peak,calibrated_delta,none,-,-,-,all,mape_n_excluded,0.0,135,20,arm4_bstar_o1a,physics
iter05b_arm4_bstar_o1a,0,bstar_2023,HP_Peak,calibrated_delta,none,-,-,-,pbin<=15,wape,16.325378799072418,75,20,arm4_bstar_o1a,physics
iter05b_arm4_bstar_o1a,0,bstar_2023,HP_Peak,calibrated_delta,none,-,-,-,pbin<=15,rmse,6.15352636308194,75,20,arm4_bstar_o1a,physics
iter05b_arm4_bstar_o1a,0,bstar_2023,HP_Peak,calibrated_delta,none,-,-,-,pbin<=15,mae,4.235169514910984,75,20,arm4_bstar_o1a,physics
iter05b_arm4_bstar_o1a,0,bstar_2023,HP_Peak,calibrated_delta,none,-,-,-,pbin<=15,mape,20.480258115000446,75,20,arm4_bstar_o1a,physics
iter05b_arm4_bstar_o1a,0,bstar_2023,HP_Peak,calibrated_delta,none,-,-,-,pbin<=15,r2,0.9513791718191273,75,20,arm4_bstar_o1a,physics
iter05b_arm4_bstar_o1a,0,bstar_2023,HP_Peak,calibrated_delta,none,-,-,-,pbin<=15,n_pred_nan,0.0,75,20,arm4_bstar_o1a,physics
iter05b_arm4_bstar_o1a,0,bstar_2023,HP_Peak,calibrated_delta,none,-,-,-,pbin<=15,mape_n_excluded,0.0,75,20,arm4_bstar_o1a,physics
iter05b_arm4_bstar_o1a,0,bstar_2023,HP_Peak,calibrated_delta,none,-,-,-,pbin15-35,wape,11.597837541836297,40,20,arm4_bstar_o1a,physics
iter05b_arm4_bstar_o1a,0,bstar_2023,HP_Peak,calibrated_delta,none,-,-,-,pbin15-35,rmse,6.9100621833411076,40,20,arm4_bstar_o1a,physics
iter05b_arm4_bstar_o1a,0,bstar_2023,HP_Peak,calibrated_delta,none,-,-,-,pbin15-35,mae,4.5085478543766,40,20,arm4_bstar_o1a,physics
iter05b_arm4_bstar_o1a,0,bstar_2023,HP_Peak,calibrated_delta,none,-,-,-,pbin15-35,mape,11.167783119162046,40,20,arm4_bstar_o1a,physics
iter05b_arm4_bstar_o1a,0,bstar_2023,HP_Peak,calibrated_delta,none,-,-,-,pbin15-35,r2,0.93374877248973,40,20,arm4_bstar_o1a,physics
iter05b_arm4_bstar_o1a,0,bstar_2023,HP_Peak,calibrated_delta,none,-,-,-,pbin15-35,n_pred_nan,0.0,40,20,arm4_bstar_o1a,physics
iter05b_arm4_bstar_o1a,0,bstar_2023,HP_Peak,calibrated_delta,none,-,-,-,pbin15-35,mape_n_excluded,0.0,40,20,arm4_bstar_o1a,physics
iter05b_arm4_bstar_o1a,0,bstar_2023,HP_Peak,calibrated_delta,none,-,-,-,pbin35-65,wape,14.912331410399048,10,16,arm4_bstar_o1a,physics
iter05b_arm4_bstar_o1a,0,bstar_2023,HP_Peak,calibrated_delta,none,-,-,-,pbin35-65,rmse,10.316097628538651,10,16,arm4_bstar_o1a,physics
iter05b_arm4_bstar_o1a,0,bstar_2023,HP_Peak,calibrated_delta,none,-,-,-,pbin35-65,mae,9.295973399971084,10,16,arm4_bstar_o1a,physics
iter05b_arm4_bstar_o1a,0,bstar_2023,HP_Peak,calibrated_delta,none,-,-,-,pbin35-65,mape,16.734478031756776,10,16,arm4_bstar_o1a,physics
iter05b_arm4_bstar_o1a,0,bstar_2023,HP_Peak,calibrated_delta,none,-,-,-,pbin35-65,r2,0.7911587373884075,10,16,arm4_bstar_o1a,physics
iter05b_arm4_bstar_o1a,0,bstar_2023,HP_Peak,calibrated_delta,none,-,-,-,pbin35-65,n_pred_nan,0.0,10,16,arm4_bstar_o1a,physics
iter05b_arm4_bstar_o1a,0,bstar_2023,HP_Peak,calibrated_delta,none,-,-,-,pbin35-65,mape_n_excluded,0.0,10,16,arm4_bstar_o1a,physics
iter05b_arm4_bstar_o1a,0,bstar_2023,HP_Peak,calibrated_delta,none,-,-,-,pbin>65,wape,10.195794263148711,10,16,arm4_bstar_o1a,physics
iter05b_arm4_bstar_o1a,0,bstar_2023,HP_Peak,calibrated_delta,none,-,-,-,pbin>65,rmse,8.369768247670335,10,16,arm4_bstar_o1a,physics
iter05b_arm4_bstar_o1a,0,bstar_2023,HP_Peak,calibrated_delta,none,-,-,-,pbin>65,mae,7.414653530386396,10,16,arm4_bstar_o1a,physics
iter05b_arm4_bstar_o1a,0,bstar_2023,HP_Peak,calibrated_delta,none,-,-,-,pbin>65,mape,10.561628536194409,10,16,arm4_bstar_o1a,physics
iter05b_arm4_bstar_o1a,0,bstar_2023,HP_Peak,calibrated_delta,none,-,-,-,pbin>65,r2,0.5244017451966195,10,16,arm4_bstar_o1a,physics
iter05b_arm4_bstar_o1a,0,bstar_2023,HP_Peak,calibrated_delta,none,-,-,-,pbin>65,n_pred_nan,0.0,10,16,arm4_bstar_o1a,physics
iter05b_arm4_bstar_o1a,0,bstar_2023,HP_Peak,calibrated_delta,none,-,-,-,pbin>65,mape_n_excluded,0.0,10,16,arm4_bstar_o1a,physics
iter05b_arm4_bstar_o1a,0,bstar_2023,HP_Peak,calibrated_delta,none,-,-,-,p0.05|n10,wape,19.84982141215633,10,9,arm4_bstar_o1a,physics
iter05b_arm4_bstar_o1a,0,bstar_2023,HP_Peak,calibrated_delta,none,-,-,-,p0.05|n10,rmse,1.6219609421264647,10,9,arm4_bstar_o1a,physics
iter05b_arm4_bstar_o1a,0,bstar_2023,HP_Peak,calibrated_delta,none,-,-,-,p0.05|n10,mae,1.0893346969105941,10,9,arm4_bstar_o1a,physics
iter05b_arm4_bstar_o1a,0,bstar_2023,HP_Peak,calibrated_delta,none,-,-,-,p0.05|n10,mape,19.4508059856452,10,9,arm4_bstar_o1a,physics
iter05b_arm4_bstar_o1a,0,bstar_2023,HP_Peak,calibrated_delta,none,-,-,-,p0.05|n10,r2,0.38250227014441596,10,9,arm4_bstar_o1a,physics
iter05b_arm4_bstar_o1a,0,bstar_2023,HP_Peak,calibrated_delta,none,-,-,-,p0.05|n10,n_pred_nan,0.0,10,9,arm4_bstar_o1a,physics
iter05b_arm4_bstar_o1a,0,bstar_2023,HP_Peak,calibrated_delta,none,-,-,-,p0.05|n10,mape_n_excluded,0.0,10,9,arm4_bstar_o1a,physics
iter05b_arm4_bstar_o1a,0,bstar_2023,HP_Peak,calibrated_delta,none,-,-,-,p0.05|n20,wape,25.425938631328606,10,7,arm4_bstar_o1a,physics
iter05b_arm4_bstar_o1a,0,bstar_2023,HP_Peak,calibrated_delta,none,-,-,-,p0.05|n20,rmse,2.1454925057191527,10,7,arm4_bstar_o1a,physics
iter05b_arm4_bstar_o1a,0,bstar_2023,HP_Peak,calibrated_delta,none,-,-,-,p0.05|n20,mae,1.4458369486363556,10,7,arm4_bstar_o1a,physics
iter05b_arm4_bstar_o1a,0,bstar_2023,HP_Peak,calibrated_delta,none,-,-,-,p0.05|n20,mape,24.472245574286088,10,7,arm4_bstar_o1a,physics
iter05b_arm4_bstar_o1a,0,bstar_2023,HP_Peak,calibrated_delta,none,-,-,-,p0.05|n20,r2,-0.3231842533481408,10,7,arm4_bstar_o1a,physics
iter05b_arm4_bstar_o1a,0,bstar_2023,HP_Peak,calibrated_delta,none,-,-,-,p0.05|n20,n_pred_nan,0.0,10,7,arm4_bstar_o1a,physics
iter05b_arm4_bstar_o1a,0,bstar_2023,HP_Peak,calibrated_delta,none,-,-,-,p0.05|n20,mape_n_excluded,0.0,10,7,arm4_bstar_o1a,physics
iter05b_arm4_bstar_o1a,0,bstar_2023,HP_Peak,calibrated_delta,none,-,-,-,p0.05|n40,wape,19.082145967832943,10,13,arm4_bstar_o1a,physics
iter05b_arm4_bstar_o1a,0,bstar_2023,HP_Peak,calibrated_delta,none,-,-,-,p0.05|n40,rmse,5.136810653774762,10,13,arm4_bstar_o1a,physics
iter05b_arm4_bstar_o1a,0,bstar_2023,HP_Peak,calibrated_delta,none,-,-,-,p0.05|n40,mae,2.790141540851279,10,13,arm4_bstar_o1a,physics
iter05b_arm4_bstar_o1a,0,bstar_2023,HP_Peak,calibrated_delta,none,-,-,-,p0.05|n40,mape,17.98421095782329,10,13,arm4_bstar_o1a,physics
iter05b_arm4_bstar_o1a,0,bstar_2023,HP_Peak,calibrated_delta,none,-,-,-,p0.05|n40,r2,0.20347874101749552,10,13,arm4_bstar_o1a,physics
iter05b_arm4_bstar_o1a,0,bstar_2023,HP_Peak,calibrated_delta,none,-,-,-,p0.05|n40,n_pred_nan,0.0,10,13,arm4_bstar_o1a,physics
iter05b_arm4_bstar_o1a,0,bstar_2023,HP_Peak,calibrated_delta,none,-,-,-,p0.05|n40,mape_n_excluded,0.0,10,13,arm4_bstar_o1a,physics
iter05b_arm4_bstar_o1a,0,bstar_2023,HP_Peak,calibrated_delta,none,-,-,-,p0.05|n80,wape,29.586420059005242,5,12,arm4_bstar_o1a,physics
iter05b_arm4_bstar_o1a,0,bstar_2023,HP_Peak,calibrated_delta,none,-,-,-,p0.05|n80,rmse,10.622386990057796,5,12,arm4_bstar_o1a,physics
iter05b_arm4_bstar_o1a,0,bstar_2023,HP_Peak,calibrated_delta,none,-,-,-,p0.05|n80,mae,10.019911222024088,5,12,arm4_bstar_o1a,physics
iter05b_arm4_bstar_o1a,0,bstar_2023,HP_Peak,calibrated_delta,none,-,-,-,p0.05|n80,mape,29.53087071817702,5,12,arm4_bstar_o1a,physics
iter05b_arm4_bstar_o1a,0,bstar_2023,HP_Peak,calibrated_delta,none,-,-,-,p0.05|n80,r2,-4.108739125811761,5,12,arm4_bstar_o1a,physics
iter05b_arm4_bstar_o1a,0,bstar_2023,HP_Peak,calibrated_delta,none,-,-,-,p0.05|n80,n_pred_nan,0.0,5,12,arm4_bstar_o1a,physics
iter05b_arm4_bstar_o1a,0,bstar_2023,HP_Peak,calibrated_delta,none,-,-,-,p0.05|n80,mape_n_excluded,0.0,5,12,arm4_bstar_o1a,physics
iter05b_arm4_bstar_o1a,0,bstar_2023,HP_Peak,calibrated_delta,none,-,-,-,p0.05|n120,wape,14.931892594928305,5,15,arm4_bstar_o1a,physics
iter05b_arm4_bstar_o1a,0,bstar_2023,HP_Peak,calibrated_delta,none,-,-,-,p0.05|n120,rmse,7.51879074479781,5,15,arm4_bstar_o1a,physics
iter05b_arm4_bstar_o1a,0,bstar_2023,HP_Peak,calibrated_delta,none,-,-,-,p0.05|n120,mae,6.779185911538205,5,15,arm4_bstar_o1a,physics
iter05b_arm4_bstar_o1a,0,bstar_2023,HP_Peak,calibrated_delta,none,-,-,-,p0.05|n120,mape,15.026862656318126,5,15,arm4_bstar_o1a,physics
iter05b_arm4_bstar_o1a,0,bstar_2023,HP_Peak,calibrated_delta,none,-,-,-,p0.05|n120,r2,-4.111127005112782,5,15,arm4_bstar_o1a,physics
iter05b_arm4_bstar_o1a,0,bstar_2023,HP_Peak,calibrated_delta,none,-,-,-,p0.05|n120,n_pred_nan,0.0,5,15,arm4_bstar_o1a,physics
iter05b_arm4_bstar_o1a,0,bstar_2023,HP_Peak,calibrated_delta,none,-,-,-,p0.05|n120,mape_n_excluded,0.0,5,15,arm4_bstar_o1a,physics
iter05b_arm4_bstar_o1a,0,bstar_2023,HP_Peak,calibrated_delta,none,-,-,-,p0.1|n10,wape,28.557801734869297,10,9,arm4_bstar_o1a,physics
iter05b_arm4_bstar_o1a,0,bstar_2023,HP_Peak,calibrated_delta,none,-,-,-,p0.1|n10,rmse,3.1777869966031322,10,9,arm4_bstar_o1a,physics
iter05b_arm4_bstar_o1a,0,bstar_2023,HP_Peak,calibrated_delta,none,-,-,-,p0.1|n10,mae,2.313753896177567,10,9,arm4_bstar_o1a,physics
iter05b_arm4_bstar_o1a,0,bstar_2023,HP_Peak,calibrated_delta,none,-,-,-,p0.1|n10,mape,25.83591150923977,10,9,arm4_bstar_o1a,physics
iter05b_arm4_bstar_o1a,0,bstar_2023,HP_Peak,calibrated_delta,none,-,-,-,p0.1|n10,r2,-0.3783083570007073,10,9,arm4_bstar_o1a,physics
iter05b_arm4_bstar_o1a,0,bstar_2023,HP_Peak,calibrated_delta,none,-,-,-,p0.1|n10,n_pred_nan,0.0,10,9,arm4_bstar_o1a,physics
iter05b_arm4_bstar_o1a,0,bstar_2023,HP_Peak,calibrated_delta,none,-,-,-,p0.1|n10,mape_n_excluded,0.0,10,9,arm4_bstar_o1a,physics
iter05b_arm4_bstar_o1a,0,bstar_2023,HP_Peak,calibrated_delta,none,-,-,-,p0.1|n20,wape,27.949352029944468,10,11,arm4_bstar_o1a,physics
iter05b_arm4_bstar_o1a,0,bstar_2023,HP_Peak,calibrated_delta,none,-,-,-,p0.1|n20,rmse,5.220410822633362,10,11,arm4_bstar_o1a,physics
iter05b_arm4_bstar_o1a,0,bstar_2023,HP_Peak,calibrated_delta,none,-,-,-,p0.1|n20,mae,3.837373253598708,10,11,arm4_bstar_o1a,physics
iter05b_arm4_bstar_o1a,0,bstar_2023,HP_Peak,calibrated_delta,none,-,-,-,p0.1|n20,mape,26.041404755072396,10,11,arm4_bstar_o1a,physics
iter05b_arm4_bstar_o1a,0,bstar_2023,HP_Peak,calibrated_delta,none,-,-,-,p0.1|n20,r2,-0.12014877008987956,10,11,arm4_bstar_o1a,physics
iter05b_arm4_bstar_o1a,0,bstar_2023,HP_Peak,calibrated_delta,none,-,-,-,p0.1|n20,n_pred_nan,0.0,10,11,arm4_bstar_o1a,physics
iter05b_arm4_bstar_o1a,0,bstar_2023,HP_Peak,calibrated_delta,none,-,-,-,p0.1|n20,mape_n_excluded,0.0,10,11,arm4_bstar_o1a,physics
iter05b_arm4_bstar_o1a,0,bstar_2023,HP_Peak,calibrated_delta,none,-,-,-,p0.1|n40,wape,13.0847816027805,5,12,arm4_bstar_o1a,physics
iter05b_arm4_bstar_o1a,0,bstar_2023,HP_Peak,calibrated_delta,none,-,-,-,p0.1|n40,rmse,6.95611671099033,5,12,arm4_bstar_o1a,physics
iter05b_arm4_bstar_o1a,0,bstar_2023,HP_Peak,calibrated_delta,none,-,-,-,p0.1|n40,mae,5.672538701113875,5,12,arm4_bstar_o1a,physics
iter05b_arm4_bstar_o1a,0,bstar_2023,HP_Peak,calibrated_delta,none,-,-,-,p0.1|n40,mape,13.777958297881371,5,12,arm4_bstar_o1a,physics
iter05b_arm4_bstar_o1a,0,bstar_2023,HP_Peak,calibrated_delta,none,-,-,-,p0.1|n40,r2,-1.0155982816499574,5,12,arm4_bstar_o1a,physics
iter05b_arm4_bstar_o1a,0,bstar_2023,HP_Peak,calibrated_delta,none,-,-,-,p0.1|n40,n_pred_nan,0.0,5,12,arm4_bstar_o1a,physics
iter05b_arm4_bstar_o1a,0,bstar_2023,HP_Peak,calibrated_delta,none,-,-,-,p0.1|n40,mape_n_excluded,0.0,5,12,arm4_bstar_o1a,physics
iter05b_arm4_bstar_o1a,0,bstar_2023,HP_Peak,calibrated_delta,none,-,-,-,p0.1|n80,wape,11.456607288837448,5,13,arm4_bstar_o1a,physics
iter05b_arm4_bstar_o1a,0,bstar_2023,HP_Peak,calibrated_delta,none,-,-,-,p0.1|n80,rmse,8.334406437636677,5,13,arm4_bstar_o1a,physics
iter05b_arm4_bstar_o1a,0,bstar_2023,HP_Peak,calibrated_delta,none,-,-,-,p0.1|n80,mae,7.834189189832031,5,13,arm4_bstar_o1a,physics
iter05b_arm4_bstar_o1a,0,bstar_2023,HP_Peak,calibrated_delta,none,-,-,-,p0.1|n80,mape,11.602697756546728,5,13,arm4_bstar_o1a,physics
iter05b_arm4_bstar_o1a,0,bstar_2023,HP_Peak,calibrated_delta,none,-,-,-,p0.1|n80,r2,0.44062981195718065,5,13,arm4_bstar_o1a,physics
iter05b_arm4_bstar_o1a,0,bstar_2023,HP_Peak,calibrated_delta,none,-,-,-,p0.1|n80,n_pred_nan,0.0,5,13,arm4_bstar_o1a,physics
iter05b_arm4_bstar_o1a,0,bstar_2023,HP_Peak,calibrated_delta,none,-,-,-,p0.1|n80,mape_n_excluded,0.0,5,13,arm4_bstar_o1a,physics
iter05b_arm4_bstar_o1a,0,bstar_2023,HP_Peak,calibrated_delta,none,-,-,-,p0.1|n120,wape,9.981654525054179,5,16,arm4_bstar_o1a,physics
iter05b_arm4_bstar_o1a,0,bstar_2023,HP_Peak,calibrated_delta,none,-,-,-,p0.1|n120,rmse,11.782513044804883,5,16,arm4_bstar_o1a,physics
iter05b_arm4_bstar_o1a,0,bstar_2023,HP_Peak,calibrated_delta,none,-,-,-,p0.1|n120,mae,10.268837026807555,5,16,arm4_bstar_o1a,physics
iter05b_arm4_bstar_o1a,0,bstar_2023,HP_Peak,calibrated_delta,none,-,-,-,p0.1|n120,mape,9.69632473194997,5,16,arm4_bstar_o1a,physics
iter05b_arm4_bstar_o1a,0,bstar_2023,HP_Peak,calibrated_delta,none,-,-,-,p0.1|n120,r2,-2.2645143910102843,5,16,arm4_bstar_o1a,physics
iter05b_arm4_bstar_o1a,0,bstar_2023,HP_Peak,calibrated_delta,none,-,-,-,p0.1|n120,n_pred_nan,0.0,5,16,arm4_bstar_o1a,physics
iter05b_arm4_bstar_o1a,0,bstar_2023,HP_Peak,calibrated_delta,none,-,-,-,p0.1|n120,mape_n_excluded,0.0,5,16,arm4_bstar_o1a,physics
iter05b_arm4_bstar_o1a,0,bstar_2023,HP_Peak,calibrated_delta,none,-,-,-,p0.2|n10,wape,16.411173688672243,10,12,arm4_bstar_o1a,physics
iter05b_arm4_bstar_o1a,0,bstar_2023,HP_Peak,calibrated_delta,none,-,-,-,p0.2|n10,rmse,3.301354634538616,10,12,arm4_bstar_o1a,physics
iter05b_arm4_bstar_o1a,0,bstar_2023,HP_Peak,calibrated_delta,none,-,-,-,p0.2|n10,mae,2.2591903315566744,10,12,arm4_bstar_o1a,physics
iter05b_arm4_bstar_o1a,0,bstar_2023,HP_Peak,calibrated_delta,none,-,-,-,p0.2|n10,mape,14.89642989024216,10,12,arm4_bstar_o1a,physics
iter05b_arm4_bstar_o1a,0,bstar_2023,HP_Peak,calibrated_delta,none,-,-,-,p0.2|n10,r2,-0.2923354530793303,10,12,arm4_bstar_o1a,physics
iter05b_arm4_bstar_o1a,0,bstar_2023,HP_Peak,calibrated_delta,none,-,-,-,p0.2|n10,n_pred_nan,0.0,10,12,arm4_bstar_o1a,physics
iter05b_arm4_bstar_o1a,0,bstar_2023,HP_Peak,calibrated_delta,none,-,-,-,p0.2|n10,mape_n_excluded,0.0,10,12,arm4_bstar_o1a,physics
iter05b_arm4_bstar_o1a,0,bstar_2023,HP_Peak,calibrated_delta,none,-,-,-,p0.2|n20,wape,6.908349887361761,5,9,arm4_bstar_o1a,physics
iter05b_arm4_bstar_o1a,0,bstar_2023,HP_Peak,calibrated_delta,none,-,-,-,p0.2|n20,rmse,3.220883490614171,5,9,arm4_bstar_o1a,physics
iter05b_arm4_bstar_o1a,0,bstar_2023,HP_Peak,calibrated_delta,none,-,-,-,p0.2|n20,mae,2.4606029646491585,5,9,arm4_bstar_o1a,physics
iter05b_arm4_bstar_o1a,0,bstar_2023,HP_Peak,calibrated_delta,none,-,-,-,p0.2|n20,mape,6.726934324251274,5,9,arm4_bstar_o1a,physics
iter05b_arm4_bstar_o1a,0,bstar_2023,HP_Peak,calibrated_delta,none,-,-,-,p0.2|n20,r2,0.7808690971848384,5,9,arm4_bstar_o1a,physics
iter05b_arm4_bstar_o1a,0,bstar_2023,HP_Peak,calibrated_delta,none,-,-,-,p0.2|n20,n_pred_nan,0.0,5,9,arm4_bstar_o1a,physics
iter05b_arm4_bstar_o1a,0,bstar_2023,HP_Peak,calibrated_delta,none,-,-,-,p0.2|n20,mape_n_excluded,0.0,5,9,arm4_bstar_o1a,physics
iter05b_arm4_bstar_o1a,0,bstar_2023,HP_Peak,calibrated_delta,none,-,-,-,p0.2|n40,wape,14.851673321169647,5,15,arm4_bstar_o1a,physics
iter05b_arm4_bstar_o1a,0,bstar_2023,HP_Peak,calibrated_delta,none,-,-,-,p0.2|n40,rmse,10.415853390595469,5,15,arm4_bstar_o1a,physics
iter05b_arm4_bstar_o1a,0,bstar_2023,HP_Peak,calibrated_delta,none,-,-,-,p0.2|n40,mae,9.044972383168275,5,15,arm4_bstar_o1a,physics
iter05b_arm4_bstar_o1a,0,bstar_2023,HP_Peak,calibrated_delta,none,-,-,-,p0.2|n40,mape,14.552925598578215,5,15,arm4_bstar_o1a,physics
iter05b_arm4_bstar_o1a,0,bstar_2023,HP_Peak,calibrated_delta,none,-,-,-,p0.2|n40,r2,-4.352139522718832,5,15,arm4_bstar_o1a,physics
iter05b_arm4_bstar_o1a,0,bstar_2023,HP_Peak,calibrated_delta,none,-,-,-,p0.2|n40,n_pred_nan,0.0,5,15,arm4_bstar_o1a,physics
iter05b_arm4_bstar_o1a,0,bstar_2023,HP_Peak,calibrated_delta,none,-,-,-,p0.2|n40,mape_n_excluded,0.0,5,15,arm4_bstar_o1a,physics
iter05b_arm4_bstar_o1a,0,bstar_2023,HP_Peak,calibrated_delta,none,-,-,-,p0.3|n10,wape,5.37331170839222,10,14,arm4_bstar_o1a,physics
iter05b_arm4_bstar_o1a,0,bstar_2023,HP_Peak,calibrated_delta,none,-,-,-,p0.3|n10,rmse,1.2925077851967213,10,14,arm4_bstar_o1a,physics
iter05b_arm4_bstar_o1a,0,bstar_2023,HP_Peak,calibrated_delta,none,-,-,-,p0.3|n10,mae,1.0892621024415763,10,14,arm4_bstar_o1a,physics
iter05b_arm4_bstar_o1a,0,bstar_2023,HP_Peak,calibrated_delta,none,-,-,-,p0.3|n10,mape,5.215087732643864,10,14,arm4_bstar_o1a,physics
iter05b_arm4_bstar_o1a,0,bstar_2023,HP_Peak,calibrated_delta,none,-,-,-,p0.3|n10,r2,0.8137009740256558,10,14,arm4_bstar_o1a,physics
iter05b_arm4_bstar_o1a,0,bstar_2023,HP_Peak,calibrated_delta,none,-,-,-,p0.3|n10,n_pred_nan,0.0,10,14,arm4_bstar_o1a,physics
iter05b_arm4_bstar_o1a,0,bstar_2023,HP_Peak,calibrated_delta,none,-,-,-,p0.3|n10,mape_n_excluded,0.0,10,14,arm4_bstar_o1a,physics
iter05b_arm4_bstar_o1a,0,bstar_2023,HP_Peak,calibrated_delta,none,-,-,-,p0.3|n20,wape,20.54528589937258,5,14,arm4_bstar_o1a,physics
iter05b_arm4_bstar_o1a,0,bstar_2023,HP_Peak,calibrated_delta,none,-,-,-,p0.3|n20,rmse,12.13476339101582,5,14,arm4_bstar_o1a,physics
iter05b_arm4_bstar_o1a,0,bstar_2023,HP_Peak,calibrated_delta,none,-,-,-,p0.3|n20,mae,10.916101087493406,5,14,arm4_bstar_o1a,physics
iter05b_arm4_bstar_o1a,0,bstar_2023,HP_Peak,calibrated_delta,none,-,-,-,p0.3|n20,mape,20.510093754771084,5,14,arm4_bstar_o1a,physics
iter05b_arm4_bstar_o1a,0,bstar_2023,HP_Peak,calibrated_delta,none,-,-,-,p0.3|n20,r2,-6.044961035653164,5,14,arm4_bstar_o1a,physics
iter05b_arm4_bstar_o1a,0,bstar_2023,HP_Peak,calibrated_delta,none,-,-,-,p0.3|n20,n_pred_nan,0.0,5,14,arm4_bstar_o1a,physics
iter05b_arm4_bstar_o1a,0,bstar_2023,HP_Peak,calibrated_delta,none,-,-,-,p0.3|n20,mape_n_excluded,0.0,5,14,arm4_bstar_o1a,physics
iter05b_arm4_bstar_o1a,0,bstar_2023,HP_Peak,calibrated_delta,none,-,-,-,p0.3|n40,wape,7.451688042005064,5,16,arm4_bstar_o1a,physics
iter05b_arm4_bstar_o1a,0,bstar_2023,HP_Peak,calibrated_delta,none,-,-,-,p0.3|n40,rmse,9.525547887399009,5,16,arm4_bstar_o1a,physics
iter05b_arm4_bstar_o1a,0,bstar_2023,HP_Peak,calibrated_delta,none,-,-,-,p0.3|n40,mae,6.9498015317054636,5,16,arm4_bstar_o1a,physics
iter05b_arm4_bstar_o1a,0,bstar_2023,HP_Peak,calibrated_delta,none,-,-,-,p0.3|n40,mape,7.329276029923713,5,16,arm4_bstar_o1a,physics
iter05b_arm4_bstar_o1a,0,bstar_2023,HP_Peak,calibrated_delta,none,-,-,-,p0.3|n40,r2,-1.8258426935324876,5,16,arm4_bstar_o1a,physics
iter05b_arm4_bstar_o1a,0,bstar_2023,HP_Peak,calibrated_delta,none,-,-,-,p0.3|n40,n_pred_nan,0.0,5,16,arm4_bstar_o1a,physics
iter05b_arm4_bstar_o1a,0,bstar_2023,HP_Peak,calibrated_delta,none,-,-,-,p0.3|n40,mape_n_excluded,0.0,5,16,arm4_bstar_o1a,physics
iter05b_arm4_bstar_o1a,0,bstar_2023,HP_Peak,calibrated_delta,none,-,-,-,p0.5|n10,wape,22.125554829688777,5,12,arm4_bstar_o1a,physics
iter05b_arm4_bstar_o1a,0,bstar_2023,HP_Peak,calibrated_delta,none,-,-,-,p0.5|n10,rmse,9.597828372735833,5,12,arm4_bstar_o1a,physics
iter05b_arm4_bstar_o1a,0,bstar_2023,HP_Peak,calibrated_delta,none,-,-,-,p0.5|n10,mae,9.14304232176247,5,12,arm4_bstar_o1a,physics
iter05b_arm4_bstar_o1a,0,bstar_2023,HP_Peak,calibrated_delta,none,-,-,-,p0.5|n10,mape,22.235549306414853,5,12,arm4_bstar_o1a,physics
iter05b_arm4_bstar_o1a,0,bstar_2023,HP_Peak,calibrated_delta,none,-,-,-,p0.5|n10,r2,-0.2328943185286032,5,12,arm4_bstar_o1a,physics
iter05b_arm4_bstar_o1a,0,bstar_2023,HP_Peak,calibrated_delta,none,-,-,-,p0.5|n10,n_pred_nan,0.0,5,12,arm4_bstar_o1a,physics
iter05b_arm4_bstar_o1a,0,bstar_2023,HP_Peak,calibrated_delta,none,-,-,-,p0.5|n10,mape_n_excluded,0.0,5,12,arm4_bstar_o1a,physics
iter05b_arm4_bstar_o1a,0,bstar_2023,HP_Peak,calibrated_delta,none,-,-,-,p0.5|n20,wape,11.336209291775125,5,16,arm4_bstar_o1a,physics
iter05b_arm4_bstar_o1a,0,bstar_2023,HP_Peak,calibrated_delta,none,-,-,-,p0.5|n20,rmse,10.987512506959371,5,16,arm4_bstar_o1a,physics
iter05b_arm4_bstar_o1a,0,bstar_2023,HP_Peak,calibrated_delta,none,-,-,-,p0.5|n20,mae,9.448904478179696,5,16,arm4_bstar_o1a,physics
iter05b_arm4_bstar_o1a,0,bstar_2023,HP_Peak,calibrated_delta,none,-,-,-,p0.5|n20,mape,11.23340675709871,5,16,arm4_bstar_o1a,physics
iter05b_arm4_bstar_o1a,0,bstar_2023,HP_Peak,calibrated_delta,none,-,-,-,p0.5|n20,r2,-0.9704474831109353,5,16,arm4_bstar_o1a,physics
iter05b_arm4_bstar_o1a,0,bstar_2023,HP_Peak,calibrated_delta,none,-,-,-,p0.5|n20,n_pred_nan,0.0,5,16,arm4_bstar_o1a,physics
iter05b_arm4_bstar_o1a,0,bstar_2023,HP_Peak,calibrated_delta,none,-,-,-,p0.5|n20,mape_n_excluded,0.0,5,16,arm4_bstar_o1a,physics
iter05b_arm4_bstar_o1a,0,bstar_2023,HP_Peak,calibrated_delta,none,-,-,-,p0.8|n10,wape,10.928886077326144,5,14,arm4_bstar_o1a,physics
iter05b_arm4_bstar_o1a,0,bstar_2023,HP_Peak,calibrated_delta,none,-,-,-,p0.8|n10,rmse,7.630564107296216,5,14,arm4_bstar_o1a,physics
iter05b_arm4_bstar_o1a,0,bstar_2023,HP_Peak,calibrated_delta,none,-,-,-,p0.8|n10,mae,7.100877871967616,5,14,arm4_bstar_o1a,physics
iter05b_arm4_bstar_o1a,0,bstar_2023,HP_Peak,calibrated_delta,none,-,-,-,p0.8|n10,mape,11.025858524188765,5,14,arm4_bstar_o1a,physics
iter05b_arm4_bstar_o1a,0,bstar_2023,HP_Peak,calibrated_delta,none,-,-,-,p0.8|n10,r2,0.5102917923306196,5,14,arm4_bstar_o1a,physics
iter05b_arm4_bstar_o1a,0,bstar_2023,HP_Peak,calibrated_delta,none,-,-,-,p0.8|n10,n_pred_nan,0.0,5,14,arm4_bstar_o1a,physics
iter05b_arm4_bstar_o1a,0,bstar_2023,HP_Peak,calibrated_delta,none,-,-,-,p0.8|n10,mape_n_excluded,0.0,5,14,arm4_bstar_o1a,physics
iter05b_arm4_bstar_o1a,0,bstar_2023,HP_Peak,calibrated_delta,none,-,-,-,p1.0|n10,wape,9.60389129456733,5,16,arm4_bstar_o1a,physics
iter05b_arm4_bstar_o1a,0,bstar_2023,HP_Peak,calibrated_delta,none,-,-,-,p1.0|n10,rmse,9.0487862414726,5,16,arm4_bstar_o1a,physics
iter05b_arm4_bstar_o1a,0,bstar_2023,HP_Peak,calibrated_delta,none,-,-,-,p1.0|n10,mae,7.728429188805174,5,16,arm4_bstar_o1a,physics
iter05b_arm4_bstar_o1a,0,bstar_2023,HP_Peak,calibrated_delta,none,-,-,-,p1.0|n10,mape,10.097398548200054,5,16,arm4_bstar_o1a,physics
iter05b_arm4_bstar_o1a,0,bstar_2023,HP_Peak,calibrated_delta,none,-,-,-,p1.0|n10,r2,-0.47291108015133654,5,16,arm4_bstar_o1a,physics
iter05b_arm4_bstar_o1a,0,bstar_2023,HP_Peak,calibrated_delta,none,-,-,-,p1.0|n10,n_pred_nan,0.0,5,16,arm4_bstar_o1a,physics
iter05b_arm4_bstar_o1a,0,bstar_2023,HP_Peak,calibrated_delta,none,-,-,-,p1.0|n10,mape_n_excluded,0.0,5,16,arm4_bstar_o1a,physics
iter05b_arm4_bstar_o1a,0,bstar_2023,HP_Peak,calibrated_delta,none,-,-,-,all,at_bound_share_train,0.004,500,62,arm4_bstar_o1a,physics
iter05b_arm4_bstar_o1a,0,bstar_2023,HP_Peak,calibrated_delta,none,-,-,-,all,at_bound_share_test,0.007407407407407408,135,20,arm4_bstar_o1a,physics
iter05b_arm4_bstar_o1a,0,bstar_2023,HP_Peak,hdh,none,-,-,-,all,wape,13.34530635312693,135,20,arm4_bstar_o1a,physics
iter05b_arm4_bstar_o1a,0,bstar_2023,HP_Peak,hdh,none,-,-,-,all,rmse,6.499488603244407,135,20,arm4_bstar_o1a,physics
iter05b_arm4_bstar_o1a,0,bstar_2023,HP_Peak,hdh,none,-,-,-,all,mae,4.795642164659953,135,20,arm4_bstar_o1a,physics
iter05b_arm4_bstar_o1a,0,bstar_2023,HP_Peak,hdh,none,-,-,-,all,mape,19.480755331001205,135,20,arm4_bstar_o1a,physics
iter05b_arm4_bstar_o1a,0,bstar_2023,HP_Peak,hdh,none,-,-,-,all,r2,0.9533114376187227,135,20,arm4_bstar_o1a,physics
iter05b_arm4_bstar_o1a,0,bstar_2023,HP_Peak,hdh,none,-,-,-,all,n_pred_nan,0.0,135,20,arm4_bstar_o1a,physics
iter05b_arm4_bstar_o1a,0,bstar_2023,HP_Peak,hdh,none,-,-,-,all,mape_n_excluded,0.0,135,20,arm4_bstar_o1a,physics
iter05b_arm4_bstar_o1a,0,bstar_2023,HP_Peak,hdh,none,-,-,-,pbin<=15,wape,16.459124301097553,75,20,arm4_bstar_o1a,physics
iter05b_arm4_bstar_o1a,0,bstar_2023,HP_Peak,hdh,none,-,-,-,pbin<=15,rmse,5.7915678280703355,75,20,arm4_bstar_o1a,physics
iter05b_arm4_bstar_o1a,0,bstar_2023,HP_Peak,hdh,none,-,-,-,pbin<=15,mae,4.26986609867206,75,20,arm4_bstar_o1a,physics
iter05b_arm4_bstar_o1a,0,bstar_2023,HP_Peak,hdh,none,-,-,-,pbin<=15,mape,25.773312203916227,75,20,arm4_bstar_o1a,physics
iter05b_arm4_bstar_o1a,0,bstar_2023,HP_Peak,hdh,none,-,-,-,pbin<=15,r2,0.9569308287595903,75,20,arm4_bstar_o1a,physics
iter05b_arm4_bstar_o1a,0,bstar_2023,HP_Peak,hdh,none,-,-,-,pbin<=15,n_pred_nan,0.0,75,20,arm4_bstar_o1a,physics
iter05b_arm4_bstar_o1a,0,bstar_2023,HP_Peak,hdh,none,-,-,-,pbin<=15,mape_n_excluded,0.0,75,20,arm4_bstar_o1a,physics
iter05b_arm4_bstar_o1a,0,bstar_2023,HP_Peak,hdh,none,-,-,-,pbin15-35,wape,11.013647253264658,40,20,arm4_bstar_o1a,physics
iter05b_arm4_bstar_o1a,0,bstar_2023,HP_Peak,hdh,none,-,-,-,pbin15-35,rmse,6.3810879873179545,40,20,arm4_bstar_o1a,physics
iter05b_arm4_bstar_o1a,0,bstar_2023,HP_Peak,hdh,none,-,-,-,pbin15-35,mae,4.281449495515618,40,20,arm4_bstar_o1a,physics
iter05b_arm4_bstar_o1a,0,bstar_2023,HP_Peak,hdh,none,-,-,-,pbin15-35,mape,11.135459165711064,40,20,arm4_bstar_o1a,physics
iter05b_arm4_bstar_o1a,0,bstar_2023,HP_Peak,hdh,none,-,-,-,pbin15-35,r2,0.9435037679192791,40,20,arm4_bstar_o1a,physics
iter05b_arm4_bstar_o1a,0,bstar_2023,HP_Peak,hdh,none,-,-,-,pbin15-35,n_pred_nan,0.0,40,20,arm4_bstar_o1a,physics
iter05b_arm4_bstar_o1a,0,bstar_2023,HP_Peak,hdh,none,-,-,-,pbin15-35,mape_n_excluded,0.0,40,20,arm4_bstar_o1a,physics
iter05b_arm4_bstar_o1a,0,bstar_2023,HP_Peak,hdh,none,-,-,-,pbin35-65,wape,13.769648396033233,10,16,arm4_bstar_o1a,physics
iter05b_arm4_bstar_o1a,0,bstar_2023,HP_Peak,hdh,none,-,-,-,pbin35-65,rmse,9.656588827287834,10,16,arm4_bstar_o1a,physics
iter05b_arm4_bstar_o1a,0,bstar_2023,HP_Peak,hdh,none,-,-,-,pbin35-65,mae,8.583653467305428,10,16,arm4_bstar_o1a,physics
iter05b_arm4_bstar_o1a,0,bstar_2023,HP_Peak,hdh,none,-,-,-,pbin35-65,mape,15.132154269156736,10,16,arm4_bstar_o1a,physics
iter05b_arm4_bstar_o1a,0,bstar_2023,HP_Peak,hdh,none,-,-,-,pbin35-65,r2,0.8170076633752885,10,16,arm4_bstar_o1a,physics
iter05b_arm4_bstar_o1a,0,bstar_2023,HP_Peak,hdh,none,-,-,-,pbin35-65,n_pred_nan,0.0,10,16,arm4_bstar_o1a,physics
iter05b_arm4_bstar_o1a,0,bstar_2023,HP_Peak,hdh,none,-,-,-,pbin35-65,mape_n_excluded,0.0,10,16,arm4_bstar_o1a,physics
iter05b_arm4_bstar_o1a,0,bstar_2023,HP_Peak,hdh,none,-,-,-,pbin>65,wape,9.636228019839402,10,16,arm4_bstar_o1a,physics
iter05b_arm4_bstar_o1a,0,bstar_2023,HP_Peak,hdh,none,-,-,-,pbin>65,rmse,7.911730260163308,10,16,arm4_bstar_o1a,physics
iter05b_arm4_bstar_o1a,0,bstar_2023,HP_Peak,hdh,none,-,-,-,pbin>65,mae,7.007722033501021,10,16,arm4_bstar_o1a,physics
iter05b_arm4_bstar_o1a,0,bstar_2023,HP_Peak,hdh,none,-,-,-,pbin>65,mape,10.016364507143585,10,16,arm4_bstar_o1a,physics
iter05b_arm4_bstar_o1a,0,bstar_2023,HP_Peak,hdh,none,-,-,-,pbin>65,r2,0.575031900334846,10,16,arm4_bstar_o1a,physics
iter05b_arm4_bstar_o1a,0,bstar_2023,HP_Peak,hdh,none,-,-,-,pbin>65,n_pred_nan,0.0,10,16,arm4_bstar_o1a,physics
iter05b_arm4_bstar_o1a,0,bstar_2023,HP_Peak,hdh,none,-,-,-,pbin>65,mape_n_excluded,0.0,10,16,arm4_bstar_o1a,physics
iter05b_arm4_bstar_o1a,0,bstar_2023,HP_Peak,hdh,none,-,-,-,p0.05|n10,wape,37.601618828488746,10,9,arm4_bstar_o1a,physics
iter05b_arm4_bstar_o1a,0,bstar_2023,HP_Peak,hdh,none,-,-,-,p0.05|n10,rmse,2.249495208225517,10,9,arm4_bstar_o1a,physics
iter05b_arm4_bstar_o1a,0,bstar_2023,HP_Peak,hdh,none,-,-,-,p0.05|n10,mae,2.0635323209907823,10,9,arm4_bstar_o1a,physics
iter05b_arm4_bstar_o1a,0,bstar_2023,HP_Peak,hdh,none,-,-,-,p0.05|n10,mape,42.9697632911915,10,9,arm4_bstar_o1a,physics
iter05b_arm4_bstar_o1a,0,bstar_2023,HP_Peak,hdh,none,-,-,-,p0.05|n10,r2,-0.18774914447150715,10,9,arm4_bstar_o1a,physics
iter05b_arm4_bstar_o1a,0,bstar_2023,HP_Peak,hdh,none,-,-,-,p0.05|n10,n_pred_nan,0.0,10,9,arm4_bstar_o1a,physics
iter05b_arm4_bstar_o1a,0,bstar_2023,HP_Peak,hdh,none,-,-,-,p0.05|n10,mape_n_excluded,0.0,10,9,arm4_bstar_o1a,physics
iter05b_arm4_bstar_o1a,0,bstar_2023,HP_Peak,hdh,none,-,-,-,p0.05|n20,wape,30.11106674940563,10,7,arm4_bstar_o1a,physics
iter05b_arm4_bstar_o1a,0,bstar_2023,HP_Peak,hdh,none,-,-,-,p0.05|n20,rmse,2.1643025106253755,10,7,arm4_bstar_o1a,physics
iter05b_arm4_bstar_o1a,0,bstar_2023,HP_Peak,hdh,none,-,-,-,p0.05|n20,mae,1.712255091165197,10,7,arm4_bstar_o1a,physics
iter05b_arm4_bstar_o1a,0,bstar_2023,HP_Peak,hdh,none,-,-,-,p0.05|n20,mape,32.51146545380231,10,7,arm4_bstar_o1a,physics
iter05b_arm4_bstar_o1a,0,bstar_2023,HP_Peak,hdh,none,-,-,-,p0.05|n20,r2,-0.3464872538004671,10,7,arm4_bstar_o1a,physics
iter05b_arm4_bstar_o1a,0,bstar_2023,HP_Peak,hdh,none,-,-,-,p0.05|n20,n_pred_nan,0.0,10,7,arm4_bstar_o1a,physics
iter05b_arm4_bstar_o1a,0,bstar_2023,HP_Peak,hdh,none,-,-,-,p0.05|n20,mape_n_excluded,0.0,10,7,arm4_bstar_o1a,physics
iter05b_arm4_bstar_o1a,0,bstar_2023,HP_Peak,hdh,none,-,-,-,p0.05|n40,wape,21.993985494580574,10,13,arm4_bstar_o1a,physics
iter05b_arm4_bstar_o1a,0,bstar_2023,HP_Peak,hdh,none,-,-,-,p0.05|n40,rmse,4.909254880485646,10,13,arm4_bstar_o1a,physics
iter05b_arm4_bstar_o1a,0,bstar_2023,HP_Peak,hdh,none,-,-,-,p0.05|n40,mae,3.2159031107274756,10,13,arm4_bstar_o1a,physics
iter05b_arm4_bstar_o1a,0,bstar_2023,HP_Peak,hdh,none,-,-,-,p0.05|n40,mape,21.94078517909088,10,13,arm4_bstar_o1a,physics
iter05b_arm4_bstar_o1a,0,bstar_2023,HP_Peak,hdh,none,-,-,-,p0.05|n40,r2,0.27248589581121996,10,13,arm4_bstar_o1a,physics
iter05b_arm4_bstar_o1a,0,bstar_2023,HP_Peak,hdh,none,-,-,-,p0.05|n40,n_pred_nan,0.0,10,13,arm4_bstar_o1a,physics
iter05b_arm4_bstar_o1a,0,bstar_2023,HP_Peak,hdh,none,-,-,-,p0.05|n40,mape_n_excluded,0.0,10,13,arm4_bstar_o1a,physics
iter05b_arm4_bstar_o1a,0,bstar_2023,HP_Peak,hdh,none,-,-,-,p0.05|n80,wape,27.117885929047652,5,12,arm4_bstar_o1a,physics
iter05b_arm4_bstar_o1a,0,bstar_2023,HP_Peak,hdh,none,-,-,-,p0.05|n80,rmse,9.64338858015961,5,12,arm4_bstar_o1a,physics
iter05b_arm4_bstar_o1a,0,bstar_2023,HP_Peak,hdh,none,-,-,-,p0.05|n80,mae,9.183902918843689,5,12,arm4_bstar_o1a,physics
iter05b_arm4_bstar_o1a,0,bstar_2023,HP_Peak,hdh,none,-,-,-,p0.05|n80,mape,26.888715340418734,5,12,arm4_bstar_o1a,physics
iter05b_arm4_bstar_o1a,0,bstar_2023,HP_Peak,hdh,none,-,-,-,p0.05|n80,r2,-3.210452977702702,5,12,arm4_bstar_o1a,physics
iter05b_arm4_bstar_o1a,0,bstar_2023,HP_Peak,hdh,none,-,-,-,p0.05|n80,n_pred_nan,0.0,5,12,arm4_bstar_o1a,physics
iter05b_arm4_bstar_o1a,0,bstar_2023,HP_Peak,hdh,none,-,-,-,p0.05|n80,mape_n_excluded,0.0,5,12,arm4_bstar_o1a,physics
iter05b_arm4_bstar_o1a,0,bstar_2023,HP_Peak,hdh,none,-,-,-,p0.05|n120,wape,12.656975659138736,5,15,arm4_bstar_o1a,physics
iter05b_arm4_bstar_o1a,0,bstar_2023,HP_Peak,hdh,none,-,-,-,p0.05|n120,rmse,6.48817078410866,5,15,arm4_bstar_o1a,physics
iter05b_arm4_bstar_o1a,0,bstar_2023,HP_Peak,hdh,none,-,-,-,p0.05|n120,mae,5.746357370683143,5,15,arm4_bstar_o1a,physics
iter05b_arm4_bstar_o1a,0,bstar_2023,HP_Peak,hdh,none,-,-,-,p0.05|n120,mape,12.737422834000498,5,15,arm4_bstar_o1a,physics
iter05b_arm4_bstar_o1a,0,bstar_2023,HP_Peak,hdh,none,-,-,-,p0.05|n120,r2,-2.805968788707182,5,15,arm4_bstar_o1a,physics
iter05b_arm4_bstar_o1a,0,bstar_2023,HP_Peak,hdh,none,-,-,-,p0.05|n120,n_pred_nan,0.0,5,15,arm4_bstar_o1a,physics
iter05b_arm4_bstar_o1a,0,bstar_2023,HP_Peak,hdh,none,-,-,-,p0.05|n120,mape_n_excluded,0.0,5,15,arm4_bstar_o1a,physics
iter05b_arm4_bstar_o1a,0,bstar_2023,HP_Peak,hdh,none,-,-,-,p0.1|n10,wape,29.687486337882852,10,9,arm4_bstar_o1a,physics
iter05b_arm4_bstar_o1a,0,bstar_2023,HP_Peak,hdh,none,-,-,-,p0.1|n10,rmse,3.051911690104224,10,9,arm4_bstar_o1a,physics
iter05b_arm4_bstar_o1a,0,bstar_2023,HP_Peak,hdh,none,-,-,-,p0.1|n10,mae,2.405280974344894,10,9,arm4_bstar_o1a,physics
iter05b_arm4_bstar_o1a,0,bstar_2023,HP_Peak,hdh,none,-,-,-,p0.1|n10,mape,31.821366521087686,10,9,arm4_bstar_o1a,physics
iter05b_arm4_bstar_o1a,0,bstar_2023,HP_Peak,hdh,none,-,-,-,p0.1|n10,r2,-0.27127863317420187,10,9,arm4_bstar_o1a,physics
iter05b_arm4_bstar_o1a,0,bstar_2023,HP_Peak,hdh,none,-,-,-,p0.1|n10,n_pred_nan,0.0,10,9,arm4_bstar_o1a,physics
iter05b_arm4_bstar_o1a,0,bstar_2023,HP_Peak,hdh,none,-,-,-,p0.1|n10,mape_n_excluded,0.0,10,9,arm4_bstar_o1a,physics
iter05b_arm4_bstar_o1a,0,bstar_2023,HP_Peak,hdh,none,-,-,-,p0.1|n20,wape,28.357051079525984,10,11,arm4_bstar_o1a,physics
iter05b_arm4_bstar_o1a,0,bstar_2023,HP_Peak,hdh,none,-,-,-,p0.1|n20,rmse,4.759973488928958,10,11,arm4_bstar_o1a,physics
iter05b_arm4_bstar_o1a,0,bstar_2023,HP_Peak,hdh,none,-,-,-,p0.1|n20,mae,3.893349271457926,10,11,arm4_bstar_o1a,physics
iter05b_arm4_bstar_o1a,0,bstar_2023,HP_Peak,hdh,none,-,-,-,p0.1|n20,mape,27.845089628323443,10,11,arm4_bstar_o1a,physics
iter05b_arm4_bstar_o1a,0,bstar_2023,HP_Peak,hdh,none,-,-,-,p0.1|n20,r2,0.0687304317562113,10,11,arm4_bstar_o1a,physics
iter05b_arm4_bstar_o1a,0,bstar_2023,HP_Peak,hdh,none,-,-,-,p0.1|n20,n_pred_nan,0.0,10,11,arm4_bstar_o1a,physics
iter05b_arm4_bstar_o1a,0,bstar_2023,HP_Peak,hdh,none,-,-,-,p0.1|n20,mape_n_excluded,0.0,10,11,arm4_bstar_o1a,physics
iter05b_arm4_bstar_o1a,0,bstar_2023,HP_Peak,hdh,none,-,-,-,p0.1|n40,wape,11.913330690141905,5,12,arm4_bstar_o1a,physics
iter05b_arm4_bstar_o1a,0,bstar_2023,HP_Peak,hdh,none,-,-,-,p0.1|n40,rmse,6.283344214660752,5,12,arm4_bstar_o1a,physics
iter05b_arm4_bstar_o1a,0,bstar_2023,HP_Peak,hdh,none,-,-,-,p0.1|n40,mae,5.164689136625498,5,12,arm4_bstar_o1a,physics
iter05b_arm4_bstar_o1a,0,bstar_2023,HP_Peak,hdh,none,-,-,-,p0.1|n40,mape,12.674465327412724,5,12,arm4_bstar_o1a,physics
iter05b_arm4_bstar_o1a,0,bstar_2023,HP_Peak,hdh,none,-,-,-,p0.1|n40,r2,-0.6445684833787377,5,12,arm4_bstar_o1a,physics
iter05b_arm4_bstar_o1a,0,bstar_2023,HP_Peak,hdh,none,-,-,-,p0.1|n40,n_pred_nan,0.0,5,12,arm4_bstar_o1a,physics
iter05b_arm4_bstar_o1a,0,bstar_2023,HP_Peak,hdh,none,-,-,-,p0.1|n40,mape_n_excluded,0.0,5,12,arm4_bstar_o1a,physics
iter05b_arm4_bstar_o1a,0,bstar_2023,HP_Peak,hdh,none,-,-,-,p0.1|n80,wape,10.353226364760044,5,13,arm4_bstar_o1a,physics
iter05b_arm4_bstar_o1a,0,bstar_2023,HP_Peak,hdh,none,-,-,-,p0.1|n80,rmse,7.634114518787461,5,13,arm4_bstar_o1a,physics
iter05b_arm4_bstar_o1a,0,bstar_2023,HP_Peak,hdh,none,-,-,-,p0.1|n80,mae,7.07968179599858,5,13,arm4_bstar_o1a,physics
iter05b_arm4_bstar_o1a,0,bstar_2023,HP_Peak,hdh,none,-,-,-,p0.1|n80,mape,10.395050896330607,5,13,arm4_bstar_o1a,physics
iter05b_arm4_bstar_o1a,0,bstar_2023,HP_Peak,hdh,none,-,-,-,p0.1|n80,r2,0.53068189702218,5,13,arm4_bstar_o1a,physics
iter05b_arm4_bstar_o1a,0,bstar_2023,HP_Peak,hdh,none,-,-,-,p0.1|n80,n_pred_nan,0.0,5,13,arm4_bstar_o1a,physics
iter05b_arm4_bstar_o1a,0,bstar_2023,HP_Peak,hdh,none,-,-,-,p0.1|n80,mape_n_excluded,0.0,5,13,arm4_bstar_o1a,physics
iter05b_arm4_bstar_o1a,0,bstar_2023,HP_Peak,hdh,none,-,-,-,p0.1|n120,wape,10.004868333576235,5,16,arm4_bstar_o1a,physics
iter05b_arm4_bstar_o1a,0,bstar_2023,HP_Peak,hdh,none,-,-,-,p0.1|n120,rmse,11.77493040101296,5,16,arm4_bstar_o1a,physics
iter05b_arm4_bstar_o1a,0,bstar_2023,HP_Peak,hdh,none,-,-,-,p0.1|n120,mae,10.29271872055744,5,16,arm4_bstar_o1a,physics
iter05b_arm4_bstar_o1a,0,bstar_2023,HP_Peak,hdh,none,-,-,-,p0.1|n120,mape,9.727088513589273,5,16,arm4_bstar_o1a,physics
iter05b_arm4_bstar_o1a,0,bstar_2023,HP_Peak,hdh,none,-,-,-,p0.1|n120,r2,-2.260313982392364,5,16,arm4_bstar_o1a,physics
iter05b_arm4_bstar_o1a,0,bstar_2023,HP_Peak,hdh,none,-,-,-,p0.1|n120,n_pred_nan,0.0,5,16,arm4_bstar_o1a,physics
iter05b_arm4_bstar_o1a,0,bstar_2023,HP_Peak,hdh,none,-,-,-,p0.1|n120,mape_n_excluded,0.0,5,16,arm4_bstar_o1a,physics
iter05b_arm4_bstar_o1a,0,bstar_2023,HP_Peak,hdh,none,-,-,-,p0.2|n10,wape,15.396838207749648,10,12,arm4_bstar_o1a,physics
iter05b_arm4_bstar_o1a,0,bstar_2023,HP_Peak,hdh,none,-,-,-,p0.2|n10,rmse,2.527281294841134,10,12,arm4_bstar_o1a,physics
iter05b_arm4_bstar_o1a,0,bstar_2023,HP_Peak,hdh,none,-,-,-,p0.2|n10,mae,2.1195551686531844,10,12,arm4_bstar_o1a,physics
iter05b_arm4_bstar_o1a,0,bstar_2023,HP_Peak,hdh,none,-,-,-,p0.2|n10,mape,14.45527213625028,10,12,arm4_bstar_o1a,physics
iter05b_arm4_bstar_o1a,0,bstar_2023,HP_Peak,hdh,none,-,-,-,p0.2|n10,r2,0.24264749465436664,10,12,arm4_bstar_o1a,physics
iter05b_arm4_bstar_o1a,0,bstar_2023,HP_Peak,hdh,none,-,-,-,p0.2|n10,n_pred_nan,0.0,10,12,arm4_bstar_o1a,physics
iter05b_arm4_bstar_o1a,0,bstar_2023,HP_Peak,hdh,none,-,-,-,p0.2|n10,mape_n_excluded,0.0,10,12,arm4_bstar_o1a,physics
iter05b_arm4_bstar_o1a,0,bstar_2023,HP_Peak,hdh,none,-,-,-,p0.2|n20,wape,7.182006599211825,5,9,arm4_bstar_o1a,physics
iter05b_arm4_bstar_o1a,0,bstar_2023,HP_Peak,hdh,none,-,-,-,p0.2|n20,rmse,2.8608724055909573,5,9,arm4_bstar_o1a,physics
iter05b_arm4_bstar_o1a,0,bstar_2023,HP_Peak,hdh,none,-,-,-,p0.2|n20,mae,2.55807349342279,5,9,arm4_bstar_o1a,physics
iter05b_arm4_bstar_o1a,0,bstar_2023,HP_Peak,hdh,none,-,-,-,p0.2|n20,mape,7.206515512962944,5,9,arm4_bstar_o1a,physics
iter05b_arm4_bstar_o1a,0,bstar_2023,HP_Peak,hdh,none,-,-,-,p0.2|n20,r2,0.8271176827883513,5,9,arm4_bstar_o1a,physics
iter05b_arm4_bstar_o1a,0,bstar_2023,HP_Peak,hdh,none,-,-,-,p0.2|n20,n_pred_nan,0.0,5,9,arm4_bstar_o1a,physics
iter05b_arm4_bstar_o1a,0,bstar_2023,HP_Peak,hdh,none,-,-,-,p0.2|n20,mape_n_excluded,0.0,5,9,arm4_bstar_o1a,physics
iter05b_arm4_bstar_o1a,0,bstar_2023,HP_Peak,hdh,none,-,-,-,p0.2|n40,wape,13.202693093093218,5,15,arm4_bstar_o1a,physics
iter05b_arm4_bstar_o1a,0,bstar_2023,HP_Peak,hdh,none,-,-,-,p0.2|n40,rmse,9.517879182357536,5,15,arm4_bstar_o1a,physics
iter05b_arm4_bstar_o1a,0,bstar_2023,HP_Peak,hdh,none,-,-,-,p0.2|n40,mae,8.040709745497546,5,15,arm4_bstar_o1a,physics
iter05b_arm4_bstar_o1a,0,bstar_2023,HP_Peak,hdh,none,-,-,-,p0.2|n40,mape,12.901963505029649,5,15,arm4_bstar_o1a,physics
iter05b_arm4_bstar_o1a,0,bstar_2023,HP_Peak,hdh,none,-,-,-,p0.2|n40,r2,-3.469079548553938,5,15,arm4_bstar_o1a,physics
iter05b_arm4_bstar_o1a,0,bstar_2023,HP_Peak,hdh,none,-,-,-,p0.2|n40,n_pred_nan,0.0,5,15,arm4_bstar_o1a,physics
iter05b_arm4_bstar_o1a,0,bstar_2023,HP_Peak,hdh,none,-,-,-,p0.2|n40,mape_n_excluded,0.0,5,15,arm4_bstar_o1a,physics
iter05b_arm4_bstar_o1a,0,bstar_2023,HP_Peak,hdh,none,-,-,-,p0.3|n10,wape,7.289092622748461,10,14,arm4_bstar_o1a,physics
iter05b_arm4_bstar_o1a,0,bstar_2023,HP_Peak,hdh,none,-,-,-,p0.3|n10,rmse,1.68447136202908,10,14,arm4_bstar_o1a,physics
iter05b_arm4_bstar_o1a,0,bstar_2023,HP_Peak,hdh,none,-,-,-,p0.3|n10,mae,1.477623630645851,10,14,arm4_bstar_o1a,physics
iter05b_arm4_bstar_o1a,0,bstar_2023,HP_Peak,hdh,none,-,-,-,p0.3|n10,mape,7.386428629768985,10,14,arm4_bstar_o1a,physics
iter05b_arm4_bstar_o1a,0,bstar_2023,HP_Peak,hdh,none,-,-,-,p0.3|n10,r2,0.6835744725653521,10,14,arm4_bstar_o1a,physics
iter05b_arm4_bstar_o1a,0,bstar_2023,HP_Peak,hdh,none,-,-,-,p0.3|n10,n_pred_nan,0.0,10,14,arm4_bstar_o1a,physics
iter05b_arm4_bstar_o1a,0,bstar_2023,HP_Peak,hdh,none,-,-,-,p0.3|n10,mape_n_excluded,0.0,10,14,arm4_bstar_o1a,physics
iter05b_arm4_bstar_o1a,0,bstar_2023,HP_Peak,hdh,none,-,-,-,p0.3|n20,wape,18.28801268900719,5,14,arm4_bstar_o1a,physics
iter05b_arm4_bstar_o1a,0,bstar_2023,HP_Peak,hdh,none,-,-,-,p0.3|n20,rmse,11.000474146246926,5,14,arm4_bstar_o1a,physics
iter05b_arm4_bstar_o1a,0,bstar_2023,HP_Peak,hdh,none,-,-,-,p0.3|n20,mae,9.716768906518897,5,14,arm4_bstar_o1a,physics
iter05b_arm4_bstar_o1a,0,bstar_2023,HP_Peak,hdh,none,-,-,-,p0.3|n20,mape,18.198972508491202,5,14,arm4_bstar_o1a,physics
iter05b_arm4_bstar_o1a,0,bstar_2023,HP_Peak,hdh,none,-,-,-,p0.3|n20,r2,-4.789469621297277,5,14,arm4_bstar_o1a,physics
iter05b_arm4_bstar_o1a,0,bstar_2023,HP_Peak,hdh,none,-,-,-,p0.3|n20,n_pred_nan,0.0,5,14,arm4_bstar_o1a,physics
iter05b_arm4_bstar_o1a,0,bstar_2023,HP_Peak,hdh,none,-,-,-,p0.3|n20,mape_n_excluded,0.0,5,14,arm4_bstar_o1a,physics
iter05b_arm4_bstar_o1a,0,bstar_2023,HP_Peak,hdh,none,-,-,-,p0.3|n40,wape,7.228543485737415,5,16,arm4_bstar_o1a,physics
iter05b_arm4_bstar_o1a,0,bstar_2023,HP_Peak,hdh,none,-,-,-,p0.3|n40,rmse,9.354786779845616,5,16,arm4_bstar_o1a,physics
iter05b_arm4_bstar_o1a,0,bstar_2023,HP_Peak,hdh,none,-,-,-,p0.3|n40,mae,6.741686220087646,5,16,arm4_bstar_o1a,physics
iter05b_arm4_bstar_o1a,0,bstar_2023,HP_Peak,hdh,none,-,-,-,p0.3|n40,mape,7.092820267166192,5,16,arm4_bstar_o1a,physics
iter05b_arm4_bstar_o1a,0,bstar_2023,HP_Peak,hdh,none,-,-,-,p0.3|n40,r2,-1.7254350663331426,5,16,arm4_bstar_o1a,physics
iter05b_arm4_bstar_o1a,0,bstar_2023,HP_Peak,hdh,none,-,-,-,p0.3|n40,n_pred_nan,0.0,5,16,arm4_bstar_o1a,physics
iter05b_arm4_bstar_o1a,0,bstar_2023,HP_Peak,hdh,none,-,-,-,p0.3|n40,mape_n_excluded,0.0,5,16,arm4_bstar_o1a,physics
iter05b_arm4_bstar_o1a,0,bstar_2023,HP_Peak,hdh,none,-,-,-,p0.5|n10,wape,19.82932050377353,5,12,arm4_bstar_o1a,physics
iter05b_arm4_bstar_o1a,0,bstar_2023,HP_Peak,hdh,none,-,-,-,p0.5|n10,rmse,8.651942837309177,5,12,arm4_bstar_o1a,physics
iter05b_arm4_bstar_o1a,0,bstar_2023,HP_Peak,hdh,none,-,-,-,p0.5|n10,mae,8.194159105764848,5,12,arm4_bstar_o1a,physics
iter05b_arm4_bstar_o1a,0,bstar_2023,HP_Peak,hdh,none,-,-,-,p0.5|n10,mape,19.63875226740147,5,12,arm4_bstar_o1a,physics
iter05b_arm4_bstar_o1a,0,bstar_2023,HP_Peak,hdh,none,-,-,-,p0.5|n10,r2,-0.001860316874980894,5,12,arm4_bstar_o1a,physics
iter05b_arm4_bstar_o1a,0,bstar_2023,HP_Peak,hdh,none,-,-,-,p0.5|n10,n_pred_nan,0.0,5,12,arm4_bstar_o1a,physics
iter05b_arm4_bstar_o1a,0,bstar_2023,HP_Peak,hdh,none,-,-,-,p0.5|n10,mape_n_excluded,0.0,5,12,arm4_bstar_o1a,physics
iter05b_arm4_bstar_o1a,0,bstar_2023,HP_Peak,hdh,none,-,-,-,p0.5|n20,wape,10.765425984434573,5,16,arm4_bstar_o1a,physics
iter05b_arm4_bstar_o1a,0,bstar_2023,HP_Peak,hdh,none,-,-,-,p0.5|n20,rmse,10.566139346920187,5,16,arm4_bstar_o1a,physics
iter05b_arm4_bstar_o1a,0,bstar_2023,HP_Peak,hdh,none,-,-,-,p0.5|n20,mae,8.973147828846008,5,16,arm4_bstar_o1a,physics
iter05b_arm4_bstar_o1a,0,bstar_2023,HP_Peak,hdh,none,-,-,-,p0.5|n20,mape,10.625556270912002,5,16,arm4_bstar_o1a,physics
iter05b_arm4_bstar_o1a,0,bstar_2023,HP_Peak,hdh,none,-,-,-,p0.5|n20,r2,-0.8222114336668127,5,16,arm4_bstar_o1a,physics
iter05b_arm4_bstar_o1a,0,bstar_2023,HP_Peak,hdh,none,-,-,-,p0.5|n20,n_pred_nan,0.0,5,16,arm4_bstar_o1a,physics
iter05b_arm4_bstar_o1a,0,bstar_2023,HP_Peak,hdh,none,-,-,-,p0.5|n20,mape_n_excluded,0.0,5,16,arm4_bstar_o1a,physics
iter05b_arm4_bstar_o1a,0,bstar_2023,HP_Peak,hdh,none,-,-,-,p0.8|n10,wape,10.39427178710684,5,14,arm4_bstar_o1a,physics
iter05b_arm4_bstar_o1a,0,bstar_2023,HP_Peak,hdh,none,-,-,-,p0.8|n10,rmse,7.13806609542888,5,14,arm4_bstar_o1a,physics
iter05b_arm4_bstar_o1a,0,bstar_2023,HP_Peak,hdh,none,-,-,-,p0.8|n10,mae,6.753520350204089,5,14,arm4_bstar_o1a,physics
iter05b_arm4_bstar_o1a,0,bstar_2023,HP_Peak,hdh,none,-,-,-,p0.8|n10,mape,10.542225542623857,5,14,arm4_bstar_o1a,physics
iter05b_arm4_bstar_o1a,0,bstar_2023,HP_Peak,hdh,none,-,-,-,p0.8|n10,r2,0.5714660615566365,5,14,arm4_bstar_o1a,physics
iter05b_arm4_bstar_o1a,0,bstar_2023,HP_Peak,hdh,none,-,-,-,p0.8|n10,n_pred_nan,0.0,5,14,arm4_bstar_o1a,physics
iter05b_arm4_bstar_o1a,0,bstar_2023,HP_Peak,hdh,none,-,-,-,p0.8|n10,mape_n_excluded,0.0,5,14,arm4_bstar_o1a,physics
iter05b_arm4_bstar_o1a,0,bstar_2023,HP_Peak,hdh,none,-,-,-,p1.0|n10,wape,9.024178686477713,5,16,arm4_bstar_o1a,physics
iter05b_arm4_bstar_o1a,0,bstar_2023,HP_Peak,hdh,none,-,-,-,p1.0|n10,rmse,8.61620356284926,5,16,arm4_bstar_o1a,physics
iter05b_arm4_bstar_o1a,0,bstar_2023,HP_Peak,hdh,none,-,-,-,p1.0|n10,mae,7.261923716797954,5,16,arm4_bstar_o1a,physics
iter05b_arm4_bstar_o1a,0,bstar_2023,HP_Peak,hdh,none,-,-,-,p1.0|n10,mape,9.490503471663311,5,16,arm4_bstar_o1a,physics
iter05b_arm4_bstar_o1a,0,bstar_2023,HP_Peak,hdh,none,-,-,-,p1.0|n10,r2,-0.33545043186715806,5,16,arm4_bstar_o1a,physics
iter05b_arm4_bstar_o1a,0,bstar_2023,HP_Peak,hdh,none,-,-,-,p1.0|n10,n_pred_nan,0.0,5,16,arm4_bstar_o1a,physics
iter05b_arm4_bstar_o1a,0,bstar_2023,HP_Peak,hdh,none,-,-,-,p1.0|n10,mape_n_excluded,0.0,5,16,arm4_bstar_o1a,physics
iter05b_arm4_bstar_o1a,0,bstar_2023,HP_Peak,paperA_sh_mh,none,-,-,-,all,wape,11.132347569842398,135,20,arm4_bstar_o1a,physics
iter05b_arm4_bstar_o1a,0,bstar_2023,HP_Peak,paperA_sh_mh,none,-,-,-,all,rmse,5.406778123098739,135,20,arm4_bstar_o1a,physics
iter05b_arm4_bstar_o1a,0,bstar_2023,HP_Peak,paperA_sh_mh,none,-,-,-,all,mae,4.000414376780265,135,20,arm4_bstar_o1a,physics
iter05b_arm4_bstar_o1a,0,bstar_2023,HP_Peak,paperA_sh_mh,none,-,-,-,all,mape,16.32756848684174,135,20,arm4_bstar_o1a,physics
iter05b_arm4_bstar_o1a,0,bstar_2023,HP_Peak,paperA_sh_mh,none,-,-,-,all,r2,0.9676905753694077,135,20,arm4_bstar_o1a,physics
iter05b_arm4_bstar_o1a,0,bstar_2023,HP_Peak,paperA_sh_mh,none,-,-,-,all,n_pred_nan,0.0,135,20,arm4_bstar_o1a,physics
iter05b_arm4_bstar_o1a,0,bstar_2023,HP_Peak,paperA_sh_mh,none,-,-,-,all,mape_n_excluded,0.0,135,20,arm4_bstar_o1a,physics
iter05b_arm4_bstar_o1a,0,bstar_2023,HP_Peak,paperA_sh_mh,none,-,-,-,all,n_invalid,0.0,135,20,arm4_bstar_o1a,physics
iter05b_arm4_bstar_o1a,0,bstar_2023,HP_Peak,paperA_sh_mh,none,-,-,-,all,n_station_fallback,0.0,135,20,arm4_bstar_o1a,physics
iter05b_arm4_bstar_o1a,0,bstar_2023,HP_Peak,paperA_sh_mh,none,-,-,-,pbin<=15,wape,13.902577421406484,75,20,arm4_bstar_o1a,physics
iter05b_arm4_bstar_o1a,0,bstar_2023,HP_Peak,paperA_sh_mh,none,-,-,-,pbin<=15,rmse,5.001251146597247,75,20,arm4_bstar_o1a,physics
iter05b_arm4_bstar_o1a,0,bstar_2023,HP_Peak,paperA_sh_mh,none,-,-,-,pbin<=15,mae,3.606640482803128,75,20,arm4_bstar_o1a,physics
iter05b_arm4_bstar_o1a,0,bstar_2023,HP_Peak,paperA_sh_mh,none,-,-,-,pbin<=15,mape,20.74044505448992,75,20,arm4_bstar_o1a,physics
iter05b_arm4_bstar_o1a,0,bstar_2023,HP_Peak,paperA_sh_mh,none,-,-,-,pbin<=15,r2,0.9678832531226087,75,20,arm4_bstar_o1a,physics
iter05b_arm4_bstar_o1a,0,bstar_2023,HP_Peak,paperA_sh_mh,none,-,-,-,pbin<=15,n_pred_nan,0.0,75,20,arm4_bstar_o1a,physics
iter05b_arm4_bstar_o1a,0,bstar_2023,HP_Peak,paperA_sh_mh,none,-,-,-,pbin<=15,mape_n_excluded,0.0,75,20,arm4_bstar_o1a,physics
iter05b_arm4_bstar_o1a,0,bstar_2023,HP_Peak,paperA_sh_mh,none,-,-,-,pbin15-35,wape,10.095786492221293,40,20,arm4_bstar_o1a,physics
iter05b_arm4_bstar_o1a,0,bstar_2023,HP_Peak,paperA_sh_mh,none,-,-,-,pbin15-35,rmse,5.596209241257398,40,20,arm4_bstar_o1a,physics
iter05b_arm4_bstar_o1a,0,bstar_2023,HP_Peak,paperA_sh_mh,none,-,-,-,pbin15-35,mae,3.9246399480555043,40,20,arm4_bstar_o1a,physics
iter05b_arm4_bstar_o1a,0,bstar_2023,HP_Peak,paperA_sh_mh,none,-,-,-,pbin15-35,mape,11.377181617966707,40,20,arm4_bstar_o1a,physics
iter05b_arm4_bstar_o1a,0,bstar_2023,HP_Peak,paperA_sh_mh,none,-,-,-,pbin15-35,r2,0.9565471859767658,40,20,arm4_bstar_o1a,physics
iter05b_arm4_bstar_o1a,0,bstar_2023,HP_Peak,paperA_sh_mh,none,-,-,-,pbin15-35,n_pred_nan,0.0,40,20,arm4_bstar_o1a,physics
iter05b_arm4_bstar_o1a,0,bstar_2023,HP_Peak,paperA_sh_mh,none,-,-,-,pbin15-35,mape_n_excluded,0.0,40,20,arm4_bstar_o1a,physics
iter05b_arm4_bstar_o1a,0,bstar_2023,HP_Peak,paperA_sh_mh,none,-,-,-,pbin35-65,wape,10.953753592104896,10,16,arm4_bstar_o1a,physics
iter05b_arm4_bstar_o1a,0,bstar_2023,HP_Peak,paperA_sh_mh,none,-,-,-,pbin35-65,rmse,7.4232759752105695,10,16,arm4_bstar_o1a,physics
iter05b_arm4_bstar_o1a,0,bstar_2023,HP_Peak,paperA_sh_mh,none,-,-,-,pbin35-65,mae,6.8282952691781675,10,16,arm4_bstar_o1a,physics
iter05b_arm4_bstar_o1a,0,bstar_2023,HP_Peak,paperA_sh_mh,none,-,-,-,pbin35-65,mape,12.987804677751747,10,16,arm4_bstar_o1a,physics
iter05b_arm4_bstar_o1a,0,bstar_2023,HP_Peak,paperA_sh_mh,none,-,-,-,pbin35-65,r2,0.8918624224675622,10,16,arm4_bstar_o1a,physics
iter05b_arm4_bstar_o1a,0,bstar_2023,HP_Peak,paperA_sh_mh,none,-,-,-,pbin35-65,n_pred_nan,0.0,10,16,arm4_bstar_o1a,physics
iter05b_arm4_bstar_o1a,0,bstar_2023,HP_Peak,paperA_sh_mh,none,-,-,-,pbin35-65,mape_n_excluded,0.0,10,16,arm4_bstar_o1a,physics
iter05b_arm4_bstar_o1a,0,bstar_2023,HP_Peak,paperA_sh_mh,none,-,-,-,pbin>65,wape,6.090171846873458,10,16,arm4_bstar_o1a,physics
iter05b_arm4_bstar_o1a,0,bstar_2023,HP_Peak,paperA_sh_mh,none,-,-,-,pbin>65,rmse,5.165245894507719,10,16,arm4_bstar_o1a,physics
iter05b_arm4_bstar_o1a,0,bstar_2023,HP_Peak,paperA_sh_mh,none,-,-,-,pbin>65,mae,4.428935404109918,10,16,arm4_bstar_o1a,physics
iter05b_arm4_bstar_o1a,0,bstar_2023,HP_Peak,paperA_sh_mh,none,-,-,-,pbin>65,mape,6.3723055140704945,10,16,arm4_bstar_o1a,physics
iter05b_arm4_bstar_o1a,0,bstar_2023,HP_Peak,paperA_sh_mh,none,-,-,-,pbin>65,r2,0.8188679139012932,10,16,arm4_bstar_o1a,physics
iter05b_arm4_bstar_o1a,0,bstar_2023,HP_Peak,paperA_sh_mh,none,-,-,-,pbin>65,n_pred_nan,0.0,10,16,arm4_bstar_o1a,physics
iter05b_arm4_bstar_o1a,0,bstar_2023,HP_Peak,paperA_sh_mh,none,-,-,-,pbin>65,mape_n_excluded,0.0,10,16,arm4_bstar_o1a,physics
iter05b_arm4_bstar_o1a,0,bstar_2023,HP_Peak,paperA_sh_mh,none,-,-,-,p0.05|n10,wape,23.20730319729133,10,9,arm4_bstar_o1a,physics
iter05b_arm4_bstar_o1a,0,bstar_2023,HP_Peak,paperA_sh_mh,none,-,-,-,p0.05|n10,rmse,1.80159167516539,10,9,arm4_bstar_o1a,physics
iter05b_arm4_bstar_o1a,0,bstar_2023,HP_Peak,paperA_sh_mh,none,-,-,-,p0.05|n10,mae,1.2735893220203707,10,9,arm4_bstar_o1a,physics
iter05b_arm4_bstar_o1a,0,bstar_2023,HP_Peak,paperA_sh_mh,none,-,-,-,p0.05|n10,mape,23.946955999311186,10,9,arm4_bstar_o1a,physics
iter05b_arm4_bstar_o1a,0,bstar_2023,HP_Peak,paperA_sh_mh,none,-,-,-,p0.05|n10,r2,0.2381537849605686,10,9,arm4_bstar_o1a,physics
iter05b_arm4_bstar_o1a,0,bstar_2023,HP_Peak,paperA_sh_mh,none,-,-,-,p0.05|n10,n_pred_nan,0.0,10,9,arm4_bstar_o1a,physics
iter05b_arm4_bstar_o1a,0,bstar_2023,HP_Peak,paperA_sh_mh,none,-,-,-,p0.05|n10,mape_n_excluded,0.0,10,9,arm4_bstar_o1a,physics
iter05b_arm4_bstar_o1a,0,bstar_2023,HP_Peak,paperA_sh_mh,none,-,-,-,p0.05|n20,wape,19.665030288462006,10,7,arm4_bstar_o1a,physics
iter05b_arm4_bstar_o1a,0,bstar_2023,HP_Peak,paperA_sh_mh,none,-,-,-,p0.05|n20,rmse,1.6075973901717489,10,7,arm4_bstar_o1a,physics
iter05b_arm4_bstar_o1a,0,bstar_2023,HP_Peak,paperA_sh_mh,none,-,-,-,p0.05|n20,mae,1.118244946602615,10,7,arm4_bstar_o1a,physics
iter05b_arm4_bstar_o1a,0,bstar_2023,HP_Peak,paperA_sh_mh,none,-,-,-,p0.05|n20,mape,19.96895194000063,10,7,arm4_bstar_o1a,physics
iter05b_arm4_bstar_o1a,0,bstar_2023,HP_Peak,paperA_sh_mh,none,-,-,-,p0.05|n20,r2,0.2571161704625916,10,7,arm4_bstar_o1a,physics
iter05b_arm4_bstar_o1a,0,bstar_2023,HP_Peak,paperA_sh_mh,none,-,-,-,p0.05|n20,n_pred_nan,0.0,10,7,arm4_bstar_o1a,physics
iter05b_arm4_bstar_o1a,0,bstar_2023,HP_Peak,paperA_sh_mh,none,-,-,-,p0.05|n20,mape_n_excluded,0.0,10,7,arm4_bstar_o1a,physics
iter05b_arm4_bstar_o1a,0,bstar_2023,HP_Peak,paperA_sh_mh,none,-,-,-,p0.05|n40,wape,23.637063491514336,10,13,arm4_bstar_o1a,physics
iter05b_arm4_bstar_o1a,0,bstar_2023,HP_Peak,paperA_sh_mh,none,-,-,-,p0.05|n40,rmse,4.775603087005728,10,13,arm4_bstar_o1a,physics
iter05b_arm4_bstar_o1a,0,bstar_2023,HP_Peak,paperA_sh_mh,none,-,-,-,p0.05|n40,mae,3.4561496837194037,10,13,arm4_bstar_o1a,physics
iter05b_arm4_bstar_o1a,0,bstar_2023,HP_Peak,paperA_sh_mh,none,-,-,-,p0.05|n40,mape,23.07866346514128,10,13,arm4_bstar_o1a,physics
iter05b_arm4_bstar_o1a,0,bstar_2023,HP_Peak,paperA_sh_mh,none,-,-,-,p0.05|n40,r2,0.3115590348876499,10,13,arm4_bstar_o1a,physics
iter05b_arm4_bstar_o1a,0,bstar_2023,HP_Peak,paperA_sh_mh,none,-,-,-,p0.05|n40,n_pred_nan,0.0,10,13,arm4_bstar_o1a,physics
iter05b_arm4_bstar_o1a,0,bstar_2023,HP_Peak,paperA_sh_mh,none,-,-,-,p0.05|n40,mape_n_excluded,0.0,10,13,arm4_bstar_o1a,physics
iter05b_arm4_bstar_o1a,0,bstar_2023,HP_Peak,paperA_sh_mh,none,-,-,-,p0.05|n80,wape,23.39595258639832,5,12,arm4_bstar_o1a,physics
iter05b_arm4_bstar_o1a,0,bstar_2023,HP_Peak,paperA_sh_mh,none,-,-,-,p0.05|n80,rmse,8.21434409371041,5,12,arm4_bstar_o1a,physics
iter05b_arm4_bstar_o1a,0,bstar_2023,HP_Peak,paperA_sh_mh,none,-,-,-,p0.05|n80,mae,7.923411058278535,5,12,arm4_bstar_o1a,physics
iter05b_arm4_bstar_o1a,0,bstar_2023,HP_Peak,paperA_sh_mh,none,-,-,-,p0.05|n80,mape,23.186626793200507,5,12,arm4_bstar_o1a,physics
iter05b_arm4_bstar_o1a,0,bstar_2023,HP_Peak,paperA_sh_mh,none,-,-,-,p0.05|n80,r2,-2.0550285272974094,5,12,arm4_bstar_o1a,physics
iter05b_arm4_bstar_o1a,0,bstar_2023,HP_Peak,paperA_sh_mh,none,-,-,-,p0.05|n80,n_pred_nan,0.0,5,12,arm4_bstar_o1a,physics
iter05b_arm4_bstar_o1a,0,bstar_2023,HP_Peak,paperA_sh_mh,none,-,-,-,p0.05|n80,mape_n_excluded,0.0,5,12,arm4_bstar_o1a,physics
iter05b_arm4_bstar_o1a,0,bstar_2023,HP_Peak,paperA_sh_mh,none,-,-,-,p0.05|n120,wape,10.491894027587062,5,15,arm4_bstar_o1a,physics
iter05b_arm4_bstar_o1a,0,bstar_2023,HP_Peak,paperA_sh_mh,none,-,-,-,p0.05|n120,rmse,5.152757872320155,5,15,arm4_bstar_o1a,physics
iter05b_arm4_bstar_o1a,0,bstar_2023,HP_Peak,paperA_sh_mh,none,-,-,-,p0.05|n120,mae,4.763394842615499,5,15,arm4_bstar_o1a,physics
iter05b_arm4_bstar_o1a,0,bstar_2023,HP_Peak,paperA_sh_mh,none,-,-,-,p0.05|n120,mape,10.618306057806397,5,15,arm4_bstar_o1a,physics
iter05b_arm4_bstar_o1a,0,bstar_2023,HP_Peak,paperA_sh_mh,none,-,-,-,p0.05|n120,r2,-1.4004913612861767,5,15,arm4_bstar_o1a,physics
iter05b_arm4_bstar_o1a,0,bstar_2023,HP_Peak,paperA_sh_mh,none,-,-,-,p0.05|n120,n_pred_nan,0.0,5,15,arm4_bstar_o1a,physics
iter05b_arm4_bstar_o1a,0,bstar_2023,HP_Peak,paperA_sh_mh,none,-,-,-,p0.05|n120,mape_n_excluded,0.0,5,15,arm4_bstar_o1a,physics
iter05b_arm4_bstar_o1a,0,bstar_2023,HP_Peak,paperA_sh_mh,none,-,-,-,p0.1|n10,wape,27.17574473130921,10,9,arm4_bstar_o1a,physics
iter05b_arm4_bstar_o1a,0,bstar_2023,HP_Peak,paperA_sh_mh,none,-,-,-,p0.1|n10,rmse,3.0228007764059996,10,9,arm4_bstar_o1a,physics
iter05b_arm4_bstar_o1a,0,bstar_2023,HP_Peak,paperA_sh_mh,none,-,-,-,p0.1|n10,mae,2.2017795990515316,10,9,arm4_bstar_o1a,physics
iter05b_arm4_bstar_o1a,0,bstar_2023,HP_Peak,paperA_sh_mh,none,-,-,-,p0.1|n10,mape,26.410992312152658,10,9,arm4_bstar_o1a,physics
iter05b_arm4_bstar_o1a,0,bstar_2023,HP_Peak,paperA_sh_mh,none,-,-,-,p0.1|n10,r2,-0.24714190578589346,10,9,arm4_bstar_o1a,physics
iter05b_arm4_bstar_o1a,0,bstar_2023,HP_Peak,paperA_sh_mh,none,-,-,-,p0.1|n10,n_pred_nan,0.0,10,9,arm4_bstar_o1a,physics
iter05b_arm4_bstar_o1a,0,bstar_2023,HP_Peak,paperA_sh_mh,none,-,-,-,p0.1|n10,mape_n_excluded,0.0,10,9,arm4_bstar_o1a,physics
iter05b_arm4_bstar_o1a,0,bstar_2023,HP_Peak,paperA_sh_mh,none,-,-,-,p0.1|n20,wape,33.480779345616654,10,11,arm4_bstar_o1a,physics
iter05b_arm4_bstar_o1a,0,bstar_2023,HP_Peak,paperA_sh_mh,none,-,-,-,p0.1|n20,rmse,5.7654896831220235,10,11,arm4_bstar_o1a,physics
iter05b_arm4_bstar_o1a,0,bstar_2023,HP_Peak,paperA_sh_mh,none,-,-,-,p0.1|n20,mae,4.596823820203772,10,11,arm4_bstar_o1a,physics
iter05b_arm4_bstar_o1a,0,bstar_2023,HP_Peak,paperA_sh_mh,none,-,-,-,p0.1|n20,mape,31.50397875760007,10,11,arm4_bstar_o1a,physics
iter05b_arm4_bstar_o1a,0,bstar_2023,HP_Peak,paperA_sh_mh,none,-,-,-,p0.1|n20,r2,-0.3662769524629308,10,11,arm4_bstar_o1a,physics
iter05b_arm4_bstar_o1a,0,bstar_2023,HP_Peak,paperA_sh_mh,none,-,-,-,p0.1|n20,n_pred_nan,0.0,10,11,arm4_bstar_o1a,physics
iter05b_arm4_bstar_o1a,0,bstar_2023,HP_Peak,paperA_sh_mh,none,-,-,-,p0.1|n20,mape_n_excluded,0.0,10,11,arm4_bstar_o1a,physics
iter05b_arm4_bstar_o1a,0,bstar_2023,HP_Peak,paperA_sh_mh,none,-,-,-,p0.1|n40,wape,14.66290821180524,5,12,arm4_bstar_o1a,physics
iter05b_arm4_bstar_o1a,0,bstar_2023,HP_Peak,paperA_sh_mh,none,-,-,-,p0.1|n40,rmse,7.394827715759141,5,12,arm4_bstar_o1a,physics
iter05b_arm4_bstar_o1a,0,bstar_2023,HP_Peak,paperA_sh_mh,none,-,-,-,p0.1|n40,mae,6.356691065036261,5,12,arm4_bstar_o1a,physics
iter05b_arm4_bstar_o1a,0,bstar_2023,HP_Peak,paperA_sh_mh,none,-,-,-,p0.1|n40,mape,15.521100581229508,5,12,arm4_bstar_o1a,physics
iter05b_arm4_bstar_o1a,0,bstar_2023,HP_Peak,paperA_sh_mh,none,-,-,-,p0.1|n40,r2,-1.2778565990286186,5,12,arm4_bstar_o1a,physics
iter05b_arm4_bstar_o1a,0,bstar_2023,HP_Peak,paperA_sh_mh,none,-,-,-,p0.1|n40,n_pred_nan,0.0,5,12,arm4_bstar_o1a,physics
iter05b_arm4_bstar_o1a,0,bstar_2023,HP_Peak,paperA_sh_mh,none,-,-,-,p0.1|n40,mape_n_excluded,0.0,5,12,arm4_bstar_o1a,physics
iter05b_arm4_bstar_o1a,0,bstar_2023,HP_Peak,paperA_sh_mh,none,-,-,-,p0.1|n80,wape,4.922005004517846,5,13,arm4_bstar_o1a,physics
iter05b_arm4_bstar_o1a,0,bstar_2023,HP_Peak,paperA_sh_mh,none,-,-,-,p0.1|n80,rmse,3.907800140856253,5,13,arm4_bstar_o1a,physics
iter05b_arm4_bstar_o1a,0,bstar_2023,HP_Peak,paperA_sh_mh,none,-,-,-,p0.1|n80,mae,3.3657362451677186,5,13,arm4_bstar_o1a,physics
iter05b_arm4_bstar_o1a,0,bstar_2023,HP_Peak,paperA_sh_mh,none,-,-,-,p0.1|n80,mape,5.502500438873768,5,13,arm4_bstar_o1a,physics
iter05b_arm4_bstar_o1a,0,bstar_2023,HP_Peak,paperA_sh_mh,none,-,-,-,p0.1|n80,r2,0.8770256165012182,5,13,arm4_bstar_o1a,physics
iter05b_arm4_bstar_o1a,0,bstar_2023,HP_Peak,paperA_sh_mh,none,-,-,-,p0.1|n80,n_pred_nan,0.0,5,13,arm4_bstar_o1a,physics
iter05b_arm4_bstar_o1a,0,bstar_2023,HP_Peak,paperA_sh_mh,none,-,-,-,p0.1|n80,mape_n_excluded,0.0,5,13,arm4_bstar_o1a,physics
iter05b_arm4_bstar_o1a,0,bstar_2023,HP_Peak,paperA_sh_mh,none,-,-,-,p0.1|n120,wape,6.21829259258678,5,16,arm4_bstar_o1a,physics
iter05b_arm4_bstar_o1a,0,bstar_2023,HP_Peak,paperA_sh_mh,none,-,-,-,p0.1|n120,rmse,8.317306583727683,5,16,arm4_bstar_o1a,physics
iter05b_arm4_bstar_o1a,0,bstar_2023,HP_Peak,paperA_sh_mh,none,-,-,-,p0.1|n120,mae,6.3971992877535175,5,16,arm4_bstar_o1a,physics
iter05b_arm4_bstar_o1a,0,bstar_2023,HP_Peak,paperA_sh_mh,none,-,-,-,p0.1|n120,mape,6.459056997827021,5,16,arm4_bstar_o1a,physics
iter05b_arm4_bstar_o1a,0,bstar_2023,HP_Peak,paperA_sh_mh,none,-,-,-,p0.1|n120,r2,-0.6267025576476248,5,16,arm4_bstar_o1a,physics
iter05b_arm4_bstar_o1a,0,bstar_2023,HP_Peak,paperA_sh_mh,none,-,-,-,p0.1|n120,n_pred_nan,0.0,5,16,arm4_bstar_o1a,physics
iter05b_arm4_bstar_o1a,0,bstar_2023,HP_Peak,paperA_sh_mh,none,-,-,-,p0.1|n120,mape_n_excluded,0.0,5,16,arm4_bstar_o1a,physics
iter05b_arm4_bstar_o1a,0,bstar_2023,HP_Peak,paperA_sh_mh,none,-,-,-,p0.2|n10,wape,15.733077254125632,10,12,arm4_bstar_o1a,physics
iter05b_arm4_bstar_o1a,0,bstar_2023,HP_Peak,paperA_sh_mh,none,-,-,-,p0.2|n10,rmse,2.7271336799903465,10,12,arm4_bstar_o1a,physics
iter05b_arm4_bstar_o1a,0,bstar_2023,HP_Peak,paperA_sh_mh,none,-,-,-,p0.2|n10,mae,2.1658424127635056,10,12,arm4_bstar_o1a,physics
iter05b_arm4_bstar_o1a,0,bstar_2023,HP_Peak,paperA_sh_mh,none,-,-,-,p0.2|n10,mape,14.661580761800035,10,12,arm4_bstar_o1a,physics
iter05b_arm4_bstar_o1a,0,bstar_2023,HP_Peak,paperA_sh_mh,none,-,-,-,p0.2|n10,r2,0.11813165403175452,10,12,arm4_bstar_o1a,physics
iter05b_arm4_bstar_o1a,0,bstar_2023,HP_Peak,paperA_sh_mh,none,-,-,-,p0.2|n10,n_pred_nan,0.0,10,12,arm4_bstar_o1a,physics
iter05b_arm4_bstar_o1a,0,bstar_2023,HP_Peak,paperA_sh_mh,none,-,-,-,p0.2|n10,mape_n_excluded,0.0,10,12,arm4_bstar_o1a,physics
iter05b_arm4_bstar_o1a,0,bstar_2023,HP_Peak,paperA_sh_mh,none,-,-,-,p0.2|n20,wape,12.007003462348399,5,9,arm4_bstar_o1a,physics
iter05b_arm4_bstar_o1a,0,bstar_2023,HP_Peak,paperA_sh_mh,none,-,-,-,p0.2|n20,rmse,5.422500559022893,5,9,arm4_bstar_o1a,physics
iter05b_arm4_bstar_o1a,0,bstar_2023,HP_Peak,paperA_sh_mh,none,-,-,-,p0.2|n20,mae,4.276631727940745,5,9,arm4_bstar_o1a,physics
iter05b_arm4_bstar_o1a,0,bstar_2023,HP_Peak,paperA_sh_mh,none,-,-,-,p0.2|n20,mape,12.398996845460939,5,9,arm4_bstar_o1a,physics
iter05b_arm4_bstar_o1a,0,bstar_2023,HP_Peak,paperA_sh_mh,none,-,-,-,p0.2|n20,r2,0.37891247201167666,5,9,arm4_bstar_o1a,physics
iter05b_arm4_bstar_o1a,0,bstar_2023,HP_Peak,paperA_sh_mh,none,-,-,-,p0.2|n20,n_pred_nan,0.0,5,9,arm4_bstar_o1a,physics
iter05b_arm4_bstar_o1a,0,bstar_2023,HP_Peak,paperA_sh_mh,none,-,-,-,p0.2|n20,mape_n_excluded,0.0,5,9,arm4_bstar_o1a,physics
iter05b_arm4_bstar_o1a,0,bstar_2023,HP_Peak,paperA_sh_mh,none,-,-,-,p0.2|n40,wape,6.038488383404224,5,15,arm4_bstar_o1a,physics
iter05b_arm4_bstar_o1a,0,bstar_2023,HP_Peak,paperA_sh_mh,none,-,-,-,p0.2|n40,rmse,6.299178077543346,5,15,arm4_bstar_o1a,physics
iter05b_arm4_bstar_o1a,0,bstar_2023,HP_Peak,paperA_sh_mh,none,-,-,-,p0.2|n40,mae,3.6775627555799346,5,15,arm4_bstar_o1a,physics
iter05b_arm4_bstar_o1a,0,bstar_2023,HP_Peak,paperA_sh_mh,none,-,-,-,p0.2|n40,mape,5.753041786256704,5,15,arm4_bstar_o1a,physics
iter05b_arm4_bstar_o1a,0,bstar_2023,HP_Peak,paperA_sh_mh,none,-,-,-,p0.2|n40,r2,-0.9575167268156304,5,15,arm4_bstar_o1a,physics
iter05b_arm4_bstar_o1a,0,bstar_2023,HP_Peak,paperA_sh_mh,none,-,-,-,p0.2|n40,n_pred_nan,0.0,5,15,arm4_bstar_o1a,physics
iter05b_arm4_bstar_o1a,0,bstar_2023,HP_Peak,paperA_sh_mh,none,-,-,-,p0.2|n40,mape_n_excluded,0.0,5,15,arm4_bstar_o1a,physics
iter05b_arm4_bstar_o1a,0,bstar_2023,HP_Peak,paperA_sh_mh,none,-,-,-,p0.3|n10,wape,11.157284460672157,10,14,arm4_bstar_o1a,physics
iter05b_arm4_bstar_o1a,0,bstar_2023,HP_Peak,paperA_sh_mh,none,-,-,-,p0.3|n10,rmse,2.5269868859876286,10,14,arm4_bstar_o1a,physics
iter05b_arm4_bstar_o1a,0,bstar_2023,HP_Peak,paperA_sh_mh,none,-,-,-,p0.3|n10,mae,2.2617722158551112,10,14,arm4_bstar_o1a,physics
iter05b_arm4_bstar_o1a,0,bstar_2023,HP_Peak,paperA_sh_mh,none,-,-,-,p0.3|n10,mape,11.390179278247299,10,14,arm4_bstar_o1a,physics
iter05b_arm4_bstar_o1a,0,bstar_2023,HP_Peak,paperA_sh_mh,none,-,-,-,p0.3|n10,r2,0.2878848502528307,10,14,arm4_bstar_o1a,physics
iter05b_arm4_bstar_o1a,0,bstar_2023,HP_Peak,paperA_sh_mh,none,-,-,-,p0.3|n10,n_pred_nan,0.0,10,14,arm4_bstar_o1a,physics
iter05b_arm4_bstar_o1a,0,bstar_2023,HP_Peak,paperA_sh_mh,none,-,-,-,p0.3|n10,mape_n_excluded,0.0,10,14,arm4_bstar_o1a,physics
iter05b_arm4_bstar_o1a,0,bstar_2023,HP_Peak,paperA_sh_mh,none,-,-,-,p0.3|n20,wape,11.453737880913126,5,14,arm4_bstar_o1a,physics
iter05b_arm4_bstar_o1a,0,bstar_2023,HP_Peak,paperA_sh_mh,none,-,-,-,p0.3|n20,rmse,8.20760262773817,5,14,arm4_bstar_o1a,physics
iter05b_arm4_bstar_o1a,0,bstar_2023,HP_Peak,paperA_sh_mh,none,-,-,-,p0.3|n20,mae,6.085588740408738,5,14,arm4_bstar_o1a,physics
iter05b_arm4_bstar_o1a,0,bstar_2023,HP_Peak,paperA_sh_mh,none,-,-,-,p0.3|n20,mape,11.63448114212033,5,14,arm4_bstar_o1a,physics
iter05b_arm4_bstar_o1a,0,bstar_2023,HP_Peak,paperA_sh_mh,none,-,-,-,p0.3|n20,r2,-2.222913234083091,5,14,arm4_bstar_o1a,physics
iter05b_arm4_bstar_o1a,0,bstar_2023,HP_Peak,paperA_sh_mh,none,-,-,-,p0.3|n20,n_pred_nan,0.0,5,14,arm4_bstar_o1a,physics
iter05b_arm4_bstar_o1a,0,bstar_2023,HP_Peak,paperA_sh_mh,none,-,-,-,p0.3|n20,mape_n_excluded,0.0,5,14,arm4_bstar_o1a,physics
iter05b_arm4_bstar_o1a,0,bstar_2023,HP_Peak,paperA_sh_mh,none,-,-,-,p0.3|n40,wape,9.116094832968733,5,16,arm4_bstar_o1a,physics
iter05b_arm4_bstar_o1a,0,bstar_2023,HP_Peak,paperA_sh_mh,none,-,-,-,p0.3|n40,rmse,9.297673023635245,5,16,arm4_bstar_o1a,physics
iter05b_arm4_bstar_o1a,0,bstar_2023,HP_Peak,paperA_sh_mh,none,-,-,-,p0.3|n40,mae,8.502107103277378,5,16,arm4_bstar_o1a,physics
iter05b_arm4_bstar_o1a,0,bstar_2023,HP_Peak,paperA_sh_mh,none,-,-,-,p0.3|n40,mape,9.127413089801003,5,16,arm4_bstar_o1a,physics
iter05b_arm4_bstar_o1a,0,bstar_2023,HP_Peak,paperA_sh_mh,none,-,-,-,p0.3|n40,r2,-1.692257472273245,5,16,arm4_bstar_o1a,physics
iter05b_arm4_bstar_o1a,0,bstar_2023,HP_Peak,paperA_sh_mh,none,-,-,-,p0.3|n40,n_pred_nan,0.0,5,16,arm4_bstar_o1a,physics
iter05b_arm4_bstar_o1a,0,bstar_2023,HP_Peak,paperA_sh_mh,none,-,-,-,p0.3|n40,mape_n_excluded,0.0,5,16,arm4_bstar_o1a,physics
iter05b_arm4_bstar_o1a,0,bstar_2023,HP_Peak,paperA_sh_mh,none,-,-,-,p0.5|n10,wape,18.887196645749054,5,12,arm4_bstar_o1a,physics
iter05b_arm4_bstar_o1a,0,bstar_2023,HP_Peak,paperA_sh_mh,none,-,-,-,p0.5|n10,rmse,8.482746375551669,5,12,arm4_bstar_o1a,physics
iter05b_arm4_bstar_o1a,0,bstar_2023,HP_Peak,paperA_sh_mh,none,-,-,-,p0.5|n10,mae,7.804841035661513,5,12,arm4_bstar_o1a,physics
iter05b_arm4_bstar_o1a,0,bstar_2023,HP_Peak,paperA_sh_mh,none,-,-,-,p0.5|n10,mape,19.02405899001142,5,12,arm4_bstar_o1a,physics
iter05b_arm4_bstar_o1a,0,bstar_2023,HP_Peak,paperA_sh_mh,none,-,-,-,p0.5|n10,r2,0.03694108354190595,5,12,arm4_bstar_o1a,physics
iter05b_arm4_bstar_o1a,0,bstar_2023,HP_Peak,paperA_sh_mh,none,-,-,-,p0.5|n10,n_pred_nan,0.0,5,12,arm4_bstar_o1a,physics
iter05b_arm4_bstar_o1a,0,bstar_2023,HP_Peak,paperA_sh_mh,none,-,-,-,p0.5|n10,mape_n_excluded,0.0,5,12,arm4_bstar_o1a,physics
iter05b_arm4_bstar_o1a,0,bstar_2023,HP_Peak,paperA_sh_mh,none,-,-,-,p0.5|n20,wape,7.020565954368613,5,16,arm4_bstar_o1a,physics
iter05b_arm4_bstar_o1a,0,bstar_2023,HP_Peak,paperA_sh_mh,none,-,-,-,p0.5|n20,rmse,6.184906332058866,5,16,arm4_bstar_o1a,physics
iter05b_arm4_bstar_o1a,0,bstar_2023,HP_Peak,paperA_sh_mh,none,-,-,-,p0.5|n20,mae,5.851749502694821,5,16,arm4_bstar_o1a,physics
iter05b_arm4_bstar_o1a,0,bstar_2023,HP_Peak,paperA_sh_mh,none,-,-,-,p0.5|n20,mape,6.951550365492077,5,16,arm4_bstar_o1a,physics
iter05b_arm4_bstar_o1a,0,bstar_2023,HP_Peak,paperA_sh_mh,none,-,-,-,p0.5|n20,r2,0.37564390863793296,5,16,arm4_bstar_o1a,physics
iter05b_arm4_bstar_o1a,0,bstar_2023,HP_Peak,paperA_sh_mh,none,-,-,-,p0.5|n20,n_pred_nan,0.0,5,16,arm4_bstar_o1a,physics
iter05b_arm4_bstar_o1a,0,bstar_2023,HP_Peak,paperA_sh_mh,none,-,-,-,p0.5|n20,mape_n_excluded,0.0,5,16,arm4_bstar_o1a,physics
iter05b_arm4_bstar_o1a,0,bstar_2023,HP_Peak,paperA_sh_mh,none,-,-,-,p0.8|n10,wape,5.344862906050865,5,14,arm4_bstar_o1a,physics
iter05b_arm4_bstar_o1a,0,bstar_2023,HP_Peak,paperA_sh_mh,none,-,-,-,p0.8|n10,rmse,3.86351395584328,5,14,arm4_bstar_o1a,physics
iter05b_arm4_bstar_o1a,0,bstar_2023,HP_Peak,paperA_sh_mh,none,-,-,-,p0.8|n10,mae,3.4727435595671183,5,14,arm4_bstar_o1a,physics
iter05b_arm4_bstar_o1a,0,bstar_2023,HP_Peak,paperA_sh_mh,none,-,-,-,p0.8|n10,mape,5.8984790628506705,5,14,arm4_bstar_o1a,physics
iter05b_arm4_bstar_o1a,0,bstar_2023,HP_Peak,paperA_sh_mh,none,-,-,-,p0.8|n10,r2,0.8744579942594586,5,14,arm4_bstar_o1a,physics
iter05b_arm4_bstar_o1a,0,bstar_2023,HP_Peak,paperA_sh_mh,none,-,-,-,p0.8|n10,n_pred_nan,0.0,5,14,arm4_bstar_o1a,physics
iter05b_arm4_bstar_o1a,0,bstar_2023,HP_Peak,paperA_sh_mh,none,-,-,-,p0.8|n10,mape_n_excluded,0.0,5,14,arm4_bstar_o1a,physics
iter05b_arm4_bstar_o1a,0,bstar_2023,HP_Peak,paperA_sh_mh,none,-,-,-,p1.0|n10,wape,6.691939000798279,5,16,arm4_bstar_o1a,physics
iter05b_arm4_bstar_o1a,0,bstar_2023,HP_Peak,paperA_sh_mh,none,-,-,-,p1.0|n10,rmse,6.199418538416477,5,16,arm4_bstar_o1a,physics
iter05b_arm4_bstar_o1a,0,bstar_2023,HP_Peak,paperA_sh_mh,none,-,-,-,p1.0|n10,mae,5.385127248652718,5,16,arm4_bstar_o1a,physics
iter05b_arm4_bstar_o1a,0,bstar_2023,HP_Peak,paperA_sh_mh,none,-,-,-,p1.0|n10,mape,6.846131965290321,5,16,arm4_bstar_o1a,physics
iter05b_arm4_bstar_o1a,0,bstar_2023,HP_Peak,paperA_sh_mh,none,-,-,-,p1.0|n10,r2,0.30865028770028435,5,16,arm4_bstar_o1a,physics
iter05b_arm4_bstar_o1a,0,bstar_2023,HP_Peak,paperA_sh_mh,none,-,-,-,p1.0|n10,n_pred_nan,0.0,5,16,arm4_bstar_o1a,physics
iter05b_arm4_bstar_o1a,0,bstar_2023,HP_Peak,paperA_sh_mh,none,-,-,-,p1.0|n10,mape_n_excluded,0.0,5,16,arm4_bstar_o1a,physics
iter05b_arm4_bstar_o1a,0,bstar_2023,HP_Peak,paperA_sh_mh_station,none,-,-,-,all,wape,11.394115110298376,135,20,arm4_bstar_o1a,physics
iter05b_arm4_bstar_o1a,0,bstar_2023,HP_Peak,paperA_sh_mh_station,none,-,-,-,all,rmse,5.432595598342656,135,20,arm4_bstar_o1a,physics
iter05b_arm4_bstar_o1a,0,bstar_2023,HP_Peak,paperA_sh_mh_station,none,-,-,-,all,mae,4.094480666540325,135,20,arm4_bstar_o1a,physics
iter05b_arm4_bstar_o1a,0,bstar_2023,HP_Peak,paperA_sh_mh_station,none,-,-,-,all,mape,17.221493779390578,135,20,arm4_bstar_o1a,physics
iter05b_arm4_bstar_o1a,0,bstar_2023,HP_Peak,paperA_sh_mh_station,none,-,-,-,all,r2,0.9673812823717024,135,20,arm4_bstar_o1a,physics
iter05b_arm4_bstar_o1a,0,bstar_2023,HP_Peak,paperA_sh_mh_station,none,-,-,-,all,n_pred_nan,0.0,135,20,arm4_bstar_o1a,physics
iter05b_arm4_bstar_o1a,0,bstar_2023,HP_Peak,paperA_sh_mh_station,none,-,-,-,all,mape_n_excluded,0.0,135,20,arm4_bstar_o1a,physics
iter05b_arm4_bstar_o1a,0,bstar_2023,HP_Peak,paperA_sh_mh_station,none,-,-,-,all,n_invalid,0.0,135,20,arm4_bstar_o1a,physics
iter05b_arm4_bstar_o1a,0,bstar_2023,HP_Peak,paperA_sh_mh_station,none,-,-,-,all,n_station_fallback,0.0,135,20,arm4_bstar_o1a,physics
iter05b_arm4_bstar_o1a,0,bstar_2023,HP_Peak,paperA_sh_mh_station,none,-,-,-,pbin<=15,wape,14.246092385982825,75,20,arm4_bstar_o1a,physics
iter05b_arm4_bstar_o1a,0,bstar_2023,HP_Peak,paperA_sh_mh_station,none,-,-,-,pbin<=15,rmse,5.021451186779332,75,20,arm4_bstar_o1a,physics
iter05b_arm4_bstar_o1a,0,bstar_2023,HP_Peak,paperA_sh_mh_station,none,-,-,-,pbin<=15,mae,3.6957559712579573,75,20,arm4_bstar_o1a,physics
iter05b_arm4_bstar_o1a,0,bstar_2023,HP_Peak,paperA_sh_mh_station,none,-,-,-,pbin<=15,mape,21.80933048490967,75,20,arm4_bstar_o1a,physics
iter05b_arm4_bstar_o1a,0,bstar_2023,HP_Peak,paperA_sh_mh_station,none,-,-,-,pbin<=15,r2,0.9676232902743146,75,20,arm4_bstar_o1a,physics
iter05b_arm4_bstar_o1a,0,bstar_2023,HP_Peak,paperA_sh_mh_station,none,-,-,-,pbin<=15,n_pred_nan,0.0,75,20,arm4_bstar_o1a,physics
iter05b_arm4_bstar_o1a,0,bstar_2023,HP_Peak,paperA_sh_mh_station,none,-,-,-,pbin<=15,mape_n_excluded,0.0,75,20,arm4_bstar_o1a,physics
iter05b_arm4_bstar_o1a,0,bstar_2023,HP_Peak,paperA_sh_mh_station,none,-,-,-,pbin15-35,wape,10.498812352532553,40,20,arm4_bstar_o1a,physics
iter05b_arm4_bstar_o1a,0,bstar_2023,HP_Peak,paperA_sh_mh_station,none,-,-,-,pbin15-35,rmse,5.6526058369406345,40,20,arm4_bstar_o1a,physics
iter05b_arm4_bstar_o1a,0,bstar_2023,HP_Peak,paperA_sh_mh_station,none,-,-,-,pbin15-35,mae,4.081312376963912,40,20,arm4_bstar_o1a,physics
iter05b_arm4_bstar_o1a,0,bstar_2023,HP_Peak,paperA_sh_mh_station,none,-,-,-,pbin15-35,mape,12.394664448626111,40,20,arm4_bstar_o1a,physics
iter05b_arm4_bstar_o1a,0,bstar_2023,HP_Peak,paperA_sh_mh_station,none,-,-,-,pbin15-35,r2,0.9556669691133801,40,20,arm4_bstar_o1a,physics
iter05b_arm4_bstar_o1a,0,bstar_2023,HP_Peak,paperA_sh_mh_station,none,-,-,-,pbin15-35,n_pred_nan,0.0,40,20,arm4_bstar_o1a,physics
iter05b_arm4_bstar_o1a,0,bstar_2023,HP_Peak,paperA_sh_mh_station,none,-,-,-,pbin15-35,mape_n_excluded,0.0,40,20,arm4_bstar_o1a,physics
iter05b_arm4_bstar_o1a,0,bstar_2023,HP_Peak,paperA_sh_mh_station,none,-,-,-,pbin35-65,wape,10.948100903629962,10,16,arm4_bstar_o1a,physics
iter05b_arm4_bstar_o1a,0,bstar_2023,HP_Peak,paperA_sh_mh_station,none,-,-,-,pbin35-65,rmse,7.42310168084395,10,16,arm4_bstar_o1a,physics
iter05b_arm4_bstar_o1a,0,bstar_2023,HP_Peak,paperA_sh_mh_station,none,-,-,-,pbin35-65,mae,6.824771524952321,10,16,arm4_bstar_o1a,physics
iter05b_arm4_bstar_o1a,0,bstar_2023,HP_Peak,paperA_sh_mh_station,none,-,-,-,pbin35-65,mape,12.994534536454278,10,16,arm4_bstar_o1a,physics
iter05b_arm4_bstar_o1a,0,bstar_2023,HP_Peak,paperA_sh_mh_station,none,-,-,-,pbin35-65,r2,0.8918675004275839,10,16,arm4_bstar_o1a,physics
iter05b_arm4_bstar_o1a,0,bstar_2023,HP_Peak,paperA_sh_mh_station,none,-,-,-,pbin35-65,n_pred_nan,0.0,10,16,arm4_bstar_o1a,physics
iter05b_arm4_bstar_o1a,0,bstar_2023,HP_Peak,paperA_sh_mh_station,none,-,-,-,pbin35-65,mape_n_excluded,0.0,10,16,arm4_bstar_o1a,physics
iter05b_arm4_bstar_o1a,0,bstar_2023,HP_Peak,paperA_sh_mh_station,none,-,-,-,pbin>65,wape,6.060418781025804,10,16,arm4_bstar_o1a,physics
iter05b_arm4_bstar_o1a,0,bstar_2023,HP_Peak,paperA_sh_mh_station,none,-,-,-,pbin>65,rmse,5.138505805174858,10,16,arm4_bstar_o1a,physics
iter05b_arm4_bstar_o1a,0,bstar_2023,HP_Peak,paperA_sh_mh_station,none,-,-,-,pbin>65,mae,4.407298181051732,10,16,arm4_bstar_o1a,physics
iter05b_arm4_bstar_o1a,0,bstar_2023,HP_Peak,paperA_sh_mh_station,none,-,-,-,pbin>65,mape,6.346995053991529,10,16,arm4_bstar_o1a,physics
iter05b_arm4_bstar_o1a,0,bstar_2023,HP_Peak,paperA_sh_mh_station,none,-,-,-,pbin>65,r2,0.8207384738223916,10,16,arm4_bstar_o1a,physics
iter05b_arm4_bstar_o1a,0,bstar_2023,HP_Peak,paperA_sh_mh_station,none,-,-,-,pbin>65,n_pred_nan,0.0,10,16,arm4_bstar_o1a,physics
iter05b_arm4_bstar_o1a,0,bstar_2023,HP_Peak,paperA_sh_mh_station,none,-,-,-,pbin>65,mape_n_excluded,0.0,10,16,arm4_bstar_o1a,physics
iter05b_arm4_bstar_o1a,0,bstar_2023,HP_Peak,paperA_sh_mh_station,none,-,-,-,p0.05|n10,wape,24.578085495481687,10,9,arm4_bstar_o1a,physics
iter05b_arm4_bstar_o1a,0,bstar_2023,HP_Peak,paperA_sh_mh_station,none,-,-,-,p0.05|n10,rmse,1.847040420481731,10,9,arm4_bstar_o1a,physics
iter05b_arm4_bstar_o1a,0,bstar_2023,HP_Peak,paperA_sh_mh_station,none,-,-,-,p0.05|n10,mae,1.3488162315388168,10,9,arm4_bstar_o1a,physics
iter05b_arm4_bstar_o1a,0,bstar_2023,HP_Peak,paperA_sh_mh_station,none,-,-,-,p0.05|n10,mape,25.203588950434312,10,9,arm4_bstar_o1a,physics
iter05b_arm4_bstar_o1a,0,bstar_2023,HP_Peak,paperA_sh_mh_station,none,-,-,-,p0.05|n10,r2,0.1992307627574531,10,9,arm4_bstar_o1a,physics
iter05b_arm4_bstar_o1a,0,bstar_2023,HP_Peak,paperA_sh_mh_station,none,-,-,-,p0.05|n10,n_pred_nan,0.0,10,9,arm4_bstar_o1a,physics
iter05b_arm4_bstar_o1a,0,bstar_2023,HP_Peak,paperA_sh_mh_station,none,-,-,-,p0.05|n10,mape_n_excluded,0.0,10,9,arm4_bstar_o1a,physics
iter05b_arm4_bstar_o1a,0,bstar_2023,HP_Peak,paperA_sh_mh_station,none,-,-,-,p0.05|n20,wape,21.049762274372018,10,7,arm4_bstar_o1a,physics
iter05b_arm4_bstar_o1a,0,bstar_2023,HP_Peak,paperA_sh_mh_station,none,-,-,-,p0.05|n20,rmse,1.6638781850045674,10,7,arm4_bstar_o1a,physics
iter05b_arm4_bstar_o1a,0,bstar_2023,HP_Peak,paperA_sh_mh_station,none,-,-,-,p0.05|n20,mae,1.1969872380168012,10,7,arm4_bstar_o1a,physics
iter05b_arm4_bstar_o1a,0,bstar_2023,HP_Peak,paperA_sh_mh_station,none,-,-,-,p0.05|n20,mape,21.302855440336053,10,7,arm4_bstar_o1a,physics
iter05b_arm4_bstar_o1a,0,bstar_2023,HP_Peak,paperA_sh_mh_station,none,-,-,-,p0.05|n20,r2,0.20419003006169267,10,7,arm4_bstar_o1a,physics
iter05b_arm4_bstar_o1a,0,bstar_2023,HP_Peak,paperA_sh_mh_station,none,-,-,-,p0.05|n20,n_pred_nan,0.0,10,7,arm4_bstar_o1a,physics
iter05b_arm4_bstar_o1a,0,bstar_2023,HP_Peak,paperA_sh_mh_station,none,-,-,-,p0.05|n20,mape_n_excluded,0.0,10,7,arm4_bstar_o1a,physics
iter05b_arm4_bstar_o1a,0,bstar_2023,HP_Peak,paperA_sh_mh_station,none,-,-,-,p0.05|n40,wape,25.2009137375393,10,13,arm4_bstar_o1a,physics
iter05b_arm4_bstar_o1a,0,bstar_2023,HP_Peak,paperA_sh_mh_station,none,-,-,-,p0.05|n40,rmse,4.86472155861584,10,13,arm4_bstar_o1a,physics
iter05b_arm4_bstar_o1a,0,bstar_2023,HP_Peak,paperA_sh_mh_station,none,-,-,-,p0.05|n40,mae,3.684811781916332,10,13,arm4_bstar_o1a,physics
iter05b_arm4_bstar_o1a,0,bstar_2023,HP_Peak,paperA_sh_mh_station,none,-,-,-,p0.05|n40,mape,25.155650881711754,10,13,arm4_bstar_o1a,physics
iter05b_arm4_bstar_o1a,0,bstar_2023,HP_Peak,paperA_sh_mh_station,none,-,-,-,p0.05|n40,r2,0.2856250265992665,10,13,arm4_bstar_o1a,physics
iter05b_arm4_bstar_o1a,0,bstar_2023,HP_Peak,paperA_sh_mh_station,none,-,-,-,p0.05|n40,n_pred_nan,0.0,10,13,arm4_bstar_o1a,physics
iter05b_arm4_bstar_o1a,0,bstar_2023,HP_Peak,paperA_sh_mh_station,none,-,-,-,p0.05|n40,mape_n_excluded,0.0,10,13,arm4_bstar_o1a,physics
iter05b_arm4_bstar_o1a,0,bstar_2023,HP_Peak,paperA_sh_mh_station,none,-,-,-,p0.05|n80,wape,23.429493689878836,5,12,arm4_bstar_o1a,physics
iter05b_arm4_bstar_o1a,0,bstar_2023,HP_Peak,paperA_sh_mh_station,none,-,-,-,p0.05|n80,rmse,8.220239504243503,5,12,arm4_bstar_o1a,physics
iter05b_arm4_bstar_o1a,0,bstar_2023,HP_Peak,paperA_sh_mh_station,none,-,-,-,p0.05|n80,mae,7.934770285873265,5,12,arm4_bstar_o1a,physics
iter05b_arm4_bstar_o1a,0,bstar_2023,HP_Peak,paperA_sh_mh_station,none,-,-,-,p0.05|n80,mape,23.221957925415154,5,12,arm4_bstar_o1a,physics
iter05b_arm4_bstar_o1a,0,bstar_2023,HP_Peak,paperA_sh_mh_station,none,-,-,-,p0.05|n80,r2,-2.059415270839544,5,12,arm4_bstar_o1a,physics
iter05b_arm4_bstar_o1a,0,bstar_2023,HP_Peak,paperA_sh_mh_station,none,-,-,-,p0.05|n80,n_pred_nan,0.0,5,12,arm4_bstar_o1a,physics
iter05b_arm4_bstar_o1a,0,bstar_2023,HP_Peak,paperA_sh_mh_station,none,-,-,-,p0.05|n80,mape_n_excluded,0.0,5,12,arm4_bstar_o1a,physics
iter05b_arm4_bstar_o1a,0,bstar_2023,HP_Peak,paperA_sh_mh_station,none,-,-,-,p0.05|n120,wape,10.461903490389139,5,15,arm4_bstar_o1a,physics
iter05b_arm4_bstar_o1a,0,bstar_2023,HP_Peak,paperA_sh_mh_station,none,-,-,-,p0.05|n120,rmse,5.155369036666222,5,15,arm4_bstar_o1a,physics
iter05b_arm4_bstar_o1a,0,bstar_2023,HP_Peak,paperA_sh_mh_station,none,-,-,-,p0.05|n120,mae,4.749778924475244,5,15,arm4_bstar_o1a,physics
iter05b_arm4_bstar_o1a,0,bstar_2023,HP_Peak,paperA_sh_mh_station,none,-,-,-,p0.05|n120,mape,10.588920556688635,5,15,arm4_bstar_o1a,physics
iter05b_arm4_bstar_o1a,0,bstar_2023,HP_Peak,paperA_sh_mh_station,none,-,-,-,p0.05|n120,r2,-1.4029248797194986,5,15,arm4_bstar_o1a,physics
iter05b_arm4_bstar_o1a,0,bstar_2023,HP_Peak,paperA_sh_mh_station,none,-,-,-,p0.05|n120,n_pred_nan,0.0,5,15,arm4_bstar_o1a,physics
iter05b_arm4_bstar_o1a,0,bstar_2023,HP_Peak,paperA_sh_mh_station,none,-,-,-,p0.05|n120,mape_n_excluded,0.0,5,15,arm4_bstar_o1a,physics
iter05b_arm4_bstar_o1a,0,bstar_2023,HP_Peak,paperA_sh_mh_station,none,-,-,-,p0.1|n10,wape,28.32492251261773,10,9,arm4_bstar_o1a,physics
iter05b_arm4_bstar_o1a,0,bstar_2023,HP_Peak,paperA_sh_mh_station,none,-,-,-,p0.1|n10,rmse,3.0515593391510993,10,9,arm4_bstar_o1a,physics
iter05b_arm4_bstar_o1a,0,bstar_2023,HP_Peak,paperA_sh_mh_station,none,-,-,-,p0.1|n10,mae,2.294886015070126,10,9,arm4_bstar_o1a,physics
iter05b_arm4_bstar_o1a,0,bstar_2023,HP_Peak,paperA_sh_mh_station,none,-,-,-,p0.1|n10,mape,27.745788965146208,10,9,arm4_bstar_o1a,physics
iter05b_arm4_bstar_o1a,0,bstar_2023,HP_Peak,paperA_sh_mh_station,none,-,-,-,p0.1|n10,r2,-0.27098510542774057,10,9,arm4_bstar_o1a,physics
iter05b_arm4_bstar_o1a,0,bstar_2023,HP_Peak,paperA_sh_mh_station,none,-,-,-,p0.1|n10,n_pred_nan,0.0,10,9,arm4_bstar_o1a,physics
iter05b_arm4_bstar_o1a,0,bstar_2023,HP_Peak,paperA_sh_mh_station,none,-,-,-,p0.1|n10,mape_n_excluded,0.0,10,9,arm4_bstar_o1a,physics
iter05b_arm4_bstar_o1a,0,bstar_2023,HP_Peak,paperA_sh_mh_station,none,-,-,-,p0.1|n20,wape,35.08790629237474,10,11,arm4_bstar_o1a,physics
iter05b_arm4_bstar_o1a,0,bstar_2023,HP_Peak,paperA_sh_mh_station,none,-,-,-,p0.1|n20,rmse,5.820857978366176,10,11,arm4_bstar_o1a,physics
iter05b_arm4_bstar_o1a,0,bstar_2023,HP_Peak,paperA_sh_mh_station,none,-,-,-,p0.1|n20,mae,4.817478165035091,10,11,arm4_bstar_o1a,physics
iter05b_arm4_bstar_o1a,0,bstar_2023,HP_Peak,paperA_sh_mh_station,none,-,-,-,p0.1|n20,mape,33.55730629236528,10,11,arm4_bstar_o1a,physics
iter05b_arm4_bstar_o1a,0,bstar_2023,HP_Peak,paperA_sh_mh_station,none,-,-,-,p0.1|n20,r2,-0.39264476191454745,10,11,arm4_bstar_o1a,physics
iter05b_arm4_bstar_o1a,0,bstar_2023,HP_Peak,paperA_sh_mh_station,none,-,-,-,p0.1|n20,n_pred_nan,0.0,10,11,arm4_bstar_o1a,physics
iter05b_arm4_bstar_o1a,0,bstar_2023,HP_Peak,paperA_sh_mh_station,none,-,-,-,p0.1|n20,mape_n_excluded,0.0,10,11,arm4_bstar_o1a,physics
iter05b_arm4_bstar_o1a,0,bstar_2023,HP_Peak,paperA_sh_mh_station,none,-,-,-,p0.1|n40,wape,14.627829403185713,5,12,arm4_bstar_o1a,physics
iter05b_arm4_bstar_o1a,0,bstar_2023,HP_Peak,paperA_sh_mh_station,none,-,-,-,p0.1|n40,rmse,7.376220251744995,5,12,arm4_bstar_o1a,physics
iter05b_arm4_bstar_o1a,0,bstar_2023,HP_Peak,paperA_sh_mh_station,none,-,-,-,p0.1|n40,mae,6.341483635097886,5,12,arm4_bstar_o1a,physics
iter05b_arm4_bstar_o1a,0,bstar_2023,HP_Peak,paperA_sh_mh_station,none,-,-,-,p0.1|n40,mape,15.487009690020074,5,12,arm4_bstar_o1a,physics
iter05b_arm4_bstar_o1a,0,bstar_2023,HP_Peak,paperA_sh_mh_station,none,-,-,-,p0.1|n40,r2,-1.2664075673892818,5,12,arm4_bstar_o1a,physics
iter05b_arm4_bstar_o1a,0,bstar_2023,HP_Peak,paperA_sh_mh_station,none,-,-,-,p0.1|n40,n_pred_nan,0.0,5,12,arm4_bstar_o1a,physics
iter05b_arm4_bstar_o1a,0,bstar_2023,HP_Peak,paperA_sh_mh_station,none,-,-,-,p0.1|n40,mape_n_excluded,0.0,5,12,arm4_bstar_o1a,physics
iter05b_arm4_bstar_o1a,0,bstar_2023,HP_Peak,paperA_sh_mh_station,none,-,-,-,p0.1|n80,wape,4.896984885189709,5,13,arm4_bstar_o1a,physics
iter05b_arm4_bstar_o1a,0,bstar_2023,HP_Peak,paperA_sh_mh_station,none,-,-,-,p0.1|n80,rmse,3.906052030386494,5,13,arm4_bstar_o1a,physics
iter05b_arm4_bstar_o1a,0,bstar_2023,HP_Peak,paperA_sh_mh_station,none,-,-,-,p0.1|n80,mae,3.3486271356881803,5,13,arm4_bstar_o1a,physics
iter05b_arm4_bstar_o1a,0,bstar_2023,HP_Peak,paperA_sh_mh_station,none,-,-,-,p0.1|n80,mape,5.47802476233773,5,13,arm4_bstar_o1a,physics
iter05b_arm4_bstar_o1a,0,bstar_2023,HP_Peak,paperA_sh_mh_station,none,-,-,-,p0.1|n80,r2,0.8771356143090512,5,13,arm4_bstar_o1a,physics
iter05b_arm4_bstar_o1a,0,bstar_2023,HP_Peak,paperA_sh_mh_station,none,-,-,-,p0.1|n80,n_pred_nan,0.0,5,13,arm4_bstar_o1a,physics
iter05b_arm4_bstar_o1a,0,bstar_2023,HP_Peak,paperA_sh_mh_station,none,-,-,-,p0.1|n80,mape_n_excluded,0.0,5,13,arm4_bstar_o1a,physics
iter05b_arm4_bstar_o1a,0,bstar_2023,HP_Peak,paperA_sh_mh_station,none,-,-,-,p0.1|n120,wape,6.197414707707667,5,16,arm4_bstar_o1a,physics
iter05b_arm4_bstar_o1a,0,bstar_2023,HP_Peak,paperA_sh_mh_station,none,-,-,-,p0.1|n120,rmse,8.266112247393844,5,16,arm4_bstar_o1a,physics
iter05b_arm4_bstar_o1a,0,bstar_2023,HP_Peak,paperA_sh_mh_station,none,-,-,-,p0.1|n120,mae,6.3757207245804555,5,16,arm4_bstar_o1a,physics
iter05b_arm4_bstar_o1a,0,bstar_2023,HP_Peak,paperA_sh_mh_station,none,-,-,-,p0.1|n120,mape,6.433663279196187,5,16,arm4_bstar_o1a,physics
iter05b_arm4_bstar_o1a,0,bstar_2023,HP_Peak,paperA_sh_mh_station,none,-,-,-,p0.1|n120,r2,-0.606738964260644,5,16,arm4_bstar_o1a,physics
iter05b_arm4_bstar_o1a,0,bstar_2023,HP_Peak,paperA_sh_mh_station,none,-,-,-,p0.1|n120,n_pred_nan,0.0,5,16,arm4_bstar_o1a,physics
iter05b_arm4_bstar_o1a,0,bstar_2023,HP_Peak,paperA_sh_mh_station,none,-,-,-,p0.1|n120,mape_n_excluded,0.0,5,16,arm4_bstar_o1a,physics
iter05b_arm4_bstar_o1a,0,bstar_2023,HP_Peak,paperA_sh_mh_station,none,-,-,-,p0.2|n10,wape,17.650661799758883,10,12,arm4_bstar_o1a,physics
iter05b_arm4_bstar_o1a,0,bstar_2023,HP_Peak,paperA_sh_mh_station,none,-,-,-,p0.2|n10,rmse,2.8740755747594613,10,12,arm4_bstar_o1a,physics
iter05b_arm4_bstar_o1a,0,bstar_2023,HP_Peak,paperA_sh_mh_station,none,-,-,-,p0.2|n10,mae,2.42982039189046,10,12,arm4_bstar_o1a,physics
iter05b_arm4_bstar_o1a,0,bstar_2023,HP_Peak,paperA_sh_mh_station,none,-,-,-,p0.2|n10,mape,16.691210183202788,10,12,arm4_bstar_o1a,physics
iter05b_arm4_bstar_o1a,0,bstar_2023,HP_Peak,paperA_sh_mh_station,none,-,-,-,p0.2|n10,r2,0.020538729241488474,10,12,arm4_bstar_o1a,physics
iter05b_arm4_bstar_o1a,0,bstar_2023,HP_Peak,paperA_sh_mh_station,none,-,-,-,p0.2|n10,n_pred_nan,0.0,10,12,arm4_bstar_o1a,physics
iter05b_arm4_bstar_o1a,0,bstar_2023,HP_Peak,paperA_sh_mh_station,none,-,-,-,p0.2|n10,mape_n_excluded,0.0,10,12,arm4_bstar_o1a,physics
iter05b_arm4_bstar_o1a,0,bstar_2023,HP_Peak,paperA_sh_mh_station,none,-,-,-,p0.2|n20,wape,11.980285944580945,5,9,arm4_bstar_o1a,physics
iter05b_arm4_bstar_o1a,0,bstar_2023,HP_Peak,paperA_sh_mh_station,none,-,-,-,p0.2|n20,rmse,5.39244760133796,5,9,arm4_bstar_o1a,physics
iter05b_arm4_bstar_o1a,0,bstar_2023,HP_Peak,paperA_sh_mh_station,none,-,-,-,p0.2|n20,mae,4.267115533118747,5,9,arm4_bstar_o1a,physics
iter05b_arm4_bstar_o1a,0,bstar_2023,HP_Peak,paperA_sh_mh_station,none,-,-,-,p0.2|n20,mape,12.367902350676705,5,9,arm4_bstar_o1a,physics
iter05b_arm4_bstar_o1a,0,bstar_2023,HP_Peak,paperA_sh_mh_station,none,-,-,-,p0.2|n20,r2,0.38577786274216785,5,9,arm4_bstar_o1a,physics
iter05b_arm4_bstar_o1a,0,bstar_2023,HP_Peak,paperA_sh_mh_station,none,-,-,-,p0.2|n20,n_pred_nan,0.0,5,9,arm4_bstar_o1a,physics
iter05b_arm4_bstar_o1a,0,bstar_2023,HP_Peak,paperA_sh_mh_station,none,-,-,-,p0.2|n20,mape_n_excluded,0.0,5,9,arm4_bstar_o1a,physics
iter05b_arm4_bstar_o1a,0,bstar_2023,HP_Peak,paperA_sh_mh_station,none,-,-,-,p0.2|n40,wape,6.052511117333226,5,15,arm4_bstar_o1a,physics
iter05b_arm4_bstar_o1a,0,bstar_2023,HP_Peak,paperA_sh_mh_station,none,-,-,-,p0.2|n40,rmse,6.3250119776684075,5,15,arm4_bstar_o1a,physics
iter05b_arm4_bstar_o1a,0,bstar_2023,HP_Peak,paperA_sh_mh_station,none,-,-,-,p0.2|n40,mae,3.686102886943014,5,15,arm4_bstar_o1a,physics
iter05b_arm4_bstar_o1a,0,bstar_2023,HP_Peak,paperA_sh_mh_station,none,-,-,-,p0.2|n40,mape,5.766715109846989,5,15,arm4_bstar_o1a,physics
iter05b_arm4_bstar_o1a,0,bstar_2023,HP_Peak,paperA_sh_mh_station,none,-,-,-,p0.2|n40,r2,-0.9736058067780606,5,15,arm4_bstar_o1a,physics
iter05b_arm4_bstar_o1a,0,bstar_2023,HP_Peak,paperA_sh_mh_station,none,-,-,-,p0.2|n40,n_pred_nan,0.0,5,15,arm4_bstar_o1a,physics
iter05b_arm4_bstar_o1a,0,bstar_2023,HP_Peak,paperA_sh_mh_station,none,-,-,-,p0.2|n40,mape_n_excluded,0.0,5,15,arm4_bstar_o1a,physics
iter05b_arm4_bstar_o1a,0,bstar_2023,HP_Peak,paperA_sh_mh_station,none,-,-,-,p0.3|n10,wape,12.946587011173108,10,14,arm4_bstar_o1a,physics
iter05b_arm4_bstar_o1a,0,bstar_2023,HP_Peak,paperA_sh_mh_station,none,-,-,-,p0.3|n10,rmse,2.8848188256382197,10,14,arm4_bstar_o1a,physics
iter05b_arm4_bstar_o1a,0,bstar_2023,HP_Peak,paperA_sh_mh_station,none,-,-,-,p0.3|n10,mae,2.6244944184436365,10,14,arm4_bstar_o1a,physics
iter05b_arm4_bstar_o1a,0,bstar_2023,HP_Peak,paperA_sh_mh_station,none,-,-,-,p0.3|n10,mape,13.429960010430733,10,14,arm4_bstar_o1a,physics
iter05b_arm4_bstar_o1a,0,bstar_2023,HP_Peak,paperA_sh_mh_station,none,-,-,-,p0.3|n10,r2,0.07192871428681036,10,14,arm4_bstar_o1a,physics
iter05b_arm4_bstar_o1a,0,bstar_2023,HP_Peak,paperA_sh_mh_station,none,-,-,-,p0.3|n10,n_pred_nan,0.0,10,14,arm4_bstar_o1a,physics
iter05b_arm4_bstar_o1a,0,bstar_2023,HP_Peak,paperA_sh_mh_station,none,-,-,-,p0.3|n10,mape_n_excluded,0.0,10,14,arm4_bstar_o1a,physics
iter05b_arm4_bstar_o1a,0,bstar_2023,HP_Peak,paperA_sh_mh_station,none,-,-,-,p0.3|n20,wape,11.501210947510845,5,14,arm4_bstar_o1a,physics
iter05b_arm4_bstar_o1a,0,bstar_2023,HP_Peak,paperA_sh_mh_station,none,-,-,-,p0.3|n20,rmse,8.235212969621497,5,14,arm4_bstar_o1a,physics
iter05b_arm4_bstar_o1a,0,bstar_2023,HP_Peak,paperA_sh_mh_station,none,-,-,-,p0.3|n20,mae,6.110812083439941,5,14,arm4_bstar_o1a,physics
iter05b_arm4_bstar_o1a,0,bstar_2023,HP_Peak,paperA_sh_mh_station,none,-,-,-,p0.3|n20,mape,11.6808992883684,5,14,arm4_bstar_o1a,physics
iter05b_arm4_bstar_o1a,0,bstar_2023,HP_Peak,paperA_sh_mh_station,none,-,-,-,p0.3|n20,r2,-2.2446334401222203,5,14,arm4_bstar_o1a,physics
iter05b_arm4_bstar_o1a,0,bstar_2023,HP_Peak,paperA_sh_mh_station,none,-,-,-,p0.3|n20,n_pred_nan,0.0,5,14,arm4_bstar_o1a,physics
iter05b_arm4_bstar_o1a,0,bstar_2023,HP_Peak,paperA_sh_mh_station,none,-,-,-,p0.3|n20,mape_n_excluded,0.0,5,14,arm4_bstar_o1a,physics
iter05b_arm4_bstar_o1a,0,bstar_2023,HP_Peak,paperA_sh_mh_station,none,-,-,-,p0.3|n40,wape,9.090074069301043,5,16,arm4_bstar_o1a,physics
iter05b_arm4_bstar_o1a,0,bstar_2023,HP_Peak,paperA_sh_mh_station,none,-,-,-,p0.3|n40,rmse,9.249196805361267,5,16,arm4_bstar_o1a,physics
iter05b_arm4_bstar_o1a,0,bstar_2023,HP_Peak,paperA_sh_mh_station,none,-,-,-,p0.3|n40,mae,8.4778388915414,5,16,arm4_bstar_o1a,physics
iter05b_arm4_bstar_o1a,0,bstar_2023,HP_Peak,paperA_sh_mh_station,none,-,-,-,p0.3|n40,mape,9.099458452849765,5,16,arm4_bstar_o1a,physics
iter05b_arm4_bstar_o1a,0,bstar_2023,HP_Peak,paperA_sh_mh_station,none,-,-,-,p0.3|n40,r2,-1.6642568676597103,5,16,arm4_bstar_o1a,physics
iter05b_arm4_bstar_o1a,0,bstar_2023,HP_Peak,paperA_sh_mh_station,none,-,-,-,p0.3|n40,n_pred_nan,0.0,5,16,arm4_bstar_o1a,physics
iter05b_arm4_bstar_o1a,0,bstar_2023,HP_Peak,paperA_sh_mh_station,none,-,-,-,p0.3|n40,mape_n_excluded,0.0,5,16,arm4_bstar_o1a,physics
iter05b_arm4_bstar_o1a,0,bstar_2023,HP_Peak,paperA_sh_mh_station,none,-,-,-,p0.5|n10,wape,18.924705343741852,5,12,arm4_bstar_o1a,physics
iter05b_arm4_bstar_o1a,0,bstar_2023,HP_Peak,paperA_sh_mh_station,none,-,-,-,p0.5|n10,rmse,8.48642643821755,5,12,arm4_bstar_o1a,physics
iter05b_arm4_bstar_o1a,0,bstar_2023,HP_Peak,paperA_sh_mh_station,none,-,-,-,p0.5|n10,mae,7.8203409232721155,5,12,arm4_bstar_o1a,physics
iter05b_arm4_bstar_o1a,0,bstar_2023,HP_Peak,paperA_sh_mh_station,none,-,-,-,p0.5|n10,mape,19.06338508983148,5,12,arm4_bstar_o1a,physics
iter05b_arm4_bstar_o1a,0,bstar_2023,HP_Peak,paperA_sh_mh_station,none,-,-,-,p0.5|n10,r2,0.036105296220858674,5,12,arm4_bstar_o1a,physics
iter05b_arm4_bstar_o1a,0,bstar_2023,HP_Peak,paperA_sh_mh_station,none,-,-,-,p0.5|n10,n_pred_nan,0.0,5,12,arm4_bstar_o1a,physics
iter05b_arm4_bstar_o1a,0,bstar_2023,HP_Peak,paperA_sh_mh_station,none,-,-,-,p0.5|n10,mape_n_excluded,0.0,5,12,arm4_bstar_o1a,physics
iter05b_arm4_bstar_o1a,0,bstar_2023,HP_Peak,paperA_sh_mh_station,none,-,-,-,p0.5|n20,wape,6.9935150116256946,5,16,arm4_bstar_o1a,physics
iter05b_arm4_bstar_o1a,0,bstar_2023,HP_Peak,paperA_sh_mh_station,none,-,-,-,p0.5|n20,rmse,6.179437145648356,5,16,arm4_bstar_o1a,physics
iter05b_arm4_bstar_o1a,0,bstar_2023,HP_Peak,paperA_sh_mh_station,none,-,-,-,p0.5|n20,mae,5.829202126632526,5,16,arm4_bstar_o1a,physics
iter05b_arm4_bstar_o1a,0,bstar_2023,HP_Peak,paperA_sh_mh_station,none,-,-,-,p0.5|n20,mape,6.925683983077079,5,16,arm4_bstar_o1a,physics
iter05b_arm4_bstar_o1a,0,bstar_2023,HP_Peak,paperA_sh_mh_station,none,-,-,-,p0.5|n20,r2,0.37674763111436804,5,16,arm4_bstar_o1a,physics
iter05b_arm4_bstar_o1a,0,bstar_2023,HP_Peak,paperA_sh_mh_station,none,-,-,-,p0.5|n20,n_pred_nan,0.0,5,16,arm4_bstar_o1a,physics
iter05b_arm4_bstar_o1a,0,bstar_2023,HP_Peak,paperA_sh_mh_station,none,-,-,-,p0.5|n20,mape_n_excluded,0.0,5,16,arm4_bstar_o1a,physics
iter05b_arm4_bstar_o1a,0,bstar_2023,HP_Peak,paperA_sh_mh_station,none,-,-,-,p0.8|n10,wape,5.317872473781985,5,14,arm4_bstar_o1a,physics
iter05b_arm4_bstar_o1a,0,bstar_2023,HP_Peak,paperA_sh_mh_station,none,-,-,-,p0.8|n10,rmse,3.847281164432112,5,14,arm4_bstar_o1a,physics
iter05b_arm4_bstar_o1a,0,bstar_2023,HP_Peak,paperA_sh_mh_station,none,-,-,-,p0.8|n10,mae,3.455206935807213,5,14,arm4_bstar_o1a,physics
iter05b_arm4_bstar_o1a,0,bstar_2023,HP_Peak,paperA_sh_mh_station,none,-,-,-,p0.8|n10,mape,5.873623351237724,5,14,arm4_bstar_o1a,physics
iter05b_arm4_bstar_o1a,0,bstar_2023,HP_Peak,paperA_sh_mh_station,none,-,-,-,p0.8|n10,r2,0.8755107229621872,5,14,arm4_bstar_o1a,physics
iter05b_arm4_bstar_o1a,0,bstar_2023,HP_Peak,paperA_sh_mh_station,none,-,-,-,p0.8|n10,n_pred_nan,0.0,5,14,arm4_bstar_o1a,physics
iter05b_arm4_bstar_o1a,0,bstar_2023,HP_Peak,paperA_sh_mh_station,none,-,-,-,p0.8|n10,mape_n_excluded,0.0,5,14,arm4_bstar_o1a,physics
iter05b_arm4_bstar_o1a,0,bstar_2023,HP_Peak,paperA_sh_mh_station,none,-,-,-,p1.0|n10,wape,6.659955367121666,5,16,arm4_bstar_o1a,physics
iter05b_arm4_bstar_o1a,0,bstar_2023,HP_Peak,paperA_sh_mh_station,none,-,-,-,p1.0|n10,rmse,6.164974571029251,5,16,arm4_bstar_o1a,physics
iter05b_arm4_bstar_o1a,0,bstar_2023,HP_Peak,paperA_sh_mh_station,none,-,-,-,p1.0|n10,mae,5.359389426296251,5,16,arm4_bstar_o1a,physics
iter05b_arm4_bstar_o1a,0,bstar_2023,HP_Peak,paperA_sh_mh_station,none,-,-,-,p1.0|n10,mape,6.820366756745335,5,16,arm4_bstar_o1a,physics
iter05b_arm4_bstar_o1a,0,bstar_2023,HP_Peak,paperA_sh_mh_station,none,-,-,-,p1.0|n10,r2,0.3163112238887613,5,16,arm4_bstar_o1a,physics
iter05b_arm4_bstar_o1a,0,bstar_2023,HP_Peak,paperA_sh_mh_station,none,-,-,-,p1.0|n10,n_pred_nan,0.0,5,16,arm4_bstar_o1a,physics
iter05b_arm4_bstar_o1a,0,bstar_2023,HP_Peak,paperA_sh_mh_station,none,-,-,-,p1.0|n10,mape_n_excluded,0.0,5,16,arm4_bstar_o1a,physics
iter05b_arm4_bstar_o1a,0,bstar_2023,HP_Peak,paperA_cal,none,-,-,-,all,wape,13.556903624384265,135,20,arm4_bstar_o1a,physics
iter05b_arm4_bstar_o1a,0,bstar_2023,HP_Peak,paperA_cal,none,-,-,-,all,rmse,6.891400628016707,135,20,arm4_bstar_o1a,physics
iter05b_arm4_bstar_o1a,0,bstar_2023,HP_Peak,paperA_cal,none,-,-,-,all,mae,4.871679744399057,135,20,arm4_bstar_o1a,physics
iter05b_arm4_bstar_o1a,0,bstar_2023,HP_Peak,paperA_cal,none,-,-,-,all,mape,16.263160191564456,135,20,arm4_bstar_o1a,physics
iter05b_arm4_bstar_o1a,0,bstar_2023,HP_Peak,paperA_cal,none,-,-,-,all,r2,0.9475111419150595,135,20,arm4_bstar_o1a,physics
iter05b_arm4_bstar_o1a,0,bstar_2023,HP_Peak,paperA_cal,none,-,-,-,all,n_pred_nan,0.0,135,20,arm4_bstar_o1a,physics
iter05b_arm4_bstar_o1a,0,bstar_2023,HP_Peak,paperA_cal,none,-,-,-,all,mape_n_excluded,0.0,135,20,arm4_bstar_o1a,physics
iter05b_arm4_bstar_o1a,0,bstar_2023,HP_Peak,paperA_cal,none,-,-,-,all,n_invalid,0.0,135,20,arm4_bstar_o1a,physics
iter05b_arm4_bstar_o1a,0,bstar_2023,HP_Peak,paperA_cal,none,-,-,-,all,cal_b,-0.12026964313453806,135,20,arm4_bstar_o1a,physics
iter05b_arm4_bstar_o1a,0,bstar_2023,HP_Peak,paperA_cal,none,-,-,-,all,n_cal_train,500.0,135,20,arm4_bstar_o1a,physics
iter05b_arm4_bstar_o1a,0,bstar_2023,HP_Peak,paperA_cal,none,-,-,-,pbin<=15,wape,15.42521410549016,75,20,arm4_bstar_o1a,physics
iter05b_arm4_bstar_o1a,0,bstar_2023,HP_Peak,paperA_cal,none,-,-,-,pbin<=15,rmse,5.866242898615413,75,20,arm4_bstar_o1a,physics
iter05b_arm4_bstar_o1a,0,bstar_2023,HP_Peak,paperA_cal,none,-,-,-,pbin<=15,mae,4.001646598500899,75,20,arm4_bstar_o1a,physics
iter05b_arm4_bstar_o1a,0,bstar_2023,HP_Peak,paperA_cal,none,-,-,-,pbin<=15,mape,19.370284758655234,75,20,arm4_bstar_o1a,physics
iter05b_arm4_bstar_o1a,0,bstar_2023,HP_Peak,paperA_cal,none,-,-,-,pbin<=15,r2,0.9558130216629565,75,20,arm4_bstar_o1a,physics
iter05b_arm4_bstar_o1a,0,bstar_2023,HP_Peak,paperA_cal,none,-,-,-,pbin<=15,n_pred_nan,0.0,75,20,arm4_bstar_o1a,physics
iter05b_arm4_bstar_o1a,0,bstar_2023,HP_Peak,paperA_cal,none,-,-,-,pbin<=15,mape_n_excluded,0.0,75,20,arm4_bstar_o1a,physics
iter05b_arm4_bstar_o1a,0,bstar_2023,HP_Peak,paperA_cal,none,-,-,-,pbin15-35,wape,12.357247802083835,40,20,arm4_bstar_o1a,physics
iter05b_arm4_bstar_o1a,0,bstar_2023,HP_Peak,paperA_cal,none,-,-,-,pbin15-35,rmse,7.178823453720786,40,20,arm4_bstar_o1a,physics
iter05b_arm4_bstar_o1a,0,bstar_2023,HP_Peak,paperA_cal,none,-,-,-,pbin15-35,mae,4.803761292837001,40,20,arm4_bstar_o1a,physics
iter05b_arm4_bstar_o1a,0,bstar_2023,HP_Peak,paperA_cal,none,-,-,-,pbin15-35,mape,11.721989273775591,40,20,arm4_bstar_o1a,physics
iter05b_arm4_bstar_o1a,0,bstar_2023,HP_Peak,paperA_cal,none,-,-,-,pbin15-35,r2,0.9284949747749589,40,20,arm4_bstar_o1a,physics
iter05b_arm4_bstar_o1a,0,bstar_2023,HP_Peak,paperA_cal,none,-,-,-,pbin15-35,n_pred_nan,0.0,40,20,arm4_bstar_o1a,physics
iter05b_arm4_bstar_o1a,0,bstar_2023,HP_Peak,paperA_cal,none,-,-,-,pbin15-35,mape_n_excluded,0.0,40,20,arm4_bstar_o1a,physics
iter05b_arm4_bstar_o1a,0,bstar_2023,HP_Peak,paperA_cal,none,-,-,-,pbin35-65,wape,15.252463809056588,10,16,arm4_bstar_o1a,physics
iter05b_arm4_bstar_o1a,0,bstar_2023,HP_Peak,paperA_cal,none,-,-,-,pbin35-65,rmse,10.495286233407596,10,16,arm4_bstar_o1a,physics
iter05b_arm4_bstar_o1a,0,bstar_2023,HP_Peak,paperA_cal,none,-,-,-,pbin35-65,mae,9.508003406773637,10,16,arm4_bstar_o1a,physics
iter05b_arm4_bstar_o1a,0,bstar_2023,HP_Peak,paperA_cal,none,-,-,-,pbin35-65,mape,17.45581608817071,10,16,arm4_bstar_o1a,physics
iter05b_arm4_bstar_o1a,0,bstar_2023,HP_Peak,paperA_cal,none,-,-,-,pbin35-65,r2,0.7838406638209263,10,16,arm4_bstar_o1a,physics
iter05b_arm4_bstar_o1a,0,bstar_2023,HP_Peak,paperA_cal,none,-,-,-,pbin35-65,n_pred_nan,0.0,10,16,arm4_bstar_o1a,physics
iter05b_arm4_bstar_o1a,0,bstar_2023,HP_Peak,paperA_cal,none,-,-,-,pbin35-65,mape_n_excluded,0.0,10,16,arm4_bstar_o1a,physics
iter05b_arm4_bstar_o1a,0,bstar_2023,HP_Peak,paperA_cal,none,-,-,-,pbin>65,wape,9.669995275570473,10,16,arm4_bstar_o1a,physics
iter05b_arm4_bstar_o1a,0,bstar_2023,HP_Peak,paperA_cal,none,-,-,-,pbin>65,rmse,8.169751182386328,10,16,arm4_bstar_o1a,physics
iter05b_arm4_bstar_o1a,0,bstar_2023,HP_Peak,paperA_cal,none,-,-,-,pbin>65,mae,7.0322784825089,10,16,arm4_bstar_o1a,physics
iter05b_arm4_bstar_o1a,0,bstar_2023,HP_Peak,paperA_cal,none,-,-,-,pbin>65,mape,9.931753712932753,10,16,arm4_bstar_o1a,physics
iter05b_arm4_bstar_o1a,0,bstar_2023,HP_Peak,paperA_cal,none,-,-,-,pbin>65,r2,0.5468614127732416,10,16,arm4_bstar_o1a,physics
iter05b_arm4_bstar_o1a,0,bstar_2023,HP_Peak,paperA_cal,none,-,-,-,pbin>65,n_pred_nan,0.0,10,16,arm4_bstar_o1a,physics
iter05b_arm4_bstar_o1a,0,bstar_2023,HP_Peak,paperA_cal,none,-,-,-,pbin>65,mape_n_excluded,0.0,10,16,arm4_bstar_o1a,physics
iter05b_arm4_bstar_o1a,0,bstar_2023,HP_Peak,paperA_cal,none,-,-,-,p0.05|n10,wape,20.794100251271367,10,9,arm4_bstar_o1a,physics
iter05b_arm4_bstar_o1a,0,bstar_2023,HP_Peak,paperA_cal,none,-,-,-,p0.05|n10,rmse,1.7562206642231295,10,9,arm4_bstar_o1a,physics
iter05b_arm4_bstar_o1a,0,bstar_2023,HP_Peak,paperA_cal,none,-,-,-,p0.05|n10,mae,1.1411556015750821,10,9,arm4_bstar_o1a,physics
iter05b_arm4_bstar_o1a,0,bstar_2023,HP_Peak,paperA_cal,none,-,-,-,p0.05|n10,mape,19.86674459514094,10,9,arm4_bstar_o1a,physics
iter05b_arm4_bstar_o1a,0,bstar_2023,HP_Peak,paperA_cal,none,-,-,-,p0.05|n10,r2,0.2760430407187745,10,9,arm4_bstar_o1a,physics
iter05b_arm4_bstar_o1a,0,bstar_2023,HP_Peak,paperA_cal,none,-,-,-,p0.05|n10,n_pred_nan,0.0,10,9,arm4_bstar_o1a,physics
iter05b_arm4_bstar_o1a,0,bstar_2023,HP_Peak,paperA_cal,none,-,-,-,p0.05|n10,mape_n_excluded,0.0,10,9,arm4_bstar_o1a,physics
iter05b_arm4_bstar_o1a,0,bstar_2023,HP_Peak,paperA_cal,none,-,-,-,p0.05|n20,wape,20.767934431336187,10,7,arm4_bstar_o1a,physics
iter05b_arm4_bstar_o1a,0,bstar_2023,HP_Peak,paperA_cal,none,-,-,-,p0.05|n20,rmse,1.7163366583395334,10,7,arm4_bstar_o1a,physics
iter05b_arm4_bstar_o1a,0,bstar_2023,HP_Peak,paperA_cal,none,-,-,-,p0.05|n20,mae,1.1809611980532808,10,7,arm4_bstar_o1a,physics
iter05b_arm4_bstar_o1a,0,bstar_2023,HP_Peak,paperA_cal,none,-,-,-,p0.05|n20,mape,20.264145768606387,10,7,arm4_bstar_o1a,physics
iter05b_arm4_bstar_o1a,0,bstar_2023,HP_Peak,paperA_cal,none,-,-,-,p0.05|n20,r2,0.15321866411391516,10,7,arm4_bstar_o1a,physics
iter05b_arm4_bstar_o1a,0,bstar_2023,HP_Peak,paperA_cal,none,-,-,-,p0.05|n20,n_pred_nan,0.0,10,7,arm4_bstar_o1a,physics
iter05b_arm4_bstar_o1a,0,bstar_2023,HP_Peak,paperA_cal,none,-,-,-,p0.05|n20,mape_n_excluded,0.0,10,7,arm4_bstar_o1a,physics
iter05b_arm4_bstar_o1a,0,bstar_2023,HP_Peak,paperA_cal,none,-,-,-,p0.05|n40,wape,16.79596916558484,10,13,arm4_bstar_o1a,physics
iter05b_arm4_bstar_o1a,0,bstar_2023,HP_Peak,paperA_cal,none,-,-,-,p0.05|n40,rmse,4.555721469391756,10,13,arm4_bstar_o1a,physics
iter05b_arm4_bstar_o1a,0,bstar_2023,HP_Peak,paperA_cal,none,-,-,-,p0.05|n40,mae,2.4558627403203674,10,13,arm4_bstar_o1a,physics
iter05b_arm4_bstar_o1a,0,bstar_2023,HP_Peak,paperA_cal,none,-,-,-,p0.05|n40,mape,15.443414367323802,10,13,arm4_bstar_o1a,physics
iter05b_arm4_bstar_o1a,0,bstar_2023,HP_Peak,paperA_cal,none,-,-,-,p0.05|n40,r2,0.37349493799973743,10,13,arm4_bstar_o1a,physics
iter05b_arm4_bstar_o1a,0,bstar_2023,HP_Peak,paperA_cal,none,-,-,-,p0.05|n40,n_pred_nan,0.0,10,13,arm4_bstar_o1a,physics
iter05b_arm4_bstar_o1a,0,bstar_2023,HP_Peak,paperA_cal,none,-,-,-,p0.05|n40,mape_n_excluded,0.0,10,13,arm4_bstar_o1a,physics
iter05b_arm4_bstar_o1a,0,bstar_2023,HP_Peak,paperA_cal,none,-,-,-,p0.05|n80,wape,27.356241990770652,5,12,arm4_bstar_o1a,physics
iter05b_arm4_bstar_o1a,0,bstar_2023,HP_Peak,paperA_cal,none,-,-,-,p0.05|n80,rmse,9.574322168461643,5,12,arm4_bstar_o1a,physics
iter05b_arm4_bstar_o1a,0,bstar_2023,HP_Peak,paperA_cal,none,-,-,-,p0.05|n80,mae,9.26462598614729,5,12,arm4_bstar_o1a,physics
iter05b_arm4_bstar_o1a,0,bstar_2023,HP_Peak,paperA_cal,none,-,-,-,p0.05|n80,mape,27.358269763606035,5,12,arm4_bstar_o1a,physics
iter05b_arm4_bstar_o1a,0,bstar_2023,HP_Peak,paperA_cal,none,-,-,-,p0.05|n80,r2,-3.150358020113649,5,12,arm4_bstar_o1a,physics
iter05b_arm4_bstar_o1a,0,bstar_2023,HP_Peak,paperA_cal,none,-,-,-,p0.05|n80,n_pred_nan,0.0,5,12,arm4_bstar_o1a,physics
iter05b_arm4_bstar_o1a,0,bstar_2023,HP_Peak,paperA_cal,none,-,-,-,p0.05|n80,mape_n_excluded,0.0,5,12,arm4_bstar_o1a,physics
iter05b_arm4_bstar_o1a,0,bstar_2023,HP_Peak,paperA_cal,none,-,-,-,p0.05|n120,wape,13.038948440556556,5,15,arm4_bstar_o1a,physics
iter05b_arm4_bstar_o1a,0,bstar_2023,HP_Peak,paperA_cal,none,-,-,-,p0.05|n120,rmse,7.446047543391803,5,15,arm4_bstar_o1a,physics
iter05b_arm4_bstar_o1a,0,bstar_2023,HP_Peak,paperA_cal,none,-,-,-,p0.05|n120,mae,5.919775742260385,5,15,arm4_bstar_o1a,physics
iter05b_arm4_bstar_o1a,0,bstar_2023,HP_Peak,paperA_cal,none,-,-,-,p0.05|n120,mape,13.049727430404184,5,15,arm4_bstar_o1a,physics
iter05b_arm4_bstar_o1a,0,bstar_2023,HP_Peak,paperA_cal,none,-,-,-,p0.05|n120,r2,-4.012706607570398,5,15,arm4_bstar_o1a,physics
iter05b_arm4_bstar_o1a,0,bstar_2023,HP_Peak,paperA_cal,none,-,-,-,p0.05|n120,n_pred_nan,0.0,5,15,arm4_bstar_o1a,physics
iter05b_arm4_bstar_o1a,0,bstar_2023,HP_Peak,paperA_cal,none,-,-,-,p0.05|n120,mape_n_excluded,0.0,5,15,arm4_bstar_o1a,physics
iter05b_arm4_bstar_o1a,0,bstar_2023,HP_Peak,paperA_cal,none,-,-,-,p0.1|n10,wape,28.654109191720572,10,9,arm4_bstar_o1a,physics
iter05b_arm4_bstar_o1a,0,bstar_2023,HP_Peak,paperA_cal,none,-,-,-,p0.1|n10,rmse,3.019469917795105,10,9,arm4_bstar_o1a,physics
iter05b_arm4_bstar_o1a,0,bstar_2023,HP_Peak,paperA_cal,none,-,-,-,p0.1|n10,mae,2.3215567290282655,10,9,arm4_bstar_o1a,physics
iter05b_arm4_bstar_o1a,0,bstar_2023,HP_Peak,paperA_cal,none,-,-,-,p0.1|n10,mape,26.326290410259258,10,9,arm4_bstar_o1a,physics
iter05b_arm4_bstar_o1a,0,bstar_2023,HP_Peak,paperA_cal,none,-,-,-,p0.1|n10,r2,-0.24439494032992126,10,9,arm4_bstar_o1a,physics
iter05b_arm4_bstar_o1a,0,bstar_2023,HP_Peak,paperA_cal,none,-,-,-,p0.1|n10,n_pred_nan,0.0,10,9,arm4_bstar_o1a,physics
iter05b_arm4_bstar_o1a,0,bstar_2023,HP_Peak,paperA_cal,none,-,-,-,p0.1|n10,mape_n_excluded,0.0,10,9,arm4_bstar_o1a,physics
iter05b_arm4_bstar_o1a,0,bstar_2023,HP_Peak,paperA_cal,none,-,-,-,p0.1|n20,wape,28.476592539825873,10,11,arm4_bstar_o1a,physics
iter05b_arm4_bstar_o1a,0,bstar_2023,HP_Peak,paperA_cal,none,-,-,-,p0.1|n20,rmse,5.397113203475096,10,11,arm4_bstar_o1a,physics
iter05b_arm4_bstar_o1a,0,bstar_2023,HP_Peak,paperA_cal,none,-,-,-,p0.1|n20,mae,3.909762002671138,10,11,arm4_bstar_o1a,physics
iter05b_arm4_bstar_o1a,0,bstar_2023,HP_Peak,paperA_cal,none,-,-,-,p0.1|n20,mape,25.899645065928283,10,11,arm4_bstar_o1a,physics
iter05b_arm4_bstar_o1a,0,bstar_2023,HP_Peak,paperA_cal,none,-,-,-,p0.1|n20,r2,-0.19726255099468815,10,11,arm4_bstar_o1a,physics
iter05b_arm4_bstar_o1a,0,bstar_2023,HP_Peak,paperA_cal,none,-,-,-,p0.1|n20,n_pred_nan,0.0,10,11,arm4_bstar_o1a,physics
iter05b_arm4_bstar_o1a,0,bstar_2023,HP_Peak,paperA_cal,none,-,-,-,p0.1|n20,mape_n_excluded,0.0,10,11,arm4_bstar_o1a,physics
iter05b_arm4_bstar_o1a,0,bstar_2023,HP_Peak,paperA_cal,none,-,-,-,p0.1|n40,wape,12.913857403373004,5,12,arm4_bstar_o1a,physics
iter05b_arm4_bstar_o1a,0,bstar_2023,HP_Peak,paperA_cal,none,-,-,-,p0.1|n40,rmse,7.031514844159641,5,12,arm4_bstar_o1a,physics
iter05b_arm4_bstar_o1a,0,bstar_2023,HP_Peak,paperA_cal,none,-,-,-,p0.1|n40,mae,5.598439326318816,5,12,arm4_bstar_o1a,physics
iter05b_arm4_bstar_o1a,0,bstar_2023,HP_Peak,paperA_cal,none,-,-,-,p0.1|n40,mape,13.742897996906855,5,12,arm4_bstar_o1a,physics
iter05b_arm4_bstar_o1a,0,bstar_2023,HP_Peak,paperA_cal,none,-,-,-,p0.1|n40,r2,-1.0595296809371613,5,12,arm4_bstar_o1a,physics
iter05b_arm4_bstar_o1a,0,bstar_2023,HP_Peak,paperA_cal,none,-,-,-,p0.1|n40,n_pred_nan,0.0,5,12,arm4_bstar_o1a,physics
iter05b_arm4_bstar_o1a,0,bstar_2023,HP_Peak,paperA_cal,none,-,-,-,p0.1|n40,mape_n_excluded,0.0,5,12,arm4_bstar_o1a,physics
iter05b_arm4_bstar_o1a,0,bstar_2023,HP_Peak,paperA_cal,none,-,-,-,p0.1|n80,wape,11.743178743603785,5,13,arm4_bstar_o1a,physics
iter05b_arm4_bstar_o1a,0,bstar_2023,HP_Peak,paperA_cal,none,-,-,-,p0.1|n80,rmse,8.64993843557901,5,13,arm4_bstar_o1a,physics
iter05b_arm4_bstar_o1a,0,bstar_2023,HP_Peak,paperA_cal,none,-,-,-,p0.1|n80,mae,8.030150780942195,5,13,arm4_bstar_o1a,physics
iter05b_arm4_bstar_o1a,0,bstar_2023,HP_Peak,paperA_cal,none,-,-,-,p0.1|n80,mape,12.159164797811924,5,13,arm4_bstar_o1a,physics
iter05b_arm4_bstar_o1a,0,bstar_2023,HP_Peak,paperA_cal,none,-,-,-,p0.1|n80,r2,0.3974737137479393,5,13,arm4_bstar_o1a,physics
iter05b_arm4_bstar_o1a,0,bstar_2023,HP_Peak,paperA_cal,none,-,-,-,p0.1|n80,n_pred_nan,0.0,5,13,arm4_bstar_o1a,physics
iter05b_arm4_bstar_o1a,0,bstar_2023,HP_Peak,paperA_cal,none,-,-,-,p0.1|n80,mape_n_excluded,0.0,5,13,arm4_bstar_o1a,physics
iter05b_arm4_bstar_o1a,0,bstar_2023,HP_Peak,paperA_cal,none,-,-,-,p0.1|n120,wape,8.936012302636867,5,16,arm4_bstar_o1a,physics
iter05b_arm4_bstar_o1a,0,bstar_2023,HP_Peak,paperA_cal,none,-,-,-,p0.1|n120,rmse,10.712407801213152,5,16,arm4_bstar_o1a,physics
iter05b_arm4_bstar_o1a,0,bstar_2023,HP_Peak,paperA_cal,none,-,-,-,p0.1|n120,mae,9.193110598548511,5,16,arm4_bstar_o1a,physics
iter05b_arm4_bstar_o1a,0,bstar_2023,HP_Peak,paperA_cal,none,-,-,-,p0.1|n120,mape,8.643730976582212,5,16,arm4_bstar_o1a,physics
iter05b_arm4_bstar_o1a,0,bstar_2023,HP_Peak,paperA_cal,none,-,-,-,p0.1|n120,r2,-1.6984658303523745,5,16,arm4_bstar_o1a,physics
iter05b_arm4_bstar_o1a,0,bstar_2023,HP_Peak,paperA_cal,none,-,-,-,p0.1|n120,n_pred_nan,0.0,5,16,arm4_bstar_o1a,physics
iter05b_arm4_bstar_o1a,0,bstar_2023,HP_Peak,paperA_cal,none,-,-,-,p0.1|n120,mape_n_excluded,0.0,5,16,arm4_bstar_o1a,physics
iter05b_arm4_bstar_o1a,0,bstar_2023,HP_Peak,paperA_cal,none,-,-,-,p0.2|n10,wape,16.868936055459553,10,12,arm4_bstar_o1a,physics
iter05b_arm4_bstar_o1a,0,bstar_2023,HP_Peak,paperA_cal,none,-,-,-,p0.2|n10,rmse,3.4194300892873786,10,12,arm4_bstar_o1a,physics
iter05b_arm4_bstar_o1a,0,bstar_2023,HP_Peak,paperA_cal,none,-,-,-,p0.2|n10,mae,2.3222066844888367,10,12,arm4_bstar_o1a,physics
iter05b_arm4_bstar_o1a,0,bstar_2023,HP_Peak,paperA_cal,none,-,-,-,p0.2|n10,mape,15.332010933424378,10,12,arm4_bstar_o1a,physics
iter05b_arm4_bstar_o1a,0,bstar_2023,HP_Peak,paperA_cal,none,-,-,-,p0.2|n10,r2,-0.3864313121858318,10,12,arm4_bstar_o1a,physics
iter05b_arm4_bstar_o1a,0,bstar_2023,HP_Peak,paperA_cal,none,-,-,-,p0.2|n10,n_pred_nan,0.0,10,12,arm4_bstar_o1a,physics
iter05b_arm4_bstar_o1a,0,bstar_2023,HP_Peak,paperA_cal,none,-,-,-,p0.2|n10,mape_n_excluded,0.0,10,12,arm4_bstar_o1a,physics
iter05b_arm4_bstar_o1a,0,bstar_2023,HP_Peak,paperA_cal,none,-,-,-,p0.2|n20,wape,8.852393400486799,5,9,arm4_bstar_o1a,physics
iter05b_arm4_bstar_o1a,0,bstar_2023,HP_Peak,paperA_cal,none,-,-,-,p0.2|n20,rmse,3.426397619853122,5,9,arm4_bstar_o1a,physics
iter05b_arm4_bstar_o1a,0,bstar_2023,HP_Peak,paperA_cal,none,-,-,-,p0.2|n20,mae,3.153028697247543,5,9,arm4_bstar_o1a,physics
iter05b_arm4_bstar_o1a,0,bstar_2023,HP_Peak,paperA_cal,none,-,-,-,p0.2|n20,mape,8.727585190807293,5,9,arm4_bstar_o1a,physics
iter05b_arm4_bstar_o1a,0,bstar_2023,HP_Peak,paperA_cal,none,-,-,-,p0.2|n20,r2,0.7520128846560639,5,9,arm4_bstar_o1a,physics
iter05b_arm4_bstar_o1a,0,bstar_2023,HP_Peak,paperA_cal,none,-,-,-,p0.2|n20,n_pred_nan,0.0,5,9,arm4_bstar_o1a,physics
iter05b_arm4_bstar_o1a,0,bstar_2023,HP_Peak,paperA_cal,none,-,-,-,p0.2|n20,mape_n_excluded,0.0,5,9,arm4_bstar_o1a,physics
iter05b_arm4_bstar_o1a,0,bstar_2023,HP_Peak,paperA_cal,none,-,-,-,p0.2|n40,wape,15.99433563020465,5,15,arm4_bstar_o1a,physics
iter05b_arm4_bstar_o1a,0,bstar_2023,HP_Peak,paperA_cal,none,-,-,-,p0.2|n40,rmse,10.994510171292207,5,15,arm4_bstar_o1a,physics
iter05b_arm4_bstar_o1a,0,bstar_2023,HP_Peak,paperA_cal,none,-,-,-,p0.2|n40,mae,9.740877067105595,5,15,arm4_bstar_o1a,physics
iter05b_arm4_bstar_o1a,0,bstar_2023,HP_Peak,paperA_cal,none,-,-,-,p0.2|n40,mape,15.70989270100176,5,15,arm4_bstar_o1a,physics
iter05b_arm4_bstar_o1a,0,bstar_2023,HP_Peak,paperA_cal,none,-,-,-,p0.2|n40,r2,-4.963338752440258,5,15,arm4_bstar_o1a,physics
iter05b_arm4_bstar_o1a,0,bstar_2023,HP_Peak,paperA_cal,none,-,-,-,p0.2|n40,n_pred_nan,0.0,5,15,arm4_bstar_o1a,physics
iter05b_arm4_bstar_o1a,0,bstar_2023,HP_Peak,paperA_cal,none,-,-,-,p0.2|n40,mape_n_excluded,0.0,5,15,arm4_bstar_o1a,physics
iter05b_arm4_bstar_o1a,0,bstar_2023,HP_Peak,paperA_cal,none,-,-,-,p0.3|n10,wape,5.038080211168972,10,14,arm4_bstar_o1a,physics
iter05b_arm4_bstar_o1a,0,bstar_2023,HP_Peak,paperA_cal,none,-,-,-,p0.3|n10,rmse,1.3343015219432253,10,14,arm4_bstar_o1a,physics
iter05b_arm4_bstar_o1a,0,bstar_2023,HP_Peak,paperA_cal,none,-,-,-,p0.3|n10,mae,1.0213049495185995,10,14,arm4_bstar_o1a,physics
iter05b_arm4_bstar_o1a,0,bstar_2023,HP_Peak,paperA_cal,none,-,-,-,p0.3|n10,mape,4.682470203739817,10,14,arm4_bstar_o1a,physics
iter05b_arm4_bstar_o1a,0,bstar_2023,HP_Peak,paperA_cal,none,-,-,-,p0.3|n10,r2,0.8014580825967812,10,14,arm4_bstar_o1a,physics
iter05b_arm4_bstar_o1a,0,bstar_2023,HP_Peak,paperA_cal,none,-,-,-,p0.3|n10,n_pred_nan,0.0,10,14,arm4_bstar_o1a,physics
iter05b_arm4_bstar_o1a,0,bstar_2023,HP_Peak,paperA_cal,none,-,-,-,p0.3|n10,mape_n_excluded,0.0,10,14,arm4_bstar_o1a,physics
iter05b_arm4_bstar_o1a,0,bstar_2023,HP_Peak,paperA_cal,none,-,-,-,p0.3|n20,wape,20.92563053998954,5,14,arm4_bstar_o1a,physics
iter05b_arm4_bstar_o1a,0,bstar_2023,HP_Peak,paperA_cal,none,-,-,-,p0.3|n20,rmse,12.260748086232569,5,14,arm4_bstar_o1a,physics
iter05b_arm4_bstar_o1a,0,bstar_2023,HP_Peak,paperA_cal,none,-,-,-,p0.3|n20,mae,11.118185427686885,5,14,arm4_bstar_o1a,physics
iter05b_arm4_bstar_o1a,0,bstar_2023,HP_Peak,paperA_cal,none,-,-,-,p0.3|n20,mape,21.072683716671175,5,14,arm4_bstar_o1a,physics
iter05b_arm4_bstar_o1a,0,bstar_2023,HP_Peak,paperA_cal,none,-,-,-,p0.3|n20,r2,-6.192003809833298,5,14,arm4_bstar_o1a,physics
iter05b_arm4_bstar_o1a,0,bstar_2023,HP_Peak,paperA_cal,none,-,-,-,p0.3|n20,n_pred_nan,0.0,5,14,arm4_bstar_o1a,physics
iter05b_arm4_bstar_o1a,0,bstar_2023,HP_Peak,paperA_cal,none,-,-,-,p0.3|n20,mape_n_excluded,0.0,5,14,arm4_bstar_o1a,physics
iter05b_arm4_bstar_o1a,0,bstar_2023,HP_Peak,paperA_cal,none,-,-,-,p0.3|n40,wape,8.289275639727402,5,16,arm4_bstar_o1a,physics
iter05b_arm4_bstar_o1a,0,bstar_2023,HP_Peak,paperA_cal,none,-,-,-,p0.3|n40,rmse,10.118938969750074,5,16,arm4_bstar_o1a,physics
iter05b_arm4_bstar_o1a,0,bstar_2023,HP_Peak,paperA_cal,none,-,-,-,p0.3|n40,mae,7.730975882641107,5,16,arm4_bstar_o1a,physics
iter05b_arm4_bstar_o1a,0,bstar_2023,HP_Peak,paperA_cal,none,-,-,-,p0.3|n40,mape,8.236790307396118,5,16,arm4_bstar_o1a,physics
iter05b_arm4_bstar_o1a,0,bstar_2023,HP_Peak,paperA_cal,none,-,-,-,p0.3|n40,r2,-2.1888787467861586,5,16,arm4_bstar_o1a,physics
iter05b_arm4_bstar_o1a,0,bstar_2023,HP_Peak,paperA_cal,none,-,-,-,p0.3|n40,n_pred_nan,0.0,5,16,arm4_bstar_o1a,physics
iter05b_arm4_bstar_o1a,0,bstar_2023,HP_Peak,paperA_cal,none,-,-,-,p0.3|n40,mape_n_excluded,0.0,5,16,arm4_bstar_o1a,physics
iter05b_arm4_bstar_o1a,0,bstar_2023,HP_Peak,paperA_cal,none,-,-,-,p0.5|n10,wape,23.315950736053704,5,12,arm4_bstar_o1a,physics
iter05b_arm4_bstar_o1a,0,bstar_2023,HP_Peak,paperA_cal,none,-,-,-,p0.5|n10,rmse,10.014953402855499,5,12,arm4_bstar_o1a,physics
iter05b_arm4_bstar_o1a,0,bstar_2023,HP_Peak,paperA_cal,none,-,-,-,p0.5|n10,mae,9.634954964646482,5,12,arm4_bstar_o1a,physics
iter05b_arm4_bstar_o1a,0,bstar_2023,HP_Peak,paperA_cal,none,-,-,-,p0.5|n10,mape,23.667398661978726,5,12,arm4_bstar_o1a,physics
iter05b_arm4_bstar_o1a,0,bstar_2023,HP_Peak,paperA_cal,none,-,-,-,p0.5|n10,r2,-0.3423870623534151,5,12,arm4_bstar_o1a,physics
iter05b_arm4_bstar_o1a,0,bstar_2023,HP_Peak,paperA_cal,none,-,-,-,p0.5|n10,n_pred_nan,0.0,5,12,arm4_bstar_o1a,physics
iter05b_arm4_bstar_o1a,0,bstar_2023,HP_Peak,paperA_cal,none,-,-,-,p0.5|n10,mape_n_excluded,0.0,5,12,arm4_bstar_o1a,physics
iter05b_arm4_bstar_o1a,0,bstar_2023,HP_Peak,paperA_cal,none,-,-,-,p0.5|n20,wape,11.254803917397687,5,16,arm4_bstar_o1a,physics
iter05b_arm4_bstar_o1a,0,bstar_2023,HP_Peak,paperA_cal,none,-,-,-,p0.5|n20,rmse,10.95457779108547,5,16,arm4_bstar_o1a,physics
iter05b_arm4_bstar_o1a,0,bstar_2023,HP_Peak,paperA_cal,none,-,-,-,p0.5|n20,mae,9.381051848900794,5,16,arm4_bstar_o1a,physics
iter05b_arm4_bstar_o1a,0,bstar_2023,HP_Peak,paperA_cal,none,-,-,-,p0.5|n20,mape,11.244233514362694,5,16,arm4_bstar_o1a,physics
iter05b_arm4_bstar_o1a,0,bstar_2023,HP_Peak,paperA_cal,none,-,-,-,p0.5|n20,r2,-0.9586524811157351,5,16,arm4_bstar_o1a,physics
iter05b_arm4_bstar_o1a,0,bstar_2023,HP_Peak,paperA_cal,none,-,-,-,p0.5|n20,n_pred_nan,0.0,5,16,arm4_bstar_o1a,physics
iter05b_arm4_bstar_o1a,0,bstar_2023,HP_Peak,paperA_cal,none,-,-,-,p0.5|n20,mape_n_excluded,0.0,5,16,arm4_bstar_o1a,physics
iter05b_arm4_bstar_o1a,0,bstar_2023,HP_Peak,paperA_cal,none,-,-,-,p0.8|n10,wape,10.211965861970668,5,14,arm4_bstar_o1a,physics
iter05b_arm4_bstar_o1a,0,bstar_2023,HP_Peak,paperA_cal,none,-,-,-,p0.8|n10,rmse,7.545665338549149,5,14,arm4_bstar_o1a,physics
iter05b_arm4_bstar_o1a,0,bstar_2023,HP_Peak,paperA_cal,none,-,-,-,p0.8|n10,mae,6.635069842021581,5,14,arm4_bstar_o1a,physics
iter05b_arm4_bstar_o1a,0,bstar_2023,HP_Peak,paperA_cal,none,-,-,-,p0.8|n10,mape,10.130138696147096,5,14,arm4_bstar_o1a,physics
iter05b_arm4_bstar_o1a,0,bstar_2023,HP_Peak,paperA_cal,none,-,-,-,p0.8|n10,r2,0.5211283006329536,5,14,arm4_bstar_o1a,physics
iter05b_arm4_bstar_o1a,0,bstar_2023,HP_Peak,paperA_cal,none,-,-,-,p0.8|n10,n_pred_nan,0.0,5,14,arm4_bstar_o1a,physics
iter05b_arm4_bstar_o1a,0,bstar_2023,HP_Peak,paperA_cal,none,-,-,-,p0.8|n10,mape_n_excluded,0.0,5,14,arm4_bstar_o1a,physics
iter05b_arm4_bstar_o1a,0,bstar_2023,HP_Peak,paperA_cal,none,-,-,-,p1.0|n10,wape,9.232404795401195,5,16,arm4_bstar_o1a,physics
iter05b_arm4_bstar_o1a,0,bstar_2023,HP_Peak,paperA_cal,none,-,-,-,p1.0|n10,rmse,8.749434459599293,5,16,arm4_bstar_o1a,physics
iter05b_arm4_bstar_o1a,0,bstar_2023,HP_Peak,paperA_cal,none,-,-,-,p1.0|n10,mae,7.4294871229962185,5,16,arm4_bstar_o1a,physics
iter05b_arm4_bstar_o1a,0,bstar_2023,HP_Peak,paperA_cal,none,-,-,-,p1.0|n10,mape,9.733368729718412,5,16,arm4_bstar_o1a,physics
iter05b_arm4_bstar_o1a,0,bstar_2023,HP_Peak,paperA_cal,none,-,-,-,p1.0|n10,r2,-0.37706942471138305,5,16,arm4_bstar_o1a,physics
iter05b_arm4_bstar_o1a,0,bstar_2023,HP_Peak,paperA_cal,none,-,-,-,p1.0|n10,n_pred_nan,0.0,5,16,arm4_bstar_o1a,physics
iter05b_arm4_bstar_o1a,0,bstar_2023,HP_Peak,paperA_cal,none,-,-,-,p1.0|n10,mape_n_excluded,0.0,5,16,arm4_bstar_o1a,physics
iter05b_arm4_bstar_o1a,0,bstar_2023,HP_Peak,paperA_corr,none,-,-,-,all,wape,11.132347569842398,135,20,arm4_bstar_o1a,physics
iter05b_arm4_bstar_o1a,0,bstar_2023,HP_Peak,paperA_corr,none,-,-,-,all,rmse,5.406778123098739,135,20,arm4_bstar_o1a,physics
iter05b_arm4_bstar_o1a,0,bstar_2023,HP_Peak,paperA_corr,none,-,-,-,all,mae,4.000414376780265,135,20,arm4_bstar_o1a,physics
iter05b_arm4_bstar_o1a,0,bstar_2023,HP_Peak,paperA_corr,none,-,-,-,all,mape,16.32756848684174,135,20,arm4_bstar_o1a,physics
iter05b_arm4_bstar_o1a,0,bstar_2023,HP_Peak,paperA_corr,none,-,-,-,all,r2,0.9676905753694077,135,20,arm4_bstar_o1a,physics
iter05b_arm4_bstar_o1a,0,bstar_2023,HP_Peak,paperA_corr,none,-,-,-,all,n_pred_nan,0.0,135,20,arm4_bstar_o1a,physics
iter05b_arm4_bstar_o1a,0,bstar_2023,HP_Peak,paperA_corr,none,-,-,-,all,mape_n_excluded,0.0,135,20,arm4_bstar_o1a,physics
iter05b_arm4_bstar_o1a,0,bstar_2023,HP_Peak,paperA_corr,none,-,-,-,all,n_invalid,0.0,135,20,arm4_bstar_o1a,physics
iter05b_arm4_bstar_o1a,0,bstar_2023,HP_Peak,paperA_corr,none,-,-,-,all,n_station_fallback,0.0,135,20,arm4_bstar_o1a,physics
iter05b_arm4_bstar_o1a,0,bstar_2023,HP_Peak,paperA_corr,none,-,-,-,pbin<=15,wape,13.902577421406487,75,20,arm4_bstar_o1a,physics
iter05b_arm4_bstar_o1a,0,bstar_2023,HP_Peak,paperA_corr,none,-,-,-,pbin<=15,rmse,5.001251146597248,75,20,arm4_bstar_o1a,physics
iter05b_arm4_bstar_o1a,0,bstar_2023,HP_Peak,paperA_corr,none,-,-,-,pbin<=15,mae,3.6066404828031287,75,20,arm4_bstar_o1a,physics
iter05b_arm4_bstar_o1a,0,bstar_2023,HP_Peak,paperA_corr,none,-,-,-,pbin<=15,mape,20.74044505448992,75,20,arm4_bstar_o1a,physics
iter05b_arm4_bstar_o1a,0,bstar_2023,HP_Peak,paperA_corr,none,-,-,-,pbin<=15,r2,0.9678832531226087,75,20,arm4_bstar_o1a,physics
iter05b_arm4_bstar_o1a,0,bstar_2023,HP_Peak,paperA_corr,none,-,-,-,pbin<=15,n_pred_nan,0.0,75,20,arm4_bstar_o1a,physics
iter05b_arm4_bstar_o1a,0,bstar_2023,HP_Peak,paperA_corr,none,-,-,-,pbin<=15,mape_n_excluded,0.0,75,20,arm4_bstar_o1a,physics
iter05b_arm4_bstar_o1a,0,bstar_2023,HP_Peak,paperA_corr,none,-,-,-,pbin15-35,wape,10.095786492221293,40,20,arm4_bstar_o1a,physics
iter05b_arm4_bstar_o1a,0,bstar_2023,HP_Peak,paperA_corr,none,-,-,-,pbin15-35,rmse,5.596209241257398,40,20,arm4_bstar_o1a,physics
iter05b_arm4_bstar_o1a,0,bstar_2023,HP_Peak,paperA_corr,none,-,-,-,pbin15-35,mae,3.9246399480555043,40,20,arm4_bstar_o1a,physics
iter05b_arm4_bstar_o1a,0,bstar_2023,HP_Peak,paperA_corr,none,-,-,-,pbin15-35,mape,11.377181617966707,40,20,arm4_bstar_o1a,physics
iter05b_arm4_bstar_o1a,0,bstar_2023,HP_Peak,paperA_corr,none,-,-,-,pbin15-35,r2,0.9565471859767658,40,20,arm4_bstar_o1a,physics
iter05b_arm4_bstar_o1a,0,bstar_2023,HP_Peak,paperA_corr,none,-,-,-,pbin15-35,n_pred_nan,0.0,40,20,arm4_bstar_o1a,physics
iter05b_arm4_bstar_o1a,0,bstar_2023,HP_Peak,paperA_corr,none,-,-,-,pbin15-35,mape_n_excluded,0.0,40,20,arm4_bstar_o1a,physics
iter05b_arm4_bstar_o1a,0,bstar_2023,HP_Peak,paperA_corr,none,-,-,-,pbin35-65,wape,10.953753592104896,10,16,arm4_bstar_o1a,physics
iter05b_arm4_bstar_o1a,0,bstar_2023,HP_Peak,paperA_corr,none,-,-,-,pbin35-65,rmse,7.4232759752105695,10,16,arm4_bstar_o1a,physics
iter05b_arm4_bstar_o1a,0,bstar_2023,HP_Peak,paperA_corr,none,-,-,-,pbin35-65,mae,6.8282952691781675,10,16,arm4_bstar_o1a,physics
iter05b_arm4_bstar_o1a,0,bstar_2023,HP_Peak,paperA_corr,none,-,-,-,pbin35-65,mape,12.987804677751747,10,16,arm4_bstar_o1a,physics
iter05b_arm4_bstar_o1a,0,bstar_2023,HP_Peak,paperA_corr,none,-,-,-,pbin35-65,r2,0.8918624224675622,10,16,arm4_bstar_o1a,physics
iter05b_arm4_bstar_o1a,0,bstar_2023,HP_Peak,paperA_corr,none,-,-,-,pbin35-65,n_pred_nan,0.0,10,16,arm4_bstar_o1a,physics
iter05b_arm4_bstar_o1a,0,bstar_2023,HP_Peak,paperA_corr,none,-,-,-,pbin35-65,mape_n_excluded,0.0,10,16,arm4_bstar_o1a,physics
iter05b_arm4_bstar_o1a,0,bstar_2023,HP_Peak,paperA_corr,none,-,-,-,pbin>65,wape,6.090171846873458,10,16,arm4_bstar_o1a,physics
iter05b_arm4_bstar_o1a,0,bstar_2023,HP_Peak,paperA_corr,none,-,-,-,pbin>65,rmse,5.165245894507719,10,16,arm4_bstar_o1a,physics
iter05b_arm4_bstar_o1a,0,bstar_2023,HP_Peak,paperA_corr,none,-,-,-,pbin>65,mae,4.428935404109918,10,16,arm4_bstar_o1a,physics
iter05b_arm4_bstar_o1a,0,bstar_2023,HP_Peak,paperA_corr,none,-,-,-,pbin>65,mape,6.3723055140704945,10,16,arm4_bstar_o1a,physics
iter05b_arm4_bstar_o1a,0,bstar_2023,HP_Peak,paperA_corr,none,-,-,-,pbin>65,r2,0.8188679139012932,10,16,arm4_bstar_o1a,physics
iter05b_arm4_bstar_o1a,0,bstar_2023,HP_Peak,paperA_corr,none,-,-,-,pbin>65,n_pred_nan,0.0,10,16,arm4_bstar_o1a,physics
iter05b_arm4_bstar_o1a,0,bstar_2023,HP_Peak,paperA_corr,none,-,-,-,pbin>65,mape_n_excluded,0.0,10,16,arm4_bstar_o1a,physics
iter05b_arm4_bstar_o1a,0,bstar_2023,HP_Peak,paperA_corr,none,-,-,-,p0.05|n10,wape,23.20730319729133,10,9,arm4_bstar_o1a,physics
iter05b_arm4_bstar_o1a,0,bstar_2023,HP_Peak,paperA_corr,none,-,-,-,p0.05|n10,rmse,1.80159167516539,10,9,arm4_bstar_o1a,physics
iter05b_arm4_bstar_o1a,0,bstar_2023,HP_Peak,paperA_corr,none,-,-,-,p0.05|n10,mae,1.2735893220203707,10,9,arm4_bstar_o1a,physics
iter05b_arm4_bstar_o1a,0,bstar_2023,HP_Peak,paperA_corr,none,-,-,-,p0.05|n10,mape,23.946955999311186,10,9,arm4_bstar_o1a,physics
iter05b_arm4_bstar_o1a,0,bstar_2023,HP_Peak,paperA_corr,none,-,-,-,p0.05|n10,r2,0.2381537849605686,10,9,arm4_bstar_o1a,physics
iter05b_arm4_bstar_o1a,0,bstar_2023,HP_Peak,paperA_corr,none,-,-,-,p0.05|n10,n_pred_nan,0.0,10,9,arm4_bstar_o1a,physics
iter05b_arm4_bstar_o1a,0,bstar_2023,HP_Peak,paperA_corr,none,-,-,-,p0.05|n10,mape_n_excluded,0.0,10,9,arm4_bstar_o1a,physics
iter05b_arm4_bstar_o1a,0,bstar_2023,HP_Peak,paperA_corr,none,-,-,-,p0.05|n20,wape,19.665030288462006,10,7,arm4_bstar_o1a,physics
iter05b_arm4_bstar_o1a,0,bstar_2023,HP_Peak,paperA_corr,none,-,-,-,p0.05|n20,rmse,1.6075973901717489,10,7,arm4_bstar_o1a,physics
iter05b_arm4_bstar_o1a,0,bstar_2023,HP_Peak,paperA_corr,none,-,-,-,p0.05|n20,mae,1.118244946602615,10,7,arm4_bstar_o1a,physics
iter05b_arm4_bstar_o1a,0,bstar_2023,HP_Peak,paperA_corr,none,-,-,-,p0.05|n20,mape,19.968951940000625,10,7,arm4_bstar_o1a,physics
iter05b_arm4_bstar_o1a,0,bstar_2023,HP_Peak,paperA_corr,none,-,-,-,p0.05|n20,r2,0.2571161704625915,10,7,arm4_bstar_o1a,physics
iter05b_arm4_bstar_o1a,0,bstar_2023,HP_Peak,paperA_corr,none,-,-,-,p0.05|n20,n_pred_nan,0.0,10,7,arm4_bstar_o1a,physics
iter05b_arm4_bstar_o1a,0,bstar_2023,HP_Peak,paperA_corr,none,-,-,-,p0.05|n20,mape_n_excluded,0.0,10,7,arm4_bstar_o1a,physics
iter05b_arm4_bstar_o1a,0,bstar_2023,HP_Peak,paperA_corr,none,-,-,-,p0.05|n40,wape,23.63706349151433,10,13,arm4_bstar_o1a,physics
iter05b_arm4_bstar_o1a,0,bstar_2023,HP_Peak,paperA_corr,none,-,-,-,p0.05|n40,rmse,4.775603087005729,10,13,arm4_bstar_o1a,physics
iter05b_arm4_bstar_o1a,0,bstar_2023,HP_Peak,paperA_corr,none,-,-,-,p0.05|n40,mae,3.456149683719403,10,13,arm4_bstar_o1a,physics
iter05b_arm4_bstar_o1a,0,bstar_2023,HP_Peak,paperA_corr,none,-,-,-,p0.05|n40,mape,23.07866346514128,10,13,arm4_bstar_o1a,physics
iter05b_arm4_bstar_o1a,0,bstar_2023,HP_Peak,paperA_corr,none,-,-,-,p0.05|n40,r2,0.3115590348876498,10,13,arm4_bstar_o1a,physics
iter05b_arm4_bstar_o1a,0,bstar_2023,HP_Peak,paperA_corr,none,-,-,-,p0.05|n40,n_pred_nan,0.0,10,13,arm4_bstar_o1a,physics
iter05b_arm4_bstar_o1a,0,bstar_2023,HP_Peak,paperA_corr,none,-,-,-,p0.05|n40,mape_n_excluded,0.0,10,13,arm4_bstar_o1a,physics
iter05b_arm4_bstar_o1a,0,bstar_2023,HP_Peak,paperA_corr,none,-,-,-,p0.05|n80,wape,23.395952586398323,5,12,arm4_bstar_o1a,physics
iter05b_arm4_bstar_o1a,0,bstar_2023,HP_Peak,paperA_corr,none,-,-,-,p0.05|n80,rmse,8.214344093710412,5,12,arm4_bstar_o1a,physics
iter05b_arm4_bstar_o1a,0,bstar_2023,HP_Peak,paperA_corr,none,-,-,-,p0.05|n80,mae,7.923411058278536,5,12,arm4_bstar_o1a,physics
iter05b_arm4_bstar_o1a,0,bstar_2023,HP_Peak,paperA_corr,none,-,-,-,p0.05|n80,mape,23.18662679320051,5,12,arm4_bstar_o1a,physics
iter05b_arm4_bstar_o1a,0,bstar_2023,HP_Peak,paperA_corr,none,-,-,-,p0.05|n80,r2,-2.0550285272974103,5,12,arm4_bstar_o1a,physics
iter05b_arm4_bstar_o1a,0,bstar_2023,HP_Peak,paperA_corr,none,-,-,-,p0.05|n80,n_pred_nan,0.0,5,12,arm4_bstar_o1a,physics
iter05b_arm4_bstar_o1a,0,bstar_2023,HP_Peak,paperA_corr,none,-,-,-,p0.05|n80,mape_n_excluded,0.0,5,12,arm4_bstar_o1a,physics
iter05b_arm4_bstar_o1a,0,bstar_2023,HP_Peak,paperA_corr,none,-,-,-,p0.05|n120,wape,10.491894027587065,5,15,arm4_bstar_o1a,physics
iter05b_arm4_bstar_o1a,0,bstar_2023,HP_Peak,paperA_corr,none,-,-,-,p0.05|n120,rmse,5.152757872320158,5,15,arm4_bstar_o1a,physics
iter05b_arm4_bstar_o1a,0,bstar_2023,HP_Peak,paperA_corr,none,-,-,-,p0.05|n120,mae,4.7633948426155,5,15,arm4_bstar_o1a,physics
iter05b_arm4_bstar_o1a,0,bstar_2023,HP_Peak,paperA_corr,none,-,-,-,p0.05|n120,mape,10.6183060578064,5,15,arm4_bstar_o1a,physics
iter05b_arm4_bstar_o1a,0,bstar_2023,HP_Peak,paperA_corr,none,-,-,-,p0.05|n120,r2,-1.4004913612861793,5,15,arm4_bstar_o1a,physics
iter05b_arm4_bstar_o1a,0,bstar_2023,HP_Peak,paperA_corr,none,-,-,-,p0.05|n120,n_pred_nan,0.0,5,15,arm4_bstar_o1a,physics
iter05b_arm4_bstar_o1a,0,bstar_2023,HP_Peak,paperA_corr,none,-,-,-,p0.05|n120,mape_n_excluded,0.0,5,15,arm4_bstar_o1a,physics
iter05b_arm4_bstar_o1a,0,bstar_2023,HP_Peak,paperA_corr,none,-,-,-,p0.1|n10,wape,27.17574473130921,10,9,arm4_bstar_o1a,physics
iter05b_arm4_bstar_o1a,0,bstar_2023,HP_Peak,paperA_corr,none,-,-,-,p0.1|n10,rmse,3.0228007764059996,10,9,arm4_bstar_o1a,physics
iter05b_arm4_bstar_o1a,0,bstar_2023,HP_Peak,paperA_corr,none,-,-,-,p0.1|n10,mae,2.2017795990515316,10,9,arm4_bstar_o1a,physics
iter05b_arm4_bstar_o1a,0,bstar_2023,HP_Peak,paperA_corr,none,-,-,-,p0.1|n10,mape,26.410992312152658,10,9,arm4_bstar_o1a,physics
iter05b_arm4_bstar_o1a,0,bstar_2023,HP_Peak,paperA_corr,none,-,-,-,p0.1|n10,r2,-0.24714190578589346,10,9,arm4_bstar_o1a,physics
iter05b_arm4_bstar_o1a,0,bstar_2023,HP_Peak,paperA_corr,none,-,-,-,p0.1|n10,n_pred_nan,0.0,10,9,arm4_bstar_o1a,physics
iter05b_arm4_bstar_o1a,0,bstar_2023,HP_Peak,paperA_corr,none,-,-,-,p0.1|n10,mape_n_excluded,0.0,10,9,arm4_bstar_o1a,physics
iter05b_arm4_bstar_o1a,0,bstar_2023,HP_Peak,paperA_corr,none,-,-,-,p0.1|n20,wape,33.480779345616654,10,11,arm4_bstar_o1a,physics
iter05b_arm4_bstar_o1a,0,bstar_2023,HP_Peak,paperA_corr,none,-,-,-,p0.1|n20,rmse,5.7654896831220235,10,11,arm4_bstar_o1a,physics
iter05b_arm4_bstar_o1a,0,bstar_2023,HP_Peak,paperA_corr,none,-,-,-,p0.1|n20,mae,4.596823820203772,10,11,arm4_bstar_o1a,physics
iter05b_arm4_bstar_o1a,0,bstar_2023,HP_Peak,paperA_corr,none,-,-,-,p0.1|n20,mape,31.50397875760007,10,11,arm4_bstar_o1a,physics
iter05b_arm4_bstar_o1a,0,bstar_2023,HP_Peak,paperA_corr,none,-,-,-,p0.1|n20,r2,-0.3662769524629308,10,11,arm4_bstar_o1a,physics
iter05b_arm4_bstar_o1a,0,bstar_2023,HP_Peak,paperA_corr,none,-,-,-,p0.1|n20,n_pred_nan,0.0,10,11,arm4_bstar_o1a,physics
iter05b_arm4_bstar_o1a,0,bstar_2023,HP_Peak,paperA_corr,none,-,-,-,p0.1|n20,mape_n_excluded,0.0,10,11,arm4_bstar_o1a,physics
iter05b_arm4_bstar_o1a,0,bstar_2023,HP_Peak,paperA_corr,none,-,-,-,p0.1|n40,wape,14.66290821180524,5,12,arm4_bstar_o1a,physics
iter05b_arm4_bstar_o1a,0,bstar_2023,HP_Peak,paperA_corr,none,-,-,-,p0.1|n40,rmse,7.394827715759141,5,12,arm4_bstar_o1a,physics
iter05b_arm4_bstar_o1a,0,bstar_2023,HP_Peak,paperA_corr,none,-,-,-,p0.1|n40,mae,6.356691065036261,5,12,arm4_bstar_o1a,physics
iter05b_arm4_bstar_o1a,0,bstar_2023,HP_Peak,paperA_corr,none,-,-,-,p0.1|n40,mape,15.521100581229508,5,12,arm4_bstar_o1a,physics
iter05b_arm4_bstar_o1a,0,bstar_2023,HP_Peak,paperA_corr,none,-,-,-,p0.1|n40,r2,-1.2778565990286186,5,12,arm4_bstar_o1a,physics
iter05b_arm4_bstar_o1a,0,bstar_2023,HP_Peak,paperA_corr,none,-,-,-,p0.1|n40,n_pred_nan,0.0,5,12,arm4_bstar_o1a,physics
iter05b_arm4_bstar_o1a,0,bstar_2023,HP_Peak,paperA_corr,none,-,-,-,p0.1|n40,mape_n_excluded,0.0,5,12,arm4_bstar_o1a,physics
iter05b_arm4_bstar_o1a,0,bstar_2023,HP_Peak,paperA_corr,none,-,-,-,p0.1|n80,wape,4.922005004517846,5,13,arm4_bstar_o1a,physics
iter05b_arm4_bstar_o1a,0,bstar_2023,HP_Peak,paperA_corr,none,-,-,-,p0.1|n80,rmse,3.907800140856253,5,13,arm4_bstar_o1a,physics
iter05b_arm4_bstar_o1a,0,bstar_2023,HP_Peak,paperA_corr,none,-,-,-,p0.1|n80,mae,3.3657362451677186,5,13,arm4_bstar_o1a,physics
iter05b_arm4_bstar_o1a,0,bstar_2023,HP_Peak,paperA_corr,none,-,-,-,p0.1|n80,mape,5.502500438873768,5,13,arm4_bstar_o1a,physics
iter05b_arm4_bstar_o1a,0,bstar_2023,HP_Peak,paperA_corr,none,-,-,-,p0.1|n80,r2,0.8770256165012182,5,13,arm4_bstar_o1a,physics
iter05b_arm4_bstar_o1a,0,bstar_2023,HP_Peak,paperA_corr,none,-,-,-,p0.1|n80,n_pred_nan,0.0,5,13,arm4_bstar_o1a,physics
iter05b_arm4_bstar_o1a,0,bstar_2023,HP_Peak,paperA_corr,none,-,-,-,p0.1|n80,mape_n_excluded,0.0,5,13,arm4_bstar_o1a,physics
iter05b_arm4_bstar_o1a,0,bstar_2023,HP_Peak,paperA_corr,none,-,-,-,p0.1|n120,wape,6.21829259258678,5,16,arm4_bstar_o1a,physics
iter05b_arm4_bstar_o1a,0,bstar_2023,HP_Peak,paperA_corr,none,-,-,-,p0.1|n120,rmse,8.317306583727683,5,16,arm4_bstar_o1a,physics
iter05b_arm4_bstar_o1a,0,bstar_2023,HP_Peak,paperA_corr,none,-,-,-,p0.1|n120,mae,6.3971992877535175,5,16,arm4_bstar_o1a,physics
iter05b_arm4_bstar_o1a,0,bstar_2023,HP_Peak,paperA_corr,none,-,-,-,p0.1|n120,mape,6.459056997827021,5,16,arm4_bstar_o1a,physics
iter05b_arm4_bstar_o1a,0,bstar_2023,HP_Peak,paperA_corr,none,-,-,-,p0.1|n120,r2,-0.6267025576476248,5,16,arm4_bstar_o1a,physics
iter05b_arm4_bstar_o1a,0,bstar_2023,HP_Peak,paperA_corr,none,-,-,-,p0.1|n120,n_pred_nan,0.0,5,16,arm4_bstar_o1a,physics
iter05b_arm4_bstar_o1a,0,bstar_2023,HP_Peak,paperA_corr,none,-,-,-,p0.1|n120,mape_n_excluded,0.0,5,16,arm4_bstar_o1a,physics
iter05b_arm4_bstar_o1a,0,bstar_2023,HP_Peak,paperA_corr,none,-,-,-,p0.2|n10,wape,15.733077254125632,10,12,arm4_bstar_o1a,physics
iter05b_arm4_bstar_o1a,0,bstar_2023,HP_Peak,paperA_corr,none,-,-,-,p0.2|n10,rmse,2.7271336799903465,10,12,arm4_bstar_o1a,physics
iter05b_arm4_bstar_o1a,0,bstar_2023,HP_Peak,paperA_corr,none,-,-,-,p0.2|n10,mae,2.1658424127635056,10,12,arm4_bstar_o1a,physics
iter05b_arm4_bstar_o1a,0,bstar_2023,HP_Peak,paperA_corr,none,-,-,-,p0.2|n10,mape,14.661580761800035,10,12,arm4_bstar_o1a,physics
iter05b_arm4_bstar_o1a,0,bstar_2023,HP_Peak,paperA_corr,none,-,-,-,p0.2|n10,r2,0.11813165403175452,10,12,arm4_bstar_o1a,physics
iter05b_arm4_bstar_o1a,0,bstar_2023,HP_Peak,paperA_corr,none,-,-,-,p0.2|n10,n_pred_nan,0.0,10,12,arm4_bstar_o1a,physics
iter05b_arm4_bstar_o1a,0,bstar_2023,HP_Peak,paperA_corr,none,-,-,-,p0.2|n10,mape_n_excluded,0.0,10,12,arm4_bstar_o1a,physics
iter05b_arm4_bstar_o1a,0,bstar_2023,HP_Peak,paperA_corr,none,-,-,-,p0.2|n20,wape,12.007003462348399,5,9,arm4_bstar_o1a,physics
iter05b_arm4_bstar_o1a,0,bstar_2023,HP_Peak,paperA_corr,none,-,-,-,p0.2|n20,rmse,5.422500559022893,5,9,arm4_bstar_o1a,physics
iter05b_arm4_bstar_o1a,0,bstar_2023,HP_Peak,paperA_corr,none,-,-,-,p0.2|n20,mae,4.276631727940745,5,9,arm4_bstar_o1a,physics
iter05b_arm4_bstar_o1a,0,bstar_2023,HP_Peak,paperA_corr,none,-,-,-,p0.2|n20,mape,12.398996845460939,5,9,arm4_bstar_o1a,physics
iter05b_arm4_bstar_o1a,0,bstar_2023,HP_Peak,paperA_corr,none,-,-,-,p0.2|n20,r2,0.37891247201167666,5,9,arm4_bstar_o1a,physics
iter05b_arm4_bstar_o1a,0,bstar_2023,HP_Peak,paperA_corr,none,-,-,-,p0.2|n20,n_pred_nan,0.0,5,9,arm4_bstar_o1a,physics
iter05b_arm4_bstar_o1a,0,bstar_2023,HP_Peak,paperA_corr,none,-,-,-,p0.2|n20,mape_n_excluded,0.0,5,9,arm4_bstar_o1a,physics
iter05b_arm4_bstar_o1a,0,bstar_2023,HP_Peak,paperA_corr,none,-,-,-,p0.2|n40,wape,6.038488383404224,5,15,arm4_bstar_o1a,physics
iter05b_arm4_bstar_o1a,0,bstar_2023,HP_Peak,paperA_corr,none,-,-,-,p0.2|n40,rmse,6.299178077543346,5,15,arm4_bstar_o1a,physics
iter05b_arm4_bstar_o1a,0,bstar_2023,HP_Peak,paperA_corr,none,-,-,-,p0.2|n40,mae,3.6775627555799346,5,15,arm4_bstar_o1a,physics
iter05b_arm4_bstar_o1a,0,bstar_2023,HP_Peak,paperA_corr,none,-,-,-,p0.2|n40,mape,5.753041786256704,5,15,arm4_bstar_o1a,physics
iter05b_arm4_bstar_o1a,0,bstar_2023,HP_Peak,paperA_corr,none,-,-,-,p0.2|n40,r2,-0.9575167268156304,5,15,arm4_bstar_o1a,physics
iter05b_arm4_bstar_o1a,0,bstar_2023,HP_Peak,paperA_corr,none,-,-,-,p0.2|n40,n_pred_nan,0.0,5,15,arm4_bstar_o1a,physics
iter05b_arm4_bstar_o1a,0,bstar_2023,HP_Peak,paperA_corr,none,-,-,-,p0.2|n40,mape_n_excluded,0.0,5,15,arm4_bstar_o1a,physics
iter05b_arm4_bstar_o1a,0,bstar_2023,HP_Peak,paperA_corr,none,-,-,-,p0.3|n10,wape,11.157284460672157,10,14,arm4_bstar_o1a,physics
iter05b_arm4_bstar_o1a,0,bstar_2023,HP_Peak,paperA_corr,none,-,-,-,p0.3|n10,rmse,2.5269868859876286,10,14,arm4_bstar_o1a,physics
iter05b_arm4_bstar_o1a,0,bstar_2023,HP_Peak,paperA_corr,none,-,-,-,p0.3|n10,mae,2.2617722158551112,10,14,arm4_bstar_o1a,physics
iter05b_arm4_bstar_o1a,0,bstar_2023,HP_Peak,paperA_corr,none,-,-,-,p0.3|n10,mape,11.390179278247299,10,14,arm4_bstar_o1a,physics
iter05b_arm4_bstar_o1a,0,bstar_2023,HP_Peak,paperA_corr,none,-,-,-,p0.3|n10,r2,0.2878848502528307,10,14,arm4_bstar_o1a,physics
iter05b_arm4_bstar_o1a,0,bstar_2023,HP_Peak,paperA_corr,none,-,-,-,p0.3|n10,n_pred_nan,0.0,10,14,arm4_bstar_o1a,physics
iter05b_arm4_bstar_o1a,0,bstar_2023,HP_Peak,paperA_corr,none,-,-,-,p0.3|n10,mape_n_excluded,0.0,10,14,arm4_bstar_o1a,physics
iter05b_arm4_bstar_o1a,0,bstar_2023,HP_Peak,paperA_corr,none,-,-,-,p0.3|n20,wape,11.453737880913126,5,14,arm4_bstar_o1a,physics
iter05b_arm4_bstar_o1a,0,bstar_2023,HP_Peak,paperA_corr,none,-,-,-,p0.3|n20,rmse,8.20760262773817,5,14,arm4_bstar_o1a,physics
iter05b_arm4_bstar_o1a,0,bstar_2023,HP_Peak,paperA_corr,none,-,-,-,p0.3|n20,mae,6.085588740408738,5,14,arm4_bstar_o1a,physics
iter05b_arm4_bstar_o1a,0,bstar_2023,HP_Peak,paperA_corr,none,-,-,-,p0.3|n20,mape,11.63448114212033,5,14,arm4_bstar_o1a,physics
iter05b_arm4_bstar_o1a,0,bstar_2023,HP_Peak,paperA_corr,none,-,-,-,p0.3|n20,r2,-2.222913234083091,5,14,arm4_bstar_o1a,physics
iter05b_arm4_bstar_o1a,0,bstar_2023,HP_Peak,paperA_corr,none,-,-,-,p0.3|n20,n_pred_nan,0.0,5,14,arm4_bstar_o1a,physics
iter05b_arm4_bstar_o1a,0,bstar_2023,HP_Peak,paperA_corr,none,-,-,-,p0.3|n20,mape_n_excluded,0.0,5,14,arm4_bstar_o1a,physics
iter05b_arm4_bstar_o1a,0,bstar_2023,HP_Peak,paperA_corr,none,-,-,-,p0.3|n40,wape,9.116094832968733,5,16,arm4_bstar_o1a,physics
iter05b_arm4_bstar_o1a,0,bstar_2023,HP_Peak,paperA_corr,none,-,-,-,p0.3|n40,rmse,9.297673023635245,5,16,arm4_bstar_o1a,physics
iter05b_arm4_bstar_o1a,0,bstar_2023,HP_Peak,paperA_corr,none,-,-,-,p0.3|n40,mae,8.502107103277378,5,16,arm4_bstar_o1a,physics
iter05b_arm4_bstar_o1a,0,bstar_2023,HP_Peak,paperA_corr,none,-,-,-,p0.3|n40,mape,9.127413089801003,5,16,arm4_bstar_o1a,physics
iter05b_arm4_bstar_o1a,0,bstar_2023,HP_Peak,paperA_corr,none,-,-,-,p0.3|n40,r2,-1.692257472273245,5,16,arm4_bstar_o1a,physics
iter05b_arm4_bstar_o1a,0,bstar_2023,HP_Peak,paperA_corr,none,-,-,-,p0.3|n40,n_pred_nan,0.0,5,16,arm4_bstar_o1a,physics
iter05b_arm4_bstar_o1a,0,bstar_2023,HP_Peak,paperA_corr,none,-,-,-,p0.3|n40,mape_n_excluded,0.0,5,16,arm4_bstar_o1a,physics
iter05b_arm4_bstar_o1a,0,bstar_2023,HP_Peak,paperA_corr,none,-,-,-,p0.5|n10,wape,18.887196645749054,5,12,arm4_bstar_o1a,physics
iter05b_arm4_bstar_o1a,0,bstar_2023,HP_Peak,paperA_corr,none,-,-,-,p0.5|n10,rmse,8.482746375551669,5,12,arm4_bstar_o1a,physics
iter05b_arm4_bstar_o1a,0,bstar_2023,HP_Peak,paperA_corr,none,-,-,-,p0.5|n10,mae,7.804841035661513,5,12,arm4_bstar_o1a,physics
iter05b_arm4_bstar_o1a,0,bstar_2023,HP_Peak,paperA_corr,none,-,-,-,p0.5|n10,mape,19.02405899001142,5,12,arm4_bstar_o1a,physics
iter05b_arm4_bstar_o1a,0,bstar_2023,HP_Peak,paperA_corr,none,-,-,-,p0.5|n10,r2,0.03694108354190595,5,12,arm4_bstar_o1a,physics
iter05b_arm4_bstar_o1a,0,bstar_2023,HP_Peak,paperA_corr,none,-,-,-,p0.5|n10,n_pred_nan,0.0,5,12,arm4_bstar_o1a,physics
iter05b_arm4_bstar_o1a,0,bstar_2023,HP_Peak,paperA_corr,none,-,-,-,p0.5|n10,mape_n_excluded,0.0,5,12,arm4_bstar_o1a,physics
iter05b_arm4_bstar_o1a,0,bstar_2023,HP_Peak,paperA_corr,none,-,-,-,p0.5|n20,wape,7.020565954368613,5,16,arm4_bstar_o1a,physics
iter05b_arm4_bstar_o1a,0,bstar_2023,HP_Peak,paperA_corr,none,-,-,-,p0.5|n20,rmse,6.184906332058866,5,16,arm4_bstar_o1a,physics
iter05b_arm4_bstar_o1a,0,bstar_2023,HP_Peak,paperA_corr,none,-,-,-,p0.5|n20,mae,5.851749502694821,5,16,arm4_bstar_o1a,physics
iter05b_arm4_bstar_o1a,0,bstar_2023,HP_Peak,paperA_corr,none,-,-,-,p0.5|n20,mape,6.951550365492077,5,16,arm4_bstar_o1a,physics
iter05b_arm4_bstar_o1a,0,bstar_2023,HP_Peak,paperA_corr,none,-,-,-,p0.5|n20,r2,0.37564390863793296,5,16,arm4_bstar_o1a,physics
iter05b_arm4_bstar_o1a,0,bstar_2023,HP_Peak,paperA_corr,none,-,-,-,p0.5|n20,n_pred_nan,0.0,5,16,arm4_bstar_o1a,physics
iter05b_arm4_bstar_o1a,0,bstar_2023,HP_Peak,paperA_corr,none,-,-,-,p0.5|n20,mape_n_excluded,0.0,5,16,arm4_bstar_o1a,physics
iter05b_arm4_bstar_o1a,0,bstar_2023,HP_Peak,paperA_corr,none,-,-,-,p0.8|n10,wape,5.344862906050865,5,14,arm4_bstar_o1a,physics
iter05b_arm4_bstar_o1a,0,bstar_2023,HP_Peak,paperA_corr,none,-,-,-,p0.8|n10,rmse,3.86351395584328,5,14,arm4_bstar_o1a,physics
iter05b_arm4_bstar_o1a,0,bstar_2023,HP_Peak,paperA_corr,none,-,-,-,p0.8|n10,mae,3.4727435595671183,5,14,arm4_bstar_o1a,physics
iter05b_arm4_bstar_o1a,0,bstar_2023,HP_Peak,paperA_corr,none,-,-,-,p0.8|n10,mape,5.8984790628506705,5,14,arm4_bstar_o1a,physics
iter05b_arm4_bstar_o1a,0,bstar_2023,HP_Peak,paperA_corr,none,-,-,-,p0.8|n10,r2,0.8744579942594586,5,14,arm4_bstar_o1a,physics
iter05b_arm4_bstar_o1a,0,bstar_2023,HP_Peak,paperA_corr,none,-,-,-,p0.8|n10,n_pred_nan,0.0,5,14,arm4_bstar_o1a,physics
iter05b_arm4_bstar_o1a,0,bstar_2023,HP_Peak,paperA_corr,none,-,-,-,p0.8|n10,mape_n_excluded,0.0,5,14,arm4_bstar_o1a,physics
iter05b_arm4_bstar_o1a,0,bstar_2023,HP_Peak,paperA_corr,none,-,-,-,p1.0|n10,wape,6.691939000798279,5,16,arm4_bstar_o1a,physics
iter05b_arm4_bstar_o1a,0,bstar_2023,HP_Peak,paperA_corr,none,-,-,-,p1.0|n10,rmse,6.199418538416477,5,16,arm4_bstar_o1a,physics
iter05b_arm4_bstar_o1a,0,bstar_2023,HP_Peak,paperA_corr,none,-,-,-,p1.0|n10,mae,5.385127248652718,5,16,arm4_bstar_o1a,physics
iter05b_arm4_bstar_o1a,0,bstar_2023,HP_Peak,paperA_corr,none,-,-,-,p1.0|n10,mape,6.846131965290321,5,16,arm4_bstar_o1a,physics
iter05b_arm4_bstar_o1a,0,bstar_2023,HP_Peak,paperA_corr,none,-,-,-,p1.0|n10,r2,0.30865028770028435,5,16,arm4_bstar_o1a,physics
iter05b_arm4_bstar_o1a,0,bstar_2023,HP_Peak,paperA_corr,none,-,-,-,p1.0|n10,n_pred_nan,0.0,5,16,arm4_bstar_o1a,physics
iter05b_arm4_bstar_o1a,0,bstar_2023,HP_Peak,paperA_corr,none,-,-,-,p1.0|n10,mape_n_excluded,0.0,5,16,arm4_bstar_o1a,physics
iter05b_arm4_bstar_o1a,0,bstar_2023,HP_Peak,paperA_corr_cal,none,-,-,-,all,wape,13.556903624384265,135,20,arm4_bstar_o1a,physics
iter05b_arm4_bstar_o1a,0,bstar_2023,HP_Peak,paperA_corr_cal,none,-,-,-,all,rmse,6.891400628016708,135,20,arm4_bstar_o1a,physics
iter05b_arm4_bstar_o1a,0,bstar_2023,HP_Peak,paperA_corr_cal,none,-,-,-,all,mae,4.871679744399057,135,20,arm4_bstar_o1a,physics
iter05b_arm4_bstar_o1a,0,bstar_2023,HP_Peak,paperA_corr_cal,none,-,-,-,all,mape,16.263160191564456,135,20,arm4_bstar_o1a,physics
iter05b_arm4_bstar_o1a,0,bstar_2023,HP_Peak,paperA_corr_cal,none,-,-,-,all,r2,0.9475111419150595,135,20,arm4_bstar_o1a,physics
iter05b_arm4_bstar_o1a,0,bstar_2023,HP_Peak,paperA_corr_cal,none,-,-,-,all,n_pred_nan,0.0,135,20,arm4_bstar_o1a,physics
iter05b_arm4_bstar_o1a,0,bstar_2023,HP_Peak,paperA_corr_cal,none,-,-,-,all,mape_n_excluded,0.0,135,20,arm4_bstar_o1a,physics
iter05b_arm4_bstar_o1a,0,bstar_2023,HP_Peak,paperA_corr_cal,none,-,-,-,all,n_invalid,0.0,135,20,arm4_bstar_o1a,physics
iter05b_arm4_bstar_o1a,0,bstar_2023,HP_Peak,paperA_corr_cal,none,-,-,-,all,cal_b,-0.12026964313453803,135,20,arm4_bstar_o1a,physics
iter05b_arm4_bstar_o1a,0,bstar_2023,HP_Peak,paperA_corr_cal,none,-,-,-,all,n_cal_train,500.0,135,20,arm4_bstar_o1a,physics
iter05b_arm4_bstar_o1a,0,bstar_2023,HP_Peak,paperA_corr_cal,none,-,-,-,pbin<=15,wape,15.42521410549016,75,20,arm4_bstar_o1a,physics
iter05b_arm4_bstar_o1a,0,bstar_2023,HP_Peak,paperA_corr_cal,none,-,-,-,pbin<=15,rmse,5.866242898615413,75,20,arm4_bstar_o1a,physics
iter05b_arm4_bstar_o1a,0,bstar_2023,HP_Peak,paperA_corr_cal,none,-,-,-,pbin<=15,mae,4.001646598500899,75,20,arm4_bstar_o1a,physics
iter05b_arm4_bstar_o1a,0,bstar_2023,HP_Peak,paperA_corr_cal,none,-,-,-,pbin<=15,mape,19.370284758655234,75,20,arm4_bstar_o1a,physics
iter05b_arm4_bstar_o1a,0,bstar_2023,HP_Peak,paperA_corr_cal,none,-,-,-,pbin<=15,r2,0.9558130216629565,75,20,arm4_bstar_o1a,physics
iter05b_arm4_bstar_o1a,0,bstar_2023,HP_Peak,paperA_corr_cal,none,-,-,-,pbin<=15,n_pred_nan,0.0,75,20,arm4_bstar_o1a,physics
iter05b_arm4_bstar_o1a,0,bstar_2023,HP_Peak,paperA_corr_cal,none,-,-,-,pbin<=15,mape_n_excluded,0.0,75,20,arm4_bstar_o1a,physics
iter05b_arm4_bstar_o1a,0,bstar_2023,HP_Peak,paperA_corr_cal,none,-,-,-,pbin15-35,wape,12.357247802083835,40,20,arm4_bstar_o1a,physics
iter05b_arm4_bstar_o1a,0,bstar_2023,HP_Peak,paperA_corr_cal,none,-,-,-,pbin15-35,rmse,7.178823453720786,40,20,arm4_bstar_o1a,physics
iter05b_arm4_bstar_o1a,0,bstar_2023,HP_Peak,paperA_corr_cal,none,-,-,-,pbin15-35,mae,4.803761292837001,40,20,arm4_bstar_o1a,physics
iter05b_arm4_bstar_o1a,0,bstar_2023,HP_Peak,paperA_corr_cal,none,-,-,-,pbin15-35,mape,11.721989273775591,40,20,arm4_bstar_o1a,physics
iter05b_arm4_bstar_o1a,0,bstar_2023,HP_Peak,paperA_corr_cal,none,-,-,-,pbin15-35,r2,0.9284949747749589,40,20,arm4_bstar_o1a,physics
iter05b_arm4_bstar_o1a,0,bstar_2023,HP_Peak,paperA_corr_cal,none,-,-,-,pbin15-35,n_pred_nan,0.0,40,20,arm4_bstar_o1a,physics
iter05b_arm4_bstar_o1a,0,bstar_2023,HP_Peak,paperA_corr_cal,none,-,-,-,pbin15-35,mape_n_excluded,0.0,40,20,arm4_bstar_o1a,physics
iter05b_arm4_bstar_o1a,0,bstar_2023,HP_Peak,paperA_corr_cal,none,-,-,-,pbin35-65,wape,15.252463809056588,10,16,arm4_bstar_o1a,physics
iter05b_arm4_bstar_o1a,0,bstar_2023,HP_Peak,paperA_corr_cal,none,-,-,-,pbin35-65,rmse,10.495286233407596,10,16,arm4_bstar_o1a,physics
iter05b_arm4_bstar_o1a,0,bstar_2023,HP_Peak,paperA_corr_cal,none,-,-,-,pbin35-65,mae,9.508003406773637,10,16,arm4_bstar_o1a,physics
iter05b_arm4_bstar_o1a,0,bstar_2023,HP_Peak,paperA_corr_cal,none,-,-,-,pbin35-65,mape,17.45581608817071,10,16,arm4_bstar_o1a,physics
iter05b_arm4_bstar_o1a,0,bstar_2023,HP_Peak,paperA_corr_cal,none,-,-,-,pbin35-65,r2,0.7838406638209263,10,16,arm4_bstar_o1a,physics
iter05b_arm4_bstar_o1a,0,bstar_2023,HP_Peak,paperA_corr_cal,none,-,-,-,pbin35-65,n_pred_nan,0.0,10,16,arm4_bstar_o1a,physics
iter05b_arm4_bstar_o1a,0,bstar_2023,HP_Peak,paperA_corr_cal,none,-,-,-,pbin35-65,mape_n_excluded,0.0,10,16,arm4_bstar_o1a,physics
iter05b_arm4_bstar_o1a,0,bstar_2023,HP_Peak,paperA_corr_cal,none,-,-,-,pbin>65,wape,9.669995275570473,10,16,arm4_bstar_o1a,physics
iter05b_arm4_bstar_o1a,0,bstar_2023,HP_Peak,paperA_corr_cal,none,-,-,-,pbin>65,rmse,8.169751182386328,10,16,arm4_bstar_o1a,physics
iter05b_arm4_bstar_o1a,0,bstar_2023,HP_Peak,paperA_corr_cal,none,-,-,-,pbin>65,mae,7.0322784825089,10,16,arm4_bstar_o1a,physics
iter05b_arm4_bstar_o1a,0,bstar_2023,HP_Peak,paperA_corr_cal,none,-,-,-,pbin>65,mape,9.931753712932753,10,16,arm4_bstar_o1a,physics
iter05b_arm4_bstar_o1a,0,bstar_2023,HP_Peak,paperA_corr_cal,none,-,-,-,pbin>65,r2,0.5468614127732416,10,16,arm4_bstar_o1a,physics
iter05b_arm4_bstar_o1a,0,bstar_2023,HP_Peak,paperA_corr_cal,none,-,-,-,pbin>65,n_pred_nan,0.0,10,16,arm4_bstar_o1a,physics
iter05b_arm4_bstar_o1a,0,bstar_2023,HP_Peak,paperA_corr_cal,none,-,-,-,pbin>65,mape_n_excluded,0.0,10,16,arm4_bstar_o1a,physics
iter05b_arm4_bstar_o1a,0,bstar_2023,HP_Peak,paperA_corr_cal,none,-,-,-,p0.05|n10,wape,20.794100251271367,10,9,arm4_bstar_o1a,physics
iter05b_arm4_bstar_o1a,0,bstar_2023,HP_Peak,paperA_corr_cal,none,-,-,-,p0.05|n10,rmse,1.7562206642231295,10,9,arm4_bstar_o1a,physics
iter05b_arm4_bstar_o1a,0,bstar_2023,HP_Peak,paperA_corr_cal,none,-,-,-,p0.05|n10,mae,1.1411556015750821,10,9,arm4_bstar_o1a,physics
iter05b_arm4_bstar_o1a,0,bstar_2023,HP_Peak,paperA_corr_cal,none,-,-,-,p0.05|n10,mape,19.86674459514094,10,9,arm4_bstar_o1a,physics
iter05b_arm4_bstar_o1a,0,bstar_2023,HP_Peak,paperA_corr_cal,none,-,-,-,p0.05|n10,r2,0.2760430407187745,10,9,arm4_bstar_o1a,physics
iter05b_arm4_bstar_o1a,0,bstar_2023,HP_Peak,paperA_corr_cal,none,-,-,-,p0.05|n10,n_pred_nan,0.0,10,9,arm4_bstar_o1a,physics
iter05b_arm4_bstar_o1a,0,bstar_2023,HP_Peak,paperA_corr_cal,none,-,-,-,p0.05|n10,mape_n_excluded,0.0,10,9,arm4_bstar_o1a,physics
iter05b_arm4_bstar_o1a,0,bstar_2023,HP_Peak,paperA_corr_cal,none,-,-,-,p0.05|n20,wape,20.767934431336187,10,7,arm4_bstar_o1a,physics
iter05b_arm4_bstar_o1a,0,bstar_2023,HP_Peak,paperA_corr_cal,none,-,-,-,p0.05|n20,rmse,1.7163366583395334,10,7,arm4_bstar_o1a,physics
iter05b_arm4_bstar_o1a,0,bstar_2023,HP_Peak,paperA_corr_cal,none,-,-,-,p0.05|n20,mae,1.1809611980532808,10,7,arm4_bstar_o1a,physics
iter05b_arm4_bstar_o1a,0,bstar_2023,HP_Peak,paperA_corr_cal,none,-,-,-,p0.05|n20,mape,20.264145768606387,10,7,arm4_bstar_o1a,physics
iter05b_arm4_bstar_o1a,0,bstar_2023,HP_Peak,paperA_corr_cal,none,-,-,-,p0.05|n20,r2,0.15321866411391516,10,7,arm4_bstar_o1a,physics
iter05b_arm4_bstar_o1a,0,bstar_2023,HP_Peak,paperA_corr_cal,none,-,-,-,p0.05|n20,n_pred_nan,0.0,10,7,arm4_bstar_o1a,physics
iter05b_arm4_bstar_o1a,0,bstar_2023,HP_Peak,paperA_corr_cal,none,-,-,-,p0.05|n20,mape_n_excluded,0.0,10,7,arm4_bstar_o1a,physics
iter05b_arm4_bstar_o1a,0,bstar_2023,HP_Peak,paperA_corr_cal,none,-,-,-,p0.05|n40,wape,16.79596916558484,10,13,arm4_bstar_o1a,physics
iter05b_arm4_bstar_o1a,0,bstar_2023,HP_Peak,paperA_corr_cal,none,-,-,-,p0.05|n40,rmse,4.555721469391757,10,13,arm4_bstar_o1a,physics
iter05b_arm4_bstar_o1a,0,bstar_2023,HP_Peak,paperA_corr_cal,none,-,-,-,p0.05|n40,mae,2.4558627403203674,10,13,arm4_bstar_o1a,physics
iter05b_arm4_bstar_o1a,0,bstar_2023,HP_Peak,paperA_corr_cal,none,-,-,-,p0.05|n40,mape,15.443414367323799,10,13,arm4_bstar_o1a,physics
iter05b_arm4_bstar_o1a,0,bstar_2023,HP_Peak,paperA_corr_cal,none,-,-,-,p0.05|n40,r2,0.3734949379997372,10,13,arm4_bstar_o1a,physics
iter05b_arm4_bstar_o1a,0,bstar_2023,HP_Peak,paperA_corr_cal,none,-,-,-,p0.05|n40,n_pred_nan,0.0,10,13,arm4_bstar_o1a,physics
iter05b_arm4_bstar_o1a,0,bstar_2023,HP_Peak,paperA_corr_cal,none,-,-,-,p0.05|n40,mape_n_excluded,0.0,10,13,arm4_bstar_o1a,physics
iter05b_arm4_bstar_o1a,0,bstar_2023,HP_Peak,paperA_corr_cal,none,-,-,-,p0.05|n80,wape,27.35624199077066,5,12,arm4_bstar_o1a,physics
iter05b_arm4_bstar_o1a,0,bstar_2023,HP_Peak,paperA_corr_cal,none,-,-,-,p0.05|n80,rmse,9.574322168461643,5,12,arm4_bstar_o1a,physics
iter05b_arm4_bstar_o1a,0,bstar_2023,HP_Peak,paperA_corr_cal,none,-,-,-,p0.05|n80,mae,9.264625986147292,5,12,arm4_bstar_o1a,physics
iter05b_arm4_bstar_o1a,0,bstar_2023,HP_Peak,paperA_corr_cal,none,-,-,-,p0.05|n80,mape,27.358269763606035,5,12,arm4_bstar_o1a,physics
iter05b_arm4_bstar_o1a,0,bstar_2023,HP_Peak,paperA_corr_cal,none,-,-,-,p0.05|n80,r2,-3.150358020113649,5,12,arm4_bstar_o1a,physics
iter05b_arm4_bstar_o1a,0,bstar_2023,HP_Peak,paperA_corr_cal,none,-,-,-,p0.05|n80,n_pred_nan,0.0,5,12,arm4_bstar_o1a,physics
iter05b_arm4_bstar_o1a,0,bstar_2023,HP_Peak,paperA_corr_cal,none,-,-,-,p0.05|n80,mape_n_excluded,0.0,5,12,arm4_bstar_o1a,physics
iter05b_arm4_bstar_o1a,0,bstar_2023,HP_Peak,paperA_corr_cal,none,-,-,-,p0.05|n120,wape,13.038948440556563,5,15,arm4_bstar_o1a,physics
iter05b_arm4_bstar_o1a,0,bstar_2023,HP_Peak,paperA_corr_cal,none,-,-,-,p0.05|n120,rmse,7.446047543391807,5,15,arm4_bstar_o1a,physics
iter05b_arm4_bstar_o1a,0,bstar_2023,HP_Peak,paperA_corr_cal,none,-,-,-,p0.05|n120,mae,5.91977574226039,5,15,arm4_bstar_o1a,physics
iter05b_arm4_bstar_o1a,0,bstar_2023,HP_Peak,paperA_corr_cal,none,-,-,-,p0.05|n120,mape,13.049727430404193,5,15,arm4_bstar_o1a,physics
iter05b_arm4_bstar_o1a,0,bstar_2023,HP_Peak,paperA_corr_cal,none,-,-,-,p0.05|n120,r2,-4.012706607570404,5,15,arm4_bstar_o1a,physics
iter05b_arm4_bstar_o1a,0,bstar_2023,HP_Peak,paperA_corr_cal,none,-,-,-,p0.05|n120,n_pred_nan,0.0,5,15,arm4_bstar_o1a,physics
iter05b_arm4_bstar_o1a,0,bstar_2023,HP_Peak,paperA_corr_cal,none,-,-,-,p0.05|n120,mape_n_excluded,0.0,5,15,arm4_bstar_o1a,physics
iter05b_arm4_bstar_o1a,0,bstar_2023,HP_Peak,paperA_corr_cal,none,-,-,-,p0.1|n10,wape,28.654109191720572,10,9,arm4_bstar_o1a,physics
iter05b_arm4_bstar_o1a,0,bstar_2023,HP_Peak,paperA_corr_cal,none,-,-,-,p0.1|n10,rmse,3.019469917795105,10,9,arm4_bstar_o1a,physics
iter05b_arm4_bstar_o1a,0,bstar_2023,HP_Peak,paperA_corr_cal,none,-,-,-,p0.1|n10,mae,2.3215567290282655,10,9,arm4_bstar_o1a,physics
iter05b_arm4_bstar_o1a,0,bstar_2023,HP_Peak,paperA_corr_cal,none,-,-,-,p0.1|n10,mape,26.326290410259258,10,9,arm4_bstar_o1a,physics
iter05b_arm4_bstar_o1a,0,bstar_2023,HP_Peak,paperA_corr_cal,none,-,-,-,p0.1|n10,r2,-0.24439494032992126,10,9,arm4_bstar_o1a,physics
iter05b_arm4_bstar_o1a,0,bstar_2023,HP_Peak,paperA_corr_cal,none,-,-,-,p0.1|n10,n_pred_nan,0.0,10,9,arm4_bstar_o1a,physics
iter05b_arm4_bstar_o1a,0,bstar_2023,HP_Peak,paperA_corr_cal,none,-,-,-,p0.1|n10,mape_n_excluded,0.0,10,9,arm4_bstar_o1a,physics
iter05b_arm4_bstar_o1a,0,bstar_2023,HP_Peak,paperA_corr_cal,none,-,-,-,p0.1|n20,wape,28.476592539825873,10,11,arm4_bstar_o1a,physics
iter05b_arm4_bstar_o1a,0,bstar_2023,HP_Peak,paperA_corr_cal,none,-,-,-,p0.1|n20,rmse,5.397113203475096,10,11,arm4_bstar_o1a,physics
iter05b_arm4_bstar_o1a,0,bstar_2023,HP_Peak,paperA_corr_cal,none,-,-,-,p0.1|n20,mae,3.909762002671138,10,11,arm4_bstar_o1a,physics
iter05b_arm4_bstar_o1a,0,bstar_2023,HP_Peak,paperA_corr_cal,none,-,-,-,p0.1|n20,mape,25.899645065928283,10,11,arm4_bstar_o1a,physics
iter05b_arm4_bstar_o1a,0,bstar_2023,HP_Peak,paperA_corr_cal,none,-,-,-,p0.1|n20,r2,-0.19726255099468815,10,11,arm4_bstar_o1a,physics
iter05b_arm4_bstar_o1a,0,bstar_2023,HP_Peak,paperA_corr_cal,none,-,-,-,p0.1|n20,n_pred_nan,0.0,10,11,arm4_bstar_o1a,physics
iter05b_arm4_bstar_o1a,0,bstar_2023,HP_Peak,paperA_corr_cal,none,-,-,-,p0.1|n20,mape_n_excluded,0.0,10,11,arm4_bstar_o1a,physics
iter05b_arm4_bstar_o1a,0,bstar_2023,HP_Peak,paperA_corr_cal,none,-,-,-,p0.1|n40,wape,12.913857403373004,5,12,arm4_bstar_o1a,physics
iter05b_arm4_bstar_o1a,0,bstar_2023,HP_Peak,paperA_corr_cal,none,-,-,-,p0.1|n40,rmse,7.031514844159641,5,12,arm4_bstar_o1a,physics
iter05b_arm4_bstar_o1a,0,bstar_2023,HP_Peak,paperA_corr_cal,none,-,-,-,p0.1|n40,mae,5.598439326318816,5,12,arm4_bstar_o1a,physics
iter05b_arm4_bstar_o1a,0,bstar_2023,HP_Peak,paperA_corr_cal,none,-,-,-,p0.1|n40,mape,13.742897996906855,5,12,arm4_bstar_o1a,physics
iter05b_arm4_bstar_o1a,0,bstar_2023,HP_Peak,paperA_corr_cal,none,-,-,-,p0.1|n40,r2,-1.0595296809371613,5,12,arm4_bstar_o1a,physics
iter05b_arm4_bstar_o1a,0,bstar_2023,HP_Peak,paperA_corr_cal,none,-,-,-,p0.1|n40,n_pred_nan,0.0,5,12,arm4_bstar_o1a,physics
iter05b_arm4_bstar_o1a,0,bstar_2023,HP_Peak,paperA_corr_cal,none,-,-,-,p0.1|n40,mape_n_excluded,0.0,5,12,arm4_bstar_o1a,physics
iter05b_arm4_bstar_o1a,0,bstar_2023,HP_Peak,paperA_corr_cal,none,-,-,-,p0.1|n80,wape,11.743178743603785,5,13,arm4_bstar_o1a,physics
iter05b_arm4_bstar_o1a,0,bstar_2023,HP_Peak,paperA_corr_cal,none,-,-,-,p0.1|n80,rmse,8.64993843557901,5,13,arm4_bstar_o1a,physics
iter05b_arm4_bstar_o1a,0,bstar_2023,HP_Peak,paperA_corr_cal,none,-,-,-,p0.1|n80,mae,8.030150780942195,5,13,arm4_bstar_o1a,physics
iter05b_arm4_bstar_o1a,0,bstar_2023,HP_Peak,paperA_corr_cal,none,-,-,-,p0.1|n80,mape,12.159164797811924,5,13,arm4_bstar_o1a,physics
iter05b_arm4_bstar_o1a,0,bstar_2023,HP_Peak,paperA_corr_cal,none,-,-,-,p0.1|n80,r2,0.3974737137479393,5,13,arm4_bstar_o1a,physics
iter05b_arm4_bstar_o1a,0,bstar_2023,HP_Peak,paperA_corr_cal,none,-,-,-,p0.1|n80,n_pred_nan,0.0,5,13,arm4_bstar_o1a,physics
iter05b_arm4_bstar_o1a,0,bstar_2023,HP_Peak,paperA_corr_cal,none,-,-,-,p0.1|n80,mape_n_excluded,0.0,5,13,arm4_bstar_o1a,physics
iter05b_arm4_bstar_o1a,0,bstar_2023,HP_Peak,paperA_corr_cal,none,-,-,-,p0.1|n120,wape,8.936012302636867,5,16,arm4_bstar_o1a,physics
iter05b_arm4_bstar_o1a,0,bstar_2023,HP_Peak,paperA_corr_cal,none,-,-,-,p0.1|n120,rmse,10.712407801213152,5,16,arm4_bstar_o1a,physics
iter05b_arm4_bstar_o1a,0,bstar_2023,HP_Peak,paperA_corr_cal,none,-,-,-,p0.1|n120,mae,9.193110598548511,5,16,arm4_bstar_o1a,physics
iter05b_arm4_bstar_o1a,0,bstar_2023,HP_Peak,paperA_corr_cal,none,-,-,-,p0.1|n120,mape,8.643730976582212,5,16,arm4_bstar_o1a,physics
iter05b_arm4_bstar_o1a,0,bstar_2023,HP_Peak,paperA_corr_cal,none,-,-,-,p0.1|n120,r2,-1.6984658303523745,5,16,arm4_bstar_o1a,physics
iter05b_arm4_bstar_o1a,0,bstar_2023,HP_Peak,paperA_corr_cal,none,-,-,-,p0.1|n120,n_pred_nan,0.0,5,16,arm4_bstar_o1a,physics
iter05b_arm4_bstar_o1a,0,bstar_2023,HP_Peak,paperA_corr_cal,none,-,-,-,p0.1|n120,mape_n_excluded,0.0,5,16,arm4_bstar_o1a,physics
iter05b_arm4_bstar_o1a,0,bstar_2023,HP_Peak,paperA_corr_cal,none,-,-,-,p0.2|n10,wape,16.868936055459553,10,12,arm4_bstar_o1a,physics
iter05b_arm4_bstar_o1a,0,bstar_2023,HP_Peak,paperA_corr_cal,none,-,-,-,p0.2|n10,rmse,3.4194300892873786,10,12,arm4_bstar_o1a,physics
iter05b_arm4_bstar_o1a,0,bstar_2023,HP_Peak,paperA_corr_cal,none,-,-,-,p0.2|n10,mae,2.3222066844888367,10,12,arm4_bstar_o1a,physics
iter05b_arm4_bstar_o1a,0,bstar_2023,HP_Peak,paperA_corr_cal,none,-,-,-,p0.2|n10,mape,15.332010933424378,10,12,arm4_bstar_o1a,physics
iter05b_arm4_bstar_o1a,0,bstar_2023,HP_Peak,paperA_corr_cal,none,-,-,-,p0.2|n10,r2,-0.3864313121858318,10,12,arm4_bstar_o1a,physics
iter05b_arm4_bstar_o1a,0,bstar_2023,HP_Peak,paperA_corr_cal,none,-,-,-,p0.2|n10,n_pred_nan,0.0,10,12,arm4_bstar_o1a,physics
iter05b_arm4_bstar_o1a,0,bstar_2023,HP_Peak,paperA_corr_cal,none,-,-,-,p0.2|n10,mape_n_excluded,0.0,10,12,arm4_bstar_o1a,physics
iter05b_arm4_bstar_o1a,0,bstar_2023,HP_Peak,paperA_corr_cal,none,-,-,-,p0.2|n20,wape,8.852393400486799,5,9,arm4_bstar_o1a,physics
iter05b_arm4_bstar_o1a,0,bstar_2023,HP_Peak,paperA_corr_cal,none,-,-,-,p0.2|n20,rmse,3.426397619853122,5,9,arm4_bstar_o1a,physics
iter05b_arm4_bstar_o1a,0,bstar_2023,HP_Peak,paperA_corr_cal,none,-,-,-,p0.2|n20,mae,3.153028697247543,5,9,arm4_bstar_o1a,physics
iter05b_arm4_bstar_o1a,0,bstar_2023,HP_Peak,paperA_corr_cal,none,-,-,-,p0.2|n20,mape,8.727585190807293,5,9,arm4_bstar_o1a,physics
iter05b_arm4_bstar_o1a,0,bstar_2023,HP_Peak,paperA_corr_cal,none,-,-,-,p0.2|n20,r2,0.7520128846560639,5,9,arm4_bstar_o1a,physics
iter05b_arm4_bstar_o1a,0,bstar_2023,HP_Peak,paperA_corr_cal,none,-,-,-,p0.2|n20,n_pred_nan,0.0,5,9,arm4_bstar_o1a,physics
iter05b_arm4_bstar_o1a,0,bstar_2023,HP_Peak,paperA_corr_cal,none,-,-,-,p0.2|n20,mape_n_excluded,0.0,5,9,arm4_bstar_o1a,physics
iter05b_arm4_bstar_o1a,0,bstar_2023,HP_Peak,paperA_corr_cal,none,-,-,-,p0.2|n40,wape,15.99433563020465,5,15,arm4_bstar_o1a,physics
iter05b_arm4_bstar_o1a,0,bstar_2023,HP_Peak,paperA_corr_cal,none,-,-,-,p0.2|n40,rmse,10.994510171292207,5,15,arm4_bstar_o1a,physics
iter05b_arm4_bstar_o1a,0,bstar_2023,HP_Peak,paperA_corr_cal,none,-,-,-,p0.2|n40,mae,9.740877067105595,5,15,arm4_bstar_o1a,physics
iter05b_arm4_bstar_o1a,0,bstar_2023,HP_Peak,paperA_corr_cal,none,-,-,-,p0.2|n40,mape,15.70989270100176,5,15,arm4_bstar_o1a,physics
iter05b_arm4_bstar_o1a,0,bstar_2023,HP_Peak,paperA_corr_cal,none,-,-,-,p0.2|n40,r2,-4.963338752440258,5,15,arm4_bstar_o1a,physics
iter05b_arm4_bstar_o1a,0,bstar_2023,HP_Peak,paperA_corr_cal,none,-,-,-,p0.2|n40,n_pred_nan,0.0,5,15,arm4_bstar_o1a,physics
iter05b_arm4_bstar_o1a,0,bstar_2023,HP_Peak,paperA_corr_cal,none,-,-,-,p0.2|n40,mape_n_excluded,0.0,5,15,arm4_bstar_o1a,physics
iter05b_arm4_bstar_o1a,0,bstar_2023,HP_Peak,paperA_corr_cal,none,-,-,-,p0.3|n10,wape,5.038080211168972,10,14,arm4_bstar_o1a,physics
iter05b_arm4_bstar_o1a,0,bstar_2023,HP_Peak,paperA_corr_cal,none,-,-,-,p0.3|n10,rmse,1.3343015219432253,10,14,arm4_bstar_o1a,physics
iter05b_arm4_bstar_o1a,0,bstar_2023,HP_Peak,paperA_corr_cal,none,-,-,-,p0.3|n10,mae,1.0213049495185995,10,14,arm4_bstar_o1a,physics
iter05b_arm4_bstar_o1a,0,bstar_2023,HP_Peak,paperA_corr_cal,none,-,-,-,p0.3|n10,mape,4.682470203739817,10,14,arm4_bstar_o1a,physics
iter05b_arm4_bstar_o1a,0,bstar_2023,HP_Peak,paperA_corr_cal,none,-,-,-,p0.3|n10,r2,0.8014580825967812,10,14,arm4_bstar_o1a,physics
iter05b_arm4_bstar_o1a,0,bstar_2023,HP_Peak,paperA_corr_cal,none,-,-,-,p0.3|n10,n_pred_nan,0.0,10,14,arm4_bstar_o1a,physics
iter05b_arm4_bstar_o1a,0,bstar_2023,HP_Peak,paperA_corr_cal,none,-,-,-,p0.3|n10,mape_n_excluded,0.0,10,14,arm4_bstar_o1a,physics
iter05b_arm4_bstar_o1a,0,bstar_2023,HP_Peak,paperA_corr_cal,none,-,-,-,p0.3|n20,wape,20.92563053998954,5,14,arm4_bstar_o1a,physics
iter05b_arm4_bstar_o1a,0,bstar_2023,HP_Peak,paperA_corr_cal,none,-,-,-,p0.3|n20,rmse,12.260748086232569,5,14,arm4_bstar_o1a,physics
iter05b_arm4_bstar_o1a,0,bstar_2023,HP_Peak,paperA_corr_cal,none,-,-,-,p0.3|n20,mae,11.118185427686885,5,14,arm4_bstar_o1a,physics
iter05b_arm4_bstar_o1a,0,bstar_2023,HP_Peak,paperA_corr_cal,none,-,-,-,p0.3|n20,mape,21.072683716671175,5,14,arm4_bstar_o1a,physics
iter05b_arm4_bstar_o1a,0,bstar_2023,HP_Peak,paperA_corr_cal,none,-,-,-,p0.3|n20,r2,-6.192003809833298,5,14,arm4_bstar_o1a,physics
iter05b_arm4_bstar_o1a,0,bstar_2023,HP_Peak,paperA_corr_cal,none,-,-,-,p0.3|n20,n_pred_nan,0.0,5,14,arm4_bstar_o1a,physics
iter05b_arm4_bstar_o1a,0,bstar_2023,HP_Peak,paperA_corr_cal,none,-,-,-,p0.3|n20,mape_n_excluded,0.0,5,14,arm4_bstar_o1a,physics
iter05b_arm4_bstar_o1a,0,bstar_2023,HP_Peak,paperA_corr_cal,none,-,-,-,p0.3|n40,wape,8.289275639727402,5,16,arm4_bstar_o1a,physics
iter05b_arm4_bstar_o1a,0,bstar_2023,HP_Peak,paperA_corr_cal,none,-,-,-,p0.3|n40,rmse,10.118938969750074,5,16,arm4_bstar_o1a,physics
iter05b_arm4_bstar_o1a,0,bstar_2023,HP_Peak,paperA_corr_cal,none,-,-,-,p0.3|n40,mae,7.730975882641107,5,16,arm4_bstar_o1a,physics
iter05b_arm4_bstar_o1a,0,bstar_2023,HP_Peak,paperA_corr_cal,none,-,-,-,p0.3|n40,mape,8.236790307396118,5,16,arm4_bstar_o1a,physics
iter05b_arm4_bstar_o1a,0,bstar_2023,HP_Peak,paperA_corr_cal,none,-,-,-,p0.3|n40,r2,-2.1888787467861586,5,16,arm4_bstar_o1a,physics
iter05b_arm4_bstar_o1a,0,bstar_2023,HP_Peak,paperA_corr_cal,none,-,-,-,p0.3|n40,n_pred_nan,0.0,5,16,arm4_bstar_o1a,physics
iter05b_arm4_bstar_o1a,0,bstar_2023,HP_Peak,paperA_corr_cal,none,-,-,-,p0.3|n40,mape_n_excluded,0.0,5,16,arm4_bstar_o1a,physics
iter05b_arm4_bstar_o1a,0,bstar_2023,HP_Peak,paperA_corr_cal,none,-,-,-,p0.5|n10,wape,23.315950736053704,5,12,arm4_bstar_o1a,physics
iter05b_arm4_bstar_o1a,0,bstar_2023,HP_Peak,paperA_corr_cal,none,-,-,-,p0.5|n10,rmse,10.014953402855499,5,12,arm4_bstar_o1a,physics
iter05b_arm4_bstar_o1a,0,bstar_2023,HP_Peak,paperA_corr_cal,none,-,-,-,p0.5|n10,mae,9.634954964646482,5,12,arm4_bstar_o1a,physics
iter05b_arm4_bstar_o1a,0,bstar_2023,HP_Peak,paperA_corr_cal,none,-,-,-,p0.5|n10,mape,23.667398661978726,5,12,arm4_bstar_o1a,physics
iter05b_arm4_bstar_o1a,0,bstar_2023,HP_Peak,paperA_corr_cal,none,-,-,-,p0.5|n10,r2,-0.3423870623534151,5,12,arm4_bstar_o1a,physics
iter05b_arm4_bstar_o1a,0,bstar_2023,HP_Peak,paperA_corr_cal,none,-,-,-,p0.5|n10,n_pred_nan,0.0,5,12,arm4_bstar_o1a,physics
iter05b_arm4_bstar_o1a,0,bstar_2023,HP_Peak,paperA_corr_cal,none,-,-,-,p0.5|n10,mape_n_excluded,0.0,5,12,arm4_bstar_o1a,physics
iter05b_arm4_bstar_o1a,0,bstar_2023,HP_Peak,paperA_corr_cal,none,-,-,-,p0.5|n20,wape,11.254803917397687,5,16,arm4_bstar_o1a,physics
iter05b_arm4_bstar_o1a,0,bstar_2023,HP_Peak,paperA_corr_cal,none,-,-,-,p0.5|n20,rmse,10.95457779108547,5,16,arm4_bstar_o1a,physics
iter05b_arm4_bstar_o1a,0,bstar_2023,HP_Peak,paperA_corr_cal,none,-,-,-,p0.5|n20,mae,9.381051848900794,5,16,arm4_bstar_o1a,physics
iter05b_arm4_bstar_o1a,0,bstar_2023,HP_Peak,paperA_corr_cal,none,-,-,-,p0.5|n20,mape,11.244233514362694,5,16,arm4_bstar_o1a,physics
iter05b_arm4_bstar_o1a,0,bstar_2023,HP_Peak,paperA_corr_cal,none,-,-,-,p0.5|n20,r2,-0.9586524811157351,5,16,arm4_bstar_o1a,physics
iter05b_arm4_bstar_o1a,0,bstar_2023,HP_Peak,paperA_corr_cal,none,-,-,-,p0.5|n20,n_pred_nan,0.0,5,16,arm4_bstar_o1a,physics
iter05b_arm4_bstar_o1a,0,bstar_2023,HP_Peak,paperA_corr_cal,none,-,-,-,p0.5|n20,mape_n_excluded,0.0,5,16,arm4_bstar_o1a,physics
iter05b_arm4_bstar_o1a,0,bstar_2023,HP_Peak,paperA_corr_cal,none,-,-,-,p0.8|n10,wape,10.211965861970668,5,14,arm4_bstar_o1a,physics
iter05b_arm4_bstar_o1a,0,bstar_2023,HP_Peak,paperA_corr_cal,none,-,-,-,p0.8|n10,rmse,7.545665338549149,5,14,arm4_bstar_o1a,physics
iter05b_arm4_bstar_o1a,0,bstar_2023,HP_Peak,paperA_corr_cal,none,-,-,-,p0.8|n10,mae,6.635069842021581,5,14,arm4_bstar_o1a,physics
iter05b_arm4_bstar_o1a,0,bstar_2023,HP_Peak,paperA_corr_cal,none,-,-,-,p0.8|n10,mape,10.130138696147096,5,14,arm4_bstar_o1a,physics
iter05b_arm4_bstar_o1a,0,bstar_2023,HP_Peak,paperA_corr_cal,none,-,-,-,p0.8|n10,r2,0.5211283006329536,5,14,arm4_bstar_o1a,physics
iter05b_arm4_bstar_o1a,0,bstar_2023,HP_Peak,paperA_corr_cal,none,-,-,-,p0.8|n10,n_pred_nan,0.0,5,14,arm4_bstar_o1a,physics
iter05b_arm4_bstar_o1a,0,bstar_2023,HP_Peak,paperA_corr_cal,none,-,-,-,p0.8|n10,mape_n_excluded,0.0,5,14,arm4_bstar_o1a,physics
iter05b_arm4_bstar_o1a,0,bstar_2023,HP_Peak,paperA_corr_cal,none,-,-,-,p1.0|n10,wape,9.232404795401195,5,16,arm4_bstar_o1a,physics
iter05b_arm4_bstar_o1a,0,bstar_2023,HP_Peak,paperA_corr_cal,none,-,-,-,p1.0|n10,rmse,8.749434459599293,5,16,arm4_bstar_o1a,physics
iter05b_arm4_bstar_o1a,0,bstar_2023,HP_Peak,paperA_corr_cal,none,-,-,-,p1.0|n10,mae,7.4294871229962185,5,16,arm4_bstar_o1a,physics
iter05b_arm4_bstar_o1a,0,bstar_2023,HP_Peak,paperA_corr_cal,none,-,-,-,p1.0|n10,mape,9.733368729718412,5,16,arm4_bstar_o1a,physics
iter05b_arm4_bstar_o1a,0,bstar_2023,HP_Peak,paperA_corr_cal,none,-,-,-,p1.0|n10,r2,-0.37706942471138305,5,16,arm4_bstar_o1a,physics
iter05b_arm4_bstar_o1a,0,bstar_2023,HP_Peak,paperA_corr_cal,none,-,-,-,p1.0|n10,n_pred_nan,0.0,5,16,arm4_bstar_o1a,physics
iter05b_arm4_bstar_o1a,0,bstar_2023,HP_Peak,paperA_corr_cal,none,-,-,-,p1.0|n10,mape_n_excluded,0.0,5,16,arm4_bstar_o1a,physics
iter05b_arm4_bstar_o1a,0,bstar_2023,HP_Peak,paperA_corr_own,none,-,-,-,all,wape,14.729889782836525,135,20,arm4_bstar_o1a,physics
iter05b_arm4_bstar_o1a,0,bstar_2023,HP_Peak,paperA_corr_own,none,-,-,-,all,rmse,7.461853787304048,135,20,arm4_bstar_o1a,physics
iter05b_arm4_bstar_o1a,0,bstar_2023,HP_Peak,paperA_corr_own,none,-,-,-,all,mae,5.293192876521207,135,20,arm4_bstar_o1a,physics
iter05b_arm4_bstar_o1a,0,bstar_2023,HP_Peak,paperA_corr_own,none,-,-,-,all,mape,16.98917798459144,135,20,arm4_bstar_o1a,physics
iter05b_arm4_bstar_o1a,0,bstar_2023,HP_Peak,paperA_corr_own,none,-,-,-,all,r2,0.9384616853276153,135,20,arm4_bstar_o1a,physics
iter05b_arm4_bstar_o1a,0,bstar_2023,HP_Peak,paperA_corr_own,none,-,-,-,all,n_pred_nan,0.0,135,20,arm4_bstar_o1a,physics
iter05b_arm4_bstar_o1a,0,bstar_2023,HP_Peak,paperA_corr_own,none,-,-,-,all,mape_n_excluded,0.0,135,20,arm4_bstar_o1a,physics
iter05b_arm4_bstar_o1a,0,bstar_2023,HP_Peak,paperA_corr_own,none,-,-,-,all,n_invalid,0.0,135,20,arm4_bstar_o1a,physics
iter05b_arm4_bstar_o1a,0,bstar_2023,HP_Peak,paperA_corr_own,none,-,-,-,all,n_station_fallback,0.0,135,20,arm4_bstar_o1a,physics
iter05b_arm4_bstar_o1a,0,bstar_2023,HP_Peak,paperA_corr_own,none,-,-,-,pbin<=15,wape,16.441281445893498,75,20,arm4_bstar_o1a,physics
iter05b_arm4_bstar_o1a,0,bstar_2023,HP_Peak,paperA_corr_own,none,-,-,-,pbin<=15,rmse,6.281052439272037,75,20,arm4_bstar_o1a,physics
iter05b_arm4_bstar_o1a,0,bstar_2023,HP_Peak,paperA_corr_own,none,-,-,-,pbin<=15,mae,4.2652372617336205,75,20,arm4_bstar_o1a,physics
iter05b_arm4_bstar_o1a,0,bstar_2023,HP_Peak,paperA_corr_own,none,-,-,-,pbin<=15,mape,19.850469678005542,75,20,arm4_bstar_o1a,physics
iter05b_arm4_bstar_o1a,0,bstar_2023,HP_Peak,paperA_corr_own,none,-,-,-,pbin<=15,r2,0.9493430474714009,75,20,arm4_bstar_o1a,physics
iter05b_arm4_bstar_o1a,0,bstar_2023,HP_Peak,paperA_corr_own,none,-,-,-,pbin<=15,n_pred_nan,0.0,75,20,arm4_bstar_o1a,physics
iter05b_arm4_bstar_o1a,0,bstar_2023,HP_Peak,paperA_corr_own,none,-,-,-,pbin<=15,mape_n_excluded,0.0,75,20,arm4_bstar_o1a,physics
iter05b_arm4_bstar_o1a,0,bstar_2023,HP_Peak,paperA_corr_own,none,-,-,-,pbin15-35,wape,13.320957732747829,40,20,arm4_bstar_o1a,physics
iter05b_arm4_bstar_o1a,0,bstar_2023,HP_Peak,paperA_corr_own,none,-,-,-,pbin15-35,rmse,7.750874308250738,40,20,arm4_bstar_o1a,physics
iter05b_arm4_bstar_o1a,0,bstar_2023,HP_Peak,paperA_corr_own,none,-,-,-,pbin15-35,mae,5.178394264239068,40,20,arm4_bstar_o1a,physics
iter05b_arm4_bstar_o1a,0,bstar_2023,HP_Peak,paperA_corr_own,none,-,-,-,pbin15-35,mape,12.502550184636915,40,20,arm4_bstar_o1a,physics
iter05b_arm4_bstar_o1a,0,bstar_2023,HP_Peak,paperA_corr_own,none,-,-,-,pbin15-35,r2,0.9166450478340123,40,20,arm4_bstar_o1a,physics
iter05b_arm4_bstar_o1a,0,bstar_2023,HP_Peak,paperA_corr_own,none,-,-,-,pbin15-35,n_pred_nan,0.0,40,20,arm4_bstar_o1a,physics
iter05b_arm4_bstar_o1a,0,bstar_2023,HP_Peak,paperA_corr_own,none,-,-,-,pbin15-35,mape_n_excluded,0.0,40,20,arm4_bstar_o1a,physics
iter05b_arm4_bstar_o1a,0,bstar_2023,HP_Peak,paperA_corr_own,none,-,-,-,pbin35-65,wape,16.68056305136179,10,16,arm4_bstar_o1a,physics
iter05b_arm4_bstar_o1a,0,bstar_2023,HP_Peak,paperA_corr_own,none,-,-,-,pbin35-65,rmse,11.359385389799225,10,16,arm4_bstar_o1a,physics
iter05b_arm4_bstar_o1a,0,bstar_2023,HP_Peak,paperA_corr_own,none,-,-,-,pbin35-65,mae,10.398244657697713,10,16,arm4_bstar_o1a,physics
iter05b_arm4_bstar_o1a,0,bstar_2023,HP_Peak,paperA_corr_own,none,-,-,-,pbin35-65,mape,18.71709333006415,10,16,arm4_bstar_o1a,physics
iter05b_arm4_bstar_o1a,0,bstar_2023,HP_Peak,paperA_corr_own,none,-,-,-,pbin35-65,r2,0.7467816985035842,10,16,arm4_bstar_o1a,physics
iter05b_arm4_bstar_o1a,0,bstar_2023,HP_Peak,paperA_corr_own,none,-,-,-,pbin35-65,n_pred_nan,0.0,10,16,arm4_bstar_o1a,physics
iter05b_arm4_bstar_o1a,0,bstar_2023,HP_Peak,paperA_corr_own,none,-,-,-,pbin35-65,mape_n_excluded,0.0,10,16,arm4_bstar_o1a,physics
iter05b_arm4_bstar_o1a,0,bstar_2023,HP_Peak,paperA_corr_own,none,-,-,-,pbin>65,wape,11.491606368612512,10,16,arm4_bstar_o1a,physics
iter05b_arm4_bstar_o1a,0,bstar_2023,HP_Peak,paperA_corr_own,none,-,-,-,pbin>65,rmse,9.297475008951212,10,16,arm4_bstar_o1a,physics
iter05b_arm4_bstar_o1a,0,bstar_2023,HP_Peak,paperA_corr_own,none,-,-,-,pbin>65,mae,8.357002655380157,10,16,arm4_bstar_o1a,physics
iter05b_arm4_bstar_o1a,0,bstar_2023,HP_Peak,paperA_corr_own,none,-,-,-,pbin>65,mape,11.748086138331068,10,16,arm4_bstar_o1a,physics
iter05b_arm4_bstar_o1a,0,bstar_2023,HP_Peak,paperA_corr_own,none,-,-,-,pbin>65,r2,0.41312795091057986,10,16,arm4_bstar_o1a,physics
iter05b_arm4_bstar_o1a,0,bstar_2023,HP_Peak,paperA_corr_own,none,-,-,-,pbin>65,n_pred_nan,0.0,10,16,arm4_bstar_o1a,physics
iter05b_arm4_bstar_o1a,0,bstar_2023,HP_Peak,paperA_corr_own,none,-,-,-,pbin>65,mape_n_excluded,0.0,10,16,arm4_bstar_o1a,physics
iter05b_arm4_bstar_o1a,0,bstar_2023,HP_Peak,paperA_corr_own,none,-,-,-,p0.05|n10,wape,20.791941738909678,10,9,arm4_bstar_o1a,physics
iter05b_arm4_bstar_o1a,0,bstar_2023,HP_Peak,paperA_corr_own,none,-,-,-,p0.05|n10,rmse,1.7734080549947053,10,9,arm4_bstar_o1a,physics
iter05b_arm4_bstar_o1a,0,bstar_2023,HP_Peak,paperA_corr_own,none,-,-,-,p0.05|n10,mae,1.1410371449723513,10,9,arm4_bstar_o1a,physics
iter05b_arm4_bstar_o1a,0,bstar_2023,HP_Peak,paperA_corr_own,none,-,-,-,p0.05|n10,mape,19.483677338617795,10,9,arm4_bstar_o1a,physics
iter05b_arm4_bstar_o1a,0,bstar_2023,HP_Peak,paperA_corr_own,none,-,-,-,p0.05|n10,r2,0.2618035794998349,10,9,arm4_bstar_o1a,physics
iter05b_arm4_bstar_o1a,0,bstar_2023,HP_Peak,paperA_corr_own,none,-,-,-,p0.05|n10,n_pred_nan,0.0,10,9,arm4_bstar_o1a,physics
iter05b_arm4_bstar_o1a,0,bstar_2023,HP_Peak,paperA_corr_own,none,-,-,-,p0.05|n10,mape_n_excluded,0.0,10,9,arm4_bstar_o1a,physics
iter05b_arm4_bstar_o1a,0,bstar_2023,HP_Peak,paperA_corr_own,none,-,-,-,p0.05|n20,wape,21.77973805086237,10,7,arm4_bstar_o1a,physics
iter05b_arm4_bstar_o1a,0,bstar_2023,HP_Peak,paperA_corr_own,none,-,-,-,p0.05|n20,rmse,1.7556555671286729,10,7,arm4_bstar_o1a,physics
iter05b_arm4_bstar_o1a,0,bstar_2023,HP_Peak,paperA_corr_own,none,-,-,-,p0.05|n20,mae,1.238497050675549,10,7,arm4_bstar_o1a,physics
iter05b_arm4_bstar_o1a,0,bstar_2023,HP_Peak,paperA_corr_own,none,-,-,-,p0.05|n20,mape,21.06546613917682,10,7,arm4_bstar_o1a,physics
iter05b_arm4_bstar_o1a,0,bstar_2023,HP_Peak,paperA_corr_own,none,-,-,-,p0.05|n20,r2,0.11397708091784842,10,7,arm4_bstar_o1a,physics
iter05b_arm4_bstar_o1a,0,bstar_2023,HP_Peak,paperA_corr_own,none,-,-,-,p0.05|n20,n_pred_nan,0.0,10,7,arm4_bstar_o1a,physics
iter05b_arm4_bstar_o1a,0,bstar_2023,HP_Peak,paperA_corr_own,none,-,-,-,p0.05|n20,mape_n_excluded,0.0,10,7,arm4_bstar_o1a,physics
iter05b_arm4_bstar_o1a,0,bstar_2023,HP_Peak,paperA_corr_own,none,-,-,-,p0.05|n40,wape,16.581085493209578,10,13,arm4_bstar_o1a,physics
iter05b_arm4_bstar_o1a,0,bstar_2023,HP_Peak,paperA_corr_own,none,-,-,-,p0.05|n40,rmse,4.590393351055144,10,13,arm4_bstar_o1a,physics
iter05b_arm4_bstar_o1a,0,bstar_2023,HP_Peak,paperA_corr_own,none,-,-,-,p0.05|n40,mae,2.4244430110218085,10,13,arm4_bstar_o1a,physics
iter05b_arm4_bstar_o1a,0,bstar_2023,HP_Peak,paperA_corr_own,none,-,-,-,p0.05|n40,mape,15.131979700495386,10,13,arm4_bstar_o1a,physics
iter05b_arm4_bstar_o1a,0,bstar_2023,HP_Peak,paperA_corr_own,none,-,-,-,p0.05|n40,r2,0.36392246131625683,10,13,arm4_bstar_o1a,physics
iter05b_arm4_bstar_o1a,0,bstar_2023,HP_Peak,paperA_corr_own,none,-,-,-,p0.05|n40,n_pred_nan,0.0,10,13,arm4_bstar_o1a,physics
iter05b_arm4_bstar_o1a,0,bstar_2023,HP_Peak,paperA_corr_own,none,-,-,-,p0.05|n40,mape_n_excluded,0.0,10,13,arm4_bstar_o1a,physics
iter05b_arm4_bstar_o1a,0,bstar_2023,HP_Peak,paperA_corr_own,none,-,-,-,p0.05|n80,wape,27.98115072133217,5,12,arm4_bstar_o1a,physics
iter05b_arm4_bstar_o1a,0,bstar_2023,HP_Peak,paperA_corr_own,none,-,-,-,p0.05|n80,rmse,9.891140998986671,5,12,arm4_bstar_o1a,physics
iter05b_arm4_bstar_o1a,0,bstar_2023,HP_Peak,paperA_corr_own,none,-,-,-,p0.05|n80,mae,9.476261256301862,5,12,arm4_bstar_o1a,physics
iter05b_arm4_bstar_o1a,0,bstar_2023,HP_Peak,paperA_corr_own,none,-,-,-,p0.05|n80,mape,28.01652875602055,5,12,arm4_bstar_o1a,physics
iter05b_arm4_bstar_o1a,0,bstar_2023,HP_Peak,paperA_corr_own,none,-,-,-,p0.05|n80,r2,-3.4295771799376737,5,12,arm4_bstar_o1a,physics
iter05b_arm4_bstar_o1a,0,bstar_2023,HP_Peak,paperA_corr_own,none,-,-,-,p0.05|n80,n_pred_nan,0.0,5,12,arm4_bstar_o1a,physics
iter05b_arm4_bstar_o1a,0,bstar_2023,HP_Peak,paperA_corr_own,none,-,-,-,p0.05|n80,mape_n_excluded,0.0,5,12,arm4_bstar_o1a,physics
iter05b_arm4_bstar_o1a,0,bstar_2023,HP_Peak,paperA_corr_own,none,-,-,-,p0.05|n120,wape,14.792620619214631,5,15,arm4_bstar_o1a,physics
iter05b_arm4_bstar_o1a,0,bstar_2023,HP_Peak,paperA_corr_own,none,-,-,-,p0.05|n120,rmse,8.046161373595542,5,15,arm4_bstar_o1a,physics
iter05b_arm4_bstar_o1a,0,bstar_2023,HP_Peak,paperA_corr_own,none,-,-,-,p0.05|n120,mae,6.715955439605201,5,15,arm4_bstar_o1a,physics
iter05b_arm4_bstar_o1a,0,bstar_2023,HP_Peak,paperA_corr_own,none,-,-,-,p0.05|n120,mape,14.803182238017737,5,15,arm4_bstar_o1a,physics
iter05b_arm4_bstar_o1a,0,bstar_2023,HP_Peak,paperA_corr_own,none,-,-,-,p0.05|n120,r2,-4.853264551641094,5,15,arm4_bstar_o1a,physics
iter05b_arm4_bstar_o1a,0,bstar_2023,HP_Peak,paperA_corr_own,none,-,-,-,p0.05|n120,n_pred_nan,0.0,5,15,arm4_bstar_o1a,physics
iter05b_arm4_bstar_o1a,0,bstar_2023,HP_Peak,paperA_corr_own,none,-,-,-,p0.05|n120,mape_n_excluded,0.0,5,15,arm4_bstar_o1a,physics
iter05b_arm4_bstar_o1a,0,bstar_2023,HP_Peak,paperA_corr_own,none,-,-,-,p0.1|n10,wape,29.182857492758245,10,9,arm4_bstar_o1a,physics
iter05b_arm4_bstar_o1a,0,bstar_2023,HP_Peak,paperA_corr_own,none,-,-,-,p0.1|n10,rmse,3.0468637131474807,10,9,arm4_bstar_o1a,physics
iter05b_arm4_bstar_o1a,0,bstar_2023,HP_Peak,paperA_corr_own,none,-,-,-,p0.1|n10,mae,2.364395931183291,10,9,arm4_bstar_o1a,physics
iter05b_arm4_bstar_o1a,0,bstar_2023,HP_Peak,paperA_corr_own,none,-,-,-,p0.1|n10,mape,26.602036892811704,10,9,arm4_bstar_o1a,physics
iter05b_arm4_bstar_o1a,0,bstar_2023,HP_Peak,paperA_corr_own,none,-,-,-,p0.1|n10,r2,-0.26707662564683754,10,9,arm4_bstar_o1a,physics
iter05b_arm4_bstar_o1a,0,bstar_2023,HP_Peak,paperA_corr_own,none,-,-,-,p0.1|n10,n_pred_nan,0.0,10,9,arm4_bstar_o1a,physics
iter05b_arm4_bstar_o1a,0,bstar_2023,HP_Peak,paperA_corr_own,none,-,-,-,p0.1|n10,mape_n_excluded,0.0,10,9,arm4_bstar_o1a,physics
iter05b_arm4_bstar_o1a,0,bstar_2023,HP_Peak,paperA_corr_own,none,-,-,-,p0.1|n20,wape,28.51975094741304,10,11,arm4_bstar_o1a,physics
iter05b_arm4_bstar_o1a,0,bstar_2023,HP_Peak,paperA_corr_own,none,-,-,-,p0.1|n20,rmse,5.3899124333255415,10,11,arm4_bstar_o1a,physics
iter05b_arm4_bstar_o1a,0,bstar_2023,HP_Peak,paperA_corr_own,none,-,-,-,p0.1|n20,mae,3.9156875396483626,10,11,arm4_bstar_o1a,physics
iter05b_arm4_bstar_o1a,0,bstar_2023,HP_Peak,paperA_corr_own,none,-,-,-,p0.1|n20,mape,26.0426587217241,10,11,arm4_bstar_o1a,physics
iter05b_arm4_bstar_o1a,0,bstar_2023,HP_Peak,paperA_corr_own,none,-,-,-,p0.1|n20,r2,-0.1940699326636257,10,11,arm4_bstar_o1a,physics
iter05b_arm4_bstar_o1a,0,bstar_2023,HP_Peak,paperA_corr_own,none,-,-,-,p0.1|n20,n_pred_nan,0.0,10,11,arm4_bstar_o1a,physics
iter05b_arm4_bstar_o1a,0,bstar_2023,HP_Peak,paperA_corr_own,none,-,-,-,p0.1|n20,mape_n_excluded,0.0,10,11,arm4_bstar_o1a,physics
iter05b_arm4_bstar_o1a,0,bstar_2023,HP_Peak,paperA_corr_own,none,-,-,-,p0.1|n40,wape,14.002689653084474,5,12,arm4_bstar_o1a,physics
iter05b_arm4_bstar_o1a,0,bstar_2023,HP_Peak,paperA_corr_own,none,-,-,-,p0.1|n40,rmse,7.3231762789496715,5,12,arm4_bstar_o1a,physics
iter05b_arm4_bstar_o1a,0,bstar_2023,HP_Peak,paperA_corr_own,none,-,-,-,p0.1|n40,mae,6.070471895375735,5,12,arm4_bstar_o1a,physics
iter05b_arm4_bstar_o1a,0,bstar_2023,HP_Peak,paperA_corr_own,none,-,-,-,p0.1|n40,mape,14.675727020860432,5,12,arm4_bstar_o1a,physics
iter05b_arm4_bstar_o1a,0,bstar_2023,HP_Peak,paperA_corr_own,none,-,-,-,p0.1|n40,r2,-1.233928331117308,5,12,arm4_bstar_o1a,physics
iter05b_arm4_bstar_o1a,0,bstar_2023,HP_Peak,paperA_corr_own,none,-,-,-,p0.1|n40,n_pred_nan,0.0,5,12,arm4_bstar_o1a,physics
iter05b_arm4_bstar_o1a,0,bstar_2023,HP_Peak,paperA_corr_own,none,-,-,-,p0.1|n40,mape_n_excluded,0.0,5,12,arm4_bstar_o1a,physics
iter05b_arm4_bstar_o1a,0,bstar_2023,HP_Peak,paperA_corr_own,none,-,-,-,p0.1|n80,wape,13.522981646611948,5,13,arm4_bstar_o1a,physics
iter05b_arm4_bstar_o1a,0,bstar_2023,HP_Peak,paperA_corr_own,none,-,-,-,p0.1|n80,rmse,9.771779137654145,5,13,arm4_bstar_o1a,physics
iter05b_arm4_bstar_o1a,0,bstar_2023,HP_Peak,paperA_corr_own,none,-,-,-,p0.1|n80,mae,9.247205037167216,5,13,arm4_bstar_o1a,physics
iter05b_arm4_bstar_o1a,0,bstar_2023,HP_Peak,paperA_corr_own,none,-,-,-,p0.1|n80,mape,13.930578851365155,5,13,arm4_bstar_o1a,physics
iter05b_arm4_bstar_o1a,0,bstar_2023,HP_Peak,paperA_corr_own,none,-,-,-,p0.1|n80,r2,0.23105150633090443,5,13,arm4_bstar_o1a,physics
iter05b_arm4_bstar_o1a,0,bstar_2023,HP_Peak,paperA_corr_own,none,-,-,-,p0.1|n80,n_pred_nan,0.0,5,13,arm4_bstar_o1a,physics
iter05b_arm4_bstar_o1a,0,bstar_2023,HP_Peak,paperA_corr_own,none,-,-,-,p0.1|n80,mape_n_excluded,0.0,5,13,arm4_bstar_o1a,physics
iter05b_arm4_bstar_o1a,0,bstar_2023,HP_Peak,paperA_corr_own,none,-,-,-,p0.1|n120,wape,10.012474712207355,5,16,arm4_bstar_o1a,physics
iter05b_arm4_bstar_o1a,0,bstar_2023,HP_Peak,paperA_corr_own,none,-,-,-,p0.1|n120,rmse,12.19898513190222,5,16,arm4_bstar_o1a,physics
iter05b_arm4_bstar_o1a,0,bstar_2023,HP_Peak,paperA_corr_own,none,-,-,-,p0.1|n120,mae,10.300543942551561,5,16,arm4_bstar_o1a,physics
iter05b_arm4_bstar_o1a,0,bstar_2023,HP_Peak,paperA_corr_own,none,-,-,-,p0.1|n120,mape,9.679390718167598,5,16,arm4_bstar_o1a,physics
iter05b_arm4_bstar_o1a,0,bstar_2023,HP_Peak,paperA_corr_own,none,-,-,-,p0.1|n120,r2,-2.499372164422009,5,16,arm4_bstar_o1a,physics
iter05b_arm4_bstar_o1a,0,bstar_2023,HP_Peak,paperA_corr_own,none,-,-,-,p0.1|n120,n_pred_nan,0.0,5,16,arm4_bstar_o1a,physics
iter05b_arm4_bstar_o1a,0,bstar_2023,HP_Peak,paperA_corr_own,none,-,-,-,p0.1|n120,mape_n_excluded,0.0,5,16,arm4_bstar_o1a,physics
iter05b_arm4_bstar_o1a,0,bstar_2023,HP_Peak,paperA_corr_own,none,-,-,-,p0.2|n10,wape,18.182383837876124,10,12,arm4_bstar_o1a,physics
iter05b_arm4_bstar_o1a,0,bstar_2023,HP_Peak,paperA_corr_own,none,-,-,-,p0.2|n10,rmse,3.5733225799567614,10,12,arm4_bstar_o1a,physics
iter05b_arm4_bstar_o1a,0,bstar_2023,HP_Peak,paperA_corr_own,none,-,-,-,p0.2|n10,mae,2.5030181600926964,10,12,arm4_bstar_o1a,physics
iter05b_arm4_bstar_o1a,0,bstar_2023,HP_Peak,paperA_corr_own,none,-,-,-,p0.2|n10,mape,16.662722936594307,10,12,arm4_bstar_o1a,physics
iter05b_arm4_bstar_o1a,0,bstar_2023,HP_Peak,paperA_corr_own,none,-,-,-,p0.2|n10,r2,-0.5140330228140813,10,12,arm4_bstar_o1a,physics
iter05b_arm4_bstar_o1a,0,bstar_2023,HP_Peak,paperA_corr_own,none,-,-,-,p0.2|n10,n_pred_nan,0.0,10,12,arm4_bstar_o1a,physics
iter05b_arm4_bstar_o1a,0,bstar_2023,HP_Peak,paperA_corr_own,none,-,-,-,p0.2|n10,mape_n_excluded,0.0,10,12,arm4_bstar_o1a,physics
iter05b_arm4_bstar_o1a,0,bstar_2023,HP_Peak,paperA_corr_own,none,-,-,-,p0.2|n20,wape,8.354615796911146,5,9,arm4_bstar_o1a,physics
iter05b_arm4_bstar_o1a,0,bstar_2023,HP_Peak,paperA_corr_own,none,-,-,-,p0.2|n20,rmse,3.5734356699769503,5,9,arm4_bstar_o1a,physics
iter05b_arm4_bstar_o1a,0,bstar_2023,HP_Peak,paperA_corr_own,none,-,-,-,p0.2|n20,mae,2.9757312141923,5,9,arm4_bstar_o1a,physics
iter05b_arm4_bstar_o1a,0,bstar_2023,HP_Peak,paperA_corr_own,none,-,-,-,p0.2|n20,mape,8.148259550124223,5,9,arm4_bstar_o1a,physics
iter05b_arm4_bstar_o1a,0,bstar_2023,HP_Peak,paperA_corr_own,none,-,-,-,p0.2|n20,r2,0.7302723095115304,5,9,arm4_bstar_o1a,physics
iter05b_arm4_bstar_o1a,0,bstar_2023,HP_Peak,paperA_corr_own,none,-,-,-,p0.2|n20,n_pred_nan,0.0,5,9,arm4_bstar_o1a,physics
iter05b_arm4_bstar_o1a,0,bstar_2023,HP_Peak,paperA_corr_own,none,-,-,-,p0.2|n20,mape_n_excluded,0.0,5,9,arm4_bstar_o1a,physics
iter05b_arm4_bstar_o1a,0,bstar_2023,HP_Peak,paperA_corr_own,none,-,-,-,p0.2|n40,wape,17.68840894018866,5,15,arm4_bstar_o1a,physics
iter05b_arm4_bstar_o1a,0,bstar_2023,HP_Peak,paperA_corr_own,none,-,-,-,p0.2|n40,rmse,11.89782457052628,5,15,arm4_bstar_o1a,physics
iter05b_arm4_bstar_o1a,0,bstar_2023,HP_Peak,paperA_corr_own,none,-,-,-,p0.2|n40,mae,10.772602312639146,5,15,arm4_bstar_o1a,physics
iter05b_arm4_bstar_o1a,0,bstar_2023,HP_Peak,paperA_corr_own,none,-,-,-,p0.2|n40,mape,17.40970213816471,5,15,arm4_bstar_o1a,physics
iter05b_arm4_bstar_o1a,0,bstar_2023,HP_Peak,paperA_corr_own,none,-,-,-,p0.2|n40,r2,-5.983495086938702,5,15,arm4_bstar_o1a,physics
iter05b_arm4_bstar_o1a,0,bstar_2023,HP_Peak,paperA_corr_own,none,-,-,-,p0.2|n40,n_pred_nan,0.0,5,15,arm4_bstar_o1a,physics
iter05b_arm4_bstar_o1a,0,bstar_2023,HP_Peak,paperA_corr_own,none,-,-,-,p0.2|n40,mape_n_excluded,0.0,5,15,arm4_bstar_o1a,physics
iter05b_arm4_bstar_o1a,0,bstar_2023,HP_Peak,paperA_corr_own,none,-,-,-,p0.3|n10,wape,4.987231724327044,10,14,arm4_bstar_o1a,physics
iter05b_arm4_bstar_o1a,0,bstar_2023,HP_Peak,paperA_corr_own,none,-,-,-,p0.3|n10,rmse,1.5017649623439917,10,14,arm4_bstar_o1a,physics
iter05b_arm4_bstar_o1a,0,bstar_2023,HP_Peak,paperA_corr_own,none,-,-,-,p0.3|n10,mae,1.0109970923367975,10,14,arm4_bstar_o1a,physics
iter05b_arm4_bstar_o1a,0,bstar_2023,HP_Peak,paperA_corr_own,none,-,-,-,p0.3|n10,mape,4.595995640329154,10,14,arm4_bstar_o1a,physics
iter05b_arm4_bstar_o1a,0,bstar_2023,HP_Peak,paperA_corr_own,none,-,-,-,p0.3|n10,r2,0.7484940961592542,10,14,arm4_bstar_o1a,physics
iter05b_arm4_bstar_o1a,0,bstar_2023,HP_Peak,paperA_corr_own,none,-,-,-,p0.3|n10,n_pred_nan,0.0,10,14,arm4_bstar_o1a,physics
iter05b_arm4_bstar_o1a,0,bstar_2023,HP_Peak,paperA_corr_own,none,-,-,-,p0.3|n10,mape_n_excluded,0.0,10,14,arm4_bstar_o1a,physics
iter05b_arm4_bstar_o1a,0,bstar_2023,HP_Peak,paperA_corr_own,none,-,-,-,p0.3|n20,wape,22.520258471462505,5,14,arm4_bstar_o1a,physics
iter05b_arm4_bstar_o1a,0,bstar_2023,HP_Peak,paperA_corr_own,none,-,-,-,p0.3|n20,rmse,12.993300025162657,5,14,arm4_bstar_o1a,physics
iter05b_arm4_bstar_o1a,0,bstar_2023,HP_Peak,paperA_corr_own,none,-,-,-,p0.3|n20,mae,11.965441571123224,5,14,arm4_bstar_o1a,physics
iter05b_arm4_bstar_o1a,0,bstar_2023,HP_Peak,paperA_corr_own,none,-,-,-,p0.3|n20,mape,22.66434614738138,5,14,arm4_bstar_o1a,physics
iter05b_arm4_bstar_o1a,0,bstar_2023,HP_Peak,paperA_corr_own,none,-,-,-,p0.3|n20,r2,-7.077089655966267,5,14,arm4_bstar_o1a,physics
iter05b_arm4_bstar_o1a,0,bstar_2023,HP_Peak,paperA_corr_own,none,-,-,-,p0.3|n20,n_pred_nan,0.0,5,14,arm4_bstar_o1a,physics
iter05b_arm4_bstar_o1a,0,bstar_2023,HP_Peak,paperA_corr_own,none,-,-,-,p0.3|n20,mape_n_excluded,0.0,5,14,arm4_bstar_o1a,physics
iter05b_arm4_bstar_o1a,0,bstar_2023,HP_Peak,paperA_corr_own,none,-,-,-,p0.3|n40,wape,9.312569192881657,5,16,arm4_bstar_o1a,physics
iter05b_arm4_bstar_o1a,0,bstar_2023,HP_Peak,paperA_corr_own,none,-,-,-,p0.3|n40,rmse,11.287472625478689,5,16,arm4_bstar_o1a,physics
iter05b_arm4_bstar_o1a,0,bstar_2023,HP_Peak,paperA_corr_own,none,-,-,-,p0.3|n40,mae,8.685348511098885,5,16,arm4_bstar_o1a,physics
iter05b_arm4_bstar_o1a,0,bstar_2023,HP_Peak,paperA_corr_own,none,-,-,-,p0.3|n40,mape,9.280656487578083,5,16,arm4_bstar_o1a,physics
iter05b_arm4_bstar_o1a,0,bstar_2023,HP_Peak,paperA_corr_own,none,-,-,-,p0.3|n40,r2,-2.96790689461278,5,16,arm4_bstar_o1a,physics
iter05b_arm4_bstar_o1a,0,bstar_2023,HP_Peak,paperA_corr_own,none,-,-,-,p0.3|n40,n_pred_nan,0.0,5,16,arm4_bstar_o1a,physics
iter05b_arm4_bstar_o1a,0,bstar_2023,HP_Peak,paperA_corr_own,none,-,-,-,p0.3|n40,mape_n_excluded,0.0,5,16,arm4_bstar_o1a,physics
iter05b_arm4_bstar_o1a,0,bstar_2023,HP_Peak,paperA_corr_own,none,-,-,-,p0.5|n10,wape,24.01478024419164,5,12,arm4_bstar_o1a,physics
iter05b_arm4_bstar_o1a,0,bstar_2023,HP_Peak,paperA_corr_own,none,-,-,-,p0.5|n10,rmse,10.42281734185998,5,12,arm4_bstar_o1a,physics
iter05b_arm4_bstar_o1a,0,bstar_2023,HP_Peak,paperA_corr_own,none,-,-,-,p0.5|n10,mae,9.923735418641158,5,12,arm4_bstar_o1a,physics
iter05b_arm4_bstar_o1a,0,bstar_2023,HP_Peak,paperA_corr_own,none,-,-,-,p0.5|n10,mape,24.40008842368439,5,12,arm4_bstar_o1a,physics
iter05b_arm4_bstar_o1a,0,bstar_2023,HP_Peak,paperA_corr_own,none,-,-,-,p0.5|n10,r2,-0.4539522562008844,5,12,arm4_bstar_o1a,physics
iter05b_arm4_bstar_o1a,0,bstar_2023,HP_Peak,paperA_corr_own,none,-,-,-,p0.5|n10,n_pred_nan,0.0,5,12,arm4_bstar_o1a,physics
iter05b_arm4_bstar_o1a,0,bstar_2023,HP_Peak,paperA_corr_own,none,-,-,-,p0.5|n10,mape_n_excluded,0.0,5,12,arm4_bstar_o1a,physics
iter05b_arm4_bstar_o1a,0,bstar_2023,HP_Peak,paperA_corr_own,none,-,-,-,p0.5|n20,wape,13.0444554748335,5,16,arm4_bstar_o1a,physics
iter05b_arm4_bstar_o1a,0,bstar_2023,HP_Peak,paperA_corr_own,none,-,-,-,p0.5|n20,rmse,12.22440802354826,5,16,arm4_bstar_o1a,physics
iter05b_arm4_bstar_o1a,0,bstar_2023,HP_Peak,paperA_corr_own,none,-,-,-,p0.5|n20,mae,10.872753896754267,5,16,arm4_bstar_o1a,physics
iter05b_arm4_bstar_o1a,0,bstar_2023,HP_Peak,paperA_corr_own,none,-,-,-,p0.5|n20,mape,13.034098236443912,5,16,arm4_bstar_o1a,physics
iter05b_arm4_bstar_o1a,0,bstar_2023,HP_Peak,paperA_corr_own,none,-,-,-,p0.5|n20,r2,-1.4390560133068973,5,16,arm4_bstar_o1a,physics
iter05b_arm4_bstar_o1a,0,bstar_2023,HP_Peak,paperA_corr_own,none,-,-,-,p0.5|n20,n_pred_nan,0.0,5,16,arm4_bstar_o1a,physics
iter05b_arm4_bstar_o1a,0,bstar_2023,HP_Peak,paperA_corr_own,none,-,-,-,p0.5|n20,mape_n_excluded,0.0,5,16,arm4_bstar_o1a,physics
iter05b_arm4_bstar_o1a,0,bstar_2023,HP_Peak,paperA_corr_own,none,-,-,-,p0.8|n10,wape,12.022647478862448,5,14,arm4_bstar_o1a,physics
iter05b_arm4_bstar_o1a,0,bstar_2023,HP_Peak,paperA_corr_own,none,-,-,-,p0.8|n10,rmse,8.604046592929821,5,14,arm4_bstar_o1a,physics
iter05b_arm4_bstar_o1a,0,bstar_2023,HP_Peak,paperA_corr_own,none,-,-,-,p0.8|n10,mae,7.811532743692806,5,14,arm4_bstar_o1a,physics
iter05b_arm4_bstar_o1a,0,bstar_2023,HP_Peak,paperA_corr_own,none,-,-,-,p0.8|n10,mape,11.942470454356046,5,14,arm4_bstar_o1a,physics
iter05b_arm4_bstar_o1a,0,bstar_2023,HP_Peak,paperA_corr_own,none,-,-,-,p0.8|n10,r2,0.37737063516209857,5,14,arm4_bstar_o1a,physics
iter05b_arm4_bstar_o1a,0,bstar_2023,HP_Peak,paperA_corr_own,none,-,-,-,p0.8|n10,n_pred_nan,0.0,5,14,arm4_bstar_o1a,physics
iter05b_arm4_bstar_o1a,0,bstar_2023,HP_Peak,paperA_corr_own,none,-,-,-,p0.8|n10,mape_n_excluded,0.0,5,14,arm4_bstar_o1a,physics
iter05b_arm4_bstar_o1a,0,bstar_2023,HP_Peak,paperA_corr_own,none,-,-,-,p1.0|n10,wape,11.062840416630936,5,16,arm4_bstar_o1a,physics
iter05b_arm4_bstar_o1a,0,bstar_2023,HP_Peak,paperA_corr_own,none,-,-,-,p1.0|n10,rmse,9.94265886525518,5,16,arm4_bstar_o1a,physics
iter05b_arm4_bstar_o1a,0,bstar_2023,HP_Peak,paperA_corr_own,none,-,-,-,p1.0|n10,mae,8.902472567067509,5,16,arm4_bstar_o1a,physics
iter05b_arm4_bstar_o1a,0,bstar_2023,HP_Peak,paperA_corr_own,none,-,-,-,p1.0|n10,mape,11.55370182230609,5,16,arm4_bstar_o1a,physics
iter05b_arm4_bstar_o1a,0,bstar_2023,HP_Peak,paperA_corr_own,none,-,-,-,p1.0|n10,r2,-0.7782832958585693,5,16,arm4_bstar_o1a,physics
iter05b_arm4_bstar_o1a,0,bstar_2023,HP_Peak,paperA_corr_own,none,-,-,-,p1.0|n10,n_pred_nan,0.0,5,16,arm4_bstar_o1a,physics
iter05b_arm4_bstar_o1a,0,bstar_2023,HP_Peak,paperA_corr_own,none,-,-,-,p1.0|n10,mape_n_excluded,0.0,5,16,arm4_bstar_o1a,physics
iter05b_arm4_bstar_o1a,0,bstar_2023,HP_Peak,anchor_only_Linear,size,-,direct,none,all,wape,65.07695826164085,135,20,arm4_bstar_o1a,physics
iter05b_arm4_bstar_o1a,0,bstar_2023,HP_Peak,anchor_only_Linear,size,-,direct,none,all,rmse,27.114277449489908,135,20,arm4_bstar_o1a,physics
iter05b_arm4_bstar_o1a,0,bstar_2023,HP_Peak,anchor_only_Linear,size,-,direct,none,all,mae,23.385435802619558,135,20,arm4_bstar_o1a,physics
iter05b_arm4_bstar_o1a,0,bstar_2023,HP_Peak,anchor_only_Linear,size,-,direct,none,all,mape,160.4521177634197,135,20,arm4_bstar_o1a,physics
iter05b_arm4_bstar_o1a,0,bstar_2023,HP_Peak,anchor_only_Linear,size,-,direct,none,all,r2,0.1874535452568611,135,20,arm4_bstar_o1a,physics
iter05b_arm4_bstar_o1a,0,bstar_2023,HP_Peak,anchor_only_Linear,size,-,direct,none,all,n_pred_nan,0.0,135,20,arm4_bstar_o1a,physics
iter05b_arm4_bstar_o1a,0,bstar_2023,HP_Peak,anchor_only_Linear,size,-,direct,none,all,mape_n_excluded,0.0,135,20,arm4_bstar_o1a,physics
iter05b_arm4_bstar_o1a,0,bstar_2023,HP_Peak,anchor_only_Linear,size,-,direct,none,all,wape_train,72.3792101075925,135,20,arm4_bstar_o1a,physics
iter05b_arm4_bstar_o1a,0,bstar_2023,HP_Peak,anchor_only_Linear,size,-,direct,none,all,wape_inner,57.5857457304249,135,20,arm4_bstar_o1a,physics
iter05b_arm4_bstar_o1a,0,bstar_2023,HP_Peak,anchor_only_Linear,size,-,direct,none,all,n_train_sub,500.0,135,20,arm4_bstar_o1a,physics
iter05b_arm4_bstar_o1a,0,bstar_2023,HP_Peak,anchor_only_Linear,size,-,direct,none,all,n_inner_sub,440.0,135,20,arm4_bstar_o1a,physics
iter05b_arm4_bstar_o1a,0,bstar_2023,HP_Peak,anchor_only_Linear,size,-,direct,none,all,n_test_sub,135.0,135,20,arm4_bstar_o1a,physics
iter05b_arm4_bstar_o1a,0,bstar_2023,HP_Peak,anchor_only_Linear,size,-,direct,none,all,n_overlap_sub,0.0,135,20,arm4_bstar_o1a,physics
iter05b_arm4_bstar_o1a,0,bstar_2023,HP_Peak,anchor_only_Linear,size,-,direct,none,pbin<=15,wape,87.5507880093889,75,20,arm4_bstar_o1a,physics
iter05b_arm4_bstar_o1a,0,bstar_2023,HP_Peak,anchor_only_Linear,size,-,direct,none,pbin<=15,rmse,24.424437141872122,75,20,arm4_bstar_o1a,physics
iter05b_arm4_bstar_o1a,0,bstar_2023,HP_Peak,anchor_only_Linear,size,-,direct,none,pbin<=15,mae,22.712638582381057,75,20,arm4_bstar_o1a,physics
iter05b_arm4_bstar_o1a,0,bstar_2023,HP_Peak,anchor_only_Linear,size,-,direct,none,pbin<=15,mape,244.93383477172287,75,20,arm4_bstar_o1a,physics
iter05b_arm4_bstar_o1a,0,bstar_2023,HP_Peak,anchor_only_Linear,size,-,direct,none,pbin<=15,r2,0.23400955987924,75,20,arm4_bstar_o1a,physics
iter05b_arm4_bstar_o1a,0,bstar_2023,HP_Peak,anchor_only_Linear,size,-,direct,none,pbin<=15,n_pred_nan,0.0,75,20,arm4_bstar_o1a,physics
iter05b_arm4_bstar_o1a,0,bstar_2023,HP_Peak,anchor_only_Linear,size,-,direct,none,pbin<=15,mape_n_excluded,0.0,75,20,arm4_bstar_o1a,physics
iter05b_arm4_bstar_o1a,0,bstar_2023,HP_Peak,anchor_only_Linear,size,-,direct,none,pbin15-35,wape,44.87907901356672,40,20,arm4_bstar_o1a,physics
iter05b_arm4_bstar_o1a,0,bstar_2023,HP_Peak,anchor_only_Linear,size,-,direct,none,pbin15-35,rmse,22.10056877109249,40,20,arm4_bstar_o1a,physics
iter05b_arm4_bstar_o1a,0,bstar_2023,HP_Peak,anchor_only_Linear,size,-,direct,none,pbin15-35,mae,17.44631054393762,40,20,arm4_bstar_o1a,physics
iter05b_arm4_bstar_o1a,0,bstar_2023,HP_Peak,anchor_only_Linear,size,-,direct,none,pbin15-35,mape,56.435004136617486,40,20,arm4_bstar_o1a,physics
iter05b_arm4_bstar_o1a,0,bstar_2023,HP_Peak,anchor_only_Linear,size,-,direct,none,pbin15-35,r2,0.32230088348926755,40,20,arm4_bstar_o1a,physics
iter05b_arm4_bstar_o1a,0,bstar_2023,HP_Peak,anchor_only_Linear,size,-,direct,none,pbin15-35,n_pred_nan,0.0,40,20,arm4_bstar_o1a,physics
iter05b_arm4_bstar_o1a,0,bstar_2023,HP_Peak,anchor_only_Linear,size,-,direct,none,pbin15-35,mape_n_excluded,0.0,40,20,arm4_bstar_o1a,physics
iter05b_arm4_bstar_o1a,0,bstar_2023,HP_Peak,anchor_only_Linear,size,-,direct,none,pbin35-65,wape,50.293195282895574,10,16,arm4_bstar_o1a,physics
iter05b_arm4_bstar_o1a,0,bstar_2023,HP_Peak,anchor_only_Linear,size,-,direct,none,pbin35-65,rmse,37.339393298005,10,16,arm4_bstar_o1a,physics
iter05b_arm4_bstar_o1a,0,bstar_2023,HP_Peak,anchor_only_Linear,size,-,direct,none,pbin35-65,mae,31.35151658601971,10,16,arm4_bstar_o1a,physics
iter05b_arm4_bstar_o1a,0,bstar_2023,HP_Peak,anchor_only_Linear,size,-,direct,none,pbin35-65,mape,43.85287239392683,10,16,arm4_bstar_o1a,physics
iter05b_arm4_bstar_o1a,0,bstar_2023,HP_Peak,anchor_only_Linear,size,-,direct,none,pbin35-65,r2,-1.7360242190229944,10,16,arm4_bstar_o1a,physics
iter05b_arm4_bstar_o1a,0,bstar_2023,HP_Peak,anchor_only_Linear,size,-,direct,none,pbin35-65,n_pred_nan,0.0,10,16,arm4_bstar_o1a,physics
iter05b_arm4_bstar_o1a,0,bstar_2023,HP_Peak,anchor_only_Linear,size,-,direct,none,pbin35-65,mape_n_excluded,0.0,10,16,arm4_bstar_o1a,physics
iter05b_arm4_bstar_o1a,0,bstar_2023,HP_Peak,anchor_only_Linear,size,-,direct,none,pbin>65,wape,60.80887419065335,10,16,arm4_bstar_o1a,physics
iter05b_arm4_bstar_o1a,0,bstar_2023,HP_Peak,anchor_only_Linear,size,-,direct,none,pbin>65,rmse,45.857008592920145,10,16,arm4_bstar_o1a,physics
iter05b_arm4_bstar_o1a,0,bstar_2023,HP_Peak,anchor_only_Linear,size,-,direct,none,pbin>65,mae,44.22183520573593,10,16,arm4_bstar_o1a,physics
iter05b_arm4_bstar_o1a,0,bstar_2023,HP_Peak,anchor_only_Linear,size,-,direct,none,pbin>65,mape,59.50694007784711,10,16,arm4_bstar_o1a,physics
iter05b_arm4_bstar_o1a,0,bstar_2023,HP_Peak,anchor_only_Linear,size,-,direct,none,pbin>65,r2,-13.27660120045572,10,16,arm4_bstar_o1a,physics
iter05b_arm4_bstar_o1a,0,bstar_2023,HP_Peak,anchor_only_Linear,size,-,direct,none,pbin>65,n_pred_nan,0.0,10,16,arm4_bstar_o1a,physics
iter05b_arm4_bstar_o1a,0,bstar_2023,HP_Peak,anchor_only_Linear,size,-,direct,none,pbin>65,mape_n_excluded,0.0,10,16,arm4_bstar_o1a,physics
iter05b_arm4_bstar_o1a,0,bstar_2023,HP_Peak,anchor_only_Linear,size,-,direct,none,p0.05|n10,wape,419.341233496447,10,9,arm4_bstar_o1a,physics
iter05b_arm4_bstar_o1a,0,bstar_2023,HP_Peak,anchor_only_Linear,size,-,direct,none,p0.05|n10,rmse,23.105329195151743,10,9,arm4_bstar_o1a,physics
iter05b_arm4_bstar_o1a,0,bstar_2023,HP_Peak,anchor_only_Linear,size,-,direct,none,p0.05|n10,mae,23.012950394264692,10,9,arm4_bstar_o1a,physics
iter05b_arm4_bstar_o1a,0,bstar_2023,HP_Peak,anchor_only_Linear,size,-,direct,none,p0.05|n10,mape,478.5493595197221,10,9,arm4_bstar_o1a,physics
iter05b_arm4_bstar_o1a,0,bstar_2023,HP_Peak,anchor_only_Linear,size,-,direct,none,p0.05|n10,r2,-124.30803005964873,10,9,arm4_bstar_o1a,physics
iter05b_arm4_bstar_o1a,0,bstar_2023,HP_Peak,anchor_only_Linear,size,-,direct,none,p0.05|n10,n_pred_nan,0.0,10,9,arm4_bstar_o1a,physics
iter05b_arm4_bstar_o1a,0,bstar_2023,HP_Peak,anchor_only_Linear,size,-,direct,none,p0.05|n10,mape_n_excluded,0.0,10,9,arm4_bstar_o1a,physics
iter05b_arm4_bstar_o1a,0,bstar_2023,HP_Peak,anchor_only_Linear,size,-,direct,none,p0.05|n20,wape,488.6103645297924,10,7,arm4_bstar_o1a,physics
iter05b_arm4_bstar_o1a,0,bstar_2023,HP_Peak,anchor_only_Linear,size,-,direct,none,p0.05|n20,rmse,27.847187574166817,10,7,arm4_bstar_o1a,physics
iter05b_arm4_bstar_o1a,0,bstar_2023,HP_Peak,anchor_only_Linear,size,-,direct,none,p0.05|n20,mae,27.78465443369701,10,7,arm4_bstar_o1a,physics
iter05b_arm4_bstar_o1a,0,bstar_2023,HP_Peak,anchor_only_Linear,size,-,direct,none,p0.05|n20,mape,544.9886718552184,10,7,arm4_bstar_o1a,physics
iter05b_arm4_bstar_o1a,0,bstar_2023,HP_Peak,anchor_only_Linear,size,-,direct,none,p0.05|n20,r2,-221.90971699354668,10,7,arm4_bstar_o1a,physics
iter05b_arm4_bstar_o1a,0,bstar_2023,HP_Peak,anchor_only_Linear,size,-,direct,none,p0.05|n20,n_pred_nan,0.0,10,7,arm4_bstar_o1a,physics
iter05b_arm4_bstar_o1a,0,bstar_2023,HP_Peak,anchor_only_Linear,size,-,direct,none,p0.05|n20,mape_n_excluded,0.0,10,7,arm4_bstar_o1a,physics
iter05b_arm4_bstar_o1a,0,bstar_2023,HP_Peak,anchor_only_Linear,size,-,direct,none,p0.05|n40,wape,196.89829032208849,10,13,arm4_bstar_o1a,physics
iter05b_arm4_bstar_o1a,0,bstar_2023,HP_Peak,anchor_only_Linear,size,-,direct,none,p0.05|n40,rmse,29.35964947401918,10,13,arm4_bstar_o1a,physics
iter05b_arm4_bstar_o1a,0,bstar_2023,HP_Peak,anchor_only_Linear,size,-,direct,none,p0.05|n40,mae,28.7899537125616,10,13,arm4_bstar_o1a,physics
iter05b_arm4_bstar_o1a,0,bstar_2023,HP_Peak,anchor_only_Linear,size,-,direct,none,p0.05|n40,mape,237.60611105605926,10,13,arm4_bstar_o1a,physics
iter05b_arm4_bstar_o1a,0,bstar_2023,HP_Peak,anchor_only_Linear,size,-,direct,none,p0.05|n40,r2,-25.02028138111946,10,13,arm4_bstar_o1a,physics
iter05b_arm4_bstar_o1a,0,bstar_2023,HP_Peak,anchor_only_Linear,size,-,direct,none,p0.05|n40,n_pred_nan,0.0,10,13,arm4_bstar_o1a,physics
iter05b_arm4_bstar_o1a,0,bstar_2023,HP_Peak,anchor_only_Linear,size,-,direct,none,p0.05|n40,mape_n_excluded,0.0,10,13,arm4_bstar_o1a,physics
iter05b_arm4_bstar_o1a,0,bstar_2023,HP_Peak,anchor_only_Linear,size,-,direct,none,p0.05|n80,wape,86.888736400551,5,12,arm4_bstar_o1a,physics
iter05b_arm4_bstar_o1a,0,bstar_2023,HP_Peak,anchor_only_Linear,size,-,direct,none,p0.05|n80,rmse,29.79917676360821,5,12,arm4_bstar_o1a,physics
iter05b_arm4_bstar_o1a,0,bstar_2023,HP_Peak,anchor_only_Linear,size,-,direct,none,p0.05|n80,mae,29.42625107029072,5,12,arm4_bstar_o1a,physics
iter05b_arm4_bstar_o1a,0,bstar_2023,HP_Peak,anchor_only_Linear,size,-,direct,none,p0.05|n80,mape,90.66552650121247,5,12,arm4_bstar_o1a,physics
iter05b_arm4_bstar_o1a,0,bstar_2023,HP_Peak,anchor_only_Linear,size,-,direct,none,p0.05|n80,r2,-39.20481057108279,5,12,arm4_bstar_o1a,physics
iter05b_arm4_bstar_o1a,0,bstar_2023,HP_Peak,anchor_only_Linear,size,-,direct,none,p0.05|n80,n_pred_nan,0.0,5,12,arm4_bstar_o1a,physics
iter05b_arm4_bstar_o1a,0,bstar_2023,HP_Peak,anchor_only_Linear,size,-,direct,none,p0.05|n80,mape_n_excluded,0.0,5,12,arm4_bstar_o1a,physics
iter05b_arm4_bstar_o1a,0,bstar_2023,HP_Peak,anchor_only_Linear,size,-,direct,none,p0.05|n120,wape,83.19973226681103,5,15,arm4_bstar_o1a,physics
iter05b_arm4_bstar_o1a,0,bstar_2023,HP_Peak,anchor_only_Linear,size,-,direct,none,p0.05|n120,rmse,37.91939815400224,5,15,arm4_bstar_o1a,physics
iter05b_arm4_bstar_o1a,0,bstar_2023,HP_Peak,anchor_only_Linear,size,-,direct,none,p0.05|n120,mae,37.773272828019834,5,15,arm4_bstar_o1a,physics
iter05b_arm4_bstar_o1a,0,bstar_2023,HP_Peak,anchor_only_Linear,size,-,direct,none,p0.05|n120,mape,84.16307808346065,5,15,arm4_bstar_o1a,physics
iter05b_arm4_bstar_o1a,0,bstar_2023,HP_Peak,anchor_only_Linear,size,-,direct,none,p0.05|n120,r2,-129.00005854440926,5,15,arm4_bstar_o1a,physics
iter05b_arm4_bstar_o1a,0,bstar_2023,HP_Peak,anchor_only_Linear,size,-,direct,none,p0.05|n120,n_pred_nan,0.0,5,15,arm4_bstar_o1a,physics
iter05b_arm4_bstar_o1a,0,bstar_2023,HP_Peak,anchor_only_Linear,size,-,direct,none,p0.05|n120,mape_n_excluded,0.0,5,15,arm4_bstar_o1a,physics
iter05b_arm4_bstar_o1a,0,bstar_2023,HP_Peak,anchor_only_Linear,size,-,direct,none,p0.1|n10,wape,251.77514372451998,10,9,arm4_bstar_o1a,physics
iter05b_arm4_bstar_o1a,0,bstar_2023,HP_Peak,anchor_only_Linear,size,-,direct,none,p0.1|n10,rmse,20.577629704151224,10,9,arm4_bstar_o1a,physics
iter05b_arm4_bstar_o1a,0,bstar_2023,HP_Peak,anchor_only_Linear,size,-,direct,none,p0.1|n10,mae,20.3988291942647,10,9,arm4_bstar_o1a,physics
iter05b_arm4_bstar_o1a,0,bstar_2023,HP_Peak,anchor_only_Linear,size,-,direct,none,p0.1|n10,mape,296.67607935494937,10,9,arm4_bstar_o1a,physics
iter05b_arm4_bstar_o1a,0,bstar_2023,HP_Peak,anchor_only_Linear,size,-,direct,none,p0.1|n10,r2,-56.794634001987475,10,9,arm4_bstar_o1a,physics
iter05b_arm4_bstar_o1a,0,bstar_2023,HP_Peak,anchor_only_Linear,size,-,direct,none,p0.1|n10,n_pred_nan,0.0,10,9,arm4_bstar_o1a,physics
iter05b_arm4_bstar_o1a,0,bstar_2023,HP_Peak,anchor_only_Linear,size,-,direct,none,p0.1|n10,mape_n_excluded,0.0,10,9,arm4_bstar_o1a,physics
iter05b_arm4_bstar_o1a,0,bstar_2023,HP_Peak,anchor_only_Linear,size,-,direct,none,p0.1|n20,wape,143.78553278386195,10,11,arm4_bstar_o1a,physics
iter05b_arm4_bstar_o1a,0,bstar_2023,HP_Peak,anchor_only_Linear,size,-,direct,none,p0.1|n20,rmse,20.348257432098507,10,11,arm4_bstar_o1a,physics
iter05b_arm4_bstar_o1a,0,bstar_2023,HP_Peak,anchor_only_Linear,size,-,direct,none,p0.1|n20,mae,19.74137923369697,10,11,arm4_bstar_o1a,physics
iter05b_arm4_bstar_o1a,0,bstar_2023,HP_Peak,anchor_only_Linear,size,-,direct,none,p0.1|n20,mape,170.41983322270755,10,11,arm4_bstar_o1a,physics
iter05b_arm4_bstar_o1a,0,bstar_2023,HP_Peak,anchor_only_Linear,size,-,direct,none,p0.1|n20,r2,-16.018480855357236,10,11,arm4_bstar_o1a,physics
iter05b_arm4_bstar_o1a,0,bstar_2023,HP_Peak,anchor_only_Linear,size,-,direct,none,p0.1|n20,n_pred_nan,0.0,10,11,arm4_bstar_o1a,physics
iter05b_arm4_bstar_o1a,0,bstar_2023,HP_Peak,anchor_only_Linear,size,-,direct,none,p0.1|n20,mape_n_excluded,0.0,10,11,arm4_bstar_o1a,physics
iter05b_arm4_bstar_o1a,0,bstar_2023,HP_Peak,anchor_only_Linear,size,-,direct,none,p0.1|n40,wape,8.821852278393674,5,12,arm4_bstar_o1a,physics
iter05b_arm4_bstar_o1a,0,bstar_2023,HP_Peak,anchor_only_Linear,size,-,direct,none,p0.1|n40,rmse,4.900009240491971,5,12,arm4_bstar_o1a,physics
iter05b_arm4_bstar_o1a,0,bstar_2023,HP_Peak,anchor_only_Linear,size,-,direct,none,p0.1|n40,mae,3.8244657025122835,5,12,arm4_bstar_o1a,physics
iter05b_arm4_bstar_o1a,0,bstar_2023,HP_Peak,anchor_only_Linear,size,-,direct,none,p0.1|n40,mape,9.041403591331594,5,12,arm4_bstar_o1a,physics
iter05b_arm4_bstar_o1a,0,bstar_2023,HP_Peak,anchor_only_Linear,size,-,direct,none,p0.1|n40,r2,-0.0001475084068462973,5,12,arm4_bstar_o1a,physics
iter05b_arm4_bstar_o1a,0,bstar_2023,HP_Peak,anchor_only_Linear,size,-,direct,none,p0.1|n40,n_pred_nan,0.0,5,12,arm4_bstar_o1a,physics
iter05b_arm4_bstar_o1a,0,bstar_2023,HP_Peak,anchor_only_Linear,size,-,direct,none,p0.1|n40,mape_n_excluded,0.0,5,12,arm4_bstar_o1a,physics
iter05b_arm4_bstar_o1a,0,bstar_2023,HP_Peak,anchor_only_Linear,size,-,direct,none,p0.1|n80,wape,15.365199078359737,5,13,arm4_bstar_o1a,physics
iter05b_arm4_bstar_o1a,0,bstar_2023,HP_Peak,anchor_only_Linear,size,-,direct,none,p0.1|n80,rmse,12.250430433247256,5,13,arm4_bstar_o1a,physics
iter05b_arm4_bstar_o1a,0,bstar_2023,HP_Peak,anchor_only_Linear,size,-,direct,none,p0.1|n80,mae,10.506939225942327,5,13,arm4_bstar_o1a,physics
iter05b_arm4_bstar_o1a,0,bstar_2023,HP_Peak,anchor_only_Linear,size,-,direct,none,p0.1|n80,mape,14.829560897332708,5,13,arm4_bstar_o1a,physics
iter05b_arm4_bstar_o1a,0,bstar_2023,HP_Peak,anchor_only_Linear,size,-,direct,none,p0.1|n80,r2,-0.20851671751090817,5,13,arm4_bstar_o1a,physics
iter05b_arm4_bstar_o1a,0,bstar_2023,HP_Peak,anchor_only_Linear,size,-,direct,none,p0.1|n80,n_pred_nan,0.0,5,13,arm4_bstar_o1a,physics
iter05b_arm4_bstar_o1a,0,bstar_2023,HP_Peak,anchor_only_Linear,size,-,direct,none,p0.1|n80,mape_n_excluded,0.0,5,13,arm4_bstar_o1a,physics
iter05b_arm4_bstar_o1a,0,bstar_2023,HP_Peak,anchor_only_Linear,size,-,direct,none,p0.1|n120,wape,19.15209056156682,5,16,arm4_bstar_o1a,physics
iter05b_arm4_bstar_o1a,0,bstar_2023,HP_Peak,anchor_only_Linear,size,-,direct,none,p0.1|n120,rmse,20.754253707001197,5,16,arm4_bstar_o1a,physics
iter05b_arm4_bstar_o1a,0,bstar_2023,HP_Peak,anchor_only_Linear,size,-,direct,none,p0.1|n120,mae,19.70311597198074,5,16,arm4_bstar_o1a,physics
iter05b_arm4_bstar_o1a,0,bstar_2023,HP_Peak,anchor_only_Linear,size,-,direct,none,p0.1|n120,mape,18.827842485193006,5,16,arm4_bstar_o1a,physics
iter05b_arm4_bstar_o1a,0,bstar_2023,HP_Peak,anchor_only_Linear,size,-,direct,none,p0.1|n120,r2,-9.128776116709307,5,16,arm4_bstar_o1a,physics
iter05b_arm4_bstar_o1a,0,bstar_2023,HP_Peak,anchor_only_Linear,size,-,direct,none,p0.1|n120,n_pred_nan,0.0,5,16,arm4_bstar_o1a,physics
iter05b_arm4_bstar_o1a,0,bstar_2023,HP_Peak,anchor_only_Linear,size,-,direct,none,p0.1|n120,mape_n_excluded,0.0,5,16,arm4_bstar_o1a,physics
iter05b_arm4_bstar_o1a,0,bstar_2023,HP_Peak,anchor_only_Linear,size,-,direct,none,p0.2|n10,wape,107.03528055879154,10,12,arm4_bstar_o1a,physics
iter05b_arm4_bstar_o1a,0,bstar_2023,HP_Peak,anchor_only_Linear,size,-,direct,none,p0.2|n10,rmse,15.018113770227762,10,12,arm4_bstar_o1a,physics
iter05b_arm4_bstar_o1a,0,bstar_2023,HP_Peak,anchor_only_Linear,size,-,direct,none,p0.2|n10,mae,14.734660394264704,10,12,arm4_bstar_o1a,physics
iter05b_arm4_bstar_o1a,0,bstar_2023,HP_Peak,anchor_only_Linear,size,-,direct,none,p0.2|n10,mape,113.486029279612,10,12,arm4_bstar_o1a,physics
iter05b_arm4_bstar_o1a,0,bstar_2023,HP_Peak,anchor_only_Linear,size,-,direct,none,p0.2|n10,r2,-25.743711608028985,10,12,arm4_bstar_o1a,physics
iter05b_arm4_bstar_o1a,0,bstar_2023,HP_Peak,anchor_only_Linear,size,-,direct,none,p0.2|n10,n_pred_nan,0.0,10,12,arm4_bstar_o1a,physics
iter05b_arm4_bstar_o1a,0,bstar_2023,HP_Peak,anchor_only_Linear,size,-,direct,none,p0.2|n10,mape_n_excluded,0.0,10,12,arm4_bstar_o1a,physics
iter05b_arm4_bstar_o1a,0,bstar_2023,HP_Peak,anchor_only_Linear,size,-,direct,none,p0.2|n20,wape,18.6386601498134,5,9,arm4_bstar_o1a,physics
iter05b_arm4_bstar_o1a,0,bstar_2023,HP_Peak,anchor_only_Linear,size,-,direct,none,p0.2|n20,rmse,7.2076530885948475,5,9,arm4_bstar_o1a,physics
iter05b_arm4_bstar_o1a,0,bstar_2023,HP_Peak,anchor_only_Linear,size,-,direct,none,p0.2|n20,mae,6.638682633260982,5,9,arm4_bstar_o1a,physics
iter05b_arm4_bstar_o1a,0,bstar_2023,HP_Peak,anchor_only_Linear,size,-,direct,none,p0.2|n20,mape,19.402325860336568,5,9,arm4_bstar_o1a,physics
iter05b_arm4_bstar_o1a,0,bstar_2023,HP_Peak,anchor_only_Linear,size,-,direct,none,p0.2|n20,r2,-0.09734034867193309,5,9,arm4_bstar_o1a,physics
iter05b_arm4_bstar_o1a,0,bstar_2023,HP_Peak,anchor_only_Linear,size,-,direct,none,p0.2|n20,n_pred_nan,0.0,5,9,arm4_bstar_o1a,physics
iter05b_arm4_bstar_o1a,0,bstar_2023,HP_Peak,anchor_only_Linear,size,-,direct,none,p0.2|n20,mape_n_excluded,0.0,5,9,arm4_bstar_o1a,physics
iter05b_arm4_bstar_o1a,0,bstar_2023,HP_Peak,anchor_only_Linear,size,-,direct,none,p0.2|n40,wape,28.718823208856055,5,15,arm4_bstar_o1a,physics
iter05b_arm4_bstar_o1a,0,bstar_2023,HP_Peak,anchor_only_Linear,size,-,direct,none,p0.2|n40,rmse,18.060529833131117,5,15,arm4_bstar_o1a,physics
iter05b_arm4_bstar_o1a,0,bstar_2023,HP_Peak,anchor_only_Linear,size,-,direct,none,p0.2|n40,mae,17.490349887438647,5,15,arm4_bstar_o1a,physics
iter05b_arm4_bstar_o1a,0,bstar_2023,HP_Peak,anchor_only_Linear,size,-,direct,none,p0.2|n40,mape,28.3261556370969,5,15,arm4_bstar_o1a,physics
iter05b_arm4_bstar_o1a,0,bstar_2023,HP_Peak,anchor_only_Linear,size,-,direct,none,p0.2|n40,r2,-15.091579805088312,5,15,arm4_bstar_o1a,physics
iter05b_arm4_bstar_o1a,0,bstar_2023,HP_Peak,anchor_only_Linear,size,-,direct,none,p0.2|n40,n_pred_nan,0.0,5,15,arm4_bstar_o1a,physics
iter05b_arm4_bstar_o1a,0,bstar_2023,HP_Peak,anchor_only_Linear,size,-,direct,none,p0.2|n40,mape_n_excluded,0.0,5,15,arm4_bstar_o1a,physics
iter05b_arm4_bstar_o1a,0,bstar_2023,HP_Peak,anchor_only_Linear,size,-,direct,none,p0.3|n10,wape,40.59412689602524,10,14,arm4_bstar_o1a,physics
iter05b_arm4_bstar_o1a,0,bstar_2023,HP_Peak,anchor_only_Linear,size,-,direct,none,p0.3|n10,rmse,8.757034071456165,10,14,arm4_bstar_o1a,physics
iter05b_arm4_bstar_o1a,0,bstar_2023,HP_Peak,anchor_only_Linear,size,-,direct,none,p0.3|n10,mae,8.22912319426472,10,14,arm4_bstar_o1a,physics
iter05b_arm4_bstar_o1a,0,bstar_2023,HP_Peak,anchor_only_Linear,size,-,direct,none,p0.3|n10,mape,43.47064276112619,10,14,arm4_bstar_o1a,physics
iter05b_arm4_bstar_o1a,0,bstar_2023,HP_Peak,anchor_only_Linear,size,-,direct,none,p0.3|n10,r2,-7.55181560149895,10,14,arm4_bstar_o1a,physics
iter05b_arm4_bstar_o1a,0,bstar_2023,HP_Peak,anchor_only_Linear,size,-,direct,none,p0.3|n10,n_pred_nan,0.0,10,14,arm4_bstar_o1a,physics
iter05b_arm4_bstar_o1a,0,bstar_2023,HP_Peak,anchor_only_Linear,size,-,direct,none,p0.3|n10,mape_n_excluded,0.0,10,14,arm4_bstar_o1a,physics
iter05b_arm4_bstar_o1a,0,bstar_2023,HP_Peak,anchor_only_Linear,size,-,direct,none,p0.3|n20,wape,37.00372502064418,5,14,arm4_bstar_o1a,physics
iter05b_arm4_bstar_o1a,0,bstar_2023,HP_Peak,anchor_only_Linear,size,-,direct,none,p0.3|n20,rmse,20.185346057145885,5,14,arm4_bstar_o1a,physics
iter05b_arm4_bstar_o1a,0,bstar_2023,HP_Peak,anchor_only_Linear,size,-,direct,none,p0.3|n20,mae,19.660782766303413,5,14,arm4_bstar_o1a,physics
iter05b_arm4_bstar_o1a,0,bstar_2023,HP_Peak,anchor_only_Linear,size,-,direct,none,p0.3|n20,mape,36.56243922800979,5,14,arm4_bstar_o1a,physics
iter05b_arm4_bstar_o1a,0,bstar_2023,HP_Peak,anchor_only_Linear,size,-,direct,none,p0.3|n20,r2,-18.493434753325964,5,14,arm4_bstar_o1a,physics
iter05b_arm4_bstar_o1a,0,bstar_2023,HP_Peak,anchor_only_Linear,size,-,direct,none,p0.3|n20,n_pred_nan,0.0,5,14,arm4_bstar_o1a,physics
iter05b_arm4_bstar_o1a,0,bstar_2023,HP_Peak,anchor_only_Linear,size,-,direct,none,p0.3|n20,mape_n_excluded,0.0,5,14,arm4_bstar_o1a,physics
iter05b_arm4_bstar_o1a,0,bstar_2023,HP_Peak,anchor_only_Linear,size,-,direct,none,p0.3|n40,wape,53.453290931651544,5,16,arm4_bstar_o1a,physics
iter05b_arm4_bstar_o1a,0,bstar_2023,HP_Peak,anchor_only_Linear,size,-,direct,none,p0.3|n40,rmse,50.174108360909884,5,16,arm4_bstar_o1a,physics
iter05b_arm4_bstar_o1a,0,bstar_2023,HP_Peak,anchor_only_Linear,size,-,direct,none,p0.3|n40,mae,49.85310188743905,5,16,arm4_bstar_o1a,physics
iter05b_arm4_bstar_o1a,0,bstar_2023,HP_Peak,anchor_only_Linear,size,-,direct,none,p0.3|n40,mape,53.27576828602025,5,16,arm4_bstar_o1a,physics
iter05b_arm4_bstar_o1a,0,bstar_2023,HP_Peak,anchor_only_Linear,size,-,direct,none,p0.3|n40,r2,-77.40204301649908,5,16,arm4_bstar_o1a,physics
iter05b_arm4_bstar_o1a,0,bstar_2023,HP_Peak,anchor_only_Linear,size,-,direct,none,p0.3|n40,n_pred_nan,0.0,5,16,arm4_bstar_o1a,physics
iter05b_arm4_bstar_o1a,0,bstar_2023,HP_Peak,anchor_only_Linear,size,-,direct,none,p0.3|n40,mape_n_excluded,0.0,5,16,arm4_bstar_o1a,physics
iter05b_arm4_bstar_o1a,0,bstar_2023,HP_Peak,anchor_only_Linear,size,-,direct,none,p0.5|n10,wape,31.02988055957129,5,12,arm4_bstar_o1a,physics
iter05b_arm4_bstar_o1a,0,bstar_2023,HP_Peak,anchor_only_Linear,size,-,direct,none,p0.5|n10,rmse,15.46404277970524,5,12,arm4_bstar_o1a,physics
iter05b_arm4_bstar_o1a,0,bstar_2023,HP_Peak,anchor_only_Linear,size,-,direct,none,p0.5|n10,mae,12.822616805735738,5,12,arm4_bstar_o1a,physics
iter05b_arm4_bstar_o1a,0,bstar_2023,HP_Peak,anchor_only_Linear,size,-,direct,none,p0.5|n10,mape,28.239573765729887,5,12,arm4_bstar_o1a,physics
iter05b_arm4_bstar_o1a,0,bstar_2023,HP_Peak,anchor_only_Linear,size,-,direct,none,p0.5|n10,r2,-2.2005600267706398,5,12,arm4_bstar_o1a,physics
iter05b_arm4_bstar_o1a,0,bstar_2023,HP_Peak,anchor_only_Linear,size,-,direct,none,p0.5|n10,n_pred_nan,0.0,5,12,arm4_bstar_o1a,physics
iter05b_arm4_bstar_o1a,0,bstar_2023,HP_Peak,anchor_only_Linear,size,-,direct,none,p0.5|n10,mape_n_excluded,0.0,5,12,arm4_bstar_o1a,physics
iter05b_arm4_bstar_o1a,0,bstar_2023,HP_Peak,anchor_only_Linear,size,-,direct,none,p0.5|n20,wape,59.843428494287956,5,16,arm4_bstar_o1a,physics
iter05b_arm4_bstar_o1a,0,bstar_2023,HP_Peak,anchor_only_Linear,size,-,direct,none,p0.5|n20,rmse,50.49083050053393,5,16,arm4_bstar_o1a,physics
iter05b_arm4_bstar_o1a,0,bstar_2023,HP_Peak,anchor_only_Linear,size,-,direct,none,p0.5|n20,mae,49.88041636630369,5,16,arm4_bstar_o1a,physics
iter05b_arm4_bstar_o1a,0,bstar_2023,HP_Peak,anchor_only_Linear,size,-,direct,none,p0.5|n20,mape,59.466171022123795,5,16,arm4_bstar_o1a,physics
iter05b_arm4_bstar_o1a,0,bstar_2023,HP_Peak,anchor_only_Linear,size,-,direct,none,p0.5|n20,r2,-40.60936883279736,5,16,arm4_bstar_o1a,physics
iter05b_arm4_bstar_o1a,0,bstar_2023,HP_Peak,anchor_only_Linear,size,-,direct,none,p0.5|n20,n_pred_nan,0.0,5,16,arm4_bstar_o1a,physics
iter05b_arm4_bstar_o1a,0,bstar_2023,HP_Peak,anchor_only_Linear,size,-,direct,none,p0.5|n20,mape_n_excluded,0.0,5,16,arm4_bstar_o1a,physics
iter05b_arm4_bstar_o1a,0,bstar_2023,HP_Peak,anchor_only_Linear,size,-,direct,none,p0.8|n10,wape,56.13467072796998,5,14,arm4_bstar_o1a,physics
iter05b_arm4_bstar_o1a,0,bstar_2023,HP_Peak,anchor_only_Linear,size,-,direct,none,p0.8|n10,rmse,38.06773698966258,5,14,arm4_bstar_o1a,physics
iter05b_arm4_bstar_o1a,0,bstar_2023,HP_Peak,anchor_only_Linear,size,-,direct,none,p0.8|n10,mae,36.47265040573585,5,14,arm4_bstar_o1a,physics
iter05b_arm4_bstar_o1a,0,bstar_2023,HP_Peak,anchor_only_Linear,size,-,direct,none,p0.8|n10,mape,54.77388468018505,5,14,arm4_bstar_o1a,physics
iter05b_arm4_bstar_o1a,0,bstar_2023,HP_Peak,anchor_only_Linear,size,-,direct,none,p0.8|n10,r2,-11.188161842894297,5,14,arm4_bstar_o1a,physics
iter05b_arm4_bstar_o1a,0,bstar_2023,HP_Peak,anchor_only_Linear,size,-,direct,none,p0.8|n10,n_pred_nan,0.0,5,14,arm4_bstar_o1a,physics
iter05b_arm4_bstar_o1a,0,bstar_2023,HP_Peak,anchor_only_Linear,size,-,direct,none,p0.8|n10,mape_n_excluded,0.0,5,14,arm4_bstar_o1a,physics
iter05b_arm4_bstar_o1a,0,bstar_2023,HP_Peak,anchor_only_Linear,size,-,direct,none,p1.0|n10,wape,64.58285563719292,5,16,arm4_bstar_o1a,physics
iter05b_arm4_bstar_o1a,0,bstar_2023,HP_Peak,anchor_only_Linear,size,-,direct,none,p1.0|n10,rmse,52.50312252302886,5,16,arm4_bstar_o1a,physics
iter05b_arm4_bstar_o1a,0,bstar_2023,HP_Peak,anchor_only_Linear,size,-,direct,none,p1.0|n10,mae,51.971020005736,5,16,arm4_bstar_o1a,physics
iter05b_arm4_bstar_o1a,0,bstar_2023,HP_Peak,anchor_only_Linear,size,-,direct,none,p1.0|n10,mape,64.23999547550918,5,16,arm4_bstar_o1a,physics
iter05b_arm4_bstar_o1a,0,bstar_2023,HP_Peak,anchor_only_Linear,size,-,direct,none,p1.0|n10,r2,-48.58680621284917,5,16,arm4_bstar_o1a,physics
iter05b_arm4_bstar_o1a,0,bstar_2023,HP_Peak,anchor_only_Linear,size,-,direct,none,p1.0|n10,n_pred_nan,0.0,5,16,arm4_bstar_o1a,physics
iter05b_arm4_bstar_o1a,0,bstar_2023,HP_Peak,anchor_only_Linear,size,-,direct,none,p1.0|n10,mape_n_excluded,0.0,5,16,arm4_bstar_o1a,physics
iter05b_arm4_bstar_o1a,0,bstar_2023,HP_Peak,anchor_only_Linear,peak,-,direct,none,all,wape,28.33508657958707,135,20,arm4_bstar_o1a,physics
iter05b_arm4_bstar_o1a,0,bstar_2023,HP_Peak,anchor_only_Linear,peak,-,direct,none,all,rmse,12.983817947348758,135,20,arm4_bstar_o1a,physics
iter05b_arm4_bstar_o1a,0,bstar_2023,HP_Peak,anchor_only_Linear,peak,-,direct,none,all,mae,10.18222679530463,135,20,arm4_bstar_o1a,physics
iter05b_arm4_bstar_o1a,0,bstar_2023,HP_Peak,anchor_only_Linear,peak,-,direct,none,all,mape,48.24104049615195,135,20,arm4_bstar_o1a,physics
iter05b_arm4_bstar_o1a,0,bstar_2023,HP_Peak,anchor_only_Linear,peak,-,direct,none,all,r2,0.8136810778466446,135,20,arm4_bstar_o1a,physics
iter05b_arm4_bstar_o1a,0,bstar_2023,HP_Peak,anchor_only_Linear,peak,-,direct,none,all,n_pred_nan,0.0,135,20,arm4_bstar_o1a,physics
iter05b_arm4_bstar_o1a,0,bstar_2023,HP_Peak,anchor_only_Linear,peak,-,direct,none,all,mape_n_excluded,0.0,135,20,arm4_bstar_o1a,physics
iter05b_arm4_bstar_o1a,0,bstar_2023,HP_Peak,anchor_only_Linear,peak,-,direct,none,all,wape_train,32.528106294972744,135,20,arm4_bstar_o1a,physics
iter05b_arm4_bstar_o1a,0,bstar_2023,HP_Peak,anchor_only_Linear,peak,-,direct,none,all,wape_inner,42.78453956994835,135,20,arm4_bstar_o1a,physics
iter05b_arm4_bstar_o1a,0,bstar_2023,HP_Peak,anchor_only_Linear,peak,-,direct,none,all,n_train_sub,500.0,135,20,arm4_bstar_o1a,physics
iter05b_arm4_bstar_o1a,0,bstar_2023,HP_Peak,anchor_only_Linear,peak,-,direct,none,all,n_inner_sub,440.0,135,20,arm4_bstar_o1a,physics
iter05b_arm4_bstar_o1a,0,bstar_2023,HP_Peak,anchor_only_Linear,peak,-,direct,none,all,n_test_sub,135.0,135,20,arm4_bstar_o1a,physics
iter05b_arm4_bstar_o1a,0,bstar_2023,HP_Peak,anchor_only_Linear,peak,-,direct,none,all,n_overlap_sub,0.0,135,20,arm4_bstar_o1a,physics
iter05b_arm4_bstar_o1a,0,bstar_2023,HP_Peak,anchor_only_Linear,peak,-,direct,none,pbin<=15,wape,32.73075534777141,75,20,arm4_bstar_o1a,physics
iter05b_arm4_bstar_o1a,0,bstar_2023,HP_Peak,anchor_only_Linear,peak,-,direct,none,pbin<=15,rmse,11.858653103160453,75,20,arm4_bstar_o1a,physics
iter05b_arm4_bstar_o1a,0,bstar_2023,HP_Peak,anchor_only_Linear,peak,-,direct,none,pbin<=15,mae,8.491092240797947,75,20,arm4_bstar_o1a,physics
iter05b_arm4_bstar_o1a,0,bstar_2023,HP_Peak,anchor_only_Linear,peak,-,direct,none,pbin<=15,mape,62.94306365952691,75,20,arm4_bstar_o1a,physics
iter05b_arm4_bstar_o1a,0,bstar_2023,HP_Peak,anchor_only_Linear,peak,-,direct,none,pbin<=15,r2,0.8194302690326324,75,20,arm4_bstar_o1a,physics
iter05b_arm4_bstar_o1a,0,bstar_2023,HP_Peak,anchor_only_Linear,peak,-,direct,none,pbin<=15,n_pred_nan,0.0,75,20,arm4_bstar_o1a,physics
iter05b_arm4_bstar_o1a,0,bstar_2023,HP_Peak,anchor_only_Linear,peak,-,direct,none,pbin<=15,mape_n_excluded,0.0,75,20,arm4_bstar_o1a,physics
iter05b_arm4_bstar_o1a,0,bstar_2023,HP_Peak,anchor_only_Linear,peak,-,direct,none,pbin15-35,wape,25.106369422080117,40,20,arm4_bstar_o1a,physics
iter05b_arm4_bstar_o1a,0,bstar_2023,HP_Peak,anchor_only_Linear,peak,-,direct,none,pbin15-35,rmse,11.214939892718274,40,20,arm4_bstar_o1a,physics
iter05b_arm4_bstar_o1a,0,bstar_2023,HP_Peak,anchor_only_Linear,peak,-,direct,none,pbin15-35,mae,9.759859765304455,40,20,arm4_bstar_o1a,physics
iter05b_arm4_bstar_o1a,0,bstar_2023,HP_Peak,anchor_only_Linear,peak,-,direct,none,pbin15-35,mape,32.20080394527882,40,20,arm4_bstar_o1a,physics
iter05b_arm4_bstar_o1a,0,bstar_2023,HP_Peak,anchor_only_Linear,peak,-,direct,none,pbin15-35,r2,0.8254885533343174,40,20,arm4_bstar_o1a,physics
iter05b_arm4_bstar_o1a,0,bstar_2023,HP_Peak,anchor_only_Linear,peak,-,direct,none,pbin15-35,n_pred_nan,0.0,40,20,arm4_bstar_o1a,physics
iter05b_arm4_bstar_o1a,0,bstar_2023,HP_Peak,anchor_only_Linear,peak,-,direct,none,pbin15-35,mape_n_excluded,0.0,40,20,arm4_bstar_o1a,physics
iter05b_arm4_bstar_o1a,0,bstar_2023,HP_Peak,anchor_only_Linear,peak,-,direct,none,pbin35-65,wape,24.377919421631884,10,16,arm4_bstar_o1a,physics
iter05b_arm4_bstar_o1a,0,bstar_2023,HP_Peak,anchor_only_Linear,peak,-,direct,none,pbin35-65,rmse,16.63938551697694,10,16,arm4_bstar_o1a,physics
iter05b_arm4_bstar_o1a,0,bstar_2023,HP_Peak,anchor_only_Linear,peak,-,direct,none,pbin35-65,mae,15.196583569226368,10,16,arm4_bstar_o1a,physics
iter05b_arm4_bstar_o1a,0,bstar_2023,HP_Peak,anchor_only_Linear,peak,-,direct,none,pbin35-65,mape,24.393208257001124,10,16,arm4_bstar_o1a,physics
iter05b_arm4_bstar_o1a,0,bstar_2023,HP_Peak,anchor_only_Linear,peak,-,direct,none,pbin35-65,r2,0.4566746215685833,10,16,arm4_bstar_o1a,physics
iter05b_arm4_bstar_o1a,0,bstar_2023,HP_Peak,anchor_only_Linear,peak,-,direct,none,pbin35-65,n_pred_nan,0.0,10,16,arm4_bstar_o1a,physics
iter05b_arm4_bstar_o1a,0,bstar_2023,HP_Peak,anchor_only_Linear,peak,-,direct,none,pbin35-65,mape_n_excluded,0.0,10,16,arm4_bstar_o1a,physics
iter05b_arm4_bstar_o1a,0,bstar_2023,HP_Peak,anchor_only_Linear,peak,-,direct,none,pbin>65,wape,26.870366630589558,10,16,arm4_bstar_o1a,physics
iter05b_arm4_bstar_o1a,0,bstar_2023,HP_Peak,anchor_only_Linear,peak,-,direct,none,pbin>65,rmse,21.003513429510956,10,16,arm4_bstar_o1a,physics
iter05b_arm4_bstar_o1a,0,bstar_2023,HP_Peak,anchor_only_Linear,peak,-,direct,none,pbin>65,mae,19.540847300183675,10,16,arm4_bstar_o1a,physics
iter05b_arm4_bstar_o1a,0,bstar_2023,HP_Peak,anchor_only_Linear,peak,-,direct,none,pbin>65,mape,25.9846452134831,10,16,arm4_bstar_o1a,physics
iter05b_arm4_bstar_o1a,0,bstar_2023,HP_Peak,anchor_only_Linear,peak,-,direct,none,pbin>65,r2,-1.9950031545002456,10,16,arm4_bstar_o1a,physics
iter05b_arm4_bstar_o1a,0,bstar_2023,HP_Peak,anchor_only_Linear,peak,-,direct,none,pbin>65,n_pred_nan,0.0,10,16,arm4_bstar_o1a,physics
iter05b_arm4_bstar_o1a,0,bstar_2023,HP_Peak,anchor_only_Linear,peak,-,direct,none,pbin>65,mape_n_excluded,0.0,10,16,arm4_bstar_o1a,physics
iter05b_arm4_bstar_o1a,0,bstar_2023,HP_Peak,anchor_only_Linear,peak,-,direct,none,p0.05|n10,wape,77.1564657638995,10,9,arm4_bstar_o1a,physics
iter05b_arm4_bstar_o1a,0,bstar_2023,HP_Peak,anchor_only_Linear,peak,-,direct,none,p0.05|n10,rmse,5.151290461370478,10,9,arm4_bstar_o1a,physics
iter05b_arm4_bstar_o1a,0,bstar_2023,HP_Peak,anchor_only_Linear,peak,-,direct,none,p0.05|n10,mae,4.234255487867367,10,9,arm4_bstar_o1a,physics
iter05b_arm4_bstar_o1a,0,bstar_2023,HP_Peak,anchor_only_Linear,peak,-,direct,none,p0.05|n10,mape,81.41723135241556,10,9,arm4_bstar_o1a,physics
iter05b_arm4_bstar_o1a,0,bstar_2023,HP_Peak,anchor_only_Linear,peak,-,direct,none,p0.05|n10,r2,-5.2285457533346555,10,9,arm4_bstar_o1a,physics
iter05b_arm4_bstar_o1a,0,bstar_2023,HP_Peak,anchor_only_Linear,peak,-,direct,none,p0.05|n10,n_pred_nan,0.0,10,9,arm4_bstar_o1a,physics
iter05b_arm4_bstar_o1a,0,bstar_2023,HP_Peak,anchor_only_Linear,peak,-,direct,none,p0.05|n10,mape_n_excluded,0.0,10,9,arm4_bstar_o1a,physics
iter05b_arm4_bstar_o1a,0,bstar_2023,HP_Peak,anchor_only_Linear,peak,-,direct,none,p0.05|n20,wape,116.80640572736232,10,7,arm4_bstar_o1a,physics
iter05b_arm4_bstar_o1a,0,bstar_2023,HP_Peak,anchor_only_Linear,peak,-,direct,none,p0.05|n20,rmse,8.695435088636913,10,7,arm4_bstar_o1a,physics
iter05b_arm4_bstar_o1a,0,bstar_2023,HP_Peak,anchor_only_Linear,peak,-,direct,none,p0.05|n20,mae,6.642154678606053,10,7,arm4_bstar_o1a,physics
iter05b_arm4_bstar_o1a,0,bstar_2023,HP_Peak,anchor_only_Linear,peak,-,direct,none,p0.05|n20,mape,142.56156118939197,10,7,arm4_bstar_o1a,physics
iter05b_arm4_bstar_o1a,0,bstar_2023,HP_Peak,anchor_only_Linear,peak,-,direct,none,p0.05|n20,r2,-20.734465032245442,10,7,arm4_bstar_o1a,physics
iter05b_arm4_bstar_o1a,0,bstar_2023,HP_Peak,anchor_only_Linear,peak,-,direct,none,p0.05|n20,n_pred_nan,0.0,10,7,arm4_bstar_o1a,physics
iter05b_arm4_bstar_o1a,0,bstar_2023,HP_Peak,anchor_only_Linear,peak,-,direct,none,p0.05|n20,mape_n_excluded,0.0,10,7,arm4_bstar_o1a,physics
iter05b_arm4_bstar_o1a,0,bstar_2023,HP_Peak,anchor_only_Linear,peak,-,direct,none,p0.05|n40,wape,78.71337456014582,10,13,arm4_bstar_o1a,physics
iter05b_arm4_bstar_o1a,0,bstar_2023,HP_Peak,anchor_only_Linear,peak,-,direct,none,p0.05|n40,rmse,13.34214002267978,10,13,arm4_bstar_o1a,physics
iter05b_arm4_bstar_o1a,0,bstar_2023,HP_Peak,anchor_only_Linear,peak,-,direct,none,p0.05|n40,mae,11.509264028850229,10,13,arm4_bstar_o1a,physics
iter05b_arm4_bstar_o1a,0,bstar_2023,HP_Peak,anchor_only_Linear,peak,-,direct,none,p0.05|n40,mape,100.97622198074028,10,13,arm4_bstar_o1a,physics
iter05b_arm4_bstar_o1a,0,bstar_2023,HP_Peak,anchor_only_Linear,peak,-,direct,none,p0.05|n40,r2,-4.373549384968827,10,13,arm4_bstar_o1a,physics
iter05b_arm4_bstar_o1a,0,bstar_2023,HP_Peak,anchor_only_Linear,peak,-,direct,none,p0.05|n40,n_pred_nan,0.0,10,13,arm4_bstar_o1a,physics
iter05b_arm4_bstar_o1a,0,bstar_2023,HP_Peak,anchor_only_Linear,peak,-,direct,none,p0.05|n40,mape_n_excluded,0.0,10,13,arm4_bstar_o1a,physics
iter05b_arm4_bstar_o1a,0,bstar_2023,HP_Peak,anchor_only_Linear,peak,-,direct,none,p0.05|n80,wape,43.02987155353882,5,12,arm4_bstar_o1a,physics
iter05b_arm4_bstar_o1a,0,bstar_2023,HP_Peak,anchor_only_Linear,peak,-,direct,none,p0.05|n80,rmse,15.254846323468021,5,12,arm4_bstar_o1a,physics
iter05b_arm4_bstar_o1a,0,bstar_2023,HP_Peak,anchor_only_Linear,peak,-,direct,none,p0.05|n80,mae,14.572749660205258,5,12,arm4_bstar_o1a,physics
iter05b_arm4_bstar_o1a,0,bstar_2023,HP_Peak,anchor_only_Linear,peak,-,direct,none,p0.05|n80,mape,44.357071174994104,5,12,arm4_bstar_o1a,physics
iter05b_arm4_bstar_o1a,0,bstar_2023,HP_Peak,anchor_only_Linear,peak,-,direct,none,p0.05|n80,r2,-9.536228033318434,5,12,arm4_bstar_o1a,physics
iter05b_arm4_bstar_o1a,0,bstar_2023,HP_Peak,anchor_only_Linear,peak,-,direct,none,p0.05|n80,n_pred_nan,0.0,5,12,arm4_bstar_o1a,physics
iter05b_arm4_bstar_o1a,0,bstar_2023,HP_Peak,anchor_only_Linear,peak,-,direct,none,p0.05|n80,mape_n_excluded,0.0,5,12,arm4_bstar_o1a,physics
iter05b_arm4_bstar_o1a,0,bstar_2023,HP_Peak,anchor_only_Linear,peak,-,direct,none,p0.05|n120,wape,65.60889544104528,5,15,arm4_bstar_o1a,physics
iter05b_arm4_bstar_o1a,0,bstar_2023,HP_Peak,anchor_only_Linear,peak,-,direct,none,p0.05|n120,rmse,29.96230487160545,5,15,arm4_bstar_o1a,physics
iter05b_arm4_bstar_o1a,0,bstar_2023,HP_Peak,anchor_only_Linear,peak,-,direct,none,p0.05|n120,mae,29.786907240183837,5,15,arm4_bstar_o1a,physics
iter05b_arm4_bstar_o1a,0,bstar_2023,HP_Peak,anchor_only_Linear,peak,-,direct,none,p0.05|n120,mape,66.04444570786889,5,15,arm4_bstar_o1a,physics
iter05b_arm4_bstar_o1a,0,bstar_2023,HP_Peak,anchor_only_Linear,peak,-,direct,none,p0.05|n120,r2,-80.16543375364141,5,15,arm4_bstar_o1a,physics
iter05b_arm4_bstar_o1a,0,bstar_2023,HP_Peak,anchor_only_Linear,peak,-,direct,none,p0.05|n120,n_pred_nan,0.0,5,15,arm4_bstar_o1a,physics
iter05b_arm4_bstar_o1a,0,bstar_2023,HP_Peak,anchor_only_Linear,peak,-,direct,none,p0.05|n120,mape_n_excluded,0.0,5,15,arm4_bstar_o1a,physics
iter05b_arm4_bstar_o1a,0,bstar_2023,HP_Peak,anchor_only_Linear,peak,-,direct,none,p0.1|n10,wape,48.65672862877874,10,9,arm4_bstar_o1a,physics
iter05b_arm4_bstar_o1a,0,bstar_2023,HP_Peak,anchor_only_Linear,peak,-,direct,none,p0.1|n10,rmse,4.644234849061859,10,9,arm4_bstar_o1a,physics
iter05b_arm4_bstar_o1a,0,bstar_2023,HP_Peak,anchor_only_Linear,peak,-,direct,none,p0.1|n10,mae,3.9421695158920675,10,9,arm4_bstar_o1a,physics
iter05b_arm4_bstar_o1a,0,bstar_2023,HP_Peak,anchor_only_Linear,peak,-,direct,none,p0.1|n10,mape,55.05465717108648,10,9,arm4_bstar_o1a,physics
iter05b_arm4_bstar_o1a,0,bstar_2023,HP_Peak,anchor_only_Linear,peak,-,direct,none,p0.1|n10,r2,-1.9439143339050662,10,9,arm4_bstar_o1a,physics
iter05b_arm4_bstar_o1a,0,bstar_2023,HP_Peak,anchor_only_Linear,peak,-,direct,none,p0.1|n10,n_pred_nan,0.0,10,9,arm4_bstar_o1a,physics
iter05b_arm4_bstar_o1a,0,bstar_2023,HP_Peak,anchor_only_Linear,peak,-,direct,none,p0.1|n10,mape_n_excluded,0.0,10,9,arm4_bstar_o1a,physics
iter05b_arm4_bstar_o1a,0,bstar_2023,HP_Peak,anchor_only_Linear,peak,-,direct,none,p0.1|n20,wape,15.851173766722232,10,11,arm4_bstar_o1a,physics
iter05b_arm4_bstar_o1a,0,bstar_2023,HP_Peak,anchor_only_Linear,peak,-,direct,none,p0.1|n20,rmse,2.354549320744342,10,11,arm4_bstar_o1a,physics
iter05b_arm4_bstar_o1a,0,bstar_2023,HP_Peak,anchor_only_Linear,peak,-,direct,none,p0.1|n20,mae,2.1763248817144847,10,11,arm4_bstar_o1a,physics
iter05b_arm4_bstar_o1a,0,bstar_2023,HP_Peak,anchor_only_Linear,peak,-,direct,none,p0.1|n20,mape,18.642562967132722,10,11,arm4_bstar_o1a,physics
iter05b_arm4_bstar_o1a,0,bstar_2023,HP_Peak,anchor_only_Linear,peak,-,direct,none,p0.1|n20,r2,0.7721327412733845,10,11,arm4_bstar_o1a,physics
iter05b_arm4_bstar_o1a,0,bstar_2023,HP_Peak,anchor_only_Linear,peak,-,direct,none,p0.1|n20,n_pred_nan,0.0,10,11,arm4_bstar_o1a,physics
iter05b_arm4_bstar_o1a,0,bstar_2023,HP_Peak,anchor_only_Linear,peak,-,direct,none,p0.1|n20,mape_n_excluded,0.0,10,11,arm4_bstar_o1a,physics
iter05b_arm4_bstar_o1a,0,bstar_2023,HP_Peak,anchor_only_Linear,peak,-,direct,none,p0.1|n40,wape,6.752787956043221,5,12,arm4_bstar_o1a,physics
iter05b_arm4_bstar_o1a,0,bstar_2023,HP_Peak,anchor_only_Linear,peak,-,direct,none,p0.1|n40,rmse,3.2863753988079005,5,12,arm4_bstar_o1a,physics
iter05b_arm4_bstar_o1a,0,bstar_2023,HP_Peak,anchor_only_Linear,peak,-,direct,none,p0.1|n40,mae,2.927481113856037,5,12,arm4_bstar_o1a,physics
iter05b_arm4_bstar_o1a,0,bstar_2023,HP_Peak,anchor_only_Linear,peak,-,direct,none,p0.1|n40,mape,6.775553054259461,5,12,arm4_bstar_o1a,physics
iter05b_arm4_bstar_o1a,0,bstar_2023,HP_Peak,anchor_only_Linear,peak,-,direct,none,p0.1|n40,r2,0.5501118012897361,5,12,arm4_bstar_o1a,physics
iter05b_arm4_bstar_o1a,0,bstar_2023,HP_Peak,anchor_only_Linear,peak,-,direct,none,p0.1|n40,n_pred_nan,0.0,5,12,arm4_bstar_o1a,physics
iter05b_arm4_bstar_o1a,0,bstar_2023,HP_Peak,anchor_only_Linear,peak,-,direct,none,p0.1|n40,mape_n_excluded,0.0,5,12,arm4_bstar_o1a,physics
iter05b_arm4_bstar_o1a,0,bstar_2023,HP_Peak,anchor_only_Linear,peak,-,direct,none,p0.1|n80,wape,16.03966816291139,5,13,arm4_bstar_o1a,physics
iter05b_arm4_bstar_o1a,0,bstar_2023,HP_Peak,anchor_only_Linear,peak,-,direct,none,p0.1|n80,rmse,12.407937051819014,5,13,arm4_bstar_o1a,physics
iter05b_arm4_bstar_o1a,0,bstar_2023,HP_Peak,anchor_only_Linear,peak,-,direct,none,p0.1|n80,mae,10.968150671691955,5,13,arm4_bstar_o1a,physics
iter05b_arm4_bstar_o1a,0,bstar_2023,HP_Peak,anchor_only_Linear,peak,-,direct,none,p0.1|n80,mape,17.462244941367583,5,13,arm4_bstar_o1a,physics
iter05b_arm4_bstar_o1a,0,bstar_2023,HP_Peak,anchor_only_Linear,peak,-,direct,none,p0.1|n80,r2,-0.2397928535990077,5,13,arm4_bstar_o1a,physics
iter05b_arm4_bstar_o1a,0,bstar_2023,HP_Peak,anchor_only_Linear,peak,-,direct,none,p0.1|n80,n_pred_nan,0.0,5,13,arm4_bstar_o1a,physics
iter05b_arm4_bstar_o1a,0,bstar_2023,HP_Peak,anchor_only_Linear,peak,-,direct,none,p0.1|n80,mape_n_excluded,0.0,5,13,arm4_bstar_o1a,physics
iter05b_arm4_bstar_o1a,0,bstar_2023,HP_Peak,anchor_only_Linear,peak,-,direct,none,p0.1|n120,wape,11.764287060691274,5,16,arm4_bstar_o1a,physics
iter05b_arm4_bstar_o1a,0,bstar_2023,HP_Peak,anchor_only_Linear,peak,-,direct,none,p0.1|n120,rmse,14.130243329861392,5,16,arm4_bstar_o1a,physics
iter05b_arm4_bstar_o1a,0,bstar_2023,HP_Peak,anchor_only_Linear,peak,-,direct,none,p0.1|n120,mae,12.102757740171722,5,16,arm4_bstar_o1a,physics
iter05b_arm4_bstar_o1a,0,bstar_2023,HP_Peak,anchor_only_Linear,peak,-,direct,none,p0.1|n120,mape,12.20217069287955,5,16,arm4_bstar_o1a,physics
iter05b_arm4_bstar_o1a,0,bstar_2023,HP_Peak,anchor_only_Linear,peak,-,direct,none,p0.1|n120,r2,-3.6950693367512617,5,16,arm4_bstar_o1a,physics
iter05b_arm4_bstar_o1a,0,bstar_2023,HP_Peak,anchor_only_Linear,peak,-,direct,none,p0.1|n120,n_pred_nan,0.0,5,16,arm4_bstar_o1a,physics
iter05b_arm4_bstar_o1a,0,bstar_2023,HP_Peak,anchor_only_Linear,peak,-,direct,none,p0.1|n120,mape_n_excluded,0.0,5,16,arm4_bstar_o1a,physics
iter05b_arm4_bstar_o1a,0,bstar_2023,HP_Peak,anchor_only_Linear,peak,-,direct,none,p0.2|n10,wape,49.349281193772235,10,12,arm4_bstar_o1a,physics
iter05b_arm4_bstar_o1a,0,bstar_2023,HP_Peak,anchor_only_Linear,peak,-,direct,none,p0.2|n10,rmse,7.479754753960241,10,12,arm4_bstar_o1a,physics
iter05b_arm4_bstar_o1a,0,bstar_2023,HP_Peak,anchor_only_Linear,peak,-,direct,none,p0.2|n10,mae,6.793506732501226,10,12,arm4_bstar_o1a,physics
iter05b_arm4_bstar_o1a,0,bstar_2023,HP_Peak,anchor_only_Linear,peak,-,direct,none,p0.2|n10,mape,49.48597765019404,10,12,arm4_bstar_o1a,physics
iter05b_arm4_bstar_o1a,0,bstar_2023,HP_Peak,anchor_only_Linear,peak,-,direct,none,p0.2|n10,r2,-5.633849540714702,10,12,arm4_bstar_o1a,physics
iter05b_arm4_bstar_o1a,0,bstar_2023,HP_Peak,anchor_only_Linear,peak,-,direct,none,p0.2|n10,n_pred_nan,0.0,10,12,arm4_bstar_o1a,physics
iter05b_arm4_bstar_o1a,0,bstar_2023,HP_Peak,anchor_only_Linear,peak,-,direct,none,p0.2|n10,mape_n_excluded,0.0,10,12,arm4_bstar_o1a,physics
iter05b_arm4_bstar_o1a,0,bstar_2023,HP_Peak,anchor_only_Linear,peak,-,direct,none,p0.2|n20,wape,24.726862680634166,5,9,arm4_bstar_o1a,physics
iter05b_arm4_bstar_o1a,0,bstar_2023,HP_Peak,anchor_only_Linear,peak,-,direct,none,p0.2|n20,rmse,9.173372583930512,5,9,arm4_bstar_o1a,physics
iter05b_arm4_bstar_o1a,0,bstar_2023,HP_Peak,anchor_only_Linear,peak,-,direct,none,p0.2|n20,mae,8.807167067456751,5,9,arm4_bstar_o1a,physics
iter05b_arm4_bstar_o1a,0,bstar_2023,HP_Peak,anchor_only_Linear,peak,-,direct,none,p0.2|n20,mape,24.251060478236287,5,9,arm4_bstar_o1a,physics
iter05b_arm4_bstar_o1a,0,bstar_2023,HP_Peak,anchor_only_Linear,peak,-,direct,none,p0.2|n20,r2,-0.7775084073454612,5,9,arm4_bstar_o1a,physics
iter05b_arm4_bstar_o1a,0,bstar_2023,HP_Peak,anchor_only_Linear,peak,-,direct,none,p0.2|n20,n_pred_nan,0.0,5,9,arm4_bstar_o1a,physics
iter05b_arm4_bstar_o1a,0,bstar_2023,HP_Peak,anchor_only_Linear,peak,-,direct,none,p0.2|n20,mape_n_excluded,0.0,5,9,arm4_bstar_o1a,physics
iter05b_arm4_bstar_o1a,0,bstar_2023,HP_Peak,anchor_only_Linear,peak,-,direct,none,p0.2|n40,wape,23.489299717940927,5,15,arm4_bstar_o1a,physics
iter05b_arm4_bstar_o1a,0,bstar_2023,HP_Peak,anchor_only_Linear,peak,-,direct,none,p0.2|n40,rmse,14.563273749203631,5,15,arm4_bstar_o1a,physics
iter05b_arm4_bstar_o1a,0,bstar_2023,HP_Peak,anchor_only_Linear,peak,-,direct,none,p0.2|n40,mae,14.30546327368354,5,15,arm4_bstar_o1a,physics
iter05b_arm4_bstar_o1a,0,bstar_2023,HP_Peak,anchor_only_Linear,peak,-,direct,none,p0.2|n40,mape,23.59297072913807,5,15,arm4_bstar_o1a,physics
iter05b_arm4_bstar_o1a,0,bstar_2023,HP_Peak,anchor_only_Linear,peak,-,direct,none,p0.2|n40,r2,-9.462988210731938,5,15,arm4_bstar_o1a,physics
iter05b_arm4_bstar_o1a,0,bstar_2023,HP_Peak,anchor_only_Linear,peak,-,direct,none,p0.2|n40,n_pred_nan,0.0,5,15,arm4_bstar_o1a,physics
iter05b_arm4_bstar_o1a,0,bstar_2023,HP_Peak,anchor_only_Linear,peak,-,direct,none,p0.2|n40,mape_n_excluded,0.0,5,15,arm4_bstar_o1a,physics
iter05b_arm4_bstar_o1a,0,bstar_2023,HP_Peak,anchor_only_Linear,peak,-,direct,none,p0.3|n10,wape,34.15608106103552,10,14,arm4_bstar_o1a,physics
iter05b_arm4_bstar_o1a,0,bstar_2023,HP_Peak,anchor_only_Linear,peak,-,direct,none,p0.3|n10,rmse,7.792074805842296,10,14,arm4_bstar_o1a,physics
iter05b_arm4_bstar_o1a,0,bstar_2023,HP_Peak,anchor_only_Linear,peak,-,direct,none,p0.3|n10,mae,6.924021290185074,10,14,arm4_bstar_o1a,physics
iter05b_arm4_bstar_o1a,0,bstar_2023,HP_Peak,anchor_only_Linear,peak,-,direct,none,p0.3|n10,mape,36.009119682102295,10,14,arm4_bstar_o1a,physics
iter05b_arm4_bstar_o1a,0,bstar_2023,HP_Peak,anchor_only_Linear,peak,-,direct,none,p0.3|n10,r2,-5.770963542458926,10,14,arm4_bstar_o1a,physics
iter05b_arm4_bstar_o1a,0,bstar_2023,HP_Peak,anchor_only_Linear,peak,-,direct,none,p0.3|n10,n_pred_nan,0.0,10,14,arm4_bstar_o1a,physics
iter05b_arm4_bstar_o1a,0,bstar_2023,HP_Peak,anchor_only_Linear,peak,-,direct,none,p0.3|n10,mape_n_excluded,0.0,10,14,arm4_bstar_o1a,physics
iter05b_arm4_bstar_o1a,0,bstar_2023,HP_Peak,anchor_only_Linear,peak,-,direct,none,p0.3|n20,wape,23.366213555241877,5,14,arm4_bstar_o1a,physics
iter05b_arm4_bstar_o1a,0,bstar_2023,HP_Peak,anchor_only_Linear,peak,-,direct,none,p0.3|n20,rmse,14.521271464560677,5,14,arm4_bstar_o1a,physics
iter05b_arm4_bstar_o1a,0,bstar_2023,HP_Peak,anchor_only_Linear,peak,-,direct,none,p0.3|n20,mae,12.41491359381708,5,14,arm4_bstar_o1a,physics
iter05b_arm4_bstar_o1a,0,bstar_2023,HP_Peak,anchor_only_Linear,peak,-,direct,none,p0.3|n20,mape,22.865164089406584,5,14,arm4_bstar_o1a,physics
iter05b_arm4_bstar_o1a,0,bstar_2023,HP_Peak,anchor_only_Linear,peak,-,direct,none,p0.3|n20,r2,-9.088468881215453,5,14,arm4_bstar_o1a,physics
iter05b_arm4_bstar_o1a,0,bstar_2023,HP_Peak,anchor_only_Linear,peak,-,direct,none,p0.3|n20,n_pred_nan,0.0,5,14,arm4_bstar_o1a,physics
iter05b_arm4_bstar_o1a,0,bstar_2023,HP_Peak,anchor_only_Linear,peak,-,direct,none,p0.3|n20,mape_n_excluded,0.0,5,14,arm4_bstar_o1a,physics
iter05b_arm4_bstar_o1a,0,bstar_2023,HP_Peak,anchor_only_Linear,peak,-,direct,none,p0.3|n40,wape,16.207914507669315,5,16,arm4_bstar_o1a,physics
iter05b_arm4_bstar_o1a,0,bstar_2023,HP_Peak,anchor_only_Linear,peak,-,direct,none,p0.3|n40,rmse,16.30232071376614,5,16,arm4_bstar_o1a,physics
iter05b_arm4_bstar_o1a,0,bstar_2023,HP_Peak,anchor_only_Linear,peak,-,direct,none,p0.3|n40,mae,15.11627814210568,5,16,arm4_bstar_o1a,physics
iter05b_arm4_bstar_o1a,0,bstar_2023,HP_Peak,anchor_only_Linear,peak,-,direct,none,p0.3|n40,mape,15.907041600857,5,16,arm4_bstar_o1a,physics
iter05b_arm4_bstar_o1a,0,bstar_2023,HP_Peak,anchor_only_Linear,peak,-,direct,none,p0.3|n40,r2,-7.276884947437541,5,16,arm4_bstar_o1a,physics
iter05b_arm4_bstar_o1a,0,bstar_2023,HP_Peak,anchor_only_Linear,peak,-,direct,none,p0.3|n40,n_pred_nan,0.0,5,16,arm4_bstar_o1a,physics
iter05b_arm4_bstar_o1a,0,bstar_2023,HP_Peak,anchor_only_Linear,peak,-,direct,none,p0.3|n40,mape_n_excluded,0.0,5,16,arm4_bstar_o1a,physics
iter05b_arm4_bstar_o1a,0,bstar_2023,HP_Peak,anchor_only_Linear,peak,-,direct,none,p0.5|n10,wape,26.912510888941178,5,12,arm4_bstar_o1a,physics
iter05b_arm4_bstar_o1a,0,bstar_2023,HP_Peak,anchor_only_Linear,peak,-,direct,none,p0.5|n10,rmse,12.43948880692321,5,12,arm4_bstar_o1a,physics
iter05b_arm4_bstar_o1a,0,bstar_2023,HP_Peak,anchor_only_Linear,peak,-,direct,none,p0.5|n10,mae,11.121177657986156,5,12,arm4_bstar_o1a,physics
iter05b_arm4_bstar_o1a,0,bstar_2023,HP_Peak,anchor_only_Linear,peak,-,direct,none,p0.5|n10,mape,25.999344632905807,5,12,arm4_bstar_o1a,physics
iter05b_arm4_bstar_o1a,0,bstar_2023,HP_Peak,anchor_only_Linear,peak,-,direct,none,p0.5|n10,r2,-1.071023177478494,5,12,arm4_bstar_o1a,physics
iter05b_arm4_bstar_o1a,0,bstar_2023,HP_Peak,anchor_only_Linear,peak,-,direct,none,p0.5|n10,n_pred_nan,0.0,5,12,arm4_bstar_o1a,physics
iter05b_arm4_bstar_o1a,0,bstar_2023,HP_Peak,anchor_only_Linear,peak,-,direct,none,p0.5|n10,mape_n_excluded,0.0,5,12,arm4_bstar_o1a,physics
iter05b_arm4_bstar_o1a,0,bstar_2023,HP_Peak,anchor_only_Linear,peak,-,direct,none,p0.5|n20,wape,23.121337158606305,5,16,arm4_bstar_o1a,physics
iter05b_arm4_bstar_o1a,0,bstar_2023,HP_Peak,anchor_only_Linear,peak,-,direct,none,p0.5|n20,rmse,19.974919749215413,5,16,arm4_bstar_o1a,physics
iter05b_arm4_bstar_o1a,0,bstar_2023,HP_Peak,anchor_only_Linear,peak,-,direct,none,p0.5|n20,mae,19.271989480466583,5,16,arm4_bstar_o1a,physics
iter05b_arm4_bstar_o1a,0,bstar_2023,HP_Peak,anchor_only_Linear,peak,-,direct,none,p0.5|n20,mape,22.78707188109645,5,16,arm4_bstar_o1a,physics
iter05b_arm4_bstar_o1a,0,bstar_2023,HP_Peak,anchor_only_Linear,peak,-,direct,none,p0.5|n20,r2,-5.51232679734169,5,16,arm4_bstar_o1a,physics
iter05b_arm4_bstar_o1a,0,bstar_2023,HP_Peak,anchor_only_Linear,peak,-,direct,none,p0.5|n20,n_pred_nan,0.0,5,16,arm4_bstar_o1a,physics
iter05b_arm4_bstar_o1a,0,bstar_2023,HP_Peak,anchor_only_Linear,peak,-,direct,none,p0.5|n20,mape_n_excluded,0.0,5,16,arm4_bstar_o1a,physics
iter05b_arm4_bstar_o1a,0,bstar_2023,HP_Peak,anchor_only_Linear,peak,-,direct,none,p0.8|n10,wape,23.078616822810126,5,14,arm4_bstar_o1a,physics
iter05b_arm4_bstar_o1a,0,bstar_2023,HP_Peak,anchor_only_Linear,peak,-,direct,none,p0.8|n10,rmse,16.839724887798244,5,14,arm4_bstar_o1a,physics
iter05b_arm4_bstar_o1a,0,bstar_2023,HP_Peak,anchor_only_Linear,peak,-,direct,none,p0.8|n10,mae,14.99498103953211,5,14,arm4_bstar_o1a,physics
iter05b_arm4_bstar_o1a,0,bstar_2023,HP_Peak,anchor_only_Linear,peak,-,direct,none,p0.8|n10,mape,22.134554116290246,5,14,arm4_bstar_o1a,physics
iter05b_arm4_bstar_o1a,0,bstar_2023,HP_Peak,anchor_only_Linear,peak,-,direct,none,p0.8|n10,r2,-1.3850312647419534,5,14,arm4_bstar_o1a,physics
iter05b_arm4_bstar_o1a,0,bstar_2023,HP_Peak,anchor_only_Linear,peak,-,direct,none,p0.8|n10,n_pred_nan,0.0,5,14,arm4_bstar_o1a,physics
iter05b_arm4_bstar_o1a,0,bstar_2023,HP_Peak,anchor_only_Linear,peak,-,direct,none,p0.8|n10,mape_n_excluded,0.0,5,14,arm4_bstar_o1a,physics
iter05b_arm4_bstar_o1a,0,bstar_2023,HP_Peak,anchor_only_Linear,peak,-,direct,none,p1.0|n10,wape,29.931849413425983,5,16,arm4_bstar_o1a,physics
iter05b_arm4_bstar_o1a,0,bstar_2023,HP_Peak,anchor_only_Linear,peak,-,direct,none,p1.0|n10,rmse,24.468731443835875,5,16,arm4_bstar_o1a,physics
iter05b_arm4_bstar_o1a,0,bstar_2023,HP_Peak,anchor_only_Linear,peak,-,direct,none,p1.0|n10,mae,24.08671356083524,5,16,arm4_bstar_o1a,physics
iter05b_arm4_bstar_o1a,0,bstar_2023,HP_Peak,anchor_only_Linear,peak,-,direct,none,p1.0|n10,mape,29.834736310675954,5,16,arm4_bstar_o1a,physics
iter05b_arm4_bstar_o1a,0,bstar_2023,HP_Peak,anchor_only_Linear,peak,-,direct,none,p1.0|n10,r2,-9.770076296523827,5,16,arm4_bstar_o1a,physics
iter05b_arm4_bstar_o1a,0,bstar_2023,HP_Peak,anchor_only_Linear,peak,-,direct,none,p1.0|n10,n_pred_nan,0.0,5,16,arm4_bstar_o1a,physics
iter05b_arm4_bstar_o1a,0,bstar_2023,HP_Peak,anchor_only_Linear,peak,-,direct,none,p1.0|n10,mape_n_excluded,0.0,5,16,arm4_bstar_o1a,physics
iter05b_arm4_bstar_o1a,0,bstar_2023,HP_Peak,anchor_only_Linear,size+peak,-,direct,none,all,wape,18.384397275006,135,20,arm4_bstar_o1a,physics
iter05b_arm4_bstar_o1a,0,bstar_2023,HP_Peak,anchor_only_Linear,size+peak,-,direct,none,all,rmse,8.771903322201828,135,20,arm4_bstar_o1a,physics
iter05b_arm4_bstar_o1a,0,bstar_2023,HP_Peak,anchor_only_Linear,size+peak,-,direct,none,all,mae,6.606441876339574,135,20,arm4_bstar_o1a,physics
iter05b_arm4_bstar_o1a,0,bstar_2023,HP_Peak,anchor_only_Linear,size+peak,-,direct,none,all,mape,42.732685454651744,135,20,arm4_bstar_o1a,physics
iter05b_arm4_bstar_o1a,0,bstar_2023,HP_Peak,anchor_only_Linear,size+peak,-,direct,none,all,r2,0.9149567592664046,135,20,arm4_bstar_o1a,physics
iter05b_arm4_bstar_o1a,0,bstar_2023,HP_Peak,anchor_only_Linear,size+peak,-,direct,none,all,n_pred_nan,0.0,135,20,arm4_bstar_o1a,physics
iter05b_arm4_bstar_o1a,0,bstar_2023,HP_Peak,anchor_only_Linear,size+peak,-,direct,none,all,mape_n_excluded,0.0,135,20,arm4_bstar_o1a,physics
iter05b_arm4_bstar_o1a,0,bstar_2023,HP_Peak,anchor_only_Linear,size+peak,-,direct,none,all,wape_train,20.972759755167203,135,20,arm4_bstar_o1a,physics
iter05b_arm4_bstar_o1a,0,bstar_2023,HP_Peak,anchor_only_Linear,size+peak,-,direct,none,all,wape_inner,42.510367064434924,135,20,arm4_bstar_o1a,physics
iter05b_arm4_bstar_o1a,0,bstar_2023,HP_Peak,anchor_only_Linear,size+peak,-,direct,none,all,n_train_sub,500.0,135,20,arm4_bstar_o1a,physics
iter05b_arm4_bstar_o1a,0,bstar_2023,HP_Peak,anchor_only_Linear,size+peak,-,direct,none,all,n_inner_sub,440.0,135,20,arm4_bstar_o1a,physics
iter05b_arm4_bstar_o1a,0,bstar_2023,HP_Peak,anchor_only_Linear,size+peak,-,direct,none,all,n_test_sub,135.0,135,20,arm4_bstar_o1a,physics
iter05b_arm4_bstar_o1a,0,bstar_2023,HP_Peak,anchor_only_Linear,size+peak,-,direct,none,all,n_overlap_sub,0.0,135,20,arm4_bstar_o1a,physics
iter05b_arm4_bstar_o1a,0,bstar_2023,HP_Peak,anchor_only_Linear,size+peak,-,direct,none,pbin<=15,wape,24.934534161424164,75,20,arm4_bstar_o1a,physics
iter05b_arm4_bstar_o1a,0,bstar_2023,HP_Peak,anchor_only_Linear,size+peak,-,direct,none,pbin<=15,rmse,8.864423183284204,75,20,arm4_bstar_o1a,physics
iter05b_arm4_bstar_o1a,0,bstar_2023,HP_Peak,anchor_only_Linear,size+peak,-,direct,none,pbin<=15,mae,6.468577559435881,75,20,arm4_bstar_o1a,physics
iter05b_arm4_bstar_o1a,0,bstar_2023,HP_Peak,anchor_only_Linear,size+peak,-,direct,none,pbin<=15,mape,60.0907156475893,75,20,arm4_bstar_o1a,physics
iter05b_arm4_bstar_o1a,0,bstar_2023,HP_Peak,anchor_only_Linear,size+peak,-,direct,none,pbin<=15,r2,0.8991037133815941,75,20,arm4_bstar_o1a,physics
iter05b_arm4_bstar_o1a,0,bstar_2023,HP_Peak,anchor_only_Linear,size+peak,-,direct,none,pbin<=15,n_pred_nan,0.0,75,20,arm4_bstar_o1a,physics
iter05b_arm4_bstar_o1a,0,bstar_2023,HP_Peak,anchor_only_Linear,size+peak,-,direct,none,pbin<=15,mape_n_excluded,0.0,75,20,arm4_bstar_o1a,physics
iter05b_arm4_bstar_o1a,0,bstar_2023,HP_Peak,anchor_only_Linear,size+peak,-,direct,none,pbin15-35,wape,20.039913668850883,40,20,arm4_bstar_o1a,physics
iter05b_arm4_bstar_o1a,0,bstar_2023,HP_Peak,anchor_only_Linear,size+peak,-,direct,none,pbin15-35,rmse,9.56269803440285,40,20,arm4_bstar_o1a,physics
iter05b_arm4_bstar_o1a,0,bstar_2023,HP_Peak,anchor_only_Linear,size+peak,-,direct,none,pbin15-35,mae,7.790323795075733,40,20,arm4_bstar_o1a,physics
iter05b_arm4_bstar_o1a,0,bstar_2023,HP_Peak,anchor_only_Linear,size+peak,-,direct,none,pbin15-35,mape,27.286463378782887,40,20,arm4_bstar_o1a,physics
iter05b_arm4_bstar_o1a,0,bstar_2023,HP_Peak,anchor_only_Linear,size+peak,-,direct,none,pbin15-35,r2,0.8731206624957576,40,20,arm4_bstar_o1a,physics
iter05b_arm4_bstar_o1a,0,bstar_2023,HP_Peak,anchor_only_Linear,size+peak,-,direct,none,pbin15-35,n_pred_nan,0.0,40,20,arm4_bstar_o1a,physics
iter05b_arm4_bstar_o1a,0,bstar_2023,HP_Peak,anchor_only_Linear,size+peak,-,direct,none,pbin15-35,mape_n_excluded,0.0,40,20,arm4_bstar_o1a,physics
iter05b_arm4_bstar_o1a,0,bstar_2023,HP_Peak,anchor_only_Linear,size+peak,-,direct,none,pbin35-65,wape,7.787294457374936,10,16,arm4_bstar_o1a,physics
iter05b_arm4_bstar_o1a,0,bstar_2023,HP_Peak,anchor_only_Linear,size+peak,-,direct,none,pbin35-65,rmse,5.548059797350221,10,16,arm4_bstar_o1a,physics
iter05b_arm4_bstar_o1a,0,bstar_2023,HP_Peak,anchor_only_Linear,size+peak,-,direct,none,pbin35-65,mae,4.854404059382591,10,16,arm4_bstar_o1a,physics
iter05b_arm4_bstar_o1a,0,bstar_2023,HP_Peak,anchor_only_Linear,size+peak,-,direct,none,pbin35-65,mape,9.756975825097422,10,16,arm4_bstar_o1a,physics
iter05b_arm4_bstar_o1a,0,bstar_2023,HP_Peak,anchor_only_Linear,size+peak,-,direct,none,pbin35-65,r2,0.9395957231044026,10,16,arm4_bstar_o1a,physics
iter05b_arm4_bstar_o1a,0,bstar_2023,HP_Peak,anchor_only_Linear,size+peak,-,direct,none,pbin35-65,n_pred_nan,0.0,10,16,arm4_bstar_o1a,physics
iter05b_arm4_bstar_o1a,0,bstar_2023,HP_Peak,anchor_only_Linear,size+peak,-,direct,none,pbin35-65,mape_n_excluded,0.0,10,16,arm4_bstar_o1a,physics
iter05b_arm4_bstar_o1a,0,bstar_2023,HP_Peak,anchor_only_Linear,size+peak,-,direct,none,pbin>65,wape,6.403690313395945,10,16,arm4_bstar_o1a,physics
iter05b_arm4_bstar_o1a,0,bstar_2023,HP_Peak,anchor_only_Linear,size+peak,-,direct,none,pbin>65,rmse,7.271736826473302,10,16,arm4_bstar_o1a,physics
iter05b_arm4_bstar_o1a,0,bstar_2023,HP_Peak,anchor_only_Linear,size+peak,-,direct,none,pbin>65,mae,4.656934395129611,10,16,arm4_bstar_o1a,physics
iter05b_arm4_bstar_o1a,0,bstar_2023,HP_Peak,anchor_only_Linear,size+peak,-,direct,none,pbin>65,mape,7.308056940649832,10,16,arm4_bstar_o1a,physics
iter05b_arm4_bstar_o1a,0,bstar_2023,HP_Peak,anchor_only_Linear,size+peak,-,direct,none,pbin>65,r2,0.6410039317443141,10,16,arm4_bstar_o1a,physics
iter05b_arm4_bstar_o1a,0,bstar_2023,HP_Peak,anchor_only_Linear,size+peak,-,direct,none,pbin>65,n_pred_nan,0.0,10,16,arm4_bstar_o1a,physics
iter05b_arm4_bstar_o1a,0,bstar_2023,HP_Peak,anchor_only_Linear,size+peak,-,direct,none,pbin>65,mape_n_excluded,0.0,10,16,arm4_bstar_o1a,physics
iter05b_arm4_bstar_o1a,0,bstar_2023,HP_Peak,anchor_only_Linear,size+peak,-,direct,none,p0.05|n10,wape,105.34669369414125,10,9,arm4_bstar_o1a,physics
iter05b_arm4_bstar_o1a,0,bstar_2023,HP_Peak,anchor_only_Linear,size+peak,-,direct,none,p0.05|n10,rmse,7.563279258577545,10,9,arm4_bstar_o1a,physics
iter05b_arm4_bstar_o1a,0,bstar_2023,HP_Peak,anchor_only_Linear,size+peak,-,direct,none,p0.05|n10,mae,5.781301819449173,10,9,arm4_bstar_o1a,physics
iter05b_arm4_bstar_o1a,0,bstar_2023,HP_Peak,anchor_only_Linear,size+peak,-,direct,none,p0.05|n10,mape,118.21902939461553,10,9,arm4_bstar_o1a,physics
iter05b_arm4_bstar_o1a,0,bstar_2023,HP_Peak,anchor_only_Linear,size+peak,-,direct,none,p0.05|n10,r2,-12.426872154338085,10,9,arm4_bstar_o1a,physics
iter05b_arm4_bstar_o1a,0,bstar_2023,HP_Peak,anchor_only_Linear,size+peak,-,direct,none,p0.05|n10,n_pred_nan,0.0,10,9,arm4_bstar_o1a,physics
iter05b_arm4_bstar_o1a,0,bstar_2023,HP_Peak,anchor_only_Linear,size+peak,-,direct,none,p0.05|n10,mape_n_excluded,0.0,10,9,arm4_bstar_o1a,physics
iter05b_arm4_bstar_o1a,0,bstar_2023,HP_Peak,anchor_only_Linear,size+peak,-,direct,none,p0.05|n20,wape,129.11112593329045,10,7,arm4_bstar_o1a,physics
iter05b_arm4_bstar_o1a,0,bstar_2023,HP_Peak,anchor_only_Linear,size+peak,-,direct,none,p0.05|n20,rmse,9.41998702450246,10,7,arm4_bstar_o1a,physics
iter05b_arm4_bstar_o1a,0,bstar_2023,HP_Peak,anchor_only_Linear,size+peak,-,direct,none,p0.05|n20,mae,7.341858212635768,10,7,arm4_bstar_o1a,physics
iter05b_arm4_bstar_o1a,0,bstar_2023,HP_Peak,anchor_only_Linear,size+peak,-,direct,none,p0.05|n20,mape,157.80906001135946,10,7,arm4_bstar_o1a,physics
iter05b_arm4_bstar_o1a,0,bstar_2023,HP_Peak,anchor_only_Linear,size+peak,-,direct,none,p0.05|n20,r2,-24.507443262920617,10,7,arm4_bstar_o1a,physics
iter05b_arm4_bstar_o1a,0,bstar_2023,HP_Peak,anchor_only_Linear,size+peak,-,direct,none,p0.05|n20,n_pred_nan,0.0,10,7,arm4_bstar_o1a,physics
iter05b_arm4_bstar_o1a,0,bstar_2023,HP_Peak,anchor_only_Linear,size+peak,-,direct,none,p0.05|n20,mape_n_excluded,0.0,10,7,arm4_bstar_o1a,physics
iter05b_arm4_bstar_o1a,0,bstar_2023,HP_Peak,anchor_only_Linear,size+peak,-,direct,none,p0.05|n40,wape,47.31989665856579,10,13,arm4_bstar_o1a,physics
iter05b_arm4_bstar_o1a,0,bstar_2023,HP_Peak,anchor_only_Linear,size+peak,-,direct,none,p0.05|n40,rmse,8.8657638326078,10,13,arm4_bstar_o1a,physics
iter05b_arm4_bstar_o1a,0,bstar_2023,HP_Peak,anchor_only_Linear,size+peak,-,direct,none,p0.05|n40,mae,6.918991689845453,10,13,arm4_bstar_o1a,physics
iter05b_arm4_bstar_o1a,0,bstar_2023,HP_Peak,anchor_only_Linear,size+peak,-,direct,none,p0.05|n40,mape,59.56220874203056,10,13,arm4_bstar_o1a,physics
iter05b_arm4_bstar_o1a,0,bstar_2023,HP_Peak,anchor_only_Linear,size+peak,-,direct,none,p0.05|n40,r2,-1.3726985938874048,10,13,arm4_bstar_o1a,physics
iter05b_arm4_bstar_o1a,0,bstar_2023,HP_Peak,anchor_only_Linear,size+peak,-,direct,none,p0.05|n40,n_pred_nan,0.0,10,13,arm4_bstar_o1a,physics
iter05b_arm4_bstar_o1a,0,bstar_2023,HP_Peak,anchor_only_Linear,size+peak,-,direct,none,p0.05|n40,mape_n_excluded,0.0,10,13,arm4_bstar_o1a,physics
iter05b_arm4_bstar_o1a,0,bstar_2023,HP_Peak,anchor_only_Linear,size+peak,-,direct,none,p0.05|n80,wape,26.65750160093613,5,12,arm4_bstar_o1a,physics
iter05b_arm4_bstar_o1a,0,bstar_2023,HP_Peak,anchor_only_Linear,size+peak,-,direct,none,p0.05|n80,rmse,10.735661878081228,5,12,arm4_bstar_o1a,physics
iter05b_arm4_bstar_o1a,0,bstar_2023,HP_Peak,anchor_only_Linear,size+peak,-,direct,none,p0.05|n80,mae,9.027986451542514,5,12,arm4_bstar_o1a,physics
iter05b_arm4_bstar_o1a,0,bstar_2023,HP_Peak,anchor_only_Linear,size+peak,-,direct,none,p0.05|n80,mape,27.275819378819914,5,12,arm4_bstar_o1a,physics
iter05b_arm4_bstar_o1a,0,bstar_2023,HP_Peak,anchor_only_Linear,size+peak,-,direct,none,p0.05|n80,r2,-4.21827710003858,5,12,arm4_bstar_o1a,physics
iter05b_arm4_bstar_o1a,0,bstar_2023,HP_Peak,anchor_only_Linear,size+peak,-,direct,none,p0.05|n80,n_pred_nan,0.0,5,12,arm4_bstar_o1a,physics
iter05b_arm4_bstar_o1a,0,bstar_2023,HP_Peak,anchor_only_Linear,size+peak,-,direct,none,p0.05|n80,mape_n_excluded,0.0,5,12,arm4_bstar_o1a,physics
iter05b_arm4_bstar_o1a,0,bstar_2023,HP_Peak,anchor_only_Linear,size+peak,-,direct,none,p0.05|n120,wape,18.045062836123606,5,15,arm4_bstar_o1a,physics
iter05b_arm4_bstar_o1a,0,bstar_2023,HP_Peak,anchor_only_Linear,size+peak,-,direct,none,p0.05|n120,rmse,9.253136400463076,5,15,arm4_bstar_o1a,physics
iter05b_arm4_bstar_o1a,0,bstar_2023,HP_Peak,anchor_only_Linear,size+peak,-,direct,none,p0.05|n120,mae,8.192587441529087,5,15,arm4_bstar_o1a,physics
iter05b_arm4_bstar_o1a,0,bstar_2023,HP_Peak,anchor_only_Linear,size+peak,-,direct,none,p0.05|n120,mape,18.198993885040025,5,15,arm4_bstar_o1a,physics
iter05b_arm4_bstar_o1a,0,bstar_2023,HP_Peak,anchor_only_Linear,size+peak,-,direct,none,p0.05|n120,r2,-6.7410274011122215,5,15,arm4_bstar_o1a,physics
iter05b_arm4_bstar_o1a,0,bstar_2023,HP_Peak,anchor_only_Linear,size+peak,-,direct,none,p0.05|n120,n_pred_nan,0.0,5,15,arm4_bstar_o1a,physics
iter05b_arm4_bstar_o1a,0,bstar_2023,HP_Peak,anchor_only_Linear,size+peak,-,direct,none,p0.05|n120,mape_n_excluded,0.0,5,15,arm4_bstar_o1a,physics
iter05b_arm4_bstar_o1a,0,bstar_2023,HP_Peak,anchor_only_Linear,size+peak,-,direct,none,p0.1|n10,wape,42.169394725693756,10,9,arm4_bstar_o1a,physics
iter05b_arm4_bstar_o1a,0,bstar_2023,HP_Peak,anchor_only_Linear,size+peak,-,direct,none,p0.1|n10,rmse,4.062110086878368,10,9,arm4_bstar_o1a,physics
iter05b_arm4_bstar_o1a,0,bstar_2023,HP_Peak,anchor_only_Linear,size+peak,-,direct,none,p0.1|n10,mae,3.416565541418772,10,9,arm4_bstar_o1a,physics
iter05b_arm4_bstar_o1a,0,bstar_2023,HP_Peak,anchor_only_Linear,size+peak,-,direct,none,p0.1|n10,mape,48.23559544861703,10,9,arm4_bstar_o1a,physics
iter05b_arm4_bstar_o1a,0,bstar_2023,HP_Peak,anchor_only_Linear,size+peak,-,direct,none,p0.1|n10,r2,-1.2521649752457193,10,9,arm4_bstar_o1a,physics
iter05b_arm4_bstar_o1a,0,bstar_2023,HP_Peak,anchor_only_Linear,size+peak,-,direct,none,p0.1|n10,n_pred_nan,0.0,10,9,arm4_bstar_o1a,physics
iter05b_arm4_bstar_o1a,0,bstar_2023,HP_Peak,anchor_only_Linear,size+peak,-,direct,none,p0.1|n10,mape_n_excluded,0.0,10,9,arm4_bstar_o1a,physics
iter05b_arm4_bstar_o1a,0,bstar_2023,HP_Peak,anchor_only_Linear,size+peak,-,direct,none,p0.1|n20,wape,25.795764163705332,10,11,arm4_bstar_o1a,physics
iter05b_arm4_bstar_o1a,0,bstar_2023,HP_Peak,anchor_only_Linear,size+peak,-,direct,none,p0.1|n20,rmse,3.788793162397145,10,11,arm4_bstar_o1a,physics
iter05b_arm4_bstar_o1a,0,bstar_2023,HP_Peak,anchor_only_Linear,size+peak,-,direct,none,p0.1|n20,mae,3.541691247506877,10,11,arm4_bstar_o1a,physics
iter05b_arm4_bstar_o1a,0,bstar_2023,HP_Peak,anchor_only_Linear,size+peak,-,direct,none,p0.1|n20,mape,27.960461849172408,10,11,arm4_bstar_o1a,physics
iter05b_arm4_bstar_o1a,0,bstar_2023,HP_Peak,anchor_only_Linear,size+peak,-,direct,none,p0.1|n20,r2,0.4099780921513203,10,11,arm4_bstar_o1a,physics
iter05b_arm4_bstar_o1a,0,bstar_2023,HP_Peak,anchor_only_Linear,size+peak,-,direct,none,p0.1|n20,n_pred_nan,0.0,10,11,arm4_bstar_o1a,physics
iter05b_arm4_bstar_o1a,0,bstar_2023,HP_Peak,anchor_only_Linear,size+peak,-,direct,none,p0.1|n20,mape_n_excluded,0.0,10,11,arm4_bstar_o1a,physics
iter05b_arm4_bstar_o1a,0,bstar_2023,HP_Peak,anchor_only_Linear,size+peak,-,direct,none,p0.1|n40,wape,8.161839196709467,5,12,arm4_bstar_o1a,physics
iter05b_arm4_bstar_o1a,0,bstar_2023,HP_Peak,anchor_only_Linear,size+peak,-,direct,none,p0.1|n40,rmse,4.51551431670449,5,12,arm4_bstar_o1a,physics
iter05b_arm4_bstar_o1a,0,bstar_2023,HP_Peak,anchor_only_Linear,size+peak,-,direct,none,p0.1|n40,mae,3.5383356116363673,5,12,arm4_bstar_o1a,physics
iter05b_arm4_bstar_o1a,0,bstar_2023,HP_Peak,anchor_only_Linear,size+peak,-,direct,none,p0.1|n40,mape,7.90426730889143,5,12,arm4_bstar_o1a,physics
iter05b_arm4_bstar_o1a,0,bstar_2023,HP_Peak,anchor_only_Linear,size+peak,-,direct,none,p0.1|n40,r2,0.1506538814086511,5,12,arm4_bstar_o1a,physics
iter05b_arm4_bstar_o1a,0,bstar_2023,HP_Peak,anchor_only_Linear,size+peak,-,direct,none,p0.1|n40,n_pred_nan,0.0,5,12,arm4_bstar_o1a,physics
iter05b_arm4_bstar_o1a,0,bstar_2023,HP_Peak,anchor_only_Linear,size+peak,-,direct,none,p0.1|n40,mape_n_excluded,0.0,5,12,arm4_bstar_o1a,physics
iter05b_arm4_bstar_o1a,0,bstar_2023,HP_Peak,anchor_only_Linear,size+peak,-,direct,none,p0.1|n80,wape,10.024936177804888,5,13,arm4_bstar_o1a,physics
iter05b_arm4_bstar_o1a,0,bstar_2023,HP_Peak,anchor_only_Linear,size+peak,-,direct,none,p0.1|n80,rmse,8.559418479785283,5,13,arm4_bstar_o1a,physics
iter05b_arm4_bstar_o1a,0,bstar_2023,HP_Peak,anchor_only_Linear,size+peak,-,direct,none,p0.1|n80,mae,6.855192349085452,5,13,arm4_bstar_o1a,physics
iter05b_arm4_bstar_o1a,0,bstar_2023,HP_Peak,anchor_only_Linear,size+peak,-,direct,none,p0.1|n80,mape,10.038528597516116,5,13,arm4_bstar_o1a,physics
iter05b_arm4_bstar_o1a,0,bstar_2023,HP_Peak,anchor_only_Linear,size+peak,-,direct,none,p0.1|n80,r2,0.41001837506225836,5,13,arm4_bstar_o1a,physics
iter05b_arm4_bstar_o1a,0,bstar_2023,HP_Peak,anchor_only_Linear,size+peak,-,direct,none,p0.1|n80,n_pred_nan,0.0,5,13,arm4_bstar_o1a,physics
iter05b_arm4_bstar_o1a,0,bstar_2023,HP_Peak,anchor_only_Linear,size+peak,-,direct,none,p0.1|n80,mape_n_excluded,0.0,5,13,arm4_bstar_o1a,physics
iter05b_arm4_bstar_o1a,0,bstar_2023,HP_Peak,anchor_only_Linear,size+peak,-,direct,none,p0.1|n120,wape,14.98267742440921,5,16,arm4_bstar_o1a,physics
iter05b_arm4_bstar_o1a,0,bstar_2023,HP_Peak,anchor_only_Linear,size+peak,-,direct,none,p0.1|n120,rmse,19.322211936286916,5,16,arm4_bstar_o1a,physics
iter05b_arm4_bstar_o1a,0,bstar_2023,HP_Peak,anchor_only_Linear,size+peak,-,direct,none,p0.1|n120,mae,15.413744516032711,5,16,arm4_bstar_o1a,physics
iter05b_arm4_bstar_o1a,0,bstar_2023,HP_Peak,anchor_only_Linear,size+peak,-,direct,none,p0.1|n120,mape,14.370414651981953,5,16,arm4_bstar_o1a,physics
iter05b_arm4_bstar_o1a,0,bstar_2023,HP_Peak,anchor_only_Linear,size+peak,-,direct,none,p0.1|n120,r2,-7.7792296923848365,5,16,arm4_bstar_o1a,physics
iter05b_arm4_bstar_o1a,0,bstar_2023,HP_Peak,anchor_only_Linear,size+peak,-,direct,none,p0.1|n120,n_pred_nan,0.0,5,16,arm4_bstar_o1a,physics
iter05b_arm4_bstar_o1a,0,bstar_2023,HP_Peak,anchor_only_Linear,size+peak,-,direct,none,p0.1|n120,mape_n_excluded,0.0,5,16,arm4_bstar_o1a,physics
iter05b_arm4_bstar_o1a,0,bstar_2023,HP_Peak,anchor_only_Linear,size+peak,-,direct,none,p0.2|n10,wape,39.90445097346818,10,12,arm4_bstar_o1a,physics
iter05b_arm4_bstar_o1a,0,bstar_2023,HP_Peak,anchor_only_Linear,size+peak,-,direct,none,p0.2|n10,rmse,6.633807952121759,10,12,arm4_bstar_o1a,physics
iter05b_arm4_bstar_o1a,0,bstar_2023,HP_Peak,anchor_only_Linear,size+peak,-,direct,none,p0.2|n10,mae,5.493315197045509,10,12,arm4_bstar_o1a,physics
iter05b_arm4_bstar_o1a,0,bstar_2023,HP_Peak,anchor_only_Linear,size+peak,-,direct,none,p0.2|n10,mape,41.44026761581179,10,12,arm4_bstar_o1a,physics
iter05b_arm4_bstar_o1a,0,bstar_2023,HP_Peak,anchor_only_Linear,size+peak,-,direct,none,p0.2|n10,r2,-4.218151567284591,10,12,arm4_bstar_o1a,physics
iter05b_arm4_bstar_o1a,0,bstar_2023,HP_Peak,anchor_only_Linear,size+peak,-,direct,none,p0.2|n10,n_pred_nan,0.0,10,12,arm4_bstar_o1a,physics
iter05b_arm4_bstar_o1a,0,bstar_2023,HP_Peak,anchor_only_Linear,size+peak,-,direct,none,p0.2|n10,mape_n_excluded,0.0,10,12,arm4_bstar_o1a,physics
iter05b_arm4_bstar_o1a,0,bstar_2023,HP_Peak,anchor_only_Linear,size+peak,-,direct,none,p0.2|n20,wape,16.559022424388743,5,9,arm4_bstar_o1a,physics
iter05b_arm4_bstar_o1a,0,bstar_2023,HP_Peak,anchor_only_Linear,size+peak,-,direct,none,p0.2|n20,rmse,6.119091843991743,5,9,arm4_bstar_o1a,physics
iter05b_arm4_bstar_o1a,0,bstar_2023,HP_Peak,anchor_only_Linear,size+peak,-,direct,none,p0.2|n20,mae,5.897961211212344,5,9,arm4_bstar_o1a,physics
iter05b_arm4_bstar_o1a,0,bstar_2023,HP_Peak,anchor_only_Linear,size+peak,-,direct,none,p0.2|n20,mape,18.323937884250277,5,9,arm4_bstar_o1a,physics
iter05b_arm4_bstar_o1a,0,bstar_2023,HP_Peak,anchor_only_Linear,size+peak,-,direct,none,p0.2|n20,r2,0.20908913635237292,5,9,arm4_bstar_o1a,physics
iter05b_arm4_bstar_o1a,0,bstar_2023,HP_Peak,anchor_only_Linear,size+peak,-,direct,none,p0.2|n20,n_pred_nan,0.0,5,9,arm4_bstar_o1a,physics
iter05b_arm4_bstar_o1a,0,bstar_2023,HP_Peak,anchor_only_Linear,size+peak,-,direct,none,p0.2|n20,mape_n_excluded,0.0,5,9,arm4_bstar_o1a,physics
iter05b_arm4_bstar_o1a,0,bstar_2023,HP_Peak,anchor_only_Linear,size+peak,-,direct,none,p0.2|n40,wape,25.996224063242707,5,15,arm4_bstar_o1a,physics
iter05b_arm4_bstar_o1a,0,bstar_2023,HP_Peak,anchor_only_Linear,size+peak,-,direct,none,p0.2|n40,rmse,16.698610554949777,5,15,arm4_bstar_o1a,physics
iter05b_arm4_bstar_o1a,0,bstar_2023,HP_Peak,anchor_only_Linear,size+peak,-,direct,none,p0.2|n40,mae,15.832231401395159,5,15,arm4_bstar_o1a,physics
iter05b_arm4_bstar_o1a,0,bstar_2023,HP_Peak,anchor_only_Linear,size+peak,-,direct,none,p0.2|n40,mape,26.444013365781245,5,15,arm4_bstar_o1a,physics
iter05b_arm4_bstar_o1a,0,bstar_2023,HP_Peak,anchor_only_Linear,size+peak,-,direct,none,p0.2|n40,r2,-12.756196857669964,5,15,arm4_bstar_o1a,physics
iter05b_arm4_bstar_o1a,0,bstar_2023,HP_Peak,anchor_only_Linear,size+peak,-,direct,none,p0.2|n40,n_pred_nan,0.0,5,15,arm4_bstar_o1a,physics
iter05b_arm4_bstar_o1a,0,bstar_2023,HP_Peak,anchor_only_Linear,size+peak,-,direct,none,p0.2|n40,mape_n_excluded,0.0,5,15,arm4_bstar_o1a,physics
iter05b_arm4_bstar_o1a,0,bstar_2023,HP_Peak,anchor_only_Linear,size+peak,-,direct,none,p0.3|n10,wape,34.56957997103465,10,14,arm4_bstar_o1a,physics
iter05b_arm4_bstar_o1a,0,bstar_2023,HP_Peak,anchor_only_Linear,size+peak,-,direct,none,p0.3|n10,rmse,8.979406138820362,10,14,arm4_bstar_o1a,physics
iter05b_arm4_bstar_o1a,0,bstar_2023,HP_Peak,anchor_only_Linear,size+peak,-,direct,none,p0.3|n10,mae,7.00784458511127,10,14,arm4_bstar_o1a,physics
iter05b_arm4_bstar_o1a,0,bstar_2023,HP_Peak,anchor_only_Linear,size+peak,-,direct,none,p0.3|n10,mape,34.05122350520858,10,14,arm4_bstar_o1a,physics
iter05b_arm4_bstar_o1a,0,bstar_2023,HP_Peak,anchor_only_Linear,size+peak,-,direct,none,p0.3|n10,r2,-7.991651772578962,10,14,arm4_bstar_o1a,physics
iter05b_arm4_bstar_o1a,0,bstar_2023,HP_Peak,anchor_only_Linear,size+peak,-,direct,none,p0.3|n10,n_pred_nan,0.0,10,14,arm4_bstar_o1a,physics
iter05b_arm4_bstar_o1a,0,bstar_2023,HP_Peak,anchor_only_Linear,size+peak,-,direct,none,p0.3|n10,mape_n_excluded,0.0,10,14,arm4_bstar_o1a,physics
iter05b_arm4_bstar_o1a,0,bstar_2023,HP_Peak,anchor_only_Linear,size+peak,-,direct,none,p0.3|n20,wape,14.241746472593714,5,14,arm4_bstar_o1a,physics
iter05b_arm4_bstar_o1a,0,bstar_2023,HP_Peak,anchor_only_Linear,size+peak,-,direct,none,p0.3|n20,rmse,9.899355778940473,5,14,arm4_bstar_o1a,physics
iter05b_arm4_bstar_o1a,0,bstar_2023,HP_Peak,anchor_only_Linear,size+peak,-,direct,none,p0.3|n20,mae,7.566910721940026,5,14,arm4_bstar_o1a,physics
iter05b_arm4_bstar_o1a,0,bstar_2023,HP_Peak,anchor_only_Linear,size+peak,-,direct,none,p0.3|n20,mape,13.908836848378408,5,14,arm4_bstar_o1a,physics
iter05b_arm4_bstar_o1a,0,bstar_2023,HP_Peak,anchor_only_Linear,size+peak,-,direct,none,p0.3|n20,r2,-3.68845590581543,5,14,arm4_bstar_o1a,physics
iter05b_arm4_bstar_o1a,0,bstar_2023,HP_Peak,anchor_only_Linear,size+peak,-,direct,none,p0.3|n20,n_pred_nan,0.0,5,14,arm4_bstar_o1a,physics
iter05b_arm4_bstar_o1a,0,bstar_2023,HP_Peak,anchor_only_Linear,size+peak,-,direct,none,p0.3|n20,mape_n_excluded,0.0,5,14,arm4_bstar_o1a,physics
iter05b_arm4_bstar_o1a,0,bstar_2023,HP_Peak,anchor_only_Linear,size+peak,-,direct,none,p0.3|n40,wape,8.602568110893431,5,16,arm4_bstar_o1a,physics
iter05b_arm4_bstar_o1a,0,bstar_2023,HP_Peak,anchor_only_Linear,size+peak,-,direct,none,p0.3|n40,rmse,8.246401650126636,5,16,arm4_bstar_o1a,physics
iter05b_arm4_bstar_o1a,0,bstar_2023,HP_Peak,anchor_only_Linear,size+peak,-,direct,none,p0.3|n40,mae,8.023167461744785,5,16,arm4_bstar_o1a,physics
iter05b_arm4_bstar_o1a,0,bstar_2023,HP_Peak,anchor_only_Linear,size+peak,-,direct,none,p0.3|n40,mape,8.63193668981242,5,16,arm4_bstar_o1a,physics
iter05b_arm4_bstar_o1a,0,bstar_2023,HP_Peak,anchor_only_Linear,size+peak,-,direct,none,p0.3|n40,r2,-1.117858890831032,5,16,arm4_bstar_o1a,physics
iter05b_arm4_bstar_o1a,0,bstar_2023,HP_Peak,anchor_only_Linear,size+peak,-,direct,none,p0.3|n40,n_pred_nan,0.0,5,16,arm4_bstar_o1a,physics
iter05b_arm4_bstar_o1a,0,bstar_2023,HP_Peak,anchor_only_Linear,size+peak,-,direct,none,p0.3|n40,mape_n_excluded,0.0,5,16,arm4_bstar_o1a,physics
iter05b_arm4_bstar_o1a,0,bstar_2023,HP_Peak,anchor_only_Linear,size+peak,-,direct,none,p0.5|n10,wape,13.194510718812966,5,12,arm4_bstar_o1a,physics
iter05b_arm4_bstar_o1a,0,bstar_2023,HP_Peak,anchor_only_Linear,size+peak,-,direct,none,p0.5|n10,rmse,5.801040410044059,5,12,arm4_bstar_o1a,physics
iter05b_arm4_bstar_o1a,0,bstar_2023,HP_Peak,anchor_only_Linear,size+peak,-,direct,none,p0.5|n10,mae,5.452426881299248,5,12,arm4_bstar_o1a,physics
iter05b_arm4_bstar_o1a,0,bstar_2023,HP_Peak,anchor_only_Linear,size+peak,-,direct,none,p0.5|n10,mape,14.553177012614919,5,12,arm4_bstar_o1a,physics
iter05b_arm4_bstar_o1a,0,bstar_2023,HP_Peak,anchor_only_Linear,size+peak,-,direct,none,p0.5|n10,r2,0.5496069570884209,5,12,arm4_bstar_o1a,physics
iter05b_arm4_bstar_o1a,0,bstar_2023,HP_Peak,anchor_only_Linear,size+peak,-,direct,none,p0.5|n10,n_pred_nan,0.0,5,12,arm4_bstar_o1a,physics
iter05b_arm4_bstar_o1a,0,bstar_2023,HP_Peak,anchor_only_Linear,size+peak,-,direct,none,p0.5|n10,mape_n_excluded,0.0,5,12,arm4_bstar_o1a,physics
iter05b_arm4_bstar_o1a,0,bstar_2023,HP_Peak,anchor_only_Linear,size+peak,-,direct,none,p0.5|n20,wape,5.106542101777505,5,16,arm4_bstar_o1a,physics
iter05b_arm4_bstar_o1a,0,bstar_2023,HP_Peak,anchor_only_Linear,size+peak,-,direct,none,p0.5|n20,rmse,5.282978817957102,5,16,arm4_bstar_o1a,physics
iter05b_arm4_bstar_o1a,0,bstar_2023,HP_Peak,anchor_only_Linear,size+peak,-,direct,none,p0.5|n20,mae,4.256381237465933,5,16,arm4_bstar_o1a,physics
iter05b_arm4_bstar_o1a,0,bstar_2023,HP_Peak,anchor_only_Linear,size+peak,-,direct,none,p0.5|n20,mape,4.9607746375799255,5,16,arm4_bstar_o1a,physics
iter05b_arm4_bstar_o1a,0,bstar_2023,HP_Peak,anchor_only_Linear,size+peak,-,direct,none,p0.5|n20,r2,0.544462810174003,5,16,arm4_bstar_o1a,physics
iter05b_arm4_bstar_o1a,0,bstar_2023,HP_Peak,anchor_only_Linear,size+peak,-,direct,none,p0.5|n20,n_pred_nan,0.0,5,16,arm4_bstar_o1a,physics
iter05b_arm4_bstar_o1a,0,bstar_2023,HP_Peak,anchor_only_Linear,size+peak,-,direct,none,p0.5|n20,mape_n_excluded,0.0,5,16,arm4_bstar_o1a,physics
iter05b_arm4_bstar_o1a,0,bstar_2023,HP_Peak,anchor_only_Linear,size+peak,-,direct,none,p0.8|n10,wape,8.25351463927481,5,14,arm4_bstar_o1a,physics
iter05b_arm4_bstar_o1a,0,bstar_2023,HP_Peak,anchor_only_Linear,size+peak,-,direct,none,p0.8|n10,rmse,8.492733800164347,5,14,arm4_bstar_o1a,physics
iter05b_arm4_bstar_o1a,0,bstar_2023,HP_Peak,anchor_only_Linear,size+peak,-,direct,none,p0.8|n10,mae,5.36259588153069,5,14,arm4_bstar_o1a,physics
iter05b_arm4_bstar_o1a,0,bstar_2023,HP_Peak,anchor_only_Linear,size+peak,-,direct,none,p0.8|n10,mape,9.850965060300929,5,14,arm4_bstar_o1a,physics
iter05b_arm4_bstar_o1a,0,bstar_2023,HP_Peak,anchor_only_Linear,size+peak,-,direct,none,p0.8|n10,r2,0.39337666066539423,5,14,arm4_bstar_o1a,physics
iter05b_arm4_bstar_o1a,0,bstar_2023,HP_Peak,anchor_only_Linear,size+peak,-,direct,none,p0.8|n10,n_pred_nan,0.0,5,14,arm4_bstar_o1a,physics
iter05b_arm4_bstar_o1a,0,bstar_2023,HP_Peak,anchor_only_Linear,size+peak,-,direct,none,p0.8|n10,mape_n_excluded,0.0,5,14,arm4_bstar_o1a,physics
iter05b_arm4_bstar_o1a,0,bstar_2023,HP_Peak,anchor_only_Linear,size+peak,-,direct,none,p1.0|n10,wape,4.910130449996972,5,16,arm4_bstar_o1a,physics
iter05b_arm4_bstar_o1a,0,bstar_2023,HP_Peak,anchor_only_Linear,size+peak,-,direct,none,p1.0|n10,rmse,5.799119376812488,5,16,arm4_bstar_o1a,physics
iter05b_arm4_bstar_o1a,0,bstar_2023,HP_Peak,anchor_only_Linear,size+peak,-,direct,none,p1.0|n10,mae,3.9512729087285323,5,16,arm4_bstar_o1a,physics
iter05b_arm4_bstar_o1a,0,bstar_2023,HP_Peak,anchor_only_Linear,size+peak,-,direct,none,p1.0|n10,mape,4.765148820998735,5,16,arm4_bstar_o1a,physics
iter05b_arm4_bstar_o1a,0,bstar_2023,HP_Peak,anchor_only_Linear,size+peak,-,direct,none,p1.0|n10,r2,0.3950493203186578,5,16,arm4_bstar_o1a,physics
iter05b_arm4_bstar_o1a,0,bstar_2023,HP_Peak,anchor_only_Linear,size+peak,-,direct,none,p1.0|n10,n_pred_nan,0.0,5,16,arm4_bstar_o1a,physics
iter05b_arm4_bstar_o1a,0,bstar_2023,HP_Peak,anchor_only_Linear,size+peak,-,direct,none,p1.0|n10,mape_n_excluded,0.0,5,16,arm4_bstar_o1a,physics
iter05b_arm4_bstar_o1a,0,bstar_2023,HP_Peak,anchor_only_XGBoost,size,-,direct,none,all,wape,63.354172682527675,135,20,arm4_bstar_o1a,physics
iter05b_arm4_bstar_o1a,0,bstar_2023,HP_Peak,anchor_only_XGBoost,size,-,direct,none,all,rmse,27.834222093055285,135,20,arm4_bstar_o1a,physics
iter05b_arm4_bstar_o1a,0,bstar_2023,HP_Peak,anchor_only_XGBoost,size,-,direct,none,all,mae,22.766351988037254,135,20,arm4_bstar_o1a,physics
iter05b_arm4_bstar_o1a,0,bstar_2023,HP_Peak,anchor_only_XGBoost,size,-,direct,none,all,mape,147.5233461762025,135,20,arm4_bstar_o1a,physics
iter05b_arm4_bstar_o1a,0,bstar_2023,HP_Peak,anchor_only_XGBoost,size,-,direct,none,all,r2,0.14373083538720333,135,20,arm4_bstar_o1a,physics
iter05b_arm4_bstar_o1a,0,bstar_2023,HP_Peak,anchor_only_XGBoost,size,-,direct,none,all,n_pred_nan,0.0,135,20,arm4_bstar_o1a,physics
iter05b_arm4_bstar_o1a,0,bstar_2023,HP_Peak,anchor_only_XGBoost,size,-,direct,none,all,mape_n_excluded,0.0,135,20,arm4_bstar_o1a,physics
iter05b_arm4_bstar_o1a,0,bstar_2023,HP_Peak,anchor_only_XGBoost,size,-,direct,none,all,wape_train,71.70067324925724,135,20,arm4_bstar_o1a,physics
iter05b_arm4_bstar_o1a,0,bstar_2023,HP_Peak,anchor_only_XGBoost,size,-,direct,none,all,wape_inner,57.27861476552645,135,20,arm4_bstar_o1a,physics
iter05b_arm4_bstar_o1a,0,bstar_2023,HP_Peak,anchor_only_XGBoost,size,-,direct,none,all,n_train_sub,500.0,135,20,arm4_bstar_o1a,physics
iter05b_arm4_bstar_o1a,0,bstar_2023,HP_Peak,anchor_only_XGBoost,size,-,direct,none,all,n_inner_sub,440.0,135,20,arm4_bstar_o1a,physics
iter05b_arm4_bstar_o1a,0,bstar_2023,HP_Peak,anchor_only_XGBoost,size,-,direct,none,all,n_test_sub,135.0,135,20,arm4_bstar_o1a,physics
iter05b_arm4_bstar_o1a,0,bstar_2023,HP_Peak,anchor_only_XGBoost,size,-,direct,none,all,n_overlap_sub,0.0,135,20,arm4_bstar_o1a,physics
iter05b_arm4_bstar_o1a,0,bstar_2023,HP_Peak,anchor_only_XGBoost,size,-,direct,none,pbin<=15,wape,92.50516382285484,75,20,arm4_bstar_o1a,physics
iter05b_arm4_bstar_o1a,0,bstar_2023,HP_Peak,anchor_only_XGBoost,size,-,direct,none,pbin<=15,rmse,26.577470250186412,75,20,arm4_bstar_o1a,physics
iter05b_arm4_bstar_o1a,0,bstar_2023,HP_Peak,anchor_only_XGBoost,size,-,direct,none,pbin<=15,mae,23.997914818164052,75,20,arm4_bstar_o1a,physics
iter05b_arm4_bstar_o1a,0,bstar_2023,HP_Peak,anchor_only_XGBoost,size,-,direct,none,pbin<=15,mape,233.62269242773564,75,20,arm4_bstar_o1a,physics
iter05b_arm4_bstar_o1a,0,bstar_2023,HP_Peak,anchor_only_XGBoost,size,-,direct,none,pbin<=15,r2,0.0930120808972571,75,20,arm4_bstar_o1a,physics
iter05b_arm4_bstar_o1a,0,bstar_2023,HP_Peak,anchor_only_XGBoost,size,-,direct,none,pbin<=15,n_pred_nan,0.0,75,20,arm4_bstar_o1a,physics
iter05b_arm4_bstar_o1a,0,bstar_2023,HP_Peak,anchor_only_XGBoost,size,-,direct,none,pbin<=15,mape_n_excluded,0.0,75,20,arm4_bstar_o1a,physics
iter05b_arm4_bstar_o1a,0,bstar_2023,HP_Peak,anchor_only_XGBoost,size,-,direct,none,pbin15-35,wape,26.280461245614855,40,20,arm4_bstar_o1a,physics
iter05b_arm4_bstar_o1a,0,bstar_2023,HP_Peak,anchor_only_XGBoost,size,-,direct,none,pbin15-35,rmse,14.70061266807363,40,20,arm4_bstar_o1a,physics
iter05b_arm4_bstar_o1a,0,bstar_2023,HP_Peak,anchor_only_XGBoost,size,-,direct,none,pbin15-35,mae,10.21627667515889,40,20,arm4_bstar_o1a,physics
iter05b_arm4_bstar_o1a,0,bstar_2023,HP_Peak,anchor_only_XGBoost,size,-,direct,none,pbin15-35,mape,28.960704214899337,40,20,arm4_bstar_o1a,physics
iter05b_arm4_bstar_o1a,0,bstar_2023,HP_Peak,anchor_only_XGBoost,size,-,direct,none,pbin15-35,r2,0.7001521852931176,40,20,arm4_bstar_o1a,physics
iter05b_arm4_bstar_o1a,0,bstar_2023,HP_Peak,anchor_only_XGBoost,size,-,direct,none,pbin15-35,n_pred_nan,0.0,40,20,arm4_bstar_o1a,physics
iter05b_arm4_bstar_o1a,0,bstar_2023,HP_Peak,anchor_only_XGBoost,size,-,direct,none,pbin15-35,mape_n_excluded,0.0,40,20,arm4_bstar_o1a,physics
iter05b_arm4_bstar_o1a,0,bstar_2023,HP_Peak,anchor_only_XGBoost,size,-,direct,none,pbin35-65,wape,54.87205059325129,10,16,arm4_bstar_o1a,physics
iter05b_arm4_bstar_o1a,0,bstar_2023,HP_Peak,anchor_only_XGBoost,size,-,direct,none,pbin35-65,rmse,37.620652183931455,10,16,arm4_bstar_o1a,physics
iter05b_arm4_bstar_o1a,0,bstar_2023,HP_Peak,anchor_only_XGBoost,size,-,direct,none,pbin35-65,mae,34.205860148804305,10,16,arm4_bstar_o1a,physics
iter05b_arm4_bstar_o1a,0,bstar_2023,HP_Peak,anchor_only_XGBoost,size,-,direct,none,pbin35-65,mape,52.58163355140504,10,16,arm4_bstar_o1a,physics
iter05b_arm4_bstar_o1a,0,bstar_2023,HP_Peak,anchor_only_XGBoost,size,-,direct,none,pbin35-65,r2,-1.7773976480538614,10,16,arm4_bstar_o1a,physics
iter05b_arm4_bstar_o1a,0,bstar_2023,HP_Peak,anchor_only_XGBoost,size,-,direct,none,pbin35-65,n_pred_nan,0.0,10,16,arm4_bstar_o1a,physics
iter05b_arm4_bstar_o1a,0,bstar_2023,HP_Peak,anchor_only_XGBoost,size,-,direct,none,pbin35-65,mape_n_excluded,0.0,10,16,arm4_bstar_o1a,physics
iter05b_arm4_bstar_o1a,0,bstar_2023,HP_Peak,anchor_only_XGBoost,size,-,direct,none,pbin>65,wape,71.90388618314073,10,16,arm4_bstar_o1a,physics
iter05b_arm4_bstar_o1a,0,bstar_2023,HP_Peak,anchor_only_XGBoost,size,-,direct,none,pbin>65,rmse,53.68037774491514,10,16,arm4_bstar_o1a,physics
iter05b_arm4_bstar_o1a,0,bstar_2023,HP_Peak,anchor_only_XGBoost,size,-,direct,none,pbin>65,mae,52.29042385283268,10,16,arm4_bstar_o1a,physics
iter05b_arm4_bstar_o1a,0,bstar_2023,HP_Peak,anchor_only_XGBoost,size,-,direct,none,pbin>65,mape,70.97052975971458,10,16,arm4_bstar_o1a,physics
iter05b_arm4_bstar_o1a,0,bstar_2023,HP_Peak,anchor_only_XGBoost,size,-,direct,none,pbin>65,r2,-18.56340803329009,10,16,arm4_bstar_o1a,physics
iter05b_arm4_bstar_o1a,0,bstar_2023,HP_Peak,anchor_only_XGBoost,size,-,direct,none,pbin>65,n_pred_nan,0.0,10,16,arm4_bstar_o1a,physics
iter05b_arm4_bstar_o1a,0,bstar_2023,HP_Peak,anchor_only_XGBoost,size,-,direct,none,pbin>65,mape_n_excluded,0.0,10,16,arm4_bstar_o1a,physics
iter05b_arm4_bstar_o1a,0,bstar_2023,HP_Peak,anchor_only_XGBoost,size,-,direct,none,p0.05|n10,wape,272.315673632023,10,9,arm4_bstar_o1a,physics
iter05b_arm4_bstar_o1a,0,bstar_2023,HP_Peak,anchor_only_XGBoost,size,-,direct,none,p0.05|n10,rmse,15.086228799725271,10,9,arm4_bstar_o1a,physics
iter05b_arm4_bstar_o1a,0,bstar_2023,HP_Peak,anchor_only_XGBoost,size,-,direct,none,p0.05|n10,mae,14.944361747167935,10,9,arm4_bstar_o1a,physics
iter05b_arm4_bstar_o1a,0,bstar_2023,HP_Peak,anchor_only_XGBoost,size,-,direct,none,p0.05|n10,mape,314.76197271833695,10,9,arm4_bstar_o1a,physics
iter05b_arm4_bstar_o1a,0,bstar_2023,HP_Peak,anchor_only_XGBoost,size,-,direct,none,p0.05|n10,r2,-52.42148564009368,10,9,arm4_bstar_o1a,physics
iter05b_arm4_bstar_o1a,0,bstar_2023,HP_Peak,anchor_only_XGBoost,size,-,direct,none,p0.05|n10,n_pred_nan,0.0,10,9,arm4_bstar_o1a,physics
iter05b_arm4_bstar_o1a,0,bstar_2023,HP_Peak,anchor_only_XGBoost,size,-,direct,none,p0.05|n10,mape_n_excluded,0.0,10,9,arm4_bstar_o1a,physics
iter05b_arm4_bstar_o1a,0,bstar_2023,HP_Peak,anchor_only_XGBoost,size,-,direct,none,p0.05|n20,wape,530.1106950607908,10,7,arm4_bstar_o1a,physics
iter05b_arm4_bstar_o1a,0,bstar_2023,HP_Peak,anchor_only_XGBoost,size,-,direct,none,p0.05|n20,rmse,30.202203355525864,10,7,arm4_bstar_o1a,physics
iter05b_arm4_bstar_o1a,0,bstar_2023,HP_Peak,anchor_only_XGBoost,size,-,direct,none,p0.05|n20,mae,30.144555955224583,10,7,arm4_bstar_o1a,physics
iter05b_arm4_bstar_o1a,0,bstar_2023,HP_Peak,anchor_only_XGBoost,size,-,direct,none,p0.05|n20,mape,590.4639891172991,10,7,arm4_bstar_o1a,physics
iter05b_arm4_bstar_o1a,0,bstar_2023,HP_Peak,anchor_only_XGBoost,size,-,direct,none,p0.05|n20,r2,-261.2065733413304,10,7,arm4_bstar_o1a,physics
iter05b_arm4_bstar_o1a,0,bstar_2023,HP_Peak,anchor_only_XGBoost,size,-,direct,none,p0.05|n20,n_pred_nan,0.0,10,7,arm4_bstar_o1a,physics
iter05b_arm4_bstar_o1a,0,bstar_2023,HP_Peak,anchor_only_XGBoost,size,-,direct,none,p0.05|n20,mape_n_excluded,0.0,10,7,arm4_bstar_o1a,physics
iter05b_arm4_bstar_o1a,0,bstar_2023,HP_Peak,anchor_only_XGBoost,size,-,direct,none,p0.05|n40,wape,302.80593752409095,10,13,arm4_bstar_o1a,physics
iter05b_arm4_bstar_o1a,0,bstar_2023,HP_Peak,anchor_only_XGBoost,size,-,direct,none,p0.05|n40,rmse,44.64803338892076,10,13,arm4_bstar_o1a,physics
iter05b_arm4_bstar_o1a,0,bstar_2023,HP_Peak,anchor_only_XGBoost,size,-,direct,none,p0.05|n40,mae,44.27549325566399,10,13,arm4_bstar_o1a,physics
iter05b_arm4_bstar_o1a,0,bstar_2023,HP_Peak,anchor_only_XGBoost,size,-,direct,none,p0.05|n40,mape,358.0347900631916,10,13,arm4_bstar_o1a,physics
iter05b_arm4_bstar_o1a,0,bstar_2023,HP_Peak,anchor_only_XGBoost,size,-,direct,none,p0.05|n40,r2,-59.174837314314615,10,13,arm4_bstar_o1a,physics
iter05b_arm4_bstar_o1a,0,bstar_2023,HP_Peak,anchor_only_XGBoost,size,-,direct,none,p0.05|n40,n_pred_nan,0.0,10,13,arm4_bstar_o1a,physics
iter05b_arm4_bstar_o1a,0,bstar_2023,HP_Peak,anchor_only_XGBoost,size,-,direct,none,p0.05|n40,mape_n_excluded,0.0,10,13,arm4_bstar_o1a,physics
iter05b_arm4_bstar_o1a,0,bstar_2023,HP_Peak,anchor_only_XGBoost,size,-,direct,none,p0.05|n80,wape,84.7562194391206,5,12,arm4_bstar_o1a,physics
iter05b_arm4_bstar_o1a,0,bstar_2023,HP_Peak,anchor_only_XGBoost,size,-,direct,none,p0.05|n80,rmse,29.086227229083295,5,12,arm4_bstar_o1a,physics
iter05b_arm4_bstar_o1a,0,bstar_2023,HP_Peak,anchor_only_XGBoost,size,-,direct,none,p0.05|n80,mae,28.704040319872824,5,12,arm4_bstar_o1a,physics
iter05b_arm4_bstar_o1a,0,bstar_2023,HP_Peak,anchor_only_XGBoost,size,-,direct,none,p0.05|n80,mape,88.48991401083504,5,12,arm4_bstar_o1a,physics
iter05b_arm4_bstar_o1a,0,bstar_2023,HP_Peak,anchor_only_XGBoost,size,-,direct,none,p0.05|n80,r2,-37.30401270269994,5,12,arm4_bstar_o1a,physics
iter05b_arm4_bstar_o1a,0,bstar_2023,HP_Peak,anchor_only_XGBoost,size,-,direct,none,p0.05|n80,n_pred_nan,0.0,5,12,arm4_bstar_o1a,physics
iter05b_arm4_bstar_o1a,0,bstar_2023,HP_Peak,anchor_only_XGBoost,size,-,direct,none,p0.05|n80,mape_n_excluded,0.0,5,12,arm4_bstar_o1a,physics
iter05b_arm4_bstar_o1a,0,bstar_2023,HP_Peak,anchor_only_XGBoost,size,-,direct,none,p0.05|n120,wape,58.44267181714875,5,15,arm4_bstar_o1a,physics
iter05b_arm4_bstar_o1a,0,bstar_2023,HP_Peak,anchor_only_XGBoost,size,-,direct,none,p0.05|n120,rmse,26.741006500849505,5,15,arm4_bstar_o1a,physics
iter05b_arm4_bstar_o1a,0,bstar_2023,HP_Peak,anchor_only_XGBoost,size,-,direct,none,p0.05|n120,mae,26.533390519433215,5,15,arm4_bstar_o1a,physics
iter05b_arm4_bstar_o1a,0,bstar_2023,HP_Peak,anchor_only_XGBoost,size,-,direct,none,p0.05|n120,mape,59.27583397947955,5,15,arm4_bstar_o1a,physics
iter05b_arm4_bstar_o1a,0,bstar_2023,HP_Peak,anchor_only_XGBoost,size,-,direct,none,p0.05|n120,r2,-63.65113826784825,5,15,arm4_bstar_o1a,physics
iter05b_arm4_bstar_o1a,0,bstar_2023,HP_Peak,anchor_only_XGBoost,size,-,direct,none,p0.05|n120,n_pred_nan,0.0,5,15,arm4_bstar_o1a,physics
iter05b_arm4_bstar_o1a,0,bstar_2023,HP_Peak,anchor_only_XGBoost,size,-,direct,none,p0.05|n120,mape_n_excluded,0.0,5,15,arm4_bstar_o1a,physics
iter05b_arm4_bstar_o1a,0,bstar_2023,HP_Peak,anchor_only_XGBoost,size,-,direct,none,p0.1|n10,wape,152.1875621564572,10,9,arm4_bstar_o1a,physics
iter05b_arm4_bstar_o1a,0,bstar_2023,HP_Peak,anchor_only_XGBoost,size,-,direct,none,p0.1|n10,rmse,12.623844251867393,10,9,arm4_bstar_o1a,physics
iter05b_arm4_bstar_o1a,0,bstar_2023,HP_Peak,anchor_only_XGBoost,size,-,direct,none,p0.1|n10,mae,12.330240547167943,10,9,arm4_bstar_o1a,physics
iter05b_arm4_bstar_o1a,0,bstar_2023,HP_Peak,anchor_only_XGBoost,size,-,direct,none,p0.1|n10,mape,184.37703801109447,10,9,arm4_bstar_o1a,physics
iter05b_arm4_bstar_o1a,0,bstar_2023,HP_Peak,anchor_only_XGBoost,size,-,direct,none,p0.1|n10,r2,-20.75104253581105,10,9,arm4_bstar_o1a,physics
iter05b_arm4_bstar_o1a,0,bstar_2023,HP_Peak,anchor_only_XGBoost,size,-,direct,none,p0.1|n10,n_pred_nan,0.0,10,9,arm4_bstar_o1a,physics
iter05b_arm4_bstar_o1a,0,bstar_2023,HP_Peak,anchor_only_XGBoost,size,-,direct,none,p0.1|n10,mape_n_excluded,0.0,10,9,arm4_bstar_o1a,physics
iter05b_arm4_bstar_o1a,0,bstar_2023,HP_Peak,anchor_only_XGBoost,size,-,direct,none,p0.1|n20,wape,160.97377954076006,10,11,arm4_bstar_o1a,physics
iter05b_arm4_bstar_o1a,0,bstar_2023,HP_Peak,anchor_only_XGBoost,size,-,direct,none,p0.1|n20,rmse,22.64500248389407,10,11,arm4_bstar_o1a,physics
iter05b_arm4_bstar_o1a,0,bstar_2023,HP_Peak,anchor_only_XGBoost,size,-,direct,none,p0.1|n20,mae,22.101280755224543,10,11,arm4_bstar_o1a,physics
iter05b_arm4_bstar_o1a,0,bstar_2023,HP_Peak,anchor_only_XGBoost,size,-,direct,none,p0.1|n20,mape,189.48594747614052,10,11,arm4_bstar_o1a,physics
iter05b_arm4_bstar_o1a,0,bstar_2023,HP_Peak,anchor_only_XGBoost,size,-,direct,none,p0.1|n20,r2,-20.077111304942132,10,11,arm4_bstar_o1a,physics
iter05b_arm4_bstar_o1a,0,bstar_2023,HP_Peak,anchor_only_XGBoost,size,-,direct,none,p0.1|n20,n_pred_nan,0.0,10,11,arm4_bstar_o1a,physics
iter05b_arm4_bstar_o1a,0,bstar_2023,HP_Peak,anchor_only_XGBoost,size,-,direct,none,p0.1|n20,mape_n_excluded,0.0,10,11,arm4_bstar_o1a,physics
iter05b_arm4_bstar_o1a,0,bstar_2023,HP_Peak,anchor_only_XGBoost,size,-,direct,none,p0.1|n40,wape,35.85758671074712,5,12,arm4_bstar_o1a,physics
iter05b_arm4_bstar_o1a,0,bstar_2023,HP_Peak,anchor_only_XGBoost,size,-,direct,none,p0.1|n40,rmse,16.29892768159502,5,12,arm4_bstar_o1a,physics
iter05b_arm4_bstar_o1a,0,bstar_2023,HP_Peak,anchor_only_XGBoost,size,-,direct,none,p0.1|n40,mae,15.545047255663524,5,12,arm4_bstar_o1a,physics
iter05b_arm4_bstar_o1a,0,bstar_2023,HP_Peak,anchor_only_XGBoost,size,-,direct,none,p0.1|n40,mape,37.64140127244243,5,12,arm4_bstar_o1a,physics
iter05b_arm4_bstar_o1a,0,bstar_2023,HP_Peak,anchor_only_XGBoost,size,-,direct,none,p0.1|n40,r2,-10.065940350886475,5,12,arm4_bstar_o1a,physics
iter05b_arm4_bstar_o1a,0,bstar_2023,HP_Peak,anchor_only_XGBoost,size,-,direct,none,p0.1|n40,n_pred_nan,0.0,5,12,arm4_bstar_o1a,physics
iter05b_arm4_bstar_o1a,0,bstar_2023,HP_Peak,anchor_only_XGBoost,size,-,direct,none,p0.1|n40,mape_n_excluded,0.0,5,12,arm4_bstar_o1a,physics
iter05b_arm4_bstar_o1a,0,bstar_2023,HP_Peak,anchor_only_XGBoost,size,-,direct,none,p0.1|n80,wape,15.576429232414565,5,13,arm4_bstar_o1a,physics
iter05b_arm4_bstar_o1a,0,bstar_2023,HP_Peak,anchor_only_XGBoost,size,-,direct,none,p0.1|n80,rmse,12.567603951103639,5,13,arm4_bstar_o1a,physics
iter05b_arm4_bstar_o1a,0,bstar_2023,HP_Peak,anchor_only_XGBoost,size,-,direct,none,p0.1|n80,mae,10.651381376025906,5,13,arm4_bstar_o1a,physics
iter05b_arm4_bstar_o1a,0,bstar_2023,HP_Peak,anchor_only_XGBoost,size,-,direct,none,p0.1|n80,mape,14.888558829989543,5,13,arm4_bstar_o1a,physics
iter05b_arm4_bstar_o1a,0,bstar_2023,HP_Peak,anchor_only_XGBoost,size,-,direct,none,p0.1|n80,r2,-0.27190577093764023,5,13,arm4_bstar_o1a,physics
iter05b_arm4_bstar_o1a,0,bstar_2023,HP_Peak,anchor_only_XGBoost,size,-,direct,none,p0.1|n80,n_pred_nan,0.0,5,13,arm4_bstar_o1a,physics
iter05b_arm4_bstar_o1a,0,bstar_2023,HP_Peak,anchor_only_XGBoost,size,-,direct,none,p0.1|n80,mape_n_excluded,0.0,5,13,arm4_bstar_o1a,physics
iter05b_arm4_bstar_o1a,0,bstar_2023,HP_Peak,anchor_only_XGBoost,size,-,direct,none,p0.1|n120,wape,30.077633718371516,5,16,arm4_bstar_o1a,physics
iter05b_arm4_bstar_o1a,0,bstar_2023,HP_Peak,anchor_only_XGBoost,size,-,direct,none,p0.1|n120,rmse,31.622704035557188,5,16,arm4_bstar_o1a,physics
iter05b_arm4_bstar_o1a,0,bstar_2023,HP_Peak,anchor_only_XGBoost,size,-,direct,none,p0.1|n120,mae,30.942998280567355,5,16,arm4_bstar_o1a,physics
iter05b_arm4_bstar_o1a,0,bstar_2023,HP_Peak,anchor_only_XGBoost,size,-,direct,none,p0.1|n120,mape,29.797203551162454,5,16,arm4_bstar_o1a,physics
iter05b_arm4_bstar_o1a,0,bstar_2023,HP_Peak,anchor_only_XGBoost,size,-,direct,none,p0.1|n120,r2,-22.514770028352928,5,16,arm4_bstar_o1a,physics
iter05b_arm4_bstar_o1a,0,bstar_2023,HP_Peak,anchor_only_XGBoost,size,-,direct,none,p0.1|n120,n_pred_nan,0.0,5,16,arm4_bstar_o1a,physics
iter05b_arm4_bstar_o1a,0,bstar_2023,HP_Peak,anchor_only_XGBoost,size,-,direct,none,p0.1|n120,mape_n_excluded,0.0,5,16,arm4_bstar_o1a,physics
iter05b_arm4_bstar_o1a,0,bstar_2023,HP_Peak,anchor_only_XGBoost,size,-,direct,none,p0.2|n10,wape,51.02736244937077,10,12,arm4_bstar_o1a,physics
iter05b_arm4_bstar_o1a,0,bstar_2023,HP_Peak,anchor_only_XGBoost,size,-,direct,none,p0.2|n10,rmse,7.271178502800119,10,12,arm4_bstar_o1a,physics
iter05b_arm4_bstar_o1a,0,bstar_2023,HP_Peak,anchor_only_XGBoost,size,-,direct,none,p0.2|n10,mae,7.0245142777343546,10,12,arm4_bstar_o1a,physics
iter05b_arm4_bstar_o1a,0,bstar_2023,HP_Peak,anchor_only_XGBoost,size,-,direct,none,p0.2|n10,mape,54.6609403645825,10,12,arm4_bstar_o1a,physics
iter05b_arm4_bstar_o1a,0,bstar_2023,HP_Peak,anchor_only_XGBoost,size,-,direct,none,p0.2|n10,r2,-5.269032382759778,10,12,arm4_bstar_o1a,physics
iter05b_arm4_bstar_o1a,0,bstar_2023,HP_Peak,anchor_only_XGBoost,size,-,direct,none,p0.2|n10,n_pred_nan,0.0,10,12,arm4_bstar_o1a,physics
iter05b_arm4_bstar_o1a,0,bstar_2023,HP_Peak,anchor_only_XGBoost,size,-,direct,none,p0.2|n10,mape_n_excluded,0.0,10,12,arm4_bstar_o1a,physics
iter05b_arm4_bstar_o1a,0,bstar_2023,HP_Peak,anchor_only_XGBoost,size,-,direct,none,p0.2|n20,wape,17.313535727494877,5,9,arm4_bstar_o1a,physics
iter05b_arm4_bstar_o1a,0,bstar_2023,HP_Peak,anchor_only_XGBoost,size,-,direct,none,p0.2|n20,rmse,6.883853343128341,5,9,arm4_bstar_o1a,physics
iter05b_arm4_bstar_o1a,0,bstar_2023,HP_Peak,anchor_only_XGBoost,size,-,direct,none,p0.2|n20,mae,6.166702328955468,5,9,arm4_bstar_o1a,physics
iter05b_arm4_bstar_o1a,0,bstar_2023,HP_Peak,anchor_only_XGBoost,size,-,direct,none,p0.2|n20,mape,19.36018648284586,5,9,arm4_bstar_o1a,physics
iter05b_arm4_bstar_o1a,0,bstar_2023,HP_Peak,anchor_only_XGBoost,size,-,direct,none,p0.2|n20,r2,-0.0009602151531669101,5,9,arm4_bstar_o1a,physics
iter05b_arm4_bstar_o1a,0,bstar_2023,HP_Peak,anchor_only_XGBoost,size,-,direct,none,p0.2|n20,n_pred_nan,0.0,5,9,arm4_bstar_o1a,physics
iter05b_arm4_bstar_o1a,0,bstar_2023,HP_Peak,anchor_only_XGBoost,size,-,direct,none,p0.2|n20,mape_n_excluded,0.0,5,9,arm4_bstar_o1a,physics
iter05b_arm4_bstar_o1a,0,bstar_2023,HP_Peak,anchor_only_XGBoost,size,-,direct,none,p0.2|n40,wape,6.908876981878079,5,15,arm4_bstar_o1a,physics
iter05b_arm4_bstar_o1a,0,bstar_2023,HP_Peak,anchor_only_XGBoost,size,-,direct,none,p0.2|n40,rmse,4.928454441825727,5,15,arm4_bstar_o1a,physics
iter05b_arm4_bstar_o1a,0,bstar_2023,HP_Peak,anchor_only_XGBoost,size,-,direct,none,p0.2|n40,mae,4.20764718886725,5,15,arm4_bstar_o1a,physics
iter05b_arm4_bstar_o1a,0,bstar_2023,HP_Peak,anchor_only_XGBoost,size,-,direct,none,p0.2|n40,mape,6.730130154124221,5,15,arm4_bstar_o1a,physics
iter05b_arm4_bstar_o1a,0,bstar_2023,HP_Peak,anchor_only_XGBoost,size,-,direct,none,p0.2|n40,r2,-0.19828246017798135,5,15,arm4_bstar_o1a,physics
iter05b_arm4_bstar_o1a,0,bstar_2023,HP_Peak,anchor_only_XGBoost,size,-,direct,none,p0.2|n40,n_pred_nan,0.0,5,15,arm4_bstar_o1a,physics
iter05b_arm4_bstar_o1a,0,bstar_2023,HP_Peak,anchor_only_XGBoost,size,-,direct,none,p0.2|n40,mape_n_excluded,0.0,5,15,arm4_bstar_o1a,physics
iter05b_arm4_bstar_o1a,0,bstar_2023,HP_Peak,anchor_only_XGBoost,size,-,direct,none,p0.3|n10,wape,13.90704600804837,10,14,arm4_bstar_o1a,physics
iter05b_arm4_bstar_o1a,0,bstar_2023,HP_Peak,anchor_only_XGBoost,size,-,direct,none,p0.3|n10,rmse,2.998824523558019,10,14,arm4_bstar_o1a,physics
iter05b_arm4_bstar_o1a,0,bstar_2023,HP_Peak,anchor_only_XGBoost,size,-,direct,none,p0.3|n10,mae,2.8191958694335915,10,14,arm4_bstar_o1a,physics
iter05b_arm4_bstar_o1a,0,bstar_2023,HP_Peak,anchor_only_XGBoost,size,-,direct,none,p0.3|n10,mape,13.787549859920793,10,14,arm4_bstar_o1a,physics
iter05b_arm4_bstar_o1a,0,bstar_2023,HP_Peak,anchor_only_XGBoost,size,-,direct,none,p0.3|n10,r2,-0.00287396360199188,10,14,arm4_bstar_o1a,physics
iter05b_arm4_bstar_o1a,0,bstar_2023,HP_Peak,anchor_only_XGBoost,size,-,direct,none,p0.3|n10,n_pred_nan,0.0,10,14,arm4_bstar_o1a,physics
iter05b_arm4_bstar_o1a,0,bstar_2023,HP_Peak,anchor_only_XGBoost,size,-,direct,none,p0.3|n10,mape_n_excluded,0.0,10,14,arm4_bstar_o1a,physics
iter05b_arm4_bstar_o1a,0,bstar_2023,HP_Peak,anchor_only_XGBoost,size,-,direct,none,p0.3|n20,wape,32.562134468711925,5,14,arm4_bstar_o1a,physics
iter05b_arm4_bstar_o1a,0,bstar_2023,HP_Peak,anchor_only_XGBoost,size,-,direct,none,p0.3|n20,rmse,17.894756447317132,5,14,arm4_bstar_o1a,physics
iter05b_arm4_bstar_o1a,0,bstar_2023,HP_Peak,anchor_only_XGBoost,size,-,direct,none,p0.3|n20,mae,17.300881244775844,5,14,arm4_bstar_o1a,physics
iter05b_arm4_bstar_o1a,0,bstar_2023,HP_Peak,anchor_only_XGBoost,size,-,direct,none,p0.3|n20,mape,32.089735553787214,5,14,arm4_bstar_o1a,physics
iter05b_arm4_bstar_o1a,0,bstar_2023,HP_Peak,anchor_only_XGBoost,size,-,direct,none,p0.3|n20,r2,-14.320310025506114,5,14,arm4_bstar_o1a,physics
iter05b_arm4_bstar_o1a,0,bstar_2023,HP_Peak,anchor_only_XGBoost,size,-,direct,none,p0.3|n20,n_pred_nan,0.0,5,14,arm4_bstar_o1a,physics
iter05b_arm4_bstar_o1a,0,bstar_2023,HP_Peak,anchor_only_XGBoost,size,-,direct,none,p0.3|n20,mape_n_excluded,0.0,5,14,arm4_bstar_o1a,physics
iter05b_arm4_bstar_o1a,0,bstar_2023,HP_Peak,anchor_only_XGBoost,size,-,direct,none,p0.3|n40,wape,36.84944846062555,5,16,arm4_bstar_o1a,physics
iter05b_arm4_bstar_o1a,0,bstar_2023,HP_Peak,anchor_only_XGBoost,size,-,direct,none,p0.3|n40,rmse,34.83157652913251,5,16,arm4_bstar_o1a,physics
iter05b_arm4_bstar_o1a,0,bstar_2023,HP_Peak,anchor_only_XGBoost,size,-,direct,none,p0.3|n40,mae,34.36756234433666,5,16,arm4_bstar_o1a,physics
iter05b_arm4_bstar_o1a,0,bstar_2023,HP_Peak,anchor_only_XGBoost,size,-,direct,none,p0.3|n40,mape,36.608601079430805,5,16,arm4_bstar_o1a,physics
iter05b_arm4_bstar_o1a,0,bstar_2023,HP_Peak,anchor_only_XGBoost,size,-,direct,none,p0.3|n40,r2,-36.784555399278375,5,16,arm4_bstar_o1a,physics
iter05b_arm4_bstar_o1a,0,bstar_2023,HP_Peak,anchor_only_XGBoost,size,-,direct,none,p0.3|n40,n_pred_nan,0.0,5,16,arm4_bstar_o1a,physics
iter05b_arm4_bstar_o1a,0,bstar_2023,HP_Peak,anchor_only_XGBoost,size,-,direct,none,p0.3|n40,mape_n_excluded,0.0,5,16,arm4_bstar_o1a,physics
iter05b_arm4_bstar_o1a,0,bstar_2023,HP_Peak,anchor_only_XGBoost,size,-,direct,none,p0.5|n10,wape,50.55532889798941,5,12,arm4_bstar_o1a,physics
iter05b_arm4_bstar_o1a,0,bstar_2023,HP_Peak,anchor_only_XGBoost,size,-,direct,none,p0.5|n10,rmse,22.608838595077707,5,12,arm4_bstar_o1a,physics
iter05b_arm4_bstar_o1a,0,bstar_2023,HP_Peak,anchor_only_XGBoost,size,-,direct,none,p0.5|n10,mae,20.891205452832494,5,12,arm4_bstar_o1a,physics
iter05b_arm4_bstar_o1a,0,bstar_2023,HP_Peak,anchor_only_XGBoost,size,-,direct,none,p0.5|n10,mape,48.55495826191479,5,12,arm4_bstar_o1a,physics
iter05b_arm4_bstar_o1a,0,bstar_2023,HP_Peak,anchor_only_XGBoost,size,-,direct,none,p0.5|n10,r2,-5.841264770058625,5,12,arm4_bstar_o1a,physics
iter05b_arm4_bstar_o1a,0,bstar_2023,HP_Peak,anchor_only_XGBoost,size,-,direct,none,p0.5|n10,n_pred_nan,0.0,5,12,arm4_bstar_o1a,physics
iter05b_arm4_bstar_o1a,0,bstar_2023,HP_Peak,anchor_only_XGBoost,size,-,direct,none,p0.5|n10,mape_n_excluded,0.0,5,12,arm4_bstar_o1a,physics
iter05b_arm4_bstar_o1a,0,bstar_2023,HP_Peak,anchor_only_XGBoost,size,-,direct,none,p0.5|n20,wape,57.01216507980492,5,16,arm4_bstar_o1a,physics
iter05b_arm4_bstar_o1a,0,bstar_2023,HP_Peak,anchor_only_XGBoost,size,-,direct,none,p0.5|n20,rmse,48.160848818001725,5,16,arm4_bstar_o1a,physics
iter05b_arm4_bstar_o1a,0,bstar_2023,HP_Peak,anchor_only_XGBoost,size,-,direct,none,p0.5|n20,mae,47.520514844776116,5,16,arm4_bstar_o1a,physics
iter05b_arm4_bstar_o1a,0,bstar_2023,HP_Peak,anchor_only_XGBoost,size,-,direct,none,p0.5|n20,mape,56.60830884089527,5,16,arm4_bstar_o1a,physics
iter05b_arm4_bstar_o1a,0,bstar_2023,HP_Peak,anchor_only_XGBoost,size,-,direct,none,p0.5|n20,r2,-36.85771215026523,5,16,arm4_bstar_o1a,physics
iter05b_arm4_bstar_o1a,0,bstar_2023,HP_Peak,anchor_only_XGBoost,size,-,direct,none,p0.5|n20,n_pred_nan,0.0,5,16,arm4_bstar_o1a,physics
iter05b_arm4_bstar_o1a,0,bstar_2023,HP_Peak,anchor_only_XGBoost,size,-,direct,none,p0.5|n20,mape_n_excluded,0.0,5,16,arm4_bstar_o1a,physics
iter05b_arm4_bstar_o1a,0,bstar_2023,HP_Peak,anchor_only_XGBoost,size,-,direct,none,p0.8|n10,wape,68.55295023071169,5,14,arm4_bstar_o1a,physics
iter05b_arm4_bstar_o1a,0,bstar_2023,HP_Peak,anchor_only_XGBoost,size,-,direct,none,p0.8|n10,rmse,45.856519146754714,5,14,arm4_bstar_o1a,physics
iter05b_arm4_bstar_o1a,0,bstar_2023,HP_Peak,anchor_only_XGBoost,size,-,direct,none,p0.8|n10,mae,44.54123905283261,5,14,arm4_bstar_o1a,physics
iter05b_arm4_bstar_o1a,0,bstar_2023,HP_Peak,anchor_only_XGBoost,size,-,direct,none,p0.8|n10,mape,67.57740286152021,5,14,arm4_bstar_o1a,physics
iter05b_arm4_bstar_o1a,0,bstar_2023,HP_Peak,anchor_only_XGBoost,size,-,direct,none,p0.8|n10,r2,-16.685863269111145,5,14,arm4_bstar_o1a,physics
iter05b_arm4_bstar_o1a,0,bstar_2023,HP_Peak,anchor_only_XGBoost,size,-,direct,none,p0.8|n10,n_pred_nan,0.0,5,14,arm4_bstar_o1a,physics
iter05b_arm4_bstar_o1a,0,bstar_2023,HP_Peak,anchor_only_XGBoost,size,-,direct,none,p0.8|n10,mape_n_excluded,0.0,5,14,arm4_bstar_o1a,physics
iter05b_arm4_bstar_o1a,0,bstar_2023,HP_Peak,anchor_only_XGBoost,size,-,direct,none,p1.0|n10,wape,74.60945307041302,5,16,arm4_bstar_o1a,physics
iter05b_arm4_bstar_o1a,0,bstar_2023,HP_Peak,anchor_only_XGBoost,size,-,direct,none,p1.0|n10,rmse,60.50078975862116,5,16,arm4_bstar_o1a,physics
iter05b_arm4_bstar_o1a,0,bstar_2023,HP_Peak,anchor_only_XGBoost,size,-,direct,none,p1.0|n10,mae,60.03960865283276,5,16,arm4_bstar_o1a,physics
iter05b_arm4_bstar_o1a,0,bstar_2023,HP_Peak,anchor_only_XGBoost,size,-,direct,none,p1.0|n10,mape,74.36365665790895,5,16,arm4_bstar_o1a,physics
iter05b_arm4_bstar_o1a,0,bstar_2023,HP_Peak,anchor_only_XGBoost,size,-,direct,none,p1.0|n10,r2,-64.8442657085789,5,16,arm4_bstar_o1a,physics
iter05b_arm4_bstar_o1a,0,bstar_2023,HP_Peak,anchor_only_XGBoost,size,-,direct,none,p1.0|n10,n_pred_nan,0.0,5,16,arm4_bstar_o1a,physics
iter05b_arm4_bstar_o1a,0,bstar_2023,HP_Peak,anchor_only_XGBoost,size,-,direct,none,p1.0|n10,mape_n_excluded,0.0,5,16,arm4_bstar_o1a,physics
iter05b_arm4_bstar_o1a,0,bstar_2023,HP_Peak,anchor_only_XGBoost,peak,-,direct,none,all,wape,32.26360303942992,135,20,arm4_bstar_o1a,physics
iter05b_arm4_bstar_o1a,0,bstar_2023,HP_Peak,anchor_only_XGBoost,peak,-,direct,none,all,rmse,15.850169049649553,135,20,arm4_bstar_o1a,physics
iter05b_arm4_bstar_o1a,0,bstar_2023,HP_Peak,anchor_only_XGBoost,peak,-,direct,none,all,mae,11.59394104755697,135,20,arm4_bstar_o1a,physics
iter05b_arm4_bstar_o1a,0,bstar_2023,HP_Peak,anchor_only_XGBoost,peak,-,direct,none,all,mape,51.452858016533,135,20,arm4_bstar_o1a,physics
iter05b_arm4_bstar_o1a,0,bstar_2023,HP_Peak,anchor_only_XGBoost,peak,-,direct,none,all,r2,0.7223357764438829,135,20,arm4_bstar_o1a,physics
iter05b_arm4_bstar_o1a,0,bstar_2023,HP_Peak,anchor_only_XGBoost,peak,-,direct,none,all,n_pred_nan,0.0,135,20,arm4_bstar_o1a,physics
iter05b_arm4_bstar_o1a,0,bstar_2023,HP_Peak,anchor_only_XGBoost,peak,-,direct,none,all,mape_n_excluded,0.0,135,20,arm4_bstar_o1a,physics
iter05b_arm4_bstar_o1a,0,bstar_2023,HP_Peak,anchor_only_XGBoost,peak,-,direct,none,all,wape_train,26.967697672693024,135,20,arm4_bstar_o1a,physics
iter05b_arm4_bstar_o1a,0,bstar_2023,HP_Peak,anchor_only_XGBoost,peak,-,direct,none,all,wape_inner,36.08766225839188,135,20,arm4_bstar_o1a,physics
iter05b_arm4_bstar_o1a,0,bstar_2023,HP_Peak,anchor_only_XGBoost,peak,-,direct,none,all,n_train_sub,500.0,135,20,arm4_bstar_o1a,physics
iter05b_arm4_bstar_o1a,0,bstar_2023,HP_Peak,anchor_only_XGBoost,peak,-,direct,none,all,n_inner_sub,440.0,135,20,arm4_bstar_o1a,physics
iter05b_arm4_bstar_o1a,0,bstar_2023,HP_Peak,anchor_only_XGBoost,peak,-,direct,none,all,n_test_sub,135.0,135,20,arm4_bstar_o1a,physics
iter05b_arm4_bstar_o1a,0,bstar_2023,HP_Peak,anchor_only_XGBoost,peak,-,direct,none,all,n_overlap_sub,0.0,135,20,arm4_bstar_o1a,physics
iter05b_arm4_bstar_o1a,0,bstar_2023,HP_Peak,anchor_only_XGBoost,peak,-,direct,none,pbin<=15,wape,33.11395203700591,75,20,arm4_bstar_o1a,physics
iter05b_arm4_bstar_o1a,0,bstar_2023,HP_Peak,anchor_only_XGBoost,peak,-,direct,none,pbin<=15,rmse,12.567330972776872,75,20,arm4_bstar_o1a,physics
iter05b_arm4_bstar_o1a,0,bstar_2023,HP_Peak,anchor_only_XGBoost,peak,-,direct,none,pbin<=15,mae,8.59050205887537,75,20,arm4_bstar_o1a,physics
iter05b_arm4_bstar_o1a,0,bstar_2023,HP_Peak,anchor_only_XGBoost,peak,-,direct,none,pbin<=15,mape,68.40569663614782,75,20,arm4_bstar_o1a,physics
iter05b_arm4_bstar_o1a,0,bstar_2023,HP_Peak,anchor_only_XGBoost,peak,-,direct,none,pbin<=15,r2,0.7972035601355725,75,20,arm4_bstar_o1a,physics
iter05b_arm4_bstar_o1a,0,bstar_2023,HP_Peak,anchor_only_XGBoost,peak,-,direct,none,pbin<=15,n_pred_nan,0.0,75,20,arm4_bstar_o1a,physics
iter05b_arm4_bstar_o1a,0,bstar_2023,HP_Peak,anchor_only_XGBoost,peak,-,direct,none,pbin<=15,mape_n_excluded,0.0,75,20,arm4_bstar_o1a,physics
iter05b_arm4_bstar_o1a,0,bstar_2023,HP_Peak,anchor_only_XGBoost,peak,-,direct,none,pbin15-35,wape,29.87378092067461,40,20,arm4_bstar_o1a,physics
iter05b_arm4_bstar_o1a,0,bstar_2023,HP_Peak,anchor_only_XGBoost,peak,-,direct,none,pbin15-35,rmse,15.257845712376204,40,20,arm4_bstar_o1a,physics
iter05b_arm4_bstar_o1a,0,bstar_2023,HP_Peak,anchor_only_XGBoost,peak,-,direct,none,pbin15-35,mae,11.61314515625634,40,20,arm4_bstar_o1a,physics
iter05b_arm4_bstar_o1a,0,bstar_2023,HP_Peak,anchor_only_XGBoost,peak,-,direct,none,pbin15-35,mape,29.36343638925218,40,20,arm4_bstar_o1a,physics
iter05b_arm4_bstar_o1a,0,bstar_2023,HP_Peak,anchor_only_XGBoost,peak,-,direct,none,pbin15-35,r2,0.6769896367732484,40,20,arm4_bstar_o1a,physics
iter05b_arm4_bstar_o1a,0,bstar_2023,HP_Peak,anchor_only_XGBoost,peak,-,direct,none,pbin15-35,n_pred_nan,0.0,40,20,arm4_bstar_o1a,physics
iter05b_arm4_bstar_o1a,0,bstar_2023,HP_Peak,anchor_only_XGBoost,peak,-,direct,none,pbin15-35,mape_n_excluded,0.0,40,20,arm4_bstar_o1a,physics
iter05b_arm4_bstar_o1a,0,bstar_2023,HP_Peak,anchor_only_XGBoost,peak,-,direct,none,pbin35-65,wape,30.187540253136625,10,16,arm4_bstar_o1a,physics
iter05b_arm4_bstar_o1a,0,bstar_2023,HP_Peak,anchor_only_XGBoost,peak,-,direct,none,pbin35-65,rmse,21.42872230114331,10,16,arm4_bstar_o1a,physics
iter05b_arm4_bstar_o1a,0,bstar_2023,HP_Peak,anchor_only_XGBoost,peak,-,direct,none,pbin35-65,mae,18.818155490296004,10,16,arm4_bstar_o1a,physics
iter05b_arm4_bstar_o1a,0,bstar_2023,HP_Peak,anchor_only_XGBoost,peak,-,direct,none,pbin35-65,mape,28.516019526899044,10,16,arm4_bstar_o1a,physics
iter05b_arm4_bstar_o1a,0,bstar_2023,HP_Peak,anchor_only_XGBoost,peak,-,direct,none,pbin35-65,r2,0.0988896525702907,10,16,arm4_bstar_o1a,physics
iter05b_arm4_bstar_o1a,0,bstar_2023,HP_Peak,anchor_only_XGBoost,peak,-,direct,none,pbin35-65,n_pred_nan,0.0,10,16,arm4_bstar_o1a,physics
iter05b_arm4_bstar_o1a,0,bstar_2023,HP_Peak,anchor_only_XGBoost,peak,-,direct,none,pbin35-65,mape_n_excluded,0.0,10,16,arm4_bstar_o1a,physics
iter05b_arm4_bstar_o1a,0,bstar_2023,HP_Peak,anchor_only_XGBoost,peak,-,direct,none,pbin>65,wape,36.878051394039424,10,16,arm4_bstar_o1a,physics
iter05b_arm4_bstar_o1a,0,bstar_2023,HP_Peak,anchor_only_XGBoost,peak,-,direct,none,pbin>65,rmse,28.577000791689553,10,16,arm4_bstar_o1a,physics
iter05b_arm4_bstar_o1a,0,bstar_2023,HP_Peak,anchor_only_XGBoost,peak,-,direct,none,pbin>65,mae,26.818702585132492,10,16,arm4_bstar_o1a,physics
iter05b_arm4_bstar_o1a,0,bstar_2023,HP_Peak,anchor_only_XGBoost,peak,-,direct,none,pbin>65,mape,35.60109336817902,10,16,arm4_bstar_o1a,physics
iter05b_arm4_bstar_o1a,0,bstar_2023,HP_Peak,anchor_only_XGBoost,peak,-,direct,none,pbin>65,r2,-4.544299470101025,10,16,arm4_bstar_o1a,physics
iter05b_arm4_bstar_o1a,0,bstar_2023,HP_Peak,anchor_only_XGBoost,peak,-,direct,none,pbin>65,n_pred_nan,0.0,10,16,arm4_bstar_o1a,physics
iter05b_arm4_bstar_o1a,0,bstar_2023,HP_Peak,anchor_only_XGBoost,peak,-,direct,none,pbin>65,mape_n_excluded,0.0,10,16,arm4_bstar_o1a,physics
iter05b_arm4_bstar_o1a,0,bstar_2023,HP_Peak,anchor_only_XGBoost,peak,-,direct,none,p0.05|n10,wape,86.43224603069852,10,9,arm4_bstar_o1a,physics
iter05b_arm4_bstar_o1a,0,bstar_2023,HP_Peak,anchor_only_XGBoost,peak,-,direct,none,p0.05|n10,rmse,5.991578932536535,10,9,arm4_bstar_o1a,physics
iter05b_arm4_bstar_o1a,0,bstar_2023,HP_Peak,anchor_only_XGBoost,peak,-,direct,none,p0.05|n10,mae,4.743299326385464,10,9,arm4_bstar_o1a,physics
iter05b_arm4_bstar_o1a,0,bstar_2023,HP_Peak,anchor_only_XGBoost,peak,-,direct,none,p0.05|n10,mape,104.82567782703569,10,9,arm4_bstar_o1a,physics
iter05b_arm4_bstar_o1a,0,bstar_2023,HP_Peak,anchor_only_XGBoost,peak,-,direct,none,p0.05|n10,r2,-7.42630454829216,10,9,arm4_bstar_o1a,physics
iter05b_arm4_bstar_o1a,0,bstar_2023,HP_Peak,anchor_only_XGBoost,peak,-,direct,none,p0.05|n10,n_pred_nan,0.0,10,9,arm4_bstar_o1a,physics
iter05b_arm4_bstar_o1a,0,bstar_2023,HP_Peak,anchor_only_XGBoost,peak,-,direct,none,p0.05|n10,mape_n_excluded,0.0,10,9,arm4_bstar_o1a,physics
iter05b_arm4_bstar_o1a,0,bstar_2023,HP_Peak,anchor_only_XGBoost,peak,-,direct,none,p0.05|n20,wape,164.38839768022342,10,7,arm4_bstar_o1a,physics
iter05b_arm4_bstar_o1a,0,bstar_2023,HP_Peak,anchor_only_XGBoost,peak,-,direct,none,p0.05|n20,rmse,10.847232589434418,10,7,arm4_bstar_o1a,physics
iter05b_arm4_bstar_o1a,0,bstar_2023,HP_Peak,anchor_only_XGBoost,peak,-,direct,none,p0.05|n20,mae,9.347887711816378,10,7,arm4_bstar_o1a,physics
iter05b_arm4_bstar_o1a,0,bstar_2023,HP_Peak,anchor_only_XGBoost,peak,-,direct,none,p0.05|n20,mape,196.07316782290192,10,7,arm4_bstar_o1a,physics
iter05b_arm4_bstar_o1a,0,bstar_2023,HP_Peak,anchor_only_XGBoost,peak,-,direct,none,p0.05|n20,r2,-32.8223847192769,10,7,arm4_bstar_o1a,physics
iter05b_arm4_bstar_o1a,0,bstar_2023,HP_Peak,anchor_only_XGBoost,peak,-,direct,none,p0.05|n20,n_pred_nan,0.0,10,7,arm4_bstar_o1a,physics
iter05b_arm4_bstar_o1a,0,bstar_2023,HP_Peak,anchor_only_XGBoost,peak,-,direct,none,p0.05|n20,mape_n_excluded,0.0,10,7,arm4_bstar_o1a,physics
iter05b_arm4_bstar_o1a,0,bstar_2023,HP_Peak,anchor_only_XGBoost,peak,-,direct,none,p0.05|n40,wape,77.25013846493964,10,13,arm4_bstar_o1a,physics
iter05b_arm4_bstar_o1a,0,bstar_2023,HP_Peak,anchor_only_XGBoost,peak,-,direct,none,p0.05|n40,rmse,13.586927080689287,10,13,arm4_bstar_o1a,physics
iter05b_arm4_bstar_o1a,0,bstar_2023,HP_Peak,anchor_only_XGBoost,peak,-,direct,none,p0.05|n40,mae,11.295313468981862,10,13,arm4_bstar_o1a,physics
iter05b_arm4_bstar_o1a,0,bstar_2023,HP_Peak,anchor_only_XGBoost,peak,-,direct,none,p0.05|n40,mape,98.57828814253011,10,13,arm4_bstar_o1a,physics
iter05b_arm4_bstar_o1a,0,bstar_2023,HP_Peak,anchor_only_XGBoost,peak,-,direct,none,p0.05|n40,r2,-4.572534237484781,10,13,arm4_bstar_o1a,physics
iter05b_arm4_bstar_o1a,0,bstar_2023,HP_Peak,anchor_only_XGBoost,peak,-,direct,none,p0.05|n40,n_pred_nan,0.0,10,13,arm4_bstar_o1a,physics
iter05b_arm4_bstar_o1a,0,bstar_2023,HP_Peak,anchor_only_XGBoost,peak,-,direct,none,p0.05|n40,mape_n_excluded,0.0,10,13,arm4_bstar_o1a,physics
iter05b_arm4_bstar_o1a,0,bstar_2023,HP_Peak,anchor_only_XGBoost,peak,-,direct,none,p0.05|n80,wape,31.884387015653292,5,12,arm4_bstar_o1a,physics
iter05b_arm4_bstar_o1a,0,bstar_2023,HP_Peak,anchor_only_XGBoost,peak,-,direct,none,p0.05|n80,rmse,11.906601832789875,5,12,arm4_bstar_o1a,physics
iter05b_arm4_bstar_o1a,0,bstar_2023,HP_Peak,anchor_only_XGBoost,peak,-,direct,none,p0.05|n80,mae,10.798154241991963,5,12,arm4_bstar_o1a,physics
iter05b_arm4_bstar_o1a,0,bstar_2023,HP_Peak,anchor_only_XGBoost,peak,-,direct,none,p0.05|n80,mape,33.79389666182594,5,12,arm4_bstar_o1a,physics
iter05b_arm4_bstar_o1a,0,bstar_2023,HP_Peak,anchor_only_XGBoost,peak,-,direct,none,p0.05|n80,r2,-5.418671489700433,5,12,arm4_bstar_o1a,physics
iter05b_arm4_bstar_o1a,0,bstar_2023,HP_Peak,anchor_only_XGBoost,peak,-,direct,none,p0.05|n80,n_pred_nan,0.0,5,12,arm4_bstar_o1a,physics
iter05b_arm4_bstar_o1a,0,bstar_2023,HP_Peak,anchor_only_XGBoost,peak,-,direct,none,p0.05|n80,mape_n_excluded,0.0,5,12,arm4_bstar_o1a,physics
iter05b_arm4_bstar_o1a,0,bstar_2023,HP_Peak,anchor_only_XGBoost,peak,-,direct,none,p0.05|n120,wape,37.487073050996344,5,15,arm4_bstar_o1a,physics
iter05b_arm4_bstar_o1a,0,bstar_2023,HP_Peak,anchor_only_XGBoost,peak,-,direct,none,p0.05|n120,rmse,18.574862370036822,5,15,arm4_bstar_o1a,physics
iter05b_arm4_bstar_o1a,0,bstar_2023,HP_Peak,anchor_only_XGBoost,peak,-,direct,none,p0.05|n120,mae,17.019398972802357,5,15,arm4_bstar_o1a,physics
iter05b_arm4_bstar_o1a,0,bstar_2023,HP_Peak,anchor_only_XGBoost,peak,-,direct,none,p0.05|n120,mape,38.4906614774433,5,15,arm4_bstar_o1a,physics
iter05b_arm4_bstar_o1a,0,bstar_2023,HP_Peak,anchor_only_XGBoost,peak,-,direct,none,p0.05|n120,r2,-30.19405873499685,5,15,arm4_bstar_o1a,physics
iter05b_arm4_bstar_o1a,0,bstar_2023,HP_Peak,anchor_only_XGBoost,peak,-,direct,none,p0.05|n120,n_pred_nan,0.0,5,15,arm4_bstar_o1a,physics
iter05b_arm4_bstar_o1a,0,bstar_2023,HP_Peak,anchor_only_XGBoost,peak,-,direct,none,p0.05|n120,mape_n_excluded,0.0,5,15,arm4_bstar_o1a,physics
iter05b_arm4_bstar_o1a,0,bstar_2023,HP_Peak,anchor_only_XGBoost,peak,-,direct,none,p0.1|n10,wape,26.492598086304064,10,9,arm4_bstar_o1a,physics
iter05b_arm4_bstar_o1a,0,bstar_2023,HP_Peak,anchor_only_XGBoost,peak,-,direct,none,p0.1|n10,rmse,2.376548526415967,10,9,arm4_bstar_o1a,physics
iter05b_arm4_bstar_o1a,0,bstar_2023,HP_Peak,anchor_only_XGBoost,peak,-,direct,none,p0.1|n10,mae,2.1464310387451087,10,9,arm4_bstar_o1a,physics
iter05b_arm4_bstar_o1a,0,bstar_2023,HP_Peak,anchor_only_XGBoost,peak,-,direct,none,p0.1|n10,mape,30.80226178343696,10,9,arm4_bstar_o1a,physics
iter05b_arm4_bstar_o1a,0,bstar_2023,HP_Peak,anchor_only_XGBoost,peak,-,direct,none,p0.1|n10,r2,0.22911393486334797,10,9,arm4_bstar_o1a,physics
iter05b_arm4_bstar_o1a,0,bstar_2023,HP_Peak,anchor_only_XGBoost,peak,-,direct,none,p0.1|n10,n_pred_nan,0.0,10,9,arm4_bstar_o1a,physics
iter05b_arm4_bstar_o1a,0,bstar_2023,HP_Peak,anchor_only_XGBoost,peak,-,direct,none,p0.1|n10,mape_n_excluded,0.0,10,9,arm4_bstar_o1a,physics
iter05b_arm4_bstar_o1a,0,bstar_2023,HP_Peak,anchor_only_XGBoost,peak,-,direct,none,p0.1|n20,wape,19.14889143351682,10,11,arm4_bstar_o1a,physics
iter05b_arm4_bstar_o1a,0,bstar_2023,HP_Peak,anchor_only_XGBoost,peak,-,direct,none,p0.1|n20,rmse,3.1505510336384237,10,11,arm4_bstar_o1a,physics
iter05b_arm4_bstar_o1a,0,bstar_2023,HP_Peak,anchor_only_XGBoost,peak,-,direct,none,p0.1|n20,mae,2.6290929301085795,10,11,arm4_bstar_o1a,physics
iter05b_arm4_bstar_o1a,0,bstar_2023,HP_Peak,anchor_only_XGBoost,peak,-,direct,none,p0.1|n20,mape,20.914005666372386,10,11,arm4_bstar_o1a,physics
iter05b_arm4_bstar_o1a,0,bstar_2023,HP_Peak,anchor_only_XGBoost,peak,-,direct,none,p0.1|n20,r2,0.5920195230251952,10,11,arm4_bstar_o1a,physics
iter05b_arm4_bstar_o1a,0,bstar_2023,HP_Peak,anchor_only_XGBoost,peak,-,direct,none,p0.1|n20,n_pred_nan,0.0,10,11,arm4_bstar_o1a,physics
iter05b_arm4_bstar_o1a,0,bstar_2023,HP_Peak,anchor_only_XGBoost,peak,-,direct,none,p0.1|n20,mape_n_excluded,0.0,10,11,arm4_bstar_o1a,physics
iter05b_arm4_bstar_o1a,0,bstar_2023,HP_Peak,anchor_only_XGBoost,peak,-,direct,none,p0.1|n40,wape,13.03862870498913,5,12,arm4_bstar_o1a,physics
iter05b_arm4_bstar_o1a,0,bstar_2023,HP_Peak,anchor_only_XGBoost,peak,-,direct,none,p0.1|n40,rmse,6.847239333797714,5,12,arm4_bstar_o1a,physics
iter05b_arm4_bstar_o1a,0,bstar_2023,HP_Peak,anchor_only_XGBoost,peak,-,direct,none,p0.1|n40,mae,5.652530411572805,5,12,arm4_bstar_o1a,physics
iter05b_arm4_bstar_o1a,0,bstar_2023,HP_Peak,anchor_only_XGBoost,peak,-,direct,none,p0.1|n40,mape,12.287935012287939,5,12,arm4_bstar_o1a,physics
iter05b_arm4_bstar_o1a,0,bstar_2023,HP_Peak,anchor_only_XGBoost,peak,-,direct,none,p0.1|n40,r2,-0.9529956485827609,5,12,arm4_bstar_o1a,physics
iter05b_arm4_bstar_o1a,0,bstar_2023,HP_Peak,anchor_only_XGBoost,peak,-,direct,none,p0.1|n40,n_pred_nan,0.0,5,12,arm4_bstar_o1a,physics
iter05b_arm4_bstar_o1a,0,bstar_2023,HP_Peak,anchor_only_XGBoost,peak,-,direct,none,p0.1|n40,mape_n_excluded,0.0,5,12,arm4_bstar_o1a,physics
iter05b_arm4_bstar_o1a,0,bstar_2023,HP_Peak,anchor_only_XGBoost,peak,-,direct,none,p0.1|n80,wape,17.57077711534937,5,13,arm4_bstar_o1a,physics
iter05b_arm4_bstar_o1a,0,bstar_2023,HP_Peak,anchor_only_XGBoost,peak,-,direct,none,p0.1|n80,rmse,14.96827537110777,5,13,arm4_bstar_o1a,physics
iter05b_arm4_bstar_o1a,0,bstar_2023,HP_Peak,anchor_only_XGBoost,peak,-,direct,none,p0.1|n80,mae,12.015144506885365,5,13,arm4_bstar_o1a,physics
iter05b_arm4_bstar_o1a,0,bstar_2023,HP_Peak,anchor_only_XGBoost,peak,-,direct,none,p0.1|n80,mape,15.947281051995038,5,13,arm4_bstar_o1a,physics
iter05b_arm4_bstar_o1a,0,bstar_2023,HP_Peak,anchor_only_XGBoost,peak,-,direct,none,p0.1|n80,r2,-0.8042366234378742,5,13,arm4_bstar_o1a,physics
iter05b_arm4_bstar_o1a,0,bstar_2023,HP_Peak,anchor_only_XGBoost,peak,-,direct,none,p0.1|n80,n_pred_nan,0.0,5,13,arm4_bstar_o1a,physics
iter05b_arm4_bstar_o1a,0,bstar_2023,HP_Peak,anchor_only_XGBoost,peak,-,direct,none,p0.1|n80,mape_n_excluded,0.0,5,13,arm4_bstar_o1a,physics
iter05b_arm4_bstar_o1a,0,bstar_2023,HP_Peak,anchor_only_XGBoost,peak,-,direct,none,p0.1|n120,wape,22.403676892996973,5,16,arm4_bstar_o1a,physics
iter05b_arm4_bstar_o1a,0,bstar_2023,HP_Peak,anchor_only_XGBoost,peak,-,direct,none,p0.1|n120,rmse,30.06427203528545,5,16,arm4_bstar_o1a,physics
iter05b_arm4_bstar_o1a,0,bstar_2023,HP_Peak,anchor_only_XGBoost,peak,-,direct,none,p0.1|n120,mae,23.048253797803266,5,16,arm4_bstar_o1a,physics
iter05b_arm4_bstar_o1a,0,bstar_2023,HP_Peak,anchor_only_XGBoost,peak,-,direct,none,p0.1|n120,mape,23.17887285411114,5,16,arm4_bstar_o1a,physics
iter05b_arm4_bstar_o1a,0,bstar_2023,HP_Peak,anchor_only_XGBoost,peak,-,direct,none,p0.1|n120,r2,-20.25416823586235,5,16,arm4_bstar_o1a,physics
iter05b_arm4_bstar_o1a,0,bstar_2023,HP_Peak,anchor_only_XGBoost,peak,-,direct,none,p0.1|n120,n_pred_nan,0.0,5,16,arm4_bstar_o1a,physics
iter05b_arm4_bstar_o1a,0,bstar_2023,HP_Peak,anchor_only_XGBoost,peak,-,direct,none,p0.1|n120,mape_n_excluded,0.0,5,16,arm4_bstar_o1a,physics
iter05b_arm4_bstar_o1a,0,bstar_2023,HP_Peak,anchor_only_XGBoost,peak,-,direct,none,p0.2|n10,wape,32.06216537021849,10,12,arm4_bstar_o1a,physics
iter05b_arm4_bstar_o1a,0,bstar_2023,HP_Peak,anchor_only_XGBoost,peak,-,direct,none,p0.2|n10,rmse,5.701151607789534,10,12,arm4_bstar_o1a,physics
iter05b_arm4_bstar_o1a,0,bstar_2023,HP_Peak,anchor_only_XGBoost,peak,-,direct,none,p0.2|n10,mae,4.413732703540059,10,12,arm4_bstar_o1a,physics
iter05b_arm4_bstar_o1a,0,bstar_2023,HP_Peak,anchor_only_XGBoost,peak,-,direct,none,p0.2|n10,mape,31.580616694190912,10,12,arm4_bstar_o1a,physics
iter05b_arm4_bstar_o1a,0,bstar_2023,HP_Peak,anchor_only_XGBoost,peak,-,direct,none,p0.2|n10,r2,-2.8540387827528453,10,12,arm4_bstar_o1a,physics
iter05b_arm4_bstar_o1a,0,bstar_2023,HP_Peak,anchor_only_XGBoost,peak,-,direct,none,p0.2|n10,n_pred_nan,0.0,10,12,arm4_bstar_o1a,physics
iter05b_arm4_bstar_o1a,0,bstar_2023,HP_Peak,anchor_only_XGBoost,peak,-,direct,none,p0.2|n10,mape_n_excluded,0.0,10,12,arm4_bstar_o1a,physics
iter05b_arm4_bstar_o1a,0,bstar_2023,HP_Peak,anchor_only_XGBoost,peak,-,direct,none,p0.2|n20,wape,24.984604340456997,5,9,arm4_bstar_o1a,physics
iter05b_arm4_bstar_o1a,0,bstar_2023,HP_Peak,anchor_only_XGBoost,peak,-,direct,none,p0.2|n20,rmse,9.400188789707238,5,9,arm4_bstar_o1a,physics
iter05b_arm4_bstar_o1a,0,bstar_2023,HP_Peak,anchor_only_XGBoost,peak,-,direct,none,p0.2|n20,mae,8.898969003174262,5,9,arm4_bstar_o1a,physics
iter05b_arm4_bstar_o1a,0,bstar_2023,HP_Peak,anchor_only_XGBoost,peak,-,direct,none,p0.2|n20,mape,25.412462455772893,5,9,arm4_bstar_o1a,physics
iter05b_arm4_bstar_o1a,0,bstar_2023,HP_Peak,anchor_only_XGBoost,peak,-,direct,none,p0.2|n20,r2,-0.8664946488176077,5,9,arm4_bstar_o1a,physics
iter05b_arm4_bstar_o1a,0,bstar_2023,HP_Peak,anchor_only_XGBoost,peak,-,direct,none,p0.2|n20,n_pred_nan,0.0,5,9,arm4_bstar_o1a,physics
iter05b_arm4_bstar_o1a,0,bstar_2023,HP_Peak,anchor_only_XGBoost,peak,-,direct,none,p0.2|n20,mape_n_excluded,0.0,5,9,arm4_bstar_o1a,physics
iter05b_arm4_bstar_o1a,0,bstar_2023,HP_Peak,anchor_only_XGBoost,peak,-,direct,none,p0.2|n40,wape,23.847944256155632,5,15,arm4_bstar_o1a,physics
iter05b_arm4_bstar_o1a,0,bstar_2023,HP_Peak,anchor_only_XGBoost,peak,-,direct,none,p0.2|n40,rmse,15.65377348882893,5,15,arm4_bstar_o1a,physics
iter05b_arm4_bstar_o1a,0,bstar_2023,HP_Peak,anchor_only_XGBoost,peak,-,direct,none,p0.2|n40,mae,14.523885122412343,5,15,arm4_bstar_o1a,physics
iter05b_arm4_bstar_o1a,0,bstar_2023,HP_Peak,anchor_only_XGBoost,peak,-,direct,none,p0.2|n40,mape,23.522710860291614,5,15,arm4_bstar_o1a,physics
iter05b_arm4_bstar_o1a,0,bstar_2023,HP_Peak,anchor_only_XGBoost,peak,-,direct,none,p0.2|n40,r2,-11.088594232812728,5,15,arm4_bstar_o1a,physics
iter05b_arm4_bstar_o1a,0,bstar_2023,HP_Peak,anchor_only_XGBoost,peak,-,direct,none,p0.2|n40,n_pred_nan,0.0,5,15,arm4_bstar_o1a,physics
iter05b_arm4_bstar_o1a,0,bstar_2023,HP_Peak,anchor_only_XGBoost,peak,-,direct,none,p0.2|n40,mape_n_excluded,0.0,5,15,arm4_bstar_o1a,physics
iter05b_arm4_bstar_o1a,0,bstar_2023,HP_Peak,anchor_only_XGBoost,peak,-,direct,none,p0.3|n10,wape,27.334143280914912,10,14,arm4_bstar_o1a,physics
iter05b_arm4_bstar_o1a,0,bstar_2023,HP_Peak,anchor_only_XGBoost,peak,-,direct,none,p0.3|n10,rmse,6.33023495101231,10,14,arm4_bstar_o1a,physics
iter05b_arm4_bstar_o1a,0,bstar_2023,HP_Peak,anchor_only_XGBoost,peak,-,direct,none,p0.3|n10,mae,5.54109792888184,10,14,arm4_bstar_o1a,physics
iter05b_arm4_bstar_o1a,0,bstar_2023,HP_Peak,anchor_only_XGBoost,peak,-,direct,none,p0.3|n10,mape,27.87634703511021,10,14,arm4_bstar_o1a,physics
iter05b_arm4_bstar_o1a,0,bstar_2023,HP_Peak,anchor_only_XGBoost,peak,-,direct,none,p0.3|n10,r2,-3.4687278639145767,10,14,arm4_bstar_o1a,physics
iter05b_arm4_bstar_o1a,0,bstar_2023,HP_Peak,anchor_only_XGBoost,peak,-,direct,none,p0.3|n10,n_pred_nan,0.0,10,14,arm4_bstar_o1a,physics
iter05b_arm4_bstar_o1a,0,bstar_2023,HP_Peak,anchor_only_XGBoost,peak,-,direct,none,p0.3|n10,mape_n_excluded,0.0,10,14,arm4_bstar_o1a,physics
iter05b_arm4_bstar_o1a,0,bstar_2023,HP_Peak,anchor_only_XGBoost,peak,-,direct,none,p0.3|n20,wape,33.75827962600993,5,14,arm4_bstar_o1a,physics
iter05b_arm4_bstar_o1a,0,bstar_2023,HP_Peak,anchor_only_XGBoost,peak,-,direct,none,p0.3|n20,rmse,18.65298995008432,5,14,arm4_bstar_o1a,physics
iter05b_arm4_bstar_o1a,0,bstar_2023,HP_Peak,anchor_only_XGBoost,peak,-,direct,none,p0.3|n20,mae,17.936415912744597,5,14,arm4_bstar_o1a,physics
iter05b_arm4_bstar_o1a,0,bstar_2023,HP_Peak,anchor_only_XGBoost,peak,-,direct,none,p0.3|n20,mape,33.38965776303658,5,14,arm4_bstar_o1a,physics
iter05b_arm4_bstar_o1a,0,bstar_2023,HP_Peak,anchor_only_XGBoost,peak,-,direct,none,p0.3|n20,r2,-15.64611469029466,5,14,arm4_bstar_o1a,physics
iter05b_arm4_bstar_o1a,0,bstar_2023,HP_Peak,anchor_only_XGBoost,peak,-,direct,none,p0.3|n20,n_pred_nan,0.0,5,14,arm4_bstar_o1a,physics
iter05b_arm4_bstar_o1a,0,bstar_2023,HP_Peak,anchor_only_XGBoost,peak,-,direct,none,p0.3|n20,mape_n_excluded,0.0,5,14,arm4_bstar_o1a,physics
iter05b_arm4_bstar_o1a,0,bstar_2023,HP_Peak,anchor_only_XGBoost,peak,-,direct,none,p0.3|n40,wape,33.920870303098496,5,16,arm4_bstar_o1a,physics
iter05b_arm4_bstar_o1a,0,bstar_2023,HP_Peak,anchor_only_XGBoost,peak,-,direct,none,p0.3|n40,rmse,32.18581411245846,5,16,arm4_bstar_o1a,physics
iter05b_arm4_bstar_o1a,0,bstar_2023,HP_Peak,anchor_only_XGBoost,peak,-,direct,none,p0.3|n40,mae,31.636229946875723,5,16,arm4_bstar_o1a,physics
iter05b_arm4_bstar_o1a,0,bstar_2023,HP_Peak,anchor_only_XGBoost,peak,-,direct,none,p0.3|n40,mape,33.668732576314106,5,16,arm4_bstar_o1a,physics
iter05b_arm4_bstar_o1a,0,bstar_2023,HP_Peak,anchor_only_XGBoost,peak,-,direct,none,p0.3|n40,r2,-31.262428148383734,5,16,arm4_bstar_o1a,physics
iter05b_arm4_bstar_o1a,0,bstar_2023,HP_Peak,anchor_only_XGBoost,peak,-,direct,none,p0.3|n40,n_pred_nan,0.0,5,16,arm4_bstar_o1a,physics
iter05b_arm4_bstar_o1a,0,bstar_2023,HP_Peak,anchor_only_XGBoost,peak,-,direct,none,p0.3|n40,mape_n_excluded,0.0,5,16,arm4_bstar_o1a,physics
iter05b_arm4_bstar_o1a,0,bstar_2023,HP_Peak,anchor_only_XGBoost,peak,-,direct,none,p0.5|n10,wape,26.09165383882837,5,12,arm4_bstar_o1a,physics
iter05b_arm4_bstar_o1a,0,bstar_2023,HP_Peak,anchor_only_XGBoost,peak,-,direct,none,p0.5|n10,rmse,12.693738594695404,5,12,arm4_bstar_o1a,physics
iter05b_arm4_bstar_o1a,0,bstar_2023,HP_Peak,anchor_only_XGBoost,peak,-,direct,none,p0.5|n10,mae,10.781971215161596,5,12,arm4_bstar_o1a,physics
iter05b_arm4_bstar_o1a,0,bstar_2023,HP_Peak,anchor_only_XGBoost,peak,-,direct,none,p0.5|n10,mape,24.417596805100622,5,12,arm4_bstar_o1a,physics
iter05b_arm4_bstar_o1a,0,bstar_2023,HP_Peak,anchor_only_XGBoost,peak,-,direct,none,p0.5|n10,r2,-1.1565473245533346,5,12,arm4_bstar_o1a,physics
iter05b_arm4_bstar_o1a,0,bstar_2023,HP_Peak,anchor_only_XGBoost,peak,-,direct,none,p0.5|n10,n_pred_nan,0.0,5,12,arm4_bstar_o1a,physics
iter05b_arm4_bstar_o1a,0,bstar_2023,HP_Peak,anchor_only_XGBoost,peak,-,direct,none,p0.5|n10,mape_n_excluded,0.0,5,12,arm4_bstar_o1a,physics
iter05b_arm4_bstar_o1a,0,bstar_2023,HP_Peak,anchor_only_XGBoost,peak,-,direct,none,p0.5|n20,wape,32.21817054838143,5,16,arm4_bstar_o1a,physics
iter05b_arm4_bstar_o1a,0,bstar_2023,HP_Peak,anchor_only_XGBoost,peak,-,direct,none,p0.5|n20,rmse,27.51816271862229,5,16,arm4_bstar_o1a,physics
iter05b_arm4_bstar_o1a,0,bstar_2023,HP_Peak,anchor_only_XGBoost,peak,-,direct,none,p0.5|n20,mae,26.854339765430417,5,16,arm4_bstar_o1a,physics
iter05b_arm4_bstar_o1a,0,bstar_2023,HP_Peak,anchor_only_XGBoost,peak,-,direct,none,p0.5|n20,mape,32.614442248697465,5,16,arm4_bstar_o1a,physics
iter05b_arm4_bstar_o1a,0,bstar_2023,HP_Peak,anchor_only_XGBoost,peak,-,direct,none,p0.5|n20,r2,-11.359615726520396,5,16,arm4_bstar_o1a,physics
iter05b_arm4_bstar_o1a,0,bstar_2023,HP_Peak,anchor_only_XGBoost,peak,-,direct,none,p0.5|n20,n_pred_nan,0.0,5,16,arm4_bstar_o1a,physics
iter05b_arm4_bstar_o1a,0,bstar_2023,HP_Peak,anchor_only_XGBoost,peak,-,direct,none,p0.5|n20,mape_n_excluded,0.0,5,16,arm4_bstar_o1a,physics
iter05b_arm4_bstar_o1a,0,bstar_2023,HP_Peak,anchor_only_XGBoost,peak,-,direct,none,p0.8|n10,wape,33.144349179839274,5,14,arm4_bstar_o1a,physics
iter05b_arm4_bstar_o1a,0,bstar_2023,HP_Peak,anchor_only_XGBoost,peak,-,direct,none,p0.8|n10,rmse,23.096334202812805,5,14,arm4_bstar_o1a,physics
iter05b_arm4_bstar_o1a,0,bstar_2023,HP_Peak,anchor_only_XGBoost,peak,-,direct,none,p0.8|n10,mae,21.53503788095761,5,14,arm4_bstar_o1a,physics
iter05b_arm4_bstar_o1a,0,bstar_2023,HP_Peak,anchor_only_XGBoost,peak,-,direct,none,p0.8|n10,mape,31.890414343814232,5,14,arm4_bstar_o1a,physics
iter05b_arm4_bstar_o1a,0,bstar_2023,HP_Peak,anchor_only_XGBoost,peak,-,direct,none,p0.8|n10,r2,-3.486526140817581,5,14,arm4_bstar_o1a,physics
iter05b_arm4_bstar_o1a,0,bstar_2023,HP_Peak,anchor_only_XGBoost,peak,-,direct,none,p0.8|n10,n_pred_nan,0.0,5,14,arm4_bstar_o1a,physics
iter05b_arm4_bstar_o1a,0,bstar_2023,HP_Peak,anchor_only_XGBoost,peak,-,direct,none,p0.8|n10,mape_n_excluded,0.0,5,14,arm4_bstar_o1a,physics
iter05b_arm4_bstar_o1a,0,bstar_2023,HP_Peak,anchor_only_XGBoost,peak,-,direct,none,p1.0|n10,wape,39.892666182589004,5,16,arm4_bstar_o1a,physics
iter05b_arm4_bstar_o1a,0,bstar_2023,HP_Peak,anchor_only_XGBoost,peak,-,direct,none,p1.0|n10,rmse,33.16397586069001,5,16,arm4_bstar_o1a,physics
iter05b_arm4_bstar_o1a,0,bstar_2023,HP_Peak,anchor_only_XGBoost,peak,-,direct,none,p1.0|n10,mae,32.10236728930736,5,16,arm4_bstar_o1a,physics
iter05b_arm4_bstar_o1a,0,bstar_2023,HP_Peak,anchor_only_XGBoost,peak,-,direct,none,p1.0|n10,mape,39.31177239254381,5,16,arm4_bstar_o1a,physics
iter05b_arm4_bstar_o1a,0,bstar_2023,HP_Peak,anchor_only_XGBoost,peak,-,direct,none,p1.0|n10,r2,-18.784680980774507,5,16,arm4_bstar_o1a,physics
iter05b_arm4_bstar_o1a,0,bstar_2023,HP_Peak,anchor_only_XGBoost,peak,-,direct,none,p1.0|n10,n_pred_nan,0.0,5,16,arm4_bstar_o1a,physics
iter05b_arm4_bstar_o1a,0,bstar_2023,HP_Peak,anchor_only_XGBoost,peak,-,direct,none,p1.0|n10,mape_n_excluded,0.0,5,16,arm4_bstar_o1a,physics
iter05b_arm4_bstar_o1a,0,bstar_2023,HP_Peak,anchor_only_XGBoost,size+peak,-,direct,none,all,wape,27.05300688056439,135,20,arm4_bstar_o1a,physics
iter05b_arm4_bstar_o1a,0,bstar_2023,HP_Peak,anchor_only_XGBoost,size+peak,-,direct,none,all,rmse,13.646848386269692,135,20,arm4_bstar_o1a,physics
iter05b_arm4_bstar_o1a,0,bstar_2023,HP_Peak,anchor_only_XGBoost,size+peak,-,direct,none,all,mae,9.721510847660078,135,20,arm4_bstar_o1a,physics
iter05b_arm4_bstar_o1a,0,bstar_2023,HP_Peak,anchor_only_XGBoost,size+peak,-,direct,none,all,mape,51.47745830625708,135,20,arm4_bstar_o1a,physics
iter05b_arm4_bstar_o1a,0,bstar_2023,HP_Peak,anchor_only_XGBoost,size+peak,-,direct,none,all,r2,0.7941661195138401,135,20,arm4_bstar_o1a,physics
iter05b_arm4_bstar_o1a,0,bstar_2023,HP_Peak,anchor_only_XGBoost,size+peak,-,direct,none,all,n_pred_nan,0.0,135,20,arm4_bstar_o1a,physics
iter05b_arm4_bstar_o1a,0,bstar_2023,HP_Peak,anchor_only_XGBoost,size+peak,-,direct,none,all,mape_n_excluded,0.0,135,20,arm4_bstar_o1a,physics
iter05b_arm4_bstar_o1a,0,bstar_2023,HP_Peak,anchor_only_XGBoost,size+peak,-,direct,none,all,wape_train,21.289829249205138,135,20,arm4_bstar_o1a,physics
iter05b_arm4_bstar_o1a,0,bstar_2023,HP_Peak,anchor_only_XGBoost,size+peak,-,direct,none,all,wape_inner,33.231925598363475,135,20,arm4_bstar_o1a,physics
iter05b_arm4_bstar_o1a,0,bstar_2023,HP_Peak,anchor_only_XGBoost,size+peak,-,direct,none,all,n_train_sub,500.0,135,20,arm4_bstar_o1a,physics
iter05b_arm4_bstar_o1a,0,bstar_2023,HP_Peak,anchor_only_XGBoost,size+peak,-,direct,none,all,n_inner_sub,440.0,135,20,arm4_bstar_o1a,physics
iter05b_arm4_bstar_o1a,0,bstar_2023,HP_Peak,anchor_only_XGBoost,size+peak,-,direct,none,all,n_test_sub,135.0,135,20,arm4_bstar_o1a,physics
iter05b_arm4_bstar_o1a,0,bstar_2023,HP_Peak,anchor_only_XGBoost,size+peak,-,direct,none,all,n_overlap_sub,0.0,135,20,arm4_bstar_o1a,physics
iter05b_arm4_bstar_o1a,0,bstar_2023,HP_Peak,anchor_only_XGBoost,size+peak,-,direct,none,pbin<=15,wape,34.31233496213327,75,20,arm4_bstar_o1a,physics
iter05b_arm4_bstar_o1a,0,bstar_2023,HP_Peak,anchor_only_XGBoost,size+peak,-,direct,none,pbin<=15,rmse,13.979686897623054,75,20,arm4_bstar_o1a,physics
iter05b_arm4_bstar_o1a,0,bstar_2023,HP_Peak,anchor_only_XGBoost,size+peak,-,direct,none,pbin<=15,mae,8.901389474974875,75,20,arm4_bstar_o1a,physics
iter05b_arm4_bstar_o1a,0,bstar_2023,HP_Peak,anchor_only_XGBoost,size+peak,-,direct,none,pbin<=15,mape,74.58629329699588,75,20,arm4_bstar_o1a,physics
iter05b_arm4_bstar_o1a,0,bstar_2023,HP_Peak,anchor_only_XGBoost,size+peak,-,direct,none,pbin<=15,r2,0.7490604526342772,75,20,arm4_bstar_o1a,physics
iter05b_arm4_bstar_o1a,0,bstar_2023,HP_Peak,anchor_only_XGBoost,size+peak,-,direct,none,pbin<=15,n_pred_nan,0.0,75,20,arm4_bstar_o1a,physics
iter05b_arm4_bstar_o1a,0,bstar_2023,HP_Peak,anchor_only_XGBoost,size+peak,-,direct,none,pbin<=15,mape_n_excluded,0.0,75,20,arm4_bstar_o1a,physics
iter05b_arm4_bstar_o1a,0,bstar_2023,HP_Peak,anchor_only_XGBoost,size+peak,-,direct,none,pbin15-35,wape,22.46938199073994,40,20,arm4_bstar_o1a,physics
iter05b_arm4_bstar_o1a,0,bstar_2023,HP_Peak,anchor_only_XGBoost,size+peak,-,direct,none,pbin15-35,rmse,11.323889873208108,40,20,arm4_bstar_o1a,physics
iter05b_arm4_bstar_o1a,0,bstar_2023,HP_Peak,anchor_only_XGBoost,size+peak,-,direct,none,pbin15-35,mae,8.734756250731133,40,20,arm4_bstar_o1a,physics
iter05b_arm4_bstar_o1a,0,bstar_2023,HP_Peak,anchor_only_XGBoost,size+peak,-,direct,none,pbin15-35,mape,23.22089338516987,40,20,arm4_bstar_o1a,physics
iter05b_arm4_bstar_o1a,0,bstar_2023,HP_Peak,anchor_only_XGBoost,size+peak,-,direct,none,pbin15-35,r2,0.8220814246378608,40,20,arm4_bstar_o1a,physics
iter05b_arm4_bstar_o1a,0,bstar_2023,HP_Peak,anchor_only_XGBoost,size+peak,-,direct,none,pbin15-35,n_pred_nan,0.0,40,20,arm4_bstar_o1a,physics
iter05b_arm4_bstar_o1a,0,bstar_2023,HP_Peak,anchor_only_XGBoost,size+peak,-,direct,none,pbin15-35,mape_n_excluded,0.0,40,20,arm4_bstar_o1a,physics
iter05b_arm4_bstar_o1a,0,bstar_2023,HP_Peak,anchor_only_XGBoost,size+peak,-,direct,none,pbin35-65,wape,19.59433508977772,10,16,arm4_bstar_o1a,physics
iter05b_arm4_bstar_o1a,0,bstar_2023,HP_Peak,anchor_only_XGBoost,size+peak,-,direct,none,pbin35-65,rmse,13.50351682148959,10,16,arm4_bstar_o1a,physics
iter05b_arm4_bstar_o1a,0,bstar_2023,HP_Peak,anchor_only_XGBoost,size+peak,-,direct,none,pbin35-65,mae,12.214617069043495,10,16,arm4_bstar_o1a,physics
iter05b_arm4_bstar_o1a,0,bstar_2023,HP_Peak,anchor_only_XGBoost,size+peak,-,direct,none,pbin35-65,mape,19.708357639870528,10,16,arm4_bstar_o1a,physics
iter05b_arm4_bstar_o1a,0,bstar_2023,HP_Peak,anchor_only_XGBoost,size+peak,-,direct,none,pbin35-65,r2,0.6421679778408207,10,16,arm4_bstar_o1a,physics
iter05b_arm4_bstar_o1a,0,bstar_2023,HP_Peak,anchor_only_XGBoost,size+peak,-,direct,none,pbin35-65,n_pred_nan,0.0,10,16,arm4_bstar_o1a,physics
iter05b_arm4_bstar_o1a,0,bstar_2023,HP_Peak,anchor_only_XGBoost,size+peak,-,direct,none,pbin35-65,mape_n_excluded,0.0,10,16,arm4_bstar_o1a,physics
iter05b_arm4_bstar_o1a,0,bstar_2023,HP_Peak,anchor_only_XGBoost,size+peak,-,direct,none,pbin>65,wape,23.825217055750826,10,16,arm4_bstar_o1a,physics
iter05b_arm4_bstar_o1a,0,bstar_2023,HP_Peak,anchor_only_XGBoost,size+peak,-,direct,none,pbin>65,rmse,18.79329986174574,10,16,arm4_bstar_o1a,physics
iter05b_arm4_bstar_o1a,0,bstar_2023,HP_Peak,anchor_only_XGBoost,size+peak,-,direct,none,pbin>65,mae,17.326333309131467,10,16,arm4_bstar_o1a,physics
iter05b_arm4_bstar_o1a,0,bstar_2023,HP_Peak,anchor_only_XGBoost,size+peak,-,direct,none,pbin>65,mape,22.956556226451504,10,16,arm4_bstar_o1a,physics
iter05b_arm4_bstar_o1a,0,bstar_2023,HP_Peak,anchor_only_XGBoost,size+peak,-,direct,none,pbin>65,r2,-1.3978359833356477,10,16,arm4_bstar_o1a,physics
iter05b_arm4_bstar_o1a,0,bstar_2023,HP_Peak,anchor_only_XGBoost,size+peak,-,direct,none,pbin>65,n_pred_nan,0.0,10,16,arm4_bstar_o1a,physics
iter05b_arm4_bstar_o1a,0,bstar_2023,HP_Peak,anchor_only_XGBoost,size+peak,-,direct,none,pbin>65,mape_n_excluded,0.0,10,16,arm4_bstar_o1a,physics
iter05b_arm4_bstar_o1a,0,bstar_2023,HP_Peak,anchor_only_XGBoost,size+peak,-,direct,none,p0.05|n10,wape,106.08858988977063,10,9,arm4_bstar_o1a,physics
iter05b_arm4_bstar_o1a,0,bstar_2023,HP_Peak,anchor_only_XGBoost,size+peak,-,direct,none,p0.05|n10,rmse,6.974505218052004,10,9,arm4_bstar_o1a,physics
iter05b_arm4_bstar_o1a,0,bstar_2023,HP_Peak,anchor_only_XGBoost,size+peak,-,direct,none,p0.05|n10,mae,5.82201620426022,10,9,arm4_bstar_o1a,physics
iter05b_arm4_bstar_o1a,0,bstar_2023,HP_Peak,anchor_only_XGBoost,size+peak,-,direct,none,p0.05|n10,mape,126.44856319518473,10,9,arm4_bstar_o1a,physics
iter05b_arm4_bstar_o1a,0,bstar_2023,HP_Peak,anchor_only_XGBoost,size+peak,-,direct,none,p0.05|n10,r2,-10.417772582879492,10,9,arm4_bstar_o1a,physics
iter05b_arm4_bstar_o1a,0,bstar_2023,HP_Peak,anchor_only_XGBoost,size+peak,-,direct,none,p0.05|n10,n_pred_nan,0.0,10,9,arm4_bstar_o1a,physics
iter05b_arm4_bstar_o1a,0,bstar_2023,HP_Peak,anchor_only_XGBoost,size+peak,-,direct,none,p0.05|n10,mape_n_excluded,0.0,10,9,arm4_bstar_o1a,physics
iter05b_arm4_bstar_o1a,0,bstar_2023,HP_Peak,anchor_only_XGBoost,size+peak,-,direct,none,p0.05|n20,wape,196.59230513650058,10,7,arm4_bstar_o1a,physics
iter05b_arm4_bstar_o1a,0,bstar_2023,HP_Peak,anchor_only_XGBoost,size+peak,-,direct,none,p0.05|n20,rmse,12.190322609505065,10,7,arm4_bstar_o1a,physics
iter05b_arm4_bstar_o1a,0,bstar_2023,HP_Peak,anchor_only_XGBoost,size+peak,-,direct,none,p0.05|n20,mae,11.179151444726534,10,7,arm4_bstar_o1a,physics
iter05b_arm4_bstar_o1a,0,bstar_2023,HP_Peak,anchor_only_XGBoost,size+peak,-,direct,none,p0.05|n20,mape,230.82714576547357,10,7,arm4_bstar_o1a,physics
iter05b_arm4_bstar_o1a,0,bstar_2023,HP_Peak,anchor_only_XGBoost,size+peak,-,direct,none,p0.05|n20,r2,-41.71660397048403,10,7,arm4_bstar_o1a,physics
iter05b_arm4_bstar_o1a,0,bstar_2023,HP_Peak,anchor_only_XGBoost,size+peak,-,direct,none,p0.05|n20,n_pred_nan,0.0,10,7,arm4_bstar_o1a,physics
iter05b_arm4_bstar_o1a,0,bstar_2023,HP_Peak,anchor_only_XGBoost,size+peak,-,direct,none,p0.05|n20,mape_n_excluded,0.0,10,7,arm4_bstar_o1a,physics
iter05b_arm4_bstar_o1a,0,bstar_2023,HP_Peak,anchor_only_XGBoost,size+peak,-,direct,none,p0.05|n40,wape,64.8980099731721,10,13,arm4_bstar_o1a,physics
iter05b_arm4_bstar_o1a,0,bstar_2023,HP_Peak,anchor_only_XGBoost,size+peak,-,direct,none,p0.05|n40,rmse,11.637855334805531,10,13,arm4_bstar_o1a,physics
iter05b_arm4_bstar_o1a,0,bstar_2023,HP_Peak,anchor_only_XGBoost,size+peak,-,direct,none,p0.05|n40,mae,9.48921750467522,10,13,arm4_bstar_o1a,physics
iter05b_arm4_bstar_o1a,0,bstar_2023,HP_Peak,anchor_only_XGBoost,size+peak,-,direct,none,p0.05|n40,mape,83.5770044918706,10,13,arm4_bstar_o1a,physics
iter05b_arm4_bstar_o1a,0,bstar_2023,HP_Peak,anchor_only_XGBoost,size+peak,-,direct,none,p0.05|n40,r2,-3.088426221066425,10,13,arm4_bstar_o1a,physics
iter05b_arm4_bstar_o1a,0,bstar_2023,HP_Peak,anchor_only_XGBoost,size+peak,-,direct,none,p0.05|n40,n_pred_nan,0.0,10,13,arm4_bstar_o1a,physics
iter05b_arm4_bstar_o1a,0,bstar_2023,HP_Peak,anchor_only_XGBoost,size+peak,-,direct,none,p0.05|n40,mape_n_excluded,0.0,10,13,arm4_bstar_o1a,physics
iter05b_arm4_bstar_o1a,0,bstar_2023,HP_Peak,anchor_only_XGBoost,size+peak,-,direct,none,p0.05|n80,wape,11.403025375333687,5,12,arm4_bstar_o1a,physics
iter05b_arm4_bstar_o1a,0,bstar_2023,HP_Peak,anchor_only_XGBoost,size+peak,-,direct,none,p0.05|n80,rmse,4.975371770960096,5,12,arm4_bstar_o1a,physics
iter05b_arm4_bstar_o1a,0,bstar_2023,HP_Peak,anchor_only_XGBoost,size+peak,-,direct,none,p0.05|n80,mae,3.861815714623942,5,12,arm4_bstar_o1a,physics
iter05b_arm4_bstar_o1a,0,bstar_2023,HP_Peak,anchor_only_XGBoost,size+peak,-,direct,none,p0.05|n80,mape,11.34596773027205,5,12,arm4_bstar_o1a,physics
iter05b_arm4_bstar_o1a,0,bstar_2023,HP_Peak,anchor_only_XGBoost,size+peak,-,direct,none,p0.05|n80,r2,-0.12078049172308036,5,12,arm4_bstar_o1a,physics
iter05b_arm4_bstar_o1a,0,bstar_2023,HP_Peak,anchor_only_XGBoost,size+peak,-,direct,none,p0.05|n80,n_pred_nan,0.0,5,12,arm4_bstar_o1a,physics
iter05b_arm4_bstar_o1a,0,bstar_2023,HP_Peak,anchor_only_XGBoost,size+peak,-,direct,none,p0.05|n80,mape_n_excluded,0.0,5,12,arm4_bstar_o1a,physics
iter05b_arm4_bstar_o1a,0,bstar_2023,HP_Peak,anchor_only_XGBoost,size+peak,-,direct,none,p0.05|n120,wape,12.055260687381784,5,15,arm4_bstar_o1a,physics
iter05b_arm4_bstar_o1a,0,bstar_2023,HP_Peak,anchor_only_XGBoost,size+peak,-,direct,none,p0.05|n120,rmse,6.818154799290487,5,15,arm4_bstar_o1a,physics
iter05b_arm4_bstar_o1a,0,bstar_2023,HP_Peak,anchor_only_XGBoost,size+peak,-,direct,none,p0.05|n120,mae,5.473174474853726,5,15,arm4_bstar_o1a,physics
iter05b_arm4_bstar_o1a,0,bstar_2023,HP_Peak,anchor_only_XGBoost,size+peak,-,direct,none,p0.05|n120,mape,11.75570925890305,5,15,arm4_bstar_o1a,physics
iter05b_arm4_bstar_o1a,0,bstar_2023,HP_Peak,anchor_only_XGBoost,size+peak,-,direct,none,p0.05|n120,r2,-3.2029516199803147,5,15,arm4_bstar_o1a,physics
iter05b_arm4_bstar_o1a,0,bstar_2023,HP_Peak,anchor_only_XGBoost,size+peak,-,direct,none,p0.05|n120,n_pred_nan,0.0,5,15,arm4_bstar_o1a,physics
iter05b_arm4_bstar_o1a,0,bstar_2023,HP_Peak,anchor_only_XGBoost,size+peak,-,direct,none,p0.05|n120,mape_n_excluded,0.0,5,15,arm4_bstar_o1a,physics
iter05b_arm4_bstar_o1a,0,bstar_2023,HP_Peak,anchor_only_XGBoost,size+peak,-,direct,none,p0.1|n10,wape,32.55726368274529,10,9,arm4_bstar_o1a,physics
iter05b_arm4_bstar_o1a,0,bstar_2023,HP_Peak,anchor_only_XGBoost,size+peak,-,direct,none,p0.1|n10,rmse,2.9624501576208155,10,9,arm4_bstar_o1a,physics
iter05b_arm4_bstar_o1a,0,bstar_2023,HP_Peak,anchor_only_XGBoost,size+peak,-,direct,none,p0.1|n10,mae,2.6377904151794147,10,9,arm4_bstar_o1a,physics
iter05b_arm4_bstar_o1a,0,bstar_2023,HP_Peak,anchor_only_XGBoost,size+peak,-,direct,none,p0.1|n10,mape,41.343754385016204,10,9,arm4_bstar_o1a,physics
iter05b_arm4_bstar_o1a,0,bstar_2023,HP_Peak,anchor_only_XGBoost,size+peak,-,direct,none,p0.1|n10,r2,-0.19784031726782536,10,9,arm4_bstar_o1a,physics
iter05b_arm4_bstar_o1a,0,bstar_2023,HP_Peak,anchor_only_XGBoost,size+peak,-,direct,none,p0.1|n10,n_pred_nan,0.0,10,9,arm4_bstar_o1a,physics
iter05b_arm4_bstar_o1a,0,bstar_2023,HP_Peak,anchor_only_XGBoost,size+peak,-,direct,none,p0.1|n10,mape_n_excluded,0.0,10,9,arm4_bstar_o1a,physics
iter05b_arm4_bstar_o1a,0,bstar_2023,HP_Peak,anchor_only_XGBoost,size+peak,-,direct,none,p0.1|n20,wape,28.245739016161398,10,11,arm4_bstar_o1a,physics
iter05b_arm4_bstar_o1a,0,bstar_2023,HP_Peak,anchor_only_XGBoost,size+peak,-,direct,none,p0.1|n20,rmse,4.630075323163252,10,11,arm4_bstar_o1a,physics
iter05b_arm4_bstar_o1a,0,bstar_2023,HP_Peak,anchor_only_XGBoost,size+peak,-,direct,none,p0.1|n20,mae,3.878066415014581,10,11,arm4_bstar_o1a,physics
iter05b_arm4_bstar_o1a,0,bstar_2023,HP_Peak,anchor_only_XGBoost,size+peak,-,direct,none,p0.1|n20,mape,33.12504723485262,10,11,arm4_bstar_o1a,physics
iter05b_arm4_bstar_o1a,0,bstar_2023,HP_Peak,anchor_only_XGBoost,size+peak,-,direct,none,p0.1|n20,r2,0.11886499226355118,10,11,arm4_bstar_o1a,physics
iter05b_arm4_bstar_o1a,0,bstar_2023,HP_Peak,anchor_only_XGBoost,size+peak,-,direct,none,p0.1|n20,n_pred_nan,0.0,10,11,arm4_bstar_o1a,physics
iter05b_arm4_bstar_o1a,0,bstar_2023,HP_Peak,anchor_only_XGBoost,size+peak,-,direct,none,p0.1|n20,mape_n_excluded,0.0,10,11,arm4_bstar_o1a,physics
iter05b_arm4_bstar_o1a,0,bstar_2023,HP_Peak,anchor_only_XGBoost,size+peak,-,direct,none,p0.1|n40,wape,7.153055123029171,5,12,arm4_bstar_o1a,physics
iter05b_arm4_bstar_o1a,0,bstar_2023,HP_Peak,anchor_only_XGBoost,size+peak,-,direct,none,p0.1|n40,rmse,4.541041535630116,5,12,arm4_bstar_o1a,physics
iter05b_arm4_bstar_o1a,0,bstar_2023,HP_Peak,anchor_only_XGBoost,size+peak,-,direct,none,p0.1|n40,mae,3.1010056757815123,5,12,arm4_bstar_o1a,physics
iter05b_arm4_bstar_o1a,0,bstar_2023,HP_Peak,anchor_only_XGBoost,size+peak,-,direct,none,p0.1|n40,mape,6.779920602121485,5,12,arm4_bstar_o1a,physics
iter05b_arm4_bstar_o1a,0,bstar_2023,HP_Peak,anchor_only_XGBoost,size+peak,-,direct,none,p0.1|n40,r2,0.14102364758337094,5,12,arm4_bstar_o1a,physics
iter05b_arm4_bstar_o1a,0,bstar_2023,HP_Peak,anchor_only_XGBoost,size+peak,-,direct,none,p0.1|n40,n_pred_nan,0.0,5,12,arm4_bstar_o1a,physics
iter05b_arm4_bstar_o1a,0,bstar_2023,HP_Peak,anchor_only_XGBoost,size+peak,-,direct,none,p0.1|n40,mape_n_excluded,0.0,5,12,arm4_bstar_o1a,physics
iter05b_arm4_bstar_o1a,0,bstar_2023,HP_Peak,anchor_only_XGBoost,size+peak,-,direct,none,p0.1|n80,wape,16.946055228588346,5,13,arm4_bstar_o1a,physics
iter05b_arm4_bstar_o1a,0,bstar_2023,HP_Peak,anchor_only_XGBoost,size+peak,-,direct,none,p0.1|n80,rmse,14.162314543269176,5,13,arm4_bstar_o1a,physics
iter05b_arm4_bstar_o1a,0,bstar_2023,HP_Peak,anchor_only_XGBoost,size+peak,-,direct,none,p0.1|n80,mae,11.587950894629556,5,13,arm4_bstar_o1a,physics
iter05b_arm4_bstar_o1a,0,bstar_2023,HP_Peak,anchor_only_XGBoost,size+peak,-,direct,none,p0.1|n80,mape,15.858942832728218,5,13,arm4_bstar_o1a,physics
iter05b_arm4_bstar_o1a,0,bstar_2023,HP_Peak,anchor_only_XGBoost,size+peak,-,direct,none,p0.1|n80,r2,-0.6151707352107265,5,13,arm4_bstar_o1a,physics
iter05b_arm4_bstar_o1a,0,bstar_2023,HP_Peak,anchor_only_XGBoost,size+peak,-,direct,none,p0.1|n80,n_pred_nan,0.0,5,13,arm4_bstar_o1a,physics
iter05b_arm4_bstar_o1a,0,bstar_2023,HP_Peak,anchor_only_XGBoost,size+peak,-,direct,none,p0.1|n80,mape_n_excluded,0.0,5,13,arm4_bstar_o1a,physics
iter05b_arm4_bstar_o1a,0,bstar_2023,HP_Peak,anchor_only_XGBoost,size+peak,-,direct,none,p0.1|n120,wape,42.2683085394477,5,16,arm4_bstar_o1a,physics
iter05b_arm4_bstar_o1a,0,bstar_2023,HP_Peak,anchor_only_XGBoost,size+peak,-,direct,none,p0.1|n120,rmse,43.74058491354134,5,16,arm4_bstar_o1a,physics
iter05b_arm4_bstar_o1a,0,bstar_2023,HP_Peak,anchor_only_XGBoost,size+peak,-,direct,none,p0.1|n120,mae,43.484411397022434,5,16,arm4_bstar_o1a,physics
iter05b_arm4_bstar_o1a,0,bstar_2023,HP_Peak,anchor_only_XGBoost,size+peak,-,direct,none,p0.1|n120,mape,42.41082888611778,5,16,arm4_bstar_o1a,physics
iter05b_arm4_bstar_o1a,0,bstar_2023,HP_Peak,anchor_only_XGBoost,size+peak,-,direct,none,p0.1|n120,r2,-43.98957613119761,5,16,arm4_bstar_o1a,physics
iter05b_arm4_bstar_o1a,0,bstar_2023,HP_Peak,anchor_only_XGBoost,size+peak,-,direct,none,p0.1|n120,n_pred_nan,0.0,5,16,arm4_bstar_o1a,physics
iter05b_arm4_bstar_o1a,0,bstar_2023,HP_Peak,anchor_only_XGBoost,size+peak,-,direct,none,p0.1|n120,mape_n_excluded,0.0,5,16,arm4_bstar_o1a,physics
iter05b_arm4_bstar_o1a,0,bstar_2023,HP_Peak,anchor_only_XGBoost,size+peak,-,direct,none,p0.2|n10,wape,25.85339552351373,10,12,arm4_bstar_o1a,physics
iter05b_arm4_bstar_o1a,0,bstar_2023,HP_Peak,anchor_only_XGBoost,size+peak,-,direct,none,p0.2|n10,rmse,4.8489910795026585,10,12,arm4_bstar_o1a,physics
iter05b_arm4_bstar_o1a,0,bstar_2023,HP_Peak,anchor_only_XGBoost,size+peak,-,direct,none,p0.2|n10,mae,3.5590227921936233,10,12,arm4_bstar_o1a,physics
iter05b_arm4_bstar_o1a,0,bstar_2023,HP_Peak,anchor_only_XGBoost,size+peak,-,direct,none,p0.2|n10,mape,24.940749312176646,10,12,arm4_bstar_o1a,physics
iter05b_arm4_bstar_o1a,0,bstar_2023,HP_Peak,anchor_only_XGBoost,size+peak,-,direct,none,p0.2|n10,r2,-1.7880057856160563,10,12,arm4_bstar_o1a,physics
iter05b_arm4_bstar_o1a,0,bstar_2023,HP_Peak,anchor_only_XGBoost,size+peak,-,direct,none,p0.2|n10,n_pred_nan,0.0,10,12,arm4_bstar_o1a,physics
iter05b_arm4_bstar_o1a,0,bstar_2023,HP_Peak,anchor_only_XGBoost,size+peak,-,direct,none,p0.2|n10,mape_n_excluded,0.0,10,12,arm4_bstar_o1a,physics
iter05b_arm4_bstar_o1a,0,bstar_2023,HP_Peak,anchor_only_XGBoost,size+peak,-,direct,none,p0.2|n20,wape,19.729356963906206,5,9,arm4_bstar_o1a,physics
iter05b_arm4_bstar_o1a,0,bstar_2023,HP_Peak,anchor_only_XGBoost,size+peak,-,direct,none,p0.2|n20,rmse,7.373685787263076,5,9,arm4_bstar_o1a,physics
iter05b_arm4_bstar_o1a,0,bstar_2023,HP_Peak,anchor_only_XGBoost,size+peak,-,direct,none,p0.2|n20,mae,7.027164956543402,5,9,arm4_bstar_o1a,physics
iter05b_arm4_bstar_o1a,0,bstar_2023,HP_Peak,anchor_only_XGBoost,size+peak,-,direct,none,p0.2|n20,mape,20.43145125376275,5,9,arm4_bstar_o1a,physics
iter05b_arm4_bstar_o1a,0,bstar_2023,HP_Peak,anchor_only_XGBoost,size+peak,-,direct,none,p0.2|n20,r2,-0.148478453317771,5,9,arm4_bstar_o1a,physics
iter05b_arm4_bstar_o1a,0,bstar_2023,HP_Peak,anchor_only_XGBoost,size+peak,-,direct,none,p0.2|n20,n_pred_nan,0.0,5,9,arm4_bstar_o1a,physics
iter05b_arm4_bstar_o1a,0,bstar_2023,HP_Peak,anchor_only_XGBoost,size+peak,-,direct,none,p0.2|n20,mape_n_excluded,0.0,5,9,arm4_bstar_o1a,physics
iter05b_arm4_bstar_o1a,0,bstar_2023,HP_Peak,anchor_only_XGBoost,size+peak,-,direct,none,p0.2|n40,wape,24.749392758835736,5,15,arm4_bstar_o1a,physics
iter05b_arm4_bstar_o1a,0,bstar_2023,HP_Peak,anchor_only_XGBoost,size+peak,-,direct,none,p0.2|n40,rmse,15.92712866269752,5,15,arm4_bstar_o1a,physics
iter05b_arm4_bstar_o1a,0,bstar_2023,HP_Peak,anchor_only_XGBoost,size+peak,-,direct,none,p0.2|n40,mae,15.07288567172875,5,15,arm4_bstar_o1a,physics
iter05b_arm4_bstar_o1a,0,bstar_2023,HP_Peak,anchor_only_XGBoost,size+peak,-,direct,none,p0.2|n40,mape,25.285919742478864,5,15,arm4_bstar_o1a,physics
iter05b_arm4_bstar_o1a,0,bstar_2023,HP_Peak,anchor_only_XGBoost,size+peak,-,direct,none,p0.2|n40,r2,-11.514476483072455,5,15,arm4_bstar_o1a,physics
iter05b_arm4_bstar_o1a,0,bstar_2023,HP_Peak,anchor_only_XGBoost,size+peak,-,direct,none,p0.2|n40,n_pred_nan,0.0,5,15,arm4_bstar_o1a,physics
iter05b_arm4_bstar_o1a,0,bstar_2023,HP_Peak,anchor_only_XGBoost,size+peak,-,direct,none,p0.2|n40,mape_n_excluded,0.0,5,15,arm4_bstar_o1a,physics
iter05b_arm4_bstar_o1a,0,bstar_2023,HP_Peak,anchor_only_XGBoost,size+peak,-,direct,none,p0.3|n10,wape,25.38911369693923,10,14,arm4_bstar_o1a,physics
iter05b_arm4_bstar_o1a,0,bstar_2023,HP_Peak,anchor_only_XGBoost,size+peak,-,direct,none,p0.3|n10,rmse,6.116229032841691,10,14,arm4_bstar_o1a,physics
iter05b_arm4_bstar_o1a,0,bstar_2023,HP_Peak,anchor_only_XGBoost,size+peak,-,direct,none,p0.3|n10,mae,5.146807195544437,10,14,arm4_bstar_o1a,physics
iter05b_arm4_bstar_o1a,0,bstar_2023,HP_Peak,anchor_only_XGBoost,size+peak,-,direct,none,p0.3|n10,mape,25.116202372137042,10,14,arm4_bstar_o1a,physics
iter05b_arm4_bstar_o1a,0,bstar_2023,HP_Peak,anchor_only_XGBoost,size+peak,-,direct,none,p0.3|n10,r2,-3.171687123143651,10,14,arm4_bstar_o1a,physics
iter05b_arm4_bstar_o1a,0,bstar_2023,HP_Peak,anchor_only_XGBoost,size+peak,-,direct,none,p0.3|n10,n_pred_nan,0.0,10,14,arm4_bstar_o1a,physics
iter05b_arm4_bstar_o1a,0,bstar_2023,HP_Peak,anchor_only_XGBoost,size+peak,-,direct,none,p0.3|n10,mape_n_excluded,0.0,10,14,arm4_bstar_o1a,physics
iter05b_arm4_bstar_o1a,0,bstar_2023,HP_Peak,anchor_only_XGBoost,size+peak,-,direct,none,p0.3|n20,wape,18.675077127625713,5,14,arm4_bstar_o1a,physics
iter05b_arm4_bstar_o1a,0,bstar_2023,HP_Peak,anchor_only_XGBoost,size+peak,-,direct,none,p0.3|n20,rmse,11.690991465139291,5,14,arm4_bstar_o1a,physics
iter05b_arm4_bstar_o1a,0,bstar_2023,HP_Peak,anchor_only_XGBoost,size+peak,-,direct,none,p0.3|n20,mae,9.922423603174284,5,14,arm4_bstar_o1a,physics
iter05b_arm4_bstar_o1a,0,bstar_2023,HP_Peak,anchor_only_XGBoost,size+peak,-,direct,none,p0.3|n20,mape,18.3171364970748,5,14,arm4_bstar_o1a,physics
iter05b_arm4_bstar_o1a,0,bstar_2023,HP_Peak,anchor_only_XGBoost,size+peak,-,direct,none,p0.3|n20,r2,-5.539110209878574,5,14,arm4_bstar_o1a,physics
iter05b_arm4_bstar_o1a,0,bstar_2023,HP_Peak,anchor_only_XGBoost,size+peak,-,direct,none,p0.3|n20,n_pred_nan,0.0,5,14,arm4_bstar_o1a,physics
iter05b_arm4_bstar_o1a,0,bstar_2023,HP_Peak,anchor_only_XGBoost,size+peak,-,direct,none,p0.3|n20,mape_n_excluded,0.0,5,14,arm4_bstar_o1a,physics
iter05b_arm4_bstar_o1a,0,bstar_2023,HP_Peak,anchor_only_XGBoost,size+peak,-,direct,none,p0.3|n40,wape,21.920292571755613,5,16,arm4_bstar_o1a,physics
iter05b_arm4_bstar_o1a,0,bstar_2023,HP_Peak,anchor_only_XGBoost,size+peak,-,direct,none,p0.3|n40,rmse,21.430771329479743,5,16,arm4_bstar_o1a,physics
iter05b_arm4_bstar_o1a,0,bstar_2023,HP_Peak,anchor_only_XGBoost,size+peak,-,direct,none,p0.3|n40,mae,20.443915798926504,5,16,arm4_bstar_o1a,physics
iter05b_arm4_bstar_o1a,0,bstar_2023,HP_Peak,anchor_only_XGBoost,size+peak,-,direct,none,p0.3|n40,mape,21.61873621941516,5,16,arm4_bstar_o1a,physics
iter05b_arm4_bstar_o1a,0,bstar_2023,HP_Peak,anchor_only_XGBoost,size+peak,-,direct,none,p0.3|n40,r2,-13.303544041777352,5,16,arm4_bstar_o1a,physics
iter05b_arm4_bstar_o1a,0,bstar_2023,HP_Peak,anchor_only_XGBoost,size+peak,-,direct,none,p0.3|n40,n_pred_nan,0.0,5,16,arm4_bstar_o1a,physics
iter05b_arm4_bstar_o1a,0,bstar_2023,HP_Peak,anchor_only_XGBoost,size+peak,-,direct,none,p0.3|n40,mape_n_excluded,0.0,5,16,arm4_bstar_o1a,physics
iter05b_arm4_bstar_o1a,0,bstar_2023,HP_Peak,anchor_only_XGBoost,size+peak,-,direct,none,p0.5|n10,wape,22.782732286778053,5,12,arm4_bstar_o1a,physics
iter05b_arm4_bstar_o1a,0,bstar_2023,HP_Peak,anchor_only_XGBoost,size+peak,-,direct,none,p0.5|n10,rmse,10.99838383548713,5,12,arm4_bstar_o1a,physics
iter05b_arm4_bstar_o1a,0,bstar_2023,HP_Peak,anchor_only_XGBoost,size+peak,-,direct,none,p0.5|n10,mae,9.414610711767903,5,12,arm4_bstar_o1a,physics
iter05b_arm4_bstar_o1a,0,bstar_2023,HP_Peak,anchor_only_XGBoost,size+peak,-,direct,none,p0.5|n10,mape,21.43343440251634,5,12,arm4_bstar_o1a,physics
iter05b_arm4_bstar_o1a,0,bstar_2023,HP_Peak,anchor_only_XGBoost,size+peak,-,direct,none,p0.5|n10,r2,-0.618965657264833,5,12,arm4_bstar_o1a,physics
iter05b_arm4_bstar_o1a,0,bstar_2023,HP_Peak,anchor_only_XGBoost,size+peak,-,direct,none,p0.5|n10,n_pred_nan,0.0,5,12,arm4_bstar_o1a,physics
iter05b_arm4_bstar_o1a,0,bstar_2023,HP_Peak,anchor_only_XGBoost,size+peak,-,direct,none,p0.5|n10,mape_n_excluded,0.0,5,12,arm4_bstar_o1a,physics
iter05b_arm4_bstar_o1a,0,bstar_2023,HP_Peak,anchor_only_XGBoost,size+peak,-,direct,none,p0.5|n20,wape,18.013613534881788,5,16,arm4_bstar_o1a,physics
iter05b_arm4_bstar_o1a,0,bstar_2023,HP_Peak,anchor_only_XGBoost,size+peak,-,direct,none,p0.5|n20,rmse,15.611709903268125,5,16,arm4_bstar_o1a,physics
iter05b_arm4_bstar_o1a,0,bstar_2023,HP_Peak,anchor_only_XGBoost,size+peak,-,direct,none,p0.5|n20,mae,15.014623426319087,5,16,arm4_bstar_o1a,physics
iter05b_arm4_bstar_o1a,0,bstar_2023,HP_Peak,anchor_only_XGBoost,size+peak,-,direct,none,p0.5|n20,mape,17.98328087722472,5,16,arm4_bstar_o1a,physics
iter05b_arm4_bstar_o1a,0,bstar_2023,HP_Peak,anchor_only_XGBoost,size+peak,-,direct,none,p0.5|n20,r2,-2.9780207560647156,5,16,arm4_bstar_o1a,physics
iter05b_arm4_bstar_o1a,0,bstar_2023,HP_Peak,anchor_only_XGBoost,size+peak,-,direct,none,p0.5|n20,n_pred_nan,0.0,5,16,arm4_bstar_o1a,physics
iter05b_arm4_bstar_o1a,0,bstar_2023,HP_Peak,anchor_only_XGBoost,size+peak,-,direct,none,p0.5|n20,mape_n_excluded,0.0,5,16,arm4_bstar_o1a,physics
iter05b_arm4_bstar_o1a,0,bstar_2023,HP_Peak,anchor_only_XGBoost,size+peak,-,direct,none,p0.8|n10,wape,19.922820975617213,5,14,arm4_bstar_o1a,physics
iter05b_arm4_bstar_o1a,0,bstar_2023,HP_Peak,anchor_only_XGBoost,size+peak,-,direct,none,p0.8|n10,rmse,14.354270340886975,5,14,arm4_bstar_o1a,physics
iter05b_arm4_bstar_o1a,0,bstar_2023,HP_Peak,anchor_only_XGBoost,size+peak,-,direct,none,p0.8|n10,mae,12.944550580176275,5,14,arm4_bstar_o1a,physics
iter05b_arm4_bstar_o1a,0,bstar_2023,HP_Peak,anchor_only_XGBoost,size+peak,-,direct,none,p0.8|n10,mape,19.288292153202192,5,14,arm4_bstar_o1a,physics
iter05b_arm4_bstar_o1a,0,bstar_2023,HP_Peak,anchor_only_XGBoost,size+peak,-,direct,none,p0.8|n10,r2,-0.7329512064391637,5,14,arm4_bstar_o1a,physics
iter05b_arm4_bstar_o1a,0,bstar_2023,HP_Peak,anchor_only_XGBoost,size+peak,-,direct,none,p0.8|n10,n_pred_nan,0.0,5,14,arm4_bstar_o1a,physics
iter05b_arm4_bstar_o1a,0,bstar_2023,HP_Peak,anchor_only_XGBoost,size+peak,-,direct,none,p0.8|n10,mape_n_excluded,0.0,5,14,arm4_bstar_o1a,physics
iter05b_arm4_bstar_o1a,0,bstar_2023,HP_Peak,anchor_only_XGBoost,size+peak,-,direct,none,p1.0|n10,wape,26.976036338875943,5,16,arm4_bstar_o1a,physics
iter05b_arm4_bstar_o1a,0,bstar_2023,HP_Peak,anchor_only_XGBoost,size+peak,-,direct,none,p1.0|n10,rmse,22.36808356493058,5,16,arm4_bstar_o1a,physics
iter05b_arm4_bstar_o1a,0,bstar_2023,HP_Peak,anchor_only_XGBoost,size+peak,-,direct,none,p1.0|n10,mae,21.70811603808666,5,16,arm4_bstar_o1a,physics
iter05b_arm4_bstar_o1a,0,bstar_2023,HP_Peak,anchor_only_XGBoost,size+peak,-,direct,none,p1.0|n10,mape,26.624820299700826,5,16,arm4_bstar_o1a,physics
iter05b_arm4_bstar_o1a,0,bstar_2023,HP_Peak,anchor_only_XGBoost,size+peak,-,direct,none,p1.0|n10,r2,-8.000226192979959,5,16,arm4_bstar_o1a,physics
iter05b_arm4_bstar_o1a,0,bstar_2023,HP_Peak,anchor_only_XGBoost,size+peak,-,direct,none,p1.0|n10,n_pred_nan,0.0,5,16,arm4_bstar_o1a,physics
iter05b_arm4_bstar_o1a,0,bstar_2023,HP_Peak,anchor_only_XGBoost,size+peak,-,direct,none,p1.0|n10,mape_n_excluded,0.0,5,16,arm4_bstar_o1a,physics
