exp_id,split_seed,dataset,target,method,anchor,feature_set,mode,target_transform,cell,metric,value,n_substations,n_hp_households,arm,family
iter05b_arm2,0,gb_eoh_2122r3,HP_Peak,slope_only,none,-,-,-,all,wape,35.88267978859097,30,58,q_arm2,physics
iter05b_arm2,0,gb_eoh_2122r3,HP_Peak,slope_only,none,-,-,-,all,rmse,6.410067860549468,30,58,q_arm2,physics
iter05b_arm2,0,gb_eoh_2122r3,HP_Peak,slope_only,none,-,-,-,all,mae,4.444577056777004,30,58,q_arm2,physics
iter05b_arm2,0,gb_eoh_2122r3,HP_Peak,slope_only,none,-,-,-,all,mape,53.10948971807116,30,58,q_arm2,physics
iter05b_arm2,0,gb_eoh_2122r3,HP_Peak,slope_only,none,-,-,-,all,r2,0.8606710167436933,30,58,q_arm2,physics
iter05b_arm2,0,gb_eoh_2122r3,HP_Peak,slope_only,none,-,-,-,all,n_pred_nan,0.0,30,58,q_arm2,physics
iter05b_arm2,0,gb_eoh_2122r3,HP_Peak,slope_only,none,-,-,-,all,mape_n_excluded,0.0,30,58,q_arm2,physics
iter05b_arm2,0,gb_eoh_2122r3,HP_Peak,slope_only,none,-,-,-,pbin<=15,wape,66.90437988776326,22,34,q_arm2,physics
iter05b_arm2,0,gb_eoh_2122r3,HP_Peak,slope_only,none,-,-,-,pbin<=15,rmse,6.164691119930282,22,34,q_arm2,physics
iter05b_arm2,0,gb_eoh_2122r3,HP_Peak,slope_only,none,-,-,-,pbin<=15,mae,3.830610874177856,22,34,q_arm2,physics
iter05b_arm2,0,gb_eoh_2122r3,HP_Peak,slope_only,none,-,-,-,pbin<=15,mape,63.25135020951801,22,34,q_arm2,physics
iter05b_arm2,0,gb_eoh_2122r3,HP_Peak,slope_only,none,-,-,-,pbin<=15,r2,-1.274141394074337,22,34,q_arm2,physics
iter05b_arm2,0,gb_eoh_2122r3,HP_Peak,slope_only,none,-,-,-,pbin<=15,n_pred_nan,0.0,22,34,q_arm2,physics
iter05b_arm2,0,gb_eoh_2122r3,HP_Peak,slope_only,none,-,-,-,pbin<=15,mape_n_excluded,0.0,22,34,q_arm2,physics
iter05b_arm2,0,gb_eoh_2122r3,HP_Peak,slope_only,none,-,-,-,pbin35-65,wape,19.974594474124444,8,43,q_arm2,physics
iter05b_arm2,0,gb_eoh_2122r3,HP_Peak,slope_only,none,-,-,-,pbin35-65,rmse,7.040897794442095,8,43,q_arm2,physics
iter05b_arm2,0,gb_eoh_2122r3,HP_Peak,slope_only,none,-,-,-,pbin35-65,mae,6.132984058924659,8,43,q_arm2,physics
iter05b_arm2,0,gb_eoh_2122r3,HP_Peak,slope_only,none,-,-,-,pbin35-65,mape,25.21937336659228,8,43,q_arm2,physics
iter05b_arm2,0,gb_eoh_2122r3,HP_Peak,slope_only,none,-,-,-,pbin35-65,r2,0.9177054333857939,8,43,q_arm2,physics
iter05b_arm2,0,gb_eoh_2122r3,HP_Peak,slope_only,none,-,-,-,pbin35-65,n_pred_nan,0.0,8,43,q_arm2,physics
iter05b_arm2,0,gb_eoh_2122r3,HP_Peak,slope_only,none,-,-,-,pbin35-65,mape_n_excluded,0.0,8,43,q_arm2,physics
iter05b_arm2,0,gb_eoh_2122r3,HP_Peak,slope_only,none,-,-,-,p0.1|n10,wape,59.68908384500112,16,15,q_arm2,physics
iter05b_arm2,0,gb_eoh_2122r3,HP_Peak,slope_only,none,-,-,-,p0.1|n10,rmse,2.4787045604726616,16,15,q_arm2,physics
iter05b_arm2,0,gb_eoh_2122r3,HP_Peak,slope_only,none,-,-,-,p0.1|n10,mae,1.9637127291986536,16,15,q_arm2,physics
iter05b_arm2,0,gb_eoh_2122r3,HP_Peak,slope_only,none,-,-,-,p0.1|n10,mape,58.970261278087975,16,15,q_arm2,physics
iter05b_arm2,0,gb_eoh_2122r3,HP_Peak,slope_only,none,-,-,-,p0.1|n10,r2,-8.625254513762897,16,15,q_arm2,physics
iter05b_arm2,0,gb_eoh_2122r3,HP_Peak,slope_only,none,-,-,-,p0.1|n10,n_pred_nan,0.0,16,15,q_arm2,physics
iter05b_arm2,0,gb_eoh_2122r3,HP_Peak,slope_only,none,-,-,-,p0.1|n10,mape_n_excluded,0.0,16,15,q_arm2,physics
iter05b_arm2,0,gb_eoh_2122r3,HP_Peak,slope_only,none,-,-,-,p0.1|n40,wape,72.08425696034337,6,22,q_arm2,physics
iter05b_arm2,0,gb_eoh_2122r3,HP_Peak,slope_only,none,-,-,-,p0.1|n40,rmse,11.08881977880959,6,22,q_arm2,physics
iter05b_arm2,0,gb_eoh_2122r3,HP_Peak,slope_only,none,-,-,-,p0.1|n40,mae,8.809005927455733,6,22,q_arm2,physics
iter05b_arm2,0,gb_eoh_2122r3,HP_Peak,slope_only,none,-,-,-,p0.1|n40,mape,74.6675873599981,6,22,q_arm2,physics
iter05b_arm2,0,gb_eoh_2122r3,HP_Peak,slope_only,none,-,-,-,p0.1|n40,r2,-77.38290653996519,6,22,q_arm2,physics
iter05b_arm2,0,gb_eoh_2122r3,HP_Peak,slope_only,none,-,-,-,p0.1|n40,n_pred_nan,0.0,6,22,q_arm2,physics
iter05b_arm2,0,gb_eoh_2122r3,HP_Peak,slope_only,none,-,-,-,p0.1|n40,mape_n_excluded,0.0,6,22,q_arm2,physics
iter05b_arm2,0,gb_eoh_2122r3,HP_Peak,slope_only,none,-,-,-,p0.5|n10,wape,29.406552661589725,6,24,q_arm2,physics
iter05b_arm2,0,gb_eoh_2122r3,HP_Peak,slope_only,none,-,-,-,p0.5|n10,rmse,5.278559415244954,6,24,q_arm2,physics
iter05b_arm2,0,gb_eoh_2122r3,HP_Peak,slope_only,none,-,-,-,p0.5|n10,mae,4.873396671702118,6,24,q_arm2,physics
iter05b_arm2,0,gb_eoh_2122r3,HP_Peak,slope_only,none,-,-,-,p0.5|n10,mape,29.106524155564678,6,24,q_arm2,physics
iter05b_arm2,0,gb_eoh_2122r3,HP_Peak,slope_only,none,-,-,-,p0.5|n10,r2,-5.318618694575571,6,24,q_arm2,physics
iter05b_arm2,0,gb_eoh_2122r3,HP_Peak,slope_only,none,-,-,-,p0.5|n10,n_pred_nan,0.0,6,24,q_arm2,physics
iter05b_arm2,0,gb_eoh_2122r3,HP_Peak,slope_only,none,-,-,-,p0.5|n10,mape_n_excluded,0.0,6,24,q_arm2,physics
iter05b_arm2,0,gb_eoh_2122r3,HP_Peak,slope_only,none,-,-,-,p0.5|n40,wape,13.559487827937112,2,28,q_arm2,physics
iter05b_arm2,0,gb_eoh_2122r3,HP_Peak,slope_only,none,-,-,-,p0.5|n40,rmse,10.710153990783922,2,28,q_arm2,physics
iter05b_arm2,0,gb_eoh_2122r3,HP_Peak,slope_only,none,-,-,-,p0.5|n40,mae,9.911746220592278,2,28,q_arm2,physics
iter05b_arm2,0,gb_eoh_2122r3,HP_Peak,slope_only,none,-,-,-,p0.5|n40,mape,13.557920999675094,2,28,q_arm2,physics
iter05b_arm2,0,gb_eoh_2122r3,HP_Peak,slope_only,none,-,-,-,p0.5|n40,r2,-269075.07834966946,2,28,q_arm2,physics
iter05b_arm2,0,gb_eoh_2122r3,HP_Peak,slope_only,none,-,-,-,p0.5|n40,n_pred_nan,0.0,2,28,q_arm2,physics
iter05b_arm2,0,gb_eoh_2122r3,HP_Peak,slope_only,none,-,-,-,p0.5|n40,mape_n_excluded,0.0,2,28,q_arm2,physics
iter05b_arm2,0,gb_eoh_2122r3,HP_Peak,slope_only,none,-,-,-,all,at_bound_share_train,0.0,111,220,q_arm2,physics
iter05b_arm2,0,gb_eoh_2122r3,HP_Peak,slope_only,none,-,-,-,all,at_bound_share_test,0.0,30,58,q_arm2,physics
iter05b_arm2,0,gb_eoh_2122r3,HP_Peak,slope_base,none,-,-,-,all,wape,26.650667182116184,30,58,q_arm2,physics
iter05b_arm2,0,gb_eoh_2122r3,HP_Peak,slope_base,none,-,-,-,all,rmse,5.105013237678682,30,58,q_arm2,physics
iter05b_arm2,0,gb_eoh_2122r3,HP_Peak,slope_base,none,-,-,-,all,mae,3.301061810414041,30,58,q_arm2,physics
iter05b_arm2,0,gb_eoh_2122r3,HP_Peak,slope_base,none,-,-,-,all,mape,45.71812996441247,30,58,q_arm2,physics
iter05b_arm2,0,gb_eoh_2122r3,HP_Peak,slope_base,none,-,-,-,all,r2,0.9116289615149038,30,58,q_arm2,physics
iter05b_arm2,0,gb_eoh_2122r3,HP_Peak,slope_base,none,-,-,-,all,n_pred_nan,0.0,30,58,q_arm2,physics
iter05b_arm2,0,gb_eoh_2122r3,HP_Peak,slope_base,none,-,-,-,all,mape_n_excluded,0.0,30,58,q_arm2,physics
iter05b_arm2,0,gb_eoh_2122r3,HP_Peak,slope_base,none,-,-,-,pbin<=15,wape,53.15671462735839,22,34,q_arm2,physics
iter05b_arm2,0,gb_eoh_2122r3,HP_Peak,slope_base,none,-,-,-,pbin<=15,rmse,5.077658448266029,22,34,q_arm2,physics
iter05b_arm2,0,gb_eoh_2122r3,HP_Peak,slope_base,none,-,-,-,pbin<=15,mae,3.0434881756429006,22,34,q_arm2,physics
iter05b_arm2,0,gb_eoh_2122r3,HP_Peak,slope_base,none,-,-,-,pbin<=15,mape,57.035719421372455,22,34,q_arm2,physics
iter05b_arm2,0,gb_eoh_2122r3,HP_Peak,slope_base,none,-,-,-,pbin<=15,r2,-0.5428431962101197,22,34,q_arm2,physics
iter05b_arm2,0,gb_eoh_2122r3,HP_Peak,slope_base,none,-,-,-,pbin<=15,n_pred_nan,0.0,22,34,q_arm2,physics
iter05b_arm2,0,gb_eoh_2122r3,HP_Peak,slope_base,none,-,-,-,pbin<=15,mape_n_excluded,0.0,22,34,q_arm2,physics
iter05b_arm2,0,gb_eoh_2122r3,HP_Peak,slope_base,none,-,-,-,pbin35-65,wape,13.058231475490903,8,43,q_arm2,physics
iter05b_arm2,0,gb_eoh_2122r3,HP_Peak,slope_base,none,-,-,-,pbin35-65,rmse,5.179494035699758,8,43,q_arm2,physics
iter05b_arm2,0,gb_eoh_2122r3,HP_Peak,slope_base,none,-,-,-,pbin35-65,mae,4.009389306034679,8,43,q_arm2,physics
iter05b_arm2,0,gb_eoh_2122r3,HP_Peak,slope_base,none,-,-,-,pbin35-65,mape,14.594758957772463,8,43,q_arm2,physics
iter05b_arm2,0,gb_eoh_2122r3,HP_Peak,slope_base,none,-,-,-,pbin35-65,r2,0.9554661997556735,8,43,q_arm2,physics
iter05b_arm2,0,gb_eoh_2122r3,HP_Peak,slope_base,none,-,-,-,pbin35-65,n_pred_nan,0.0,8,43,q_arm2,physics
iter05b_arm2,0,gb_eoh_2122r3,HP_Peak,slope_base,none,-,-,-,pbin35-65,mape_n_excluded,0.0,8,43,q_arm2,physics
iter05b_arm2,0,gb_eoh_2122r3,HP_Peak,slope_base,none,-,-,-,p0.1|n10,wape,58.8135468951925,16,15,q_arm2,physics
iter05b_arm2,0,gb_eoh_2122r3,HP_Peak,slope_base,none,-,-,-,p0.1|n10,rmse,2.4375567119456525,16,15,q_arm2,physics
iter05b_arm2,0,gb_eoh_2122r3,HP_Peak,slope_base,none,-,-,-,p0.1|n10,mae,1.9349084162075616,16,15,q_arm2,physics
iter05b_arm2,0,gb_eoh_2122r3,HP_Peak,slope_base,none,-,-,-,p0.1|n10,mape,59.308816682994525,16,15,q_arm2,physics
iter05b_arm2,0,gb_eoh_2122r3,HP_Peak,slope_base,none,-,-,-,p0.1|n10,r2,-8.30833806694061,16,15,q_arm2,physics
iter05b_arm2,0,gb_eoh_2122r3,HP_Peak,slope_base,none,-,-,-,p0.1|n10,n_pred_nan,0.0,16,15,q_arm2,physics
iter05b_arm2,0,gb_eoh_2122r3,HP_Peak,slope_base,none,-,-,-,p0.1|n10,mape_n_excluded,0.0,16,15,q_arm2,physics
iter05b_arm2,0,gb_eoh_2122r3,HP_Peak,slope_base,none,-,-,-,p0.1|n40,wape,49.095662164101746,6,22,q_arm2,physics
iter05b_arm2,0,gb_eoh_2122r3,HP_Peak,slope_base,none,-,-,-,p0.1|n40,rmse,8.8708381170761,6,22,q_arm2,physics
iter05b_arm2,0,gb_eoh_2122r3,HP_Peak,slope_base,none,-,-,-,p0.1|n40,mae,5.99970086747047,6,22,q_arm2,physics
iter05b_arm2,0,gb_eoh_2122r3,HP_Peak,slope_base,none,-,-,-,p0.1|n40,mape,50.97412672371363,6,22,q_arm2,physics
iter05b_arm2,0,gb_eoh_2122r3,HP_Peak,slope_base,none,-,-,-,p0.1|n40,r2,-49.162597998578875,6,22,q_arm2,physics
iter05b_arm2,0,gb_eoh_2122r3,HP_Peak,slope_base,none,-,-,-,p0.1|n40,n_pred_nan,0.0,6,22,q_arm2,physics
iter05b_arm2,0,gb_eoh_2122r3,HP_Peak,slope_base,none,-,-,-,p0.1|n40,mape_n_excluded,0.0,6,22,q_arm2,physics
iter05b_arm2,0,gb_eoh_2122r3,HP_Peak,slope_base,none,-,-,-,p0.5|n10,wape,15.6687863541784,6,24,q_arm2,physics
iter05b_arm2,0,gb_eoh_2122r3,HP_Peak,slope_base,none,-,-,-,p0.5|n10,rmse,3.126498797064119,6,24,q_arm2,physics
iter05b_arm2,0,gb_eoh_2122r3,HP_Peak,slope_base,none,-,-,-,p0.5|n10,mae,2.5967073443397815,6,24,q_arm2,physics
iter05b_arm2,0,gb_eoh_2122r3,HP_Peak,slope_base,none,-,-,-,p0.5|n10,mape,15.699193684756207,6,24,q_arm2,physics
iter05b_arm2,0,gb_eoh_2122r3,HP_Peak,slope_base,none,-,-,-,p0.5|n10,r2,-1.2167047468629355,6,24,q_arm2,physics
iter05b_arm2,0,gb_eoh_2122r3,HP_Peak,slope_base,none,-,-,-,p0.5|n10,n_pred_nan,0.0,6,24,q_arm2,physics
iter05b_arm2,0,gb_eoh_2122r3,HP_Peak,slope_base,none,-,-,-,p0.5|n10,mape_n_excluded,0.0,6,24,q_arm2,physics
iter05b_arm2,0,gb_eoh_2122r3,HP_Peak,slope_base,none,-,-,-,p0.5|n40,wape,11.282673566979282,2,28,q_arm2,physics
iter05b_arm2,0,gb_eoh_2122r3,HP_Peak,slope_base,none,-,-,-,p0.5|n40,rmse,8.830835163180623,2,28,q_arm2,physics
iter05b_arm2,0,gb_eoh_2122r3,HP_Peak,slope_base,none,-,-,-,p0.5|n40,mae,8.247435191119372,2,28,q_arm2,physics
iter05b_arm2,0,gb_eoh_2122r3,HP_Peak,slope_base,none,-,-,-,p0.5|n40,mape,11.281454776821219,2,28,q_arm2,physics
iter05b_arm2,0,gb_eoh_2122r3,HP_Peak,slope_base,none,-,-,-,p0.5|n40,r2,-182929.960899949,2,28,q_arm2,physics
iter05b_arm2,0,gb_eoh_2122r3,HP_Peak,slope_base,none,-,-,-,p0.5|n40,n_pred_nan,0.0,2,28,q_arm2,physics
iter05b_arm2,0,gb_eoh_2122r3,HP_Peak,slope_base,none,-,-,-,p0.5|n40,mape_n_excluded,0.0,2,28,q_arm2,physics
iter05b_arm2,0,gb_eoh_2122r3,HP_Peak,slope_base,none,-,-,-,all,at_bound_share_train,0.0,111,220,q_arm2,physics
iter05b_arm2,0,gb_eoh_2122r3,HP_Peak,slope_base,none,-,-,-,all,at_bound_share_test,0.0,30,58,q_arm2,physics
iter05b_arm2,0,gb_eoh_2122r3,HP_Peak,calibrated_delta,none,-,-,-,all,wape,42.730686108147445,30,58,q_arm2,physics
iter05b_arm2,0,gb_eoh_2122r3,HP_Peak,calibrated_delta,none,-,-,-,all,rmse,7.86819727267058,30,58,q_arm2,physics
iter05b_arm2,0,gb_eoh_2122r3,HP_Peak,calibrated_delta,none,-,-,-,all,mae,5.292799429015826,30,58,q_arm2,physics
iter05b_arm2,0,gb_eoh_2122r3,HP_Peak,calibrated_delta,none,-,-,-,all,mape,60.99184233157511,30,58,q_arm2,physics
iter05b_arm2,0,gb_eoh_2122r3,HP_Peak,calibrated_delta,none,-,-,-,all,r2,0.7900737762272645,30,58,q_arm2,physics
iter05b_arm2,0,gb_eoh_2122r3,HP_Peak,calibrated_delta,none,-,-,-,all,n_pred_nan,0.0,30,58,q_arm2,physics
iter05b_arm2,0,gb_eoh_2122r3,HP_Peak,calibrated_delta,none,-,-,-,all,mape_n_excluded,0.0,30,58,q_arm2,physics
iter05b_arm2,0,gb_eoh_2122r3,HP_Peak,calibrated_delta,none,-,-,-,pbin<=15,wape,80.17997415418958,22,34,q_arm2,physics
iter05b_arm2,0,gb_eoh_2122r3,HP_Peak,calibrated_delta,none,-,-,-,pbin<=15,rmse,7.2548657092781985,22,34,q_arm2,physics
iter05b_arm2,0,gb_eoh_2122r3,HP_Peak,calibrated_delta,none,-,-,-,pbin<=15,mae,4.590705143692893,22,34,q_arm2,physics
iter05b_arm2,0,gb_eoh_2122r3,HP_Peak,calibrated_delta,none,-,-,-,pbin<=15,mape,74.3033240507225,22,34,q_arm2,physics
iter05b_arm2,0,gb_eoh_2122r3,HP_Peak,calibrated_delta,none,-,-,-,pbin<=15,r2,-2.1495867627157406,22,34,q_arm2,physics
iter05b_arm2,0,gb_eoh_2122r3,HP_Peak,calibrated_delta,none,-,-,-,pbin<=15,n_pred_nan,0.0,22,34,q_arm2,physics
iter05b_arm2,0,gb_eoh_2122r3,HP_Peak,calibrated_delta,none,-,-,-,pbin<=15,mape_n_excluded,0.0,22,34,q_arm2,physics
iter05b_arm2,0,gb_eoh_2122r3,HP_Peak,calibrated_delta,none,-,-,-,pbin35-65,wape,23.5265010603278,8,43,q_arm2,physics
iter05b_arm2,0,gb_eoh_2122r3,HP_Peak,calibrated_delta,none,-,-,-,pbin35-65,rmse,9.349653519899068,8,43,q_arm2,physics
iter05b_arm2,0,gb_eoh_2122r3,HP_Peak,calibrated_delta,none,-,-,-,pbin35-65,mae,7.223558713653891,8,43,q_arm2,physics
iter05b_arm2,0,gb_eoh_2122r3,HP_Peak,calibrated_delta,none,-,-,-,pbin35-65,mape,24.38526760391979,8,43,q_arm2,physics
iter05b_arm2,0,gb_eoh_2122r3,HP_Peak,calibrated_delta,none,-,-,-,pbin35-65,r2,0.8548870682764347,8,43,q_arm2,physics
iter05b_arm2,0,gb_eoh_2122r3,HP_Peak,calibrated_delta,none,-,-,-,pbin35-65,n_pred_nan,0.0,8,43,q_arm2,physics
iter05b_arm2,0,gb_eoh_2122r3,HP_Peak,calibrated_delta,none,-,-,-,pbin35-65,mape_n_excluded,0.0,8,43,q_arm2,physics
iter05b_arm2,0,gb_eoh_2122r3,HP_Peak,calibrated_delta,none,-,-,-,p0.1|n10,wape,62.482968098236434,16,15,q_arm2,physics
iter05b_arm2,0,gb_eoh_2122r3,HP_Peak,calibrated_delta,none,-,-,-,p0.1|n10,rmse,3.0706561663416703,16,15,q_arm2,physics
iter05b_arm2,0,gb_eoh_2122r3,HP_Peak,calibrated_delta,none,-,-,-,p0.1|n10,mae,2.0556288002550085,16,15,q_arm2,physics
iter05b_arm2,0,gb_eoh_2122r3,HP_Peak,calibrated_delta,none,-,-,-,p0.1|n10,mape,66.10941657927214,16,15,q_arm2,physics
iter05b_arm2,0,gb_eoh_2122r3,HP_Peak,calibrated_delta,none,-,-,-,p0.1|n10,r2,-13.771516005796437,16,15,q_arm2,physics
iter05b_arm2,0,gb_eoh_2122r3,HP_Peak,calibrated_delta,none,-,-,-,p0.1|n10,n_pred_nan,0.0,16,15,q_arm2,physics
iter05b_arm2,0,gb_eoh_2122r3,HP_Peak,calibrated_delta,none,-,-,-,p0.1|n10,mape_n_excluded,0.0,16,15,q_arm2,physics
iter05b_arm2,0,gb_eoh_2122r3,HP_Peak,calibrated_delta,none,-,-,-,p0.1|n40,wape,92.88469415171453,6,22,q_arm2,physics
iter05b_arm2,0,gb_eoh_2122r3,HP_Peak,calibrated_delta,none,-,-,-,p0.1|n40,rmse,12.95546740082001,6,22,q_arm2,physics
iter05b_arm2,0,gb_eoh_2122r3,HP_Peak,calibrated_delta,none,-,-,-,p0.1|n40,mae,11.350908726193916,6,22,q_arm2,physics
iter05b_arm2,0,gb_eoh_2122r3,HP_Peak,calibrated_delta,none,-,-,-,p0.1|n40,mape,96.15374397459013,6,22,q_arm2,physics
iter05b_arm2,0,gb_eoh_2122r3,HP_Peak,calibrated_delta,none,-,-,-,p0.1|n40,r2,-105.9933744909166,6,22,q_arm2,physics
iter05b_arm2,0,gb_eoh_2122r3,HP_Peak,calibrated_delta,none,-,-,-,p0.1|n40,n_pred_nan,0.0,6,22,q_arm2,physics
iter05b_arm2,0,gb_eoh_2122r3,HP_Peak,calibrated_delta,none,-,-,-,p0.1|n40,mape_n_excluded,0.0,6,22,q_arm2,physics
iter05b_arm2,0,gb_eoh_2122r3,HP_Peak,calibrated_delta,none,-,-,-,p0.5|n10,wape,25.68625204637069,6,24,q_arm2,physics
iter05b_arm2,0,gb_eoh_2122r3,HP_Peak,calibrated_delta,none,-,-,-,p0.5|n10,rmse,4.741498710748245,6,24,q_arm2,physics
iter05b_arm2,0,gb_eoh_2122r3,HP_Peak,calibrated_delta,none,-,-,-,p0.5|n10,mae,4.256850392218584,6,24,q_arm2,physics
iter05b_arm2,0,gb_eoh_2122r3,HP_Peak,calibrated_delta,none,-,-,-,p0.5|n10,mape,25.161778541771003,6,24,q_arm2,physics
iter05b_arm2,0,gb_eoh_2122r3,HP_Peak,calibrated_delta,none,-,-,-,p0.5|n10,r2,-4.098267199608745,6,24,q_arm2,physics
iter05b_arm2,0,gb_eoh_2122r3,HP_Peak,calibrated_delta,none,-,-,-,p0.5|n10,n_pred_nan,0.0,6,24,q_arm2,physics
iter05b_arm2,0,gb_eoh_2122r3,HP_Peak,calibrated_delta,none,-,-,-,p0.5|n10,mape_n_excluded,0.0,6,24,q_arm2,physics
iter05b_arm2,0,gb_eoh_2122r3,HP_Peak,calibrated_delta,none,-,-,-,p0.5|n40,wape,22.057555521204627,2,28,q_arm2,physics
iter05b_arm2,0,gb_eoh_2122r3,HP_Peak,calibrated_delta,none,-,-,-,p0.5|n40,rmse,16.799364681337273,2,28,q_arm2,physics
iter05b_arm2,0,gb_eoh_2122r3,HP_Peak,calibrated_delta,none,-,-,-,p0.5|n40,mae,16.12368367795981,2,28,q_arm2,physics
iter05b_arm2,0,gb_eoh_2122r3,HP_Peak,calibrated_delta,none,-,-,-,p0.5|n40,mape,22.055734790366145,2,28,q_arm2,physics
iter05b_arm2,0,gb_eoh_2122r3,HP_Peak,calibrated_delta,none,-,-,-,p0.5|n40,r2,-662016.3551370405,2,28,q_arm2,physics
iter05b_arm2,0,gb_eoh_2122r3,HP_Peak,calibrated_delta,none,-,-,-,p0.5|n40,n_pred_nan,0.0,2,28,q_arm2,physics
iter05b_arm2,0,gb_eoh_2122r3,HP_Peak,calibrated_delta,none,-,-,-,p0.5|n40,mape_n_excluded,0.0,2,28,q_arm2,physics
iter05b_arm2,0,gb_eoh_2122r3,HP_Peak,calibrated_delta,none,-,-,-,all,at_bound_share_train,0.0,111,220,q_arm2,physics
iter05b_arm2,0,gb_eoh_2122r3,HP_Peak,calibrated_delta,none,-,-,-,all,at_bound_share_test,0.0,30,58,q_arm2,physics
iter05b_arm2,0,gb_eoh_2122r3,HP_Peak,hdh,none,-,-,-,all,wape,40.9386780275115,30,58,q_arm2,physics
iter05b_arm2,0,gb_eoh_2122r3,HP_Peak,hdh,none,-,-,-,all,rmse,7.0763723790598085,30,58,q_arm2,physics
iter05b_arm2,0,gb_eoh_2122r3,HP_Peak,hdh,none,-,-,-,all,mae,5.070833900028608,30,58,q_arm2,physics
iter05b_arm2,0,gb_eoh_2122r3,HP_Peak,hdh,none,-,-,-,all,mape,60.773203189753,30,58,q_arm2,physics
iter05b_arm2,0,gb_eoh_2122r3,HP_Peak,hdh,none,-,-,-,all,r2,0.8302000450196476,30,58,q_arm2,physics
iter05b_arm2,0,gb_eoh_2122r3,HP_Peak,hdh,none,-,-,-,all,n_pred_nan,0.0,30,58,q_arm2,physics
iter05b_arm2,0,gb_eoh_2122r3,HP_Peak,hdh,none,-,-,-,all,mape_n_excluded,0.0,30,58,q_arm2,physics
iter05b_arm2,0,gb_eoh_2122r3,HP_Peak,hdh,none,-,-,-,pbin<=15,wape,73.71077679519946,22,34,q_arm2,physics
iter05b_arm2,0,gb_eoh_2122r3,HP_Peak,hdh,none,-,-,-,pbin<=15,rmse,6.600585330189948,22,34,q_arm2,physics
iter05b_arm2,0,gb_eoh_2122r3,HP_Peak,hdh,none,-,-,-,pbin<=15,mae,4.220311190529856,22,34,q_arm2,physics
iter05b_arm2,0,gb_eoh_2122r3,HP_Peak,hdh,none,-,-,-,pbin<=15,mape,71.25678837210087,22,34,q_arm2,physics
iter05b_arm2,0,gb_eoh_2122r3,HP_Peak,hdh,none,-,-,-,pbin<=15,r2,-1.6071121912212356,22,34,q_arm2,physics
iter05b_arm2,0,gb_eoh_2122r3,HP_Peak,hdh,none,-,-,-,pbin<=15,n_pred_nan,0.0,22,34,q_arm2,physics
iter05b_arm2,0,gb_eoh_2122r3,HP_Peak,hdh,none,-,-,-,pbin<=15,mape_n_excluded,0.0,22,34,q_arm2,physics
iter05b_arm2,0,gb_eoh_2122r3,HP_Peak,hdh,none,-,-,-,pbin35-65,wape,24.13297938869274,8,43,q_arm2,physics
iter05b_arm2,0,gb_eoh_2122r3,HP_Peak,hdh,none,-,-,-,pbin35-65,rmse,8.24440260107581,8,43,q_arm2,physics
iter05b_arm2,0,gb_eoh_2122r3,HP_Peak,hdh,none,-,-,-,pbin35-65,mae,7.409771351150177,8,43,q_arm2,physics
iter05b_arm2,0,gb_eoh_2122r3,HP_Peak,hdh,none,-,-,-,pbin35-65,mape,31.943343938296326,8,43,q_arm2,physics
iter05b_arm2,0,gb_eoh_2122r3,HP_Peak,hdh,none,-,-,-,pbin35-65,r2,0.8871676936484475,8,43,q_arm2,physics
iter05b_arm2,0,gb_eoh_2122r3,HP_Peak,hdh,none,-,-,-,pbin35-65,n_pred_nan,0.0,8,43,q_arm2,physics
iter05b_arm2,0,gb_eoh_2122r3,HP_Peak,hdh,none,-,-,-,pbin35-65,mape_n_excluded,0.0,8,43,q_arm2,physics
iter05b_arm2,0,gb_eoh_2122r3,HP_Peak,hdh,none,-,-,-,p0.1|n10,wape,69.11195564216557,16,15,q_arm2,physics
iter05b_arm2,0,gb_eoh_2122r3,HP_Peak,hdh,none,-,-,-,p0.1|n10,rmse,2.821744400342856,16,15,q_arm2,physics
iter05b_arm2,0,gb_eoh_2122r3,HP_Peak,hdh,none,-,-,-,p0.1|n10,mae,2.273716034689972,16,15,q_arm2,physics
iter05b_arm2,0,gb_eoh_2122r3,HP_Peak,hdh,none,-,-,-,p0.1|n10,mape,68.10551079300214,16,15,q_arm2,physics
iter05b_arm2,0,gb_eoh_2122r3,HP_Peak,hdh,none,-,-,-,p0.1|n10,r2,-11.47377868050595,16,15,q_arm2,physics
iter05b_arm2,0,gb_eoh_2122r3,HP_Peak,hdh,none,-,-,-,p0.1|n10,n_pred_nan,0.0,16,15,q_arm2,physics
iter05b_arm2,0,gb_eoh_2122r3,HP_Peak,hdh,none,-,-,-,p0.1|n10,mape_n_excluded,0.0,16,15,q_arm2,physics
iter05b_arm2,0,gb_eoh_2122r3,HP_Peak,hdh,none,-,-,-,p0.1|n40,wape,77.01228072661371,6,22,q_arm2,physics
iter05b_arm2,0,gb_eoh_2122r3,HP_Peak,hdh,none,-,-,-,p0.1|n40,rmse,11.769268768355664,6,22,q_arm2,physics
iter05b_arm2,0,gb_eoh_2122r3,HP_Peak,hdh,none,-,-,-,p0.1|n40,mae,9.41123160610288,6,22,q_arm2,physics
iter05b_arm2,0,gb_eoh_2122r3,HP_Peak,hdh,none,-,-,-,p0.1|n40,mape,79.66019524969751,6,22,q_arm2,physics
iter05b_arm2,0,gb_eoh_2122r3,HP_Peak,hdh,none,-,-,-,p0.1|n40,r2,-87.29775766647886,6,22,q_arm2,physics
iter05b_arm2,0,gb_eoh_2122r3,HP_Peak,hdh,none,-,-,-,p0.1|n40,n_pred_nan,0.0,6,22,q_arm2,physics
iter05b_arm2,0,gb_eoh_2122r3,HP_Peak,hdh,none,-,-,-,p0.1|n40,mape_n_excluded,0.0,6,22,q_arm2,physics
iter05b_arm2,0,gb_eoh_2122r3,HP_Peak,hdh,none,-,-,-,p0.5|n10,wape,37.84095316576455,6,24,q_arm2,physics
iter05b_arm2,0,gb_eoh_2122r3,HP_Peak,hdh,none,-,-,-,p0.5|n10,rmse,6.493696537995,6,24,q_arm2,physics
iter05b_arm2,0,gb_eoh_2122r3,HP_Peak,hdh,none,-,-,-,p0.5|n10,mae,6.271186471066727,6,24,q_arm2,physics
iter05b_arm2,0,gb_eoh_2122r3,HP_Peak,hdh,none,-,-,-,p0.5|n10,mape,37.6552890734157,6,24,q_arm2,physics
iter05b_arm2,0,gb_eoh_2122r3,HP_Peak,hdh,none,-,-,-,p0.5|n10,r2,-8.562584773636678,6,24,q_arm2,physics
iter05b_arm2,0,gb_eoh_2122r3,HP_Peak,hdh,none,-,-,-,p0.5|n10,n_pred_nan,0.0,6,24,q_arm2,physics
iter05b_arm2,0,gb_eoh_2122r3,HP_Peak,hdh,none,-,-,-,p0.5|n10,mape_n_excluded,0.0,6,24,q_arm2,physics
iter05b_arm2,0,gb_eoh_2122r3,HP_Peak,hdh,none,-,-,-,p0.5|n40,wape,14.809558744194806,2,28,q_arm2,physics
iter05b_arm2,0,gb_eoh_2122r3,HP_Peak,hdh,none,-,-,-,p0.5|n40,rmse,12.057214139750426,2,28,q_arm2,physics
iter05b_arm2,0,gb_eoh_2122r3,HP_Peak,hdh,none,-,-,-,p0.5|n40,mae,10.825525991400522,2,28,q_arm2,physics
iter05b_arm2,0,gb_eoh_2122r3,HP_Peak,hdh,none,-,-,-,p0.5|n40,mape,14.80750853293821,2,28,q_arm2,physics
iter05b_arm2,0,gb_eoh_2122r3,HP_Peak,hdh,none,-,-,-,p0.5|n40,r2,-341017.2390440238,2,28,q_arm2,physics
iter05b_arm2,0,gb_eoh_2122r3,HP_Peak,hdh,none,-,-,-,p0.5|n40,n_pred_nan,0.0,2,28,q_arm2,physics
iter05b_arm2,0,gb_eoh_2122r3,HP_Peak,hdh,none,-,-,-,p0.5|n40,mape_n_excluded,0.0,2,28,q_arm2,physics
iter05b_arm2,0,gb_eoh_2122r3,HP_Peak,paperA_sh_mh,none,-,-,-,all,wape,64.61161264889728,30,58,q_arm2,physics
iter05b_arm2,0,gb_eoh_2122r3,HP_Peak,paperA_sh_mh,none,-,-,-,all,rmse,11.586888372266602,30,58,q_arm2,physics
iter05b_arm2,0,gb_eoh_2122r3,HP_Peak,paperA_sh_mh,none,-,-,-,all,mae,8.003061445593561,30,58,q_arm2,physics
iter05b_arm2,0,gb_eoh_2122r3,HP_Peak,paperA_sh_mh,none,-,-,-,all,mape,110.66091858531296,30,58,q_arm2,physics
iter05b_arm2,0,gb_eoh_2122r3,HP_Peak,paperA_sh_mh,none,-,-,-,all,r2,0.544750099606629,30,58,q_arm2,physics
iter05b_arm2,0,gb_eoh_2122r3,HP_Peak,paperA_sh_mh,none,-,-,-,all,n_pred_nan,0.0,30,58,q_arm2,physics
iter05b_arm2,0,gb_eoh_2122r3,HP_Peak,paperA_sh_mh,none,-,-,-,all,mape_n_excluded,0.0,30,58,q_arm2,physics
iter05b_arm2,0,gb_eoh_2122r3,HP_Peak,paperA_sh_mh,none,-,-,-,all,n_invalid,0.0,30,58,q_arm2,physics
iter05b_arm2,0,gb_eoh_2122r3,HP_Peak,paperA_sh_mh,none,-,-,-,all,n_station_fallback,0.0,30,58,q_arm2,physics
iter05b_arm2,0,gb_eoh_2122r3,HP_Peak,paperA_sh_mh,none,-,-,-,pbin<=15,wape,148.5504755960286,22,34,q_arm2,physics
iter05b_arm2,0,gb_eoh_2122r3,HP_Peak,paperA_sh_mh,none,-,-,-,pbin<=15,rmse,12.332945465816453,22,34,q_arm2,physics
iter05b_arm2,0,gb_eoh_2122r3,HP_Peak,paperA_sh_mh,none,-,-,-,pbin<=15,mae,8.505258820678735,22,34,q_arm2,physics
iter05b_arm2,0,gb_eoh_2122r3,HP_Peak,paperA_sh_mh,none,-,-,-,pbin<=15,mape,143.14951532513265,22,34,q_arm2,physics
iter05b_arm2,0,gb_eoh_2122r3,HP_Peak,paperA_sh_mh,none,-,-,-,pbin<=15,r2,-8.101824201860445,22,34,q_arm2,physics
iter05b_arm2,0,gb_eoh_2122r3,HP_Peak,paperA_sh_mh,none,-,-,-,pbin<=15,n_pred_nan,0.0,22,34,q_arm2,physics
iter05b_arm2,0,gb_eoh_2122r3,HP_Peak,paperA_sh_mh,none,-,-,-,pbin<=15,mape_n_excluded,0.0,22,34,q_arm2,physics
iter05b_arm2,0,gb_eoh_2122r3,HP_Peak,paperA_sh_mh,none,-,-,-,pbin35-65,wape,21.567337554576852,8,43,q_arm2,physics
iter05b_arm2,0,gb_eoh_2122r3,HP_Peak,paperA_sh_mh,none,-,-,-,pbin35-65,rmse,9.229338407758107,8,43,q_arm2,physics
iter05b_arm2,0,gb_eoh_2122r3,HP_Peak,paperA_sh_mh,none,-,-,-,pbin35-65,mae,6.622018664109321,8,43,q_arm2,physics
iter05b_arm2,0,gb_eoh_2122r3,HP_Peak,paperA_sh_mh,none,-,-,-,pbin35-65,mape,21.31727755080871,8,43,q_arm2,physics
iter05b_arm2,0,gb_eoh_2122r3,HP_Peak,paperA_sh_mh,none,-,-,-,pbin35-65,r2,0.8585977816407426,8,43,q_arm2,physics
iter05b_arm2,0,gb_eoh_2122r3,HP_Peak,paperA_sh_mh,none,-,-,-,pbin35-65,n_pred_nan,0.0,8,43,q_arm2,physics
iter05b_arm2,0,gb_eoh_2122r3,HP_Peak,paperA_sh_mh,none,-,-,-,pbin35-65,mape_n_excluded,0.0,8,43,q_arm2,physics
iter05b_arm2,0,gb_eoh_2122r3,HP_Peak,paperA_sh_mh,none,-,-,-,p0.1|n10,wape,126.91952381056717,16,15,q_arm2,physics
iter05b_arm2,0,gb_eoh_2122r3,HP_Peak,paperA_sh_mh,none,-,-,-,p0.1|n10,rmse,5.287707885298376,16,15,q_arm2,physics
iter05b_arm2,0,gb_eoh_2122r3,HP_Peak,paperA_sh_mh,none,-,-,-,p0.1|n10,mae,4.175528730476826,16,15,q_arm2,physics
iter05b_arm2,0,gb_eoh_2122r3,HP_Peak,paperA_sh_mh,none,-,-,-,p0.1|n10,mape,133.86905875901454,16,15,q_arm2,physics
iter05b_arm2,0,gb_eoh_2122r3,HP_Peak,paperA_sh_mh,none,-,-,-,p0.1|n10,r2,-42.802369085973496,16,15,q_arm2,physics
iter05b_arm2,0,gb_eoh_2122r3,HP_Peak,paperA_sh_mh,none,-,-,-,p0.1|n10,n_pred_nan,0.0,16,15,q_arm2,physics
iter05b_arm2,0,gb_eoh_2122r3,HP_Peak,paperA_sh_mh,none,-,-,-,p0.1|n10,mape_n_excluded,0.0,16,15,q_arm2,physics
iter05b_arm2,0,gb_eoh_2122r3,HP_Peak,paperA_sh_mh,none,-,-,-,p0.1|n40,wape,164.07938398004333,6,22,q_arm2,physics
iter05b_arm2,0,gb_eoh_2122r3,HP_Peak,paperA_sh_mh,none,-,-,-,p0.1|n40,rmse,21.980583439700105,6,22,q_arm2,physics
iter05b_arm2,0,gb_eoh_2122r3,HP_Peak,paperA_sh_mh,none,-,-,-,p0.1|n40,mae,20.051205727883833,6,22,q_arm2,physics
iter05b_arm2,0,gb_eoh_2122r3,HP_Peak,paperA_sh_mh,none,-,-,-,p0.1|n40,mape,167.8973995014476,6,22,q_arm2,physics
iter05b_arm2,0,gb_eoh_2122r3,HP_Peak,paperA_sh_mh,none,-,-,-,p0.1|n40,r2,-306.9847020462366,6,22,q_arm2,physics
iter05b_arm2,0,gb_eoh_2122r3,HP_Peak,paperA_sh_mh,none,-,-,-,p0.1|n40,n_pred_nan,0.0,6,22,q_arm2,physics
iter05b_arm2,0,gb_eoh_2122r3,HP_Peak,paperA_sh_mh,none,-,-,-,p0.1|n40,mape_n_excluded,0.0,6,22,q_arm2,physics
iter05b_arm2,0,gb_eoh_2122r3,HP_Peak,paperA_sh_mh,none,-,-,-,p0.5|n10,wape,20.529223518590303,6,24,q_arm2,physics
iter05b_arm2,0,gb_eoh_2122r3,HP_Peak,paperA_sh_mh,none,-,-,-,p0.5|n10,rmse,3.8945712964886687,6,24,q_arm2,physics
iter05b_arm2,0,gb_eoh_2122r3,HP_Peak,paperA_sh_mh,none,-,-,-,p0.5|n10,mae,3.402202587956064,6,24,q_arm2,physics
iter05b_arm2,0,gb_eoh_2122r3,HP_Peak,paperA_sh_mh,none,-,-,-,p0.5|n10,mape,20.99786028026671,6,24,q_arm2,physics
iter05b_arm2,0,gb_eoh_2122r3,HP_Peak,paperA_sh_mh,none,-,-,-,p0.5|n10,r2,-2.4396213570594347,6,24,q_arm2,physics
iter05b_arm2,0,gb_eoh_2122r3,HP_Peak,paperA_sh_mh,none,-,-,-,p0.5|n10,n_pred_nan,0.0,6,24,q_arm2,physics
iter05b_arm2,0,gb_eoh_2122r3,HP_Peak,paperA_sh_mh,none,-,-,-,p0.5|n10,mape_n_excluded,0.0,6,24,q_arm2,physics
iter05b_arm2,0,gb_eoh_2122r3,HP_Peak,paperA_sh_mh,none,-,-,-,p0.5|n40,wape,22.27340644498055,2,28,q_arm2,physics
iter05b_arm2,0,gb_eoh_2122r3,HP_Peak,paperA_sh_mh,none,-,-,-,p0.5|n40,rmse,17.181958358387888,2,28,q_arm2,physics
iter05b_arm2,0,gb_eoh_2122r3,HP_Peak,paperA_sh_mh,none,-,-,-,p0.5|n40,mae,16.281466892569092,2,28,q_arm2,physics
iter05b_arm2,0,gb_eoh_2122r3,HP_Peak,paperA_sh_mh,none,-,-,-,p0.5|n40,mape,22.275529362434714,2,28,q_arm2,physics
iter05b_arm2,0,gb_eoh_2122r3,HP_Peak,paperA_sh_mh,none,-,-,-,p0.5|n40,r2,-692513.6789687801,2,28,q_arm2,physics
iter05b_arm2,0,gb_eoh_2122r3,HP_Peak,paperA_sh_mh,none,-,-,-,p0.5|n40,n_pred_nan,0.0,2,28,q_arm2,physics
iter05b_arm2,0,gb_eoh_2122r3,HP_Peak,paperA_sh_mh,none,-,-,-,p0.5|n40,mape_n_excluded,0.0,2,28,q_arm2,physics
iter05b_arm2,0,gb_eoh_2122r3,HP_Peak,paperA_sh_mh_station,none,-,-,-,all,wape,77.14815218862417,30,58,q_arm2,physics
iter05b_arm2,0,gb_eoh_2122r3,HP_Peak,paperA_sh_mh_station,none,-,-,-,all,rmse,14.346923859163793,30,58,q_arm2,physics
iter05b_arm2,0,gb_eoh_2122r3,HP_Peak,paperA_sh_mh_station,none,-,-,-,all,mae,9.55588905874647,30,58,q_arm2,physics
iter05b_arm2,0,gb_eoh_2122r3,HP_Peak,paperA_sh_mh_station,none,-,-,-,all,mape,122.30604984620908,30,58,q_arm2,physics
iter05b_arm2,0,gb_eoh_2122r3,HP_Peak,paperA_sh_mh_station,none,-,-,-,all,r2,0.3020347505383727,30,58,q_arm2,physics
iter05b_arm2,0,gb_eoh_2122r3,HP_Peak,paperA_sh_mh_station,none,-,-,-,all,n_pred_nan,0.0,30,58,q_arm2,physics
iter05b_arm2,0,gb_eoh_2122r3,HP_Peak,paperA_sh_mh_station,none,-,-,-,all,mape_n_excluded,0.0,30,58,q_arm2,physics
iter05b_arm2,0,gb_eoh_2122r3,HP_Peak,paperA_sh_mh_station,none,-,-,-,all,n_invalid,0.0,30,58,q_arm2,physics
iter05b_arm2,0,gb_eoh_2122r3,HP_Peak,paperA_sh_mh_station,none,-,-,-,all,n_station_fallback,6.0,30,58,q_arm2,physics
iter05b_arm2,0,gb_eoh_2122r3,HP_Peak,paperA_sh_mh_station,none,-,-,-,pbin<=15,wape,164.4237251791103,22,34,q_arm2,physics
iter05b_arm2,0,gb_eoh_2122r3,HP_Peak,paperA_sh_mh_station,none,-,-,-,pbin<=15,rmse,14.276141956246917,22,34,q_arm2,physics
iter05b_arm2,0,gb_eoh_2122r3,HP_Peak,paperA_sh_mh_station,none,-,-,-,pbin<=15,mae,9.41408186878852,22,34,q_arm2,physics
iter05b_arm2,0,gb_eoh_2122r3,HP_Peak,paperA_sh_mh_station,none,-,-,-,pbin<=15,mape,156.23997359254068,22,34,q_arm2,physics
iter05b_arm2,0,gb_eoh_2122r3,HP_Peak,paperA_sh_mh_station,none,-,-,-,pbin<=15,r2,-11.19597530406245,22,34,q_arm2,physics
iter05b_arm2,0,gb_eoh_2122r3,HP_Peak,paperA_sh_mh_station,none,-,-,-,pbin<=15,n_pred_nan,0.0,22,34,q_arm2,physics
iter05b_arm2,0,gb_eoh_2122r3,HP_Peak,paperA_sh_mh_station,none,-,-,-,pbin<=15,mape_n_excluded,0.0,22,34,q_arm2,physics
iter05b_arm2,0,gb_eoh_2122r3,HP_Peak,paperA_sh_mh_station,none,-,-,-,pbin35-65,wape,32.392795242901855,8,43,q_arm2,physics
iter05b_arm2,0,gb_eoh_2122r3,HP_Peak,paperA_sh_mh_station,none,-,-,-,pbin35-65,rmse,14.539797476285568,8,43,q_arm2,physics
iter05b_arm2,0,gb_eoh_2122r3,HP_Peak,paperA_sh_mh_station,none,-,-,-,pbin35-65,mae,9.945858831130828,8,43,q_arm2,physics
iter05b_arm2,0,gb_eoh_2122r3,HP_Peak,paperA_sh_mh_station,none,-,-,-,pbin35-65,mape,28.987759543797253,8,43,q_arm2,physics
iter05b_arm2,0,gb_eoh_2122r3,HP_Peak,paperA_sh_mh_station,none,-,-,-,pbin35-65,r2,0.649060868647563,8,43,q_arm2,physics
iter05b_arm2,0,gb_eoh_2122r3,HP_Peak,paperA_sh_mh_station,none,-,-,-,pbin35-65,n_pred_nan,0.0,8,43,q_arm2,physics
iter05b_arm2,0,gb_eoh_2122r3,HP_Peak,paperA_sh_mh_station,none,-,-,-,pbin35-65,mape_n_excluded,0.0,8,43,q_arm2,physics
iter05b_arm2,0,gb_eoh_2122r3,HP_Peak,paperA_sh_mh_station,none,-,-,-,p0.1|n10,wape,135.4899631656298,16,15,q_arm2,physics
iter05b_arm2,0,gb_eoh_2122r3,HP_Peak,paperA_sh_mh_station,none,-,-,-,p0.1|n10,rmse,5.767019184078807,16,15,q_arm2,physics
iter05b_arm2,0,gb_eoh_2122r3,HP_Peak,paperA_sh_mh_station,none,-,-,-,p0.1|n10,mae,4.45748783877986,16,15,q_arm2,physics
iter05b_arm2,0,gb_eoh_2122r3,HP_Peak,paperA_sh_mh_station,none,-,-,-,p0.1|n10,mape,143.7395822015329,16,15,q_arm2,physics
iter05b_arm2,0,gb_eoh_2122r3,HP_Peak,paperA_sh_mh_station,none,-,-,-,p0.1|n10,r2,-51.103330247454416,16,15,q_arm2,physics
iter05b_arm2,0,gb_eoh_2122r3,HP_Peak,paperA_sh_mh_station,none,-,-,-,p0.1|n10,n_pred_nan,0.0,16,15,q_arm2,physics
iter05b_arm2,0,gb_eoh_2122r3,HP_Peak,paperA_sh_mh_station,none,-,-,-,p0.1|n10,mape_n_excluded,0.0,16,15,q_arm2,physics
iter05b_arm2,0,gb_eoh_2122r3,HP_Peak,paperA_sh_mh_station,none,-,-,-,p0.1|n40,wape,185.1953372638922,6,22,q_arm2,physics
iter05b_arm2,0,gb_eoh_2122r3,HP_Peak,paperA_sh_mh_station,none,-,-,-,p0.1|n40,rmse,25.663348953632852,6,22,q_arm2,physics
iter05b_arm2,0,gb_eoh_2122r3,HP_Peak,paperA_sh_mh_station,none,-,-,-,p0.1|n40,mae,22.63166594881162,6,22,q_arm2,physics
iter05b_arm2,0,gb_eoh_2122r3,HP_Peak,paperA_sh_mh_station,none,-,-,-,p0.1|n40,mape,189.57435063522803,6,22,q_arm2,physics
iter05b_arm2,0,gb_eoh_2122r3,HP_Peak,paperA_sh_mh_station,none,-,-,-,p0.1|n40,r2,-418.83377290784426,6,22,q_arm2,physics
iter05b_arm2,0,gb_eoh_2122r3,HP_Peak,paperA_sh_mh_station,none,-,-,-,p0.1|n40,n_pred_nan,0.0,6,22,q_arm2,physics
iter05b_arm2,0,gb_eoh_2122r3,HP_Peak,paperA_sh_mh_station,none,-,-,-,p0.1|n40,mape_n_excluded,0.0,6,22,q_arm2,physics
iter05b_arm2,0,gb_eoh_2122r3,HP_Peak,paperA_sh_mh_station,none,-,-,-,p0.5|n10,wape,25.07469649358897,6,24,q_arm2,physics
iter05b_arm2,0,gb_eoh_2122r3,HP_Peak,paperA_sh_mh_station,none,-,-,-,p0.5|n10,rmse,4.524212539014506,6,24,q_arm2,physics
iter05b_arm2,0,gb_eoh_2122r3,HP_Peak,paperA_sh_mh_station,none,-,-,-,p0.5|n10,mae,4.15550043699652,6,24,q_arm2,physics
iter05b_arm2,0,gb_eoh_2122r3,HP_Peak,paperA_sh_mh_station,none,-,-,-,p0.5|n10,mape,26.192827951299364,6,24,q_arm2,physics
iter05b_arm2,0,gb_eoh_2122r3,HP_Peak,paperA_sh_mh_station,none,-,-,-,p0.5|n10,r2,-3.641702668331636,6,24,q_arm2,physics
iter05b_arm2,0,gb_eoh_2122r3,HP_Peak,paperA_sh_mh_station,none,-,-,-,p0.5|n10,n_pred_nan,0.0,6,24,q_arm2,physics
iter05b_arm2,0,gb_eoh_2122r3,HP_Peak,paperA_sh_mh_station,none,-,-,-,p0.5|n10,mape_n_excluded,0.0,6,24,q_arm2,physics
iter05b_arm2,0,gb_eoh_2122r3,HP_Peak,paperA_sh_mh_station,none,-,-,-,p0.5|n40,wape,37.37016929302882,2,28,q_arm2,physics
iter05b_arm2,0,gb_eoh_2122r3,HP_Peak,paperA_sh_mh_station,none,-,-,-,p0.5|n40,rmse,28.003880897316222,2,28,q_arm2,physics
iter05b_arm2,0,gb_eoh_2122r3,HP_Peak,paperA_sh_mh_station,none,-,-,-,p0.5|n40,mae,27.316934013533746,2,28,q_arm2,physics
iter05b_arm2,0,gb_eoh_2122r3,HP_Peak,paperA_sh_mh_station,none,-,-,-,p0.5|n40,mape,37.37255432129092,2,28,q_arm2,physics
iter05b_arm2,0,gb_eoh_2122r3,HP_Peak,paperA_sh_mh_station,none,-,-,-,p0.5|n40,r2,-1839585.0301765422,2,28,q_arm2,physics
iter05b_arm2,0,gb_eoh_2122r3,HP_Peak,paperA_sh_mh_station,none,-,-,-,p0.5|n40,n_pred_nan,0.0,2,28,q_arm2,physics
iter05b_arm2,0,gb_eoh_2122r3,HP_Peak,paperA_sh_mh_station,none,-,-,-,p0.5|n40,mape_n_excluded,0.0,2,28,q_arm2,physics
iter05b_arm2,0,gb_eoh_2122r3,HP_Peak,paperA_cal,none,-,-,-,all,wape,37.142492383626305,30,58,q_arm2,physics
iter05b_arm2,0,gb_eoh_2122r3,HP_Peak,paperA_cal,none,-,-,-,all,rmse,7.632533034904551,30,58,q_arm2,physics
iter05b_arm2,0,gb_eoh_2122r3,HP_Peak,paperA_cal,none,-,-,-,all,mae,4.600622652833993,30,58,q_arm2,physics
iter05b_arm2,0,gb_eoh_2122r3,HP_Peak,paperA_cal,none,-,-,-,all,mape,41.07884110951649,30,58,q_arm2,physics
iter05b_arm2,0,gb_eoh_2122r3,HP_Peak,paperA_cal,none,-,-,-,all,r2,0.8024606598293326,30,58,q_arm2,physics
iter05b_arm2,0,gb_eoh_2122r3,HP_Peak,paperA_cal,none,-,-,-,all,n_pred_nan,0.0,30,58,q_arm2,physics
iter05b_arm2,0,gb_eoh_2122r3,HP_Peak,paperA_cal,none,-,-,-,all,mape_n_excluded,0.0,30,58,q_arm2,physics
iter05b_arm2,0,gb_eoh_2122r3,HP_Peak,paperA_cal,none,-,-,-,all,n_invalid,0.0,30,58,q_arm2,physics
iter05b_arm2,0,gb_eoh_2122r3,HP_Peak,paperA_cal,none,-,-,-,all,cal_b,-0.5861081979775609,30,58,q_arm2,physics
iter05b_arm2,0,gb_eoh_2122r3,HP_Peak,paperA_cal,none,-,-,-,all,n_cal_train,111.0,30,58,q_arm2,physics
iter05b_arm2,0,gb_eoh_2122r3,HP_Peak,paperA_cal,none,-,-,-,pbin<=15,wape,45.582169655315504,22,34,q_arm2,physics
iter05b_arm2,0,gb_eoh_2122r3,HP_Peak,paperA_cal,none,-,-,-,pbin<=15,rmse,4.396582347552142,22,34,q_arm2,physics
iter05b_arm2,0,gb_eoh_2122r3,HP_Peak,paperA_cal,none,-,-,-,pbin<=15,mae,2.6098075349205505,22,34,q_arm2,physics
iter05b_arm2,0,gb_eoh_2122r3,HP_Peak,paperA_cal,none,-,-,-,pbin<=15,mape,43.935780505317354,22,34,q_arm2,physics
iter05b_arm2,0,gb_eoh_2122r3,HP_Peak,paperA_cal,none,-,-,-,pbin<=15,r2,-0.15671200910145977,22,34,q_arm2,physics
iter05b_arm2,0,gb_eoh_2122r3,HP_Peak,paperA_cal,none,-,-,-,pbin<=15,n_pred_nan,0.0,22,34,q_arm2,physics
iter05b_arm2,0,gb_eoh_2122r3,HP_Peak,paperA_cal,none,-,-,-,pbin<=15,mape_n_excluded,0.0,22,34,q_arm2,physics
iter05b_arm2,0,gb_eoh_2122r3,HP_Peak,paperA_cal,none,-,-,-,pbin35-65,wape,32.81458302871065,8,43,q_arm2,physics
iter05b_arm2,0,gb_eoh_2122r3,HP_Peak,paperA_cal,none,-,-,-,pbin35-65,rmse,12.856944701276825,8,43,q_arm2,physics
iter05b_arm2,0,gb_eoh_2122r3,HP_Peak,paperA_cal,none,-,-,-,pbin35-65,mae,10.07536422709596,8,43,q_arm2,physics
iter05b_arm2,0,gb_eoh_2122r3,HP_Peak,paperA_cal,none,-,-,-,pbin35-65,mape,33.22225777106412,8,43,q_arm2,physics
iter05b_arm2,0,gb_eoh_2122r3,HP_Peak,paperA_cal,none,-,-,-,pbin35-65,r2,0.7255958759749725,8,43,q_arm2,physics
iter05b_arm2,0,gb_eoh_2122r3,HP_Peak,paperA_cal,none,-,-,-,pbin35-65,n_pred_nan,0.0,8,43,q_arm2,physics
iter05b_arm2,0,gb_eoh_2122r3,HP_Peak,paperA_cal,none,-,-,-,pbin35-65,mape_n_excluded,0.0,8,43,q_arm2,physics
iter05b_arm2,0,gb_eoh_2122r3,HP_Peak,paperA_cal,none,-,-,-,p0.1|n10,wape,41.172712249661494,16,15,q_arm2,physics
iter05b_arm2,0,gb_eoh_2122r3,HP_Peak,paperA_cal,none,-,-,-,p0.1|n10,rmse,2.0463154552210194,16,15,q_arm2,physics
iter05b_arm2,0,gb_eoh_2122r3,HP_Peak,paperA_cal,none,-,-,-,p0.1|n10,mae,1.3545421362178405,16,15,q_arm2,physics
iter05b_arm2,0,gb_eoh_2122r3,HP_Peak,paperA_cal,none,-,-,-,p0.1|n10,mape,41.39737939016286,16,15,q_arm2,physics
iter05b_arm2,0,gb_eoh_2122r3,HP_Peak,paperA_cal,none,-,-,-,p0.1|n10,r2,-5.560060719068839,16,15,q_arm2,physics
iter05b_arm2,0,gb_eoh_2122r3,HP_Peak,paperA_cal,none,-,-,-,p0.1|n10,n_pred_nan,0.0,16,15,q_arm2,physics
iter05b_arm2,0,gb_eoh_2122r3,HP_Peak,paperA_cal,none,-,-,-,p0.1|n10,mape_n_excluded,0.0,16,15,q_arm2,physics
iter05b_arm2,0,gb_eoh_2122r3,HP_Peak,paperA_cal,none,-,-,-,p0.1|n40,wape,48.747728931428306,6,22,q_arm2,physics
iter05b_arm2,0,gb_eoh_2122r3,HP_Peak,paperA_cal,none,-,-,-,p0.1|n40,rmse,7.727225551875373,6,22,q_arm2,physics
iter05b_arm2,0,gb_eoh_2122r3,HP_Peak,paperA_cal,none,-,-,-,p0.1|n40,mae,5.95718193146111,6,22,q_arm2,physics
iter05b_arm2,0,gb_eoh_2122r3,HP_Peak,paperA_cal,none,-,-,-,p0.1|n40,mape,50.70485014572929,6,22,q_arm2,physics
iter05b_arm2,0,gb_eoh_2122r3,HP_Peak,paperA_cal,none,-,-,-,p0.1|n40,r2,-37.0625509791011,6,22,q_arm2,physics
iter05b_arm2,0,gb_eoh_2122r3,HP_Peak,paperA_cal,none,-,-,-,p0.1|n40,n_pred_nan,0.0,6,22,q_arm2,physics
iter05b_arm2,0,gb_eoh_2122r3,HP_Peak,paperA_cal,none,-,-,-,p0.1|n40,mape_n_excluded,0.0,6,22,q_arm2,physics
iter05b_arm2,0,gb_eoh_2122r3,HP_Peak,paperA_cal,none,-,-,-,p0.5|n10,wape,34.07661645617026,6,24,q_arm2,physics
iter05b_arm2,0,gb_eoh_2122r3,HP_Peak,paperA_cal,none,-,-,-,p0.5|n10,rmse,5.948483399134232,6,24,q_arm2,physics
iter05b_arm2,0,gb_eoh_2122r3,HP_Peak,paperA_cal,none,-,-,-,p0.5|n10,mae,5.647342316234359,6,24,q_arm2,physics
iter05b_arm2,0,gb_eoh_2122r3,HP_Peak,paperA_cal,none,-,-,-,p0.5|n10,mape,33.64466538567836,6,24,q_arm2,physics
iter05b_arm2,0,gb_eoh_2122r3,HP_Peak,paperA_cal,none,-,-,-,p0.5|n10,r2,-7.024238476974052,6,24,q_arm2,physics
iter05b_arm2,0,gb_eoh_2122r3,HP_Peak,paperA_cal,none,-,-,-,p0.5|n10,n_pred_nan,0.0,6,24,q_arm2,physics
iter05b_arm2,0,gb_eoh_2122r3,HP_Peak,paperA_cal,none,-,-,-,p0.5|n10,mape_n_excluded,0.0,6,24,q_arm2,physics
iter05b_arm2,0,gb_eoh_2122r3,HP_Peak,paperA_cal,none,-,-,-,p0.5|n40,wape,31.956216307050862,2,28,q_arm2,physics
iter05b_arm2,0,gb_eoh_2122r3,HP_Peak,paperA_cal,none,-,-,-,p0.5|n40,rmse,23.559514934680518,2,28,q_arm2,physics
iter05b_arm2,0,gb_eoh_2122r3,HP_Peak,paperA_cal,none,-,-,-,p0.5|n40,mae,23.359429959680757,2,28,q_arm2,physics
iter05b_arm2,0,gb_eoh_2122r3,HP_Peak,paperA_cal,none,-,-,-,p0.5|n40,mape,31.955034927221433,2,28,q_arm2,physics
iter05b_arm2,0,gb_eoh_2122r3,HP_Peak,paperA_cal,none,-,-,-,p0.5|n40,r2,-1302015.0810370396,2,28,q_arm2,physics
iter05b_arm2,0,gb_eoh_2122r3,HP_Peak,paperA_cal,none,-,-,-,p0.5|n40,n_pred_nan,0.0,2,28,q_arm2,physics
iter05b_arm2,0,gb_eoh_2122r3,HP_Peak,paperA_cal,none,-,-,-,p0.5|n40,mape_n_excluded,0.0,2,28,q_arm2,physics
iter05b_arm2,0,gb_eoh_2122r3,HP_Peak,paperA_corr,none,-,-,-,all,wape,30.780731944618957,30,58,q_arm2,physics
iter05b_arm2,0,gb_eoh_2122r3,HP_Peak,paperA_corr,none,-,-,-,all,rmse,5.15958279576948,30,58,q_arm2,physics
iter05b_arm2,0,gb_eoh_2122r3,HP_Peak,paperA_corr,none,-,-,-,all,mae,3.8126287054891264,30,58,q_arm2,physics
iter05b_arm2,0,gb_eoh_2122r3,HP_Peak,paperA_corr,none,-,-,-,all,mape,57.43771659179373,30,58,q_arm2,physics
iter05b_arm2,0,gb_eoh_2122r3,HP_Peak,paperA_corr,none,-,-,-,all,r2,0.9097295961579768,30,58,q_arm2,physics
iter05b_arm2,0,gb_eoh_2122r3,HP_Peak,paperA_corr,none,-,-,-,all,n_pred_nan,0.0,30,58,q_arm2,physics
iter05b_arm2,0,gb_eoh_2122r3,HP_Peak,paperA_corr,none,-,-,-,all,mape_n_excluded,0.0,30,58,q_arm2,physics
iter05b_arm2,0,gb_eoh_2122r3,HP_Peak,paperA_corr,none,-,-,-,all,n_invalid,2.0,30,58,q_arm2,physics
iter05b_arm2,0,gb_eoh_2122r3,HP_Peak,paperA_corr,none,-,-,-,all,n_station_fallback,0.0,30,58,q_arm2,physics
iter05b_arm2,0,gb_eoh_2122r3,HP_Peak,paperA_corr,none,-,-,-,pbin<=15,wape,69.14910473863269,22,34,q_arm2,physics
iter05b_arm2,0,gb_eoh_2122r3,HP_Peak,paperA_corr,none,-,-,-,pbin<=15,rmse,5.401094110603166,22,34,q_arm2,physics
iter05b_arm2,0,gb_eoh_2122r3,HP_Peak,paperA_corr,none,-,-,-,pbin<=15,mae,3.9591326157694016,22,34,q_arm2,physics
iter05b_arm2,0,gb_eoh_2122r3,HP_Peak,paperA_corr,none,-,-,-,pbin<=15,mape,73.19419049449655,22,34,q_arm2,physics
iter05b_arm2,0,gb_eoh_2122r3,HP_Peak,paperA_corr,none,-,-,-,pbin<=15,r2,-0.745654571441507,22,34,q_arm2,physics
iter05b_arm2,0,gb_eoh_2122r3,HP_Peak,paperA_corr,none,-,-,-,pbin<=15,n_pred_nan,0.0,22,34,q_arm2,physics
iter05b_arm2,0,gb_eoh_2122r3,HP_Peak,paperA_corr,none,-,-,-,pbin<=15,mape_n_excluded,0.0,22,34,q_arm2,physics
iter05b_arm2,0,gb_eoh_2122r3,HP_Peak,paperA_corr,none,-,-,-,pbin35-65,wape,11.105235571655431,8,43,q_arm2,physics
iter05b_arm2,0,gb_eoh_2122r3,HP_Peak,paperA_corr,none,-,-,-,pbin35-65,rmse,4.4280194751291395,8,43,q_arm2,physics
iter05b_arm2,0,gb_eoh_2122r3,HP_Peak,paperA_corr,none,-,-,-,pbin35-65,mae,3.4097429522183704,8,43,q_arm2,physics
iter05b_arm2,0,gb_eoh_2122r3,HP_Peak,paperA_corr,none,-,-,-,pbin35-65,mape,14.107413359360965,8,43,q_arm2,physics
iter05b_arm2,0,gb_eoh_2122r3,HP_Peak,paperA_corr,none,-,-,-,pbin35-65,r2,0.967451264077767,8,43,q_arm2,physics
iter05b_arm2,0,gb_eoh_2122r3,HP_Peak,paperA_corr,none,-,-,-,pbin35-65,n_pred_nan,0.0,8,43,q_arm2,physics
iter05b_arm2,0,gb_eoh_2122r3,HP_Peak,paperA_corr,none,-,-,-,pbin35-65,mape_n_excluded,0.0,8,43,q_arm2,physics
iter05b_arm2,0,gb_eoh_2122r3,HP_Peak,paperA_corr,none,-,-,-,p0.1|n10,wape,77.19468947150354,16,15,q_arm2,physics
iter05b_arm2,0,gb_eoh_2122r3,HP_Peak,paperA_corr,none,-,-,-,p0.1|n10,rmse,3.2181412163171936,16,15,q_arm2,physics
iter05b_arm2,0,gb_eoh_2122r3,HP_Peak,paperA_corr,none,-,-,-,p0.1|n10,mae,2.539630106157578,16,15,q_arm2,physics
iter05b_arm2,0,gb_eoh_2122r3,HP_Peak,paperA_corr,none,-,-,-,p0.1|n10,mape,76.33694092574397,16,15,q_arm2,physics
iter05b_arm2,0,gb_eoh_2122r3,HP_Peak,paperA_corr,none,-,-,-,p0.1|n10,r2,-15.224558423823531,16,15,q_arm2,physics
iter05b_arm2,0,gb_eoh_2122r3,HP_Peak,paperA_corr,none,-,-,-,p0.1|n10,n_pred_nan,0.0,16,15,q_arm2,physics
iter05b_arm2,0,gb_eoh_2122r3,HP_Peak,paperA_corr,none,-,-,-,p0.1|n10,mape_n_excluded,0.0,16,15,q_arm2,physics
iter05b_arm2,0,gb_eoh_2122r3,HP_Peak,paperA_corr,none,-,-,-,p0.1|n40,wape,63.37316156924554,6,22,q_arm2,physics
iter05b_arm2,0,gb_eoh_2122r3,HP_Peak,paperA_corr,none,-,-,-,p0.1|n40,rmse,8.90764709677848,6,22,q_arm2,physics
iter05b_arm2,0,gb_eoh_2122r3,HP_Peak,paperA_corr,none,-,-,-,p0.1|n40,mae,7.7444726414009315,6,22,q_arm2,physics
iter05b_arm2,0,gb_eoh_2122r3,HP_Peak,paperA_corr,none,-,-,-,p0.1|n40,mape,64.81352267783677,6,22,q_arm2,physics
iter05b_arm2,0,gb_eoh_2122r3,HP_Peak,paperA_corr,none,-,-,-,p0.1|n40,r2,-49.57975472212116,6,22,q_arm2,physics
iter05b_arm2,0,gb_eoh_2122r3,HP_Peak,paperA_corr,none,-,-,-,p0.1|n40,n_pred_nan,0.0,6,22,q_arm2,physics
iter05b_arm2,0,gb_eoh_2122r3,HP_Peak,paperA_corr,none,-,-,-,p0.1|n40,mape_n_excluded,0.0,6,22,q_arm2,physics
iter05b_arm2,0,gb_eoh_2122r3,HP_Peak,paperA_corr,none,-,-,-,p0.5|n10,wape,16.3917683789568,6,24,q_arm2,physics
iter05b_arm2,0,gb_eoh_2122r3,HP_Peak,paperA_corr,none,-,-,-,p0.5|n10,rmse,3.2032992847553996,6,24,q_arm2,physics
iter05b_arm2,0,gb_eoh_2122r3,HP_Peak,paperA_corr,none,-,-,-,p0.5|n10,mae,2.7165234354607812,6,24,q_arm2,physics
iter05b_arm2,0,gb_eoh_2122r3,HP_Peak,paperA_corr,none,-,-,-,p0.5|n10,mape,16.307215776011212,6,24,q_arm2,physics
iter05b_arm2,0,gb_eoh_2122r3,HP_Peak,paperA_corr,none,-,-,-,p0.5|n10,r2,-1.3269462569852166,6,24,q_arm2,physics
iter05b_arm2,0,gb_eoh_2122r3,HP_Peak,paperA_corr,none,-,-,-,p0.5|n10,n_pred_nan,0.0,6,24,q_arm2,physics
iter05b_arm2,0,gb_eoh_2122r3,HP_Peak,paperA_corr,none,-,-,-,p0.5|n10,mape_n_excluded,0.0,6,24,q_arm2,physics
iter05b_arm2,0,gb_eoh_2122r3,HP_Peak,paperA_corr,none,-,-,-,p0.5|n40,wape,7.509622542700703,2,28,q_arm2,physics
iter05b_arm2,0,gb_eoh_2122r3,HP_Peak,paperA_corr,none,-,-,-,p0.5|n40,rmse,6.902611604700673,2,28,q_arm2,physics
iter05b_arm2,0,gb_eoh_2122r3,HP_Peak,paperA_corr,none,-,-,-,p0.5|n40,mae,5.489401502491138,2,28,q_arm2,physics
iter05b_arm2,0,gb_eoh_2122r3,HP_Peak,paperA_corr,none,-,-,-,p0.5|n40,mape,7.508006109410211,2,28,q_arm2,physics
iter05b_arm2,0,gb_eoh_2122r3,HP_Peak,paperA_corr,none,-,-,-,p0.5|n40,r2,-111765.21240865691,2,28,q_arm2,physics
iter05b_arm2,0,gb_eoh_2122r3,HP_Peak,paperA_corr,none,-,-,-,p0.5|n40,n_pred_nan,0.0,2,28,q_arm2,physics
iter05b_arm2,0,gb_eoh_2122r3,HP_Peak,paperA_corr,none,-,-,-,p0.5|n40,mape_n_excluded,0.0,2,28,q_arm2,physics
iter05b_arm2,0,gb_eoh_2122r3,HP_Peak,paperA_corr_cal,none,-,-,-,all,wape,37.500021879668765,30,58,q_arm2,physics
iter05b_arm2,0,gb_eoh_2122r3,HP_Peak,paperA_corr_cal,none,-,-,-,all,rmse,7.174325281813098,30,58,q_arm2,physics
iter05b_arm2,0,gb_eoh_2122r3,HP_Peak,paperA_corr_cal,none,-,-,-,all,mae,4.644907734232418,30,58,q_arm2,physics
iter05b_arm2,0,gb_eoh_2122r3,HP_Peak,paperA_corr_cal,none,-,-,-,all,mape,63.914811363945425,30,58,q_arm2,physics
iter05b_arm2,0,gb_eoh_2122r3,HP_Peak,paperA_corr_cal,none,-,-,-,all,r2,0.8254666837790434,30,58,q_arm2,physics
iter05b_arm2,0,gb_eoh_2122r3,HP_Peak,paperA_corr_cal,none,-,-,-,all,n_pred_nan,0.0,30,58,q_arm2,physics
iter05b_arm2,0,gb_eoh_2122r3,HP_Peak,paperA_corr_cal,none,-,-,-,all,mape_n_excluded,0.0,30,58,q_arm2,physics
iter05b_arm2,0,gb_eoh_2122r3,HP_Peak,paperA_corr_cal,none,-,-,-,all,n_invalid,2.0,30,58,q_arm2,physics
iter05b_arm2,0,gb_eoh_2122r3,HP_Peak,paperA_corr_cal,none,-,-,-,all,cal_b,0.22685340690736192,30,58,q_arm2,physics
iter05b_arm2,0,gb_eoh_2122r3,HP_Peak,paperA_corr_cal,none,-,-,-,all,n_cal_train,106.0,30,58,q_arm2,physics
iter05b_arm2,0,gb_eoh_2122r3,HP_Peak,paperA_corr_cal,none,-,-,-,pbin<=15,wape,77.26819790688556,22,34,q_arm2,physics
iter05b_arm2,0,gb_eoh_2122r3,HP_Peak,paperA_corr_cal,none,-,-,-,pbin<=15,rmse,6.824686541644868,22,34,q_arm2,physics
iter05b_arm2,0,gb_eoh_2122r3,HP_Peak,paperA_corr_cal,none,-,-,-,pbin<=15,mae,4.423991368379423,22,34,q_arm2,physics
iter05b_arm2,0,gb_eoh_2122r3,HP_Peak,paperA_corr_cal,none,-,-,-,pbin<=15,mape,81.4382757742283,22,34,q_arm2,physics
iter05b_arm2,0,gb_eoh_2122r3,HP_Peak,paperA_corr_cal,none,-,-,-,pbin<=15,r2,-1.787149334951382,22,34,q_arm2,physics
iter05b_arm2,0,gb_eoh_2122r3,HP_Peak,paperA_corr_cal,none,-,-,-,pbin<=15,n_pred_nan,0.0,22,34,q_arm2,physics
iter05b_arm2,0,gb_eoh_2122r3,HP_Peak,paperA_corr_cal,none,-,-,-,pbin<=15,mape_n_excluded,0.0,22,34,q_arm2,physics
iter05b_arm2,0,gb_eoh_2122r3,HP_Peak,paperA_corr_cal,none,-,-,-,pbin35-65,wape,17.106699301627117,8,43,q_arm2,physics
iter05b_arm2,0,gb_eoh_2122r3,HP_Peak,paperA_corr_cal,none,-,-,-,pbin35-65,rmse,8.05798266364082,8,43,q_arm2,physics
iter05b_arm2,0,gb_eoh_2122r3,HP_Peak,paperA_corr_cal,none,-,-,-,pbin35-65,mae,5.252427740328155,8,43,q_arm2,physics
iter05b_arm2,0,gb_eoh_2122r3,HP_Peak,paperA_corr_cal,none,-,-,-,pbin35-65,mape,15.725284235667525,8,43,q_arm2,physics
iter05b_arm2,0,gb_eoh_2122r3,HP_Peak,paperA_corr_cal,none,-,-,-,pbin35-65,r2,0.892212663698972,8,43,q_arm2,physics
iter05b_arm2,0,gb_eoh_2122r3,HP_Peak,paperA_corr_cal,none,-,-,-,pbin35-65,n_pred_nan,0.0,8,43,q_arm2,physics
iter05b_arm2,0,gb_eoh_2122r3,HP_Peak,paperA_corr_cal,none,-,-,-,pbin35-65,mape_n_excluded,0.0,8,43,q_arm2,physics
iter05b_arm2,0,gb_eoh_2122r3,HP_Peak,paperA_corr_cal,none,-,-,-,p0.1|n10,wape,85.47290814538428,16,15,q_arm2,physics
iter05b_arm2,0,gb_eoh_2122r3,HP_Peak,paperA_corr_cal,none,-,-,-,p0.1|n10,rmse,3.948475859171369,16,15,q_arm2,physics
iter05b_arm2,0,gb_eoh_2122r3,HP_Peak,paperA_corr_cal,none,-,-,-,p0.1|n10,mae,2.811975438634163,16,15,q_arm2,physics
iter05b_arm2,0,gb_eoh_2122r3,HP_Peak,paperA_corr_cal,none,-,-,-,p0.1|n10,mape,84.6664448768166,16,15,q_arm2,physics
iter05b_arm2,0,gb_eoh_2122r3,HP_Peak,paperA_corr_cal,none,-,-,-,p0.1|n10,r2,-23.42427407051193,16,15,q_arm2,physics
iter05b_arm2,0,gb_eoh_2122r3,HP_Peak,paperA_corr_cal,none,-,-,-,p0.1|n10,n_pred_nan,0.0,16,15,q_arm2,physics
iter05b_arm2,0,gb_eoh_2122r3,HP_Peak,paperA_corr_cal,none,-,-,-,p0.1|n10,mape_n_excluded,0.0,16,15,q_arm2,physics
iter05b_arm2,0,gb_eoh_2122r3,HP_Peak,paperA_corr_cal,none,-,-,-,p0.1|n40,wape,71.37801818318667,6,22,q_arm2,physics
iter05b_arm2,0,gb_eoh_2122r3,HP_Peak,paperA_corr_cal,none,-,-,-,p0.1|n40,rmse,11.366854115147278,6,22,q_arm2,physics
iter05b_arm2,0,gb_eoh_2122r3,HP_Peak,paperA_corr_cal,none,-,-,-,p0.1|n40,mae,8.722700514366784,6,22,q_arm2,physics
iter05b_arm2,0,gb_eoh_2122r3,HP_Peak,paperA_corr_cal,none,-,-,-,p0.1|n40,mape,72.82982483399279,6,22,q_arm2,physics
iter05b_arm2,0,gb_eoh_2122r3,HP_Peak,paperA_corr_cal,none,-,-,-,p0.1|n40,r2,-81.362834758617,6,22,q_arm2,physics
iter05b_arm2,0,gb_eoh_2122r3,HP_Peak,paperA_corr_cal,none,-,-,-,p0.1|n40,n_pred_nan,0.0,6,22,q_arm2,physics
iter05b_arm2,0,gb_eoh_2122r3,HP_Peak,paperA_corr_cal,none,-,-,-,p0.1|n40,mape_n_excluded,0.0,6,22,q_arm2,physics
iter05b_arm2,0,gb_eoh_2122r3,HP_Peak,paperA_corr_cal,none,-,-,-,p0.5|n10,wape,15.378864469549097,6,24,q_arm2,physics
iter05b_arm2,0,gb_eoh_2122r3,HP_Peak,paperA_corr_cal,none,-,-,-,p0.5|n10,rmse,3.3552520611519863,6,24,q_arm2,physics
iter05b_arm2,0,gb_eoh_2122r3,HP_Peak,paperA_corr_cal,none,-,-,-,p0.5|n10,mae,2.5486600820895706,6,24,q_arm2,physics
iter05b_arm2,0,gb_eoh_2122r3,HP_Peak,paperA_corr_cal,none,-,-,-,p0.5|n10,mape,14.872199116063687,6,24,q_arm2,physics
iter05b_arm2,0,gb_eoh_2122r3,HP_Peak,paperA_corr_cal,none,-,-,-,p0.5|n10,r2,-1.5529459670728234,6,24,q_arm2,physics
iter05b_arm2,0,gb_eoh_2122r3,HP_Peak,paperA_corr_cal,none,-,-,-,p0.5|n10,n_pred_nan,0.0,6,24,q_arm2,physics
iter05b_arm2,0,gb_eoh_2122r3,HP_Peak,paperA_corr_cal,none,-,-,-,p0.5|n10,mape_n_excluded,0.0,6,24,q_arm2,physics
iter05b_arm2,0,gb_eoh_2122r3,HP_Peak,paperA_corr_cal,none,-,-,-,p0.5|n40,wape,18.281878887294514,2,28,q_arm2,physics
iter05b_arm2,0,gb_eoh_2122r3,HP_Peak,paperA_corr_cal,none,-,-,-,p0.5|n40,rmse,15.031672869263424,2,28,q_arm2,physics
iter05b_arm2,0,gb_eoh_2122r3,HP_Peak,paperA_corr_cal,none,-,-,-,p0.5|n40,mae,13.363730715043907,2,28,q_arm2,physics
iter05b_arm2,0,gb_eoh_2122r3,HP_Peak,paperA_corr_cal,none,-,-,-,p0.5|n40,mape,18.28453959447904,2,28,q_arm2,physics
iter05b_arm2,0,gb_eoh_2122r3,HP_Peak,paperA_corr_cal,none,-,-,-,p0.5|n40,r2,-530026.3626038354,2,28,q_arm2,physics
iter05b_arm2,0,gb_eoh_2122r3,HP_Peak,paperA_corr_cal,none,-,-,-,p0.5|n40,n_pred_nan,0.0,2,28,q_arm2,physics
iter05b_arm2,0,gb_eoh_2122r3,HP_Peak,paperA_corr_cal,none,-,-,-,p0.5|n40,mape_n_excluded,0.0,2,28,q_arm2,physics
iter05b_arm2,0,gb_eoh_2122r3,HP_Peak,paperA_corr_own,none,-,-,-,all,wape,30.800479250640045,30,58,q_arm2,physics
iter05b_arm2,0,gb_eoh_2122r3,HP_Peak,paperA_corr_own,none,-,-,-,all,rmse,5.168713915803055,30,58,q_arm2,physics
iter05b_arm2,0,gb_eoh_2122r3,HP_Peak,paperA_corr_own,none,-,-,-,all,mae,3.8150746884478015,30,58,q_arm2,physics
iter05b_arm2,0,gb_eoh_2122r3,HP_Peak,paperA_corr_own,none,-,-,-,all,mape,57.403383177524645,30,58,q_arm2,physics
iter05b_arm2,0,gb_eoh_2122r3,HP_Peak,paperA_corr_own,none,-,-,-,all,r2,0.9094098031447372,30,58,q_arm2,physics
iter05b_arm2,0,gb_eoh_2122r3,HP_Peak,paperA_corr_own,none,-,-,-,all,n_pred_nan,0.0,30,58,q_arm2,physics
iter05b_arm2,0,gb_eoh_2122r3,HP_Peak,paperA_corr_own,none,-,-,-,all,mape_n_excluded,0.0,30,58,q_arm2,physics
iter05b_arm2,0,gb_eoh_2122r3,HP_Peak,paperA_corr_own,none,-,-,-,all,n_invalid,2.0,30,58,q_arm2,physics
iter05b_arm2,0,gb_eoh_2122r3,HP_Peak,paperA_corr_own,none,-,-,-,all,n_station_fallback,0.0,30,58,q_arm2,physics
iter05b_arm2,0,gb_eoh_2122r3,HP_Peak,paperA_corr_own,none,-,-,-,pbin<=15,wape,68.93956819094433,22,34,q_arm2,physics
iter05b_arm2,0,gb_eoh_2122r3,HP_Peak,paperA_corr_own,none,-,-,-,pbin<=15,rmse,5.362421929202843,22,34,q_arm2,physics
iter05b_arm2,0,gb_eoh_2122r3,HP_Peak,paperA_corr_own,none,-,-,-,pbin<=15,mae,3.9471355988407764,22,34,q_arm2,physics
iter05b_arm2,0,gb_eoh_2122r3,HP_Peak,paperA_corr_own,none,-,-,-,pbin<=15,mape,73.0381926900485,22,34,q_arm2,physics
iter05b_arm2,0,gb_eoh_2122r3,HP_Peak,paperA_corr_own,none,-,-,-,pbin<=15,r2,-0.7207460669451993,22,34,q_arm2,physics
iter05b_arm2,0,gb_eoh_2122r3,HP_Peak,paperA_corr_own,none,-,-,-,pbin<=15,n_pred_nan,0.0,22,34,q_arm2,physics
iter05b_arm2,0,gb_eoh_2122r3,HP_Peak,paperA_corr_own,none,-,-,-,pbin<=15,mape_n_excluded,0.0,22,34,q_arm2,physics
iter05b_arm2,0,gb_eoh_2122r3,HP_Peak,paperA_corr_own,none,-,-,-,pbin35-65,wape,11.242560801980442,8,43,q_arm2,physics
iter05b_arm2,0,gb_eoh_2122r3,HP_Peak,paperA_corr_own,none,-,-,-,pbin35-65,rmse,4.594093891522335,8,43,q_arm2,physics
iter05b_arm2,0,gb_eoh_2122r3,HP_Peak,paperA_corr_own,none,-,-,-,pbin35-65,mae,3.451907184867122,8,43,q_arm2,physics
iter05b_arm2,0,gb_eoh_2122r3,HP_Peak,paperA_corr_own,none,-,-,-,pbin35-65,mape,14.407657018084086,8,43,q_arm2,physics
iter05b_arm2,0,gb_eoh_2122r3,HP_Peak,paperA_corr_own,none,-,-,-,pbin35-65,r2,0.964963975949515,8,43,q_arm2,physics
iter05b_arm2,0,gb_eoh_2122r3,HP_Peak,paperA_corr_own,none,-,-,-,pbin35-65,n_pred_nan,0.0,8,43,q_arm2,physics
iter05b_arm2,0,gb_eoh_2122r3,HP_Peak,paperA_corr_own,none,-,-,-,pbin35-65,mape_n_excluded,0.0,8,43,q_arm2,physics
iter05b_arm2,0,gb_eoh_2122r3,HP_Peak,paperA_corr_own,none,-,-,-,p0.1|n10,wape,77.05956578327728,16,15,q_arm2,physics
iter05b_arm2,0,gb_eoh_2122r3,HP_Peak,paperA_corr_own,none,-,-,-,p0.1|n10,rmse,3.1972609460060806,16,15,q_arm2,physics
iter05b_arm2,0,gb_eoh_2122r3,HP_Peak,paperA_corr_own,none,-,-,-,p0.1|n10,mae,2.5351846684076,16,15,q_arm2,physics
iter05b_arm2,0,gb_eoh_2122r3,HP_Peak,paperA_corr_own,none,-,-,-,p0.1|n10,mape,76.22119407777575,16,15,q_arm2,physics
iter05b_arm2,0,gb_eoh_2122r3,HP_Peak,paperA_corr_own,none,-,-,-,p0.1|n10,r2,-15.01470179438444,16,15,q_arm2,physics
iter05b_arm2,0,gb_eoh_2122r3,HP_Peak,paperA_corr_own,none,-,-,-,p0.1|n10,n_pred_nan,0.0,16,15,q_arm2,physics
iter05b_arm2,0,gb_eoh_2122r3,HP_Peak,paperA_corr_own,none,-,-,-,p0.1|n10,mape_n_excluded,0.0,16,15,q_arm2,physics
iter05b_arm2,0,gb_eoh_2122r3,HP_Peak,paperA_corr_own,none,-,-,-,p0.1|n40,wape,63.11020386428958,6,22,q_arm2,physics
iter05b_arm2,0,gb_eoh_2122r3,HP_Peak,paperA_corr_own,none,-,-,-,p0.1|n40,rmse,8.84178409522847,6,22,q_arm2,physics
iter05b_arm2,0,gb_eoh_2122r3,HP_Peak,paperA_corr_own,none,-,-,-,p0.1|n40,mae,7.712338079995913,6,22,q_arm2,physics
iter05b_arm2,0,gb_eoh_2122r3,HP_Peak,paperA_corr_own,none,-,-,-,p0.1|n40,mape,64.5501889894425,6,22,q_arm2,physics
iter05b_arm2,0,gb_eoh_2122r3,HP_Peak,paperA_corr_own,none,-,-,-,p0.1|n40,r2,-48.83454815736354,6,22,q_arm2,physics
iter05b_arm2,0,gb_eoh_2122r3,HP_Peak,paperA_corr_own,none,-,-,-,p0.1|n40,n_pred_nan,0.0,6,22,q_arm2,physics
iter05b_arm2,0,gb_eoh_2122r3,HP_Peak,paperA_corr_own,none,-,-,-,p0.1|n40,mape_n_excluded,0.0,6,22,q_arm2,physics
iter05b_arm2,0,gb_eoh_2122r3,HP_Peak,paperA_corr_own,none,-,-,-,p0.5|n10,wape,16.823012066102944,6,24,q_arm2,physics
iter05b_arm2,0,gb_eoh_2122r3,HP_Peak,paperA_corr_own,none,-,-,-,p0.5|n10,rmse,3.27209447784425,6,24,q_arm2,physics
iter05b_arm2,0,gb_eoh_2122r3,HP_Peak,paperA_corr_own,none,-,-,-,p0.5|n10,mae,2.7879912329213,6,24,q_arm2,physics
iter05b_arm2,0,gb_eoh_2122r3,HP_Peak,paperA_corr_own,none,-,-,-,p0.5|n10,mape,16.72847562942,6,24,q_arm2,physics
iter05b_arm2,0,gb_eoh_2122r3,HP_Peak,paperA_corr_own,none,-,-,-,p0.5|n10,r2,-1.427968171777307,6,24,q_arm2,physics
iter05b_arm2,0,gb_eoh_2122r3,HP_Peak,paperA_corr_own,none,-,-,-,p0.5|n10,n_pred_nan,0.0,6,24,q_arm2,physics
iter05b_arm2,0,gb_eoh_2122r3,HP_Peak,paperA_corr_own,none,-,-,-,p0.5|n10,mape_n_excluded,0.0,6,24,q_arm2,physics
iter05b_arm2,0,gb_eoh_2122r3,HP_Peak,paperA_corr_own,none,-,-,-,p0.5|n40,wape,7.447040372217241,2,28,q_arm2,physics
iter05b_arm2,0,gb_eoh_2122r3,HP_Peak,paperA_corr_own,none,-,-,-,p0.5|n40,rmse,7.23208046973171,2,28,q_arm2,physics
iter05b_arm2,0,gb_eoh_2122r3,HP_Peak,paperA_corr_own,none,-,-,-,p0.5|n40,mae,5.443655040704588,2,28,q_arm2,physics
iter05b_arm2,0,gb_eoh_2122r3,HP_Peak,paperA_corr_own,none,-,-,-,p0.5|n40,mape,7.445201184076349,2,28,q_arm2,physics
iter05b_arm2,0,gb_eoh_2122r3,HP_Peak,paperA_corr_own,none,-,-,-,p0.5|n40,r2,-122689.28030386183,2,28,q_arm2,physics
iter05b_arm2,0,gb_eoh_2122r3,HP_Peak,paperA_corr_own,none,-,-,-,p0.5|n40,n_pred_nan,0.0,2,28,q_arm2,physics
iter05b_arm2,0,gb_eoh_2122r3,HP_Peak,paperA_corr_own,none,-,-,-,p0.5|n40,mape_n_excluded,0.0,2,28,q_arm2,physics
iter05b_arm2,0,gb_eoh_2122r3,HP_Peak,anchor_only_Linear,size,-,direct,none,all,wape,88.60802232114305,30,58,q_arm2,physics
iter05b_arm2,0,gb_eoh_2122r3,HP_Peak,anchor_only_Linear,size,-,direct,none,all,rmse,14.797181961025599,30,58,q_arm2,physics
iter05b_arm2,0,gb_eoh_2122r3,HP_Peak,anchor_only_Linear,size,-,direct,none,all,mae,10.975355948196356,30,58,q_arm2,physics
iter05b_arm2,0,gb_eoh_2122r3,HP_Peak,anchor_only_Linear,size,-,direct,none,all,mape,157.37237531059282,30,58,q_arm2,physics
iter05b_arm2,0,gb_eoh_2122r3,HP_Peak,anchor_only_Linear,size,-,direct,none,all,r2,0.2575379807583651,30,58,q_arm2,physics
iter05b_arm2,0,gb_eoh_2122r3,HP_Peak,anchor_only_Linear,size,-,direct,none,all,n_pred_nan,0.0,30,58,q_arm2,physics
iter05b_arm2,0,gb_eoh_2122r3,HP_Peak,anchor_only_Linear,size,-,direct,none,all,mape_n_excluded,0.0,30,58,q_arm2,physics
iter05b_arm2,0,gb_eoh_2122r3,HP_Peak,anchor_only_Linear,size,-,direct,none,all,wape_train,72.23454197370245,30,58,q_arm2,physics
iter05b_arm2,0,gb_eoh_2122r3,HP_Peak,anchor_only_Linear,size,-,direct,none,all,wape_inner,51.033649593969365,30,58,q_arm2,physics
iter05b_arm2,0,gb_eoh_2122r3,HP_Peak,anchor_only_Linear,size,-,direct,none,all,n_train_sub,111.0,30,58,q_arm2,physics
iter05b_arm2,0,gb_eoh_2122r3,HP_Peak,anchor_only_Linear,size,-,direct,none,all,n_inner_sub,90.0,30,58,q_arm2,physics
iter05b_arm2,0,gb_eoh_2122r3,HP_Peak,anchor_only_Linear,size,-,direct,none,all,n_test_sub,30.0,30,58,q_arm2,physics
iter05b_arm2,0,gb_eoh_2122r3,HP_Peak,anchor_only_Linear,size,-,direct,none,all,n_overlap_sub,0.0,30,58,q_arm2,physics
iter05b_arm2,0,gb_eoh_2122r3,HP_Peak,anchor_only_Linear,size,-,direct,none,pbin<=15,wape,157.42865498727468,22,34,q_arm2,physics
iter05b_arm2,0,gb_eoh_2122r3,HP_Peak,anchor_only_Linear,size,-,direct,none,pbin<=15,rmse,9.893061592226688,22,34,q_arm2,physics
iter05b_arm2,0,gb_eoh_2122r3,HP_Peak,anchor_only_Linear,size,-,direct,none,pbin<=15,mae,9.013579061835761,22,34,q_arm2,physics
iter05b_arm2,0,gb_eoh_2122r3,HP_Peak,anchor_only_Linear,size,-,direct,none,pbin<=15,mape,198.19436041356334,22,34,q_arm2,physics
iter05b_arm2,0,gb_eoh_2122r3,HP_Peak,anchor_only_Linear,size,-,direct,none,pbin<=15,r2,-4.85674407145435,22,34,q_arm2,physics
iter05b_arm2,0,gb_eoh_2122r3,HP_Peak,anchor_only_Linear,size,-,direct,none,pbin<=15,n_pred_nan,0.0,22,34,q_arm2,physics
iter05b_arm2,0,gb_eoh_2122r3,HP_Peak,anchor_only_Linear,size,-,direct,none,pbin<=15,mape_n_excluded,0.0,22,34,q_arm2,physics
iter05b_arm2,0,gb_eoh_2122r3,HP_Peak,anchor_only_Linear,size,-,direct,none,pbin35-65,wape,53.316452473312694,8,43,q_arm2,physics
iter05b_arm2,0,gb_eoh_2122r3,HP_Peak,anchor_only_Linear,size,-,direct,none,pbin35-65,rmse,23.493347810986943,8,43,q_arm2,physics
iter05b_arm2,0,gb_eoh_2122r3,HP_Peak,anchor_only_Linear,size,-,direct,none,pbin35-65,mae,16.370242385687984,8,43,q_arm2,physics
iter05b_arm2,0,gb_eoh_2122r3,HP_Peak,anchor_only_Linear,size,-,direct,none,pbin35-65,mape,45.11191627742405,8,43,q_arm2,physics
iter05b_arm2,0,gb_eoh_2122r3,HP_Peak,anchor_only_Linear,size,-,direct,none,pbin35-65,r2,0.08376917496322678,8,43,q_arm2,physics
iter05b_arm2,0,gb_eoh_2122r3,HP_Peak,anchor_only_Linear,size,-,direct,none,pbin35-65,n_pred_nan,0.0,8,43,q_arm2,physics
iter05b_arm2,0,gb_eoh_2122r3,HP_Peak,anchor_only_Linear,size,-,direct,none,pbin35-65,mape_n_excluded,0.0,8,43,q_arm2,physics
iter05b_arm2,0,gb_eoh_2122r3,HP_Peak,anchor_only_Linear,size,-,direct,none,p0.1|n10,wape,200.13912400471798,16,15,q_arm2,physics
iter05b_arm2,0,gb_eoh_2122r3,HP_Peak,anchor_only_Linear,size,-,direct,none,p0.1|n10,rmse,6.632677303054101,16,15,q_arm2,physics
iter05b_arm2,0,gb_eoh_2122r3,HP_Peak,anchor_only_Linear,size,-,direct,none,p0.1|n10,mae,6.584382270622622,16,15,q_arm2,physics
iter05b_arm2,0,gb_eoh_2122r3,HP_Peak,anchor_only_Linear,size,-,direct,none,p0.1|n10,mape,224.10504238098633,16,15,q_arm2,physics
iter05b_arm2,0,gb_eoh_2122r3,HP_Peak,anchor_only_Linear,size,-,direct,none,p0.1|n10,r2,-67.91923163681808,16,15,q_arm2,physics
iter05b_arm2,0,gb_eoh_2122r3,HP_Peak,anchor_only_Linear,size,-,direct,none,p0.1|n10,n_pred_nan,0.0,16,15,q_arm2,physics
iter05b_arm2,0,gb_eoh_2122r3,HP_Peak,anchor_only_Linear,size,-,direct,none,p0.1|n10,mape_n_excluded,0.0,16,15,q_arm2,physics
iter05b_arm2,0,gb_eoh_2122r3,HP_Peak,anchor_only_Linear,size,-,direct,none,p0.1|n40,wape,126.76671431132378,6,22,q_arm2,physics
iter05b_arm2,0,gb_eoh_2122r3,HP_Peak,anchor_only_Linear,size,-,direct,none,p0.1|n40,rmse,15.541986988926775,6,22,q_arm2,physics
iter05b_arm2,0,gb_eoh_2122r3,HP_Peak,anchor_only_Linear,size,-,direct,none,p0.1|n40,mae,15.491437171737472,6,22,q_arm2,physics
iter05b_arm2,0,gb_eoh_2122r3,HP_Peak,anchor_only_Linear,size,-,direct,none,p0.1|n40,mape,129.09920850043525,6,22,q_arm2,physics
iter05b_arm2,0,gb_eoh_2122r3,HP_Peak,anchor_only_Linear,size,-,direct,none,p0.1|n40,r2,-152.97981568451596,6,22,q_arm2,physics
iter05b_arm2,0,gb_eoh_2122r3,HP_Peak,anchor_only_Linear,size,-,direct,none,p0.1|n40,n_pred_nan,0.0,6,22,q_arm2,physics
iter05b_arm2,0,gb_eoh_2122r3,HP_Peak,anchor_only_Linear,size,-,direct,none,p0.1|n40,mape_n_excluded,0.0,6,22,q_arm2,physics
iter05b_arm2,0,gb_eoh_2122r3,HP_Peak,anchor_only_Linear,size,-,direct,none,p0.5|n10,wape,40.417598239627026,6,24,q_arm2,physics
iter05b_arm2,0,gb_eoh_2122r3,HP_Peak,anchor_only_Linear,size,-,direct,none,p0.5|n10,rmse,7.019657228627488,6,24,q_arm2,physics
iter05b_arm2,0,gb_eoh_2122r3,HP_Peak,anchor_only_Linear,size,-,direct,none,p0.5|n10,mae,6.6982006019519424,6,24,q_arm2,physics
iter05b_arm2,0,gb_eoh_2122r3,HP_Peak,anchor_only_Linear,size,-,direct,none,p0.5|n10,mape,39.452704755642046,6,24,q_arm2,physics
iter05b_arm2,0,gb_eoh_2122r3,HP_Peak,anchor_only_Linear,size,-,direct,none,p0.5|n10,r2,-10.174372160065305,6,24,q_arm2,physics
iter05b_arm2,0,gb_eoh_2122r3,HP_Peak,anchor_only_Linear,size,-,direct,none,p0.5|n10,n_pred_nan,0.0,6,24,q_arm2,physics
iter05b_arm2,0,gb_eoh_2122r3,HP_Peak,anchor_only_Linear,size,-,direct,none,p0.5|n10,mape_n_excluded,0.0,6,24,q_arm2,physics
iter05b_arm2,0,gb_eoh_2122r3,HP_Peak,anchor_only_Linear,size,-,direct,none,p0.5|n40,wape,62.08955386732512,2,28,q_arm2,physics
iter05b_arm2,0,gb_eoh_2122r3,HP_Peak,anchor_only_Linear,size,-,direct,none,p0.5|n40,rmse,45.38637243325086,2,28,q_arm2,physics
iter05b_arm2,0,gb_eoh_2122r3,HP_Peak,anchor_only_Linear,size,-,direct,none,p0.5|n40,mae,45.38636773689611,2,28,q_arm2,physics
iter05b_arm2,0,gb_eoh_2122r3,HP_Peak,anchor_only_Linear,size,-,direct,none,p0.5|n40,mape,62.08955084277006,2,28,q_arm2,physics
iter05b_arm2,0,gb_eoh_2122r3,HP_Peak,anchor_only_Linear,size,-,direct,none,p0.5|n40,r2,-4832084.433526684,2,28,q_arm2,physics
iter05b_arm2,0,gb_eoh_2122r3,HP_Peak,anchor_only_Linear,size,-,direct,none,p0.5|n40,n_pred_nan,0.0,2,28,q_arm2,physics
iter05b_arm2,0,gb_eoh_2122r3,HP_Peak,anchor_only_Linear,size,-,direct,none,p0.5|n40,mape_n_excluded,0.0,2,28,q_arm2,physics
iter05b_arm2,0,gb_eoh_2122r3,HP_Peak,anchor_only_Linear,peak,-,direct,none,all,wape,58.29738594510613,30,58,q_arm2,physics
iter05b_arm2,0,gb_eoh_2122r3,HP_Peak,anchor_only_Linear,peak,-,direct,none,all,rmse,9.886638939071684,30,58,q_arm2,physics
iter05b_arm2,0,gb_eoh_2122r3,HP_Peak,anchor_only_Linear,peak,-,direct,none,all,mae,7.220955223195927,30,58,q_arm2,physics
iter05b_arm2,0,gb_eoh_2122r3,HP_Peak,anchor_only_Linear,peak,-,direct,none,all,mape,84.34676687392465,30,58,q_arm2,physics
iter05b_arm2,0,gb_eoh_2122r3,HP_Peak,anchor_only_Linear,peak,-,direct,none,all,r2,0.6685534053234304,30,58,q_arm2,physics
iter05b_arm2,0,gb_eoh_2122r3,HP_Peak,anchor_only_Linear,peak,-,direct,none,all,n_pred_nan,0.0,30,58,q_arm2,physics
iter05b_arm2,0,gb_eoh_2122r3,HP_Peak,anchor_only_Linear,peak,-,direct,none,all,mape_n_excluded,0.0,30,58,q_arm2,physics
iter05b_arm2,0,gb_eoh_2122r3,HP_Peak,anchor_only_Linear,peak,-,direct,none,all,wape_train,52.64597824718821,30,58,q_arm2,physics
iter05b_arm2,0,gb_eoh_2122r3,HP_Peak,anchor_only_Linear,peak,-,direct,none,all,wape_inner,44.58074856857696,30,58,q_arm2,physics
iter05b_arm2,0,gb_eoh_2122r3,HP_Peak,anchor_only_Linear,peak,-,direct,none,all,n_train_sub,111.0,30,58,q_arm2,physics
iter05b_arm2,0,gb_eoh_2122r3,HP_Peak,anchor_only_Linear,peak,-,direct,none,all,n_inner_sub,90.0,30,58,q_arm2,physics
iter05b_arm2,0,gb_eoh_2122r3,HP_Peak,anchor_only_Linear,peak,-,direct,none,all,n_test_sub,30.0,30,58,q_arm2,physics
iter05b_arm2,0,gb_eoh_2122r3,HP_Peak,anchor_only_Linear,peak,-,direct,none,all,n_overlap_sub,0.0,30,58,q_arm2,physics
iter05b_arm2,0,gb_eoh_2122r3,HP_Peak,anchor_only_Linear,peak,-,direct,none,pbin<=15,wape,106.37404113658833,22,34,q_arm2,physics
iter05b_arm2,0,gb_eoh_2122r3,HP_Peak,anchor_only_Linear,peak,-,direct,none,pbin<=15,rmse,8.817764182552155,22,34,q_arm2,physics
iter05b_arm2,0,gb_eoh_2122r3,HP_Peak,anchor_only_Linear,peak,-,direct,none,pbin<=15,mae,6.0904466851292804,22,34,q_arm2,physics
iter05b_arm2,0,gb_eoh_2122r3,HP_Peak,anchor_only_Linear,peak,-,direct,none,pbin<=15,mape,101.4755000110148,22,34,q_arm2,physics
iter05b_arm2,0,gb_eoh_2122r3,HP_Peak,anchor_only_Linear,peak,-,direct,none,pbin<=15,r2,-3.652772103824863,22,34,q_arm2,physics
iter05b_arm2,0,gb_eoh_2122r3,HP_Peak,anchor_only_Linear,peak,-,direct,none,pbin<=15,n_pred_nan,0.0,22,34,q_arm2,physics
iter05b_arm2,0,gb_eoh_2122r3,HP_Peak,anchor_only_Linear,peak,-,direct,none,pbin<=15,mape_n_excluded,0.0,22,34,q_arm2,physics
iter05b_arm2,0,gb_eoh_2122r3,HP_Peak,anchor_only_Linear,peak,-,direct,none,pbin35-65,wape,33.643433067755765,8,43,q_arm2,physics
iter05b_arm2,0,gb_eoh_2122r3,HP_Peak,anchor_only_Linear,peak,-,direct,none,pbin35-65,rmse,12.35821412769085,8,43,q_arm2,physics
iter05b_arm2,0,gb_eoh_2122r3,HP_Peak,anchor_only_Linear,peak,-,direct,none,pbin35-65,mae,10.329853702879202,8,43,q_arm2,physics
iter05b_arm2,0,gb_eoh_2122r3,HP_Peak,anchor_only_Linear,peak,-,direct,none,pbin35-65,mape,37.24275074692681,8,43,q_arm2,physics
iter05b_arm2,0,gb_eoh_2122r3,HP_Peak,anchor_only_Linear,peak,-,direct,none,pbin35-65,r2,0.7464716594062357,8,43,q_arm2,physics
iter05b_arm2,0,gb_eoh_2122r3,HP_Peak,anchor_only_Linear,peak,-,direct,none,pbin35-65,n_pred_nan,0.0,8,43,q_arm2,physics
iter05b_arm2,0,gb_eoh_2122r3,HP_Peak,anchor_only_Linear,peak,-,direct,none,pbin35-65,mape_n_excluded,0.0,8,43,q_arm2,physics
iter05b_arm2,0,gb_eoh_2122r3,HP_Peak,anchor_only_Linear,peak,-,direct,none,p0.1|n10,wape,80.89727640769057,16,15,q_arm2,physics
iter05b_arm2,0,gb_eoh_2122r3,HP_Peak,anchor_only_Linear,peak,-,direct,none,p0.1|n10,rmse,3.3982001900805545,16,15,q_arm2,physics
iter05b_arm2,0,gb_eoh_2122r3,HP_Peak,anchor_only_Linear,peak,-,direct,none,p0.1|n10,mae,2.6614416105263796,16,15,q_arm2,physics
iter05b_arm2,0,gb_eoh_2122r3,HP_Peak,anchor_only_Linear,peak,-,direct,none,p0.1|n10,mape,91.59444902506473,16,15,q_arm2,physics
iter05b_arm2,0,gb_eoh_2122r3,HP_Peak,anchor_only_Linear,peak,-,direct,none,p0.1|n10,r2,-17.09091820852547,16,15,q_arm2,physics
iter05b_arm2,0,gb_eoh_2122r3,HP_Peak,anchor_only_Linear,peak,-,direct,none,p0.1|n10,n_pred_nan,0.0,16,15,q_arm2,physics
iter05b_arm2,0,gb_eoh_2122r3,HP_Peak,anchor_only_Linear,peak,-,direct,none,p0.1|n10,mape_n_excluded,0.0,16,15,q_arm2,physics
iter05b_arm2,0,gb_eoh_2122r3,HP_Peak,anchor_only_Linear,peak,-,direct,none,p0.1|n40,wape,124.66386718400517,6,22,q_arm2,physics
iter05b_arm2,0,gb_eoh_2122r3,HP_Peak,anchor_only_Linear,peak,-,direct,none,p0.1|n40,rmse,15.946791743327644,6,22,q_arm2,physics
iter05b_arm2,0,gb_eoh_2122r3,HP_Peak,anchor_only_Linear,peak,-,direct,none,p0.1|n40,mae,15.234460217403686,6,22,q_arm2,physics
iter05b_arm2,0,gb_eoh_2122r3,HP_Peak,anchor_only_Linear,peak,-,direct,none,p0.1|n40,mape,127.82496930688161,6,22,q_arm2,physics
iter05b_arm2,0,gb_eoh_2122r3,HP_Peak,anchor_only_Linear,peak,-,direct,none,p0.1|n40,r2,-161.1053538616318,6,22,q_arm2,physics
iter05b_arm2,0,gb_eoh_2122r3,HP_Peak,anchor_only_Linear,peak,-,direct,none,p0.1|n40,n_pred_nan,0.0,6,22,q_arm2,physics
iter05b_arm2,0,gb_eoh_2122r3,HP_Peak,anchor_only_Linear,peak,-,direct,none,p0.1|n40,mape_n_excluded,0.0,6,22,q_arm2,physics
iter05b_arm2,0,gb_eoh_2122r3,HP_Peak,anchor_only_Linear,peak,-,direct,none,p0.5|n10,wape,41.26182532237892,6,24,q_arm2,physics
iter05b_arm2,0,gb_eoh_2122r3,HP_Peak,anchor_only_Linear,peak,-,direct,none,p0.5|n10,rmse,7.472651012093154,6,24,q_arm2,physics
iter05b_arm2,0,gb_eoh_2122r3,HP_Peak,anchor_only_Linear,peak,-,direct,none,p0.5|n10,mae,6.838110012707791,6,24,q_arm2,physics
iter05b_arm2,0,gb_eoh_2122r3,HP_Peak,anchor_only_Linear,peak,-,direct,none,p0.5|n10,mape,40.170146291591784,6,24,q_arm2,physics
iter05b_arm2,0,gb_eoh_2122r3,HP_Peak,anchor_only_Linear,peak,-,direct,none,p0.5|n10,r2,-11.663119930746056,6,24,q_arm2,physics
iter05b_arm2,0,gb_eoh_2122r3,HP_Peak,anchor_only_Linear,peak,-,direct,none,p0.5|n10,n_pred_nan,0.0,6,24,q_arm2,physics
iter05b_arm2,0,gb_eoh_2122r3,HP_Peak,anchor_only_Linear,peak,-,direct,none,p0.5|n10,mape_n_excluded,0.0,6,24,q_arm2,physics
iter05b_arm2,0,gb_eoh_2122r3,HP_Peak,anchor_only_Linear,peak,-,direct,none,p0.5|n40,wape,28.46181565443376,2,28,q_arm2,physics
iter05b_arm2,0,gb_eoh_2122r3,HP_Peak,anchor_only_Linear,peak,-,direct,none,p0.5|n40,rmse,21.056597214598096,2,28,q_arm2,physics
iter05b_arm2,0,gb_eoh_2122r3,HP_Peak,anchor_only_Linear,peak,-,direct,none,p0.5|n40,mae,20.805084773393432,2,28,q_arm2,physics
iter05b_arm2,0,gb_eoh_2122r3,HP_Peak,anchor_only_Linear,peak,-,direct,none,p0.5|n40,mape,28.46056411293191,2,28,q_arm2,physics
iter05b_arm2,0,gb_eoh_2122r3,HP_Peak,anchor_only_Linear,peak,-,direct,none,p0.5|n40,r2,-1040062.9383104023,2,28,q_arm2,physics
iter05b_arm2,0,gb_eoh_2122r3,HP_Peak,anchor_only_Linear,peak,-,direct,none,p0.5|n40,n_pred_nan,0.0,2,28,q_arm2,physics
iter05b_arm2,0,gb_eoh_2122r3,HP_Peak,anchor_only_Linear,peak,-,direct,none,p0.5|n40,mape_n_excluded,0.0,2,28,q_arm2,physics
iter05b_arm2,0,gb_eoh_2122r3,HP_Peak,anchor_only_Linear,size+peak,-,direct,none,all,wape,47.31057297674085,30,58,q_arm2,physics
iter05b_arm2,0,gb_eoh_2122r3,HP_Peak,anchor_only_Linear,size+peak,-,direct,none,all,rmse,7.780495069456605,30,58,q_arm2,physics
iter05b_arm2,0,gb_eoh_2122r3,HP_Peak,anchor_only_Linear,size+peak,-,direct,none,all,mae,5.860083149705401,30,58,q_arm2,physics
iter05b_arm2,0,gb_eoh_2122r3,HP_Peak,anchor_only_Linear,size+peak,-,direct,none,all,mape,94.7686794763839,30,58,q_arm2,physics
iter05b_arm2,0,gb_eoh_2122r3,HP_Peak,anchor_only_Linear,size+peak,-,direct,none,all,r2,0.7947275446596538,30,58,q_arm2,physics
iter05b_arm2,0,gb_eoh_2122r3,HP_Peak,anchor_only_Linear,size+peak,-,direct,none,all,n_pred_nan,0.0,30,58,q_arm2,physics
iter05b_arm2,0,gb_eoh_2122r3,HP_Peak,anchor_only_Linear,size+peak,-,direct,none,all,mape_n_excluded,0.0,30,58,q_arm2,physics
iter05b_arm2,0,gb_eoh_2122r3,HP_Peak,anchor_only_Linear,size+peak,-,direct,none,all,wape_train,33.03884117809082,30,58,q_arm2,physics
iter05b_arm2,0,gb_eoh_2122r3,HP_Peak,anchor_only_Linear,size+peak,-,direct,none,all,wape_inner,37.30641127700115,30,58,q_arm2,physics
iter05b_arm2,0,gb_eoh_2122r3,HP_Peak,anchor_only_Linear,size+peak,-,direct,none,all,n_train_sub,111.0,30,58,q_arm2,physics
iter05b_arm2,0,gb_eoh_2122r3,HP_Peak,anchor_only_Linear,size+peak,-,direct,none,all,n_inner_sub,90.0,30,58,q_arm2,physics
iter05b_arm2,0,gb_eoh_2122r3,HP_Peak,anchor_only_Linear,size+peak,-,direct,none,all,n_test_sub,30.0,30,58,q_arm2,physics
iter05b_arm2,0,gb_eoh_2122r3,HP_Peak,anchor_only_Linear,size+peak,-,direct,none,all,n_overlap_sub,0.0,30,58,q_arm2,physics
iter05b_arm2,0,gb_eoh_2122r3,HP_Peak,anchor_only_Linear,size+peak,-,direct,none,pbin<=15,wape,96.68806848935031,22,34,q_arm2,physics
iter05b_arm2,0,gb_eoh_2122r3,HP_Peak,anchor_only_Linear,size+peak,-,direct,none,pbin<=15,rmse,7.490684106272065,22,34,q_arm2,physics
iter05b_arm2,0,gb_eoh_2122r3,HP_Peak,anchor_only_Linear,size+peak,-,direct,none,pbin<=15,mae,5.5358762338114085,22,34,q_arm2,physics
iter05b_arm2,0,gb_eoh_2122r3,HP_Peak,anchor_only_Linear,size+peak,-,direct,none,pbin<=15,mape,117.42860101048498,22,34,q_arm2,physics
iter05b_arm2,0,gb_eoh_2122r3,HP_Peak,anchor_only_Linear,size+peak,-,direct,none,pbin<=15,r2,-2.357668264828241,22,34,q_arm2,physics
iter05b_arm2,0,gb_eoh_2122r3,HP_Peak,anchor_only_Linear,size+peak,-,direct,none,pbin<=15,n_pred_nan,0.0,22,34,q_arm2,physics
iter05b_arm2,0,gb_eoh_2122r3,HP_Peak,anchor_only_Linear,size+peak,-,direct,none,pbin<=15,mape_n_excluded,0.0,22,34,q_arm2,physics
iter05b_arm2,0,gb_eoh_2122r3,HP_Peak,anchor_only_Linear,size+peak,-,direct,none,pbin35-65,wape,21.989542578080098,8,43,q_arm2,physics
iter05b_arm2,0,gb_eoh_2122r3,HP_Peak,anchor_only_Linear,size+peak,-,direct,none,pbin35-65,rmse,8.526835883081894,8,43,q_arm2,physics
iter05b_arm2,0,gb_eoh_2122r3,HP_Peak,anchor_only_Linear,size+peak,-,direct,none,pbin35-65,mae,6.751652168413885,8,43,q_arm2,physics
iter05b_arm2,0,gb_eoh_2122r3,HP_Peak,anchor_only_Linear,size+peak,-,direct,none,pbin35-65,mape,32.453895257605836,8,43,q_arm2,physics
iter05b_arm2,0,gb_eoh_2122r3,HP_Peak,anchor_only_Linear,size+peak,-,direct,none,pbin35-65,r2,0.8793045521759928,8,43,q_arm2,physics
iter05b_arm2,0,gb_eoh_2122r3,HP_Peak,anchor_only_Linear,size+peak,-,direct,none,pbin35-65,n_pred_nan,0.0,8,43,q_arm2,physics
iter05b_arm2,0,gb_eoh_2122r3,HP_Peak,anchor_only_Linear,size+peak,-,direct,none,pbin35-65,mape_n_excluded,0.0,8,43,q_arm2,physics
iter05b_arm2,0,gb_eoh_2122r3,HP_Peak,anchor_only_Linear,size+peak,-,direct,none,p0.1|n10,wape,124.93624973962474,16,15,q_arm2,physics
iter05b_arm2,0,gb_eoh_2122r3,HP_Peak,anchor_only_Linear,size+peak,-,direct,none,p0.1|n10,rmse,6.164138156356586,16,15,q_arm2,physics
iter05b_arm2,0,gb_eoh_2122r3,HP_Peak,anchor_only_Linear,size+peak,-,direct,none,p0.1|n10,mae,4.110280944990411,16,15,q_arm2,physics
iter05b_arm2,0,gb_eoh_2122r3,HP_Peak,anchor_only_Linear,size+peak,-,direct,none,p0.1|n10,mape,133.0676362591272,16,15,q_arm2,physics
iter05b_arm2,0,gb_eoh_2122r3,HP_Peak,anchor_only_Linear,size+peak,-,direct,none,p0.1|n10,r2,-58.526098460468496,16,15,q_arm2,physics
iter05b_arm2,0,gb_eoh_2122r3,HP_Peak,anchor_only_Linear,size+peak,-,direct,none,p0.1|n10,n_pred_nan,0.0,16,15,q_arm2,physics
iter05b_arm2,0,gb_eoh_2122r3,HP_Peak,anchor_only_Linear,size+peak,-,direct,none,p0.1|n10,mape_n_excluded,0.0,16,15,q_arm2,physics
iter05b_arm2,0,gb_eoh_2122r3,HP_Peak,anchor_only_Linear,size+peak,-,direct,none,p0.1|n40,wape,76.4086363588887,6,22,q_arm2,physics
iter05b_arm2,0,gb_eoh_2122r3,HP_Peak,anchor_only_Linear,size+peak,-,direct,none,p0.1|n40,rmse,10.218301204119285,6,22,q_arm2,physics
iter05b_arm2,0,gb_eoh_2122r3,HP_Peak,anchor_only_Linear,size+peak,-,direct,none,p0.1|n40,mae,9.337463670667404,6,22,q_arm2,physics
iter05b_arm2,0,gb_eoh_2122r3,HP_Peak,anchor_only_Linear,size+peak,-,direct,none,p0.1|n40,mape,75.72450701410577,6,22,q_arm2,physics
iter05b_arm2,0,gb_eoh_2122r3,HP_Peak,anchor_only_Linear,size+peak,-,direct,none,p0.1|n40,r2,-65.55920312216851,6,22,q_arm2,physics
iter05b_arm2,0,gb_eoh_2122r3,HP_Peak,anchor_only_Linear,size+peak,-,direct,none,p0.1|n40,n_pred_nan,0.0,6,22,q_arm2,physics
iter05b_arm2,0,gb_eoh_2122r3,HP_Peak,anchor_only_Linear,size+peak,-,direct,none,p0.1|n40,mape_n_excluded,0.0,6,22,q_arm2,physics
iter05b_arm2,0,gb_eoh_2122r3,HP_Peak,anchor_only_Linear,size+peak,-,direct,none,p0.5|n10,wape,39.486148244450874,6,24,q_arm2,physics
iter05b_arm2,0,gb_eoh_2122r3,HP_Peak,anchor_only_Linear,size+peak,-,direct,none,p0.5|n10,rmse,8.858543586231525,6,24,q_arm2,physics
iter05b_arm2,0,gb_eoh_2122r3,HP_Peak,anchor_only_Linear,size+peak,-,direct,none,p0.5|n10,mae,6.543836186694332,6,24,q_arm2,physics
iter05b_arm2,0,gb_eoh_2122r3,HP_Peak,anchor_only_Linear,size+peak,-,direct,none,p0.5|n10,mape,39.90888982193992,6,24,q_arm2,physics
iter05b_arm2,0,gb_eoh_2122r3,HP_Peak,anchor_only_Linear,size+peak,-,direct,none,p0.5|n10,r2,-16.79573672864384,6,24,q_arm2,physics
iter05b_arm2,0,gb_eoh_2122r3,HP_Peak,anchor_only_Linear,size+peak,-,direct,none,p0.5|n10,n_pred_nan,0.0,6,24,q_arm2,physics
iter05b_arm2,0,gb_eoh_2122r3,HP_Peak,anchor_only_Linear,size+peak,-,direct,none,p0.5|n10,mape_n_excluded,0.0,6,24,q_arm2,physics
iter05b_arm2,0,gb_eoh_2122r3,HP_Peak,anchor_only_Linear,size+peak,-,direct,none,p0.5|n40,wape,10.089299906815898,2,28,q_arm2,physics
iter05b_arm2,0,gb_eoh_2122r3,HP_Peak,anchor_only_Linear,size+peak,-,direct,none,p0.5|n40,rmse,7.443543329662349,2,28,q_arm2,physics
iter05b_arm2,0,gb_eoh_2122r3,HP_Peak,anchor_only_Linear,size+peak,-,direct,none,p0.5|n40,mae,7.375100113572543,2,28,q_arm2,physics
iter05b_arm2,0,gb_eoh_2122r3,HP_Peak,anchor_only_Linear,size+peak,-,direct,none,p0.5|n40,mape,10.088911564603606,2,28,q_arm2,physics
iter05b_arm2,0,gb_eoh_2122r3,HP_Peak,anchor_only_Linear,size+peak,-,direct,none,p0.5|n40,r2,-129968.99453121141,2,28,q_arm2,physics
iter05b_arm2,0,gb_eoh_2122r3,HP_Peak,anchor_only_Linear,size+peak,-,direct,none,p0.5|n40,n_pred_nan,0.0,2,28,q_arm2,physics
iter05b_arm2,0,gb_eoh_2122r3,HP_Peak,anchor_only_Linear,size+peak,-,direct,none,p0.5|n40,mape_n_excluded,0.0,2,28,q_arm2,physics
iter05b_arm2,0,gb_eoh_2122r3,HP_Peak,anchor_only_XGBoost,size,-,direct,none,all,wape,88.1011506320009,30,58,q_arm2,physics
iter05b_arm2,0,gb_eoh_2122r3,HP_Peak,anchor_only_XGBoost,size,-,direct,none,all,rmse,14.802408260586375,30,58,q_arm2,physics
iter05b_arm2,0,gb_eoh_2122r3,HP_Peak,anchor_only_XGBoost,size,-,direct,none,all,mae,10.912572725383457,30,58,q_arm2,physics
iter05b_arm2,0,gb_eoh_2122r3,HP_Peak,anchor_only_XGBoost,size,-,direct,none,all,mape,157.06883229024095,30,58,q_arm2,physics
iter05b_arm2,0,gb_eoh_2122r3,HP_Peak,anchor_only_XGBoost,size,-,direct,none,all,r2,0.257013419501657,30,58,q_arm2,physics
iter05b_arm2,0,gb_eoh_2122r3,HP_Peak,anchor_only_XGBoost,size,-,direct,none,all,n_pred_nan,0.0,30,58,q_arm2,physics
iter05b_arm2,0,gb_eoh_2122r3,HP_Peak,anchor_only_XGBoost,size,-,direct,none,all,mape_n_excluded,0.0,30,58,q_arm2,physics
iter05b_arm2,0,gb_eoh_2122r3,HP_Peak,anchor_only_XGBoost,size,-,direct,none,all,wape_train,71.60371698416307,30,58,q_arm2,physics
iter05b_arm2,0,gb_eoh_2122r3,HP_Peak,anchor_only_XGBoost,size,-,direct,none,all,wape_inner,51.026653035873444,30,58,q_arm2,physics
iter05b_arm2,0,gb_eoh_2122r3,HP_Peak,anchor_only_XGBoost,size,-,direct,none,all,n_train_sub,111.0,30,58,q_arm2,physics
iter05b_arm2,0,gb_eoh_2122r3,HP_Peak,anchor_only_XGBoost,size,-,direct,none,all,n_inner_sub,90.0,30,58,q_arm2,physics
iter05b_arm2,0,gb_eoh_2122r3,HP_Peak,anchor_only_XGBoost,size,-,direct,none,all,n_test_sub,30.0,30,58,q_arm2,physics
iter05b_arm2,0,gb_eoh_2122r3,HP_Peak,anchor_only_XGBoost,size,-,direct,none,all,n_overlap_sub,0.0,30,58,q_arm2,physics
iter05b_arm2,0,gb_eoh_2122r3,HP_Peak,anchor_only_XGBoost,size,-,direct,none,pbin<=15,wape,155.21342492299473,22,34,q_arm2,physics
iter05b_arm2,0,gb_eoh_2122r3,HP_Peak,anchor_only_XGBoost,size,-,direct,none,pbin<=15,rmse,9.673493494194789,22,34,q_arm2,physics
iter05b_arm2,0,gb_eoh_2122r3,HP_Peak,anchor_only_XGBoost,size,-,direct,none,pbin<=15,mae,8.886746044516538,22,34,q_arm2,physics
iter05b_arm2,0,gb_eoh_2122r3,HP_Peak,anchor_only_XGBoost,size,-,direct,none,pbin<=15,mape,197.76941575594407,22,34,q_arm2,physics
iter05b_arm2,0,gb_eoh_2122r3,HP_Peak,anchor_only_XGBoost,size,-,direct,none,pbin<=15,r2,-4.599658069406922,22,34,q_arm2,physics
iter05b_arm2,0,gb_eoh_2122r3,HP_Peak,anchor_only_XGBoost,size,-,direct,none,pbin<=15,n_pred_nan,0.0,22,34,q_arm2,physics
iter05b_arm2,0,gb_eoh_2122r3,HP_Peak,anchor_only_XGBoost,size,-,direct,none,pbin<=15,mape_n_excluded,0.0,22,34,q_arm2,physics
iter05b_arm2,0,gb_eoh_2122r3,HP_Peak,anchor_only_XGBoost,size,-,direct,none,pbin35-65,wape,53.68563563263137,8,43,q_arm2,physics
iter05b_arm2,0,gb_eoh_2122r3,HP_Peak,anchor_only_XGBoost,size,-,direct,none,pbin35-65,rmse,23.75567360911714,8,43,q_arm2,physics
iter05b_arm2,0,gb_eoh_2122r3,HP_Peak,anchor_only_XGBoost,size,-,direct,none,pbin35-65,mae,16.483596097767496,8,43,q_arm2,physics
iter05b_arm2,0,gb_eoh_2122r3,HP_Peak,anchor_only_XGBoost,size,-,direct,none,pbin35-65,mape,45.14222775955734,8,43,q_arm2,physics
iter05b_arm2,0,gb_eoh_2122r3,HP_Peak,anchor_only_XGBoost,size,-,direct,none,pbin35-65,r2,0.06319374576474324,8,43,q_arm2,physics
iter05b_arm2,0,gb_eoh_2122r3,HP_Peak,anchor_only_XGBoost,size,-,direct,none,pbin35-65,n_pred_nan,0.0,8,43,q_arm2,physics
iter05b_arm2,0,gb_eoh_2122r3,HP_Peak,anchor_only_XGBoost,size,-,direct,none,pbin35-65,mape_n_excluded,0.0,8,43,q_arm2,physics
iter05b_arm2,0,gb_eoh_2122r3,HP_Peak,anchor_only_XGBoost,size,-,direct,none,p0.1|n10,wape,201.20051243054849,16,15,q_arm2,physics
iter05b_arm2,0,gb_eoh_2122r3,HP_Peak,anchor_only_XGBoost,size,-,direct,none,p0.1|n10,rmse,6.667343019501901,16,15,q_arm2,physics
iter05b_arm2,0,gb_eoh_2122r3,HP_Peak,anchor_only_XGBoost,size,-,direct,none,p0.1|n10,mae,6.619300916179987,16,15,q_arm2,physics
iter05b_arm2,0,gb_eoh_2122r3,HP_Peak,anchor_only_XGBoost,size,-,direct,none,p0.1|n10,mape,225.25118199832949,16,15,q_arm2,physics
iter05b_arm2,0,gb_eoh_2122r3,HP_Peak,anchor_only_XGBoost,size,-,direct,none,p0.1|n10,r2,-68.64152757954321,16,15,q_arm2,physics
iter05b_arm2,0,gb_eoh_2122r3,HP_Peak,anchor_only_XGBoost,size,-,direct,none,p0.1|n10,n_pred_nan,0.0,16,15,q_arm2,physics
iter05b_arm2,0,gb_eoh_2122r3,HP_Peak,anchor_only_XGBoost,size,-,direct,none,p0.1|n10,mape_n_excluded,0.0,16,15,q_arm2,physics
iter05b_arm2,0,gb_eoh_2122r3,HP_Peak,anchor_only_XGBoost,size,-,direct,none,p0.1|n40,wape,122.1991925473094,6,22,q_arm2,physics
iter05b_arm2,0,gb_eoh_2122r3,HP_Peak,anchor_only_XGBoost,size,-,direct,none,p0.1|n40,rmse,14.985699146040448,6,22,q_arm2,physics
iter05b_arm2,0,gb_eoh_2122r3,HP_Peak,anchor_only_XGBoost,size,-,direct,none,p0.1|n40,mae,14.933266386747333,6,22,q_arm2,physics
iter05b_arm2,0,gb_eoh_2122r3,HP_Peak,anchor_only_XGBoost,size,-,direct,none,p0.1|n40,mape,124.48470577624973,6,22,q_arm2,physics
iter05b_arm2,0,gb_eoh_2122r3,HP_Peak,anchor_only_XGBoost,size,-,direct,none,p0.1|n40,r2,-142.15441025877035,6,22,q_arm2,physics
iter05b_arm2,0,gb_eoh_2122r3,HP_Peak,anchor_only_XGBoost,size,-,direct,none,p0.1|n40,n_pred_nan,0.0,6,22,q_arm2,physics
iter05b_arm2,0,gb_eoh_2122r3,HP_Peak,anchor_only_XGBoost,size,-,direct,none,p0.1|n40,mape_n_excluded,0.0,6,22,q_arm2,physics
iter05b_arm2,0,gb_eoh_2122r3,HP_Peak,anchor_only_XGBoost,size,-,direct,none,p0.5|n10,wape,40.20689571351902,6,24,q_arm2,physics
iter05b_arm2,0,gb_eoh_2122r3,HP_Peak,anchor_only_XGBoost,size,-,direct,none,p0.5|n10,rmse,6.986345449077531,6,24,q_arm2,physics
iter05b_arm2,0,gb_eoh_2122r3,HP_Peak,anchor_only_XGBoost,size,-,direct,none,p0.5|n10,mae,6.663281956394577,6,24,q_arm2,physics
iter05b_arm2,0,gb_eoh_2122r3,HP_Peak,anchor_only_XGBoost,size,-,direct,none,p0.5|n10,mape,39.23859005599799,6,24,q_arm2,physics
iter05b_arm2,0,gb_eoh_2122r3,HP_Peak,anchor_only_XGBoost,size,-,direct,none,p0.5|n10,r2,-10.068567850318939,6,24,q_arm2,physics
iter05b_arm2,0,gb_eoh_2122r3,HP_Peak,anchor_only_XGBoost,size,-,direct,none,p0.5|n10,n_pred_nan,0.0,6,24,q_arm2,physics
iter05b_arm2,0,gb_eoh_2122r3,HP_Peak,anchor_only_XGBoost,size,-,direct,none,p0.5|n10,mape_n_excluded,0.0,6,24,q_arm2,physics
iter05b_arm2,0,gb_eoh_2122r3,HP_Peak,anchor_only_XGBoost,size,-,direct,none,p0.5|n40,wape,62.85314383387005,2,28,q_arm2,physics
iter05b_arm2,0,gb_eoh_2122r3,HP_Peak,anchor_only_XGBoost,size,-,direct,none,p0.5|n40,rmse,45.94454316118596,2,28,q_arm2,physics
iter05b_arm2,0,gb_eoh_2122r3,HP_Peak,anchor_only_XGBoost,size,-,direct,none,p0.5|n40,mae,45.94453852188625,2,28,q_arm2,physics
iter05b_arm2,0,gb_eoh_2122r3,HP_Peak,anchor_only_XGBoost,size,-,direct,none,p0.5|n40,mape,62.85314087023539,2,28,q_arm2,physics
iter05b_arm2,0,gb_eoh_2122r3,HP_Peak,anchor_only_XGBoost,size,-,direct,none,p0.5|n40,r2,-4951667.181095829,2,28,q_arm2,physics
iter05b_arm2,0,gb_eoh_2122r3,HP_Peak,anchor_only_XGBoost,size,-,direct,none,p0.5|n40,n_pred_nan,0.0,2,28,q_arm2,physics
iter05b_arm2,0,gb_eoh_2122r3,HP_Peak,anchor_only_XGBoost,size,-,direct,none,p0.5|n40,mape_n_excluded,0.0,2,28,q_arm2,physics
iter05b_arm2,0,gb_eoh_2122r3,HP_Peak,anchor_only_XGBoost,peak,-,direct,none,all,wape,57.74832736041445,30,58,q_arm2,physics
iter05b_arm2,0,gb_eoh_2122r3,HP_Peak,anchor_only_XGBoost,peak,-,direct,none,all,rmse,12.185563401813285,30,58,q_arm2,physics
iter05b_arm2,0,gb_eoh_2122r3,HP_Peak,anchor_only_XGBoost,peak,-,direct,none,all,mae,7.152946557100621,30,58,q_arm2,physics
iter05b_arm2,0,gb_eoh_2122r3,HP_Peak,anchor_only_XGBoost,peak,-,direct,none,all,mape,84.29001441472874,30,58,q_arm2,physics
iter05b_arm2,0,gb_eoh_2122r3,HP_Peak,anchor_only_XGBoost,peak,-,direct,none,all,r2,0.496490764648545,30,58,q_arm2,physics
iter05b_arm2,0,gb_eoh_2122r3,HP_Peak,anchor_only_XGBoost,peak,-,direct,none,all,n_pred_nan,0.0,30,58,q_arm2,physics
iter05b_arm2,0,gb_eoh_2122r3,HP_Peak,anchor_only_XGBoost,peak,-,direct,none,all,mape_n_excluded,0.0,30,58,q_arm2,physics
iter05b_arm2,0,gb_eoh_2122r3,HP_Peak,anchor_only_XGBoost,peak,-,direct,none,all,wape_train,44.22556744850922,30,58,q_arm2,physics
iter05b_arm2,0,gb_eoh_2122r3,HP_Peak,anchor_only_XGBoost,peak,-,direct,none,all,wape_inner,29.643920796658293,30,58,q_arm2,physics
iter05b_arm2,0,gb_eoh_2122r3,HP_Peak,anchor_only_XGBoost,peak,-,direct,none,all,n_train_sub,111.0,30,58,q_arm2,physics
iter05b_arm2,0,gb_eoh_2122r3,HP_Peak,anchor_only_XGBoost,peak,-,direct,none,all,n_inner_sub,90.0,30,58,q_arm2,physics
iter05b_arm2,0,gb_eoh_2122r3,HP_Peak,anchor_only_XGBoost,peak,-,direct,none,all,n_test_sub,30.0,30,58,q_arm2,physics
iter05b_arm2,0,gb_eoh_2122r3,HP_Peak,anchor_only_XGBoost,peak,-,direct,none,all,n_overlap_sub,0.0,30,58,q_arm2,physics
iter05b_arm2,0,gb_eoh_2122r3,HP_Peak,anchor_only_XGBoost,peak,-,direct,none,pbin<=15,wape,100.4113452081016,22,34,q_arm2,physics
iter05b_arm2,0,gb_eoh_2122r3,HP_Peak,anchor_only_XGBoost,peak,-,direct,none,pbin<=15,rmse,9.614537646278285,22,34,q_arm2,physics
iter05b_arm2,0,gb_eoh_2122r3,HP_Peak,anchor_only_XGBoost,peak,-,direct,none,pbin<=15,mae,5.749052475940074,22,34,q_arm2,physics
iter05b_arm2,0,gb_eoh_2122r3,HP_Peak,anchor_only_XGBoost,peak,-,direct,none,pbin<=15,mape,105.44630186075166,22,34,q_arm2,physics
iter05b_arm2,0,gb_eoh_2122r3,HP_Peak,anchor_only_XGBoost,peak,-,direct,none,pbin<=15,r2,-4.531610971317637,22,34,q_arm2,physics
iter05b_arm2,0,gb_eoh_2122r3,HP_Peak,anchor_only_XGBoost,peak,-,direct,none,pbin<=15,n_pred_nan,0.0,22,34,q_arm2,physics
iter05b_arm2,0,gb_eoh_2122r3,HP_Peak,anchor_only_XGBoost,peak,-,direct,none,pbin<=15,mape_n_excluded,0.0,22,34,q_arm2,physics
iter05b_arm2,0,gb_eoh_2122r3,HP_Peak,anchor_only_XGBoost,peak,-,direct,none,pbin35-65,wape,35.870515199122764,8,43,q_arm2,physics
iter05b_arm2,0,gb_eoh_2122r3,HP_Peak,anchor_only_XGBoost,peak,-,direct,none,pbin35-65,rmse,17.39602437071071,8,43,q_arm2,physics
iter05b_arm2,0,gb_eoh_2122r3,HP_Peak,anchor_only_XGBoost,peak,-,direct,none,pbin35-65,mae,11.013655280292127,8,43,q_arm2,physics
iter05b_arm2,0,gb_eoh_2122r3,HP_Peak,anchor_only_XGBoost,peak,-,direct,none,pbin35-65,mape,26.11022393816568,8,43,q_arm2,physics
iter05b_arm2,0,gb_eoh_2122r3,HP_Peak,anchor_only_XGBoost,peak,-,direct,none,pbin35-65,r2,0.49763994769824327,8,43,q_arm2,physics
iter05b_arm2,0,gb_eoh_2122r3,HP_Peak,anchor_only_XGBoost,peak,-,direct,none,pbin35-65,n_pred_nan,0.0,8,43,q_arm2,physics
iter05b_arm2,0,gb_eoh_2122r3,HP_Peak,anchor_only_XGBoost,peak,-,direct,none,pbin35-65,mape_n_excluded,0.0,8,43,q_arm2,physics
iter05b_arm2,0,gb_eoh_2122r3,HP_Peak,anchor_only_XGBoost,peak,-,direct,none,p0.1|n10,wape,98.89063361166895,16,15,q_arm2,physics
iter05b_arm2,0,gb_eoh_2122r3,HP_Peak,anchor_only_XGBoost,peak,-,direct,none,p0.1|n10,rmse,5.42445500688277,16,15,q_arm2,physics
iter05b_arm2,0,gb_eoh_2122r3,HP_Peak,anchor_only_XGBoost,peak,-,direct,none,p0.1|n10,mae,3.253405539378502,16,15,q_arm2,physics
iter05b_arm2,0,gb_eoh_2122r3,HP_Peak,anchor_only_XGBoost,peak,-,direct,none,p0.1|n10,mape,106.27034590170345,16,15,q_arm2,physics
iter05b_arm2,0,gb_eoh_2122r3,HP_Peak,anchor_only_XGBoost,peak,-,direct,none,p0.1|n10,r2,-45.0972388927902,16,15,q_arm2,physics
iter05b_arm2,0,gb_eoh_2122r3,HP_Peak,anchor_only_XGBoost,peak,-,direct,none,p0.1|n10,n_pred_nan,0.0,16,15,q_arm2,physics
iter05b_arm2,0,gb_eoh_2122r3,HP_Peak,anchor_only_XGBoost,peak,-,direct,none,p0.1|n10,mape_n_excluded,0.0,16,15,q_arm2,physics
iter05b_arm2,0,gb_eoh_2122r3,HP_Peak,anchor_only_XGBoost,peak,-,direct,none,p0.1|n40,wape,101.50306744453985,6,22,q_arm2,physics
iter05b_arm2,0,gb_eoh_2122r3,HP_Peak,anchor_only_XGBoost,peak,-,direct,none,p0.1|n40,rmse,16.139340947873944,6,22,q_arm2,physics
iter05b_arm2,0,gb_eoh_2122r3,HP_Peak,anchor_only_XGBoost,peak,-,direct,none,p0.1|n40,mae,12.404110973437596,6,22,q_arm2,physics
iter05b_arm2,0,gb_eoh_2122r3,HP_Peak,anchor_only_XGBoost,peak,-,direct,none,p0.1|n40,mape,103.24885108488027,6,22,q_arm2,physics
iter05b_arm2,0,gb_eoh_2122r3,HP_Peak,anchor_only_XGBoost,peak,-,direct,none,p0.1|n40,r2,-165.04366312839412,6,22,q_arm2,physics
iter05b_arm2,0,gb_eoh_2122r3,HP_Peak,anchor_only_XGBoost,peak,-,direct,none,p0.1|n40,n_pred_nan,0.0,6,22,q_arm2,physics
iter05b_arm2,0,gb_eoh_2122r3,HP_Peak,anchor_only_XGBoost,peak,-,direct,none,p0.1|n40,mape_n_excluded,0.0,6,22,q_arm2,physics
iter05b_arm2,0,gb_eoh_2122r3,HP_Peak,anchor_only_XGBoost,peak,-,direct,none,p0.5|n10,wape,19.845980330703966,6,24,q_arm2,physics
iter05b_arm2,0,gb_eoh_2122r3,HP_Peak,anchor_only_XGBoost,peak,-,direct,none,p0.5|n10,rmse,3.727693250535533,6,24,q_arm2,physics
iter05b_arm2,0,gb_eoh_2122r3,HP_Peak,anchor_only_XGBoost,peak,-,direct,none,p0.5|n10,mae,3.288972209811208,6,24,q_arm2,physics
iter05b_arm2,0,gb_eoh_2122r3,HP_Peak,anchor_only_XGBoost,peak,-,direct,none,p0.5|n10,mape,19.22378829462824,6,24,q_arm2,physics
iter05b_arm2,0,gb_eoh_2122r3,HP_Peak,anchor_only_XGBoost,peak,-,direct,none,p0.5|n10,r2,-2.151168700500055,6,24,q_arm2,physics
iter05b_arm2,0,gb_eoh_2122r3,HP_Peak,anchor_only_XGBoost,peak,-,direct,none,p0.5|n10,n_pred_nan,0.0,6,24,q_arm2,physics
iter05b_arm2,0,gb_eoh_2122r3,HP_Peak,anchor_only_XGBoost,peak,-,direct,none,p0.5|n10,mape_n_excluded,0.0,6,24,q_arm2,physics
iter05b_arm2,0,gb_eoh_2122r3,HP_Peak,anchor_only_XGBoost,peak,-,direct,none,p0.5|n40,wape,46.76953511558829,2,28,q_arm2,physics
iter05b_arm2,0,gb_eoh_2122r3,HP_Peak,anchor_only_XGBoost,peak,-,direct,none,p0.5|n40,rmse,34.18771072644641,2,28,q_arm2,physics
iter05b_arm2,0,gb_eoh_2122r3,HP_Peak,anchor_only_XGBoost,peak,-,direct,none,p0.5|n40,mae,34.187704491734884,2,28,q_arm2,physics
iter05b_arm2,0,gb_eoh_2122r3,HP_Peak,anchor_only_XGBoost,peak,-,direct,none,p0.5|n40,mape,46.76953086877802,2,28,q_arm2,physics
iter05b_arm2,0,gb_eoh_2122r3,HP_Peak,anchor_only_XGBoost,peak,-,direct,none,p0.5|n40,r2,-2741722.7889243485,2,28,q_arm2,physics
iter05b_arm2,0,gb_eoh_2122r3,HP_Peak,anchor_only_XGBoost,peak,-,direct,none,p0.5|n40,n_pred_nan,0.0,2,28,q_arm2,physics
iter05b_arm2,0,gb_eoh_2122r3,HP_Peak,anchor_only_XGBoost,peak,-,direct,none,p0.5|n40,mape_n_excluded,0.0,2,28,q_arm2,physics
iter05b_arm2,0,gb_eoh_2122r3,HP_Peak,anchor_only_XGBoost,size+peak,-,direct,none,all,wape,58.79129061908446,30,58,q_arm2,physics
iter05b_arm2,0,gb_eoh_2122r3,HP_Peak,anchor_only_XGBoost,size+peak,-,direct,none,all,rmse,12.205718448586683,30,58,q_arm2,physics
iter05b_arm2,0,gb_eoh_2122r3,HP_Peak,anchor_only_XGBoost,size+peak,-,direct,none,all,mae,7.282132297905296,30,58,q_arm2,physics
iter05b_arm2,0,gb_eoh_2122r3,HP_Peak,anchor_only_XGBoost,size+peak,-,direct,none,all,mape,86.16153350073338,30,58,q_arm2,physics
iter05b_arm2,0,gb_eoh_2122r3,HP_Peak,anchor_only_XGBoost,size+peak,-,direct,none,all,r2,0.49482376830032404,30,58,q_arm2,physics
iter05b_arm2,0,gb_eoh_2122r3,HP_Peak,anchor_only_XGBoost,size+peak,-,direct,none,all,n_pred_nan,0.0,30,58,q_arm2,physics
iter05b_arm2,0,gb_eoh_2122r3,HP_Peak,anchor_only_XGBoost,size+peak,-,direct,none,all,mape_n_excluded,0.0,30,58,q_arm2,physics
iter05b_arm2,0,gb_eoh_2122r3,HP_Peak,anchor_only_XGBoost,size+peak,-,direct,none,all,wape_train,45.573242947426515,30,58,q_arm2,physics
iter05b_arm2,0,gb_eoh_2122r3,HP_Peak,anchor_only_XGBoost,size+peak,-,direct,none,all,wape_inner,29.884131824955784,30,58,q_arm2,physics
iter05b_arm2,0,gb_eoh_2122r3,HP_Peak,anchor_only_XGBoost,size+peak,-,direct,none,all,n_train_sub,111.0,30,58,q_arm2,physics
iter05b_arm2,0,gb_eoh_2122r3,HP_Peak,anchor_only_XGBoost,size+peak,-,direct,none,all,n_inner_sub,90.0,30,58,q_arm2,physics
iter05b_arm2,0,gb_eoh_2122r3,HP_Peak,anchor_only_XGBoost,size+peak,-,direct,none,all,n_test_sub,30.0,30,58,q_arm2,physics
iter05b_arm2,0,gb_eoh_2122r3,HP_Peak,anchor_only_XGBoost,size+peak,-,direct,none,all,n_overlap_sub,0.0,30,58,q_arm2,physics
iter05b_arm2,0,gb_eoh_2122r3,HP_Peak,anchor_only_XGBoost,size+peak,-,direct,none,pbin<=15,wape,101.67890560549057,22,34,q_arm2,physics
iter05b_arm2,0,gb_eoh_2122r3,HP_Peak,anchor_only_XGBoost,size+peak,-,direct,none,pbin<=15,rmse,9.333238635271316,22,34,q_arm2,physics
iter05b_arm2,0,gb_eoh_2122r3,HP_Peak,anchor_only_XGBoost,size+peak,-,direct,none,pbin<=15,mae,5.821626657930264,22,34,q_arm2,physics
iter05b_arm2,0,gb_eoh_2122r3,HP_Peak,anchor_only_XGBoost,size+peak,-,direct,none,pbin<=15,mape,107.74500206382523,22,34,q_arm2,physics
iter05b_arm2,0,gb_eoh_2122r3,HP_Peak,anchor_only_XGBoost,size+peak,-,direct,none,pbin<=15,r2,-4.212661949638595,22,34,q_arm2,physics
iter05b_arm2,0,gb_eoh_2122r3,HP_Peak,anchor_only_XGBoost,size+peak,-,direct,none,pbin<=15,n_pred_nan,0.0,22,34,q_arm2,physics
iter05b_arm2,0,gb_eoh_2122r3,HP_Peak,anchor_only_XGBoost,size+peak,-,direct,none,pbin<=15,mape_n_excluded,0.0,22,34,q_arm2,physics
iter05b_arm2,0,gb_eoh_2122r3,HP_Peak,anchor_only_XGBoost,size+peak,-,direct,none,pbin35-65,wape,36.79830390473139,8,43,q_arm2,physics
iter05b_arm2,0,gb_eoh_2122r3,HP_Peak,anchor_only_XGBoost,size+peak,-,direct,none,pbin35-65,rmse,17.864004765452272,8,43,q_arm2,physics
iter05b_arm2,0,gb_eoh_2122r3,HP_Peak,anchor_only_XGBoost,size+peak,-,direct,none,pbin35-65,mae,11.298522807836637,8,43,q_arm2,physics
iter05b_arm2,0,gb_eoh_2122r3,HP_Peak,anchor_only_XGBoost,size+peak,-,direct,none,pbin35-65,mape,26.806994952230887,8,43,q_arm2,physics
iter05b_arm2,0,gb_eoh_2122r3,HP_Peak,anchor_only_XGBoost,size+peak,-,direct,none,pbin35-65,r2,0.47024784265707387,8,43,q_arm2,physics
iter05b_arm2,0,gb_eoh_2122r3,HP_Peak,anchor_only_XGBoost,size+peak,-,direct,none,pbin35-65,n_pred_nan,0.0,8,43,q_arm2,physics
iter05b_arm2,0,gb_eoh_2122r3,HP_Peak,anchor_only_XGBoost,size+peak,-,direct,none,pbin35-65,mape_n_excluded,0.0,8,43,q_arm2,physics
iter05b_arm2,0,gb_eoh_2122r3,HP_Peak,anchor_only_XGBoost,size+peak,-,direct,none,p0.1|n10,wape,100.88737222578436,16,15,q_arm2,physics
iter05b_arm2,0,gb_eoh_2122r3,HP_Peak,anchor_only_XGBoost,size+peak,-,direct,none,p0.1|n10,rmse,5.338288660417392,16,15,q_arm2,physics
iter05b_arm2,0,gb_eoh_2122r3,HP_Peak,anchor_only_XGBoost,size+peak,-,direct,none,p0.1|n10,mae,3.3190962952226184,16,15,q_arm2,physics
iter05b_arm2,0,gb_eoh_2122r3,HP_Peak,anchor_only_XGBoost,size+peak,-,direct,none,p0.1|n10,mape,109.29204919175235,16,15,q_arm2,physics
iter05b_arm2,0,gb_eoh_2122r3,HP_Peak,anchor_only_XGBoost,size+peak,-,direct,none,p0.1|n10,r2,-43.64438023341287,16,15,q_arm2,physics
iter05b_arm2,0,gb_eoh_2122r3,HP_Peak,anchor_only_XGBoost,size+peak,-,direct,none,p0.1|n10,n_pred_nan,0.0,16,15,q_arm2,physics
iter05b_arm2,0,gb_eoh_2122r3,HP_Peak,anchor_only_XGBoost,size+peak,-,direct,none,p0.1|n10,mape_n_excluded,0.0,16,15,q_arm2,physics
iter05b_arm2,0,gb_eoh_2122r3,HP_Peak,anchor_only_XGBoost,size+peak,-,direct,none,p0.1|n40,wape,102.24714917878579,6,22,q_arm2,physics
iter05b_arm2,0,gb_eoh_2122r3,HP_Peak,anchor_only_XGBoost,size+peak,-,direct,none,p0.1|n40,rmse,15.601540213246102,6,22,q_arm2,physics
iter05b_arm2,0,gb_eoh_2122r3,HP_Peak,anchor_only_XGBoost,size+peak,-,direct,none,p0.1|n40,mae,12.495040958483985,6,22,q_arm2,physics
iter05b_arm2,0,gb_eoh_2122r3,HP_Peak,anchor_only_XGBoost,size+peak,-,direct,none,p0.1|n40,mape,103.6195430560196,6,22,q_arm2,physics
iter05b_arm2,0,gb_eoh_2122r3,HP_Peak,anchor_only_XGBoost,size+peak,-,direct,none,p0.1|n40,r2,-154.16210507100183,6,22,q_arm2,physics
iter05b_arm2,0,gb_eoh_2122r3,HP_Peak,anchor_only_XGBoost,size+peak,-,direct,none,p0.1|n40,n_pred_nan,0.0,6,22,q_arm2,physics
iter05b_arm2,0,gb_eoh_2122r3,HP_Peak,anchor_only_XGBoost,size+peak,-,direct,none,p0.1|n40,mape_n_excluded,0.0,6,22,q_arm2,physics
iter05b_arm2,0,gb_eoh_2122r3,HP_Peak,anchor_only_XGBoost,size+peak,-,direct,none,p0.5|n10,wape,20.093497583818294,6,24,q_arm2,physics
iter05b_arm2,0,gb_eoh_2122r3,HP_Peak,anchor_only_XGBoost,size+peak,-,direct,none,p0.5|n10,rmse,3.519493491957891,6,24,q_arm2,physics
iter05b_arm2,0,gb_eoh_2122r3,HP_Peak,anchor_only_XGBoost,size+peak,-,direct,none,p0.5|n10,mae,3.329991970658314,6,24,q_arm2,physics
iter05b_arm2,0,gb_eoh_2122r3,HP_Peak,anchor_only_XGBoost,size+peak,-,direct,none,p0.5|n10,mape,19.689325453199512,6,24,q_arm2,physics
iter05b_arm2,0,gb_eoh_2122r3,HP_Peak,anchor_only_XGBoost,size+peak,-,direct,none,p0.5|n10,r2,-1.8089994384173975,6,24,q_arm2,physics
iter05b_arm2,0,gb_eoh_2122r3,HP_Peak,anchor_only_XGBoost,size+peak,-,direct,none,p0.5|n10,n_pred_nan,0.0,6,24,q_arm2,physics
iter05b_arm2,0,gb_eoh_2122r3,HP_Peak,anchor_only_XGBoost,size+peak,-,direct,none,p0.5|n10,mape_n_excluded,0.0,6,24,q_arm2,physics
iter05b_arm2,0,gb_eoh_2122r3,HP_Peak,anchor_only_XGBoost,size+peak,-,direct,none,p0.5|n40,wape,48.16000758520122,2,28,q_arm2,physics
iter05b_arm2,0,gb_eoh_2122r3,HP_Peak,anchor_only_XGBoost,size+peak,-,direct,none,p0.5|n40,rmse,35.204121374075,2,28,q_arm2,physics
iter05b_arm2,0,gb_eoh_2122r3,HP_Peak,anchor_only_XGBoost,size+peak,-,direct,none,p0.5|n40,mae,35.2041153193716,2,28,q_arm2,physics
iter05b_arm2,0,gb_eoh_2122r3,HP_Peak,anchor_only_XGBoost,size+peak,-,direct,none,p0.5|n40,mape,48.16000344932503,2,28,q_arm2,physics
iter05b_arm2,0,gb_eoh_2122r3,HP_Peak,anchor_only_XGBoost,size+peak,-,direct,none,p0.5|n40,r2,-2907170.6736554937,2,28,q_arm2,physics
iter05b_arm2,0,gb_eoh_2122r3,HP_Peak,anchor_only_XGBoost,size+peak,-,direct,none,p0.5|n40,n_pred_nan,0.0,2,28,q_arm2,physics
iter05b_arm2,0,gb_eoh_2122r3,HP_Peak,anchor_only_XGBoost,size+peak,-,direct,none,p0.5|n40,mape_n_excluded,0.0,2,28,q_arm2,physics
iter05b_arm2,0,gb_eoh_2122r3,HP_Peak,oracle_O1,none,-,-,-,all,wape,10.779625944082895,30,58,q_arm2,physics
iter05b_arm2,0,gb_eoh_2122r3,HP_Peak,oracle_O1,none,-,-,-,all,rmse,1.7862325578113332,30,58,q_arm2,physics
iter05b_arm2,0,gb_eoh_2122r3,HP_Peak,oracle_O1,none,-,-,-,all,mae,1.335209032156579,30,58,q_arm2,physics
iter05b_arm2,0,gb_eoh_2122r3,HP_Peak,oracle_O1,none,-,-,-,all,mape,15.248546224327061,30,58,q_arm2,physics
iter05b_arm2,0,gb_eoh_2122r3,HP_Peak,oracle_O1,none,-,-,-,all,r2,0.9891808730820003,30,58,q_arm2,physics
iter05b_arm2,0,gb_eoh_2122r3,HP_Peak,oracle_O1,none,-,-,-,all,n_pred_nan,0.0,30,58,q_arm2,physics
iter05b_arm2,0,gb_eoh_2122r3,HP_Peak,oracle_O1,none,-,-,-,all,mape_n_excluded,0.0,30,58,q_arm2,physics
iter05b_arm2,0,gb_eoh_2122r3,HP_Peak,oracle_O1,none,-,-,-,all,n_invalid,0.0,30,58,q_arm2,physics
iter05b_arm2,0,gb_eoh_2122r3,HP_Peak,oracle_O1,none,-,-,-,pbin<=15,wape,16.90060193883681,22,34,q_arm2,physics
iter05b_arm2,0,gb_eoh_2122r3,HP_Peak,oracle_O1,none,-,-,-,pbin<=15,rmse,1.2493017160322322,22,34,q_arm2,physics
iter05b_arm2,0,gb_eoh_2122r3,HP_Peak,oracle_O1,none,-,-,-,pbin<=15,mae,0.9676441165087379,22,34,q_arm2,physics
iter05b_arm2,0,gb_eoh_2122r3,HP_Peak,oracle_O1,none,-,-,-,pbin<=15,mape,16.93426700569024,22,34,q_arm2,physics
iter05b_arm2,0,gb_eoh_2122r3,HP_Peak,oracle_O1,none,-,-,-,pbin<=15,r2,0.9066037382139875,22,34,q_arm2,physics
iter05b_arm2,0,gb_eoh_2122r3,HP_Peak,oracle_O1,none,-,-,-,pbin<=15,n_pred_nan,0.0,22,34,q_arm2,physics
iter05b_arm2,0,gb_eoh_2122r3,HP_Peak,oracle_O1,none,-,-,-,pbin<=15,mape_n_excluded,0.0,22,34,q_arm2,physics
iter05b_arm2,0,gb_eoh_2122r3,HP_Peak,oracle_O1,none,-,-,-,pbin35-65,wape,7.640758376507351,8,43,q_arm2,physics
iter05b_arm2,0,gb_eoh_2122r3,HP_Peak,oracle_O1,none,-,-,-,pbin35-65,rmse,2.7699773782599015,8,43,q_arm2,physics
iter05b_arm2,0,gb_eoh_2122r3,HP_Peak,oracle_O1,none,-,-,-,pbin35-65,mae,2.3460125501881413,8,43,q_arm2,physics
iter05b_arm2,0,gb_eoh_2122r3,HP_Peak,oracle_O1,none,-,-,-,pbin35-65,mape,10.612814075578324,8,43,q_arm2,physics
iter05b_arm2,0,gb_eoh_2122r3,HP_Peak,oracle_O1,none,-,-,-,pbin35-65,r2,0.987262988915547,8,43,q_arm2,physics
iter05b_arm2,0,gb_eoh_2122r3,HP_Peak,oracle_O1,none,-,-,-,pbin35-65,n_pred_nan,0.0,8,43,q_arm2,physics
iter05b_arm2,0,gb_eoh_2122r3,HP_Peak,oracle_O1,none,-,-,-,pbin35-65,mape_n_excluded,0.0,8,43,q_arm2,physics
iter05b_arm2,0,gb_eoh_2122r3,HP_Peak,oracle_O1,none,-,-,-,p0.1|n10,wape,17.35340124087299,16,15,q_arm2,physics
iter05b_arm2,0,gb_eoh_2122r3,HP_Peak,oracle_O1,none,-,-,-,p0.1|n10,rmse,0.7528012584589162,16,15,q_arm2,physics
iter05b_arm2,0,gb_eoh_2122r3,HP_Peak,oracle_O1,none,-,-,-,p0.1|n10,mae,0.5709100008987307,16,15,q_arm2,physics
iter05b_arm2,0,gb_eoh_2122r3,HP_Peak,oracle_O1,none,-,-,-,p0.1|n10,mape,17.006788736787076,16,15,q_arm2,physics
iter05b_arm2,0,gb_eoh_2122r3,HP_Peak,oracle_O1,none,-,-,-,p0.1|n10,r2,0.11218319088346507,16,15,q_arm2,physics
iter05b_arm2,0,gb_eoh_2122r3,HP_Peak,oracle_O1,none,-,-,-,p0.1|n10,n_pred_nan,0.0,16,15,q_arm2,physics
iter05b_arm2,0,gb_eoh_2122r3,HP_Peak,oracle_O1,none,-,-,-,p0.1|n10,mape_n_excluded,0.0,16,15,q_arm2,physics
iter05b_arm2,0,gb_eoh_2122r3,HP_Peak,oracle_O1,none,-,-,-,p0.1|n40,wape,16.575536313088822,6,22,q_arm2,physics
iter05b_arm2,0,gb_eoh_2122r3,HP_Peak,oracle_O1,none,-,-,-,p0.1|n40,rmse,2.0522040733963127,6,22,q_arm2,physics
iter05b_arm2,0,gb_eoh_2122r3,HP_Peak,oracle_O1,none,-,-,-,p0.1|n40,mae,2.0256017581354238,6,22,q_arm2,physics
iter05b_arm2,0,gb_eoh_2122r3,HP_Peak,oracle_O1,none,-,-,-,p0.1|n40,mape,16.740875722765335,6,22,q_arm2,physics
iter05b_arm2,0,gb_eoh_2122r3,HP_Peak,oracle_O1,none,-,-,-,p0.1|n40,r2,-1.6846755273957843,6,22,q_arm2,physics
iter05b_arm2,0,gb_eoh_2122r3,HP_Peak,oracle_O1,none,-,-,-,p0.1|n40,n_pred_nan,0.0,6,22,q_arm2,physics
iter05b_arm2,0,gb_eoh_2122r3,HP_Peak,oracle_O1,none,-,-,-,p0.1|n40,mape_n_excluded,0.0,6,22,q_arm2,physics
iter05b_arm2,0,gb_eoh_2122r3,HP_Peak,oracle_O1,none,-,-,-,p0.5|n10,wape,11.9663171137688,6,24,q_arm2,physics
iter05b_arm2,0,gb_eoh_2122r3,HP_Peak,oracle_O1,none,-,-,-,p0.5|n10,rmse,2.357088225346328,6,24,q_arm2,physics
iter05b_arm2,0,gb_eoh_2122r3,HP_Peak,oracle_O1,none,-,-,-,p0.5|n10,mae,1.9831161668584505,6,24,q_arm2,physics
iter05b_arm2,0,gb_eoh_2122r3,HP_Peak,oracle_O1,none,-,-,-,p0.5|n10,mape,12.583977186596782,6,24,q_arm2,physics
iter05b_arm2,0,gb_eoh_2122r3,HP_Peak,oracle_O1,none,-,-,-,p0.5|n10,r2,-0.2599200760699263,6,24,q_arm2,physics
iter05b_arm2,0,gb_eoh_2122r3,HP_Peak,oracle_O1,none,-,-,-,p0.5|n10,n_pred_nan,0.0,6,24,q_arm2,physics
iter05b_arm2,0,gb_eoh_2122r3,HP_Peak,oracle_O1,none,-,-,-,p0.5|n10,mape_n_excluded,0.0,6,24,q_arm2,physics
iter05b_arm2,0,gb_eoh_2122r3,HP_Peak,oracle_O1,none,-,-,-,p0.5|n40,wape,4.698747814929917,2,28,q_arm2,physics
iter05b_arm2,0,gb_eoh_2122r3,HP_Peak,oracle_O1,none,-,-,-,p0.5|n40,rmse,3.7447969234776255,2,28,q_arm2,physics
iter05b_arm2,0,gb_eoh_2122r3,HP_Peak,oracle_O1,none,-,-,-,p0.5|n40,mae,3.4347017001772144,2,28,q_arm2,physics
iter05b_arm2,0,gb_eoh_2122r3,HP_Peak,oracle_O1,none,-,-,-,p0.5|n40,mape,4.69932474252295,2,28,q_arm2,physics
iter05b_arm2,0,gb_eoh_2122r3,HP_Peak,oracle_O1,none,-,-,-,p0.5|n40,r2,-32894.78100159678,2,28,q_arm2,physics
iter05b_arm2,0,gb_eoh_2122r3,HP_Peak,oracle_O1,none,-,-,-,p0.5|n40,n_pred_nan,0.0,2,28,q_arm2,physics
iter05b_arm2,0,gb_eoh_2122r3,HP_Peak,oracle_O1,none,-,-,-,p0.5|n40,mape_n_excluded,0.0,2,28,q_arm2,physics
iter05b_arm2,0,gb_eoh_2122r3,HP_Peak,oracle_O2,none,-,-,-,all,wape,0.0007651314184713145,30,58,q_arm2,physics
iter05b_arm2,0,gb_eoh_2122r3,HP_Peak,oracle_O2,none,-,-,-,all,rmse,0.0002966262328176756,30,58,q_arm2,physics
iter05b_arm2,0,gb_eoh_2122r3,HP_Peak,oracle_O2,none,-,-,-,all,mae,9.477234052731227e-05,30,58,q_arm2,physics
iter05b_arm2,0,gb_eoh_2122r3,HP_Peak,oracle_O2,none,-,-,-,all,mape,0.0024176977331961426,30,58,q_arm2,physics
iter05b_arm2,0,gb_eoh_2122r3,HP_Peak,oracle_O2,none,-,-,-,all,r2,0.9999999997016437,30,58,q_arm2,physics
iter05b_arm2,0,gb_eoh_2122r3,HP_Peak,oracle_O2,none,-,-,-,all,n_pred_nan,0.0,30,58,q_arm2,physics
iter05b_arm2,0,gb_eoh_2122r3,HP_Peak,oracle_O2,none,-,-,-,all,mape_n_excluded,0.0,30,58,q_arm2,physics
iter05b_arm2,0,gb_eoh_2122r3,HP_Peak,oracle_O2,none,-,-,-,all,n_invalid,0.0,30,58,q_arm2,physics
iter05b_arm2,0,gb_eoh_2122r3,HP_Peak,oracle_O2,none,-,-,-,pbin<=15,wape,0.002255804273586134,22,34,q_arm2,physics
iter05b_arm2,0,gb_eoh_2122r3,HP_Peak,oracle_O2,none,-,-,-,pbin<=15,rmse,0.0003463847567261588,22,34,q_arm2,physics
iter05b_arm2,0,gb_eoh_2122r3,HP_Peak,oracle_O2,none,-,-,-,pbin<=15,mae,0.0001291560940391643,22,34,q_arm2,physics
iter05b_arm2,0,gb_eoh_2122r3,HP_Peak,oracle_O2,none,-,-,-,pbin<=15,mape,0.0032966638398696105,22,34,q_arm2,physics
iter05b_arm2,0,gb_eoh_2122r3,HP_Peak,oracle_O2,none,-,-,-,pbin<=15,r2,0.9999999928201997,22,34,q_arm2,physics
iter05b_arm2,0,gb_eoh_2122r3,HP_Peak,oracle_O2,none,-,-,-,pbin<=15,n_pred_nan,0.0,22,34,q_arm2,physics
iter05b_arm2,0,gb_eoh_2122r3,HP_Peak,oracle_O2,none,-,-,-,pbin<=15,mape_n_excluded,0.0,22,34,q_arm2,physics
iter05b_arm2,0,gb_eoh_2122r3,HP_Peak,oracle_O2,none,-,-,-,pbin35-65,wape,7.068099129116191e-07,8,43,q_arm2,physics
iter05b_arm2,0,gb_eoh_2122r3,HP_Peak,oracle_O2,none,-,-,-,pbin35-65,rmse,3.291350200769467e-07,8,43,q_arm2,physics
iter05b_arm2,0,gb_eoh_2122r3,HP_Peak,oracle_O2,none,-,-,-,pbin35-65,mae,2.1701836971921296e-07,8,43,q_arm2,physics
iter05b_arm2,0,gb_eoh_2122r3,HP_Peak,oracle_O2,none,-,-,-,pbin35-65,mape,5.409398441046181e-07,8,43,q_arm2,physics
iter05b_arm2,0,gb_eoh_2122r3,HP_Peak,oracle_O2,none,-,-,-,pbin35-65,r2,0.9999999999999998,8,43,q_arm2,physics
iter05b_arm2,0,gb_eoh_2122r3,HP_Peak,oracle_O2,none,-,-,-,pbin35-65,n_pred_nan,0.0,8,43,q_arm2,physics
iter05b_arm2,0,gb_eoh_2122r3,HP_Peak,oracle_O2,none,-,-,-,pbin35-65,mape_n_excluded,0.0,8,43,q_arm2,physics
iter05b_arm2,0,gb_eoh_2122r3,HP_Peak,oracle_O2,none,-,-,-,p0.1|n10,wape,0.0035853498042366263,16,15,q_arm2,physics
iter05b_arm2,0,gb_eoh_2122r3,HP_Peak,oracle_O2,none,-,-,-,p0.1|n10,rmse,0.00032879228027840525,16,15,q_arm2,physics
iter05b_arm2,0,gb_eoh_2122r3,HP_Peak,oracle_O2,none,-,-,-,p0.1|n10,mae,0.00011795451690115033,16,15,q_arm2,physics
iter05b_arm2,0,gb_eoh_2122r3,HP_Peak,oracle_O2,none,-,-,-,p0.1|n10,mape,0.004110917454814111,16,15,q_arm2,physics
iter05b_arm2,0,gb_eoh_2122r3,HP_Peak,oracle_O2,none,-,-,-,p0.1|n10,r2,0.9999998306419225,16,15,q_arm2,physics
iter05b_arm2,0,gb_eoh_2122r3,HP_Peak,oracle_O2,none,-,-,-,p0.1|n10,n_pred_nan,0.0,16,15,q_arm2,physics
iter05b_arm2,0,gb_eoh_2122r3,HP_Peak,oracle_O2,none,-,-,-,p0.1|n10,mape_n_excluded,0.0,16,15,q_arm2,physics
iter05b_arm2,0,gb_eoh_2122r3,HP_Peak,oracle_O2,none,-,-,-,p0.1|n40,wape,0.0013013205808378333,6,22,q_arm2,physics
iter05b_arm2,0,gb_eoh_2122r3,HP_Peak,oracle_O2,none,-,-,-,p0.1|n40,rmse,0.0003894318460052865,6,22,q_arm2,physics
iter05b_arm2,0,gb_eoh_2122r3,HP_Peak,oracle_O2,none,-,-,-,p0.1|n40,mae,0.00015902696640720157,6,22,q_arm2,physics
iter05b_arm2,0,gb_eoh_2122r3,HP_Peak,oracle_O2,none,-,-,-,p0.1|n40,mape,0.0011253208666842747,6,22,q_arm2,physics
iter05b_arm2,0,gb_eoh_2122r3,HP_Peak,oracle_O2,none,-,-,-,p0.1|n40,r2,0.9999999033251203,6,22,q_arm2,physics
iter05b_arm2,0,gb_eoh_2122r3,HP_Peak,oracle_O2,none,-,-,-,p0.1|n40,n_pred_nan,0.0,6,22,q_arm2,physics
iter05b_arm2,0,gb_eoh_2122r3,HP_Peak,oracle_O2,none,-,-,-,p0.1|n40,mape_n_excluded,0.0,6,22,q_arm2,physics
iter05b_arm2,0,gb_eoh_2122r3,HP_Peak,oracle_O2,none,-,-,-,p0.5|n10,wape,4.86693368722123e-07,6,24,q_arm2,physics
iter05b_arm2,0,gb_eoh_2122r3,HP_Peak,oracle_O2,none,-,-,-,p0.5|n10,rmse,1.1734222647983202e-07,6,24,q_arm2,physics
iter05b_arm2,0,gb_eoh_2122r3,HP_Peak,oracle_O2,none,-,-,-,p0.5|n10,mae,8.065718789159367e-08,6,24,q_arm2,physics
iter05b_arm2,0,gb_eoh_2122r3,HP_Peak,oracle_O2,none,-,-,-,p0.5|n10,mape,4.3574564835762097e-07,6,24,q_arm2,physics
iter05b_arm2,0,gb_eoh_2122r3,HP_Peak,oracle_O2,none,-,-,-,p0.5|n10,r2,0.9999999999999969,6,24,q_arm2,physics
iter05b_arm2,0,gb_eoh_2122r3,HP_Peak,oracle_O2,none,-,-,-,p0.5|n10,n_pred_nan,0.0,6,24,q_arm2,physics
iter05b_arm2,0,gb_eoh_2122r3,HP_Peak,oracle_O2,none,-,-,-,p0.5|n10,mape_n_excluded,0.0,6,24,q_arm2,physics
iter05b_arm2,0,gb_eoh_2122r3,HP_Peak,oracle_O2,none,-,-,-,p0.5|n40,wape,8.565212536003866e-07,2,28,q_arm2,physics
iter05b_arm2,0,gb_eoh_2122r3,HP_Peak,oracle_O2,none,-,-,-,p0.5|n40,rmse,6.261084981203145e-07,2,28,q_arm2,physics
iter05b_arm2,0,gb_eoh_2122r3,HP_Peak,oracle_O2,none,-,-,-,p0.5|n40,mae,6.261019152020708e-07,2,28,q_arm2,physics
iter05b_arm2,0,gb_eoh_2122r3,HP_Peak,oracle_O2,none,-,-,-,p0.5|n40,mape,8.565224313456094e-07,2,28,q_arm2,physics
iter05b_arm2,0,gb_eoh_2122r3,HP_Peak,oracle_O2,none,-,-,-,p0.5|n40,r2,0.9999999990804341,2,28,q_arm2,physics
iter05b_arm2,0,gb_eoh_2122r3,HP_Peak,oracle_O2,none,-,-,-,p0.5|n40,n_pred_nan,0.0,2,28,q_arm2,physics
iter05b_arm2,0,gb_eoh_2122r3,HP_Peak,oracle_O2,none,-,-,-,p0.5|n40,mape_n_excluded,0.0,2,28,q_arm2,physics
iter05b_arm2,0,gb_eoh_2122r3,HP_Peak,oracle_floor,none,-,-,-,household,cv_peak_per_sh,1.9704470869299586,0,384,q_arm2,physics
iter05b_arm2,0,gb_eoh_2122r3,HP_Peak,oracle_floor,none,-,-,-,n_hp=1,cv_peak_per_sh,0.23567590040418868,16,-1,q_arm2,physics
iter05b_arm2,0,gb_eoh_2122r3,HP_Peak,oracle_floor,none,-,-,-,n_hp=4,cv_peak_per_sh,0.17343684420035674,6,-1,q_arm2,physics
iter05b_arm2,0,gb_eoh_2122r3,HP_Peak,oracle_floor,none,-,-,-,n_hp=5,cv_peak_per_sh,0.17773368269064047,6,-1,q_arm2,physics
iter05b_arm2,0,gb_eoh_2122r3,HP_Peak,oracle_floor,none,-,-,-,n_hp=20,cv_peak_per_sh,0.021432560122525344,2,-1,q_arm2,physics
iter05b_arm2,0,gb_eoh_2122r3,HP_Peak,Linear,size,netfit,direct,log,all,wape,26.473412680042603,30,58,q_arm2,linear
iter05b_arm2,0,gb_eoh_2122r3,HP_Peak,Linear,size,netfit,direct,log,all,rmse,6.167204248635299,30,58,q_arm2,linear
iter05b_arm2,0,gb_eoh_2122r3,HP_Peak,Linear,size,netfit,direct,log,all,mae,3.2791063350212264,30,58,q_arm2,linear
iter05b_arm2,0,gb_eoh_2122r3,HP_Peak,Linear,size,netfit,direct,log,all,mape,31.23012161922198,30,58,q_arm2,linear
iter05b_arm2,0,gb_eoh_2122r3,HP_Peak,Linear,size,netfit,direct,log,all,r2,0.8710287594838402,30,58,q_arm2,linear
iter05b_arm2,0,gb_eoh_2122r3,HP_Peak,Linear,size,netfit,direct,log,all,n_pred_nan,0.0,30,58,q_arm2,linear
iter05b_arm2,0,gb_eoh_2122r3,HP_Peak,Linear,size,netfit,direct,log,all,mape_n_excluded,0.0,30,58,q_arm2,linear
iter05b_arm2,0,gb_eoh_2122r3,HP_Peak,Linear,size,netfit,direct,log,all,wape_train,20.883462155444874,30,58,q_arm2,linear
iter05b_arm2,0,gb_eoh_2122r3,HP_Peak,Linear,size,netfit,direct,log,all,wape_inner,33.97354936938123,30,58,q_arm2,linear
iter05b_arm2,0,gb_eoh_2122r3,HP_Peak,Linear,size,netfit,direct,log,all,n_train_sub,111.0,30,58,q_arm2,linear
iter05b_arm2,0,gb_eoh_2122r3,HP_Peak,Linear,size,netfit,direct,log,all,n_inner_sub,90.0,30,58,q_arm2,linear
iter05b_arm2,0,gb_eoh_2122r3,HP_Peak,Linear,size,netfit,direct,log,all,n_test_sub,30.0,30,58,q_arm2,linear
iter05b_arm2,0,gb_eoh_2122r3,HP_Peak,Linear,size,netfit,direct,log,all,n_overlap_sub,0.0,30,58,q_arm2,linear
iter05b_arm2,0,gb_eoh_2122r3,HP_Peak,Linear,size,netfit,direct,log,pbin<=15,wape,34.209705234182756,22,34,q_arm2,linear
iter05b_arm2,0,gb_eoh_2122r3,HP_Peak,Linear,size,netfit,direct,log,pbin<=15,rmse,2.8995285266481066,22,34,q_arm2,linear
iter05b_arm2,0,gb_eoh_2122r3,HP_Peak,Linear,size,netfit,direct,log,pbin<=15,mae,1.9586769818704715,22,34,q_arm2,linear
iter05b_arm2,0,gb_eoh_2122r3,HP_Peak,Linear,size,netfit,direct,log,pbin<=15,mape,33.794062671119526,22,34,q_arm2,linear
iter05b_arm2,0,gb_eoh_2122r3,HP_Peak,Linear,size,netfit,direct,log,pbin<=15,r2,0.4969054733723669,22,34,q_arm2,linear
iter05b_arm2,0,gb_eoh_2122r3,HP_Peak,Linear,size,netfit,direct,log,pbin<=15,n_pred_nan,0.0,22,34,q_arm2,linear
iter05b_arm2,0,gb_eoh_2122r3,HP_Peak,Linear,size,netfit,direct,log,pbin<=15,mape_n_excluded,0.0,22,34,q_arm2,linear
iter05b_arm2,0,gb_eoh_2122r3,HP_Peak,Linear,size,netfit,direct,log,pbin35-65,wape,22.506202579516316,8,43,q_arm2,linear
iter05b_arm2,0,gb_eoh_2122r3,HP_Peak,Linear,size,netfit,direct,log,pbin35-65,rmse,10.932019498021301,8,43,q_arm2,linear
iter05b_arm2,0,gb_eoh_2122r3,HP_Peak,Linear,size,netfit,direct,log,pbin35-65,mae,6.910287056185803,8,43,q_arm2,linear
iter05b_arm2,0,gb_eoh_2122r3,HP_Peak,Linear,size,netfit,direct,log,pbin35-65,mape,24.17928372650375,8,43,q_arm2,linear
iter05b_arm2,0,gb_eoh_2122r3,HP_Peak,Linear,size,netfit,direct,log,pbin35-65,r2,0.8016117815663416,8,43,q_arm2,linear
iter05b_arm2,0,gb_eoh_2122r3,HP_Peak,Linear,size,netfit,direct,log,pbin35-65,n_pred_nan,0.0,8,43,q_arm2,linear
iter05b_arm2,0,gb_eoh_2122r3,HP_Peak,Linear,size,netfit,direct,log,pbin35-65,mape_n_excluded,0.0,8,43,q_arm2,linear
iter05b_arm2,0,gb_eoh_2122r3,HP_Peak,Linear,size,netfit,direct,log,p0.1|n10,wape,33.34412359060179,16,15,q_arm2,linear
iter05b_arm2,0,gb_eoh_2122r3,HP_Peak,Linear,size,netfit,direct,log,p0.1|n10,rmse,1.3483628926062312,16,15,q_arm2,linear
iter05b_arm2,0,gb_eoh_2122r3,HP_Peak,Linear,size,netfit,direct,log,p0.1|n10,mae,1.0969891933484845,16,15,q_arm2,linear
iter05b_arm2,0,gb_eoh_2122r3,HP_Peak,Linear,size,netfit,direct,log,p0.1|n10,mape,32.76343406619206,16,15,q_arm2,linear
iter05b_arm2,0,gb_eoh_2122r3,HP_Peak,Linear,size,netfit,direct,log,p0.1|n10,r2,-1.848237988836344,16,15,q_arm2,linear
iter05b_arm2,0,gb_eoh_2122r3,HP_Peak,Linear,size,netfit,direct,log,p0.1|n10,n_pred_nan,0.0,16,15,q_arm2,linear
iter05b_arm2,0,gb_eoh_2122r3,HP_Peak,Linear,size,netfit,direct,log,p0.1|n10,mape_n_excluded,0.0,16,15,q_arm2,linear
iter05b_arm2,0,gb_eoh_2122r3,HP_Peak,Linear,size,netfit,direct,log,p0.1|n40,wape,34.83110822076275,6,22,q_arm2,linear
iter05b_arm2,0,gb_eoh_2122r3,HP_Peak,Linear,size,netfit,direct,log,p0.1|n40,rmse,5.096903063758358,6,22,q_arm2,linear
iter05b_arm2,0,gb_eoh_2122r3,HP_Peak,Linear,size,netfit,direct,log,p0.1|n40,mae,4.256511084595768,6,22,q_arm2,linear
iter05b_arm2,0,gb_eoh_2122r3,HP_Peak,Linear,size,netfit,direct,log,p0.1|n40,mape,36.54240561759275,6,22,q_arm2,linear
iter05b_arm2,0,gb_eoh_2122r3,HP_Peak,Linear,size,netfit,direct,log,p0.1|n40,r2,-15.56011930509467,6,22,q_arm2,linear
iter05b_arm2,0,gb_eoh_2122r3,HP_Peak,Linear,size,netfit,direct,log,p0.1|n40,n_pred_nan,0.0,6,22,q_arm2,linear
iter05b_arm2,0,gb_eoh_2122r3,HP_Peak,Linear,size,netfit,direct,log,p0.1|n40,mape_n_excluded,0.0,6,22,q_arm2,linear
iter05b_arm2,0,gb_eoh_2122r3,HP_Peak,Linear,size,netfit,direct,log,p0.5|n10,wape,26.919516358195107,6,24,q_arm2,linear
iter05b_arm2,0,gb_eoh_2122r3,HP_Peak,Linear,size,netfit,direct,log,p0.5|n10,rmse,5.061999680704536,6,24,q_arm2,linear
iter05b_arm2,0,gb_eoh_2122r3,HP_Peak,Linear,size,netfit,direct,log,p0.5|n10,mae,4.461232941296651,6,24,q_arm2,linear
iter05b_arm2,0,gb_eoh_2122r3,HP_Peak,Linear,size,netfit,direct,log,p0.5|n10,mape,25.735730615164638,6,24,q_arm2,linear
iter05b_arm2,0,gb_eoh_2122r3,HP_Peak,Linear,size,netfit,direct,log,p0.5|n10,r2,-4.81079489476535,6,24,q_arm2,linear
iter05b_arm2,0,gb_eoh_2122r3,HP_Peak,Linear,size,netfit,direct,log,p0.5|n10,n_pred_nan,0.0,6,24,q_arm2,linear
iter05b_arm2,0,gb_eoh_2122r3,HP_Peak,Linear,size,netfit,direct,log,p0.5|n10,mape_n_excluded,0.0,6,24,q_arm2,linear
iter05b_arm2,0,gb_eoh_2122r3,HP_Peak,Linear,size,netfit,direct,log,p0.5|n40,wape,19.504505796027832,2,28,q_arm2,linear
iter05b_arm2,0,gb_eoh_2122r3,HP_Peak,Linear,size,netfit,direct,log,p0.5|n40,rmse,20.029095808800584,2,28,q_arm2,linear
iter05b_arm2,0,gb_eoh_2122r3,HP_Peak,Linear,size,netfit,direct,log,p0.5|n40,mae,14.257449400853261,2,28,q_arm2,linear
iter05b_arm2,0,gb_eoh_2122r3,HP_Peak,Linear,size,netfit,direct,log,p0.5|n40,mape,19.509943060521085,2,28,q_arm2,linear
iter05b_arm2,0,gb_eoh_2122r3,HP_Peak,Linear,size,netfit,direct,log,p0.5|n40,r2,-941035.2363832804,2,28,q_arm2,linear
iter05b_arm2,0,gb_eoh_2122r3,HP_Peak,Linear,size,netfit,direct,log,p0.5|n40,n_pred_nan,0.0,2,28,q_arm2,linear
iter05b_arm2,0,gb_eoh_2122r3,HP_Peak,Linear,size,netfit,direct,log,p0.5|n40,mape_n_excluded,0.0,2,28,q_arm2,linear
iter05b_arm2,0,gb_eoh_2122r3,HP_Peak,Ridge,size,netfit,direct,log,all,wape,25.32775093670728,30,58,q_arm2,linear
iter05b_arm2,0,gb_eoh_2122r3,HP_Peak,Ridge,size,netfit,direct,log,all,rmse,5.0147387513581,30,58,q_arm2,linear
iter05b_arm2,0,gb_eoh_2122r3,HP_Peak,Ridge,size,netfit,direct,log,all,mae,3.1371999353527618,30,58,q_arm2,linear
iter05b_arm2,0,gb_eoh_2122r3,HP_Peak,Ridge,size,netfit,direct,log,all,mape,34.709678187498824,30,58,q_arm2,linear
iter05b_arm2,0,gb_eoh_2122r3,HP_Peak,Ridge,size,netfit,direct,log,all,r2,0.9147267453445767,30,58,q_arm2,linear
iter05b_arm2,0,gb_eoh_2122r3,HP_Peak,Ridge,size,netfit,direct,log,all,n_pred_nan,0.0,30,58,q_arm2,linear
iter05b_arm2,0,gb_eoh_2122r3,HP_Peak,Ridge,size,netfit,direct,log,all,mape_n_excluded,0.0,30,58,q_arm2,linear
iter05b_arm2,0,gb_eoh_2122r3,HP_Peak,Ridge,size,netfit,direct,log,all,wape_train,25.068878740972128,30,58,q_arm2,linear
iter05b_arm2,0,gb_eoh_2122r3,HP_Peak,Ridge,size,netfit,direct,log,all,wape_inner,29.27902419787767,30,58,q_arm2,linear
iter05b_arm2,0,gb_eoh_2122r3,HP_Peak,Ridge,size,netfit,direct,log,all,n_train_sub,111.0,30,58,q_arm2,linear
iter05b_arm2,0,gb_eoh_2122r3,HP_Peak,Ridge,size,netfit,direct,log,all,n_inner_sub,90.0,30,58,q_arm2,linear
iter05b_arm2,0,gb_eoh_2122r3,HP_Peak,Ridge,size,netfit,direct,log,all,n_test_sub,30.0,30,58,q_arm2,linear
iter05b_arm2,0,gb_eoh_2122r3,HP_Peak,Ridge,size,netfit,direct,log,all,n_overlap_sub,0.0,30,58,q_arm2,linear
iter05b_arm2,0,gb_eoh_2122r3,HP_Peak,Ridge,size,netfit,direct,log,pbin<=15,wape,34.36268852647462,22,34,q_arm2,linear
iter05b_arm2,0,gb_eoh_2122r3,HP_Peak,Ridge,size,netfit,direct,log,pbin<=15,rmse,3.303250014344381,22,34,q_arm2,linear
iter05b_arm2,0,gb_eoh_2122r3,HP_Peak,Ridge,size,netfit,direct,log,pbin<=15,mae,1.9674360416510692,22,34,q_arm2,linear
iter05b_arm2,0,gb_eoh_2122r3,HP_Peak,Ridge,size,netfit,direct,log,pbin<=15,mape,38.346036678880154,22,34,q_arm2,linear
iter05b_arm2,0,gb_eoh_2122r3,HP_Peak,Ridge,size,netfit,direct,log,pbin<=15,r2,0.34705332920528575,22,34,q_arm2,linear
iter05b_arm2,0,gb_eoh_2122r3,HP_Peak,Ridge,size,netfit,direct,log,pbin<=15,n_pred_nan,0.0,22,34,q_arm2,linear
iter05b_arm2,0,gb_eoh_2122r3,HP_Peak,Ridge,size,netfit,direct,log,pbin<=15,mape_n_excluded,0.0,22,34,q_arm2,linear
iter05b_arm2,0,gb_eoh_2122r3,HP_Peak,Ridge,size,netfit,direct,log,pbin35-65,wape,20.69458906842095,8,43,q_arm2,linear
iter05b_arm2,0,gb_eoh_2122r3,HP_Peak,Ridge,size,netfit,direct,log,pbin35-65,rmse,8.01854107577652,8,43,q_arm2,linear
iter05b_arm2,0,gb_eoh_2122r3,HP_Peak,Ridge,size,netfit,direct,log,pbin35-65,mae,6.3540506430324175,8,43,q_arm2,linear
iter05b_arm2,0,gb_eoh_2122r3,HP_Peak,Ridge,size,netfit,direct,log,pbin35-65,mape,24.709692336200106,8,43,q_arm2,linear
iter05b_arm2,0,gb_eoh_2122r3,HP_Peak,Ridge,size,netfit,direct,log,pbin35-65,r2,0.8932652594656266,8,43,q_arm2,linear
iter05b_arm2,0,gb_eoh_2122r3,HP_Peak,Ridge,size,netfit,direct,log,pbin35-65,n_pred_nan,0.0,8,43,q_arm2,linear
iter05b_arm2,0,gb_eoh_2122r3,HP_Peak,Ridge,size,netfit,direct,log,pbin35-65,mape_n_excluded,0.0,8,43,q_arm2,linear
iter05b_arm2,0,gb_eoh_2122r3,HP_Peak,Ridge,size,netfit,direct,log,p0.1|n10,wape,39.02186422829073,16,15,q_arm2,linear
iter05b_arm2,0,gb_eoh_2122r3,HP_Peak,Ridge,size,netfit,direct,log,p0.1|n10,rmse,1.4945177033448012,16,15,q_arm2,linear
iter05b_arm2,0,gb_eoh_2122r3,HP_Peak,Ridge,size,netfit,direct,log,p0.1|n10,mae,1.283781330957278,16,15,q_arm2,linear
iter05b_arm2,0,gb_eoh_2122r3,HP_Peak,Ridge,size,netfit,direct,log,p0.1|n10,mape,40.35738064612377,16,15,q_arm2,linear
iter05b_arm2,0,gb_eoh_2122r3,HP_Peak,Ridge,size,netfit,direct,log,p0.1|n10,r2,-2.499168193940267,16,15,q_arm2,linear
iter05b_arm2,0,gb_eoh_2122r3,HP_Peak,Ridge,size,netfit,direct,log,p0.1|n10,n_pred_nan,0.0,16,15,q_arm2,linear
iter05b_arm2,0,gb_eoh_2122r3,HP_Peak,Ridge,size,netfit,direct,log,p0.1|n10,mape_n_excluded,0.0,16,15,q_arm2,linear
iter05b_arm2,0,gb_eoh_2122r3,HP_Peak,Ridge,size,netfit,direct,log,p0.1|n40,wape,31.017855930289066,6,22,q_arm2,linear
iter05b_arm2,0,gb_eoh_2122r3,HP_Peak,Ridge,size,netfit,direct,log,p0.1|n40,rmse,5.835449194507638,6,22,q_arm2,linear
iter05b_arm2,0,gb_eoh_2122r3,HP_Peak,Ridge,size,netfit,direct,log,p0.1|n40,mae,3.790515270167846,6,22,q_arm2,linear
iter05b_arm2,0,gb_eoh_2122r3,HP_Peak,Ridge,size,netfit,direct,log,p0.1|n40,mape,32.982452766230516,6,22,q_arm2,linear
iter05b_arm2,0,gb_eoh_2122r3,HP_Peak,Ridge,size,netfit,direct,log,p0.1|n40,r2,-20.70697459220017,6,22,q_arm2,linear
iter05b_arm2,0,gb_eoh_2122r3,HP_Peak,Ridge,size,netfit,direct,log,p0.1|n40,n_pred_nan,0.0,6,22,q_arm2,linear
iter05b_arm2,0,gb_eoh_2122r3,HP_Peak,Ridge,size,netfit,direct,log,p0.1|n40,mape_n_excluded,0.0,6,22,q_arm2,linear
iter05b_arm2,0,gb_eoh_2122r3,HP_Peak,Ridge,size,netfit,direct,log,p0.5|n10,wape,28.050138350400516,6,24,q_arm2,linear
iter05b_arm2,0,gb_eoh_2122r3,HP_Peak,Ridge,size,netfit,direct,log,p0.5|n10,rmse,5.156923526954931,6,24,q_arm2,linear
iter05b_arm2,0,gb_eoh_2122r3,HP_Peak,Ridge,size,netfit,direct,log,p0.5|n10,mae,4.648605106853617,6,24,q_arm2,linear
iter05b_arm2,0,gb_eoh_2122r3,HP_Peak,Ridge,size,netfit,direct,log,p0.5|n10,mape,27.716546991815292,6,24,q_arm2,linear
iter05b_arm2,0,gb_eoh_2122r3,HP_Peak,Ridge,size,netfit,direct,log,p0.5|n10,r2,-5.030769112639114,6,24,q_arm2,linear
iter05b_arm2,0,gb_eoh_2122r3,HP_Peak,Ridge,size,netfit,direct,log,p0.5|n10,n_pred_nan,0.0,6,24,q_arm2,linear
iter05b_arm2,0,gb_eoh_2122r3,HP_Peak,Ridge,size,netfit,direct,log,p0.5|n10,mape_n_excluded,0.0,6,24,q_arm2,linear
iter05b_arm2,0,gb_eoh_2122r3,HP_Peak,Ridge,size,netfit,direct,log,p0.5|n40,wape,15.691743196193183,2,28,q_arm2,linear
iter05b_arm2,0,gb_eoh_2122r3,HP_Peak,Ridge,size,netfit,direct,log,p0.5|n40,rmse,13.319400254781643,2,28,q_arm2,linear
iter05b_arm2,0,gb_eoh_2122r3,HP_Peak,Ridge,size,netfit,direct,log,p0.5|n40,mae,11.470387251568816,2,28,q_arm2,linear
iter05b_arm2,0,gb_eoh_2122r3,HP_Peak,Ridge,size,netfit,direct,log,p0.5|n40,mape,15.68912836935454,2,28,q_arm2,linear
iter05b_arm2,0,gb_eoh_2122r3,HP_Peak,Ridge,size,netfit,direct,log,p0.5|n40,r2,-416151.9703930459,2,28,q_arm2,linear
iter05b_arm2,0,gb_eoh_2122r3,HP_Peak,Ridge,size,netfit,direct,log,p0.5|n40,n_pred_nan,0.0,2,28,q_arm2,linear
iter05b_arm2,0,gb_eoh_2122r3,HP_Peak,Ridge,size,netfit,direct,log,p0.5|n40,mape_n_excluded,0.0,2,28,q_arm2,linear
iter05b_arm2,0,gb_eoh_2122r3,HP_Peak,Lasso,size,netfit,direct,log,all,wape,25.378726861925667,30,58,q_arm2,linear
iter05b_arm2,0,gb_eoh_2122r3,HP_Peak,Lasso,size,netfit,direct,log,all,rmse,4.993483642405961,30,58,q_arm2,linear
iter05b_arm2,0,gb_eoh_2122r3,HP_Peak,Lasso,size,netfit,direct,log,all,mae,3.143514024183598,30,58,q_arm2,linear
iter05b_arm2,0,gb_eoh_2122r3,HP_Peak,Lasso,size,netfit,direct,log,all,mape,36.930566053856865,30,58,q_arm2,linear
iter05b_arm2,0,gb_eoh_2122r3,HP_Peak,Lasso,size,netfit,direct,log,all,r2,0.9154480794992198,30,58,q_arm2,linear
iter05b_arm2,0,gb_eoh_2122r3,HP_Peak,Lasso,size,netfit,direct,log,all,n_pred_nan,0.0,30,58,q_arm2,linear
iter05b_arm2,0,gb_eoh_2122r3,HP_Peak,Lasso,size,netfit,direct,log,all,mape_n_excluded,0.0,30,58,q_arm2,linear
iter05b_arm2,0,gb_eoh_2122r3,HP_Peak,Lasso,size,netfit,direct,log,all,wape_train,24.74717142238107,30,58,q_arm2,linear
iter05b_arm2,0,gb_eoh_2122r3,HP_Peak,Lasso,size,netfit,direct,log,all,wape_inner,30.369770821304996,30,58,q_arm2,linear
iter05b_arm2,0,gb_eoh_2122r3,HP_Peak,Lasso,size,netfit,direct,log,all,n_train_sub,111.0,30,58,q_arm2,linear
iter05b_arm2,0,gb_eoh_2122r3,HP_Peak,Lasso,size,netfit,direct,log,all,n_inner_sub,90.0,30,58,q_arm2,linear
iter05b_arm2,0,gb_eoh_2122r3,HP_Peak,Lasso,size,netfit,direct,log,all,n_test_sub,30.0,30,58,q_arm2,linear
iter05b_arm2,0,gb_eoh_2122r3,HP_Peak,Lasso,size,netfit,direct,log,all,n_overlap_sub,0.0,30,58,q_arm2,linear
iter05b_arm2,0,gb_eoh_2122r3,HP_Peak,Lasso,size,netfit,direct,log,pbin<=15,wape,37.11968385800418,22,34,q_arm2,linear
iter05b_arm2,0,gb_eoh_2122r3,HP_Peak,Lasso,size,netfit,direct,log,pbin<=15,rmse,3.4185924062225115,22,34,q_arm2,linear
iter05b_arm2,0,gb_eoh_2122r3,HP_Peak,Lasso,size,netfit,direct,log,pbin<=15,mae,2.1252878342352237,22,34,q_arm2,linear
iter05b_arm2,0,gb_eoh_2122r3,HP_Peak,Lasso,size,netfit,direct,log,pbin<=15,mape,42.25730697958742,22,34,q_arm2,linear
iter05b_arm2,0,gb_eoh_2122r3,HP_Peak,Lasso,size,netfit,direct,log,pbin<=15,r2,0.300658230702627,22,34,q_arm2,linear
iter05b_arm2,0,gb_eoh_2122r3,HP_Peak,Lasso,size,netfit,direct,log,pbin<=15,n_pred_nan,0.0,22,34,q_arm2,linear
iter05b_arm2,0,gb_eoh_2122r3,HP_Peak,Lasso,size,netfit,direct,log,pbin<=15,mape_n_excluded,0.0,22,34,q_arm2,linear
iter05b_arm2,0,gb_eoh_2122r3,HP_Peak,Lasso,size,netfit,direct,log,pbin35-65,wape,19.357904503060716,8,43,q_arm2,linear
iter05b_arm2,0,gb_eoh_2122r3,HP_Peak,Lasso,size,netfit,direct,log,pbin35-65,rmse,7.8337198837132,8,43,q_arm2,linear
iter05b_arm2,0,gb_eoh_2122r3,HP_Peak,Lasso,size,netfit,direct,log,pbin35-65,mae,5.943636046541627,8,43,q_arm2,linear
iter05b_arm2,0,gb_eoh_2122r3,HP_Peak,Lasso,size,netfit,direct,log,pbin35-65,mape,22.282028508097845,8,43,q_arm2,linear
iter05b_arm2,0,gb_eoh_2122r3,HP_Peak,Lasso,size,netfit,direct,log,pbin35-65,r2,0.898128861845058,8,43,q_arm2,linear
iter05b_arm2,0,gb_eoh_2122r3,HP_Peak,Lasso,size,netfit,direct,log,pbin35-65,n_pred_nan,0.0,8,43,q_arm2,linear
iter05b_arm2,0,gb_eoh_2122r3,HP_Peak,Lasso,size,netfit,direct,log,pbin35-65,mape_n_excluded,0.0,8,43,q_arm2,linear
iter05b_arm2,0,gb_eoh_2122r3,HP_Peak,Lasso,size,netfit,direct,log,p0.1|n10,wape,43.43500458817666,16,15,q_arm2,linear
iter05b_arm2,0,gb_eoh_2122r3,HP_Peak,Lasso,size,netfit,direct,log,p0.1|n10,rmse,1.630671256165741,16,15,q_arm2,linear
iter05b_arm2,0,gb_eoh_2122r3,HP_Peak,Lasso,size,netfit,direct,log,p0.1|n10,mae,1.428969350980375,16,15,q_arm2,linear
iter05b_arm2,0,gb_eoh_2122r3,HP_Peak,Lasso,size,netfit,direct,log,p0.1|n10,mape,45.15085081547583,16,15,q_arm2,linear
iter05b_arm2,0,gb_eoh_2122r3,HP_Peak,Lasso,size,netfit,direct,log,p0.1|n10,r2,-3.165772247491242,16,15,q_arm2,linear
iter05b_arm2,0,gb_eoh_2122r3,HP_Peak,Lasso,size,netfit,direct,log,p0.1|n10,n_pred_nan,0.0,16,15,q_arm2,linear
iter05b_arm2,0,gb_eoh_2122r3,HP_Peak,Lasso,size,netfit,direct,log,p0.1|n10,mape_n_excluded,0.0,16,15,q_arm2,linear
iter05b_arm2,0,gb_eoh_2122r3,HP_Peak,Lasso,size,netfit,direct,log,p0.1|n40,wape,32.58590106346105,6,22,q_arm2,linear
iter05b_arm2,0,gb_eoh_2122r3,HP_Peak,Lasso,size,netfit,direct,log,p0.1|n40,rmse,5.980016847056067,6,22,q_arm2,linear
iter05b_arm2,0,gb_eoh_2122r3,HP_Peak,Lasso,size,netfit,direct,log,p0.1|n40,mae,3.9821371229148226,6,22,q_arm2,linear
iter05b_arm2,0,gb_eoh_2122r3,HP_Peak,Lasso,size,netfit,direct,log,p0.1|n40,mape,34.541190083884985,6,22,q_arm2,linear
iter05b_arm2,0,gb_eoh_2122r3,HP_Peak,Lasso,size,netfit,direct,log,p0.1|n40,r2,-21.795836233877054,6,22,q_arm2,linear
iter05b_arm2,0,gb_eoh_2122r3,HP_Peak,Lasso,size,netfit,direct,log,p0.1|n40,n_pred_nan,0.0,6,22,q_arm2,linear
iter05b_arm2,0,gb_eoh_2122r3,HP_Peak,Lasso,size,netfit,direct,log,p0.1|n40,mape_n_excluded,0.0,6,22,q_arm2,linear
iter05b_arm2,0,gb_eoh_2122r3,HP_Peak,Lasso,size,netfit,direct,log,p0.5|n10,wape,24.7825761751005,6,24,q_arm2,linear
iter05b_arm2,0,gb_eoh_2122r3,HP_Peak,Lasso,size,netfit,direct,log,p0.5|n10,rmse,4.639159631085649,6,24,q_arm2,linear
iter05b_arm2,0,gb_eoh_2122r3,HP_Peak,Lasso,size,netfit,direct,log,p0.5|n10,mae,4.107088839614084,6,24,q_arm2,linear
iter05b_arm2,0,gb_eoh_2122r3,HP_Peak,Lasso,size,netfit,direct,log,p0.5|n10,mape,24.4875002256073,6,24,q_arm2,linear
iter05b_arm2,0,gb_eoh_2122r3,HP_Peak,Lasso,size,netfit,direct,log,p0.5|n10,r2,-3.8805633317516293,6,24,q_arm2,linear
iter05b_arm2,0,gb_eoh_2122r3,HP_Peak,Lasso,size,netfit,direct,log,p0.5|n10,n_pred_nan,0.0,6,24,q_arm2,linear
iter05b_arm2,0,gb_eoh_2122r3,HP_Peak,Lasso,size,netfit,direct,log,p0.5|n10,mape_n_excluded,0.0,6,24,q_arm2,linear
iter05b_arm2,0,gb_eoh_2122r3,HP_Peak,Lasso,size,netfit,direct,log,p0.5|n40,wape,15.668336906913579,2,28,q_arm2,linear
iter05b_arm2,0,gb_eoh_2122r3,HP_Peak,Lasso,size,netfit,direct,log,p0.5|n40,rmse,13.45002835007607,2,28,q_arm2,linear
iter05b_arm2,0,gb_eoh_2122r3,HP_Peak,Lasso,size,netfit,direct,log,p0.5|n40,mae,11.453277667324254,2,28,q_arm2,linear
iter05b_arm2,0,gb_eoh_2122r3,HP_Peak,Lasso,size,netfit,direct,log,p0.5|n40,mape,15.665613355569462,2,28,q_arm2,linear
iter05b_arm2,0,gb_eoh_2122r3,HP_Peak,Lasso,size,netfit,direct,log,p0.5|n40,r2,-424354.71811173065,2,28,q_arm2,linear
iter05b_arm2,0,gb_eoh_2122r3,HP_Peak,Lasso,size,netfit,direct,log,p0.5|n40,n_pred_nan,0.0,2,28,q_arm2,linear
iter05b_arm2,0,gb_eoh_2122r3,HP_Peak,Lasso,size,netfit,direct,log,p0.5|n40,mape_n_excluded,0.0,2,28,q_arm2,linear
iter05b_arm2,0,gb_eoh_2122r3,HP_Peak,ElasticNet,size,netfit,direct,log,all,wape,23.13138249792691,30,58,q_arm2,linear
iter05b_arm2,0,gb_eoh_2122r3,HP_Peak,ElasticNet,size,netfit,direct,log,all,rmse,4.599110713885759,30,58,q_arm2,linear
iter05b_arm2,0,gb_eoh_2122r3,HP_Peak,ElasticNet,size,netfit,direct,log,all,mae,2.8651486607894783,30,58,q_arm2,linear
iter05b_arm2,0,gb_eoh_2122r3,HP_Peak,ElasticNet,size,netfit,direct,log,all,mape,33.02997794522919,30,58,q_arm2,linear
iter05b_arm2,0,gb_eoh_2122r3,HP_Peak,ElasticNet,size,netfit,direct,log,all,r2,0.9282760924181768,30,58,q_arm2,linear
iter05b_arm2,0,gb_eoh_2122r3,HP_Peak,ElasticNet,size,netfit,direct,log,all,n_pred_nan,0.0,30,58,q_arm2,linear
iter05b_arm2,0,gb_eoh_2122r3,HP_Peak,ElasticNet,size,netfit,direct,log,all,mape_n_excluded,0.0,30,58,q_arm2,linear
iter05b_arm2,0,gb_eoh_2122r3,HP_Peak,ElasticNet,size,netfit,direct,log,all,wape_train,23.702421148271576,30,58,q_arm2,linear
iter05b_arm2,0,gb_eoh_2122r3,HP_Peak,ElasticNet,size,netfit,direct,log,all,wape_inner,30.568646418141256,30,58,q_arm2,linear
iter05b_arm2,0,gb_eoh_2122r3,HP_Peak,ElasticNet,size,netfit,direct,log,all,n_train_sub,111.0,30,58,q_arm2,linear
iter05b_arm2,0,gb_eoh_2122r3,HP_Peak,ElasticNet,size,netfit,direct,log,all,n_inner_sub,90.0,30,58,q_arm2,linear
iter05b_arm2,0,gb_eoh_2122r3,HP_Peak,ElasticNet,size,netfit,direct,log,all,n_test_sub,30.0,30,58,q_arm2,linear
iter05b_arm2,0,gb_eoh_2122r3,HP_Peak,ElasticNet,size,netfit,direct,log,all,n_overlap_sub,0.0,30,58,q_arm2,linear
iter05b_arm2,0,gb_eoh_2122r3,HP_Peak,ElasticNet,size,netfit,direct,log,pbin<=15,wape,35.13605074760651,22,34,q_arm2,linear
iter05b_arm2,0,gb_eoh_2122r3,HP_Peak,ElasticNet,size,netfit,direct,log,pbin<=15,rmse,3.274426110974994,22,34,q_arm2,linear
iter05b_arm2,0,gb_eoh_2122r3,HP_Peak,ElasticNet,size,netfit,direct,log,pbin<=15,mae,2.0117149026003207,22,34,q_arm2,linear
iter05b_arm2,0,gb_eoh_2122r3,HP_Peak,ElasticNet,size,netfit,direct,log,pbin<=15,mape,37.78779654450007,22,34,q_arm2,linear
iter05b_arm2,0,gb_eoh_2122r3,HP_Peak,ElasticNet,size,netfit,direct,log,pbin<=15,r2,0.35839873671290656,22,34,q_arm2,linear
iter05b_arm2,0,gb_eoh_2122r3,HP_Peak,ElasticNet,size,netfit,direct,log,pbin<=15,n_pred_nan,0.0,22,34,q_arm2,linear
iter05b_arm2,0,gb_eoh_2122r3,HP_Peak,ElasticNet,size,netfit,direct,log,pbin<=15,mape_n_excluded,0.0,22,34,q_arm2,linear
iter05b_arm2,0,gb_eoh_2122r3,HP_Peak,ElasticNet,size,netfit,direct,log,pbin35-65,wape,16.975327669298544,8,43,q_arm2,linear
iter05b_arm2,0,gb_eoh_2122r3,HP_Peak,ElasticNet,size,netfit,direct,log,pbin35-65,rmse,7.059333546095172,8,43,q_arm2,linear
iter05b_arm2,0,gb_eoh_2122r3,HP_Peak,ElasticNet,size,netfit,direct,log,pbin35-65,mae,5.212091495809661,8,43,q_arm2,linear
iter05b_arm2,0,gb_eoh_2122r3,HP_Peak,ElasticNet,size,netfit,direct,log,pbin35-65,mape,19.94597679723427,8,43,q_arm2,linear
iter05b_arm2,0,gb_eoh_2122r3,HP_Peak,ElasticNet,size,netfit,direct,log,pbin35-65,r2,0.9172739121534079,8,43,q_arm2,linear
iter05b_arm2,0,gb_eoh_2122r3,HP_Peak,ElasticNet,size,netfit,direct,log,pbin35-65,n_pred_nan,0.0,8,43,q_arm2,linear
iter05b_arm2,0,gb_eoh_2122r3,HP_Peak,ElasticNet,size,netfit,direct,log,pbin35-65,mape_n_excluded,0.0,8,43,q_arm2,linear
iter05b_arm2,0,gb_eoh_2122r3,HP_Peak,ElasticNet,size,netfit,direct,log,p0.1|n10,wape,38.28541231538814,16,15,q_arm2,linear
iter05b_arm2,0,gb_eoh_2122r3,HP_Peak,ElasticNet,size,netfit,direct,log,p0.1|n10,rmse,1.489728289668625,16,15,q_arm2,linear
iter05b_arm2,0,gb_eoh_2122r3,HP_Peak,ElasticNet,size,netfit,direct,log,p0.1|n10,mae,1.259552780229897,16,15,q_arm2,linear
iter05b_arm2,0,gb_eoh_2122r3,HP_Peak,ElasticNet,size,netfit,direct,log,p0.1|n10,mape,38.94612246828121,16,15,q_arm2,linear
iter05b_arm2,0,gb_eoh_2122r3,HP_Peak,ElasticNet,size,netfit,direct,log,p0.1|n10,r2,-2.476776875835836,16,15,q_arm2,linear
iter05b_arm2,0,gb_eoh_2122r3,HP_Peak,ElasticNet,size,netfit,direct,log,p0.1|n10,n_pred_nan,0.0,16,15,q_arm2,linear
iter05b_arm2,0,gb_eoh_2122r3,HP_Peak,ElasticNet,size,netfit,direct,log,p0.1|n10,mape_n_excluded,0.0,16,15,q_arm2,linear
iter05b_arm2,0,gb_eoh_2122r3,HP_Peak,ElasticNet,size,netfit,direct,log,p0.1|n40,wape,32.87511707537263,6,22,q_arm2,linear
iter05b_arm2,0,gb_eoh_2122r3,HP_Peak,ElasticNet,size,netfit,direct,log,p0.1|n40,rmse,5.778875522171853,6,22,q_arm2,linear
iter05b_arm2,0,gb_eoh_2122r3,HP_Peak,ElasticNet,size,netfit,direct,log,p0.1|n40,mae,4.017480562254785,6,22,q_arm2,linear
iter05b_arm2,0,gb_eoh_2122r3,HP_Peak,ElasticNet,size,netfit,direct,log,p0.1|n40,mape,34.69892741441703,6,22,q_arm2,linear
iter05b_arm2,0,gb_eoh_2122r3,HP_Peak,ElasticNet,size,netfit,direct,log,p0.1|n40,r2,-20.2881240826586,6,22,q_arm2,linear
iter05b_arm2,0,gb_eoh_2122r3,HP_Peak,ElasticNet,size,netfit,direct,log,p0.1|n40,n_pred_nan,0.0,6,22,q_arm2,linear
iter05b_arm2,0,gb_eoh_2122r3,HP_Peak,ElasticNet,size,netfit,direct,log,p0.1|n40,mape_n_excluded,0.0,6,22,q_arm2,linear
iter05b_arm2,0,gb_eoh_2122r3,HP_Peak,ElasticNet,size,netfit,direct,log,p0.5|n10,wape,22.632857082699697,6,24,q_arm2,linear
iter05b_arm2,0,gb_eoh_2122r3,HP_Peak,ElasticNet,size,netfit,direct,log,p0.5|n10,rmse,4.406227945077358,6,24,q_arm2,linear
iter05b_arm2,0,gb_eoh_2122r3,HP_Peak,ElasticNet,size,netfit,direct,log,p0.5|n10,mae,3.750826955041511,6,24,q_arm2,linear
iter05b_arm2,0,gb_eoh_2122r3,HP_Peak,ElasticNet,size,netfit,direct,log,p0.5|n10,mape,22.219742811938666,6,24,q_arm2,linear
iter05b_arm2,0,gb_eoh_2122r3,HP_Peak,ElasticNet,size,netfit,direct,log,p0.5|n10,r2,-3.402762314689771,6,24,q_arm2,linear
iter05b_arm2,0,gb_eoh_2122r3,HP_Peak,ElasticNet,size,netfit,direct,log,p0.5|n10,n_pred_nan,0.0,6,24,q_arm2,linear
iter05b_arm2,0,gb_eoh_2122r3,HP_Peak,ElasticNet,size,netfit,direct,log,p0.5|n10,mape_n_excluded,0.0,6,24,q_arm2,linear
iter05b_arm2,0,gb_eoh_2122r3,HP_Peak,ElasticNet,size,netfit,direct,log,p0.5|n40,wape,13.12738286085538,2,28,q_arm2,linear
iter05b_arm2,0,gb_eoh_2122r3,HP_Peak,ElasticNet,size,netfit,direct,log,p0.5|n40,rmse,11.87822488203337,2,28,q_arm2,linear
iter05b_arm2,0,gb_eoh_2122r3,HP_Peak,ElasticNet,size,netfit,direct,log,p0.5|n40,mae,9.595885118114111,2,28,q_arm2,linear
iter05b_arm2,0,gb_eoh_2122r3,HP_Peak,ElasticNet,size,netfit,direct,log,p0.5|n40,mape,13.12467875312108,2,28,q_arm2,linear
iter05b_arm2,0,gb_eoh_2122r3,HP_Peak,ElasticNet,size,netfit,direct,log,p0.5|n40,r2,-330967.5638917111,2,28,q_arm2,linear
iter05b_arm2,0,gb_eoh_2122r3,HP_Peak,ElasticNet,size,netfit,direct,log,p0.5|n40,n_pred_nan,0.0,2,28,q_arm2,linear
iter05b_arm2,0,gb_eoh_2122r3,HP_Peak,ElasticNet,size,netfit,direct,log,p0.5|n40,mape_n_excluded,0.0,2,28,q_arm2,linear
iter05b_arm2,0,gb_eoh_2122r3,HP_Peak,PLS,size,netfit,direct,log,all,wape,23.981176822216163,30,58,q_arm2,linear
iter05b_arm2,0,gb_eoh_2122r3,HP_Peak,PLS,size,netfit,direct,log,all,rmse,4.514878851545698,30,58,q_arm2,linear
iter05b_arm2,0,gb_eoh_2122r3,HP_Peak,PLS,size,netfit,direct,log,all,mae,2.97040769882588,30,58,q_arm2,linear
iter05b_arm2,0,gb_eoh_2122r3,HP_Peak,PLS,size,netfit,direct,log,all,mape,33.02817922236878,30,58,q_arm2,linear
iter05b_arm2,0,gb_eoh_2122r3,HP_Peak,PLS,size,netfit,direct,log,all,r2,0.9308792541029188,30,58,q_arm2,linear
iter05b_arm2,0,gb_eoh_2122r3,HP_Peak,PLS,size,netfit,direct,log,all,n_pred_nan,0.0,30,58,q_arm2,linear
iter05b_arm2,0,gb_eoh_2122r3,HP_Peak,PLS,size,netfit,direct,log,all,mape_n_excluded,0.0,30,58,q_arm2,linear
iter05b_arm2,0,gb_eoh_2122r3,HP_Peak,PLS,size,netfit,direct,log,all,wape_train,22.29550468795239,30,58,q_arm2,linear
iter05b_arm2,0,gb_eoh_2122r3,HP_Peak,PLS,size,netfit,direct,log,all,wape_inner,33.14554507047922,30,58,q_arm2,linear
iter05b_arm2,0,gb_eoh_2122r3,HP_Peak,PLS,size,netfit,direct,log,all,n_train_sub,111.0,30,58,q_arm2,linear
iter05b_arm2,0,gb_eoh_2122r3,HP_Peak,PLS,size,netfit,direct,log,all,n_inner_sub,90.0,30,58,q_arm2,linear
iter05b_arm2,0,gb_eoh_2122r3,HP_Peak,PLS,size,netfit,direct,log,all,n_test_sub,30.0,30,58,q_arm2,linear
iter05b_arm2,0,gb_eoh_2122r3,HP_Peak,PLS,size,netfit,direct,log,all,n_overlap_sub,0.0,30,58,q_arm2,linear
iter05b_arm2,0,gb_eoh_2122r3,HP_Peak,PLS,size,netfit,direct,log,pbin<=15,wape,37.05961145068213,22,34,q_arm2,linear
iter05b_arm2,0,gb_eoh_2122r3,HP_Peak,PLS,size,netfit,direct,log,pbin<=15,rmse,3.090800370623293,22,34,q_arm2,linear
iter05b_arm2,0,gb_eoh_2122r3,HP_Peak,PLS,size,netfit,direct,log,pbin<=15,mae,2.121848388011944,22,34,q_arm2,linear
iter05b_arm2,0,gb_eoh_2122r3,HP_Peak,PLS,size,netfit,direct,log,pbin<=15,mape,38.884138672950705,22,34,q_arm2,linear
iter05b_arm2,0,gb_eoh_2122r3,HP_Peak,PLS,size,netfit,direct,log,pbin<=15,r2,0.42834141225466527,22,34,q_arm2,linear
iter05b_arm2,0,gb_eoh_2122r3,HP_Peak,PLS,size,netfit,direct,log,pbin<=15,n_pred_nan,0.0,22,34,q_arm2,linear
iter05b_arm2,0,gb_eoh_2122r3,HP_Peak,PLS,size,netfit,direct,log,pbin<=15,mape_n_excluded,0.0,22,34,q_arm2,linear
iter05b_arm2,0,gb_eoh_2122r3,HP_Peak,PLS,size,netfit,direct,log,pbin35-65,wape,17.274489142811348,8,43,q_arm2,linear
iter05b_arm2,0,gb_eoh_2122r3,HP_Peak,PLS,size,netfit,direct,log,pbin35-65,rmse,7.083051062581066,8,43,q_arm2,linear
iter05b_arm2,0,gb_eoh_2122r3,HP_Peak,PLS,size,netfit,direct,log,pbin35-65,mae,5.303945803564204,8,43,q_arm2,linear
iter05b_arm2,0,gb_eoh_2122r3,HP_Peak,PLS,size,netfit,direct,log,pbin35-65,mape,16.92429073326852,8,43,q_arm2,linear
iter05b_arm2,0,gb_eoh_2122r3,HP_Peak,PLS,size,netfit,direct,log,pbin35-65,r2,0.9167171022677316,8,43,q_arm2,linear
iter05b_arm2,0,gb_eoh_2122r3,HP_Peak,PLS,size,netfit,direct,log,pbin35-65,n_pred_nan,0.0,8,43,q_arm2,linear
iter05b_arm2,0,gb_eoh_2122r3,HP_Peak,PLS,size,netfit,direct,log,pbin35-65,mape_n_excluded,0.0,8,43,q_arm2,linear
iter05b_arm2,0,gb_eoh_2122r3,HP_Peak,PLS,size,netfit,direct,log,p0.1|n10,wape,39.47709628344028,16,15,q_arm2,linear
iter05b_arm2,0,gb_eoh_2122r3,HP_Peak,PLS,size,netfit,direct,log,p0.1|n10,rmse,1.573423961828872,16,15,q_arm2,linear
iter05b_arm2,0,gb_eoh_2122r3,HP_Peak,PLS,size,netfit,direct,log,p0.1|n10,mae,1.2987580222356667,16,15,q_arm2,linear
iter05b_arm2,0,gb_eoh_2122r3,HP_Peak,PLS,size,netfit,direct,log,p0.1|n10,mape,39.82889555755931,16,15,q_arm2,linear
iter05b_arm2,0,gb_eoh_2122r3,HP_Peak,PLS,size,netfit,direct,log,p0.1|n10,r2,-2.878414394735828,16,15,q_arm2,linear
iter05b_arm2,0,gb_eoh_2122r3,HP_Peak,PLS,size,netfit,direct,log,p0.1|n10,n_pred_nan,0.0,16,15,q_arm2,linear
iter05b_arm2,0,gb_eoh_2122r3,HP_Peak,PLS,size,netfit,direct,log,p0.1|n10,mape_n_excluded,0.0,16,15,q_arm2,linear
iter05b_arm2,0,gb_eoh_2122r3,HP_Peak,PLS,size,netfit,direct,log,p0.1|n40,wape,35.324093713876934,6,22,q_arm2,linear
iter05b_arm2,0,gb_eoh_2122r3,HP_Peak,PLS,size,netfit,direct,log,p0.1|n40,rmse,5.331610530044301,6,22,q_arm2,linear
iter05b_arm2,0,gb_eoh_2122r3,HP_Peak,PLS,size,netfit,direct,log,p0.1|n40,mae,4.316756030082015,6,22,q_arm2,linear
iter05b_arm2,0,gb_eoh_2122r3,HP_Peak,PLS,size,netfit,direct,log,p0.1|n40,mape,36.36478698066111,6,22,q_arm2,linear
iter05b_arm2,0,gb_eoh_2122r3,HP_Peak,PLS,size,netfit,direct,log,p0.1|n40,r2,-17.12039028191274,6,22,q_arm2,linear
iter05b_arm2,0,gb_eoh_2122r3,HP_Peak,PLS,size,netfit,direct,log,p0.1|n40,n_pred_nan,0.0,6,22,q_arm2,linear
iter05b_arm2,0,gb_eoh_2122r3,HP_Peak,PLS,size,netfit,direct,log,p0.1|n40,mape_n_excluded,0.0,6,22,q_arm2,linear
iter05b_arm2,0,gb_eoh_2122r3,HP_Peak,PLS,size,netfit,direct,log,p0.5|n10,wape,17.27419010216923,6,24,q_arm2,linear
iter05b_arm2,0,gb_eoh_2122r3,HP_Peak,PLS,size,netfit,direct,log,p0.5|n10,rmse,3.4361333201086266,6,24,q_arm2,linear
iter05b_arm2,0,gb_eoh_2122r3,HP_Peak,PLS,size,netfit,direct,log,p0.5|n10,mae,2.8627626474632883,6,24,q_arm2,linear
iter05b_arm2,0,gb_eoh_2122r3,HP_Peak,PLS,size,netfit,direct,log,p0.5|n10,mape,16.80779997126496,6,24,q_arm2,linear
iter05b_arm2,0,gb_eoh_2122r3,HP_Peak,PLS,size,netfit,direct,log,p0.5|n10,r2,-1.6775114160060016,6,24,q_arm2,linear
iter05b_arm2,0,gb_eoh_2122r3,HP_Peak,PLS,size,netfit,direct,log,p0.5|n10,n_pred_nan,0.0,6,24,q_arm2,linear
iter05b_arm2,0,gb_eoh_2122r3,HP_Peak,PLS,size,netfit,direct,log,p0.5|n10,mape_n_excluded,0.0,6,24,q_arm2,linear
iter05b_arm2,0,gb_eoh_2122r3,HP_Peak,PLS,size,netfit,direct,log,p0.5|n40,wape,17.274692534044917,2,28,q_arm2,linear
iter05b_arm2,0,gb_eoh_2122r3,HP_Peak,PLS,size,netfit,direct,log,p0.5|n40,rmse,12.855248455002371,2,28,q_arm2,linear
iter05b_arm2,0,gb_eoh_2122r3,HP_Peak,PLS,size,netfit,direct,log,p0.5|n40,mae,12.627495271866952,2,28,q_arm2,linear
iter05b_arm2,0,gb_eoh_2122r3,HP_Peak,PLS,size,netfit,direct,log,p0.5|n40,mape,17.27376301927921,2,28,q_arm2,linear
iter05b_arm2,0,gb_eoh_2122r3,HP_Peak,PLS,size,netfit,direct,log,p0.5|n40,r2,-387653.30254886835,2,28,q_arm2,linear
iter05b_arm2,0,gb_eoh_2122r3,HP_Peak,PLS,size,netfit,direct,log,p0.5|n40,n_pred_nan,0.0,2,28,q_arm2,linear
iter05b_arm2,0,gb_eoh_2122r3,HP_Peak,PLS,size,netfit,direct,log,p0.5|n40,mape_n_excluded,0.0,2,28,q_arm2,linear
iter05b_arm2,0,gb_eoh_2122r3,HP_Peak,Linear,size,netfit,residual,log,all,wape,22.54890574490723,30,58,q_arm2,linear
iter05b_arm2,0,gb_eoh_2122r3,HP_Peak,Linear,size,netfit,residual,log,all,rmse,3.6931193425965443,30,58,q_arm2,linear
iter05b_arm2,0,gb_eoh_2122r3,HP_Peak,Linear,size,netfit,residual,log,all,mae,2.793000682215136,30,58,q_arm2,linear
iter05b_arm2,0,gb_eoh_2122r3,HP_Peak,Linear,size,netfit,residual,log,all,mape,34.26191790028923,30,58,q_arm2,linear
iter05b_arm2,0,gb_eoh_2122r3,HP_Peak,Linear,size,netfit,residual,log,all,r2,0.9537509413557311,30,58,q_arm2,linear
iter05b_arm2,0,gb_eoh_2122r3,HP_Peak,Linear,size,netfit,residual,log,all,n_pred_nan,0.0,30,58,q_arm2,linear
iter05b_arm2,0,gb_eoh_2122r3,HP_Peak,Linear,size,netfit,residual,log,all,mape_n_excluded,0.0,30,58,q_arm2,linear
iter05b_arm2,0,gb_eoh_2122r3,HP_Peak,Linear,size,netfit,residual,log,all,n_invalid,0.0,30,58,q_arm2,linear
iter05b_arm2,0,gb_eoh_2122r3,HP_Peak,Linear,size,netfit,residual,log,all,n_resid_excluded_train,0.0,30,58,q_arm2,linear
iter05b_arm2,0,gb_eoh_2122r3,HP_Peak,Linear,size,netfit,residual,log,all,n_resid_excluded_inner,0.0,30,58,q_arm2,linear
iter05b_arm2,0,gb_eoh_2122r3,HP_Peak,Linear,size,netfit,residual,log,all,wape_train,20.25071440160355,30,58,q_arm2,linear
iter05b_arm2,0,gb_eoh_2122r3,HP_Peak,Linear,size,netfit,residual,log,all,wape_inner,31.30908497705696,30,58,q_arm2,linear
iter05b_arm2,0,gb_eoh_2122r3,HP_Peak,Linear,size,netfit,residual,log,all,n_train_sub,111.0,30,58,q_arm2,linear
iter05b_arm2,0,gb_eoh_2122r3,HP_Peak,Linear,size,netfit,residual,log,all,n_inner_sub,90.0,30,58,q_arm2,linear
iter05b_arm2,0,gb_eoh_2122r3,HP_Peak,Linear,size,netfit,residual,log,all,n_test_sub,30.0,30,58,q_arm2,linear
iter05b_arm2,0,gb_eoh_2122r3,HP_Peak,Linear,size,netfit,residual,log,all,n_overlap_sub,0.0,30,58,q_arm2,linear
iter05b_arm2,0,gb_eoh_2122r3,HP_Peak,Linear,size,netfit,residual,log,pbin<=15,wape,39.434771641816994,22,34,q_arm2,linear
iter05b_arm2,0,gb_eoh_2122r3,HP_Peak,Linear,size,netfit,residual,log,pbin<=15,rmse,3.0307214075620683,22,34,q_arm2,linear
iter05b_arm2,0,gb_eoh_2122r3,HP_Peak,Linear,size,netfit,residual,log,pbin<=15,mae,2.2578382061873548,22,34,q_arm2,linear
iter05b_arm2,0,gb_eoh_2122r3,HP_Peak,Linear,size,netfit,residual,log,pbin<=15,mape,40.5997248120668,22,34,q_arm2,linear
iter05b_arm2,0,gb_eoh_2122r3,HP_Peak,Linear,size,netfit,residual,log,pbin<=15,r2,0.4503492131318614,22,34,q_arm2,linear
iter05b_arm2,0,gb_eoh_2122r3,HP_Peak,Linear,size,netfit,residual,log,pbin<=15,n_pred_nan,0.0,22,34,q_arm2,linear
iter05b_arm2,0,gb_eoh_2122r3,HP_Peak,Linear,size,netfit,residual,log,pbin<=15,mape_n_excluded,0.0,22,34,q_arm2,linear
iter05b_arm2,0,gb_eoh_2122r3,HP_Peak,Linear,size,netfit,residual,log,pbin35-65,wape,13.889747979925527,8,43,q_arm2,linear
iter05b_arm2,0,gb_eoh_2122r3,HP_Peak,Linear,size,netfit,residual,log,pbin35-65,rmse,5.087950531085821,8,43,q_arm2,linear
iter05b_arm2,0,gb_eoh_2122r3,HP_Peak,Linear,size,netfit,residual,log,pbin35-65,mae,4.264697491291534,8,43,q_arm2,linear
iter05b_arm2,0,gb_eoh_2122r3,HP_Peak,Linear,size,netfit,residual,log,pbin35-65,mape,16.832948892900895,8,43,q_arm2,linear
iter05b_arm2,0,gb_eoh_2122r3,HP_Peak,Linear,size,netfit,residual,log,pbin35-65,r2,0.95702648852928,8,43,q_arm2,linear
iter05b_arm2,0,gb_eoh_2122r3,HP_Peak,Linear,size,netfit,residual,log,pbin35-65,n_pred_nan,0.0,8,43,q_arm2,linear
iter05b_arm2,0,gb_eoh_2122r3,HP_Peak,Linear,size,netfit,residual,log,pbin35-65,mape_n_excluded,0.0,8,43,q_arm2,linear
iter05b_arm2,0,gb_eoh_2122r3,HP_Peak,Linear,size,netfit,residual,log,p0.1|n10,wape,43.640152101292074,16,15,q_arm2,linear
iter05b_arm2,0,gb_eoh_2122r3,HP_Peak,Linear,size,netfit,residual,log,p0.1|n10,rmse,1.895438031532676,16,15,q_arm2,linear
iter05b_arm2,0,gb_eoh_2122r3,HP_Peak,Linear,size,netfit,residual,log,p0.1|n10,mae,1.4357185043752283,16,15,q_arm2,linear
iter05b_arm2,0,gb_eoh_2122r3,HP_Peak,Linear,size,netfit,residual,log,p0.1|n10,mape,41.66924178867658,16,15,q_arm2,linear
iter05b_arm2,0,gb_eoh_2122r3,HP_Peak,Linear,size,netfit,residual,log,p0.1|n10,r2,-4.62836004316107,16,15,q_arm2,linear
iter05b_arm2,0,gb_eoh_2122r3,HP_Peak,Linear,size,netfit,residual,log,p0.1|n10,n_pred_nan,0.0,16,15,q_arm2,linear
iter05b_arm2,0,gb_eoh_2122r3,HP_Peak,Linear,size,netfit,residual,log,p0.1|n10,mape_n_excluded,0.0,16,15,q_arm2,linear
iter05b_arm2,0,gb_eoh_2122r3,HP_Peak,Linear,size,netfit,residual,log,p0.1|n40,wape,36.415719659138794,6,22,q_arm2,linear
iter05b_arm2,0,gb_eoh_2122r3,HP_Peak,Linear,size,netfit,residual,log,p0.1|n40,rmse,4.909056667757438,6,22,q_arm2,linear
iter05b_arm2,0,gb_eoh_2122r3,HP_Peak,Linear,size,netfit,residual,log,p0.1|n40,mae,4.450157411019693,6,22,q_arm2,linear
iter05b_arm2,0,gb_eoh_2122r3,HP_Peak,Linear,size,netfit,residual,log,p0.1|n40,mape,37.7476795411074,6,22,q_arm2,linear
iter05b_arm2,0,gb_eoh_2122r3,HP_Peak,Linear,size,netfit,residual,log,p0.1|n40,r2,-14.361966162338424,6,22,q_arm2,linear
iter05b_arm2,0,gb_eoh_2122r3,HP_Peak,Linear,size,netfit,residual,log,p0.1|n40,n_pred_nan,0.0,6,22,q_arm2,linear
iter05b_arm2,0,gb_eoh_2122r3,HP_Peak,Linear,size,netfit,residual,log,p0.1|n40,mape_n_excluded,0.0,6,22,q_arm2,linear
iter05b_arm2,0,gb_eoh_2122r3,HP_Peak,Linear,size,netfit,residual,log,p0.5|n10,wape,20.7469341709665,6,24,q_arm2,linear
iter05b_arm2,0,gb_eoh_2122r3,HP_Peak,Linear,size,netfit,residual,log,p0.5|n10,rmse,4.386573169506003,6,24,q_arm2,linear
iter05b_arm2,0,gb_eoh_2122r3,HP_Peak,Linear,size,netfit,residual,log,p0.5|n10,mae,3.4382826542220464,6,24,q_arm2,linear
iter05b_arm2,0,gb_eoh_2122r3,HP_Peak,Linear,size,netfit,residual,log,p0.5|n10,mape,19.3685690505105,6,24,q_arm2,linear
iter05b_arm2,0,gb_eoh_2122r3,HP_Peak,Linear,size,netfit,residual,log,p0.5|n10,r2,-3.363571286405996,6,24,q_arm2,linear
iter05b_arm2,0,gb_eoh_2122r3,HP_Peak,Linear,size,netfit,residual,log,p0.5|n10,n_pred_nan,0.0,6,24,q_arm2,linear
iter05b_arm2,0,gb_eoh_2122r3,HP_Peak,Linear,size,netfit,residual,log,p0.5|n10,mape_n_excluded,0.0,6,24,q_arm2,linear
iter05b_arm2,0,gb_eoh_2122r3,HP_Peak,Linear,size,netfit,residual,log,p0.5|n40,wape,9.225861665549,2,28,q_arm2,linear
iter05b_arm2,0,gb_eoh_2122r3,HP_Peak,Linear,size,netfit,residual,log,p0.5|n40,rmse,6.769260662200573,2,28,q_arm2,linear
iter05b_arm2,0,gb_eoh_2122r3,HP_Peak,Linear,size,netfit,residual,log,p0.5|n40,mae,6.743942002499992,2,28,q_arm2,linear
iter05b_arm2,0,gb_eoh_2122r3,HP_Peak,Linear,size,netfit,residual,log,p0.5|n40,mape,9.226088420072072,2,28,q_arm2,linear
iter05b_arm2,0,gb_eoh_2122r3,HP_Peak,Linear,size,netfit,residual,log,p0.5|n40,r2,-107488.52270686788,2,28,q_arm2,linear
iter05b_arm2,0,gb_eoh_2122r3,HP_Peak,Linear,size,netfit,residual,log,p0.5|n40,n_pred_nan,0.0,2,28,q_arm2,linear
iter05b_arm2,0,gb_eoh_2122r3,HP_Peak,Linear,size,netfit,residual,log,p0.5|n40,mape_n_excluded,0.0,2,28,q_arm2,linear
iter05b_arm2,0,gb_eoh_2122r3,HP_Peak,Ridge,size,netfit,residual,log,all,wape,27.085066364658122,30,58,q_arm2,linear
iter05b_arm2,0,gb_eoh_2122r3,HP_Peak,Ridge,size,netfit,residual,log,all,rmse,5.477509717541658,30,58,q_arm2,linear
iter05b_arm2,0,gb_eoh_2122r3,HP_Peak,Ridge,size,netfit,residual,log,all,mae,3.3548682889597843,30,58,q_arm2,linear
iter05b_arm2,0,gb_eoh_2122r3,HP_Peak,Ridge,size,netfit,residual,log,all,mape,34.22217328470273,30,58,q_arm2,linear
iter05b_arm2,0,gb_eoh_2122r3,HP_Peak,Ridge,size,netfit,residual,log,all,r2,0.8982621567254256,30,58,q_arm2,linear
iter05b_arm2,0,gb_eoh_2122r3,HP_Peak,Ridge,size,netfit,residual,log,all,n_pred_nan,0.0,30,58,q_arm2,linear
iter05b_arm2,0,gb_eoh_2122r3,HP_Peak,Ridge,size,netfit,residual,log,all,mape_n_excluded,0.0,30,58,q_arm2,linear
iter05b_arm2,0,gb_eoh_2122r3,HP_Peak,Ridge,size,netfit,residual,log,all,n_invalid,0.0,30,58,q_arm2,linear
iter05b_arm2,0,gb_eoh_2122r3,HP_Peak,Ridge,size,netfit,residual,log,all,n_resid_excluded_train,0.0,30,58,q_arm2,linear
iter05b_arm2,0,gb_eoh_2122r3,HP_Peak,Ridge,size,netfit,residual,log,all,n_resid_excluded_inner,0.0,30,58,q_arm2,linear
iter05b_arm2,0,gb_eoh_2122r3,HP_Peak,Ridge,size,netfit,residual,log,all,wape_train,22.65266394299198,30,58,q_arm2,linear
iter05b_arm2,0,gb_eoh_2122r3,HP_Peak,Ridge,size,netfit,residual,log,all,wape_inner,23.73662978733577,30,58,q_arm2,linear
iter05b_arm2,0,gb_eoh_2122r3,HP_Peak,Ridge,size,netfit,residual,log,all,n_train_sub,111.0,30,58,q_arm2,linear
iter05b_arm2,0,gb_eoh_2122r3,HP_Peak,Ridge,size,netfit,residual,log,all,n_inner_sub,90.0,30,58,q_arm2,linear
iter05b_arm2,0,gb_eoh_2122r3,HP_Peak,Ridge,size,netfit,residual,log,all,n_test_sub,30.0,30,58,q_arm2,linear
iter05b_arm2,0,gb_eoh_2122r3,HP_Peak,Ridge,size,netfit,residual,log,all,n_overlap_sub,0.0,30,58,q_arm2,linear
iter05b_arm2,0,gb_eoh_2122r3,HP_Peak,Ridge,size,netfit,residual,log,pbin<=15,wape,39.91791913425878,22,34,q_arm2,linear
iter05b_arm2,0,gb_eoh_2122r3,HP_Peak,Ridge,size,netfit,residual,log,pbin<=15,rmse,3.8020976062329774,22,34,q_arm2,linear
iter05b_arm2,0,gb_eoh_2122r3,HP_Peak,Ridge,size,netfit,residual,log,pbin<=15,mae,2.2855008202267353,22,34,q_arm2,linear
iter05b_arm2,0,gb_eoh_2122r3,HP_Peak,Ridge,size,netfit,residual,log,pbin<=15,mape,39.6658947461618,22,34,q_arm2,linear
iter05b_arm2,0,gb_eoh_2122r3,HP_Peak,Ridge,size,netfit,residual,log,pbin<=15,r2,0.13494973351957795,22,34,q_arm2,linear
iter05b_arm2,0,gb_eoh_2122r3,HP_Peak,Ridge,size,netfit,residual,log,pbin<=15,n_pred_nan,0.0,22,34,q_arm2,linear
iter05b_arm2,0,gb_eoh_2122r3,HP_Peak,Ridge,size,netfit,residual,log,pbin<=15,mape_n_excluded,0.0,22,34,q_arm2,linear
iter05b_arm2,0,gb_eoh_2122r3,HP_Peak,Ridge,size,netfit,residual,log,pbin35-65,wape,20.504314309349507,8,43,q_arm2,linear
iter05b_arm2,0,gb_eoh_2122r3,HP_Peak,Ridge,size,netfit,residual,log,pbin35-65,rmse,8.529819492607997,8,43,q_arm2,linear
iter05b_arm2,0,gb_eoh_2122r3,HP_Peak,Ridge,size,netfit,residual,log,pbin35-65,mae,6.295628827975667,8,43,q_arm2,linear
iter05b_arm2,0,gb_eoh_2122r3,HP_Peak,Ridge,size,netfit,residual,log,pbin35-65,mape,19.25193926569029,8,43,q_arm2,linear
iter05b_arm2,0,gb_eoh_2122r3,HP_Peak,Ridge,size,netfit,residual,log,pbin35-65,r2,0.8792200727523932,8,43,q_arm2,linear
iter05b_arm2,0,gb_eoh_2122r3,HP_Peak,Ridge,size,netfit,residual,log,pbin35-65,n_pred_nan,0.0,8,43,q_arm2,linear
iter05b_arm2,0,gb_eoh_2122r3,HP_Peak,Ridge,size,netfit,residual,log,pbin35-65,mape_n_excluded,0.0,8,43,q_arm2,linear
iter05b_arm2,0,gb_eoh_2122r3,HP_Peak,Ridge,size,netfit,residual,log,p0.1|n10,wape,40.76848900027078,16,15,q_arm2,linear
iter05b_arm2,0,gb_eoh_2122r3,HP_Peak,Ridge,size,netfit,residual,log,p0.1|n10,rmse,1.9100010282699758,16,15,q_arm2,linear
iter05b_arm2,0,gb_eoh_2122r3,HP_Peak,Ridge,size,netfit,residual,log,p0.1|n10,mae,1.3412435849730626,16,15,q_arm2,linear
iter05b_arm2,0,gb_eoh_2122r3,HP_Peak,Ridge,size,netfit,residual,log,p0.1|n10,mape,39.26635122359568,16,15,q_arm2,linear
iter05b_arm2,0,gb_eoh_2122r3,HP_Peak,Ridge,size,netfit,residual,log,p0.1|n10,r2,-4.715179729843349,16,15,q_arm2,linear
iter05b_arm2,0,gb_eoh_2122r3,HP_Peak,Ridge,size,netfit,residual,log,p0.1|n10,n_pred_nan,0.0,16,15,q_arm2,linear
iter05b_arm2,0,gb_eoh_2122r3,HP_Peak,Ridge,size,netfit,residual,log,p0.1|n10,mape_n_excluded,0.0,16,15,q_arm2,linear
iter05b_arm2,0,gb_eoh_2122r3,HP_Peak,Ridge,size,netfit,residual,log,p0.1|n40,wape,39.30729313617481,6,22,q_arm2,linear
iter05b_arm2,0,gb_eoh_2122r3,HP_Peak,Ridge,size,netfit,residual,log,p0.1|n40,rmse,6.578514950367066,6,22,q_arm2,linear
iter05b_arm2,0,gb_eoh_2122r3,HP_Peak,Ridge,size,netfit,residual,log,p0.1|n40,mae,4.80352011423653,6,22,q_arm2,linear
iter05b_arm2,0,gb_eoh_2122r3,HP_Peak,Ridge,size,netfit,residual,log,p0.1|n40,mape,40.731344139671435,6,22,q_arm2,linear
iter05b_arm2,0,gb_eoh_2122r3,HP_Peak,Ridge,size,netfit,residual,log,p0.1|n40,r2,-26.587125167266773,6,22,q_arm2,linear
iter05b_arm2,0,gb_eoh_2122r3,HP_Peak,Ridge,size,netfit,residual,log,p0.1|n40,n_pred_nan,0.0,6,22,q_arm2,linear
iter05b_arm2,0,gb_eoh_2122r3,HP_Peak,Ridge,size,netfit,residual,log,p0.1|n40,mape_n_excluded,0.0,6,22,q_arm2,linear
iter05b_arm2,0,gb_eoh_2122r3,HP_Peak,Ridge,size,netfit,residual,log,p0.5|n10,wape,19.157222935843084,6,24,q_arm2,linear
iter05b_arm2,0,gb_eoh_2122r3,HP_Peak,Ridge,size,netfit,residual,log,p0.5|n10,rmse,3.7706061494416527,6,24,q_arm2,linear
iter05b_arm2,0,gb_eoh_2122r3,HP_Peak,Ridge,size,netfit,residual,log,p0.5|n10,mae,3.174827990515842,6,24,q_arm2,linear
iter05b_arm2,0,gb_eoh_2122r3,HP_Peak,Ridge,size,netfit,residual,log,p0.5|n10,mape,18.52930475852742,6,24,q_arm2,linear
iter05b_arm2,0,gb_eoh_2122r3,HP_Peak,Ridge,size,netfit,residual,log,p0.5|n10,r2,-2.2241382979456996,6,24,q_arm2,linear
iter05b_arm2,0,gb_eoh_2122r3,HP_Peak,Ridge,size,netfit,residual,log,p0.5|n10,n_pred_nan,0.0,6,24,q_arm2,linear
iter05b_arm2,0,gb_eoh_2122r3,HP_Peak,Ridge,size,netfit,residual,log,p0.5|n10,mape_n_excluded,0.0,6,24,q_arm2,linear
iter05b_arm2,0,gb_eoh_2122r3,HP_Peak,Ridge,size,netfit,residual,log,p0.5|n40,wape,21.42053283486071,2,28,q_arm2,linear
iter05b_arm2,0,gb_eoh_2122r3,HP_Peak,Ridge,size,netfit,residual,log,p0.5|n40,rmse,15.760040295103304,2,28,q_arm2,linear
iter05b_arm2,0,gb_eoh_2122r3,HP_Peak,Ridge,size,netfit,residual,log,p0.5|n40,mae,15.658031340355148,2,28,q_arm2,linear
iter05b_arm2,0,gb_eoh_2122r3,HP_Peak,Ridge,size,netfit,residual,log,p0.5|n40,mape,21.419842787178908,2,28,q_arm2,linear
iter05b_arm2,0,gb_eoh_2122r3,HP_Peak,Ridge,size,netfit,residual,log,p0.5|n40,r2,-582636.3292620622,2,28,q_arm2,linear
iter05b_arm2,0,gb_eoh_2122r3,HP_Peak,Ridge,size,netfit,residual,log,p0.5|n40,n_pred_nan,0.0,2,28,q_arm2,linear
iter05b_arm2,0,gb_eoh_2122r3,HP_Peak,Ridge,size,netfit,residual,log,p0.5|n40,mape_n_excluded,0.0,2,28,q_arm2,linear
iter05b_arm2,0,gb_eoh_2122r3,HP_Peak,Lasso,size,netfit,residual,log,all,wape,27.807282891222673,30,58,q_arm2,linear
iter05b_arm2,0,gb_eoh_2122r3,HP_Peak,Lasso,size,netfit,residual,log,all,rmse,5.68236417018097,30,58,q_arm2,linear
iter05b_arm2,0,gb_eoh_2122r3,HP_Peak,Lasso,size,netfit,residual,log,all,mae,3.444325013566362,30,58,q_arm2,linear
iter05b_arm2,0,gb_eoh_2122r3,HP_Peak,Lasso,size,netfit,residual,log,all,mape,35.23028488763244,30,58,q_arm2,linear
iter05b_arm2,0,gb_eoh_2122r3,HP_Peak,Lasso,size,netfit,residual,log,all,r2,0.8905100292007393,30,58,q_arm2,linear
iter05b_arm2,0,gb_eoh_2122r3,HP_Peak,Lasso,size,netfit,residual,log,all,n_pred_nan,0.0,30,58,q_arm2,linear
iter05b_arm2,0,gb_eoh_2122r3,HP_Peak,Lasso,size,netfit,residual,log,all,mape_n_excluded,0.0,30,58,q_arm2,linear
iter05b_arm2,0,gb_eoh_2122r3,HP_Peak,Lasso,size,netfit,residual,log,all,n_invalid,0.0,30,58,q_arm2,linear
iter05b_arm2,0,gb_eoh_2122r3,HP_Peak,Lasso,size,netfit,residual,log,all,n_resid_excluded_train,0.0,30,58,q_arm2,linear
iter05b_arm2,0,gb_eoh_2122r3,HP_Peak,Lasso,size,netfit,residual,log,all,n_resid_excluded_inner,0.0,30,58,q_arm2,linear
iter05b_arm2,0,gb_eoh_2122r3,HP_Peak,Lasso,size,netfit,residual,log,all,wape_train,22.691500117857967,30,58,q_arm2,linear
iter05b_arm2,0,gb_eoh_2122r3,HP_Peak,Lasso,size,netfit,residual,log,all,wape_inner,24.63036245563929,30,58,q_arm2,linear
iter05b_arm2,0,gb_eoh_2122r3,HP_Peak,Lasso,size,netfit,residual,log,all,n_train_sub,111.0,30,58,q_arm2,linear
iter05b_arm2,0,gb_eoh_2122r3,HP_Peak,Lasso,size,netfit,residual,log,all,n_inner_sub,90.0,30,58,q_arm2,linear
iter05b_arm2,0,gb_eoh_2122r3,HP_Peak,Lasso,size,netfit,residual,log,all,n_test_sub,30.0,30,58,q_arm2,linear
iter05b_arm2,0,gb_eoh_2122r3,HP_Peak,Lasso,size,netfit,residual,log,all,n_overlap_sub,0.0,30,58,q_arm2,linear
iter05b_arm2,0,gb_eoh_2122r3,HP_Peak,Lasso,size,netfit,residual,log,pbin<=15,wape,40.78660530189079,22,34,q_arm2,linear
iter05b_arm2,0,gb_eoh_2122r3,HP_Peak,Lasso,size,netfit,residual,log,pbin<=15,rmse,3.8536876687409767,22,34,q_arm2,linear
iter05b_arm2,0,gb_eoh_2122r3,HP_Peak,Lasso,size,netfit,residual,log,pbin<=15,mae,2.3352374545929955,22,34,q_arm2,linear
iter05b_arm2,0,gb_eoh_2122r3,HP_Peak,Lasso,size,netfit,residual,log,pbin<=15,mape,40.976340325471774,22,34,q_arm2,linear
iter05b_arm2,0,gb_eoh_2122r3,HP_Peak,Lasso,size,netfit,residual,log,pbin<=15,r2,0.11131500495624391,22,34,q_arm2,linear
iter05b_arm2,0,gb_eoh_2122r3,HP_Peak,Lasso,size,netfit,residual,log,pbin<=15,n_pred_nan,0.0,22,34,q_arm2,linear
iter05b_arm2,0,gb_eoh_2122r3,HP_Peak,Lasso,size,netfit,residual,log,pbin<=15,mape_n_excluded,0.0,22,34,q_arm2,linear
iter05b_arm2,0,gb_eoh_2122r3,HP_Peak,Lasso,size,netfit,residual,log,pbin35-65,wape,21.151420460317905,8,43,q_arm2,linear
iter05b_arm2,0,gb_eoh_2122r3,HP_Peak,Lasso,size,netfit,residual,log,pbin35-65,rmse,8.957942611281876,8,43,q_arm2,linear
iter05b_arm2,0,gb_eoh_2122r3,HP_Peak,Lasso,size,netfit,residual,log,pbin35-65,mae,6.49431580074312,8,43,q_arm2,linear
iter05b_arm2,0,gb_eoh_2122r3,HP_Peak,Lasso,size,netfit,residual,log,pbin35-65,mape,19.428632433574283,8,43,q_arm2,linear
iter05b_arm2,0,gb_eoh_2122r3,HP_Peak,Lasso,size,netfit,residual,log,pbin35-65,r2,0.8667915932830383,8,43,q_arm2,linear
iter05b_arm2,0,gb_eoh_2122r3,HP_Peak,Lasso,size,netfit,residual,log,pbin35-65,n_pred_nan,0.0,8,43,q_arm2,linear
iter05b_arm2,0,gb_eoh_2122r3,HP_Peak,Lasso,size,netfit,residual,log,pbin35-65,mape_n_excluded,0.0,8,43,q_arm2,linear
iter05b_arm2,0,gb_eoh_2122r3,HP_Peak,Lasso,size,netfit,residual,log,p0.1|n10,wape,42.39335940807848,16,15,q_arm2,linear
iter05b_arm2,0,gb_eoh_2122r3,HP_Peak,Lasso,size,netfit,residual,log,p0.1|n10,rmse,1.9833760610036122,16,15,q_arm2,linear
iter05b_arm2,0,gb_eoh_2122r3,HP_Peak,Lasso,size,netfit,residual,log,p0.1|n10,mae,1.394700238980283,16,15,q_arm2,linear
iter05b_arm2,0,gb_eoh_2122r3,HP_Peak,Lasso,size,netfit,residual,log,p0.1|n10,mape,40.85419998286303,16,15,q_arm2,linear
iter05b_arm2,0,gb_eoh_2122r3,HP_Peak,Lasso,size,netfit,residual,log,p0.1|n10,r2,-5.162725510810324,16,15,q_arm2,linear
iter05b_arm2,0,gb_eoh_2122r3,HP_Peak,Lasso,size,netfit,residual,log,p0.1|n10,n_pred_nan,0.0,16,15,q_arm2,linear
iter05b_arm2,0,gb_eoh_2122r3,HP_Peak,Lasso,size,netfit,residual,log,p0.1|n10,mape_n_excluded,0.0,16,15,q_arm2,linear
iter05b_arm2,0,gb_eoh_2122r3,HP_Peak,Lasso,size,netfit,residual,log,p0.1|n40,wape,39.63311295638067,6,22,q_arm2,linear
iter05b_arm2,0,gb_eoh_2122r3,HP_Peak,Lasso,size,netfit,residual,log,p0.1|n40,rmse,6.630478874997674,6,22,q_arm2,linear
iter05b_arm2,0,gb_eoh_2122r3,HP_Peak,Lasso,size,netfit,residual,log,p0.1|n40,mae,4.843336696226895,6,22,q_arm2,linear
iter05b_arm2,0,gb_eoh_2122r3,HP_Peak,Lasso,size,netfit,residual,log,p0.1|n40,mape,41.302047905761754,6,22,q_arm2,linear
iter05b_arm2,0,gb_eoh_2122r3,HP_Peak,Lasso,size,netfit,residual,log,p0.1|n40,r2,-27.02466983413266,6,22,q_arm2,linear
iter05b_arm2,0,gb_eoh_2122r3,HP_Peak,Lasso,size,netfit,residual,log,p0.1|n40,n_pred_nan,0.0,6,22,q_arm2,linear
iter05b_arm2,0,gb_eoh_2122r3,HP_Peak,Lasso,size,netfit,residual,log,p0.1|n40,mape_n_excluded,0.0,6,22,q_arm2,linear
iter05b_arm2,0,gb_eoh_2122r3,HP_Peak,Lasso,size,netfit,residual,log,p0.5|n10,wape,19.00014484500978,6,24,q_arm2,linear
iter05b_arm2,0,gb_eoh_2122r3,HP_Peak,Lasso,size,netfit,residual,log,p0.5|n10,rmse,3.6670994204354503,6,24,q_arm2,linear
iter05b_arm2,0,gb_eoh_2122r3,HP_Peak,Lasso,size,netfit,residual,log,p0.5|n10,mae,3.148796246711195,6,24,q_arm2,linear
iter05b_arm2,0,gb_eoh_2122r3,HP_Peak,Lasso,size,netfit,residual,log,p0.5|n10,mape,18.366991719978007,6,24,q_arm2,linear
iter05b_arm2,0,gb_eoh_2122r3,HP_Peak,Lasso,size,netfit,residual,log,p0.5|n10,r2,-2.04955653043262,6,24,q_arm2,linear
iter05b_arm2,0,gb_eoh_2122r3,HP_Peak,Lasso,size,netfit,residual,log,p0.5|n10,n_pred_nan,0.0,6,24,q_arm2,linear
iter05b_arm2,0,gb_eoh_2122r3,HP_Peak,Lasso,size,netfit,residual,log,p0.5|n10,mape_n_excluded,0.0,6,24,q_arm2,linear
iter05b_arm2,0,gb_eoh_2122r3,HP_Peak,Lasso,size,netfit,residual,log,p0.5|n40,wape,22.614601511722956,2,28,q_arm2,linear
iter05b_arm2,0,gb_eoh_2122r3,HP_Peak,Lasso,size,netfit,residual,log,p0.5|n40,rmse,16.75219653746947,2,28,q_arm2,linear
iter05b_arm2,0,gb_eoh_2122r3,HP_Peak,Lasso,size,netfit,residual,log,p0.5|n40,mae,16.530874462838895,2,28,q_arm2,linear
iter05b_arm2,0,gb_eoh_2122r3,HP_Peak,Lasso,size,netfit,residual,log,p0.5|n40,mape,22.61355457436312,2,28,q_arm2,linear
iter05b_arm2,0,gb_eoh_2122r3,HP_Peak,Lasso,size,netfit,residual,log,p0.5|n40,r2,-658304.0370688731,2,28,q_arm2,linear
iter05b_arm2,0,gb_eoh_2122r3,HP_Peak,Lasso,size,netfit,residual,log,p0.5|n40,n_pred_nan,0.0,2,28,q_arm2,linear
iter05b_arm2,0,gb_eoh_2122r3,HP_Peak,Lasso,size,netfit,residual,log,p0.5|n40,mape_n_excluded,0.0,2,28,q_arm2,linear
iter05b_arm2,0,gb_eoh_2122r3,HP_Peak,ElasticNet,size,netfit,residual,log,all,wape,37.142492383626305,30,58,q_arm2,linear
iter05b_arm2,0,gb_eoh_2122r3,HP_Peak,ElasticNet,size,netfit,residual,log,all,rmse,7.632533034904551,30,58,q_arm2,linear
iter05b_arm2,0,gb_eoh_2122r3,HP_Peak,ElasticNet,size,netfit,residual,log,all,mae,4.600622652833993,30,58,q_arm2,linear
iter05b_arm2,0,gb_eoh_2122r3,HP_Peak,ElasticNet,size,netfit,residual,log,all,mape,41.07884110951649,30,58,q_arm2,linear
iter05b_arm2,0,gb_eoh_2122r3,HP_Peak,ElasticNet,size,netfit,residual,log,all,r2,0.8024606598293326,30,58,q_arm2,linear
iter05b_arm2,0,gb_eoh_2122r3,HP_Peak,ElasticNet,size,netfit,residual,log,all,n_pred_nan,0.0,30,58,q_arm2,linear
iter05b_arm2,0,gb_eoh_2122r3,HP_Peak,ElasticNet,size,netfit,residual,log,all,mape_n_excluded,0.0,30,58,q_arm2,linear
iter05b_arm2,0,gb_eoh_2122r3,HP_Peak,ElasticNet,size,netfit,residual,log,all,n_invalid,0.0,30,58,q_arm2,linear
iter05b_arm2,0,gb_eoh_2122r3,HP_Peak,ElasticNet,size,netfit,residual,log,all,n_resid_excluded_train,0.0,30,58,q_arm2,linear
iter05b_arm2,0,gb_eoh_2122r3,HP_Peak,ElasticNet,size,netfit,residual,log,all,n_resid_excluded_inner,0.0,30,58,q_arm2,linear
iter05b_arm2,0,gb_eoh_2122r3,HP_Peak,ElasticNet,size,netfit,residual,log,all,wape_train,31.690408079432714,30,58,q_arm2,linear
iter05b_arm2,0,gb_eoh_2122r3,HP_Peak,ElasticNet,size,netfit,residual,log,all,wape_inner,33.69114004293377,30,58,q_arm2,linear
iter05b_arm2,0,gb_eoh_2122r3,HP_Peak,ElasticNet,size,netfit,residual,log,all,n_train_sub,111.0,30,58,q_arm2,linear
iter05b_arm2,0,gb_eoh_2122r3,HP_Peak,ElasticNet,size,netfit,residual,log,all,n_inner_sub,90.0,30,58,q_arm2,linear
iter05b_arm2,0,gb_eoh_2122r3,HP_Peak,ElasticNet,size,netfit,residual,log,all,n_test_sub,30.0,30,58,q_arm2,linear
iter05b_arm2,0,gb_eoh_2122r3,HP_Peak,ElasticNet,size,netfit,residual,log,all,n_overlap_sub,0.0,30,58,q_arm2,linear
iter05b_arm2,0,gb_eoh_2122r3,HP_Peak,ElasticNet,size,netfit,residual,log,pbin<=15,wape,45.582169655315504,22,34,q_arm2,linear
iter05b_arm2,0,gb_eoh_2122r3,HP_Peak,ElasticNet,size,netfit,residual,log,pbin<=15,rmse,4.396582347552142,22,34,q_arm2,linear
iter05b_arm2,0,gb_eoh_2122r3,HP_Peak,ElasticNet,size,netfit,residual,log,pbin<=15,mae,2.6098075349205505,22,34,q_arm2,linear
iter05b_arm2,0,gb_eoh_2122r3,HP_Peak,ElasticNet,size,netfit,residual,log,pbin<=15,mape,43.935780505317354,22,34,q_arm2,linear
iter05b_arm2,0,gb_eoh_2122r3,HP_Peak,ElasticNet,size,netfit,residual,log,pbin<=15,r2,-0.15671200910145977,22,34,q_arm2,linear
iter05b_arm2,0,gb_eoh_2122r3,HP_Peak,ElasticNet,size,netfit,residual,log,pbin<=15,n_pred_nan,0.0,22,34,q_arm2,linear
iter05b_arm2,0,gb_eoh_2122r3,HP_Peak,ElasticNet,size,netfit,residual,log,pbin<=15,mape_n_excluded,0.0,22,34,q_arm2,linear
iter05b_arm2,0,gb_eoh_2122r3,HP_Peak,ElasticNet,size,netfit,residual,log,pbin35-65,wape,32.81458302871065,8,43,q_arm2,linear
iter05b_arm2,0,gb_eoh_2122r3,HP_Peak,ElasticNet,size,netfit,residual,log,pbin35-65,rmse,12.856944701276825,8,43,q_arm2,linear
iter05b_arm2,0,gb_eoh_2122r3,HP_Peak,ElasticNet,size,netfit,residual,log,pbin35-65,mae,10.07536422709596,8,43,q_arm2,linear
iter05b_arm2,0,gb_eoh_2122r3,HP_Peak,ElasticNet,size,netfit,residual,log,pbin35-65,mape,33.22225777106412,8,43,q_arm2,linear
iter05b_arm2,0,gb_eoh_2122r3,HP_Peak,ElasticNet,size,netfit,residual,log,pbin35-65,r2,0.7255958759749725,8,43,q_arm2,linear
iter05b_arm2,0,gb_eoh_2122r3,HP_Peak,ElasticNet,size,netfit,residual,log,pbin35-65,n_pred_nan,0.0,8,43,q_arm2,linear
iter05b_arm2,0,gb_eoh_2122r3,HP_Peak,ElasticNet,size,netfit,residual,log,pbin35-65,mape_n_excluded,0.0,8,43,q_arm2,linear
iter05b_arm2,0,gb_eoh_2122r3,HP_Peak,ElasticNet,size,netfit,residual,log,p0.1|n10,wape,41.172712249661494,16,15,q_arm2,linear
iter05b_arm2,0,gb_eoh_2122r3,HP_Peak,ElasticNet,size,netfit,residual,log,p0.1|n10,rmse,2.0463154552210194,16,15,q_arm2,linear
iter05b_arm2,0,gb_eoh_2122r3,HP_Peak,ElasticNet,size,netfit,residual,log,p0.1|n10,mae,1.3545421362178405,16,15,q_arm2,linear
iter05b_arm2,0,gb_eoh_2122r3,HP_Peak,ElasticNet,size,netfit,residual,log,p0.1|n10,mape,41.39737939016286,16,15,q_arm2,linear
iter05b_arm2,0,gb_eoh_2122r3,HP_Peak,ElasticNet,size,netfit,residual,log,p0.1|n10,r2,-5.560060719068839,16,15,q_arm2,linear
iter05b_arm2,0,gb_eoh_2122r3,HP_Peak,ElasticNet,size,netfit,residual,log,p0.1|n10,n_pred_nan,0.0,16,15,q_arm2,linear
iter05b_arm2,0,gb_eoh_2122r3,HP_Peak,ElasticNet,size,netfit,residual,log,p0.1|n10,mape_n_excluded,0.0,16,15,q_arm2,linear
iter05b_arm2,0,gb_eoh_2122r3,HP_Peak,ElasticNet,size,netfit,residual,log,p0.1|n40,wape,48.747728931428306,6,22,q_arm2,linear
iter05b_arm2,0,gb_eoh_2122r3,HP_Peak,ElasticNet,size,netfit,residual,log,p0.1|n40,rmse,7.727225551875373,6,22,q_arm2,linear
iter05b_arm2,0,gb_eoh_2122r3,HP_Peak,ElasticNet,size,netfit,residual,log,p0.1|n40,mae,5.95718193146111,6,22,q_arm2,linear
iter05b_arm2,0,gb_eoh_2122r3,HP_Peak,ElasticNet,size,netfit,residual,log,p0.1|n40,mape,50.70485014572929,6,22,q_arm2,linear
iter05b_arm2,0,gb_eoh_2122r3,HP_Peak,ElasticNet,size,netfit,residual,log,p0.1|n40,r2,-37.0625509791011,6,22,q_arm2,linear
iter05b_arm2,0,gb_eoh_2122r3,HP_Peak,ElasticNet,size,netfit,residual,log,p0.1|n40,n_pred_nan,0.0,6,22,q_arm2,linear
iter05b_arm2,0,gb_eoh_2122r3,HP_Peak,ElasticNet,size,netfit,residual,log,p0.1|n40,mape_n_excluded,0.0,6,22,q_arm2,linear
iter05b_arm2,0,gb_eoh_2122r3,HP_Peak,ElasticNet,size,netfit,residual,log,p0.5|n10,wape,34.07661645617026,6,24,q_arm2,linear
iter05b_arm2,0,gb_eoh_2122r3,HP_Peak,ElasticNet,size,netfit,residual,log,p0.5|n10,rmse,5.948483399134232,6,24,q_arm2,linear
iter05b_arm2,0,gb_eoh_2122r3,HP_Peak,ElasticNet,size,netfit,residual,log,p0.5|n10,mae,5.647342316234359,6,24,q_arm2,linear
iter05b_arm2,0,gb_eoh_2122r3,HP_Peak,ElasticNet,size,netfit,residual,log,p0.5|n10,mape,33.64466538567836,6,24,q_arm2,linear
iter05b_arm2,0,gb_eoh_2122r3,HP_Peak,ElasticNet,size,netfit,residual,log,p0.5|n10,r2,-7.024238476974052,6,24,q_arm2,linear
iter05b_arm2,0,gb_eoh_2122r3,HP_Peak,ElasticNet,size,netfit,residual,log,p0.5|n10,n_pred_nan,0.0,6,24,q_arm2,linear
iter05b_arm2,0,gb_eoh_2122r3,HP_Peak,ElasticNet,size,netfit,residual,log,p0.5|n10,mape_n_excluded,0.0,6,24,q_arm2,linear
iter05b_arm2,0,gb_eoh_2122r3,HP_Peak,ElasticNet,size,netfit,residual,log,p0.5|n40,wape,31.956216307050862,2,28,q_arm2,linear
iter05b_arm2,0,gb_eoh_2122r3,HP_Peak,ElasticNet,size,netfit,residual,log,p0.5|n40,rmse,23.559514934680518,2,28,q_arm2,linear
iter05b_arm2,0,gb_eoh_2122r3,HP_Peak,ElasticNet,size,netfit,residual,log,p0.5|n40,mae,23.359429959680757,2,28,q_arm2,linear
iter05b_arm2,0,gb_eoh_2122r3,HP_Peak,ElasticNet,size,netfit,residual,log,p0.5|n40,mape,31.955034927221433,2,28,q_arm2,linear
iter05b_arm2,0,gb_eoh_2122r3,HP_Peak,ElasticNet,size,netfit,residual,log,p0.5|n40,r2,-1302015.0810370396,2,28,q_arm2,linear
iter05b_arm2,0,gb_eoh_2122r3,HP_Peak,ElasticNet,size,netfit,residual,log,p0.5|n40,n_pred_nan,0.0,2,28,q_arm2,linear
iter05b_arm2,0,gb_eoh_2122r3,HP_Peak,ElasticNet,size,netfit,residual,log,p0.5|n40,mape_n_excluded,0.0,2,28,q_arm2,linear
iter05b_arm2,0,gb_eoh_2122r3,HP_Peak,PLS,size,netfit,residual,log,all,wape,23.210992571765384,30,58,q_arm2,linear
iter05b_arm2,0,gb_eoh_2122r3,HP_Peak,PLS,size,netfit,residual,log,all,rmse,3.8805976315646413,30,58,q_arm2,linear
iter05b_arm2,0,gb_eoh_2122r3,HP_Peak,PLS,size,netfit,residual,log,all,mae,2.8750094936413015,30,58,q_arm2,linear
iter05b_arm2,0,gb_eoh_2122r3,HP_Peak,PLS,size,netfit,residual,log,all,mape,34.56411929431417,30,58,q_arm2,linear
iter05b_arm2,0,gb_eoh_2122r3,HP_Peak,PLS,size,netfit,residual,log,all,r2,0.9489361633672088,30,58,q_arm2,linear
iter05b_arm2,0,gb_eoh_2122r3,HP_Peak,PLS,size,netfit,residual,log,all,n_pred_nan,0.0,30,58,q_arm2,linear
iter05b_arm2,0,gb_eoh_2122r3,HP_Peak,PLS,size,netfit,residual,log,all,mape_n_excluded,0.0,30,58,q_arm2,linear
iter05b_arm2,0,gb_eoh_2122r3,HP_Peak,PLS,size,netfit,residual,log,all,n_invalid,0.0,30,58,q_arm2,linear
iter05b_arm2,0,gb_eoh_2122r3,HP_Peak,PLS,size,netfit,residual,log,all,n_resid_excluded_train,0.0,30,58,q_arm2,linear
iter05b_arm2,0,gb_eoh_2122r3,HP_Peak,PLS,size,netfit,residual,log,all,n_resid_excluded_inner,0.0,30,58,q_arm2,linear
iter05b_arm2,0,gb_eoh_2122r3,HP_Peak,PLS,size,netfit,residual,log,all,wape_train,21.309225218003323,30,58,q_arm2,linear
iter05b_arm2,0,gb_eoh_2122r3,HP_Peak,PLS,size,netfit,residual,log,all,wape_inner,27.228628847512415,30,58,q_arm2,linear
iter05b_arm2,0,gb_eoh_2122r3,HP_Peak,PLS,size,netfit,residual,log,all,n_train_sub,111.0,30,58,q_arm2,linear
iter05b_arm2,0,gb_eoh_2122r3,HP_Peak,PLS,size,netfit,residual,log,all,n_inner_sub,90.0,30,58,q_arm2,linear
iter05b_arm2,0,gb_eoh_2122r3,HP_Peak,PLS,size,netfit,residual,log,all,n_test_sub,30.0,30,58,q_arm2,linear
iter05b_arm2,0,gb_eoh_2122r3,HP_Peak,PLS,size,netfit,residual,log,all,n_overlap_sub,0.0,30,58,q_arm2,linear
iter05b_arm2,0,gb_eoh_2122r3,HP_Peak,PLS,size,netfit,residual,log,pbin<=15,wape,40.59523123017353,22,34,q_arm2,linear
iter05b_arm2,0,gb_eoh_2122r3,HP_Peak,PLS,size,netfit,residual,log,pbin<=15,rmse,3.3791415123398334,22,34,q_arm2,linear
iter05b_arm2,0,gb_eoh_2122r3,HP_Peak,PLS,size,netfit,residual,log,pbin<=15,mae,2.324280330389982,22,34,q_arm2,linear
iter05b_arm2,0,gb_eoh_2122r3,HP_Peak,PLS,size,netfit,residual,log,pbin<=15,mape,40.058939073826025,22,34,q_arm2,linear
iter05b_arm2,0,gb_eoh_2122r3,HP_Peak,PLS,size,netfit,residual,log,pbin<=15,r2,0.31670604277296766,22,34,q_arm2,linear
iter05b_arm2,0,gb_eoh_2122r3,HP_Peak,PLS,size,netfit,residual,log,pbin<=15,n_pred_nan,0.0,22,34,q_arm2,linear
iter05b_arm2,0,gb_eoh_2122r3,HP_Peak,PLS,size,netfit,residual,log,pbin<=15,mape_n_excluded,0.0,22,34,q_arm2,linear
iter05b_arm2,0,gb_eoh_2122r3,HP_Peak,PLS,size,netfit,residual,log,pbin35-65,wape,14.29626672434535,8,43,q_arm2,linear
iter05b_arm2,0,gb_eoh_2122r3,HP_Peak,PLS,size,netfit,residual,log,pbin35-65,rmse,5.0070200395788005,8,43,q_arm2,linear
iter05b_arm2,0,gb_eoh_2122r3,HP_Peak,PLS,size,netfit,residual,log,pbin35-65,mae,4.389514692582431,8,43,q_arm2,linear
iter05b_arm2,0,gb_eoh_2122r3,HP_Peak,PLS,size,netfit,residual,log,pbin35-65,mape,19.453364900656567,8,43,q_arm2,linear
iter05b_arm2,0,gb_eoh_2122r3,HP_Peak,PLS,size,netfit,residual,log,pbin35-65,r2,0.9583827153143799,8,43,q_arm2,linear
iter05b_arm2,0,gb_eoh_2122r3,HP_Peak,PLS,size,netfit,residual,log,pbin35-65,n_pred_nan,0.0,8,43,q_arm2,linear
iter05b_arm2,0,gb_eoh_2122r3,HP_Peak,PLS,size,netfit,residual,log,pbin35-65,mape_n_excluded,0.0,8,43,q_arm2,linear
iter05b_arm2,0,gb_eoh_2122r3,HP_Peak,PLS,size,netfit,residual,log,p0.1|n10,wape,42.0893367165426,16,15,q_arm2,linear
iter05b_arm2,0,gb_eoh_2122r3,HP_Peak,PLS,size,netfit,residual,log,p0.1|n10,rmse,1.9681149633282262,16,15,q_arm2,linear
iter05b_arm2,0,gb_eoh_2122r3,HP_Peak,PLS,size,netfit,residual,log,p0.1|n10,mae,1.38469818850679,16,15,q_arm2,linear
iter05b_arm2,0,gb_eoh_2122r3,HP_Peak,PLS,size,netfit,residual,log,p0.1|n10,mape,39.83111998425117,16,15,q_arm2,linear
iter05b_arm2,0,gb_eoh_2122r3,HP_Peak,PLS,size,netfit,residual,log,p0.1|n10,r2,-5.068252128918377,16,15,q_arm2,linear
iter05b_arm2,0,gb_eoh_2122r3,HP_Peak,PLS,size,netfit,residual,log,p0.1|n10,n_pred_nan,0.0,16,15,q_arm2,linear
iter05b_arm2,0,gb_eoh_2122r3,HP_Peak,PLS,size,netfit,residual,log,p0.1|n10,mape_n_excluded,0.0,16,15,q_arm2,linear
iter05b_arm2,0,gb_eoh_2122r3,HP_Peak,PLS,size,netfit,residual,log,p0.1|n40,wape,39.522609579309645,6,22,q_arm2,linear
iter05b_arm2,0,gb_eoh_2122r3,HP_Peak,PLS,size,netfit,residual,log,p0.1|n40,rmse,5.615952246164194,6,22,q_arm2,linear
iter05b_arm2,0,gb_eoh_2122r3,HP_Peak,PLS,size,netfit,residual,log,p0.1|n40,mae,4.829832708745161,6,22,q_arm2,linear
iter05b_arm2,0,gb_eoh_2122r3,HP_Peak,PLS,size,netfit,residual,log,p0.1|n40,mape,40.66645664602564,6,22,q_arm2,linear
iter05b_arm2,0,gb_eoh_2122r3,HP_Peak,PLS,size,netfit,residual,log,p0.1|n40,r2,-19.104696703315124,6,22,q_arm2,linear
iter05b_arm2,0,gb_eoh_2122r3,HP_Peak,PLS,size,netfit,residual,log,p0.1|n40,n_pred_nan,0.0,6,22,q_arm2,linear
iter05b_arm2,0,gb_eoh_2122r3,HP_Peak,PLS,size,netfit,residual,log,p0.1|n40,mape_n_excluded,0.0,6,22,q_arm2,linear
iter05b_arm2,0,gb_eoh_2122r3,HP_Peak,PLS,size,netfit,residual,log,p0.5|n10,wape,24.07930072929237,6,24,q_arm2,linear
iter05b_arm2,0,gb_eoh_2122r3,HP_Peak,PLS,size,netfit,residual,log,p0.5|n10,rmse,4.783806051917451,6,24,q_arm2,linear
iter05b_arm2,0,gb_eoh_2122r3,HP_Peak,PLS,size,netfit,residual,log,p0.5|n10,mae,3.990538618432671,6,24,q_arm2,linear
iter05b_arm2,0,gb_eoh_2122r3,HP_Peak,PLS,size,netfit,residual,log,p0.5|n10,mape,23.390277251662457,6,24,q_arm2,linear
iter05b_arm2,0,gb_eoh_2122r3,HP_Peak,PLS,size,netfit,residual,log,p0.5|n10,r2,-4.189654517601833,6,24,q_arm2,linear
iter05b_arm2,0,gb_eoh_2122r3,HP_Peak,PLS,size,netfit,residual,log,p0.5|n10,n_pred_nan,0.0,6,24,q_arm2,linear
iter05b_arm2,0,gb_eoh_2122r3,HP_Peak,PLS,size,netfit,residual,log,p0.5|n10,mape_n_excluded,0.0,6,24,q_arm2,linear
iter05b_arm2,0,gb_eoh_2122r3,HP_Peak,PLS,size,netfit,residual,log,p0.5|n40,wape,7.6423773391679495,2,28,q_arm2,linear
iter05b_arm2,0,gb_eoh_2122r3,HP_Peak,PLS,size,netfit,residual,log,p0.5|n40,rmse,5.623752988875728,2,28,q_arm2,linear
iter05b_arm2,0,gb_eoh_2122r3,HP_Peak,PLS,size,netfit,residual,log,p0.5|n40,mae,5.586442915031711,2,28,q_arm2,linear
iter05b_arm2,0,gb_eoh_2122r3,HP_Peak,PLS,size,netfit,residual,log,p0.5|n40,mape,7.6426278476389,2,28,q_arm2,linear
iter05b_arm2,0,gb_eoh_2122r3,HP_Peak,PLS,size,netfit,residual,log,p0.5|n40,r2,-74187.42189834386,2,28,q_arm2,linear
iter05b_arm2,0,gb_eoh_2122r3,HP_Peak,PLS,size,netfit,residual,log,p0.5|n40,n_pred_nan,0.0,2,28,q_arm2,linear
iter05b_arm2,0,gb_eoh_2122r3,HP_Peak,PLS,size,netfit,residual,log,p0.5|n40,mape_n_excluded,0.0,2,28,q_arm2,linear
iter05b_arm2,0,gb_eoh_2122r3,HP_Peak,Linear,size,both,direct,log,all,wape,30.574567295190896,30,58,q_arm2,linear
iter05b_arm2,0,gb_eoh_2122r3,HP_Peak,Linear,size,both,direct,log,all,rmse,5.513826439425097,30,58,q_arm2,linear
iter05b_arm2,0,gb_eoh_2122r3,HP_Peak,Linear,size,both,direct,log,all,mae,3.78709229973111,30,58,q_arm2,linear
iter05b_arm2,0,gb_eoh_2122r3,HP_Peak,Linear,size,both,direct,log,all,mape,49.222187308269646,30,58,q_arm2,linear
iter05b_arm2,0,gb_eoh_2122r3,HP_Peak,Linear,size,both,direct,log,all,r2,0.8969086097147273,30,58,q_arm2,linear
iter05b_arm2,0,gb_eoh_2122r3,HP_Peak,Linear,size,both,direct,log,all,n_pred_nan,0.0,30,58,q_arm2,linear
iter05b_arm2,0,gb_eoh_2122r3,HP_Peak,Linear,size,both,direct,log,all,mape_n_excluded,0.0,30,58,q_arm2,linear
iter05b_arm2,0,gb_eoh_2122r3,HP_Peak,Linear,size,both,direct,log,all,wape_train,1.8118388215290433e-13,30,58,q_arm2,linear
iter05b_arm2,0,gb_eoh_2122r3,HP_Peak,Linear,size,both,direct,log,all,wape_inner,83.4648897724028,30,58,q_arm2,linear
iter05b_arm2,0,gb_eoh_2122r3,HP_Peak,Linear,size,both,direct,log,all,n_train_sub,111.0,30,58,q_arm2,linear
iter05b_arm2,0,gb_eoh_2122r3,HP_Peak,Linear,size,both,direct,log,all,n_inner_sub,90.0,30,58,q_arm2,linear
iter05b_arm2,0,gb_eoh_2122r3,HP_Peak,Linear,size,both,direct,log,all,n_test_sub,30.0,30,58,q_arm2,linear
iter05b_arm2,0,gb_eoh_2122r3,HP_Peak,Linear,size,both,direct,log,all,n_overlap_sub,0.0,30,58,q_arm2,linear
iter05b_arm2,0,gb_eoh_2122r3,HP_Peak,Linear,size,both,direct,log,pbin<=15,wape,43.918822840302454,22,34,q_arm2,linear
iter05b_arm2,0,gb_eoh_2122r3,HP_Peak,Linear,size,both,direct,log,pbin<=15,rmse,3.266887120347774,22,34,q_arm2,linear
iter05b_arm2,0,gb_eoh_2122r3,HP_Peak,Linear,size,both,direct,log,pbin<=15,mae,2.5145725980179594,22,34,q_arm2,linear
iter05b_arm2,0,gb_eoh_2122r3,HP_Peak,Linear,size,both,direct,log,pbin<=15,mape,55.41212800279459,22,34,q_arm2,linear
iter05b_arm2,0,gb_eoh_2122r3,HP_Peak,Linear,size,both,direct,log,pbin<=15,r2,0.36134976226538607,22,34,q_arm2,linear
iter05b_arm2,0,gb_eoh_2122r3,HP_Peak,Linear,size,both,direct,log,pbin<=15,n_pred_nan,0.0,22,34,q_arm2,linear
iter05b_arm2,0,gb_eoh_2122r3,HP_Peak,Linear,size,both,direct,log,pbin<=15,mape_n_excluded,0.0,22,34,q_arm2,linear
iter05b_arm2,0,gb_eoh_2122r3,HP_Peak,Linear,size,both,direct,log,pbin35-65,wape,23.731565300102265,8,43,q_arm2,linear
iter05b_arm2,0,gb_eoh_2122r3,HP_Peak,Linear,size,both,direct,log,pbin35-65,rmse,9.201034779217943,8,43,q_arm2,linear
iter05b_arm2,0,gb_eoh_2122r3,HP_Peak,Linear,size,both,direct,log,pbin35-65,mae,7.2865214794422775,8,43,q_arm2,linear
iter05b_arm2,0,gb_eoh_2122r3,HP_Peak,Linear,size,both,direct,log,pbin35-65,mape,32.19985039832605,8,43,q_arm2,linear
iter05b_arm2,0,gb_eoh_2122r3,HP_Peak,Linear,size,both,direct,log,pbin35-65,r2,0.8594637286709748,8,43,q_arm2,linear
iter05b_arm2,0,gb_eoh_2122r3,HP_Peak,Linear,size,both,direct,log,pbin35-65,n_pred_nan,0.0,8,43,q_arm2,linear
iter05b_arm2,0,gb_eoh_2122r3,HP_Peak,Linear,size,both,direct,log,pbin35-65,mape_n_excluded,0.0,8,43,q_arm2,linear
iter05b_arm2,0,gb_eoh_2122r3,HP_Peak,Linear,size,both,direct,log,p0.1|n10,wape,72.32807672940218,16,15,q_arm2,linear
iter05b_arm2,0,gb_eoh_2122r3,HP_Peak,Linear,size,both,direct,log,p0.1|n10,rmse,3.319135344783775,16,15,q_arm2,linear
iter05b_arm2,0,gb_eoh_2122r3,HP_Peak,Linear,size,both,direct,log,p0.1|n10,mae,2.379523286381936,16,15,q_arm2,linear
iter05b_arm2,0,gb_eoh_2122r3,HP_Peak,Linear,size,both,direct,log,p0.1|n10,mape,67.11875352760106,16,15,q_arm2,linear
iter05b_arm2,0,gb_eoh_2122r3,HP_Peak,Linear,size,both,direct,log,p0.1|n10,r2,-16.25888021494466,16,15,q_arm2,linear
iter05b_arm2,0,gb_eoh_2122r3,HP_Peak,Linear,size,both,direct,log,p0.1|n10,n_pred_nan,0.0,16,15,q_arm2,linear
iter05b_arm2,0,gb_eoh_2122r3,HP_Peak,Linear,size,both,direct,log,p0.1|n10,mape_n_excluded,0.0,16,15,q_arm2,linear
iter05b_arm2,0,gb_eoh_2122r3,HP_Peak,Linear,size,both,direct,log,p0.1|n40,wape,23.523756304277065,6,22,q_arm2,linear
iter05b_arm2,0,gb_eoh_2122r3,HP_Peak,Linear,size,both,direct,log,p0.1|n40,rmse,3.1232883596242282,6,22,q_arm2,linear
iter05b_arm2,0,gb_eoh_2122r3,HP_Peak,Linear,size,both,direct,log,p0.1|n40,mae,2.874704095714019,6,22,q_arm2,linear
iter05b_arm2,0,gb_eoh_2122r3,HP_Peak,Linear,size,both,direct,log,p0.1|n40,mape,24.194459936643995,6,22,q_arm2,linear
iter05b_arm2,0,gb_eoh_2122r3,HP_Peak,Linear,size,both,direct,log,p0.1|n40,r2,-5.218345931670141,6,22,q_arm2,linear
iter05b_arm2,0,gb_eoh_2122r3,HP_Peak,Linear,size,both,direct,log,p0.1|n40,n_pred_nan,0.0,6,22,q_arm2,linear
iter05b_arm2,0,gb_eoh_2122r3,HP_Peak,Linear,size,both,direct,log,p0.1|n40,mape_n_excluded,0.0,6,22,q_arm2,linear
iter05b_arm2,0,gb_eoh_2122r3,HP_Peak,Linear,size,both,direct,log,p0.5|n10,wape,37.70215977851359,6,24,q_arm2,linear
iter05b_arm2,0,gb_eoh_2122r3,HP_Peak,Linear,size,both,direct,log,p0.5|n10,rmse,8.228959632137398,6,24,q_arm2,linear
iter05b_arm2,0,gb_eoh_2122r3,HP_Peak,Linear,size,both,direct,log,p0.5|n10,mae,6.248184957109377,6,24,q_arm2,linear
iter05b_arm2,0,gb_eoh_2122r3,HP_Peak,Linear,size,both,direct,log,p0.5|n10,mape,38.18928577574117,6,24,q_arm2,linear
iter05b_arm2,0,gb_eoh_2122r3,HP_Peak,Linear,size,both,direct,log,p0.5|n10,r2,-14.356108894536051,6,24,q_arm2,linear
iter05b_arm2,0,gb_eoh_2122r3,HP_Peak,Linear,size,both,direct,log,p0.5|n10,n_pred_nan,0.0,6,24,q_arm2,linear
iter05b_arm2,0,gb_eoh_2122r3,HP_Peak,Linear,size,both,direct,log,p0.5|n10,mape_n_excluded,0.0,6,24,q_arm2,linear
iter05b_arm2,0,gb_eoh_2122r3,HP_Peak,Linear,size,both,direct,log,p0.5|n40,wape,14.22952429140166,2,28,q_arm2,linear
iter05b_arm2,0,gb_eoh_2122r3,HP_Peak,Linear,size,both,direct,log,p0.5|n40,rmse,11.639967102679977,2,28,q_arm2,linear
iter05b_arm2,0,gb_eoh_2122r3,HP_Peak,Linear,size,both,direct,log,p0.5|n40,mae,10.40153104644098,2,28,q_arm2,linear
iter05b_arm2,0,gb_eoh_2122r3,HP_Peak,Linear,size,both,direct,log,p0.5|n40,mape,14.231544266080704,2,28,q_arm2,linear
iter05b_arm2,0,gb_eoh_2122r3,HP_Peak,Linear,size,both,direct,log,p0.5|n40,r2,-317823.3481098829,2,28,q_arm2,linear
iter05b_arm2,0,gb_eoh_2122r3,HP_Peak,Linear,size,both,direct,log,p0.5|n40,n_pred_nan,0.0,2,28,q_arm2,linear
iter05b_arm2,0,gb_eoh_2122r3,HP_Peak,Linear,size,both,direct,log,p0.5|n40,mape_n_excluded,0.0,2,28,q_arm2,linear
iter05b_arm2,0,gb_eoh_2122r3,HP_Peak,Ridge,size,both,direct,log,all,wape,33.53417265893049,30,58,q_arm2,linear
iter05b_arm2,0,gb_eoh_2122r3,HP_Peak,Ridge,size,both,direct,log,all,rmse,8.004034170586237,30,58,q_arm2,linear
iter05b_arm2,0,gb_eoh_2122r3,HP_Peak,Ridge,size,both,direct,log,all,mae,4.153681255023506,30,58,q_arm2,linear
iter05b_arm2,0,gb_eoh_2122r3,HP_Peak,Ridge,size,both,direct,log,all,mape,37.830306057661716,30,58,q_arm2,linear
iter05b_arm2,0,gb_eoh_2122r3,HP_Peak,Ridge,size,both,direct,log,all,r2,0.7827628574986454,30,58,q_arm2,linear
iter05b_arm2,0,gb_eoh_2122r3,HP_Peak,Ridge,size,both,direct,log,all,n_pred_nan,0.0,30,58,q_arm2,linear
iter05b_arm2,0,gb_eoh_2122r3,HP_Peak,Ridge,size,both,direct,log,all,mape_n_excluded,0.0,30,58,q_arm2,linear
iter05b_arm2,0,gb_eoh_2122r3,HP_Peak,Ridge,size,both,direct,log,all,wape_train,25.13498816920141,30,58,q_arm2,linear
iter05b_arm2,0,gb_eoh_2122r3,HP_Peak,Ridge,size,both,direct,log,all,wape_inner,31.831567367722112,30,58,q_arm2,linear
iter05b_arm2,0,gb_eoh_2122r3,HP_Peak,Ridge,size,both,direct,log,all,n_train_sub,111.0,30,58,q_arm2,linear
iter05b_arm2,0,gb_eoh_2122r3,HP_Peak,Ridge,size,both,direct,log,all,n_inner_sub,90.0,30,58,q_arm2,linear
iter05b_arm2,0,gb_eoh_2122r3,HP_Peak,Ridge,size,both,direct,log,all,n_test_sub,30.0,30,58,q_arm2,linear
iter05b_arm2,0,gb_eoh_2122r3,HP_Peak,Ridge,size,both,direct,log,all,n_overlap_sub,0.0,30,58,q_arm2,linear
iter05b_arm2,0,gb_eoh_2122r3,HP_Peak,Ridge,size,both,direct,log,pbin<=15,wape,34.049089648262324,22,34,q_arm2,linear
iter05b_arm2,0,gb_eoh_2122r3,HP_Peak,Ridge,size,both,direct,log,pbin<=15,rmse,3.1380845433613618,22,34,q_arm2,linear
iter05b_arm2,0,gb_eoh_2122r3,HP_Peak,Ridge,size,both,direct,log,pbin<=15,mae,1.9494809350493005,22,34,q_arm2,linear
iter05b_arm2,0,gb_eoh_2122r3,HP_Peak,Ridge,size,both,direct,log,pbin<=15,mape,40.692607570393804,22,34,q_arm2,linear
iter05b_arm2,0,gb_eoh_2122r3,HP_Peak,Ridge,size,both,direct,log,pbin<=15,r2,0.41071674514733136,22,34,q_arm2,linear
iter05b_arm2,0,gb_eoh_2122r3,HP_Peak,Ridge,size,both,direct,log,pbin<=15,n_pred_nan,0.0,22,34,q_arm2,linear
iter05b_arm2,0,gb_eoh_2122r3,HP_Peak,Ridge,size,both,direct,log,pbin<=15,mape_n_excluded,0.0,22,34,q_arm2,linear
iter05b_arm2,0,gb_eoh_2122r3,HP_Peak,Ridge,size,both,direct,log,pbin35-65,wape,33.27012061246069,8,43,q_arm2,linear
iter05b_arm2,0,gb_eoh_2122r3,HP_Peak,Ridge,size,both,direct,log,pbin35-65,rmse,14.600043873603285,8,43,q_arm2,linear
iter05b_arm2,0,gb_eoh_2122r3,HP_Peak,Ridge,size,both,direct,log,pbin35-65,mae,10.215232134952572,8,43,q_arm2,linear
iter05b_arm2,0,gb_eoh_2122r3,HP_Peak,Ridge,size,both,direct,log,pbin35-65,mape,29.958976897648505,8,43,q_arm2,linear
iter05b_arm2,0,gb_eoh_2122r3,HP_Peak,Ridge,size,both,direct,log,pbin35-65,r2,0.646146574751381,8,43,q_arm2,linear
iter05b_arm2,0,gb_eoh_2122r3,HP_Peak,Ridge,size,both,direct,log,pbin35-65,n_pred_nan,0.0,8,43,q_arm2,linear
iter05b_arm2,0,gb_eoh_2122r3,HP_Peak,Ridge,size,both,direct,log,pbin35-65,mape_n_excluded,0.0,8,43,q_arm2,linear
iter05b_arm2,0,gb_eoh_2122r3,HP_Peak,Ridge,size,both,direct,log,p0.1|n10,wape,42.473516250148805,16,15,q_arm2,linear
iter05b_arm2,0,gb_eoh_2122r3,HP_Peak,Ridge,size,both,direct,log,p0.1|n10,rmse,2.328116167025215,16,15,q_arm2,linear
iter05b_arm2,0,gb_eoh_2122r3,HP_Peak,Ridge,size,both,direct,log,p0.1|n10,mae,1.3973373210221955,16,15,q_arm2,linear
iter05b_arm2,0,gb_eoh_2122r3,HP_Peak,Ridge,size,both,direct,log,p0.1|n10,mape,44.93655634072472,16,15,q_arm2,linear
iter05b_arm2,0,gb_eoh_2122r3,HP_Peak,Ridge,size,both,direct,log,p0.1|n10,r2,-7.491256965200424,16,15,q_arm2,linear
iter05b_arm2,0,gb_eoh_2122r3,HP_Peak,Ridge,size,both,direct,log,p0.1|n10,n_pred_nan,0.0,16,15,q_arm2,linear
iter05b_arm2,0,gb_eoh_2122r3,HP_Peak,Ridge,size,both,direct,log,p0.1|n10,mape_n_excluded,0.0,16,15,q_arm2,linear
iter05b_arm2,0,gb_eoh_2122r3,HP_Peak,Ridge,size,both,direct,log,p0.1|n40,wape,28.001175058739765,6,22,q_arm2,linear
iter05b_arm2,0,gb_eoh_2122r3,HP_Peak,Ridge,size,both,direct,log,p0.1|n40,rmse,4.653397379578528,6,22,q_arm2,linear
iter05b_arm2,0,gb_eoh_2122r3,HP_Peak,Ridge,size,both,direct,log,p0.1|n40,mae,3.4218639057882476,6,22,q_arm2,linear
iter05b_arm2,0,gb_eoh_2122r3,HP_Peak,Ridge,size,both,direct,log,p0.1|n40,mape,29.37541084951131,6,22,q_arm2,linear
iter05b_arm2,0,gb_eoh_2122r3,HP_Peak,Ridge,size,both,direct,log,p0.1|n40,r2,-12.803556436629183,6,22,q_arm2,linear
iter05b_arm2,0,gb_eoh_2122r3,HP_Peak,Ridge,size,both,direct,log,p0.1|n40,n_pred_nan,0.0,6,22,q_arm2,linear
iter05b_arm2,0,gb_eoh_2122r3,HP_Peak,Ridge,size,both,direct,log,p0.1|n40,mape_n_excluded,0.0,6,22,q_arm2,linear
iter05b_arm2,0,gb_eoh_2122r3,HP_Peak,Ridge,size,both,direct,log,p0.5|n10,wape,27.79171098846338,6,24,q_arm2,linear
iter05b_arm2,0,gb_eoh_2122r3,HP_Peak,Ridge,size,both,direct,log,p0.5|n10,rmse,5.227593605056626,6,24,q_arm2,linear
iter05b_arm2,0,gb_eoh_2122r3,HP_Peak,Ridge,size,both,direct,log,p0.5|n10,mae,4.6057772698053725,6,24,q_arm2,linear
iter05b_arm2,0,gb_eoh_2122r3,HP_Peak,Ridge,size,both,direct,log,p0.5|n10,mape,27.614029779492714,6,24,q_arm2,linear
iter05b_arm2,0,gb_eoh_2122r3,HP_Peak,Ridge,size,both,direct,log,p0.5|n10,r2,-5.197192055687675,6,24,q_arm2,linear
iter05b_arm2,0,gb_eoh_2122r3,HP_Peak,Ridge,size,both,direct,log,p0.5|n10,n_pred_nan,0.0,6,24,q_arm2,linear
iter05b_arm2,0,gb_eoh_2122r3,HP_Peak,Ridge,size,both,direct,log,p0.5|n10,mape_n_excluded,0.0,6,24,q_arm2,linear
iter05b_arm2,0,gb_eoh_2122r3,HP_Peak,Ridge,size,both,direct,log,p0.5|n40,wape,36.99623785035808,2,28,q_arm2,linear
iter05b_arm2,0,gb_eoh_2122r3,HP_Peak,Ridge,size,both,direct,log,p0.5|n40,rmse,27.76079825483548,2,28,q_arm2,linear
iter05b_arm2,0,gb_eoh_2122r3,HP_Peak,Ridge,size,both,direct,log,p0.5|n40,mae,27.043596730394174,2,28,q_arm2,linear
iter05b_arm2,0,gb_eoh_2122r3,HP_Peak,Ridge,size,both,direct,log,p0.5|n40,mape,36.99381825211589,2,28,q_arm2,linear
iter05b_arm2,0,gb_eoh_2122r3,HP_Peak,Ridge,size,both,direct,log,p0.5|n40,r2,-1807787.2490482652,2,28,q_arm2,linear
iter05b_arm2,0,gb_eoh_2122r3,HP_Peak,Ridge,size,both,direct,log,p0.5|n40,n_pred_nan,0.0,2,28,q_arm2,linear
iter05b_arm2,0,gb_eoh_2122r3,HP_Peak,Ridge,size,both,direct,log,p0.5|n40,mape_n_excluded,0.0,2,28,q_arm2,linear
iter05b_arm2,0,gb_eoh_2122r3,HP_Peak,Lasso,size,both,direct,log,all,wape,27.150773859322097,30,58,q_arm2,linear
iter05b_arm2,0,gb_eoh_2122r3,HP_Peak,Lasso,size,both,direct,log,all,rmse,5.862878943009264,30,58,q_arm2,linear
iter05b_arm2,0,gb_eoh_2122r3,HP_Peak,Lasso,size,both,direct,log,all,mae,3.3630070908821157,30,58,q_arm2,linear
iter05b_arm2,0,gb_eoh_2122r3,HP_Peak,Lasso,size,both,direct,log,all,mape,36.772666057178654,30,58,q_arm2,linear
iter05b_arm2,0,gb_eoh_2122r3,HP_Peak,Lasso,size,both,direct,log,all,r2,0.883443078770283,30,58,q_arm2,linear
iter05b_arm2,0,gb_eoh_2122r3,HP_Peak,Lasso,size,both,direct,log,all,n_pred_nan,0.0,30,58,q_arm2,linear
iter05b_arm2,0,gb_eoh_2122r3,HP_Peak,Lasso,size,both,direct,log,all,mape_n_excluded,0.0,30,58,q_arm2,linear
iter05b_arm2,0,gb_eoh_2122r3,HP_Peak,Lasso,size,both,direct,log,all,wape_train,19.80000126943974,30,58,q_arm2,linear
iter05b_arm2,0,gb_eoh_2122r3,HP_Peak,Lasso,size,both,direct,log,all,wape_inner,28.20867407183496,30,58,q_arm2,linear
iter05b_arm2,0,gb_eoh_2122r3,HP_Peak,Lasso,size,both,direct,log,all,n_train_sub,111.0,30,58,q_arm2,linear
iter05b_arm2,0,gb_eoh_2122r3,HP_Peak,Lasso,size,both,direct,log,all,n_inner_sub,90.0,30,58,q_arm2,linear
iter05b_arm2,0,gb_eoh_2122r3,HP_Peak,Lasso,size,both,direct,log,all,n_test_sub,30.0,30,58,q_arm2,linear
iter05b_arm2,0,gb_eoh_2122r3,HP_Peak,Lasso,size,both,direct,log,all,n_overlap_sub,0.0,30,58,q_arm2,linear
iter05b_arm2,0,gb_eoh_2122r3,HP_Peak,Lasso,size,both,direct,log,pbin<=15,wape,35.641673769191094,22,34,q_arm2,linear
iter05b_arm2,0,gb_eoh_2122r3,HP_Peak,Lasso,size,both,direct,log,pbin<=15,rmse,3.7441506744824715,22,34,q_arm2,linear
iter05b_arm2,0,gb_eoh_2122r3,HP_Peak,Lasso,size,both,direct,log,pbin<=15,mae,2.040664353263577,22,34,q_arm2,linear
iter05b_arm2,0,gb_eoh_2122r3,HP_Peak,Lasso,size,both,direct,log,pbin<=15,mape,40.82389918235462,22,34,q_arm2,linear
iter05b_arm2,0,gb_eoh_2122r3,HP_Peak,Lasso,size,both,direct,log,pbin<=15,r2,0.16111687942555375,22,34,q_arm2,linear
iter05b_arm2,0,gb_eoh_2122r3,HP_Peak,Lasso,size,both,direct,log,pbin<=15,n_pred_nan,0.0,22,34,q_arm2,linear
iter05b_arm2,0,gb_eoh_2122r3,HP_Peak,Lasso,size,both,direct,log,pbin<=15,mape_n_excluded,0.0,22,34,q_arm2,linear
iter05b_arm2,0,gb_eoh_2122r3,HP_Peak,Lasso,size,both,direct,log,pbin35-65,wape,22.796597275479865,8,43,q_arm2,linear
iter05b_arm2,0,gb_eoh_2122r3,HP_Peak,Lasso,size,both,direct,log,pbin35-65,rmse,9.505195099263064,8,43,q_arm2,linear
iter05b_arm2,0,gb_eoh_2122r3,HP_Peak,Lasso,size,both,direct,log,pbin35-65,mae,6.999449619333098,8,43,q_arm2,linear
iter05b_arm2,0,gb_eoh_2122r3,HP_Peak,Lasso,size,both,direct,log,pbin35-65,mape,25.631774962944743,8,43,q_arm2,linear
iter05b_arm2,0,gb_eoh_2122r3,HP_Peak,Lasso,size,both,direct,log,pbin35-65,r2,0.8500186864053658,8,43,q_arm2,linear
iter05b_arm2,0,gb_eoh_2122r3,HP_Peak,Lasso,size,both,direct,log,pbin35-65,n_pred_nan,0.0,8,43,q_arm2,linear
iter05b_arm2,0,gb_eoh_2122r3,HP_Peak,Lasso,size,both,direct,log,pbin35-65,mape_n_excluded,0.0,8,43,q_arm2,linear
iter05b_arm2,0,gb_eoh_2122r3,HP_Peak,Lasso,size,both,direct,log,p0.1|n10,wape,41.03945010530873,16,15,q_arm2,linear
iter05b_arm2,0,gb_eoh_2122r3,HP_Peak,Lasso,size,both,direct,log,p0.1|n10,rmse,1.978317888804094,16,15,q_arm2,linear
iter05b_arm2,0,gb_eoh_2122r3,HP_Peak,Lasso,size,both,direct,log,p0.1|n10,mae,1.3501579414484017,16,15,q_arm2,linear
iter05b_arm2,0,gb_eoh_2122r3,HP_Peak,Lasso,size,both,direct,log,p0.1|n10,mape,43.1019489820279,16,15,q_arm2,linear
iter05b_arm2,0,gb_eoh_2122r3,HP_Peak,Lasso,size,both,direct,log,p0.1|n10,r2,-5.131332192542295,16,15,q_arm2,linear
iter05b_arm2,0,gb_eoh_2122r3,HP_Peak,Lasso,size,both,direct,log,p0.1|n10,n_pred_nan,0.0,16,15,q_arm2,linear
iter05b_arm2,0,gb_eoh_2122r3,HP_Peak,Lasso,size,both,direct,log,p0.1|n10,mape_n_excluded,0.0,16,15,q_arm2,linear
iter05b_arm2,0,gb_eoh_2122r3,HP_Peak,Lasso,size,both,direct,log,p0.1|n40,wape,31.766598135334284,6,22,q_arm2,linear
iter05b_arm2,0,gb_eoh_2122r3,HP_Peak,Lasso,size,both,direct,log,p0.1|n40,rmse,6.400400343004717,6,22,q_arm2,linear
iter05b_arm2,0,gb_eoh_2122r3,HP_Peak,Lasso,size,both,direct,log,p0.1|n40,mae,3.8820147847707105,6,22,q_arm2,linear
iter05b_arm2,0,gb_eoh_2122r3,HP_Peak,Lasso,size,both,direct,log,p0.1|n40,mape,34.749099716559215,6,22,q_arm2,linear
iter05b_arm2,0,gb_eoh_2122r3,HP_Peak,Lasso,size,both,direct,log,p0.1|n40,r2,-25.113494505734426,6,22,q_arm2,linear
iter05b_arm2,0,gb_eoh_2122r3,HP_Peak,Lasso,size,both,direct,log,p0.1|n40,n_pred_nan,0.0,6,22,q_arm2,linear
iter05b_arm2,0,gb_eoh_2122r3,HP_Peak,Lasso,size,both,direct,log,p0.1|n40,mape_n_excluded,0.0,6,22,q_arm2,linear
iter05b_arm2,0,gb_eoh_2122r3,HP_Peak,Lasso,size,both,direct,log,p0.5|n10,wape,27.459637579497315,6,24,q_arm2,linear
iter05b_arm2,0,gb_eoh_2122r3,HP_Peak,Lasso,size,both,direct,log,p0.5|n10,rmse,5.1769705501210375,6,24,q_arm2,linear
iter05b_arm2,0,gb_eoh_2122r3,HP_Peak,Lasso,size,both,direct,log,p0.5|n10,mae,4.550744452302428,6,24,q_arm2,linear
iter05b_arm2,0,gb_eoh_2122r3,HP_Peak,Lasso,size,both,direct,log,p0.5|n10,mape,27.635133000305327,6,24,q_arm2,linear
iter05b_arm2,0,gb_eoh_2122r3,HP_Peak,Lasso,size,both,direct,log,p0.5|n10,r2,-5.077748269411874,6,24,q_arm2,linear
iter05b_arm2,0,gb_eoh_2122r3,HP_Peak,Lasso,size,both,direct,log,p0.5|n10,n_pred_nan,0.0,6,24,q_arm2,linear
iter05b_arm2,0,gb_eoh_2122r3,HP_Peak,Lasso,size,both,direct,log,p0.5|n10,mape_n_excluded,0.0,6,24,q_arm2,linear
iter05b_arm2,0,gb_eoh_2122r3,HP_Peak,Lasso,size,both,direct,log,p0.5|n40,wape,19.625050047302352,2,28,q_arm2,linear
iter05b_arm2,0,gb_eoh_2122r3,HP_Peak,Lasso,size,both,direct,log,p0.5|n40,rmse,16.762811914167525,2,28,q_arm2,linear
iter05b_arm2,0,gb_eoh_2122r3,HP_Peak,Lasso,size,both,direct,log,p0.5|n40,mae,14.345565120425107,2,28,q_arm2,linear
iter05b_arm2,0,gb_eoh_2122r3,HP_Peak,Lasso,size,both,direct,log,p0.5|n40,mape,19.62170085086298,2,28,q_arm2,linear
iter05b_arm2,0,gb_eoh_2122r3,HP_Peak,Lasso,size,both,direct,log,p0.5|n40,r2,-659138.5986775598,2,28,q_arm2,linear
iter05b_arm2,0,gb_eoh_2122r3,HP_Peak,Lasso,size,both,direct,log,p0.5|n40,n_pred_nan,0.0,2,28,q_arm2,linear
iter05b_arm2,0,gb_eoh_2122r3,HP_Peak,Lasso,size,both,direct,log,p0.5|n40,mape_n_excluded,0.0,2,28,q_arm2,linear
iter05b_arm2,0,gb_eoh_2122r3,HP_Peak,ElasticNet,size,both,direct,log,all,wape,22.47251710119259,30,58,q_arm2,linear
iter05b_arm2,0,gb_eoh_2122r3,HP_Peak,ElasticNet,size,both,direct,log,all,rmse,4.887448456257978,30,58,q_arm2,linear
iter05b_arm2,0,gb_eoh_2122r3,HP_Peak,ElasticNet,size,both,direct,log,all,mae,2.7835388690157674,30,58,q_arm2,linear
iter05b_arm2,0,gb_eoh_2122r3,HP_Peak,ElasticNet,size,both,direct,log,all,mape,33.33752026858743,30,58,q_arm2,linear
iter05b_arm2,0,gb_eoh_2122r3,HP_Peak,ElasticNet,size,both,direct,log,all,r2,0.9190008252723738,30,58,q_arm2,linear
iter05b_arm2,0,gb_eoh_2122r3,HP_Peak,ElasticNet,size,both,direct,log,all,n_pred_nan,0.0,30,58,q_arm2,linear
iter05b_arm2,0,gb_eoh_2122r3,HP_Peak,ElasticNet,size,both,direct,log,all,mape_n_excluded,0.0,30,58,q_arm2,linear
iter05b_arm2,0,gb_eoh_2122r3,HP_Peak,ElasticNet,size,both,direct,log,all,wape_train,16.85909679855342,30,58,q_arm2,linear
iter05b_arm2,0,gb_eoh_2122r3,HP_Peak,ElasticNet,size,both,direct,log,all,wape_inner,32.25993543771738,30,58,q_arm2,linear
iter05b_arm2,0,gb_eoh_2122r3,HP_Peak,ElasticNet,size,both,direct,log,all,n_train_sub,111.0,30,58,q_arm2,linear
iter05b_arm2,0,gb_eoh_2122r3,HP_Peak,ElasticNet,size,both,direct,log,all,n_inner_sub,90.0,30,58,q_arm2,linear
iter05b_arm2,0,gb_eoh_2122r3,HP_Peak,ElasticNet,size,both,direct,log,all,n_test_sub,30.0,30,58,q_arm2,linear
iter05b_arm2,0,gb_eoh_2122r3,HP_Peak,ElasticNet,size,both,direct,log,all,n_overlap_sub,0.0,30,58,q_arm2,linear
iter05b_arm2,0,gb_eoh_2122r3,HP_Peak,ElasticNet,size,both,direct,log,pbin<=15,wape,35.57202161692693,22,34,q_arm2,linear
iter05b_arm2,0,gb_eoh_2122r3,HP_Peak,ElasticNet,size,both,direct,log,pbin<=15,rmse,3.4510662239450394,22,34,q_arm2,linear
iter05b_arm2,0,gb_eoh_2122r3,HP_Peak,ElasticNet,size,both,direct,log,pbin<=15,mae,2.036676418657194,22,34,q_arm2,linear
iter05b_arm2,0,gb_eoh_2122r3,HP_Peak,ElasticNet,size,both,direct,log,pbin<=15,mape,39.419184692815826,22,34,q_arm2,linear
iter05b_arm2,0,gb_eoh_2122r3,HP_Peak,ElasticNet,size,both,direct,log,pbin<=15,r2,0.2873087821531636,22,34,q_arm2,linear
iter05b_arm2,0,gb_eoh_2122r3,HP_Peak,ElasticNet,size,both,direct,log,pbin<=15,n_pred_nan,0.0,22,34,q_arm2,linear
iter05b_arm2,0,gb_eoh_2122r3,HP_Peak,ElasticNet,size,both,direct,log,pbin<=15,mape_n_excluded,0.0,22,34,q_arm2,linear
iter05b_arm2,0,gb_eoh_2122r3,HP_Peak,ElasticNet,size,both,direct,log,pbin35-65,wape,15.755024676620364,8,43,q_arm2,linear
iter05b_arm2,0,gb_eoh_2122r3,HP_Peak,ElasticNet,size,both,direct,log,pbin35-65,rmse,7.538216753418552,8,43,q_arm2,linear
iter05b_arm2,0,gb_eoh_2122r3,HP_Peak,ElasticNet,size,both,direct,log,pbin35-65,mae,4.837410607501845,8,43,q_arm2,linear
iter05b_arm2,0,gb_eoh_2122r3,HP_Peak,ElasticNet,size,both,direct,log,pbin35-65,mape,16.61294310195939,8,43,q_arm2,linear
iter05b_arm2,0,gb_eoh_2122r3,HP_Peak,ElasticNet,size,both,direct,log,pbin35-65,r2,0.9056694592376435,8,43,q_arm2,linear
iter05b_arm2,0,gb_eoh_2122r3,HP_Peak,ElasticNet,size,both,direct,log,pbin35-65,n_pred_nan,0.0,8,43,q_arm2,linear
iter05b_arm2,0,gb_eoh_2122r3,HP_Peak,ElasticNet,size,both,direct,log,pbin35-65,mape_n_excluded,0.0,8,43,q_arm2,linear
iter05b_arm2,0,gb_eoh_2122r3,HP_Peak,ElasticNet,size,both,direct,log,p0.1|n10,wape,39.86288673556589,16,15,q_arm2,linear
iter05b_arm2,0,gb_eoh_2122r3,HP_Peak,ElasticNet,size,both,direct,log,p0.1|n10,rmse,1.9530829678938924,16,15,q_arm2,linear
iter05b_arm2,0,gb_eoh_2122r3,HP_Peak,ElasticNet,size,both,direct,log,p0.1|n10,mae,1.3114501524015378,16,15,q_arm2,linear
iter05b_arm2,0,gb_eoh_2122r3,HP_Peak,ElasticNet,size,both,direct,log,p0.1|n10,mape,41.07462747241583,16,15,q_arm2,linear
iter05b_arm2,0,gb_eoh_2122r3,HP_Peak,ElasticNet,size,both,direct,log,p0.1|n10,r2,-4.975910381106538,16,15,q_arm2,linear
iter05b_arm2,0,gb_eoh_2122r3,HP_Peak,ElasticNet,size,both,direct,log,p0.1|n10,n_pred_nan,0.0,16,15,q_arm2,linear
iter05b_arm2,0,gb_eoh_2122r3,HP_Peak,ElasticNet,size,both,direct,log,p0.1|n10,mape_n_excluded,0.0,16,15,q_arm2,linear
iter05b_arm2,0,gb_eoh_2122r3,HP_Peak,ElasticNet,size,both,direct,log,p0.1|n40,wape,32.49160000735663,6,22,q_arm2,linear
iter05b_arm2,0,gb_eoh_2122r3,HP_Peak,ElasticNet,size,both,direct,log,p0.1|n40,rmse,5.787693100213568,6,22,q_arm2,linear
iter05b_arm2,0,gb_eoh_2122r3,HP_Peak,ElasticNet,size,both,direct,log,p0.1|n40,mae,3.9706131286722766,6,22,q_arm2,linear
iter05b_arm2,0,gb_eoh_2122r3,HP_Peak,ElasticNet,size,both,direct,log,p0.1|n40,mape,35.00467061388249,6,22,q_arm2,linear
iter05b_arm2,0,gb_eoh_2122r3,HP_Peak,ElasticNet,size,both,direct,log,p0.1|n40,r2,-20.35313773495955,6,22,q_arm2,linear
iter05b_arm2,0,gb_eoh_2122r3,HP_Peak,ElasticNet,size,both,direct,log,p0.1|n40,n_pred_nan,0.0,6,22,q_arm2,linear
iter05b_arm2,0,gb_eoh_2122r3,HP_Peak,ElasticNet,size,both,direct,log,p0.1|n40,mape_n_excluded,0.0,6,22,q_arm2,linear
iter05b_arm2,0,gb_eoh_2122r3,HP_Peak,ElasticNet,size,both,direct,log,p0.5|n10,wape,17.22308070577583,6,24,q_arm2,linear
iter05b_arm2,0,gb_eoh_2122r3,HP_Peak,ElasticNet,size,both,direct,log,p0.5|n10,rmse,4.170206070181315,6,24,q_arm2,linear
iter05b_arm2,0,gb_eoh_2122r3,HP_Peak,ElasticNet,size,both,direct,log,p0.5|n10,mae,2.854292550164136,6,24,q_arm2,linear
iter05b_arm2,0,gb_eoh_2122r3,HP_Peak,ElasticNet,size,both,direct,log,p0.5|n10,mape,17.232733667483046,6,24,q_arm2,linear
iter05b_arm2,0,gb_eoh_2122r3,HP_Peak,ElasticNet,size,both,direct,log,p0.5|n10,r2,-2.943722531240792,6,24,q_arm2,linear
iter05b_arm2,0,gb_eoh_2122r3,HP_Peak,ElasticNet,size,both,direct,log,p0.5|n10,n_pred_nan,0.0,6,24,q_arm2,linear
iter05b_arm2,0,gb_eoh_2122r3,HP_Peak,ElasticNet,size,both,direct,log,p0.5|n10,mape_n_excluded,0.0,6,24,q_arm2,linear
iter05b_arm2,0,gb_eoh_2122r3,HP_Peak,ElasticNet,size,both,direct,log,p0.5|n40,wape,14.75653254991369,2,28,q_arm2,linear
iter05b_arm2,0,gb_eoh_2122r3,HP_Peak,ElasticNet,size,both,direct,log,p0.5|n40,rmse,13.23355550420027,2,28,q_arm2,linear
iter05b_arm2,0,gb_eoh_2122r3,HP_Peak,ElasticNet,size,both,direct,log,p0.5|n40,mae,10.786764779514968,2,28,q_arm2,linear
iter05b_arm2,0,gb_eoh_2122r3,HP_Peak,ElasticNet,size,both,direct,log,p0.5|n40,mape,14.75357140538842,2,28,q_arm2,linear
iter05b_arm2,0,gb_eoh_2122r3,HP_Peak,ElasticNet,size,both,direct,log,p0.5|n40,r2,-410804.96928496176,2,28,q_arm2,linear
iter05b_arm2,0,gb_eoh_2122r3,HP_Peak,ElasticNet,size,both,direct,log,p0.5|n40,n_pred_nan,0.0,2,28,q_arm2,linear
iter05b_arm2,0,gb_eoh_2122r3,HP_Peak,ElasticNet,size,both,direct,log,p0.5|n40,mape_n_excluded,0.0,2,28,q_arm2,linear
iter05b_arm2,0,gb_eoh_2122r3,HP_Peak,PLS,size,both,direct,log,all,wape,29.925261239991396,30,58,q_arm2,linear
iter05b_arm2,0,gb_eoh_2122r3,HP_Peak,PLS,size,both,direct,log,all,rmse,6.429528161956127,30,58,q_arm2,linear
iter05b_arm2,0,gb_eoh_2122r3,HP_Peak,PLS,size,both,direct,log,all,mae,3.7066665675179973,30,58,q_arm2,linear
iter05b_arm2,0,gb_eoh_2122r3,HP_Peak,PLS,size,both,direct,log,all,mape,37.93841825492628,30,58,q_arm2,linear
iter05b_arm2,0,gb_eoh_2122r3,HP_Peak,PLS,size,both,direct,log,all,r2,0.8598237559008164,30,58,q_arm2,linear
iter05b_arm2,0,gb_eoh_2122r3,HP_Peak,PLS,size,both,direct,log,all,n_pred_nan,0.0,30,58,q_arm2,linear
iter05b_arm2,0,gb_eoh_2122r3,HP_Peak,PLS,size,both,direct,log,all,mape_n_excluded,0.0,30,58,q_arm2,linear
iter05b_arm2,0,gb_eoh_2122r3,HP_Peak,PLS,size,both,direct,log,all,wape_train,13.603677664461813,30,58,q_arm2,linear
iter05b_arm2,0,gb_eoh_2122r3,HP_Peak,PLS,size,both,direct,log,all,wape_inner,56.742743690709524,30,58,q_arm2,linear
iter05b_arm2,0,gb_eoh_2122r3,HP_Peak,PLS,size,both,direct,log,all,n_train_sub,111.0,30,58,q_arm2,linear
iter05b_arm2,0,gb_eoh_2122r3,HP_Peak,PLS,size,both,direct,log,all,n_inner_sub,90.0,30,58,q_arm2,linear
iter05b_arm2,0,gb_eoh_2122r3,HP_Peak,PLS,size,both,direct,log,all,n_test_sub,30.0,30,58,q_arm2,linear
iter05b_arm2,0,gb_eoh_2122r3,HP_Peak,PLS,size,both,direct,log,all,n_overlap_sub,0.0,30,58,q_arm2,linear
iter05b_arm2,0,gb_eoh_2122r3,HP_Peak,PLS,size,both,direct,log,pbin<=15,wape,43.62355876024592,22,34,q_arm2,linear
iter05b_arm2,0,gb_eoh_2122r3,HP_Peak,PLS,size,both,direct,log,pbin<=15,rmse,4.364847408390831,22,34,q_arm2,linear
iter05b_arm2,0,gb_eoh_2122r3,HP_Peak,PLS,size,both,direct,log,pbin<=15,mae,2.4976672504500415,22,34,q_arm2,linear
iter05b_arm2,0,gb_eoh_2122r3,HP_Peak,PLS,size,both,direct,log,pbin<=15,mape,44.29313483464163,22,34,q_arm2,linear
iter05b_arm2,0,gb_eoh_2122r3,HP_Peak,PLS,size,both,direct,log,pbin<=15,r2,-0.1400737656651574,22,34,q_arm2,linear
iter05b_arm2,0,gb_eoh_2122r3,HP_Peak,PLS,size,both,direct,log,pbin<=15,n_pred_nan,0.0,22,34,q_arm2,linear
iter05b_arm2,0,gb_eoh_2122r3,HP_Peak,PLS,size,both,direct,log,pbin<=15,mape_n_excluded,0.0,22,34,q_arm2,linear
iter05b_arm2,0,gb_eoh_2122r3,HP_Peak,PLS,size,both,direct,log,pbin35-65,wape,22.900704722504845,8,43,q_arm2,linear
iter05b_arm2,0,gb_eoh_2122r3,HP_Peak,PLS,size,both,direct,log,pbin35-65,rmse,10.130543715626844,8,43,q_arm2,linear
iter05b_arm2,0,gb_eoh_2122r3,HP_Peak,PLS,size,both,direct,log,pbin35-65,mae,7.031414689454879,8,43,q_arm2,linear
iter05b_arm2,0,gb_eoh_2122r3,HP_Peak,PLS,size,both,direct,log,pbin35-65,mape,20.46294766070909,8,43,q_arm2,linear
iter05b_arm2,0,gb_eoh_2122r3,HP_Peak,PLS,size,both,direct,log,pbin35-65,r2,0.8296349158519413,8,43,q_arm2,linear
iter05b_arm2,0,gb_eoh_2122r3,HP_Peak,PLS,size,both,direct,log,pbin35-65,n_pred_nan,0.0,8,43,q_arm2,linear
iter05b_arm2,0,gb_eoh_2122r3,HP_Peak,PLS,size,both,direct,log,pbin35-65,mape_n_excluded,0.0,8,43,q_arm2,linear
iter05b_arm2,0,gb_eoh_2122r3,HP_Peak,PLS,size,both,direct,log,p0.1|n10,wape,45.85155401741692,16,15,q_arm2,linear
iter05b_arm2,0,gb_eoh_2122r3,HP_Peak,PLS,size,both,direct,log,p0.1|n10,rmse,2.8083048039854894,16,15,q_arm2,linear
iter05b_arm2,0,gb_eoh_2122r3,HP_Peak,PLS,size,both,direct,log,p0.1|n10,mae,1.5084714738016864,16,15,q_arm2,linear
iter05b_arm2,0,gb_eoh_2122r3,HP_Peak,PLS,size,both,direct,log,p0.1|n10,mape,44.352224968744686,16,15,q_arm2,linear
iter05b_arm2,0,gb_eoh_2122r3,HP_Peak,PLS,size,both,direct,log,p0.1|n10,r2,-11.355239722250364,16,15,q_arm2,linear
iter05b_arm2,0,gb_eoh_2122r3,HP_Peak,PLS,size,both,direct,log,p0.1|n10,n_pred_nan,0.0,16,15,q_arm2,linear
iter05b_arm2,0,gb_eoh_2122r3,HP_Peak,PLS,size,both,direct,log,p0.1|n10,mape_n_excluded,0.0,16,15,q_arm2,linear
iter05b_arm2,0,gb_eoh_2122r3,HP_Peak,PLS,size,both,direct,log,p0.1|n40,wape,42.02407601109192,6,22,q_arm2,linear
iter05b_arm2,0,gb_eoh_2122r3,HP_Peak,PLS,size,both,direct,log,p0.1|n40,rmse,6.987565501355338,6,22,q_arm2,linear
iter05b_arm2,0,gb_eoh_2122r3,HP_Peak,PLS,size,both,direct,log,p0.1|n40,mae,5.135522654845656,6,22,q_arm2,linear
iter05b_arm2,0,gb_eoh_2122r3,HP_Peak,PLS,size,both,direct,log,p0.1|n40,mape,44.13556114370018,6,22,q_arm2,linear
iter05b_arm2,0,gb_eoh_2122r3,HP_Peak,PLS,size,both,direct,log,p0.1|n40,r2,-30.124508161013033,6,22,q_arm2,linear
iter05b_arm2,0,gb_eoh_2122r3,HP_Peak,PLS,size,both,direct,log,p0.1|n40,n_pred_nan,0.0,6,22,q_arm2,linear
iter05b_arm2,0,gb_eoh_2122r3,HP_Peak,PLS,size,both,direct,log,p0.1|n40,mape_n_excluded,0.0,6,22,q_arm2,linear
iter05b_arm2,0,gb_eoh_2122r3,HP_Peak,PLS,size,both,direct,log,p0.5|n10,wape,18.938692001365354,6,24,q_arm2,linear
iter05b_arm2,0,gb_eoh_2122r3,HP_Peak,PLS,size,both,direct,log,p0.5|n10,rmse,4.278535705045443,6,24,q_arm2,linear
iter05b_arm2,0,gb_eoh_2122r3,HP_Peak,PLS,size,both,direct,log,p0.5|n10,mae,3.1386119831176402,6,24,q_arm2,linear
iter05b_arm2,0,gb_eoh_2122r3,HP_Peak,PLS,size,both,direct,log,p0.5|n10,mape,18.752415607275328,6,24,q_arm2,linear
iter05b_arm2,0,gb_eoh_2122r3,HP_Peak,PLS,size,both,direct,log,p0.5|n10,r2,-3.1512763056036963,6,24,q_arm2,linear
iter05b_arm2,0,gb_eoh_2122r3,HP_Peak,PLS,size,both,direct,log,p0.5|n10,n_pred_nan,0.0,6,24,q_arm2,linear
iter05b_arm2,0,gb_eoh_2122r3,HP_Peak,PLS,size,both,direct,log,p0.5|n10,mape_n_excluded,0.0,6,24,q_arm2,linear
iter05b_arm2,0,gb_eoh_2122r3,HP_Peak,PLS,size,both,direct,log,p0.5|n40,wape,25.595450991995154,2,28,q_arm2,linear
iter05b_arm2,0,gb_eoh_2122r3,HP_Peak,PLS,size,both,direct,log,p0.5|n40,rmse,18.857201822085376,2,28,q_arm2,linear
iter05b_arm2,0,gb_eoh_2122r3,HP_Peak,PLS,size,both,direct,log,p0.5|n40,mae,18.70982280846659,2,28,q_arm2,linear
iter05b_arm2,0,gb_eoh_2122r3,HP_Peak,PLS,size,both,direct,log,p0.5|n40,mape,25.59454382101039,2,28,q_arm2,linear
iter05b_arm2,0,gb_eoh_2122r3,HP_Peak,PLS,size,both,direct,log,p0.5|n40,r2,-834137.4823085659,2,28,q_arm2,linear
iter05b_arm2,0,gb_eoh_2122r3,HP_Peak,PLS,size,both,direct,log,p0.5|n40,n_pred_nan,0.0,2,28,q_arm2,linear
iter05b_arm2,0,gb_eoh_2122r3,HP_Peak,PLS,size,both,direct,log,p0.5|n40,mape_n_excluded,0.0,2,28,q_arm2,linear
iter05b_arm2,0,gb_eoh_2122r3,HP_Peak,Linear,size,both,residual,log,all,wape,33.054122293517715,30,58,q_arm2,linear
iter05b_arm2,0,gb_eoh_2122r3,HP_Peak,Linear,size,both,residual,log,all,rmse,5.874849810675686,30,58,q_arm2,linear
iter05b_arm2,0,gb_eoh_2122r3,HP_Peak,Linear,size,both,residual,log,all,mae,4.094220232246455,30,58,q_arm2,linear
iter05b_arm2,0,gb_eoh_2122r3,HP_Peak,Linear,size,both,residual,log,all,mape,54.178557010823205,30,58,q_arm2,linear
iter05b_arm2,0,gb_eoh_2122r3,HP_Peak,Linear,size,both,residual,log,all,r2,0.8829666193560115,30,58,q_arm2,linear
iter05b_arm2,0,gb_eoh_2122r3,HP_Peak,Linear,size,both,residual,log,all,n_pred_nan,0.0,30,58,q_arm2,linear
iter05b_arm2,0,gb_eoh_2122r3,HP_Peak,Linear,size,both,residual,log,all,mape_n_excluded,0.0,30,58,q_arm2,linear
iter05b_arm2,0,gb_eoh_2122r3,HP_Peak,Linear,size,both,residual,log,all,n_invalid,0.0,30,58,q_arm2,linear
iter05b_arm2,0,gb_eoh_2122r3,HP_Peak,Linear,size,both,residual,log,all,n_resid_excluded_train,0.0,30,58,q_arm2,linear
iter05b_arm2,0,gb_eoh_2122r3,HP_Peak,Linear,size,both,residual,log,all,n_resid_excluded_inner,0.0,30,58,q_arm2,linear
iter05b_arm2,0,gb_eoh_2122r3,HP_Peak,Linear,size,both,residual,log,all,wape_train,1.6100827612383947e-13,30,58,q_arm2,linear
iter05b_arm2,0,gb_eoh_2122r3,HP_Peak,Linear,size,both,residual,log,all,wape_inner,54.02908091013657,30,58,q_arm2,linear
iter05b_arm2,0,gb_eoh_2122r3,HP_Peak,Linear,size,both,residual,log,all,n_train_sub,111.0,30,58,q_arm2,linear
iter05b_arm2,0,gb_eoh_2122r3,HP_Peak,Linear,size,both,residual,log,all,n_inner_sub,90.0,30,58,q_arm2,linear
iter05b_arm2,0,gb_eoh_2122r3,HP_Peak,Linear,size,both,residual,log,all,n_test_sub,30.0,30,58,q_arm2,linear
iter05b_arm2,0,gb_eoh_2122r3,HP_Peak,Linear,size,both,residual,log,all,n_overlap_sub,0.0,30,58,q_arm2,linear
iter05b_arm2,0,gb_eoh_2122r3,HP_Peak,Linear,size,both,residual,log,pbin<=15,wape,48.537542316153285,22,34,q_arm2,linear
iter05b_arm2,0,gb_eoh_2122r3,HP_Peak,Linear,size,both,residual,log,pbin<=15,rmse,3.929266207427262,22,34,q_arm2,linear
iter05b_arm2,0,gb_eoh_2122r3,HP_Peak,Linear,size,both,residual,log,pbin<=15,mae,2.779017423284283,22,34,q_arm2,linear
iter05b_arm2,0,gb_eoh_2122r3,HP_Peak,Linear,size,both,residual,log,pbin<=15,mape,61.274155699956786,22,34,q_arm2,linear
iter05b_arm2,0,gb_eoh_2122r3,HP_Peak,Linear,size,both,residual,log,pbin<=15,r2,0.07611540173373665,22,34,q_arm2,linear
iter05b_arm2,0,gb_eoh_2122r3,HP_Peak,Linear,size,both,residual,log,pbin<=15,n_pred_nan,0.0,22,34,q_arm2,linear
iter05b_arm2,0,gb_eoh_2122r3,HP_Peak,Linear,size,both,residual,log,pbin<=15,mape_n_excluded,0.0,22,34,q_arm2,linear
iter05b_arm2,0,gb_eoh_2122r3,HP_Peak,Linear,size,both,residual,log,pbin35-65,wape,25.11414589337265,8,43,q_arm2,linear
iter05b_arm2,0,gb_eoh_2122r3,HP_Peak,Linear,size,both,residual,log,pbin35-65,rmse,9.325736462242729,8,43,q_arm2,linear
iter05b_arm2,0,gb_eoh_2122r3,HP_Peak,Linear,size,both,residual,log,pbin35-65,mae,7.711027956892432,8,43,q_arm2,linear
iter05b_arm2,0,gb_eoh_2122r3,HP_Peak,Linear,size,both,residual,log,pbin35-65,mape,34.66566061570585,8,43,q_arm2,linear
iter05b_arm2,0,gb_eoh_2122r3,HP_Peak,Linear,size,both,residual,log,pbin35-65,r2,0.8556285364464189,8,43,q_arm2,linear
iter05b_arm2,0,gb_eoh_2122r3,HP_Peak,Linear,size,both,residual,log,pbin35-65,n_pred_nan,0.0,8,43,q_arm2,linear
iter05b_arm2,0,gb_eoh_2122r3,HP_Peak,Linear,size,both,residual,log,pbin35-65,mape_n_excluded,0.0,8,43,q_arm2,linear
iter05b_arm2,0,gb_eoh_2122r3,HP_Peak,Linear,size,both,residual,log,p0.1|n10,wape,80.2411525293791,16,15,q_arm2,linear
iter05b_arm2,0,gb_eoh_2122r3,HP_Peak,Linear,size,both,residual,log,p0.1|n10,rmse,3.8460675569748313,16,15,q_arm2,linear
iter05b_arm2,0,gb_eoh_2122r3,HP_Peak,Linear,size,both,residual,log,p0.1|n10,mae,2.639855773908126,16,15,q_arm2,linear
iter05b_arm2,0,gb_eoh_2122r3,HP_Peak,Linear,size,both,residual,log,p0.1|n10,mape,74.41474840449328,16,15,q_arm2,linear
iter05b_arm2,0,gb_eoh_2122r3,HP_Peak,Linear,size,both,residual,log,p0.1|n10,r2,-22.173760131487022,16,15,q_arm2,linear
iter05b_arm2,0,gb_eoh_2122r3,HP_Peak,Linear,size,both,residual,log,p0.1|n10,n_pred_nan,0.0,16,15,q_arm2,linear
iter05b_arm2,0,gb_eoh_2122r3,HP_Peak,Linear,size,both,residual,log,p0.1|n10,mape_n_excluded,0.0,16,15,q_arm2,linear
iter05b_arm2,0,gb_eoh_2122r3,HP_Peak,Linear,size,both,residual,log,p0.1|n40,wape,25.77745004991308,6,22,q_arm2,linear
iter05b_arm2,0,gb_eoh_2122r3,HP_Peak,Linear,size,both,residual,log,p0.1|n40,rmse,4.142969023724139,6,22,q_arm2,linear
iter05b_arm2,0,gb_eoh_2122r3,HP_Peak,Linear,size,both,residual,log,p0.1|n40,mae,3.1501151549540336,6,22,q_arm2,linear
iter05b_arm2,0,gb_eoh_2122r3,HP_Peak,Linear,size,both,residual,log,p0.1|n40,mape,26.232575154526117,6,22,q_arm2,linear
iter05b_arm2,0,gb_eoh_2122r3,HP_Peak,Linear,size,both,residual,log,p0.1|n40,r2,-9.94142998613046,6,22,q_arm2,linear
iter05b_arm2,0,gb_eoh_2122r3,HP_Peak,Linear,size,both,residual,log,p0.1|n40,n_pred_nan,0.0,6,22,q_arm2,linear
iter05b_arm2,0,gb_eoh_2122r3,HP_Peak,Linear,size,both,residual,log,p0.1|n40,mape_n_excluded,0.0,6,22,q_arm2,linear
iter05b_arm2,0,gb_eoh_2122r3,HP_Peak,Linear,size,both,residual,log,p0.5|n10,wape,38.469165508553154,6,24,q_arm2,linear
iter05b_arm2,0,gb_eoh_2122r3,HP_Peak,Linear,size,both,residual,log,p0.5|n10,rmse,8.093707452141217,6,24,q_arm2,linear
iter05b_arm2,0,gb_eoh_2122r3,HP_Peak,Linear,size,both,residual,log,p0.5|n10,mae,6.375296870395073,6,24,q_arm2,linear
iter05b_arm2,0,gb_eoh_2122r3,HP_Peak,Linear,size,both,residual,log,p0.5|n10,mape,40.87680265573038,6,24,q_arm2,linear
iter05b_arm2,0,gb_eoh_2122r3,HP_Peak,Linear,size,both,residual,log,p0.5|n10,r2,-13.855467545429544,6,24,q_arm2,linear
iter05b_arm2,0,gb_eoh_2122r3,HP_Peak,Linear,size,both,residual,log,p0.5|n10,n_pred_nan,0.0,6,24,q_arm2,linear
iter05b_arm2,0,gb_eoh_2122r3,HP_Peak,Linear,size,both,residual,log,p0.5|n10,mape_n_excluded,0.0,6,24,q_arm2,linear
iter05b_arm2,0,gb_eoh_2122r3,HP_Peak,Linear,size,both,residual,log,p0.5|n40,wape,16.030785535905846,2,28,q_arm2,linear
iter05b_arm2,0,gb_eoh_2122r3,HP_Peak,Linear,size,both,residual,log,p0.5|n40,rmse,12.302566451365958,2,28,q_arm2,linear
iter05b_arm2,0,gb_eoh_2122r3,HP_Peak,Linear,size,both,residual,log,p0.5|n40,mae,11.718221216384507,2,28,q_arm2,linear
iter05b_arm2,0,gb_eoh_2122r3,HP_Peak,Linear,size,both,residual,log,p0.5|n40,mape,16.032234495632302,2,28,q_arm2,linear
iter05b_arm2,0,gb_eoh_2122r3,HP_Peak,Linear,size,both,residual,log,p0.5|n40,r2,-355037.2123089666,2,28,q_arm2,linear
iter05b_arm2,0,gb_eoh_2122r3,HP_Peak,Linear,size,both,residual,log,p0.5|n40,n_pred_nan,0.0,2,28,q_arm2,linear
iter05b_arm2,0,gb_eoh_2122r3,HP_Peak,Linear,size,both,residual,log,p0.5|n40,mape_n_excluded,0.0,2,28,q_arm2,linear
iter05b_arm2,0,gb_eoh_2122r3,HP_Peak,Ridge,size,both,residual,log,all,wape,28.79603145239558,30,58,q_arm2,linear
iter05b_arm2,0,gb_eoh_2122r3,HP_Peak,Ridge,size,both,residual,log,all,rmse,5.98419462735187,30,58,q_arm2,linear
iter05b_arm2,0,gb_eoh_2122r3,HP_Peak,Ridge,size,both,residual,log,all,mae,3.5667954978167504,30,58,q_arm2,linear
iter05b_arm2,0,gb_eoh_2122r3,HP_Peak,Ridge,size,both,residual,log,all,mape,35.44997211967033,30,58,q_arm2,linear
iter05b_arm2,0,gb_eoh_2122r3,HP_Peak,Ridge,size,both,residual,log,all,r2,0.8785695419531881,30,58,q_arm2,linear
iter05b_arm2,0,gb_eoh_2122r3,HP_Peak,Ridge,size,both,residual,log,all,n_pred_nan,0.0,30,58,q_arm2,linear
iter05b_arm2,0,gb_eoh_2122r3,HP_Peak,Ridge,size,both,residual,log,all,mape_n_excluded,0.0,30,58,q_arm2,linear
iter05b_arm2,0,gb_eoh_2122r3,HP_Peak,Ridge,size,both,residual,log,all,n_invalid,0.0,30,58,q_arm2,linear
iter05b_arm2,0,gb_eoh_2122r3,HP_Peak,Ridge,size,both,residual,log,all,n_resid_excluded_train,0.0,30,58,q_arm2,linear
iter05b_arm2,0,gb_eoh_2122r3,HP_Peak,Ridge,size,both,residual,log,all,n_resid_excluded_inner,0.0,30,58,q_arm2,linear
iter05b_arm2,0,gb_eoh_2122r3,HP_Peak,Ridge,size,both,residual,log,all,wape_train,22.91782342768042,30,58,q_arm2,linear
iter05b_arm2,0,gb_eoh_2122r3,HP_Peak,Ridge,size,both,residual,log,all,wape_inner,26.447270755927992,30,58,q_arm2,linear
iter05b_arm2,0,gb_eoh_2122r3,HP_Peak,Ridge,size,both,residual,log,all,n_train_sub,111.0,30,58,q_arm2,linear
iter05b_arm2,0,gb_eoh_2122r3,HP_Peak,Ridge,size,both,residual,log,all,n_inner_sub,90.0,30,58,q_arm2,linear
iter05b_arm2,0,gb_eoh_2122r3,HP_Peak,Ridge,size,both,residual,log,all,n_test_sub,30.0,30,58,q_arm2,linear
iter05b_arm2,0,gb_eoh_2122r3,HP_Peak,Ridge,size,both,residual,log,all,n_overlap_sub,0.0,30,58,q_arm2,linear
iter05b_arm2,0,gb_eoh_2122r3,HP_Peak,Ridge,size,both,residual,log,pbin<=15,wape,38.63841634092041,22,34,q_arm2,linear
iter05b_arm2,0,gb_eoh_2122r3,HP_Peak,Ridge,size,both,residual,log,pbin<=15,rmse,3.7042594357659215,22,34,q_arm2,linear
iter05b_arm2,0,gb_eoh_2122r3,HP_Peak,Ridge,size,both,residual,log,pbin<=15,mae,2.2122428762487,22,34,q_arm2,linear
iter05b_arm2,0,gb_eoh_2122r3,HP_Peak,Ridge,size,both,residual,log,pbin<=15,mape,39.879060938286074,22,34,q_arm2,linear
iter05b_arm2,0,gb_eoh_2122r3,HP_Peak,Ridge,size,both,residual,log,pbin<=15,r2,0.17889705004154688,22,34,q_arm2,linear
iter05b_arm2,0,gb_eoh_2122r3,HP_Peak,Ridge,size,both,residual,log,pbin<=15,n_pred_nan,0.0,22,34,q_arm2,linear
iter05b_arm2,0,gb_eoh_2122r3,HP_Peak,Ridge,size,both,residual,log,pbin<=15,mape_n_excluded,0.0,22,34,q_arm2,linear
iter05b_arm2,0,gb_eoh_2122r3,HP_Peak,Ridge,size,both,residual,log,pbin35-65,wape,23.748806509728862,8,43,q_arm2,linear
iter05b_arm2,0,gb_eoh_2122r3,HP_Peak,Ridge,size,both,residual,log,pbin35-65,rmse,9.826264071715343,8,43,q_arm2,linear
iter05b_arm2,0,gb_eoh_2122r3,HP_Peak,Ridge,size,both,residual,log,pbin35-65,mae,7.291815207128889,8,43,q_arm2,linear
iter05b_arm2,0,gb_eoh_2122r3,HP_Peak,Ridge,size,both,residual,log,pbin35-65,mape,23.26997786847705,8,43,q_arm2,linear
iter05b_arm2,0,gb_eoh_2122r3,HP_Peak,Ridge,size,both,residual,log,pbin35-65,r2,0.8397153458008744,8,43,q_arm2,linear
iter05b_arm2,0,gb_eoh_2122r3,HP_Peak,Ridge,size,both,residual,log,pbin35-65,n_pred_nan,0.0,8,43,q_arm2,linear
iter05b_arm2,0,gb_eoh_2122r3,HP_Peak,Ridge,size,both,residual,log,pbin35-65,mape_n_excluded,0.0,8,43,q_arm2,linear
iter05b_arm2,0,gb_eoh_2122r3,HP_Peak,Ridge,size,both,residual,log,p0.1|n10,wape,41.73604762883754,16,15,q_arm2,linear
iter05b_arm2,0,gb_eoh_2122r3,HP_Peak,Ridge,size,both,residual,log,p0.1|n10,rmse,1.9994768336880557,16,15,q_arm2,linear
iter05b_arm2,0,gb_eoh_2122r3,HP_Peak,Ridge,size,both,residual,log,p0.1|n10,mae,1.373075321578309,16,15,q_arm2,linear
iter05b_arm2,0,gb_eoh_2122r3,HP_Peak,Ridge,size,both,residual,log,p0.1|n10,mape,40.68614024443833,16,15,q_arm2,linear
iter05b_arm2,0,gb_eoh_2122r3,HP_Peak,Ridge,size,both,residual,log,p0.1|n10,r2,-5.2631879399893995,16,15,q_arm2,linear
iter05b_arm2,0,gb_eoh_2122r3,HP_Peak,Ridge,size,both,residual,log,p0.1|n10,n_pred_nan,0.0,16,15,q_arm2,linear
iter05b_arm2,0,gb_eoh_2122r3,HP_Peak,Ridge,size,both,residual,log,p0.1|n10,mape_n_excluded,0.0,16,15,q_arm2,linear
iter05b_arm2,0,gb_eoh_2122r3,HP_Peak,Ridge,size,both,residual,log,p0.1|n40,wape,36.41461995162544,6,22,q_arm2,linear
iter05b_arm2,0,gb_eoh_2122r3,HP_Peak,Ridge,size,both,residual,log,p0.1|n40,rmse,6.296921384677536,6,22,q_arm2,linear
iter05b_arm2,0,gb_eoh_2122r3,HP_Peak,Ridge,size,both,residual,log,p0.1|n40,mae,4.450023022036411,6,22,q_arm2,linear
iter05b_arm2,0,gb_eoh_2122r3,HP_Peak,Ridge,size,both,residual,log,p0.1|n40,mape,37.72684945521341,6,22,q_arm2,linear
iter05b_arm2,0,gb_eoh_2122r3,HP_Peak,Ridge,size,both,residual,log,p0.1|n40,r2,-24.27593651659248,6,22,q_arm2,linear
iter05b_arm2,0,gb_eoh_2122r3,HP_Peak,Ridge,size,both,residual,log,p0.1|n40,n_pred_nan,0.0,6,22,q_arm2,linear
iter05b_arm2,0,gb_eoh_2122r3,HP_Peak,Ridge,size,both,residual,log,p0.1|n40,mape_n_excluded,0.0,6,22,q_arm2,linear
iter05b_arm2,0,gb_eoh_2122r3,HP_Peak,Ridge,size,both,residual,log,p0.5|n10,wape,22.97471239574811,6,24,q_arm2,linear
iter05b_arm2,0,gb_eoh_2122r3,HP_Peak,Ridge,size,both,residual,log,p0.5|n10,rmse,4.10124310667104,6,24,q_arm2,linear
iter05b_arm2,0,gb_eoh_2122r3,HP_Peak,Ridge,size,both,residual,log,p0.5|n10,mae,3.807480877178733,6,24,q_arm2,linear
iter05b_arm2,0,gb_eoh_2122r3,HP_Peak,Ridge,size,both,residual,log,p0.5|n10,mape,22.935457320069162,6,24,q_arm2,linear
iter05b_arm2,0,gb_eoh_2122r3,HP_Peak,Ridge,size,both,residual,log,p0.5|n10,r2,-2.814365857105136,6,24,q_arm2,linear
iter05b_arm2,0,gb_eoh_2122r3,HP_Peak,Ridge,size,both,residual,log,p0.5|n10,n_pred_nan,0.0,6,24,q_arm2,linear
iter05b_arm2,0,gb_eoh_2122r3,HP_Peak,Ridge,size,both,residual,log,p0.5|n10,mape_n_excluded,0.0,6,24,q_arm2,linear
iter05b_arm2,0,gb_eoh_2122r3,HP_Peak,Ridge,size,both,residual,log,p0.5|n40,wape,24.27530336188539,2,28,q_arm2,linear
iter05b_arm2,0,gb_eoh_2122r3,HP_Peak,Ridge,size,both,residual,log,p0.5|n40,rmse,18.323789929168175,2,28,q_arm2,linear
iter05b_arm2,0,gb_eoh_2122r3,HP_Peak,Ridge,size,both,residual,log,p0.5|n40,mae,17.744818196979356,2,28,q_arm2,linear
iter05b_arm2,0,gb_eoh_2122r3,HP_Peak,Ridge,size,both,residual,log,p0.5|n40,mape,24.273539513700708,2,28,q_arm2,linear
iter05b_arm2,0,gb_eoh_2122r3,HP_Peak,Ridge,size,both,residual,log,p0.5|n40,r2,-787614.5239539149,2,28,q_arm2,linear
iter05b_arm2,0,gb_eoh_2122r3,HP_Peak,Ridge,size,both,residual,log,p0.5|n40,n_pred_nan,0.0,2,28,q_arm2,linear
iter05b_arm2,0,gb_eoh_2122r3,HP_Peak,Ridge,size,both,residual,log,p0.5|n40,mape_n_excluded,0.0,2,28,q_arm2,linear
iter05b_arm2,0,gb_eoh_2122r3,HP_Peak,Lasso,size,both,residual,log,all,wape,37.142492383626305,30,58,q_arm2,linear
iter05b_arm2,0,gb_eoh_2122r3,HP_Peak,Lasso,size,both,residual,log,all,rmse,7.632533034904551,30,58,q_arm2,linear
iter05b_arm2,0,gb_eoh_2122r3,HP_Peak,Lasso,size,both,residual,log,all,mae,4.600622652833993,30,58,q_arm2,linear
iter05b_arm2,0,gb_eoh_2122r3,HP_Peak,Lasso,size,both,residual,log,all,mape,41.07884110951649,30,58,q_arm2,linear
iter05b_arm2,0,gb_eoh_2122r3,HP_Peak,Lasso,size,both,residual,log,all,r2,0.8024606598293326,30,58,q_arm2,linear
iter05b_arm2,0,gb_eoh_2122r3,HP_Peak,Lasso,size,both,residual,log,all,n_pred_nan,0.0,30,58,q_arm2,linear
iter05b_arm2,0,gb_eoh_2122r3,HP_Peak,Lasso,size,both,residual,log,all,mape_n_excluded,0.0,30,58,q_arm2,linear
iter05b_arm2,0,gb_eoh_2122r3,HP_Peak,Lasso,size,both,residual,log,all,n_invalid,0.0,30,58,q_arm2,linear
iter05b_arm2,0,gb_eoh_2122r3,HP_Peak,Lasso,size,both,residual,log,all,n_resid_excluded_train,0.0,30,58,q_arm2,linear
iter05b_arm2,0,gb_eoh_2122r3,HP_Peak,Lasso,size,both,residual,log,all,n_resid_excluded_inner,0.0,30,58,q_arm2,linear
iter05b_arm2,0,gb_eoh_2122r3,HP_Peak,Lasso,size,both,residual,log,all,wape_train,31.690408079432714,30,58,q_arm2,linear
iter05b_arm2,0,gb_eoh_2122r3,HP_Peak,Lasso,size,both,residual,log,all,wape_inner,34.39890626156795,30,58,q_arm2,linear
iter05b_arm2,0,gb_eoh_2122r3,HP_Peak,Lasso,size,both,residual,log,all,n_train_sub,111.0,30,58,q_arm2,linear
iter05b_arm2,0,gb_eoh_2122r3,HP_Peak,Lasso,size,both,residual,log,all,n_inner_sub,90.0,30,58,q_arm2,linear
iter05b_arm2,0,gb_eoh_2122r3,HP_Peak,Lasso,size,both,residual,log,all,n_test_sub,30.0,30,58,q_arm2,linear
iter05b_arm2,0,gb_eoh_2122r3,HP_Peak,Lasso,size,both,residual,log,all,n_overlap_sub,0.0,30,58,q_arm2,linear
iter05b_arm2,0,gb_eoh_2122r3,HP_Peak,Lasso,size,both,residual,log,pbin<=15,wape,45.582169655315504,22,34,q_arm2,linear
iter05b_arm2,0,gb_eoh_2122r3,HP_Peak,Lasso,size,both,residual,log,pbin<=15,rmse,4.396582347552142,22,34,q_arm2,linear
iter05b_arm2,0,gb_eoh_2122r3,HP_Peak,Lasso,size,both,residual,log,pbin<=15,mae,2.6098075349205505,22,34,q_arm2,linear
iter05b_arm2,0,gb_eoh_2122r3,HP_Peak,Lasso,size,both,residual,log,pbin<=15,mape,43.935780505317354,22,34,q_arm2,linear
iter05b_arm2,0,gb_eoh_2122r3,HP_Peak,Lasso,size,both,residual,log,pbin<=15,r2,-0.15671200910145977,22,34,q_arm2,linear
iter05b_arm2,0,gb_eoh_2122r3,HP_Peak,Lasso,size,both,residual,log,pbin<=15,n_pred_nan,0.0,22,34,q_arm2,linear
iter05b_arm2,0,gb_eoh_2122r3,HP_Peak,Lasso,size,both,residual,log,pbin<=15,mape_n_excluded,0.0,22,34,q_arm2,linear
iter05b_arm2,0,gb_eoh_2122r3,HP_Peak,Lasso,size,both,residual,log,pbin35-65,wape,32.81458302871065,8,43,q_arm2,linear
iter05b_arm2,0,gb_eoh_2122r3,HP_Peak,Lasso,size,both,residual,log,pbin35-65,rmse,12.856944701276825,8,43,q_arm2,linear
iter05b_arm2,0,gb_eoh_2122r3,HP_Peak,Lasso,size,both,residual,log,pbin35-65,mae,10.07536422709596,8,43,q_arm2,linear
iter05b_arm2,0,gb_eoh_2122r3,HP_Peak,Lasso,size,both,residual,log,pbin35-65,mape,33.22225777106412,8,43,q_arm2,linear
iter05b_arm2,0,gb_eoh_2122r3,HP_Peak,Lasso,size,both,residual,log,pbin35-65,r2,0.7255958759749725,8,43,q_arm2,linear
iter05b_arm2,0,gb_eoh_2122r3,HP_Peak,Lasso,size,both,residual,log,pbin35-65,n_pred_nan,0.0,8,43,q_arm2,linear
iter05b_arm2,0,gb_eoh_2122r3,HP_Peak,Lasso,size,both,residual,log,pbin35-65,mape_n_excluded,0.0,8,43,q_arm2,linear
iter05b_arm2,0,gb_eoh_2122r3,HP_Peak,Lasso,size,both,residual,log,p0.1|n10,wape,41.172712249661494,16,15,q_arm2,linear
iter05b_arm2,0,gb_eoh_2122r3,HP_Peak,Lasso,size,both,residual,log,p0.1|n10,rmse,2.0463154552210194,16,15,q_arm2,linear
iter05b_arm2,0,gb_eoh_2122r3,HP_Peak,Lasso,size,both,residual,log,p0.1|n10,mae,1.3545421362178405,16,15,q_arm2,linear
iter05b_arm2,0,gb_eoh_2122r3,HP_Peak,Lasso,size,both,residual,log,p0.1|n10,mape,41.39737939016286,16,15,q_arm2,linear
iter05b_arm2,0,gb_eoh_2122r3,HP_Peak,Lasso,size,both,residual,log,p0.1|n10,r2,-5.560060719068839,16,15,q_arm2,linear
iter05b_arm2,0,gb_eoh_2122r3,HP_Peak,Lasso,size,both,residual,log,p0.1|n10,n_pred_nan,0.0,16,15,q_arm2,linear
iter05b_arm2,0,gb_eoh_2122r3,HP_Peak,Lasso,size,both,residual,log,p0.1|n10,mape_n_excluded,0.0,16,15,q_arm2,linear
iter05b_arm2,0,gb_eoh_2122r3,HP_Peak,Lasso,size,both,residual,log,p0.1|n40,wape,48.747728931428306,6,22,q_arm2,linear
iter05b_arm2,0,gb_eoh_2122r3,HP_Peak,Lasso,size,both,residual,log,p0.1|n40,rmse,7.727225551875373,6,22,q_arm2,linear
iter05b_arm2,0,gb_eoh_2122r3,HP_Peak,Lasso,size,both,residual,log,p0.1|n40,mae,5.95718193146111,6,22,q_arm2,linear
iter05b_arm2,0,gb_eoh_2122r3,HP_Peak,Lasso,size,both,residual,log,p0.1|n40,mape,50.70485014572929,6,22,q_arm2,linear
iter05b_arm2,0,gb_eoh_2122r3,HP_Peak,Lasso,size,both,residual,log,p0.1|n40,r2,-37.0625509791011,6,22,q_arm2,linear
iter05b_arm2,0,gb_eoh_2122r3,HP_Peak,Lasso,size,both,residual,log,p0.1|n40,n_pred_nan,0.0,6,22,q_arm2,linear
iter05b_arm2,0,gb_eoh_2122r3,HP_Peak,Lasso,size,both,residual,log,p0.1|n40,mape_n_excluded,0.0,6,22,q_arm2,linear
iter05b_arm2,0,gb_eoh_2122r3,HP_Peak,Lasso,size,both,residual,log,p0.5|n10,wape,34.07661645617026,6,24,q_arm2,linear
iter05b_arm2,0,gb_eoh_2122r3,HP_Peak,Lasso,size,both,residual,log,p0.5|n10,rmse,5.948483399134232,6,24,q_arm2,linear
iter05b_arm2,0,gb_eoh_2122r3,HP_Peak,Lasso,size,both,residual,log,p0.5|n10,mae,5.647342316234359,6,24,q_arm2,linear
iter05b_arm2,0,gb_eoh_2122r3,HP_Peak,Lasso,size,both,residual,log,p0.5|n10,mape,33.64466538567836,6,24,q_arm2,linear
iter05b_arm2,0,gb_eoh_2122r3,HP_Peak,Lasso,size,both,residual,log,p0.5|n10,r2,-7.024238476974052,6,24,q_arm2,linear
iter05b_arm2,0,gb_eoh_2122r3,HP_Peak,Lasso,size,both,residual,log,p0.5|n10,n_pred_nan,0.0,6,24,q_arm2,linear
iter05b_arm2,0,gb_eoh_2122r3,HP_Peak,Lasso,size,both,residual,log,p0.5|n10,mape_n_excluded,0.0,6,24,q_arm2,linear
iter05b_arm2,0,gb_eoh_2122r3,HP_Peak,Lasso,size,both,residual,log,p0.5|n40,wape,31.956216307050862,2,28,q_arm2,linear
iter05b_arm2,0,gb_eoh_2122r3,HP_Peak,Lasso,size,both,residual,log,p0.5|n40,rmse,23.559514934680518,2,28,q_arm2,linear
iter05b_arm2,0,gb_eoh_2122r3,HP_Peak,Lasso,size,both,residual,log,p0.5|n40,mae,23.359429959680757,2,28,q_arm2,linear
iter05b_arm2,0,gb_eoh_2122r3,HP_Peak,Lasso,size,both,residual,log,p0.5|n40,mape,31.955034927221433,2,28,q_arm2,linear
iter05b_arm2,0,gb_eoh_2122r3,HP_Peak,Lasso,size,both,residual,log,p0.5|n40,r2,-1302015.0810370396,2,28,q_arm2,linear
iter05b_arm2,0,gb_eoh_2122r3,HP_Peak,Lasso,size,both,residual,log,p0.5|n40,n_pred_nan,0.0,2,28,q_arm2,linear
iter05b_arm2,0,gb_eoh_2122r3,HP_Peak,Lasso,size,both,residual,log,p0.5|n40,mape_n_excluded,0.0,2,28,q_arm2,linear
iter05b_arm2,0,gb_eoh_2122r3,HP_Peak,ElasticNet,size,both,residual,log,all,wape,35.11369726692897,30,58,q_arm2,linear
iter05b_arm2,0,gb_eoh_2122r3,HP_Peak,ElasticNet,size,both,residual,log,all,rmse,7.212911875839192,30,58,q_arm2,linear
iter05b_arm2,0,gb_eoh_2122r3,HP_Peak,ElasticNet,size,both,residual,log,all,mae,4.349327702688123,30,58,q_arm2,linear
iter05b_arm2,0,gb_eoh_2122r3,HP_Peak,ElasticNet,size,both,residual,log,all,mape,39.24417664146102,30,58,q_arm2,linear
iter05b_arm2,0,gb_eoh_2122r3,HP_Peak,ElasticNet,size,both,residual,log,all,r2,0.8235842051186408,30,58,q_arm2,linear
iter05b_arm2,0,gb_eoh_2122r3,HP_Peak,ElasticNet,size,both,residual,log,all,n_pred_nan,0.0,30,58,q_arm2,linear
iter05b_arm2,0,gb_eoh_2122r3,HP_Peak,ElasticNet,size,both,residual,log,all,mape_n_excluded,0.0,30,58,q_arm2,linear
iter05b_arm2,0,gb_eoh_2122r3,HP_Peak,ElasticNet,size,both,residual,log,all,n_invalid,0.0,30,58,q_arm2,linear
iter05b_arm2,0,gb_eoh_2122r3,HP_Peak,ElasticNet,size,both,residual,log,all,n_resid_excluded_train,0.0,30,58,q_arm2,linear
iter05b_arm2,0,gb_eoh_2122r3,HP_Peak,ElasticNet,size,both,residual,log,all,n_resid_excluded_inner,0.0,30,58,q_arm2,linear
iter05b_arm2,0,gb_eoh_2122r3,HP_Peak,ElasticNet,size,both,residual,log,all,wape_train,29.238836715421275,30,58,q_arm2,linear
iter05b_arm2,0,gb_eoh_2122r3,HP_Peak,ElasticNet,size,both,residual,log,all,wape_inner,31.598433088499853,30,58,q_arm2,linear
iter05b_arm2,0,gb_eoh_2122r3,HP_Peak,ElasticNet,size,both,residual,log,all,n_train_sub,111.0,30,58,q_arm2,linear
iter05b_arm2,0,gb_eoh_2122r3,HP_Peak,ElasticNet,size,both,residual,log,all,n_inner_sub,90.0,30,58,q_arm2,linear
iter05b_arm2,0,gb_eoh_2122r3,HP_Peak,ElasticNet,size,both,residual,log,all,n_test_sub,30.0,30,58,q_arm2,linear
iter05b_arm2,0,gb_eoh_2122r3,HP_Peak,ElasticNet,size,both,residual,log,all,n_overlap_sub,0.0,30,58,q_arm2,linear
iter05b_arm2,0,gb_eoh_2122r3,HP_Peak,ElasticNet,size,both,residual,log,pbin<=15,wape,43.727421313756324,22,34,q_arm2,linear
iter05b_arm2,0,gb_eoh_2122r3,HP_Peak,ElasticNet,size,both,residual,log,pbin<=15,rmse,4.258671955664095,22,34,q_arm2,linear
iter05b_arm2,0,gb_eoh_2122r3,HP_Peak,ElasticNet,size,both,residual,log,pbin<=15,mae,2.5036139018884715,22,34,q_arm2,linear
iter05b_arm2,0,gb_eoh_2122r3,HP_Peak,ElasticNet,size,both,residual,log,pbin<=15,mape,42.21784766261122,22,34,q_arm2,linear
iter05b_arm2,0,gb_eoh_2122r3,HP_Peak,ElasticNet,size,both,residual,log,pbin<=15,r2,-0.08528349004335012,22,34,q_arm2,linear
iter05b_arm2,0,gb_eoh_2122r3,HP_Peak,ElasticNet,size,both,residual,log,pbin<=15,n_pred_nan,0.0,22,34,q_arm2,linear
iter05b_arm2,0,gb_eoh_2122r3,HP_Peak,ElasticNet,size,both,residual,log,pbin<=15,mape_n_excluded,0.0,22,34,q_arm2,linear
iter05b_arm2,0,gb_eoh_2122r3,HP_Peak,ElasticNet,size,both,residual,log,pbin35-65,wape,30.69653584205087,8,43,q_arm2,linear
iter05b_arm2,0,gb_eoh_2122r3,HP_Peak,ElasticNet,size,both,residual,log,pbin35-65,rmse,12.050853816678018,8,43,q_arm2,linear
iter05b_arm2,0,gb_eoh_2122r3,HP_Peak,ElasticNet,size,both,residual,log,pbin35-65,mae,9.425040654887166,8,43,q_arm2,linear
iter05b_arm2,0,gb_eoh_2122r3,HP_Peak,ElasticNet,size,both,residual,log,pbin35-65,mape,31.06658133329795,8,43,q_arm2,linear
iter05b_arm2,0,gb_eoh_2122r3,HP_Peak,ElasticNet,size,both,residual,log,pbin35-65,r2,0.758925808639842,8,43,q_arm2,linear
iter05b_arm2,0,gb_eoh_2122r3,HP_Peak,ElasticNet,size,both,residual,log,pbin35-65,n_pred_nan,0.0,8,43,q_arm2,linear
iter05b_arm2,0,gb_eoh_2122r3,HP_Peak,ElasticNet,size,both,residual,log,pbin35-65,mape_n_excluded,0.0,8,43,q_arm2,linear
iter05b_arm2,0,gb_eoh_2122r3,HP_Peak,ElasticNet,size,both,residual,log,p0.1|n10,wape,40.204021050845675,16,15,q_arm2,linear
iter05b_arm2,0,gb_eoh_2122r3,HP_Peak,ElasticNet,size,both,residual,log,p0.1|n10,rmse,2.021771215502985,16,15,q_arm2,linear
iter05b_arm2,0,gb_eoh_2122r3,HP_Peak,ElasticNet,size,both,residual,log,p0.1|n10,mae,1.3226731391543742,16,15,q_arm2,linear
iter05b_arm2,0,gb_eoh_2122r3,HP_Peak,ElasticNet,size,both,residual,log,p0.1|n10,mape,39.9839567165851,16,15,q_arm2,linear
iter05b_arm2,0,gb_eoh_2122r3,HP_Peak,ElasticNet,size,both,residual,log,p0.1|n10,r2,-5.403637048945778,16,15,q_arm2,linear
iter05b_arm2,0,gb_eoh_2122r3,HP_Peak,ElasticNet,size,both,residual,log,p0.1|n10,n_pred_nan,0.0,16,15,q_arm2,linear
iter05b_arm2,0,gb_eoh_2122r3,HP_Peak,ElasticNet,size,both,residual,log,p0.1|n10,mape_n_excluded,0.0,16,15,q_arm2,linear
iter05b_arm2,0,gb_eoh_2122r3,HP_Peak,ElasticNet,size,both,residual,log,p0.1|n40,wape,46.256878196912425,6,22,q_arm2,linear
iter05b_arm2,0,gb_eoh_2122r3,HP_Peak,ElasticNet,size,both,residual,log,p0.1|n40,rmse,7.456511344743532,6,22,q_arm2,linear
iter05b_arm2,0,gb_eoh_2122r3,HP_Peak,ElasticNet,size,both,residual,log,p0.1|n40,mae,5.6527892691794,6,22,q_arm2,linear
iter05b_arm2,0,gb_eoh_2122r3,HP_Peak,ElasticNet,size,both,residual,log,p0.1|n40,mape,48.17489018534748,6,22,q_arm2,linear
iter05b_arm2,0,gb_eoh_2122r3,HP_Peak,ElasticNet,size,both,residual,log,p0.1|n40,r2,-34.44231484606832,6,22,q_arm2,linear
iter05b_arm2,0,gb_eoh_2122r3,HP_Peak,ElasticNet,size,both,residual,log,p0.1|n40,n_pred_nan,0.0,6,22,q_arm2,linear
iter05b_arm2,0,gb_eoh_2122r3,HP_Peak,ElasticNet,size,both,residual,log,p0.1|n40,mape_n_excluded,0.0,6,22,q_arm2,linear
iter05b_arm2,0,gb_eoh_2122r3,HP_Peak,ElasticNet,size,both,residual,log,p0.5|n10,wape,31.78820497539323,6,24,q_arm2,linear
iter05b_arm2,0,gb_eoh_2122r3,HP_Peak,ElasticNet,size,both,residual,log,p0.5|n10,rmse,5.544157545862908,6,24,q_arm2,linear
iter05b_arm2,0,gb_eoh_2122r3,HP_Peak,ElasticNet,size,both,residual,log,p0.5|n10,mae,5.268095655728293,6,24,q_arm2,linear
iter05b_arm2,0,gb_eoh_2122r3,HP_Peak,ElasticNet,size,both,residual,log,p0.5|n10,mape,31.43781882278108,6,24,q_arm2,linear
iter05b_arm2,0,gb_eoh_2122r3,HP_Peak,ElasticNet,size,both,residual,log,p0.5|n10,r2,-5.970476145810883,6,24,q_arm2,linear
iter05b_arm2,0,gb_eoh_2122r3,HP_Peak,ElasticNet,size,both,residual,log,p0.5|n10,n_pred_nan,0.0,6,24,q_arm2,linear
iter05b_arm2,0,gb_eoh_2122r3,HP_Peak,ElasticNet,size,both,residual,log,p0.5|n10,mape_n_excluded,0.0,6,24,q_arm2,linear
iter05b_arm2,0,gb_eoh_2122r3,HP_Peak,ElasticNet,size,both,residual,log,p0.5|n40,wape,29.95404167768433,2,28,q_arm2,linear
iter05b_arm2,0,gb_eoh_2122r3,HP_Peak,ElasticNet,size,both,residual,log,p0.5|n40,rmse,22.106091064765987,2,28,q_arm2,linear
iter05b_arm2,0,gb_eoh_2122r3,HP_Peak,ElasticNet,size,both,residual,log,p0.5|n40,mae,21.89587565236378,2,28,q_arm2,linear
iter05b_arm2,0,gb_eoh_2122r3,HP_Peak,ElasticNet,size,both,residual,log,p0.5|n40,mape,29.95286886484857,2,28,q_arm2,linear
iter05b_arm2,0,gb_eoh_2122r3,HP_Peak,ElasticNet,size,both,residual,log,p0.5|n40,r2,-1146323.484262436,2,28,q_arm2,linear
iter05b_arm2,0,gb_eoh_2122r3,HP_Peak,ElasticNet,size,both,residual,log,p0.5|n40,n_pred_nan,0.0,2,28,q_arm2,linear
iter05b_arm2,0,gb_eoh_2122r3,HP_Peak,ElasticNet,size,both,residual,log,p0.5|n40,mape_n_excluded,0.0,2,28,q_arm2,linear
iter05b_arm2,0,gb_eoh_2122r3,HP_Peak,PLS,size,both,residual,log,all,wape,31.37665395981611,30,58,q_arm2,linear
iter05b_arm2,0,gb_eoh_2122r3,HP_Peak,PLS,size,both,residual,log,all,rmse,6.505867029522031,30,58,q_arm2,linear
iter05b_arm2,0,gb_eoh_2122r3,HP_Peak,PLS,size,both,residual,log,all,mae,3.88644206981917,30,58,q_arm2,linear
iter05b_arm2,0,gb_eoh_2122r3,HP_Peak,PLS,size,both,residual,log,all,mape,42.37649946970252,30,58,q_arm2,linear
iter05b_arm2,0,gb_eoh_2122r3,HP_Peak,PLS,size,both,residual,log,all,r2,0.8564753227875176,30,58,q_arm2,linear
iter05b_arm2,0,gb_eoh_2122r3,HP_Peak,PLS,size,both,residual,log,all,n_pred_nan,0.0,30,58,q_arm2,linear
iter05b_arm2,0,gb_eoh_2122r3,HP_Peak,PLS,size,both,residual,log,all,mape_n_excluded,0.0,30,58,q_arm2,linear
iter05b_arm2,0,gb_eoh_2122r3,HP_Peak,PLS,size,both,residual,log,all,n_invalid,0.0,30,58,q_arm2,linear
iter05b_arm2,0,gb_eoh_2122r3,HP_Peak,PLS,size,both,residual,log,all,n_resid_excluded_train,0.0,30,58,q_arm2,linear
iter05b_arm2,0,gb_eoh_2122r3,HP_Peak,PLS,size,both,residual,log,all,n_resid_excluded_inner,0.0,30,58,q_arm2,linear
iter05b_arm2,0,gb_eoh_2122r3,HP_Peak,PLS,size,both,residual,log,all,wape_train,15.357924468814963,30,58,q_arm2,linear
iter05b_arm2,0,gb_eoh_2122r3,HP_Peak,PLS,size,both,residual,log,all,wape_inner,35.855467009503066,30,58,q_arm2,linear
iter05b_arm2,0,gb_eoh_2122r3,HP_Peak,PLS,size,both,residual,log,all,n_train_sub,111.0,30,58,q_arm2,linear
iter05b_arm2,0,gb_eoh_2122r3,HP_Peak,PLS,size,both,residual,log,all,n_inner_sub,90.0,30,58,q_arm2,linear
iter05b_arm2,0,gb_eoh_2122r3,HP_Peak,PLS,size,both,residual,log,all,n_test_sub,30.0,30,58,q_arm2,linear
iter05b_arm2,0,gb_eoh_2122r3,HP_Peak,PLS,size,both,residual,log,all,n_overlap_sub,0.0,30,58,q_arm2,linear
iter05b_arm2,0,gb_eoh_2122r3,HP_Peak,PLS,size,both,residual,log,pbin<=15,wape,51.9523626916621,22,34,q_arm2,linear
iter05b_arm2,0,gb_eoh_2122r3,HP_Peak,PLS,size,both,residual,log,pbin<=15,rmse,4.845831579696336,22,34,q_arm2,linear
iter05b_arm2,0,gb_eoh_2122r3,HP_Peak,PLS,size,both,residual,log,pbin<=15,mae,2.9745329946972787,22,34,q_arm2,linear
iter05b_arm2,0,gb_eoh_2122r3,HP_Peak,PLS,size,both,residual,log,pbin<=15,mape,51.29054741610729,22,34,q_arm2,linear
iter05b_arm2,0,gb_eoh_2122r3,HP_Peak,PLS,size,both,residual,log,pbin<=15,r2,-0.4051783584292614,22,34,q_arm2,linear
iter05b_arm2,0,gb_eoh_2122r3,HP_Peak,PLS,size,both,residual,log,pbin<=15,n_pred_nan,0.0,22,34,q_arm2,linear
iter05b_arm2,0,gb_eoh_2122r3,HP_Peak,PLS,size,both,residual,log,pbin<=15,mape_n_excluded,0.0,22,34,q_arm2,linear
iter05b_arm2,0,gb_eoh_2122r3,HP_Peak,PLS,size,both,residual,log,pbin35-65,wape,20.825326054981087,8,43,q_arm2,linear
iter05b_arm2,0,gb_eoh_2122r3,HP_Peak,PLS,size,both,residual,log,pbin35-65,rmse,9.70298493249271,8,43,q_arm2,linear
iter05b_arm2,0,gb_eoh_2122r3,HP_Peak,PLS,size,both,residual,log,pbin35-65,mae,6.394192026404372,8,43,q_arm2,linear
iter05b_arm2,0,gb_eoh_2122r3,HP_Peak,PLS,size,both,residual,log,pbin35-65,mape,17.86286761708942,8,43,q_arm2,linear
iter05b_arm2,0,gb_eoh_2122r3,HP_Peak,PLS,size,both,residual,log,pbin35-65,r2,0.8437119415151891,8,43,q_arm2,linear
iter05b_arm2,0,gb_eoh_2122r3,HP_Peak,PLS,size,both,residual,log,pbin35-65,n_pred_nan,0.0,8,43,q_arm2,linear
iter05b_arm2,0,gb_eoh_2122r3,HP_Peak,PLS,size,both,residual,log,pbin35-65,mape_n_excluded,0.0,8,43,q_arm2,linear
iter05b_arm2,0,gb_eoh_2122r3,HP_Peak,PLS,size,both,residual,log,p0.1|n10,wape,52.828944164977976,16,15,q_arm2,linear
iter05b_arm2,0,gb_eoh_2122r3,HP_Peak,PLS,size,both,residual,log,p0.1|n10,rmse,2.9067457926216504,16,15,q_arm2,linear
iter05b_arm2,0,gb_eoh_2122r3,HP_Peak,PLS,size,both,residual,log,p0.1|n10,mae,1.7380208145979164,16,15,q_arm2,linear
iter05b_arm2,0,gb_eoh_2122r3,HP_Peak,PLS,size,both,residual,log,p0.1|n10,mape,51.01780511032842,16,15,q_arm2,linear
iter05b_arm2,0,gb_eoh_2122r3,HP_Peak,PLS,size,both,residual,log,p0.1|n10,r2,-12.236610681752644,16,15,q_arm2,linear
iter05b_arm2,0,gb_eoh_2122r3,HP_Peak,PLS,size,both,residual,log,p0.1|n10,n_pred_nan,0.0,16,15,q_arm2,linear
iter05b_arm2,0,gb_eoh_2122r3,HP_Peak,PLS,size,both,residual,log,p0.1|n10,mape_n_excluded,0.0,16,15,q_arm2,linear
iter05b_arm2,0,gb_eoh_2122r3,HP_Peak,PLS,size,both,residual,log,p0.1|n40,wape,51.3230629028569,6,22,q_arm2,linear
iter05b_arm2,0,gb_eoh_2122r3,HP_Peak,PLS,size,both,residual,log,p0.1|n40,rmse,7.973070338399878,6,22,q_arm2,linear
iter05b_arm2,0,gb_eoh_2122r3,HP_Peak,PLS,size,both,residual,log,p0.1|n40,mae,6.271898808295579,6,22,q_arm2,linear
iter05b_arm2,0,gb_eoh_2122r3,HP_Peak,PLS,size,both,residual,log,p0.1|n40,mape,52.01786023151761,6,22,q_arm2,linear
iter05b_arm2,0,gb_eoh_2122r3,HP_Peak,PLS,size,both,residual,log,p0.1|n40,r2,-39.52302936044508,6,22,q_arm2,linear
iter05b_arm2,0,gb_eoh_2122r3,HP_Peak,PLS,size,both,residual,log,p0.1|n40,n_pred_nan,0.0,6,22,q_arm2,linear
iter05b_arm2,0,gb_eoh_2122r3,HP_Peak,PLS,size,both,residual,log,p0.1|n40,mape_n_excluded,0.0,6,22,q_arm2,linear
iter05b_arm2,0,gb_eoh_2122r3,HP_Peak,PLS,size,both,residual,log,p0.5|n10,wape,16.942607983610515,6,24,q_arm2,linear
iter05b_arm2,0,gb_eoh_2122r3,HP_Peak,PLS,size,both,residual,log,p0.5|n10,rmse,4.5338049177359645,6,24,q_arm2,linear
iter05b_arm2,0,gb_eoh_2122r3,HP_Peak,PLS,size,both,residual,log,p0.5|n10,mae,2.807811248991795,6,24,q_arm2,linear
iter05b_arm2,0,gb_eoh_2122r3,HP_Peak,PLS,size,both,residual,log,p0.5|n10,mape,15.995695251412823,6,24,q_arm2,linear
iter05b_arm2,0,gb_eoh_2122r3,HP_Peak,PLS,size,both,residual,log,p0.5|n10,r2,-3.6614065045897233,6,24,q_arm2,linear
iter05b_arm2,0,gb_eoh_2122r3,HP_Peak,PLS,size,both,residual,log,p0.5|n10,n_pred_nan,0.0,6,24,q_arm2,linear
iter05b_arm2,0,gb_eoh_2122r3,HP_Peak,PLS,size,both,residual,log,p0.5|n10,mape_n_excluded,0.0,6,24,q_arm2,linear
iter05b_arm2,0,gb_eoh_2122r3,HP_Peak,PLS,size,both,residual,log,p0.5|n40,wape,23.46614040231597,2,28,q_arm2,linear
iter05b_arm2,0,gb_eoh_2122r3,HP_Peak,PLS,size,both,residual,log,p0.5|n40,rmse,17.746140574909848,2,28,q_arm2,linear
iter05b_arm2,0,gb_eoh_2122r3,HP_Peak,PLS,size,both,residual,log,p0.5|n40,mae,17.153334358642105,2,28,q_arm2,linear
iter05b_arm2,0,gb_eoh_2122r3,HP_Peak,PLS,size,both,residual,log,p0.5|n40,mape,23.46438471411921,2,28,q_arm2,linear
iter05b_arm2,0,gb_eoh_2122r3,HP_Peak,PLS,size,both,residual,log,p0.5|n40,r2,-738738.7939720076,2,28,q_arm2,linear
iter05b_arm2,0,gb_eoh_2122r3,HP_Peak,PLS,size,both,residual,log,p0.5|n40,n_pred_nan,0.0,2,28,q_arm2,linear
iter05b_arm2,0,gb_eoh_2122r3,HP_Peak,PLS,size,both,residual,log,p0.5|n40,mape_n_excluded,0.0,2,28,q_arm2,linear
iter05b_arm2,0,gb_eoh_2122r3,HP_Peak,Linear,size_peak,netfit,direct,log,all,wape,28.643181013417706,30,58,q_arm2,linear
iter05b_arm2,0,gb_eoh_2122r3,HP_Peak,Linear,size_peak,netfit,direct,log,all,rmse,6.976487398040751,30,58,q_arm2,linear
iter05b_arm2,0,gb_eoh_2122r3,HP_Peak,Linear,size_peak,netfit,direct,log,all,mae,3.5478628105647982,30,58,q_arm2,linear
iter05b_arm2,0,gb_eoh_2122r3,HP_Peak,Linear,size_peak,netfit,direct,log,all,mape,30.21712396197244,30,58,q_arm2,linear
iter05b_arm2,0,gb_eoh_2122r3,HP_Peak,Linear,size_peak,netfit,direct,log,all,r2,0.8349597618677049,30,58,q_arm2,linear
iter05b_arm2,0,gb_eoh_2122r3,HP_Peak,Linear,size_peak,netfit,direct,log,all,n_pred_nan,0.0,30,58,q_arm2,linear
iter05b_arm2,0,gb_eoh_2122r3,HP_Peak,Linear,size_peak,netfit,direct,log,all,mape_n_excluded,0.0,30,58,q_arm2,linear
iter05b_arm2,0,gb_eoh_2122r3,HP_Peak,Linear,size_peak,netfit,direct,log,all,wape_train,20.515956706651266,30,58,q_arm2,linear
iter05b_arm2,0,gb_eoh_2122r3,HP_Peak,Linear,size_peak,netfit,direct,log,all,wape_inner,38.36372245316118,30,58,q_arm2,linear
iter05b_arm2,0,gb_eoh_2122r3,HP_Peak,Linear,size_peak,netfit,direct,log,all,n_train_sub,111.0,30,58,q_arm2,linear
iter05b_arm2,0,gb_eoh_2122r3,HP_Peak,Linear,size_peak,netfit,direct,log,all,n_inner_sub,90.0,30,58,q_arm2,linear
iter05b_arm2,0,gb_eoh_2122r3,HP_Peak,Linear,size_peak,netfit,direct,log,all,n_test_sub,30.0,30,58,q_arm2,linear
iter05b_arm2,0,gb_eoh_2122r3,HP_Peak,Linear,size_peak,netfit,direct,log,all,n_overlap_sub,0.0,30,58,q_arm2,linear
iter05b_arm2,0,gb_eoh_2122r3,HP_Peak,Linear,size_peak,netfit,direct,log,pbin<=15,wape,32.82247262818708,22,34,q_arm2,linear
iter05b_arm2,0,gb_eoh_2122r3,HP_Peak,Linear,size_peak,netfit,direct,log,pbin<=15,rmse,2.7162784768863335,22,34,q_arm2,linear
iter05b_arm2,0,gb_eoh_2122r3,HP_Peak,Linear,size_peak,netfit,direct,log,pbin<=15,mae,1.879250966496655,22,34,q_arm2,linear
iter05b_arm2,0,gb_eoh_2122r3,HP_Peak,Linear,size_peak,netfit,direct,log,pbin<=15,mape,33.52478707078949,22,34,q_arm2,linear
iter05b_arm2,0,gb_eoh_2122r3,HP_Peak,Linear,size_peak,netfit,direct,log,pbin<=15,r2,0.5584870914780231,22,34,q_arm2,linear
iter05b_arm2,0,gb_eoh_2122r3,HP_Peak,Linear,size_peak,netfit,direct,log,pbin<=15,n_pred_nan,0.0,22,34,q_arm2,linear
iter05b_arm2,0,gb_eoh_2122r3,HP_Peak,Linear,size_peak,netfit,direct,log,pbin<=15,mape_n_excluded,0.0,22,34,q_arm2,linear
iter05b_arm2,0,gb_eoh_2122r3,HP_Peak,Linear,size_peak,netfit,direct,log,pbin35-65,wape,26.500019054232897,8,43,q_arm2,linear
iter05b_arm2,0,gb_eoh_2122r3,HP_Peak,Linear,size_peak,netfit,direct,log,pbin35-65,rmse,12.736863721314657,8,43,q_arm2,linear
iter05b_arm2,0,gb_eoh_2122r3,HP_Peak,Linear,size_peak,netfit,direct,log,pbin35-65,mae,8.136545381752192,8,43,q_arm2,linear
iter05b_arm2,0,gb_eoh_2122r3,HP_Peak,Linear,size_peak,netfit,direct,log,pbin35-65,mape,21.121050412725573,8,43,q_arm2,linear
iter05b_arm2,0,gb_eoh_2122r3,HP_Peak,Linear,size_peak,netfit,direct,log,pbin35-65,r2,0.7306976852665905,8,43,q_arm2,linear
iter05b_arm2,0,gb_eoh_2122r3,HP_Peak,Linear,size_peak,netfit,direct,log,pbin35-65,n_pred_nan,0.0,8,43,q_arm2,linear
iter05b_arm2,0,gb_eoh_2122r3,HP_Peak,Linear,size_peak,netfit,direct,log,pbin35-65,mape_n_excluded,0.0,8,43,q_arm2,linear
iter05b_arm2,0,gb_eoh_2122r3,HP_Peak,Linear,size_peak,netfit,direct,log,p0.1|n10,wape,34.41483335003049,16,15,q_arm2,linear
iter05b_arm2,0,gb_eoh_2122r3,HP_Peak,Linear,size_peak,netfit,direct,log,p0.1|n10,rmse,1.4185307756908223,16,15,q_arm2,linear
iter05b_arm2,0,gb_eoh_2122r3,HP_Peak,Linear,size_peak,netfit,direct,log,p0.1|n10,mae,1.1322145017034804,16,15,q_arm2,linear
iter05b_arm2,0,gb_eoh_2122r3,HP_Peak,Linear,size_peak,netfit,direct,log,p0.1|n10,mape,33.84620646403351,16,15,q_arm2,linear
iter05b_arm2,0,gb_eoh_2122r3,HP_Peak,Linear,size_peak,netfit,direct,log,p0.1|n10,r2,-2.1523919902341997,16,15,q_arm2,linear
iter05b_arm2,0,gb_eoh_2122r3,HP_Peak,Linear,size_peak,netfit,direct,log,p0.1|n10,n_pred_nan,0.0,16,15,q_arm2,linear
iter05b_arm2,0,gb_eoh_2122r3,HP_Peak,Linear,size_peak,netfit,direct,log,p0.1|n10,mape_n_excluded,0.0,16,15,q_arm2,linear
iter05b_arm2,0,gb_eoh_2122r3,HP_Peak,Linear,size_peak,netfit,direct,log,p0.1|n40,wape,31.679313325301955,6,22,q_arm2,linear
iter05b_arm2,0,gb_eoh_2122r3,HP_Peak,Linear,size_peak,netfit,direct,log,p0.1|n40,rmse,4.656966820843058,6,22,q_arm2,linear
iter05b_arm2,0,gb_eoh_2122r3,HP_Peak,Linear,size_peak,netfit,direct,log,p0.1|n40,mae,3.87134820594512,6,22,q_arm2,linear
iter05b_arm2,0,gb_eoh_2122r3,HP_Peak,Linear,size_peak,netfit,direct,log,p0.1|n40,mape,32.66766868880544,6,22,q_arm2,linear
iter05b_arm2,0,gb_eoh_2122r3,HP_Peak,Linear,size_peak,netfit,direct,log,p0.1|n40,r2,-12.824740907610385,6,22,q_arm2,linear
iter05b_arm2,0,gb_eoh_2122r3,HP_Peak,Linear,size_peak,netfit,direct,log,p0.1|n40,n_pred_nan,0.0,6,22,q_arm2,linear
iter05b_arm2,0,gb_eoh_2122r3,HP_Peak,Linear,size_peak,netfit,direct,log,p0.1|n40,mape_n_excluded,0.0,6,22,q_arm2,linear
iter05b_arm2,0,gb_eoh_2122r3,HP_Peak,Linear,size_peak,netfit,direct,log,p0.5|n10,wape,18.831570555147113,6,24,q_arm2,linear
iter05b_arm2,0,gb_eoh_2122r3,HP_Peak,Linear,size_peak,netfit,direct,log,p0.5|n10,rmse,3.901305633906457,6,24,q_arm2,linear
iter05b_arm2,0,gb_eoh_2122r3,HP_Peak,Linear,size_peak,netfit,direct,log,p0.5|n10,mae,3.1208592969909947,6,24,q_arm2,linear
iter05b_arm2,0,gb_eoh_2122r3,HP_Peak,Linear,size_peak,netfit,direct,log,p0.5|n10,mape,17.58846112813415,6,24,q_arm2,linear
iter05b_arm2,0,gb_eoh_2122r3,HP_Peak,Linear,size_peak,netfit,direct,log,p0.5|n10,r2,-2.4515269537500646,6,24,q_arm2,linear
iter05b_arm2,0,gb_eoh_2122r3,HP_Peak,Linear,size_peak,netfit,direct,log,p0.5|n10,n_pred_nan,0.0,6,24,q_arm2,linear
iter05b_arm2,0,gb_eoh_2122r3,HP_Peak,Linear,size_peak,netfit,direct,log,p0.5|n10,mape_n_excluded,0.0,6,24,q_arm2,linear
iter05b_arm2,0,gb_eoh_2122r3,HP_Peak,Linear,size_peak,netfit,direct,log,p0.5|n40,wape,31.715682011455016,2,28,q_arm2,linear
iter05b_arm2,0,gb_eoh_2122r3,HP_Peak,Linear,size_peak,netfit,direct,log,p0.5|n40,rmse,24.561152922326652,2,28,q_arm2,linear
iter05b_arm2,0,gb_eoh_2122r3,HP_Peak,Linear,size_peak,netfit,direct,log,p0.5|n40,mae,23.183603636035784,2,28,q_arm2,linear
iter05b_arm2,0,gb_eoh_2122r3,HP_Peak,Linear,size_peak,netfit,direct,log,p0.5|n40,mape,31.71881826649984,2,28,q_arm2,linear
iter05b_arm2,0,gb_eoh_2122r3,HP_Peak,Linear,size_peak,netfit,direct,log,p0.5|n40,r2,-1415079.5356841574,2,28,q_arm2,linear
iter05b_arm2,0,gb_eoh_2122r3,HP_Peak,Linear,size_peak,netfit,direct,log,p0.5|n40,n_pred_nan,0.0,2,28,q_arm2,linear
iter05b_arm2,0,gb_eoh_2122r3,HP_Peak,Linear,size_peak,netfit,direct,log,p0.5|n40,mape_n_excluded,0.0,2,28,q_arm2,linear
iter05b_arm2,0,gb_eoh_2122r3,HP_Peak,Ridge,size_peak,netfit,direct,log,all,wape,24.48084468788603,30,58,q_arm2,linear
iter05b_arm2,0,gb_eoh_2122r3,HP_Peak,Ridge,size_peak,netfit,direct,log,all,rmse,4.758913022608198,30,58,q_arm2,linear
iter05b_arm2,0,gb_eoh_2122r3,HP_Peak,Ridge,size_peak,netfit,direct,log,all,mae,3.0322986262830636,30,58,q_arm2,linear
iter05b_arm2,0,gb_eoh_2122r3,HP_Peak,Ridge,size_peak,netfit,direct,log,all,mape,34.50862144132085,30,58,q_arm2,linear
iter05b_arm2,0,gb_eoh_2122r3,HP_Peak,Ridge,size_peak,netfit,direct,log,all,r2,0.9232052115773162,30,58,q_arm2,linear
iter05b_arm2,0,gb_eoh_2122r3,HP_Peak,Ridge,size_peak,netfit,direct,log,all,n_pred_nan,0.0,30,58,q_arm2,linear
iter05b_arm2,0,gb_eoh_2122r3,HP_Peak,Ridge,size_peak,netfit,direct,log,all,mape_n_excluded,0.0,30,58,q_arm2,linear
iter05b_arm2,0,gb_eoh_2122r3,HP_Peak,Ridge,size_peak,netfit,direct,log,all,wape_train,25.028510839839385,30,58,q_arm2,linear
iter05b_arm2,0,gb_eoh_2122r3,HP_Peak,Ridge,size_peak,netfit,direct,log,all,wape_inner,29.35971187819663,30,58,q_arm2,linear
iter05b_arm2,0,gb_eoh_2122r3,HP_Peak,Ridge,size_peak,netfit,direct,log,all,n_train_sub,111.0,30,58,q_arm2,linear
iter05b_arm2,0,gb_eoh_2122r3,HP_Peak,Ridge,size_peak,netfit,direct,log,all,n_inner_sub,90.0,30,58,q_arm2,linear
iter05b_arm2,0,gb_eoh_2122r3,HP_Peak,Ridge,size_peak,netfit,direct,log,all,n_test_sub,30.0,30,58,q_arm2,linear
iter05b_arm2,0,gb_eoh_2122r3,HP_Peak,Ridge,size_peak,netfit,direct,log,all,n_overlap_sub,0.0,30,58,q_arm2,linear
iter05b_arm2,0,gb_eoh_2122r3,HP_Peak,Ridge,size_peak,netfit,direct,log,pbin<=15,wape,34.34216562139284,22,34,q_arm2,linear
iter05b_arm2,0,gb_eoh_2122r3,HP_Peak,Ridge,size_peak,netfit,direct,log,pbin<=15,rmse,3.2638921826404874,22,34,q_arm2,linear
iter05b_arm2,0,gb_eoh_2122r3,HP_Peak,Ridge,size_peak,netfit,direct,log,pbin<=15,mae,1.9662610025354257,22,34,q_arm2,linear
iter05b_arm2,0,gb_eoh_2122r3,HP_Peak,Ridge,size_peak,netfit,direct,log,pbin<=15,mape,38.29522206184279,22,34,q_arm2,linear
iter05b_arm2,0,gb_eoh_2122r3,HP_Peak,Ridge,size_peak,netfit,direct,log,pbin<=15,r2,0.3625201981334273,22,34,q_arm2,linear
iter05b_arm2,0,gb_eoh_2122r3,HP_Peak,Ridge,size_peak,netfit,direct,log,pbin<=15,n_pred_nan,0.0,22,34,q_arm2,linear
iter05b_arm2,0,gb_eoh_2122r3,HP_Peak,Ridge,size_peak,netfit,direct,log,pbin<=15,mape_n_excluded,0.0,22,34,q_arm2,linear
iter05b_arm2,0,gb_eoh_2122r3,HP_Peak,Ridge,size_peak,netfit,direct,log,pbin35-65,wape,19.42390924521032,8,43,q_arm2,linear
iter05b_arm2,0,gb_eoh_2122r3,HP_Peak,Ridge,size_peak,netfit,direct,log,pbin35-65,rmse,7.4586507387785925,8,43,q_arm2,linear
iter05b_arm2,0,gb_eoh_2122r3,HP_Peak,Ridge,size_peak,netfit,direct,log,pbin35-65,mae,5.963902091589068,8,43,q_arm2,linear
iter05b_arm2,0,gb_eoh_2122r3,HP_Peak,Ridge,size_peak,netfit,direct,log,pbin35-65,mape,24.095469734885512,8,43,q_arm2,linear
iter05b_arm2,0,gb_eoh_2122r3,HP_Peak,Ridge,size_peak,netfit,direct,log,pbin35-65,r2,0.907650271161677,8,43,q_arm2,linear
iter05b_arm2,0,gb_eoh_2122r3,HP_Peak,Ridge,size_peak,netfit,direct,log,pbin35-65,n_pred_nan,0.0,8,43,q_arm2,linear
iter05b_arm2,0,gb_eoh_2122r3,HP_Peak,Ridge,size_peak,netfit,direct,log,pbin35-65,mape_n_excluded,0.0,8,43,q_arm2,linear
iter05b_arm2,0,gb_eoh_2122r3,HP_Peak,Ridge,size_peak,netfit,direct,log,p0.1|n10,wape,38.99791517383126,16,15,q_arm2,linear
iter05b_arm2,0,gb_eoh_2122r3,HP_Peak,Ridge,size_peak,netfit,direct,log,p0.1|n10,rmse,1.4921919278671323,16,15,q_arm2,linear
iter05b_arm2,0,gb_eoh_2122r3,HP_Peak,Ridge,size_peak,netfit,direct,log,p0.1|n10,mae,1.2829934303887844,16,15,q_arm2,linear
iter05b_arm2,0,gb_eoh_2122r3,HP_Peak,Ridge,size_peak,netfit,direct,log,p0.1|n10,mape,40.330581715876846,16,15,q_arm2,linear
iter05b_arm2,0,gb_eoh_2122r3,HP_Peak,Ridge,size_peak,netfit,direct,log,p0.1|n10,r2,-2.4882858241362404,16,15,q_arm2,linear
iter05b_arm2,0,gb_eoh_2122r3,HP_Peak,Ridge,size_peak,netfit,direct,log,p0.1|n10,n_pred_nan,0.0,16,15,q_arm2,linear
iter05b_arm2,0,gb_eoh_2122r3,HP_Peak,Ridge,size_peak,netfit,direct,log,p0.1|n10,mape_n_excluded,0.0,16,15,q_arm2,linear
iter05b_arm2,0,gb_eoh_2122r3,HP_Peak,Ridge,size_peak,netfit,direct,log,p0.1|n40,wape,30.999792665463698,6,22,q_arm2,linear
iter05b_arm2,0,gb_eoh_2122r3,HP_Peak,Ridge,size_peak,netfit,direct,log,p0.1|n40,rmse,5.755282210925424,6,22,q_arm2,linear
iter05b_arm2,0,gb_eoh_2122r3,HP_Peak,Ridge,size_peak,netfit,direct,log,p0.1|n40,mae,3.7883078615931356,6,22,q_arm2,linear
iter05b_arm2,0,gb_eoh_2122r3,HP_Peak,Ridge,size_peak,netfit,direct,log,p0.1|n40,mape,32.867596317752,6,22,q_arm2,linear
iter05b_arm2,0,gb_eoh_2122r3,HP_Peak,Ridge,size_peak,netfit,direct,log,p0.1|n40,r2,-20.114653636060826,6,22,q_arm2,linear
iter05b_arm2,0,gb_eoh_2122r3,HP_Peak,Ridge,size_peak,netfit,direct,log,p0.1|n40,n_pred_nan,0.0,6,22,q_arm2,linear
iter05b_arm2,0,gb_eoh_2122r3,HP_Peak,Ridge,size_peak,netfit,direct,log,p0.1|n40,mape_n_excluded,0.0,6,22,q_arm2,linear
iter05b_arm2,0,gb_eoh_2122r3,HP_Peak,Ridge,size_peak,netfit,direct,log,p0.5|n10,wape,27.910531610976197,6,24,q_arm2,linear
iter05b_arm2,0,gb_eoh_2122r3,HP_Peak,Ridge,size_peak,netfit,direct,log,p0.5|n10,rmse,5.101870993998042,6,24,q_arm2,linear
iter05b_arm2,0,gb_eoh_2122r3,HP_Peak,Ridge,size_peak,netfit,direct,log,p0.5|n10,mae,4.6254688002253905,6,24,q_arm2,linear
iter05b_arm2,0,gb_eoh_2122r3,HP_Peak,Ridge,size_peak,netfit,direct,log,p0.5|n10,mape,27.577565654098287,6,24,q_arm2,linear
iter05b_arm2,0,gb_eoh_2122r3,HP_Peak,Ridge,size_peak,netfit,direct,log,p0.5|n10,r2,-4.9026939381598496,6,24,q_arm2,linear
iter05b_arm2,0,gb_eoh_2122r3,HP_Peak,Ridge,size_peak,netfit,direct,log,p0.5|n10,n_pred_nan,0.0,6,24,q_arm2,linear
iter05b_arm2,0,gb_eoh_2122r3,HP_Peak,Ridge,size_peak,netfit,direct,log,p0.5|n10,mape_n_excluded,0.0,6,24,q_arm2,linear
iter05b_arm2,0,gb_eoh_2122r3,HP_Peak,Ridge,size_peak,netfit,direct,log,p0.5|n40,wape,13.651768777639237,2,28,q_arm2,linear
iter05b_arm2,0,gb_eoh_2122r3,HP_Peak,Ridge,size_peak,netfit,direct,log,p0.5|n40,rmse,12.018261956461679,2,28,q_arm2,linear
iter05b_arm2,0,gb_eoh_2122r3,HP_Peak,Ridge,size_peak,netfit,direct,log,p0.5|n40,mae,9.979201965680097,2,28,q_arm2,linear
iter05b_arm2,0,gb_eoh_2122r3,HP_Peak,Ridge,size_peak,netfit,direct,log,p0.5|n40,mape,13.64918197724719,2,28,q_arm2,linear
iter05b_arm2,0,gb_eoh_2122r3,HP_Peak,Ridge,size_peak,netfit,direct,log,p0.5|n40,r2,-338817.4028242831,2,28,q_arm2,linear
iter05b_arm2,0,gb_eoh_2122r3,HP_Peak,Ridge,size_peak,netfit,direct,log,p0.5|n40,n_pred_nan,0.0,2,28,q_arm2,linear
iter05b_arm2,0,gb_eoh_2122r3,HP_Peak,Ridge,size_peak,netfit,direct,log,p0.5|n40,mape_n_excluded,0.0,2,28,q_arm2,linear
iter05b_arm2,0,gb_eoh_2122r3,HP_Peak,Lasso,size_peak,netfit,direct,log,all,wape,23.044577001526612,30,58,q_arm2,linear
iter05b_arm2,0,gb_eoh_2122r3,HP_Peak,Lasso,size_peak,netfit,direct,log,all,rmse,4.152796848544105,30,58,q_arm2,linear
iter05b_arm2,0,gb_eoh_2122r3,HP_Peak,Lasso,size_peak,netfit,direct,log,all,mae,2.8543965731534375,30,58,q_arm2,linear
iter05b_arm2,0,gb_eoh_2122r3,HP_Peak,Lasso,size_peak,netfit,direct,log,all,mape,36.21174479375702,30,58,q_arm2,linear
iter05b_arm2,0,gb_eoh_2122r3,HP_Peak,Lasso,size_peak,netfit,direct,log,all,r2,0.9415213166331926,30,58,q_arm2,linear
iter05b_arm2,0,gb_eoh_2122r3,HP_Peak,Lasso,size_peak,netfit,direct,log,all,n_pred_nan,0.0,30,58,q_arm2,linear
iter05b_arm2,0,gb_eoh_2122r3,HP_Peak,Lasso,size_peak,netfit,direct,log,all,mape_n_excluded,0.0,30,58,q_arm2,linear
iter05b_arm2,0,gb_eoh_2122r3,HP_Peak,Lasso,size_peak,netfit,direct,log,all,wape_train,24.61527995363672,30,58,q_arm2,linear
iter05b_arm2,0,gb_eoh_2122r3,HP_Peak,Lasso,size_peak,netfit,direct,log,all,wape_inner,31.452556337355244,30,58,q_arm2,linear
iter05b_arm2,0,gb_eoh_2122r3,HP_Peak,Lasso,size_peak,netfit,direct,log,all,n_train_sub,111.0,30,58,q_arm2,linear
iter05b_arm2,0,gb_eoh_2122r3,HP_Peak,Lasso,size_peak,netfit,direct,log,all,n_inner_sub,90.0,30,58,q_arm2,linear
iter05b_arm2,0,gb_eoh_2122r3,HP_Peak,Lasso,size_peak,netfit,direct,log,all,n_test_sub,30.0,30,58,q_arm2,linear
iter05b_arm2,0,gb_eoh_2122r3,HP_Peak,Lasso,size_peak,netfit,direct,log,all,n_overlap_sub,0.0,30,58,q_arm2,linear
iter05b_arm2,0,gb_eoh_2122r3,HP_Peak,Lasso,size_peak,netfit,direct,log,pbin<=15,wape,37.50680546304487,22,34,q_arm2,linear
iter05b_arm2,0,gb_eoh_2122r3,HP_Peak,Lasso,size_peak,netfit,direct,log,pbin<=15,rmse,3.2975070017144246,22,34,q_arm2,linear
iter05b_arm2,0,gb_eoh_2122r3,HP_Peak,Lasso,size_peak,netfit,direct,log,pbin<=15,mae,2.147452485224976,22,34,q_arm2,linear
iter05b_arm2,0,gb_eoh_2122r3,HP_Peak,Lasso,size_peak,netfit,direct,log,pbin<=15,mape,42.48335970312418,22,34,q_arm2,linear
iter05b_arm2,0,gb_eoh_2122r3,HP_Peak,Lasso,size_peak,netfit,direct,log,pbin<=15,r2,0.349321774645012,22,34,q_arm2,linear
iter05b_arm2,0,gb_eoh_2122r3,HP_Peak,Lasso,size_peak,netfit,direct,log,pbin<=15,n_pred_nan,0.0,22,34,q_arm2,linear
iter05b_arm2,0,gb_eoh_2122r3,HP_Peak,Lasso,size_peak,netfit,direct,log,pbin<=15,mape_n_excluded,0.0,22,34,q_arm2,linear
iter05b_arm2,0,gb_eoh_2122r3,HP_Peak,Lasso,size_peak,netfit,direct,log,pbin35-65,wape,15.628272818724037,8,43,q_arm2,linear
iter05b_arm2,0,gb_eoh_2122r3,HP_Peak,Lasso,size_peak,netfit,direct,log,pbin35-65,rmse,5.896540262926548,8,43,q_arm2,linear
iter05b_arm2,0,gb_eoh_2122r3,HP_Peak,Lasso,size_peak,netfit,direct,log,pbin35-65,mae,4.798492814956706,8,43,q_arm2,linear
iter05b_arm2,0,gb_eoh_2122r3,HP_Peak,Lasso,size_peak,netfit,direct,log,pbin35-65,mape,18.96480379299737,8,43,q_arm2,linear
iter05b_arm2,0,gb_eoh_2122r3,HP_Peak,Lasso,size_peak,netfit,direct,log,pbin35-65,r2,0.9422822199485963,8,43,q_arm2,linear
iter05b_arm2,0,gb_eoh_2122r3,HP_Peak,Lasso,size_peak,netfit,direct,log,pbin35-65,n_pred_nan,0.0,8,43,q_arm2,linear
iter05b_arm2,0,gb_eoh_2122r3,HP_Peak,Lasso,size_peak,netfit,direct,log,pbin35-65,mape_n_excluded,0.0,8,43,q_arm2,linear
iter05b_arm2,0,gb_eoh_2122r3,HP_Peak,Lasso,size_peak,netfit,direct,log,p0.1|n10,wape,44.02439956392652,16,15,q_arm2,linear
iter05b_arm2,0,gb_eoh_2122r3,HP_Peak,Lasso,size_peak,netfit,direct,log,p0.1|n10,rmse,1.6110816771008913,16,15,q_arm2,linear
iter05b_arm2,0,gb_eoh_2122r3,HP_Peak,Lasso,size_peak,netfit,direct,log,p0.1|n10,mae,1.448359871689509,16,15,q_arm2,linear
iter05b_arm2,0,gb_eoh_2122r3,HP_Peak,Lasso,size_peak,netfit,direct,log,p0.1|n10,mape,45.60308586277097,16,15,q_arm2,linear
iter05b_arm2,0,gb_eoh_2122r3,HP_Peak,Lasso,size_peak,netfit,direct,log,p0.1|n10,r2,-3.0662849332005067,16,15,q_arm2,linear
iter05b_arm2,0,gb_eoh_2122r3,HP_Peak,Lasso,size_peak,netfit,direct,log,p0.1|n10,n_pred_nan,0.0,16,15,q_arm2,linear
iter05b_arm2,0,gb_eoh_2122r3,HP_Peak,Lasso,size_peak,netfit,direct,log,p0.1|n10,mape_n_excluded,0.0,16,15,q_arm2,linear
iter05b_arm2,0,gb_eoh_2122r3,HP_Peak,Lasso,size_peak,netfit,direct,log,p0.1|n40,wape,32.82781016590721,6,22,q_arm2,linear
iter05b_arm2,0,gb_eoh_2122r3,HP_Peak,Lasso,size_peak,netfit,direct,log,p0.1|n40,rmse,5.740046554038577,6,22,q_arm2,linear
iter05b_arm2,0,gb_eoh_2122r3,HP_Peak,Lasso,size_peak,netfit,direct,log,p0.1|n40,mae,4.011699454652889,6,22,q_arm2,linear
iter05b_arm2,0,gb_eoh_2122r3,HP_Peak,Lasso,size_peak,netfit,direct,log,p0.1|n40,mape,34.16408994406608,6,22,q_arm2,linear
iter05b_arm2,0,gb_eoh_2122r3,HP_Peak,Lasso,size_peak,netfit,direct,log,p0.1|n40,r2,-20.003010174511353,6,22,q_arm2,linear
iter05b_arm2,0,gb_eoh_2122r3,HP_Peak,Lasso,size_peak,netfit,direct,log,p0.1|n40,n_pred_nan,0.0,6,22,q_arm2,linear
iter05b_arm2,0,gb_eoh_2122r3,HP_Peak,Lasso,size_peak,netfit,direct,log,p0.1|n40,mape_n_excluded,0.0,6,22,q_arm2,linear
iter05b_arm2,0,gb_eoh_2122r3,HP_Peak,Lasso,size_peak,netfit,direct,log,p0.5|n10,wape,21.86824583074172,6,24,q_arm2,linear
iter05b_arm2,0,gb_eoh_2122r3,HP_Peak,Lasso,size_peak,netfit,direct,log,p0.5|n10,rmse,4.0190032814434975,6,24,q_arm2,linear
iter05b_arm2,0,gb_eoh_2122r3,HP_Peak,Lasso,size_peak,netfit,direct,log,p0.5|n10,mae,3.624111866288345,6,24,q_arm2,linear
iter05b_arm2,0,gb_eoh_2122r3,HP_Peak,Lasso,size_peak,netfit,direct,log,p0.5|n10,mape,21.492273027149615,6,24,q_arm2,linear
iter05b_arm2,0,gb_eoh_2122r3,HP_Peak,Lasso,size_peak,netfit,direct,log,p0.5|n10,r2,-2.6629251233649778,6,24,q_arm2,linear
iter05b_arm2,0,gb_eoh_2122r3,HP_Peak,Lasso,size_peak,netfit,direct,log,p0.5|n10,n_pred_nan,0.0,6,24,q_arm2,linear
iter05b_arm2,0,gb_eoh_2122r3,HP_Peak,Lasso,size_peak,netfit,direct,log,p0.5|n10,mape_n_excluded,0.0,6,24,q_arm2,linear
iter05b_arm2,0,gb_eoh_2122r3,HP_Peak,Lasso,size_peak,netfit,direct,log,p0.5|n40,wape,11.384181449169121,2,28,q_arm2,linear
iter05b_arm2,0,gb_eoh_2122r3,HP_Peak,Lasso,size_peak,netfit,direct,log,p0.5|n40,rmse,9.519432029301681,2,28,q_arm2,linear
iter05b_arm2,0,gb_eoh_2122r3,HP_Peak,Lasso,size_peak,netfit,direct,log,p0.5|n40,mae,8.321635660961789,2,28,q_arm2,linear
iter05b_arm2,0,gb_eoh_2122r3,HP_Peak,Lasso,size_peak,netfit,direct,log,p0.5|n40,mape,11.382396090540633,2,28,q_arm2,linear
iter05b_arm2,0,gb_eoh_2122r3,HP_Peak,Lasso,size_peak,netfit,direct,log,p0.5|n40,r2,-212570.84090349392,2,28,q_arm2,linear
iter05b_arm2,0,gb_eoh_2122r3,HP_Peak,Lasso,size_peak,netfit,direct,log,p0.5|n40,n_pred_nan,0.0,2,28,q_arm2,linear
iter05b_arm2,0,gb_eoh_2122r3,HP_Peak,Lasso,size_peak,netfit,direct,log,p0.5|n40,mape_n_excluded,0.0,2,28,q_arm2,linear
iter05b_arm2,0,gb_eoh_2122r3,HP_Peak,ElasticNet,size_peak,netfit,direct,log,all,wape,20.429522488093152,30,58,q_arm2,linear
iter05b_arm2,0,gb_eoh_2122r3,HP_Peak,ElasticNet,size_peak,netfit,direct,log,all,rmse,3.6922401882716303,30,58,q_arm2,linear
iter05b_arm2,0,gb_eoh_2122r3,HP_Peak,ElasticNet,size_peak,netfit,direct,log,all,mae,2.530485110545145,30,58,q_arm2,linear
iter05b_arm2,0,gb_eoh_2122r3,HP_Peak,ElasticNet,size_peak,netfit,direct,log,all,mape,32.45894568300453,30,58,q_arm2,linear
iter05b_arm2,0,gb_eoh_2122r3,HP_Peak,ElasticNet,size_peak,netfit,direct,log,all,r2,0.9537729580936457,30,58,q_arm2,linear
iter05b_arm2,0,gb_eoh_2122r3,HP_Peak,ElasticNet,size_peak,netfit,direct,log,all,n_pred_nan,0.0,30,58,q_arm2,linear
iter05b_arm2,0,gb_eoh_2122r3,HP_Peak,ElasticNet,size_peak,netfit,direct,log,all,mape_n_excluded,0.0,30,58,q_arm2,linear
iter05b_arm2,0,gb_eoh_2122r3,HP_Peak,ElasticNet,size_peak,netfit,direct,log,all,wape_train,23.468918592479593,30,58,q_arm2,linear
iter05b_arm2,0,gb_eoh_2122r3,HP_Peak,ElasticNet,size_peak,netfit,direct,log,all,wape_inner,32.214620111898064,30,58,q_arm2,linear
iter05b_arm2,0,gb_eoh_2122r3,HP_Peak,ElasticNet,size_peak,netfit,direct,log,all,n_train_sub,111.0,30,58,q_arm2,linear
iter05b_arm2,0,gb_eoh_2122r3,HP_Peak,ElasticNet,size_peak,netfit,direct,log,all,n_inner_sub,90.0,30,58,q_arm2,linear
iter05b_arm2,0,gb_eoh_2122r3,HP_Peak,ElasticNet,size_peak,netfit,direct,log,all,n_test_sub,30.0,30,58,q_arm2,linear
iter05b_arm2,0,gb_eoh_2122r3,HP_Peak,ElasticNet,size_peak,netfit,direct,log,all,n_overlap_sub,0.0,30,58,q_arm2,linear
iter05b_arm2,0,gb_eoh_2122r3,HP_Peak,ElasticNet,size_peak,netfit,direct,log,pbin<=15,wape,35.31600569643528,22,34,q_arm2,linear
iter05b_arm2,0,gb_eoh_2122r3,HP_Peak,ElasticNet,size_peak,netfit,direct,log,pbin<=15,rmse,3.1456078898338977,22,34,q_arm2,linear
iter05b_arm2,0,gb_eoh_2122r3,HP_Peak,ElasticNet,size_peak,netfit,direct,log,pbin<=15,mae,2.0220182248193144,22,34,q_arm2,linear
iter05b_arm2,0,gb_eoh_2122r3,HP_Peak,ElasticNet,size_peak,netfit,direct,log,pbin<=15,mape,38.16359319967076,22,34,q_arm2,linear
iter05b_arm2,0,gb_eoh_2122r3,HP_Peak,ElasticNet,size_peak,netfit,direct,log,pbin<=15,r2,0.4078878242543641,22,34,q_arm2,linear
iter05b_arm2,0,gb_eoh_2122r3,HP_Peak,ElasticNet,size_peak,netfit,direct,log,pbin<=15,n_pred_nan,0.0,22,34,q_arm2,linear
iter05b_arm2,0,gb_eoh_2122r3,HP_Peak,ElasticNet,size_peak,netfit,direct,log,pbin<=15,mape_n_excluded,0.0,22,34,q_arm2,linear
iter05b_arm2,0,gb_eoh_2122r3,HP_Peak,ElasticNet,size_peak,netfit,direct,log,pbin35-65,wape,12.795658317089872,8,43,q_arm2,linear
iter05b_arm2,0,gb_eoh_2122r3,HP_Peak,ElasticNet,size_peak,netfit,direct,log,pbin35-65,rmse,4.889944405509226,8,43,q_arm2,linear
iter05b_arm2,0,gb_eoh_2122r3,HP_Peak,ElasticNet,size_peak,netfit,direct,log,pbin35-65,mae,3.9287690462911775,8,43,q_arm2,linear
iter05b_arm2,0,gb_eoh_2122r3,HP_Peak,ElasticNet,size_peak,netfit,direct,log,pbin35-65,mape,16.771165012172425,8,43,q_arm2,linear
iter05b_arm2,0,gb_eoh_2122r3,HP_Peak,ElasticNet,size_peak,netfit,direct,log,pbin35-65,r2,0.9603061773143222,8,43,q_arm2,linear
iter05b_arm2,0,gb_eoh_2122r3,HP_Peak,ElasticNet,size_peak,netfit,direct,log,pbin35-65,n_pred_nan,0.0,8,43,q_arm2,linear
iter05b_arm2,0,gb_eoh_2122r3,HP_Peak,ElasticNet,size_peak,netfit,direct,log,pbin35-65,mape_n_excluded,0.0,8,43,q_arm2,linear
iter05b_arm2,0,gb_eoh_2122r3,HP_Peak,ElasticNet,size_peak,netfit,direct,log,p0.1|n10,wape,39.179081489266885,16,15,q_arm2,linear
iter05b_arm2,0,gb_eoh_2122r3,HP_Peak,ElasticNet,size_peak,netfit,direct,log,p0.1|n10,rmse,1.4928628914482849,16,15,q_arm2,linear
iter05b_arm2,0,gb_eoh_2122r3,HP_Peak,ElasticNet,size_peak,netfit,direct,log,p0.1|n10,mae,1.2889536257344991,16,15,q_arm2,linear
iter05b_arm2,0,gb_eoh_2122r3,HP_Peak,ElasticNet,size_peak,netfit,direct,log,p0.1|n10,mape,39.77911996327601,16,15,q_arm2,linear
iter05b_arm2,0,gb_eoh_2122r3,HP_Peak,ElasticNet,size_peak,netfit,direct,log,p0.1|n10,r2,-2.491423542428772,16,15,q_arm2,linear
iter05b_arm2,0,gb_eoh_2122r3,HP_Peak,ElasticNet,size_peak,netfit,direct,log,p0.1|n10,n_pred_nan,0.0,16,15,q_arm2,linear
iter05b_arm2,0,gb_eoh_2122r3,HP_Peak,ElasticNet,size_peak,netfit,direct,log,p0.1|n10,mape_n_excluded,0.0,16,15,q_arm2,linear
iter05b_arm2,0,gb_eoh_2122r3,HP_Peak,ElasticNet,size_peak,netfit,direct,log,p0.1|n40,wape,32.54269499506769,6,22,q_arm2,linear
iter05b_arm2,0,gb_eoh_2122r3,HP_Peak,ElasticNet,size_peak,netfit,direct,log,p0.1|n40,rmse,5.508000909620213,6,22,q_arm2,linear
iter05b_arm2,0,gb_eoh_2122r3,HP_Peak,ElasticNet,size_peak,netfit,direct,log,p0.1|n40,mae,3.9768571557121555,6,22,q_arm2,linear
iter05b_arm2,0,gb_eoh_2122r3,HP_Peak,ElasticNet,size_peak,netfit,direct,log,p0.1|n40,mape,33.85552183005674,6,22,q_arm2,linear
iter05b_arm2,0,gb_eoh_2122r3,HP_Peak,ElasticNet,size_peak,netfit,direct,log,p0.1|n40,r2,-18.339209582153437,6,22,q_arm2,linear
iter05b_arm2,0,gb_eoh_2122r3,HP_Peak,ElasticNet,size_peak,netfit,direct,log,p0.1|n40,n_pred_nan,0.0,6,22,q_arm2,linear
iter05b_arm2,0,gb_eoh_2122r3,HP_Peak,ElasticNet,size_peak,netfit,direct,log,p0.1|n40,mape_n_excluded,0.0,6,22,q_arm2,linear
iter05b_arm2,0,gb_eoh_2122r3,HP_Peak,ElasticNet,size_peak,netfit,direct,log,p0.5|n10,wape,20.24715706770082,6,24,q_arm2,linear
iter05b_arm2,0,gb_eoh_2122r3,HP_Peak,ElasticNet,size_peak,netfit,direct,log,p0.5|n10,rmse,3.8316307026852887,6,24,q_arm2,linear
iter05b_arm2,0,gb_eoh_2122r3,HP_Peak,ElasticNet,size_peak,netfit,direct,log,p0.5|n10,mae,3.355457166322227,6,24,q_arm2,linear
iter05b_arm2,0,gb_eoh_2122r3,HP_Peak,ElasticNet,size_peak,netfit,direct,log,p0.5|n10,mape,19.786273804656528,6,24,q_arm2,linear
iter05b_arm2,0,gb_eoh_2122r3,HP_Peak,ElasticNet,size_peak,netfit,direct,log,p0.5|n10,r2,-2.3293435265216913,6,24,q_arm2,linear
iter05b_arm2,0,gb_eoh_2122r3,HP_Peak,ElasticNet,size_peak,netfit,direct,log,p0.5|n10,n_pred_nan,0.0,6,24,q_arm2,linear
iter05b_arm2,0,gb_eoh_2122r3,HP_Peak,ElasticNet,size_peak,netfit,direct,log,p0.5|n10,mape_n_excluded,0.0,6,24,q_arm2,linear
iter05b_arm2,0,gb_eoh_2122r3,HP_Peak,ElasticNet,size_peak,netfit,direct,log,p0.5|n40,wape,7.727552817785583,2,28,q_arm2,linear
iter05b_arm2,0,gb_eoh_2122r3,HP_Peak,ElasticNet,size_peak,netfit,direct,log,p0.5|n40,rmse,7.183456245471412,2,28,q_arm2,linear
iter05b_arm2,0,gb_eoh_2122r3,HP_Peak,ElasticNet,size_peak,netfit,direct,log,p0.5|n40,mae,5.648704686198027,2,28,q_arm2,linear
iter05b_arm2,0,gb_eoh_2122r3,HP_Peak,ElasticNet,size_peak,netfit,direct,log,p0.5|n40,mape,7.725838634720095,2,28,q_arm2,linear
iter05b_arm2,0,gb_eoh_2122r3,HP_Peak,ElasticNet,size_peak,netfit,direct,log,p0.5|n40,r2,-121045.03291293209,2,28,q_arm2,linear
iter05b_arm2,0,gb_eoh_2122r3,HP_Peak,ElasticNet,size_peak,netfit,direct,log,p0.5|n40,n_pred_nan,0.0,2,28,q_arm2,linear
iter05b_arm2,0,gb_eoh_2122r3,HP_Peak,ElasticNet,size_peak,netfit,direct,log,p0.5|n40,mape_n_excluded,0.0,2,28,q_arm2,linear
iter05b_arm2,0,gb_eoh_2122r3,HP_Peak,PLS,size_peak,netfit,direct,log,all,wape,22.5232884620136,30,58,q_arm2,linear
iter05b_arm2,0,gb_eoh_2122r3,HP_Peak,PLS,size_peak,netfit,direct,log,all,rmse,4.636273266708946,30,58,q_arm2,linear
iter05b_arm2,0,gb_eoh_2122r3,HP_Peak,PLS,size_peak,netfit,direct,log,all,mae,2.7898276196546803,30,58,q_arm2,linear
iter05b_arm2,0,gb_eoh_2122r3,HP_Peak,PLS,size_peak,netfit,direct,log,all,mape,32.99746401701889,30,58,q_arm2,linear
iter05b_arm2,0,gb_eoh_2122r3,HP_Peak,PLS,size_peak,netfit,direct,log,all,r2,0.9271122968210931,30,58,q_arm2,linear
iter05b_arm2,0,gb_eoh_2122r3,HP_Peak,PLS,size_peak,netfit,direct,log,all,n_pred_nan,0.0,30,58,q_arm2,linear
iter05b_arm2,0,gb_eoh_2122r3,HP_Peak,PLS,size_peak,netfit,direct,log,all,mape_n_excluded,0.0,30,58,q_arm2,linear
iter05b_arm2,0,gb_eoh_2122r3,HP_Peak,PLS,size_peak,netfit,direct,log,all,wape_train,22.023946967265694,30,58,q_arm2,linear
iter05b_arm2,0,gb_eoh_2122r3,HP_Peak,PLS,size_peak,netfit,direct,log,all,wape_inner,35.75414054361124,30,58,q_arm2,linear
iter05b_arm2,0,gb_eoh_2122r3,HP_Peak,PLS,size_peak,netfit,direct,log,all,n_train_sub,111.0,30,58,q_arm2,linear
iter05b_arm2,0,gb_eoh_2122r3,HP_Peak,PLS,size_peak,netfit,direct,log,all,n_inner_sub,90.0,30,58,q_arm2,linear
iter05b_arm2,0,gb_eoh_2122r3,HP_Peak,PLS,size_peak,netfit,direct,log,all,n_test_sub,30.0,30,58,q_arm2,linear
iter05b_arm2,0,gb_eoh_2122r3,HP_Peak,PLS,size_peak,netfit,direct,log,all,n_overlap_sub,0.0,30,58,q_arm2,linear
iter05b_arm2,0,gb_eoh_2122r3,HP_Peak,PLS,size_peak,netfit,direct,log,pbin<=15,wape,37.64798594074309,22,34,q_arm2,linear
iter05b_arm2,0,gb_eoh_2122r3,HP_Peak,PLS,size_peak,netfit,direct,log,pbin<=15,rmse,2.915466439081516,22,34,q_arm2,linear
iter05b_arm2,0,gb_eoh_2122r3,HP_Peak,PLS,size_peak,netfit,direct,log,pbin<=15,mae,2.1555357747495134,22,34,q_arm2,linear
iter05b_arm2,0,gb_eoh_2122r3,HP_Peak,PLS,size_peak,netfit,direct,log,pbin<=15,mape,40.30297593820554,22,34,q_arm2,linear
iter05b_arm2,0,gb_eoh_2122r3,HP_Peak,PLS,size_peak,netfit,direct,log,pbin<=15,r2,0.49135952783690084,22,34,q_arm2,linear
iter05b_arm2,0,gb_eoh_2122r3,HP_Peak,PLS,size_peak,netfit,direct,log,pbin<=15,n_pred_nan,0.0,22,34,q_arm2,linear
iter05b_arm2,0,gb_eoh_2122r3,HP_Peak,PLS,size_peak,netfit,direct,log,pbin<=15,mape_n_excluded,0.0,22,34,q_arm2,linear
iter05b_arm2,0,gb_eoh_2122r3,HP_Peak,PLS,size_peak,netfit,direct,log,pbin35-65,wape,14.767266803692388,8,43,q_arm2,linear
iter05b_arm2,0,gb_eoh_2122r3,HP_Peak,PLS,size_peak,netfit,direct,log,pbin35-65,rmse,7.565151302559707,8,43,q_arm2,linear
iter05b_arm2,0,gb_eoh_2122r3,HP_Peak,PLS,size_peak,netfit,direct,log,pbin35-65,mae,4.5341301931438895,8,43,q_arm2,linear
iter05b_arm2,0,gb_eoh_2122r3,HP_Peak,PLS,size_peak,netfit,direct,log,pbin35-65,mape,12.907306233755616,8,43,q_arm2,linear
iter05b_arm2,0,gb_eoh_2122r3,HP_Peak,PLS,size_peak,netfit,direct,log,pbin35-65,r2,0.9049941563631754,8,43,q_arm2,linear
iter05b_arm2,0,gb_eoh_2122r3,HP_Peak,PLS,size_peak,netfit,direct,log,pbin35-65,n_pred_nan,0.0,8,43,q_arm2,linear
iter05b_arm2,0,gb_eoh_2122r3,HP_Peak,PLS,size_peak,netfit,direct,log,pbin35-65,mape_n_excluded,0.0,8,43,q_arm2,linear
iter05b_arm2,0,gb_eoh_2122r3,HP_Peak,PLS,size_peak,netfit,direct,log,p0.1|n10,wape,41.728063950920465,16,15,q_arm2,linear
iter05b_arm2,0,gb_eoh_2122r3,HP_Peak,PLS,size_peak,netfit,direct,log,p0.1|n10,rmse,1.6555697168083614,16,15,q_arm2,linear
iter05b_arm2,0,gb_eoh_2122r3,HP_Peak,PLS,size_peak,netfit,direct,log,p0.1|n10,mae,1.3728126663498872,16,15,q_arm2,linear
iter05b_arm2,0,gb_eoh_2122r3,HP_Peak,PLS,size_peak,netfit,direct,log,p0.1|n10,mape,42.285996556424195,16,15,q_arm2,linear
iter05b_arm2,0,gb_eoh_2122r3,HP_Peak,PLS,size_peak,netfit,direct,log,p0.1|n10,r2,-3.2939564760598428,16,15,q_arm2,linear
iter05b_arm2,0,gb_eoh_2122r3,HP_Peak,PLS,size_peak,netfit,direct,log,p0.1|n10,n_pred_nan,0.0,16,15,q_arm2,linear
iter05b_arm2,0,gb_eoh_2122r3,HP_Peak,PLS,size_peak,netfit,direct,log,p0.1|n10,mape_n_excluded,0.0,16,15,q_arm2,linear
iter05b_arm2,0,gb_eoh_2122r3,HP_Peak,PLS,size_peak,netfit,direct,log,p0.1|n40,wape,34.718888865030394,6,22,q_arm2,linear
iter05b_arm2,0,gb_eoh_2122r3,HP_Peak,PLS,size_peak,netfit,direct,log,p0.1|n40,rmse,4.88440038741754,6,22,q_arm2,linear
iter05b_arm2,0,gb_eoh_2122r3,HP_Peak,PLS,size_peak,netfit,direct,log,p0.1|n40,mae,4.242797397148515,6,22,q_arm2,linear
iter05b_arm2,0,gb_eoh_2122r3,HP_Peak,PLS,size_peak,netfit,direct,log,p0.1|n40,mape,35.01492095628913,6,22,q_arm2,linear
iter05b_arm2,0,gb_eoh_2122r3,HP_Peak,PLS,size_peak,netfit,direct,log,p0.1|n40,r2,-14.20803934284011,6,22,q_arm2,linear
iter05b_arm2,0,gb_eoh_2122r3,HP_Peak,PLS,size_peak,netfit,direct,log,p0.1|n40,n_pred_nan,0.0,6,22,q_arm2,linear
iter05b_arm2,0,gb_eoh_2122r3,HP_Peak,PLS,size_peak,netfit,direct,log,p0.1|n40,mape_n_excluded,0.0,6,22,q_arm2,linear
iter05b_arm2,0,gb_eoh_2122r3,HP_Peak,PLS,size_peak,netfit,direct,log,p0.5|n10,wape,12.281832128555225,6,24,q_arm2,linear
iter05b_arm2,0,gb_eoh_2122r3,HP_Peak,PLS,size_peak,netfit,direct,log,p0.5|n10,rmse,2.56642560548449,6,24,q_arm2,linear
iter05b_arm2,0,gb_eoh_2122r3,HP_Peak,PLS,size_peak,netfit,direct,log,p0.5|n10,mae,2.0354048468893002,6,24,q_arm2,linear
iter05b_arm2,0,gb_eoh_2122r3,HP_Peak,PLS,size_peak,netfit,direct,log,p0.5|n10,mape,11.722799024494375,6,24,q_arm2,linear
iter05b_arm2,0,gb_eoh_2122r3,HP_Peak,PLS,size_peak,netfit,direct,log,p0.5|n10,r2,-0.4936494341705713,6,24,q_arm2,linear
iter05b_arm2,0,gb_eoh_2122r3,HP_Peak,PLS,size_peak,netfit,direct,log,p0.5|n10,n_pred_nan,0.0,6,24,q_arm2,linear
iter05b_arm2,0,gb_eoh_2122r3,HP_Peak,PLS,size_peak,netfit,direct,log,p0.5|n10,mape_n_excluded,0.0,6,24,q_arm2,linear
iter05b_arm2,0,gb_eoh_2122r3,HP_Peak,PLS,size_peak,netfit,direct,log,p0.5|n40,wape,16.457724732601186,2,28,q_arm2,linear
iter05b_arm2,0,gb_eoh_2122r3,HP_Peak,PLS,size_peak,netfit,direct,log,p0.5|n40,rmse,14.46258745028095,2,28,q_arm2,linear
iter05b_arm2,0,gb_eoh_2122r3,HP_Peak,PLS,size_peak,netfit,direct,log,p0.5|n40,mae,12.030306231907659,2,28,q_arm2,linear
iter05b_arm2,0,gb_eoh_2122r3,HP_Peak,PLS,size_peak,netfit,direct,log,p0.5|n40,mape,16.460827861539347,2,28,q_arm2,linear
iter05b_arm2,0,gb_eoh_2122r3,HP_Peak,PLS,size_peak,netfit,direct,log,p0.5|n40,r2,-490653.3517573073,2,28,q_arm2,linear
iter05b_arm2,0,gb_eoh_2122r3,HP_Peak,PLS,size_peak,netfit,direct,log,p0.5|n40,n_pred_nan,0.0,2,28,q_arm2,linear
iter05b_arm2,0,gb_eoh_2122r3,HP_Peak,PLS,size_peak,netfit,direct,log,p0.5|n40,mape_n_excluded,0.0,2,28,q_arm2,linear
iter05b_arm2,0,gb_eoh_2122r3,HP_Peak,Linear,size_peak,netfit,residual,log,all,wape,25.40719003706686,30,58,q_arm2,linear
iter05b_arm2,0,gb_eoh_2122r3,HP_Peak,Linear,size_peak,netfit,residual,log,all,rmse,4.593432572747706,30,58,q_arm2,linear
iter05b_arm2,0,gb_eoh_2122r3,HP_Peak,Linear,size_peak,netfit,residual,log,all,mae,3.14703959072269,30,58,q_arm2,linear
iter05b_arm2,0,gb_eoh_2122r3,HP_Peak,Linear,size_peak,netfit,residual,log,all,mape,34.417090861387365,30,58,q_arm2,linear
iter05b_arm2,0,gb_eoh_2122r3,HP_Peak,Linear,size_peak,netfit,residual,log,all,r2,0.9284530862291062,30,58,q_arm2,linear
iter05b_arm2,0,gb_eoh_2122r3,HP_Peak,Linear,size_peak,netfit,residual,log,all,n_pred_nan,0.0,30,58,q_arm2,linear
iter05b_arm2,0,gb_eoh_2122r3,HP_Peak,Linear,size_peak,netfit,residual,log,all,mape_n_excluded,0.0,30,58,q_arm2,linear
iter05b_arm2,0,gb_eoh_2122r3,HP_Peak,Linear,size_peak,netfit,residual,log,all,n_invalid,0.0,30,58,q_arm2,linear
iter05b_arm2,0,gb_eoh_2122r3,HP_Peak,Linear,size_peak,netfit,residual,log,all,n_resid_excluded_train,0.0,30,58,q_arm2,linear
iter05b_arm2,0,gb_eoh_2122r3,HP_Peak,Linear,size_peak,netfit,residual,log,all,n_resid_excluded_inner,0.0,30,58,q_arm2,linear
iter05b_arm2,0,gb_eoh_2122r3,HP_Peak,Linear,size_peak,netfit,residual,log,all,wape_train,20.26864772905271,30,58,q_arm2,linear
iter05b_arm2,0,gb_eoh_2122r3,HP_Peak,Linear,size_peak,netfit,residual,log,all,wape_inner,36.80770621491391,30,58,q_arm2,linear
iter05b_arm2,0,gb_eoh_2122r3,HP_Peak,Linear,size_peak,netfit,residual,log,all,n_train_sub,111.0,30,58,q_arm2,linear
iter05b_arm2,0,gb_eoh_2122r3,HP_Peak,Linear,size_peak,netfit,residual,log,all,n_inner_sub,90.0,30,58,q_arm2,linear
iter05b_arm2,0,gb_eoh_2122r3,HP_Peak,Linear,size_peak,netfit,residual,log,all,n_test_sub,30.0,30,58,q_arm2,linear
iter05b_arm2,0,gb_eoh_2122r3,HP_Peak,Linear,size_peak,netfit,residual,log,all,n_overlap_sub,0.0,30,58,q_arm2,linear
iter05b_arm2,0,gb_eoh_2122r3,HP_Peak,Linear,size_peak,netfit,residual,log,pbin<=15,wape,38.22589796075276,22,34,q_arm2,linear
iter05b_arm2,0,gb_eoh_2122r3,HP_Peak,Linear,size_peak,netfit,residual,log,pbin<=15,rmse,2.929487971144668,22,34,q_arm2,linear
iter05b_arm2,0,gb_eoh_2122r3,HP_Peak,Linear,size_peak,netfit,residual,log,pbin<=15,mae,2.1886241326698896,22,34,q_arm2,linear
iter05b_arm2,0,gb_eoh_2122r3,HP_Peak,Linear,size_peak,netfit,residual,log,pbin<=15,mape,39.64110282171245,22,34,q_arm2,linear
iter05b_arm2,0,gb_eoh_2122r3,HP_Peak,Linear,size_peak,netfit,residual,log,pbin<=15,r2,0.4864552911900153,22,34,q_arm2,linear
iter05b_arm2,0,gb_eoh_2122r3,HP_Peak,Linear,size_peak,netfit,residual,log,pbin<=15,n_pred_nan,0.0,22,34,q_arm2,linear
iter05b_arm2,0,gb_eoh_2122r3,HP_Peak,Linear,size_peak,netfit,residual,log,pbin<=15,mape_n_excluded,0.0,22,34,q_arm2,linear
iter05b_arm2,0,gb_eoh_2122r3,HP_Peak,Linear,size_peak,netfit,residual,log,pbin35-65,wape,18.83369153055966,8,43,q_arm2,linear
iter05b_arm2,0,gb_eoh_2122r3,HP_Peak,Linear,size_peak,netfit,residual,log,pbin35-65,rmse,7.451399944000452,8,43,q_arm2,linear
iter05b_arm2,0,gb_eoh_2122r3,HP_Peak,Linear,size_peak,netfit,residual,log,pbin35-65,mae,5.782682100367888,8,43,q_arm2,linear
iter05b_arm2,0,gb_eoh_2122r3,HP_Peak,Linear,size_peak,netfit,residual,log,pbin35-65,mape,20.051057970493417,8,43,q_arm2,linear
iter05b_arm2,0,gb_eoh_2122r3,HP_Peak,Linear,size_peak,netfit,residual,log,pbin35-65,r2,0.907829736183127,8,43,q_arm2,linear
iter05b_arm2,0,gb_eoh_2122r3,HP_Peak,Linear,size_peak,netfit,residual,log,pbin35-65,n_pred_nan,0.0,8,43,q_arm2,linear
iter05b_arm2,0,gb_eoh_2122r3,HP_Peak,Linear,size_peak,netfit,residual,log,pbin35-65,mape_n_excluded,0.0,8,43,q_arm2,linear
iter05b_arm2,0,gb_eoh_2122r3,HP_Peak,Linear,size_peak,netfit,residual,log,p0.1|n10,wape,43.39907245393583,16,15,q_arm2,linear
iter05b_arm2,0,gb_eoh_2122r3,HP_Peak,Linear,size_peak,netfit,residual,log,p0.1|n10,rmse,1.9374260553724416,16,15,q_arm2,linear
iter05b_arm2,0,gb_eoh_2122r3,HP_Peak,Linear,size_peak,netfit,residual,log,p0.1|n10,mae,1.427787218757015,16,15,q_arm2,linear
iter05b_arm2,0,gb_eoh_2122r3,HP_Peak,Linear,size_peak,netfit,residual,log,p0.1|n10,mape,41.21003607164438,16,15,q_arm2,linear
iter05b_arm2,0,gb_eoh_2122r3,HP_Peak,Linear,size_peak,netfit,residual,log,p0.1|n10,r2,-4.8804825084289725,16,15,q_arm2,linear
iter05b_arm2,0,gb_eoh_2122r3,HP_Peak,Linear,size_peak,netfit,residual,log,p0.1|n10,n_pred_nan,0.0,16,15,q_arm2,linear
iter05b_arm2,0,gb_eoh_2122r3,HP_Peak,Linear,size_peak,netfit,residual,log,p0.1|n10,mape_n_excluded,0.0,16,15,q_arm2,linear
iter05b_arm2,0,gb_eoh_2122r3,HP_Peak,Linear,size_peak,netfit,residual,log,p0.1|n40,wape,34.512064489349314,6,22,q_arm2,linear
iter05b_arm2,0,gb_eoh_2122r3,HP_Peak,Linear,size_peak,netfit,residual,log,p0.1|n40,rmse,4.632203929866292,6,22,q_arm2,linear
iter05b_arm2,0,gb_eoh_2122r3,HP_Peak,Linear,size_peak,netfit,residual,log,p0.1|n40,mae,4.217522569770892,6,22,q_arm2,linear
iter05b_arm2,0,gb_eoh_2122r3,HP_Peak,Linear,size_peak,netfit,residual,log,p0.1|n40,mape,35.45728082189392,6,22,q_arm2,linear
iter05b_arm2,0,gb_eoh_2122r3,HP_Peak,Linear,size_peak,netfit,residual,log,p0.1|n40,r2,-12.678108824302116,6,22,q_arm2,linear
iter05b_arm2,0,gb_eoh_2122r3,HP_Peak,Linear,size_peak,netfit,residual,log,p0.1|n40,n_pred_nan,0.0,6,22,q_arm2,linear
iter05b_arm2,0,gb_eoh_2122r3,HP_Peak,Linear,size_peak,netfit,residual,log,p0.1|n40,mape_n_excluded,0.0,6,22,q_arm2,linear
iter05b_arm2,0,gb_eoh_2122r3,HP_Peak,Linear,size_peak,netfit,residual,log,p0.5|n10,wape,22.44421865707313,6,24,q_arm2,linear
iter05b_arm2,0,gb_eoh_2122r3,HP_Peak,Linear,size_peak,netfit,residual,log,p0.5|n10,rmse,4.755794838981161,6,24,q_arm2,linear
iter05b_arm2,0,gb_eoh_2122r3,HP_Peak,Linear,size_peak,netfit,residual,log,p0.5|n10,mae,3.7195648793339964,6,24,q_arm2,linear
iter05b_arm2,0,gb_eoh_2122r3,HP_Peak,Linear,size_peak,netfit,residual,log,p0.5|n10,mape,21.275833414385474,6,24,q_arm2,linear
iter05b_arm2,0,gb_eoh_2122r3,HP_Peak,Linear,size_peak,netfit,residual,log,p0.5|n10,r2,-4.129057194454167,6,24,q_arm2,linear
iter05b_arm2,0,gb_eoh_2122r3,HP_Peak,Linear,size_peak,netfit,residual,log,p0.5|n10,n_pred_nan,0.0,6,24,q_arm2,linear
iter05b_arm2,0,gb_eoh_2122r3,HP_Peak,Linear,size_peak,netfit,residual,log,p0.5|n10,mape_n_excluded,0.0,6,24,q_arm2,linear
iter05b_arm2,0,gb_eoh_2122r3,HP_Peak,Linear,size_peak,netfit,residual,log,p0.5|n40,wape,16.378006708258646,2,28,q_arm2,linear
iter05b_arm2,0,gb_eoh_2122r3,HP_Peak,Linear,size_peak,netfit,residual,log,p0.5|n40,rmse,12.419367570466711,2,28,q_arm2,linear
iter05b_arm2,0,gb_eoh_2122r3,HP_Peak,Linear,size_peak,netfit,residual,log,p0.5|n40,mae,11.972033763469561,2,28,q_arm2,linear
iter05b_arm2,0,gb_eoh_2122r3,HP_Peak,Linear,size_peak,netfit,residual,log,p0.5|n40,mape,16.376731638817247,2,28,q_arm2,linear
iter05b_arm2,0,gb_eoh_2122r3,HP_Peak,Linear,size_peak,netfit,residual,log,p0.5|n40,r2,-361810.7118546414,2,28,q_arm2,linear
iter05b_arm2,0,gb_eoh_2122r3,HP_Peak,Linear,size_peak,netfit,residual,log,p0.5|n40,n_pred_nan,0.0,2,28,q_arm2,linear
iter05b_arm2,0,gb_eoh_2122r3,HP_Peak,Linear,size_peak,netfit,residual,log,p0.5|n40,mape_n_excluded,0.0,2,28,q_arm2,linear
iter05b_arm2,0,gb_eoh_2122r3,HP_Peak,Ridge,size_peak,netfit,residual,log,all,wape,26.93210692392624,30,58,q_arm2,linear
iter05b_arm2,0,gb_eoh_2122r3,HP_Peak,Ridge,size_peak,netfit,residual,log,all,rmse,5.427387491927155,30,58,q_arm2,linear
iter05b_arm2,0,gb_eoh_2122r3,HP_Peak,Ridge,size_peak,netfit,residual,log,all,mae,3.3359221002999693,30,58,q_arm2,linear
iter05b_arm2,0,gb_eoh_2122r3,HP_Peak,Ridge,size_peak,netfit,residual,log,all,mape,34.179776056215346,30,58,q_arm2,linear
iter05b_arm2,0,gb_eoh_2122r3,HP_Peak,Ridge,size_peak,netfit,residual,log,all,r2,0.9001155523640916,30,58,q_arm2,linear
iter05b_arm2,0,gb_eoh_2122r3,HP_Peak,Ridge,size_peak,netfit,residual,log,all,n_pred_nan,0.0,30,58,q_arm2,linear
iter05b_arm2,0,gb_eoh_2122r3,HP_Peak,Ridge,size_peak,netfit,residual,log,all,mape_n_excluded,0.0,30,58,q_arm2,linear
iter05b_arm2,0,gb_eoh_2122r3,HP_Peak,Ridge,size_peak,netfit,residual,log,all,n_invalid,0.0,30,58,q_arm2,linear
iter05b_arm2,0,gb_eoh_2122r3,HP_Peak,Ridge,size_peak,netfit,residual,log,all,n_resid_excluded_train,0.0,30,58,q_arm2,linear
iter05b_arm2,0,gb_eoh_2122r3,HP_Peak,Ridge,size_peak,netfit,residual,log,all,n_resid_excluded_inner,0.0,30,58,q_arm2,linear
iter05b_arm2,0,gb_eoh_2122r3,HP_Peak,Ridge,size_peak,netfit,residual,log,all,wape_train,22.639235675426566,30,58,q_arm2,linear
iter05b_arm2,0,gb_eoh_2122r3,HP_Peak,Ridge,size_peak,netfit,residual,log,all,wape_inner,23.827272378806104,30,58,q_arm2,linear
iter05b_arm2,0,gb_eoh_2122r3,HP_Peak,Ridge,size_peak,netfit,residual,log,all,n_train_sub,111.0,30,58,q_arm2,linear
iter05b_arm2,0,gb_eoh_2122r3,HP_Peak,Ridge,size_peak,netfit,residual,log,all,n_inner_sub,90.0,30,58,q_arm2,linear
iter05b_arm2,0,gb_eoh_2122r3,HP_Peak,Ridge,size_peak,netfit,residual,log,all,n_test_sub,30.0,30,58,q_arm2,linear
iter05b_arm2,0,gb_eoh_2122r3,HP_Peak,Ridge,size_peak,netfit,residual,log,all,n_overlap_sub,0.0,30,58,q_arm2,linear
iter05b_arm2,0,gb_eoh_2122r3,HP_Peak,Ridge,size_peak,netfit,residual,log,pbin<=15,wape,39.900090022809195,22,34,q_arm2,linear
iter05b_arm2,0,gb_eoh_2122r3,HP_Peak,Ridge,size_peak,netfit,residual,log,pbin<=15,rmse,3.794293645455116,22,34,q_arm2,linear
iter05b_arm2,0,gb_eoh_2122r3,HP_Peak,Ridge,size_peak,netfit,residual,log,pbin<=15,mae,2.2844800142898105,22,34,q_arm2,linear
iter05b_arm2,0,gb_eoh_2122r3,HP_Peak,Ridge,size_peak,netfit,residual,log,pbin<=15,mape,39.65953435841581,22,34,q_arm2,linear
iter05b_arm2,0,gb_eoh_2122r3,HP_Peak,Ridge,size_peak,netfit,residual,log,pbin<=15,r2,0.13849719120404524,22,34,q_arm2,linear
iter05b_arm2,0,gb_eoh_2122r3,HP_Peak,Ridge,size_peak,netfit,residual,log,pbin<=15,n_pred_nan,0.0,22,34,q_arm2,linear
iter05b_arm2,0,gb_eoh_2122r3,HP_Peak,Ridge,size_peak,netfit,residual,log,pbin<=15,mape_n_excluded,0.0,22,34,q_arm2,linear
iter05b_arm2,0,gb_eoh_2122r3,HP_Peak,Ridge,size_peak,netfit,residual,log,pbin35-65,wape,20.282059349676935,8,43,q_arm2,linear
iter05b_arm2,0,gb_eoh_2122r3,HP_Peak,Ridge,size_peak,netfit,residual,log,pbin35-65,rmse,8.418502210392866,8,43,q_arm2,linear
iter05b_arm2,0,gb_eoh_2122r3,HP_Peak,Ridge,size_peak,netfit,residual,log,pbin35-65,mae,6.227387836827907,8,43,q_arm2,linear
iter05b_arm2,0,gb_eoh_2122r3,HP_Peak,Ridge,size_peak,netfit,residual,log,pbin35-65,mape,19.110440725164008,8,43,q_arm2,linear
iter05b_arm2,0,gb_eoh_2122r3,HP_Peak,Ridge,size_peak,netfit,residual,log,pbin35-65,r2,0.8823519474321604,8,43,q_arm2,linear
iter05b_arm2,0,gb_eoh_2122r3,HP_Peak,Ridge,size_peak,netfit,residual,log,pbin35-65,n_pred_nan,0.0,8,43,q_arm2,linear
iter05b_arm2,0,gb_eoh_2122r3,HP_Peak,Ridge,size_peak,netfit,residual,log,pbin35-65,mape_n_excluded,0.0,8,43,q_arm2,linear
iter05b_arm2,0,gb_eoh_2122r3,HP_Peak,Ridge,size_peak,netfit,residual,log,p0.1|n10,wape,40.772943087097104,16,15,q_arm2,linear
iter05b_arm2,0,gb_eoh_2122r3,HP_Peak,Ridge,size_peak,netfit,residual,log,p0.1|n10,rmse,1.9103612626836368,16,15,q_arm2,linear
iter05b_arm2,0,gb_eoh_2122r3,HP_Peak,Ridge,size_peak,netfit,residual,log,p0.1|n10,mae,1.3413901200919551,16,15,q_arm2,linear
iter05b_arm2,0,gb_eoh_2122r3,HP_Peak,Ridge,size_peak,netfit,residual,log,p0.1|n10,mape,39.277834431672034,16,15,q_arm2,linear
iter05b_arm2,0,gb_eoh_2122r3,HP_Peak,Ridge,size_peak,netfit,residual,log,p0.1|n10,r2,-4.71733574812623,16,15,q_arm2,linear
iter05b_arm2,0,gb_eoh_2122r3,HP_Peak,Ridge,size_peak,netfit,residual,log,p0.1|n10,n_pred_nan,0.0,16,15,q_arm2,linear
iter05b_arm2,0,gb_eoh_2122r3,HP_Peak,Ridge,size_peak,netfit,residual,log,p0.1|n10,mape_n_excluded,0.0,16,15,q_arm2,linear
iter05b_arm2,0,gb_eoh_2122r3,HP_Peak,Ridge,size_peak,netfit,residual,log,p0.1|n40,wape,39.27346686713541,6,22,q_arm2,linear
iter05b_arm2,0,gb_eoh_2122r3,HP_Peak,Ridge,size_peak,netfit,residual,log,p0.1|n40,rmse,6.561693524176364,6,22,q_arm2,linear
iter05b_arm2,0,gb_eoh_2122r3,HP_Peak,Ridge,size_peak,netfit,residual,log,p0.1|n40,mae,4.799386398817425,6,22,q_arm2,linear
iter05b_arm2,0,gb_eoh_2122r3,HP_Peak,Ridge,size_peak,netfit,residual,log,p0.1|n40,mape,40.67740082973261,6,22,q_arm2,linear
iter05b_arm2,0,gb_eoh_2122r3,HP_Peak,Ridge,size_peak,netfit,residual,log,p0.1|n40,r2,-26.446223613193446,6,22,q_arm2,linear
iter05b_arm2,0,gb_eoh_2122r3,HP_Peak,Ridge,size_peak,netfit,residual,log,p0.1|n40,n_pred_nan,0.0,6,22,q_arm2,linear
iter05b_arm2,0,gb_eoh_2122r3,HP_Peak,Ridge,size_peak,netfit,residual,log,p0.1|n40,mape_n_excluded,0.0,6,22,q_arm2,linear
iter05b_arm2,0,gb_eoh_2122r3,HP_Peak,Ridge,size_peak,netfit,residual,log,p0.5|n10,wape,19.07594233256042,6,24,q_arm2,linear
iter05b_arm2,0,gb_eoh_2122r3,HP_Peak,Ridge,size_peak,netfit,residual,log,p0.5|n10,rmse,3.763299648653923,6,24,q_arm2,linear
iter05b_arm2,0,gb_eoh_2122r3,HP_Peak,Ridge,size_peak,netfit,residual,log,p0.5|n10,mae,3.1613577743340904,6,24,q_arm2,linear
iter05b_arm2,0,gb_eoh_2122r3,HP_Peak,Ridge,size_peak,netfit,residual,log,p0.5|n10,mape,18.446680505336733,6,24,q_arm2,linear
iter05b_arm2,0,gb_eoh_2122r3,HP_Peak,Ridge,size_peak,netfit,residual,log,p0.5|n10,r2,-2.2116552413221373,6,24,q_arm2,linear
iter05b_arm2,0,gb_eoh_2122r3,HP_Peak,Ridge,size_peak,netfit,residual,log,p0.5|n10,n_pred_nan,0.0,6,24,q_arm2,linear
iter05b_arm2,0,gb_eoh_2122r3,HP_Peak,Ridge,size_peak,netfit,residual,log,p0.5|n10,mape_n_excluded,0.0,6,24,q_arm2,linear
iter05b_arm2,0,gb_eoh_2122r3,HP_Peak,Ridge,size_peak,netfit,residual,log,p0.5|n40,wape,21.102394760288327,2,28,q_arm2,linear
iter05b_arm2,0,gb_eoh_2122r3,HP_Peak,Ridge,size_peak,netfit,residual,log,p0.5|n40,rmse,15.524092409183925,2,28,q_arm2,linear
iter05b_arm2,0,gb_eoh_2122r3,HP_Peak,Ridge,size_peak,netfit,residual,log,p0.5|n40,mae,15.425478024309356,2,28,q_arm2,linear
iter05b_arm2,0,gb_eoh_2122r3,HP_Peak,Ridge,size_peak,netfit,residual,log,p0.5|n40,mape,21.101721384645835,2,28,q_arm2,linear
iter05b_arm2,0,gb_eoh_2122r3,HP_Peak,Ridge,size_peak,netfit,residual,log,p0.5|n40,r2,-565321.2745174974,2,28,q_arm2,linear
iter05b_arm2,0,gb_eoh_2122r3,HP_Peak,Ridge,size_peak,netfit,residual,log,p0.5|n40,n_pred_nan,0.0,2,28,q_arm2,linear
iter05b_arm2,0,gb_eoh_2122r3,HP_Peak,Ridge,size_peak,netfit,residual,log,p0.5|n40,mape_n_excluded,0.0,2,28,q_arm2,linear
iter05b_arm2,0,gb_eoh_2122r3,HP_Peak,Lasso,size_peak,netfit,residual,log,all,wape,27.807282891222673,30,58,q_arm2,linear
iter05b_arm2,0,gb_eoh_2122r3,HP_Peak,Lasso,size_peak,netfit,residual,log,all,rmse,5.68236417018097,30,58,q_arm2,linear
iter05b_arm2,0,gb_eoh_2122r3,HP_Peak,Lasso,size_peak,netfit,residual,log,all,mae,3.444325013566362,30,58,q_arm2,linear
iter05b_arm2,0,gb_eoh_2122r3,HP_Peak,Lasso,size_peak,netfit,residual,log,all,mape,35.23028488763244,30,58,q_arm2,linear
iter05b_arm2,0,gb_eoh_2122r3,HP_Peak,Lasso,size_peak,netfit,residual,log,all,r2,0.8905100292007393,30,58,q_arm2,linear
iter05b_arm2,0,gb_eoh_2122r3,HP_Peak,Lasso,size_peak,netfit,residual,log,all,n_pred_nan,0.0,30,58,q_arm2,linear
iter05b_arm2,0,gb_eoh_2122r3,HP_Peak,Lasso,size_peak,netfit,residual,log,all,mape_n_excluded,0.0,30,58,q_arm2,linear
iter05b_arm2,0,gb_eoh_2122r3,HP_Peak,Lasso,size_peak,netfit,residual,log,all,n_invalid,0.0,30,58,q_arm2,linear
iter05b_arm2,0,gb_eoh_2122r3,HP_Peak,Lasso,size_peak,netfit,residual,log,all,n_resid_excluded_train,0.0,30,58,q_arm2,linear
iter05b_arm2,0,gb_eoh_2122r3,HP_Peak,Lasso,size_peak,netfit,residual,log,all,n_resid_excluded_inner,0.0,30,58,q_arm2,linear
iter05b_arm2,0,gb_eoh_2122r3,HP_Peak,Lasso,size_peak,netfit,residual,log,all,wape_train,22.691500117857967,30,58,q_arm2,linear
iter05b_arm2,0,gb_eoh_2122r3,HP_Peak,Lasso,size_peak,netfit,residual,log,all,wape_inner,24.63036245563929,30,58,q_arm2,linear
iter05b_arm2,0,gb_eoh_2122r3,HP_Peak,Lasso,size_peak,netfit,residual,log,all,n_train_sub,111.0,30,58,q_arm2,linear
iter05b_arm2,0,gb_eoh_2122r3,HP_Peak,Lasso,size_peak,netfit,residual,log,all,n_inner_sub,90.0,30,58,q_arm2,linear
iter05b_arm2,0,gb_eoh_2122r3,HP_Peak,Lasso,size_peak,netfit,residual,log,all,n_test_sub,30.0,30,58,q_arm2,linear
iter05b_arm2,0,gb_eoh_2122r3,HP_Peak,Lasso,size_peak,netfit,residual,log,all,n_overlap_sub,0.0,30,58,q_arm2,linear
iter05b_arm2,0,gb_eoh_2122r3,HP_Peak,Lasso,size_peak,netfit,residual,log,pbin<=15,wape,40.78660530189079,22,34,q_arm2,linear
iter05b_arm2,0,gb_eoh_2122r3,HP_Peak,Lasso,size_peak,netfit,residual,log,pbin<=15,rmse,3.8536876687409767,22,34,q_arm2,linear
iter05b_arm2,0,gb_eoh_2122r3,HP_Peak,Lasso,size_peak,netfit,residual,log,pbin<=15,mae,2.3352374545929955,22,34,q_arm2,linear
iter05b_arm2,0,gb_eoh_2122r3,HP_Peak,Lasso,size_peak,netfit,residual,log,pbin<=15,mape,40.976340325471774,22,34,q_arm2,linear
iter05b_arm2,0,gb_eoh_2122r3,HP_Peak,Lasso,size_peak,netfit,residual,log,pbin<=15,r2,0.11131500495624391,22,34,q_arm2,linear
iter05b_arm2,0,gb_eoh_2122r3,HP_Peak,Lasso,size_peak,netfit,residual,log,pbin<=15,n_pred_nan,0.0,22,34,q_arm2,linear
iter05b_arm2,0,gb_eoh_2122r3,HP_Peak,Lasso,size_peak,netfit,residual,log,pbin<=15,mape_n_excluded,0.0,22,34,q_arm2,linear
iter05b_arm2,0,gb_eoh_2122r3,HP_Peak,Lasso,size_peak,netfit,residual,log,pbin35-65,wape,21.151420460317905,8,43,q_arm2,linear
iter05b_arm2,0,gb_eoh_2122r3,HP_Peak,Lasso,size_peak,netfit,residual,log,pbin35-65,rmse,8.957942611281876,8,43,q_arm2,linear
iter05b_arm2,0,gb_eoh_2122r3,HP_Peak,Lasso,size_peak,netfit,residual,log,pbin35-65,mae,6.49431580074312,8,43,q_arm2,linear
iter05b_arm2,0,gb_eoh_2122r3,HP_Peak,Lasso,size_peak,netfit,residual,log,pbin35-65,mape,19.428632433574283,8,43,q_arm2,linear
iter05b_arm2,0,gb_eoh_2122r3,HP_Peak,Lasso,size_peak,netfit,residual,log,pbin35-65,r2,0.8667915932830383,8,43,q_arm2,linear
iter05b_arm2,0,gb_eoh_2122r3,HP_Peak,Lasso,size_peak,netfit,residual,log,pbin35-65,n_pred_nan,0.0,8,43,q_arm2,linear
iter05b_arm2,0,gb_eoh_2122r3,HP_Peak,Lasso,size_peak,netfit,residual,log,pbin35-65,mape_n_excluded,0.0,8,43,q_arm2,linear
iter05b_arm2,0,gb_eoh_2122r3,HP_Peak,Lasso,size_peak,netfit,residual,log,p0.1|n10,wape,42.39335940807848,16,15,q_arm2,linear
iter05b_arm2,0,gb_eoh_2122r3,HP_Peak,Lasso,size_peak,netfit,residual,log,p0.1|n10,rmse,1.9833760610036122,16,15,q_arm2,linear
iter05b_arm2,0,gb_eoh_2122r3,HP_Peak,Lasso,size_peak,netfit,residual,log,p0.1|n10,mae,1.394700238980283,16,15,q_arm2,linear
iter05b_arm2,0,gb_eoh_2122r3,HP_Peak,Lasso,size_peak,netfit,residual,log,p0.1|n10,mape,40.85419998286303,16,15,q_arm2,linear
iter05b_arm2,0,gb_eoh_2122r3,HP_Peak,Lasso,size_peak,netfit,residual,log,p0.1|n10,r2,-5.162725510810324,16,15,q_arm2,linear
iter05b_arm2,0,gb_eoh_2122r3,HP_Peak,Lasso,size_peak,netfit,residual,log,p0.1|n10,n_pred_nan,0.0,16,15,q_arm2,linear
iter05b_arm2,0,gb_eoh_2122r3,HP_Peak,Lasso,size_peak,netfit,residual,log,p0.1|n10,mape_n_excluded,0.0,16,15,q_arm2,linear
iter05b_arm2,0,gb_eoh_2122r3,HP_Peak,Lasso,size_peak,netfit,residual,log,p0.1|n40,wape,39.63311295638067,6,22,q_arm2,linear
iter05b_arm2,0,gb_eoh_2122r3,HP_Peak,Lasso,size_peak,netfit,residual,log,p0.1|n40,rmse,6.630478874997674,6,22,q_arm2,linear
iter05b_arm2,0,gb_eoh_2122r3,HP_Peak,Lasso,size_peak,netfit,residual,log,p0.1|n40,mae,4.843336696226895,6,22,q_arm2,linear
iter05b_arm2,0,gb_eoh_2122r3,HP_Peak,Lasso,size_peak,netfit,residual,log,p0.1|n40,mape,41.302047905761754,6,22,q_arm2,linear
iter05b_arm2,0,gb_eoh_2122r3,HP_Peak,Lasso,size_peak,netfit,residual,log,p0.1|n40,r2,-27.02466983413266,6,22,q_arm2,linear
iter05b_arm2,0,gb_eoh_2122r3,HP_Peak,Lasso,size_peak,netfit,residual,log,p0.1|n40,n_pred_nan,0.0,6,22,q_arm2,linear
iter05b_arm2,0,gb_eoh_2122r3,HP_Peak,Lasso,size_peak,netfit,residual,log,p0.1|n40,mape_n_excluded,0.0,6,22,q_arm2,linear
iter05b_arm2,0,gb_eoh_2122r3,HP_Peak,Lasso,size_peak,netfit,residual,log,p0.5|n10,wape,19.00014484500978,6,24,q_arm2,linear
iter05b_arm2,0,gb_eoh_2122r3,HP_Peak,Lasso,size_peak,netfit,residual,log,p0.5|n10,rmse,3.6670994204354503,6,24,q_arm2,linear
iter05b_arm2,0,gb_eoh_2122r3,HP_Peak,Lasso,size_peak,netfit,residual,log,p0.5|n10,mae,3.148796246711195,6,24,q_arm2,linear
iter05b_arm2,0,gb_eoh_2122r3,HP_Peak,Lasso,size_peak,netfit,residual,log,p0.5|n10,mape,18.366991719978007,6,24,q_arm2,linear
iter05b_arm2,0,gb_eoh_2122r3,HP_Peak,Lasso,size_peak,netfit,residual,log,p0.5|n10,r2,-2.04955653043262,6,24,q_arm2,linear
iter05b_arm2,0,gb_eoh_2122r3,HP_Peak,Lasso,size_peak,netfit,residual,log,p0.5|n10,n_pred_nan,0.0,6,24,q_arm2,linear
iter05b_arm2,0,gb_eoh_2122r3,HP_Peak,Lasso,size_peak,netfit,residual,log,p0.5|n10,mape_n_excluded,0.0,6,24,q_arm2,linear
iter05b_arm2,0,gb_eoh_2122r3,HP_Peak,Lasso,size_peak,netfit,residual,log,p0.5|n40,wape,22.614601511722956,2,28,q_arm2,linear
iter05b_arm2,0,gb_eoh_2122r3,HP_Peak,Lasso,size_peak,netfit,residual,log,p0.5|n40,rmse,16.75219653746947,2,28,q_arm2,linear
iter05b_arm2,0,gb_eoh_2122r3,HP_Peak,Lasso,size_peak,netfit,residual,log,p0.5|n40,mae,16.530874462838895,2,28,q_arm2,linear
iter05b_arm2,0,gb_eoh_2122r3,HP_Peak,Lasso,size_peak,netfit,residual,log,p0.5|n40,mape,22.61355457436312,2,28,q_arm2,linear
iter05b_arm2,0,gb_eoh_2122r3,HP_Peak,Lasso,size_peak,netfit,residual,log,p0.5|n40,r2,-658304.0370688731,2,28,q_arm2,linear
iter05b_arm2,0,gb_eoh_2122r3,HP_Peak,Lasso,size_peak,netfit,residual,log,p0.5|n40,n_pred_nan,0.0,2,28,q_arm2,linear
iter05b_arm2,0,gb_eoh_2122r3,HP_Peak,Lasso,size_peak,netfit,residual,log,p0.5|n40,mape_n_excluded,0.0,2,28,q_arm2,linear
iter05b_arm2,0,gb_eoh_2122r3,HP_Peak,ElasticNet,size_peak,netfit,residual,log,all,wape,37.142492383626305,30,58,q_arm2,linear
iter05b_arm2,0,gb_eoh_2122r3,HP_Peak,ElasticNet,size_peak,netfit,residual,log,all,rmse,7.632533034904551,30,58,q_arm2,linear
iter05b_arm2,0,gb_eoh_2122r3,HP_Peak,ElasticNet,size_peak,netfit,residual,log,all,mae,4.600622652833993,30,58,q_arm2,linear
iter05b_arm2,0,gb_eoh_2122r3,HP_Peak,ElasticNet,size_peak,netfit,residual,log,all,mape,41.07884110951649,30,58,q_arm2,linear
iter05b_arm2,0,gb_eoh_2122r3,HP_Peak,ElasticNet,size_peak,netfit,residual,log,all,r2,0.8024606598293326,30,58,q_arm2,linear
iter05b_arm2,0,gb_eoh_2122r3,HP_Peak,ElasticNet,size_peak,netfit,residual,log,all,n_pred_nan,0.0,30,58,q_arm2,linear
iter05b_arm2,0,gb_eoh_2122r3,HP_Peak,ElasticNet,size_peak,netfit,residual,log,all,mape_n_excluded,0.0,30,58,q_arm2,linear
iter05b_arm2,0,gb_eoh_2122r3,HP_Peak,ElasticNet,size_peak,netfit,residual,log,all,n_invalid,0.0,30,58,q_arm2,linear
iter05b_arm2,0,gb_eoh_2122r3,HP_Peak,ElasticNet,size_peak,netfit,residual,log,all,n_resid_excluded_train,0.0,30,58,q_arm2,linear
iter05b_arm2,0,gb_eoh_2122r3,HP_Peak,ElasticNet,size_peak,netfit,residual,log,all,n_resid_excluded_inner,0.0,30,58,q_arm2,linear
iter05b_arm2,0,gb_eoh_2122r3,HP_Peak,ElasticNet,size_peak,netfit,residual,log,all,wape_train,31.690408079432714,30,58,q_arm2,linear
iter05b_arm2,0,gb_eoh_2122r3,HP_Peak,ElasticNet,size_peak,netfit,residual,log,all,wape_inner,33.69114004293377,30,58,q_arm2,linear
iter05b_arm2,0,gb_eoh_2122r3,HP_Peak,ElasticNet,size_peak,netfit,residual,log,all,n_train_sub,111.0,30,58,q_arm2,linear
iter05b_arm2,0,gb_eoh_2122r3,HP_Peak,ElasticNet,size_peak,netfit,residual,log,all,n_inner_sub,90.0,30,58,q_arm2,linear
iter05b_arm2,0,gb_eoh_2122r3,HP_Peak,ElasticNet,size_peak,netfit,residual,log,all,n_test_sub,30.0,30,58,q_arm2,linear
iter05b_arm2,0,gb_eoh_2122r3,HP_Peak,ElasticNet,size_peak,netfit,residual,log,all,n_overlap_sub,0.0,30,58,q_arm2,linear
iter05b_arm2,0,gb_eoh_2122r3,HP_Peak,ElasticNet,size_peak,netfit,residual,log,pbin<=15,wape,45.582169655315504,22,34,q_arm2,linear
iter05b_arm2,0,gb_eoh_2122r3,HP_Peak,ElasticNet,size_peak,netfit,residual,log,pbin<=15,rmse,4.396582347552142,22,34,q_arm2,linear
iter05b_arm2,0,gb_eoh_2122r3,HP_Peak,ElasticNet,size_peak,netfit,residual,log,pbin<=15,mae,2.6098075349205505,22,34,q_arm2,linear
iter05b_arm2,0,gb_eoh_2122r3,HP_Peak,ElasticNet,size_peak,netfit,residual,log,pbin<=15,mape,43.935780505317354,22,34,q_arm2,linear
iter05b_arm2,0,gb_eoh_2122r3,HP_Peak,ElasticNet,size_peak,netfit,residual,log,pbin<=15,r2,-0.15671200910145977,22,34,q_arm2,linear
iter05b_arm2,0,gb_eoh_2122r3,HP_Peak,ElasticNet,size_peak,netfit,residual,log,pbin<=15,n_pred_nan,0.0,22,34,q_arm2,linear
iter05b_arm2,0,gb_eoh_2122r3,HP_Peak,ElasticNet,size_peak,netfit,residual,log,pbin<=15,mape_n_excluded,0.0,22,34,q_arm2,linear
iter05b_arm2,0,gb_eoh_2122r3,HP_Peak,ElasticNet,size_peak,netfit,residual,log,pbin35-65,wape,32.81458302871065,8,43,q_arm2,linear
iter05b_arm2,0,gb_eoh_2122r3,HP_Peak,ElasticNet,size_peak,netfit,residual,log,pbin35-65,rmse,12.856944701276825,8,43,q_arm2,linear
iter05b_arm2,0,gb_eoh_2122r3,HP_Peak,ElasticNet,size_peak,netfit,residual,log,pbin35-65,mae,10.07536422709596,8,43,q_arm2,linear
iter05b_arm2,0,gb_eoh_2122r3,HP_Peak,ElasticNet,size_peak,netfit,residual,log,pbin35-65,mape,33.22225777106412,8,43,q_arm2,linear
iter05b_arm2,0,gb_eoh_2122r3,HP_Peak,ElasticNet,size_peak,netfit,residual,log,pbin35-65,r2,0.7255958759749725,8,43,q_arm2,linear
iter05b_arm2,0,gb_eoh_2122r3,HP_Peak,ElasticNet,size_peak,netfit,residual,log,pbin35-65,n_pred_nan,0.0,8,43,q_arm2,linear
iter05b_arm2,0,gb_eoh_2122r3,HP_Peak,ElasticNet,size_peak,netfit,residual,log,pbin35-65,mape_n_excluded,0.0,8,43,q_arm2,linear
iter05b_arm2,0,gb_eoh_2122r3,HP_Peak,ElasticNet,size_peak,netfit,residual,log,p0.1|n10,wape,41.172712249661494,16,15,q_arm2,linear
iter05b_arm2,0,gb_eoh_2122r3,HP_Peak,ElasticNet,size_peak,netfit,residual,log,p0.1|n10,rmse,2.0463154552210194,16,15,q_arm2,linear
iter05b_arm2,0,gb_eoh_2122r3,HP_Peak,ElasticNet,size_peak,netfit,residual,log,p0.1|n10,mae,1.3545421362178405,16,15,q_arm2,linear
iter05b_arm2,0,gb_eoh_2122r3,HP_Peak,ElasticNet,size_peak,netfit,residual,log,p0.1|n10,mape,41.39737939016286,16,15,q_arm2,linear
iter05b_arm2,0,gb_eoh_2122r3,HP_Peak,ElasticNet,size_peak,netfit,residual,log,p0.1|n10,r2,-5.560060719068839,16,15,q_arm2,linear
iter05b_arm2,0,gb_eoh_2122r3,HP_Peak,ElasticNet,size_peak,netfit,residual,log,p0.1|n10,n_pred_nan,0.0,16,15,q_arm2,linear
iter05b_arm2,0,gb_eoh_2122r3,HP_Peak,ElasticNet,size_peak,netfit,residual,log,p0.1|n10,mape_n_excluded,0.0,16,15,q_arm2,linear
iter05b_arm2,0,gb_eoh_2122r3,HP_Peak,ElasticNet,size_peak,netfit,residual,log,p0.1|n40,wape,48.747728931428306,6,22,q_arm2,linear
iter05b_arm2,0,gb_eoh_2122r3,HP_Peak,ElasticNet,size_peak,netfit,residual,log,p0.1|n40,rmse,7.727225551875373,6,22,q_arm2,linear
iter05b_arm2,0,gb_eoh_2122r3,HP_Peak,ElasticNet,size_peak,netfit,residual,log,p0.1|n40,mae,5.95718193146111,6,22,q_arm2,linear
iter05b_arm2,0,gb_eoh_2122r3,HP_Peak,ElasticNet,size_peak,netfit,residual,log,p0.1|n40,mape,50.70485014572929,6,22,q_arm2,linear
iter05b_arm2,0,gb_eoh_2122r3,HP_Peak,ElasticNet,size_peak,netfit,residual,log,p0.1|n40,r2,-37.0625509791011,6,22,q_arm2,linear
iter05b_arm2,0,gb_eoh_2122r3,HP_Peak,ElasticNet,size_peak,netfit,residual,log,p0.1|n40,n_pred_nan,0.0,6,22,q_arm2,linear
iter05b_arm2,0,gb_eoh_2122r3,HP_Peak,ElasticNet,size_peak,netfit,residual,log,p0.1|n40,mape_n_excluded,0.0,6,22,q_arm2,linear
iter05b_arm2,0,gb_eoh_2122r3,HP_Peak,ElasticNet,size_peak,netfit,residual,log,p0.5|n10,wape,34.07661645617026,6,24,q_arm2,linear
iter05b_arm2,0,gb_eoh_2122r3,HP_Peak,ElasticNet,size_peak,netfit,residual,log,p0.5|n10,rmse,5.948483399134232,6,24,q_arm2,linear
iter05b_arm2,0,gb_eoh_2122r3,HP_Peak,ElasticNet,size_peak,netfit,residual,log,p0.5|n10,mae,5.647342316234359,6,24,q_arm2,linear
iter05b_arm2,0,gb_eoh_2122r3,HP_Peak,ElasticNet,size_peak,netfit,residual,log,p0.5|n10,mape,33.64466538567836,6,24,q_arm2,linear
iter05b_arm2,0,gb_eoh_2122r3,HP_Peak,ElasticNet,size_peak,netfit,residual,log,p0.5|n10,r2,-7.024238476974052,6,24,q_arm2,linear
iter05b_arm2,0,gb_eoh_2122r3,HP_Peak,ElasticNet,size_peak,netfit,residual,log,p0.5|n10,n_pred_nan,0.0,6,24,q_arm2,linear
iter05b_arm2,0,gb_eoh_2122r3,HP_Peak,ElasticNet,size_peak,netfit,residual,log,p0.5|n10,mape_n_excluded,0.0,6,24,q_arm2,linear
iter05b_arm2,0,gb_eoh_2122r3,HP_Peak,ElasticNet,size_peak,netfit,residual,log,p0.5|n40,wape,31.956216307050862,2,28,q_arm2,linear
iter05b_arm2,0,gb_eoh_2122r3,HP_Peak,ElasticNet,size_peak,netfit,residual,log,p0.5|n40,rmse,23.559514934680518,2,28,q_arm2,linear
iter05b_arm2,0,gb_eoh_2122r3,HP_Peak,ElasticNet,size_peak,netfit,residual,log,p0.5|n40,mae,23.359429959680757,2,28,q_arm2,linear
iter05b_arm2,0,gb_eoh_2122r3,HP_Peak,ElasticNet,size_peak,netfit,residual,log,p0.5|n40,mape,31.955034927221433,2,28,q_arm2,linear
iter05b_arm2,0,gb_eoh_2122r3,HP_Peak,ElasticNet,size_peak,netfit,residual,log,p0.5|n40,r2,-1302015.0810370396,2,28,q_arm2,linear
iter05b_arm2,0,gb_eoh_2122r3,HP_Peak,ElasticNet,size_peak,netfit,residual,log,p0.5|n40,n_pred_nan,0.0,2,28,q_arm2,linear
iter05b_arm2,0,gb_eoh_2122r3,HP_Peak,ElasticNet,size_peak,netfit,residual,log,p0.5|n40,mape_n_excluded,0.0,2,28,q_arm2,linear
iter05b_arm2,0,gb_eoh_2122r3,HP_Peak,PLS,size_peak,netfit,residual,log,all,wape,23.799126232405683,30,58,q_arm2,linear
iter05b_arm2,0,gb_eoh_2122r3,HP_Peak,PLS,size_peak,netfit,residual,log,all,rmse,4.39464182326265,30,58,q_arm2,linear
iter05b_arm2,0,gb_eoh_2122r3,HP_Peak,PLS,size_peak,netfit,residual,log,all,mae,2.9478581601790577,30,58,q_arm2,linear
iter05b_arm2,0,gb_eoh_2122r3,HP_Peak,PLS,size_peak,netfit,residual,log,all,mape,34.14489236249755,30,58,q_arm2,linear
iter05b_arm2,0,gb_eoh_2122r3,HP_Peak,PLS,size_peak,netfit,residual,log,all,r2,0.9345117805700054,30,58,q_arm2,linear
iter05b_arm2,0,gb_eoh_2122r3,HP_Peak,PLS,size_peak,netfit,residual,log,all,n_pred_nan,0.0,30,58,q_arm2,linear
iter05b_arm2,0,gb_eoh_2122r3,HP_Peak,PLS,size_peak,netfit,residual,log,all,mape_n_excluded,0.0,30,58,q_arm2,linear
iter05b_arm2,0,gb_eoh_2122r3,HP_Peak,PLS,size_peak,netfit,residual,log,all,n_invalid,0.0,30,58,q_arm2,linear
iter05b_arm2,0,gb_eoh_2122r3,HP_Peak,PLS,size_peak,netfit,residual,log,all,n_resid_excluded_train,0.0,30,58,q_arm2,linear
iter05b_arm2,0,gb_eoh_2122r3,HP_Peak,PLS,size_peak,netfit,residual,log,all,n_resid_excluded_inner,0.0,30,58,q_arm2,linear
iter05b_arm2,0,gb_eoh_2122r3,HP_Peak,PLS,size_peak,netfit,residual,log,all,wape_train,21.010276464221835,30,58,q_arm2,linear
iter05b_arm2,0,gb_eoh_2122r3,HP_Peak,PLS,size_peak,netfit,residual,log,all,wape_inner,29.377196669194067,30,58,q_arm2,linear
iter05b_arm2,0,gb_eoh_2122r3,HP_Peak,PLS,size_peak,netfit,residual,log,all,n_train_sub,111.0,30,58,q_arm2,linear
iter05b_arm2,0,gb_eoh_2122r3,HP_Peak,PLS,size_peak,netfit,residual,log,all,n_inner_sub,90.0,30,58,q_arm2,linear
iter05b_arm2,0,gb_eoh_2122r3,HP_Peak,PLS,size_peak,netfit,residual,log,all,n_test_sub,30.0,30,58,q_arm2,linear
iter05b_arm2,0,gb_eoh_2122r3,HP_Peak,PLS,size_peak,netfit,residual,log,all,n_overlap_sub,0.0,30,58,q_arm2,linear
iter05b_arm2,0,gb_eoh_2122r3,HP_Peak,PLS,size_peak,netfit,residual,log,pbin<=15,wape,37.324991469781885,22,34,q_arm2,linear
iter05b_arm2,0,gb_eoh_2122r3,HP_Peak,PLS,size_peak,netfit,residual,log,pbin<=15,rmse,2.9285904028111767,22,34,q_arm2,linear
iter05b_arm2,0,gb_eoh_2122r3,HP_Peak,PLS,size_peak,netfit,residual,log,pbin<=15,mae,2.1370427234001266,22,34,q_arm2,linear
iter05b_arm2,0,gb_eoh_2122r3,HP_Peak,PLS,size_peak,netfit,residual,log,pbin<=15,mape,39.243154472185445,22,34,q_arm2,linear
iter05b_arm2,0,gb_eoh_2122r3,HP_Peak,PLS,size_peak,netfit,residual,log,pbin<=15,r2,0.48676993378890865,22,34,q_arm2,linear
iter05b_arm2,0,gb_eoh_2122r3,HP_Peak,PLS,size_peak,netfit,residual,log,pbin<=15,n_pred_nan,0.0,22,34,q_arm2,linear
iter05b_arm2,0,gb_eoh_2122r3,HP_Peak,PLS,size_peak,netfit,residual,log,pbin<=15,mape_n_excluded,0.0,22,34,q_arm2,linear
iter05b_arm2,0,gb_eoh_2122r3,HP_Peak,PLS,size_peak,netfit,residual,log,pbin35-65,wape,16.862993865053625,8,43,q_arm2,linear
iter05b_arm2,0,gb_eoh_2122r3,HP_Peak,PLS,size_peak,netfit,residual,log,pbin35-65,rmse,6.988384865255419,8,43,q_arm2,linear
iter05b_arm2,0,gb_eoh_2122r3,HP_Peak,PLS,size_peak,netfit,residual,log,pbin35-65,mae,5.177600611321121,8,43,q_arm2,linear
iter05b_arm2,0,gb_eoh_2122r3,HP_Peak,PLS,size_peak,netfit,residual,log,pbin35-65,mape,20.12467156085586,8,43,q_arm2,linear
iter05b_arm2,0,gb_eoh_2122r3,HP_Peak,PLS,size_peak,netfit,residual,log,pbin35-65,r2,0.9189284061676296,8,43,q_arm2,linear
iter05b_arm2,0,gb_eoh_2122r3,HP_Peak,PLS,size_peak,netfit,residual,log,pbin35-65,n_pred_nan,0.0,8,43,q_arm2,linear
iter05b_arm2,0,gb_eoh_2122r3,HP_Peak,PLS,size_peak,netfit,residual,log,pbin35-65,mape_n_excluded,0.0,8,43,q_arm2,linear
iter05b_arm2,0,gb_eoh_2122r3,HP_Peak,PLS,size_peak,netfit,residual,log,p0.1|n10,wape,43.54843623471986,16,15,q_arm2,linear
iter05b_arm2,0,gb_eoh_2122r3,HP_Peak,PLS,size_peak,netfit,residual,log,p0.1|n10,rmse,2.041035744652036,16,15,q_arm2,linear
iter05b_arm2,0,gb_eoh_2122r3,HP_Peak,PLS,size_peak,netfit,residual,log,p0.1|n10,mae,1.4327011416841704,16,15,q_arm2,linear
iter05b_arm2,0,gb_eoh_2122r3,HP_Peak,PLS,size_peak,netfit,residual,log,p0.1|n10,mape,41.221947130721006,16,15,q_arm2,linear
iter05b_arm2,0,gb_eoh_2122r3,HP_Peak,PLS,size_peak,netfit,residual,log,p0.1|n10,r2,-5.526253086376361,16,15,q_arm2,linear
iter05b_arm2,0,gb_eoh_2122r3,HP_Peak,PLS,size_peak,netfit,residual,log,p0.1|n10,n_pred_nan,0.0,16,15,q_arm2,linear
iter05b_arm2,0,gb_eoh_2122r3,HP_Peak,PLS,size_peak,netfit,residual,log,p0.1|n10,mape_n_excluded,0.0,16,15,q_arm2,linear
iter05b_arm2,0,gb_eoh_2122r3,HP_Peak,PLS,size_peak,netfit,residual,log,p0.1|n40,wape,32.85716663497026,6,22,q_arm2,linear
iter05b_arm2,0,gb_eoh_2122r3,HP_Peak,PLS,size_peak,netfit,residual,log,p0.1|n40,rmse,4.509857497166132,6,22,q_arm2,linear
iter05b_arm2,0,gb_eoh_2122r3,HP_Peak,PLS,size_peak,netfit,residual,log,p0.1|n40,mae,4.015286941309342,6,22,q_arm2,linear
iter05b_arm2,0,gb_eoh_2122r3,HP_Peak,PLS,size_peak,netfit,residual,log,p0.1|n40,mape,33.966374049423905,6,22,q_arm2,linear
iter05b_arm2,0,gb_eoh_2122r3,HP_Peak,PLS,size_peak,netfit,residual,log,p0.1|n40,r2,-11.965114357724714,6,22,q_arm2,linear
iter05b_arm2,0,gb_eoh_2122r3,HP_Peak,PLS,size_peak,netfit,residual,log,p0.1|n40,n_pred_nan,0.0,6,22,q_arm2,linear
iter05b_arm2,0,gb_eoh_2122r3,HP_Peak,PLS,size_peak,netfit,residual,log,p0.1|n40,mape_n_excluded,0.0,6,22,q_arm2,linear
iter05b_arm2,0,gb_eoh_2122r3,HP_Peak,PLS,size_peak,netfit,residual,log,p0.5|n10,wape,23.638976275650634,6,24,q_arm2,linear
iter05b_arm2,0,gb_eoh_2122r3,HP_Peak,PLS,size_peak,netfit,residual,log,p0.5|n10,rmse,4.984393237586938,6,24,q_arm2,linear
iter05b_arm2,0,gb_eoh_2122r3,HP_Peak,PLS,size_peak,netfit,residual,log,p0.5|n10,mae,3.9175659122626754,6,24,q_arm2,linear
iter05b_arm2,0,gb_eoh_2122r3,HP_Peak,PLS,size_peak,netfit,residual,log,p0.5|n10,mape,22.748936240315366,6,24,q_arm2,linear
iter05b_arm2,0,gb_eoh_2122r3,HP_Peak,PLS,size_peak,netfit,residual,log,p0.5|n10,r2,-4.633987974990967,6,24,q_arm2,linear
iter05b_arm2,0,gb_eoh_2122r3,HP_Peak,PLS,size_peak,netfit,residual,log,p0.5|n10,n_pred_nan,0.0,6,24,q_arm2,linear
iter05b_arm2,0,gb_eoh_2122r3,HP_Peak,PLS,size_peak,netfit,residual,log,p0.5|n10,mape_n_excluded,0.0,6,24,q_arm2,linear
iter05b_arm2,0,gb_eoh_2122r3,HP_Peak,PLS,size_peak,netfit,residual,log,p0.5|n40,wape,12.254337960022415,2,28,q_arm2,linear
iter05b_arm2,0,gb_eoh_2122r3,HP_Peak,PLS,size_peak,netfit,residual,log,p0.5|n40,rmse,10.991704338227844,2,28,q_arm2,linear
iter05b_arm2,0,gb_eoh_2122r3,HP_Peak,PLS,size_peak,netfit,residual,log,p0.5|n40,mae,8.957704708496458,2,28,q_arm2,linear
iter05b_arm2,0,gb_eoh_2122r3,HP_Peak,PLS,size_peak,netfit,residual,log,p0.5|n40,mape,12.251877522477326,2,28,q_arm2,linear
iter05b_arm2,0,gb_eoh_2122r3,HP_Peak,PLS,size_peak,netfit,residual,log,p0.5|n40,r2,-283408.0634946149,2,28,q_arm2,linear
iter05b_arm2,0,gb_eoh_2122r3,HP_Peak,PLS,size_peak,netfit,residual,log,p0.5|n40,n_pred_nan,0.0,2,28,q_arm2,linear
iter05b_arm2,0,gb_eoh_2122r3,HP_Peak,PLS,size_peak,netfit,residual,log,p0.5|n40,mape_n_excluded,0.0,2,28,q_arm2,linear
iter05b_arm2,0,gb_eoh_2122r3,HP_Peak,Linear,size_peak,both,direct,log,all,wape,29.29249427797778,30,58,q_arm2,linear
iter05b_arm2,0,gb_eoh_2122r3,HP_Peak,Linear,size_peak,both,direct,log,all,rmse,5.1608896793809675,30,58,q_arm2,linear
iter05b_arm2,0,gb_eoh_2122r3,HP_Peak,Linear,size_peak,both,direct,log,all,mae,3.6282894357591147,30,58,q_arm2,linear
iter05b_arm2,0,gb_eoh_2122r3,HP_Peak,Linear,size_peak,both,direct,log,all,mape,49.29323563901456,30,58,q_arm2,linear
iter05b_arm2,0,gb_eoh_2122r3,HP_Peak,Linear,size_peak,both,direct,log,all,r2,0.9096838607344433,30,58,q_arm2,linear
iter05b_arm2,0,gb_eoh_2122r3,HP_Peak,Linear,size_peak,both,direct,log,all,n_pred_nan,0.0,30,58,q_arm2,linear
iter05b_arm2,0,gb_eoh_2122r3,HP_Peak,Linear,size_peak,both,direct,log,all,mape_n_excluded,0.0,30,58,q_arm2,linear
iter05b_arm2,0,gb_eoh_2122r3,HP_Peak,Linear,size_peak,both,direct,log,all,wape_train,2.3432454471594496e-13,30,58,q_arm2,linear
iter05b_arm2,0,gb_eoh_2122r3,HP_Peak,Linear,size_peak,both,direct,log,all,wape_inner,85.16843439048546,30,58,q_arm2,linear
iter05b_arm2,0,gb_eoh_2122r3,HP_Peak,Linear,size_peak,both,direct,log,all,n_train_sub,111.0,30,58,q_arm2,linear
iter05b_arm2,0,gb_eoh_2122r3,HP_Peak,Linear,size_peak,both,direct,log,all,n_inner_sub,90.0,30,58,q_arm2,linear
iter05b_arm2,0,gb_eoh_2122r3,HP_Peak,Linear,size_peak,both,direct,log,all,n_test_sub,30.0,30,58,q_arm2,linear
iter05b_arm2,0,gb_eoh_2122r3,HP_Peak,Linear,size_peak,both,direct,log,all,n_overlap_sub,0.0,30,58,q_arm2,linear
iter05b_arm2,0,gb_eoh_2122r3,HP_Peak,Linear,size_peak,both,direct,log,pbin<=15,wape,43.54958623310681,22,34,q_arm2,linear
iter05b_arm2,0,gb_eoh_2122r3,HP_Peak,Linear,size_peak,both,direct,log,pbin<=15,rmse,3.256903758219275,22,34,q_arm2,linear
iter05b_arm2,0,gb_eoh_2122r3,HP_Peak,Linear,size_peak,both,direct,log,pbin<=15,mae,2.493431952741209,22,34,q_arm2,linear
iter05b_arm2,0,gb_eoh_2122r3,HP_Peak,Linear,size_peak,both,direct,log,pbin<=15,mape,55.48326895546253,22,34,q_arm2,linear
iter05b_arm2,0,gb_eoh_2122r3,HP_Peak,Linear,size_peak,both,direct,log,pbin<=15,r2,0.3652471326132368,22,34,q_arm2,linear
iter05b_arm2,0,gb_eoh_2122r3,HP_Peak,Linear,size_peak,both,direct,log,pbin<=15,n_pred_nan,0.0,22,34,q_arm2,linear
iter05b_arm2,0,gb_eoh_2122r3,HP_Peak,Linear,size_peak,both,direct,log,pbin<=15,mape_n_excluded,0.0,22,34,q_arm2,linear
iter05b_arm2,0,gb_eoh_2122r3,HP_Peak,Linear,size_peak,both,direct,log,pbin35-65,wape,21.98138513717223,8,43,q_arm2,linear
iter05b_arm2,0,gb_eoh_2122r3,HP_Peak,Linear,size_peak,both,direct,log,pbin35-65,rmse,8.408925187676834,8,43,q_arm2,linear
iter05b_arm2,0,gb_eoh_2122r3,HP_Peak,Linear,size_peak,both,direct,log,pbin35-65,mae,6.749147514058354,8,43,q_arm2,linear
iter05b_arm2,0,gb_eoh_2122r3,HP_Peak,Linear,size_peak,both,direct,log,pbin35-65,mape,32.270644018782626,8,43,q_arm2,linear
iter05b_arm2,0,gb_eoh_2122r3,HP_Peak,Linear,size_peak,both,direct,log,pbin35-65,r2,0.8826194717868614,8,43,q_arm2,linear
iter05b_arm2,0,gb_eoh_2122r3,HP_Peak,Linear,size_peak,both,direct,log,pbin35-65,n_pred_nan,0.0,8,43,q_arm2,linear
iter05b_arm2,0,gb_eoh_2122r3,HP_Peak,Linear,size_peak,both,direct,log,pbin35-65,mape_n_excluded,0.0,8,43,q_arm2,linear
iter05b_arm2,0,gb_eoh_2122r3,HP_Peak,Linear,size_peak,both,direct,log,p0.1|n10,wape,73.09182131420704,16,15,q_arm2,linear
iter05b_arm2,0,gb_eoh_2122r3,HP_Peak,Linear,size_peak,both,direct,log,p0.1|n10,rmse,3.3666601220994905,16,15,q_arm2,linear
iter05b_arm2,0,gb_eoh_2122r3,HP_Peak,Linear,size_peak,both,direct,log,p0.1|n10,mae,2.4046497394354356,16,15,q_arm2,linear
iter05b_arm2,0,gb_eoh_2122r3,HP_Peak,Linear,size_peak,both,direct,log,p0.1|n10,mape,67.69024112881407,16,15,q_arm2,linear
iter05b_arm2,0,gb_eoh_2122r3,HP_Peak,Linear,size_peak,both,direct,log,p0.1|n10,r2,-16.75665840868972,16,15,q_arm2,linear
iter05b_arm2,0,gb_eoh_2122r3,HP_Peak,Linear,size_peak,both,direct,log,p0.1|n10,n_pred_nan,0.0,16,15,q_arm2,linear
iter05b_arm2,0,gb_eoh_2122r3,HP_Peak,Linear,size_peak,both,direct,log,p0.1|n10,mape_n_excluded,0.0,16,15,q_arm2,linear
iter05b_arm2,0,gb_eoh_2122r3,HP_Peak,Linear,size_peak,both,direct,log,p0.1|n40,wape,22.34114998011816,6,22,q_arm2,linear
iter05b_arm2,0,gb_eoh_2122r3,HP_Peak,Linear,size_peak,both,direct,log,p0.1|n40,rmse,2.9442848577909704,6,22,q_arm2,linear
iter05b_arm2,0,gb_eoh_2122r3,HP_Peak,Linear,size_peak,both,direct,log,p0.1|n40,mae,2.730184521556605,6,22,q_arm2,linear
iter05b_arm2,0,gb_eoh_2122r3,HP_Peak,Linear,size_peak,both,direct,log,p0.1|n40,mape,22.93134315985841,6,22,q_arm2,linear
iter05b_arm2,0,gb_eoh_2122r3,HP_Peak,Linear,size_peak,both,direct,log,p0.1|n40,r2,-4.525993429420114,6,22,q_arm2,linear
iter05b_arm2,0,gb_eoh_2122r3,HP_Peak,Linear,size_peak,both,direct,log,p0.1|n40,n_pred_nan,0.0,6,22,q_arm2,linear
iter05b_arm2,0,gb_eoh_2122r3,HP_Peak,Linear,size_peak,both,direct,log,p0.1|n40,mape_n_excluded,0.0,6,22,q_arm2,linear
iter05b_arm2,0,gb_eoh_2122r3,HP_Peak,Linear,size_peak,both,direct,log,p0.5|n10,wape,39.06534483445161,6,24,q_arm2,linear
iter05b_arm2,0,gb_eoh_2122r3,HP_Peak,Linear,size_peak,both,direct,log,p0.5|n10,rmse,8.413836592432194,6,24,q_arm2,linear
iter05b_arm2,0,gb_eoh_2122r3,HP_Peak,Linear,size_peak,both,direct,log,p0.5|n10,mae,6.4740986026486524,6,24,q_arm2,linear
iter05b_arm2,0,gb_eoh_2122r3,HP_Peak,Linear,size_peak,both,direct,log,p0.5|n10,mape,39.573125074296556,6,24,q_arm2,linear
iter05b_arm2,0,gb_eoh_2122r3,HP_Peak,Linear,size_peak,both,direct,log,p0.5|n10,r2,-15.05385979733834,6,24,q_arm2,linear
iter05b_arm2,0,gb_eoh_2122r3,HP_Peak,Linear,size_peak,both,direct,log,p0.5|n10,n_pred_nan,0.0,6,24,q_arm2,linear
iter05b_arm2,0,gb_eoh_2122r3,HP_Peak,Linear,size_peak,both,direct,log,p0.5|n10,mape_n_excluded,0.0,6,24,q_arm2,linear
iter05b_arm2,0,gb_eoh_2122r3,HP_Peak,Linear,size_peak,both,direct,log,p0.5|n40,wape,10.36180188426281,2,28,q_arm2,linear
iter05b_arm2,0,gb_eoh_2122r3,HP_Peak,Linear,size_peak,both,direct,log,p0.5|n40,rmse,8.394173731543239,2,28,q_arm2,linear
iter05b_arm2,0,gb_eoh_2122r3,HP_Peak,Linear,size_peak,both,direct,log,p0.5|n40,mae,7.574294248287458,2,28,q_arm2,linear
iter05b_arm2,0,gb_eoh_2122r3,HP_Peak,Linear,size_peak,both,direct,log,p0.5|n40,mape,10.363200852240848,2,28,q_arm2,linear
iter05b_arm2,0,gb_eoh_2122r3,HP_Peak,Linear,size_peak,both,direct,log,p0.5|n40,r2,-165286.3306349849,2,28,q_arm2,linear
iter05b_arm2,0,gb_eoh_2122r3,HP_Peak,Linear,size_peak,both,direct,log,p0.5|n40,n_pred_nan,0.0,2,28,q_arm2,linear
iter05b_arm2,0,gb_eoh_2122r3,HP_Peak,Linear,size_peak,both,direct,log,p0.5|n40,mape_n_excluded,0.0,2,28,q_arm2,linear
iter05b_arm2,0,gb_eoh_2122r3,HP_Peak,Ridge,size_peak,both,direct,log,all,wape,32.887486008769145,30,58,q_arm2,linear
iter05b_arm2,0,gb_eoh_2122r3,HP_Peak,Ridge,size_peak,both,direct,log,all,rmse,7.796024506431708,30,58,q_arm2,linear
iter05b_arm2,0,gb_eoh_2122r3,HP_Peak,Ridge,size_peak,both,direct,log,all,mae,4.0735799731469795,30,58,q_arm2,linear
iter05b_arm2,0,gb_eoh_2122r3,HP_Peak,Ridge,size_peak,both,direct,log,all,mape,37.57323243591205,30,58,q_arm2,linear
iter05b_arm2,0,gb_eoh_2122r3,HP_Peak,Ridge,size_peak,both,direct,log,all,r2,0.7939073020063926,30,58,q_arm2,linear
iter05b_arm2,0,gb_eoh_2122r3,HP_Peak,Ridge,size_peak,both,direct,log,all,n_pred_nan,0.0,30,58,q_arm2,linear
iter05b_arm2,0,gb_eoh_2122r3,HP_Peak,Ridge,size_peak,both,direct,log,all,mape_n_excluded,0.0,30,58,q_arm2,linear
iter05b_arm2,0,gb_eoh_2122r3,HP_Peak,Ridge,size_peak,both,direct,log,all,wape_train,24.789018009175088,30,58,q_arm2,linear
iter05b_arm2,0,gb_eoh_2122r3,HP_Peak,Ridge,size_peak,both,direct,log,all,wape_inner,31.711939263501954,30,58,q_arm2,linear
iter05b_arm2,0,gb_eoh_2122r3,HP_Peak,Ridge,size_peak,both,direct,log,all,n_train_sub,111.0,30,58,q_arm2,linear
iter05b_arm2,0,gb_eoh_2122r3,HP_Peak,Ridge,size_peak,both,direct,log,all,n_inner_sub,90.0,30,58,q_arm2,linear
iter05b_arm2,0,gb_eoh_2122r3,HP_Peak,Ridge,size_peak,both,direct,log,all,n_test_sub,30.0,30,58,q_arm2,linear
iter05b_arm2,0,gb_eoh_2122r3,HP_Peak,Ridge,size_peak,both,direct,log,all,n_overlap_sub,0.0,30,58,q_arm2,linear
iter05b_arm2,0,gb_eoh_2122r3,HP_Peak,Ridge,size_peak,both,direct,log,pbin<=15,wape,33.780964308191294,22,34,q_arm2,linear
iter05b_arm2,0,gb_eoh_2122r3,HP_Peak,Ridge,size_peak,both,direct,log,pbin<=15,rmse,3.1246912576719925,22,34,q_arm2,linear
iter05b_arm2,0,gb_eoh_2122r3,HP_Peak,Ridge,size_peak,both,direct,log,pbin<=15,mae,1.9341294162841356,22,34,q_arm2,linear
iter05b_arm2,0,gb_eoh_2122r3,HP_Peak,Ridge,size_peak,both,direct,log,pbin<=15,mape,40.4967695217942,22,34,q_arm2,linear
iter05b_arm2,0,gb_eoh_2122r3,HP_Peak,Ridge,size_peak,both,direct,log,pbin<=15,r2,0.4157361106137232,22,34,q_arm2,linear
iter05b_arm2,0,gb_eoh_2122r3,HP_Peak,Ridge,size_peak,both,direct,log,pbin<=15,n_pred_nan,0.0,22,34,q_arm2,linear
iter05b_arm2,0,gb_eoh_2122r3,HP_Peak,Ridge,size_peak,both,direct,log,pbin<=15,mape_n_excluded,0.0,22,34,q_arm2,linear
iter05b_arm2,0,gb_eoh_2122r3,HP_Peak,Ridge,size_peak,both,direct,log,pbin35-65,wape,32.42930580045068,8,43,q_arm2,linear
iter05b_arm2,0,gb_eoh_2122r3,HP_Peak,Ridge,size_peak,both,direct,log,pbin35-65,rmse,14.179821239703331,8,43,q_arm2,linear
iter05b_arm2,0,gb_eoh_2122r3,HP_Peak,Ridge,size_peak,both,direct,log,pbin35-65,mae,9.957069004519802,8,43,q_arm2,linear
iter05b_arm2,0,gb_eoh_2122r3,HP_Peak,Ridge,size_peak,both,direct,log,pbin35-65,mape,29.533505449736104,8,43,q_arm2,linear
iter05b_arm2,0,gb_eoh_2122r3,HP_Peak,Ridge,size_peak,both,direct,log,pbin35-65,r2,0.6662228562654381,8,43,q_arm2,linear
iter05b_arm2,0,gb_eoh_2122r3,HP_Peak,Ridge,size_peak,both,direct,log,pbin35-65,n_pred_nan,0.0,8,43,q_arm2,linear
iter05b_arm2,0,gb_eoh_2122r3,HP_Peak,Ridge,size_peak,both,direct,log,pbin35-65,mape_n_excluded,0.0,8,43,q_arm2,linear
iter05b_arm2,0,gb_eoh_2122r3,HP_Peak,Ridge,size_peak,both,direct,log,p0.1|n10,wape,42.25479862050961,16,15,q_arm2,linear
iter05b_arm2,0,gb_eoh_2122r3,HP_Peak,Ridge,size_peak,both,direct,log,p0.1|n10,rmse,2.304257005138519,16,15,q_arm2,linear
iter05b_arm2,0,gb_eoh_2122r3,HP_Peak,Ridge,size_peak,both,direct,log,p0.1|n10,mae,1.3901417240092147,16,15,q_arm2,linear
iter05b_arm2,0,gb_eoh_2122r3,HP_Peak,Ridge,size_peak,both,direct,log,p0.1|n10,mape,44.77469344773019,16,15,q_arm2,linear
iter05b_arm2,0,gb_eoh_2122r3,HP_Peak,Ridge,size_peak,both,direct,log,p0.1|n10,r2,-7.318107397281498,16,15,q_arm2,linear
iter05b_arm2,0,gb_eoh_2122r3,HP_Peak,Ridge,size_peak,both,direct,log,p0.1|n10,n_pred_nan,0.0,16,15,q_arm2,linear
iter05b_arm2,0,gb_eoh_2122r3,HP_Peak,Ridge,size_peak,both,direct,log,p0.1|n10,mape_n_excluded,0.0,16,15,q_arm2,linear
iter05b_arm2,0,gb_eoh_2122r3,HP_Peak,Ridge,size_peak,both,direct,log,p0.1|n40,wape,27.69757981348982,6,22,q_arm2,linear
iter05b_arm2,0,gb_eoh_2122r3,HP_Peak,Ridge,size_peak,both,direct,log,p0.1|n40,rmse,4.6520191762162115,6,22,q_arm2,linear
iter05b_arm2,0,gb_eoh_2122r3,HP_Peak,Ridge,size_peak,both,direct,log,p0.1|n40,mae,3.3847632623505906,6,22,q_arm2,linear
iter05b_arm2,0,gb_eoh_2122r3,HP_Peak,Ridge,size_peak,both,direct,log,p0.1|n40,mape,29.08897238596491,6,22,q_arm2,linear
iter05b_arm2,0,gb_eoh_2122r3,HP_Peak,Ridge,size_peak,both,direct,log,p0.1|n40,r2,-12.795381209309147,6,22,q_arm2,linear
iter05b_arm2,0,gb_eoh_2122r3,HP_Peak,Ridge,size_peak,both,direct,log,p0.1|n40,n_pred_nan,0.0,6,22,q_arm2,linear
iter05b_arm2,0,gb_eoh_2122r3,HP_Peak,Ridge,size_peak,both,direct,log,p0.1|n40,mape_n_excluded,0.0,6,22,q_arm2,linear
iter05b_arm2,0,gb_eoh_2122r3,HP_Peak,Ridge,size_peak,both,direct,log,p0.5|n10,wape,27.641427588638017,6,24,q_arm2,linear
iter05b_arm2,0,gb_eoh_2122r3,HP_Peak,Ridge,size_peak,both,direct,log,p0.5|n10,rmse,5.207680095951004,6,24,q_arm2,linear
iter05b_arm2,0,gb_eoh_2122r3,HP_Peak,Ridge,size_peak,both,direct,log,p0.5|n10,mae,4.58087157518182,6,24,q_arm2,linear
iter05b_arm2,0,gb_eoh_2122r3,HP_Peak,Ridge,size_peak,both,direct,log,p0.5|n10,mape,27.48359182022356,6,24,q_arm2,linear
iter05b_arm2,0,gb_eoh_2122r3,HP_Peak,Ridge,size_peak,both,direct,log,p0.5|n10,r2,-5.150067967413637,6,24,q_arm2,linear
iter05b_arm2,0,gb_eoh_2122r3,HP_Peak,Ridge,size_peak,both,direct,log,p0.5|n10,n_pred_nan,0.0,6,24,q_arm2,linear
iter05b_arm2,0,gb_eoh_2122r3,HP_Peak,Ridge,size_peak,both,direct,log,p0.5|n10,mape_n_excluded,0.0,6,24,q_arm2,linear
iter05b_arm2,0,gb_eoh_2122r3,HP_Peak,Ridge,size_peak,both,direct,log,p0.5|n40,wape,35.685761005961844,2,28,q_arm2,linear
iter05b_arm2,0,gb_eoh_2122r3,HP_Peak,Ridge,size_peak,both,direct,log,p0.5|n40,rmse,26.88697687756052,2,28,q_arm2,linear
iter05b_arm2,0,gb_eoh_2122r3,HP_Peak,Ridge,size_peak,both,direct,log,p0.5|n40,mae,26.08566129253375,2,28,q_arm2,linear
iter05b_arm2,0,gb_eoh_2122r3,HP_Peak,Ridge,size_peak,both,direct,log,p0.5|n40,mape,35.68324633827375,2,28,q_arm2,linear
iter05b_arm2,0,gb_eoh_2122r3,HP_Peak,Ridge,size_peak,both,direct,log,p0.5|n40,r2,-1695771.5716643387,2,28,q_arm2,linear
iter05b_arm2,0,gb_eoh_2122r3,HP_Peak,Ridge,size_peak,both,direct,log,p0.5|n40,n_pred_nan,0.0,2,28,q_arm2,linear
iter05b_arm2,0,gb_eoh_2122r3,HP_Peak,Ridge,size_peak,both,direct,log,p0.5|n40,mape_n_excluded,0.0,2,28,q_arm2,linear
iter05b_arm2,0,gb_eoh_2122r3,HP_Peak,Lasso,size_peak,both,direct,log,all,wape,25.764692498600184,30,58,q_arm2,linear
iter05b_arm2,0,gb_eoh_2122r3,HP_Peak,Lasso,size_peak,both,direct,log,all,rmse,5.446831049248105,30,58,q_arm2,linear
iter05b_arm2,0,gb_eoh_2122r3,HP_Peak,Lasso,size_peak,both,direct,log,all,mae,3.1913213235150524,30,58,q_arm2,linear
iter05b_arm2,0,gb_eoh_2122r3,HP_Peak,Lasso,size_peak,both,direct,log,all,mape,35.42032901960645,30,58,q_arm2,linear
iter05b_arm2,0,gb_eoh_2122r3,HP_Peak,Lasso,size_peak,both,direct,log,all,r2,0.8993986005053025,30,58,q_arm2,linear
iter05b_arm2,0,gb_eoh_2122r3,HP_Peak,Lasso,size_peak,both,direct,log,all,n_pred_nan,0.0,30,58,q_arm2,linear
iter05b_arm2,0,gb_eoh_2122r3,HP_Peak,Lasso,size_peak,both,direct,log,all,mape_n_excluded,0.0,30,58,q_arm2,linear
iter05b_arm2,0,gb_eoh_2122r3,HP_Peak,Lasso,size_peak,both,direct,log,all,wape_train,18.87528704748375,30,58,q_arm2,linear
iter05b_arm2,0,gb_eoh_2122r3,HP_Peak,Lasso,size_peak,both,direct,log,all,wape_inner,29.59940329197781,30,58,q_arm2,linear
iter05b_arm2,0,gb_eoh_2122r3,HP_Peak,Lasso,size_peak,both,direct,log,all,n_train_sub,111.0,30,58,q_arm2,linear
iter05b_arm2,0,gb_eoh_2122r3,HP_Peak,Lasso,size_peak,both,direct,log,all,n_inner_sub,90.0,30,58,q_arm2,linear
iter05b_arm2,0,gb_eoh_2122r3,HP_Peak,Lasso,size_peak,both,direct,log,all,n_test_sub,30.0,30,58,q_arm2,linear
iter05b_arm2,0,gb_eoh_2122r3,HP_Peak,Lasso,size_peak,both,direct,log,all,n_overlap_sub,0.0,30,58,q_arm2,linear
iter05b_arm2,0,gb_eoh_2122r3,HP_Peak,Lasso,size_peak,both,direct,log,pbin<=15,wape,35.06844444550021,22,34,q_arm2,linear
iter05b_arm2,0,gb_eoh_2122r3,HP_Peak,Lasso,size_peak,both,direct,log,pbin<=15,rmse,3.514604190056573,22,34,q_arm2,linear
iter05b_arm2,0,gb_eoh_2122r3,HP_Peak,Lasso,size_peak,both,direct,log,pbin<=15,mae,2.007844103163187,22,34,q_arm2,linear
iter05b_arm2,0,gb_eoh_2122r3,HP_Peak,Lasso,size_peak,both,direct,log,pbin<=15,mape,39.980065753441586,22,34,q_arm2,linear
iter05b_arm2,0,gb_eoh_2122r3,HP_Peak,Lasso,size_peak,both,direct,log,pbin<=15,r2,0.26082432650155407,22,34,q_arm2,linear
iter05b_arm2,0,gb_eoh_2122r3,HP_Peak,Lasso,size_peak,both,direct,log,pbin<=15,n_pred_nan,0.0,22,34,q_arm2,linear
iter05b_arm2,0,gb_eoh_2122r3,HP_Peak,Lasso,size_peak,both,direct,log,pbin<=15,mape_n_excluded,0.0,22,34,q_arm2,linear
iter05b_arm2,0,gb_eoh_2122r3,HP_Peak,Lasso,size_peak,both,direct,log,pbin35-65,wape,20.993681263149895,8,43,q_arm2,linear
iter05b_arm2,0,gb_eoh_2122r3,HP_Peak,Lasso,size_peak,both,direct,log,pbin35-65,rmse,8.791226570356985,8,43,q_arm2,linear
iter05b_arm2,0,gb_eoh_2122r3,HP_Peak,Lasso,size_peak,both,direct,log,pbin35-65,mae,6.445883679482677,8,43,q_arm2,linear
iter05b_arm2,0,gb_eoh_2122r3,HP_Peak,Lasso,size_peak,both,direct,log,pbin35-65,mape,22.8810530015598,8,43,q_arm2,linear
iter05b_arm2,0,gb_eoh_2122r3,HP_Peak,Lasso,size_peak,both,direct,log,pbin35-65,r2,0.8717037306081706,8,43,q_arm2,linear
iter05b_arm2,0,gb_eoh_2122r3,HP_Peak,Lasso,size_peak,both,direct,log,pbin35-65,n_pred_nan,0.0,8,43,q_arm2,linear
iter05b_arm2,0,gb_eoh_2122r3,HP_Peak,Lasso,size_peak,both,direct,log,pbin35-65,mape_n_excluded,0.0,8,43,q_arm2,linear
iter05b_arm2,0,gb_eoh_2122r3,HP_Peak,Lasso,size_peak,both,direct,log,p0.1|n10,wape,39.781551069118876,16,15,q_arm2,linear
iter05b_arm2,0,gb_eoh_2122r3,HP_Peak,Lasso,size_peak,both,direct,log,p0.1|n10,rmse,1.8741904849269921,16,15,q_arm2,linear
iter05b_arm2,0,gb_eoh_2122r3,HP_Peak,Lasso,size_peak,both,direct,log,p0.1|n10,mae,1.308774288185652,16,15,q_arm2,linear
iter05b_arm2,0,gb_eoh_2122r3,HP_Peak,Lasso,size_peak,both,direct,log,p0.1|n10,mape,42.18174720607738,16,15,q_arm2,linear
iter05b_arm2,0,gb_eoh_2122r3,HP_Peak,Lasso,size_peak,both,direct,log,p0.1|n10,r2,-4.502881336088571,16,15,q_arm2,linear
iter05b_arm2,0,gb_eoh_2122r3,HP_Peak,Lasso,size_peak,both,direct,log,p0.1|n10,n_pred_nan,0.0,16,15,q_arm2,linear
iter05b_arm2,0,gb_eoh_2122r3,HP_Peak,Lasso,size_peak,both,direct,log,p0.1|n10,mape_n_excluded,0.0,16,15,q_arm2,linear
iter05b_arm2,0,gb_eoh_2122r3,HP_Peak,Lasso,size_peak,both,direct,log,p0.1|n40,wape,31.684894720635192,6,22,q_arm2,linear
iter05b_arm2,0,gb_eoh_2122r3,HP_Peak,Lasso,size_peak,both,direct,log,p0.1|n40,rmse,5.993778689888052,6,22,q_arm2,linear
iter05b_arm2,0,gb_eoh_2122r3,HP_Peak,Lasso,size_peak,both,direct,log,p0.1|n40,mae,3.8720302764366146,6,22,q_arm2,linear
iter05b_arm2,0,gb_eoh_2122r3,HP_Peak,Lasso,size_peak,both,direct,log,p0.1|n40,mape,34.10891521307948,6,22,q_arm2,linear
iter05b_arm2,0,gb_eoh_2122r3,HP_Peak,Lasso,size_peak,both,direct,log,p0.1|n40,r2,-21.90087730577754,6,22,q_arm2,linear
iter05b_arm2,0,gb_eoh_2122r3,HP_Peak,Lasso,size_peak,both,direct,log,p0.1|n40,n_pred_nan,0.0,6,22,q_arm2,linear
iter05b_arm2,0,gb_eoh_2122r3,HP_Peak,Lasso,size_peak,both,direct,log,p0.1|n40,mape_n_excluded,0.0,6,22,q_arm2,linear
iter05b_arm2,0,gb_eoh_2122r3,HP_Peak,Lasso,size_peak,both,direct,log,p0.5|n10,wape,23.998849013943616,6,24,q_arm2,linear
iter05b_arm2,0,gb_eoh_2122r3,HP_Peak,Lasso,size_peak,both,direct,log,p0.5|n10,rmse,4.630139795432785,6,24,q_arm2,linear
iter05b_arm2,0,gb_eoh_2122r3,HP_Peak,Lasso,size_peak,both,direct,log,p0.5|n10,mae,3.9772057695834597,6,24,q_arm2,linear
iter05b_arm2,0,gb_eoh_2122r3,HP_Peak,Lasso,size_peak,both,direct,log,p0.5|n10,mape,24.1924310809992,6,24,q_arm2,linear
iter05b_arm2,0,gb_eoh_2122r3,HP_Peak,Lasso,size_peak,both,direct,log,p0.5|n10,r2,-3.8616033962614473,6,24,q_arm2,linear
iter05b_arm2,0,gb_eoh_2122r3,HP_Peak,Lasso,size_peak,both,direct,log,p0.5|n10,n_pred_nan,0.0,6,24,q_arm2,linear
iter05b_arm2,0,gb_eoh_2122r3,HP_Peak,Lasso,size_peak,both,direct,log,p0.5|n10,mape_n_excluded,0.0,6,24,q_arm2,linear
iter05b_arm2,0,gb_eoh_2122r3,HP_Peak,Lasso,size_peak,both,direct,log,p0.5|n40,wape,18.949729071266244,2,28,q_arm2,linear
iter05b_arm2,0,gb_eoh_2122r3,HP_Peak,Lasso,size_peak,both,direct,log,p0.5|n40,rmse,15.646982931851479,2,28,q_arm2,linear
iter05b_arm2,0,gb_eoh_2122r3,HP_Peak,Lasso,size_peak,both,direct,log,p0.5|n40,mae,13.851917409180327,2,28,q_arm2,linear
iter05b_arm2,0,gb_eoh_2122r3,HP_Peak,Lasso,size_peak,both,direct,log,p0.5|n40,mape,18.946918763241605,2,28,q_arm2,linear
iter05b_arm2,0,gb_eoh_2122r3,HP_Peak,Lasso,size_peak,both,direct,log,p0.5|n40,r2,-574307.0142490041,2,28,q_arm2,linear
iter05b_arm2,0,gb_eoh_2122r3,HP_Peak,Lasso,size_peak,both,direct,log,p0.5|n40,n_pred_nan,0.0,2,28,q_arm2,linear
iter05b_arm2,0,gb_eoh_2122r3,HP_Peak,Lasso,size_peak,both,direct,log,p0.5|n40,mape_n_excluded,0.0,2,28,q_arm2,linear
iter05b_arm2,0,gb_eoh_2122r3,HP_Peak,ElasticNet,size_peak,both,direct,log,all,wape,20.441760341616707,30,58,q_arm2,linear
iter05b_arm2,0,gb_eoh_2122r3,HP_Peak,ElasticNet,size_peak,both,direct,log,all,rmse,4.357970133046965,30,58,q_arm2,linear
iter05b_arm2,0,gb_eoh_2122r3,HP_Peak,ElasticNet,size_peak,both,direct,log,all,mae,2.5320009416735743,30,58,q_arm2,linear
iter05b_arm2,0,gb_eoh_2122r3,HP_Peak,ElasticNet,size_peak,both,direct,log,all,mape,32.3625319640391,30,58,q_arm2,linear
iter05b_arm2,0,gb_eoh_2122r3,HP_Peak,ElasticNet,size_peak,both,direct,log,all,r2,0.9356001712527529,30,58,q_arm2,linear
iter05b_arm2,0,gb_eoh_2122r3,HP_Peak,ElasticNet,size_peak,both,direct,log,all,n_pred_nan,0.0,30,58,q_arm2,linear
iter05b_arm2,0,gb_eoh_2122r3,HP_Peak,ElasticNet,size_peak,both,direct,log,all,mape_n_excluded,0.0,30,58,q_arm2,linear
iter05b_arm2,0,gb_eoh_2122r3,HP_Peak,ElasticNet,size_peak,both,direct,log,all,wape_train,16.379299291637896,30,58,q_arm2,linear
iter05b_arm2,0,gb_eoh_2122r3,HP_Peak,ElasticNet,size_peak,both,direct,log,all,wape_inner,31.744215846910684,30,58,q_arm2,linear
iter05b_arm2,0,gb_eoh_2122r3,HP_Peak,ElasticNet,size_peak,both,direct,log,all,n_train_sub,111.0,30,58,q_arm2,linear
iter05b_arm2,0,gb_eoh_2122r3,HP_Peak,ElasticNet,size_peak,both,direct,log,all,n_inner_sub,90.0,30,58,q_arm2,linear
iter05b_arm2,0,gb_eoh_2122r3,HP_Peak,ElasticNet,size_peak,both,direct,log,all,n_test_sub,30.0,30,58,q_arm2,linear
iter05b_arm2,0,gb_eoh_2122r3,HP_Peak,ElasticNet,size_peak,both,direct,log,all,n_overlap_sub,0.0,30,58,q_arm2,linear
iter05b_arm2,0,gb_eoh_2122r3,HP_Peak,ElasticNet,size_peak,both,direct,log,pbin<=15,wape,35.30505361596786,22,34,q_arm2,linear
iter05b_arm2,0,gb_eoh_2122r3,HP_Peak,ElasticNet,size_peak,both,direct,log,pbin<=15,rmse,3.3965644895571394,22,34,q_arm2,linear
iter05b_arm2,0,gb_eoh_2122r3,HP_Peak,ElasticNet,size_peak,both,direct,log,pbin<=15,mae,2.0213911633533272,22,34,q_arm2,linear
iter05b_arm2,0,gb_eoh_2122r3,HP_Peak,ElasticNet,size_peak,both,direct,log,pbin<=15,mape,38.789401498441954,22,34,q_arm2,linear
iter05b_arm2,0,gb_eoh_2122r3,HP_Peak,ElasticNet,size_peak,both,direct,log,pbin<=15,r2,0.3096417003342792,22,34,q_arm2,linear
iter05b_arm2,0,gb_eoh_2122r3,HP_Peak,ElasticNet,size_peak,both,direct,log,pbin<=15,n_pred_nan,0.0,22,34,q_arm2,linear
iter05b_arm2,0,gb_eoh_2122r3,HP_Peak,ElasticNet,size_peak,both,direct,log,pbin<=15,mape_n_excluded,0.0,22,34,q_arm2,linear
iter05b_arm2,0,gb_eoh_2122r3,HP_Peak,ElasticNet,size_peak,both,direct,log,pbin35-65,wape,12.819788086504113,8,43,q_arm2,linear
iter05b_arm2,0,gb_eoh_2122r3,HP_Peak,ElasticNet,size_peak,both,direct,log,pbin35-65,rmse,6.284413289222287,8,43,q_arm2,linear
iter05b_arm2,0,gb_eoh_2122r3,HP_Peak,ElasticNet,size_peak,both,direct,log,pbin35-65,mae,3.9361778320542515,8,43,q_arm2,linear
iter05b_arm2,0,gb_eoh_2122r3,HP_Peak,ElasticNet,size_peak,both,direct,log,pbin35-65,mape,14.68864074443127,8,43,q_arm2,linear
iter05b_arm2,0,gb_eoh_2122r3,HP_Peak,ElasticNet,size_peak,both,direct,log,pbin35-65,r2,0.9344391525335957,8,43,q_arm2,linear
iter05b_arm2,0,gb_eoh_2122r3,HP_Peak,ElasticNet,size_peak,both,direct,log,pbin35-65,n_pred_nan,0.0,8,43,q_arm2,linear
iter05b_arm2,0,gb_eoh_2122r3,HP_Peak,ElasticNet,size_peak,both,direct,log,pbin35-65,mape_n_excluded,0.0,8,43,q_arm2,linear
iter05b_arm2,0,gb_eoh_2122r3,HP_Peak,ElasticNet,size_peak,both,direct,log,p0.1|n10,wape,39.081634997692696,16,15,q_arm2,linear
iter05b_arm2,0,gb_eoh_2122r3,HP_Peak,ElasticNet,size_peak,both,direct,log,p0.1|n10,rmse,1.8756972095788855,16,15,q_arm2,linear
iter05b_arm2,0,gb_eoh_2122r3,HP_Peak,ElasticNet,size_peak,both,direct,log,p0.1|n10,mae,1.2857477310617498,16,15,q_arm2,linear
iter05b_arm2,0,gb_eoh_2122r3,HP_Peak,ElasticNet,size_peak,both,direct,log,p0.1|n10,mape,40.28833304579904,16,15,q_arm2,linear
iter05b_arm2,0,gb_eoh_2122r3,HP_Peak,ElasticNet,size_peak,both,direct,log,p0.1|n10,r2,-4.511732794753303,16,15,q_arm2,linear
iter05b_arm2,0,gb_eoh_2122r3,HP_Peak,ElasticNet,size_peak,both,direct,log,p0.1|n10,n_pred_nan,0.0,16,15,q_arm2,linear
iter05b_arm2,0,gb_eoh_2122r3,HP_Peak,ElasticNet,size_peak,both,direct,log,p0.1|n10,mape_n_excluded,0.0,16,15,q_arm2,linear
iter05b_arm2,0,gb_eoh_2122r3,HP_Peak,ElasticNet,size_peak,both,direct,log,p0.1|n40,wape,32.593837444657375,6,22,q_arm2,linear
iter05b_arm2,0,gb_eoh_2122r3,HP_Peak,ElasticNet,size_peak,both,direct,log,p0.1|n40,rmse,5.737514951984872,6,22,q_arm2,linear
iter05b_arm2,0,gb_eoh_2122r3,HP_Peak,ElasticNet,size_peak,both,direct,log,p0.1|n40,mae,3.9831069827975347,6,22,q_arm2,linear
iter05b_arm2,0,gb_eoh_2122r3,HP_Peak,ElasticNet,size_peak,both,direct,log,p0.1|n40,mape,34.79225070548972,6,22,q_arm2,linear
iter05b_arm2,0,gb_eoh_2122r3,HP_Peak,ElasticNet,size_peak,both,direct,log,p0.1|n40,r2,-19.984487837520174,6,22,q_arm2,linear
iter05b_arm2,0,gb_eoh_2122r3,HP_Peak,ElasticNet,size_peak,both,direct,log,p0.1|n40,n_pred_nan,0.0,6,22,q_arm2,linear
iter05b_arm2,0,gb_eoh_2122r3,HP_Peak,ElasticNet,size_peak,both,direct,log,p0.1|n40,mape_n_excluded,0.0,6,22,q_arm2,linear
iter05b_arm2,0,gb_eoh_2122r3,HP_Peak,ElasticNet,size_peak,both,direct,log,p0.5|n10,wape,15.976102510241965,6,24,q_arm2,linear
iter05b_arm2,0,gb_eoh_2122r3,HP_Peak,ElasticNet,size_peak,both,direct,log,p0.5|n10,rmse,3.9262154802682874,6,24,q_arm2,linear
iter05b_arm2,0,gb_eoh_2122r3,HP_Peak,ElasticNet,size_peak,both,direct,log,p0.5|n10,mae,2.6476372696987887,6,24,q_arm2,linear
iter05b_arm2,0,gb_eoh_2122r3,HP_Peak,ElasticNet,size_peak,both,direct,log,p0.5|n10,mape,16.028094586124094,6,24,q_arm2,linear
iter05b_arm2,0,gb_eoh_2122r3,HP_Peak,ElasticNet,size_peak,both,direct,log,p0.5|n10,r2,-2.4957436831870305,6,24,q_arm2,linear
iter05b_arm2,0,gb_eoh_2122r3,HP_Peak,ElasticNet,size_peak,both,direct,log,p0.5|n10,n_pred_nan,0.0,6,24,q_arm2,linear
iter05b_arm2,0,gb_eoh_2122r3,HP_Peak,ElasticNet,size_peak,both,direct,log,p0.5|n10,mape_n_excluded,0.0,6,24,q_arm2,linear
iter05b_arm2,0,gb_eoh_2122r3,HP_Peak,ElasticNet,size_peak,both,direct,log,p0.5|n40,wape,10.673034121448733,2,28,q_arm2,linear
iter05b_arm2,0,gb_eoh_2122r3,HP_Peak,ElasticNet,size_peak,both,direct,log,p0.5|n40,rmse,10.570236400692263,2,28,q_arm2,linear
iter05b_arm2,0,gb_eoh_2122r3,HP_Peak,ElasticNet,size_peak,both,direct,log,p0.5|n40,mae,7.801799519120639,2,28,q_arm2,linear
iter05b_arm2,0,gb_eoh_2122r3,HP_Peak,ElasticNet,size_peak,both,direct,log,p0.5|n40,mape,10.670279219352802,2,28,q_arm2,linear
iter05b_arm2,0,gb_eoh_2122r3,HP_Peak,ElasticNet,size_peak,both,direct,log,p0.5|n40,r2,-262090.57441537626,2,28,q_arm2,linear
iter05b_arm2,0,gb_eoh_2122r3,HP_Peak,ElasticNet,size_peak,both,direct,log,p0.5|n40,n_pred_nan,0.0,2,28,q_arm2,linear
iter05b_arm2,0,gb_eoh_2122r3,HP_Peak,ElasticNet,size_peak,both,direct,log,p0.5|n40,mape_n_excluded,0.0,2,28,q_arm2,linear
iter05b_arm2,0,gb_eoh_2122r3,HP_Peak,PLS,size_peak,both,direct,log,all,wape,29.439189729599413,30,58,q_arm2,linear
iter05b_arm2,0,gb_eoh_2122r3,HP_Peak,PLS,size_peak,both,direct,log,all,rmse,6.243181173265288,30,58,q_arm2,linear
iter05b_arm2,0,gb_eoh_2122r3,HP_Peak,PLS,size_peak,both,direct,log,all,mae,3.6464597408325488,30,58,q_arm2,linear
iter05b_arm2,0,gb_eoh_2122r3,HP_Peak,PLS,size_peak,both,direct,log,all,mape,37.55865737834682,30,58,q_arm2,linear
iter05b_arm2,0,gb_eoh_2122r3,HP_Peak,PLS,size_peak,both,direct,log,all,r2,0.8678314609162558,30,58,q_arm2,linear
iter05b_arm2,0,gb_eoh_2122r3,HP_Peak,PLS,size_peak,both,direct,log,all,n_pred_nan,0.0,30,58,q_arm2,linear
iter05b_arm2,0,gb_eoh_2122r3,HP_Peak,PLS,size_peak,both,direct,log,all,mape_n_excluded,0.0,30,58,q_arm2,linear
iter05b_arm2,0,gb_eoh_2122r3,HP_Peak,PLS,size_peak,both,direct,log,all,wape_train,13.394802668755892,30,58,q_arm2,linear
iter05b_arm2,0,gb_eoh_2122r3,HP_Peak,PLS,size_peak,both,direct,log,all,wape_inner,56.834986180133235,30,58,q_arm2,linear
iter05b_arm2,0,gb_eoh_2122r3,HP_Peak,PLS,size_peak,both,direct,log,all,n_train_sub,111.0,30,58,q_arm2,linear
iter05b_arm2,0,gb_eoh_2122r3,HP_Peak,PLS,size_peak,both,direct,log,all,n_inner_sub,90.0,30,58,q_arm2,linear
iter05b_arm2,0,gb_eoh_2122r3,HP_Peak,PLS,size_peak,both,direct,log,all,n_test_sub,30.0,30,58,q_arm2,linear
iter05b_arm2,0,gb_eoh_2122r3,HP_Peak,PLS,size_peak,both,direct,log,all,n_overlap_sub,0.0,30,58,q_arm2,linear
iter05b_arm2,0,gb_eoh_2122r3,HP_Peak,PLS,size_peak,both,direct,log,pbin<=15,wape,43.39070196323963,22,34,q_arm2,linear
iter05b_arm2,0,gb_eoh_2122r3,HP_Peak,PLS,size_peak,both,direct,log,pbin<=15,rmse,4.273177855188784,22,34,q_arm2,linear
iter05b_arm2,0,gb_eoh_2122r3,HP_Peak,PLS,size_peak,both,direct,log,pbin<=15,mae,2.48433503243629,22,34,q_arm2,linear
iter05b_arm2,0,gb_eoh_2122r3,HP_Peak,PLS,size_peak,both,direct,log,pbin<=15,mape,43.862342081813374,22,34,q_arm2,linear
iter05b_arm2,0,gb_eoh_2122r3,HP_Peak,PLS,size_peak,both,direct,log,pbin<=15,r2,-0.09268947264683258,22,34,q_arm2,linear
iter05b_arm2,0,gb_eoh_2122r3,HP_Peak,PLS,size_peak,both,direct,log,pbin<=15,n_pred_nan,0.0,22,34,q_arm2,linear
iter05b_arm2,0,gb_eoh_2122r3,HP_Peak,PLS,size_peak,both,direct,log,pbin<=15,mape_n_excluded,0.0,22,34,q_arm2,linear
iter05b_arm2,0,gb_eoh_2122r3,HP_Peak,PLS,size_peak,both,direct,log,pbin35-65,wape,22.284783421464997,8,43,q_arm2,linear
iter05b_arm2,0,gb_eoh_2122r3,HP_Peak,PLS,size_peak,both,direct,log,pbin35-65,rmse,9.795395967371329,8,43,q_arm2,linear
iter05b_arm2,0,gb_eoh_2122r3,HP_Peak,PLS,size_peak,both,direct,log,pbin35-65,mae,6.842302688922258,8,43,q_arm2,linear
iter05b_arm2,0,gb_eoh_2122r3,HP_Peak,PLS,size_peak,both,direct,log,pbin35-65,mape,20.223524443813783,8,43,q_arm2,linear
iter05b_arm2,0,gb_eoh_2122r3,HP_Peak,PLS,size_peak,both,direct,log,pbin35-65,r2,0.8407207965192272,8,43,q_arm2,linear
iter05b_arm2,0,gb_eoh_2122r3,HP_Peak,PLS,size_peak,both,direct,log,pbin35-65,n_pred_nan,0.0,8,43,q_arm2,linear
iter05b_arm2,0,gb_eoh_2122r3,HP_Peak,PLS,size_peak,both,direct,log,pbin35-65,mape_n_excluded,0.0,8,43,q_arm2,linear
iter05b_arm2,0,gb_eoh_2122r3,HP_Peak,PLS,size_peak,both,direct,log,p0.1|n10,wape,45.347499289397874,16,15,q_arm2,linear
iter05b_arm2,0,gb_eoh_2122r3,HP_Peak,PLS,size_peak,both,direct,log,p0.1|n10,rmse,2.7146028003250207,16,15,q_arm2,linear
iter05b_arm2,0,gb_eoh_2122r3,HP_Peak,PLS,size_peak,both,direct,log,p0.1|n10,mae,1.4918885641327408,16,15,q_arm2,linear
iter05b_arm2,0,gb_eoh_2122r3,HP_Peak,PLS,size_peak,both,direct,log,p0.1|n10,mape,43.85369469599708,16,15,q_arm2,linear
iter05b_arm2,0,gb_eoh_2122r3,HP_Peak,PLS,size_peak,both,direct,log,p0.1|n10,r2,-10.544503931462195,16,15,q_arm2,linear
iter05b_arm2,0,gb_eoh_2122r3,HP_Peak,PLS,size_peak,both,direct,log,p0.1|n10,n_pred_nan,0.0,16,15,q_arm2,linear
iter05b_arm2,0,gb_eoh_2122r3,HP_Peak,PLS,size_peak,both,direct,log,p0.1|n10,mape_n_excluded,0.0,16,15,q_arm2,linear
iter05b_arm2,0,gb_eoh_2122r3,HP_Peak,PLS,size_peak,both,direct,log,p0.1|n40,wape,41.98591281177847,6,22,q_arm2,linear
iter05b_arm2,0,gb_eoh_2122r3,HP_Peak,PLS,size_peak,both,direct,log,p0.1|n40,rmse,6.877693215378114,6,22,q_arm2,linear
iter05b_arm2,0,gb_eoh_2122r3,HP_Peak,PLS,size_peak,both,direct,log,p0.1|n40,mae,5.130858947912423,6,22,q_arm2,linear
iter05b_arm2,0,gb_eoh_2122r3,HP_Peak,PLS,size_peak,both,direct,log,p0.1|n40,mape,43.885401777323494,6,22,q_arm2,linear
iter05b_arm2,0,gb_eoh_2122r3,HP_Peak,PLS,size_peak,both,direct,log,p0.1|n40,r2,-29.153401682523757,6,22,q_arm2,linear
iter05b_arm2,0,gb_eoh_2122r3,HP_Peak,PLS,size_peak,both,direct,log,p0.1|n40,n_pred_nan,0.0,6,22,q_arm2,linear
iter05b_arm2,0,gb_eoh_2122r3,HP_Peak,PLS,size_peak,both,direct,log,p0.1|n40,mape_n_excluded,0.0,6,22,q_arm2,linear
iter05b_arm2,0,gb_eoh_2122r3,HP_Peak,PLS,size_peak,both,direct,log,p0.5|n10,wape,18.98146702057082,6,24,q_arm2,linear
iter05b_arm2,0,gb_eoh_2122r3,HP_Peak,PLS,size_peak,both,direct,log,p0.5|n10,rmse,4.330127639140198,6,24,q_arm2,linear
iter05b_arm2,0,gb_eoh_2122r3,HP_Peak,PLS,size_peak,both,direct,log,p0.5|n10,mae,3.145700866966994,6,24,q_arm2,linear
iter05b_arm2,0,gb_eoh_2122r3,HP_Peak,PLS,size_peak,both,direct,log,p0.5|n10,mape,18.78784041857238,6,24,q_arm2,linear
iter05b_arm2,0,gb_eoh_2122r3,HP_Peak,PLS,size_peak,both,direct,log,p0.5|n10,r2,-3.25199471370618,6,24,q_arm2,linear
iter05b_arm2,0,gb_eoh_2122r3,HP_Peak,PLS,size_peak,both,direct,log,p0.5|n10,n_pred_nan,0.0,6,24,q_arm2,linear
iter05b_arm2,0,gb_eoh_2122r3,HP_Peak,PLS,size_peak,both,direct,log,p0.5|n10,mape_n_excluded,0.0,6,24,q_arm2,linear
iter05b_arm2,0,gb_eoh_2122r3,HP_Peak,PLS,size_peak,both,direct,log,p0.5|n40,wape,24.531520162304037,2,28,q_arm2,linear
iter05b_arm2,0,gb_eoh_2122r3,HP_Peak,PLS,size_peak,both,direct,log,p0.5|n40,rmse,18.098317947164052,2,28,q_arm2,linear
iter05b_arm2,0,gb_eoh_2122r3,HP_Peak,PLS,size_peak,both,direct,log,p0.5|n40,mae,17.932108154788047,2,28,q_arm2,linear
iter05b_arm2,0,gb_eoh_2122r3,HP_Peak,PLS,size_peak,both,direct,log,p0.5|n40,mape,24.530576519537977,2,28,q_arm2,linear
iter05b_arm2,0,gb_eoh_2122r3,HP_Peak,PLS,size_peak,both,direct,log,p0.5|n40,r2,-768350.7524638826,2,28,q_arm2,linear
iter05b_arm2,0,gb_eoh_2122r3,HP_Peak,PLS,size_peak,both,direct,log,p0.5|n40,n_pred_nan,0.0,2,28,q_arm2,linear
iter05b_arm2,0,gb_eoh_2122r3,HP_Peak,PLS,size_peak,both,direct,log,p0.5|n40,mape_n_excluded,0.0,2,28,q_arm2,linear
iter05b_arm2,0,gb_eoh_2122r3,HP_Peak,Linear,size_peak,both,residual,log,all,wape,33.55831268515178,30,58,q_arm2,linear
iter05b_arm2,0,gb_eoh_2122r3,HP_Peak,Linear,size_peak,both,residual,log,all,rmse,6.014820115542518,30,58,q_arm2,linear
iter05b_arm2,0,gb_eoh_2122r3,HP_Peak,Linear,size_peak,both,residual,log,all,mae,4.156671338465581,30,58,q_arm2,linear
iter05b_arm2,0,gb_eoh_2122r3,HP_Peak,Linear,size_peak,both,residual,log,all,mape,54.28036421915099,30,58,q_arm2,linear
iter05b_arm2,0,gb_eoh_2122r3,HP_Peak,Linear,size_peak,both,residual,log,all,r2,0.8773234651229612,30,58,q_arm2,linear
iter05b_arm2,0,gb_eoh_2122r3,HP_Peak,Linear,size_peak,both,residual,log,all,n_pred_nan,0.0,30,58,q_arm2,linear
iter05b_arm2,0,gb_eoh_2122r3,HP_Peak,Linear,size_peak,both,residual,log,all,mape_n_excluded,0.0,30,58,q_arm2,linear
iter05b_arm2,0,gb_eoh_2122r3,HP_Peak,Linear,size_peak,both,residual,log,all,n_invalid,0.0,30,58,q_arm2,linear
iter05b_arm2,0,gb_eoh_2122r3,HP_Peak,Linear,size_peak,both,residual,log,all,n_resid_excluded_train,0.0,30,58,q_arm2,linear
iter05b_arm2,0,gb_eoh_2122r3,HP_Peak,Linear,size_peak,both,residual,log,all,n_resid_excluded_inner,0.0,30,58,q_arm2,linear
iter05b_arm2,0,gb_eoh_2122r3,HP_Peak,Linear,size_peak,both,residual,log,all,wape_train,1.463351081027014e-13,30,58,q_arm2,linear
iter05b_arm2,0,gb_eoh_2122r3,HP_Peak,Linear,size_peak,both,residual,log,all,wape_inner,54.717021658445844,30,58,q_arm2,linear
iter05b_arm2,0,gb_eoh_2122r3,HP_Peak,Linear,size_peak,both,residual,log,all,n_train_sub,111.0,30,58,q_arm2,linear
iter05b_arm2,0,gb_eoh_2122r3,HP_Peak,Linear,size_peak,both,residual,log,all,n_inner_sub,90.0,30,58,q_arm2,linear
iter05b_arm2,0,gb_eoh_2122r3,HP_Peak,Linear,size_peak,both,residual,log,all,n_test_sub,30.0,30,58,q_arm2,linear
iter05b_arm2,0,gb_eoh_2122r3,HP_Peak,Linear,size_peak,both,residual,log,all,n_overlap_sub,0.0,30,58,q_arm2,linear
iter05b_arm2,0,gb_eoh_2122r3,HP_Peak,Linear,size_peak,both,residual,log,pbin<=15,wape,48.320971530887675,22,34,q_arm2,linear
iter05b_arm2,0,gb_eoh_2122r3,HP_Peak,Linear,size_peak,both,residual,log,pbin<=15,rmse,3.9129099215853835,22,34,q_arm2,linear
iter05b_arm2,0,gb_eoh_2122r3,HP_Peak,Linear,size_peak,both,residual,log,pbin<=15,mae,2.7666176610196986,22,34,q_arm2,linear
iter05b_arm2,0,gb_eoh_2122r3,HP_Peak,Linear,size_peak,both,residual,log,pbin<=15,mape,61.07592883903127,22,34,q_arm2,linear
iter05b_arm2,0,gb_eoh_2122r3,HP_Peak,Linear,size_peak,both,residual,log,pbin<=15,r2,0.0837910683680454,22,34,q_arm2,linear
iter05b_arm2,0,gb_eoh_2122r3,HP_Peak,Linear,size_peak,both,residual,log,pbin<=15,n_pred_nan,0.0,22,34,q_arm2,linear
iter05b_arm2,0,gb_eoh_2122r3,HP_Peak,Linear,size_peak,both,residual,log,pbin<=15,mape_n_excluded,0.0,22,34,q_arm2,linear
iter05b_arm2,0,gb_eoh_2122r3,HP_Peak,Linear,size_peak,both,residual,log,pbin35-65,wape,25.98794627597497,8,43,q_arm2,linear
iter05b_arm2,0,gb_eoh_2122r3,HP_Peak,Linear,size_peak,both,residual,log,pbin35-65,rmse,9.67278929182489,8,43,q_arm2,linear
iter05b_arm2,0,gb_eoh_2122r3,HP_Peak,Linear,size_peak,both,residual,log,pbin35-65,mae,7.979318951441756,8,43,q_arm2,linear
iter05b_arm2,0,gb_eoh_2122r3,HP_Peak,Linear,size_peak,both,residual,log,pbin35-65,mape,35.59256151448018,8,43,q_arm2,linear
iter05b_arm2,0,gb_eoh_2122r3,HP_Peak,Linear,size_peak,both,residual,log,pbin35-65,r2,0.8446831632569414,8,43,q_arm2,linear
iter05b_arm2,0,gb_eoh_2122r3,HP_Peak,Linear,size_peak,both,residual,log,pbin35-65,n_pred_nan,0.0,8,43,q_arm2,linear
iter05b_arm2,0,gb_eoh_2122r3,HP_Peak,Linear,size_peak,both,residual,log,pbin35-65,mape_n_excluded,0.0,8,43,q_arm2,linear
iter05b_arm2,0,gb_eoh_2122r3,HP_Peak,Linear,size_peak,both,residual,log,p0.1|n10,wape,79.90654217640395,16,15,q_arm2,linear
iter05b_arm2,0,gb_eoh_2122r3,HP_Peak,Linear,size_peak,both,residual,log,p0.1|n10,rmse,3.8307652465848565,16,15,q_arm2,linear
iter05b_arm2,0,gb_eoh_2122r3,HP_Peak,Linear,size_peak,both,residual,log,p0.1|n10,mae,2.628847419161633,16,15,q_arm2,linear
iter05b_arm2,0,gb_eoh_2122r3,HP_Peak,Linear,size_peak,both,residual,log,p0.1|n10,mape,74.17665440433004,16,15,q_arm2,linear
iter05b_arm2,0,gb_eoh_2122r3,HP_Peak,Linear,size_peak,both,residual,log,p0.1|n10,r2,-21.989724557774778,16,15,q_arm2,linear
iter05b_arm2,0,gb_eoh_2122r3,HP_Peak,Linear,size_peak,both,residual,log,p0.1|n10,n_pred_nan,0.0,16,15,q_arm2,linear
iter05b_arm2,0,gb_eoh_2122r3,HP_Peak,Linear,size_peak,both,residual,log,p0.1|n10,mape_n_excluded,0.0,16,15,q_arm2,linear
iter05b_arm2,0,gb_eoh_2122r3,HP_Peak,Linear,size_peak,both,residual,log,p0.1|n40,wape,25.64562013277155,6,22,q_arm2,linear
iter05b_arm2,0,gb_eoh_2122r3,HP_Peak,Linear,size_peak,both,residual,log,p0.1|n40,rmse,4.123970805074319,6,22,q_arm2,linear
iter05b_arm2,0,gb_eoh_2122r3,HP_Peak,Linear,size_peak,both,residual,log,p0.1|n40,mae,3.1340049726412076,6,22,q_arm2,linear
iter05b_arm2,0,gb_eoh_2122r3,HP_Peak,Linear,size_peak,both,residual,log,p0.1|n40,mape,26.14066066490126,6,22,q_arm2,linear
iter05b_arm2,0,gb_eoh_2122r3,HP_Peak,Linear,size_peak,both,residual,log,p0.1|n40,r2,-9.841312860707006,6,22,q_arm2,linear
iter05b_arm2,0,gb_eoh_2122r3,HP_Peak,Linear,size_peak,both,residual,log,p0.1|n40,n_pred_nan,0.0,6,22,q_arm2,linear
iter05b_arm2,0,gb_eoh_2122r3,HP_Peak,Linear,size_peak,both,residual,log,p0.1|n40,mape_n_excluded,0.0,6,22,q_arm2,linear
iter05b_arm2,0,gb_eoh_2122r3,HP_Peak,Linear,size_peak,both,residual,log,p0.5|n10,wape,39.37924238459676,6,24,q_arm2,linear
iter05b_arm2,0,gb_eoh_2122r3,HP_Peak,Linear,size_peak,both,residual,log,p0.5|n10,rmse,8.222648076149934,6,24,q_arm2,linear
iter05b_arm2,0,gb_eoh_2122r3,HP_Peak,Linear,size_peak,both,residual,log,p0.5|n10,mae,6.52611922858659,6,24,q_arm2,linear
iter05b_arm2,0,gb_eoh_2122r3,HP_Peak,Linear,size_peak,both,residual,log,p0.5|n10,mape,41.82954680600776,6,24,q_arm2,linear
iter05b_arm2,0,gb_eoh_2122r3,HP_Peak,Linear,size_peak,both,residual,log,p0.5|n10,r2,-14.332561866353224,6,24,q_arm2,linear
iter05b_arm2,0,gb_eoh_2122r3,HP_Peak,Linear,size_peak,both,residual,log,p0.5|n10,n_pred_nan,0.0,6,24,q_arm2,linear
iter05b_arm2,0,gb_eoh_2122r3,HP_Peak,Linear,size_peak,both,residual,log,p0.5|n10,mape_n_excluded,0.0,6,24,q_arm2,linear
iter05b_arm2,0,gb_eoh_2122r3,HP_Peak,Linear,size_peak,both,residual,log,p0.5|n40,wape,16.879912614242997,2,28,q_arm2,linear
iter05b_arm2,0,gb_eoh_2122r3,HP_Peak,Linear,size_peak,both,residual,log,p0.5|n40,rmse,13.09257753780868,2,28,q_arm2,linear
iter05b_arm2,0,gb_eoh_2122r3,HP_Peak,Linear,size_peak,both,residual,log,p0.5|n40,mae,12.33891812000725,2,28,q_arm2,linear
iter05b_arm2,0,gb_eoh_2122r3,HP_Peak,Linear,size_peak,both,residual,log,p0.5|n40,mape,16.881605639897455,2,28,q_arm2,linear
iter05b_arm2,0,gb_eoh_2122r3,HP_Peak,Linear,size_peak,both,residual,log,p0.5|n40,r2,-402098.9029401748,2,28,q_arm2,linear
iter05b_arm2,0,gb_eoh_2122r3,HP_Peak,Linear,size_peak,both,residual,log,p0.5|n40,n_pred_nan,0.0,2,28,q_arm2,linear
iter05b_arm2,0,gb_eoh_2122r3,HP_Peak,Linear,size_peak,both,residual,log,p0.5|n40,mape_n_excluded,0.0,2,28,q_arm2,linear
iter05b_arm2,0,gb_eoh_2122r3,HP_Peak,Ridge,size_peak,both,residual,log,all,wape,28.767653941901283,30,58,q_arm2,linear
iter05b_arm2,0,gb_eoh_2122r3,HP_Peak,Ridge,size_peak,both,residual,log,all,rmse,5.97211242177751,30,58,q_arm2,linear
iter05b_arm2,0,gb_eoh_2122r3,HP_Peak,Ridge,size_peak,both,residual,log,all,mae,3.56328054205496,30,58,q_arm2,linear
iter05b_arm2,0,gb_eoh_2122r3,HP_Peak,Ridge,size_peak,both,residual,log,all,mape,35.450604812904125,30,58,q_arm2,linear
iter05b_arm2,0,gb_eoh_2122r3,HP_Peak,Ridge,size_peak,both,residual,log,all,r2,0.8790593878717865,30,58,q_arm2,linear
iter05b_arm2,0,gb_eoh_2122r3,HP_Peak,Ridge,size_peak,both,residual,log,all,n_pred_nan,0.0,30,58,q_arm2,linear
iter05b_arm2,0,gb_eoh_2122r3,HP_Peak,Ridge,size_peak,both,residual,log,all,mape_n_excluded,0.0,30,58,q_arm2,linear
iter05b_arm2,0,gb_eoh_2122r3,HP_Peak,Ridge,size_peak,both,residual,log,all,n_invalid,0.0,30,58,q_arm2,linear
iter05b_arm2,0,gb_eoh_2122r3,HP_Peak,Ridge,size_peak,both,residual,log,all,n_resid_excluded_train,0.0,30,58,q_arm2,linear
iter05b_arm2,0,gb_eoh_2122r3,HP_Peak,Ridge,size_peak,both,residual,log,all,n_resid_excluded_inner,0.0,30,58,q_arm2,linear
iter05b_arm2,0,gb_eoh_2122r3,HP_Peak,Ridge,size_peak,both,residual,log,all,wape_train,22.91369482510731,30,58,q_arm2,linear
iter05b_arm2,0,gb_eoh_2122r3,HP_Peak,Ridge,size_peak,both,residual,log,all,wape_inner,26.431109104419185,30,58,q_arm2,linear
iter05b_arm2,0,gb_eoh_2122r3,HP_Peak,Ridge,size_peak,both,residual,log,all,n_train_sub,111.0,30,58,q_arm2,linear
iter05b_arm2,0,gb_eoh_2122r3,HP_Peak,Ridge,size_peak,both,residual,log,all,n_inner_sub,90.0,30,58,q_arm2,linear
iter05b_arm2,0,gb_eoh_2122r3,HP_Peak,Ridge,size_peak,both,residual,log,all,n_test_sub,30.0,30,58,q_arm2,linear
iter05b_arm2,0,gb_eoh_2122r3,HP_Peak,Ridge,size_peak,both,residual,log,all,n_overlap_sub,0.0,30,58,q_arm2,linear
iter05b_arm2,0,gb_eoh_2122r3,HP_Peak,Ridge,size_peak,both,residual,log,pbin<=15,wape,38.656113373014264,22,34,q_arm2,linear
iter05b_arm2,0,gb_eoh_2122r3,HP_Peak,Ridge,size_peak,both,residual,log,pbin<=15,rmse,3.7059099082415163,22,34,q_arm2,linear
iter05b_arm2,0,gb_eoh_2122r3,HP_Peak,Ridge,size_peak,both,residual,log,pbin<=15,mae,2.2132561199809215,22,34,q_arm2,linear
iter05b_arm2,0,gb_eoh_2122r3,HP_Peak,Ridge,size_peak,both,residual,log,pbin<=15,mape,39.88571376404698,22,34,q_arm2,linear
iter05b_arm2,0,gb_eoh_2122r3,HP_Peak,Ridge,size_peak,both,residual,log,pbin<=15,r2,0.17816518460084396,22,34,q_arm2,linear
iter05b_arm2,0,gb_eoh_2122r3,HP_Peak,Ridge,size_peak,both,residual,log,pbin<=15,n_pred_nan,0.0,22,34,q_arm2,linear
iter05b_arm2,0,gb_eoh_2122r3,HP_Peak,Ridge,size_peak,both,residual,log,pbin<=15,mape_n_excluded,0.0,22,34,q_arm2,linear
iter05b_arm2,0,gb_eoh_2122r3,HP_Peak,Ridge,size_peak,both,residual,log,pbin35-65,wape,23.696801739865336,8,43,q_arm2,linear
iter05b_arm2,0,gb_eoh_2122r3,HP_Peak,Ridge,size_peak,both,residual,log,pbin35-65,rmse,9.796944050917222,8,43,q_arm2,linear
iter05b_arm2,0,gb_eoh_2122r3,HP_Peak,Ridge,size_peak,both,residual,log,pbin35-65,mae,7.275847702758564,8,43,q_arm2,linear
iter05b_arm2,0,gb_eoh_2122r3,HP_Peak,Ridge,size_peak,both,residual,log,pbin35-65,mape,23.25405519726126,8,43,q_arm2,linear
iter05b_arm2,0,gb_eoh_2122r3,HP_Peak,Ridge,size_peak,both,residual,log,pbin35-65,r2,0.8406704469468914,8,43,q_arm2,linear
iter05b_arm2,0,gb_eoh_2122r3,HP_Peak,Ridge,size_peak,both,residual,log,pbin35-65,n_pred_nan,0.0,8,43,q_arm2,linear
iter05b_arm2,0,gb_eoh_2122r3,HP_Peak,Ridge,size_peak,both,residual,log,pbin35-65,mape_n_excluded,0.0,8,43,q_arm2,linear
iter05b_arm2,0,gb_eoh_2122r3,HP_Peak,Ridge,size_peak,both,residual,log,p0.1|n10,wape,41.733411557363894,16,15,q_arm2,linear
iter05b_arm2,0,gb_eoh_2122r3,HP_Peak,Ridge,size_peak,both,residual,log,p0.1|n10,rmse,1.9987636277363423,16,15,q_arm2,linear
iter05b_arm2,0,gb_eoh_2122r3,HP_Peak,Ridge,size_peak,both,residual,log,p0.1|n10,mae,1.3729885973940124,16,15,q_arm2,linear
iter05b_arm2,0,gb_eoh_2122r3,HP_Peak,Ridge,size_peak,both,residual,log,p0.1|n10,mape,40.68324815856844,16,15,q_arm2,linear
iter05b_arm2,0,gb_eoh_2122r3,HP_Peak,Ridge,size_peak,both,residual,log,p0.1|n10,r2,-5.258720625170554,16,15,q_arm2,linear
iter05b_arm2,0,gb_eoh_2122r3,HP_Peak,Ridge,size_peak,both,residual,log,p0.1|n10,n_pred_nan,0.0,16,15,q_arm2,linear
iter05b_arm2,0,gb_eoh_2122r3,HP_Peak,Ridge,size_peak,both,residual,log,p0.1|n10,mape_n_excluded,0.0,16,15,q_arm2,linear
iter05b_arm2,0,gb_eoh_2122r3,HP_Peak,Ridge,size_peak,both,residual,log,p0.1|n40,wape,36.44691416398184,6,22,q_arm2,linear
iter05b_arm2,0,gb_eoh_2122r3,HP_Peak,Ridge,size_peak,both,residual,log,p0.1|n40,rmse,6.301084626515639,6,22,q_arm2,linear
iter05b_arm2,0,gb_eoh_2122r3,HP_Peak,Ridge,size_peak,both,residual,log,p0.1|n40,mae,4.453969513546013,6,22,q_arm2,linear
iter05b_arm2,0,gb_eoh_2122r3,HP_Peak,Ridge,size_peak,both,residual,log,p0.1|n40,mape,37.75895537865643,6,22,q_arm2,linear
iter05b_arm2,0,gb_eoh_2122r3,HP_Peak,Ridge,size_peak,both,residual,log,p0.1|n40,r2,-24.309370195241225,6,22,q_arm2,linear
iter05b_arm2,0,gb_eoh_2122r3,HP_Peak,Ridge,size_peak,both,residual,log,p0.1|n40,n_pred_nan,0.0,6,22,q_arm2,linear
iter05b_arm2,0,gb_eoh_2122r3,HP_Peak,Ridge,size_peak,both,residual,log,p0.1|n40,mape_n_excluded,0.0,6,22,q_arm2,linear
iter05b_arm2,0,gb_eoh_2122r3,HP_Peak,Ridge,size_peak,both,residual,log,p0.5|n10,wape,22.984702029564495,6,24,q_arm2,linear
iter05b_arm2,0,gb_eoh_2122r3,HP_Peak,Ridge,size_peak,both,residual,log,p0.5|n10,rmse,4.102303660721273,6,24,q_arm2,linear
iter05b_arm2,0,gb_eoh_2122r3,HP_Peak,Ridge,size_peak,both,residual,log,p0.5|n10,mae,3.8091364077930336,6,24,q_arm2,linear
iter05b_arm2,0,gb_eoh_2122r3,HP_Peak,Ridge,size_peak,both,residual,log,p0.5|n10,mape,22.945618653631907,6,24,q_arm2,linear
iter05b_arm2,0,gb_eoh_2122r3,HP_Peak,Ridge,size_peak,both,residual,log,p0.5|n10,r2,-2.816338851196284,6,24,q_arm2,linear
iter05b_arm2,0,gb_eoh_2122r3,HP_Peak,Ridge,size_peak,both,residual,log,p0.5|n10,n_pred_nan,0.0,6,24,q_arm2,linear
iter05b_arm2,0,gb_eoh_2122r3,HP_Peak,Ridge,size_peak,both,residual,log,p0.5|n10,mape_n_excluded,0.0,6,24,q_arm2,linear
iter05b_arm2,0,gb_eoh_2122r3,HP_Peak,Ridge,size_peak,both,residual,log,p0.5|n40,wape,24.181133359397958,2,28,q_arm2,linear
iter05b_arm2,0,gb_eoh_2122r3,HP_Peak,Ridge,size_peak,both,residual,log,p0.5|n40,rmse,18.260168810087926,2,28,q_arm2,linear
iter05b_arm2,0,gb_eoh_2122r3,HP_Peak,Ridge,size_peak,both,residual,log,p0.5|n40,mae,17.675981587655155,2,28,q_arm2,linear
iter05b_arm2,0,gb_eoh_2122r3,HP_Peak,Ridge,size_peak,both,residual,log,p0.5|n40,mape,24.179364828149307,2,28,q_arm2,linear
iter05b_arm2,0,gb_eoh_2122r3,HP_Peak,Ridge,size_peak,both,residual,log,p0.5|n40,r2,-782154.7374378437,2,28,q_arm2,linear
iter05b_arm2,0,gb_eoh_2122r3,HP_Peak,Ridge,size_peak,both,residual,log,p0.5|n40,n_pred_nan,0.0,2,28,q_arm2,linear
iter05b_arm2,0,gb_eoh_2122r3,HP_Peak,Ridge,size_peak,both,residual,log,p0.5|n40,mape_n_excluded,0.0,2,28,q_arm2,linear
iter05b_arm2,0,gb_eoh_2122r3,HP_Peak,Lasso,size_peak,both,residual,log,all,wape,37.142492383626305,30,58,q_arm2,linear
iter05b_arm2,0,gb_eoh_2122r3,HP_Peak,Lasso,size_peak,both,residual,log,all,rmse,7.632533034904551,30,58,q_arm2,linear
iter05b_arm2,0,gb_eoh_2122r3,HP_Peak,Lasso,size_peak,both,residual,log,all,mae,4.600622652833993,30,58,q_arm2,linear
iter05b_arm2,0,gb_eoh_2122r3,HP_Peak,Lasso,size_peak,both,residual,log,all,mape,41.07884110951649,30,58,q_arm2,linear
iter05b_arm2,0,gb_eoh_2122r3,HP_Peak,Lasso,size_peak,both,residual,log,all,r2,0.8024606598293326,30,58,q_arm2,linear
iter05b_arm2,0,gb_eoh_2122r3,HP_Peak,Lasso,size_peak,both,residual,log,all,n_pred_nan,0.0,30,58,q_arm2,linear
iter05b_arm2,0,gb_eoh_2122r3,HP_Peak,Lasso,size_peak,both,residual,log,all,mape_n_excluded,0.0,30,58,q_arm2,linear
iter05b_arm2,0,gb_eoh_2122r3,HP_Peak,Lasso,size_peak,both,residual,log,all,n_invalid,0.0,30,58,q_arm2,linear
iter05b_arm2,0,gb_eoh_2122r3,HP_Peak,Lasso,size_peak,both,residual,log,all,n_resid_excluded_train,0.0,30,58,q_arm2,linear
iter05b_arm2,0,gb_eoh_2122r3,HP_Peak,Lasso,size_peak,both,residual,log,all,n_resid_excluded_inner,0.0,30,58,q_arm2,linear
iter05b_arm2,0,gb_eoh_2122r3,HP_Peak,Lasso,size_peak,both,residual,log,all,wape_train,31.690408079432714,30,58,q_arm2,linear
iter05b_arm2,0,gb_eoh_2122r3,HP_Peak,Lasso,size_peak,both,residual,log,all,wape_inner,34.39890626156795,30,58,q_arm2,linear
iter05b_arm2,0,gb_eoh_2122r3,HP_Peak,Lasso,size_peak,both,residual,log,all,n_train_sub,111.0,30,58,q_arm2,linear
iter05b_arm2,0,gb_eoh_2122r3,HP_Peak,Lasso,size_peak,both,residual,log,all,n_inner_sub,90.0,30,58,q_arm2,linear
iter05b_arm2,0,gb_eoh_2122r3,HP_Peak,Lasso,size_peak,both,residual,log,all,n_test_sub,30.0,30,58,q_arm2,linear
iter05b_arm2,0,gb_eoh_2122r3,HP_Peak,Lasso,size_peak,both,residual,log,all,n_overlap_sub,0.0,30,58,q_arm2,linear
iter05b_arm2,0,gb_eoh_2122r3,HP_Peak,Lasso,size_peak,both,residual,log,pbin<=15,wape,45.582169655315504,22,34,q_arm2,linear
iter05b_arm2,0,gb_eoh_2122r3,HP_Peak,Lasso,size_peak,both,residual,log,pbin<=15,rmse,4.396582347552142,22,34,q_arm2,linear
iter05b_arm2,0,gb_eoh_2122r3,HP_Peak,Lasso,size_peak,both,residual,log,pbin<=15,mae,2.6098075349205505,22,34,q_arm2,linear
iter05b_arm2,0,gb_eoh_2122r3,HP_Peak,Lasso,size_peak,both,residual,log,pbin<=15,mape,43.935780505317354,22,34,q_arm2,linear
iter05b_arm2,0,gb_eoh_2122r3,HP_Peak,Lasso,size_peak,both,residual,log,pbin<=15,r2,-0.15671200910145977,22,34,q_arm2,linear
iter05b_arm2,0,gb_eoh_2122r3,HP_Peak,Lasso,size_peak,both,residual,log,pbin<=15,n_pred_nan,0.0,22,34,q_arm2,linear
iter05b_arm2,0,gb_eoh_2122r3,HP_Peak,Lasso,size_peak,both,residual,log,pbin<=15,mape_n_excluded,0.0,22,34,q_arm2,linear
iter05b_arm2,0,gb_eoh_2122r3,HP_Peak,Lasso,size_peak,both,residual,log,pbin35-65,wape,32.81458302871065,8,43,q_arm2,linear
iter05b_arm2,0,gb_eoh_2122r3,HP_Peak,Lasso,size_peak,both,residual,log,pbin35-65,rmse,12.856944701276825,8,43,q_arm2,linear
iter05b_arm2,0,gb_eoh_2122r3,HP_Peak,Lasso,size_peak,both,residual,log,pbin35-65,mae,10.07536422709596,8,43,q_arm2,linear
iter05b_arm2,0,gb_eoh_2122r3,HP_Peak,Lasso,size_peak,both,residual,log,pbin35-65,mape,33.22225777106412,8,43,q_arm2,linear
iter05b_arm2,0,gb_eoh_2122r3,HP_Peak,Lasso,size_peak,both,residual,log,pbin35-65,r2,0.7255958759749725,8,43,q_arm2,linear
iter05b_arm2,0,gb_eoh_2122r3,HP_Peak,Lasso,size_peak,both,residual,log,pbin35-65,n_pred_nan,0.0,8,43,q_arm2,linear
iter05b_arm2,0,gb_eoh_2122r3,HP_Peak,Lasso,size_peak,both,residual,log,pbin35-65,mape_n_excluded,0.0,8,43,q_arm2,linear
iter05b_arm2,0,gb_eoh_2122r3,HP_Peak,Lasso,size_peak,both,residual,log,p0.1|n10,wape,41.172712249661494,16,15,q_arm2,linear
iter05b_arm2,0,gb_eoh_2122r3,HP_Peak,Lasso,size_peak,both,residual,log,p0.1|n10,rmse,2.0463154552210194,16,15,q_arm2,linear
iter05b_arm2,0,gb_eoh_2122r3,HP_Peak,Lasso,size_peak,both,residual,log,p0.1|n10,mae,1.3545421362178405,16,15,q_arm2,linear
iter05b_arm2,0,gb_eoh_2122r3,HP_Peak,Lasso,size_peak,both,residual,log,p0.1|n10,mape,41.39737939016286,16,15,q_arm2,linear
iter05b_arm2,0,gb_eoh_2122r3,HP_Peak,Lasso,size_peak,both,residual,log,p0.1|n10,r2,-5.560060719068839,16,15,q_arm2,linear
iter05b_arm2,0,gb_eoh_2122r3,HP_Peak,Lasso,size_peak,both,residual,log,p0.1|n10,n_pred_nan,0.0,16,15,q_arm2,linear
iter05b_arm2,0,gb_eoh_2122r3,HP_Peak,Lasso,size_peak,both,residual,log,p0.1|n10,mape_n_excluded,0.0,16,15,q_arm2,linear
iter05b_arm2,0,gb_eoh_2122r3,HP_Peak,Lasso,size_peak,both,residual,log,p0.1|n40,wape,48.747728931428306,6,22,q_arm2,linear
iter05b_arm2,0,gb_eoh_2122r3,HP_Peak,Lasso,size_peak,both,residual,log,p0.1|n40,rmse,7.727225551875373,6,22,q_arm2,linear
iter05b_arm2,0,gb_eoh_2122r3,HP_Peak,Lasso,size_peak,both,residual,log,p0.1|n40,mae,5.95718193146111,6,22,q_arm2,linear
iter05b_arm2,0,gb_eoh_2122r3,HP_Peak,Lasso,size_peak,both,residual,log,p0.1|n40,mape,50.70485014572929,6,22,q_arm2,linear
iter05b_arm2,0,gb_eoh_2122r3,HP_Peak,Lasso,size_peak,both,residual,log,p0.1|n40,r2,-37.0625509791011,6,22,q_arm2,linear
iter05b_arm2,0,gb_eoh_2122r3,HP_Peak,Lasso,size_peak,both,residual,log,p0.1|n40,n_pred_nan,0.0,6,22,q_arm2,linear
iter05b_arm2,0,gb_eoh_2122r3,HP_Peak,Lasso,size_peak,both,residual,log,p0.1|n40,mape_n_excluded,0.0,6,22,q_arm2,linear
iter05b_arm2,0,gb_eoh_2122r3,HP_Peak,Lasso,size_peak,both,residual,log,p0.5|n10,wape,34.07661645617026,6,24,q_arm2,linear
iter05b_arm2,0,gb_eoh_2122r3,HP_Peak,Lasso,size_peak,both,residual,log,p0.5|n10,rmse,5.948483399134232,6,24,q_arm2,linear
iter05b_arm2,0,gb_eoh_2122r3,HP_Peak,Lasso,size_peak,both,residual,log,p0.5|n10,mae,5.647342316234359,6,24,q_arm2,linear
iter05b_arm2,0,gb_eoh_2122r3,HP_Peak,Lasso,size_peak,both,residual,log,p0.5|n10,mape,33.64466538567836,6,24,q_arm2,linear
iter05b_arm2,0,gb_eoh_2122r3,HP_Peak,Lasso,size_peak,both,residual,log,p0.5|n10,r2,-7.024238476974052,6,24,q_arm2,linear
iter05b_arm2,0,gb_eoh_2122r3,HP_Peak,Lasso,size_peak,both,residual,log,p0.5|n10,n_pred_nan,0.0,6,24,q_arm2,linear
iter05b_arm2,0,gb_eoh_2122r3,HP_Peak,Lasso,size_peak,both,residual,log,p0.5|n10,mape_n_excluded,0.0,6,24,q_arm2,linear
iter05b_arm2,0,gb_eoh_2122r3,HP_Peak,Lasso,size_peak,both,residual,log,p0.5|n40,wape,31.956216307050862,2,28,q_arm2,linear
iter05b_arm2,0,gb_eoh_2122r3,HP_Peak,Lasso,size_peak,both,residual,log,p0.5|n40,rmse,23.559514934680518,2,28,q_arm2,linear
iter05b_arm2,0,gb_eoh_2122r3,HP_Peak,Lasso,size_peak,both,residual,log,p0.5|n40,mae,23.359429959680757,2,28,q_arm2,linear
iter05b_arm2,0,gb_eoh_2122r3,HP_Peak,Lasso,size_peak,both,residual,log,p0.5|n40,mape,31.955034927221433,2,28,q_arm2,linear
iter05b_arm2,0,gb_eoh_2122r3,HP_Peak,Lasso,size_peak,both,residual,log,p0.5|n40,r2,-1302015.0810370396,2,28,q_arm2,linear
iter05b_arm2,0,gb_eoh_2122r3,HP_Peak,Lasso,size_peak,both,residual,log,p0.5|n40,n_pred_nan,0.0,2,28,q_arm2,linear
iter05b_arm2,0,gb_eoh_2122r3,HP_Peak,Lasso,size_peak,both,residual,log,p0.5|n40,mape_n_excluded,0.0,2,28,q_arm2,linear
iter05b_arm2,0,gb_eoh_2122r3,HP_Peak,ElasticNet,size_peak,both,residual,log,all,wape,35.11369726692897,30,58,q_arm2,linear
iter05b_arm2,0,gb_eoh_2122r3,HP_Peak,ElasticNet,size_peak,both,residual,log,all,rmse,7.212911875839192,30,58,q_arm2,linear
iter05b_arm2,0,gb_eoh_2122r3,HP_Peak,ElasticNet,size_peak,both,residual,log,all,mae,4.349327702688123,30,58,q_arm2,linear
iter05b_arm2,0,gb_eoh_2122r3,HP_Peak,ElasticNet,size_peak,both,residual,log,all,mape,39.24417664146102,30,58,q_arm2,linear
iter05b_arm2,0,gb_eoh_2122r3,HP_Peak,ElasticNet,size_peak,both,residual,log,all,r2,0.8235842051186408,30,58,q_arm2,linear
iter05b_arm2,0,gb_eoh_2122r3,HP_Peak,ElasticNet,size_peak,both,residual,log,all,n_pred_nan,0.0,30,58,q_arm2,linear
iter05b_arm2,0,gb_eoh_2122r3,HP_Peak,ElasticNet,size_peak,both,residual,log,all,mape_n_excluded,0.0,30,58,q_arm2,linear
iter05b_arm2,0,gb_eoh_2122r3,HP_Peak,ElasticNet,size_peak,both,residual,log,all,n_invalid,0.0,30,58,q_arm2,linear
iter05b_arm2,0,gb_eoh_2122r3,HP_Peak,ElasticNet,size_peak,both,residual,log,all,n_resid_excluded_train,0.0,30,58,q_arm2,linear
iter05b_arm2,0,gb_eoh_2122r3,HP_Peak,ElasticNet,size_peak,both,residual,log,all,n_resid_excluded_inner,0.0,30,58,q_arm2,linear
iter05b_arm2,0,gb_eoh_2122r3,HP_Peak,ElasticNet,size_peak,both,residual,log,all,wape_train,29.238836715421275,30,58,q_arm2,linear
iter05b_arm2,0,gb_eoh_2122r3,HP_Peak,ElasticNet,size_peak,both,residual,log,all,wape_inner,31.598433088499853,30,58,q_arm2,linear
iter05b_arm2,0,gb_eoh_2122r3,HP_Peak,ElasticNet,size_peak,both,residual,log,all,n_train_sub,111.0,30,58,q_arm2,linear
iter05b_arm2,0,gb_eoh_2122r3,HP_Peak,ElasticNet,size_peak,both,residual,log,all,n_inner_sub,90.0,30,58,q_arm2,linear
iter05b_arm2,0,gb_eoh_2122r3,HP_Peak,ElasticNet,size_peak,both,residual,log,all,n_test_sub,30.0,30,58,q_arm2,linear
iter05b_arm2,0,gb_eoh_2122r3,HP_Peak,ElasticNet,size_peak,both,residual,log,all,n_overlap_sub,0.0,30,58,q_arm2,linear
iter05b_arm2,0,gb_eoh_2122r3,HP_Peak,ElasticNet,size_peak,both,residual,log,pbin<=15,wape,43.727421313756324,22,34,q_arm2,linear
iter05b_arm2,0,gb_eoh_2122r3,HP_Peak,ElasticNet,size_peak,both,residual,log,pbin<=15,rmse,4.258671955664095,22,34,q_arm2,linear
iter05b_arm2,0,gb_eoh_2122r3,HP_Peak,ElasticNet,size_peak,both,residual,log,pbin<=15,mae,2.5036139018884715,22,34,q_arm2,linear
iter05b_arm2,0,gb_eoh_2122r3,HP_Peak,ElasticNet,size_peak,both,residual,log,pbin<=15,mape,42.21784766261122,22,34,q_arm2,linear
iter05b_arm2,0,gb_eoh_2122r3,HP_Peak,ElasticNet,size_peak,both,residual,log,pbin<=15,r2,-0.08528349004335012,22,34,q_arm2,linear
iter05b_arm2,0,gb_eoh_2122r3,HP_Peak,ElasticNet,size_peak,both,residual,log,pbin<=15,n_pred_nan,0.0,22,34,q_arm2,linear
iter05b_arm2,0,gb_eoh_2122r3,HP_Peak,ElasticNet,size_peak,both,residual,log,pbin<=15,mape_n_excluded,0.0,22,34,q_arm2,linear
iter05b_arm2,0,gb_eoh_2122r3,HP_Peak,ElasticNet,size_peak,both,residual,log,pbin35-65,wape,30.69653584205087,8,43,q_arm2,linear
iter05b_arm2,0,gb_eoh_2122r3,HP_Peak,ElasticNet,size_peak,both,residual,log,pbin35-65,rmse,12.050853816678018,8,43,q_arm2,linear
iter05b_arm2,0,gb_eoh_2122r3,HP_Peak,ElasticNet,size_peak,both,residual,log,pbin35-65,mae,9.425040654887166,8,43,q_arm2,linear
iter05b_arm2,0,gb_eoh_2122r3,HP_Peak,ElasticNet,size_peak,both,residual,log,pbin35-65,mape,31.06658133329795,8,43,q_arm2,linear
iter05b_arm2,0,gb_eoh_2122r3,HP_Peak,ElasticNet,size_peak,both,residual,log,pbin35-65,r2,0.758925808639842,8,43,q_arm2,linear
iter05b_arm2,0,gb_eoh_2122r3,HP_Peak,ElasticNet,size_peak,both,residual,log,pbin35-65,n_pred_nan,0.0,8,43,q_arm2,linear
iter05b_arm2,0,gb_eoh_2122r3,HP_Peak,ElasticNet,size_peak,both,residual,log,pbin35-65,mape_n_excluded,0.0,8,43,q_arm2,linear
iter05b_arm2,0,gb_eoh_2122r3,HP_Peak,ElasticNet,size_peak,both,residual,log,p0.1|n10,wape,40.204021050845675,16,15,q_arm2,linear
iter05b_arm2,0,gb_eoh_2122r3,HP_Peak,ElasticNet,size_peak,both,residual,log,p0.1|n10,rmse,2.021771215502985,16,15,q_arm2,linear
iter05b_arm2,0,gb_eoh_2122r3,HP_Peak,ElasticNet,size_peak,both,residual,log,p0.1|n10,mae,1.3226731391543742,16,15,q_arm2,linear
iter05b_arm2,0,gb_eoh_2122r3,HP_Peak,ElasticNet,size_peak,both,residual,log,p0.1|n10,mape,39.9839567165851,16,15,q_arm2,linear
iter05b_arm2,0,gb_eoh_2122r3,HP_Peak,ElasticNet,size_peak,both,residual,log,p0.1|n10,r2,-5.403637048945778,16,15,q_arm2,linear
iter05b_arm2,0,gb_eoh_2122r3,HP_Peak,ElasticNet,size_peak,both,residual,log,p0.1|n10,n_pred_nan,0.0,16,15,q_arm2,linear
iter05b_arm2,0,gb_eoh_2122r3,HP_Peak,ElasticNet,size_peak,both,residual,log,p0.1|n10,mape_n_excluded,0.0,16,15,q_arm2,linear
iter05b_arm2,0,gb_eoh_2122r3,HP_Peak,ElasticNet,size_peak,both,residual,log,p0.1|n40,wape,46.256878196912425,6,22,q_arm2,linear
iter05b_arm2,0,gb_eoh_2122r3,HP_Peak,ElasticNet,size_peak,both,residual,log,p0.1|n40,rmse,7.456511344743532,6,22,q_arm2,linear
iter05b_arm2,0,gb_eoh_2122r3,HP_Peak,ElasticNet,size_peak,both,residual,log,p0.1|n40,mae,5.6527892691794,6,22,q_arm2,linear
iter05b_arm2,0,gb_eoh_2122r3,HP_Peak,ElasticNet,size_peak,both,residual,log,p0.1|n40,mape,48.17489018534748,6,22,q_arm2,linear
iter05b_arm2,0,gb_eoh_2122r3,HP_Peak,ElasticNet,size_peak,both,residual,log,p0.1|n40,r2,-34.44231484606832,6,22,q_arm2,linear
iter05b_arm2,0,gb_eoh_2122r3,HP_Peak,ElasticNet,size_peak,both,residual,log,p0.1|n40,n_pred_nan,0.0,6,22,q_arm2,linear
iter05b_arm2,0,gb_eoh_2122r3,HP_Peak,ElasticNet,size_peak,both,residual,log,p0.1|n40,mape_n_excluded,0.0,6,22,q_arm2,linear
iter05b_arm2,0,gb_eoh_2122r3,HP_Peak,ElasticNet,size_peak,both,residual,log,p0.5|n10,wape,31.78820497539323,6,24,q_arm2,linear
iter05b_arm2,0,gb_eoh_2122r3,HP_Peak,ElasticNet,size_peak,both,residual,log,p0.5|n10,rmse,5.544157545862908,6,24,q_arm2,linear
iter05b_arm2,0,gb_eoh_2122r3,HP_Peak,ElasticNet,size_peak,both,residual,log,p0.5|n10,mae,5.268095655728293,6,24,q_arm2,linear
iter05b_arm2,0,gb_eoh_2122r3,HP_Peak,ElasticNet,size_peak,both,residual,log,p0.5|n10,mape,31.43781882278108,6,24,q_arm2,linear
iter05b_arm2,0,gb_eoh_2122r3,HP_Peak,ElasticNet,size_peak,both,residual,log,p0.5|n10,r2,-5.970476145810883,6,24,q_arm2,linear
iter05b_arm2,0,gb_eoh_2122r3,HP_Peak,ElasticNet,size_peak,both,residual,log,p0.5|n10,n_pred_nan,0.0,6,24,q_arm2,linear
iter05b_arm2,0,gb_eoh_2122r3,HP_Peak,ElasticNet,size_peak,both,residual,log,p0.5|n10,mape_n_excluded,0.0,6,24,q_arm2,linear
iter05b_arm2,0,gb_eoh_2122r3,HP_Peak,ElasticNet,size_peak,both,residual,log,p0.5|n40,wape,29.95404167768433,2,28,q_arm2,linear
iter05b_arm2,0,gb_eoh_2122r3,HP_Peak,ElasticNet,size_peak,both,residual,log,p0.5|n40,rmse,22.106091064765987,2,28,q_arm2,linear
iter05b_arm2,0,gb_eoh_2122r3,HP_Peak,ElasticNet,size_peak,both,residual,log,p0.5|n40,mae,21.89587565236378,2,28,q_arm2,linear
iter05b_arm2,0,gb_eoh_2122r3,HP_Peak,ElasticNet,size_peak,both,residual,log,p0.5|n40,mape,29.95286886484857,2,28,q_arm2,linear
iter05b_arm2,0,gb_eoh_2122r3,HP_Peak,ElasticNet,size_peak,both,residual,log,p0.5|n40,r2,-1146323.484262436,2,28,q_arm2,linear
iter05b_arm2,0,gb_eoh_2122r3,HP_Peak,ElasticNet,size_peak,both,residual,log,p0.5|n40,n_pred_nan,0.0,2,28,q_arm2,linear
iter05b_arm2,0,gb_eoh_2122r3,HP_Peak,ElasticNet,size_peak,both,residual,log,p0.5|n40,mape_n_excluded,0.0,2,28,q_arm2,linear
iter05b_arm2,0,gb_eoh_2122r3,HP_Peak,PLS,size_peak,both,residual,log,all,wape,31.459519221428216,30,58,q_arm2,linear
iter05b_arm2,0,gb_eoh_2122r3,HP_Peak,PLS,size_peak,both,residual,log,all,rmse,6.516639826798965,30,58,q_arm2,linear
iter05b_arm2,0,gb_eoh_2122r3,HP_Peak,PLS,size_peak,both,residual,log,all,mae,3.896706103685507,30,58,q_arm2,linear
iter05b_arm2,0,gb_eoh_2122r3,HP_Peak,PLS,size_peak,both,residual,log,all,mape,42.41035878813469,30,58,q_arm2,linear
iter05b_arm2,0,gb_eoh_2122r3,HP_Peak,PLS,size_peak,both,residual,log,all,r2,0.8559996160575696,30,58,q_arm2,linear
iter05b_arm2,0,gb_eoh_2122r3,HP_Peak,PLS,size_peak,both,residual,log,all,n_pred_nan,0.0,30,58,q_arm2,linear
iter05b_arm2,0,gb_eoh_2122r3,HP_Peak,PLS,size_peak,both,residual,log,all,mape_n_excluded,0.0,30,58,q_arm2,linear
iter05b_arm2,0,gb_eoh_2122r3,HP_Peak,PLS,size_peak,both,residual,log,all,n_invalid,0.0,30,58,q_arm2,linear
iter05b_arm2,0,gb_eoh_2122r3,HP_Peak,PLS,size_peak,both,residual,log,all,n_resid_excluded_train,0.0,30,58,q_arm2,linear
iter05b_arm2,0,gb_eoh_2122r3,HP_Peak,PLS,size_peak,both,residual,log,all,n_resid_excluded_inner,0.0,30,58,q_arm2,linear
iter05b_arm2,0,gb_eoh_2122r3,HP_Peak,PLS,size_peak,both,residual,log,all,wape_train,15.312818583032376,30,58,q_arm2,linear
iter05b_arm2,0,gb_eoh_2122r3,HP_Peak,PLS,size_peak,both,residual,log,all,wape_inner,35.81906863116039,30,58,q_arm2,linear
iter05b_arm2,0,gb_eoh_2122r3,HP_Peak,PLS,size_peak,both,residual,log,all,n_train_sub,111.0,30,58,q_arm2,linear
iter05b_arm2,0,gb_eoh_2122r3,HP_Peak,PLS,size_peak,both,residual,log,all,n_inner_sub,90.0,30,58,q_arm2,linear
iter05b_arm2,0,gb_eoh_2122r3,HP_Peak,PLS,size_peak,both,residual,log,all,n_test_sub,30.0,30,58,q_arm2,linear
iter05b_arm2,0,gb_eoh_2122r3,HP_Peak,PLS,size_peak,both,residual,log,all,n_overlap_sub,0.0,30,58,q_arm2,linear
iter05b_arm2,0,gb_eoh_2122r3,HP_Peak,PLS,size_peak,both,residual,log,pbin<=15,wape,52.0882414550493,22,34,q_arm2,linear
iter05b_arm2,0,gb_eoh_2122r3,HP_Peak,PLS,size_peak,both,residual,log,pbin<=15,rmse,4.864050713452072,22,34,q_arm2,linear
iter05b_arm2,0,gb_eoh_2122r3,HP_Peak,PLS,size_peak,both,residual,log,pbin<=15,mae,2.982312734521099,22,34,q_arm2,linear
iter05b_arm2,0,gb_eoh_2122r3,HP_Peak,PLS,size_peak,both,residual,log,pbin<=15,mape,51.311329406114936,22,34,q_arm2,linear
iter05b_arm2,0,gb_eoh_2122r3,HP_Peak,PLS,size_peak,both,residual,log,pbin<=15,r2,-0.4157644710577093,22,34,q_arm2,linear
iter05b_arm2,0,gb_eoh_2122r3,HP_Peak,PLS,size_peak,both,residual,log,pbin<=15,n_pred_nan,0.0,22,34,q_arm2,linear
iter05b_arm2,0,gb_eoh_2122r3,HP_Peak,PLS,size_peak,both,residual,log,pbin<=15,mape_n_excluded,0.0,22,34,q_arm2,linear
iter05b_arm2,0,gb_eoh_2122r3,HP_Peak,PLS,size_peak,both,residual,log,pbin35-65,wape,20.881005723722375,8,43,q_arm2,linear
iter05b_arm2,0,gb_eoh_2122r3,HP_Peak,PLS,size_peak,both,residual,log,pbin35-65,rmse,9.705024944712495,8,43,q_arm2,linear
iter05b_arm2,0,gb_eoh_2122r3,HP_Peak,PLS,size_peak,both,residual,log,pbin35-65,mae,6.411287868887628,8,43,q_arm2,linear
iter05b_arm2,0,gb_eoh_2122r3,HP_Peak,PLS,size_peak,both,residual,log,pbin35-65,mape,17.932689588689037,8,43,q_arm2,linear
iter05b_arm2,0,gb_eoh_2122r3,HP_Peak,PLS,size_peak,both,residual,log,pbin35-65,r2,0.8436462167783938,8,43,q_arm2,linear
iter05b_arm2,0,gb_eoh_2122r3,HP_Peak,PLS,size_peak,both,residual,log,pbin35-65,n_pred_nan,0.0,8,43,q_arm2,linear
iter05b_arm2,0,gb_eoh_2122r3,HP_Peak,PLS,size_peak,both,residual,log,pbin35-65,mape_n_excluded,0.0,8,43,q_arm2,linear
iter05b_arm2,0,gb_eoh_2122r3,HP_Peak,PLS,size_peak,both,residual,log,p0.1|n10,wape,52.78021163843055,16,15,q_arm2,linear
iter05b_arm2,0,gb_eoh_2122r3,HP_Peak,PLS,size_peak,both,residual,log,p0.1|n10,rmse,2.8949861825903396,16,15,q_arm2,linear
iter05b_arm2,0,gb_eoh_2122r3,HP_Peak,PLS,size_peak,both,residual,log,p0.1|n10,mae,1.7364175619335651,16,15,q_arm2,linear
iter05b_arm2,0,gb_eoh_2122r3,HP_Peak,PLS,size_peak,both,residual,log,p0.1|n10,mape,50.96743775483192,16,15,q_arm2,linear
iter05b_arm2,0,gb_eoh_2122r3,HP_Peak,PLS,size_peak,both,residual,log,p0.1|n10,r2,-12.129726540539997,16,15,q_arm2,linear
iter05b_arm2,0,gb_eoh_2122r3,HP_Peak,PLS,size_peak,both,residual,log,p0.1|n10,n_pred_nan,0.0,16,15,q_arm2,linear
iter05b_arm2,0,gb_eoh_2122r3,HP_Peak,PLS,size_peak,both,residual,log,p0.1|n10,mape_n_excluded,0.0,16,15,q_arm2,linear
iter05b_arm2,0,gb_eoh_2122r3,HP_Peak,PLS,size_peak,both,residual,log,p0.1|n40,wape,51.59147452177828,6,22,q_arm2,linear
iter05b_arm2,0,gb_eoh_2122r3,HP_Peak,PLS,size_peak,both,residual,log,p0.1|n40,rmse,8.024988531544409,6,22,q_arm2,linear
iter05b_arm2,0,gb_eoh_2122r3,HP_Peak,PLS,size_peak,both,residual,log,p0.1|n40,mae,6.304699861421191,6,22,q_arm2,linear
iter05b_arm2,0,gb_eoh_2122r3,HP_Peak,PLS,size_peak,both,residual,log,p0.1|n40,mape,52.2283738095363,6,22,q_arm2,linear
iter05b_arm2,0,gb_eoh_2122r3,HP_Peak,PLS,size_peak,both,residual,log,p0.1|n40,r2,-40.05249474700602,6,22,q_arm2,linear
iter05b_arm2,0,gb_eoh_2122r3,HP_Peak,PLS,size_peak,both,residual,log,p0.1|n40,n_pred_nan,0.0,6,22,q_arm2,linear
iter05b_arm2,0,gb_eoh_2122r3,HP_Peak,PLS,size_peak,both,residual,log,p0.1|n40,mape_n_excluded,0.0,6,22,q_arm2,linear
iter05b_arm2,0,gb_eoh_2122r3,HP_Peak,PLS,size_peak,both,residual,log,p0.5|n10,wape,16.99422985721743,6,24,q_arm2,linear
iter05b_arm2,0,gb_eoh_2122r3,HP_Peak,PLS,size_peak,both,residual,log,p0.5|n10,rmse,4.537349811955184,6,24,q_arm2,linear
iter05b_arm2,0,gb_eoh_2122r3,HP_Peak,PLS,size_peak,both,residual,log,p0.5|n10,mae,2.8163662765027744,6,24,q_arm2,linear
iter05b_arm2,0,gb_eoh_2122r3,HP_Peak,PLS,size_peak,both,residual,log,p0.5|n10,mape,16.069291108905794,6,24,q_arm2,linear
iter05b_arm2,0,gb_eoh_2122r3,HP_Peak,PLS,size_peak,both,residual,log,p0.5|n10,r2,-3.6686986811366413,6,24,q_arm2,linear
iter05b_arm2,0,gb_eoh_2122r3,HP_Peak,PLS,size_peak,both,residual,log,p0.5|n10,n_pred_nan,0.0,6,24,q_arm2,linear
iter05b_arm2,0,gb_eoh_2122r3,HP_Peak,PLS,size_peak,both,residual,log,p0.5|n10,mape_n_excluded,0.0,6,24,q_arm2,linear
iter05b_arm2,0,gb_eoh_2122r3,HP_Peak,PLS,size_peak,both,residual,log,p0.5|n40,wape,23.5245799633318,2,28,q_arm2,linear
iter05b_arm2,0,gb_eoh_2122r3,HP_Peak,PLS,size_peak,both,residual,log,p0.5|n40,rmse,17.747884571458588,2,28,q_arm2,linear
iter05b_arm2,0,gb_eoh_2122r3,HP_Peak,PLS,size_peak,both,residual,log,p0.5|n40,mae,17.196052646042187,2,28,q_arm2,linear
iter05b_arm2,0,gb_eoh_2122r3,HP_Peak,PLS,size_peak,both,residual,log,p0.5|n40,mape,23.522885028038775,2,28,q_arm2,linear
iter05b_arm2,0,gb_eoh_2122r3,HP_Peak,PLS,size_peak,both,residual,log,p0.5|n40,r2,-738883.999962261,2,28,q_arm2,linear
iter05b_arm2,0,gb_eoh_2122r3,HP_Peak,PLS,size_peak,both,residual,log,p0.5|n40,n_pred_nan,0.0,2,28,q_arm2,linear
iter05b_arm2,0,gb_eoh_2122r3,HP_Peak,PLS,size_peak,both,residual,log,p0.5|n40,mape_n_excluded,0.0,2,28,q_arm2,linear
iter05b_arm2,0,gb_eoh_2122r3,HP_Peak,XGBoost,size,netfit,direct,log,all,wape,48.74273050999907,30,58,q_arm2,trees
iter05b_arm2,0,gb_eoh_2122r3,HP_Peak,XGBoost,size,netfit,direct,log,all,rmse,14.287510866595273,30,58,q_arm2,trees
iter05b_arm2,0,gb_eoh_2122r3,HP_Peak,XGBoost,size,netfit,direct,log,all,mae,6.037476102280635,30,58,q_arm2,trees
iter05b_arm2,0,gb_eoh_2122r3,HP_Peak,XGBoost,size,netfit,direct,log,all,mape,56.32622292039269,30,58,q_arm2,trees
iter05b_arm2,0,gb_eoh_2122r3,HP_Peak,XGBoost,size,netfit,direct,log,all,r2,0.30780356080432303,30,58,q_arm2,trees
iter05b_arm2,0,gb_eoh_2122r3,HP_Peak,XGBoost,size,netfit,direct,log,all,n_pred_nan,0.0,30,58,q_arm2,trees
iter05b_arm2,0,gb_eoh_2122r3,HP_Peak,XGBoost,size,netfit,direct,log,all,mape_n_excluded,0.0,30,58,q_arm2,trees
iter05b_arm2,0,gb_eoh_2122r3,HP_Peak,XGBoost,size,netfit,direct,log,all,wape_train,37.8287386326194,30,58,q_arm2,trees
iter05b_arm2,0,gb_eoh_2122r3,HP_Peak,XGBoost,size,netfit,direct,log,all,wape_inner,38.29771664874363,30,58,q_arm2,trees
iter05b_arm2,0,gb_eoh_2122r3,HP_Peak,XGBoost,size,netfit,direct,log,all,n_train_sub,111.0,30,58,q_arm2,trees
iter05b_arm2,0,gb_eoh_2122r3,HP_Peak,XGBoost,size,netfit,direct,log,all,n_inner_sub,90.0,30,58,q_arm2,trees
iter05b_arm2,0,gb_eoh_2122r3,HP_Peak,XGBoost,size,netfit,direct,log,all,n_test_sub,30.0,30,58,q_arm2,trees
iter05b_arm2,0,gb_eoh_2122r3,HP_Peak,XGBoost,size,netfit,direct,log,all,n_overlap_sub,0.0,30,58,q_arm2,trees
iter05b_arm2,0,gb_eoh_2122r3,HP_Peak,XGBoost,size,netfit,direct,log,pbin<=15,wape,42.31837152342621,22,34,q_arm2,trees
iter05b_arm2,0,gb_eoh_2122r3,HP_Peak,XGBoost,size,netfit,direct,log,pbin<=15,rmse,3.2900782849622305,22,34,q_arm2,trees
iter05b_arm2,0,gb_eoh_2122r3,HP_Peak,XGBoost,size,netfit,direct,log,pbin<=15,mae,2.422938743428722,22,34,q_arm2,trees
iter05b_arm2,0,gb_eoh_2122r3,HP_Peak,XGBoost,size,netfit,direct,log,pbin<=15,mape,64.68532452257351,22,34,q_arm2,trees
iter05b_arm2,0,gb_eoh_2122r3,HP_Peak,XGBoost,size,netfit,direct,log,pbin<=15,r2,0.35225020480626845,22,34,q_arm2,trees
iter05b_arm2,0,gb_eoh_2122r3,HP_Peak,XGBoost,size,netfit,direct,log,pbin<=15,n_pred_nan,0.0,22,34,q_arm2,trees
iter05b_arm2,0,gb_eoh_2122r3,HP_Peak,XGBoost,size,netfit,direct,log,pbin<=15,mape_n_excluded,0.0,22,34,q_arm2,trees
iter05b_arm2,0,gb_eoh_2122r3,HP_Peak,XGBoost,size,netfit,direct,log,pbin35-65,wape,52.03717441611778,8,43,q_arm2,trees
iter05b_arm2,0,gb_eoh_2122r3,HP_Peak,XGBoost,size,netfit,direct,log,pbin35-65,rmse,27.124360522937632,8,43,q_arm2,trees
iter05b_arm2,0,gb_eoh_2122r3,HP_Peak,XGBoost,size,netfit,direct,log,pbin35-65,mae,15.977453839123392,8,43,q_arm2,trees
iter05b_arm2,0,gb_eoh_2122r3,HP_Peak,XGBoost,size,netfit,direct,log,pbin35-65,mape,33.33869351439546,8,43,q_arm2,trees
iter05b_arm2,0,gb_eoh_2122r3,HP_Peak,XGBoost,size,netfit,direct,log,pbin35-65,r2,-0.221333018931686,8,43,q_arm2,trees
iter05b_arm2,0,gb_eoh_2122r3,HP_Peak,XGBoost,size,netfit,direct,log,pbin35-65,n_pred_nan,0.0,8,43,q_arm2,trees
iter05b_arm2,0,gb_eoh_2122r3,HP_Peak,XGBoost,size,netfit,direct,log,pbin35-65,mape_n_excluded,0.0,8,43,q_arm2,trees
iter05b_arm2,0,gb_eoh_2122r3,HP_Peak,XGBoost,size,netfit,direct,log,p0.1|n10,wape,67.61934901914323,16,15,q_arm2,trees
iter05b_arm2,0,gb_eoh_2122r3,HP_Peak,XGBoost,size,netfit,direct,log,p0.1|n10,rmse,3.055858124130216,16,15,q_arm2,trees
iter05b_arm2,0,gb_eoh_2122r3,HP_Peak,XGBoost,size,netfit,direct,log,p0.1|n10,mae,2.2246107303946934,16,15,q_arm2,trees
iter05b_arm2,0,gb_eoh_2122r3,HP_Peak,XGBoost,size,netfit,direct,log,p0.1|n10,mape,79.21760497320977,16,15,q_arm2,trees
iter05b_arm2,0,gb_eoh_2122r3,HP_Peak,XGBoost,size,netfit,direct,log,p0.1|n10,r2,-13.629485902427938,16,15,q_arm2,trees
iter05b_arm2,0,gb_eoh_2122r3,HP_Peak,XGBoost,size,netfit,direct,log,p0.1|n10,n_pred_nan,0.0,16,15,q_arm2,trees
iter05b_arm2,0,gb_eoh_2122r3,HP_Peak,XGBoost,size,netfit,direct,log,p0.1|n10,mape_n_excluded,0.0,16,15,q_arm2,trees
iter05b_arm2,0,gb_eoh_2122r3,HP_Peak,XGBoost,size,netfit,direct,log,p0.1|n40,wape,24.15474352157935,6,22,q_arm2,trees
iter05b_arm2,0,gb_eoh_2122r3,HP_Peak,XGBoost,size,netfit,direct,log,p0.1|n40,rmse,3.8455435391493085,6,22,q_arm2,trees
iter05b_arm2,0,gb_eoh_2122r3,HP_Peak,XGBoost,size,netfit,direct,log,p0.1|n40,mae,2.951813444852798,6,22,q_arm2,trees
iter05b_arm2,0,gb_eoh_2122r3,HP_Peak,XGBoost,size,netfit,direct,log,p0.1|n40,mape,25.93257665421012,6,22,q_arm2,trees
iter05b_arm2,0,gb_eoh_2122r3,HP_Peak,XGBoost,size,netfit,direct,log,p0.1|n40,r2,-8.426840932715244,6,22,q_arm2,trees
iter05b_arm2,0,gb_eoh_2122r3,HP_Peak,XGBoost,size,netfit,direct,log,p0.1|n40,n_pred_nan,0.0,6,22,q_arm2,trees
iter05b_arm2,0,gb_eoh_2122r3,HP_Peak,XGBoost,size,netfit,direct,log,p0.1|n40,mape_n_excluded,0.0,6,22,q_arm2,trees
iter05b_arm2,0,gb_eoh_2122r3,HP_Peak,XGBoost,size,netfit,direct,log,p0.5|n10,wape,20.50240375740549,6,24,q_arm2,trees
iter05b_arm2,0,gb_eoh_2122r3,HP_Peak,XGBoost,size,netfit,direct,log,p0.5|n10,rmse,4.376317213699943,6,24,q_arm2,trees
iter05b_arm2,0,gb_eoh_2122r3,HP_Peak,XGBoost,size,netfit,direct,log,p0.5|n10,mae,3.397757886926397,6,24,q_arm2,trees
iter05b_arm2,0,gb_eoh_2122r3,HP_Peak,XGBoost,size,netfit,direct,log,p0.5|n10,mape,19.956453425447705,6,24,q_arm2,trees
iter05b_arm2,0,gb_eoh_2122r3,HP_Peak,XGBoost,size,netfit,direct,log,p0.5|n10,r2,-3.3431907861811743,6,24,q_arm2,trees
iter05b_arm2,0,gb_eoh_2122r3,HP_Peak,XGBoost,size,netfit,direct,log,p0.5|n10,n_pred_nan,0.0,6,24,q_arm2,trees
iter05b_arm2,0,gb_eoh_2122r3,HP_Peak,XGBoost,size,netfit,direct,log,p0.5|n10,mape_n_excluded,0.0,6,24,q_arm2,trees
iter05b_arm2,0,gb_eoh_2122r3,HP_Peak,XGBoost,size,netfit,direct,log,p0.5|n40,wape,73.48541589661399,2,28,q_arm2,trees
iter05b_arm2,0,gb_eoh_2122r3,HP_Peak,XGBoost,size,netfit,direct,log,p0.5|n40,rmse,53.716545663774866,2,28,q_arm2,trees
iter05b_arm2,0,gb_eoh_2122r3,HP_Peak,XGBoost,size,netfit,direct,log,p0.5|n40,mae,53.716541695714376,2,28,q_arm2,trees
iter05b_arm2,0,gb_eoh_2122r3,HP_Peak,XGBoost,size,netfit,direct,log,p0.5|n40,mape,73.48541378123873,2,28,q_arm2,trees
iter05b_arm2,0,gb_eoh_2122r3,HP_Peak,XGBoost,size,netfit,direct,log,p0.5|n40,r2,-6768614.0108346045,2,28,q_arm2,trees
iter05b_arm2,0,gb_eoh_2122r3,HP_Peak,XGBoost,size,netfit,direct,log,p0.5|n40,n_pred_nan,0.0,2,28,q_arm2,trees
iter05b_arm2,0,gb_eoh_2122r3,HP_Peak,XGBoost,size,netfit,direct,log,p0.5|n40,mape_n_excluded,0.0,2,28,q_arm2,trees
iter05b_arm2,0,gb_eoh_2122r3,HP_Peak,RandomForest,size,netfit,direct,log,all,wape,25.14652825972489,30,58,q_arm2,trees
iter05b_arm2,0,gb_eoh_2122r3,HP_Peak,RandomForest,size,netfit,direct,log,all,rmse,5.302525395213848,30,58,q_arm2,trees
iter05b_arm2,0,gb_eoh_2122r3,HP_Peak,RandomForest,size,netfit,direct,log,all,mae,3.1147529454113987,30,58,q_arm2,trees
iter05b_arm2,0,gb_eoh_2122r3,HP_Peak,RandomForest,size,netfit,direct,log,all,mape,35.97833288804409,30,58,q_arm2,trees
iter05b_arm2,0,gb_eoh_2122r3,HP_Peak,RandomForest,size,netfit,direct,log,all,r2,0.9046585554617829,30,58,q_arm2,trees
iter05b_arm2,0,gb_eoh_2122r3,HP_Peak,RandomForest,size,netfit,direct,log,all,n_pred_nan,0.0,30,58,q_arm2,trees
iter05b_arm2,0,gb_eoh_2122r3,HP_Peak,RandomForest,size,netfit,direct,log,all,mape_n_excluded,0.0,30,58,q_arm2,trees
iter05b_arm2,0,gb_eoh_2122r3,HP_Peak,RandomForest,size,netfit,direct,log,all,wape_train,14.096604278796859,30,58,q_arm2,trees
iter05b_arm2,0,gb_eoh_2122r3,HP_Peak,RandomForest,size,netfit,direct,log,all,wape_inner,17.76948457812492,30,58,q_arm2,trees
iter05b_arm2,0,gb_eoh_2122r3,HP_Peak,RandomForest,size,netfit,direct,log,all,n_train_sub,111.0,30,58,q_arm2,trees
iter05b_arm2,0,gb_eoh_2122r3,HP_Peak,RandomForest,size,netfit,direct,log,all,n_inner_sub,90.0,30,58,q_arm2,trees
iter05b_arm2,0,gb_eoh_2122r3,HP_Peak,RandomForest,size,netfit,direct,log,all,n_test_sub,30.0,30,58,q_arm2,trees
iter05b_arm2,0,gb_eoh_2122r3,HP_Peak,RandomForest,size,netfit,direct,log,all,n_overlap_sub,0.0,30,58,q_arm2,trees
iter05b_arm2,0,gb_eoh_2122r3,HP_Peak,RandomForest,size,netfit,direct,log,pbin<=15,wape,34.33756699963189,22,34,q_arm2,trees
iter05b_arm2,0,gb_eoh_2122r3,HP_Peak,RandomForest,size,netfit,direct,log,pbin<=15,rmse,3.182006307778692,22,34,q_arm2,trees
iter05b_arm2,0,gb_eoh_2122r3,HP_Peak,RandomForest,size,netfit,direct,log,pbin<=15,mae,1.965997708405007,22,34,q_arm2,trees
iter05b_arm2,0,gb_eoh_2122r3,HP_Peak,RandomForest,size,netfit,direct,log,pbin<=15,mape,42.25656255102143,22,34,q_arm2,trees
iter05b_arm2,0,gb_eoh_2122r3,HP_Peak,RandomForest,size,netfit,direct,log,pbin<=15,r2,0.39410566321826135,22,34,q_arm2,trees
iter05b_arm2,0,gb_eoh_2122r3,HP_Peak,RandomForest,size,netfit,direct,log,pbin<=15,n_pred_nan,0.0,22,34,q_arm2,trees
iter05b_arm2,0,gb_eoh_2122r3,HP_Peak,RandomForest,size,netfit,direct,log,pbin<=15,mape_n_excluded,0.0,22,34,q_arm2,trees
iter05b_arm2,0,gb_eoh_2122r3,HP_Peak,RandomForest,size,netfit,direct,log,pbin35-65,wape,20.433316929088992,8,43,q_arm2,trees
iter05b_arm2,0,gb_eoh_2122r3,HP_Peak,RandomForest,size,netfit,direct,log,pbin35-65,rmse,8.808729022014743,8,43,q_arm2,trees
iter05b_arm2,0,gb_eoh_2122r3,HP_Peak,RandomForest,size,netfit,direct,log,pbin35-65,mae,6.273829847178975,8,43,q_arm2,trees
iter05b_arm2,0,gb_eoh_2122r3,HP_Peak,RandomForest,size,netfit,direct,log,pbin35-65,mape,18.713201314856427,8,43,q_arm2,trees
iter05b_arm2,0,gb_eoh_2122r3,HP_Peak,RandomForest,size,netfit,direct,log,pbin35-65,r2,0.8711923720356267,8,43,q_arm2,trees
iter05b_arm2,0,gb_eoh_2122r3,HP_Peak,RandomForest,size,netfit,direct,log,pbin35-65,n_pred_nan,0.0,8,43,q_arm2,trees
iter05b_arm2,0,gb_eoh_2122r3,HP_Peak,RandomForest,size,netfit,direct,log,pbin35-65,mape_n_excluded,0.0,8,43,q_arm2,trees
iter05b_arm2,0,gb_eoh_2122r3,HP_Peak,RandomForest,size,netfit,direct,log,p0.1|n10,wape,42.96628206137785,16,15,q_arm2,trees
iter05b_arm2,0,gb_eoh_2122r3,HP_Peak,RandomForest,size,netfit,direct,log,p0.1|n10,rmse,2.528289417414912,16,15,q_arm2,trees
iter05b_arm2,0,gb_eoh_2122r3,HP_Peak,RandomForest,size,netfit,direct,log,p0.1|n10,mae,1.4135488363226671,16,15,q_arm2,trees
iter05b_arm2,0,gb_eoh_2122r3,HP_Peak,RandomForest,size,netfit,direct,log,p0.1|n10,mape,46.7519701237629,16,15,q_arm2,trees
iter05b_arm2,0,gb_eoh_2122r3,HP_Peak,RandomForest,size,netfit,direct,log,p0.1|n10,r2,-9.014200079055238,16,15,q_arm2,trees
iter05b_arm2,0,gb_eoh_2122r3,HP_Peak,RandomForest,size,netfit,direct,log,p0.1|n10,n_pred_nan,0.0,16,15,q_arm2,trees
iter05b_arm2,0,gb_eoh_2122r3,HP_Peak,RandomForest,size,netfit,direct,log,p0.1|n10,mape_n_excluded,0.0,16,15,q_arm2,trees
iter05b_arm2,0,gb_eoh_2122r3,HP_Peak,RandomForest,size,netfit,direct,log,p0.1|n40,wape,28.142993270533157,6,22,q_arm2,trees
iter05b_arm2,0,gb_eoh_2122r3,HP_Peak,RandomForest,size,netfit,direct,log,p0.1|n40,rmse,4.481027655366543,6,22,q_arm2,trees
iter05b_arm2,0,gb_eoh_2122r3,HP_Peak,RandomForest,size,netfit,direct,log,p0.1|n40,mae,3.4391947006245793,6,22,q_arm2,trees
iter05b_arm2,0,gb_eoh_2122r3,HP_Peak,RandomForest,size,netfit,direct,log,p0.1|n40,mape,30.268809023710848,6,22,q_arm2,trees
iter05b_arm2,0,gb_eoh_2122r3,HP_Peak,RandomForest,size,netfit,direct,log,p0.1|n40,r2,-11.79988187718839,6,22,q_arm2,trees
iter05b_arm2,0,gb_eoh_2122r3,HP_Peak,RandomForest,size,netfit,direct,log,p0.1|n40,n_pred_nan,0.0,6,22,q_arm2,trees
iter05b_arm2,0,gb_eoh_2122r3,HP_Peak,RandomForest,size,netfit,direct,log,p0.1|n40,mape_n_excluded,0.0,6,22,q_arm2,trees
iter05b_arm2,0,gb_eoh_2122r3,HP_Peak,RandomForest,size,netfit,direct,log,p0.5|n10,wape,17.791175203358815,6,24,q_arm2,trees
iter05b_arm2,0,gb_eoh_2122r3,HP_Peak,RandomForest,size,netfit,direct,log,p0.5|n10,rmse,3.9184761294754713,6,24,q_arm2,trees
iter05b_arm2,0,gb_eoh_2122r3,HP_Peak,RandomForest,size,netfit,direct,log,p0.5|n10,mae,2.948439928321435,6,24,q_arm2,trees
iter05b_arm2,0,gb_eoh_2122r3,HP_Peak,RandomForest,size,netfit,direct,log,p0.5|n10,mape,17.54087926470845,6,24,q_arm2,trees
iter05b_arm2,0,gb_eoh_2122r3,HP_Peak,RandomForest,size,netfit,direct,log,p0.5|n10,r2,-2.48197565562876,6,24,q_arm2,trees
iter05b_arm2,0,gb_eoh_2122r3,HP_Peak,RandomForest,size,netfit,direct,log,p0.5|n10,n_pred_nan,0.0,6,24,q_arm2,trees
iter05b_arm2,0,gb_eoh_2122r3,HP_Peak,RandomForest,size,netfit,direct,log,p0.5|n10,mape_n_excluded,0.0,6,24,q_arm2,trees
iter05b_arm2,0,gb_eoh_2122r3,HP_Peak,RandomForest,size,netfit,direct,log,p0.5|n40,wape,22.23035849861439,2,28,q_arm2,trees
iter05b_arm2,0,gb_eoh_2122r3,HP_Peak,RandomForest,size,netfit,direct,log,p0.5|n40,rmse,16.25765857684716,2,28,q_arm2,trees
iter05b_arm2,0,gb_eoh_2122r3,HP_Peak,RandomForest,size,netfit,direct,log,p0.5|n40,mae,16.249999603751593,2,28,q_arm2,trees
iter05b_arm2,0,gb_eoh_2122r3,HP_Peak,RandomForest,size,netfit,direct,log,p0.5|n40,mape,22.230167465300372,2,28,q_arm2,trees
iter05b_arm2,0,gb_eoh_2122r3,HP_Peak,RandomForest,size,netfit,direct,log,p0.5|n40,r2,-620010.374086803,2,28,q_arm2,trees
iter05b_arm2,0,gb_eoh_2122r3,HP_Peak,RandomForest,size,netfit,direct,log,p0.5|n40,n_pred_nan,0.0,2,28,q_arm2,trees
iter05b_arm2,0,gb_eoh_2122r3,HP_Peak,RandomForest,size,netfit,direct,log,p0.5|n40,mape_n_excluded,0.0,2,28,q_arm2,trees
iter05b_arm2,0,gb_eoh_2122r3,HP_Peak,ExtraTrees,size,netfit,direct,log,all,wape,21.108791137619427,30,58,q_arm2,trees
iter05b_arm2,0,gb_eoh_2122r3,HP_Peak,ExtraTrees,size,netfit,direct,log,all,rmse,3.8678819162479776,30,58,q_arm2,trees
iter05b_arm2,0,gb_eoh_2122r3,HP_Peak,ExtraTrees,size,netfit,direct,log,all,mae,2.6146221335562387,30,58,q_arm2,trees
iter05b_arm2,0,gb_eoh_2122r3,HP_Peak,ExtraTrees,size,netfit,direct,log,all,mape,31.975130012080676,30,58,q_arm2,trees
iter05b_arm2,0,gb_eoh_2122r3,HP_Peak,ExtraTrees,size,netfit,direct,log,all,r2,0.9492702610786309,30,58,q_arm2,trees
iter05b_arm2,0,gb_eoh_2122r3,HP_Peak,ExtraTrees,size,netfit,direct,log,all,n_pred_nan,0.0,30,58,q_arm2,trees
iter05b_arm2,0,gb_eoh_2122r3,HP_Peak,ExtraTrees,size,netfit,direct,log,all,mape_n_excluded,0.0,30,58,q_arm2,trees
iter05b_arm2,0,gb_eoh_2122r3,HP_Peak,ExtraTrees,size,netfit,direct,log,all,wape_train,11.683086124030035,30,58,q_arm2,trees
iter05b_arm2,0,gb_eoh_2122r3,HP_Peak,ExtraTrees,size,netfit,direct,log,all,wape_inner,20.323837629038056,30,58,q_arm2,trees
iter05b_arm2,0,gb_eoh_2122r3,HP_Peak,ExtraTrees,size,netfit,direct,log,all,n_train_sub,111.0,30,58,q_arm2,trees
iter05b_arm2,0,gb_eoh_2122r3,HP_Peak,ExtraTrees,size,netfit,direct,log,all,n_inner_sub,90.0,30,58,q_arm2,trees
iter05b_arm2,0,gb_eoh_2122r3,HP_Peak,ExtraTrees,size,netfit,direct,log,all,n_test_sub,30.0,30,58,q_arm2,trees
iter05b_arm2,0,gb_eoh_2122r3,HP_Peak,ExtraTrees,size,netfit,direct,log,all,n_overlap_sub,0.0,30,58,q_arm2,trees
iter05b_arm2,0,gb_eoh_2122r3,HP_Peak,ExtraTrees,size,netfit,direct,log,pbin<=15,wape,30.879501925833175,22,34,q_arm2,trees
iter05b_arm2,0,gb_eoh_2122r3,HP_Peak,ExtraTrees,size,netfit,direct,log,pbin<=15,rmse,2.6598518903818333,22,34,q_arm2,trees
iter05b_arm2,0,gb_eoh_2122r3,HP_Peak,ExtraTrees,size,netfit,direct,log,pbin<=15,mae,1.7680061614012097,22,34,q_arm2,trees
iter05b_arm2,0,gb_eoh_2122r3,HP_Peak,ExtraTrees,size,netfit,direct,log,pbin<=15,mape,37.16432151086432,22,34,q_arm2,trees
iter05b_arm2,0,gb_eoh_2122r3,HP_Peak,ExtraTrees,size,netfit,direct,log,pbin<=15,r2,0.5766400907789118,22,34,q_arm2,trees
iter05b_arm2,0,gb_eoh_2122r3,HP_Peak,ExtraTrees,size,netfit,direct,log,pbin<=15,n_pred_nan,0.0,22,34,q_arm2,trees
iter05b_arm2,0,gb_eoh_2122r3,HP_Peak,ExtraTrees,size,netfit,direct,log,pbin<=15,mape_n_excluded,0.0,22,34,q_arm2,trees
iter05b_arm2,0,gb_eoh_2122r3,HP_Peak,ExtraTrees,size,netfit,direct,log,pbin35-65,wape,16.098321037496515,8,43,q_arm2,trees
iter05b_arm2,0,gb_eoh_2122r3,HP_Peak,ExtraTrees,size,netfit,direct,log,pbin35-65,rmse,6.0536089422782755,8,43,q_arm2,trees
iter05b_arm2,0,gb_eoh_2122r3,HP_Peak,ExtraTrees,size,netfit,direct,log,pbin35-65,mae,4.942816056982569,8,43,q_arm2,trees
iter05b_arm2,0,gb_eoh_2122r3,HP_Peak,ExtraTrees,size,netfit,direct,log,pbin35-65,mape,17.70485339042569,8,43,q_arm2,trees
iter05b_arm2,0,gb_eoh_2122r3,HP_Peak,ExtraTrees,size,netfit,direct,log,pbin35-65,r2,0.9391663594742997,8,43,q_arm2,trees
iter05b_arm2,0,gb_eoh_2122r3,HP_Peak,ExtraTrees,size,netfit,direct,log,pbin35-65,n_pred_nan,0.0,8,43,q_arm2,trees
iter05b_arm2,0,gb_eoh_2122r3,HP_Peak,ExtraTrees,size,netfit,direct,log,pbin35-65,mape_n_excluded,0.0,8,43,q_arm2,trees
iter05b_arm2,0,gb_eoh_2122r3,HP_Peak,ExtraTrees,size,netfit,direct,log,p0.1|n10,wape,36.6293187672456,16,15,q_arm2,trees
iter05b_arm2,0,gb_eoh_2122r3,HP_Peak,ExtraTrees,size,netfit,direct,log,p0.1|n10,rmse,1.7734431390666765,16,15,q_arm2,trees
iter05b_arm2,0,gb_eoh_2122r3,HP_Peak,ExtraTrees,size,netfit,direct,log,p0.1|n10,mae,1.2050689153128844,16,15,q_arm2,trees
iter05b_arm2,0,gb_eoh_2122r3,HP_Peak,ExtraTrees,size,netfit,direct,log,p0.1|n10,mape,40.294125530706474,16,15,q_arm2,trees
iter05b_arm2,0,gb_eoh_2122r3,HP_Peak,ExtraTrees,size,netfit,direct,log,p0.1|n10,r2,-3.9271663764255784,16,15,q_arm2,trees
iter05b_arm2,0,gb_eoh_2122r3,HP_Peak,ExtraTrees,size,netfit,direct,log,p0.1|n10,n_pred_nan,0.0,16,15,q_arm2,trees
iter05b_arm2,0,gb_eoh_2122r3,HP_Peak,ExtraTrees,size,netfit,direct,log,p0.1|n10,mape_n_excluded,0.0,16,15,q_arm2,trees
iter05b_arm2,0,gb_eoh_2122r3,HP_Peak,ExtraTrees,size,netfit,direct,log,p0.1|n40,wape,26.751695630449994,6,22,q_arm2,trees
iter05b_arm2,0,gb_eoh_2122r3,HP_Peak,ExtraTrees,size,netfit,direct,log,p0.1|n40,rmse,4.189754500621112,6,22,q_arm2,trees
iter05b_arm2,0,gb_eoh_2122r3,HP_Peak,ExtraTrees,size,netfit,direct,log,p0.1|n40,mae,3.2691721509700797,6,22,q_arm2,trees
iter05b_arm2,0,gb_eoh_2122r3,HP_Peak,ExtraTrees,size,netfit,direct,log,p0.1|n40,mape,28.818177457951904,6,22,q_arm2,trees
iter05b_arm2,0,gb_eoh_2122r3,HP_Peak,ExtraTrees,size,netfit,direct,log,p0.1|n40,r2,-10.189942776887431,6,22,q_arm2,trees
iter05b_arm2,0,gb_eoh_2122r3,HP_Peak,ExtraTrees,size,netfit,direct,log,p0.1|n40,n_pred_nan,0.0,6,22,q_arm2,trees
iter05b_arm2,0,gb_eoh_2122r3,HP_Peak,ExtraTrees,size,netfit,direct,log,p0.1|n40,mape_n_excluded,0.0,6,22,q_arm2,trees
iter05b_arm2,0,gb_eoh_2122r3,HP_Peak,ExtraTrees,size,netfit,direct,log,p0.5|n10,wape,19.167011868934363,6,24,q_arm2,trees
iter05b_arm2,0,gb_eoh_2122r3,HP_Peak,ExtraTrees,size,netfit,direct,log,p0.5|n10,rmse,3.6949136259335336,6,24,q_arm2,trees
iter05b_arm2,0,gb_eoh_2122r3,HP_Peak,ExtraTrees,size,netfit,direct,log,p0.5|n10,mae,3.1764502600316042,6,24,q_arm2,trees
iter05b_arm2,0,gb_eoh_2122r3,HP_Peak,ExtraTrees,size,netfit,direct,log,p0.5|n10,mape,18.936192958285684,6,24,q_arm2,trees
iter05b_arm2,0,gb_eoh_2122r3,HP_Peak,ExtraTrees,size,netfit,direct,log,p0.5|n10,r2,-2.095992504627004,6,24,q_arm2,trees
iter05b_arm2,0,gb_eoh_2122r3,HP_Peak,ExtraTrees,size,netfit,direct,log,p0.5|n10,n_pred_nan,0.0,6,24,q_arm2,trees
iter05b_arm2,0,gb_eoh_2122r3,HP_Peak,ExtraTrees,size,netfit,direct,log,p0.5|n10,mape_n_excluded,0.0,6,24,q_arm2,trees
iter05b_arm2,0,gb_eoh_2122r3,HP_Peak,ExtraTrees,size,netfit,direct,log,p0.5|n40,wape,14.011163889788522,2,28,q_arm2,trees
iter05b_arm2,0,gb_eoh_2122r3,HP_Peak,ExtraTrees,size,netfit,direct,log,p0.5|n40,rmse,10.277527173148126,2,28,q_arm2,trees
iter05b_arm2,0,gb_eoh_2122r3,HP_Peak,ExtraTrees,size,netfit,direct,log,p0.5|n40,mae,10.241913447835465,2,28,q_arm2,trees
iter05b_arm2,0,gb_eoh_2122r3,HP_Peak,ExtraTrees,size,netfit,direct,log,p0.5|n40,mape,14.010834686845703,2,28,q_arm2,trees
iter05b_arm2,0,gb_eoh_2122r3,HP_Peak,ExtraTrees,size,netfit,direct,log,p0.5|n40,r2,-247775.96356741711,2,28,q_arm2,trees
iter05b_arm2,0,gb_eoh_2122r3,HP_Peak,ExtraTrees,size,netfit,direct,log,p0.5|n40,n_pred_nan,0.0,2,28,q_arm2,trees
iter05b_arm2,0,gb_eoh_2122r3,HP_Peak,ExtraTrees,size,netfit,direct,log,p0.5|n40,mape_n_excluded,0.0,2,28,q_arm2,trees
iter05b_arm2,0,gb_eoh_2122r3,HP_Peak,XGBoost,size,netfit,residual,log,all,wape,35.21167323761443,30,58,q_arm2,trees
iter05b_arm2,0,gb_eoh_2122r3,HP_Peak,XGBoost,size,netfit,residual,log,all,rmse,7.185542986139291,30,58,q_arm2,trees
iter05b_arm2,0,gb_eoh_2122r3,HP_Peak,XGBoost,size,netfit,residual,log,all,mae,4.361463411447603,30,58,q_arm2,trees
iter05b_arm2,0,gb_eoh_2122r3,HP_Peak,XGBoost,size,netfit,residual,log,all,mape,39.20255809545517,30,58,q_arm2,trees
iter05b_arm2,0,gb_eoh_2122r3,HP_Peak,XGBoost,size,netfit,residual,log,all,r2,0.8249204599301865,30,58,q_arm2,trees
iter05b_arm2,0,gb_eoh_2122r3,HP_Peak,XGBoost,size,netfit,residual,log,all,n_pred_nan,0.0,30,58,q_arm2,trees
iter05b_arm2,0,gb_eoh_2122r3,HP_Peak,XGBoost,size,netfit,residual,log,all,mape_n_excluded,0.0,30,58,q_arm2,trees
iter05b_arm2,0,gb_eoh_2122r3,HP_Peak,XGBoost,size,netfit,residual,log,all,n_invalid,0.0,30,58,q_arm2,trees
iter05b_arm2,0,gb_eoh_2122r3,HP_Peak,XGBoost,size,netfit,residual,log,all,n_resid_excluded_train,0.0,30,58,q_arm2,trees
iter05b_arm2,0,gb_eoh_2122r3,HP_Peak,XGBoost,size,netfit,residual,log,all,n_resid_excluded_inner,0.0,30,58,q_arm2,trees
iter05b_arm2,0,gb_eoh_2122r3,HP_Peak,XGBoost,size,netfit,residual,log,all,wape_train,29.792439957785632,30,58,q_arm2,trees
iter05b_arm2,0,gb_eoh_2122r3,HP_Peak,XGBoost,size,netfit,residual,log,all,wape_inner,34.06009892606073,30,58,q_arm2,trees
iter05b_arm2,0,gb_eoh_2122r3,HP_Peak,XGBoost,size,netfit,residual,log,all,n_train_sub,111.0,30,58,q_arm2,trees
iter05b_arm2,0,gb_eoh_2122r3,HP_Peak,XGBoost,size,netfit,residual,log,all,n_inner_sub,90.0,30,58,q_arm2,trees
iter05b_arm2,0,gb_eoh_2122r3,HP_Peak,XGBoost,size,netfit,residual,log,all,n_test_sub,30.0,30,58,q_arm2,trees
iter05b_arm2,0,gb_eoh_2122r3,HP_Peak,XGBoost,size,netfit,residual,log,all,n_overlap_sub,0.0,30,58,q_arm2,trees
iter05b_arm2,0,gb_eoh_2122r3,HP_Peak,XGBoost,size,netfit,residual,log,pbin<=15,wape,43.52681916324085,22,34,q_arm2,trees
iter05b_arm2,0,gb_eoh_2122r3,HP_Peak,XGBoost,size,netfit,residual,log,pbin<=15,rmse,4.1984055886338885,22,34,q_arm2,trees
iter05b_arm2,0,gb_eoh_2122r3,HP_Peak,XGBoost,size,netfit,residual,log,pbin<=15,mae,2.4921284239505974,22,34,q_arm2,trees
iter05b_arm2,0,gb_eoh_2122r3,HP_Peak,XGBoost,size,netfit,residual,log,pbin<=15,mape,41.936854392183456,22,34,q_arm2,trees
iter05b_arm2,0,gb_eoh_2122r3,HP_Peak,XGBoost,size,netfit,residual,log,pbin<=15,r2,-0.05478417081190301,22,34,q_arm2,trees
iter05b_arm2,0,gb_eoh_2122r3,HP_Peak,XGBoost,size,netfit,residual,log,pbin<=15,n_pred_nan,0.0,22,34,q_arm2,trees
iter05b_arm2,0,gb_eoh_2122r3,HP_Peak,XGBoost,size,netfit,residual,log,pbin<=15,mape_n_excluded,0.0,22,34,q_arm2,trees
iter05b_arm2,0,gb_eoh_2122r3,HP_Peak,XGBoost,size,netfit,residual,log,pbin35-65,wape,30.94762418923125,8,43,q_arm2,trees
iter05b_arm2,0,gb_eoh_2122r3,HP_Peak,XGBoost,size,netfit,residual,log,pbin35-65,rmse,12.047693925928716,8,43,q_arm2,trees
iter05b_arm2,0,gb_eoh_2122r3,HP_Peak,XGBoost,size,netfit,residual,log,pbin35-65,mae,9.502134627064367,8,43,q_arm2,trees
iter05b_arm2,0,gb_eoh_2122r3,HP_Peak,XGBoost,size,netfit,residual,log,pbin35-65,mape,31.683243279452377,8,43,q_arm2,trees
iter05b_arm2,0,gb_eoh_2122r3,HP_Peak,XGBoost,size,netfit,residual,log,pbin35-65,r2,0.7590522176472043,8,43,q_arm2,trees
iter05b_arm2,0,gb_eoh_2122r3,HP_Peak,XGBoost,size,netfit,residual,log,pbin35-65,n_pred_nan,0.0,8,43,q_arm2,trees
iter05b_arm2,0,gb_eoh_2122r3,HP_Peak,XGBoost,size,netfit,residual,log,pbin35-65,mape_n_excluded,0.0,8,43,q_arm2,trees
iter05b_arm2,0,gb_eoh_2122r3,HP_Peak,XGBoost,size,netfit,residual,log,p0.1|n10,wape,39.700405658343755,16,15,q_arm2,trees
iter05b_arm2,0,gb_eoh_2122r3,HP_Peak,XGBoost,size,netfit,residual,log,p0.1|n10,rmse,1.9739388500044768,16,15,q_arm2,trees
iter05b_arm2,0,gb_eoh_2122r3,HP_Peak,XGBoost,size,netfit,residual,log,p0.1|n10,mae,1.3061046831960874,16,15,q_arm2,trees
iter05b_arm2,0,gb_eoh_2122r3,HP_Peak,XGBoost,size,netfit,residual,log,p0.1|n10,mape,39.62130454234173,16,15,q_arm2,trees
iter05b_arm2,0,gb_eoh_2122r3,HP_Peak,XGBoost,size,netfit,residual,log,p0.1|n10,r2,-5.104218627033633,16,15,q_arm2,trees
iter05b_arm2,0,gb_eoh_2122r3,HP_Peak,XGBoost,size,netfit,residual,log,p0.1|n10,n_pred_nan,0.0,16,15,q_arm2,trees
iter05b_arm2,0,gb_eoh_2122r3,HP_Peak,XGBoost,size,netfit,residual,log,p0.1|n10,mape_n_excluded,0.0,16,15,q_arm2,trees
iter05b_arm2,0,gb_eoh_2122r3,HP_Peak,XGBoost,size,netfit,residual,log,p0.1|n40,wape,46.273809926580284,6,22,q_arm2,trees
iter05b_arm2,0,gb_eoh_2122r3,HP_Peak,XGBoost,size,netfit,residual,log,p0.1|n40,rmse,7.364808838545166,6,22,q_arm2,trees
iter05b_arm2,0,gb_eoh_2122r3,HP_Peak,XGBoost,size,netfit,residual,log,p0.1|n40,mae,5.654858399295956,6,22,q_arm2,trees
iter05b_arm2,0,gb_eoh_2122r3,HP_Peak,XGBoost,size,netfit,residual,log,p0.1|n40,mape,48.111653991761386,6,22,q_arm2,trees
iter05b_arm2,0,gb_eoh_2122r3,HP_Peak,XGBoost,size,netfit,residual,log,p0.1|n40,r2,-33.5759141197809,6,22,q_arm2,trees
iter05b_arm2,0,gb_eoh_2122r3,HP_Peak,XGBoost,size,netfit,residual,log,p0.1|n40,n_pred_nan,0.0,6,22,q_arm2,trees
iter05b_arm2,0,gb_eoh_2122r3,HP_Peak,XGBoost,size,netfit,residual,log,p0.1|n40,mape_n_excluded,0.0,6,22,q_arm2,trees
iter05b_arm2,0,gb_eoh_2122r3,HP_Peak,XGBoost,size,netfit,residual,log,p0.5|n10,wape,32.6996339585809,6,24,q_arm2,trees
iter05b_arm2,0,gb_eoh_2122r3,HP_Peak,XGBoost,size,netfit,residual,log,p0.5|n10,rmse,5.700185707527388,6,24,q_arm2,trees
iter05b_arm2,0,gb_eoh_2122r3,HP_Peak,XGBoost,size,netfit,residual,log,p0.5|n10,mae,5.419142091680011,6,24,q_arm2,trees
iter05b_arm2,0,gb_eoh_2122r3,HP_Peak,XGBoost,size,netfit,residual,log,p0.5|n10,mape,32.32606352536808,6,24,q_arm2,trees
iter05b_arm2,0,gb_eoh_2122r3,HP_Peak,XGBoost,size,netfit,residual,log,p0.5|n10,r2,-6.368334430424526,6,24,q_arm2,trees
iter05b_arm2,0,gb_eoh_2122r3,HP_Peak,XGBoost,size,netfit,residual,log,p0.5|n10,n_pred_nan,0.0,6,24,q_arm2,trees
iter05b_arm2,0,gb_eoh_2122r3,HP_Peak,XGBoost,size,netfit,residual,log,p0.5|n10,mape_n_excluded,0.0,6,24,q_arm2,trees
iter05b_arm2,0,gb_eoh_2122r3,HP_Peak,XGBoost,size,netfit,residual,log,p0.5|n40,wape,29.75600212177163,2,28,q_arm2,trees
iter05b_arm2,0,gb_eoh_2122r3,HP_Peak,XGBoost,size,netfit,residual,log,p0.5|n40,rmse,21.97979445833241,2,28,q_arm2,trees
iter05b_arm2,0,gb_eoh_2122r3,HP_Peak,XGBoost,size,netfit,residual,log,p0.5|n40,mae,21.751112233217434,2,28,q_arm2,trees
iter05b_arm2,0,gb_eoh_2122r3,HP_Peak,XGBoost,size,netfit,residual,log,p0.5|n40,mape,29.75478254170527,2,28,q_arm2,trees
iter05b_arm2,0,gb_eoh_2122r3,HP_Peak,XGBoost,size,netfit,residual,log,p0.5|n40,r2,-1133262.5299891552,2,28,q_arm2,trees
iter05b_arm2,0,gb_eoh_2122r3,HP_Peak,XGBoost,size,netfit,residual,log,p0.5|n40,n_pred_nan,0.0,2,28,q_arm2,trees
iter05b_arm2,0,gb_eoh_2122r3,HP_Peak,XGBoost,size,netfit,residual,log,p0.5|n40,mape_n_excluded,0.0,2,28,q_arm2,trees
iter05b_arm2,0,gb_eoh_2122r3,HP_Peak,RandomForest,size,netfit,residual,log,all,wape,18.935278885713803,30,58,q_arm2,trees
iter05b_arm2,0,gb_eoh_2122r3,HP_Peak,RandomForest,size,netfit,residual,log,all,rmse,3.478726131929141,30,58,q_arm2,trees
iter05b_arm2,0,gb_eoh_2122r3,HP_Peak,RandomForest,size,netfit,residual,log,all,mae,2.345401920786205,30,58,q_arm2,trees
iter05b_arm2,0,gb_eoh_2122r3,HP_Peak,RandomForest,size,netfit,residual,log,all,mape,28.331371222907553,30,58,q_arm2,trees
iter05b_arm2,0,gb_eoh_2122r3,HP_Peak,RandomForest,size,netfit,residual,log,all,r2,0.9589647869455042,30,58,q_arm2,trees
iter05b_arm2,0,gb_eoh_2122r3,HP_Peak,RandomForest,size,netfit,residual,log,all,n_pred_nan,0.0,30,58,q_arm2,trees
iter05b_arm2,0,gb_eoh_2122r3,HP_Peak,RandomForest,size,netfit,residual,log,all,mape_n_excluded,0.0,30,58,q_arm2,trees
iter05b_arm2,0,gb_eoh_2122r3,HP_Peak,RandomForest,size,netfit,residual,log,all,n_invalid,0.0,30,58,q_arm2,trees
iter05b_arm2,0,gb_eoh_2122r3,HP_Peak,RandomForest,size,netfit,residual,log,all,n_resid_excluded_train,0.0,30,58,q_arm2,trees
iter05b_arm2,0,gb_eoh_2122r3,HP_Peak,RandomForest,size,netfit,residual,log,all,n_resid_excluded_inner,0.0,30,58,q_arm2,trees
iter05b_arm2,0,gb_eoh_2122r3,HP_Peak,RandomForest,size,netfit,residual,log,all,wape_train,12.632018043929591,30,58,q_arm2,trees
iter05b_arm2,0,gb_eoh_2122r3,HP_Peak,RandomForest,size,netfit,residual,log,all,wape_inner,21.805869585127933,30,58,q_arm2,trees
iter05b_arm2,0,gb_eoh_2122r3,HP_Peak,RandomForest,size,netfit,residual,log,all,n_train_sub,111.0,30,58,q_arm2,trees
iter05b_arm2,0,gb_eoh_2122r3,HP_Peak,RandomForest,size,netfit,residual,log,all,n_inner_sub,90.0,30,58,q_arm2,trees
iter05b_arm2,0,gb_eoh_2122r3,HP_Peak,RandomForest,size,netfit,residual,log,all,n_test_sub,30.0,30,58,q_arm2,trees
iter05b_arm2,0,gb_eoh_2122r3,HP_Peak,RandomForest,size,netfit,residual,log,all,n_overlap_sub,0.0,30,58,q_arm2,trees
iter05b_arm2,0,gb_eoh_2122r3,HP_Peak,RandomForest,size,netfit,residual,log,pbin<=15,wape,30.957187494018147,22,34,q_arm2,trees
iter05b_arm2,0,gb_eoh_2122r3,HP_Peak,RandomForest,size,netfit,residual,log,pbin<=15,rmse,3.193845089160475,22,34,q_arm2,trees
iter05b_arm2,0,gb_eoh_2122r3,HP_Peak,RandomForest,size,netfit,residual,log,pbin<=15,mae,1.7724540493086272,22,34,q_arm2,trees
iter05b_arm2,0,gb_eoh_2122r3,HP_Peak,RandomForest,size,netfit,residual,log,pbin<=15,mape,32.1887825339003,22,34,q_arm2,trees
iter05b_arm2,0,gb_eoh_2122r3,HP_Peak,RandomForest,size,netfit,residual,log,pbin<=15,r2,0.38958876808422827,22,34,q_arm2,trees
iter05b_arm2,0,gb_eoh_2122r3,HP_Peak,RandomForest,size,netfit,residual,log,pbin<=15,n_pred_nan,0.0,22,34,q_arm2,trees
iter05b_arm2,0,gb_eoh_2122r3,HP_Peak,RandomForest,size,netfit,residual,log,pbin<=15,mape_n_excluded,0.0,22,34,q_arm2,trees
iter05b_arm2,0,gb_eoh_2122r3,HP_Peak,RandomForest,size,netfit,residual,log,pbin35-65,wape,12.77038311364979,8,43,q_arm2,trees
iter05b_arm2,0,gb_eoh_2122r3,HP_Peak,RandomForest,size,netfit,residual,log,pbin35-65,rmse,4.162809193483439,8,43,q_arm2,trees
iter05b_arm2,0,gb_eoh_2122r3,HP_Peak,RandomForest,size,netfit,residual,log,pbin35-65,mae,3.9210085673495447,8,43,q_arm2,trees
iter05b_arm2,0,gb_eoh_2122r3,HP_Peak,RandomForest,size,netfit,residual,log,pbin35-65,mape,17.7234901176775,8,43,q_arm2,trees
iter05b_arm2,0,gb_eoh_2122r3,HP_Peak,RandomForest,size,netfit,residual,log,pbin35-65,r2,0.9712334292980264,8,43,q_arm2,trees
iter05b_arm2,0,gb_eoh_2122r3,HP_Peak,RandomForest,size,netfit,residual,log,pbin35-65,n_pred_nan,0.0,8,43,q_arm2,trees
iter05b_arm2,0,gb_eoh_2122r3,HP_Peak,RandomForest,size,netfit,residual,log,pbin35-65,mape_n_excluded,0.0,8,43,q_arm2,trees
iter05b_arm2,0,gb_eoh_2122r3,HP_Peak,RandomForest,size,netfit,residual,log,p0.1|n10,wape,30.210969601593764,16,15,q_arm2,trees
iter05b_arm2,0,gb_eoh_2122r3,HP_Peak,RandomForest,size,netfit,residual,log,p0.1|n10,rmse,1.281425892964599,16,15,q_arm2,trees
iter05b_arm2,0,gb_eoh_2122r3,HP_Peak,RandomForest,size,netfit,residual,log,p0.1|n10,mae,0.9939114783892212,16,15,q_arm2,trees
iter05b_arm2,0,gb_eoh_2122r3,HP_Peak,RandomForest,size,netfit,residual,log,p0.1|n10,mape,31.50971822579368,16,15,q_arm2,trees
iter05b_arm2,0,gb_eoh_2122r3,HP_Peak,RandomForest,size,netfit,residual,log,p0.1|n10,r2,-1.5724662221919634,16,15,q_arm2,trees
iter05b_arm2,0,gb_eoh_2122r3,HP_Peak,RandomForest,size,netfit,residual,log,p0.1|n10,n_pred_nan,0.0,16,15,q_arm2,trees
iter05b_arm2,0,gb_eoh_2122r3,HP_Peak,RandomForest,size,netfit,residual,log,p0.1|n10,mape_n_excluded,0.0,16,15,q_arm2,trees
iter05b_arm2,0,gb_eoh_2122r3,HP_Peak,RandomForest,size,netfit,residual,log,p0.1|n40,wape,31.492898978233065,6,22,q_arm2,trees
iter05b_arm2,0,gb_eoh_2122r3,HP_Peak,RandomForest,size,netfit,residual,log,p0.1|n40,rmse,5.74661327611949,6,22,q_arm2,trees
iter05b_arm2,0,gb_eoh_2122r3,HP_Peak,RandomForest,size,netfit,residual,log,p0.1|n40,mae,3.8485675717603756,6,22,q_arm2,trees
iter05b_arm2,0,gb_eoh_2122r3,HP_Peak,RandomForest,size,netfit,residual,log,p0.1|n40,mape,33.99962068885127,6,22,q_arm2,trees
iter05b_arm2,0,gb_eoh_2122r3,HP_Peak,RandomForest,size,netfit,residual,log,p0.1|n40,r2,-20.051093346471433,6,22,q_arm2,trees
iter05b_arm2,0,gb_eoh_2122r3,HP_Peak,RandomForest,size,netfit,residual,log,p0.1|n40,n_pred_nan,0.0,6,22,q_arm2,trees
iter05b_arm2,0,gb_eoh_2122r3,HP_Peak,RandomForest,size,netfit,residual,log,p0.1|n40,mape_n_excluded,0.0,6,22,q_arm2,trees
iter05b_arm2,0,gb_eoh_2122r3,HP_Peak,RandomForest,size,netfit,residual,log,p0.5|n10,wape,21.521595994446198,6,24,q_arm2,trees
iter05b_arm2,0,gb_eoh_2122r3,HP_Peak,RandomForest,size,netfit,residual,log,p0.5|n10,rmse,3.8442343140405226,6,24,q_arm2,trees
iter05b_arm2,0,gb_eoh_2122r3,HP_Peak,RandomForest,size,netfit,residual,log,p0.5|n10,mae,3.566663372481885,6,24,q_arm2,trees
iter05b_arm2,0,gb_eoh_2122r3,HP_Peak,RandomForest,size,netfit,residual,log,p0.5|n10,mape,21.358607468210487,6,24,q_arm2,trees
iter05b_arm2,0,gb_eoh_2122r3,HP_Peak,RandomForest,size,netfit,residual,log,p0.5|n10,r2,-2.3512823660310556,6,24,q_arm2,trees
iter05b_arm2,0,gb_eoh_2122r3,HP_Peak,RandomForest,size,netfit,residual,log,p0.5|n10,n_pred_nan,0.0,6,24,q_arm2,trees
iter05b_arm2,0,gb_eoh_2122r3,HP_Peak,RandomForest,size,netfit,residual,log,p0.5|n10,mape_n_excluded,0.0,6,24,q_arm2,trees
iter05b_arm2,0,gb_eoh_2122r3,HP_Peak,RandomForest,size,netfit,residual,log,p0.5|n40,wape,6.818282521388353,2,28,q_arm2,trees
iter05b_arm2,0,gb_eoh_2122r3,HP_Peak,RandomForest,size,netfit,residual,log,p0.5|n40,rmse,4.998150572127769,2,28,q_arm2,trees
iter05b_arm2,0,gb_eoh_2122r3,HP_Peak,RandomForest,size,netfit,residual,log,p0.5|n40,mae,4.984044151952524,2,28,q_arm2,trees
iter05b_arm2,0,gb_eoh_2122r3,HP_Peak,RandomForest,size,netfit,residual,log,p0.5|n40,mape,6.8181380660785535,2,28,q_arm2,trees
iter05b_arm2,0,gb_eoh_2122r3,HP_Peak,RandomForest,size,netfit,residual,log,p0.5|n40,r2,-58599.63604114544,2,28,q_arm2,trees
iter05b_arm2,0,gb_eoh_2122r3,HP_Peak,RandomForest,size,netfit,residual,log,p0.5|n40,n_pred_nan,0.0,2,28,q_arm2,trees
iter05b_arm2,0,gb_eoh_2122r3,HP_Peak,RandomForest,size,netfit,residual,log,p0.5|n40,mape_n_excluded,0.0,2,28,q_arm2,trees
iter05b_arm2,0,gb_eoh_2122r3,HP_Peak,ExtraTrees,size,netfit,residual,log,all,wape,17.953673939094,30,58,q_arm2,trees
iter05b_arm2,0,gb_eoh_2122r3,HP_Peak,ExtraTrees,size,netfit,residual,log,all,rmse,3.352841688345771,30,58,q_arm2,trees
iter05b_arm2,0,gb_eoh_2122r3,HP_Peak,ExtraTrees,size,netfit,residual,log,all,mae,2.2238162741658996,30,58,q_arm2,trees
iter05b_arm2,0,gb_eoh_2122r3,HP_Peak,ExtraTrees,size,netfit,residual,log,all,mape,28.313511078583968,30,58,q_arm2,trees
iter05b_arm2,0,gb_eoh_2122r3,HP_Peak,ExtraTrees,size,netfit,residual,log,all,r2,0.9618809289072952,30,58,q_arm2,trees
iter05b_arm2,0,gb_eoh_2122r3,HP_Peak,ExtraTrees,size,netfit,residual,log,all,n_pred_nan,0.0,30,58,q_arm2,trees
iter05b_arm2,0,gb_eoh_2122r3,HP_Peak,ExtraTrees,size,netfit,residual,log,all,mape_n_excluded,0.0,30,58,q_arm2,trees
iter05b_arm2,0,gb_eoh_2122r3,HP_Peak,ExtraTrees,size,netfit,residual,log,all,n_invalid,0.0,30,58,q_arm2,trees
iter05b_arm2,0,gb_eoh_2122r3,HP_Peak,ExtraTrees,size,netfit,residual,log,all,n_resid_excluded_train,0.0,30,58,q_arm2,trees
iter05b_arm2,0,gb_eoh_2122r3,HP_Peak,ExtraTrees,size,netfit,residual,log,all,n_resid_excluded_inner,0.0,30,58,q_arm2,trees
iter05b_arm2,0,gb_eoh_2122r3,HP_Peak,ExtraTrees,size,netfit,residual,log,all,wape_train,13.764463848274582,30,58,q_arm2,trees
iter05b_arm2,0,gb_eoh_2122r3,HP_Peak,ExtraTrees,size,netfit,residual,log,all,wape_inner,20.340195157073104,30,58,q_arm2,trees
iter05b_arm2,0,gb_eoh_2122r3,HP_Peak,ExtraTrees,size,netfit,residual,log,all,n_train_sub,111.0,30,58,q_arm2,trees
iter05b_arm2,0,gb_eoh_2122r3,HP_Peak,ExtraTrees,size,netfit,residual,log,all,n_inner_sub,90.0,30,58,q_arm2,trees
iter05b_arm2,0,gb_eoh_2122r3,HP_Peak,ExtraTrees,size,netfit,residual,log,all,n_test_sub,30.0,30,58,q_arm2,trees
iter05b_arm2,0,gb_eoh_2122r3,HP_Peak,ExtraTrees,size,netfit,residual,log,all,n_overlap_sub,0.0,30,58,q_arm2,trees
iter05b_arm2,0,gb_eoh_2122r3,HP_Peak,ExtraTrees,size,netfit,residual,log,pbin<=15,wape,31.05106129762683,22,34,q_arm2,trees
iter05b_arm2,0,gb_eoh_2122r3,HP_Peak,ExtraTrees,size,netfit,residual,log,pbin<=15,rmse,2.994118793788461,22,34,q_arm2,trees
iter05b_arm2,0,gb_eoh_2122r3,HP_Peak,ExtraTrees,size,netfit,residual,log,pbin<=15,mae,1.7778287947813018,22,34,q_arm2,trees
iter05b_arm2,0,gb_eoh_2122r3,HP_Peak,ExtraTrees,size,netfit,residual,log,pbin<=15,mape,32.93051757741151,22,34,q_arm2,trees
iter05b_arm2,0,gb_eoh_2122r3,HP_Peak,ExtraTrees,size,netfit,residual,log,pbin<=15,r2,0.46354552140914496,22,34,q_arm2,trees
iter05b_arm2,0,gb_eoh_2122r3,HP_Peak,ExtraTrees,size,netfit,residual,log,pbin<=15,n_pred_nan,0.0,22,34,q_arm2,trees
iter05b_arm2,0,gb_eoh_2122r3,HP_Peak,ExtraTrees,size,netfit,residual,log,pbin<=15,mape_n_excluded,0.0,22,34,q_arm2,trees
iter05b_arm2,0,gb_eoh_2122r3,HP_Peak,ExtraTrees,size,netfit,residual,log,pbin35-65,wape,11.237267203483952,8,43,q_arm2,trees
iter05b_arm2,0,gb_eoh_2122r3,HP_Peak,ExtraTrees,size,netfit,residual,log,pbin35-65,rmse,4.183628507114064,8,43,q_arm2,trees
iter05b_arm2,0,gb_eoh_2122r3,HP_Peak,ExtraTrees,size,netfit,residual,log,pbin35-65,mae,3.4502818424735446,8,43,q_arm2,trees
iter05b_arm2,0,gb_eoh_2122r3,HP_Peak,ExtraTrees,size,netfit,residual,log,pbin35-65,mape,15.616743206808238,8,43,q_arm2,trees
iter05b_arm2,0,gb_eoh_2122r3,HP_Peak,ExtraTrees,size,netfit,residual,log,pbin35-65,r2,0.9709449712596263,8,43,q_arm2,trees
iter05b_arm2,0,gb_eoh_2122r3,HP_Peak,ExtraTrees,size,netfit,residual,log,pbin35-65,n_pred_nan,0.0,8,43,q_arm2,trees
iter05b_arm2,0,gb_eoh_2122r3,HP_Peak,ExtraTrees,size,netfit,residual,log,pbin35-65,mape_n_excluded,0.0,8,43,q_arm2,trees
iter05b_arm2,0,gb_eoh_2122r3,HP_Peak,ExtraTrees,size,netfit,residual,log,p0.1|n10,wape,32.41328009425847,16,15,q_arm2,trees
iter05b_arm2,0,gb_eoh_2122r3,HP_Peak,ExtraTrees,size,netfit,residual,log,p0.1|n10,rmse,1.4261175270929338,16,15,q_arm2,trees
iter05b_arm2,0,gb_eoh_2122r3,HP_Peak,ExtraTrees,size,netfit,residual,log,p0.1|n10,mae,1.066365348837689,16,15,q_arm2,trees
iter05b_arm2,0,gb_eoh_2122r3,HP_Peak,ExtraTrees,size,netfit,residual,log,p0.1|n10,mape,33.18418217724031,16,15,q_arm2,trees
iter05b_arm2,0,gb_eoh_2122r3,HP_Peak,ExtraTrees,size,netfit,residual,log,p0.1|n10,r2,-2.18620214231315,16,15,q_arm2,trees
iter05b_arm2,0,gb_eoh_2122r3,HP_Peak,ExtraTrees,size,netfit,residual,log,p0.1|n10,n_pred_nan,0.0,16,15,q_arm2,trees
iter05b_arm2,0,gb_eoh_2122r3,HP_Peak,ExtraTrees,size,netfit,residual,log,p0.1|n10,mape_n_excluded,0.0,16,15,q_arm2,trees
iter05b_arm2,0,gb_eoh_2122r3,HP_Peak,ExtraTrees,size,netfit,residual,log,p0.1|n40,wape,30.073121394580443,6,22,q_arm2,trees
iter05b_arm2,0,gb_eoh_2122r3,HP_Peak,ExtraTrees,size,netfit,residual,log,p0.1|n40,rmse,5.239011715194532,6,22,q_arm2,trees
iter05b_arm2,0,gb_eoh_2122r3,HP_Peak,ExtraTrees,size,netfit,residual,log,p0.1|n40,mae,3.6750646506309366,6,22,q_arm2,trees
iter05b_arm2,0,gb_eoh_2122r3,HP_Peak,ExtraTrees,size,netfit,residual,log,p0.1|n40,mape,32.25407864453471,6,22,q_arm2,trees
iter05b_arm2,0,gb_eoh_2122r3,HP_Peak,ExtraTrees,size,netfit,residual,log,p0.1|n40,r2,-16.496430360569363,6,22,q_arm2,trees
iter05b_arm2,0,gb_eoh_2122r3,HP_Peak,ExtraTrees,size,netfit,residual,log,p0.1|n40,n_pred_nan,0.0,6,22,q_arm2,trees
iter05b_arm2,0,gb_eoh_2122r3,HP_Peak,ExtraTrees,size,netfit,residual,log,p0.1|n40,mape_n_excluded,0.0,6,22,q_arm2,trees
iter05b_arm2,0,gb_eoh_2122r3,HP_Peak,ExtraTrees,size,netfit,residual,log,p0.5|n10,wape,19.10071441627154,6,24,q_arm2,trees
iter05b_arm2,0,gb_eoh_2122r3,HP_Peak,ExtraTrees,size,netfit,residual,log,p0.5|n10,rmse,3.474864877537298,6,24,q_arm2,trees
iter05b_arm2,0,gb_eoh_2122r3,HP_Peak,ExtraTrees,size,netfit,residual,log,p0.5|n10,mae,3.1654631243116342,6,24,q_arm2,trees
iter05b_arm2,0,gb_eoh_2122r3,HP_Peak,ExtraTrees,size,netfit,residual,log,p0.5|n10,mape,18.859834978567104,6,24,q_arm2,trees
iter05b_arm2,0,gb_eoh_2122r3,HP_Peak,ExtraTrees,size,netfit,residual,log,p0.5|n10,r2,-1.7382125856927204,6,24,q_arm2,trees
iter05b_arm2,0,gb_eoh_2122r3,HP_Peak,ExtraTrees,size,netfit,residual,log,p0.5|n10,n_pred_nan,0.0,6,24,q_arm2,trees
iter05b_arm2,0,gb_eoh_2122r3,HP_Peak,ExtraTrees,size,netfit,residual,log,p0.5|n10,mape_n_excluded,0.0,6,24,q_arm2,trees
iter05b_arm2,0,gb_eoh_2122r3,HP_Peak,ExtraTrees,size,netfit,residual,log,p0.5|n40,wape,5.888976692215972,2,28,q_arm2,trees
iter05b_arm2,0,gb_eoh_2122r3,HP_Peak,ExtraTrees,size,netfit,residual,log,p0.5|n40,rmse,5.812652767086894,2,28,q_arm2,trees
iter05b_arm2,0,gb_eoh_2122r3,HP_Peak,ExtraTrees,size,netfit,residual,log,p0.5|n40,mae,4.304737996959275,2,28,q_arm2,trees
iter05b_arm2,0,gb_eoh_2122r3,HP_Peak,ExtraTrees,size,netfit,residual,log,p0.5|n40,mape,5.887467891531628,2,28,q_arm2,trees
iter05b_arm2,0,gb_eoh_2122r3,HP_Peak,ExtraTrees,size,netfit,residual,log,p0.5|n40,r2,-79255.04914530634,2,28,q_arm2,trees
iter05b_arm2,0,gb_eoh_2122r3,HP_Peak,ExtraTrees,size,netfit,residual,log,p0.5|n40,n_pred_nan,0.0,2,28,q_arm2,trees
iter05b_arm2,0,gb_eoh_2122r3,HP_Peak,ExtraTrees,size,netfit,residual,log,p0.5|n40,mape_n_excluded,0.0,2,28,q_arm2,trees
iter05b_arm2,0,gb_eoh_2122r3,HP_Peak,XGBoost,size,both,direct,log,all,wape,45.09061925704118,30,58,q_arm2,trees
iter05b_arm2,0,gb_eoh_2122r3,HP_Peak,XGBoost,size,both,direct,log,all,rmse,13.62688872332327,30,58,q_arm2,trees
iter05b_arm2,0,gb_eoh_2122r3,HP_Peak,XGBoost,size,both,direct,log,all,mae,5.585110504746452,30,58,q_arm2,trees
iter05b_arm2,0,gb_eoh_2122r3,HP_Peak,XGBoost,size,both,direct,log,all,mape,52.633410895468224,30,58,q_arm2,trees
iter05b_arm2,0,gb_eoh_2122r3,HP_Peak,XGBoost,size,both,direct,log,all,r2,0.3703348857929467,30,58,q_arm2,trees
iter05b_arm2,0,gb_eoh_2122r3,HP_Peak,XGBoost,size,both,direct,log,all,n_pred_nan,0.0,30,58,q_arm2,trees
iter05b_arm2,0,gb_eoh_2122r3,HP_Peak,XGBoost,size,both,direct,log,all,mape_n_excluded,0.0,30,58,q_arm2,trees
iter05b_arm2,0,gb_eoh_2122r3,HP_Peak,XGBoost,size,both,direct,log,all,wape_train,35.16323868960819,30,58,q_arm2,trees
iter05b_arm2,0,gb_eoh_2122r3,HP_Peak,XGBoost,size,both,direct,log,all,wape_inner,38.237624616217616,30,58,q_arm2,trees
iter05b_arm2,0,gb_eoh_2122r3,HP_Peak,XGBoost,size,both,direct,log,all,n_train_sub,111.0,30,58,q_arm2,trees
iter05b_arm2,0,gb_eoh_2122r3,HP_Peak,XGBoost,size,both,direct,log,all,n_inner_sub,90.0,30,58,q_arm2,trees
iter05b_arm2,0,gb_eoh_2122r3,HP_Peak,XGBoost,size,both,direct,log,all,n_test_sub,30.0,30,58,q_arm2,trees
iter05b_arm2,0,gb_eoh_2122r3,HP_Peak,XGBoost,size,both,direct,log,all,n_overlap_sub,0.0,30,58,q_arm2,trees
iter05b_arm2,0,gb_eoh_2122r3,HP_Peak,XGBoost,size,both,direct,log,pbin<=15,wape,37.01331801464456,22,34,q_arm2,trees
iter05b_arm2,0,gb_eoh_2122r3,HP_Peak,XGBoost,size,both,direct,log,pbin<=15,rmse,2.8707965794437804,22,34,q_arm2,trees
iter05b_arm2,0,gb_eoh_2122r3,HP_Peak,XGBoost,size,both,direct,log,pbin<=15,mae,2.1191978569138894,22,34,q_arm2,trees
iter05b_arm2,0,gb_eoh_2122r3,HP_Peak,XGBoost,size,both,direct,log,pbin<=15,mape,60.6349371026408,22,34,q_arm2,trees
iter05b_arm2,0,gb_eoh_2122r3,HP_Peak,XGBoost,size,both,direct,log,pbin<=15,r2,0.5068265810436998,22,34,q_arm2,trees
iter05b_arm2,0,gb_eoh_2122r3,HP_Peak,XGBoost,size,both,direct,log,pbin<=15,n_pred_nan,0.0,22,34,q_arm2,trees
iter05b_arm2,0,gb_eoh_2122r3,HP_Peak,XGBoost,size,both,direct,log,pbin<=15,mape_n_excluded,0.0,22,34,q_arm2,trees
iter05b_arm2,0,gb_eoh_2122r3,HP_Peak,XGBoost,size,both,direct,log,pbin35-65,wape,49.23270034427728,8,43,q_arm2,trees
iter05b_arm2,0,gb_eoh_2122r3,HP_Peak,XGBoost,size,both,direct,log,pbin35-65,rmse,25.955371511314944,8,43,q_arm2,trees
iter05b_arm2,0,gb_eoh_2122r3,HP_Peak,XGBoost,size,both,direct,log,pbin35-65,mae,15.116370286285994,8,43,q_arm2,trees
iter05b_arm2,0,gb_eoh_2122r3,HP_Peak,XGBoost,size,both,direct,log,pbin35-65,mape,30.629213825743705,8,43,q_arm2,trees
iter05b_arm2,0,gb_eoh_2122r3,HP_Peak,XGBoost,size,both,direct,log,pbin35-65,r2,-0.11832898512153522,8,43,q_arm2,trees
iter05b_arm2,0,gb_eoh_2122r3,HP_Peak,XGBoost,size,both,direct,log,pbin35-65,n_pred_nan,0.0,8,43,q_arm2,trees
iter05b_arm2,0,gb_eoh_2122r3,HP_Peak,XGBoost,size,both,direct,log,pbin35-65,mape_n_excluded,0.0,8,43,q_arm2,trees
iter05b_arm2,0,gb_eoh_2122r3,HP_Peak,XGBoost,size,both,direct,log,p0.1|n10,wape,65.02130765271433,16,15,q_arm2,trees
iter05b_arm2,0,gb_eoh_2122r3,HP_Peak,XGBoost,size,both,direct,log,p0.1|n10,rmse,2.897962432124285,16,15,q_arm2,trees
iter05b_arm2,0,gb_eoh_2122r3,HP_Peak,XGBoost,size,both,direct,log,p0.1|n10,mae,2.1391376995891056,16,15,q_arm2,trees
iter05b_arm2,0,gb_eoh_2122r3,HP_Peak,XGBoost,size,both,direct,log,p0.1|n10,mape,76.52880292002537,16,15,q_arm2,trees
iter05b_arm2,0,gb_eoh_2122r3,HP_Peak,XGBoost,size,both,direct,log,p0.1|n10,r2,-12.156736983533705,16,15,q_arm2,trees
iter05b_arm2,0,gb_eoh_2122r3,HP_Peak,XGBoost,size,both,direct,log,p0.1|n10,n_pred_nan,0.0,16,15,q_arm2,trees
iter05b_arm2,0,gb_eoh_2122r3,HP_Peak,XGBoost,size,both,direct,log,p0.1|n10,mape_n_excluded,0.0,16,15,q_arm2,trees
iter05b_arm2,0,gb_eoh_2122r3,HP_Peak,XGBoost,size,both,direct,log,p0.1|n40,wape,16.906319976659727,6,22,q_arm2,trees
iter05b_arm2,0,gb_eoh_2122r3,HP_Peak,XGBoost,size,both,direct,log,p0.1|n40,rmse,2.797064707985713,6,22,q_arm2,trees
iter05b_arm2,0,gb_eoh_2122r3,HP_Peak,XGBoost,size,both,direct,log,p0.1|n40,mae,2.0660249431133124,6,22,q_arm2,trees
iter05b_arm2,0,gb_eoh_2122r3,HP_Peak,XGBoost,size,both,direct,log,p0.1|n40,mape,18.25129492294861,6,22,q_arm2,trees
iter05b_arm2,0,gb_eoh_2122r3,HP_Peak,XGBoost,size,both,direct,log,p0.1|n40,r2,-3.9871880058766287,6,22,q_arm2,trees
iter05b_arm2,0,gb_eoh_2122r3,HP_Peak,XGBoost,size,both,direct,log,p0.1|n40,n_pred_nan,0.0,6,22,q_arm2,trees
iter05b_arm2,0,gb_eoh_2122r3,HP_Peak,XGBoost,size,both,direct,log,p0.1|n40,mape_n_excluded,0.0,6,22,q_arm2,trees
iter05b_arm2,0,gb_eoh_2122r3,HP_Peak,XGBoost,size,both,direct,log,p0.5|n10,wape,18.112571245470942,6,24,q_arm2,trees
iter05b_arm2,0,gb_eoh_2122r3,HP_Peak,XGBoost,size,both,direct,log,p0.5|n10,rmse,3.9393310717691947,6,24,q_arm2,trees
iter05b_arm2,0,gb_eoh_2122r3,HP_Peak,XGBoost,size,both,direct,log,p0.5|n10,mae,3.0017032407522506,6,24,q_arm2,trees
iter05b_arm2,0,gb_eoh_2122r3,HP_Peak,XGBoost,size,both,direct,log,p0.5|n10,mape,17.372644183622057,6,24,q_arm2,trees
iter05b_arm2,0,gb_eoh_2122r3,HP_Peak,XGBoost,size,both,direct,log,p0.5|n10,r2,-2.51913787825384,6,24,q_arm2,trees
iter05b_arm2,0,gb_eoh_2122r3,HP_Peak,XGBoost,size,both,direct,log,p0.5|n10,n_pred_nan,0.0,6,24,q_arm2,trees
iter05b_arm2,0,gb_eoh_2122r3,HP_Peak,XGBoost,size,both,direct,log,p0.5|n10,mape_n_excluded,0.0,6,24,q_arm2,trees
iter05b_arm2,0,gb_eoh_2122r3,HP_Peak,XGBoost,size,both,direct,log,p0.5|n40,wape,70.39892511372898,2,28,q_arm2,trees
iter05b_arm2,0,gb_eoh_2122r3,HP_Peak,XGBoost,size,both,direct,log,p0.5|n40,rmse,51.46037556491886,2,28,q_arm2,trees
iter05b_arm2,0,gb_eoh_2122r3,HP_Peak,XGBoost,size,both,direct,log,p0.5|n40,mae,51.46037142288723,2,28,q_arm2,trees
iter05b_arm2,0,gb_eoh_2122r3,HP_Peak,XGBoost,size,both,direct,log,p0.5|n40,mape,70.39892275210863,2,28,q_arm2,trees
iter05b_arm2,0,gb_eoh_2122r3,HP_Peak,XGBoost,size,both,direct,log,p0.5|n40,r2,-6211972.036040394,2,28,q_arm2,trees
iter05b_arm2,0,gb_eoh_2122r3,HP_Peak,XGBoost,size,both,direct,log,p0.5|n40,n_pred_nan,0.0,2,28,q_arm2,trees
iter05b_arm2,0,gb_eoh_2122r3,HP_Peak,XGBoost,size,both,direct,log,p0.5|n40,mape_n_excluded,0.0,2,28,q_arm2,trees
iter05b_arm2,0,gb_eoh_2122r3,HP_Peak,RandomForest,size,both,direct,log,all,wape,24.884852003953533,30,58,q_arm2,trees
iter05b_arm2,0,gb_eoh_2122r3,HP_Peak,RandomForest,size,both,direct,log,all,rmse,5.486426312893756,30,58,q_arm2,trees
iter05b_arm2,0,gb_eoh_2122r3,HP_Peak,RandomForest,size,both,direct,log,all,mae,3.082340642608015,30,58,q_arm2,trees
iter05b_arm2,0,gb_eoh_2122r3,HP_Peak,RandomForest,size,both,direct,log,all,mape,35.19676504603218,30,58,q_arm2,trees
iter05b_arm2,0,gb_eoh_2122r3,HP_Peak,RandomForest,size,both,direct,log,all,r2,0.897930658075071,30,58,q_arm2,trees
iter05b_arm2,0,gb_eoh_2122r3,HP_Peak,RandomForest,size,both,direct,log,all,n_pred_nan,0.0,30,58,q_arm2,trees
iter05b_arm2,0,gb_eoh_2122r3,HP_Peak,RandomForest,size,both,direct,log,all,mape_n_excluded,0.0,30,58,q_arm2,trees
iter05b_arm2,0,gb_eoh_2122r3,HP_Peak,RandomForest,size,both,direct,log,all,wape_train,13.07437967710544,30,58,q_arm2,trees
iter05b_arm2,0,gb_eoh_2122r3,HP_Peak,RandomForest,size,both,direct,log,all,wape_inner,16.990575457517725,30,58,q_arm2,trees
iter05b_arm2,0,gb_eoh_2122r3,HP_Peak,RandomForest,size,both,direct,log,all,n_train_sub,111.0,30,58,q_arm2,trees
iter05b_arm2,0,gb_eoh_2122r3,HP_Peak,RandomForest,size,both,direct,log,all,n_inner_sub,90.0,30,58,q_arm2,trees
iter05b_arm2,0,gb_eoh_2122r3,HP_Peak,RandomForest,size,both,direct,log,all,n_test_sub,30.0,30,58,q_arm2,trees
iter05b_arm2,0,gb_eoh_2122r3,HP_Peak,RandomForest,size,both,direct,log,all,n_overlap_sub,0.0,30,58,q_arm2,trees
iter05b_arm2,0,gb_eoh_2122r3,HP_Peak,RandomForest,size,both,direct,log,pbin<=15,wape,31.023295307812802,22,34,q_arm2,trees
iter05b_arm2,0,gb_eoh_2122r3,HP_Peak,RandomForest,size,both,direct,log,pbin<=15,rmse,2.813080326051545,22,34,q_arm2,trees
iter05b_arm2,0,gb_eoh_2122r3,HP_Peak,RandomForest,size,both,direct,log,pbin<=15,mae,1.7762390527839564,22,34,q_arm2,trees
iter05b_arm2,0,gb_eoh_2122r3,HP_Peak,RandomForest,size,both,direct,log,pbin<=15,mape,41.0026075195381,22,34,q_arm2,trees
iter05b_arm2,0,gb_eoh_2122r3,HP_Peak,RandomForest,size,both,direct,log,pbin<=15,r2,0.5264573637623211,22,34,q_arm2,trees
iter05b_arm2,0,gb_eoh_2122r3,HP_Peak,RandomForest,size,both,direct,log,pbin<=15,n_pred_nan,0.0,22,34,q_arm2,trees
iter05b_arm2,0,gb_eoh_2122r3,HP_Peak,RandomForest,size,both,direct,log,pbin<=15,mape_n_excluded,0.0,22,34,q_arm2,trees
iter05b_arm2,0,gb_eoh_2122r3,HP_Peak,RandomForest,size,both,direct,log,pbin35-65,wape,21.73702711158361,8,43,q_arm2,trees
iter05b_arm2,0,gb_eoh_2122r3,HP_Peak,RandomForest,size,both,direct,log,pbin35-65,rmse,9.545489447550526,8,43,q_arm2,trees
iter05b_arm2,0,gb_eoh_2122r3,HP_Peak,RandomForest,size,both,direct,log,pbin35-65,mae,6.674120014624175,8,43,q_arm2,trees
iter05b_arm2,0,gb_eoh_2122r3,HP_Peak,RandomForest,size,both,direct,log,pbin35-65,mape,19.23069824389087,8,43,q_arm2,trees
iter05b_arm2,0,gb_eoh_2122r3,HP_Peak,RandomForest,size,both,direct,log,pbin35-65,r2,0.8487443919193076,8,43,q_arm2,trees
iter05b_arm2,0,gb_eoh_2122r3,HP_Peak,RandomForest,size,both,direct,log,pbin35-65,n_pred_nan,0.0,8,43,q_arm2,trees
iter05b_arm2,0,gb_eoh_2122r3,HP_Peak,RandomForest,size,both,direct,log,pbin35-65,mape_n_excluded,0.0,8,43,q_arm2,trees
iter05b_arm2,0,gb_eoh_2122r3,HP_Peak,RandomForest,size,both,direct,log,p0.1|n10,wape,43.525842428965944,16,15,q_arm2,trees
iter05b_arm2,0,gb_eoh_2122r3,HP_Peak,RandomForest,size,both,direct,log,p0.1|n10,rmse,2.666507259705205,16,15,q_arm2,trees
iter05b_arm2,0,gb_eoh_2122r3,HP_Peak,RandomForest,size,both,direct,log,p0.1|n10,mae,1.4319578274782558,16,15,q_arm2,trees
iter05b_arm2,0,gb_eoh_2122r3,HP_Peak,RandomForest,size,both,direct,log,p0.1|n10,mape,47.54747230026031,16,15,q_arm2,trees
iter05b_arm2,0,gb_eoh_2122r3,HP_Peak,RandomForest,size,both,direct,log,p0.1|n10,r2,-10.139051997756235,16,15,q_arm2,trees
iter05b_arm2,0,gb_eoh_2122r3,HP_Peak,RandomForest,size,both,direct,log,p0.1|n10,n_pred_nan,0.0,16,15,q_arm2,trees
iter05b_arm2,0,gb_eoh_2122r3,HP_Peak,RandomForest,size,both,direct,log,p0.1|n10,mape_n_excluded,0.0,16,15,q_arm2,trees
iter05b_arm2,0,gb_eoh_2122r3,HP_Peak,RandomForest,size,both,direct,log,p0.1|n40,wape,22.0476889296549,6,22,q_arm2,trees
iter05b_arm2,0,gb_eoh_2122r3,HP_Peak,RandomForest,size,both,direct,log,p0.1|n40,rmse,3.1709905077392064,6,22,q_arm2,trees
iter05b_arm2,0,gb_eoh_2122r3,HP_Peak,RandomForest,size,both,direct,log,p0.1|n40,mae,2.694322320265823,6,22,q_arm2,trees
iter05b_arm2,0,gb_eoh_2122r3,HP_Peak,RandomForest,size,both,direct,log,p0.1|n40,mape,23.54963477094556,6,22,q_arm2,trees
iter05b_arm2,0,gb_eoh_2122r3,HP_Peak,RandomForest,size,both,direct,log,p0.1|n40,r2,-5.409742713079367,6,22,q_arm2,trees
iter05b_arm2,0,gb_eoh_2122r3,HP_Peak,RandomForest,size,both,direct,log,p0.1|n40,n_pred_nan,0.0,6,22,q_arm2,trees
iter05b_arm2,0,gb_eoh_2122r3,HP_Peak,RandomForest,size,both,direct,log,p0.1|n40,mape_n_excluded,0.0,6,22,q_arm2,trees
iter05b_arm2,0,gb_eoh_2122r3,HP_Peak,RandomForest,size,both,direct,log,p0.5|n10,wape,17.480107970302438,6,24,q_arm2,trees
iter05b_arm2,0,gb_eoh_2122r3,HP_Peak,RandomForest,size,both,direct,log,p0.5|n10,rmse,3.566930457483287,6,24,q_arm2,trees
iter05b_arm2,0,gb_eoh_2122r3,HP_Peak,RandomForest,size,both,direct,log,p0.5|n10,mae,2.8968883562722354,6,24,q_arm2,trees
iter05b_arm2,0,gb_eoh_2122r3,HP_Peak,RandomForest,size,both,direct,log,p0.5|n10,mape,17.42996001086253,6,24,q_arm2,trees
iter05b_arm2,0,gb_eoh_2122r3,HP_Peak,RandomForest,size,both,direct,log,p0.5|n10,r2,-1.885231093718987,6,24,q_arm2,trees
iter05b_arm2,0,gb_eoh_2122r3,HP_Peak,RandomForest,size,both,direct,log,p0.5|n10,n_pred_nan,0.0,6,24,q_arm2,trees
iter05b_arm2,0,gb_eoh_2122r3,HP_Peak,RandomForest,size,both,direct,log,p0.5|n10,mape_n_excluded,0.0,6,24,q_arm2,trees
iter05b_arm2,0,gb_eoh_2122r3,HP_Peak,RandomForest,size,both,direct,log,p0.5|n40,wape,24.632352740974863,2,28,q_arm2,trees
iter05b_arm2,0,gb_eoh_2122r3,HP_Peak,RandomForest,size,both,direct,log,p0.5|n40,rmse,18.063678930595174,2,28,q_arm2,trees
iter05b_arm2,0,gb_eoh_2122r3,HP_Peak,RandomForest,size,both,direct,log,p0.5|n40,mae,18.005814989679994,2,28,q_arm2,trees
iter05b_arm2,0,gb_eoh_2122r3,HP_Peak,RandomForest,size,both,direct,log,p0.5|n40,mape,24.632912942975885,2,28,q_arm2,trees
iter05b_arm2,0,gb_eoh_2122r3,HP_Peak,RandomForest,size,both,direct,log,p0.5|n40,r2,-765412.4153751502,2,28,q_arm2,trees
iter05b_arm2,0,gb_eoh_2122r3,HP_Peak,RandomForest,size,both,direct,log,p0.5|n40,n_pred_nan,0.0,2,28,q_arm2,trees
iter05b_arm2,0,gb_eoh_2122r3,HP_Peak,RandomForest,size,both,direct,log,p0.5|n40,mape_n_excluded,0.0,2,28,q_arm2,trees
iter05b_arm2,0,gb_eoh_2122r3,HP_Peak,ExtraTrees,size,both,direct,log,all,wape,20.058279153159695,30,58,q_arm2,trees
iter05b_arm2,0,gb_eoh_2122r3,HP_Peak,ExtraTrees,size,both,direct,log,all,rmse,3.776024168847434,30,58,q_arm2,trees
iter05b_arm2,0,gb_eoh_2122r3,HP_Peak,ExtraTrees,size,both,direct,log,all,mae,2.4845013763689914,30,58,q_arm2,trees
iter05b_arm2,0,gb_eoh_2122r3,HP_Peak,ExtraTrees,size,both,direct,log,all,mape,31.548434206590375,30,58,q_arm2,trees
iter05b_arm2,0,gb_eoh_2122r3,HP_Peak,ExtraTrees,size,both,direct,log,all,r2,0.9516511950254993,30,58,q_arm2,trees
iter05b_arm2,0,gb_eoh_2122r3,HP_Peak,ExtraTrees,size,both,direct,log,all,n_pred_nan,0.0,30,58,q_arm2,trees
iter05b_arm2,0,gb_eoh_2122r3,HP_Peak,ExtraTrees,size,both,direct,log,all,mape_n_excluded,0.0,30,58,q_arm2,trees
iter05b_arm2,0,gb_eoh_2122r3,HP_Peak,ExtraTrees,size,both,direct,log,all,wape_train,8.17376938957893,30,58,q_arm2,trees
iter05b_arm2,0,gb_eoh_2122r3,HP_Peak,ExtraTrees,size,both,direct,log,all,wape_inner,21.233378531425192,30,58,q_arm2,trees
iter05b_arm2,0,gb_eoh_2122r3,HP_Peak,ExtraTrees,size,both,direct,log,all,n_train_sub,111.0,30,58,q_arm2,trees
iter05b_arm2,0,gb_eoh_2122r3,HP_Peak,ExtraTrees,size,both,direct,log,all,n_inner_sub,90.0,30,58,q_arm2,trees
iter05b_arm2,0,gb_eoh_2122r3,HP_Peak,ExtraTrees,size,both,direct,log,all,n_test_sub,30.0,30,58,q_arm2,trees
iter05b_arm2,0,gb_eoh_2122r3,HP_Peak,ExtraTrees,size,both,direct,log,all,n_overlap_sub,0.0,30,58,q_arm2,trees
iter05b_arm2,0,gb_eoh_2122r3,HP_Peak,ExtraTrees,size,both,direct,log,pbin<=15,wape,27.96593214213308,22,34,q_arm2,trees
iter05b_arm2,0,gb_eoh_2122r3,HP_Peak,ExtraTrees,size,both,direct,log,pbin<=15,rmse,2.425107261725756,22,34,q_arm2,trees
iter05b_arm2,0,gb_eoh_2122r3,HP_Peak,ExtraTrees,size,both,direct,log,pbin<=15,mae,1.6011896971451995,22,34,q_arm2,trees
iter05b_arm2,0,gb_eoh_2122r3,HP_Peak,ExtraTrees,size,both,direct,log,pbin<=15,mape,36.45353430465716,22,34,q_arm2,trees
iter05b_arm2,0,gb_eoh_2122r3,HP_Peak,ExtraTrees,size,both,direct,log,pbin<=15,r2,0.6480696471738769,22,34,q_arm2,trees
iter05b_arm2,0,gb_eoh_2122r3,HP_Peak,ExtraTrees,size,both,direct,log,pbin<=15,n_pred_nan,0.0,22,34,q_arm2,trees
iter05b_arm2,0,gb_eoh_2122r3,HP_Peak,ExtraTrees,size,both,direct,log,pbin<=15,mape_n_excluded,0.0,22,34,q_arm2,trees
iter05b_arm2,0,gb_eoh_2122r3,HP_Peak,ExtraTrees,size,both,direct,log,pbin35-65,wape,16.003194551618428,8,43,q_arm2,trees
iter05b_arm2,0,gb_eoh_2122r3,HP_Peak,ExtraTrees,size,both,direct,log,pbin35-65,rmse,6.107020147260331,8,43,q_arm2,trees
iter05b_arm2,0,gb_eoh_2122r3,HP_Peak,ExtraTrees,size,both,direct,log,pbin35-65,mae,4.91360849423442,8,43,q_arm2,trees
iter05b_arm2,0,gb_eoh_2122r3,HP_Peak,ExtraTrees,size,both,direct,log,pbin35-65,mape,18.059408936906706,8,43,q_arm2,trees
iter05b_arm2,0,gb_eoh_2122r3,HP_Peak,ExtraTrees,size,both,direct,log,pbin35-65,r2,0.9380881491143473,8,43,q_arm2,trees
iter05b_arm2,0,gb_eoh_2122r3,HP_Peak,ExtraTrees,size,both,direct,log,pbin35-65,n_pred_nan,0.0,8,43,q_arm2,trees
iter05b_arm2,0,gb_eoh_2122r3,HP_Peak,ExtraTrees,size,both,direct,log,pbin35-65,mape_n_excluded,0.0,8,43,q_arm2,trees
iter05b_arm2,0,gb_eoh_2122r3,HP_Peak,ExtraTrees,size,both,direct,log,p0.1|n10,wape,37.067377168659604,16,15,q_arm2,trees
iter05b_arm2,0,gb_eoh_2122r3,HP_Peak,ExtraTrees,size,both,direct,log,p0.1|n10,rmse,1.877446939337825,16,15,q_arm2,trees
iter05b_arm2,0,gb_eoh_2122r3,HP_Peak,ExtraTrees,size,both,direct,log,p0.1|n10,mae,1.2194806101082492,16,15,q_arm2,trees
iter05b_arm2,0,gb_eoh_2122r3,HP_Peak,ExtraTrees,size,both,direct,log,p0.1|n10,mape,41.413983931548,16,15,q_arm2,trees
iter05b_arm2,0,gb_eoh_2122r3,HP_Peak,ExtraTrees,size,both,direct,log,p0.1|n10,r2,-4.522020746380847,16,15,q_arm2,trees
iter05b_arm2,0,gb_eoh_2122r3,HP_Peak,ExtraTrees,size,both,direct,log,p0.1|n10,n_pred_nan,0.0,16,15,q_arm2,trees
iter05b_arm2,0,gb_eoh_2122r3,HP_Peak,ExtraTrees,size,both,direct,log,p0.1|n10,mape_n_excluded,0.0,16,15,q_arm2,trees
iter05b_arm2,0,gb_eoh_2122r3,HP_Peak,ExtraTrees,size,both,direct,log,p0.1|n40,wape,21.431984520185615,6,22,q_arm2,trees
iter05b_arm2,0,gb_eoh_2122r3,HP_Peak,ExtraTrees,size,both,direct,log,p0.1|n40,rmse,3.4877949796107193,6,22,q_arm2,trees
iter05b_arm2,0,gb_eoh_2122r3,HP_Peak,ExtraTrees,size,both,direct,log,p0.1|n40,mae,2.6190805959104013,6,22,q_arm2,trees
iter05b_arm2,0,gb_eoh_2122r3,HP_Peak,ExtraTrees,size,both,direct,log,p0.1|n40,mape,23.225668632948185,6,22,q_arm2,trees
iter05b_arm2,0,gb_eoh_2122r3,HP_Peak,ExtraTrees,size,both,direct,log,p0.1|n40,r2,-6.754478742123611,6,22,q_arm2,trees
iter05b_arm2,0,gb_eoh_2122r3,HP_Peak,ExtraTrees,size,both,direct,log,p0.1|n40,n_pred_nan,0.0,6,22,q_arm2,trees
iter05b_arm2,0,gb_eoh_2122r3,HP_Peak,ExtraTrees,size,both,direct,log,p0.1|n40,mape_n_excluded,0.0,6,22,q_arm2,trees
iter05b_arm2,0,gb_eoh_2122r3,HP_Peak,ExtraTrees,size,both,direct,log,p0.5|n10,wape,18.895113146101004,6,24,q_arm2,trees
iter05b_arm2,0,gb_eoh_2122r3,HP_Peak,ExtraTrees,size,both,direct,log,p0.5|n10,rmse,3.823901633226276,6,24,q_arm2,trees
iter05b_arm2,0,gb_eoh_2122r3,HP_Peak,ExtraTrees,size,both,direct,log,p0.5|n10,mae,3.131389883654099,6,24,q_arm2,trees
iter05b_arm2,0,gb_eoh_2122r3,HP_Peak,ExtraTrees,size,both,direct,log,p0.5|n10,mape,19.400482179175285,6,24,q_arm2,trees
iter05b_arm2,0,gb_eoh_2122r3,HP_Peak,ExtraTrees,size,both,direct,log,p0.5|n10,r2,-2.3159253369008064,6,24,q_arm2,trees
iter05b_arm2,0,gb_eoh_2122r3,HP_Peak,ExtraTrees,size,both,direct,log,p0.5|n10,n_pred_nan,0.0,6,24,q_arm2,trees
iter05b_arm2,0,gb_eoh_2122r3,HP_Peak,ExtraTrees,size,both,direct,log,p0.5|n10,mape_n_excluded,0.0,6,24,q_arm2,trees
iter05b_arm2,0,gb_eoh_2122r3,HP_Peak,ExtraTrees,size,both,direct,log,p0.5|n40,wape,14.036268296543126,2,28,q_arm2,trees
iter05b_arm2,0,gb_eoh_2122r3,HP_Peak,ExtraTrees,size,both,direct,log,p0.5|n40,rmse,10.262363724522857,2,28,q_arm2,trees
iter05b_arm2,0,gb_eoh_2122r3,HP_Peak,ExtraTrees,size,both,direct,log,p0.5|n40,mae,10.260264325975381,2,28,q_arm2,trees
iter05b_arm2,0,gb_eoh_2122r3,HP_Peak,ExtraTrees,size,both,direct,log,p0.5|n40,mape,14.036189210100972,2,28,q_arm2,trees
iter05b_arm2,0,gb_eoh_2122r3,HP_Peak,ExtraTrees,size,both,direct,log,p0.5|n40,r2,-247045.3633860493,2,28,q_arm2,trees
iter05b_arm2,0,gb_eoh_2122r3,HP_Peak,ExtraTrees,size,both,direct,log,p0.5|n40,n_pred_nan,0.0,2,28,q_arm2,trees
iter05b_arm2,0,gb_eoh_2122r3,HP_Peak,ExtraTrees,size,both,direct,log,p0.5|n40,mape_n_excluded,0.0,2,28,q_arm2,trees
iter05b_arm2,0,gb_eoh_2122r3,HP_Peak,XGBoost,size,both,residual,log,all,wape,35.38204771446082,30,58,q_arm2,trees
iter05b_arm2,0,gb_eoh_2122r3,HP_Peak,XGBoost,size,both,residual,log,all,rmse,7.203494621264361,30,58,q_arm2,trees
iter05b_arm2,0,gb_eoh_2122r3,HP_Peak,XGBoost,size,both,residual,log,all,mae,4.382566698473914,30,58,q_arm2,trees
iter05b_arm2,0,gb_eoh_2122r3,HP_Peak,XGBoost,size,both,residual,log,all,mape,39.68961338286922,30,58,q_arm2,trees
iter05b_arm2,0,gb_eoh_2122r3,HP_Peak,XGBoost,size,both,residual,log,all,r2,0.8240445650787429,30,58,q_arm2,trees
iter05b_arm2,0,gb_eoh_2122r3,HP_Peak,XGBoost,size,both,residual,log,all,n_pred_nan,0.0,30,58,q_arm2,trees
iter05b_arm2,0,gb_eoh_2122r3,HP_Peak,XGBoost,size,both,residual,log,all,mape_n_excluded,0.0,30,58,q_arm2,trees
iter05b_arm2,0,gb_eoh_2122r3,HP_Peak,XGBoost,size,both,residual,log,all,n_invalid,0.0,30,58,q_arm2,trees
iter05b_arm2,0,gb_eoh_2122r3,HP_Peak,XGBoost,size,both,residual,log,all,n_resid_excluded_train,0.0,30,58,q_arm2,trees
iter05b_arm2,0,gb_eoh_2122r3,HP_Peak,XGBoost,size,both,residual,log,all,n_resid_excluded_inner,0.0,30,58,q_arm2,trees
iter05b_arm2,0,gb_eoh_2122r3,HP_Peak,XGBoost,size,both,residual,log,all,wape_train,29.75109973537979,30,58,q_arm2,trees
iter05b_arm2,0,gb_eoh_2122r3,HP_Peak,XGBoost,size,both,residual,log,all,wape_inner,34.184684713100346,30,58,q_arm2,trees
iter05b_arm2,0,gb_eoh_2122r3,HP_Peak,XGBoost,size,both,residual,log,all,n_train_sub,111.0,30,58,q_arm2,trees
iter05b_arm2,0,gb_eoh_2122r3,HP_Peak,XGBoost,size,both,residual,log,all,n_inner_sub,90.0,30,58,q_arm2,trees
iter05b_arm2,0,gb_eoh_2122r3,HP_Peak,XGBoost,size,both,residual,log,all,n_test_sub,30.0,30,58,q_arm2,trees
iter05b_arm2,0,gb_eoh_2122r3,HP_Peak,XGBoost,size,both,residual,log,all,n_overlap_sub,0.0,30,58,q_arm2,trees
iter05b_arm2,0,gb_eoh_2122r3,HP_Peak,XGBoost,size,both,residual,log,pbin<=15,wape,44.056534066105314,22,34,q_arm2,trees
iter05b_arm2,0,gb_eoh_2122r3,HP_Peak,XGBoost,size,both,residual,log,pbin<=15,rmse,4.237851062368653,22,34,q_arm2,trees
iter05b_arm2,0,gb_eoh_2122r3,HP_Peak,XGBoost,size,both,residual,log,pbin<=15,mae,2.522457255493924,22,34,q_arm2,trees
iter05b_arm2,0,gb_eoh_2122r3,HP_Peak,XGBoost,size,both,residual,log,pbin<=15,mape,42.631382388184896,22,34,q_arm2,trees
iter05b_arm2,0,gb_eoh_2122r3,HP_Peak,XGBoost,size,both,residual,log,pbin<=15,r2,-0.07469740405051928,22,34,q_arm2,trees
iter05b_arm2,0,gb_eoh_2122r3,HP_Peak,XGBoost,size,both,residual,log,pbin<=15,n_pred_nan,0.0,22,34,q_arm2,trees
iter05b_arm2,0,gb_eoh_2122r3,HP_Peak,XGBoost,size,both,residual,log,pbin<=15,mape_n_excluded,0.0,22,34,q_arm2,trees
iter05b_arm2,0,gb_eoh_2122r3,HP_Peak,XGBoost,size,both,residual,log,pbin35-65,wape,30.93372707116963,8,43,q_arm2,trees
iter05b_arm2,0,gb_eoh_2122r3,HP_Peak,XGBoost,size,both,residual,log,pbin35-65,rmse,12.04991518106827,8,43,q_arm2,trees
iter05b_arm2,0,gb_eoh_2122r3,HP_Peak,XGBoost,size,both,residual,log,pbin35-65,mae,9.497867666668885,8,43,q_arm2,trees
iter05b_arm2,0,gb_eoh_2122r3,HP_Peak,XGBoost,size,both,residual,log,pbin35-65,mape,31.599748618251077,8,43,q_arm2,trees
iter05b_arm2,0,gb_eoh_2122r3,HP_Peak,XGBoost,size,both,residual,log,pbin35-65,r2,0.758963361499015,8,43,q_arm2,trees
iter05b_arm2,0,gb_eoh_2122r3,HP_Peak,XGBoost,size,both,residual,log,pbin35-65,n_pred_nan,0.0,8,43,q_arm2,trees
iter05b_arm2,0,gb_eoh_2122r3,HP_Peak,XGBoost,size,both,residual,log,pbin35-65,mape_n_excluded,0.0,8,43,q_arm2,trees
iter05b_arm2,0,gb_eoh_2122r3,HP_Peak,XGBoost,size,both,residual,log,p0.1|n10,wape,40.492601007728815,16,15,q_arm2,trees
iter05b_arm2,0,gb_eoh_2122r3,HP_Peak,XGBoost,size,both,residual,log,p0.1|n10,rmse,2.019550856998131,16,15,q_arm2,trees
iter05b_arm2,0,gb_eoh_2122r3,HP_Peak,XGBoost,size,both,residual,log,p0.1|n10,mae,1.3321671386969802,16,15,q_arm2,trees
iter05b_arm2,0,gb_eoh_2122r3,HP_Peak,XGBoost,size,both,residual,log,p0.1|n10,mape,40.44213028348318,16,15,q_arm2,trees
iter05b_arm2,0,gb_eoh_2122r3,HP_Peak,XGBoost,size,both,residual,log,p0.1|n10,r2,-5.389579511283604,16,15,q_arm2,trees
iter05b_arm2,0,gb_eoh_2122r3,HP_Peak,XGBoost,size,both,residual,log,p0.1|n10,n_pred_nan,0.0,16,15,q_arm2,trees
iter05b_arm2,0,gb_eoh_2122r3,HP_Peak,XGBoost,size,both,residual,log,p0.1|n10,mape_n_excluded,0.0,16,15,q_arm2,trees
iter05b_arm2,0,gb_eoh_2122r3,HP_Peak,XGBoost,size,both,residual,log,p0.1|n40,wape,46.61508953325252,6,22,q_arm2,trees
iter05b_arm2,0,gb_eoh_2122r3,HP_Peak,XGBoost,size,both,residual,log,p0.1|n40,rmse,7.414501839480863,6,22,q_arm2,trees
iter05b_arm2,0,gb_eoh_2122r3,HP_Peak,XGBoost,size,both,residual,log,p0.1|n40,mae,5.696564233619107,6,22,q_arm2,trees
iter05b_arm2,0,gb_eoh_2122r3,HP_Peak,XGBoost,size,both,residual,log,p0.1|n40,mape,48.46938800072281,6,22,q_arm2,trees
iter05b_arm2,0,gb_eoh_2122r3,HP_Peak,XGBoost,size,both,residual,log,p0.1|n40,r2,-34.0440803848739,6,22,q_arm2,trees
iter05b_arm2,0,gb_eoh_2122r3,HP_Peak,XGBoost,size,both,residual,log,p0.1|n40,n_pred_nan,0.0,6,22,q_arm2,trees
iter05b_arm2,0,gb_eoh_2122r3,HP_Peak,XGBoost,size,both,residual,log,p0.1|n40,mape_n_excluded,0.0,6,22,q_arm2,trees
iter05b_arm2,0,gb_eoh_2122r3,HP_Peak,XGBoost,size,both,residual,log,p0.5|n10,wape,32.62534639854017,6,24,q_arm2,trees
iter05b_arm2,0,gb_eoh_2122r3,HP_Peak,XGBoost,size,both,residual,log,p0.5|n10,rmse,5.681359391595789,6,24,q_arm2,trees
iter05b_arm2,0,gb_eoh_2122r3,HP_Peak,XGBoost,size,both,residual,log,p0.5|n10,mae,5.406830796574542,6,24,q_arm2,trees
iter05b_arm2,0,gb_eoh_2122r3,HP_Peak,XGBoost,size,both,residual,log,p0.5|n10,mape,32.205678090894004,6,24,q_arm2,trees
iter05b_arm2,0,gb_eoh_2122r3,HP_Peak,XGBoost,size,both,residual,log,p0.5|n10,r2,-6.319743201214699,6,24,q_arm2,trees
iter05b_arm2,0,gb_eoh_2122r3,HP_Peak,XGBoost,size,both,residual,log,p0.5|n10,n_pred_nan,0.0,6,24,q_arm2,trees
iter05b_arm2,0,gb_eoh_2122r3,HP_Peak,XGBoost,size,both,residual,log,p0.5|n10,mape_n_excluded,0.0,6,24,q_arm2,trees
iter05b_arm2,0,gb_eoh_2122r3,HP_Peak,XGBoost,size,both,residual,log,p0.5|n40,wape,29.783179308536905,2,28,q_arm2,trees
iter05b_arm2,0,gb_eoh_2122r3,HP_Peak,XGBoost,size,both,residual,log,p0.5|n40,rmse,21.99927930352122,2,28,q_arm2,trees
iter05b_arm2,0,gb_eoh_2122r3,HP_Peak,XGBoost,size,both,residual,log,p0.5|n40,mae,21.77097827695192,2,28,q_arm2,trees
iter05b_arm2,0,gb_eoh_2122r3,HP_Peak,XGBoost,size,both,residual,log,p0.5|n40,mape,29.78196020032232,2,28,q_arm2,trees
iter05b_arm2,0,gb_eoh_2122r3,HP_Peak,XGBoost,size,both,residual,log,p0.5|n40,r2,-1135272.6718009084,2,28,q_arm2,trees
iter05b_arm2,0,gb_eoh_2122r3,HP_Peak,XGBoost,size,both,residual,log,p0.5|n40,n_pred_nan,0.0,2,28,q_arm2,trees
iter05b_arm2,0,gb_eoh_2122r3,HP_Peak,XGBoost,size,both,residual,log,p0.5|n40,mape_n_excluded,0.0,2,28,q_arm2,trees
iter05b_arm2,0,gb_eoh_2122r3,HP_Peak,RandomForest,size,both,residual,log,all,wape,18.092487243400114,30,58,q_arm2,trees
iter05b_arm2,0,gb_eoh_2122r3,HP_Peak,RandomForest,size,both,residual,log,all,rmse,3.1512163362441075,30,58,q_arm2,trees
iter05b_arm2,0,gb_eoh_2122r3,HP_Peak,RandomForest,size,both,residual,log,all,mae,2.2410102638882203,30,58,q_arm2,trees
iter05b_arm2,0,gb_eoh_2122r3,HP_Peak,RandomForest,size,both,residual,log,all,mape,28.139732841576137,30,58,q_arm2,trees
iter05b_arm2,0,gb_eoh_2122r3,HP_Peak,RandomForest,size,both,residual,log,all,r2,0.9663277100911845,30,58,q_arm2,trees
iter05b_arm2,0,gb_eoh_2122r3,HP_Peak,RandomForest,size,both,residual,log,all,n_pred_nan,0.0,30,58,q_arm2,trees
iter05b_arm2,0,gb_eoh_2122r3,HP_Peak,RandomForest,size,both,residual,log,all,mape_n_excluded,0.0,30,58,q_arm2,trees
iter05b_arm2,0,gb_eoh_2122r3,HP_Peak,RandomForest,size,both,residual,log,all,n_invalid,0.0,30,58,q_arm2,trees
iter05b_arm2,0,gb_eoh_2122r3,HP_Peak,RandomForest,size,both,residual,log,all,n_resid_excluded_train,0.0,30,58,q_arm2,trees
iter05b_arm2,0,gb_eoh_2122r3,HP_Peak,RandomForest,size,both,residual,log,all,n_resid_excluded_inner,0.0,30,58,q_arm2,trees
iter05b_arm2,0,gb_eoh_2122r3,HP_Peak,RandomForest,size,both,residual,log,all,wape_train,10.620836246897705,30,58,q_arm2,trees
iter05b_arm2,0,gb_eoh_2122r3,HP_Peak,RandomForest,size,both,residual,log,all,wape_inner,23.387439638341576,30,58,q_arm2,trees
iter05b_arm2,0,gb_eoh_2122r3,HP_Peak,RandomForest,size,both,residual,log,all,n_train_sub,111.0,30,58,q_arm2,trees
iter05b_arm2,0,gb_eoh_2122r3,HP_Peak,RandomForest,size,both,residual,log,all,n_inner_sub,90.0,30,58,q_arm2,trees
iter05b_arm2,0,gb_eoh_2122r3,HP_Peak,RandomForest,size,both,residual,log,all,n_test_sub,30.0,30,58,q_arm2,trees
iter05b_arm2,0,gb_eoh_2122r3,HP_Peak,RandomForest,size,both,residual,log,all,n_overlap_sub,0.0,30,58,q_arm2,trees
iter05b_arm2,0,gb_eoh_2122r3,HP_Peak,RandomForest,size,both,residual,log,pbin<=15,wape,30.650757606042184,22,34,q_arm2,trees
iter05b_arm2,0,gb_eoh_2122r3,HP_Peak,RandomForest,size,both,residual,log,pbin<=15,rmse,2.5605765072914966,22,34,q_arm2,trees
iter05b_arm2,0,gb_eoh_2122r3,HP_Peak,RandomForest,size,both,residual,log,pbin<=15,mae,1.7549094033075285,22,34,q_arm2,trees
iter05b_arm2,0,gb_eoh_2122r3,HP_Peak,RandomForest,size,both,residual,log,pbin<=15,mape,33.22539329008346,22,34,q_arm2,trees
iter05b_arm2,0,gb_eoh_2122r3,HP_Peak,RandomForest,size,both,residual,log,pbin<=15,r2,0.6076530019939606,22,34,q_arm2,trees
iter05b_arm2,0,gb_eoh_2122r3,HP_Peak,RandomForest,size,both,residual,log,pbin<=15,n_pred_nan,0.0,22,34,q_arm2,trees
iter05b_arm2,0,gb_eoh_2122r3,HP_Peak,RandomForest,size,both,residual,log,pbin<=15,mape_n_excluded,0.0,22,34,q_arm2,trees
iter05b_arm2,0,gb_eoh_2122r3,HP_Peak,RandomForest,size,both,residual,log,pbin35-65,wape,11.652542440491748,8,43,q_arm2,trees
iter05b_arm2,0,gb_eoh_2122r3,HP_Peak,RandomForest,size,both,residual,log,pbin35-65,rmse,4.3826474139654366,8,43,q_arm2,trees
iter05b_arm2,0,gb_eoh_2122r3,HP_Peak,RandomForest,size,both,residual,log,pbin35-65,mae,3.577787630485124,8,43,q_arm2,trees
iter05b_arm2,0,gb_eoh_2122r3,HP_Peak,RandomForest,size,both,residual,log,pbin35-65,mape,14.154166608180995,8,43,q_arm2,trees
iter05b_arm2,0,gb_eoh_2122r3,HP_Peak,RandomForest,size,both,residual,log,pbin35-65,r2,0.9681148732390027,8,43,q_arm2,trees
iter05b_arm2,0,gb_eoh_2122r3,HP_Peak,RandomForest,size,both,residual,log,pbin35-65,n_pred_nan,0.0,8,43,q_arm2,trees
iter05b_arm2,0,gb_eoh_2122r3,HP_Peak,RandomForest,size,both,residual,log,pbin35-65,mape_n_excluded,0.0,8,43,q_arm2,trees
iter05b_arm2,0,gb_eoh_2122r3,HP_Peak,RandomForest,size,both,residual,log,p0.1|n10,wape,34.661071242299876,16,15,q_arm2,trees
iter05b_arm2,0,gb_eoh_2122r3,HP_Peak,RandomForest,size,both,residual,log,p0.1|n10,rmse,1.6013448571993556,16,15,q_arm2,trees
iter05b_arm2,0,gb_eoh_2122r3,HP_Peak,RandomForest,size,both,residual,log,p0.1|n10,mae,1.1403154885558853,16,15,q_arm2,trees
iter05b_arm2,0,gb_eoh_2122r3,HP_Peak,RandomForest,size,both,residual,log,p0.1|n10,mape,34.89243584096725,16,15,q_arm2,trees
iter05b_arm2,0,gb_eoh_2122r3,HP_Peak,RandomForest,size,both,residual,log,p0.1|n10,r2,-3.0172830205275654,16,15,q_arm2,trees
iter05b_arm2,0,gb_eoh_2122r3,HP_Peak,RandomForest,size,both,residual,log,p0.1|n10,n_pred_nan,0.0,16,15,q_arm2,trees
iter05b_arm2,0,gb_eoh_2122r3,HP_Peak,RandomForest,size,both,residual,log,p0.1|n10,mape_n_excluded,0.0,16,15,q_arm2,trees
iter05b_arm2,0,gb_eoh_2122r3,HP_Peak,RandomForest,size,both,residual,log,p0.1|n40,wape,27.77174452949013,6,22,q_arm2,trees
iter05b_arm2,0,gb_eoh_2122r3,HP_Peak,RandomForest,size,both,residual,log,p0.1|n40,rmse,4.147594874671091,6,22,q_arm2,trees
iter05b_arm2,0,gb_eoh_2122r3,HP_Peak,RandomForest,size,both,residual,log,p0.1|n40,mae,3.3938265093119107,6,22,q_arm2,trees
iter05b_arm2,0,gb_eoh_2122r3,HP_Peak,RandomForest,size,both,residual,log,p0.1|n40,mape,28.779946487726686,6,22,q_arm2,trees
iter05b_arm2,0,gb_eoh_2122r3,HP_Peak,RandomForest,size,both,residual,log,p0.1|n40,r2,-9.965877033789823,6,22,q_arm2,trees
iter05b_arm2,0,gb_eoh_2122r3,HP_Peak,RandomForest,size,both,residual,log,p0.1|n40,n_pred_nan,0.0,6,22,q_arm2,trees
iter05b_arm2,0,gb_eoh_2122r3,HP_Peak,RandomForest,size,both,residual,log,p0.1|n40,mape_n_excluded,0.0,6,22,q_arm2,trees
iter05b_arm2,0,gb_eoh_2122r3,HP_Peak,RandomForest,size,both,residual,log,p0.5|n10,wape,15.825642171655312,6,24,q_arm2,trees
iter05b_arm2,0,gb_eoh_2122r3,HP_Peak,RandomForest,size,both,residual,log,p0.5|n10,rmse,2.9695030133870985,6,24,q_arm2,trees
iter05b_arm2,0,gb_eoh_2122r3,HP_Peak,RandomForest,size,both,residual,log,p0.5|n10,mae,2.6227022519247014,6,24,q_arm2,trees
iter05b_arm2,0,gb_eoh_2122r3,HP_Peak,RandomForest,size,both,residual,log,p0.5|n10,mape,15.934529970017008,6,24,q_arm2,trees
iter05b_arm2,0,gb_eoh_2122r3,HP_Peak,RandomForest,size,both,residual,log,p0.5|n10,r2,-0.9996724354125304,6,24,q_arm2,trees
iter05b_arm2,0,gb_eoh_2122r3,HP_Peak,RandomForest,size,both,residual,log,p0.5|n10,n_pred_nan,0.0,6,24,q_arm2,trees
iter05b_arm2,0,gb_eoh_2122r3,HP_Peak,RandomForest,size,both,residual,log,p0.5|n10,mape_n_excluded,0.0,6,24,q_arm2,trees
iter05b_arm2,0,gb_eoh_2122r3,HP_Peak,RandomForest,size,both,residual,log,p0.5|n40,wape,8.814226229954743,2,28,q_arm2,trees
iter05b_arm2,0,gb_eoh_2122r3,HP_Peak,RandomForest,size,both,residual,log,p0.5|n40,rmse,7.09764390350816,2,28,q_arm2,trees
iter05b_arm2,0,gb_eoh_2122r3,HP_Peak,RandomForest,size,both,residual,log,p0.5|n40,mae,6.44304376616639,2,28,q_arm2,trees
iter05b_arm2,0,gb_eoh_2122r3,HP_Peak,RandomForest,size,both,residual,log,p0.5|n40,mape,8.813076522672954,2,28,q_arm2,trees
iter05b_arm2,0,gb_eoh_2122r3,HP_Peak,RandomForest,size,both,residual,log,p0.5|n40,r2,-118170.31603637786,2,28,q_arm2,trees
iter05b_arm2,0,gb_eoh_2122r3,HP_Peak,RandomForest,size,both,residual,log,p0.5|n40,n_pred_nan,0.0,2,28,q_arm2,trees
iter05b_arm2,0,gb_eoh_2122r3,HP_Peak,RandomForest,size,both,residual,log,p0.5|n40,mape_n_excluded,0.0,2,28,q_arm2,trees
iter05b_arm2,0,gb_eoh_2122r3,HP_Peak,ExtraTrees,size,both,residual,log,all,wape,19.505825621223096,30,58,q_arm2,trees
iter05b_arm2,0,gb_eoh_2122r3,HP_Peak,ExtraTrees,size,both,residual,log,all,rmse,3.410194335938798,30,58,q_arm2,trees
iter05b_arm2,0,gb_eoh_2122r3,HP_Peak,ExtraTrees,size,both,residual,log,all,mae,2.416072198073296,30,58,q_arm2,trees
iter05b_arm2,0,gb_eoh_2122r3,HP_Peak,ExtraTrees,size,both,residual,log,all,mape,29.618940695250895,30,58,q_arm2,trees
iter05b_arm2,0,gb_eoh_2122r3,HP_Peak,ExtraTrees,size,both,residual,log,all,r2,0.9605656695948883,30,58,q_arm2,trees
iter05b_arm2,0,gb_eoh_2122r3,HP_Peak,ExtraTrees,size,both,residual,log,all,n_pred_nan,0.0,30,58,q_arm2,trees
iter05b_arm2,0,gb_eoh_2122r3,HP_Peak,ExtraTrees,size,both,residual,log,all,mape_n_excluded,0.0,30,58,q_arm2,trees
iter05b_arm2,0,gb_eoh_2122r3,HP_Peak,ExtraTrees,size,both,residual,log,all,n_invalid,0.0,30,58,q_arm2,trees
iter05b_arm2,0,gb_eoh_2122r3,HP_Peak,ExtraTrees,size,both,residual,log,all,n_resid_excluded_train,0.0,30,58,q_arm2,trees
iter05b_arm2,0,gb_eoh_2122r3,HP_Peak,ExtraTrees,size,both,residual,log,all,n_resid_excluded_inner,0.0,30,58,q_arm2,trees
iter05b_arm2,0,gb_eoh_2122r3,HP_Peak,ExtraTrees,size,both,residual,log,all,wape_train,8.381198915143303,30,58,q_arm2,trees
iter05b_arm2,0,gb_eoh_2122r3,HP_Peak,ExtraTrees,size,both,residual,log,all,wape_inner,22.360918807109396,30,58,q_arm2,trees
iter05b_arm2,0,gb_eoh_2122r3,HP_Peak,ExtraTrees,size,both,residual,log,all,n_train_sub,111.0,30,58,q_arm2,trees
iter05b_arm2,0,gb_eoh_2122r3,HP_Peak,ExtraTrees,size,both,residual,log,all,n_inner_sub,90.0,30,58,q_arm2,trees
iter05b_arm2,0,gb_eoh_2122r3,HP_Peak,ExtraTrees,size,both,residual,log,all,n_test_sub,30.0,30,58,q_arm2,trees
iter05b_arm2,0,gb_eoh_2122r3,HP_Peak,ExtraTrees,size,both,residual,log,all,n_overlap_sub,0.0,30,58,q_arm2,trees
iter05b_arm2,0,gb_eoh_2122r3,HP_Peak,ExtraTrees,size,both,residual,log,pbin<=15,wape,32.49394813970959,22,34,q_arm2,trees
iter05b_arm2,0,gb_eoh_2122r3,HP_Peak,ExtraTrees,size,both,residual,log,pbin<=15,rmse,2.9488159438550356,22,34,q_arm2,trees
iter05b_arm2,0,gb_eoh_2122r3,HP_Peak,ExtraTrees,size,both,residual,log,pbin<=15,mae,1.8604412939444734,22,34,q_arm2,trees
iter05b_arm2,0,gb_eoh_2122r3,HP_Peak,ExtraTrees,size,both,residual,log,pbin<=15,mape,34.605360777260444,22,34,q_arm2,trees
iter05b_arm2,0,gb_eoh_2122r3,HP_Peak,ExtraTrees,size,both,residual,log,pbin<=15,r2,0.4796564771849694,22,34,q_arm2,trees
iter05b_arm2,0,gb_eoh_2122r3,HP_Peak,ExtraTrees,size,both,residual,log,pbin<=15,n_pred_nan,0.0,22,34,q_arm2,trees
iter05b_arm2,0,gb_eoh_2122r3,HP_Peak,ExtraTrees,size,both,residual,log,pbin<=15,mape_n_excluded,0.0,22,34,q_arm2,trees
iter05b_arm2,0,gb_eoh_2122r3,HP_Peak,ExtraTrees,size,both,residual,log,pbin35-65,wape,12.845450450349084,8,43,q_arm2,trees
iter05b_arm2,0,gb_eoh_2122r3,HP_Peak,ExtraTrees,size,both,residual,log,pbin35-65,rmse,4.43820659036298,8,43,q_arm2,trees
iter05b_arm2,0,gb_eoh_2122r3,HP_Peak,ExtraTrees,size,both,residual,log,pbin35-65,mae,3.9440571844275576,8,43,q_arm2,trees
iter05b_arm2,0,gb_eoh_2122r3,HP_Peak,ExtraTrees,size,both,residual,log,pbin35-65,mape,15.906285469724654,8,43,q_arm2,trees
iter05b_arm2,0,gb_eoh_2122r3,HP_Peak,ExtraTrees,size,both,residual,log,pbin35-65,r2,0.9673013283605527,8,43,q_arm2,trees
iter05b_arm2,0,gb_eoh_2122r3,HP_Peak,ExtraTrees,size,both,residual,log,pbin35-65,n_pred_nan,0.0,8,43,q_arm2,trees
iter05b_arm2,0,gb_eoh_2122r3,HP_Peak,ExtraTrees,size,both,residual,log,pbin35-65,mape_n_excluded,0.0,8,43,q_arm2,trees
iter05b_arm2,0,gb_eoh_2122r3,HP_Peak,ExtraTrees,size,both,residual,log,p0.1|n10,wape,35.54445906376313,16,15,q_arm2,trees
iter05b_arm2,0,gb_eoh_2122r3,HP_Peak,ExtraTrees,size,both,residual,log,p0.1|n10,rmse,1.7337785080029524,16,15,q_arm2,trees
iter05b_arm2,0,gb_eoh_2122r3,HP_Peak,ExtraTrees,size,both,residual,log,p0.1|n10,mae,1.1693780875787003,16,15,q_arm2,trees
iter05b_arm2,0,gb_eoh_2122r3,HP_Peak,ExtraTrees,size,both,residual,log,p0.1|n10,mape,35.65734894503297,16,15,q_arm2,trees
iter05b_arm2,0,gb_eoh_2122r3,HP_Peak,ExtraTrees,size,both,residual,log,p0.1|n10,r2,-3.7092302023170243,16,15,q_arm2,trees
iter05b_arm2,0,gb_eoh_2122r3,HP_Peak,ExtraTrees,size,both,residual,log,p0.1|n10,n_pred_nan,0.0,16,15,q_arm2,trees
iter05b_arm2,0,gb_eoh_2122r3,HP_Peak,ExtraTrees,size,both,residual,log,p0.1|n10,mape_n_excluded,0.0,16,15,q_arm2,trees
iter05b_arm2,0,gb_eoh_2122r3,HP_Peak,ExtraTrees,size,both,residual,log,p0.1|n40,wape,30.303979564406198,6,22,q_arm2,trees
iter05b_arm2,0,gb_eoh_2122r3,HP_Peak,ExtraTrees,size,both,residual,log,p0.1|n40,rmse,4.885446648279862,6,22,q_arm2,trees
iter05b_arm2,0,gb_eoh_2122r3,HP_Peak,ExtraTrees,size,both,residual,log,p0.1|n40,mae,3.7032765109198675,6,22,q_arm2,trees
iter05b_arm2,0,gb_eoh_2122r3,HP_Peak,ExtraTrees,size,both,residual,log,p0.1|n40,mape,31.800058996533675,6,22,q_arm2,trees
iter05b_arm2,0,gb_eoh_2122r3,HP_Peak,ExtraTrees,size,both,residual,log,p0.1|n40,r2,-14.214555303556269,6,22,q_arm2,trees
iter05b_arm2,0,gb_eoh_2122r3,HP_Peak,ExtraTrees,size,both,residual,log,p0.1|n40,n_pred_nan,0.0,6,22,q_arm2,trees
iter05b_arm2,0,gb_eoh_2122r3,HP_Peak,ExtraTrees,size,both,residual,log,p0.1|n40,mape_n_excluded,0.0,6,22,q_arm2,trees
iter05b_arm2,0,gb_eoh_2122r3,HP_Peak,ExtraTrees,size,both,residual,log,p0.5|n10,wape,17.857726735996042,6,24,q_arm2,trees
iter05b_arm2,0,gb_eoh_2122r3,HP_Peak,ExtraTrees,size,both,residual,log,p0.5|n10,rmse,3.176861142105542,6,24,q_arm2,trees
iter05b_arm2,0,gb_eoh_2122r3,HP_Peak,ExtraTrees,size,both,residual,log,p0.5|n10,mae,2.9594691714082857,6,24,q_arm2,trees
iter05b_arm2,0,gb_eoh_2122r3,HP_Peak,ExtraTrees,size,both,residual,log,p0.5|n10,mape,18.063047536791956,6,24,q_arm2,trees
iter05b_arm2,0,gb_eoh_2122r3,HP_Peak,ExtraTrees,size,both,residual,log,p0.5|n10,r2,-1.288694282271445,6,24,q_arm2,trees
iter05b_arm2,0,gb_eoh_2122r3,HP_Peak,ExtraTrees,size,both,residual,log,p0.5|n10,n_pred_nan,0.0,6,24,q_arm2,trees
iter05b_arm2,0,gb_eoh_2122r3,HP_Peak,ExtraTrees,size,both,residual,log,p0.5|n10,mape_n_excluded,0.0,6,24,q_arm2,trees
iter05b_arm2,0,gb_eoh_2122r3,HP_Peak,ExtraTrees,size,both,residual,log,p0.5|n40,wape,9.43637183978942,2,28,q_arm2,trees
iter05b_arm2,0,gb_eoh_2122r3,HP_Peak,ExtraTrees,size,both,residual,log,p0.5|n40,rmse,6.965154040385983,2,28,q_arm2,trees
iter05b_arm2,0,gb_eoh_2122r3,HP_Peak,ExtraTrees,size,both,residual,log,p0.5|n40,mae,6.897821223485373,2,28,q_arm2,trees
iter05b_arm2,0,gb_eoh_2122r3,HP_Peak,ExtraTrees,size,both,residual,log,p0.5|n40,mape,9.435999268522757,2,28,q_arm2,trees
iter05b_arm2,0,gb_eoh_2122r3,HP_Peak,ExtraTrees,size,both,residual,log,p0.5|n40,r2,-113799.74636917554,2,28,q_arm2,trees
iter05b_arm2,0,gb_eoh_2122r3,HP_Peak,ExtraTrees,size,both,residual,log,p0.5|n40,n_pred_nan,0.0,2,28,q_arm2,trees
iter05b_arm2,0,gb_eoh_2122r3,HP_Peak,ExtraTrees,size,both,residual,log,p0.5|n40,mape_n_excluded,0.0,2,28,q_arm2,trees
iter05b_arm2,0,gb_eoh_2122r3,HP_Peak,XGBoost,size_peak,netfit,direct,log,all,wape,47.80738597542247,30,58,q_arm2,trees
iter05b_arm2,0,gb_eoh_2122r3,HP_Peak,XGBoost,size_peak,netfit,direct,log,all,rmse,14.101192784431928,30,58,q_arm2,trees
iter05b_arm2,0,gb_eoh_2122r3,HP_Peak,XGBoost,size_peak,netfit,direct,log,all,mae,5.921620461535467,30,58,q_arm2,trees
iter05b_arm2,0,gb_eoh_2122r3,HP_Peak,XGBoost,size_peak,netfit,direct,log,all,mape,54.674150738856916,30,58,q_arm2,trees
iter05b_arm2,0,gb_eoh_2122r3,HP_Peak,XGBoost,size_peak,netfit,direct,log,all,r2,0.32573919674081275,30,58,q_arm2,trees
iter05b_arm2,0,gb_eoh_2122r3,HP_Peak,XGBoost,size_peak,netfit,direct,log,all,n_pred_nan,0.0,30,58,q_arm2,trees
iter05b_arm2,0,gb_eoh_2122r3,HP_Peak,XGBoost,size_peak,netfit,direct,log,all,mape_n_excluded,0.0,30,58,q_arm2,trees
iter05b_arm2,0,gb_eoh_2122r3,HP_Peak,XGBoost,size_peak,netfit,direct,log,all,wape_train,37.453880758577654,30,58,q_arm2,trees
iter05b_arm2,0,gb_eoh_2122r3,HP_Peak,XGBoost,size_peak,netfit,direct,log,all,wape_inner,38.333772104710505,30,58,q_arm2,trees
iter05b_arm2,0,gb_eoh_2122r3,HP_Peak,XGBoost,size_peak,netfit,direct,log,all,n_train_sub,111.0,30,58,q_arm2,trees
iter05b_arm2,0,gb_eoh_2122r3,HP_Peak,XGBoost,size_peak,netfit,direct,log,all,n_inner_sub,90.0,30,58,q_arm2,trees
iter05b_arm2,0,gb_eoh_2122r3,HP_Peak,XGBoost,size_peak,netfit,direct,log,all,n_test_sub,30.0,30,58,q_arm2,trees
iter05b_arm2,0,gb_eoh_2122r3,HP_Peak,XGBoost,size_peak,netfit,direct,log,all,n_overlap_sub,0.0,30,58,q_arm2,trees
iter05b_arm2,0,gb_eoh_2122r3,HP_Peak,XGBoost,size_peak,netfit,direct,log,pbin<=15,wape,40.864497582306946,22,34,q_arm2,trees
iter05b_arm2,0,gb_eoh_2122r3,HP_Peak,XGBoost,size_peak,netfit,direct,log,pbin<=15,rmse,3.267529509601572,22,34,q_arm2,trees
iter05b_arm2,0,gb_eoh_2122r3,HP_Peak,XGBoost,size_peak,netfit,direct,log,pbin<=15,mae,2.339697177811075,22,34,q_arm2,trees
iter05b_arm2,0,gb_eoh_2122r3,HP_Peak,XGBoost,size_peak,netfit,direct,log,pbin<=15,mape,62.566197072009466,22,34,q_arm2,trees
iter05b_arm2,0,gb_eoh_2122r3,HP_Peak,XGBoost,size_peak,netfit,direct,log,pbin<=15,r2,0.36109857367466447,22,34,q_arm2,trees
iter05b_arm2,0,gb_eoh_2122r3,HP_Peak,XGBoost,size_peak,netfit,direct,log,pbin<=15,n_pred_nan,0.0,22,34,q_arm2,trees
iter05b_arm2,0,gb_eoh_2122r3,HP_Peak,XGBoost,size_peak,netfit,direct,log,pbin<=15,mape_n_excluded,0.0,22,34,q_arm2,trees
iter05b_arm2,0,gb_eoh_2122r3,HP_Peak,XGBoost,size_peak,netfit,direct,log,pbin35-65,wape,51.3677343938977,8,43,q_arm2,trees
iter05b_arm2,0,gb_eoh_2122r3,HP_Peak,XGBoost,size_peak,netfit,direct,log,pbin35-65,rmse,26.763829738559643,8,43,q_arm2,trees
iter05b_arm2,0,gb_eoh_2122r3,HP_Peak,XGBoost,size_peak,netfit,direct,log,pbin35-65,mae,15.771909491777542,8,43,q_arm2,trees
iter05b_arm2,0,gb_eoh_2122r3,HP_Peak,XGBoost,size_peak,netfit,direct,log,pbin35-65,mape,32.97102332268737,8,43,q_arm2,trees
iter05b_arm2,0,gb_eoh_2122r3,HP_Peak,XGBoost,size_peak,netfit,direct,log,pbin35-65,r2,-0.18908143604253236,8,43,q_arm2,trees
iter05b_arm2,0,gb_eoh_2122r3,HP_Peak,XGBoost,size_peak,netfit,direct,log,pbin35-65,n_pred_nan,0.0,8,43,q_arm2,trees
iter05b_arm2,0,gb_eoh_2122r3,HP_Peak,XGBoost,size_peak,netfit,direct,log,pbin35-65,mape_n_excluded,0.0,8,43,q_arm2,trees
iter05b_arm2,0,gb_eoh_2122r3,HP_Peak,XGBoost,size_peak,netfit,direct,log,p0.1|n10,wape,65.11303652830706,16,15,q_arm2,trees
iter05b_arm2,0,gb_eoh_2122r3,HP_Peak,XGBoost,size_peak,netfit,direct,log,p0.1|n10,rmse,2.977008442357126,16,15,q_arm2,trees
iter05b_arm2,0,gb_eoh_2122r3,HP_Peak,XGBoost,size_peak,netfit,direct,log,p0.1|n10,mae,2.14215549026427,16,15,q_arm2,trees
iter05b_arm2,0,gb_eoh_2122r3,HP_Peak,XGBoost,size_peak,netfit,direct,log,p0.1|n10,mape,76.52340902516899,16,15,q_arm2,trees
iter05b_arm2,0,gb_eoh_2122r3,HP_Peak,XGBoost,size_peak,netfit,direct,log,p0.1|n10,r2,-12.884262722273808,16,15,q_arm2,trees
iter05b_arm2,0,gb_eoh_2122r3,HP_Peak,XGBoost,size_peak,netfit,direct,log,p0.1|n10,n_pred_nan,0.0,16,15,q_arm2,trees
iter05b_arm2,0,gb_eoh_2122r3,HP_Peak,XGBoost,size_peak,netfit,direct,log,p0.1|n10,mape_n_excluded,0.0,16,15,q_arm2,trees
iter05b_arm2,0,gb_eoh_2122r3,HP_Peak,XGBoost,size_peak,netfit,direct,log,p0.1|n40,wape,23.45641755543841,6,22,q_arm2,trees
iter05b_arm2,0,gb_eoh_2122r3,HP_Peak,XGBoost,size_peak,netfit,direct,log,p0.1|n40,rmse,3.938849490666159,6,22,q_arm2,trees
iter05b_arm2,0,gb_eoh_2122r3,HP_Peak,XGBoost,size_peak,netfit,direct,log,p0.1|n40,mae,2.866475011269221,6,22,q_arm2,trees
iter05b_arm2,0,gb_eoh_2122r3,HP_Peak,XGBoost,size_peak,netfit,direct,log,p0.1|n40,mape,25.34696519691743,6,22,q_arm2,trees
iter05b_arm2,0,gb_eoh_2122r3,HP_Peak,XGBoost,size_peak,netfit,direct,log,p0.1|n40,r2,-8.889845008968756,6,22,q_arm2,trees
iter05b_arm2,0,gb_eoh_2122r3,HP_Peak,XGBoost,size_peak,netfit,direct,log,p0.1|n40,n_pred_nan,0.0,6,22,q_arm2,trees
iter05b_arm2,0,gb_eoh_2122r3,HP_Peak,XGBoost,size_peak,netfit,direct,log,p0.1|n40,mape_n_excluded,0.0,6,22,q_arm2,trees
iter05b_arm2,0,gb_eoh_2122r3,HP_Peak,XGBoost,size_peak,netfit,direct,log,p0.5|n10,wape,20.17439459895995,6,24,q_arm2,trees
iter05b_arm2,0,gb_eoh_2122r3,HP_Peak,XGBoost,size_peak,netfit,direct,log,p0.5|n10,rmse,4.087286745255449,6,24,q_arm2,trees
iter05b_arm2,0,gb_eoh_2122r3,HP_Peak,XGBoost,size_peak,netfit,direct,log,p0.5|n10,mae,3.3433986167510716,6,24,q_arm2,trees
iter05b_arm2,0,gb_eoh_2122r3,HP_Peak,XGBoost,size_peak,netfit,direct,log,p0.5|n10,mape,19.76678078933497,6,24,q_arm2,trees
iter05b_arm2,0,gb_eoh_2122r3,HP_Peak,XGBoost,size_peak,netfit,direct,log,p0.5|n10,r2,-2.7884497680568088,6,24,q_arm2,trees
iter05b_arm2,0,gb_eoh_2122r3,HP_Peak,XGBoost,size_peak,netfit,direct,log,p0.5|n10,n_pred_nan,0.0,6,24,q_arm2,trees
iter05b_arm2,0,gb_eoh_2122r3,HP_Peak,XGBoost,size_peak,netfit,direct,log,p0.5|n10,mape_n_excluded,0.0,6,24,q_arm2,trees
iter05b_arm2,0,gb_eoh_2122r3,HP_Peak,XGBoost,size_peak,netfit,direct,log,p0.5|n40,wape,72.58375311005591,2,28,q_arm2,trees
iter05b_arm2,0,gb_eoh_2122r3,HP_Peak,XGBoost,size_peak,netfit,direct,log,p0.5|n40,rmse,53.05744613421019,2,28,q_arm2,trees
iter05b_arm2,0,gb_eoh_2122r3,HP_Peak,XGBoost,size_peak,netfit,direct,log,p0.5|n40,mae,53.057442116856954,2,28,q_arm2,trees
iter05b_arm2,0,gb_eoh_2122r3,HP_Peak,XGBoost,size_peak,netfit,direct,log,p0.5|n40,mape,72.58375092274458,2,28,q_arm2,trees
iter05b_arm2,0,gb_eoh_2122r3,HP_Peak,XGBoost,size_peak,netfit,direct,log,p0.5|n40,r2,-6603531.851835736,2,28,q_arm2,trees
iter05b_arm2,0,gb_eoh_2122r3,HP_Peak,XGBoost,size_peak,netfit,direct,log,p0.5|n40,n_pred_nan,0.0,2,28,q_arm2,trees
iter05b_arm2,0,gb_eoh_2122r3,HP_Peak,XGBoost,size_peak,netfit,direct,log,p0.5|n40,mape_n_excluded,0.0,2,28,q_arm2,trees
iter05b_arm2,0,gb_eoh_2122r3,HP_Peak,RandomForest,size_peak,netfit,direct,log,all,wape,24.498259655630864,30,58,q_arm2,trees
iter05b_arm2,0,gb_eoh_2122r3,HP_Peak,RandomForest,size_peak,netfit,direct,log,all,rmse,5.112542881414253,30,58,q_arm2,trees
iter05b_arm2,0,gb_eoh_2122r3,HP_Peak,RandomForest,size_peak,netfit,direct,log,all,mae,3.034455716181009,30,58,q_arm2,trees
iter05b_arm2,0,gb_eoh_2122r3,HP_Peak,RandomForest,size_peak,netfit,direct,log,all,mape,35.579200602090744,30,58,q_arm2,trees
iter05b_arm2,0,gb_eoh_2122r3,HP_Peak,RandomForest,size_peak,netfit,direct,log,all,r2,0.9113680833846091,30,58,q_arm2,trees
iter05b_arm2,0,gb_eoh_2122r3,HP_Peak,RandomForest,size_peak,netfit,direct,log,all,n_pred_nan,0.0,30,58,q_arm2,trees
iter05b_arm2,0,gb_eoh_2122r3,HP_Peak,RandomForest,size_peak,netfit,direct,log,all,mape_n_excluded,0.0,30,58,q_arm2,trees
iter05b_arm2,0,gb_eoh_2122r3,HP_Peak,RandomForest,size_peak,netfit,direct,log,all,wape_train,13.903776020625413,30,58,q_arm2,trees
iter05b_arm2,0,gb_eoh_2122r3,HP_Peak,RandomForest,size_peak,netfit,direct,log,all,wape_inner,17.55344851255445,30,58,q_arm2,trees
iter05b_arm2,0,gb_eoh_2122r3,HP_Peak,RandomForest,size_peak,netfit,direct,log,all,n_train_sub,111.0,30,58,q_arm2,trees
iter05b_arm2,0,gb_eoh_2122r3,HP_Peak,RandomForest,size_peak,netfit,direct,log,all,n_inner_sub,90.0,30,58,q_arm2,trees
iter05b_arm2,0,gb_eoh_2122r3,HP_Peak,RandomForest,size_peak,netfit,direct,log,all,n_test_sub,30.0,30,58,q_arm2,trees
iter05b_arm2,0,gb_eoh_2122r3,HP_Peak,RandomForest,size_peak,netfit,direct,log,all,n_overlap_sub,0.0,30,58,q_arm2,trees
iter05b_arm2,0,gb_eoh_2122r3,HP_Peak,RandomForest,size_peak,netfit,direct,log,pbin<=15,wape,33.709586080779715,22,34,q_arm2,trees
iter05b_arm2,0,gb_eoh_2122r3,HP_Peak,RandomForest,size_peak,netfit,direct,log,pbin<=15,rmse,3.039314376396753,22,34,q_arm2,trees
iter05b_arm2,0,gb_eoh_2122r3,HP_Peak,RandomForest,size_peak,netfit,direct,log,pbin<=15,mae,1.9300426552296124,22,34,q_arm2,trees
iter05b_arm2,0,gb_eoh_2122r3,HP_Peak,RandomForest,size_peak,netfit,direct,log,pbin<=15,mape,41.90505560575997,22,34,q_arm2,trees
iter05b_arm2,0,gb_eoh_2122r3,HP_Peak,RandomForest,size_peak,netfit,direct,log,pbin<=15,r2,0.4472279577170988,22,34,q_arm2,trees
iter05b_arm2,0,gb_eoh_2122r3,HP_Peak,RandomForest,size_peak,netfit,direct,log,pbin<=15,n_pred_nan,0.0,22,34,q_arm2,trees
iter05b_arm2,0,gb_eoh_2122r3,HP_Peak,RandomForest,size_peak,netfit,direct,log,pbin<=15,mape_n_excluded,0.0,22,34,q_arm2,trees
iter05b_arm2,0,gb_eoh_2122r3,HP_Peak,RandomForest,size_peak,netfit,direct,log,pbin35-65,wape,19.77464469699816,8,43,q_arm2,trees
iter05b_arm2,0,gb_eoh_2122r3,HP_Peak,RandomForest,size_peak,netfit,direct,log,pbin35-65,rmse,8.52143869968859,8,43,q_arm2,trees
iter05b_arm2,0,gb_eoh_2122r3,HP_Peak,RandomForest,size_peak,netfit,direct,log,pbin35-65,mae,6.07159163379735,8,43,q_arm2,trees
iter05b_arm2,0,gb_eoh_2122r3,HP_Peak,RandomForest,size_peak,netfit,direct,log,pbin35-65,mape,18.18309934200033,8,43,q_arm2,trees
iter05b_arm2,0,gb_eoh_2122r3,HP_Peak,RandomForest,size_peak,netfit,direct,log,pbin35-65,r2,0.879457295658846,8,43,q_arm2,trees
iter05b_arm2,0,gb_eoh_2122r3,HP_Peak,RandomForest,size_peak,netfit,direct,log,pbin35-65,n_pred_nan,0.0,8,43,q_arm2,trees
iter05b_arm2,0,gb_eoh_2122r3,HP_Peak,RandomForest,size_peak,netfit,direct,log,pbin35-65,mape_n_excluded,0.0,8,43,q_arm2,trees
iter05b_arm2,0,gb_eoh_2122r3,HP_Peak,RandomForest,size_peak,netfit,direct,log,p0.1|n10,wape,42.910302783070094,16,15,q_arm2,trees
iter05b_arm2,0,gb_eoh_2122r3,HP_Peak,RandomForest,size_peak,netfit,direct,log,p0.1|n10,rmse,2.466584196481894,16,15,q_arm2,trees
iter05b_arm2,0,gb_eoh_2122r3,HP_Peak,RandomForest,size_peak,netfit,direct,log,p0.1|n10,mae,1.411707172582782,16,15,q_arm2,trees
iter05b_arm2,0,gb_eoh_2122r3,HP_Peak,RandomForest,size_peak,netfit,direct,log,p0.1|n10,mape,46.73012527151956,16,15,q_arm2,trees
iter05b_arm2,0,gb_eoh_2122r3,HP_Peak,RandomForest,size_peak,netfit,direct,log,p0.1|n10,r2,-8.531353558981554,16,15,q_arm2,trees
iter05b_arm2,0,gb_eoh_2122r3,HP_Peak,RandomForest,size_peak,netfit,direct,log,p0.1|n10,n_pred_nan,0.0,16,15,q_arm2,trees
iter05b_arm2,0,gb_eoh_2122r3,HP_Peak,RandomForest,size_peak,netfit,direct,log,p0.1|n10,mape_n_excluded,0.0,16,15,q_arm2,trees
iter05b_arm2,0,gb_eoh_2122r3,HP_Peak,RandomForest,size_peak,netfit,direct,log,p0.1|n40,wape,27.10437110206706,6,22,q_arm2,trees
iter05b_arm2,0,gb_eoh_2122r3,HP_Peak,RandomForest,size_peak,netfit,direct,log,p0.1|n40,rmse,4.200771749635932,6,22,q_arm2,trees
iter05b_arm2,0,gb_eoh_2122r3,HP_Peak,RandomForest,size_peak,netfit,direct,log,p0.1|n40,mae,3.312270608954492,6,22,q_arm2,trees
iter05b_arm2,0,gb_eoh_2122r3,HP_Peak,RandomForest,size_peak,netfit,direct,log,p0.1|n40,mape,29.038203163734405,6,22,q_arm2,trees
iter05b_arm2,0,gb_eoh_2122r3,HP_Peak,RandomForest,size_peak,netfit,direct,log,p0.1|n40,r2,-10.248869606988496,6,22,q_arm2,trees
iter05b_arm2,0,gb_eoh_2122r3,HP_Peak,RandomForest,size_peak,netfit,direct,log,p0.1|n40,n_pred_nan,0.0,6,22,q_arm2,trees
iter05b_arm2,0,gb_eoh_2122r3,HP_Peak,RandomForest,size_peak,netfit,direct,log,p0.1|n40,mape_n_excluded,0.0,6,22,q_arm2,trees
iter05b_arm2,0,gb_eoh_2122r3,HP_Peak,RandomForest,size_peak,netfit,direct,log,p0.5|n10,wape,17.322755987276864,6,24,q_arm2,trees
iter05b_arm2,0,gb_eoh_2122r3,HP_Peak,RandomForest,size_peak,netfit,direct,log,p0.5|n10,rmse,3.8484172177521687,6,24,q_arm2,trees
iter05b_arm2,0,gb_eoh_2122r3,HP_Peak,RandomForest,size_peak,netfit,direct,log,p0.5|n10,mae,2.8708112217237782,6,24,q_arm2,trees
iter05b_arm2,0,gb_eoh_2122r3,HP_Peak,RandomForest,size_peak,netfit,direct,log,p0.5|n10,mape,17.096779969954355,6,24,q_arm2,trees
iter05b_arm2,0,gb_eoh_2122r3,HP_Peak,RandomForest,size_peak,netfit,direct,log,p0.5|n10,r2,-2.3585793811610296,6,24,q_arm2,trees
iter05b_arm2,0,gb_eoh_2122r3,HP_Peak,RandomForest,size_peak,netfit,direct,log,p0.5|n10,n_pred_nan,0.0,6,24,q_arm2,trees
iter05b_arm2,0,gb_eoh_2122r3,HP_Peak,RandomForest,size_peak,netfit,direct,log,p0.5|n10,mape_n_excluded,0.0,6,24,q_arm2,trees
iter05b_arm2,0,gb_eoh_2122r3,HP_Peak,RandomForest,size_peak,netfit,direct,log,p0.5|n40,wape,21.442286478780886,2,28,q_arm2,trees
iter05b_arm2,0,gb_eoh_2122r3,HP_Peak,RandomForest,size_peak,netfit,direct,log,p0.5|n40,rmse,15.685302827950993,2,28,q_arm2,trees
iter05b_arm2,0,gb_eoh_2122r3,HP_Peak,RandomForest,size_peak,netfit,direct,log,p0.5|n40,mae,15.673932870018067,2,28,q_arm2,trees
iter05b_arm2,0,gb_eoh_2122r3,HP_Peak,RandomForest,size_peak,netfit,direct,log,p0.5|n40,mape,21.442057458138237,2,28,q_arm2,trees
iter05b_arm2,0,gb_eoh_2122r3,HP_Peak,RandomForest,size_peak,netfit,direct,log,p0.5|n40,r2,-577123.4513764614,2,28,q_arm2,trees
iter05b_arm2,0,gb_eoh_2122r3,HP_Peak,RandomForest,size_peak,netfit,direct,log,p0.5|n40,n_pred_nan,0.0,2,28,q_arm2,trees
iter05b_arm2,0,gb_eoh_2122r3,HP_Peak,RandomForest,size_peak,netfit,direct,log,p0.5|n40,mape_n_excluded,0.0,2,28,q_arm2,trees
iter05b_arm2,0,gb_eoh_2122r3,HP_Peak,ExtraTrees,size_peak,netfit,direct,log,all,wape,20.59970494030855,30,58,q_arm2,trees
iter05b_arm2,0,gb_eoh_2122r3,HP_Peak,ExtraTrees,size_peak,netfit,direct,log,all,rmse,3.7942199448850924,30,58,q_arm2,trees
iter05b_arm2,0,gb_eoh_2122r3,HP_Peak,ExtraTrees,size_peak,netfit,direct,log,all,mae,2.5515646126068363,30,58,q_arm2,trees
iter05b_arm2,0,gb_eoh_2122r3,HP_Peak,ExtraTrees,size_peak,netfit,direct,log,all,mape,31.644710299316735,30,58,q_arm2,trees
iter05b_arm2,0,gb_eoh_2122r3,HP_Peak,ExtraTrees,size_peak,netfit,direct,log,all,r2,0.9511841092083667,30,58,q_arm2,trees
iter05b_arm2,0,gb_eoh_2122r3,HP_Peak,ExtraTrees,size_peak,netfit,direct,log,all,n_pred_nan,0.0,30,58,q_arm2,trees
iter05b_arm2,0,gb_eoh_2122r3,HP_Peak,ExtraTrees,size_peak,netfit,direct,log,all,mape_n_excluded,0.0,30,58,q_arm2,trees
iter05b_arm2,0,gb_eoh_2122r3,HP_Peak,ExtraTrees,size_peak,netfit,direct,log,all,wape_train,11.587356904584617,30,58,q_arm2,trees
iter05b_arm2,0,gb_eoh_2122r3,HP_Peak,ExtraTrees,size_peak,netfit,direct,log,all,wape_inner,20.905297308739176,30,58,q_arm2,trees
iter05b_arm2,0,gb_eoh_2122r3,HP_Peak,ExtraTrees,size_peak,netfit,direct,log,all,n_train_sub,111.0,30,58,q_arm2,trees
iter05b_arm2,0,gb_eoh_2122r3,HP_Peak,ExtraTrees,size_peak,netfit,direct,log,all,n_inner_sub,90.0,30,58,q_arm2,trees
iter05b_arm2,0,gb_eoh_2122r3,HP_Peak,ExtraTrees,size_peak,netfit,direct,log,all,n_test_sub,30.0,30,58,q_arm2,trees
iter05b_arm2,0,gb_eoh_2122r3,HP_Peak,ExtraTrees,size_peak,netfit,direct,log,all,n_overlap_sub,0.0,30,58,q_arm2,trees
iter05b_arm2,0,gb_eoh_2122r3,HP_Peak,ExtraTrees,size_peak,netfit,direct,log,pbin<=15,wape,30.328404136843844,22,34,q_arm2,trees
iter05b_arm2,0,gb_eoh_2122r3,HP_Peak,ExtraTrees,size_peak,netfit,direct,log,pbin<=15,rmse,2.6920948698231904,22,34,q_arm2,trees
iter05b_arm2,0,gb_eoh_2122r3,HP_Peak,ExtraTrees,size_peak,netfit,direct,log,pbin<=15,mae,1.7364530525198583,22,34,q_arm2,trees
iter05b_arm2,0,gb_eoh_2122r3,HP_Peak,ExtraTrees,size_peak,netfit,direct,log,pbin<=15,mape,36.778234567759164,22,34,q_arm2,trees
iter05b_arm2,0,gb_eoh_2122r3,HP_Peak,ExtraTrees,size_peak,netfit,direct,log,pbin<=15,r2,0.5663138613107019,22,34,q_arm2,trees
iter05b_arm2,0,gb_eoh_2122r3,HP_Peak,ExtraTrees,size_peak,netfit,direct,log,pbin<=15,n_pred_nan,0.0,22,34,q_arm2,trees
iter05b_arm2,0,gb_eoh_2122r3,HP_Peak,ExtraTrees,size_peak,netfit,direct,log,pbin<=15,mape_n_excluded,0.0,22,34,q_arm2,trees
iter05b_arm2,0,gb_eoh_2122r3,HP_Peak,ExtraTrees,size_peak,netfit,direct,log,pbin35-65,wape,15.610778597699918,8,43,q_arm2,trees
iter05b_arm2,0,gb_eoh_2122r3,HP_Peak,ExtraTrees,size_peak,netfit,direct,log,pbin35-65,rmse,5.8356758859417,8,43,q_arm2,trees
iter05b_arm2,0,gb_eoh_2122r3,HP_Peak,ExtraTrees,size_peak,netfit,direct,log,pbin35-65,mae,4.793121402846026,8,43,q_arm2,trees
iter05b_arm2,0,gb_eoh_2122r3,HP_Peak,ExtraTrees,size_peak,netfit,direct,log,pbin35-65,mape,17.527518561100063,8,43,q_arm2,trees
iter05b_arm2,0,gb_eoh_2122r3,HP_Peak,ExtraTrees,size_peak,netfit,direct,log,pbin35-65,r2,0.9434676019225623,8,43,q_arm2,trees
iter05b_arm2,0,gb_eoh_2122r3,HP_Peak,ExtraTrees,size_peak,netfit,direct,log,pbin35-65,n_pred_nan,0.0,8,43,q_arm2,trees
iter05b_arm2,0,gb_eoh_2122r3,HP_Peak,ExtraTrees,size_peak,netfit,direct,log,pbin35-65,mape_n_excluded,0.0,8,43,q_arm2,trees
iter05b_arm2,0,gb_eoh_2122r3,HP_Peak,ExtraTrees,size_peak,netfit,direct,log,p0.1|n10,wape,36.0324799673118,16,15,q_arm2,trees
iter05b_arm2,0,gb_eoh_2122r3,HP_Peak,ExtraTrees,size_peak,netfit,direct,log,p0.1|n10,rmse,1.7730430452233383,16,15,q_arm2,trees
iter05b_arm2,0,gb_eoh_2122r3,HP_Peak,ExtraTrees,size_peak,netfit,direct,log,p0.1|n10,mae,1.1854335000374026,16,15,q_arm2,trees
iter05b_arm2,0,gb_eoh_2122r3,HP_Peak,ExtraTrees,size_peak,netfit,direct,log,p0.1|n10,mape,39.92442262864767,16,15,q_arm2,trees
iter05b_arm2,0,gb_eoh_2122r3,HP_Peak,ExtraTrees,size_peak,netfit,direct,log,p0.1|n10,r2,-3.924943461554312,16,15,q_arm2,trees
iter05b_arm2,0,gb_eoh_2122r3,HP_Peak,ExtraTrees,size_peak,netfit,direct,log,p0.1|n10,n_pred_nan,0.0,16,15,q_arm2,trees
iter05b_arm2,0,gb_eoh_2122r3,HP_Peak,ExtraTrees,size_peak,netfit,direct,log,p0.1|n10,mape_n_excluded,0.0,16,15,q_arm2,trees
iter05b_arm2,0,gb_eoh_2122r3,HP_Peak,ExtraTrees,size_peak,netfit,direct,log,p0.1|n40,wape,26.233435414924532,6,22,q_arm2,trees
iter05b_arm2,0,gb_eoh_2122r3,HP_Peak,ExtraTrees,size_peak,netfit,direct,log,p0.1|n40,rmse,4.265038864523706,6,22,q_arm2,trees
iter05b_arm2,0,gb_eoh_2122r3,HP_Peak,ExtraTrees,size_peak,netfit,direct,log,p0.1|n40,mae,3.2058385258064064,6,22,q_arm2,trees
iter05b_arm2,0,gb_eoh_2122r3,HP_Peak,ExtraTrees,size_peak,netfit,direct,log,p0.1|n40,mape,28.38839973872314,6,22,q_arm2,trees
iter05b_arm2,0,gb_eoh_2122r3,HP_Peak,ExtraTrees,size_peak,netfit,direct,log,p0.1|n40,r2,-10.595692747030188,6,22,q_arm2,trees
iter05b_arm2,0,gb_eoh_2122r3,HP_Peak,ExtraTrees,size_peak,netfit,direct,log,p0.1|n40,n_pred_nan,0.0,6,22,q_arm2,trees
iter05b_arm2,0,gb_eoh_2122r3,HP_Peak,ExtraTrees,size_peak,netfit,direct,log,p0.1|n40,mape_n_excluded,0.0,6,22,q_arm2,trees
iter05b_arm2,0,gb_eoh_2122r3,HP_Peak,ExtraTrees,size_peak,netfit,direct,log,p0.5|n10,wape,19.15468281988702,6,24,q_arm2,trees
iter05b_arm2,0,gb_eoh_2122r3,HP_Peak,ExtraTrees,size_peak,netfit,direct,log,p0.5|n10,rmse,3.7345188191463525,6,24,q_arm2,trees
iter05b_arm2,0,gb_eoh_2122r3,HP_Peak,ExtraTrees,size_peak,netfit,direct,log,p0.5|n10,mae,3.1744070301677016,6,24,q_arm2,trees
iter05b_arm2,0,gb_eoh_2122r3,HP_Peak,ExtraTrees,size_peak,netfit,direct,log,p0.5|n10,mape,18.970033990755212,6,24,q_arm2,trees
iter05b_arm2,0,gb_eoh_2122r3,HP_Peak,ExtraTrees,size_peak,netfit,direct,log,p0.5|n10,r2,-2.1627191196140534,6,24,q_arm2,trees
iter05b_arm2,0,gb_eoh_2122r3,HP_Peak,ExtraTrees,size_peak,netfit,direct,log,p0.5|n10,n_pred_nan,0.0,6,24,q_arm2,trees
iter05b_arm2,0,gb_eoh_2122r3,HP_Peak,ExtraTrees,size_peak,netfit,direct,log,p0.5|n10,mape_n_excluded,0.0,6,24,q_arm2,trees
iter05b_arm2,0,gb_eoh_2122r3,HP_Peak,ExtraTrees,size_peak,netfit,direct,log,p0.5|n40,wape,13.200407063248335,2,28,q_arm2,trees
iter05b_arm2,0,gb_eoh_2122r3,HP_Peak,ExtraTrees,size_peak,netfit,direct,log,p0.5|n40,rmse,9.714965761718926,2,28,q_arm2,trees
iter05b_arm2,0,gb_eoh_2122r3,HP_Peak,ExtraTrees,size_peak,netfit,direct,log,p0.5|n40,mae,9.649264520880998,2,28,q_arm2,trees
iter05b_arm2,0,gb_eoh_2122r3,HP_Peak,ExtraTrees,size_peak,netfit,direct,log,p0.5|n40,mape,13.199972272134625,2,28,q_arm2,trees
iter05b_arm2,0,gb_eoh_2122r3,HP_Peak,ExtraTrees,size_peak,netfit,direct,log,p0.5|n40,r2,-221393.18399371783,2,28,q_arm2,trees
iter05b_arm2,0,gb_eoh_2122r3,HP_Peak,ExtraTrees,size_peak,netfit,direct,log,p0.5|n40,n_pred_nan,0.0,2,28,q_arm2,trees
iter05b_arm2,0,gb_eoh_2122r3,HP_Peak,ExtraTrees,size_peak,netfit,direct,log,p0.5|n40,mape_n_excluded,0.0,2,28,q_arm2,trees
iter05b_arm2,0,gb_eoh_2122r3,HP_Peak,XGBoost,size_peak,netfit,residual,log,all,wape,35.411127452628634,30,58,q_arm2,trees
iter05b_arm2,0,gb_eoh_2122r3,HP_Peak,XGBoost,size_peak,netfit,residual,log,all,rmse,7.2106076864003334,30,58,q_arm2,trees
iter05b_arm2,0,gb_eoh_2122r3,HP_Peak,XGBoost,size_peak,netfit,residual,log,all,mae,4.38616863505834,30,58,q_arm2,trees
iter05b_arm2,0,gb_eoh_2122r3,HP_Peak,XGBoost,size_peak,netfit,residual,log,all,mape,39.45168165006753,30,58,q_arm2,trees
iter05b_arm2,0,gb_eoh_2122r3,HP_Peak,XGBoost,size_peak,netfit,residual,log,all,r2,0.8236969003768757,30,58,q_arm2,trees
iter05b_arm2,0,gb_eoh_2122r3,HP_Peak,XGBoost,size_peak,netfit,residual,log,all,n_pred_nan,0.0,30,58,q_arm2,trees
iter05b_arm2,0,gb_eoh_2122r3,HP_Peak,XGBoost,size_peak,netfit,residual,log,all,mape_n_excluded,0.0,30,58,q_arm2,trees
iter05b_arm2,0,gb_eoh_2122r3,HP_Peak,XGBoost,size_peak,netfit,residual,log,all,n_invalid,0.0,30,58,q_arm2,trees
iter05b_arm2,0,gb_eoh_2122r3,HP_Peak,XGBoost,size_peak,netfit,residual,log,all,n_resid_excluded_train,0.0,30,58,q_arm2,trees
iter05b_arm2,0,gb_eoh_2122r3,HP_Peak,XGBoost,size_peak,netfit,residual,log,all,n_resid_excluded_inner,0.0,30,58,q_arm2,trees
iter05b_arm2,0,gb_eoh_2122r3,HP_Peak,XGBoost,size_peak,netfit,residual,log,all,wape_train,29.73791280045454,30,58,q_arm2,trees
iter05b_arm2,0,gb_eoh_2122r3,HP_Peak,XGBoost,size_peak,netfit,residual,log,all,wape_inner,34.06009892606073,30,58,q_arm2,trees
iter05b_arm2,0,gb_eoh_2122r3,HP_Peak,XGBoost,size_peak,netfit,residual,log,all,n_train_sub,111.0,30,58,q_arm2,trees
iter05b_arm2,0,gb_eoh_2122r3,HP_Peak,XGBoost,size_peak,netfit,residual,log,all,n_inner_sub,90.0,30,58,q_arm2,trees
iter05b_arm2,0,gb_eoh_2122r3,HP_Peak,XGBoost,size_peak,netfit,residual,log,all,n_test_sub,30.0,30,58,q_arm2,trees
iter05b_arm2,0,gb_eoh_2122r3,HP_Peak,XGBoost,size_peak,netfit,residual,log,all,n_overlap_sub,0.0,30,58,q_arm2,trees
iter05b_arm2,0,gb_eoh_2122r3,HP_Peak,XGBoost,size_peak,netfit,residual,log,pbin<=15,wape,43.92739864497938,22,34,q_arm2,trees
iter05b_arm2,0,gb_eoh_2122r3,HP_Peak,XGBoost,size_peak,netfit,residual,log,pbin<=15,rmse,4.257901251947579,22,34,q_arm2,trees
iter05b_arm2,0,gb_eoh_2122r3,HP_Peak,XGBoost,size_peak,netfit,residual,log,pbin<=15,mae,2.51506360579212,22,34,q_arm2,trees
iter05b_arm2,0,gb_eoh_2122r3,HP_Peak,XGBoost,size_peak,netfit,residual,log,pbin<=15,mape,42.19834614154678,22,34,q_arm2,trees
iter05b_arm2,0,gb_eoh_2122r3,HP_Peak,XGBoost,size_peak,netfit,residual,log,pbin<=15,r2,-0.08489071204014076,22,34,q_arm2,trees
iter05b_arm2,0,gb_eoh_2122r3,HP_Peak,XGBoost,size_peak,netfit,residual,log,pbin<=15,n_pred_nan,0.0,22,34,q_arm2,trees
iter05b_arm2,0,gb_eoh_2122r3,HP_Peak,XGBoost,size_peak,netfit,residual,log,pbin<=15,mape_n_excluded,0.0,22,34,q_arm2,trees
iter05b_arm2,0,gb_eoh_2122r3,HP_Peak,XGBoost,size_peak,netfit,residual,log,pbin35-65,wape,31.043940346314493,8,43,q_arm2,trees
iter05b_arm2,0,gb_eoh_2122r3,HP_Peak,XGBoost,size_peak,netfit,residual,log,pbin35-65,rmse,12.04643094782568,8,43,q_arm2,trees
iter05b_arm2,0,gb_eoh_2122r3,HP_Peak,XGBoost,size_peak,netfit,residual,log,pbin35-65,mae,9.531707465540443,8,43,q_arm2,trees
iter05b_arm2,0,gb_eoh_2122r3,HP_Peak,XGBoost,size_peak,netfit,residual,log,pbin35-65,mape,31.898354298499566,8,43,q_arm2,trees
iter05b_arm2,0,gb_eoh_2122r3,HP_Peak,XGBoost,size_peak,netfit,residual,log,pbin35-65,r2,0.7591027328452536,8,43,q_arm2,trees
iter05b_arm2,0,gb_eoh_2122r3,HP_Peak,XGBoost,size_peak,netfit,residual,log,pbin35-65,n_pred_nan,0.0,8,43,q_arm2,trees
iter05b_arm2,0,gb_eoh_2122r3,HP_Peak,XGBoost,size_peak,netfit,residual,log,pbin35-65,mape_n_excluded,0.0,8,43,q_arm2,trees
iter05b_arm2,0,gb_eoh_2122r3,HP_Peak,XGBoost,size_peak,netfit,residual,log,p0.1|n10,wape,39.76506483341255,16,15,q_arm2,trees
iter05b_arm2,0,gb_eoh_2122r3,HP_Peak,XGBoost,size_peak,netfit,residual,log,p0.1|n10,rmse,1.9765385376610973,16,15,q_arm2,trees
iter05b_arm2,0,gb_eoh_2122r3,HP_Peak,XGBoost,size_peak,netfit,residual,log,p0.1|n10,mae,1.3082319070863349,16,15,q_arm2,trees
iter05b_arm2,0,gb_eoh_2122r3,HP_Peak,XGBoost,size_peak,netfit,residual,log,p0.1|n10,mape,39.72214603105364,16,15,q_arm2,trees
iter05b_arm2,0,gb_eoh_2122r3,HP_Peak,XGBoost,size_peak,netfit,residual,log,p0.1|n10,r2,-5.120307789710734,16,15,q_arm2,trees
iter05b_arm2,0,gb_eoh_2122r3,HP_Peak,XGBoost,size_peak,netfit,residual,log,p0.1|n10,n_pred_nan,0.0,16,15,q_arm2,trees
iter05b_arm2,0,gb_eoh_2122r3,HP_Peak,XGBoost,size_peak,netfit,residual,log,p0.1|n10,mape_n_excluded,0.0,16,15,q_arm2,trees
iter05b_arm2,0,gb_eoh_2122r3,HP_Peak,XGBoost,size_peak,netfit,residual,log,p0.1|n40,wape,46.91554734340844,6,22,q_arm2,trees
iter05b_arm2,0,gb_eoh_2122r3,HP_Peak,XGBoost,size_peak,netfit,residual,log,p0.1|n40,rmse,7.487173856176277,6,22,q_arm2,trees
iter05b_arm2,0,gb_eoh_2122r3,HP_Peak,XGBoost,size_peak,netfit,residual,log,p0.1|n40,mae,5.733281469007548,6,22,q_arm2,trees
iter05b_arm2,0,gb_eoh_2122r3,HP_Peak,XGBoost,size_peak,netfit,residual,log,p0.1|n40,mape,48.80154643619512,6,22,q_arm2,trees
iter05b_arm2,0,gb_eoh_2122r3,HP_Peak,XGBoost,size_peak,netfit,residual,log,p0.1|n40,r2,-34.73440448156331,6,22,q_arm2,trees
iter05b_arm2,0,gb_eoh_2122r3,HP_Peak,XGBoost,size_peak,netfit,residual,log,p0.1|n40,n_pred_nan,0.0,6,22,q_arm2,trees
iter05b_arm2,0,gb_eoh_2122r3,HP_Peak,XGBoost,size_peak,netfit,residual,log,p0.1|n40,mape_n_excluded,0.0,6,22,q_arm2,trees
iter05b_arm2,0,gb_eoh_2122r3,HP_Peak,XGBoost,size_peak,netfit,residual,log,p0.5|n10,wape,32.98470910838239,6,24,q_arm2,trees
iter05b_arm2,0,gb_eoh_2122r3,HP_Peak,XGBoost,size_peak,netfit,residual,log,p0.5|n10,rmse,5.726102002096886,6,24,q_arm2,trees
iter05b_arm2,0,gb_eoh_2122r3,HP_Peak,XGBoost,size_peak,netfit,residual,log,p0.5|n10,mae,5.46638612950435,6,24,q_arm2,trees
iter05b_arm2,0,gb_eoh_2122r3,HP_Peak,XGBoost,size_peak,netfit,residual,log,p0.5|n10,mape,32.623567562019815,6,24,q_arm2,trees
iter05b_arm2,0,gb_eoh_2122r3,HP_Peak,XGBoost,size_peak,netfit,residual,log,p0.5|n10,r2,-6.435488043222745,6,24,q_arm2,trees
iter05b_arm2,0,gb_eoh_2122r3,HP_Peak,XGBoost,size_peak,netfit,residual,log,p0.5|n10,n_pred_nan,0.0,6,24,q_arm2,trees
iter05b_arm2,0,gb_eoh_2122r3,HP_Peak,XGBoost,size_peak,netfit,residual,log,p0.5|n10,mape_n_excluded,0.0,6,24,q_arm2,trees
iter05b_arm2,0,gb_eoh_2122r3,HP_Peak,XGBoost,size_peak,netfit,residual,log,p0.5|n40,wape,29.723934644762462,2,28,q_arm2,trees
iter05b_arm2,0,gb_eoh_2122r3,HP_Peak,XGBoost,size_peak,netfit,residual,log,p0.5|n40,rmse,21.95680445574163,2,28,q_arm2,trees
iter05b_arm2,0,gb_eoh_2122r3,HP_Peak,XGBoost,size_peak,netfit,residual,log,p0.5|n40,mae,21.72767147364872,2,28,q_arm2,trees
iter05b_arm2,0,gb_eoh_2122r3,HP_Peak,XGBoost,size_peak,netfit,residual,log,p0.5|n40,mape,29.72271450793884,2,28,q_arm2,trees
iter05b_arm2,0,gb_eoh_2122r3,HP_Peak,XGBoost,size_peak,netfit,residual,log,p0.5|n40,r2,-1130893.0714439978,2,28,q_arm2,trees
iter05b_arm2,0,gb_eoh_2122r3,HP_Peak,XGBoost,size_peak,netfit,residual,log,p0.5|n40,n_pred_nan,0.0,2,28,q_arm2,trees
iter05b_arm2,0,gb_eoh_2122r3,HP_Peak,XGBoost,size_peak,netfit,residual,log,p0.5|n40,mape_n_excluded,0.0,2,28,q_arm2,trees
iter05b_arm2,0,gb_eoh_2122r3,HP_Peak,RandomForest,size_peak,netfit,residual,log,all,wape,18.6257729449067,30,58,q_arm2,trees
iter05b_arm2,0,gb_eoh_2122r3,HP_Peak,RandomForest,size_peak,netfit,residual,log,all,rmse,3.448122993743464,30,58,q_arm2,trees
iter05b_arm2,0,gb_eoh_2122r3,HP_Peak,RandomForest,size_peak,netfit,residual,log,all,mae,2.30706523546749,30,58,q_arm2,trees
iter05b_arm2,0,gb_eoh_2122r3,HP_Peak,RandomForest,size_peak,netfit,residual,log,all,mape,28.2572165643579,30,58,q_arm2,trees
iter05b_arm2,0,gb_eoh_2122r3,HP_Peak,RandomForest,size_peak,netfit,residual,log,all,r2,0.959683603226289,30,58,q_arm2,trees
iter05b_arm2,0,gb_eoh_2122r3,HP_Peak,RandomForest,size_peak,netfit,residual,log,all,n_pred_nan,0.0,30,58,q_arm2,trees
iter05b_arm2,0,gb_eoh_2122r3,HP_Peak,RandomForest,size_peak,netfit,residual,log,all,mape_n_excluded,0.0,30,58,q_arm2,trees
iter05b_arm2,0,gb_eoh_2122r3,HP_Peak,RandomForest,size_peak,netfit,residual,log,all,n_invalid,0.0,30,58,q_arm2,trees
iter05b_arm2,0,gb_eoh_2122r3,HP_Peak,RandomForest,size_peak,netfit,residual,log,all,n_resid_excluded_train,0.0,30,58,q_arm2,trees
iter05b_arm2,0,gb_eoh_2122r3,HP_Peak,RandomForest,size_peak,netfit,residual,log,all,n_resid_excluded_inner,0.0,30,58,q_arm2,trees
iter05b_arm2,0,gb_eoh_2122r3,HP_Peak,RandomForest,size_peak,netfit,residual,log,all,wape_train,11.538422255391632,30,58,q_arm2,trees
iter05b_arm2,0,gb_eoh_2122r3,HP_Peak,RandomForest,size_peak,netfit,residual,log,all,wape_inner,21.320915345731297,30,58,q_arm2,trees
iter05b_arm2,0,gb_eoh_2122r3,HP_Peak,RandomForest,size_peak,netfit,residual,log,all,n_train_sub,111.0,30,58,q_arm2,trees
iter05b_arm2,0,gb_eoh_2122r3,HP_Peak,RandomForest,size_peak,netfit,residual,log,all,n_inner_sub,90.0,30,58,q_arm2,trees
iter05b_arm2,0,gb_eoh_2122r3,HP_Peak,RandomForest,size_peak,netfit,residual,log,all,n_test_sub,30.0,30,58,q_arm2,trees
iter05b_arm2,0,gb_eoh_2122r3,HP_Peak,RandomForest,size_peak,netfit,residual,log,all,n_overlap_sub,0.0,30,58,q_arm2,trees
iter05b_arm2,0,gb_eoh_2122r3,HP_Peak,RandomForest,size_peak,netfit,residual,log,pbin<=15,wape,30.644004336960073,22,34,q_arm2,trees
iter05b_arm2,0,gb_eoh_2122r3,HP_Peak,RandomForest,size_peak,netfit,residual,log,pbin<=15,rmse,3.1606399088835495,22,34,q_arm2,trees
iter05b_arm2,0,gb_eoh_2122r3,HP_Peak,RandomForest,size_peak,netfit,residual,log,pbin<=15,mae,1.7545227448252951,22,34,q_arm2,trees
iter05b_arm2,0,gb_eoh_2122r3,HP_Peak,RandomForest,size_peak,netfit,residual,log,pbin<=15,mape,32.41819930258607,22,34,q_arm2,trees
iter05b_arm2,0,gb_eoh_2122r3,HP_Peak,RandomForest,size_peak,netfit,residual,log,pbin<=15,r2,0.4022152110674838,22,34,q_arm2,trees
iter05b_arm2,0,gb_eoh_2122r3,HP_Peak,RandomForest,size_peak,netfit,residual,log,pbin<=15,n_pred_nan,0.0,22,34,q_arm2,trees
iter05b_arm2,0,gb_eoh_2122r3,HP_Peak,RandomForest,size_peak,netfit,residual,log,pbin<=15,mape_n_excluded,0.0,22,34,q_arm2,trees
iter05b_arm2,0,gb_eoh_2122r3,HP_Peak,RandomForest,size_peak,netfit,residual,log,pbin35-65,wape,12.462762868006175,8,43,q_arm2,trees
iter05b_arm2,0,gb_eoh_2122r3,HP_Peak,RandomForest,size_peak,netfit,residual,log,pbin35-65,rmse,4.136943066136946,8,43,q_arm2,trees
iter05b_arm2,0,gb_eoh_2122r3,HP_Peak,RandomForest,size_peak,netfit,residual,log,pbin35-65,mae,3.826557084733526,8,43,q_arm2,trees
iter05b_arm2,0,gb_eoh_2122r3,HP_Peak,RandomForest,size_peak,netfit,residual,log,pbin35-65,mape,16.81451403423043,8,43,q_arm2,trees
iter05b_arm2,0,gb_eoh_2122r3,HP_Peak,RandomForest,size_peak,netfit,residual,log,pbin35-65,r2,0.9715898079024573,8,43,q_arm2,trees
iter05b_arm2,0,gb_eoh_2122r3,HP_Peak,RandomForest,size_peak,netfit,residual,log,pbin35-65,n_pred_nan,0.0,8,43,q_arm2,trees
iter05b_arm2,0,gb_eoh_2122r3,HP_Peak,RandomForest,size_peak,netfit,residual,log,pbin35-65,mape_n_excluded,0.0,8,43,q_arm2,trees
iter05b_arm2,0,gb_eoh_2122r3,HP_Peak,RandomForest,size_peak,netfit,residual,log,p0.1|n10,wape,30.692036365639925,16,15,q_arm2,trees
iter05b_arm2,0,gb_eoh_2122r3,HP_Peak,RandomForest,size_peak,netfit,residual,log,p0.1|n10,rmse,1.2944768588719757,16,15,q_arm2,trees
iter05b_arm2,0,gb_eoh_2122r3,HP_Peak,RandomForest,size_peak,netfit,residual,log,p0.1|n10,mae,1.0097381064307063,16,15,q_arm2,trees
iter05b_arm2,0,gb_eoh_2122r3,HP_Peak,RandomForest,size_peak,netfit,residual,log,p0.1|n10,mape,32.13454284822771,16,15,q_arm2,trees
iter05b_arm2,0,gb_eoh_2122r3,HP_Peak,RandomForest,size_peak,netfit,residual,log,p0.1|n10,r2,-1.6251327647328955,16,15,q_arm2,trees
iter05b_arm2,0,gb_eoh_2122r3,HP_Peak,RandomForest,size_peak,netfit,residual,log,p0.1|n10,n_pred_nan,0.0,16,15,q_arm2,trees
iter05b_arm2,0,gb_eoh_2122r3,HP_Peak,RandomForest,size_peak,netfit,residual,log,p0.1|n10,mape_n_excluded,0.0,16,15,q_arm2,trees
iter05b_arm2,0,gb_eoh_2122r3,HP_Peak,RandomForest,size_peak,netfit,residual,log,p0.1|n40,wape,30.6095220367698,6,22,q_arm2,trees
iter05b_arm2,0,gb_eoh_2122r3,HP_Peak,RandomForest,size_peak,netfit,residual,log,p0.1|n40,rmse,5.671000154724652,6,22,q_arm2,trees
iter05b_arm2,0,gb_eoh_2122r3,HP_Peak,RandomForest,size_peak,netfit,residual,log,p0.1|n40,mae,3.7406151138775314,6,22,q_arm2,trees
iter05b_arm2,0,gb_eoh_2122r3,HP_Peak,RandomForest,size_peak,netfit,residual,log,p0.1|n40,mape,33.174616514208374,6,22,q_arm2,trees
iter05b_arm2,0,gb_eoh_2122r3,HP_Peak,RandomForest,size_peak,netfit,residual,log,p0.1|n40,r2,-19.500763312527553,6,22,q_arm2,trees
iter05b_arm2,0,gb_eoh_2122r3,HP_Peak,RandomForest,size_peak,netfit,residual,log,p0.1|n40,n_pred_nan,0.0,6,22,q_arm2,trees
iter05b_arm2,0,gb_eoh_2122r3,HP_Peak,RandomForest,size_peak,netfit,residual,log,p0.1|n40,mape_n_excluded,0.0,6,22,q_arm2,trees
iter05b_arm2,0,gb_eoh_2122r3,HP_Peak,RandomForest,size_peak,netfit,residual,log,p0.5|n10,wape,20.014000657731785,6,24,q_arm2,trees
iter05b_arm2,0,gb_eoh_2122r3,HP_Peak,RandomForest,size_peak,netfit,residual,log,p0.5|n10,rmse,3.6275756872238656,6,24,q_arm2,trees
iter05b_arm2,0,gb_eoh_2122r3,HP_Peak,RandomForest,size_peak,netfit,residual,log,p0.5|n10,mae,3.316817354121007,6,24,q_arm2,trees
iter05b_arm2,0,gb_eoh_2122r3,HP_Peak,RandomForest,size_peak,netfit,residual,log,p0.5|n10,mape,19.97714837362702,6,24,q_arm2,trees
iter05b_arm2,0,gb_eoh_2122r3,HP_Peak,RandomForest,size_peak,netfit,residual,log,p0.5|n10,r2,-1.9841749773773958,6,24,q_arm2,trees
iter05b_arm2,0,gb_eoh_2122r3,HP_Peak,RandomForest,size_peak,netfit,residual,log,p0.5|n10,n_pred_nan,0.0,6,24,q_arm2,trees
iter05b_arm2,0,gb_eoh_2122r3,HP_Peak,RandomForest,size_peak,netfit,residual,log,p0.5|n10,mape_n_excluded,0.0,6,24,q_arm2,trees
iter05b_arm2,0,gb_eoh_2122r3,HP_Peak,RandomForest,size_peak,netfit,residual,log,p0.5|n40,wape,7.326820281217859,2,28,q_arm2,trees
iter05b_arm2,0,gb_eoh_2122r3,HP_Peak,RandomForest,size_peak,netfit,residual,log,p0.5|n40,rmse,5.383240253808214,2,28,q_arm2,trees
iter05b_arm2,0,gb_eoh_2122r3,HP_Peak,RandomForest,size_peak,netfit,residual,log,p0.5|n40,mae,5.355776276571085,2,28,q_arm2,trees
iter05b_arm2,0,gb_eoh_2122r3,HP_Peak,RandomForest,size_peak,netfit,residual,log,p0.5|n40,mape,7.326611016040651,2,28,q_arm2,trees
iter05b_arm2,0,gb_eoh_2122r3,HP_Peak,RandomForest,size_peak,netfit,residual,log,p0.5|n40,r2,-67977.4385447941,2,28,q_arm2,trees
iter05b_arm2,0,gb_eoh_2122r3,HP_Peak,RandomForest,size_peak,netfit,residual,log,p0.5|n40,n_pred_nan,0.0,2,28,q_arm2,trees
iter05b_arm2,0,gb_eoh_2122r3,HP_Peak,RandomForest,size_peak,netfit,residual,log,p0.5|n40,mape_n_excluded,0.0,2,28,q_arm2,trees
iter05b_arm2,0,gb_eoh_2122r3,HP_Peak,ExtraTrees,size_peak,netfit,residual,log,all,wape,18.129408443566792,30,58,q_arm2,trees
iter05b_arm2,0,gb_eoh_2122r3,HP_Peak,ExtraTrees,size_peak,netfit,residual,log,all,rmse,3.3475810989671544,30,58,q_arm2,trees
iter05b_arm2,0,gb_eoh_2122r3,HP_Peak,ExtraTrees,size_peak,netfit,residual,log,all,mae,2.2455834763722464,30,58,q_arm2,trees
iter05b_arm2,0,gb_eoh_2122r3,HP_Peak,ExtraTrees,size_peak,netfit,residual,log,all,mape,28.63016458125365,30,58,q_arm2,trees
iter05b_arm2,0,gb_eoh_2122r3,HP_Peak,ExtraTrees,size_peak,netfit,residual,log,all,r2,0.9620004522757597,30,58,q_arm2,trees
iter05b_arm2,0,gb_eoh_2122r3,HP_Peak,ExtraTrees,size_peak,netfit,residual,log,all,n_pred_nan,0.0,30,58,q_arm2,trees
iter05b_arm2,0,gb_eoh_2122r3,HP_Peak,ExtraTrees,size_peak,netfit,residual,log,all,mape_n_excluded,0.0,30,58,q_arm2,trees
iter05b_arm2,0,gb_eoh_2122r3,HP_Peak,ExtraTrees,size_peak,netfit,residual,log,all,n_invalid,0.0,30,58,q_arm2,trees
iter05b_arm2,0,gb_eoh_2122r3,HP_Peak,ExtraTrees,size_peak,netfit,residual,log,all,n_resid_excluded_train,0.0,30,58,q_arm2,trees
iter05b_arm2,0,gb_eoh_2122r3,HP_Peak,ExtraTrees,size_peak,netfit,residual,log,all,n_resid_excluded_inner,0.0,30,58,q_arm2,trees
iter05b_arm2,0,gb_eoh_2122r3,HP_Peak,ExtraTrees,size_peak,netfit,residual,log,all,wape_train,13.897331516215946,30,58,q_arm2,trees
iter05b_arm2,0,gb_eoh_2122r3,HP_Peak,ExtraTrees,size_peak,netfit,residual,log,all,wape_inner,20.38310989401678,30,58,q_arm2,trees
iter05b_arm2,0,gb_eoh_2122r3,HP_Peak,ExtraTrees,size_peak,netfit,residual,log,all,n_train_sub,111.0,30,58,q_arm2,trees
iter05b_arm2,0,gb_eoh_2122r3,HP_Peak,ExtraTrees,size_peak,netfit,residual,log,all,n_inner_sub,90.0,30,58,q_arm2,trees
iter05b_arm2,0,gb_eoh_2122r3,HP_Peak,ExtraTrees,size_peak,netfit,residual,log,all,n_test_sub,30.0,30,58,q_arm2,trees
iter05b_arm2,0,gb_eoh_2122r3,HP_Peak,ExtraTrees,size_peak,netfit,residual,log,all,n_overlap_sub,0.0,30,58,q_arm2,trees
iter05b_arm2,0,gb_eoh_2122r3,HP_Peak,ExtraTrees,size_peak,netfit,residual,log,pbin<=15,wape,30.78343702659996,22,34,q_arm2,trees
iter05b_arm2,0,gb_eoh_2122r3,HP_Peak,ExtraTrees,size_peak,netfit,residual,log,pbin<=15,rmse,2.939574369091747,22,34,q_arm2,trees
iter05b_arm2,0,gb_eoh_2122r3,HP_Peak,ExtraTrees,size_peak,netfit,residual,log,pbin<=15,mae,1.7625059647287813,22,34,q_arm2,trees
iter05b_arm2,0,gb_eoh_2122r3,HP_Peak,ExtraTrees,size_peak,netfit,residual,log,pbin<=15,mape,33.12654809843719,22,34,q_arm2,trees
iter05b_arm2,0,gb_eoh_2122r3,HP_Peak,ExtraTrees,size_peak,netfit,residual,log,pbin<=15,r2,0.48291287452703935,22,34,q_arm2,trees
iter05b_arm2,0,gb_eoh_2122r3,HP_Peak,ExtraTrees,size_peak,netfit,residual,log,pbin<=15,n_pred_nan,0.0,22,34,q_arm2,trees
iter05b_arm2,0,gb_eoh_2122r3,HP_Peak,ExtraTrees,size_peak,netfit,residual,log,pbin<=15,mape_n_excluded,0.0,22,34,q_arm2,trees
iter05b_arm2,0,gb_eoh_2122r3,HP_Peak,ExtraTrees,size_peak,netfit,residual,log,pbin35-65,wape,11.64035833905751,8,43,q_arm2,trees
iter05b_arm2,0,gb_eoh_2122r3,HP_Peak,ExtraTrees,size_peak,netfit,residual,log,pbin35-65,rmse,4.273242797536773,8,43,q_arm2,trees
iter05b_arm2,0,gb_eoh_2122r3,HP_Peak,ExtraTrees,size_peak,netfit,residual,log,pbin35-65,mae,3.5740466333917755,8,43,q_arm2,trees
iter05b_arm2,0,gb_eoh_2122r3,HP_Peak,ExtraTrees,size_peak,netfit,residual,log,pbin35-65,mape,16.265109908998905,8,43,q_arm2,trees
iter05b_arm2,0,gb_eoh_2122r3,HP_Peak,ExtraTrees,size_peak,netfit,residual,log,pbin35-65,r2,0.9696869091741366,8,43,q_arm2,trees
iter05b_arm2,0,gb_eoh_2122r3,HP_Peak,ExtraTrees,size_peak,netfit,residual,log,pbin35-65,n_pred_nan,0.0,8,43,q_arm2,trees
iter05b_arm2,0,gb_eoh_2122r3,HP_Peak,ExtraTrees,size_peak,netfit,residual,log,pbin35-65,mape_n_excluded,0.0,8,43,q_arm2,trees
iter05b_arm2,0,gb_eoh_2122r3,HP_Peak,ExtraTrees,size_peak,netfit,residual,log,p0.1|n10,wape,33.20150290518391,16,15,q_arm2,trees
iter05b_arm2,0,gb_eoh_2122r3,HP_Peak,ExtraTrees,size_peak,netfit,residual,log,p0.1|n10,rmse,1.4941385952922197,16,15,q_arm2,trees
iter05b_arm2,0,gb_eoh_2122r3,HP_Peak,ExtraTrees,size_peak,netfit,residual,log,p0.1|n10,mae,1.0922971116919895,16,15,q_arm2,trees
iter05b_arm2,0,gb_eoh_2122r3,HP_Peak,ExtraTrees,size_peak,netfit,residual,log,p0.1|n10,mape,33.8620315961275,16,15,q_arm2,trees
iter05b_arm2,0,gb_eoh_2122r3,HP_Peak,ExtraTrees,size_peak,netfit,residual,log,p0.1|n10,r2,-2.497393180389249,16,15,q_arm2,trees
iter05b_arm2,0,gb_eoh_2122r3,HP_Peak,ExtraTrees,size_peak,netfit,residual,log,p0.1|n10,n_pred_nan,0.0,16,15,q_arm2,trees
iter05b_arm2,0,gb_eoh_2122r3,HP_Peak,ExtraTrees,size_peak,netfit,residual,log,p0.1|n10,mape_n_excluded,0.0,16,15,q_arm2,trees
iter05b_arm2,0,gb_eoh_2122r3,HP_Peak,ExtraTrees,size_peak,netfit,residual,log,p0.1|n40,wape,29.047502155704443,6,22,q_arm2,trees
iter05b_arm2,0,gb_eoh_2122r3,HP_Peak,ExtraTrees,size_peak,netfit,residual,log,p0.1|n40,rmse,5.0725559320096245,6,22,q_arm2,trees
iter05b_arm2,0,gb_eoh_2122r3,HP_Peak,ExtraTrees,size_peak,netfit,residual,log,p0.1|n40,mae,3.5497295728268923,6,22,q_arm2,trees
iter05b_arm2,0,gb_eoh_2122r3,HP_Peak,ExtraTrees,size_peak,netfit,residual,log,p0.1|n40,mape,31.16525877126301,6,22,q_arm2,trees
iter05b_arm2,0,gb_eoh_2122r3,HP_Peak,ExtraTrees,size_peak,netfit,residual,log,p0.1|n40,r2,-15.402286829408549,6,22,q_arm2,trees
iter05b_arm2,0,gb_eoh_2122r3,HP_Peak,ExtraTrees,size_peak,netfit,residual,log,p0.1|n40,n_pred_nan,0.0,6,22,q_arm2,trees
iter05b_arm2,0,gb_eoh_2122r3,HP_Peak,ExtraTrees,size_peak,netfit,residual,log,p0.1|n40,mape_n_excluded,0.0,6,22,q_arm2,trees
iter05b_arm2,0,gb_eoh_2122r3,HP_Peak,ExtraTrees,size_peak,netfit,residual,log,p0.5|n10,wape,20.03960288472229,6,24,q_arm2,trees
iter05b_arm2,0,gb_eoh_2122r3,HP_Peak,ExtraTrees,size_peak,netfit,residual,log,p0.5|n10,rmse,3.62846014272139,6,24,q_arm2,trees
iter05b_arm2,0,gb_eoh_2122r3,HP_Peak,ExtraTrees,size_peak,netfit,residual,log,p0.5|n10,mae,3.3210602794730377,6,24,q_arm2,trees
iter05b_arm2,0,gb_eoh_2122r3,HP_Peak,ExtraTrees,size_peak,netfit,residual,log,p0.5|n10,mape,19.711425559601025,6,24,q_arm2,trees
iter05b_arm2,0,gb_eoh_2122r3,HP_Peak,ExtraTrees,size_peak,netfit,residual,log,p0.5|n10,r2,-1.985630324942949,6,24,q_arm2,trees
iter05b_arm2,0,gb_eoh_2122r3,HP_Peak,ExtraTrees,size_peak,netfit,residual,log,p0.5|n10,n_pred_nan,0.0,6,24,q_arm2,trees
iter05b_arm2,0,gb_eoh_2122r3,HP_Peak,ExtraTrees,size_peak,netfit,residual,log,p0.5|n10,mape_n_excluded,0.0,6,24,q_arm2,trees
iter05b_arm2,0,gb_eoh_2122r3,HP_Peak,ExtraTrees,size_peak,netfit,residual,log,p0.5|n40,wape,5.927647527907602,2,28,q_arm2,trees
iter05b_arm2,0,gb_eoh_2122r3,HP_Peak,ExtraTrees,size_peak,netfit,residual,log,p0.5|n40,rmse,5.791825878325975,2,28,q_arm2,trees
iter05b_arm2,0,gb_eoh_2122r3,HP_Peak,ExtraTrees,size_peak,netfit,residual,log,p0.5|n40,mae,4.333005695147989,2,28,q_arm2,trees
iter05b_arm2,0,gb_eoh_2122r3,HP_Peak,ExtraTrees,size_peak,netfit,residual,log,p0.5|n40,mape,5.926162957192547,2,28,q_arm2,trees
iter05b_arm2,0,gb_eoh_2122r3,HP_Peak,ExtraTrees,size_peak,netfit,residual,log,p0.5|n40,r2,-78688.1135957456,2,28,q_arm2,trees
iter05b_arm2,0,gb_eoh_2122r3,HP_Peak,ExtraTrees,size_peak,netfit,residual,log,p0.5|n40,n_pred_nan,0.0,2,28,q_arm2,trees
iter05b_arm2,0,gb_eoh_2122r3,HP_Peak,ExtraTrees,size_peak,netfit,residual,log,p0.5|n40,mape_n_excluded,0.0,2,28,q_arm2,trees
iter05b_arm2,0,gb_eoh_2122r3,HP_Peak,XGBoost,size_peak,both,direct,log,all,wape,45.09061925704118,30,58,q_arm2,trees
iter05b_arm2,0,gb_eoh_2122r3,HP_Peak,XGBoost,size_peak,both,direct,log,all,rmse,13.62688872332327,30,58,q_arm2,trees
iter05b_arm2,0,gb_eoh_2122r3,HP_Peak,XGBoost,size_peak,both,direct,log,all,mae,5.585110504746452,30,58,q_arm2,trees
iter05b_arm2,0,gb_eoh_2122r3,HP_Peak,XGBoost,size_peak,both,direct,log,all,mape,52.633410895468224,30,58,q_arm2,trees
iter05b_arm2,0,gb_eoh_2122r3,HP_Peak,XGBoost,size_peak,both,direct,log,all,r2,0.3703348857929467,30,58,q_arm2,trees
iter05b_arm2,0,gb_eoh_2122r3,HP_Peak,XGBoost,size_peak,both,direct,log,all,n_pred_nan,0.0,30,58,q_arm2,trees
iter05b_arm2,0,gb_eoh_2122r3,HP_Peak,XGBoost,size_peak,both,direct,log,all,mape_n_excluded,0.0,30,58,q_arm2,trees
iter05b_arm2,0,gb_eoh_2122r3,HP_Peak,XGBoost,size_peak,both,direct,log,all,wape_train,35.16323868960819,30,58,q_arm2,trees
iter05b_arm2,0,gb_eoh_2122r3,HP_Peak,XGBoost,size_peak,both,direct,log,all,wape_inner,38.35916420179861,30,58,q_arm2,trees
iter05b_arm2,0,gb_eoh_2122r3,HP_Peak,XGBoost,size_peak,both,direct,log,all,n_train_sub,111.0,30,58,q_arm2,trees
iter05b_arm2,0,gb_eoh_2122r3,HP_Peak,XGBoost,size_peak,both,direct,log,all,n_inner_sub,90.0,30,58,q_arm2,trees
iter05b_arm2,0,gb_eoh_2122r3,HP_Peak,XGBoost,size_peak,both,direct,log,all,n_test_sub,30.0,30,58,q_arm2,trees
iter05b_arm2,0,gb_eoh_2122r3,HP_Peak,XGBoost,size_peak,both,direct,log,all,n_overlap_sub,0.0,30,58,q_arm2,trees
iter05b_arm2,0,gb_eoh_2122r3,HP_Peak,XGBoost,size_peak,both,direct,log,pbin<=15,wape,37.01331801464456,22,34,q_arm2,trees
iter05b_arm2,0,gb_eoh_2122r3,HP_Peak,XGBoost,size_peak,both,direct,log,pbin<=15,rmse,2.8707965794437804,22,34,q_arm2,trees
iter05b_arm2,0,gb_eoh_2122r3,HP_Peak,XGBoost,size_peak,both,direct,log,pbin<=15,mae,2.1191978569138894,22,34,q_arm2,trees
iter05b_arm2,0,gb_eoh_2122r3,HP_Peak,XGBoost,size_peak,both,direct,log,pbin<=15,mape,60.6349371026408,22,34,q_arm2,trees
iter05b_arm2,0,gb_eoh_2122r3,HP_Peak,XGBoost,size_peak,both,direct,log,pbin<=15,r2,0.5068265810436998,22,34,q_arm2,trees
iter05b_arm2,0,gb_eoh_2122r3,HP_Peak,XGBoost,size_peak,both,direct,log,pbin<=15,n_pred_nan,0.0,22,34,q_arm2,trees
iter05b_arm2,0,gb_eoh_2122r3,HP_Peak,XGBoost,size_peak,both,direct,log,pbin<=15,mape_n_excluded,0.0,22,34,q_arm2,trees
iter05b_arm2,0,gb_eoh_2122r3,HP_Peak,XGBoost,size_peak,both,direct,log,pbin35-65,wape,49.23270034427728,8,43,q_arm2,trees
iter05b_arm2,0,gb_eoh_2122r3,HP_Peak,XGBoost,size_peak,both,direct,log,pbin35-65,rmse,25.955371511314944,8,43,q_arm2,trees
iter05b_arm2,0,gb_eoh_2122r3,HP_Peak,XGBoost,size_peak,both,direct,log,pbin35-65,mae,15.116370286285994,8,43,q_arm2,trees
iter05b_arm2,0,gb_eoh_2122r3,HP_Peak,XGBoost,size_peak,both,direct,log,pbin35-65,mape,30.629213825743705,8,43,q_arm2,trees
iter05b_arm2,0,gb_eoh_2122r3,HP_Peak,XGBoost,size_peak,both,direct,log,pbin35-65,r2,-0.11832898512153522,8,43,q_arm2,trees
iter05b_arm2,0,gb_eoh_2122r3,HP_Peak,XGBoost,size_peak,both,direct,log,pbin35-65,n_pred_nan,0.0,8,43,q_arm2,trees
iter05b_arm2,0,gb_eoh_2122r3,HP_Peak,XGBoost,size_peak,both,direct,log,pbin35-65,mape_n_excluded,0.0,8,43,q_arm2,trees
iter05b_arm2,0,gb_eoh_2122r3,HP_Peak,XGBoost,size_peak,both,direct,log,p0.1|n10,wape,65.02130765271433,16,15,q_arm2,trees
iter05b_arm2,0,gb_eoh_2122r3,HP_Peak,XGBoost,size_peak,both,direct,log,p0.1|n10,rmse,2.897962432124285,16,15,q_arm2,trees
iter05b_arm2,0,gb_eoh_2122r3,HP_Peak,XGBoost,size_peak,both,direct,log,p0.1|n10,mae,2.1391376995891056,16,15,q_arm2,trees
iter05b_arm2,0,gb_eoh_2122r3,HP_Peak,XGBoost,size_peak,both,direct,log,p0.1|n10,mape,76.52880292002537,16,15,q_arm2,trees
iter05b_arm2,0,gb_eoh_2122r3,HP_Peak,XGBoost,size_peak,both,direct,log,p0.1|n10,r2,-12.156736983533705,16,15,q_arm2,trees
iter05b_arm2,0,gb_eoh_2122r3,HP_Peak,XGBoost,size_peak,both,direct,log,p0.1|n10,n_pred_nan,0.0,16,15,q_arm2,trees
iter05b_arm2,0,gb_eoh_2122r3,HP_Peak,XGBoost,size_peak,both,direct,log,p0.1|n10,mape_n_excluded,0.0,16,15,q_arm2,trees
iter05b_arm2,0,gb_eoh_2122r3,HP_Peak,XGBoost,size_peak,both,direct,log,p0.1|n40,wape,16.906319976659727,6,22,q_arm2,trees
iter05b_arm2,0,gb_eoh_2122r3,HP_Peak,XGBoost,size_peak,both,direct,log,p0.1|n40,rmse,2.797064707985713,6,22,q_arm2,trees
iter05b_arm2,0,gb_eoh_2122r3,HP_Peak,XGBoost,size_peak,both,direct,log,p0.1|n40,mae,2.0660249431133124,6,22,q_arm2,trees
iter05b_arm2,0,gb_eoh_2122r3,HP_Peak,XGBoost,size_peak,both,direct,log,p0.1|n40,mape,18.25129492294861,6,22,q_arm2,trees
iter05b_arm2,0,gb_eoh_2122r3,HP_Peak,XGBoost,size_peak,both,direct,log,p0.1|n40,r2,-3.9871880058766287,6,22,q_arm2,trees
iter05b_arm2,0,gb_eoh_2122r3,HP_Peak,XGBoost,size_peak,both,direct,log,p0.1|n40,n_pred_nan,0.0,6,22,q_arm2,trees
iter05b_arm2,0,gb_eoh_2122r3,HP_Peak,XGBoost,size_peak,both,direct,log,p0.1|n40,mape_n_excluded,0.0,6,22,q_arm2,trees
iter05b_arm2,0,gb_eoh_2122r3,HP_Peak,XGBoost,size_peak,both,direct,log,p0.5|n10,wape,18.112571245470942,6,24,q_arm2,trees
iter05b_arm2,0,gb_eoh_2122r3,HP_Peak,XGBoost,size_peak,both,direct,log,p0.5|n10,rmse,3.9393310717691947,6,24,q_arm2,trees
iter05b_arm2,0,gb_eoh_2122r3,HP_Peak,XGBoost,size_peak,both,direct,log,p0.5|n10,mae,3.0017032407522506,6,24,q_arm2,trees
iter05b_arm2,0,gb_eoh_2122r3,HP_Peak,XGBoost,size_peak,both,direct,log,p0.5|n10,mape,17.372644183622057,6,24,q_arm2,trees
iter05b_arm2,0,gb_eoh_2122r3,HP_Peak,XGBoost,size_peak,both,direct,log,p0.5|n10,r2,-2.51913787825384,6,24,q_arm2,trees
iter05b_arm2,0,gb_eoh_2122r3,HP_Peak,XGBoost,size_peak,both,direct,log,p0.5|n10,n_pred_nan,0.0,6,24,q_arm2,trees
iter05b_arm2,0,gb_eoh_2122r3,HP_Peak,XGBoost,size_peak,both,direct,log,p0.5|n10,mape_n_excluded,0.0,6,24,q_arm2,trees
iter05b_arm2,0,gb_eoh_2122r3,HP_Peak,XGBoost,size_peak,both,direct,log,p0.5|n40,wape,70.39892511372898,2,28,q_arm2,trees
iter05b_arm2,0,gb_eoh_2122r3,HP_Peak,XGBoost,size_peak,both,direct,log,p0.5|n40,rmse,51.46037556491886,2,28,q_arm2,trees
iter05b_arm2,0,gb_eoh_2122r3,HP_Peak,XGBoost,size_peak,both,direct,log,p0.5|n40,mae,51.46037142288723,2,28,q_arm2,trees
iter05b_arm2,0,gb_eoh_2122r3,HP_Peak,XGBoost,size_peak,both,direct,log,p0.5|n40,mape,70.39892275210863,2,28,q_arm2,trees
iter05b_arm2,0,gb_eoh_2122r3,HP_Peak,XGBoost,size_peak,both,direct,log,p0.5|n40,r2,-6211972.036040394,2,28,q_arm2,trees
iter05b_arm2,0,gb_eoh_2122r3,HP_Peak,XGBoost,size_peak,both,direct,log,p0.5|n40,n_pred_nan,0.0,2,28,q_arm2,trees
iter05b_arm2,0,gb_eoh_2122r3,HP_Peak,XGBoost,size_peak,both,direct,log,p0.5|n40,mape_n_excluded,0.0,2,28,q_arm2,trees
iter05b_arm2,0,gb_eoh_2122r3,HP_Peak,RandomForest,size_peak,both,direct,log,all,wape,24.52092380637465,30,58,q_arm2,trees
iter05b_arm2,0,gb_eoh_2122r3,HP_Peak,RandomForest,size_peak,both,direct,log,all,rmse,5.4912988089340935,30,58,q_arm2,trees
iter05b_arm2,0,gb_eoh_2122r3,HP_Peak,RandomForest,size_peak,both,direct,log,all,mae,3.037262991585206,30,58,q_arm2,trees
iter05b_arm2,0,gb_eoh_2122r3,HP_Peak,RandomForest,size_peak,both,direct,log,all,mape,34.72186289907008,30,58,q_arm2,trees
iter05b_arm2,0,gb_eoh_2122r3,HP_Peak,RandomForest,size_peak,both,direct,log,all,r2,0.8977492819746691,30,58,q_arm2,trees
iter05b_arm2,0,gb_eoh_2122r3,HP_Peak,RandomForest,size_peak,both,direct,log,all,n_pred_nan,0.0,30,58,q_arm2,trees
iter05b_arm2,0,gb_eoh_2122r3,HP_Peak,RandomForest,size_peak,both,direct,log,all,mape_n_excluded,0.0,30,58,q_arm2,trees
iter05b_arm2,0,gb_eoh_2122r3,HP_Peak,RandomForest,size_peak,both,direct,log,all,wape_train,13.175874210928953,30,58,q_arm2,trees
iter05b_arm2,0,gb_eoh_2122r3,HP_Peak,RandomForest,size_peak,both,direct,log,all,wape_inner,17.689471089602797,30,58,q_arm2,trees
iter05b_arm2,0,gb_eoh_2122r3,HP_Peak,RandomForest,size_peak,both,direct,log,all,n_train_sub,111.0,30,58,q_arm2,trees
iter05b_arm2,0,gb_eoh_2122r3,HP_Peak,RandomForest,size_peak,both,direct,log,all,n_inner_sub,90.0,30,58,q_arm2,trees
iter05b_arm2,0,gb_eoh_2122r3,HP_Peak,RandomForest,size_peak,both,direct,log,all,n_test_sub,30.0,30,58,q_arm2,trees
iter05b_arm2,0,gb_eoh_2122r3,HP_Peak,RandomForest,size_peak,both,direct,log,all,n_overlap_sub,0.0,30,58,q_arm2,trees
iter05b_arm2,0,gb_eoh_2122r3,HP_Peak,RandomForest,size_peak,both,direct,log,pbin<=15,wape,29.197839315834806,22,34,q_arm2,trees
iter05b_arm2,0,gb_eoh_2122r3,HP_Peak,RandomForest,size_peak,both,direct,log,pbin<=15,rmse,2.6621838870423478,22,34,q_arm2,trees
iter05b_arm2,0,gb_eoh_2122r3,HP_Peak,RandomForest,size_peak,both,direct,log,pbin<=15,mae,1.6717225534914641,22,34,q_arm2,trees
iter05b_arm2,0,gb_eoh_2122r3,HP_Peak,RandomForest,size_peak,both,direct,log,pbin<=15,mape,40.17454596824835,22,34,q_arm2,trees
iter05b_arm2,0,gb_eoh_2122r3,HP_Peak,RandomForest,size_peak,both,direct,log,pbin<=15,r2,0.5758974128208059,22,34,q_arm2,trees
iter05b_arm2,0,gb_eoh_2122r3,HP_Peak,RandomForest,size_peak,both,direct,log,pbin<=15,n_pred_nan,0.0,22,34,q_arm2,trees
iter05b_arm2,0,gb_eoh_2122r3,HP_Peak,RandomForest,size_peak,both,direct,log,pbin<=15,mape_n_excluded,0.0,22,34,q_arm2,trees
iter05b_arm2,0,gb_eoh_2122r3,HP_Peak,RandomForest,size_peak,both,direct,log,pbin35-65,wape,22.1225777874526,8,43,q_arm2,trees
iter05b_arm2,0,gb_eoh_2122r3,HP_Peak,RandomForest,size_peak,both,direct,log,pbin35-65,rmse,9.674140602688022,8,43,q_arm2,trees
iter05b_arm2,0,gb_eoh_2122r3,HP_Peak,RandomForest,size_peak,both,direct,log,pbin35-65,mae,6.792499196342996,8,43,q_arm2,trees
iter05b_arm2,0,gb_eoh_2122r3,HP_Peak,RandomForest,size_peak,both,direct,log,pbin35-65,mape,19.726984458829815,8,43,q_arm2,trees
iter05b_arm2,0,gb_eoh_2122r3,HP_Peak,RandomForest,size_peak,both,direct,log,pbin35-65,r2,0.8446397639885737,8,43,q_arm2,trees
iter05b_arm2,0,gb_eoh_2122r3,HP_Peak,RandomForest,size_peak,both,direct,log,pbin35-65,n_pred_nan,0.0,8,43,q_arm2,trees
iter05b_arm2,0,gb_eoh_2122r3,HP_Peak,RandomForest,size_peak,both,direct,log,pbin35-65,mape_n_excluded,0.0,8,43,q_arm2,trees
iter05b_arm2,0,gb_eoh_2122r3,HP_Peak,RandomForest,size_peak,both,direct,log,p0.1|n10,wape,43.50034021928945,16,15,q_arm2,trees
iter05b_arm2,0,gb_eoh_2122r3,HP_Peak,RandomForest,size_peak,both,direct,log,p0.1|n10,rmse,2.617537756750572,16,15,q_arm2,trees
iter05b_arm2,0,gb_eoh_2122r3,HP_Peak,RandomForest,size_peak,both,direct,log,p0.1|n10,mae,1.4311188296156907,16,15,q_arm2,trees
iter05b_arm2,0,gb_eoh_2122r3,HP_Peak,RandomForest,size_peak,both,direct,log,p0.1|n10,mape,47.62315714773042,16,15,q_arm2,trees
iter05b_arm2,0,gb_eoh_2122r3,HP_Peak,RandomForest,size_peak,both,direct,log,p0.1|n10,r2,-9.73367892662479,16,15,q_arm2,trees
iter05b_arm2,0,gb_eoh_2122r3,HP_Peak,RandomForest,size_peak,both,direct,log,p0.1|n10,n_pred_nan,0.0,16,15,q_arm2,trees
iter05b_arm2,0,gb_eoh_2122r3,HP_Peak,RandomForest,size_peak,both,direct,log,p0.1|n10,mape_n_excluded,0.0,16,15,q_arm2,trees
iter05b_arm2,0,gb_eoh_2122r3,HP_Peak,RandomForest,size_peak,both,direct,log,p0.1|n40,wape,18.93004211509798,6,22,q_arm2,trees
iter05b_arm2,0,gb_eoh_2122r3,HP_Peak,RandomForest,size_peak,both,direct,log,p0.1|n40,rmse,2.777734224662756,6,22,q_arm2,trees
iter05b_arm2,0,gb_eoh_2122r3,HP_Peak,RandomForest,size_peak,both,direct,log,p0.1|n40,mae,2.31333248382686,6,22,q_arm2,trees
iter05b_arm2,0,gb_eoh_2122r3,HP_Peak,RandomForest,size_peak,both,direct,log,p0.1|n40,mape,20.31158282296286,6,22,q_arm2,trees
iter05b_arm2,0,gb_eoh_2122r3,HP_Peak,RandomForest,size_peak,both,direct,log,p0.1|n40,r2,-3.9184934002749934,6,22,q_arm2,trees
iter05b_arm2,0,gb_eoh_2122r3,HP_Peak,RandomForest,size_peak,both,direct,log,p0.1|n40,n_pred_nan,0.0,6,22,q_arm2,trees
iter05b_arm2,0,gb_eoh_2122r3,HP_Peak,RandomForest,size_peak,both,direct,log,p0.1|n40,mape_n_excluded,0.0,6,22,q_arm2,trees
iter05b_arm2,0,gb_eoh_2122r3,HP_Peak,RandomForest,size_peak,both,direct,log,p0.5|n10,wape,18.054669877329697,6,24,q_arm2,trees
iter05b_arm2,0,gb_eoh_2122r3,HP_Peak,RandomForest,size_peak,both,direct,log,p0.5|n10,rmse,3.705248981774418,6,24,q_arm2,trees
iter05b_arm2,0,gb_eoh_2122r3,HP_Peak,RandomForest,size_peak,both,direct,log,p0.5|n10,mae,2.992107544920991,6,24,q_arm2,trees
iter05b_arm2,0,gb_eoh_2122r3,HP_Peak,RandomForest,size_peak,both,direct,log,p0.5|n10,mape,18.006006593186555,6,24,q_arm2,trees
iter05b_arm2,0,gb_eoh_2122r3,HP_Peak,RandomForest,size_peak,both,direct,log,p0.5|n10,r2,-2.113336854116906,6,24,q_arm2,trees
iter05b_arm2,0,gb_eoh_2122r3,HP_Peak,RandomForest,size_peak,both,direct,log,p0.5|n10,n_pred_nan,0.0,6,24,q_arm2,trees
iter05b_arm2,0,gb_eoh_2122r3,HP_Peak,RandomForest,size_peak,both,direct,log,p0.5|n10,mape_n_excluded,0.0,6,24,q_arm2,trees
iter05b_arm2,0,gb_eoh_2122r3,HP_Peak,RandomForest,size_peak,both,direct,log,p0.5|n40,wape,24.88934822383856,2,28,q_arm2,trees
iter05b_arm2,0,gb_eoh_2122r3,HP_Peak,RandomForest,size_peak,both,direct,log,p0.5|n40,rmse,18.252927862441325,2,28,q_arm2,trees
iter05b_arm2,0,gb_eoh_2122r3,HP_Peak,RandomForest,size_peak,both,direct,log,p0.5|n40,mae,18.193674150609013,2,28,q_arm2,trees
iter05b_arm2,0,gb_eoh_2122r3,HP_Peak,RandomForest,size_peak,both,direct,log,p0.5|n40,mape,24.889918055759587,2,28,q_arm2,trees
iter05b_arm2,0,gb_eoh_2122r3,HP_Peak,RandomForest,size_peak,both,direct,log,p0.5|n40,r2,-781534.543190572,2,28,q_arm2,trees
iter05b_arm2,0,gb_eoh_2122r3,HP_Peak,RandomForest,size_peak,both,direct,log,p0.5|n40,n_pred_nan,0.0,2,28,q_arm2,trees
iter05b_arm2,0,gb_eoh_2122r3,HP_Peak,RandomForest,size_peak,both,direct,log,p0.5|n40,mape_n_excluded,0.0,2,28,q_arm2,trees
iter05b_arm2,0,gb_eoh_2122r3,HP_Peak,ExtraTrees,size_peak,both,direct,log,all,wape,18.543224630112253,30,58,q_arm2,trees
iter05b_arm2,0,gb_eoh_2122r3,HP_Peak,ExtraTrees,size_peak,both,direct,log,all,rmse,3.3516012253111507,30,58,q_arm2,trees
iter05b_arm2,0,gb_eoh_2122r3,HP_Peak,ExtraTrees,size_peak,both,direct,log,all,mae,2.29684045994424,30,58,q_arm2,trees
iter05b_arm2,0,gb_eoh_2122r3,HP_Peak,ExtraTrees,size_peak,both,direct,log,all,mape,30.974153011435618,30,58,q_arm2,trees
iter05b_arm2,0,gb_eoh_2122r3,HP_Peak,ExtraTrees,size_peak,both,direct,log,all,r2,0.9619091297923008,30,58,q_arm2,trees
iter05b_arm2,0,gb_eoh_2122r3,HP_Peak,ExtraTrees,size_peak,both,direct,log,all,n_pred_nan,0.0,30,58,q_arm2,trees
iter05b_arm2,0,gb_eoh_2122r3,HP_Peak,ExtraTrees,size_peak,both,direct,log,all,mape_n_excluded,0.0,30,58,q_arm2,trees
iter05b_arm2,0,gb_eoh_2122r3,HP_Peak,ExtraTrees,size_peak,both,direct,log,all,wape_train,8.167528518271519,30,58,q_arm2,trees
iter05b_arm2,0,gb_eoh_2122r3,HP_Peak,ExtraTrees,size_peak,both,direct,log,all,wape_inner,21.240558136697686,30,58,q_arm2,trees
iter05b_arm2,0,gb_eoh_2122r3,HP_Peak,ExtraTrees,size_peak,both,direct,log,all,n_train_sub,111.0,30,58,q_arm2,trees
iter05b_arm2,0,gb_eoh_2122r3,HP_Peak,ExtraTrees,size_peak,both,direct,log,all,n_inner_sub,90.0,30,58,q_arm2,trees
iter05b_arm2,0,gb_eoh_2122r3,HP_Peak,ExtraTrees,size_peak,both,direct,log,all,n_test_sub,30.0,30,58,q_arm2,trees
iter05b_arm2,0,gb_eoh_2122r3,HP_Peak,ExtraTrees,size_peak,both,direct,log,all,n_overlap_sub,0.0,30,58,q_arm2,trees
iter05b_arm2,0,gb_eoh_2122r3,HP_Peak,ExtraTrees,size_peak,both,direct,log,pbin<=15,wape,27.260622012362052,22,34,q_arm2,trees
iter05b_arm2,0,gb_eoh_2122r3,HP_Peak,ExtraTrees,size_peak,both,direct,log,pbin<=15,rmse,2.3064040425585044,22,34,q_arm2,trees
iter05b_arm2,0,gb_eoh_2122r3,HP_Peak,ExtraTrees,size_peak,both,direct,log,pbin<=15,mae,1.5608071593008743,22,34,q_arm2,trees
iter05b_arm2,0,gb_eoh_2122r3,HP_Peak,ExtraTrees,size_peak,both,direct,log,pbin<=15,mape,36.19613751684388,22,34,q_arm2,trees
iter05b_arm2,0,gb_eoh_2122r3,HP_Peak,ExtraTrees,size_peak,both,direct,log,pbin<=15,r2,0.6816787716942673,22,34,q_arm2,trees
iter05b_arm2,0,gb_eoh_2122r3,HP_Peak,ExtraTrees,size_peak,both,direct,log,pbin<=15,n_pred_nan,0.0,22,34,q_arm2,trees
iter05b_arm2,0,gb_eoh_2122r3,HP_Peak,ExtraTrees,size_peak,both,direct,log,pbin<=15,mape_n_excluded,0.0,22,34,q_arm2,trees
iter05b_arm2,0,gb_eoh_2122r3,HP_Peak,ExtraTrees,size_peak,both,direct,log,pbin35-65,wape,14.072898992458462,8,43,q_arm2,trees
iter05b_arm2,0,gb_eoh_2122r3,HP_Peak,ExtraTrees,size_peak,both,direct,log,pbin35-65,rmse,5.243662029530882,8,43,q_arm2,trees
iter05b_arm2,0,gb_eoh_2122r3,HP_Peak,ExtraTrees,size_peak,both,direct,log,pbin35-65,mae,4.3209320367134945,8,43,q_arm2,trees
iter05b_arm2,0,gb_eoh_2122r3,HP_Peak,ExtraTrees,size_peak,both,direct,log,pbin35-65,mape,16.613695621562908,8,43,q_arm2,trees
iter05b_arm2,0,gb_eoh_2122r3,HP_Peak,ExtraTrees,size_peak,both,direct,log,pbin35-65,r2,0.9543559190718502,8,43,q_arm2,trees
iter05b_arm2,0,gb_eoh_2122r3,HP_Peak,ExtraTrees,size_peak,both,direct,log,pbin35-65,n_pred_nan,0.0,8,43,q_arm2,trees
iter05b_arm2,0,gb_eoh_2122r3,HP_Peak,ExtraTrees,size_peak,both,direct,log,pbin35-65,mape_n_excluded,0.0,8,43,q_arm2,trees
iter05b_arm2,0,gb_eoh_2122r3,HP_Peak,ExtraTrees,size_peak,both,direct,log,p0.1|n10,wape,37.445394757692895,16,15,q_arm2,trees
iter05b_arm2,0,gb_eoh_2122r3,HP_Peak,ExtraTrees,size_peak,both,direct,log,p0.1|n10,rmse,1.8941833671504533,16,15,q_arm2,trees
iter05b_arm2,0,gb_eoh_2122r3,HP_Peak,ExtraTrees,size_peak,both,direct,log,p0.1|n10,mae,1.2319170206481276,16,15,q_arm2,trees
iter05b_arm2,0,gb_eoh_2122r3,HP_Peak,ExtraTrees,size_peak,both,direct,log,p0.1|n10,mape,41.65443912444569,16,15,q_arm2,trees
iter05b_arm2,0,gb_eoh_2122r3,HP_Peak,ExtraTrees,size_peak,both,direct,log,p0.1|n10,r2,-4.620911247103676,16,15,q_arm2,trees
iter05b_arm2,0,gb_eoh_2122r3,HP_Peak,ExtraTrees,size_peak,both,direct,log,p0.1|n10,n_pred_nan,0.0,16,15,q_arm2,trees
iter05b_arm2,0,gb_eoh_2122r3,HP_Peak,ExtraTrees,size_peak,both,direct,log,p0.1|n10,mape_n_excluded,0.0,16,15,q_arm2,trees
iter05b_arm2,0,gb_eoh_2122r3,HP_Peak,ExtraTrees,size_peak,both,direct,log,p0.1|n40,wape,19.948951012265166,6,22,q_arm2,trees
iter05b_arm2,0,gb_eoh_2122r3,HP_Peak,ExtraTrees,size_peak,both,direct,log,p0.1|n40,rmse,3.152303425312824,6,22,q_arm2,trees
iter05b_arm2,0,gb_eoh_2122r3,HP_Peak,ExtraTrees,size_peak,both,direct,log,p0.1|n40,mae,2.437847529041531,6,22,q_arm2,trees
iter05b_arm2,0,gb_eoh_2122r3,HP_Peak,ExtraTrees,size_peak,both,direct,log,p0.1|n40,mape,21.640666563239073,6,22,q_arm2,trees
iter05b_arm2,0,gb_eoh_2122r3,HP_Peak,ExtraTrees,size_peak,both,direct,log,p0.1|n40,r2,-5.334418329784442,6,22,q_arm2,trees
iter05b_arm2,0,gb_eoh_2122r3,HP_Peak,ExtraTrees,size_peak,both,direct,log,p0.1|n40,n_pred_nan,0.0,6,22,q_arm2,trees
iter05b_arm2,0,gb_eoh_2122r3,HP_Peak,ExtraTrees,size_peak,both,direct,log,p0.1|n40,mape_n_excluded,0.0,6,22,q_arm2,trees
iter05b_arm2,0,gb_eoh_2122r3,HP_Peak,ExtraTrees,size_peak,both,direct,log,p0.5|n10,wape,18.033049081378564,6,24,q_arm2,trees
iter05b_arm2,0,gb_eoh_2122r3,HP_Peak,ExtraTrees,size_peak,both,direct,log,p0.5|n10,rmse,3.6873812525783136,6,24,q_arm2,trees
iter05b_arm2,0,gb_eoh_2122r3,HP_Peak,ExtraTrees,size_peak,both,direct,log,p0.5|n10,mae,2.988524441650085,6,24,q_arm2,trees
iter05b_arm2,0,gb_eoh_2122r3,HP_Peak,ExtraTrees,size_peak,both,direct,log,p0.5|n10,mape,18.358459648823814,6,24,q_arm2,trees
iter05b_arm2,0,gb_eoh_2122r3,HP_Peak,ExtraTrees,size_peak,both,direct,log,p0.5|n10,r2,-2.08338252030677,6,24,q_arm2,trees
iter05b_arm2,0,gb_eoh_2122r3,HP_Peak,ExtraTrees,size_peak,both,direct,log,p0.5|n10,n_pred_nan,0.0,6,24,q_arm2,trees
iter05b_arm2,0,gb_eoh_2122r3,HP_Peak,ExtraTrees,size_peak,both,direct,log,p0.5|n10,mape_n_excluded,0.0,6,24,q_arm2,trees
iter05b_arm2,0,gb_eoh_2122r3,HP_Peak,ExtraTrees,size_peak,both,direct,log,p0.5|n40,wape,11.379419584429208,2,28,q_arm2,trees
iter05b_arm2,0,gb_eoh_2122r3,HP_Peak,ExtraTrees,size_peak,both,direct,log,p0.5|n40,rmse,8.318270518213367,2,28,q_arm2,trees
iter05b_arm2,0,gb_eoh_2122r3,HP_Peak,ExtraTrees,size_peak,both,direct,log,p0.5|n40,mae,8.318154821903725,2,28,q_arm2,trees
iter05b_arm2,0,gb_eoh_2122r3,HP_Peak,ExtraTrees,size_peak,both,direct,log,p0.5|n40,mape,11.379403539780174,2,28,q_arm2,trees
iter05b_arm2,0,gb_eoh_2122r3,HP_Peak,ExtraTrees,size_peak,both,direct,log,p0.5|n40,r2,-162310.6673083954,2,28,q_arm2,trees
iter05b_arm2,0,gb_eoh_2122r3,HP_Peak,ExtraTrees,size_peak,both,direct,log,p0.5|n40,n_pred_nan,0.0,2,28,q_arm2,trees
iter05b_arm2,0,gb_eoh_2122r3,HP_Peak,ExtraTrees,size_peak,both,direct,log,p0.5|n40,mape_n_excluded,0.0,2,28,q_arm2,trees
iter05b_arm2,0,gb_eoh_2122r3,HP_Peak,XGBoost,size_peak,both,residual,log,all,wape,26.605133305626293,30,58,q_arm2,trees
iter05b_arm2,0,gb_eoh_2122r3,HP_Peak,XGBoost,size_peak,both,residual,log,all,rmse,5.156724940664655,30,58,q_arm2,trees
iter05b_arm2,0,gb_eoh_2122r3,HP_Peak,XGBoost,size_peak,both,residual,log,all,mae,3.2954217962360195,30,58,q_arm2,trees
iter05b_arm2,0,gb_eoh_2122r3,HP_Peak,XGBoost,size_peak,both,residual,log,all,mape,33.5166034354509,30,58,q_arm2,trees
iter05b_arm2,0,gb_eoh_2122r3,HP_Peak,XGBoost,size_peak,both,residual,log,all,r2,0.9098295686937808,30,58,q_arm2,trees
iter05b_arm2,0,gb_eoh_2122r3,HP_Peak,XGBoost,size_peak,both,residual,log,all,n_pred_nan,0.0,30,58,q_arm2,trees
iter05b_arm2,0,gb_eoh_2122r3,HP_Peak,XGBoost,size_peak,both,residual,log,all,mape_n_excluded,0.0,30,58,q_arm2,trees
iter05b_arm2,0,gb_eoh_2122r3,HP_Peak,XGBoost,size_peak,both,residual,log,all,n_invalid,0.0,30,58,q_arm2,trees
iter05b_arm2,0,gb_eoh_2122r3,HP_Peak,XGBoost,size_peak,both,residual,log,all,n_resid_excluded_train,0.0,30,58,q_arm2,trees
iter05b_arm2,0,gb_eoh_2122r3,HP_Peak,XGBoost,size_peak,both,residual,log,all,n_resid_excluded_inner,0.0,30,58,q_arm2,trees
iter05b_arm2,0,gb_eoh_2122r3,HP_Peak,XGBoost,size_peak,both,residual,log,all,wape_train,19.59883920928575,30,58,q_arm2,trees
iter05b_arm2,0,gb_eoh_2122r3,HP_Peak,XGBoost,size_peak,both,residual,log,all,wape_inner,32.748441665115706,30,58,q_arm2,trees
iter05b_arm2,0,gb_eoh_2122r3,HP_Peak,XGBoost,size_peak,both,residual,log,all,n_train_sub,111.0,30,58,q_arm2,trees
iter05b_arm2,0,gb_eoh_2122r3,HP_Peak,XGBoost,size_peak,both,residual,log,all,n_inner_sub,90.0,30,58,q_arm2,trees
iter05b_arm2,0,gb_eoh_2122r3,HP_Peak,XGBoost,size_peak,both,residual,log,all,n_test_sub,30.0,30,58,q_arm2,trees
iter05b_arm2,0,gb_eoh_2122r3,HP_Peak,XGBoost,size_peak,both,residual,log,all,n_overlap_sub,0.0,30,58,q_arm2,trees
iter05b_arm2,0,gb_eoh_2122r3,HP_Peak,XGBoost,size_peak,both,residual,log,pbin<=15,wape,35.887997430058974,22,34,q_arm2,trees
iter05b_arm2,0,gb_eoh_2122r3,HP_Peak,XGBoost,size_peak,both,residual,log,pbin<=15,rmse,3.318134931811387,22,34,q_arm2,trees
iter05b_arm2,0,gb_eoh_2122r3,HP_Peak,XGBoost,size_peak,both,residual,log,pbin<=15,mae,2.0547676166892406,22,34,q_arm2,trees
iter05b_arm2,0,gb_eoh_2122r3,HP_Peak,XGBoost,size_peak,both,residual,log,pbin<=15,mape,36.988521029009505,22,34,q_arm2,trees
iter05b_arm2,0,gb_eoh_2122r3,HP_Peak,XGBoost,size_peak,both,residual,log,pbin<=15,r2,0.3411555285576525,22,34,q_arm2,trees
iter05b_arm2,0,gb_eoh_2122r3,HP_Peak,XGBoost,size_peak,both,residual,log,pbin<=15,n_pred_nan,0.0,22,34,q_arm2,trees
iter05b_arm2,0,gb_eoh_2122r3,HP_Peak,XGBoost,size_peak,both,residual,log,pbin<=15,mape_n_excluded,0.0,22,34,q_arm2,trees
iter05b_arm2,0,gb_eoh_2122r3,HP_Peak,XGBoost,size_peak,both,residual,log,pbin35-65,wape,21.844833451589082,8,43,q_arm2,trees
iter05b_arm2,0,gb_eoh_2122r3,HP_Peak,XGBoost,size_peak,both,residual,log,pbin35-65,rmse,8.333171185423902,8,43,q_arm2,trees
iter05b_arm2,0,gb_eoh_2122r3,HP_Peak,XGBoost,size_peak,both,residual,log,pbin35-65,mae,6.707220789989656,8,43,q_arm2,trees
iter05b_arm2,0,gb_eoh_2122r3,HP_Peak,XGBoost,size_peak,both,residual,log,pbin35-65,mape,23.96883005316473,8,43,q_arm2,trees
iter05b_arm2,0,gb_eoh_2122r3,HP_Peak,XGBoost,size_peak,both,residual,log,pbin35-65,r2,0.8847248518313543,8,43,q_arm2,trees
iter05b_arm2,0,gb_eoh_2122r3,HP_Peak,XGBoost,size_peak,both,residual,log,pbin35-65,n_pred_nan,0.0,8,43,q_arm2,trees
iter05b_arm2,0,gb_eoh_2122r3,HP_Peak,XGBoost,size_peak,both,residual,log,pbin35-65,mape_n_excluded,0.0,8,43,q_arm2,trees
iter05b_arm2,0,gb_eoh_2122r3,HP_Peak,XGBoost,size_peak,both,residual,log,p0.1|n10,wape,38.71541025530478,16,15,q_arm2,trees
iter05b_arm2,0,gb_eoh_2122r3,HP_Peak,XGBoost,size_peak,both,residual,log,p0.1|n10,rmse,1.8864101908543673,16,15,q_arm2,trees
iter05b_arm2,0,gb_eoh_2122r3,HP_Peak,XGBoost,size_peak,both,residual,log,p0.1|n10,mae,1.2736992936918257,16,15,q_arm2,trees
iter05b_arm2,0,gb_eoh_2122r3,HP_Peak,XGBoost,size_peak,both,residual,log,p0.1|n10,mape,37.61253675269223,16,15,q_arm2,trees
iter05b_arm2,0,gb_eoh_2122r3,HP_Peak,XGBoost,size_peak,both,residual,log,p0.1|n10,r2,-4.5748727436258925,16,15,q_arm2,trees
iter05b_arm2,0,gb_eoh_2122r3,HP_Peak,XGBoost,size_peak,both,residual,log,p0.1|n10,n_pred_nan,0.0,16,15,q_arm2,trees
iter05b_arm2,0,gb_eoh_2122r3,HP_Peak,XGBoost,size_peak,both,residual,log,p0.1|n10,mape_n_excluded,0.0,16,15,q_arm2,trees
iter05b_arm2,0,gb_eoh_2122r3,HP_Peak,XGBoost,size_peak,both,residual,log,p0.1|n40,wape,33.85819147595666,6,22,q_arm2,trees
iter05b_arm2,0,gb_eoh_2122r3,HP_Peak,XGBoost,size_peak,both,residual,log,p0.1|n40,rmse,5.557033573694477,6,22,q_arm2,trees
iter05b_arm2,0,gb_eoh_2122r3,HP_Peak,XGBoost,size_peak,both,residual,log,p0.1|n40,mae,4.1376164780156826,6,22,q_arm2,trees
iter05b_arm2,0,gb_eoh_2122r3,HP_Peak,XGBoost,size_peak,both,residual,log,p0.1|n40,mape,35.32447909918892,6,22,q_arm2,trees
iter05b_arm2,0,gb_eoh_2122r3,HP_Peak,XGBoost,size_peak,both,residual,log,p0.1|n40,r2,-18.685060534018266,6,22,q_arm2,trees
iter05b_arm2,0,gb_eoh_2122r3,HP_Peak,XGBoost,size_peak,both,residual,log,p0.1|n40,n_pred_nan,0.0,6,22,q_arm2,trees
iter05b_arm2,0,gb_eoh_2122r3,HP_Peak,XGBoost,size_peak,both,residual,log,p0.1|n40,mape_n_excluded,0.0,6,22,q_arm2,trees
iter05b_arm2,0,gb_eoh_2122r3,HP_Peak,XGBoost,size_peak,both,residual,log,p0.5|n10,wape,25.651299810633766,6,24,q_arm2,trees
iter05b_arm2,0,gb_eoh_2122r3,HP_Peak,XGBoost,size_peak,both,residual,log,p0.5|n10,rmse,4.44627967690446,6,24,q_arm2,trees
iter05b_arm2,0,gb_eoh_2122r3,HP_Peak,XGBoost,size_peak,both,residual,log,p0.5|n10,mae,4.251057938024136,6,24,q_arm2,trees
iter05b_arm2,0,gb_eoh_2122r3,HP_Peak,XGBoost,size_peak,both,residual,log,p0.5|n10,mape,25.540393229106524,6,24,q_arm2,trees
iter05b_arm2,0,gb_eoh_2122r3,HP_Peak,XGBoost,size_peak,both,residual,log,p0.5|n10,r2,-3.4831665504637828,6,24,q_arm2,trees
iter05b_arm2,0,gb_eoh_2122r3,HP_Peak,XGBoost,size_peak,both,residual,log,p0.5|n10,n_pred_nan,0.0,6,24,q_arm2,trees
iter05b_arm2,0,gb_eoh_2122r3,HP_Peak,XGBoost,size_peak,both,residual,log,p0.5|n10,mape_n_excluded,0.0,6,24,q_arm2,trees
iter05b_arm2,0,gb_eoh_2122r3,HP_Peak,XGBoost,size_peak,both,residual,log,p0.5|n40,wape,19.255881385320613,2,28,q_arm2,trees
iter05b_arm2,0,gb_eoh_2122r3,HP_Peak,XGBoost,size_peak,both,residual,log,p0.5|n40,rmse,14.780350439910277,2,28,q_arm2,trees
iter05b_arm2,0,gb_eoh_2122r3,HP_Peak,XGBoost,size_peak,both,residual,log,p0.5|n40,mae,14.075709345886217,2,28,q_arm2,trees
iter05b_arm2,0,gb_eoh_2122r3,HP_Peak,XGBoost,size_peak,both,residual,log,p0.5|n40,mape,19.25414052533935,2,28,q_arm2,trees
iter05b_arm2,0,gb_eoh_2122r3,HP_Peak,XGBoost,size_peak,both,residual,log,p0.5|n40,r2,-512450.9163746689,2,28,q_arm2,trees
iter05b_arm2,0,gb_eoh_2122r3,HP_Peak,XGBoost,size_peak,both,residual,log,p0.5|n40,n_pred_nan,0.0,2,28,q_arm2,trees
iter05b_arm2,0,gb_eoh_2122r3,HP_Peak,XGBoost,size_peak,both,residual,log,p0.5|n40,mape_n_excluded,0.0,2,28,q_arm2,trees
iter05b_arm2,0,gb_eoh_2122r3,HP_Peak,RandomForest,size_peak,both,residual,log,all,wape,18.20442202858269,30,58,q_arm2,trees
iter05b_arm2,0,gb_eoh_2122r3,HP_Peak,RandomForest,size_peak,both,residual,log,all,rmse,3.1781834208620405,30,58,q_arm2,trees
iter05b_arm2,0,gb_eoh_2122r3,HP_Peak,RandomForest,size_peak,both,residual,log,all,mae,2.2548749691167282,30,58,q_arm2,trees
iter05b_arm2,0,gb_eoh_2122r3,HP_Peak,RandomForest,size_peak,both,residual,log,all,mape,27.802052003767013,30,58,q_arm2,trees
iter05b_arm2,0,gb_eoh_2122r3,HP_Peak,RandomForest,size_peak,both,residual,log,all,r2,0.9657489311281464,30,58,q_arm2,trees
iter05b_arm2,0,gb_eoh_2122r3,HP_Peak,RandomForest,size_peak,both,residual,log,all,n_pred_nan,0.0,30,58,q_arm2,trees
iter05b_arm2,0,gb_eoh_2122r3,HP_Peak,RandomForest,size_peak,both,residual,log,all,mape_n_excluded,0.0,30,58,q_arm2,trees
iter05b_arm2,0,gb_eoh_2122r3,HP_Peak,RandomForest,size_peak,both,residual,log,all,n_invalid,0.0,30,58,q_arm2,trees
iter05b_arm2,0,gb_eoh_2122r3,HP_Peak,RandomForest,size_peak,both,residual,log,all,n_resid_excluded_train,0.0,30,58,q_arm2,trees
iter05b_arm2,0,gb_eoh_2122r3,HP_Peak,RandomForest,size_peak,both,residual,log,all,n_resid_excluded_inner,0.0,30,58,q_arm2,trees
iter05b_arm2,0,gb_eoh_2122r3,HP_Peak,RandomForest,size_peak,both,residual,log,all,wape_train,10.657158108444975,30,58,q_arm2,trees
iter05b_arm2,0,gb_eoh_2122r3,HP_Peak,RandomForest,size_peak,both,residual,log,all,wape_inner,23.54415315009842,30,58,q_arm2,trees
iter05b_arm2,0,gb_eoh_2122r3,HP_Peak,RandomForest,size_peak,both,residual,log,all,n_train_sub,111.0,30,58,q_arm2,trees
iter05b_arm2,0,gb_eoh_2122r3,HP_Peak,RandomForest,size_peak,both,residual,log,all,n_inner_sub,90.0,30,58,q_arm2,trees
iter05b_arm2,0,gb_eoh_2122r3,HP_Peak,RandomForest,size_peak,both,residual,log,all,n_test_sub,30.0,30,58,q_arm2,trees
iter05b_arm2,0,gb_eoh_2122r3,HP_Peak,RandomForest,size_peak,both,residual,log,all,n_overlap_sub,0.0,30,58,q_arm2,trees
iter05b_arm2,0,gb_eoh_2122r3,HP_Peak,RandomForest,size_peak,both,residual,log,pbin<=15,wape,30.019489461176143,22,34,q_arm2,trees
iter05b_arm2,0,gb_eoh_2122r3,HP_Peak,RandomForest,size_peak,both,residual,log,pbin<=15,rmse,2.5581470876565597,22,34,q_arm2,trees
iter05b_arm2,0,gb_eoh_2122r3,HP_Peak,RandomForest,size_peak,both,residual,log,pbin<=15,mae,1.7187661399770477,22,34,q_arm2,trees
iter05b_arm2,0,gb_eoh_2122r3,HP_Peak,RandomForest,size_peak,both,residual,log,pbin<=15,mape,32.66060424622284,22,34,q_arm2,trees
iter05b_arm2,0,gb_eoh_2122r3,HP_Peak,RandomForest,size_peak,both,residual,log,pbin<=15,r2,0.6083971495105818,22,34,q_arm2,trees
iter05b_arm2,0,gb_eoh_2122r3,HP_Peak,RandomForest,size_peak,both,residual,log,pbin<=15,n_pred_nan,0.0,22,34,q_arm2,trees
iter05b_arm2,0,gb_eoh_2122r3,HP_Peak,RandomForest,size_peak,both,residual,log,pbin<=15,mape_n_excluded,0.0,22,34,q_arm2,trees
iter05b_arm2,0,gb_eoh_2122r3,HP_Peak,RandomForest,size_peak,both,residual,log,pbin35-65,wape,12.145595461598804,8,43,q_arm2,trees
iter05b_arm2,0,gb_eoh_2122r3,HP_Peak,RandomForest,size_peak,both,residual,log,pbin35-65,rmse,4.458908669918347,8,43,q_arm2,trees
iter05b_arm2,0,gb_eoh_2122r3,HP_Peak,RandomForest,size_peak,both,residual,log,pbin35-65,mae,3.729174249250848,8,43,q_arm2,trees
iter05b_arm2,0,gb_eoh_2122r3,HP_Peak,RandomForest,size_peak,both,residual,log,pbin35-65,mape,14.441033337013486,8,43,q_arm2,trees
iter05b_arm2,0,gb_eoh_2122r3,HP_Peak,RandomForest,size_peak,both,residual,log,pbin35-65,r2,0.966995570048526,8,43,q_arm2,trees
iter05b_arm2,0,gb_eoh_2122r3,HP_Peak,RandomForest,size_peak,both,residual,log,pbin35-65,n_pred_nan,0.0,8,43,q_arm2,trees
iter05b_arm2,0,gb_eoh_2122r3,HP_Peak,RandomForest,size_peak,both,residual,log,pbin35-65,mape_n_excluded,0.0,8,43,q_arm2,trees
iter05b_arm2,0,gb_eoh_2122r3,HP_Peak,RandomForest,size_peak,both,residual,log,p0.1|n10,wape,34.18682433078419,16,15,q_arm2,trees
iter05b_arm2,0,gb_eoh_2122r3,HP_Peak,RandomForest,size_peak,both,residual,log,p0.1|n10,rmse,1.6188600621985825,16,15,q_arm2,trees
iter05b_arm2,0,gb_eoh_2122r3,HP_Peak,RandomForest,size_peak,both,residual,log,p0.1|n10,mae,1.1247132270210152,16,15,q_arm2,trees
iter05b_arm2,0,gb_eoh_2122r3,HP_Peak,RandomForest,size_peak,both,residual,log,p0.1|n10,mape,34.36877772733112,16,15,q_arm2,trees
iter05b_arm2,0,gb_eoh_2122r3,HP_Peak,RandomForest,size_peak,both,residual,log,p0.1|n10,r2,-3.1056441837096944,16,15,q_arm2,trees
iter05b_arm2,0,gb_eoh_2122r3,HP_Peak,RandomForest,size_peak,both,residual,log,p0.1|n10,n_pred_nan,0.0,16,15,q_arm2,trees
iter05b_arm2,0,gb_eoh_2122r3,HP_Peak,RandomForest,size_peak,both,residual,log,p0.1|n10,mape_n_excluded,0.0,16,15,q_arm2,trees
iter05b_arm2,0,gb_eoh_2122r3,HP_Peak,RandomForest,size_peak,both,residual,log,p0.1|n40,wape,27.027750492059276,6,22,q_arm2,trees
iter05b_arm2,0,gb_eoh_2122r3,HP_Peak,RandomForest,size_peak,both,residual,log,p0.1|n40,rmse,4.12389858164538,6,22,q_arm2,trees
iter05b_arm2,0,gb_eoh_2122r3,HP_Peak,RandomForest,size_peak,both,residual,log,p0.1|n40,mae,3.3029072411931355,6,22,q_arm2,trees
iter05b_arm2,0,gb_eoh_2122r3,HP_Peak,RandomForest,size_peak,both,residual,log,p0.1|n40,mape,28.105474963267447,6,22,q_arm2,trees
iter05b_arm2,0,gb_eoh_2122r3,HP_Peak,RandomForest,size_peak,both,residual,log,p0.1|n40,r2,-9.840933134482126,6,22,q_arm2,trees
iter05b_arm2,0,gb_eoh_2122r3,HP_Peak,RandomForest,size_peak,both,residual,log,p0.1|n40,n_pred_nan,0.0,6,22,q_arm2,trees
iter05b_arm2,0,gb_eoh_2122r3,HP_Peak,RandomForest,size_peak,both,residual,log,p0.1|n40,mape_n_excluded,0.0,6,22,q_arm2,trees
iter05b_arm2,0,gb_eoh_2122r3,HP_Peak,RandomForest,size_peak,both,residual,log,p0.5|n10,wape,15.98199773814285,6,24,q_arm2,trees
iter05b_arm2,0,gb_eoh_2122r3,HP_Peak,RandomForest,size_peak,both,residual,log,p0.5|n10,rmse,2.946746789787714,6,24,q_arm2,trees
iter05b_arm2,0,gb_eoh_2122r3,HP_Peak,RandomForest,size_peak,both,residual,log,p0.5|n10,mae,2.648614255487015,6,24,q_arm2,trees
iter05b_arm2,0,gb_eoh_2122r3,HP_Peak,RandomForest,size_peak,both,residual,log,p0.5|n10,mape,16.076234663873535,6,24,q_arm2,trees
iter05b_arm2,0,gb_eoh_2122r3,HP_Peak,RandomForest,size_peak,both,residual,log,p0.5|n10,r2,-0.9691416473203762,6,24,q_arm2,trees
iter05b_arm2,0,gb_eoh_2122r3,HP_Peak,RandomForest,size_peak,both,residual,log,p0.5|n10,n_pred_nan,0.0,6,24,q_arm2,trees
iter05b_arm2,0,gb_eoh_2122r3,HP_Peak,RandomForest,size_peak,both,residual,log,p0.5|n10,mape_n_excluded,0.0,6,24,q_arm2,trees
iter05b_arm2,0,gb_eoh_2122r3,HP_Peak,RandomForest,size_peak,both,residual,log,p0.5|n40,wape,9.536282607093902,2,28,q_arm2,trees
iter05b_arm2,0,gb_eoh_2122r3,HP_Peak,RandomForest,size_peak,both,residual,log,p0.5|n40,rmse,7.312832295172603,2,28,q_arm2,trees
iter05b_arm2,0,gb_eoh_2122r3,HP_Peak,RandomForest,size_peak,both,residual,log,p0.5|n40,mae,6.970854230542347,2,28,q_arm2,trees
iter05b_arm2,0,gb_eoh_2122r3,HP_Peak,RandomForest,size_peak,both,residual,log,p0.5|n40,mape,9.535429356433342,2,28,q_arm2,trees
iter05b_arm2,0,gb_eoh_2122r3,HP_Peak,RandomForest,size_peak,both,residual,log,p0.5|n40,r2,-125444.44223172494,2,28,q_arm2,trees
iter05b_arm2,0,gb_eoh_2122r3,HP_Peak,RandomForest,size_peak,both,residual,log,p0.5|n40,n_pred_nan,0.0,2,28,q_arm2,trees
iter05b_arm2,0,gb_eoh_2122r3,HP_Peak,RandomForest,size_peak,both,residual,log,p0.5|n40,mape_n_excluded,0.0,2,28,q_arm2,trees
iter05b_arm2,0,gb_eoh_2122r3,HP_Peak,ExtraTrees,size_peak,both,residual,log,all,wape,19.479207598028186,30,58,q_arm2,trees
iter05b_arm2,0,gb_eoh_2122r3,HP_Peak,ExtraTrees,size_peak,both,residual,log,all,rmse,3.463976786590835,30,58,q_arm2,trees
iter05b_arm2,0,gb_eoh_2122r3,HP_Peak,ExtraTrees,size_peak,both,residual,log,all,mae,2.412775179682087,30,58,q_arm2,trees
iter05b_arm2,0,gb_eoh_2122r3,HP_Peak,ExtraTrees,size_peak,both,residual,log,all,mape,29.821786992312038,30,58,q_arm2,trees
iter05b_arm2,0,gb_eoh_2122r3,HP_Peak,ExtraTrees,size_peak,both,residual,log,all,r2,0.9593120171848242,30,58,q_arm2,trees
iter05b_arm2,0,gb_eoh_2122r3,HP_Peak,ExtraTrees,size_peak,both,residual,log,all,n_pred_nan,0.0,30,58,q_arm2,trees
iter05b_arm2,0,gb_eoh_2122r3,HP_Peak,ExtraTrees,size_peak,both,residual,log,all,mape_n_excluded,0.0,30,58,q_arm2,trees
iter05b_arm2,0,gb_eoh_2122r3,HP_Peak,ExtraTrees,size_peak,both,residual,log,all,n_invalid,0.0,30,58,q_arm2,trees
iter05b_arm2,0,gb_eoh_2122r3,HP_Peak,ExtraTrees,size_peak,both,residual,log,all,n_resid_excluded_train,0.0,30,58,q_arm2,trees
iter05b_arm2,0,gb_eoh_2122r3,HP_Peak,ExtraTrees,size_peak,both,residual,log,all,n_resid_excluded_inner,0.0,30,58,q_arm2,trees
iter05b_arm2,0,gb_eoh_2122r3,HP_Peak,ExtraTrees,size_peak,both,residual,log,all,wape_train,8.355315313087267,30,58,q_arm2,trees
iter05b_arm2,0,gb_eoh_2122r3,HP_Peak,ExtraTrees,size_peak,both,residual,log,all,wape_inner,22.14181194155322,30,58,q_arm2,trees
iter05b_arm2,0,gb_eoh_2122r3,HP_Peak,ExtraTrees,size_peak,both,residual,log,all,n_train_sub,111.0,30,58,q_arm2,trees
iter05b_arm2,0,gb_eoh_2122r3,HP_Peak,ExtraTrees,size_peak,both,residual,log,all,n_inner_sub,90.0,30,58,q_arm2,trees
iter05b_arm2,0,gb_eoh_2122r3,HP_Peak,ExtraTrees,size_peak,both,residual,log,all,n_test_sub,30.0,30,58,q_arm2,trees
iter05b_arm2,0,gb_eoh_2122r3,HP_Peak,ExtraTrees,size_peak,both,residual,log,all,n_overlap_sub,0.0,30,58,q_arm2,trees
iter05b_arm2,0,gb_eoh_2122r3,HP_Peak,ExtraTrees,size_peak,both,residual,log,pbin<=15,wape,33.125435395364065,22,34,q_arm2,trees
iter05b_arm2,0,gb_eoh_2122r3,HP_Peak,ExtraTrees,size_peak,both,residual,log,pbin<=15,rmse,3.0467833552892265,22,34,q_arm2,trees
iter05b_arm2,0,gb_eoh_2122r3,HP_Peak,ExtraTrees,size_peak,both,residual,log,pbin<=15,mae,1.8965971024651227,22,34,q_arm2,trees
iter05b_arm2,0,gb_eoh_2122r3,HP_Peak,ExtraTrees,size_peak,both,residual,log,pbin<=15,mape,35.18657144195459,22,34,q_arm2,trees
iter05b_arm2,0,gb_eoh_2122r3,HP_Peak,ExtraTrees,size_peak,both,residual,log,pbin<=15,r2,0.44450779442928556,22,34,q_arm2,trees
iter05b_arm2,0,gb_eoh_2122r3,HP_Peak,ExtraTrees,size_peak,both,residual,log,pbin<=15,n_pred_nan,0.0,22,34,q_arm2,trees
iter05b_arm2,0,gb_eoh_2122r3,HP_Peak,ExtraTrees,size_peak,both,residual,log,pbin<=15,mape_n_excluded,0.0,22,34,q_arm2,trees
iter05b_arm2,0,gb_eoh_2122r3,HP_Peak,ExtraTrees,size_peak,both,residual,log,pbin35-65,wape,12.481352698823104,8,43,q_arm2,trees
iter05b_arm2,0,gb_eoh_2122r3,HP_Peak,ExtraTrees,size_peak,both,residual,log,pbin35-65,rmse,4.412347751363786,8,43,q_arm2,trees
iter05b_arm2,0,gb_eoh_2122r3,HP_Peak,ExtraTrees,size_peak,both,residual,log,pbin35-65,mae,3.832264892028739,8,43,q_arm2,trees
iter05b_arm2,0,gb_eoh_2122r3,HP_Peak,ExtraTrees,size_peak,both,residual,log,pbin35-65,mape,15.068629755795005,8,43,q_arm2,trees
iter05b_arm2,0,gb_eoh_2122r3,HP_Peak,ExtraTrees,size_peak,both,residual,log,pbin35-65,r2,0.9676812504782067,8,43,q_arm2,trees
iter05b_arm2,0,gb_eoh_2122r3,HP_Peak,ExtraTrees,size_peak,both,residual,log,pbin35-65,n_pred_nan,0.0,8,43,q_arm2,trees
iter05b_arm2,0,gb_eoh_2122r3,HP_Peak,ExtraTrees,size_peak,both,residual,log,pbin35-65,mape_n_excluded,0.0,8,43,q_arm2,trees
iter05b_arm2,0,gb_eoh_2122r3,HP_Peak,ExtraTrees,size_peak,both,residual,log,p0.1|n10,wape,35.926139616101835,16,15,q_arm2,trees
iter05b_arm2,0,gb_eoh_2122r3,HP_Peak,ExtraTrees,size_peak,both,residual,log,p0.1|n10,rmse,1.7551542815393228,16,15,q_arm2,trees
iter05b_arm2,0,gb_eoh_2122r3,HP_Peak,ExtraTrees,size_peak,both,residual,log,p0.1|n10,mae,1.1819350060440832,16,15,q_arm2,trees
iter05b_arm2,0,gb_eoh_2122r3,HP_Peak,ExtraTrees,size_peak,both,residual,log,p0.1|n10,mape,36.117759619995326,16,15,q_arm2,trees
iter05b_arm2,0,gb_eoh_2122r3,HP_Peak,ExtraTrees,size_peak,both,residual,log,p0.1|n10,r2,-3.8260663243072797,16,15,q_arm2,trees
iter05b_arm2,0,gb_eoh_2122r3,HP_Peak,ExtraTrees,size_peak,both,residual,log,p0.1|n10,n_pred_nan,0.0,16,15,q_arm2,trees
iter05b_arm2,0,gb_eoh_2122r3,HP_Peak,ExtraTrees,size_peak,both,residual,log,p0.1|n10,mape_n_excluded,0.0,16,15,q_arm2,trees
iter05b_arm2,0,gb_eoh_2122r3,HP_Peak,ExtraTrees,size_peak,both,residual,log,p0.1|n40,wape,31.114803607825635,6,22,q_arm2,trees
iter05b_arm2,0,gb_eoh_2122r3,HP_Peak,ExtraTrees,size_peak,both,residual,log,p0.1|n40,rmse,5.081576019920582,6,22,q_arm2,trees
iter05b_arm2,0,gb_eoh_2122r3,HP_Peak,ExtraTrees,size_peak,both,residual,log,p0.1|n40,mae,3.802362692921229,6,22,q_arm2,trees
iter05b_arm2,0,gb_eoh_2122r3,HP_Peak,ExtraTrees,size_peak,both,residual,log,p0.1|n40,mape,32.70340296717931,6,22,q_arm2,trees
iter05b_arm2,0,gb_eoh_2122r3,HP_Peak,ExtraTrees,size_peak,both,residual,log,p0.1|n40,r2,-15.460672232956139,6,22,q_arm2,trees
iter05b_arm2,0,gb_eoh_2122r3,HP_Peak,ExtraTrees,size_peak,both,residual,log,p0.1|n40,n_pred_nan,0.0,6,22,q_arm2,trees
iter05b_arm2,0,gb_eoh_2122r3,HP_Peak,ExtraTrees,size_peak,both,residual,log,p0.1|n40,mape_n_excluded,0.0,6,22,q_arm2,trees
iter05b_arm2,0,gb_eoh_2122r3,HP_Peak,ExtraTrees,size_peak,both,residual,log,p0.5|n10,wape,16.684739109958176,6,24,q_arm2,trees
iter05b_arm2,0,gb_eoh_2122r3,HP_Peak,ExtraTrees,size_peak,both,residual,log,p0.5|n10,rmse,3.0656805852817604,6,24,q_arm2,trees
iter05b_arm2,0,gb_eoh_2122r3,HP_Peak,ExtraTrees,size_peak,both,residual,log,p0.5|n10,mae,2.7650759673334875,6,24,q_arm2,trees
iter05b_arm2,0,gb_eoh_2122r3,HP_Peak,ExtraTrees,size_peak,both,residual,log,p0.5|n10,mape,16.884085397803652,6,24,q_arm2,trees
iter05b_arm2,0,gb_eoh_2122r3,HP_Peak,ExtraTrees,size_peak,both,residual,log,p0.5|n10,r2,-1.1313026576585838,6,24,q_arm2,trees
iter05b_arm2,0,gb_eoh_2122r3,HP_Peak,ExtraTrees,size_peak,both,residual,log,p0.5|n10,n_pred_nan,0.0,6,24,q_arm2,trees
iter05b_arm2,0,gb_eoh_2122r3,HP_Peak,ExtraTrees,size_peak,both,residual,log,p0.5|n10,mape_n_excluded,0.0,6,24,q_arm2,trees
iter05b_arm2,0,gb_eoh_2122r3,HP_Peak,ExtraTrees,size_peak,both,residual,log,p0.5|n40,wape,9.622437130431184,2,28,q_arm2,trees
iter05b_arm2,0,gb_eoh_2122r3,HP_Peak,ExtraTrees,size_peak,both,residual,log,p0.5|n40,rmse,7.048408214834018,2,28,q_arm2,trees
iter05b_arm2,0,gb_eoh_2122r3,HP_Peak,ExtraTrees,size_peak,both,residual,log,p0.5|n40,mae,7.033831666114494,2,28,q_arm2,trees
iter05b_arm2,0,gb_eoh_2122r3,HP_Peak,ExtraTrees,size_peak,both,residual,log,p0.5|n40,mape,9.622262829769065,2,28,q_arm2,trees
iter05b_arm2,0,gb_eoh_2122r3,HP_Peak,ExtraTrees,size_peak,both,residual,log,p0.5|n40,r2,-116536.51589308132,2,28,q_arm2,trees
iter05b_arm2,0,gb_eoh_2122r3,HP_Peak,ExtraTrees,size_peak,both,residual,log,p0.5|n40,n_pred_nan,0.0,2,28,q_arm2,trees
iter05b_arm2,0,gb_eoh_2122r3,HP_Peak,ExtraTrees,size_peak,both,residual,log,p0.5|n40,mape_n_excluded,0.0,2,28,q_arm2,trees
iter05b_arm2,0,gb_eoh_2122r3,HP_Peak,SVR,size,netfit,direct,log,all,wape,16.507511615381777,30,58,q_arm2,kernel
iter05b_arm2,0,gb_eoh_2122r3,HP_Peak,SVR,size,netfit,direct,log,all,rmse,3.0150687362702326,30,58,q_arm2,kernel
iter05b_arm2,0,gb_eoh_2122r3,HP_Peak,SVR,size,netfit,direct,log,all,mae,2.044688630349555,30,58,q_arm2,kernel
iter05b_arm2,0,gb_eoh_2122r3,HP_Peak,SVR,size,netfit,direct,log,all,mape,30.50297472030254,30,58,q_arm2,kernel
iter05b_arm2,0,gb_eoh_2122r3,HP_Peak,SVR,size,netfit,direct,log,all,r2,0.9691744631897689,30,58,q_arm2,kernel
iter05b_arm2,0,gb_eoh_2122r3,HP_Peak,SVR,size,netfit,direct,log,all,n_pred_nan,0.0,30,58,q_arm2,kernel
iter05b_arm2,0,gb_eoh_2122r3,HP_Peak,SVR,size,netfit,direct,log,all,mape_n_excluded,0.0,30,58,q_arm2,kernel
iter05b_arm2,0,gb_eoh_2122r3,HP_Peak,SVR,size,netfit,direct,log,all,wape_train,16.322958000429672,30,58,q_arm2,kernel
iter05b_arm2,0,gb_eoh_2122r3,HP_Peak,SVR,size,netfit,direct,log,all,wape_inner,23.06669466957405,30,58,q_arm2,kernel
iter05b_arm2,0,gb_eoh_2122r3,HP_Peak,SVR,size,netfit,direct,log,all,n_train_sub,111.0,30,58,q_arm2,kernel
iter05b_arm2,0,gb_eoh_2122r3,HP_Peak,SVR,size,netfit,direct,log,all,n_inner_sub,90.0,30,58,q_arm2,kernel
iter05b_arm2,0,gb_eoh_2122r3,HP_Peak,SVR,size,netfit,direct,log,all,n_test_sub,30.0,30,58,q_arm2,kernel
iter05b_arm2,0,gb_eoh_2122r3,HP_Peak,SVR,size,netfit,direct,log,all,n_overlap_sub,0.0,30,58,q_arm2,kernel
iter05b_arm2,0,gb_eoh_2122r3,HP_Peak,SVR,size,netfit,direct,log,pbin<=15,wape,29.967833661135096,22,34,q_arm2,kernel
iter05b_arm2,0,gb_eoh_2122r3,HP_Peak,SVR,size,netfit,direct,log,pbin<=15,rmse,2.5888280751865276,22,34,q_arm2,kernel
iter05b_arm2,0,gb_eoh_2122r3,HP_Peak,SVR,size,netfit,direct,log,pbin<=15,mae,1.7158085866795878,22,34,q_arm2,kernel
iter05b_arm2,0,gb_eoh_2122r3,HP_Peak,SVR,size,netfit,direct,log,pbin<=15,mape,35.9046682744403,22,34,q_arm2,kernel
iter05b_arm2,0,gb_eoh_2122r3,HP_Peak,SVR,size,netfit,direct,log,pbin<=15,r2,0.5989474885393934,22,34,q_arm2,kernel
iter05b_arm2,0,gb_eoh_2122r3,HP_Peak,SVR,size,netfit,direct,log,pbin<=15,n_pred_nan,0.0,22,34,q_arm2,kernel
iter05b_arm2,0,gb_eoh_2122r3,HP_Peak,SVR,size,netfit,direct,log,pbin<=15,mape_n_excluded,0.0,22,34,q_arm2,kernel
iter05b_arm2,0,gb_eoh_2122r3,HP_Peak,SVR,size,netfit,direct,log,pbin35-65,wape,9.60499012947031,8,43,q_arm2,kernel
iter05b_arm2,0,gb_eoh_2122r3,HP_Peak,SVR,size,netfit,direct,log,pbin35-65,rmse,3.957185029629613,8,43,q_arm2,kernel
iter05b_arm2,0,gb_eoh_2122r3,HP_Peak,SVR,size,netfit,direct,log,pbin35-65,mae,2.949108750441965,8,43,q_arm2,kernel
iter05b_arm2,0,gb_eoh_2122r3,HP_Peak,SVR,size,netfit,direct,log,pbin35-65,mape,15.648317446423722,8,43,q_arm2,kernel
iter05b_arm2,0,gb_eoh_2122r3,HP_Peak,SVR,size,netfit,direct,log,pbin35-65,r2,0.9740051211920747,8,43,q_arm2,kernel
iter05b_arm2,0,gb_eoh_2122r3,HP_Peak,SVR,size,netfit,direct,log,pbin35-65,n_pred_nan,0.0,8,43,q_arm2,kernel
iter05b_arm2,0,gb_eoh_2122r3,HP_Peak,SVR,size,netfit,direct,log,pbin35-65,mape_n_excluded,0.0,8,43,q_arm2,kernel
iter05b_arm2,0,gb_eoh_2122r3,HP_Peak,SVR,size,netfit,direct,log,p0.1|n10,wape,34.37272687457573,16,15,q_arm2,kernel
iter05b_arm2,0,gb_eoh_2122r3,HP_Peak,SVR,size,netfit,direct,log,p0.1|n10,rmse,1.3478588277205117,16,15,q_arm2,kernel
iter05b_arm2,0,gb_eoh_2122r3,HP_Peak,SVR,size,netfit,direct,log,p0.1|n10,mae,1.1308292396671773,16,15,q_arm2,kernel
iter05b_arm2,0,gb_eoh_2122r3,HP_Peak,SVR,size,netfit,direct,log,p0.1|n10,mape,38.73112451425313,16,15,q_arm2,kernel
iter05b_arm2,0,gb_eoh_2122r3,HP_Peak,SVR,size,netfit,direct,log,p0.1|n10,r2,-1.8461088462923643,16,15,q_arm2,kernel
iter05b_arm2,0,gb_eoh_2122r3,HP_Peak,SVR,size,netfit,direct,log,p0.1|n10,n_pred_nan,0.0,16,15,q_arm2,kernel
iter05b_arm2,0,gb_eoh_2122r3,HP_Peak,SVR,size,netfit,direct,log,p0.1|n10,mape_n_excluded,0.0,16,15,q_arm2,kernel
iter05b_arm2,0,gb_eoh_2122r3,HP_Peak,SVR,size,netfit,direct,log,p0.1|n40,wape,26.805551028760945,6,22,q_arm2,kernel
iter05b_arm2,0,gb_eoh_2122r3,HP_Peak,SVR,size,netfit,direct,log,p0.1|n40,rmse,4.441792111145414,6,22,q_arm2,kernel
iter05b_arm2,0,gb_eoh_2122r3,HP_Peak,SVR,size,netfit,direct,log,p0.1|n40,mae,3.275753512046016,6,22,q_arm2,kernel
iter05b_arm2,0,gb_eoh_2122r3,HP_Peak,SVR,size,netfit,direct,log,p0.1|n40,mape,28.367451634939382,6,22,q_arm2,kernel
iter05b_arm2,0,gb_eoh_2122r3,HP_Peak,SVR,size,netfit,direct,log,p0.1|n40,r2,-11.576713572167813,6,22,q_arm2,kernel
iter05b_arm2,0,gb_eoh_2122r3,HP_Peak,SVR,size,netfit,direct,log,p0.1|n40,n_pred_nan,0.0,6,22,q_arm2,kernel
iter05b_arm2,0,gb_eoh_2122r3,HP_Peak,SVR,size,netfit,direct,log,p0.1|n40,mape_n_excluded,0.0,6,22,q_arm2,kernel
iter05b_arm2,0,gb_eoh_2122r3,HP_Peak,SVR,size,netfit,direct,log,p0.5|n10,wape,20.65466022180239,6,24,q_arm2,kernel
iter05b_arm2,0,gb_eoh_2122r3,HP_Peak,SVR,size,netfit,direct,log,p0.5|n10,rmse,4.45667413100383,6,24,q_arm2,kernel
iter05b_arm2,0,gb_eoh_2122r3,HP_Peak,SVR,size,netfit,direct,log,p0.5|n10,mae,3.4229905673896943,6,24,q_arm2,kernel
iter05b_arm2,0,gb_eoh_2122r3,HP_Peak,SVR,size,netfit,direct,log,p0.5|n10,mape,20.167779530672583,6,24,q_arm2,kernel
iter05b_arm2,0,gb_eoh_2122r3,HP_Peak,SVR,size,netfit,direct,log,p0.5|n10,r2,-3.5041524275712543,6,24,q_arm2,kernel
iter05b_arm2,0,gb_eoh_2122r3,HP_Peak,SVR,size,netfit,direct,log,p0.5|n10,n_pred_nan,0.0,6,24,q_arm2,kernel
iter05b_arm2,0,gb_eoh_2122r3,HP_Peak,SVR,size,netfit,direct,log,p0.5|n10,mape_n_excluded,0.0,6,24,q_arm2,kernel
iter05b_arm2,0,gb_eoh_2122r3,HP_Peak,SVR,size,netfit,direct,log,p0.5|n40,wape,2.0896035428651913,2,28,q_arm2,kernel
iter05b_arm2,0,gb_eoh_2122r3,HP_Peak,SVR,size,netfit,direct,log,p0.5|n40,rmse,1.7468315617204349,2,28,q_arm2,kernel
iter05b_arm2,0,gb_eoh_2122r3,HP_Peak,SVR,size,netfit,direct,log,p0.5|n40,mae,1.5274632995987787,2,28,q_arm2,kernel
iter05b_arm2,0,gb_eoh_2122r3,HP_Peak,SVR,size,netfit,direct,log,p0.5|n40,mape,2.0899311936771396,2,28,q_arm2,kernel
iter05b_arm2,0,gb_eoh_2122r3,HP_Peak,SVR,size,netfit,direct,log,p0.5|n40,r2,-7156.9015266581455,2,28,q_arm2,kernel
iter05b_arm2,0,gb_eoh_2122r3,HP_Peak,SVR,size,netfit,direct,log,p0.5|n40,n_pred_nan,0.0,2,28,q_arm2,kernel
iter05b_arm2,0,gb_eoh_2122r3,HP_Peak,SVR,size,netfit,direct,log,p0.5|n40,mape_n_excluded,0.0,2,28,q_arm2,kernel
iter05b_arm2,0,gb_eoh_2122r3,HP_Peak,KernelRidge,size,netfit,direct,log,all,wape,18.524825891981504,30,58,q_arm2,kernel
iter05b_arm2,0,gb_eoh_2122r3,HP_Peak,KernelRidge,size,netfit,direct,log,all,rmse,3.6438124689732616,30,58,q_arm2,kernel
iter05b_arm2,0,gb_eoh_2122r3,HP_Peak,KernelRidge,size,netfit,direct,log,all,mae,2.2945615161794106,30,58,q_arm2,kernel
iter05b_arm2,0,gb_eoh_2122r3,HP_Peak,KernelRidge,size,netfit,direct,log,all,mape,30.89739951660405,30,58,q_arm2,kernel
iter05b_arm2,0,gb_eoh_2122r3,HP_Peak,KernelRidge,size,netfit,direct,log,all,r2,0.9549776407831582,30,58,q_arm2,kernel
iter05b_arm2,0,gb_eoh_2122r3,HP_Peak,KernelRidge,size,netfit,direct,log,all,n_pred_nan,0.0,30,58,q_arm2,kernel
iter05b_arm2,0,gb_eoh_2122r3,HP_Peak,KernelRidge,size,netfit,direct,log,all,mape_n_excluded,0.0,30,58,q_arm2,kernel
iter05b_arm2,0,gb_eoh_2122r3,HP_Peak,KernelRidge,size,netfit,direct,log,all,wape_train,3.8813499840881422,30,58,q_arm2,kernel
iter05b_arm2,0,gb_eoh_2122r3,HP_Peak,KernelRidge,size,netfit,direct,log,all,wape_inner,23.061203856812096,30,58,q_arm2,kernel
iter05b_arm2,0,gb_eoh_2122r3,HP_Peak,KernelRidge,size,netfit,direct,log,all,n_train_sub,111.0,30,58,q_arm2,kernel
iter05b_arm2,0,gb_eoh_2122r3,HP_Peak,KernelRidge,size,netfit,direct,log,all,n_inner_sub,90.0,30,58,q_arm2,kernel
iter05b_arm2,0,gb_eoh_2122r3,HP_Peak,KernelRidge,size,netfit,direct,log,all,n_test_sub,30.0,30,58,q_arm2,kernel
iter05b_arm2,0,gb_eoh_2122r3,HP_Peak,KernelRidge,size,netfit,direct,log,all,n_overlap_sub,0.0,30,58,q_arm2,kernel
iter05b_arm2,0,gb_eoh_2122r3,HP_Peak,KernelRidge,size,netfit,direct,log,pbin<=15,wape,27.116064536790248,22,34,q_arm2,kernel
iter05b_arm2,0,gb_eoh_2122r3,HP_Peak,KernelRidge,size,netfit,direct,log,pbin<=15,rmse,2.0801449067632953,22,34,q_arm2,kernel
iter05b_arm2,0,gb_eoh_2122r3,HP_Peak,KernelRidge,size,netfit,direct,log,pbin<=15,mae,1.5525305197326127,22,34,q_arm2,kernel
iter05b_arm2,0,gb_eoh_2122r3,HP_Peak,KernelRidge,size,netfit,direct,log,pbin<=15,mape,36.73801635669559,22,34,q_arm2,kernel
iter05b_arm2,0,gb_eoh_2122r3,HP_Peak,KernelRidge,size,netfit,direct,log,pbin<=15,r2,0.7410702211960736,22,34,q_arm2,kernel
iter05b_arm2,0,gb_eoh_2122r3,HP_Peak,KernelRidge,size,netfit,direct,log,pbin<=15,n_pred_nan,0.0,22,34,q_arm2,kernel
iter05b_arm2,0,gb_eoh_2122r3,HP_Peak,KernelRidge,size,netfit,direct,log,pbin<=15,mape_n_excluded,0.0,22,34,q_arm2,kernel
iter05b_arm2,0,gb_eoh_2122r3,HP_Peak,KernelRidge,size,netfit,direct,log,pbin35-65,wape,14.119195095421585,8,43,q_arm2,kernel
iter05b_arm2,0,gb_eoh_2122r3,HP_Peak,KernelRidge,size,netfit,direct,log,pbin35-65,rmse,6.155556605035998,8,43,q_arm2,kernel
iter05b_arm2,0,gb_eoh_2122r3,HP_Peak,KernelRidge,size,netfit,direct,log,pbin35-65,mae,4.335146756408104,8,43,q_arm2,kernel
iter05b_arm2,0,gb_eoh_2122r3,HP_Peak,KernelRidge,size,netfit,direct,log,pbin35-65,mape,14.835703206352335,8,43,q_arm2,kernel
iter05b_arm2,0,gb_eoh_2122r3,HP_Peak,KernelRidge,size,netfit,direct,log,pbin35-65,r2,0.9371001310185497,8,43,q_arm2,kernel
iter05b_arm2,0,gb_eoh_2122r3,HP_Peak,KernelRidge,size,netfit,direct,log,pbin35-65,n_pred_nan,0.0,8,43,q_arm2,kernel
iter05b_arm2,0,gb_eoh_2122r3,HP_Peak,KernelRidge,size,netfit,direct,log,pbin35-65,mape_n_excluded,0.0,8,43,q_arm2,kernel
iter05b_arm2,0,gb_eoh_2122r3,HP_Peak,KernelRidge,size,netfit,direct,log,p0.1|n10,wape,38.84277582156214,16,15,q_arm2,kernel
iter05b_arm2,0,gb_eoh_2122r3,HP_Peak,KernelRidge,size,netfit,direct,log,p0.1|n10,rmse,1.5545049681093899,16,15,q_arm2,kernel
iter05b_arm2,0,gb_eoh_2122r3,HP_Peak,KernelRidge,size,netfit,direct,log,p0.1|n10,mae,1.2778894967844154,16,15,q_arm2,kernel
iter05b_arm2,0,gb_eoh_2122r3,HP_Peak,KernelRidge,size,netfit,direct,log,p0.1|n10,mape,42.93730020273969,16,15,q_arm2,kernel
iter05b_arm2,0,gb_eoh_2122r3,HP_Peak,KernelRidge,size,netfit,direct,log,p0.1|n10,r2,-2.7857063118625747,16,15,q_arm2,kernel
iter05b_arm2,0,gb_eoh_2122r3,HP_Peak,KernelRidge,size,netfit,direct,log,p0.1|n10,n_pred_nan,0.0,16,15,q_arm2,kernel
iter05b_arm2,0,gb_eoh_2122r3,HP_Peak,KernelRidge,size,netfit,direct,log,p0.1|n10,mape_n_excluded,0.0,16,15,q_arm2,kernel
iter05b_arm2,0,gb_eoh_2122r3,HP_Peak,KernelRidge,size,netfit,direct,log,p0.1|n40,wape,18.697432430670496,6,22,q_arm2,kernel
iter05b_arm2,0,gb_eoh_2122r3,HP_Peak,KernelRidge,size,netfit,direct,log,p0.1|n40,rmse,3.0694812589671603,6,22,q_arm2,kernel
iter05b_arm2,0,gb_eoh_2122r3,HP_Peak,KernelRidge,size,netfit,direct,log,p0.1|n40,mae,2.2849065809278044,6,22,q_arm2,kernel
iter05b_arm2,0,gb_eoh_2122r3,HP_Peak,KernelRidge,size,netfit,direct,log,p0.1|n40,mape,20.206592767244647,6,22,q_arm2,kernel
iter05b_arm2,0,gb_eoh_2122r3,HP_Peak,KernelRidge,size,netfit,direct,log,p0.1|n40,r2,-5.005935799924245,6,22,q_arm2,kernel
iter05b_arm2,0,gb_eoh_2122r3,HP_Peak,KernelRidge,size,netfit,direct,log,p0.1|n40,n_pred_nan,0.0,6,22,q_arm2,kernel
iter05b_arm2,0,gb_eoh_2122r3,HP_Peak,KernelRidge,size,netfit,direct,log,p0.1|n40,mape_n_excluded,0.0,6,22,q_arm2,kernel
iter05b_arm2,0,gb_eoh_2122r3,HP_Peak,KernelRidge,size,netfit,direct,log,p0.5|n10,wape,15.05498440513785,6,24,q_arm2,kernel
iter05b_arm2,0,gb_eoh_2122r3,HP_Peak,KernelRidge,size,netfit,direct,log,p0.5|n10,rmse,3.5202253952828144,6,24,q_arm2,kernel
iter05b_arm2,0,gb_eoh_2122r3,HP_Peak,KernelRidge,size,netfit,direct,log,p0.5|n10,mae,2.494985105423771,6,24,q_arm2,kernel
iter05b_arm2,0,gb_eoh_2122r3,HP_Peak,KernelRidge,size,netfit,direct,log,p0.5|n10,mape,15.286161585622457,6,24,q_arm2,kernel
iter05b_arm2,0,gb_eoh_2122r3,HP_Peak,KernelRidge,size,netfit,direct,log,p0.5|n10,r2,-1.810167862114985,6,24,q_arm2,kernel
iter05b_arm2,0,gb_eoh_2122r3,HP_Peak,KernelRidge,size,netfit,direct,log,p0.5|n10,n_pred_nan,0.0,6,24,q_arm2,kernel
iter05b_arm2,0,gb_eoh_2122r3,HP_Peak,KernelRidge,size,netfit,direct,log,p0.5|n10,mape_n_excluded,0.0,6,24,q_arm2,kernel
iter05b_arm2,0,gb_eoh_2122r3,HP_Peak,KernelRidge,size,netfit,direct,log,p0.5|n40,wape,13.482721936733306,2,28,q_arm2,kernel
iter05b_arm2,0,gb_eoh_2122r3,HP_Peak,KernelRidge,size,netfit,direct,log,p0.5|n40,rmse,10.695211450477595,2,28,q_arm2,kernel
iter05b_arm2,0,gb_eoh_2122r3,HP_Peak,KernelRidge,size,netfit,direct,log,p0.5|n40,mae,9.855631709361106,2,28,q_arm2,kernel
iter05b_arm2,0,gb_eoh_2122r3,HP_Peak,KernelRidge,size,netfit,direct,log,p0.5|n40,mape,13.484328068541968,2,28,q_arm2,kernel
iter05b_arm2,0,gb_eoh_2122r3,HP_Peak,KernelRidge,size,netfit,direct,log,p0.5|n40,r2,-268324.78561378026,2,28,q_arm2,kernel
iter05b_arm2,0,gb_eoh_2122r3,HP_Peak,KernelRidge,size,netfit,direct,log,p0.5|n40,n_pred_nan,0.0,2,28,q_arm2,kernel
iter05b_arm2,0,gb_eoh_2122r3,HP_Peak,KernelRidge,size,netfit,direct,log,p0.5|n40,mape_n_excluded,0.0,2,28,q_arm2,kernel
iter05b_arm2,0,gb_eoh_2122r3,HP_Peak,SVR,size,netfit,residual,log,all,wape,18.192873934710782,30,58,q_arm2,kernel
iter05b_arm2,0,gb_eoh_2122r3,HP_Peak,SVR,size,netfit,residual,log,all,rmse,3.956650028255363,30,58,q_arm2,kernel
iter05b_arm2,0,gb_eoh_2122r3,HP_Peak,SVR,size,netfit,residual,log,all,mae,2.2534445744702025,30,58,q_arm2,kernel
iter05b_arm2,0,gb_eoh_2122r3,HP_Peak,SVR,size,netfit,residual,log,all,mape,29.07945889701198,30,58,q_arm2,kernel
iter05b_arm2,0,gb_eoh_2122r3,HP_Peak,SVR,size,netfit,residual,log,all,r2,0.9469150406240452,30,58,q_arm2,kernel
iter05b_arm2,0,gb_eoh_2122r3,HP_Peak,SVR,size,netfit,residual,log,all,n_pred_nan,0.0,30,58,q_arm2,kernel
iter05b_arm2,0,gb_eoh_2122r3,HP_Peak,SVR,size,netfit,residual,log,all,mape_n_excluded,0.0,30,58,q_arm2,kernel
iter05b_arm2,0,gb_eoh_2122r3,HP_Peak,SVR,size,netfit,residual,log,all,n_invalid,0.0,30,58,q_arm2,kernel
iter05b_arm2,0,gb_eoh_2122r3,HP_Peak,SVR,size,netfit,residual,log,all,n_resid_excluded_train,0.0,30,58,q_arm2,kernel
iter05b_arm2,0,gb_eoh_2122r3,HP_Peak,SVR,size,netfit,residual,log,all,n_resid_excluded_inner,0.0,30,58,q_arm2,kernel
iter05b_arm2,0,gb_eoh_2122r3,HP_Peak,SVR,size,netfit,residual,log,all,wape_train,9.846746965993127,30,58,q_arm2,kernel
iter05b_arm2,0,gb_eoh_2122r3,HP_Peak,SVR,size,netfit,residual,log,all,wape_inner,20.49913508360873,30,58,q_arm2,kernel
iter05b_arm2,0,gb_eoh_2122r3,HP_Peak,SVR,size,netfit,residual,log,all,n_train_sub,111.0,30,58,q_arm2,kernel
iter05b_arm2,0,gb_eoh_2122r3,HP_Peak,SVR,size,netfit,residual,log,all,n_inner_sub,90.0,30,58,q_arm2,kernel
iter05b_arm2,0,gb_eoh_2122r3,HP_Peak,SVR,size,netfit,residual,log,all,n_test_sub,30.0,30,58,q_arm2,kernel
iter05b_arm2,0,gb_eoh_2122r3,HP_Peak,SVR,size,netfit,residual,log,all,n_overlap_sub,0.0,30,58,q_arm2,kernel
iter05b_arm2,0,gb_eoh_2122r3,HP_Peak,SVR,size,netfit,residual,log,pbin<=15,wape,29.061807868573286,22,34,q_arm2,kernel
iter05b_arm2,0,gb_eoh_2122r3,HP_Peak,SVR,size,netfit,residual,log,pbin<=15,rmse,2.250374336119531,22,34,q_arm2,kernel
iter05b_arm2,0,gb_eoh_2122r3,HP_Peak,SVR,size,netfit,residual,log,pbin<=15,mae,1.6639340717510416,22,34,q_arm2,kernel
iter05b_arm2,0,gb_eoh_2122r3,HP_Peak,SVR,size,netfit,residual,log,pbin<=15,mape,35.23141975043698,22,34,q_arm2,kernel
iter05b_arm2,0,gb_eoh_2122r3,HP_Peak,SVR,size,netfit,residual,log,pbin<=15,r2,0.6969569324299754,22,34,q_arm2,kernel
iter05b_arm2,0,gb_eoh_2122r3,HP_Peak,SVR,size,netfit,residual,log,pbin<=15,n_pred_nan,0.0,22,34,q_arm2,kernel
iter05b_arm2,0,gb_eoh_2122r3,HP_Peak,SVR,size,netfit,residual,log,pbin<=15,mape_n_excluded,0.0,22,34,q_arm2,kernel
iter05b_arm2,0,gb_eoh_2122r3,HP_Peak,SVR,size,netfit,residual,log,pbin35-65,wape,12.619229429592297,8,43,q_arm2,kernel
iter05b_arm2,0,gb_eoh_2122r3,HP_Peak,SVR,size,netfit,residual,log,pbin35-65,rmse,6.691789008032118,8,43,q_arm2,kernel
iter05b_arm2,0,gb_eoh_2122r3,HP_Peak,SVR,size,netfit,residual,log,pbin35-65,mae,3.8745984569478926,8,43,q_arm2,kernel
iter05b_arm2,0,gb_eoh_2122r3,HP_Peak,SVR,size,netfit,residual,log,pbin35-65,mape,12.161566550093234,8,43,q_arm2,kernel
iter05b_arm2,0,gb_eoh_2122r3,HP_Peak,SVR,size,netfit,residual,log,pbin35-65,r2,0.9256639362483071,8,43,q_arm2,kernel
iter05b_arm2,0,gb_eoh_2122r3,HP_Peak,SVR,size,netfit,residual,log,pbin35-65,n_pred_nan,0.0,8,43,q_arm2,kernel
iter05b_arm2,0,gb_eoh_2122r3,HP_Peak,SVR,size,netfit,residual,log,pbin35-65,mape_n_excluded,0.0,8,43,q_arm2,kernel
iter05b_arm2,0,gb_eoh_2122r3,HP_Peak,SVR,size,netfit,residual,log,p0.1|n10,wape,38.39170189929065,16,15,q_arm2,kernel
iter05b_arm2,0,gb_eoh_2122r3,HP_Peak,SVR,size,netfit,residual,log,p0.1|n10,rmse,1.5921604108311584,16,15,q_arm2,kernel
iter05b_arm2,0,gb_eoh_2122r3,HP_Peak,SVR,size,netfit,residual,log,p0.1|n10,mae,1.2630496040282415,16,15,q_arm2,kernel
iter05b_arm2,0,gb_eoh_2122r3,HP_Peak,SVR,size,netfit,residual,log,p0.1|n10,mape,39.50025748293377,16,15,q_arm2,kernel
iter05b_arm2,0,gb_eoh_2122r3,HP_Peak,SVR,size,netfit,residual,log,p0.1|n10,r2,-2.9713332539191395,16,15,q_arm2,kernel
iter05b_arm2,0,gb_eoh_2122r3,HP_Peak,SVR,size,netfit,residual,log,p0.1|n10,n_pred_nan,0.0,16,15,q_arm2,kernel
iter05b_arm2,0,gb_eoh_2122r3,HP_Peak,SVR,size,netfit,residual,log,p0.1|n10,mape_n_excluded,0.0,16,15,q_arm2,kernel
iter05b_arm2,0,gb_eoh_2122r3,HP_Peak,SVR,size,netfit,residual,log,p0.1|n40,wape,22.36385619855228,6,22,q_arm2,kernel
iter05b_arm2,0,gb_eoh_2122r3,HP_Peak,SVR,size,netfit,residual,log,p0.1|n40,rmse,3.4363853581331303,6,22,q_arm2,kernel
iter05b_arm2,0,gb_eoh_2122r3,HP_Peak,SVR,size,netfit,residual,log,p0.1|n40,mae,2.7329593190118424,6,22,q_arm2,kernel
iter05b_arm2,0,gb_eoh_2122r3,HP_Peak,SVR,size,netfit,residual,log,p0.1|n40,mape,23.84785246377888,6,22,q_arm2,kernel
iter05b_arm2,0,gb_eoh_2122r3,HP_Peak,SVR,size,netfit,residual,log,p0.1|n40,r2,-6.5275635934783205,6,22,q_arm2,kernel
iter05b_arm2,0,gb_eoh_2122r3,HP_Peak,SVR,size,netfit,residual,log,p0.1|n40,n_pred_nan,0.0,6,22,q_arm2,kernel
iter05b_arm2,0,gb_eoh_2122r3,HP_Peak,SVR,size,netfit,residual,log,p0.1|n40,mape_n_excluded,0.0,6,22,q_arm2,kernel
iter05b_arm2,0,gb_eoh_2122r3,HP_Peak,SVR,size,netfit,residual,log,p0.5|n10,wape,12.543223482395335,6,24,q_arm2,kernel
iter05b_arm2,0,gb_eoh_2122r3,HP_Peak,SVR,size,netfit,residual,log,p0.5|n10,rmse,2.7776555685620963,6,24,q_arm2,kernel
iter05b_arm2,0,gb_eoh_2122r3,HP_Peak,SVR,size,netfit,residual,log,p0.5|n10,mae,2.0787238910654646,6,24,q_arm2,kernel
iter05b_arm2,0,gb_eoh_2122r3,HP_Peak,SVR,size,netfit,residual,log,p0.5|n10,mape,11.990701150079065,6,24,q_arm2,kernel
iter05b_arm2,0,gb_eoh_2122r3,HP_Peak,SVR,size,netfit,residual,log,p0.5|n10,r2,-0.7496376001127112,6,24,q_arm2,kernel
iter05b_arm2,0,gb_eoh_2122r3,HP_Peak,SVR,size,netfit,residual,log,p0.5|n10,n_pred_nan,0.0,6,24,q_arm2,kernel
iter05b_arm2,0,gb_eoh_2122r3,HP_Peak,SVR,size,netfit,residual,log,p0.5|n10,mape_n_excluded,0.0,6,24,q_arm2,kernel
iter05b_arm2,0,gb_eoh_2122r3,HP_Peak,SVR,size,netfit,residual,log,p0.5|n40,wape,12.670924554541113,2,28,q_arm2,kernel
iter05b_arm2,0,gb_eoh_2122r3,HP_Peak,SVR,size,netfit,residual,log,p0.5|n40,rmse,12.488957087738985,2,28,q_arm2,kernel
iter05b_arm2,0,gb_eoh_2122r3,HP_Peak,SVR,size,netfit,residual,log,p0.5|n40,mae,9.262222154595179,2,28,q_arm2,kernel
iter05b_arm2,0,gb_eoh_2122r3,HP_Peak,SVR,size,netfit,residual,log,p0.5|n40,mape,12.674162750135737,2,28,q_arm2,kernel
iter05b_arm2,0,gb_eoh_2122r3,HP_Peak,SVR,size,netfit,residual,log,p0.5|n40,r2,-365876.755168842,2,28,q_arm2,kernel
iter05b_arm2,0,gb_eoh_2122r3,HP_Peak,SVR,size,netfit,residual,log,p0.5|n40,n_pred_nan,0.0,2,28,q_arm2,kernel
iter05b_arm2,0,gb_eoh_2122r3,HP_Peak,SVR,size,netfit,residual,log,p0.5|n40,mape_n_excluded,0.0,2,28,q_arm2,kernel
iter05b_arm2,0,gb_eoh_2122r3,HP_Peak,KernelRidge,size,netfit,residual,log,all,wape,14.238667211273267,30,58,q_arm2,kernel
iter05b_arm2,0,gb_eoh_2122r3,HP_Peak,KernelRidge,size,netfit,residual,log,all,rmse,2.52416238398867,30,58,q_arm2,kernel
iter05b_arm2,0,gb_eoh_2122r3,HP_Peak,KernelRidge,size,netfit,residual,log,all,mae,1.7636601831067762,30,58,q_arm2,kernel
iter05b_arm2,0,gb_eoh_2122r3,HP_Peak,KernelRidge,size,netfit,residual,log,all,mape,27.64270807983594,30,58,q_arm2,kernel
iter05b_arm2,0,gb_eoh_2122r3,HP_Peak,KernelRidge,size,netfit,residual,log,all,r2,0.978395172938589,30,58,q_arm2,kernel
iter05b_arm2,0,gb_eoh_2122r3,HP_Peak,KernelRidge,size,netfit,residual,log,all,n_pred_nan,0.0,30,58,q_arm2,kernel
iter05b_arm2,0,gb_eoh_2122r3,HP_Peak,KernelRidge,size,netfit,residual,log,all,mape_n_excluded,0.0,30,58,q_arm2,kernel
iter05b_arm2,0,gb_eoh_2122r3,HP_Peak,KernelRidge,size,netfit,residual,log,all,n_invalid,0.0,30,58,q_arm2,kernel
iter05b_arm2,0,gb_eoh_2122r3,HP_Peak,KernelRidge,size,netfit,residual,log,all,n_resid_excluded_train,0.0,30,58,q_arm2,kernel
iter05b_arm2,0,gb_eoh_2122r3,HP_Peak,KernelRidge,size,netfit,residual,log,all,n_resid_excluded_inner,0.0,30,58,q_arm2,kernel
iter05b_arm2,0,gb_eoh_2122r3,HP_Peak,KernelRidge,size,netfit,residual,log,all,wape_train,3.0405858653113143,30,58,q_arm2,kernel
iter05b_arm2,0,gb_eoh_2122r3,HP_Peak,KernelRidge,size,netfit,residual,log,all,wape_inner,20.827703320657907,30,58,q_arm2,kernel
iter05b_arm2,0,gb_eoh_2122r3,HP_Peak,KernelRidge,size,netfit,residual,log,all,n_train_sub,111.0,30,58,q_arm2,kernel
iter05b_arm2,0,gb_eoh_2122r3,HP_Peak,KernelRidge,size,netfit,residual,log,all,n_inner_sub,90.0,30,58,q_arm2,kernel
iter05b_arm2,0,gb_eoh_2122r3,HP_Peak,KernelRidge,size,netfit,residual,log,all,n_test_sub,30.0,30,58,q_arm2,kernel
iter05b_arm2,0,gb_eoh_2122r3,HP_Peak,KernelRidge,size,netfit,residual,log,all,n_overlap_sub,0.0,30,58,q_arm2,kernel
iter05b_arm2,0,gb_eoh_2122r3,HP_Peak,KernelRidge,size,netfit,residual,log,pbin<=15,wape,28.94063772453614,22,34,q_arm2,kernel
iter05b_arm2,0,gb_eoh_2122r3,HP_Peak,KernelRidge,size,netfit,residual,log,pbin<=15,rmse,2.537869910693014,22,34,q_arm2,kernel
iter05b_arm2,0,gb_eoh_2122r3,HP_Peak,KernelRidge,size,netfit,residual,log,pbin<=15,mae,1.65699647406083,22,34,q_arm2,kernel
iter05b_arm2,0,gb_eoh_2122r3,HP_Peak,KernelRidge,size,netfit,residual,log,pbin<=15,mape,34.25001626233408,22,34,q_arm2,kernel
iter05b_arm2,0,gb_eoh_2122r3,HP_Peak,KernelRidge,size,netfit,residual,log,pbin<=15,r2,0.614580632638248,22,34,q_arm2,kernel
iter05b_arm2,0,gb_eoh_2122r3,HP_Peak,KernelRidge,size,netfit,residual,log,pbin<=15,n_pred_nan,0.0,22,34,q_arm2,kernel
iter05b_arm2,0,gb_eoh_2122r3,HP_Peak,KernelRidge,size,netfit,residual,log,pbin<=15,mape_n_excluded,0.0,22,34,q_arm2,kernel
iter05b_arm2,0,gb_eoh_2122r3,HP_Peak,KernelRidge,size,netfit,residual,log,pbin35-65,wape,6.69942208711589,8,43,q_arm2,kernel
iter05b_arm2,0,gb_eoh_2122r3,HP_Peak,KernelRidge,size,netfit,residual,log,pbin35-65,rmse,2.4860770096449087,8,43,q_arm2,kernel
iter05b_arm2,0,gb_eoh_2122r3,HP_Peak,KernelRidge,size,netfit,residual,log,pbin35-65,mae,2.056985382983127,8,43,q_arm2,kernel
iter05b_arm2,0,gb_eoh_2122r3,HP_Peak,KernelRidge,size,netfit,residual,log,pbin35-65,mape,9.472610577966073,8,43,q_arm2,kernel
iter05b_arm2,0,gb_eoh_2122r3,HP_Peak,KernelRidge,size,netfit,residual,log,pbin35-65,r2,0.9897400737993518,8,43,q_arm2,kernel
iter05b_arm2,0,gb_eoh_2122r3,HP_Peak,KernelRidge,size,netfit,residual,log,pbin35-65,n_pred_nan,0.0,8,43,q_arm2,kernel
iter05b_arm2,0,gb_eoh_2122r3,HP_Peak,KernelRidge,size,netfit,residual,log,pbin35-65,mape_n_excluded,0.0,8,43,q_arm2,kernel
iter05b_arm2,0,gb_eoh_2122r3,HP_Peak,KernelRidge,size,netfit,residual,log,p0.1|n10,wape,37.20812961317244,16,15,q_arm2,kernel
iter05b_arm2,0,gb_eoh_2122r3,HP_Peak,KernelRidge,size,netfit,residual,log,p0.1|n10,rmse,1.621587852732656,16,15,q_arm2,kernel
iter05b_arm2,0,gb_eoh_2122r3,HP_Peak,KernelRidge,size,netfit,residual,log,p0.1|n10,mae,1.2241112284583886,16,15,q_arm2,kernel
iter05b_arm2,0,gb_eoh_2122r3,HP_Peak,KernelRidge,size,netfit,residual,log,p0.1|n10,mape,37.69977767416274,16,15,q_arm2,kernel
iter05b_arm2,0,gb_eoh_2122r3,HP_Peak,KernelRidge,size,netfit,residual,log,p0.1|n10,r2,-3.1194919190182944,16,15,q_arm2,kernel
iter05b_arm2,0,gb_eoh_2122r3,HP_Peak,KernelRidge,size,netfit,residual,log,p0.1|n10,n_pred_nan,0.0,16,15,q_arm2,kernel
iter05b_arm2,0,gb_eoh_2122r3,HP_Peak,KernelRidge,size,netfit,residual,log,p0.1|n10,mape_n_excluded,0.0,16,15,q_arm2,kernel
iter05b_arm2,0,gb_eoh_2122r3,HP_Peak,KernelRidge,size,netfit,residual,log,p0.1|n40,wape,23.00538691460612,6,22,q_arm2,kernel
iter05b_arm2,0,gb_eoh_2122r3,HP_Peak,KernelRidge,size,netfit,residual,log,p0.1|n40,rmse,4.074810556192348,6,22,q_arm2,kernel
iter05b_arm2,0,gb_eoh_2122r3,HP_Peak,KernelRidge,size,netfit,residual,log,p0.1|n40,mae,2.8113571290006756,6,22,q_arm2,kernel
iter05b_arm2,0,gb_eoh_2122r3,HP_Peak,KernelRidge,size,netfit,residual,log,p0.1|n40,mape,25.050652497457637,6,22,q_arm2,kernel
iter05b_arm2,0,gb_eoh_2122r3,HP_Peak,KernelRidge,size,netfit,residual,log,p0.1|n40,r2,-9.5843832899216,6,22,q_arm2,kernel
iter05b_arm2,0,gb_eoh_2122r3,HP_Peak,KernelRidge,size,netfit,residual,log,p0.1|n40,n_pred_nan,0.0,6,22,q_arm2,kernel
iter05b_arm2,0,gb_eoh_2122r3,HP_Peak,KernelRidge,size,netfit,residual,log,p0.1|n40,mape_n_excluded,0.0,6,22,q_arm2,kernel
iter05b_arm2,0,gb_eoh_2122r3,HP_Peak,KernelRidge,size,netfit,residual,log,p0.5|n10,wape,11.702856677304123,6,24,q_arm2,kernel
iter05b_arm2,0,gb_eoh_2122r3,HP_Peak,KernelRidge,size,netfit,residual,log,p0.5|n10,rmse,2.510631818836363,6,24,q_arm2,kernel
iter05b_arm2,0,gb_eoh_2122r3,HP_Peak,KernelRidge,size,netfit,residual,log,p0.5|n10,mae,1.9394542242646418,6,24,q_arm2,kernel
iter05b_arm2,0,gb_eoh_2122r3,HP_Peak,KernelRidge,size,netfit,residual,log,p0.5|n10,mape,11.531351316029637,6,24,q_arm2,kernel
iter05b_arm2,0,gb_eoh_2122r3,HP_Peak,KernelRidge,size,netfit,residual,log,p0.5|n10,r2,-0.4294118451755349,6,24,q_arm2,kernel
iter05b_arm2,0,gb_eoh_2122r3,HP_Peak,KernelRidge,size,netfit,residual,log,p0.5|n10,n_pred_nan,0.0,6,24,q_arm2,kernel
iter05b_arm2,0,gb_eoh_2122r3,HP_Peak,KernelRidge,size,netfit,residual,log,p0.5|n10,mape_n_excluded,0.0,6,24,q_arm2,kernel
iter05b_arm2,0,gb_eoh_2122r3,HP_Peak,KernelRidge,size,netfit,residual,log,p0.5|n40,wape,3.2963571184928764,2,28,q_arm2,kernel
iter05b_arm2,0,gb_eoh_2122r3,HP_Peak,KernelRidge,size,netfit,residual,log,p0.5|n40,rmse,2.4109125248086314,2,28,q_arm2,kernel
iter05b_arm2,0,gb_eoh_2122r3,HP_Peak,KernelRidge,size,netfit,residual,log,p0.5|n40,mae,2.409578859138584,2,28,q_arm2,kernel
iter05b_arm2,0,gb_eoh_2122r3,HP_Peak,KernelRidge,size,netfit,residual,log,p0.5|n40,mape,3.2963883637753812,2,28,q_arm2,kernel
iter05b_arm2,0,gb_eoh_2122r3,HP_Peak,KernelRidge,size,netfit,residual,log,p0.5|n40,r2,-13633.730724661025,2,28,q_arm2,kernel
iter05b_arm2,0,gb_eoh_2122r3,HP_Peak,KernelRidge,size,netfit,residual,log,p0.5|n40,n_pred_nan,0.0,2,28,q_arm2,kernel
iter05b_arm2,0,gb_eoh_2122r3,HP_Peak,KernelRidge,size,netfit,residual,log,p0.5|n40,mape_n_excluded,0.0,2,28,q_arm2,kernel
iter05b_arm2,0,gb_eoh_2122r3,HP_Peak,SVR,size,both,direct,log,all,wape,22.28628404381779,30,58,q_arm2,kernel
iter05b_arm2,0,gb_eoh_2122r3,HP_Peak,SVR,size,both,direct,log,all,rmse,5.3732836116312575,30,58,q_arm2,kernel
iter05b_arm2,0,gb_eoh_2122r3,HP_Peak,SVR,size,both,direct,log,all,mae,2.7604712726462055,30,58,q_arm2,kernel
iter05b_arm2,0,gb_eoh_2122r3,HP_Peak,SVR,size,both,direct,log,all,mape,31.87050937536842,30,58,q_arm2,kernel
iter05b_arm2,0,gb_eoh_2122r3,HP_Peak,SVR,size,both,direct,log,all,r2,0.9020970582574884,30,58,q_arm2,kernel
iter05b_arm2,0,gb_eoh_2122r3,HP_Peak,SVR,size,both,direct,log,all,n_pred_nan,0.0,30,58,q_arm2,kernel
iter05b_arm2,0,gb_eoh_2122r3,HP_Peak,SVR,size,both,direct,log,all,mape_n_excluded,0.0,30,58,q_arm2,kernel
iter05b_arm2,0,gb_eoh_2122r3,HP_Peak,SVR,size,both,direct,log,all,wape_train,3.989988023929092,30,58,q_arm2,kernel
iter05b_arm2,0,gb_eoh_2122r3,HP_Peak,SVR,size,both,direct,log,all,wape_inner,30.20793631458354,30,58,q_arm2,kernel
iter05b_arm2,0,gb_eoh_2122r3,HP_Peak,SVR,size,both,direct,log,all,n_train_sub,111.0,30,58,q_arm2,kernel
iter05b_arm2,0,gb_eoh_2122r3,HP_Peak,SVR,size,both,direct,log,all,n_inner_sub,90.0,30,58,q_arm2,kernel
iter05b_arm2,0,gb_eoh_2122r3,HP_Peak,SVR,size,both,direct,log,all,n_test_sub,30.0,30,58,q_arm2,kernel
iter05b_arm2,0,gb_eoh_2122r3,HP_Peak,SVR,size,both,direct,log,all,n_overlap_sub,0.0,30,58,q_arm2,kernel
iter05b_arm2,0,gb_eoh_2122r3,HP_Peak,SVR,size,both,direct,log,pbin<=15,wape,29.368059147160718,22,34,q_arm2,kernel
iter05b_arm2,0,gb_eoh_2122r3,HP_Peak,SVR,size,both,direct,log,pbin<=15,rmse,2.5901052578864414,22,34,q_arm2,kernel
iter05b_arm2,0,gb_eoh_2122r3,HP_Peak,SVR,size,both,direct,log,pbin<=15,mae,1.6814684914699882,22,34,q_arm2,kernel
iter05b_arm2,0,gb_eoh_2122r3,HP_Peak,SVR,size,both,direct,log,pbin<=15,mape,35.85623244635875,22,34,q_arm2,kernel
iter05b_arm2,0,gb_eoh_2122r3,HP_Peak,SVR,size,both,direct,log,pbin<=15,r2,0.5985516772578574,22,34,q_arm2,kernel
iter05b_arm2,0,gb_eoh_2122r3,HP_Peak,SVR,size,both,direct,log,pbin<=15,n_pred_nan,0.0,22,34,q_arm2,kernel
iter05b_arm2,0,gb_eoh_2122r3,HP_Peak,SVR,size,both,direct,log,pbin<=15,mape_n_excluded,0.0,22,34,q_arm2,kernel
iter05b_arm2,0,gb_eoh_2122r3,HP_Peak,SVR,size,both,direct,log,pbin35-65,wape,18.65471381518128,8,43,q_arm2,kernel
iter05b_arm2,0,gb_eoh_2122r3,HP_Peak,SVR,size,both,direct,log,pbin35-65,rmse,9.47744102921689,8,43,q_arm2,kernel
iter05b_arm2,0,gb_eoh_2122r3,HP_Peak,SVR,size,both,direct,log,pbin35-65,mae,5.727728920880801,8,43,q_arm2,kernel
iter05b_arm2,0,gb_eoh_2122r3,HP_Peak,SVR,size,both,direct,log,pbin35-65,mape,20.90977093014499,8,43,q_arm2,kernel
iter05b_arm2,0,gb_eoh_2122r3,HP_Peak,SVR,size,both,direct,log,pbin35-65,r2,0.8508932638751282,8,43,q_arm2,kernel
iter05b_arm2,0,gb_eoh_2122r3,HP_Peak,SVR,size,both,direct,log,pbin35-65,n_pred_nan,0.0,8,43,q_arm2,kernel
iter05b_arm2,0,gb_eoh_2122r3,HP_Peak,SVR,size,both,direct,log,pbin35-65,mape_n_excluded,0.0,8,43,q_arm2,kernel
iter05b_arm2,0,gb_eoh_2122r3,HP_Peak,SVR,size,both,direct,log,p0.1|n10,wape,38.19487062832159,16,15,q_arm2,kernel
iter05b_arm2,0,gb_eoh_2122r3,HP_Peak,SVR,size,both,direct,log,p0.1|n10,rmse,1.660554750083029,16,15,q_arm2,kernel
iter05b_arm2,0,gb_eoh_2122r3,HP_Peak,SVR,size,both,direct,log,p0.1|n10,mae,1.2565740469010789,16,15,q_arm2,kernel
iter05b_arm2,0,gb_eoh_2122r3,HP_Peak,SVR,size,both,direct,log,p0.1|n10,mape,40.08724118023053,16,15,q_arm2,kernel
iter05b_arm2,0,gb_eoh_2122r3,HP_Peak,SVR,size,both,direct,log,p0.1|n10,r2,-3.319854198673733,16,15,q_arm2,kernel
iter05b_arm2,0,gb_eoh_2122r3,HP_Peak,SVR,size,both,direct,log,p0.1|n10,n_pred_nan,0.0,16,15,q_arm2,kernel
iter05b_arm2,0,gb_eoh_2122r3,HP_Peak,SVR,size,both,direct,log,p0.1|n10,mape_n_excluded,0.0,16,15,q_arm2,kernel
iter05b_arm2,0,gb_eoh_2122r3,HP_Peak,SVR,size,both,direct,log,p0.1|n40,wape,23.031271558089216,6,22,q_arm2,kernel
iter05b_arm2,0,gb_eoh_2122r3,HP_Peak,SVR,size,both,direct,log,p0.1|n40,rmse,4.152732477620584,6,22,q_arm2,kernel
iter05b_arm2,0,gb_eoh_2122r3,HP_Peak,SVR,size,both,direct,log,p0.1|n40,mae,2.814520343653746,6,22,q_arm2,kernel
iter05b_arm2,0,gb_eoh_2122r3,HP_Peak,SVR,size,both,direct,log,p0.1|n40,mape,24.573542489367384,6,22,q_arm2,kernel
iter05b_arm2,0,gb_eoh_2122r3,HP_Peak,SVR,size,both,direct,log,p0.1|n40,r2,-9.993060602523451,6,22,q_arm2,kernel
iter05b_arm2,0,gb_eoh_2122r3,HP_Peak,SVR,size,both,direct,log,p0.1|n40,n_pred_nan,0.0,6,22,q_arm2,kernel
iter05b_arm2,0,gb_eoh_2122r3,HP_Peak,SVR,size,both,direct,log,p0.1|n40,mape_n_excluded,0.0,6,22,q_arm2,kernel
iter05b_arm2,0,gb_eoh_2122r3,HP_Peak,SVR,size,both,direct,log,p0.5|n10,wape,21.446970114817372,6,24,q_arm2,kernel
iter05b_arm2,0,gb_eoh_2122r3,HP_Peak,SVR,size,both,direct,log,p0.5|n10,rmse,4.837256135487941,6,24,q_arm2,kernel
iter05b_arm2,0,gb_eoh_2122r3,HP_Peak,SVR,size,both,direct,log,p0.5|n10,mae,3.5542960094117824,6,24,q_arm2,kernel
iter05b_arm2,0,gb_eoh_2122r3,HP_Peak,SVR,size,both,direct,log,p0.5|n10,mape,22.296022282684948,6,24,q_arm2,kernel
iter05b_arm2,0,gb_eoh_2122r3,HP_Peak,SVR,size,both,direct,log,p0.5|n10,r2,-4.306271749848275,6,24,q_arm2,kernel
iter05b_arm2,0,gb_eoh_2122r3,HP_Peak,SVR,size,both,direct,log,p0.5|n10,n_pred_nan,0.0,6,24,q_arm2,kernel
iter05b_arm2,0,gb_eoh_2122r3,HP_Peak,SVR,size,both,direct,log,p0.5|n10,mape_n_excluded,0.0,6,24,q_arm2,kernel
iter05b_arm2,0,gb_eoh_2122r3,HP_Peak,SVR,size,both,direct,log,p0.5|n40,wape,16.755572450299162,2,28,q_arm2,kernel
iter05b_arm2,0,gb_eoh_2122r3,HP_Peak,SVR,size,both,direct,log,p0.5|n40,rmse,17.00265900052658,2,28,q_arm2,kernel
iter05b_arm2,0,gb_eoh_2122r3,HP_Peak,SVR,size,both,direct,log,p0.5|n40,mae,12.248027655287856,2,28,q_arm2,kernel
iter05b_arm2,0,gb_eoh_2122r3,HP_Peak,SVR,size,both,direct,log,p0.5|n40,mape,16.751016872525113,2,28,q_arm2,kernel
iter05b_arm2,0,gb_eoh_2122r3,HP_Peak,SVR,size,both,direct,log,p0.5|n40,r2,-678135.8565165389,2,28,q_arm2,kernel
iter05b_arm2,0,gb_eoh_2122r3,HP_Peak,SVR,size,both,direct,log,p0.5|n40,n_pred_nan,0.0,2,28,q_arm2,kernel
iter05b_arm2,0,gb_eoh_2122r3,HP_Peak,SVR,size,both,direct,log,p0.5|n40,mape_n_excluded,0.0,2,28,q_arm2,kernel
iter05b_arm2,0,gb_eoh_2122r3,HP_Peak,KernelRidge,size,both,direct,log,all,wape,24.451820385719287,30,58,q_arm2,kernel
iter05b_arm2,0,gb_eoh_2122r3,HP_Peak,KernelRidge,size,both,direct,log,all,rmse,5.4033653582458925,30,58,q_arm2,kernel
iter05b_arm2,0,gb_eoh_2122r3,HP_Peak,KernelRidge,size,both,direct,log,all,mae,3.028703556230902,30,58,q_arm2,kernel
iter05b_arm2,0,gb_eoh_2122r3,HP_Peak,KernelRidge,size,both,direct,log,all,mape,31.532637047851402,30,58,q_arm2,kernel
iter05b_arm2,0,gb_eoh_2122r3,HP_Peak,KernelRidge,size,both,direct,log,all,r2,0.9009977917427393,30,58,q_arm2,kernel
iter05b_arm2,0,gb_eoh_2122r3,HP_Peak,KernelRidge,size,both,direct,log,all,n_pred_nan,0.0,30,58,q_arm2,kernel
iter05b_arm2,0,gb_eoh_2122r3,HP_Peak,KernelRidge,size,both,direct,log,all,mape_n_excluded,0.0,30,58,q_arm2,kernel
iter05b_arm2,0,gb_eoh_2122r3,HP_Peak,KernelRidge,size,both,direct,log,all,wape_train,1.780541879515869,30,58,q_arm2,kernel
iter05b_arm2,0,gb_eoh_2122r3,HP_Peak,KernelRidge,size,both,direct,log,all,wape_inner,27.925014137501183,30,58,q_arm2,kernel
iter05b_arm2,0,gb_eoh_2122r3,HP_Peak,KernelRidge,size,both,direct,log,all,n_train_sub,111.0,30,58,q_arm2,kernel
iter05b_arm2,0,gb_eoh_2122r3,HP_Peak,KernelRidge,size,both,direct,log,all,n_inner_sub,90.0,30,58,q_arm2,kernel
iter05b_arm2,0,gb_eoh_2122r3,HP_Peak,KernelRidge,size,both,direct,log,all,n_test_sub,30.0,30,58,q_arm2,kernel
iter05b_arm2,0,gb_eoh_2122r3,HP_Peak,KernelRidge,size,both,direct,log,all,n_overlap_sub,0.0,30,58,q_arm2,kernel
iter05b_arm2,0,gb_eoh_2122r3,HP_Peak,KernelRidge,size,both,direct,log,pbin<=15,wape,29.815388297695183,22,34,q_arm2,kernel
iter05b_arm2,0,gb_eoh_2122r3,HP_Peak,KernelRidge,size,both,direct,log,pbin<=15,rmse,2.7091565704076026,22,34,q_arm2,kernel
iter05b_arm2,0,gb_eoh_2122r3,HP_Peak,KernelRidge,size,both,direct,log,pbin<=15,mae,1.7070803260202623,22,34,q_arm2,kernel
iter05b_arm2,0,gb_eoh_2122r3,HP_Peak,KernelRidge,size,both,direct,log,pbin<=15,mape,35.21360285729296,22,34,q_arm2,kernel
iter05b_arm2,0,gb_eoh_2122r3,HP_Peak,KernelRidge,size,both,direct,log,pbin<=15,r2,0.560799292856321,22,34,q_arm2,kernel
iter05b_arm2,0,gb_eoh_2122r3,HP_Peak,KernelRidge,size,both,direct,log,pbin<=15,n_pred_nan,0.0,22,34,q_arm2,kernel
iter05b_arm2,0,gb_eoh_2122r3,HP_Peak,KernelRidge,size,both,direct,log,pbin<=15,mape_n_excluded,0.0,22,34,q_arm2,kernel
iter05b_arm2,0,gb_eoh_2122r3,HP_Peak,KernelRidge,size,both,direct,log,pbin35-65,wape,21.701355528510373,8,43,q_arm2,kernel
iter05b_arm2,0,gb_eoh_2122r3,HP_Peak,KernelRidge,size,both,direct,log,pbin35-65,rmse,9.450007081578919,8,43,q_arm2,kernel
iter05b_arm2,0,gb_eoh_2122r3,HP_Peak,KernelRidge,size,both,direct,log,pbin35-65,mae,6.663167439310159,8,43,q_arm2,kernel
iter05b_arm2,0,gb_eoh_2122r3,HP_Peak,KernelRidge,size,both,direct,log,pbin35-65,mape,21.409981071887124,8,43,q_arm2,kernel
iter05b_arm2,0,gb_eoh_2122r3,HP_Peak,KernelRidge,size,both,direct,log,pbin35-65,r2,0.8517552404266112,8,43,q_arm2,kernel
iter05b_arm2,0,gb_eoh_2122r3,HP_Peak,KernelRidge,size,both,direct,log,pbin35-65,n_pred_nan,0.0,8,43,q_arm2,kernel
iter05b_arm2,0,gb_eoh_2122r3,HP_Peak,KernelRidge,size,both,direct,log,pbin35-65,mape_n_excluded,0.0,8,43,q_arm2,kernel
iter05b_arm2,0,gb_eoh_2122r3,HP_Peak,KernelRidge,size,both,direct,log,p0.1|n10,wape,37.879627628755244,16,15,q_arm2,kernel
iter05b_arm2,0,gb_eoh_2122r3,HP_Peak,KernelRidge,size,both,direct,log,p0.1|n10,rmse,1.740809221149601,16,15,q_arm2,kernel
iter05b_arm2,0,gb_eoh_2122r3,HP_Peak,KernelRidge,size,both,direct,log,p0.1|n10,mae,1.2462028592204852,16,15,q_arm2,kernel
iter05b_arm2,0,gb_eoh_2122r3,HP_Peak,KernelRidge,size,both,direct,log,p0.1|n10,mape,38.788346593523,16,15,q_arm2,kernel
iter05b_arm2,0,gb_eoh_2122r3,HP_Peak,KernelRidge,size,both,direct,log,p0.1|n10,r2,-3.7475008093669198,16,15,q_arm2,kernel
iter05b_arm2,0,gb_eoh_2122r3,HP_Peak,KernelRidge,size,both,direct,log,p0.1|n10,n_pred_nan,0.0,16,15,q_arm2,kernel
iter05b_arm2,0,gb_eoh_2122r3,HP_Peak,KernelRidge,size,both,direct,log,p0.1|n10,mape_n_excluded,0.0,16,15,q_arm2,kernel
iter05b_arm2,0,gb_eoh_2122r3,HP_Peak,KernelRidge,size,both,direct,log,p0.1|n40,wape,24.026052950788824,6,22,q_arm2,kernel
iter05b_arm2,0,gb_eoh_2122r3,HP_Peak,KernelRidge,size,both,direct,log,p0.1|n40,rmse,4.339411964667321,6,22,q_arm2,kernel
iter05b_arm2,0,gb_eoh_2122r3,HP_Peak,KernelRidge,size,both,direct,log,p0.1|n40,mae,2.936086904153002,6,22,q_arm2,kernel
iter05b_arm2,0,gb_eoh_2122r3,HP_Peak,KernelRidge,size,both,direct,log,p0.1|n40,mape,25.680952894012854,6,22,q_arm2,kernel
iter05b_arm2,0,gb_eoh_2122r3,HP_Peak,KernelRidge,size,both,direct,log,p0.1|n40,r2,-11.003626607466874,6,22,q_arm2,kernel
iter05b_arm2,0,gb_eoh_2122r3,HP_Peak,KernelRidge,size,both,direct,log,p0.1|n40,n_pred_nan,0.0,6,22,q_arm2,kernel
iter05b_arm2,0,gb_eoh_2122r3,HP_Peak,KernelRidge,size,both,direct,log,p0.1|n40,mape_n_excluded,0.0,6,22,q_arm2,kernel
iter05b_arm2,0,gb_eoh_2122r3,HP_Peak,KernelRidge,size,both,direct,log,p0.5|n10,wape,19.428875069758174,6,24,q_arm2,kernel
iter05b_arm2,0,gb_eoh_2122r3,HP_Peak,KernelRidge,size,both,direct,log,p0.5|n10,rmse,4.61889698804286,6,24,q_arm2,kernel
iter05b_arm2,0,gb_eoh_2122r3,HP_Peak,KernelRidge,size,both,direct,log,p0.5|n10,mae,3.219847500980657,6,24,q_arm2,kernel
iter05b_arm2,0,gb_eoh_2122r3,HP_Peak,KernelRidge,size,both,direct,log,p0.5|n10,mape,20.797921079549024,6,24,q_arm2,kernel
iter05b_arm2,0,gb_eoh_2122r3,HP_Peak,KernelRidge,size,both,direct,log,p0.5|n10,r2,-3.838022375723141,6,24,q_arm2,kernel
iter05b_arm2,0,gb_eoh_2122r3,HP_Peak,KernelRidge,size,both,direct,log,p0.5|n10,n_pred_nan,0.0,6,24,q_arm2,kernel
iter05b_arm2,0,gb_eoh_2122r3,HP_Peak,KernelRidge,size,both,direct,log,p0.5|n10,mape_n_excluded,0.0,6,24,q_arm2,kernel
iter05b_arm2,0,gb_eoh_2122r3,HP_Peak,KernelRidge,size,both,direct,log,p0.5|n40,wape,23.246973543828332,2,28,q_arm2,kernel
iter05b_arm2,0,gb_eoh_2122r3,HP_Peak,KernelRidge,size,both,direct,log,p0.5|n40,rmse,17.123314726101153,2,28,q_arm2,kernel
iter05b_arm2,0,gb_eoh_2122r3,HP_Peak,KernelRidge,size,both,direct,log,p0.5|n40,mae,16.993127254298667,2,28,q_arm2,kernel
iter05b_arm2,0,gb_eoh_2122r3,HP_Peak,KernelRidge,size,both,direct,log,p0.5|n40,mape,23.246161048901417,2,28,q_arm2,kernel
iter05b_arm2,0,gb_eoh_2122r3,HP_Peak,KernelRidge,size,both,direct,log,p0.5|n40,r2,-687794.5113645559,2,28,q_arm2,kernel
iter05b_arm2,0,gb_eoh_2122r3,HP_Peak,KernelRidge,size,both,direct,log,p0.5|n40,n_pred_nan,0.0,2,28,q_arm2,kernel
iter05b_arm2,0,gb_eoh_2122r3,HP_Peak,KernelRidge,size,both,direct,log,p0.5|n40,mape_n_excluded,0.0,2,28,q_arm2,kernel
iter05b_arm2,0,gb_eoh_2122r3,HP_Peak,SVR,size,both,residual,log,all,wape,22.824923289862557,30,58,q_arm2,kernel
iter05b_arm2,0,gb_eoh_2122r3,HP_Peak,SVR,size,both,residual,log,all,rmse,4.575054103864564,30,58,q_arm2,kernel
iter05b_arm2,0,gb_eoh_2122r3,HP_Peak,SVR,size,both,residual,log,all,mae,2.8271893563834016,30,58,q_arm2,kernel
iter05b_arm2,0,gb_eoh_2122r3,HP_Peak,SVR,size,both,residual,log,all,mape,32.806551939963775,30,58,q_arm2,kernel
iter05b_arm2,0,gb_eoh_2122r3,HP_Peak,SVR,size,both,residual,log,all,r2,0.9290244638139276,30,58,q_arm2,kernel
iter05b_arm2,0,gb_eoh_2122r3,HP_Peak,SVR,size,both,residual,log,all,n_pred_nan,0.0,30,58,q_arm2,kernel
iter05b_arm2,0,gb_eoh_2122r3,HP_Peak,SVR,size,both,residual,log,all,mape_n_excluded,0.0,30,58,q_arm2,kernel
iter05b_arm2,0,gb_eoh_2122r3,HP_Peak,SVR,size,both,residual,log,all,n_invalid,0.0,30,58,q_arm2,kernel
iter05b_arm2,0,gb_eoh_2122r3,HP_Peak,SVR,size,both,residual,log,all,n_resid_excluded_train,0.0,30,58,q_arm2,kernel
iter05b_arm2,0,gb_eoh_2122r3,HP_Peak,SVR,size,both,residual,log,all,n_resid_excluded_inner,0.0,30,58,q_arm2,kernel
iter05b_arm2,0,gb_eoh_2122r3,HP_Peak,SVR,size,both,residual,log,all,wape_train,1.9229695866511471,30,58,q_arm2,kernel
iter05b_arm2,0,gb_eoh_2122r3,HP_Peak,SVR,size,both,residual,log,all,wape_inner,25.512508582003417,30,58,q_arm2,kernel
iter05b_arm2,0,gb_eoh_2122r3,HP_Peak,SVR,size,both,residual,log,all,n_train_sub,111.0,30,58,q_arm2,kernel
iter05b_arm2,0,gb_eoh_2122r3,HP_Peak,SVR,size,both,residual,log,all,n_inner_sub,90.0,30,58,q_arm2,kernel
iter05b_arm2,0,gb_eoh_2122r3,HP_Peak,SVR,size,both,residual,log,all,n_test_sub,30.0,30,58,q_arm2,kernel
iter05b_arm2,0,gb_eoh_2122r3,HP_Peak,SVR,size,both,residual,log,all,n_overlap_sub,0.0,30,58,q_arm2,kernel
iter05b_arm2,0,gb_eoh_2122r3,HP_Peak,SVR,size,both,residual,log,pbin<=15,wape,34.138121921492846,22,34,q_arm2,kernel
iter05b_arm2,0,gb_eoh_2122r3,HP_Peak,SVR,size,both,residual,log,pbin<=15,rmse,3.0576821895646704,22,34,q_arm2,kernel
iter05b_arm2,0,gb_eoh_2122r3,HP_Peak,SVR,size,both,residual,log,pbin<=15,mae,1.9545784786564868,22,34,q_arm2,kernel
iter05b_arm2,0,gb_eoh_2122r3,HP_Peak,SVR,size,both,residual,log,pbin<=15,mape,38.525600126910525,22,34,q_arm2,kernel
iter05b_arm2,0,gb_eoh_2122r3,HP_Peak,SVR,size,both,residual,log,pbin<=15,r2,0.44052651631555584,22,34,q_arm2,kernel
iter05b_arm2,0,gb_eoh_2122r3,HP_Peak,SVR,size,both,residual,log,pbin<=15,n_pred_nan,0.0,22,34,q_arm2,kernel
iter05b_arm2,0,gb_eoh_2122r3,HP_Peak,SVR,size,both,residual,log,pbin<=15,mape_n_excluded,0.0,22,34,q_arm2,kernel
iter05b_arm2,0,gb_eoh_2122r3,HP_Peak,SVR,size,both,residual,log,pbin35-65,wape,17.023457592104666,8,43,q_arm2,kernel
iter05b_arm2,0,gb_eoh_2122r3,HP_Peak,SVR,size,both,residual,log,pbin35-65,rmse,7.2650391723501535,8,43,q_arm2,kernel
iter05b_arm2,0,gb_eoh_2122r3,HP_Peak,SVR,size,both,residual,log,pbin35-65,mae,5.226869270132418,8,43,q_arm2,kernel
iter05b_arm2,0,gb_eoh_2122r3,HP_Peak,SVR,size,both,residual,log,pbin35-65,mape,17.079169425860158,8,43,q_arm2,kernel
iter05b_arm2,0,gb_eoh_2122r3,HP_Peak,SVR,size,both,residual,log,pbin35-65,r2,0.9123824706387226,8,43,q_arm2,kernel
iter05b_arm2,0,gb_eoh_2122r3,HP_Peak,SVR,size,both,residual,log,pbin35-65,n_pred_nan,0.0,8,43,q_arm2,kernel
iter05b_arm2,0,gb_eoh_2122r3,HP_Peak,SVR,size,both,residual,log,pbin35-65,mape_n_excluded,0.0,8,43,q_arm2,kernel
iter05b_arm2,0,gb_eoh_2122r3,HP_Peak,SVR,size,both,residual,log,p0.1|n10,wape,43.60998441728962,16,15,q_arm2,kernel
iter05b_arm2,0,gb_eoh_2122r3,HP_Peak,SVR,size,both,residual,log,p0.1|n10,rmse,2.0143966717309825,16,15,q_arm2,kernel
iter05b_arm2,0,gb_eoh_2122r3,HP_Peak,SVR,size,both,residual,log,p0.1|n10,mae,1.4347260169508962,16,15,q_arm2,kernel
iter05b_arm2,0,gb_eoh_2122r3,HP_Peak,SVR,size,both,residual,log,p0.1|n10,mape,42.161521681475975,16,15,q_arm2,kernel
iter05b_arm2,0,gb_eoh_2122r3,HP_Peak,SVR,size,both,residual,log,p0.1|n10,r2,-5.357006871199756,16,15,q_arm2,kernel
iter05b_arm2,0,gb_eoh_2122r3,HP_Peak,SVR,size,both,residual,log,p0.1|n10,n_pred_nan,0.0,16,15,q_arm2,kernel
iter05b_arm2,0,gb_eoh_2122r3,HP_Peak,SVR,size,both,residual,log,p0.1|n10,mape_n_excluded,0.0,16,15,q_arm2,kernel
iter05b_arm2,0,gb_eoh_2122r3,HP_Peak,SVR,size,both,residual,log,p0.1|n40,wape,27.33825077471912,6,22,q_arm2,kernel
iter05b_arm2,0,gb_eoh_2122r3,HP_Peak,SVR,size,both,residual,log,p0.1|n40,rmse,4.843596201430783,6,22,q_arm2,kernel
iter05b_arm2,0,gb_eoh_2122r3,HP_Peak,SVR,size,both,residual,log,p0.1|n40,mae,3.340851709871393,6,22,q_arm2,kernel
iter05b_arm2,0,gb_eoh_2122r3,HP_Peak,SVR,size,both,residual,log,p0.1|n40,mape,28.829809314736014,6,22,q_arm2,kernel
iter05b_arm2,0,gb_eoh_2122r3,HP_Peak,SVR,size,both,residual,log,p0.1|n40,r2,-13.955005365876193,6,22,q_arm2,kernel
iter05b_arm2,0,gb_eoh_2122r3,HP_Peak,SVR,size,both,residual,log,p0.1|n40,n_pred_nan,0.0,6,22,q_arm2,kernel
iter05b_arm2,0,gb_eoh_2122r3,HP_Peak,SVR,size,both,residual,log,p0.1|n40,mape_n_excluded,0.0,6,22,q_arm2,kernel
iter05b_arm2,0,gb_eoh_2122r3,HP_Peak,SVR,size,both,residual,log,p0.5|n10,wape,15.826019011340184,6,24,q_arm2,kernel
iter05b_arm2,0,gb_eoh_2122r3,HP_Peak,SVR,size,both,residual,log,p0.5|n10,rmse,3.3234187701431437,6,24,q_arm2,kernel
iter05b_arm2,0,gb_eoh_2122r3,HP_Peak,SVR,size,both,residual,log,p0.5|n10,mae,2.6227647036267814,6,24,q_arm2,kernel
iter05b_arm2,0,gb_eoh_2122r3,HP_Peak,SVR,size,both,residual,log,p0.5|n10,mape,16.82589839197326,6,24,q_arm2,kernel
iter05b_arm2,0,gb_eoh_2122r3,HP_Peak,SVR,size,both,residual,log,p0.5|n10,r2,-1.5047331067088612,6,24,q_arm2,kernel
iter05b_arm2,0,gb_eoh_2122r3,HP_Peak,SVR,size,both,residual,log,p0.5|n10,n_pred_nan,0.0,6,24,q_arm2,kernel
iter05b_arm2,0,gb_eoh_2122r3,HP_Peak,SVR,size,both,residual,log,p0.5|n10,mape_n_excluded,0.0,6,24,q_arm2,kernel
iter05b_arm2,0,gb_eoh_2122r3,HP_Peak,SVR,size,both,residual,log,p0.5|n40,wape,17.83789040077339,2,28,q_arm2,kernel
iter05b_arm2,0,gb_eoh_2122r3,HP_Peak,SVR,size,both,residual,log,p0.5|n40,rmse,13.341208331253563,2,28,q_arm2,kernel
iter05b_arm2,0,gb_eoh_2122r3,HP_Peak,SVR,size,both,residual,log,p0.5|n40,mae,13.039182969649328,2,28,q_arm2,kernel
iter05b_arm2,0,gb_eoh_2122r3,HP_Peak,SVR,size,both,residual,log,p0.5|n40,mape,17.83898252752085,2,28,q_arm2,kernel
iter05b_arm2,0,gb_eoh_2122r3,HP_Peak,SVR,size,both,residual,log,p0.5|n40,r2,-417515.8344348232,2,28,q_arm2,kernel
iter05b_arm2,0,gb_eoh_2122r3,HP_Peak,SVR,size,both,residual,log,p0.5|n40,n_pred_nan,0.0,2,28,q_arm2,kernel
iter05b_arm2,0,gb_eoh_2122r3,HP_Peak,SVR,size,both,residual,log,p0.5|n40,mape_n_excluded,0.0,2,28,q_arm2,kernel
iter05b_arm2,0,gb_eoh_2122r3,HP_Peak,KernelRidge,size,both,residual,log,all,wape,23.74868387425511,30,58,q_arm2,kernel
iter05b_arm2,0,gb_eoh_2122r3,HP_Peak,KernelRidge,size,both,residual,log,all,rmse,5.041035600723324,30,58,q_arm2,kernel
iter05b_arm2,0,gb_eoh_2122r3,HP_Peak,KernelRidge,size,both,residual,log,all,mae,2.9416101611709946,30,58,q_arm2,kernel
iter05b_arm2,0,gb_eoh_2122r3,HP_Peak,KernelRidge,size,both,residual,log,all,mape,33.74748343298436,30,58,q_arm2,kernel
iter05b_arm2,0,gb_eoh_2122r3,HP_Peak,KernelRidge,size,both,residual,log,all,r2,0.9138300695393833,30,58,q_arm2,kernel
iter05b_arm2,0,gb_eoh_2122r3,HP_Peak,KernelRidge,size,both,residual,log,all,n_pred_nan,0.0,30,58,q_arm2,kernel
iter05b_arm2,0,gb_eoh_2122r3,HP_Peak,KernelRidge,size,both,residual,log,all,mape_n_excluded,0.0,30,58,q_arm2,kernel
iter05b_arm2,0,gb_eoh_2122r3,HP_Peak,KernelRidge,size,both,residual,log,all,n_invalid,0.0,30,58,q_arm2,kernel
iter05b_arm2,0,gb_eoh_2122r3,HP_Peak,KernelRidge,size,both,residual,log,all,n_resid_excluded_train,0.0,30,58,q_arm2,kernel
iter05b_arm2,0,gb_eoh_2122r3,HP_Peak,KernelRidge,size,both,residual,log,all,n_resid_excluded_inner,0.0,30,58,q_arm2,kernel
iter05b_arm2,0,gb_eoh_2122r3,HP_Peak,KernelRidge,size,both,residual,log,all,wape_train,1.711122519550011,30,58,q_arm2,kernel
iter05b_arm2,0,gb_eoh_2122r3,HP_Peak,KernelRidge,size,both,residual,log,all,wape_inner,24.98497518722969,30,58,q_arm2,kernel
iter05b_arm2,0,gb_eoh_2122r3,HP_Peak,KernelRidge,size,both,residual,log,all,n_train_sub,111.0,30,58,q_arm2,kernel
iter05b_arm2,0,gb_eoh_2122r3,HP_Peak,KernelRidge,size,both,residual,log,all,n_inner_sub,90.0,30,58,q_arm2,kernel
iter05b_arm2,0,gb_eoh_2122r3,HP_Peak,KernelRidge,size,both,residual,log,all,n_test_sub,30.0,30,58,q_arm2,kernel
iter05b_arm2,0,gb_eoh_2122r3,HP_Peak,KernelRidge,size,both,residual,log,all,n_overlap_sub,0.0,30,58,q_arm2,kernel
iter05b_arm2,0,gb_eoh_2122r3,HP_Peak,KernelRidge,size,both,residual,log,pbin<=15,wape,35.48105071886467,22,34,q_arm2,kernel
iter05b_arm2,0,gb_eoh_2122r3,HP_Peak,KernelRidge,size,both,residual,log,pbin<=15,rmse,3.188761544274209,22,34,q_arm2,kernel
iter05b_arm2,0,gb_eoh_2122r3,HP_Peak,KernelRidge,size,both,residual,log,pbin<=15,mae,2.0314678790677743,22,34,q_arm2,kernel
iter05b_arm2,0,gb_eoh_2122r3,HP_Peak,KernelRidge,size,both,residual,log,pbin<=15,mape,40.04761519063489,22,34,q_arm2,kernel
iter05b_arm2,0,gb_eoh_2122r3,HP_Peak,KernelRidge,size,both,residual,log,pbin<=15,r2,0.3915303671869357,22,34,q_arm2,kernel
iter05b_arm2,0,gb_eoh_2122r3,HP_Peak,KernelRidge,size,both,residual,log,pbin<=15,n_pred_nan,0.0,22,34,q_arm2,kernel
iter05b_arm2,0,gb_eoh_2122r3,HP_Peak,KernelRidge,size,both,residual,log,pbin<=15,mape_n_excluded,0.0,22,34,q_arm2,kernel
iter05b_arm2,0,gb_eoh_2122r3,HP_Peak,KernelRidge,size,both,residual,log,pbin35-65,wape,17.73226658867742,8,43,q_arm2,kernel
iter05b_arm2,0,gb_eoh_2122r3,HP_Peak,KernelRidge,size,both,residual,log,pbin35-65,rmse,8.205644351111879,8,43,q_arm2,kernel
iter05b_arm2,0,gb_eoh_2122r3,HP_Peak,KernelRidge,size,both,residual,log,pbin35-65,mae,5.44450143695485,8,43,q_arm2,kernel
iter05b_arm2,0,gb_eoh_2122r3,HP_Peak,KernelRidge,size,both,residual,log,pbin35-65,mape,16.42212109944537,8,43,q_arm2,kernel
iter05b_arm2,0,gb_eoh_2122r3,HP_Peak,KernelRidge,size,both,residual,log,pbin35-65,r2,0.8882260852458377,8,43,q_arm2,kernel
iter05b_arm2,0,gb_eoh_2122r3,HP_Peak,KernelRidge,size,both,residual,log,pbin35-65,n_pred_nan,0.0,8,43,q_arm2,kernel
iter05b_arm2,0,gb_eoh_2122r3,HP_Peak,KernelRidge,size,both,residual,log,pbin35-65,mape_n_excluded,0.0,8,43,q_arm2,kernel
iter05b_arm2,0,gb_eoh_2122r3,HP_Peak,KernelRidge,size,both,residual,log,p0.1|n10,wape,45.13852475609115,16,15,q_arm2,kernel
iter05b_arm2,0,gb_eoh_2122r3,HP_Peak,KernelRidge,size,both,residual,log,p0.1|n10,rmse,2.1565416728622377,16,15,q_arm2,kernel
iter05b_arm2,0,gb_eoh_2122r3,HP_Peak,KernelRidge,size,both,residual,log,p0.1|n10,mae,1.4850135055006066,16,15,q_arm2,kernel
iter05b_arm2,0,gb_eoh_2122r3,HP_Peak,KernelRidge,size,both,residual,log,p0.1|n10,mape,43.84891805300487,16,15,q_arm2,kernel
iter05b_arm2,0,gb_eoh_2122r3,HP_Peak,KernelRidge,size,both,residual,log,p0.1|n10,r2,-6.285819371842323,16,15,q_arm2,kernel
iter05b_arm2,0,gb_eoh_2122r3,HP_Peak,KernelRidge,size,both,residual,log,p0.1|n10,n_pred_nan,0.0,16,15,q_arm2,kernel
iter05b_arm2,0,gb_eoh_2122r3,HP_Peak,KernelRidge,size,both,residual,log,p0.1|n10,mape_n_excluded,0.0,16,15,q_arm2,kernel
iter05b_arm2,0,gb_eoh_2122r3,HP_Peak,KernelRidge,size,both,residual,log,p0.1|n40,wape,28.547928633784352,6,22,q_arm2,kernel
iter05b_arm2,0,gb_eoh_2122r3,HP_Peak,KernelRidge,size,both,residual,log,p0.1|n40,rmse,4.988146822028223,6,22,q_arm2,kernel
iter05b_arm2,0,gb_eoh_2122r3,HP_Peak,KernelRidge,size,both,residual,log,p0.1|n40,mae,3.488679541913554,6,22,q_arm2,kernel
iter05b_arm2,0,gb_eoh_2122r3,HP_Peak,KernelRidge,size,both,residual,log,p0.1|n40,mape,29.910807557648305,6,22,q_arm2,kernel
iter05b_arm2,0,gb_eoh_2122r3,HP_Peak,KernelRidge,size,both,residual,log,p0.1|n40,r2,-14.860949031157036,6,22,q_arm2,kernel
iter05b_arm2,0,gb_eoh_2122r3,HP_Peak,KernelRidge,size,both,residual,log,p0.1|n40,n_pred_nan,0.0,6,22,q_arm2,kernel
iter05b_arm2,0,gb_eoh_2122r3,HP_Peak,KernelRidge,size,both,residual,log,p0.1|n40,mape_n_excluded,0.0,6,22,q_arm2,kernel
iter05b_arm2,0,gb_eoh_2122r3,HP_Peak,KernelRidge,size,both,residual,log,p0.5|n10,wape,14.166917524427323,6,24,q_arm2,kernel
iter05b_arm2,0,gb_eoh_2122r3,HP_Peak,KernelRidge,size,both,residual,log,p0.5|n10,rmse,3.1341222527462493,6,24,q_arm2,kernel
iter05b_arm2,0,gb_eoh_2122r3,HP_Peak,KernelRidge,size,both,residual,log,p0.5|n10,mae,2.3478103505142434,6,24,q_arm2,kernel
iter05b_arm2,0,gb_eoh_2122r3,HP_Peak,KernelRidge,size,both,residual,log,p0.5|n10,mape,15.176471940684868,6,24,q_arm2,kernel
iter05b_arm2,0,gb_eoh_2122r3,HP_Peak,KernelRidge,size,both,residual,log,p0.5|n10,r2,-1.2275280697930628,6,24,q_arm2,kernel
iter05b_arm2,0,gb_eoh_2122r3,HP_Peak,KernelRidge,size,both,residual,log,p0.5|n10,n_pred_nan,0.0,6,24,q_arm2,kernel
iter05b_arm2,0,gb_eoh_2122r3,HP_Peak,KernelRidge,size,both,residual,log,p0.5|n10,mape_n_excluded,0.0,6,24,q_arm2,kernel
iter05b_arm2,0,gb_eoh_2122r3,HP_Peak,KernelRidge,size,both,residual,log,p0.5|n40,wape,20.15722374216064,2,28,q_arm2,kernel
iter05b_arm2,0,gb_eoh_2122r3,HP_Peak,KernelRidge,size,both,residual,log,p0.5|n40,rmse,15.48748623832349,2,28,q_arm2,kernel
iter05b_arm2,0,gb_eoh_2122r3,HP_Peak,KernelRidge,size,both,residual,log,p0.5|n40,mae,14.73457469627667,2,28,q_arm2,kernel
iter05b_arm2,0,gb_eoh_2122r3,HP_Peak,KernelRidge,size,both,residual,log,p0.5|n40,mape,20.15906857572687,2,28,q_arm2,kernel
iter05b_arm2,0,gb_eoh_2122r3,HP_Peak,KernelRidge,size,both,residual,log,p0.5|n40,r2,-562658.3317281572,2,28,q_arm2,kernel
iter05b_arm2,0,gb_eoh_2122r3,HP_Peak,KernelRidge,size,both,residual,log,p0.5|n40,n_pred_nan,0.0,2,28,q_arm2,kernel
iter05b_arm2,0,gb_eoh_2122r3,HP_Peak,KernelRidge,size,both,residual,log,p0.5|n40,mape_n_excluded,0.0,2,28,q_arm2,kernel
iter05b_arm2,0,gb_eoh_2122r3,HP_Peak,SVR,size_peak,netfit,direct,log,all,wape,16.090213332154757,30,58,q_arm2,kernel
iter05b_arm2,0,gb_eoh_2122r3,HP_Peak,SVR,size_peak,netfit,direct,log,all,rmse,2.8893397533775413,30,58,q_arm2,kernel
iter05b_arm2,0,gb_eoh_2122r3,HP_Peak,SVR,size_peak,netfit,direct,log,all,mae,1.9930003398876772,30,58,q_arm2,kernel
iter05b_arm2,0,gb_eoh_2122r3,HP_Peak,SVR,size_peak,netfit,direct,log,all,mape,30.5141148333347,30,58,q_arm2,kernel
iter05b_arm2,0,gb_eoh_2122r3,HP_Peak,SVR,size_peak,netfit,direct,log,all,r2,0.9716917228241124,30,58,q_arm2,kernel
iter05b_arm2,0,gb_eoh_2122r3,HP_Peak,SVR,size_peak,netfit,direct,log,all,n_pred_nan,0.0,30,58,q_arm2,kernel
iter05b_arm2,0,gb_eoh_2122r3,HP_Peak,SVR,size_peak,netfit,direct,log,all,mape_n_excluded,0.0,30,58,q_arm2,kernel
iter05b_arm2,0,gb_eoh_2122r3,HP_Peak,SVR,size_peak,netfit,direct,log,all,wape_train,16.25185000456903,30,58,q_arm2,kernel
iter05b_arm2,0,gb_eoh_2122r3,HP_Peak,SVR,size_peak,netfit,direct,log,all,wape_inner,23.02460216795484,30,58,q_arm2,kernel
iter05b_arm2,0,gb_eoh_2122r3,HP_Peak,SVR,size_peak,netfit,direct,log,all,n_train_sub,111.0,30,58,q_arm2,kernel
iter05b_arm2,0,gb_eoh_2122r3,HP_Peak,SVR,size_peak,netfit,direct,log,all,n_inner_sub,90.0,30,58,q_arm2,kernel
iter05b_arm2,0,gb_eoh_2122r3,HP_Peak,SVR,size_peak,netfit,direct,log,all,n_test_sub,30.0,30,58,q_arm2,kernel
iter05b_arm2,0,gb_eoh_2122r3,HP_Peak,SVR,size_peak,netfit,direct,log,all,n_overlap_sub,0.0,30,58,q_arm2,kernel
iter05b_arm2,0,gb_eoh_2122r3,HP_Peak,SVR,size_peak,netfit,direct,log,pbin<=15,wape,29.932169137933435,22,34,q_arm2,kernel
iter05b_arm2,0,gb_eoh_2122r3,HP_Peak,SVR,size_peak,netfit,direct,log,pbin<=15,rmse,2.493875458647027,22,34,q_arm2,kernel
iter05b_arm2,0,gb_eoh_2122r3,HP_Peak,SVR,size_peak,netfit,direct,log,pbin<=15,mae,1.7137666140818617,22,34,q_arm2,kernel
iter05b_arm2,0,gb_eoh_2122r3,HP_Peak,SVR,size_peak,netfit,direct,log,pbin<=15,mape,36.15950574304602,22,34,q_arm2,kernel
iter05b_arm2,0,gb_eoh_2122r3,HP_Peak,SVR,size_peak,netfit,direct,log,pbin<=15,r2,0.6278274451400867,22,34,q_arm2,kernel
iter05b_arm2,0,gb_eoh_2122r3,HP_Peak,SVR,size_peak,netfit,direct,log,pbin<=15,n_pred_nan,0.0,22,34,q_arm2,kernel
iter05b_arm2,0,gb_eoh_2122r3,HP_Peak,SVR,size_peak,netfit,direct,log,pbin<=15,mape_n_excluded,0.0,22,34,q_arm2,kernel
iter05b_arm2,0,gb_eoh_2122r3,HP_Peak,SVR,size_peak,netfit,direct,log,pbin35-65,wape,8.99198811646847,8,43,q_arm2,kernel
iter05b_arm2,0,gb_eoh_2122r3,HP_Peak,SVR,size_peak,netfit,direct,log,pbin35-65,rmse,3.76864366586494,8,43,q_arm2,kernel
iter05b_arm2,0,gb_eoh_2122r3,HP_Peak,SVR,size_peak,netfit,direct,log,pbin35-65,mae,2.7608930858536698,8,43,q_arm2,kernel
iter05b_arm2,0,gb_eoh_2122r3,HP_Peak,SVR,size_peak,netfit,direct,log,pbin35-65,mape,14.989289831628556,8,43,q_arm2,kernel
iter05b_arm2,0,gb_eoh_2122r3,HP_Peak,SVR,size_peak,netfit,direct,log,pbin35-65,r2,0.9764231796757487,8,43,q_arm2,kernel
iter05b_arm2,0,gb_eoh_2122r3,HP_Peak,SVR,size_peak,netfit,direct,log,pbin35-65,n_pred_nan,0.0,8,43,q_arm2,kernel
iter05b_arm2,0,gb_eoh_2122r3,HP_Peak,SVR,size_peak,netfit,direct,log,pbin35-65,mape_n_excluded,0.0,8,43,q_arm2,kernel
iter05b_arm2,0,gb_eoh_2122r3,HP_Peak,SVR,size_peak,netfit,direct,log,p0.1|n10,wape,34.85097591483939,16,15,q_arm2,kernel
iter05b_arm2,0,gb_eoh_2122r3,HP_Peak,SVR,size_peak,netfit,direct,log,p0.1|n10,rmse,1.3642451156605673,16,15,q_arm2,kernel
iter05b_arm2,0,gb_eoh_2122r3,HP_Peak,SVR,size_peak,netfit,direct,log,p0.1|n10,mae,1.1465631673403096,16,15,q_arm2,kernel
iter05b_arm2,0,gb_eoh_2122r3,HP_Peak,SVR,size_peak,netfit,direct,log,p0.1|n10,mape,39.31071589337072,16,15,q_arm2,kernel
iter05b_arm2,0,gb_eoh_2122r3,HP_Peak,SVR,size_peak,netfit,direct,log,p0.1|n10,r2,-1.9157313444947093,16,15,q_arm2,kernel
iter05b_arm2,0,gb_eoh_2122r3,HP_Peak,SVR,size_peak,netfit,direct,log,p0.1|n10,n_pred_nan,0.0,16,15,q_arm2,kernel
iter05b_arm2,0,gb_eoh_2122r3,HP_Peak,SVR,size_peak,netfit,direct,log,p0.1|n10,mape_n_excluded,0.0,16,15,q_arm2,kernel
iter05b_arm2,0,gb_eoh_2122r3,HP_Peak,SVR,size_peak,netfit,direct,log,p0.1|n40,wape,26.400946815641458,6,22,q_arm2,kernel
iter05b_arm2,0,gb_eoh_2122r3,HP_Peak,SVR,size_peak,netfit,direct,log,p0.1|n40,rmse,4.223909916606941,6,22,q_arm2,kernel
iter05b_arm2,0,gb_eoh_2122r3,HP_Peak,SVR,size_peak,netfit,direct,log,p0.1|n40,mae,3.2263091387260006,6,22,q_arm2,kernel
iter05b_arm2,0,gb_eoh_2122r3,HP_Peak,SVR,size_peak,netfit,direct,log,p0.1|n40,mape,27.756278675513506,6,22,q_arm2,kernel
iter05b_arm2,0,gb_eoh_2122r3,HP_Peak,SVR,size_peak,netfit,direct,log,p0.1|n40,r2,-10.373130126139978,6,22,q_arm2,kernel
iter05b_arm2,0,gb_eoh_2122r3,HP_Peak,SVR,size_peak,netfit,direct,log,p0.1|n40,n_pred_nan,0.0,6,22,q_arm2,kernel
iter05b_arm2,0,gb_eoh_2122r3,HP_Peak,SVR,size_peak,netfit,direct,log,p0.1|n40,mape_n_excluded,0.0,6,22,q_arm2,kernel
iter05b_arm2,0,gb_eoh_2122r3,HP_Peak,SVR,size_peak,netfit,direct,log,p0.5|n10,wape,20.00995209854665,6,24,q_arm2,kernel
iter05b_arm2,0,gb_eoh_2122r3,HP_Peak,SVR,size_peak,netfit,direct,log,p0.5|n10,rmse,4.27676198408597,6,24,q_arm2,kernel
iter05b_arm2,0,gb_eoh_2122r3,HP_Peak,SVR,size_peak,netfit,direct,log,p0.5|n10,mae,3.3161464072376687,6,24,q_arm2,kernel
iter05b_arm2,0,gb_eoh_2122r3,HP_Peak,SVR,size_peak,netfit,direct,log,p0.5|n10,mape,19.48622021884153,6,24,q_arm2,kernel
iter05b_arm2,0,gb_eoh_2122r3,HP_Peak,SVR,size_peak,netfit,direct,log,p0.5|n10,r2,-3.1478350911114568,6,24,q_arm2,kernel
iter05b_arm2,0,gb_eoh_2122r3,HP_Peak,SVR,size_peak,netfit,direct,log,p0.5|n10,n_pred_nan,0.0,6,24,q_arm2,kernel
iter05b_arm2,0,gb_eoh_2122r3,HP_Peak,SVR,size_peak,netfit,direct,log,p0.5|n10,mape_n_excluded,0.0,6,24,q_arm2,kernel
iter05b_arm2,0,gb_eoh_2122r3,HP_Peak,SVR,size_peak,netfit,direct,log,p0.5|n40,wape,1.4981663072480536,2,28,q_arm2,kernel
iter05b_arm2,0,gb_eoh_2122r3,HP_Peak,SVR,size_peak,netfit,direct,log,p0.5|n40,rmse,1.3923437490385997,2,28,q_arm2,kernel
iter05b_arm2,0,gb_eoh_2122r3,HP_Peak,SVR,size_peak,netfit,direct,log,p0.5|n40,mae,1.0951331217016715,2,28,q_arm2,kernel
iter05b_arm2,0,gb_eoh_2122r3,HP_Peak,SVR,size_peak,netfit,direct,log,p0.5|n40,mape,1.4984986699896394,2,28,q_arm2,kernel
iter05b_arm2,0,gb_eoh_2122r3,HP_Peak,SVR,size_peak,netfit,direct,log,p0.5|n40,r2,-4546.540733672862,2,28,q_arm2,kernel
iter05b_arm2,0,gb_eoh_2122r3,HP_Peak,SVR,size_peak,netfit,direct,log,p0.5|n40,n_pred_nan,0.0,2,28,q_arm2,kernel
iter05b_arm2,0,gb_eoh_2122r3,HP_Peak,SVR,size_peak,netfit,direct,log,p0.5|n40,mape_n_excluded,0.0,2,28,q_arm2,kernel
iter05b_arm2,0,gb_eoh_2122r3,HP_Peak,KernelRidge,size_peak,netfit,direct,log,all,wape,18.599390532898518,30,58,q_arm2,kernel
iter05b_arm2,0,gb_eoh_2122r3,HP_Peak,KernelRidge,size_peak,netfit,direct,log,all,rmse,3.8091639789430967,30,58,q_arm2,kernel
iter05b_arm2,0,gb_eoh_2122r3,HP_Peak,KernelRidge,size_peak,netfit,direct,log,all,mae,2.30379740085188,30,58,q_arm2,kernel
iter05b_arm2,0,gb_eoh_2122r3,HP_Peak,KernelRidge,size_peak,netfit,direct,log,all,mape,30.72777284380031,30,58,q_arm2,kernel
iter05b_arm2,0,gb_eoh_2122r3,HP_Peak,KernelRidge,size_peak,netfit,direct,log,all,r2,0.9507988163294714,30,58,q_arm2,kernel
iter05b_arm2,0,gb_eoh_2122r3,HP_Peak,KernelRidge,size_peak,netfit,direct,log,all,n_pred_nan,0.0,30,58,q_arm2,kernel
iter05b_arm2,0,gb_eoh_2122r3,HP_Peak,KernelRidge,size_peak,netfit,direct,log,all,mape_n_excluded,0.0,30,58,q_arm2,kernel
iter05b_arm2,0,gb_eoh_2122r3,HP_Peak,KernelRidge,size_peak,netfit,direct,log,all,wape_train,3.8050036982239956,30,58,q_arm2,kernel
iter05b_arm2,0,gb_eoh_2122r3,HP_Peak,KernelRidge,size_peak,netfit,direct,log,all,wape_inner,22.77697094864037,30,58,q_arm2,kernel
iter05b_arm2,0,gb_eoh_2122r3,HP_Peak,KernelRidge,size_peak,netfit,direct,log,all,n_train_sub,111.0,30,58,q_arm2,kernel
iter05b_arm2,0,gb_eoh_2122r3,HP_Peak,KernelRidge,size_peak,netfit,direct,log,all,n_inner_sub,90.0,30,58,q_arm2,kernel
iter05b_arm2,0,gb_eoh_2122r3,HP_Peak,KernelRidge,size_peak,netfit,direct,log,all,n_test_sub,30.0,30,58,q_arm2,kernel
iter05b_arm2,0,gb_eoh_2122r3,HP_Peak,KernelRidge,size_peak,netfit,direct,log,all,n_overlap_sub,0.0,30,58,q_arm2,kernel
iter05b_arm2,0,gb_eoh_2122r3,HP_Peak,KernelRidge,size_peak,netfit,direct,log,pbin<=15,wape,27.004565502276197,22,34,q_arm2,kernel
iter05b_arm2,0,gb_eoh_2122r3,HP_Peak,KernelRidge,size_peak,netfit,direct,log,pbin<=15,rmse,2.043647330122835,22,34,q_arm2,kernel
iter05b_arm2,0,gb_eoh_2122r3,HP_Peak,KernelRidge,size_peak,netfit,direct,log,pbin<=15,mae,1.5461466415054124,22,34,q_arm2,kernel
iter05b_arm2,0,gb_eoh_2122r3,HP_Peak,KernelRidge,size_peak,netfit,direct,log,pbin<=15,mape,36.70239865443365,22,34,q_arm2,kernel
iter05b_arm2,0,gb_eoh_2122r3,HP_Peak,KernelRidge,size_peak,netfit,direct,log,pbin<=15,r2,0.7500767123480543,22,34,q_arm2,kernel
iter05b_arm2,0,gb_eoh_2122r3,HP_Peak,KernelRidge,size_peak,netfit,direct,log,pbin<=15,n_pred_nan,0.0,22,34,q_arm2,kernel
iter05b_arm2,0,gb_eoh_2122r3,HP_Peak,KernelRidge,size_peak,netfit,direct,log,pbin<=15,mape_n_excluded,0.0,22,34,q_arm2,kernel
iter05b_arm2,0,gb_eoh_2122r3,HP_Peak,KernelRidge,size_peak,netfit,direct,log,pbin35-65,wape,14.289174133783561,8,43,q_arm2,kernel
iter05b_arm2,0,gb_eoh_2122r3,HP_Peak,KernelRidge,size_peak,netfit,direct,log,pbin35-65,rmse,6.551803468665401,8,43,q_arm2,kernel
iter05b_arm2,0,gb_eoh_2122r3,HP_Peak,KernelRidge,size_peak,netfit,direct,log,pbin35-65,mae,4.387336989054669,8,43,q_arm2,kernel
iter05b_arm2,0,gb_eoh_2122r3,HP_Peak,KernelRidge,size_peak,netfit,direct,log,pbin35-65,mape,14.297551864558589,8,43,q_arm2,kernel
iter05b_arm2,0,gb_eoh_2122r3,HP_Peak,KernelRidge,size_peak,netfit,direct,log,pbin35-65,r2,0.9287414787941102,8,43,q_arm2,kernel
iter05b_arm2,0,gb_eoh_2122r3,HP_Peak,KernelRidge,size_peak,netfit,direct,log,pbin35-65,n_pred_nan,0.0,8,43,q_arm2,kernel
iter05b_arm2,0,gb_eoh_2122r3,HP_Peak,KernelRidge,size_peak,netfit,direct,log,pbin35-65,mape_n_excluded,0.0,8,43,q_arm2,kernel
iter05b_arm2,0,gb_eoh_2122r3,HP_Peak,KernelRidge,size_peak,netfit,direct,log,p0.1|n10,wape,38.85259575172715,16,15,q_arm2,kernel
iter05b_arm2,0,gb_eoh_2122r3,HP_Peak,KernelRidge,size_peak,netfit,direct,log,p0.1|n10,rmse,1.561946879699608,16,15,q_arm2,kernel
iter05b_arm2,0,gb_eoh_2122r3,HP_Peak,KernelRidge,size_peak,netfit,direct,log,p0.1|n10,mae,1.2782125629235264,16,15,q_arm2,kernel
iter05b_arm2,0,gb_eoh_2122r3,HP_Peak,KernelRidge,size_peak,netfit,direct,log,p0.1|n10,mape,42.983601813717506,16,15,q_arm2,kernel
iter05b_arm2,0,gb_eoh_2122r3,HP_Peak,KernelRidge,size_peak,netfit,direct,log,p0.1|n10,r2,-2.8220398438517105,16,15,q_arm2,kernel
iter05b_arm2,0,gb_eoh_2122r3,HP_Peak,KernelRidge,size_peak,netfit,direct,log,p0.1|n10,n_pred_nan,0.0,16,15,q_arm2,kernel
iter05b_arm2,0,gb_eoh_2122r3,HP_Peak,KernelRidge,size_peak,netfit,direct,log,p0.1|n10,mape_n_excluded,0.0,16,15,q_arm2,kernel
iter05b_arm2,0,gb_eoh_2122r3,HP_Peak,KernelRidge,size_peak,netfit,direct,log,p0.1|n40,wape,18.49883824165609,6,22,q_arm2,kernel
iter05b_arm2,0,gb_eoh_2122r3,HP_Peak,KernelRidge,size_peak,netfit,direct,log,p0.1|n40,rmse,2.967828278336049,6,22,q_arm2,kernel
iter05b_arm2,0,gb_eoh_2122r3,HP_Peak,KernelRidge,size_peak,netfit,direct,log,p0.1|n40,mae,2.2606375177237736,6,22,q_arm2,kernel
iter05b_arm2,0,gb_eoh_2122r3,HP_Peak,KernelRidge,size_peak,netfit,direct,log,p0.1|n40,mape,19.95252356301008,6,22,q_arm2,kernel
iter05b_arm2,0,gb_eoh_2122r3,HP_Peak,KernelRidge,size_peak,netfit,direct,log,p0.1|n40,r2,-4.614721902916947,6,22,q_arm2,kernel
iter05b_arm2,0,gb_eoh_2122r3,HP_Peak,KernelRidge,size_peak,netfit,direct,log,p0.1|n40,n_pred_nan,0.0,6,22,q_arm2,kernel
iter05b_arm2,0,gb_eoh_2122r3,HP_Peak,KernelRidge,size_peak,netfit,direct,log,p0.1|n40,mape_n_excluded,0.0,6,22,q_arm2,kernel
iter05b_arm2,0,gb_eoh_2122r3,HP_Peak,KernelRidge,size_peak,netfit,direct,log,p0.5|n10,wape,14.011702536878055,6,24,q_arm2,kernel
iter05b_arm2,0,gb_eoh_2122r3,HP_Peak,KernelRidge,size_peak,netfit,direct,log,p0.5|n10,rmse,3.3310208783748303,6,24,q_arm2,kernel
iter05b_arm2,0,gb_eoh_2122r3,HP_Peak,KernelRidge,size_peak,netfit,direct,log,p0.5|n10,mae,2.3220873692309287,6,24,q_arm2,kernel
iter05b_arm2,0,gb_eoh_2122r3,HP_Peak,KernelRidge,size_peak,netfit,direct,log,p0.5|n10,mape,14.236775015980546,6,24,q_arm2,kernel
iter05b_arm2,0,gb_eoh_2122r3,HP_Peak,KernelRidge,size_peak,netfit,direct,log,p0.5|n10,r2,-1.5162050464861832,6,24,q_arm2,kernel
iter05b_arm2,0,gb_eoh_2122r3,HP_Peak,KernelRidge,size_peak,netfit,direct,log,p0.5|n10,n_pred_nan,0.0,6,24,q_arm2,kernel
iter05b_arm2,0,gb_eoh_2122r3,HP_Peak,KernelRidge,size_peak,netfit,direct,log,p0.5|n10,mape_n_excluded,0.0,6,24,q_arm2,kernel
iter05b_arm2,0,gb_eoh_2122r3,HP_Peak,KernelRidge,size_peak,netfit,direct,log,p0.5|n40,wape,14.477895272072994,2,28,q_arm2,kernel
iter05b_arm2,0,gb_eoh_2122r3,HP_Peak,KernelRidge,size_peak,netfit,direct,log,p0.5|n40,rmse,11.765093050696915,2,28,q_arm2,kernel
iter05b_arm2,0,gb_eoh_2122r3,HP_Peak,KernelRidge,size_peak,netfit,direct,log,p0.5|n40,mae,10.58308584852589,2,28,q_arm2,kernel
iter05b_arm2,0,gb_eoh_2122r3,HP_Peak,KernelRidge,size_peak,netfit,direct,log,p0.5|n40,mape,14.47988241029272,2,28,q_arm2,kernel
iter05b_arm2,0,gb_eoh_2122r3,HP_Peak,KernelRidge,size_peak,netfit,direct,log,p0.5|n40,r2,-324693.0960363746,2,28,q_arm2,kernel
iter05b_arm2,0,gb_eoh_2122r3,HP_Peak,KernelRidge,size_peak,netfit,direct,log,p0.5|n40,n_pred_nan,0.0,2,28,q_arm2,kernel
iter05b_arm2,0,gb_eoh_2122r3,HP_Peak,KernelRidge,size_peak,netfit,direct,log,p0.5|n40,mape_n_excluded,0.0,2,28,q_arm2,kernel
iter05b_arm2,0,gb_eoh_2122r3,HP_Peak,SVR,size_peak,netfit,residual,log,all,wape,18.34672658479672,30,58,q_arm2,kernel
iter05b_arm2,0,gb_eoh_2122r3,HP_Peak,SVR,size_peak,netfit,residual,log,all,rmse,4.05782814907488,30,58,q_arm2,kernel
iter05b_arm2,0,gb_eoh_2122r3,HP_Peak,SVR,size_peak,netfit,residual,log,all,mae,2.2725013997331174,30,58,q_arm2,kernel
iter05b_arm2,0,gb_eoh_2122r3,HP_Peak,SVR,size_peak,netfit,residual,log,all,mape,28.87044322067619,30,58,q_arm2,kernel
iter05b_arm2,0,gb_eoh_2122r3,HP_Peak,SVR,size_peak,netfit,residual,log,all,r2,0.944165386466513,30,58,q_arm2,kernel
iter05b_arm2,0,gb_eoh_2122r3,HP_Peak,SVR,size_peak,netfit,residual,log,all,n_pred_nan,0.0,30,58,q_arm2,kernel
iter05b_arm2,0,gb_eoh_2122r3,HP_Peak,SVR,size_peak,netfit,residual,log,all,mape_n_excluded,0.0,30,58,q_arm2,kernel
iter05b_arm2,0,gb_eoh_2122r3,HP_Peak,SVR,size_peak,netfit,residual,log,all,n_invalid,0.0,30,58,q_arm2,kernel
iter05b_arm2,0,gb_eoh_2122r3,HP_Peak,SVR,size_peak,netfit,residual,log,all,n_resid_excluded_train,0.0,30,58,q_arm2,kernel
iter05b_arm2,0,gb_eoh_2122r3,HP_Peak,SVR,size_peak,netfit,residual,log,all,n_resid_excluded_inner,0.0,30,58,q_arm2,kernel
iter05b_arm2,0,gb_eoh_2122r3,HP_Peak,SVR,size_peak,netfit,residual,log,all,wape_train,9.399785454509734,30,58,q_arm2,kernel
iter05b_arm2,0,gb_eoh_2122r3,HP_Peak,SVR,size_peak,netfit,residual,log,all,wape_inner,20.613282541921567,30,58,q_arm2,kernel
iter05b_arm2,0,gb_eoh_2122r3,HP_Peak,SVR,size_peak,netfit,residual,log,all,n_train_sub,111.0,30,58,q_arm2,kernel
iter05b_arm2,0,gb_eoh_2122r3,HP_Peak,SVR,size_peak,netfit,residual,log,all,n_inner_sub,90.0,30,58,q_arm2,kernel
iter05b_arm2,0,gb_eoh_2122r3,HP_Peak,SVR,size_peak,netfit,residual,log,all,n_test_sub,30.0,30,58,q_arm2,kernel
iter05b_arm2,0,gb_eoh_2122r3,HP_Peak,SVR,size_peak,netfit,residual,log,all,n_overlap_sub,0.0,30,58,q_arm2,kernel
iter05b_arm2,0,gb_eoh_2122r3,HP_Peak,SVR,size_peak,netfit,residual,log,pbin<=15,wape,28.607124580645777,22,34,q_arm2,kernel
iter05b_arm2,0,gb_eoh_2122r3,HP_Peak,SVR,size_peak,netfit,residual,log,pbin<=15,rmse,2.2077166269485193,22,34,q_arm2,kernel
iter05b_arm2,0,gb_eoh_2122r3,HP_Peak,SVR,size_peak,netfit,residual,log,pbin<=15,mae,1.6379011759979698,22,34,q_arm2,kernel
iter05b_arm2,0,gb_eoh_2122r3,HP_Peak,SVR,size_peak,netfit,residual,log,pbin<=15,mape,34.98128608006114,22,34,q_arm2,kernel
iter05b_arm2,0,gb_eoh_2122r3,HP_Peak,SVR,size_peak,netfit,residual,log,pbin<=15,r2,0.7083369065754219,22,34,q_arm2,kernel
iter05b_arm2,0,gb_eoh_2122r3,HP_Peak,SVR,size_peak,netfit,residual,log,pbin<=15,n_pred_nan,0.0,22,34,q_arm2,kernel
iter05b_arm2,0,gb_eoh_2122r3,HP_Peak,SVR,size_peak,netfit,residual,log,pbin<=15,mape_n_excluded,0.0,22,34,q_arm2,kernel
iter05b_arm2,0,gb_eoh_2122r3,HP_Peak,SVR,size_peak,netfit,residual,log,pbin35-65,wape,13.085142398354815,8,43,q_arm2,kernel
iter05b_arm2,0,gb_eoh_2122r3,HP_Peak,SVR,size_peak,netfit,residual,log,pbin35-65,rmse,6.952974175800825,8,43,q_arm2,kernel
iter05b_arm2,0,gb_eoh_2122r3,HP_Peak,SVR,size_peak,netfit,residual,log,pbin35-65,mae,4.0176520150047725,8,43,q_arm2,kernel
iter05b_arm2,0,gb_eoh_2122r3,HP_Peak,SVR,size_peak,netfit,residual,log,pbin35-65,mape,12.065625357367605,8,43,q_arm2,kernel
iter05b_arm2,0,gb_eoh_2122r3,HP_Peak,SVR,size_peak,netfit,residual,log,pbin35-65,r2,0.9197479167704317,8,43,q_arm2,kernel
iter05b_arm2,0,gb_eoh_2122r3,HP_Peak,SVR,size_peak,netfit,residual,log,pbin35-65,n_pred_nan,0.0,8,43,q_arm2,kernel
iter05b_arm2,0,gb_eoh_2122r3,HP_Peak,SVR,size_peak,netfit,residual,log,pbin35-65,mape_n_excluded,0.0,8,43,q_arm2,kernel
iter05b_arm2,0,gb_eoh_2122r3,HP_Peak,SVR,size_peak,netfit,residual,log,p0.1|n10,wape,38.31907481778312,16,15,q_arm2,kernel
iter05b_arm2,0,gb_eoh_2122r3,HP_Peak,SVR,size_peak,netfit,residual,log,p0.1|n10,rmse,1.59507618712722,16,15,q_arm2,kernel
iter05b_arm2,0,gb_eoh_2122r3,HP_Peak,SVR,size_peak,netfit,residual,log,p0.1|n10,mae,1.2606602437758503,16,15,q_arm2,kernel
iter05b_arm2,0,gb_eoh_2122r3,HP_Peak,SVR,size_peak,netfit,residual,log,p0.1|n10,mape,39.432227851958515,16,15,q_arm2,kernel
iter05b_arm2,0,gb_eoh_2122r3,HP_Peak,SVR,size_peak,netfit,residual,log,p0.1|n10,r2,-2.985892242154366,16,15,q_arm2,kernel
iter05b_arm2,0,gb_eoh_2122r3,HP_Peak,SVR,size_peak,netfit,residual,log,p0.1|n10,n_pred_nan,0.0,16,15,q_arm2,kernel
iter05b_arm2,0,gb_eoh_2122r3,HP_Peak,SVR,size_peak,netfit,residual,log,p0.1|n10,mape_n_excluded,0.0,16,15,q_arm2,kernel
iter05b_arm2,0,gb_eoh_2122r3,HP_Peak,SVR,size_peak,netfit,residual,log,p0.1|n40,wape,21.63489391051958,6,22,q_arm2,kernel
iter05b_arm2,0,gb_eoh_2122r3,HP_Peak,SVR,size_peak,netfit,residual,log,p0.1|n40,rmse,3.3296644181274453,6,22,q_arm2,kernel
iter05b_arm2,0,gb_eoh_2122r3,HP_Peak,SVR,size_peak,netfit,residual,log,p0.1|n40,mae,2.6438769952569556,6,22,q_arm2,kernel
iter05b_arm2,0,gb_eoh_2122r3,HP_Peak,SVR,size_peak,netfit,residual,log,p0.1|n40,mape,23.112108021668142,6,22,q_arm2,kernel
iter05b_arm2,0,gb_eoh_2122r3,HP_Peak,SVR,size_peak,netfit,residual,log,p0.1|n40,r2,-6.067269349868377,6,22,q_arm2,kernel
iter05b_arm2,0,gb_eoh_2122r3,HP_Peak,SVR,size_peak,netfit,residual,log,p0.1|n40,n_pred_nan,0.0,6,22,q_arm2,kernel
iter05b_arm2,0,gb_eoh_2122r3,HP_Peak,SVR,size_peak,netfit,residual,log,p0.1|n40,mape_n_excluded,0.0,6,22,q_arm2,kernel
iter05b_arm2,0,gb_eoh_2122r3,HP_Peak,SVR,size_peak,netfit,residual,log,p0.5|n10,wape,12.078735181770876,6,24,q_arm2,kernel
iter05b_arm2,0,gb_eoh_2122r3,HP_Peak,SVR,size_peak,netfit,residual,log,p0.5|n10,rmse,2.7087394302224257,6,24,q_arm2,kernel
iter05b_arm2,0,gb_eoh_2122r3,HP_Peak,SVR,size_peak,netfit,residual,log,p0.5|n10,mae,2.001746634861458,6,24,q_arm2,kernel
iter05b_arm2,0,gb_eoh_2122r3,HP_Peak,SVR,size_peak,netfit,residual,log,p0.5|n10,mape,11.496540064515912,6,24,q_arm2,kernel
iter05b_arm2,0,gb_eoh_2122r3,HP_Peak,SVR,size_peak,netfit,residual,log,p0.5|n10,r2,-0.6638944716283364,6,24,q_arm2,kernel
iter05b_arm2,0,gb_eoh_2122r3,HP_Peak,SVR,size_peak,netfit,residual,log,p0.5|n10,n_pred_nan,0.0,6,24,q_arm2,kernel
iter05b_arm2,0,gb_eoh_2122r3,HP_Peak,SVR,size_peak,netfit,residual,log,p0.5|n10,mape_n_excluded,0.0,6,24,q_arm2,kernel
iter05b_arm2,0,gb_eoh_2122r3,HP_Peak,SVR,size_peak,netfit,residual,log,p0.5|n40,wape,13.769646029049301,2,28,q_arm2,kernel
iter05b_arm2,0,gb_eoh_2122r3,HP_Peak,SVR,size_peak,netfit,residual,log,p0.5|n40,rmse,13.09059172287057,2,28,q_arm2,kernel
iter05b_arm2,0,gb_eoh_2122r3,HP_Peak,SVR,size_peak,netfit,residual,log,p0.5|n40,mae,10.065368155434719,2,28,q_arm2,kernel
iter05b_arm2,0,gb_eoh_2122r3,HP_Peak,SVR,size_peak,netfit,residual,log,p0.5|n40,mape,13.772881235922679,2,28,q_arm2,kernel
iter05b_arm2,0,gb_eoh_2122r3,HP_Peak,SVR,size_peak,netfit,residual,log,p0.5|n40,r2,-401976.9352931353,2,28,q_arm2,kernel
iter05b_arm2,0,gb_eoh_2122r3,HP_Peak,SVR,size_peak,netfit,residual,log,p0.5|n40,n_pred_nan,0.0,2,28,q_arm2,kernel
iter05b_arm2,0,gb_eoh_2122r3,HP_Peak,SVR,size_peak,netfit,residual,log,p0.5|n40,mape_n_excluded,0.0,2,28,q_arm2,kernel
iter05b_arm2,0,gb_eoh_2122r3,HP_Peak,KernelRidge,size_peak,netfit,residual,log,all,wape,13.78952079577778,30,58,q_arm2,kernel
iter05b_arm2,0,gb_eoh_2122r3,HP_Peak,KernelRidge,size_peak,netfit,residual,log,all,rmse,2.4468507071487444,30,58,q_arm2,kernel
iter05b_arm2,0,gb_eoh_2122r3,HP_Peak,KernelRidge,size_peak,netfit,residual,log,all,mae,1.7080270513226892,30,58,q_arm2,kernel
iter05b_arm2,0,gb_eoh_2122r3,HP_Peak,KernelRidge,size_peak,netfit,residual,log,all,mape,27.30994246073128,30,58,q_arm2,kernel
iter05b_arm2,0,gb_eoh_2122r3,HP_Peak,KernelRidge,size_peak,netfit,residual,log,all,r2,0.9796983583609042,30,58,q_arm2,kernel
iter05b_arm2,0,gb_eoh_2122r3,HP_Peak,KernelRidge,size_peak,netfit,residual,log,all,n_pred_nan,0.0,30,58,q_arm2,kernel
iter05b_arm2,0,gb_eoh_2122r3,HP_Peak,KernelRidge,size_peak,netfit,residual,log,all,mape_n_excluded,0.0,30,58,q_arm2,kernel
iter05b_arm2,0,gb_eoh_2122r3,HP_Peak,KernelRidge,size_peak,netfit,residual,log,all,n_invalid,0.0,30,58,q_arm2,kernel
iter05b_arm2,0,gb_eoh_2122r3,HP_Peak,KernelRidge,size_peak,netfit,residual,log,all,n_resid_excluded_train,0.0,30,58,q_arm2,kernel
iter05b_arm2,0,gb_eoh_2122r3,HP_Peak,KernelRidge,size_peak,netfit,residual,log,all,n_resid_excluded_inner,0.0,30,58,q_arm2,kernel
iter05b_arm2,0,gb_eoh_2122r3,HP_Peak,KernelRidge,size_peak,netfit,residual,log,all,wape_train,2.9458012857372085,30,58,q_arm2,kernel
iter05b_arm2,0,gb_eoh_2122r3,HP_Peak,KernelRidge,size_peak,netfit,residual,log,all,wape_inner,20.943613852642795,30,58,q_arm2,kernel
iter05b_arm2,0,gb_eoh_2122r3,HP_Peak,KernelRidge,size_peak,netfit,residual,log,all,n_train_sub,111.0,30,58,q_arm2,kernel
iter05b_arm2,0,gb_eoh_2122r3,HP_Peak,KernelRidge,size_peak,netfit,residual,log,all,n_inner_sub,90.0,30,58,q_arm2,kernel
iter05b_arm2,0,gb_eoh_2122r3,HP_Peak,KernelRidge,size_peak,netfit,residual,log,all,n_test_sub,30.0,30,58,q_arm2,kernel
iter05b_arm2,0,gb_eoh_2122r3,HP_Peak,KernelRidge,size_peak,netfit,residual,log,all,n_overlap_sub,0.0,30,58,q_arm2,kernel
iter05b_arm2,0,gb_eoh_2122r3,HP_Peak,KernelRidge,size_peak,netfit,residual,log,pbin<=15,wape,28.666268359361897,22,34,q_arm2,kernel
iter05b_arm2,0,gb_eoh_2122r3,HP_Peak,KernelRidge,size_peak,netfit,residual,log,pbin<=15,rmse,2.4915503803166343,22,34,q_arm2,kernel
iter05b_arm2,0,gb_eoh_2122r3,HP_Peak,KernelRidge,size_peak,netfit,residual,log,pbin<=15,mae,1.6412874535820385,22,34,q_arm2,kernel
iter05b_arm2,0,gb_eoh_2122r3,HP_Peak,KernelRidge,size_peak,netfit,residual,log,pbin<=15,mape,33.92931633313893,22,34,q_arm2,kernel
iter05b_arm2,0,gb_eoh_2122r3,HP_Peak,KernelRidge,size_peak,netfit,residual,log,pbin<=15,r2,0.6285210860026238,22,34,q_arm2,kernel
iter05b_arm2,0,gb_eoh_2122r3,HP_Peak,KernelRidge,size_peak,netfit,residual,log,pbin<=15,n_pred_nan,0.0,22,34,q_arm2,kernel
iter05b_arm2,0,gb_eoh_2122r3,HP_Peak,KernelRidge,size_peak,netfit,residual,log,pbin<=15,mape_n_excluded,0.0,22,34,q_arm2,kernel
iter05b_arm2,0,gb_eoh_2122r3,HP_Peak,KernelRidge,size_peak,netfit,residual,log,pbin35-65,wape,6.160649112836298,8,43,q_arm2,kernel
iter05b_arm2,0,gb_eoh_2122r3,HP_Peak,KernelRidge,size_peak,netfit,residual,log,pbin35-65,rmse,2.319489139438847,8,43,q_arm2,kernel
iter05b_arm2,0,gb_eoh_2122r3,HP_Peak,KernelRidge,size_peak,netfit,residual,log,pbin35-65,mae,1.8915609451094766,8,43,q_arm2,kernel
iter05b_arm2,0,gb_eoh_2122r3,HP_Peak,KernelRidge,size_peak,netfit,residual,log,pbin35-65,mape,9.106664311610212,8,43,q_arm2,kernel
iter05b_arm2,0,gb_eoh_2122r3,HP_Peak,KernelRidge,size_peak,netfit,residual,log,pbin35-65,r2,0.9910690065906944,8,43,q_arm2,kernel
iter05b_arm2,0,gb_eoh_2122r3,HP_Peak,KernelRidge,size_peak,netfit,residual,log,pbin35-65,n_pred_nan,0.0,8,43,q_arm2,kernel
iter05b_arm2,0,gb_eoh_2122r3,HP_Peak,KernelRidge,size_peak,netfit,residual,log,pbin35-65,mape_n_excluded,0.0,8,43,q_arm2,kernel
iter05b_arm2,0,gb_eoh_2122r3,HP_Peak,KernelRidge,size_peak,netfit,residual,log,p0.1|n10,wape,36.92894632574152,16,15,q_arm2,kernel
iter05b_arm2,0,gb_eoh_2122r3,HP_Peak,KernelRidge,size_peak,netfit,residual,log,p0.1|n10,rmse,1.616048070670928,16,15,q_arm2,kernel
iter05b_arm2,0,gb_eoh_2122r3,HP_Peak,KernelRidge,size_peak,netfit,residual,log,p0.1|n10,mae,1.2149263701896431,16,15,q_arm2,kernel
iter05b_arm2,0,gb_eoh_2122r3,HP_Peak,KernelRidge,size_peak,netfit,residual,log,p0.1|n10,mape,37.38485395376843,16,15,q_arm2,kernel
iter05b_arm2,0,gb_eoh_2122r3,HP_Peak,KernelRidge,size_peak,netfit,residual,log,p0.1|n10,r2,-3.0913934032346084,16,15,q_arm2,kernel
iter05b_arm2,0,gb_eoh_2122r3,HP_Peak,KernelRidge,size_peak,netfit,residual,log,p0.1|n10,n_pred_nan,0.0,16,15,q_arm2,kernel
iter05b_arm2,0,gb_eoh_2122r3,HP_Peak,KernelRidge,size_peak,netfit,residual,log,p0.1|n10,mape_n_excluded,0.0,16,15,q_arm2,kernel
iter05b_arm2,0,gb_eoh_2122r3,HP_Peak,KernelRidge,size_peak,netfit,residual,log,p0.1|n40,wape,22.734473474923885,6,22,q_arm2,kernel
iter05b_arm2,0,gb_eoh_2122r3,HP_Peak,KernelRidge,size_peak,netfit,residual,log,p0.1|n40,rmse,3.9746347983373176,6,22,q_arm2,kernel
iter05b_arm2,0,gb_eoh_2122r3,HP_Peak,KernelRidge,size_peak,netfit,residual,log,p0.1|n40,mae,2.7782503426284286,6,22,q_arm2,kernel
iter05b_arm2,0,gb_eoh_2122r3,HP_Peak,KernelRidge,size_peak,netfit,residual,log,p0.1|n40,mape,24.714549344793603,6,22,q_arm2,kernel
iter05b_arm2,0,gb_eoh_2122r3,HP_Peak,KernelRidge,size_peak,netfit,residual,log,p0.1|n40,r2,-9.070364131280785,6,22,q_arm2,kernel
iter05b_arm2,0,gb_eoh_2122r3,HP_Peak,KernelRidge,size_peak,netfit,residual,log,p0.1|n40,n_pred_nan,0.0,6,22,q_arm2,kernel
iter05b_arm2,0,gb_eoh_2122r3,HP_Peak,KernelRidge,size_peak,netfit,residual,log,p0.1|n40,mape_n_excluded,0.0,6,22,q_arm2,kernel
iter05b_arm2,0,gb_eoh_2122r3,HP_Peak,KernelRidge,size_peak,netfit,residual,log,p0.5|n10,wape,11.504395930595011,6,24,q_arm2,kernel
iter05b_arm2,0,gb_eoh_2122r3,HP_Peak,KernelRidge,size_peak,netfit,residual,log,p0.5|n10,rmse,2.438271182598818,6,24,q_arm2,kernel
iter05b_arm2,0,gb_eoh_2122r3,HP_Peak,KernelRidge,size_peak,netfit,residual,log,p0.5|n10,mae,1.906564345821358,6,24,q_arm2,kernel
iter05b_arm2,0,gb_eoh_2122r3,HP_Peak,KernelRidge,size_peak,netfit,residual,log,p0.5|n10,mape,11.300245804992707,6,24,q_arm2,kernel
iter05b_arm2,0,gb_eoh_2122r3,HP_Peak,KernelRidge,size_peak,netfit,residual,log,p0.5|n10,r2,-0.34820313028444927,6,24,q_arm2,kernel
iter05b_arm2,0,gb_eoh_2122r3,HP_Peak,KernelRidge,size_peak,netfit,residual,log,p0.5|n10,n_pred_nan,0.0,6,24,q_arm2,kernel
iter05b_arm2,0,gb_eoh_2122r3,HP_Peak,KernelRidge,size_peak,netfit,residual,log,p0.5|n10,mape_n_excluded,0.0,6,24,q_arm2,kernel
iter05b_arm2,0,gb_eoh_2122r3,HP_Peak,KernelRidge,size_peak,netfit,residual,log,p0.5|n40,wape,2.526122215579259,2,28,q_arm2,kernel
iter05b_arm2,0,gb_eoh_2122r3,HP_Peak,KernelRidge,size_peak,netfit,residual,log,p0.5|n40,rmse,1.919536504530074,2,28,q_arm2,kernel
iter05b_arm2,0,gb_eoh_2122r3,HP_Peak,KernelRidge,size_peak,netfit,residual,log,p0.5|n40,mae,1.8465507429738324,2,28,q_arm2,kernel
iter05b_arm2,0,gb_eoh_2122r3,HP_Peak,KernelRidge,size_peak,netfit,residual,log,p0.5|n40,mape,2.525919831462722,2,28,q_arm2,kernel
iter05b_arm2,0,gb_eoh_2122r3,HP_Peak,KernelRidge,size_peak,netfit,residual,log,p0.5|n40,r2,-8642.236776852156,2,28,q_arm2,kernel
iter05b_arm2,0,gb_eoh_2122r3,HP_Peak,KernelRidge,size_peak,netfit,residual,log,p0.5|n40,n_pred_nan,0.0,2,28,q_arm2,kernel
iter05b_arm2,0,gb_eoh_2122r3,HP_Peak,KernelRidge,size_peak,netfit,residual,log,p0.5|n40,mape_n_excluded,0.0,2,28,q_arm2,kernel
iter05b_arm2,0,gb_eoh_2122r3,HP_Peak,SVR,size_peak,both,direct,log,all,wape,22.044141421061266,30,58,q_arm2,kernel
iter05b_arm2,0,gb_eoh_2122r3,HP_Peak,SVR,size_peak,both,direct,log,all,rmse,5.331499131018634,30,58,q_arm2,kernel
iter05b_arm2,0,gb_eoh_2122r3,HP_Peak,SVR,size_peak,both,direct,log,all,mae,2.7304784863796216,30,58,q_arm2,kernel
iter05b_arm2,0,gb_eoh_2122r3,HP_Peak,SVR,size_peak,both,direct,log,all,mape,31.67069037498273,30,58,q_arm2,kernel
iter05b_arm2,0,gb_eoh_2122r3,HP_Peak,SVR,size_peak,both,direct,log,all,r2,0.903613791059281,30,58,q_arm2,kernel
iter05b_arm2,0,gb_eoh_2122r3,HP_Peak,SVR,size_peak,both,direct,log,all,n_pred_nan,0.0,30,58,q_arm2,kernel
iter05b_arm2,0,gb_eoh_2122r3,HP_Peak,SVR,size_peak,both,direct,log,all,mape_n_excluded,0.0,30,58,q_arm2,kernel
iter05b_arm2,0,gb_eoh_2122r3,HP_Peak,SVR,size_peak,both,direct,log,all,wape_train,4.013419378587519,30,58,q_arm2,kernel
iter05b_arm2,0,gb_eoh_2122r3,HP_Peak,SVR,size_peak,both,direct,log,all,wape_inner,30.075981173632364,30,58,q_arm2,kernel
iter05b_arm2,0,gb_eoh_2122r3,HP_Peak,SVR,size_peak,both,direct,log,all,n_train_sub,111.0,30,58,q_arm2,kernel
iter05b_arm2,0,gb_eoh_2122r3,HP_Peak,SVR,size_peak,both,direct,log,all,n_inner_sub,90.0,30,58,q_arm2,kernel
iter05b_arm2,0,gb_eoh_2122r3,HP_Peak,SVR,size_peak,both,direct,log,all,n_test_sub,30.0,30,58,q_arm2,kernel
iter05b_arm2,0,gb_eoh_2122r3,HP_Peak,SVR,size_peak,both,direct,log,all,n_overlap_sub,0.0,30,58,q_arm2,kernel
iter05b_arm2,0,gb_eoh_2122r3,HP_Peak,SVR,size_peak,both,direct,log,pbin<=15,wape,29.18981271894911,22,34,q_arm2,kernel
iter05b_arm2,0,gb_eoh_2122r3,HP_Peak,SVR,size_peak,both,direct,log,pbin<=15,rmse,2.594561703341794,22,34,q_arm2,kernel
iter05b_arm2,0,gb_eoh_2122r3,HP_Peak,SVR,size_peak,both,direct,log,pbin<=15,mae,1.6712629906143464,22,34,q_arm2,kernel
iter05b_arm2,0,gb_eoh_2122r3,HP_Peak,SVR,size_peak,both,direct,log,pbin<=15,mape,35.733472202670924,22,34,q_arm2,kernel
iter05b_arm2,0,gb_eoh_2122r3,HP_Peak,SVR,size_peak,both,direct,log,pbin<=15,r2,0.5971690526546798,22,34,q_arm2,kernel
iter05b_arm2,0,gb_eoh_2122r3,HP_Peak,SVR,size_peak,both,direct,log,pbin<=15,n_pred_nan,0.0,22,34,q_arm2,kernel
iter05b_arm2,0,gb_eoh_2122r3,HP_Peak,SVR,size_peak,both,direct,log,pbin<=15,mape_n_excluded,0.0,22,34,q_arm2,kernel
iter05b_arm2,0,gb_eoh_2122r3,HP_Peak,SVR,size_peak,both,direct,log,pbin35-65,wape,18.379804899447876,8,43,q_arm2,kernel
iter05b_arm2,0,gb_eoh_2122r3,HP_Peak,SVR,size_peak,both,direct,log,pbin35-65,rmse,9.385147707999328,8,43,q_arm2,kernel
iter05b_arm2,0,gb_eoh_2122r3,HP_Peak,SVR,size_peak,both,direct,log,pbin35-65,mae,5.643321099734127,8,43,q_arm2,kernel
iter05b_arm2,0,gb_eoh_2122r3,HP_Peak,SVR,size_peak,both,direct,log,pbin35-65,mape,20.498040348840206,8,43,q_arm2,kernel
iter05b_arm2,0,gb_eoh_2122r3,HP_Peak,SVR,size_peak,both,direct,log,pbin35-65,r2,0.8537831894114913,8,43,q_arm2,kernel
iter05b_arm2,0,gb_eoh_2122r3,HP_Peak,SVR,size_peak,both,direct,log,pbin35-65,n_pred_nan,0.0,8,43,q_arm2,kernel
iter05b_arm2,0,gb_eoh_2122r3,HP_Peak,SVR,size_peak,both,direct,log,pbin35-65,mape_n_excluded,0.0,8,43,q_arm2,kernel
iter05b_arm2,0,gb_eoh_2122r3,HP_Peak,SVR,size_peak,both,direct,log,p0.1|n10,wape,38.10346323495289,16,15,q_arm2,kernel
iter05b_arm2,0,gb_eoh_2122r3,HP_Peak,SVR,size_peak,both,direct,log,p0.1|n10,rmse,1.654452389201641,16,15,q_arm2,kernel
iter05b_arm2,0,gb_eoh_2122r3,HP_Peak,SVR,size_peak,both,direct,log,p0.1|n10,mae,1.2535668326780043,16,15,q_arm2,kernel
iter05b_arm2,0,gb_eoh_2122r3,HP_Peak,SVR,size_peak,both,direct,log,p0.1|n10,mape,39.990853387511486,16,15,q_arm2,kernel
iter05b_arm2,0,gb_eoh_2122r3,HP_Peak,SVR,size_peak,both,direct,log,p0.1|n10,r2,-3.288162534451682,16,15,q_arm2,kernel
iter05b_arm2,0,gb_eoh_2122r3,HP_Peak,SVR,size_peak,both,direct,log,p0.1|n10,n_pred_nan,0.0,16,15,q_arm2,kernel
iter05b_arm2,0,gb_eoh_2122r3,HP_Peak,SVR,size_peak,both,direct,log,p0.1|n10,mape_n_excluded,0.0,16,15,q_arm2,kernel
iter05b_arm2,0,gb_eoh_2122r3,HP_Peak,SVR,size_peak,both,direct,log,p0.1|n40,wape,22.790683193674035,6,22,q_arm2,kernel
iter05b_arm2,0,gb_eoh_2122r3,HP_Peak,SVR,size_peak,both,direct,log,p0.1|n40,rmse,4.1693945640363035,6,22,q_arm2,kernel
iter05b_arm2,0,gb_eoh_2122r3,HP_Peak,SVR,size_peak,both,direct,log,p0.1|n40,mae,2.785119411777925,6,22,q_arm2,kernel
iter05b_arm2,0,gb_eoh_2122r3,HP_Peak,SVR,size_peak,both,direct,log,p0.1|n40,mape,24.38045570976274,6,22,q_arm2,kernel
iter05b_arm2,0,gb_eoh_2122r3,HP_Peak,SVR,size_peak,both,direct,log,p0.1|n40,r2,-10.08145290304846,6,22,q_arm2,kernel
iter05b_arm2,0,gb_eoh_2122r3,HP_Peak,SVR,size_peak,both,direct,log,p0.1|n40,n_pred_nan,0.0,6,22,q_arm2,kernel
iter05b_arm2,0,gb_eoh_2122r3,HP_Peak,SVR,size_peak,both,direct,log,p0.1|n40,mape_n_excluded,0.0,6,22,q_arm2,kernel
iter05b_arm2,0,gb_eoh_2122r3,HP_Peak,SVR,size_peak,both,direct,log,p0.5|n10,wape,20.937629684324918,6,24,q_arm2,kernel
iter05b_arm2,0,gb_eoh_2122r3,HP_Peak,SVR,size_peak,both,direct,log,p0.5|n10,rmse,4.789014161922317,6,24,q_arm2,kernel
iter05b_arm2,0,gb_eoh_2122r3,HP_Peak,SVR,size_peak,both,direct,log,p0.5|n10,mae,3.469885640495351,6,24,q_arm2,kernel
iter05b_arm2,0,gb_eoh_2122r3,HP_Peak,SVR,size_peak,both,direct,log,p0.5|n10,mape,21.785515989436902,6,24,q_arm2,kernel
iter05b_arm2,0,gb_eoh_2122r3,HP_Peak,SVR,size_peak,both,direct,log,p0.5|n10,r2,-4.200960579811078,6,24,q_arm2,kernel
iter05b_arm2,0,gb_eoh_2122r3,HP_Peak,SVR,size_peak,both,direct,log,p0.5|n10,n_pred_nan,0.0,6,24,q_arm2,kernel
iter05b_arm2,0,gb_eoh_2122r3,HP_Peak,SVR,size_peak,both,direct,log,p0.5|n10,mape_n_excluded,0.0,6,24,q_arm2,kernel
iter05b_arm2,0,gb_eoh_2122r3,HP_Peak,SVR,size_peak,both,direct,log,p0.5|n40,wape,16.640111142211552,2,28,q_arm2,kernel
iter05b_arm2,0,gb_eoh_2122r3,HP_Peak,SVR,size_peak,both,direct,log,p0.5|n40,rmse,16.838052739986967,2,28,q_arm2,kernel
iter05b_arm2,0,gb_eoh_2122r3,HP_Peak,SVR,size_peak,both,direct,log,p0.5|n40,mae,12.163627477450454,2,28,q_arm2,kernel
iter05b_arm2,0,gb_eoh_2122r3,HP_Peak,SVR,size_peak,both,direct,log,p0.5|n40,mape,16.63561342705011,2,28,q_arm2,kernel
iter05b_arm2,0,gb_eoh_2122r3,HP_Peak,SVR,size_peak,both,direct,log,p0.5|n40,r2,-665069.0489131494,2,28,q_arm2,kernel
iter05b_arm2,0,gb_eoh_2122r3,HP_Peak,SVR,size_peak,both,direct,log,p0.5|n40,n_pred_nan,0.0,2,28,q_arm2,kernel
iter05b_arm2,0,gb_eoh_2122r3,HP_Peak,SVR,size_peak,both,direct,log,p0.5|n40,mape_n_excluded,0.0,2,28,q_arm2,kernel
iter05b_arm2,0,gb_eoh_2122r3,HP_Peak,KernelRidge,size_peak,both,direct,log,all,wape,24.337691070721558,30,58,q_arm2,kernel
iter05b_arm2,0,gb_eoh_2122r3,HP_Peak,KernelRidge,size_peak,both,direct,log,all,rmse,5.409153918561388,30,58,q_arm2,kernel
iter05b_arm2,0,gb_eoh_2122r3,HP_Peak,KernelRidge,size_peak,both,direct,log,all,mae,3.0145670274673546,30,58,q_arm2,kernel
iter05b_arm2,0,gb_eoh_2122r3,HP_Peak,KernelRidge,size_peak,both,direct,log,all,mape,31.33610852139284,30,58,q_arm2,kernel
iter05b_arm2,0,gb_eoh_2122r3,HP_Peak,KernelRidge,size_peak,both,direct,log,all,r2,0.900785558372297,30,58,q_arm2,kernel
iter05b_arm2,0,gb_eoh_2122r3,HP_Peak,KernelRidge,size_peak,both,direct,log,all,n_pred_nan,0.0,30,58,q_arm2,kernel
iter05b_arm2,0,gb_eoh_2122r3,HP_Peak,KernelRidge,size_peak,both,direct,log,all,mape_n_excluded,0.0,30,58,q_arm2,kernel
iter05b_arm2,0,gb_eoh_2122r3,HP_Peak,KernelRidge,size_peak,both,direct,log,all,wape_train,1.7457249681669218,30,58,q_arm2,kernel
iter05b_arm2,0,gb_eoh_2122r3,HP_Peak,KernelRidge,size_peak,both,direct,log,all,wape_inner,27.775328049110982,30,58,q_arm2,kernel
iter05b_arm2,0,gb_eoh_2122r3,HP_Peak,KernelRidge,size_peak,both,direct,log,all,n_train_sub,111.0,30,58,q_arm2,kernel
iter05b_arm2,0,gb_eoh_2122r3,HP_Peak,KernelRidge,size_peak,both,direct,log,all,n_inner_sub,90.0,30,58,q_arm2,kernel
iter05b_arm2,0,gb_eoh_2122r3,HP_Peak,KernelRidge,size_peak,both,direct,log,all,n_test_sub,30.0,30,58,q_arm2,kernel
iter05b_arm2,0,gb_eoh_2122r3,HP_Peak,KernelRidge,size_peak,both,direct,log,all,n_overlap_sub,0.0,30,58,q_arm2,kernel
iter05b_arm2,0,gb_eoh_2122r3,HP_Peak,KernelRidge,size_peak,both,direct,log,pbin<=15,wape,29.792241705087896,22,34,q_arm2,kernel
iter05b_arm2,0,gb_eoh_2122r3,HP_Peak,KernelRidge,size_peak,both,direct,log,pbin<=15,rmse,2.7137096985401548,22,34,q_arm2,kernel
iter05b_arm2,0,gb_eoh_2122r3,HP_Peak,KernelRidge,size_peak,both,direct,log,pbin<=15,mae,1.7057550676516713,22,34,q_arm2,kernel
iter05b_arm2,0,gb_eoh_2122r3,HP_Peak,KernelRidge,size_peak,both,direct,log,pbin<=15,mape,35.09581318642948,22,34,q_arm2,kernel
iter05b_arm2,0,gb_eoh_2122r3,HP_Peak,KernelRidge,size_peak,both,direct,log,pbin<=15,r2,0.5593217721101105,22,34,q_arm2,kernel
iter05b_arm2,0,gb_eoh_2122r3,HP_Peak,KernelRidge,size_peak,both,direct,log,pbin<=15,n_pred_nan,0.0,22,34,q_arm2,kernel
iter05b_arm2,0,gb_eoh_2122r3,HP_Peak,KernelRidge,size_peak,both,direct,log,pbin<=15,mape_n_excluded,0.0,22,34,q_arm2,kernel
iter05b_arm2,0,gb_eoh_2122r3,HP_Peak,KernelRidge,size_peak,both,direct,log,pbin35-65,wape,21.540569811532656,8,43,q_arm2,kernel
iter05b_arm2,0,gb_eoh_2122r3,HP_Peak,KernelRidge,size_peak,both,direct,log,pbin35-65,rmse,9.45882878734017,8,43,q_arm2,kernel
iter05b_arm2,0,gb_eoh_2122r3,HP_Peak,KernelRidge,size_peak,both,direct,log,pbin35-65,mae,6.613799916960481,8,43,q_arm2,kernel
iter05b_arm2,0,gb_eoh_2122r3,HP_Peak,KernelRidge,size_peak,both,direct,log,pbin35-65,mape,20.99692069254208,8,43,q_arm2,kernel
iter05b_arm2,0,gb_eoh_2122r3,HP_Peak,KernelRidge,size_peak,both,direct,log,pbin35-65,r2,0.8514783343779031,8,43,q_arm2,kernel
iter05b_arm2,0,gb_eoh_2122r3,HP_Peak,KernelRidge,size_peak,both,direct,log,pbin35-65,n_pred_nan,0.0,8,43,q_arm2,kernel
iter05b_arm2,0,gb_eoh_2122r3,HP_Peak,KernelRidge,size_peak,both,direct,log,pbin35-65,mape_n_excluded,0.0,8,43,q_arm2,kernel
iter05b_arm2,0,gb_eoh_2122r3,HP_Peak,KernelRidge,size_peak,both,direct,log,p0.1|n10,wape,37.696177240889874,16,15,q_arm2,kernel
iter05b_arm2,0,gb_eoh_2122r3,HP_Peak,KernelRidge,size_peak,both,direct,log,p0.1|n10,rmse,1.7324105780705918,16,15,q_arm2,kernel
iter05b_arm2,0,gb_eoh_2122r3,HP_Peak,KernelRidge,size_peak,both,direct,log,p0.1|n10,mae,1.2401675201162174,16,15,q_arm2,kernel
iter05b_arm2,0,gb_eoh_2122r3,HP_Peak,KernelRidge,size_peak,both,direct,log,p0.1|n10,mape,38.61211318358841,16,15,q_arm2,kernel
iter05b_arm2,0,gb_eoh_2122r3,HP_Peak,KernelRidge,size_peak,both,direct,log,p0.1|n10,r2,-3.7018020843265838,16,15,q_arm2,kernel
iter05b_arm2,0,gb_eoh_2122r3,HP_Peak,KernelRidge,size_peak,both,direct,log,p0.1|n10,n_pred_nan,0.0,16,15,q_arm2,kernel
iter05b_arm2,0,gb_eoh_2122r3,HP_Peak,KernelRidge,size_peak,both,direct,log,p0.1|n10,mape_n_excluded,0.0,16,15,q_arm2,kernel
iter05b_arm2,0,gb_eoh_2122r3,HP_Peak,KernelRidge,size_peak,both,direct,log,p0.1|n40,wape,24.117988809238806,6,22,q_arm2,kernel
iter05b_arm2,0,gb_eoh_2122r3,HP_Peak,KernelRidge,size_peak,both,direct,log,p0.1|n40,rmse,4.358763292470806,6,22,q_arm2,kernel
iter05b_arm2,0,gb_eoh_2122r3,HP_Peak,KernelRidge,size_peak,both,direct,log,p0.1|n40,mae,2.9473218610795495,6,22,q_arm2,kernel
iter05b_arm2,0,gb_eoh_2122r3,HP_Peak,KernelRidge,size_peak,both,direct,log,p0.1|n40,mape,25.719013194005637,6,22,q_arm2,kernel
iter05b_arm2,0,gb_eoh_2122r3,HP_Peak,KernelRidge,size_peak,both,direct,log,p0.1|n40,r2,-11.11092411582896,6,22,q_arm2,kernel
iter05b_arm2,0,gb_eoh_2122r3,HP_Peak,KernelRidge,size_peak,both,direct,log,p0.1|n40,n_pred_nan,0.0,6,22,q_arm2,kernel
iter05b_arm2,0,gb_eoh_2122r3,HP_Peak,KernelRidge,size_peak,both,direct,log,p0.1|n40,mape_n_excluded,0.0,6,22,q_arm2,kernel
iter05b_arm2,0,gb_eoh_2122r3,HP_Peak,KernelRidge,size_peak,both,direct,log,p0.5|n10,wape,18.82743740686633,6,24,q_arm2,kernel
iter05b_arm2,0,gb_eoh_2122r3,HP_Peak,KernelRidge,size_peak,both,direct,log,p0.5|n10,rmse,4.569379383327685,6,24,q_arm2,kernel
iter05b_arm2,0,gb_eoh_2122r3,HP_Peak,KernelRidge,size_peak,both,direct,log,p0.5|n10,mae,3.1201743315920574,6,24,q_arm2,kernel
iter05b_arm2,0,gb_eoh_2122r3,HP_Peak,KernelRidge,size_peak,both,direct,log,p0.5|n10,mape,20.20081871252001,6,24,q_arm2,kernel
iter05b_arm2,0,gb_eoh_2122r3,HP_Peak,KernelRidge,size_peak,both,direct,log,p0.5|n10,r2,-3.7348448763980455,6,24,q_arm2,kernel
iter05b_arm2,0,gb_eoh_2122r3,HP_Peak,KernelRidge,size_peak,both,direct,log,p0.5|n10,n_pred_nan,0.0,6,24,q_arm2,kernel
iter05b_arm2,0,gb_eoh_2122r3,HP_Peak,KernelRidge,size_peak,both,direct,log,p0.5|n10,mape_n_excluded,0.0,6,24,q_arm2,kernel
iter05b_arm2,0,gb_eoh_2122r3,HP_Peak,KernelRidge,size_peak,both,direct,log,p0.5|n40,wape,23.385895392416998,2,28,q_arm2,kernel
iter05b_arm2,0,gb_eoh_2122r3,HP_Peak,KernelRidge,size_peak,both,direct,log,p0.5|n40,rmse,17.18255173909045,2,28,q_arm2,kernel
iter05b_arm2,0,gb_eoh_2122r3,HP_Peak,KernelRidge,size_peak,both,direct,log,p0.5|n40,mae,17.094676673065752,2,28,q_arm2,kernel
iter05b_arm2,0,gb_eoh_2122r3,HP_Peak,KernelRidge,size_peak,both,direct,log,p0.5|n40,mape,23.385226632608266,2,28,q_arm2,kernel
iter05b_arm2,0,gb_eoh_2122r3,HP_Peak,KernelRidge,size_peak,both,direct,log,p0.5|n40,r2,-692561.5119263317,2,28,q_arm2,kernel
iter05b_arm2,0,gb_eoh_2122r3,HP_Peak,KernelRidge,size_peak,both,direct,log,p0.5|n40,n_pred_nan,0.0,2,28,q_arm2,kernel
iter05b_arm2,0,gb_eoh_2122r3,HP_Peak,KernelRidge,size_peak,both,direct,log,p0.5|n40,mape_n_excluded,0.0,2,28,q_arm2,kernel
iter05b_arm2,0,gb_eoh_2122r3,HP_Peak,SVR,size_peak,both,residual,log,all,wape,22.784537747194964,30,58,q_arm2,kernel
iter05b_arm2,0,gb_eoh_2122r3,HP_Peak,SVR,size_peak,both,residual,log,all,rmse,4.5705691395547134,30,58,q_arm2,kernel
iter05b_arm2,0,gb_eoh_2122r3,HP_Peak,SVR,size_peak,both,residual,log,all,mae,2.8221870361157015,30,58,q_arm2,kernel
iter05b_arm2,0,gb_eoh_2122r3,HP_Peak,SVR,size_peak,both,residual,log,all,mape,32.80414519853904,30,58,q_arm2,kernel
iter05b_arm2,0,gb_eoh_2122r3,HP_Peak,SVR,size_peak,both,residual,log,all,r2,0.9291635514453307,30,58,q_arm2,kernel
iter05b_arm2,0,gb_eoh_2122r3,HP_Peak,SVR,size_peak,both,residual,log,all,n_pred_nan,0.0,30,58,q_arm2,kernel
iter05b_arm2,0,gb_eoh_2122r3,HP_Peak,SVR,size_peak,both,residual,log,all,mape_n_excluded,0.0,30,58,q_arm2,kernel
iter05b_arm2,0,gb_eoh_2122r3,HP_Peak,SVR,size_peak,both,residual,log,all,n_invalid,0.0,30,58,q_arm2,kernel
iter05b_arm2,0,gb_eoh_2122r3,HP_Peak,SVR,size_peak,both,residual,log,all,n_resid_excluded_train,0.0,30,58,q_arm2,kernel
iter05b_arm2,0,gb_eoh_2122r3,HP_Peak,SVR,size_peak,both,residual,log,all,n_resid_excluded_inner,0.0,30,58,q_arm2,kernel
iter05b_arm2,0,gb_eoh_2122r3,HP_Peak,SVR,size_peak,both,residual,log,all,wape_train,1.9258621765395012,30,58,q_arm2,kernel
iter05b_arm2,0,gb_eoh_2122r3,HP_Peak,SVR,size_peak,both,residual,log,all,wape_inner,25.500871238735723,30,58,q_arm2,kernel
iter05b_arm2,0,gb_eoh_2122r3,HP_Peak,SVR,size_peak,both,residual,log,all,n_train_sub,111.0,30,58,q_arm2,kernel
iter05b_arm2,0,gb_eoh_2122r3,HP_Peak,SVR,size_peak,both,residual,log,all,n_inner_sub,90.0,30,58,q_arm2,kernel
iter05b_arm2,0,gb_eoh_2122r3,HP_Peak,SVR,size_peak,both,residual,log,all,n_test_sub,30.0,30,58,q_arm2,kernel
iter05b_arm2,0,gb_eoh_2122r3,HP_Peak,SVR,size_peak,both,residual,log,all,n_overlap_sub,0.0,30,58,q_arm2,kernel
iter05b_arm2,0,gb_eoh_2122r3,HP_Peak,SVR,size_peak,both,residual,log,pbin<=15,wape,34.16459343926076,22,34,q_arm2,kernel
iter05b_arm2,0,gb_eoh_2122r3,HP_Peak,SVR,size_peak,both,residual,log,pbin<=15,rmse,3.061007769841247,22,34,q_arm2,kernel
iter05b_arm2,0,gb_eoh_2122r3,HP_Peak,SVR,size_peak,both,residual,log,pbin<=15,mae,1.9560941056451513,22,34,q_arm2,kernel
iter05b_arm2,0,gb_eoh_2122r3,HP_Peak,SVR,size_peak,both,residual,log,pbin<=15,mape,38.547249579185504,22,34,q_arm2,kernel
iter05b_arm2,0,gb_eoh_2122r3,HP_Peak,SVR,size_peak,both,residual,log,pbin<=15,r2,0.439308871275255,22,34,q_arm2,kernel
iter05b_arm2,0,gb_eoh_2122r3,HP_Peak,SVR,size_peak,both,residual,log,pbin<=15,n_pred_nan,0.0,22,34,q_arm2,kernel
iter05b_arm2,0,gb_eoh_2122r3,HP_Peak,SVR,size_peak,both,residual,log,pbin<=15,mape_n_excluded,0.0,22,34,q_arm2,kernel
iter05b_arm2,0,gb_eoh_2122r3,HP_Peak,SVR,size_peak,both,residual,log,pbin35-65,wape,16.948787409398566,8,43,q_arm2,kernel
iter05b_arm2,0,gb_eoh_2122r3,HP_Peak,SVR,size_peak,both,residual,log,pbin35-65,rmse,7.250587556440432,8,43,q_arm2,kernel
iter05b_arm2,0,gb_eoh_2122r3,HP_Peak,SVR,size_peak,both,residual,log,pbin35-65,mae,5.203942594909713,8,43,q_arm2,kernel
iter05b_arm2,0,gb_eoh_2122r3,HP_Peak,SVR,size_peak,both,residual,log,pbin35-65,mape,17.010608151761286,8,43,q_arm2,kernel
iter05b_arm2,0,gb_eoh_2122r3,HP_Peak,SVR,size_peak,both,residual,log,pbin35-65,r2,0.9127307015219868,8,43,q_arm2,kernel
iter05b_arm2,0,gb_eoh_2122r3,HP_Peak,SVR,size_peak,both,residual,log,pbin35-65,n_pred_nan,0.0,8,43,q_arm2,kernel
iter05b_arm2,0,gb_eoh_2122r3,HP_Peak,SVR,size_peak,both,residual,log,pbin35-65,mape_n_excluded,0.0,8,43,q_arm2,kernel
iter05b_arm2,0,gb_eoh_2122r3,HP_Peak,SVR,size_peak,both,residual,log,p0.1|n10,wape,43.62321381189044,16,15,q_arm2,kernel
iter05b_arm2,0,gb_eoh_2122r3,HP_Peak,SVR,size_peak,both,residual,log,p0.1|n10,rmse,2.014422840411741,16,15,q_arm2,kernel
iter05b_arm2,0,gb_eoh_2122r3,HP_Peak,SVR,size_peak,both,residual,log,p0.1|n10,mae,1.4351612511495762,16,15,q_arm2,kernel
iter05b_arm2,0,gb_eoh_2122r3,HP_Peak,SVR,size_peak,both,residual,log,p0.1|n10,mape,42.17383624244589,16,15,q_arm2,kernel
iter05b_arm2,0,gb_eoh_2122r3,HP_Peak,SVR,size_peak,both,residual,log,p0.1|n10,r2,-5.357172037838747,16,15,q_arm2,kernel
iter05b_arm2,0,gb_eoh_2122r3,HP_Peak,SVR,size_peak,both,residual,log,p0.1|n10,n_pred_nan,0.0,16,15,q_arm2,kernel
iter05b_arm2,0,gb_eoh_2122r3,HP_Peak,SVR,size_peak,both,residual,log,p0.1|n10,mape_n_excluded,0.0,16,15,q_arm2,kernel
iter05b_arm2,0,gb_eoh_2122r3,HP_Peak,SVR,size_peak,both,residual,log,p0.1|n40,wape,27.37422884215307,6,22,q_arm2,kernel
iter05b_arm2,0,gb_eoh_2122r3,HP_Peak,SVR,size_peak,both,residual,log,p0.1|n40,rmse,4.851263038204013,6,22,q_arm2,kernel
iter05b_arm2,0,gb_eoh_2122r3,HP_Peak,SVR,size_peak,both,residual,log,p0.1|n40,mae,3.3452483843000196,6,22,q_arm2,kernel
iter05b_arm2,0,gb_eoh_2122r3,HP_Peak,SVR,size_peak,both,residual,log,p0.1|n40,mape,28.876351810491123,6,22,q_arm2,kernel
iter05b_arm2,0,gb_eoh_2122r3,HP_Peak,SVR,size_peak,both,residual,log,p0.1|n40,r2,-14.002386825837675,6,22,q_arm2,kernel
iter05b_arm2,0,gb_eoh_2122r3,HP_Peak,SVR,size_peak,both,residual,log,p0.1|n40,n_pred_nan,0.0,6,22,q_arm2,kernel
iter05b_arm2,0,gb_eoh_2122r3,HP_Peak,SVR,size_peak,both,residual,log,p0.1|n40,mape_n_excluded,0.0,6,22,q_arm2,kernel
iter05b_arm2,0,gb_eoh_2122r3,HP_Peak,SVR,size_peak,both,residual,log,p0.5|n10,wape,15.737371435955923,6,24,q_arm2,kernel
iter05b_arm2,0,gb_eoh_2122r3,HP_Peak,SVR,size_peak,both,residual,log,p0.5|n10,rmse,3.3111479405862347,6,24,q_arm2,kernel
iter05b_arm2,0,gb_eoh_2122r3,HP_Peak,SVR,size_peak,both,residual,log,p0.5|n10,mae,2.6080735970627535,6,24,q_arm2,kernel
iter05b_arm2,0,gb_eoh_2122r3,HP_Peak,SVR,size_peak,both,residual,log,p0.5|n10,mape,16.756190103012536,6,24,q_arm2,kernel
iter05b_arm2,0,gb_eoh_2122r3,HP_Peak,SVR,size_peak,both,residual,log,p0.5|n10,r2,-1.4862711465897647,6,24,q_arm2,kernel
iter05b_arm2,0,gb_eoh_2122r3,HP_Peak,SVR,size_peak,both,residual,log,p0.5|n10,n_pred_nan,0.0,6,24,q_arm2,kernel
iter05b_arm2,0,gb_eoh_2122r3,HP_Peak,SVR,size_peak,both,residual,log,p0.5|n10,mape_n_excluded,0.0,6,24,q_arm2,kernel
iter05b_arm2,0,gb_eoh_2122r3,HP_Peak,SVR,size_peak,both,residual,log,p0.5|n40,wape,17.772726882842928,2,28,q_arm2,kernel
iter05b_arm2,0,gb_eoh_2122r3,HP_Peak,SVR,size_peak,both,residual,log,p0.5|n40,rmse,13.31889550980448,2,28,q_arm2,kernel
iter05b_arm2,0,gb_eoh_2122r3,HP_Peak,SVR,size_peak,both,residual,log,p0.5|n40,mae,12.991549588450592,2,28,q_arm2,kernel
iter05b_arm2,0,gb_eoh_2122r3,HP_Peak,SVR,size_peak,both,residual,log,p0.5|n40,mape,17.773862298007533,2,28,q_arm2,kernel
iter05b_arm2,0,gb_eoh_2122r3,HP_Peak,SVR,size_peak,both,residual,log,p0.5|n40,r2,-416120.4303630857,2,28,q_arm2,kernel
iter05b_arm2,0,gb_eoh_2122r3,HP_Peak,SVR,size_peak,both,residual,log,p0.5|n40,n_pred_nan,0.0,2,28,q_arm2,kernel
iter05b_arm2,0,gb_eoh_2122r3,HP_Peak,SVR,size_peak,both,residual,log,p0.5|n40,mape_n_excluded,0.0,2,28,q_arm2,kernel
iter05b_arm2,0,gb_eoh_2122r3,HP_Peak,KernelRidge,size_peak,both,residual,log,all,wape,23.82284507871021,30,58,q_arm2,kernel
iter05b_arm2,0,gb_eoh_2122r3,HP_Peak,KernelRidge,size_peak,both,residual,log,all,rmse,5.060737078690548,30,58,q_arm2,kernel
iter05b_arm2,0,gb_eoh_2122r3,HP_Peak,KernelRidge,size_peak,both,residual,log,all,mae,2.950796074535494,30,58,q_arm2,kernel
iter05b_arm2,0,gb_eoh_2122r3,HP_Peak,KernelRidge,size_peak,both,residual,log,all,mape,33.78955136568286,30,58,q_arm2,kernel
iter05b_arm2,0,gb_eoh_2122r3,HP_Peak,KernelRidge,size_peak,both,residual,log,all,r2,0.9131552112106162,30,58,q_arm2,kernel
iter05b_arm2,0,gb_eoh_2122r3,HP_Peak,KernelRidge,size_peak,both,residual,log,all,n_pred_nan,0.0,30,58,q_arm2,kernel
iter05b_arm2,0,gb_eoh_2122r3,HP_Peak,KernelRidge,size_peak,both,residual,log,all,mape_n_excluded,0.0,30,58,q_arm2,kernel
iter05b_arm2,0,gb_eoh_2122r3,HP_Peak,KernelRidge,size_peak,both,residual,log,all,n_invalid,0.0,30,58,q_arm2,kernel
iter05b_arm2,0,gb_eoh_2122r3,HP_Peak,KernelRidge,size_peak,both,residual,log,all,n_resid_excluded_train,0.0,30,58,q_arm2,kernel
iter05b_arm2,0,gb_eoh_2122r3,HP_Peak,KernelRidge,size_peak,both,residual,log,all,n_resid_excluded_inner,0.0,30,58,q_arm2,kernel
iter05b_arm2,0,gb_eoh_2122r3,HP_Peak,KernelRidge,size_peak,both,residual,log,all,wape_train,1.7050543436287025,30,58,q_arm2,kernel
iter05b_arm2,0,gb_eoh_2122r3,HP_Peak,KernelRidge,size_peak,both,residual,log,all,wape_inner,24.97675304802886,30,58,q_arm2,kernel
iter05b_arm2,0,gb_eoh_2122r3,HP_Peak,KernelRidge,size_peak,both,residual,log,all,n_train_sub,111.0,30,58,q_arm2,kernel
iter05b_arm2,0,gb_eoh_2122r3,HP_Peak,KernelRidge,size_peak,both,residual,log,all,n_inner_sub,90.0,30,58,q_arm2,kernel
iter05b_arm2,0,gb_eoh_2122r3,HP_Peak,KernelRidge,size_peak,both,residual,log,all,n_test_sub,30.0,30,58,q_arm2,kernel
iter05b_arm2,0,gb_eoh_2122r3,HP_Peak,KernelRidge,size_peak,both,residual,log,all,n_overlap_sub,0.0,30,58,q_arm2,kernel
iter05b_arm2,0,gb_eoh_2122r3,HP_Peak,KernelRidge,size_peak,both,residual,log,pbin<=15,wape,35.52588108173445,22,34,q_arm2,kernel
iter05b_arm2,0,gb_eoh_2122r3,HP_Peak,KernelRidge,size_peak,both,residual,log,pbin<=15,rmse,3.193003719263849,22,34,q_arm2,kernel
iter05b_arm2,0,gb_eoh_2122r3,HP_Peak,KernelRidge,size_peak,both,residual,log,pbin<=15,mae,2.0340346418984043,22,34,q_arm2,kernel
iter05b_arm2,0,gb_eoh_2122r3,HP_Peak,KernelRidge,size_peak,both,residual,log,pbin<=15,mape,40.05762845436341,22,34,q_arm2,kernel
iter05b_arm2,0,gb_eoh_2122r3,HP_Peak,KernelRidge,size_peak,both,residual,log,pbin<=15,r2,0.38991033282711796,22,34,q_arm2,kernel
iter05b_arm2,0,gb_eoh_2122r3,HP_Peak,KernelRidge,size_peak,both,residual,log,pbin<=15,n_pred_nan,0.0,22,34,q_arm2,kernel
iter05b_arm2,0,gb_eoh_2122r3,HP_Peak,KernelRidge,size_peak,both,residual,log,pbin<=15,mape_n_excluded,0.0,22,34,q_arm2,kernel
iter05b_arm2,0,gb_eoh_2122r3,HP_Peak,KernelRidge,size_peak,both,residual,log,pbin35-65,wape,17.82146879761623,8,43,q_arm2,kernel
iter05b_arm2,0,gb_eoh_2122r3,HP_Peak,KernelRidge,size_peak,both,residual,log,pbin35-65,rmse,8.24648252940215,8,43,q_arm2,kernel
iter05b_arm2,0,gb_eoh_2122r3,HP_Peak,KernelRidge,size_peak,both,residual,log,pbin35-65,mae,5.471890014287487,8,43,q_arm2,kernel
iter05b_arm2,0,gb_eoh_2122r3,HP_Peak,KernelRidge,size_peak,both,residual,log,pbin35-65,mape,16.552339371811357,8,43,q_arm2,kernel
iter05b_arm2,0,gb_eoh_2122r3,HP_Peak,KernelRidge,size_peak,both,residual,log,pbin35-65,r2,0.8871107549653616,8,43,q_arm2,kernel
iter05b_arm2,0,gb_eoh_2122r3,HP_Peak,KernelRidge,size_peak,both,residual,log,pbin35-65,n_pred_nan,0.0,8,43,q_arm2,kernel
iter05b_arm2,0,gb_eoh_2122r3,HP_Peak,KernelRidge,size_peak,both,residual,log,pbin35-65,mape_n_excluded,0.0,8,43,q_arm2,kernel
iter05b_arm2,0,gb_eoh_2122r3,HP_Peak,KernelRidge,size_peak,both,residual,log,p0.1|n10,wape,45.11952601736905,16,15,q_arm2,kernel
iter05b_arm2,0,gb_eoh_2122r3,HP_Peak,KernelRidge,size_peak,both,residual,log,p0.1|n10,rmse,2.156402045497252,16,15,q_arm2,kernel
iter05b_arm2,0,gb_eoh_2122r3,HP_Peak,KernelRidge,size_peak,both,residual,log,p0.1|n10,mae,1.4843884654989172,16,15,q_arm2,kernel
iter05b_arm2,0,gb_eoh_2122r3,HP_Peak,KernelRidge,size_peak,both,residual,log,p0.1|n10,mape,43.82713951028448,16,15,q_arm2,kernel
iter05b_arm2,0,gb_eoh_2122r3,HP_Peak,KernelRidge,size_peak,both,residual,log,p0.1|n10,r2,-6.284875947617855,16,15,q_arm2,kernel
iter05b_arm2,0,gb_eoh_2122r3,HP_Peak,KernelRidge,size_peak,both,residual,log,p0.1|n10,n_pred_nan,0.0,16,15,q_arm2,kernel
iter05b_arm2,0,gb_eoh_2122r3,HP_Peak,KernelRidge,size_peak,both,residual,log,p0.1|n10,mape_n_excluded,0.0,16,15,q_arm2,kernel
iter05b_arm2,0,gb_eoh_2122r3,HP_Peak,KernelRidge,size_peak,both,residual,log,p0.1|n40,wape,28.638582050613355,6,22,q_arm2,kernel
iter05b_arm2,0,gb_eoh_2122r3,HP_Peak,KernelRidge,size_peak,both,residual,log,p0.1|n40,rmse,4.998247759930893,6,22,q_arm2,kernel
iter05b_arm2,0,gb_eoh_2122r3,HP_Peak,KernelRidge,size_peak,both,residual,log,p0.1|n40,mae,3.499757778963706,6,22,q_arm2,kernel
iter05b_arm2,0,gb_eoh_2122r3,HP_Peak,KernelRidge,size_peak,both,residual,log,p0.1|n40,mape,30.005598971907236,6,22,q_arm2,kernel
iter05b_arm2,0,gb_eoh_2122r3,HP_Peak,KernelRidge,size_peak,both,residual,log,p0.1|n40,r2,-14.925250535944675,6,22,q_arm2,kernel
iter05b_arm2,0,gb_eoh_2122r3,HP_Peak,KernelRidge,size_peak,both,residual,log,p0.1|n40,n_pred_nan,0.0,6,22,q_arm2,kernel
iter05b_arm2,0,gb_eoh_2122r3,HP_Peak,KernelRidge,size_peak,both,residual,log,p0.1|n40,mape_n_excluded,0.0,6,22,q_arm2,kernel
iter05b_arm2,0,gb_eoh_2122r3,HP_Peak,KernelRidge,size_peak,both,residual,log,p0.5|n10,wape,14.349316174732612,6,24,q_arm2,kernel
iter05b_arm2,0,gb_eoh_2122r3,HP_Peak,KernelRidge,size_peak,both,residual,log,p0.5|n10,rmse,3.1377593861769224,6,24,q_arm2,kernel
iter05b_arm2,0,gb_eoh_2122r3,HP_Peak,KernelRidge,size_peak,both,residual,log,p0.5|n10,mae,2.378038340362296,6,24,q_arm2,kernel
iter05b_arm2,0,gb_eoh_2122r3,HP_Peak,KernelRidge,size_peak,both,residual,log,p0.5|n10,mape,15.341464046271142,6,24,q_arm2,kernel
iter05b_arm2,0,gb_eoh_2122r3,HP_Peak,KernelRidge,size_peak,both,residual,log,p0.5|n10,r2,-1.2327011404111903,6,24,q_arm2,kernel
iter05b_arm2,0,gb_eoh_2122r3,HP_Peak,KernelRidge,size_peak,both,residual,log,p0.5|n10,n_pred_nan,0.0,6,24,q_arm2,kernel
iter05b_arm2,0,gb_eoh_2122r3,HP_Peak,KernelRidge,size_peak,both,residual,log,p0.5|n10,mape_n_excluded,0.0,6,24,q_arm2,kernel
iter05b_arm2,0,gb_eoh_2122r3,HP_Peak,KernelRidge,size_peak,both,residual,log,p0.5|n40,wape,20.183038783925024,2,28,q_arm2,kernel
iter05b_arm2,0,gb_eoh_2122r3,HP_Peak,KernelRidge,size_peak,both,residual,log,p0.5|n40,rmse,15.571810894507918,2,28,q_arm2,kernel
iter05b_arm2,0,gb_eoh_2122r3,HP_Peak,KernelRidge,size_peak,both,residual,log,p0.5|n40,mae,14.75344503606306,2,28,q_arm2,kernel
iter05b_arm2,0,gb_eoh_2122r3,HP_Peak,KernelRidge,size_peak,both,residual,log,p0.5|n40,mape,20.184965348431994,2,28,q_arm2,kernel
iter05b_arm2,0,gb_eoh_2122r3,HP_Peak,KernelRidge,size_peak,both,residual,log,p0.5|n40,r2,-568802.0297614897,2,28,q_arm2,kernel
iter05b_arm2,0,gb_eoh_2122r3,HP_Peak,KernelRidge,size_peak,both,residual,log,p0.5|n40,n_pred_nan,0.0,2,28,q_arm2,kernel
iter05b_arm2,0,gb_eoh_2122r3,HP_Peak,KernelRidge,size_peak,both,residual,log,p0.5|n40,mape_n_excluded,0.0,2,28,q_arm2,kernel
iter05b_arm2,0,gb_eoh_2122r3,HP_Peak,CatBoost,size,netfit,direct,log,all,wape,16.76322313304213,30,58,q_arm2,catboost
iter05b_arm2,0,gb_eoh_2122r3,HP_Peak,CatBoost,size,netfit,direct,log,all,rmse,3.05718356767697,30,58,q_arm2,catboost
iter05b_arm2,0,gb_eoh_2122r3,HP_Peak,CatBoost,size,netfit,direct,log,all,mae,2.076362116032422,30,58,q_arm2,catboost
iter05b_arm2,0,gb_eoh_2122r3,HP_Peak,CatBoost,size,netfit,direct,log,all,mape,31.255816866244757,30,58,q_arm2,catboost
iter05b_arm2,0,gb_eoh_2122r3,HP_Peak,CatBoost,size,netfit,direct,log,all,r2,0.9683072994927738,30,58,q_arm2,catboost
iter05b_arm2,0,gb_eoh_2122r3,HP_Peak,CatBoost,size,netfit,direct,log,all,n_pred_nan,0.0,30,58,q_arm2,catboost
iter05b_arm2,0,gb_eoh_2122r3,HP_Peak,CatBoost,size,netfit,direct,log,all,mape_n_excluded,0.0,30,58,q_arm2,catboost
iter05b_arm2,0,gb_eoh_2122r3,HP_Peak,CatBoost,size,netfit,direct,log,all,wape_train,8.783907240851144,30,58,q_arm2,catboost
iter05b_arm2,0,gb_eoh_2122r3,HP_Peak,CatBoost,size,netfit,direct,log,all,wape_inner,18.71907869627284,30,58,q_arm2,catboost
iter05b_arm2,0,gb_eoh_2122r3,HP_Peak,CatBoost,size,netfit,direct,log,all,n_train_sub,111.0,30,58,q_arm2,catboost
iter05b_arm2,0,gb_eoh_2122r3,HP_Peak,CatBoost,size,netfit,direct,log,all,n_inner_sub,90.0,30,58,q_arm2,catboost
iter05b_arm2,0,gb_eoh_2122r3,HP_Peak,CatBoost,size,netfit,direct,log,all,n_test_sub,30.0,30,58,q_arm2,catboost
iter05b_arm2,0,gb_eoh_2122r3,HP_Peak,CatBoost,size,netfit,direct,log,all,n_overlap_sub,0.0,30,58,q_arm2,catboost
iter05b_arm2,0,gb_eoh_2122r3,HP_Peak,CatBoost,size,netfit,direct,log,pbin<=15,wape,29.564296387728522,22,34,q_arm2,catboost
iter05b_arm2,0,gb_eoh_2122r3,HP_Peak,CatBoost,size,netfit,direct,log,pbin<=15,rmse,2.6618138532897166,22,34,q_arm2,catboost
iter05b_arm2,0,gb_eoh_2122r3,HP_Peak,CatBoost,size,netfit,direct,log,pbin<=15,mae,1.692704056449422,22,34,q_arm2,catboost
iter05b_arm2,0,gb_eoh_2122r3,HP_Peak,CatBoost,size,netfit,direct,log,pbin<=15,mape,37.99105128421356,22,34,q_arm2,catboost
iter05b_arm2,0,gb_eoh_2122r3,HP_Peak,CatBoost,size,netfit,direct,log,pbin<=15,r2,0.576015302021544,22,34,q_arm2,catboost
iter05b_arm2,0,gb_eoh_2122r3,HP_Peak,CatBoost,size,netfit,direct,log,pbin<=15,n_pred_nan,0.0,22,34,q_arm2,catboost
iter05b_arm2,0,gb_eoh_2122r3,HP_Peak,CatBoost,size,netfit,direct,log,pbin<=15,mape_n_excluded,0.0,22,34,q_arm2,catboost
iter05b_arm2,0,gb_eoh_2122r3,HP_Peak,CatBoost,size,netfit,direct,log,pbin35-65,wape,10.198767774332746,8,43,q_arm2,catboost
iter05b_arm2,0,gb_eoh_2122r3,HP_Peak,CatBoost,size,netfit,direct,log,pbin35-65,rmse,3.945180211723407,8,43,q_arm2,catboost
iter05b_arm2,0,gb_eoh_2122r3,HP_Peak,CatBoost,size,netfit,direct,log,pbin35-65,mae,3.131421779885671,8,43,q_arm2,catboost
iter05b_arm2,0,gb_eoh_2122r3,HP_Peak,CatBoost,size,netfit,direct,log,pbin35-65,mape,12.733922216830562,8,43,q_arm2,catboost
iter05b_arm2,0,gb_eoh_2122r3,HP_Peak,CatBoost,size,netfit,direct,log,pbin35-65,r2,0.9741626020447588,8,43,q_arm2,catboost
iter05b_arm2,0,gb_eoh_2122r3,HP_Peak,CatBoost,size,netfit,direct,log,pbin35-65,n_pred_nan,0.0,8,43,q_arm2,catboost
iter05b_arm2,0,gb_eoh_2122r3,HP_Peak,CatBoost,size,netfit,direct,log,pbin35-65,mape_n_excluded,0.0,8,43,q_arm2,catboost
iter05b_arm2,0,gb_eoh_2122r3,HP_Peak,CatBoost,size,netfit,direct,log,p0.1|n10,wape,39.043308791674114,16,15,q_arm2,catboost
iter05b_arm2,0,gb_eoh_2122r3,HP_Peak,CatBoost,size,netfit,direct,log,p0.1|n10,rmse,2.0778160038910016,16,15,q_arm2,catboost
iter05b_arm2,0,gb_eoh_2122r3,HP_Peak,CatBoost,size,netfit,direct,log,p0.1|n10,mae,1.2844868362084125,16,15,q_arm2,catboost
iter05b_arm2,0,gb_eoh_2122r3,HP_Peak,CatBoost,size,netfit,direct,log,p0.1|n10,mape,42.921031925015576,16,15,q_arm2,catboost
iter05b_arm2,0,gb_eoh_2122r3,HP_Peak,CatBoost,size,netfit,direct,log,p0.1|n10,r2,-5.763583631578363,16,15,q_arm2,catboost
iter05b_arm2,0,gb_eoh_2122r3,HP_Peak,CatBoost,size,netfit,direct,log,p0.1|n10,n_pred_nan,0.0,16,15,q_arm2,catboost
iter05b_arm2,0,gb_eoh_2122r3,HP_Peak,CatBoost,size,netfit,direct,log,p0.1|n10,mape_n_excluded,0.0,16,15,q_arm2,catboost
iter05b_arm2,0,gb_eoh_2122r3,HP_Peak,CatBoost,size,netfit,direct,log,p0.1|n40,wape,22.7592923059967,6,22,q_arm2,catboost
iter05b_arm2,0,gb_eoh_2122r3,HP_Peak,CatBoost,size,netfit,direct,log,p0.1|n40,rmse,3.803473330041501,6,22,q_arm2,catboost
iter05b_arm2,0,gb_eoh_2122r3,HP_Peak,CatBoost,size,netfit,direct,log,p0.1|n40,mae,2.7812833104254495,6,22,q_arm2,catboost
iter05b_arm2,0,gb_eoh_2122r3,HP_Peak,CatBoost,size,netfit,direct,log,p0.1|n40,mape,24.84443624207483,6,22,q_arm2,catboost
iter05b_arm2,0,gb_eoh_2122r3,HP_Peak,CatBoost,size,netfit,direct,log,p0.1|n40,r2,-8.221710071804232,6,22,q_arm2,catboost
iter05b_arm2,0,gb_eoh_2122r3,HP_Peak,CatBoost,size,netfit,direct,log,p0.1|n40,n_pred_nan,0.0,6,22,q_arm2,catboost
iter05b_arm2,0,gb_eoh_2122r3,HP_Peak,CatBoost,size,netfit,direct,log,p0.1|n40,mape_n_excluded,0.0,6,22,q_arm2,catboost
iter05b_arm2,0,gb_eoh_2122r3,HP_Peak,CatBoost,size,netfit,direct,log,p0.5|n10,wape,14.794153266959857,6,24,q_arm2,catboost
iter05b_arm2,0,gb_eoh_2122r3,HP_Peak,CatBoost,size,netfit,direct,log,p0.5|n10,rmse,3.193822706492198,6,24,q_arm2,catboost
iter05b_arm2,0,gb_eoh_2122r3,HP_Peak,CatBoost,size,netfit,direct,log,p0.5|n10,mae,2.4517589029068994,6,24,q_arm2,catboost
iter05b_arm2,0,gb_eoh_2122r3,HP_Peak,CatBoost,size,netfit,direct,log,p0.5|n10,mape,14.621103328576185,6,24,q_arm2,catboost
iter05b_arm2,0,gb_eoh_2122r3,HP_Peak,CatBoost,size,netfit,direct,log,p0.5|n10,r2,-1.313198637412841,6,24,q_arm2,catboost
iter05b_arm2,0,gb_eoh_2122r3,HP_Peak,CatBoost,size,netfit,direct,log,p0.5|n10,n_pred_nan,0.0,6,24,q_arm2,catboost
iter05b_arm2,0,gb_eoh_2122r3,HP_Peak,CatBoost,size,netfit,direct,log,p0.5|n10,mape_n_excluded,0.0,6,24,q_arm2,catboost
iter05b_arm2,0,gb_eoh_2122r3,HP_Peak,CatBoost,size,netfit,direct,log,p0.5|n40,wape,7.073235681249184,2,28,q_arm2,catboost
iter05b_arm2,0,gb_eoh_2122r3,HP_Peak,CatBoost,size,netfit,direct,log,p0.5|n40,rmse,5.626391132011739,2,28,q_arm2,catboost
iter05b_arm2,0,gb_eoh_2122r3,HP_Peak,CatBoost,size,netfit,direct,log,p0.5|n40,mae,5.170410410821987,2,28,q_arm2,catboost
iter05b_arm2,0,gb_eoh_2122r3,HP_Peak,CatBoost,size,netfit,direct,log,p0.5|n40,mape,7.07237888159369,2,28,q_arm2,catboost
iter05b_arm2,0,gb_eoh_2122r3,HP_Peak,CatBoost,size,netfit,direct,log,p0.5|n40,r2,-74257.04287321477,2,28,q_arm2,catboost
iter05b_arm2,0,gb_eoh_2122r3,HP_Peak,CatBoost,size,netfit,direct,log,p0.5|n40,n_pred_nan,0.0,2,28,q_arm2,catboost
iter05b_arm2,0,gb_eoh_2122r3,HP_Peak,CatBoost,size,netfit,direct,log,p0.5|n40,mape_n_excluded,0.0,2,28,q_arm2,catboost
iter05b_arm2,0,gb_eoh_2122r3,HP_Peak,CatBoost,size,netfit,residual,log,all,wape,15.888173382196111,30,58,q_arm2,catboost
iter05b_arm2,0,gb_eoh_2122r3,HP_Peak,CatBoost,size,netfit,residual,log,all,rmse,3.164370765077562,30,58,q_arm2,catboost
iter05b_arm2,0,gb_eoh_2122r3,HP_Peak,CatBoost,size,netfit,residual,log,all,mae,1.9679748364573542,30,58,q_arm2,catboost
iter05b_arm2,0,gb_eoh_2122r3,HP_Peak,CatBoost,size,netfit,residual,log,all,mape,25.895330562179307,30,58,q_arm2,catboost
iter05b_arm2,0,gb_eoh_2122r3,HP_Peak,CatBoost,size,netfit,residual,log,all,r2,0.9660460003022496,30,58,q_arm2,catboost
iter05b_arm2,0,gb_eoh_2122r3,HP_Peak,CatBoost,size,netfit,residual,log,all,n_pred_nan,0.0,30,58,q_arm2,catboost
iter05b_arm2,0,gb_eoh_2122r3,HP_Peak,CatBoost,size,netfit,residual,log,all,mape_n_excluded,0.0,30,58,q_arm2,catboost
iter05b_arm2,0,gb_eoh_2122r3,HP_Peak,CatBoost,size,netfit,residual,log,all,n_invalid,0.0,30,58,q_arm2,catboost
iter05b_arm2,0,gb_eoh_2122r3,HP_Peak,CatBoost,size,netfit,residual,log,all,n_resid_excluded_train,0.0,30,58,q_arm2,catboost
iter05b_arm2,0,gb_eoh_2122r3,HP_Peak,CatBoost,size,netfit,residual,log,all,n_resid_excluded_inner,0.0,30,58,q_arm2,catboost
iter05b_arm2,0,gb_eoh_2122r3,HP_Peak,CatBoost,size,netfit,residual,log,all,wape_train,4.870801748641456,30,58,q_arm2,catboost
iter05b_arm2,0,gb_eoh_2122r3,HP_Peak,CatBoost,size,netfit,residual,log,all,wape_inner,22.388026325389077,30,58,q_arm2,catboost
iter05b_arm2,0,gb_eoh_2122r3,HP_Peak,CatBoost,size,netfit,residual,log,all,n_train_sub,111.0,30,58,q_arm2,catboost
iter05b_arm2,0,gb_eoh_2122r3,HP_Peak,CatBoost,size,netfit,residual,log,all,n_inner_sub,90.0,30,58,q_arm2,catboost
iter05b_arm2,0,gb_eoh_2122r3,HP_Peak,CatBoost,size,netfit,residual,log,all,n_test_sub,30.0,30,58,q_arm2,catboost
iter05b_arm2,0,gb_eoh_2122r3,HP_Peak,CatBoost,size,netfit,residual,log,all,n_overlap_sub,0.0,30,58,q_arm2,catboost
iter05b_arm2,0,gb_eoh_2122r3,HP_Peak,CatBoost,size,netfit,residual,log,pbin<=15,wape,28.868681822257386,22,34,q_arm2,catboost
iter05b_arm2,0,gb_eoh_2122r3,HP_Peak,CatBoost,size,netfit,residual,log,pbin<=15,rmse,2.953908035691416,22,34,q_arm2,catboost
iter05b_arm2,0,gb_eoh_2122r3,HP_Peak,CatBoost,size,netfit,residual,log,pbin<=15,mae,1.6528766382265743,22,34,q_arm2,catboost
iter05b_arm2,0,gb_eoh_2122r3,HP_Peak,CatBoost,size,netfit,residual,log,pbin<=15,mape,31.555186798326833,22,34,q_arm2,catboost
iter05b_arm2,0,gb_eoh_2122r3,HP_Peak,CatBoost,size,netfit,residual,log,pbin<=15,r2,0.47785784018213495,22,34,q_arm2,catboost
iter05b_arm2,0,gb_eoh_2122r3,HP_Peak,CatBoost,size,netfit,residual,log,pbin<=15,n_pred_nan,0.0,22,34,q_arm2,catboost
iter05b_arm2,0,gb_eoh_2122r3,HP_Peak,CatBoost,size,netfit,residual,log,pbin<=15,mape_n_excluded,0.0,22,34,q_arm2,catboost
iter05b_arm2,0,gb_eoh_2122r3,HP_Peak,CatBoost,size,netfit,residual,log,pbin35-65,wape,9.231702749396808,8,43,q_arm2,catboost
iter05b_arm2,0,gb_eoh_2122r3,HP_Peak,CatBoost,size,netfit,residual,log,pbin35-65,rmse,3.6816210956118844,8,43,q_arm2,catboost
iter05b_arm2,0,gb_eoh_2122r3,HP_Peak,CatBoost,size,netfit,residual,log,pbin35-65,mae,2.8344948815919997,8,43,q_arm2,catboost
iter05b_arm2,0,gb_eoh_2122r3,HP_Peak,CatBoost,size,netfit,residual,log,pbin35-65,mape,10.330725912773616,8,43,q_arm2,catboost
iter05b_arm2,0,gb_eoh_2122r3,HP_Peak,CatBoost,size,netfit,residual,log,pbin35-65,r2,0.977499443381443,8,43,q_arm2,catboost
iter05b_arm2,0,gb_eoh_2122r3,HP_Peak,CatBoost,size,netfit,residual,log,pbin35-65,n_pred_nan,0.0,8,43,q_arm2,catboost
iter05b_arm2,0,gb_eoh_2122r3,HP_Peak,CatBoost,size,netfit,residual,log,pbin35-65,mape_n_excluded,0.0,8,43,q_arm2,catboost
iter05b_arm2,0,gb_eoh_2122r3,HP_Peak,CatBoost,size,netfit,residual,log,p0.1|n10,wape,31.50111782275672,16,15,q_arm2,catboost
iter05b_arm2,0,gb_eoh_2122r3,HP_Peak,CatBoost,size,netfit,residual,log,p0.1|n10,rmse,1.3937186342896464,16,15,q_arm2,catboost
iter05b_arm2,0,gb_eoh_2122r3,HP_Peak,CatBoost,size,netfit,residual,log,p0.1|n10,mae,1.0363560984311297,16,15,q_arm2,catboost
iter05b_arm2,0,gb_eoh_2122r3,HP_Peak,CatBoost,size,netfit,residual,log,p0.1|n10,mape,32.525341596637055,16,15,q_arm2,catboost
iter05b_arm2,0,gb_eoh_2122r3,HP_Peak,CatBoost,size,netfit,residual,log,p0.1|n10,r2,-2.043076735217261,16,15,q_arm2,catboost
iter05b_arm2,0,gb_eoh_2122r3,HP_Peak,CatBoost,size,netfit,residual,log,p0.1|n10,n_pred_nan,0.0,16,15,q_arm2,catboost
iter05b_arm2,0,gb_eoh_2122r3,HP_Peak,CatBoost,size,netfit,residual,log,p0.1|n10,mape_n_excluded,0.0,16,15,q_arm2,catboost
iter05b_arm2,0,gb_eoh_2122r3,HP_Peak,CatBoost,size,netfit,residual,log,p0.1|n40,wape,26.97885016417881,6,22,q_arm2,catboost
iter05b_arm2,0,gb_eoh_2122r3,HP_Peak,CatBoost,size,netfit,residual,log,p0.1|n40,rmse,5.178213542140312,6,22,q_arm2,catboost
iter05b_arm2,0,gb_eoh_2122r3,HP_Peak,CatBoost,size,netfit,residual,log,p0.1|n40,mae,3.2969314110144246,6,22,q_arm2,catboost
iter05b_arm2,0,gb_eoh_2122r3,HP_Peak,CatBoost,size,netfit,residual,log,p0.1|n40,mape,28.968107336166256,6,22,q_arm2,catboost
iter05b_arm2,0,gb_eoh_2122r3,HP_Peak,CatBoost,size,netfit,residual,log,p0.1|n40,r2,-16.09269824472686,6,22,q_arm2,catboost
iter05b_arm2,0,gb_eoh_2122r3,HP_Peak,CatBoost,size,netfit,residual,log,p0.1|n40,n_pred_nan,0.0,6,22,q_arm2,catboost
iter05b_arm2,0,gb_eoh_2122r3,HP_Peak,CatBoost,size,netfit,residual,log,p0.1|n40,mape_n_excluded,0.0,6,22,q_arm2,catboost
iter05b_arm2,0,gb_eoh_2122r3,HP_Peak,CatBoost,size,netfit,residual,log,p0.5|n10,wape,11.676703536476696,6,24,q_arm2,catboost
iter05b_arm2,0,gb_eoh_2122r3,HP_Peak,CatBoost,size,netfit,residual,log,p0.5|n10,rmse,2.5754587015520376,6,24,q_arm2,catboost
iter05b_arm2,0,gb_eoh_2122r3,HP_Peak,CatBoost,size,netfit,residual,log,p0.5|n10,mae,1.9351199987969478,6,24,q_arm2,catboost
iter05b_arm2,0,gb_eoh_2122r3,HP_Peak,CatBoost,size,netfit,residual,log,p0.5|n10,mape,11.251137722541742,6,24,q_arm2,catboost
iter05b_arm2,0,gb_eoh_2122r3,HP_Peak,CatBoost,size,netfit,residual,log,p0.5|n10,r2,-0.5041823896662865,6,24,q_arm2,catboost
iter05b_arm2,0,gb_eoh_2122r3,HP_Peak,CatBoost,size,netfit,residual,log,p0.5|n10,n_pred_nan,0.0,6,24,q_arm2,catboost
iter05b_arm2,0,gb_eoh_2122r3,HP_Peak,CatBoost,size,netfit,residual,log,p0.5|n10,mape_n_excluded,0.0,6,24,q_arm2,catboost
iter05b_arm2,0,gb_eoh_2122r3,HP_Peak,CatBoost,size,netfit,residual,log,p0.5|n40,wape,7.568745759195755,2,28,q_arm2,catboost
iter05b_arm2,0,gb_eoh_2122r3,HP_Peak,CatBoost,size,netfit,residual,log,p0.5|n40,rmse,5.858188542238759,2,28,q_arm2,catboost
iter05b_arm2,0,gb_eoh_2122r3,HP_Peak,CatBoost,size,netfit,residual,log,p0.5|n40,mae,5.532619529977154,2,28,q_arm2,catboost
iter05b_arm2,0,gb_eoh_2122r3,HP_Peak,CatBoost,size,netfit,residual,log,p0.5|n40,mape,7.569490483469239,2,28,q_arm2,catboost
iter05b_arm2,0,gb_eoh_2122r3,HP_Peak,CatBoost,size,netfit,residual,log,p0.5|n40,r2,-80501.6819670194,2,28,q_arm2,catboost
iter05b_arm2,0,gb_eoh_2122r3,HP_Peak,CatBoost,size,netfit,residual,log,p0.5|n40,n_pred_nan,0.0,2,28,q_arm2,catboost
iter05b_arm2,0,gb_eoh_2122r3,HP_Peak,CatBoost,size,netfit,residual,log,p0.5|n40,mape_n_excluded,0.0,2,28,q_arm2,catboost
iter05b_arm2,0,gb_eoh_2122r3,HP_Peak,CatBoost,size,both,direct,log,all,wape,22.61980893484714,30,58,q_arm2,catboost
iter05b_arm2,0,gb_eoh_2122r3,HP_Peak,CatBoost,size,both,direct,log,all,rmse,4.136136902760484,30,58,q_arm2,catboost
iter05b_arm2,0,gb_eoh_2122r3,HP_Peak,CatBoost,size,both,direct,log,all,mae,2.801783044433228,30,58,q_arm2,catboost
iter05b_arm2,0,gb_eoh_2122r3,HP_Peak,CatBoost,size,both,direct,log,all,mape,38.62425465972175,30,58,q_arm2,catboost
iter05b_arm2,0,gb_eoh_2122r3,HP_Peak,CatBoost,size,both,direct,log,all,r2,0.9419895781480553,30,58,q_arm2,catboost
iter05b_arm2,0,gb_eoh_2122r3,HP_Peak,CatBoost,size,both,direct,log,all,n_pred_nan,0.0,30,58,q_arm2,catboost
iter05b_arm2,0,gb_eoh_2122r3,HP_Peak,CatBoost,size,both,direct,log,all,mape_n_excluded,0.0,30,58,q_arm2,catboost
iter05b_arm2,0,gb_eoh_2122r3,HP_Peak,CatBoost,size,both,direct,log,all,wape_train,5.821157272405497,30,58,q_arm2,catboost
iter05b_arm2,0,gb_eoh_2122r3,HP_Peak,CatBoost,size,both,direct,log,all,wape_inner,21.850363462741075,30,58,q_arm2,catboost
iter05b_arm2,0,gb_eoh_2122r3,HP_Peak,CatBoost,size,both,direct,log,all,n_train_sub,111.0,30,58,q_arm2,catboost
iter05b_arm2,0,gb_eoh_2122r3,HP_Peak,CatBoost,size,both,direct,log,all,n_inner_sub,90.0,30,58,q_arm2,catboost
iter05b_arm2,0,gb_eoh_2122r3,HP_Peak,CatBoost,size,both,direct,log,all,n_test_sub,30.0,30,58,q_arm2,catboost
iter05b_arm2,0,gb_eoh_2122r3,HP_Peak,CatBoost,size,both,direct,log,all,n_overlap_sub,0.0,30,58,q_arm2,catboost
iter05b_arm2,0,gb_eoh_2122r3,HP_Peak,CatBoost,size,both,direct,log,pbin<=15,wape,34.38918306466341,22,34,q_arm2,catboost
iter05b_arm2,0,gb_eoh_2122r3,HP_Peak,CatBoost,size,both,direct,log,pbin<=15,rmse,3.0828009587821072,22,34,q_arm2,catboost
iter05b_arm2,0,gb_eoh_2122r3,HP_Peak,CatBoost,size,both,direct,log,pbin<=15,mae,1.9689529866741389,22,34,q_arm2,catboost
iter05b_arm2,0,gb_eoh_2122r3,HP_Peak,CatBoost,size,both,direct,log,pbin<=15,mape,45.46502393313988,22,34,q_arm2,catboost
iter05b_arm2,0,gb_eoh_2122r3,HP_Peak,CatBoost,size,both,direct,log,pbin<=15,r2,0.43129664341980367,22,34,q_arm2,catboost
iter05b_arm2,0,gb_eoh_2122r3,HP_Peak,CatBoost,size,both,direct,log,pbin<=15,n_pred_nan,0.0,22,34,q_arm2,catboost
iter05b_arm2,0,gb_eoh_2122r3,HP_Peak,CatBoost,size,both,direct,log,pbin<=15,mape_n_excluded,0.0,22,34,q_arm2,catboost
iter05b_arm2,0,gb_eoh_2122r3,HP_Peak,CatBoost,size,both,direct,log,pbin35-65,wape,16.584414125521782,8,43,q_arm2,catboost
iter05b_arm2,0,gb_eoh_2122r3,HP_Peak,CatBoost,size,both,direct,log,pbin35-65,rmse,6.165917367057186,8,43,q_arm2,catboost
iter05b_arm2,0,gb_eoh_2122r3,HP_Peak,CatBoost,size,both,direct,log,pbin35-65,mae,5.092065703270725,8,43,q_arm2,catboost
iter05b_arm2,0,gb_eoh_2122r3,HP_Peak,CatBoost,size,both,direct,log,pbin35-65,mape,19.81213915782188,8,43,q_arm2,catboost
iter05b_arm2,0,gb_eoh_2122r3,HP_Peak,CatBoost,size,both,direct,log,pbin35-65,r2,0.936888212238826,8,43,q_arm2,catboost
iter05b_arm2,0,gb_eoh_2122r3,HP_Peak,CatBoost,size,both,direct,log,pbin35-65,n_pred_nan,0.0,8,43,q_arm2,catboost
iter05b_arm2,0,gb_eoh_2122r3,HP_Peak,CatBoost,size,both,direct,log,pbin35-65,mape_n_excluded,0.0,8,43,q_arm2,catboost
iter05b_arm2,0,gb_eoh_2122r3,HP_Peak,CatBoost,size,both,direct,log,p0.1|n10,wape,48.38786879544173,16,15,q_arm2,catboost
iter05b_arm2,0,gb_eoh_2122r3,HP_Peak,CatBoost,size,both,direct,log,p0.1|n10,rmse,2.4141739895924945,16,15,q_arm2,catboost
iter05b_arm2,0,gb_eoh_2122r3,HP_Peak,CatBoost,size,both,direct,log,p0.1|n10,mae,1.5919137599623423,16,15,q_arm2,catboost
iter05b_arm2,0,gb_eoh_2122r3,HP_Peak,CatBoost,size,both,direct,log,p0.1|n10,mape,52.54784690756411,16,15,q_arm2,catboost
iter05b_arm2,0,gb_eoh_2122r3,HP_Peak,CatBoost,size,both,direct,log,p0.1|n10,r2,-8.130610641239631,16,15,q_arm2,catboost
iter05b_arm2,0,gb_eoh_2122r3,HP_Peak,CatBoost,size,both,direct,log,p0.1|n10,n_pred_nan,0.0,16,15,q_arm2,catboost
iter05b_arm2,0,gb_eoh_2122r3,HP_Peak,CatBoost,size,both,direct,log,p0.1|n10,mape_n_excluded,0.0,16,15,q_arm2,catboost
iter05b_arm2,0,gb_eoh_2122r3,HP_Peak,CatBoost,size,both,direct,log,p0.1|n40,wape,24.339495451935353,6,22,q_arm2,catboost
iter05b_arm2,0,gb_eoh_2122r3,HP_Peak,CatBoost,size,both,direct,log,p0.1|n40,rmse,4.393722447991268,6,22,q_arm2,catboost
iter05b_arm2,0,gb_eoh_2122r3,HP_Peak,CatBoost,size,both,direct,log,p0.1|n40,mae,2.974390924572264,6,22,q_arm2,catboost
iter05b_arm2,0,gb_eoh_2122r3,HP_Peak,CatBoost,size,both,direct,log,p0.1|n40,mape,26.57749600134192,6,22,q_arm2,catboost
iter05b_arm2,0,gb_eoh_2122r3,HP_Peak,CatBoost,size,both,direct,log,p0.1|n40,r2,-11.30597281507936,6,22,q_arm2,catboost
iter05b_arm2,0,gb_eoh_2122r3,HP_Peak,CatBoost,size,both,direct,log,p0.1|n40,n_pred_nan,0.0,6,22,q_arm2,catboost
iter05b_arm2,0,gb_eoh_2122r3,HP_Peak,CatBoost,size,both,direct,log,p0.1|n40,mape_n_excluded,0.0,6,22,q_arm2,catboost
iter05b_arm2,0,gb_eoh_2122r3,HP_Peak,CatBoost,size,both,direct,log,p0.5|n10,wape,21.148290841913227,6,24,q_arm2,catboost
iter05b_arm2,0,gb_eoh_2122r3,HP_Peak,CatBoost,size,both,direct,log,p0.5|n10,rmse,4.271124199996236,6,24,q_arm2,catboost
iter05b_arm2,0,gb_eoh_2122r3,HP_Peak,CatBoost,size,both,direct,log,p0.5|n10,mae,3.5047974302607923,6,24,q_arm2,catboost
iter05b_arm2,0,gb_eoh_2122r3,HP_Peak,CatBoost,size,both,direct,log,p0.5|n10,mape,21.922683526798632,6,24,q_arm2,catboost
iter05b_arm2,0,gb_eoh_2122r3,HP_Peak,CatBoost,size,both,direct,log,p0.5|n10,r2,-3.136906643115627,6,24,q_arm2,catboost
iter05b_arm2,0,gb_eoh_2122r3,HP_Peak,CatBoost,size,both,direct,log,p0.5|n10,n_pred_nan,0.0,6,24,q_arm2,catboost
iter05b_arm2,0,gb_eoh_2122r3,HP_Peak,CatBoost,size,both,direct,log,p0.5|n10,mape_n_excluded,0.0,6,24,q_arm2,catboost
iter05b_arm2,0,gb_eoh_2122r3,HP_Peak,CatBoost,size,both,direct,log,p0.5|n40,wape,13.480312593921335,2,28,q_arm2,catboost
iter05b_arm2,0,gb_eoh_2122r3,HP_Peak,CatBoost,size,both,direct,log,p0.5|n40,rmse,9.866440194625882,2,28,q_arm2,catboost
iter05b_arm2,0,gb_eoh_2122r3,HP_Peak,CatBoost,size,both,direct,log,p0.5|n40,mae,9.853870522300525,2,28,q_arm2,catboost
iter05b_arm2,0,gb_eoh_2122r3,HP_Peak,CatBoost,size,both,direct,log,p0.5|n40,mape,13.480506050891611,2,28,q_arm2,catboost
iter05b_arm2,0,gb_eoh_2122r3,HP_Peak,CatBoost,size,both,direct,log,p0.5|n40,r2,-228350.90268166485,2,28,q_arm2,catboost
iter05b_arm2,0,gb_eoh_2122r3,HP_Peak,CatBoost,size,both,direct,log,p0.5|n40,n_pred_nan,0.0,2,28,q_arm2,catboost
iter05b_arm2,0,gb_eoh_2122r3,HP_Peak,CatBoost,size,both,direct,log,p0.5|n40,mape_n_excluded,0.0,2,28,q_arm2,catboost
iter05b_arm2,0,gb_eoh_2122r3,HP_Peak,CatBoost,size,both,residual,log,all,wape,19.45551843973882,30,58,q_arm2,catboost
iter05b_arm2,0,gb_eoh_2122r3,HP_Peak,CatBoost,size,both,residual,log,all,rmse,3.684256308088429,30,58,q_arm2,catboost
iter05b_arm2,0,gb_eoh_2122r3,HP_Peak,CatBoost,size,both,residual,log,all,mae,2.4098409426059377,30,58,q_arm2,catboost
iter05b_arm2,0,gb_eoh_2122r3,HP_Peak,CatBoost,size,both,residual,log,all,mape,29.56243703686653,30,58,q_arm2,catboost
iter05b_arm2,0,gb_eoh_2122r3,HP_Peak,CatBoost,size,both,residual,log,all,r2,0.9539726591511384,30,58,q_arm2,catboost
iter05b_arm2,0,gb_eoh_2122r3,HP_Peak,CatBoost,size,both,residual,log,all,n_pred_nan,0.0,30,58,q_arm2,catboost
iter05b_arm2,0,gb_eoh_2122r3,HP_Peak,CatBoost,size,both,residual,log,all,mape_n_excluded,0.0,30,58,q_arm2,catboost
iter05b_arm2,0,gb_eoh_2122r3,HP_Peak,CatBoost,size,both,residual,log,all,n_invalid,0.0,30,58,q_arm2,catboost
iter05b_arm2,0,gb_eoh_2122r3,HP_Peak,CatBoost,size,both,residual,log,all,n_resid_excluded_train,0.0,30,58,q_arm2,catboost
iter05b_arm2,0,gb_eoh_2122r3,HP_Peak,CatBoost,size,both,residual,log,all,n_resid_excluded_inner,0.0,30,58,q_arm2,catboost
iter05b_arm2,0,gb_eoh_2122r3,HP_Peak,CatBoost,size,both,residual,log,all,wape_train,1.1172845828381293,30,58,q_arm2,catboost
iter05b_arm2,0,gb_eoh_2122r3,HP_Peak,CatBoost,size,both,residual,log,all,wape_inner,25.99616040444828,30,58,q_arm2,catboost
iter05b_arm2,0,gb_eoh_2122r3,HP_Peak,CatBoost,size,both,residual,log,all,n_train_sub,111.0,30,58,q_arm2,catboost
iter05b_arm2,0,gb_eoh_2122r3,HP_Peak,CatBoost,size,both,residual,log,all,n_inner_sub,90.0,30,58,q_arm2,catboost
iter05b_arm2,0,gb_eoh_2122r3,HP_Peak,CatBoost,size,both,residual,log,all,n_test_sub,30.0,30,58,q_arm2,catboost
iter05b_arm2,0,gb_eoh_2122r3,HP_Peak,CatBoost,size,both,residual,log,all,n_overlap_sub,0.0,30,58,q_arm2,catboost
iter05b_arm2,0,gb_eoh_2122r3,HP_Peak,CatBoost,size,both,residual,log,pbin<=15,wape,31.212821564574778,22,34,q_arm2,catboost
iter05b_arm2,0,gb_eoh_2122r3,HP_Peak,CatBoost,size,both,residual,log,pbin<=15,rmse,2.798518124118811,22,34,q_arm2,catboost
iter05b_arm2,0,gb_eoh_2122r3,HP_Peak,CatBoost,size,both,residual,log,pbin<=15,mae,1.7870903803250315,22,34,q_arm2,catboost
iter05b_arm2,0,gb_eoh_2122r3,HP_Peak,CatBoost,size,both,residual,log,pbin<=15,mape,34.44410259569054,22,34,q_arm2,catboost
iter05b_arm2,0,gb_eoh_2122r3,HP_Peak,CatBoost,size,both,residual,log,pbin<=15,r2,0.5313473592284053,22,34,q_arm2,catboost
iter05b_arm2,0,gb_eoh_2122r3,HP_Peak,CatBoost,size,both,residual,log,pbin<=15,n_pred_nan,0.0,22,34,q_arm2,catboost
iter05b_arm2,0,gb_eoh_2122r3,HP_Peak,CatBoost,size,both,residual,log,pbin<=15,mape_n_excluded,0.0,22,34,q_arm2,catboost
iter05b_arm2,0,gb_eoh_2122r3,HP_Peak,CatBoost,size,both,residual,log,pbin35-65,wape,13.426313703054376,8,43,q_arm2,catboost
iter05b_arm2,0,gb_eoh_2122r3,HP_Peak,CatBoost,size,both,residual,log,pbin35-65,rmse,5.418888897968489,8,43,q_arm2,catboost
iter05b_arm2,0,gb_eoh_2122r3,HP_Peak,CatBoost,size,both,residual,log,pbin35-65,mae,4.122404988878434,8,43,q_arm2,catboost
iter05b_arm2,0,gb_eoh_2122r3,HP_Peak,CatBoost,size,both,residual,log,pbin35-65,mape,16.13785675010053,8,43,q_arm2,catboost
iter05b_arm2,0,gb_eoh_2122r3,HP_Peak,CatBoost,size,both,residual,log,pbin35-65,r2,0.9512543825451574,8,43,q_arm2,catboost
iter05b_arm2,0,gb_eoh_2122r3,HP_Peak,CatBoost,size,both,residual,log,pbin35-65,n_pred_nan,0.0,8,43,q_arm2,catboost
iter05b_arm2,0,gb_eoh_2122r3,HP_Peak,CatBoost,size,both,residual,log,pbin35-65,mape_n_excluded,0.0,8,43,q_arm2,catboost
iter05b_arm2,0,gb_eoh_2122r3,HP_Peak,CatBoost,size,both,residual,log,p0.1|n10,wape,37.84023733459536,16,15,q_arm2,catboost
iter05b_arm2,0,gb_eoh_2122r3,HP_Peak,CatBoost,size,both,residual,log,p0.1|n10,rmse,1.806823265777547,16,15,q_arm2,catboost
iter05b_arm2,0,gb_eoh_2122r3,HP_Peak,CatBoost,size,both,residual,log,p0.1|n10,mae,1.2449069569035807,16,15,q_arm2,catboost
iter05b_arm2,0,gb_eoh_2122r3,HP_Peak,CatBoost,size,both,residual,log,p0.1|n10,mape,37.02858412855643,16,15,q_arm2,catboost
iter05b_arm2,0,gb_eoh_2122r3,HP_Peak,CatBoost,size,both,residual,log,p0.1|n10,r2,-4.114392314277674,16,15,q_arm2,catboost
iter05b_arm2,0,gb_eoh_2122r3,HP_Peak,CatBoost,size,both,residual,log,p0.1|n10,n_pred_nan,0.0,16,15,q_arm2,catboost
iter05b_arm2,0,gb_eoh_2122r3,HP_Peak,CatBoost,size,both,residual,log,p0.1|n10,mape_n_excluded,0.0,16,15,q_arm2,catboost
iter05b_arm2,0,gb_eoh_2122r3,HP_Peak,CatBoost,size,both,residual,log,p0.1|n40,wape,26.454985046969682,6,22,q_arm2,catboost
iter05b_arm2,0,gb_eoh_2122r3,HP_Peak,CatBoost,size,both,residual,log,p0.1|n40,rmse,4.4733230783984235,6,22,q_arm2,catboost
iter05b_arm2,0,gb_eoh_2122r3,HP_Peak,CatBoost,size,both,residual,log,p0.1|n40,mae,3.232912842782234,6,22,q_arm2,catboost
iter05b_arm2,0,gb_eoh_2122r3,HP_Peak,CatBoost,size,both,residual,log,p0.1|n40,mape,27.552151841381484,6,22,q_arm2,catboost
iter05b_arm2,0,gb_eoh_2122r3,HP_Peak,CatBoost,size,both,residual,log,p0.1|n40,r2,-11.755904065761783,6,22,q_arm2,catboost
iter05b_arm2,0,gb_eoh_2122r3,HP_Peak,CatBoost,size,both,residual,log,p0.1|n40,n_pred_nan,0.0,6,22,q_arm2,catboost
iter05b_arm2,0,gb_eoh_2122r3,HP_Peak,CatBoost,size,both,residual,log,p0.1|n40,mape_n_excluded,0.0,6,22,q_arm2,catboost
iter05b_arm2,0,gb_eoh_2122r3,HP_Peak,CatBoost,size,both,residual,log,p0.5|n10,wape,17.20010688221464,6,24,q_arm2,catboost
iter05b_arm2,0,gb_eoh_2122r3,HP_Peak,CatBoost,size,both,residual,log,p0.5|n10,rmse,3.3663213302871955,6,24,q_arm2,catboost
iter05b_arm2,0,gb_eoh_2122r3,HP_Peak,CatBoost,size,both,residual,log,p0.5|n10,mae,2.850485216588936,6,24,q_arm2,catboost
iter05b_arm2,0,gb_eoh_2122r3,HP_Peak,CatBoost,size,both,residual,log,p0.5|n10,mape,17.89786307398279,6,24,q_arm2,catboost
iter05b_arm2,0,gb_eoh_2122r3,HP_Peak,CatBoost,size,both,residual,log,p0.5|n10,r2,-1.5698185360123174,6,24,q_arm2,catboost
iter05b_arm2,0,gb_eoh_2122r3,HP_Peak,CatBoost,size,both,residual,log,p0.5|n10,n_pred_nan,0.0,6,24,q_arm2,catboost
iter05b_arm2,0,gb_eoh_2122r3,HP_Peak,CatBoost,size,both,residual,log,p0.5|n10,mape_n_excluded,0.0,6,24,q_arm2,catboost
iter05b_arm2,0,gb_eoh_2122r3,HP_Peak,CatBoost,size,both,residual,log,p0.5|n40,wape,10.859584162507785,2,28,q_arm2,catboost
iter05b_arm2,0,gb_eoh_2122r3,HP_Peak,CatBoost,size,both,residual,log,p0.5|n40,rmse,9.135703019355702,2,28,q_arm2,catboost
iter05b_arm2,0,gb_eoh_2122r3,HP_Peak,CatBoost,size,both,residual,log,p0.5|n40,mae,7.938164305746927,2,28,q_arm2,catboost
iter05b_arm2,0,gb_eoh_2122r3,HP_Peak,CatBoost,size,both,residual,log,p0.5|n40,mape,10.857837778453751,2,28,q_arm2,catboost
iter05b_arm2,0,gb_eoh_2122r3,HP_Peak,CatBoost,size,both,residual,log,p0.5|n40,r2,-195778.67603521692,2,28,q_arm2,catboost
iter05b_arm2,0,gb_eoh_2122r3,HP_Peak,CatBoost,size,both,residual,log,p0.5|n40,n_pred_nan,0.0,2,28,q_arm2,catboost
iter05b_arm2,0,gb_eoh_2122r3,HP_Peak,CatBoost,size,both,residual,log,p0.5|n40,mape_n_excluded,0.0,2,28,q_arm2,catboost
iter05b_arm2,0,gb_eoh_2122r3,HP_Peak,CatBoost,size_peak,netfit,direct,log,all,wape,17.727358971549396,30,58,q_arm2,catboost
iter05b_arm2,0,gb_eoh_2122r3,HP_Peak,CatBoost,size_peak,netfit,direct,log,all,rmse,3.176798150615039,30,58,q_arm2,catboost
iter05b_arm2,0,gb_eoh_2122r3,HP_Peak,CatBoost,size_peak,netfit,direct,log,all,mae,2.1957839667050227,30,58,q_arm2,catboost
iter05b_arm2,0,gb_eoh_2122r3,HP_Peak,CatBoost,size_peak,netfit,direct,log,all,mape,31.600399141898073,30,58,q_arm2,catboost
iter05b_arm2,0,gb_eoh_2122r3,HP_Peak,CatBoost,size_peak,netfit,direct,log,all,r2,0.9657787825495588,30,58,q_arm2,catboost
iter05b_arm2,0,gb_eoh_2122r3,HP_Peak,CatBoost,size_peak,netfit,direct,log,all,n_pred_nan,0.0,30,58,q_arm2,catboost
iter05b_arm2,0,gb_eoh_2122r3,HP_Peak,CatBoost,size_peak,netfit,direct,log,all,mape_n_excluded,0.0,30,58,q_arm2,catboost
iter05b_arm2,0,gb_eoh_2122r3,HP_Peak,CatBoost,size_peak,netfit,direct,log,all,wape_train,7.204378345019734,30,58,q_arm2,catboost
iter05b_arm2,0,gb_eoh_2122r3,HP_Peak,CatBoost,size_peak,netfit,direct,log,all,wape_inner,19.46116464664091,30,58,q_arm2,catboost
iter05b_arm2,0,gb_eoh_2122r3,HP_Peak,CatBoost,size_peak,netfit,direct,log,all,n_train_sub,111.0,30,58,q_arm2,catboost
iter05b_arm2,0,gb_eoh_2122r3,HP_Peak,CatBoost,size_peak,netfit,direct,log,all,n_inner_sub,90.0,30,58,q_arm2,catboost
iter05b_arm2,0,gb_eoh_2122r3,HP_Peak,CatBoost,size_peak,netfit,direct,log,all,n_test_sub,30.0,30,58,q_arm2,catboost
iter05b_arm2,0,gb_eoh_2122r3,HP_Peak,CatBoost,size_peak,netfit,direct,log,all,n_overlap_sub,0.0,30,58,q_arm2,catboost
iter05b_arm2,0,gb_eoh_2122r3,HP_Peak,CatBoost,size_peak,netfit,direct,log,pbin<=15,wape,29.501558839667215,22,34,q_arm2,catboost
iter05b_arm2,0,gb_eoh_2122r3,HP_Peak,CatBoost,size_peak,netfit,direct,log,pbin<=15,rmse,2.5640441365504287,22,34,q_arm2,catboost
iter05b_arm2,0,gb_eoh_2122r3,HP_Peak,CatBoost,size_peak,netfit,direct,log,pbin<=15,mae,1.6891120175690668,22,34,q_arm2,catboost
iter05b_arm2,0,gb_eoh_2122r3,HP_Peak,CatBoost,size_peak,netfit,direct,log,pbin<=15,mape,37.733626403842834,22,34,q_arm2,catboost
iter05b_arm2,0,gb_eoh_2122r3,HP_Peak,CatBoost,size_peak,netfit,direct,log,pbin<=15,r2,0.6065896202471579,22,34,q_arm2,catboost
iter05b_arm2,0,gb_eoh_2122r3,HP_Peak,CatBoost,size_peak,netfit,direct,log,pbin<=15,n_pred_nan,0.0,22,34,q_arm2,catboost
iter05b_arm2,0,gb_eoh_2122r3,HP_Peak,CatBoost,size_peak,netfit,direct,log,pbin<=15,mape_n_excluded,0.0,22,34,q_arm2,catboost
iter05b_arm2,0,gb_eoh_2122r3,HP_Peak,CatBoost,size_peak,netfit,direct,log,pbin35-65,wape,11.689489499121729,8,43,q_arm2,catboost
iter05b_arm2,0,gb_eoh_2122r3,HP_Peak,CatBoost,size_peak,netfit,direct,log,pbin35-65,rmse,4.445873133319877,8,43,q_arm2,catboost
iter05b_arm2,0,gb_eoh_2122r3,HP_Peak,CatBoost,size_peak,netfit,direct,log,pbin35-65,mae,3.5891318268289023,8,43,q_arm2,catboost
iter05b_arm2,0,gb_eoh_2122r3,HP_Peak,CatBoost,size_peak,netfit,direct,log,pbin35-65,mape,14.734024171549986,8,43,q_arm2,catboost
iter05b_arm2,0,gb_eoh_2122r3,HP_Peak,CatBoost,size_peak,netfit,direct,log,pbin35-65,r2,0.9671882636428464,8,43,q_arm2,catboost
iter05b_arm2,0,gb_eoh_2122r3,HP_Peak,CatBoost,size_peak,netfit,direct,log,pbin35-65,n_pred_nan,0.0,8,43,q_arm2,catboost
iter05b_arm2,0,gb_eoh_2122r3,HP_Peak,CatBoost,size_peak,netfit,direct,log,pbin35-65,mape_n_excluded,0.0,8,43,q_arm2,catboost
iter05b_arm2,0,gb_eoh_2122r3,HP_Peak,CatBoost,size_peak,netfit,direct,log,p0.1|n10,wape,38.31066058501808,16,15,q_arm2,catboost
iter05b_arm2,0,gb_eoh_2122r3,HP_Peak,CatBoost,size_peak,netfit,direct,log,p0.1|n10,rmse,1.8320453202933136,16,15,q_arm2,catboost
iter05b_arm2,0,gb_eoh_2122r3,HP_Peak,CatBoost,size_peak,netfit,direct,log,p0.1|n10,mae,1.2603834237122344,16,15,q_arm2,catboost
iter05b_arm2,0,gb_eoh_2122r3,HP_Peak,CatBoost,size_peak,netfit,direct,log,p0.1|n10,mape,42.42495969259689,16,15,q_arm2,catboost
iter05b_arm2,0,gb_eoh_2122r3,HP_Peak,CatBoost,size_peak,netfit,direct,log,p0.1|n10,r2,-4.258175970282386,16,15,q_arm2,catboost
iter05b_arm2,0,gb_eoh_2122r3,HP_Peak,CatBoost,size_peak,netfit,direct,log,p0.1|n10,n_pred_nan,0.0,16,15,q_arm2,catboost
iter05b_arm2,0,gb_eoh_2122r3,HP_Peak,CatBoost,size_peak,netfit,direct,log,p0.1|n10,mape_n_excluded,0.0,16,15,q_arm2,catboost
iter05b_arm2,0,gb_eoh_2122r3,HP_Peak,CatBoost,size_peak,netfit,direct,log,p0.1|n40,wape,23.17748510931198,6,22,q_arm2,catboost
iter05b_arm2,0,gb_eoh_2122r3,HP_Peak,CatBoost,size_peak,netfit,direct,log,p0.1|n40,rmse,3.893003349219209,6,22,q_arm2,catboost
iter05b_arm2,0,gb_eoh_2122r3,HP_Peak,CatBoost,size_peak,netfit,direct,log,p0.1|n40,mae,2.8323882678539536,6,22,q_arm2,catboost
iter05b_arm2,0,gb_eoh_2122r3,HP_Peak,CatBoost,size_peak,netfit,direct,log,p0.1|n40,mape,25.223404300498657,6,22,q_arm2,catboost
iter05b_arm2,0,gb_eoh_2122r3,HP_Peak,CatBoost,size_peak,netfit,direct,log,p0.1|n40,r2,-8.660959645459437,6,22,q_arm2,catboost
iter05b_arm2,0,gb_eoh_2122r3,HP_Peak,CatBoost,size_peak,netfit,direct,log,p0.1|n40,n_pred_nan,0.0,6,22,q_arm2,catboost
iter05b_arm2,0,gb_eoh_2122r3,HP_Peak,CatBoost,size_peak,netfit,direct,log,p0.1|n40,mape_n_excluded,0.0,6,22,q_arm2,catboost
iter05b_arm2,0,gb_eoh_2122r3,HP_Peak,CatBoost,size_peak,netfit,direct,log,p0.5|n10,wape,17.47476632509124,6,24,q_arm2,catboost
iter05b_arm2,0,gb_eoh_2122r3,HP_Peak,CatBoost,size_peak,netfit,direct,log,p0.5|n10,rmse,3.629878898641955,6,24,q_arm2,catboost
iter05b_arm2,0,gb_eoh_2122r3,HP_Peak,CatBoost,size_peak,netfit,direct,log,p0.5|n10,mae,2.8960031128949097,6,24,q_arm2,catboost
iter05b_arm2,0,gb_eoh_2122r3,HP_Peak,CatBoost,size_peak,netfit,direct,log,p0.5|n10,mape,17.06082986450001,6,24,q_arm2,catboost
iter05b_arm2,0,gb_eoh_2122r3,HP_Peak,CatBoost,size_peak,netfit,direct,log,p0.5|n10,r2,-1.9879655904079163,6,24,q_arm2,catboost
iter05b_arm2,0,gb_eoh_2122r3,HP_Peak,CatBoost,size_peak,netfit,direct,log,p0.5|n10,n_pred_nan,0.0,6,24,q_arm2,catboost
iter05b_arm2,0,gb_eoh_2122r3,HP_Peak,CatBoost,size_peak,netfit,direct,log,p0.5|n10,mape_n_excluded,0.0,6,24,q_arm2,catboost
iter05b_arm2,0,gb_eoh_2122r3,HP_Peak,CatBoost,size_peak,netfit,direct,log,p0.5|n40,wape,7.754657825924472,2,28,q_arm2,catboost
iter05b_arm2,0,gb_eoh_2122r3,HP_Peak,CatBoost,size_peak,netfit,direct,log,p0.5|n40,rmse,6.287693473276476,2,28,q_arm2,catboost
iter05b_arm2,0,gb_eoh_2122r3,HP_Peak,CatBoost,size_peak,netfit,direct,log,p0.5|n40,mae,5.66851796863088,2,28,q_arm2,catboost
iter05b_arm2,0,gb_eoh_2122r3,HP_Peak,CatBoost,size_peak,netfit,direct,log,p0.5|n40,mape,7.753607092699911,2,28,q_arm2,catboost
iter05b_arm2,0,gb_eoh_2122r3,HP_Peak,CatBoost,size_peak,netfit,direct,log,p0.5|n40,r2,-92738.84853114255,2,28,q_arm2,catboost
iter05b_arm2,0,gb_eoh_2122r3,HP_Peak,CatBoost,size_peak,netfit,direct,log,p0.5|n40,n_pred_nan,0.0,2,28,q_arm2,catboost
iter05b_arm2,0,gb_eoh_2122r3,HP_Peak,CatBoost,size_peak,netfit,direct,log,p0.5|n40,mape_n_excluded,0.0,2,28,q_arm2,catboost
iter05b_arm2,0,gb_eoh_2122r3,HP_Peak,CatBoost,size_peak,netfit,residual,log,all,wape,18.949235847747595,30,58,q_arm2,catboost
iter05b_arm2,0,gb_eoh_2122r3,HP_Peak,CatBoost,size_peak,netfit,residual,log,all,rmse,3.7002480154416157,30,58,q_arm2,catboost
iter05b_arm2,0,gb_eoh_2122r3,HP_Peak,CatBoost,size_peak,netfit,residual,log,all,mae,2.3471306878014664,30,58,q_arm2,catboost
iter05b_arm2,0,gb_eoh_2122r3,HP_Peak,CatBoost,size_peak,netfit,residual,log,all,mape,28.618563669135472,30,58,q_arm2,catboost
iter05b_arm2,0,gb_eoh_2122r3,HP_Peak,CatBoost,size_peak,netfit,residual,log,all,r2,0.9535722238134725,30,58,q_arm2,catboost
iter05b_arm2,0,gb_eoh_2122r3,HP_Peak,CatBoost,size_peak,netfit,residual,log,all,n_pred_nan,0.0,30,58,q_arm2,catboost
iter05b_arm2,0,gb_eoh_2122r3,HP_Peak,CatBoost,size_peak,netfit,residual,log,all,mape_n_excluded,0.0,30,58,q_arm2,catboost
iter05b_arm2,0,gb_eoh_2122r3,HP_Peak,CatBoost,size_peak,netfit,residual,log,all,n_invalid,0.0,30,58,q_arm2,catboost
iter05b_arm2,0,gb_eoh_2122r3,HP_Peak,CatBoost,size_peak,netfit,residual,log,all,n_resid_excluded_train,0.0,30,58,q_arm2,catboost
iter05b_arm2,0,gb_eoh_2122r3,HP_Peak,CatBoost,size_peak,netfit,residual,log,all,n_resid_excluded_inner,0.0,30,58,q_arm2,catboost
iter05b_arm2,0,gb_eoh_2122r3,HP_Peak,CatBoost,size_peak,netfit,residual,log,all,wape_train,9.619409102628316,30,58,q_arm2,catboost
iter05b_arm2,0,gb_eoh_2122r3,HP_Peak,CatBoost,size_peak,netfit,residual,log,all,wape_inner,21.839377216273792,30,58,q_arm2,catboost
iter05b_arm2,0,gb_eoh_2122r3,HP_Peak,CatBoost,size_peak,netfit,residual,log,all,n_train_sub,111.0,30,58,q_arm2,catboost
iter05b_arm2,0,gb_eoh_2122r3,HP_Peak,CatBoost,size_peak,netfit,residual,log,all,n_inner_sub,90.0,30,58,q_arm2,catboost
iter05b_arm2,0,gb_eoh_2122r3,HP_Peak,CatBoost,size_peak,netfit,residual,log,all,n_test_sub,30.0,30,58,q_arm2,catboost
iter05b_arm2,0,gb_eoh_2122r3,HP_Peak,CatBoost,size_peak,netfit,residual,log,all,n_overlap_sub,0.0,30,58,q_arm2,catboost
iter05b_arm2,0,gb_eoh_2122r3,HP_Peak,CatBoost,size_peak,netfit,residual,log,pbin<=15,wape,33.463481788188794,22,34,q_arm2,catboost
iter05b_arm2,0,gb_eoh_2122r3,HP_Peak,CatBoost,size_peak,netfit,residual,log,pbin<=15,rmse,3.572696238339641,22,34,q_arm2,catboost
iter05b_arm2,0,gb_eoh_2122r3,HP_Peak,CatBoost,size_peak,netfit,residual,log,pbin<=15,mae,1.9159519517366255,22,34,q_arm2,catboost
iter05b_arm2,0,gb_eoh_2122r3,HP_Peak,CatBoost,size_peak,netfit,residual,log,pbin<=15,mape,33.82489044370384,22,34,q_arm2,catboost
iter05b_arm2,0,gb_eoh_2122r3,HP_Peak,CatBoost,size_peak,netfit,residual,log,pbin<=15,r2,0.23618706953773627,22,34,q_arm2,catboost
iter05b_arm2,0,gb_eoh_2122r3,HP_Peak,CatBoost,size_peak,netfit,residual,log,pbin<=15,n_pred_nan,0.0,22,34,q_arm2,catboost
iter05b_arm2,0,gb_eoh_2122r3,HP_Peak,CatBoost,size_peak,netfit,residual,log,pbin<=15,mape_n_excluded,0.0,22,34,q_arm2,catboost
iter05b_arm2,0,gb_eoh_2122r3,HP_Peak,CatBoost,size_peak,netfit,residual,log,pbin35-65,wape,11.506256837649794,8,43,q_arm2,catboost
iter05b_arm2,0,gb_eoh_2122r3,HP_Peak,CatBoost,size_peak,netfit,residual,log,pbin35-65,rmse,4.030253965657308,8,43,q_arm2,catboost
iter05b_arm2,0,gb_eoh_2122r3,HP_Peak,CatBoost,size_peak,netfit,residual,log,pbin35-65,mae,3.5328722119797766,8,43,q_arm2,catboost
iter05b_arm2,0,gb_eoh_2122r3,HP_Peak,CatBoost,size_peak,netfit,residual,log,pbin35-65,mape,14.301165039072455,8,43,q_arm2,catboost
iter05b_arm2,0,gb_eoh_2122r3,HP_Peak,CatBoost,size_peak,netfit,residual,log,pbin35-65,r2,0.9730362736988548,8,43,q_arm2,catboost
iter05b_arm2,0,gb_eoh_2122r3,HP_Peak,CatBoost,size_peak,netfit,residual,log,pbin35-65,n_pred_nan,0.0,8,43,q_arm2,catboost
iter05b_arm2,0,gb_eoh_2122r3,HP_Peak,CatBoost,size_peak,netfit,residual,log,pbin35-65,mape_n_excluded,0.0,8,43,q_arm2,catboost
iter05b_arm2,0,gb_eoh_2122r3,HP_Peak,CatBoost,size_peak,netfit,residual,log,p0.1|n10,wape,32.18057685016249,16,15,q_arm2,catboost
iter05b_arm2,0,gb_eoh_2122r3,HP_Peak,CatBoost,size_peak,netfit,residual,log,p0.1|n10,rmse,1.4314449542734948,16,15,q_arm2,catboost
iter05b_arm2,0,gb_eoh_2122r3,HP_Peak,CatBoost,size_peak,netfit,residual,log,p0.1|n10,mae,1.0587096387292256,16,15,q_arm2,catboost
iter05b_arm2,0,gb_eoh_2122r3,HP_Peak,CatBoost,size_peak,netfit,residual,log,p0.1|n10,mape,32.634781780826415,16,15,q_arm2,catboost
iter05b_arm2,0,gb_eoh_2122r3,HP_Peak,CatBoost,size_peak,netfit,residual,log,p0.1|n10,r2,-2.2100514593988154,16,15,q_arm2,catboost
iter05b_arm2,0,gb_eoh_2122r3,HP_Peak,CatBoost,size_peak,netfit,residual,log,p0.1|n10,n_pred_nan,0.0,16,15,q_arm2,catboost
iter05b_arm2,0,gb_eoh_2122r3,HP_Peak,CatBoost,size_peak,netfit,residual,log,p0.1|n10,mape_n_excluded,0.0,16,15,q_arm2,catboost
iter05b_arm2,0,gb_eoh_2122r3,HP_Peak,CatBoost,size_peak,netfit,residual,log,p0.1|n40,wape,34.38448209578509,6,22,q_arm2,catboost
iter05b_arm2,0,gb_eoh_2122r3,HP_Peak,CatBoost,size_peak,netfit,residual,log,p0.1|n40,rmse,6.429449568690103,6,22,q_arm2,catboost
iter05b_arm2,0,gb_eoh_2122r3,HP_Peak,CatBoost,size_peak,netfit,residual,log,p0.1|n40,mae,4.201931453089692,6,22,q_arm2,catboost
iter05b_arm2,0,gb_eoh_2122r3,HP_Peak,CatBoost,size_peak,netfit,residual,log,p0.1|n40,mape,36.998513544710306,6,22,q_arm2,catboost
iter05b_arm2,0,gb_eoh_2122r3,HP_Peak,CatBoost,size_peak,netfit,residual,log,p0.1|n40,r2,-25.351072849199234,6,22,q_arm2,catboost
iter05b_arm2,0,gb_eoh_2122r3,HP_Peak,CatBoost,size_peak,netfit,residual,log,p0.1|n40,n_pred_nan,0.0,6,22,q_arm2,catboost
iter05b_arm2,0,gb_eoh_2122r3,HP_Peak,CatBoost,size_peak,netfit,residual,log,p0.1|n40,mape_n_excluded,0.0,6,22,q_arm2,catboost
iter05b_arm2,0,gb_eoh_2122r3,HP_Peak,CatBoost,size_peak,netfit,residual,log,p0.5|n10,wape,16.58557157770998,6,24,q_arm2,catboost
iter05b_arm2,0,gb_eoh_2122r3,HP_Peak,CatBoost,size_peak,netfit,residual,log,p0.5|n10,rmse,3.0632296015049514,6,24,q_arm2,catboost
iter05b_arm2,0,gb_eoh_2122r3,HP_Peak,CatBoost,size_peak,netfit,residual,log,p0.5|n10,mae,2.7486414424450767,6,24,q_arm2,catboost
iter05b_arm2,0,gb_eoh_2122r3,HP_Peak,CatBoost,size_peak,netfit,residual,log,p0.5|n10,mape,16.384549322026913,6,24,q_arm2,catboost
iter05b_arm2,0,gb_eoh_2122r3,HP_Peak,CatBoost,size_peak,netfit,residual,log,p0.5|n10,r2,-1.1278961057321761,6,24,q_arm2,catboost
iter05b_arm2,0,gb_eoh_2122r3,HP_Peak,CatBoost,size_peak,netfit,residual,log,p0.5|n10,n_pred_nan,0.0,6,24,q_arm2,catboost
iter05b_arm2,0,gb_eoh_2122r3,HP_Peak,CatBoost,size_peak,netfit,residual,log,p0.5|n10,mape_n_excluded,0.0,6,24,q_arm2,catboost
iter05b_arm2,0,gb_eoh_2122r3,HP_Peak,CatBoost,size_peak,netfit,residual,log,p0.5|n40,wape,8.051582304598877,2,28,q_arm2,catboost
iter05b_arm2,0,gb_eoh_2122r3,HP_Peak,CatBoost,size_peak,netfit,residual,log,p0.5|n40,rmse,6.068085475351948,2,28,q_arm2,catboost
iter05b_arm2,0,gb_eoh_2122r3,HP_Peak,CatBoost,size_peak,netfit,residual,log,p0.5|n40,mae,5.885564520583877,2,28,q_arm2,catboost
iter05b_arm2,0,gb_eoh_2122r3,HP_Peak,CatBoost,size_peak,netfit,residual,log,p0.5|n40,mape,8.051012190209084,2,28,q_arm2,catboost
iter05b_arm2,0,gb_eoh_2122r3,HP_Peak,CatBoost,size_peak,netfit,residual,log,p0.5|n40,r2,-86373.796740889,2,28,q_arm2,catboost
iter05b_arm2,0,gb_eoh_2122r3,HP_Peak,CatBoost,size_peak,netfit,residual,log,p0.5|n40,n_pred_nan,0.0,2,28,q_arm2,catboost
iter05b_arm2,0,gb_eoh_2122r3,HP_Peak,CatBoost,size_peak,netfit,residual,log,p0.5|n40,mape_n_excluded,0.0,2,28,q_arm2,catboost
iter05b_arm2,0,gb_eoh_2122r3,HP_Peak,CatBoost,size_peak,both,direct,log,all,wape,23.89252823232278,30,58,q_arm2,catboost
iter05b_arm2,0,gb_eoh_2122r3,HP_Peak,CatBoost,size_peak,both,direct,log,all,rmse,5.028924347928906,30,58,q_arm2,catboost
iter05b_arm2,0,gb_eoh_2122r3,HP_Peak,CatBoost,size_peak,both,direct,log,all,mae,2.959427318010481,30,58,q_arm2,catboost
iter05b_arm2,0,gb_eoh_2122r3,HP_Peak,CatBoost,size_peak,both,direct,log,all,mape,35.43871145046195,30,58,q_arm2,catboost
iter05b_arm2,0,gb_eoh_2122r3,HP_Peak,CatBoost,size_peak,both,direct,log,all,r2,0.9142436243011769,30,58,q_arm2,catboost
iter05b_arm2,0,gb_eoh_2122r3,HP_Peak,CatBoost,size_peak,both,direct,log,all,n_pred_nan,0.0,30,58,q_arm2,catboost
iter05b_arm2,0,gb_eoh_2122r3,HP_Peak,CatBoost,size_peak,both,direct,log,all,mape_n_excluded,0.0,30,58,q_arm2,catboost
iter05b_arm2,0,gb_eoh_2122r3,HP_Peak,CatBoost,size_peak,both,direct,log,all,wape_train,5.3413422823408645,30,58,q_arm2,catboost
iter05b_arm2,0,gb_eoh_2122r3,HP_Peak,CatBoost,size_peak,both,direct,log,all,wape_inner,22.442979823981346,30,58,q_arm2,catboost
iter05b_arm2,0,gb_eoh_2122r3,HP_Peak,CatBoost,size_peak,both,direct,log,all,n_train_sub,111.0,30,58,q_arm2,catboost
iter05b_arm2,0,gb_eoh_2122r3,HP_Peak,CatBoost,size_peak,both,direct,log,all,n_inner_sub,90.0,30,58,q_arm2,catboost
iter05b_arm2,0,gb_eoh_2122r3,HP_Peak,CatBoost,size_peak,both,direct,log,all,n_test_sub,30.0,30,58,q_arm2,catboost
iter05b_arm2,0,gb_eoh_2122r3,HP_Peak,CatBoost,size_peak,both,direct,log,all,n_overlap_sub,0.0,30,58,q_arm2,catboost
iter05b_arm2,0,gb_eoh_2122r3,HP_Peak,CatBoost,size_peak,both,direct,log,pbin<=15,wape,30.831599725810232,22,34,q_arm2,catboost
iter05b_arm2,0,gb_eoh_2122r3,HP_Peak,CatBoost,size_peak,both,direct,log,pbin<=15,rmse,2.5959143264811497,22,34,q_arm2,catboost
iter05b_arm2,0,gb_eoh_2122r3,HP_Peak,CatBoost,size_peak,both,direct,log,pbin<=15,mae,1.7652635205066565,22,34,q_arm2,catboost
iter05b_arm2,0,gb_eoh_2122r3,HP_Peak,CatBoost,size_peak,both,direct,log,pbin<=15,mape,41.27841676994492,22,34,q_arm2,catboost
iter05b_arm2,0,gb_eoh_2122r3,HP_Peak,CatBoost,size_peak,both,direct,log,pbin<=15,r2,0.5967489273666976,22,34,q_arm2,catboost
iter05b_arm2,0,gb_eoh_2122r3,HP_Peak,CatBoost,size_peak,both,direct,log,pbin<=15,n_pred_nan,0.0,22,34,q_arm2,catboost
iter05b_arm2,0,gb_eoh_2122r3,HP_Peak,CatBoost,size_peak,both,direct,log,pbin<=15,mape_n_excluded,0.0,22,34,q_arm2,catboost
iter05b_arm2,0,gb_eoh_2122r3,HP_Peak,CatBoost,size_peak,both,direct,log,pbin35-65,wape,20.33413713935601,8,43,q_arm2,catboost
iter05b_arm2,0,gb_eoh_2122r3,HP_Peak,CatBoost,size_peak,both,direct,log,pbin35-65,rmse,8.735340839989469,8,43,q_arm2,catboost
iter05b_arm2,0,gb_eoh_2122r3,HP_Peak,CatBoost,size_peak,both,direct,log,pbin35-65,mae,6.2433777611459975,8,43,q_arm2,catboost
iter05b_arm2,0,gb_eoh_2122r3,HP_Peak,CatBoost,size_peak,both,direct,log,pbin35-65,mape,19.379521821883838,8,43,q_arm2,catboost
iter05b_arm2,0,gb_eoh_2122r3,HP_Peak,CatBoost,size_peak,both,direct,log,pbin35-65,r2,0.8733297019276295,8,43,q_arm2,catboost
iter05b_arm2,0,gb_eoh_2122r3,HP_Peak,CatBoost,size_peak,both,direct,log,pbin35-65,n_pred_nan,0.0,8,43,q_arm2,catboost
iter05b_arm2,0,gb_eoh_2122r3,HP_Peak,CatBoost,size_peak,both,direct,log,pbin35-65,mape_n_excluded,0.0,8,43,q_arm2,catboost
iter05b_arm2,0,gb_eoh_2122r3,HP_Peak,CatBoost,size_peak,both,direct,log,p0.1|n10,wape,43.38279465417288,16,15,q_arm2,catboost
iter05b_arm2,0,gb_eoh_2122r3,HP_Peak,CatBoost,size_peak,both,direct,log,p0.1|n10,rmse,2.058527206566186,16,15,q_arm2,catboost
iter05b_arm2,0,gb_eoh_2122r3,HP_Peak,CatBoost,size_peak,both,direct,log,p0.1|n10,mae,1.427251694997246,16,15,q_arm2,catboost
iter05b_arm2,0,gb_eoh_2122r3,HP_Peak,CatBoost,size_peak,both,direct,log,p0.1|n10,mape,47.83181580740952,16,15,q_arm2,catboost
iter05b_arm2,0,gb_eoh_2122r3,HP_Peak,CatBoost,size_peak,both,direct,log,p0.1|n10,r2,-5.6385910013222675,16,15,q_arm2,catboost
iter05b_arm2,0,gb_eoh_2122r3,HP_Peak,CatBoost,size_peak,both,direct,log,p0.1|n10,n_pred_nan,0.0,16,15,q_arm2,catboost
iter05b_arm2,0,gb_eoh_2122r3,HP_Peak,CatBoost,size_peak,both,direct,log,p0.1|n10,mape_n_excluded,0.0,16,15,q_arm2,catboost
iter05b_arm2,0,gb_eoh_2122r3,HP_Peak,CatBoost,size_peak,both,direct,log,p0.1|n40,wape,21.82106897868642,6,22,q_arm2,catboost
iter05b_arm2,0,gb_eoh_2122r3,HP_Peak,CatBoost,size_peak,both,direct,log,p0.1|n40,rmse,3.6617941419175652,6,22,q_arm2,catboost
iter05b_arm2,0,gb_eoh_2122r3,HP_Peak,CatBoost,size_peak,both,direct,log,p0.1|n40,mae,2.666628388531751,6,22,q_arm2,catboost
iter05b_arm2,0,gb_eoh_2122r3,HP_Peak,CatBoost,size_peak,both,direct,log,p0.1|n40,mape,23.802686003372663,6,22,q_arm2,catboost
iter05b_arm2,0,gb_eoh_2122r3,HP_Peak,CatBoost,size_peak,both,direct,log,p0.1|n40,r2,-7.5474892735124115,6,22,q_arm2,catboost
iter05b_arm2,0,gb_eoh_2122r3,HP_Peak,CatBoost,size_peak,both,direct,log,p0.1|n40,n_pred_nan,0.0,6,22,q_arm2,catboost
iter05b_arm2,0,gb_eoh_2122r3,HP_Peak,CatBoost,size_peak,both,direct,log,p0.1|n40,mape_n_excluded,0.0,6,22,q_arm2,catboost
iter05b_arm2,0,gb_eoh_2122r3,HP_Peak,CatBoost,size_peak,both,direct,log,p0.5|n10,wape,18.197004264682757,6,24,q_arm2,catboost
iter05b_arm2,0,gb_eoh_2122r3,HP_Peak,CatBoost,size_peak,both,direct,log,p0.5|n10,rmse,3.5316672112047933,6,24,q_arm2,catboost
iter05b_arm2,0,gb_eoh_2122r3,HP_Peak,CatBoost,size_peak,both,direct,log,p0.5|n10,mae,3.015695890606311,6,24,q_arm2,catboost
iter05b_arm2,0,gb_eoh_2122r3,HP_Peak,CatBoost,size_peak,both,direct,log,p0.5|n10,mape,18.577280101372985,6,24,q_arm2,catboost
iter05b_arm2,0,gb_eoh_2122r3,HP_Peak,CatBoost,size_peak,both,direct,log,p0.5|n10,r2,-1.8284653709575291,6,24,q_arm2,catboost
iter05b_arm2,0,gb_eoh_2122r3,HP_Peak,CatBoost,size_peak,both,direct,log,p0.5|n10,n_pred_nan,0.0,6,24,q_arm2,catboost
iter05b_arm2,0,gb_eoh_2122r3,HP_Peak,CatBoost,size_peak,both,direct,log,p0.5|n10,mape_n_excluded,0.0,6,24,q_arm2,catboost
iter05b_arm2,0,gb_eoh_2122r3,HP_Peak,CatBoost,size_peak,both,direct,log,p0.5|n40,wape,21.7876990652689,2,28,q_arm2,catboost
iter05b_arm2,0,gb_eoh_2122r3,HP_Peak,CatBoost,size_peak,both,direct,log,p0.5|n40,rmse,16.364800594295506,2,28,q_arm2,catboost
iter05b_arm2,0,gb_eoh_2122r3,HP_Peak,CatBoost,size_peak,both,direct,log,p0.5|n40,mae,15.926423372765058,2,28,q_arm2,catboost
iter05b_arm2,0,gb_eoh_2122r3,HP_Peak,CatBoost,size_peak,both,direct,log,p0.5|n40,mape,21.786246983416394,2,28,q_arm2,catboost
iter05b_arm2,0,gb_eoh_2122r3,HP_Peak,CatBoost,size_peak,both,direct,log,p0.5|n40,r2,-628209.3606576393,2,28,q_arm2,catboost
iter05b_arm2,0,gb_eoh_2122r3,HP_Peak,CatBoost,size_peak,both,direct,log,p0.5|n40,n_pred_nan,0.0,2,28,q_arm2,catboost
iter05b_arm2,0,gb_eoh_2122r3,HP_Peak,CatBoost,size_peak,both,direct,log,p0.5|n40,mape_n_excluded,0.0,2,28,q_arm2,catboost
iter05b_arm2,0,gb_eoh_2122r3,HP_Peak,CatBoost,size_peak,both,residual,log,all,wape,22.4997794005892,30,58,q_arm2,catboost
iter05b_arm2,0,gb_eoh_2122r3,HP_Peak,CatBoost,size_peak,both,residual,log,all,rmse,4.294667699242124,30,58,q_arm2,catboost
iter05b_arm2,0,gb_eoh_2122r3,HP_Peak,CatBoost,size_peak,both,residual,log,all,mae,2.7869156901207424,30,58,q_arm2,catboost
iter05b_arm2,0,gb_eoh_2122r3,HP_Peak,CatBoost,size_peak,both,residual,log,all,mape,32.72859634460319,30,58,q_arm2,catboost
iter05b_arm2,0,gb_eoh_2122r3,HP_Peak,CatBoost,size_peak,both,residual,log,all,r2,0.9374574844614455,30,58,q_arm2,catboost
iter05b_arm2,0,gb_eoh_2122r3,HP_Peak,CatBoost,size_peak,both,residual,log,all,n_pred_nan,0.0,30,58,q_arm2,catboost
iter05b_arm2,0,gb_eoh_2122r3,HP_Peak,CatBoost,size_peak,both,residual,log,all,mape_n_excluded,0.0,30,58,q_arm2,catboost
iter05b_arm2,0,gb_eoh_2122r3,HP_Peak,CatBoost,size_peak,both,residual,log,all,n_invalid,0.0,30,58,q_arm2,catboost
iter05b_arm2,0,gb_eoh_2122r3,HP_Peak,CatBoost,size_peak,both,residual,log,all,n_resid_excluded_train,0.0,30,58,q_arm2,catboost
iter05b_arm2,0,gb_eoh_2122r3,HP_Peak,CatBoost,size_peak,both,residual,log,all,n_resid_excluded_inner,0.0,30,58,q_arm2,catboost
iter05b_arm2,0,gb_eoh_2122r3,HP_Peak,CatBoost,size_peak,both,residual,log,all,wape_train,12.617795681898187,30,58,q_arm2,catboost
iter05b_arm2,0,gb_eoh_2122r3,HP_Peak,CatBoost,size_peak,both,residual,log,all,wape_inner,27.31131403860431,30,58,q_arm2,catboost
iter05b_arm2,0,gb_eoh_2122r3,HP_Peak,CatBoost,size_peak,both,residual,log,all,n_train_sub,111.0,30,58,q_arm2,catboost
iter05b_arm2,0,gb_eoh_2122r3,HP_Peak,CatBoost,size_peak,both,residual,log,all,n_inner_sub,90.0,30,58,q_arm2,catboost
iter05b_arm2,0,gb_eoh_2122r3,HP_Peak,CatBoost,size_peak,both,residual,log,all,n_test_sub,30.0,30,58,q_arm2,catboost
iter05b_arm2,0,gb_eoh_2122r3,HP_Peak,CatBoost,size_peak,both,residual,log,all,n_overlap_sub,0.0,30,58,q_arm2,catboost
iter05b_arm2,0,gb_eoh_2122r3,HP_Peak,CatBoost,size_peak,both,residual,log,pbin<=15,wape,36.46473382364727,22,34,q_arm2,catboost
iter05b_arm2,0,gb_eoh_2122r3,HP_Peak,CatBoost,size_peak,both,residual,log,pbin<=15,rmse,3.3017005183597337,22,34,q_arm2,catboost
iter05b_arm2,0,gb_eoh_2122r3,HP_Peak,CatBoost,size_peak,both,residual,log,pbin<=15,mae,2.087788664108253,22,34,q_arm2,catboost
iter05b_arm2,0,gb_eoh_2122r3,HP_Peak,CatBoost,size_peak,both,residual,log,pbin<=15,mape,38.099570016967675,22,34,q_arm2,catboost
iter05b_arm2,0,gb_eoh_2122r3,HP_Peak,CatBoost,size_peak,both,residual,log,pbin<=15,r2,0.3476657569331062,22,34,q_arm2,catboost
iter05b_arm2,0,gb_eoh_2122r3,HP_Peak,CatBoost,size_peak,both,residual,log,pbin<=15,n_pred_nan,0.0,22,34,q_arm2,catboost
iter05b_arm2,0,gb_eoh_2122r3,HP_Peak,CatBoost,size_peak,both,residual,log,pbin<=15,mape_n_excluded,0.0,22,34,q_arm2,catboost
iter05b_arm2,0,gb_eoh_2122r3,HP_Peak,CatBoost,size_peak,both,residual,log,pbin35-65,wape,15.338479869472529,8,43,q_arm2,catboost
iter05b_arm2,0,gb_eoh_2122r3,HP_Peak,CatBoost,size_peak,both,residual,log,pbin35-65,rmse,6.259973447655317,8,43,q_arm2,catboost
iter05b_arm2,0,gb_eoh_2122r3,HP_Peak,CatBoost,size_peak,both,residual,log,pbin35-65,mae,4.709515011655086,8,43,q_arm2,catboost
iter05b_arm2,0,gb_eoh_2122r3,HP_Peak,CatBoost,size_peak,both,residual,log,pbin35-65,mape,17.958418745600866,8,43,q_arm2,catboost
iter05b_arm2,0,gb_eoh_2122r3,HP_Peak,CatBoost,size_peak,both,residual,log,pbin35-65,r2,0.9349480882182204,8,43,q_arm2,catboost
iter05b_arm2,0,gb_eoh_2122r3,HP_Peak,CatBoost,size_peak,both,residual,log,pbin35-65,n_pred_nan,0.0,8,43,q_arm2,catboost
iter05b_arm2,0,gb_eoh_2122r3,HP_Peak,CatBoost,size_peak,both,residual,log,pbin35-65,mape_n_excluded,0.0,8,43,q_arm2,catboost
iter05b_arm2,0,gb_eoh_2122r3,HP_Peak,CatBoost,size_peak,both,residual,log,p0.1|n10,wape,39.28365646320227,16,15,q_arm2,catboost
iter05b_arm2,0,gb_eoh_2122r3,HP_Peak,CatBoost,size_peak,both,residual,log,p0.1|n10,rmse,1.858635048213362,16,15,q_arm2,catboost
iter05b_arm2,0,gb_eoh_2122r3,HP_Peak,CatBoost,size_peak,both,residual,log,p0.1|n10,mae,1.2923940405347296,16,15,q_arm2,catboost
iter05b_arm2,0,gb_eoh_2122r3,HP_Peak,CatBoost,size_peak,both,residual,log,p0.1|n10,mape,38.976931146394136,16,15,q_arm2,catboost
iter05b_arm2,0,gb_eoh_2122r3,HP_Peak,CatBoost,size_peak,both,residual,log,p0.1|n10,r2,-4.411914604513801,16,15,q_arm2,catboost
iter05b_arm2,0,gb_eoh_2122r3,HP_Peak,CatBoost,size_peak,both,residual,log,p0.1|n10,n_pred_nan,0.0,16,15,q_arm2,catboost
iter05b_arm2,0,gb_eoh_2122r3,HP_Peak,CatBoost,size_peak,both,residual,log,p0.1|n10,mape_n_excluded,0.0,16,15,q_arm2,catboost
iter05b_arm2,0,gb_eoh_2122r3,HP_Peak,CatBoost,size_peak,both,residual,log,p0.1|n40,wape,34.44102299273063,6,22,q_arm2,catboost
iter05b_arm2,0,gb_eoh_2122r3,HP_Peak,CatBoost,size_peak,both,residual,log,p0.1|n40,rmse,5.546088576727733,6,22,q_arm2,catboost
iter05b_arm2,0,gb_eoh_2122r3,HP_Peak,CatBoost,size_peak,both,residual,log,p0.1|n40,mae,4.208840993637651,6,22,q_arm2,catboost
iter05b_arm2,0,gb_eoh_2122r3,HP_Peak,CatBoost,size_peak,both,residual,log,p0.1|n40,mape,35.75994033849712,6,22,q_arm2,catboost
iter05b_arm2,0,gb_eoh_2122r3,HP_Peak,CatBoost,size_peak,both,residual,log,p0.1|n40,r2,-18.607594472465575,6,22,q_arm2,catboost
iter05b_arm2,0,gb_eoh_2122r3,HP_Peak,CatBoost,size_peak,both,residual,log,p0.1|n40,n_pred_nan,0.0,6,22,q_arm2,catboost
iter05b_arm2,0,gb_eoh_2122r3,HP_Peak,CatBoost,size_peak,both,residual,log,p0.1|n40,mape_n_excluded,0.0,6,22,q_arm2,catboost
iter05b_arm2,0,gb_eoh_2122r3,HP_Peak,CatBoost,size_peak,both,residual,log,p0.5|n10,wape,19.438211126003754,6,24,q_arm2,catboost
iter05b_arm2,0,gb_eoh_2122r3,HP_Peak,CatBoost,size_peak,both,residual,log,p0.5|n10,rmse,3.5001697141673005,6,24,q_arm2,catboost
iter05b_arm2,0,gb_eoh_2122r3,HP_Peak,CatBoost,size_peak,both,residual,log,p0.5|n10,mae,3.221394717546897,6,24,q_arm2,catboost
iter05b_arm2,0,gb_eoh_2122r3,HP_Peak,CatBoost,size_peak,both,residual,log,p0.5|n10,mape,19.761974066440683,6,24,q_arm2,catboost
iter05b_arm2,0,gb_eoh_2122r3,HP_Peak,CatBoost,size_peak,both,residual,log,p0.5|n10,r2,-1.7782384964780733,6,24,q_arm2,catboost
iter05b_arm2,0,gb_eoh_2122r3,HP_Peak,CatBoost,size_peak,both,residual,log,p0.5|n10,n_pred_nan,0.0,6,24,q_arm2,catboost
iter05b_arm2,0,gb_eoh_2122r3,HP_Peak,CatBoost,size_peak,both,residual,log,p0.5|n10,mape_n_excluded,0.0,6,24,q_arm2,catboost
iter05b_arm2,0,gb_eoh_2122r3,HP_Peak,CatBoost,size_peak,both,residual,log,p0.5|n40,wape,12.550064918025077,2,28,q_arm2,catboost
iter05b_arm2,0,gb_eoh_2122r3,HP_Peak,CatBoost,size_peak,both,residual,log,p0.5|n40,rmse,10.954246034185847,2,28,q_arm2,catboost
iter05b_arm2,0,gb_eoh_2122r3,HP_Peak,CatBoost,size_peak,both,residual,log,p0.5|n40,mae,9.173875893979655,2,28,q_arm2,catboost
iter05b_arm2,0,gb_eoh_2122r3,HP_Peak,CatBoost,size_peak,both,residual,log,p0.5|n40,mape,12.547752783081418,2,28,q_arm2,catboost
iter05b_arm2,0,gb_eoh_2122r3,HP_Peak,CatBoost,size_peak,both,residual,log,p0.5|n40,r2,-281479.71216212085,2,28,q_arm2,catboost
iter05b_arm2,0,gb_eoh_2122r3,HP_Peak,CatBoost,size_peak,both,residual,log,p0.5|n40,n_pred_nan,0.0,2,28,q_arm2,catboost
iter05b_arm2,0,gb_eoh_2122r3,HP_Peak,CatBoost,size_peak,both,residual,log,p0.5|n40,mape_n_excluded,0.0,2,28,q_arm2,catboost
iter05b_arm2,0,gb_eoh_2122r3,HP_Peak,FFNN,size,netfit,direct,log,all,wape,22.67556325962669,30,58,q_arm2,neural
iter05b_arm2,0,gb_eoh_2122r3,HP_Peak,FFNN,size,netfit,direct,log,all,rmse,4.780455106475827,30,58,q_arm2,neural
iter05b_arm2,0,gb_eoh_2122r3,HP_Peak,FFNN,size,netfit,direct,log,all,mae,2.8086890055875027,30,58,q_arm2,neural
iter05b_arm2,0,gb_eoh_2122r3,HP_Peak,FFNN,size,netfit,direct,log,all,mape,30.160127048889436,30,58,q_arm2,neural
iter05b_arm2,0,gb_eoh_2122r3,HP_Peak,FFNN,size,netfit,direct,log,all,r2,0.9225083868804437,30,58,q_arm2,neural
iter05b_arm2,0,gb_eoh_2122r3,HP_Peak,FFNN,size,netfit,direct,log,all,n_pred_nan,0.0,30,58,q_arm2,neural
iter05b_arm2,0,gb_eoh_2122r3,HP_Peak,FFNN,size,netfit,direct,log,all,mape_n_excluded,0.0,30,58,q_arm2,neural
iter05b_arm2,0,gb_eoh_2122r3,HP_Peak,FFNN,size,netfit,direct,log,all,wape_train,11.07859069320113,30,58,q_arm2,neural
iter05b_arm2,0,gb_eoh_2122r3,HP_Peak,FFNN,size,netfit,direct,log,all,wape_inner,27.377823906187125,30,58,q_arm2,neural
iter05b_arm2,0,gb_eoh_2122r3,HP_Peak,FFNN,size,netfit,direct,log,all,n_train_sub,111.0,30,58,q_arm2,neural
iter05b_arm2,0,gb_eoh_2122r3,HP_Peak,FFNN,size,netfit,direct,log,all,n_inner_sub,90.0,30,58,q_arm2,neural
iter05b_arm2,0,gb_eoh_2122r3,HP_Peak,FFNN,size,netfit,direct,log,all,n_test_sub,30.0,30,58,q_arm2,neural
iter05b_arm2,0,gb_eoh_2122r3,HP_Peak,FFNN,size,netfit,direct,log,all,n_overlap_sub,0.0,30,58,q_arm2,neural
iter05b_arm2,0,gb_eoh_2122r3,HP_Peak,FFNN,size,netfit,direct,log,pbin<=15,wape,26.02315980219582,22,34,q_arm2,neural
iter05b_arm2,0,gb_eoh_2122r3,HP_Peak,FFNN,size,netfit,direct,log,pbin<=15,rmse,2.0661121213407,22,34,q_arm2,neural
iter05b_arm2,0,gb_eoh_2122r3,HP_Peak,FFNN,size,netfit,direct,log,pbin<=15,mae,1.4899562492917091,22,34,q_arm2,neural
iter05b_arm2,0,gb_eoh_2122r3,HP_Peak,FFNN,size,netfit,direct,log,pbin<=15,mape,33.00896991319424,22,34,q_arm2,neural
iter05b_arm2,0,gb_eoh_2122r3,HP_Peak,FFNN,size,netfit,direct,log,pbin<=15,r2,0.7445519498835209,22,34,q_arm2,neural
iter05b_arm2,0,gb_eoh_2122r3,HP_Peak,FFNN,size,netfit,direct,log,pbin<=15,n_pred_nan,0.0,22,34,q_arm2,neural
iter05b_arm2,0,gb_eoh_2122r3,HP_Peak,FFNN,size,netfit,direct,log,pbin<=15,mape_n_excluded,0.0,22,34,q_arm2,neural
iter05b_arm2,0,gb_eoh_2122r3,HP_Peak,FFNN,size,netfit,direct,log,pbin35-65,wape,20.958898756154685,8,43,q_arm2,neural
iter05b_arm2,0,gb_eoh_2122r3,HP_Peak,FFNN,size,netfit,direct,log,pbin35-65,rmse,8.599916469042034,8,43,q_arm2,neural
iter05b_arm2,0,gb_eoh_2122r3,HP_Peak,FFNN,size,netfit,direct,log,pbin35-65,mae,6.435204085400934,8,43,q_arm2,neural
iter05b_arm2,0,gb_eoh_2122r3,HP_Peak,FFNN,size,netfit,direct,log,pbin35-65,mape,22.325809172051223,8,43,q_arm2,neural
iter05b_arm2,0,gb_eoh_2122r3,HP_Peak,FFNN,size,netfit,direct,log,pbin35-65,r2,0.8772268077732955,8,43,q_arm2,neural
iter05b_arm2,0,gb_eoh_2122r3,HP_Peak,FFNN,size,netfit,direct,log,pbin35-65,n_pred_nan,0.0,8,43,q_arm2,neural
iter05b_arm2,0,gb_eoh_2122r3,HP_Peak,FFNN,size,netfit,direct,log,pbin35-65,mape_n_excluded,0.0,8,43,q_arm2,neural
iter05b_arm2,0,gb_eoh_2122r3,HP_Peak,FFNN,size,netfit,direct,log,p0.1|n10,wape,34.119062514162415,16,15,q_arm2,neural
iter05b_arm2,0,gb_eoh_2122r3,HP_Peak,FFNN,size,netfit,direct,log,p0.1|n10,rmse,1.321775733772397,16,15,q_arm2,neural
iter05b_arm2,0,gb_eoh_2122r3,HP_Peak,FFNN,size,netfit,direct,log,p0.1|n10,mae,1.1224839292452384,16,15,q_arm2,neural
iter05b_arm2,0,gb_eoh_2122r3,HP_Peak,FFNN,size,netfit,direct,log,p0.1|n10,mape,37.19063964797814,16,15,q_arm2,neural
iter05b_arm2,0,gb_eoh_2122r3,HP_Peak,FFNN,size,netfit,direct,log,p0.1|n10,r2,-1.7370216921093204,16,15,q_arm2,neural
iter05b_arm2,0,gb_eoh_2122r3,HP_Peak,FFNN,size,netfit,direct,log,p0.1|n10,n_pred_nan,0.0,16,15,q_arm2,neural
iter05b_arm2,0,gb_eoh_2122r3,HP_Peak,FFNN,size,netfit,direct,log,p0.1|n10,mape_n_excluded,0.0,16,15,q_arm2,neural
iter05b_arm2,0,gb_eoh_2122r3,HP_Peak,FFNN,size,netfit,direct,log,p0.1|n40,wape,20.21109324373194,6,22,q_arm2,neural
iter05b_arm2,0,gb_eoh_2122r3,HP_Peak,FFNN,size,netfit,direct,log,p0.1|n40,rmse,3.315633853646699,6,22,q_arm2,neural
iter05b_arm2,0,gb_eoh_2122r3,HP_Peak,FFNN,size,netfit,direct,log,p0.1|n40,mae,2.469882436082298,6,22,q_arm2,neural
iter05b_arm2,0,gb_eoh_2122r3,HP_Peak,FFNN,size,netfit,direct,log,p0.1|n40,mape,21.85785062043719,6,22,q_arm2,neural
iter05b_arm2,0,gb_eoh_2122r3,HP_Peak,FFNN,size,netfit,direct,log,p0.1|n40,r2,-6.0078346141102275,6,22,q_arm2,neural
iter05b_arm2,0,gb_eoh_2122r3,HP_Peak,FFNN,size,netfit,direct,log,p0.1|n40,n_pred_nan,0.0,6,22,q_arm2,neural
iter05b_arm2,0,gb_eoh_2122r3,HP_Peak,FFNN,size,netfit,direct,log,p0.1|n40,mape_n_excluded,0.0,6,22,q_arm2,neural
iter05b_arm2,0,gb_eoh_2122r3,HP_Peak,FFNN,size,netfit,direct,log,p0.5|n10,wape,22.17010488502751,6,24,q_arm2,neural
iter05b_arm2,0,gb_eoh_2122r3,HP_Peak,FFNN,size,netfit,direct,log,p0.5|n10,rmse,4.71507525340217,6,24,q_arm2,neural
iter05b_arm2,0,gb_eoh_2122r3,HP_Peak,FFNN,size,netfit,direct,log,p0.5|n10,mae,3.674137414247287,6,24,q_arm2,neural
iter05b_arm2,0,gb_eoh_2122r3,HP_Peak,FFNN,size,netfit,direct,log,p0.5|n10,mape,23.055588845593398,6,24,q_arm2,neural
iter05b_arm2,0,gb_eoh_2122r3,HP_Peak,FFNN,size,netfit,direct,log,p0.5|n10,r2,-4.041602213725882,6,24,q_arm2,neural
iter05b_arm2,0,gb_eoh_2122r3,HP_Peak,FFNN,size,netfit,direct,log,p0.5|n10,n_pred_nan,0.0,6,24,q_arm2,neural
iter05b_arm2,0,gb_eoh_2122r3,HP_Peak,FFNN,size,netfit,direct,log,p0.5|n10,mape_n_excluded,0.0,6,24,q_arm2,neural
iter05b_arm2,0,gb_eoh_2122r3,HP_Peak,FFNN,size,netfit,direct,log,p0.5|n40,wape,20.135102007610893,2,28,q_arm2,neural
iter05b_arm2,0,gb_eoh_2122r3,HP_Peak,FFNN,size,netfit,direct,log,p0.5|n40,rmse,15.13731974829973,2,28,q_arm2,neural
iter05b_arm2,0,gb_eoh_2122r3,HP_Peak,FFNN,size,netfit,direct,log,p0.5|n40,mae,14.718404098861875,2,28,q_arm2,neural
iter05b_arm2,0,gb_eoh_2122r3,HP_Peak,FFNN,size,netfit,direct,log,p0.5|n40,mape,20.13647015142469,2,28,q_arm2,neural
iter05b_arm2,0,gb_eoh_2122r3,HP_Peak,FFNN,size,netfit,direct,log,p0.5|n40,r2,-537502.9108424947,2,28,q_arm2,neural
iter05b_arm2,0,gb_eoh_2122r3,HP_Peak,FFNN,size,netfit,direct,log,p0.5|n40,n_pred_nan,0.0,2,28,q_arm2,neural
iter05b_arm2,0,gb_eoh_2122r3,HP_Peak,FFNN,size,netfit,direct,log,p0.5|n40,mape_n_excluded,0.0,2,28,q_arm2,neural
iter05b_arm2,0,gb_eoh_2122r3,HP_Peak,FFNN,size,netfit,residual,log,all,wape,19.869955053057694,30,58,q_arm2,neural
iter05b_arm2,0,gb_eoh_2122r3,HP_Peak,FFNN,size,netfit,residual,log,all,rmse,3.4362422391814316,30,58,q_arm2,neural
iter05b_arm2,0,gb_eoh_2122r3,HP_Peak,FFNN,size,netfit,residual,log,all,mae,2.461174774802916,30,58,q_arm2,neural
iter05b_arm2,0,gb_eoh_2122r3,HP_Peak,FFNN,size,netfit,residual,log,all,mape,29.05431664660027,30,58,q_arm2,neural
iter05b_arm2,0,gb_eoh_2122r3,HP_Peak,FFNN,size,netfit,residual,log,all,r2,0.9599609506526718,30,58,q_arm2,neural
iter05b_arm2,0,gb_eoh_2122r3,HP_Peak,FFNN,size,netfit,residual,log,all,n_pred_nan,0.0,30,58,q_arm2,neural
iter05b_arm2,0,gb_eoh_2122r3,HP_Peak,FFNN,size,netfit,residual,log,all,mape_n_excluded,0.0,30,58,q_arm2,neural
iter05b_arm2,0,gb_eoh_2122r3,HP_Peak,FFNN,size,netfit,residual,log,all,n_invalid,0.0,30,58,q_arm2,neural
iter05b_arm2,0,gb_eoh_2122r3,HP_Peak,FFNN,size,netfit,residual,log,all,n_resid_excluded_train,0.0,30,58,q_arm2,neural
iter05b_arm2,0,gb_eoh_2122r3,HP_Peak,FFNN,size,netfit,residual,log,all,n_resid_excluded_inner,0.0,30,58,q_arm2,neural
iter05b_arm2,0,gb_eoh_2122r3,HP_Peak,FFNN,size,netfit,residual,log,all,wape_train,19.574651764801736,30,58,q_arm2,neural
iter05b_arm2,0,gb_eoh_2122r3,HP_Peak,FFNN,size,netfit,residual,log,all,wape_inner,24.024071536523707,30,58,q_arm2,neural
iter05b_arm2,0,gb_eoh_2122r3,HP_Peak,FFNN,size,netfit,residual,log,all,n_train_sub,111.0,30,58,q_arm2,neural
iter05b_arm2,0,gb_eoh_2122r3,HP_Peak,FFNN,size,netfit,residual,log,all,n_inner_sub,90.0,30,58,q_arm2,neural
iter05b_arm2,0,gb_eoh_2122r3,HP_Peak,FFNN,size,netfit,residual,log,all,n_test_sub,30.0,30,58,q_arm2,neural
iter05b_arm2,0,gb_eoh_2122r3,HP_Peak,FFNN,size,netfit,residual,log,all,n_overlap_sub,0.0,30,58,q_arm2,neural
iter05b_arm2,0,gb_eoh_2122r3,HP_Peak,FFNN,size,netfit,residual,log,pbin<=15,wape,31.466455096257384,22,34,q_arm2,neural
iter05b_arm2,0,gb_eoh_2122r3,HP_Peak,FFNN,size,netfit,residual,log,pbin<=15,rmse,2.591794670650623,22,34,q_arm2,neural
iter05b_arm2,0,gb_eoh_2122r3,HP_Peak,FFNN,size,netfit,residual,log,pbin<=15,mae,1.8016121704701524,22,34,q_arm2,neural
iter05b_arm2,0,gb_eoh_2122r3,HP_Peak,FFNN,size,netfit,residual,log,pbin<=15,mape,33.86062796468598,22,34,q_arm2,neural
iter05b_arm2,0,gb_eoh_2122r3,HP_Peak,FFNN,size,netfit,residual,log,pbin<=15,r2,0.5980278119805129,22,34,q_arm2,neural
iter05b_arm2,0,gb_eoh_2122r3,HP_Peak,FFNN,size,netfit,residual,log,pbin<=15,n_pred_nan,0.0,22,34,q_arm2,neural
iter05b_arm2,0,gb_eoh_2122r3,HP_Peak,FFNN,size,netfit,residual,log,pbin<=15,mape_n_excluded,0.0,22,34,q_arm2,neural
iter05b_arm2,0,gb_eoh_2122r3,HP_Peak,FFNN,size,netfit,residual,log,pbin35-65,wape,13.923210953066942,8,43,q_arm2,neural
iter05b_arm2,0,gb_eoh_2122r3,HP_Peak,FFNN,size,netfit,residual,log,pbin35-65,rmse,5.07998560854449,8,43,q_arm2,neural
iter05b_arm2,0,gb_eoh_2122r3,HP_Peak,FFNN,size,netfit,residual,log,pbin35-65,mae,4.274971936718017,8,43,q_arm2,neural
iter05b_arm2,0,gb_eoh_2122r3,HP_Peak,FFNN,size,netfit,residual,log,pbin35-65,mape,15.836960521864569,8,43,q_arm2,neural
iter05b_arm2,0,gb_eoh_2122r3,HP_Peak,FFNN,size,netfit,residual,log,pbin35-65,r2,0.9571609288218,8,43,q_arm2,neural
iter05b_arm2,0,gb_eoh_2122r3,HP_Peak,FFNN,size,netfit,residual,log,pbin35-65,n_pred_nan,0.0,8,43,q_arm2,neural
iter05b_arm2,0,gb_eoh_2122r3,HP_Peak,FFNN,size,netfit,residual,log,pbin35-65,mape_n_excluded,0.0,8,43,q_arm2,neural
iter05b_arm2,0,gb_eoh_2122r3,HP_Peak,FFNN,size,netfit,residual,log,p0.1|n10,wape,34.8886821605064,16,15,q_arm2,neural
iter05b_arm2,0,gb_eoh_2122r3,HP_Peak,FFNN,size,netfit,residual,log,p0.1|n10,rmse,1.5407192841970943,16,15,q_arm2,neural
iter05b_arm2,0,gb_eoh_2122r3,HP_Peak,FFNN,size,netfit,residual,log,p0.1|n10,mae,1.1478036661018398,16,15,q_arm2,neural
iter05b_arm2,0,gb_eoh_2122r3,HP_Peak,FFNN,size,netfit,residual,log,p0.1|n10,mape,35.49410943694649,16,15,q_arm2,neural
iter05b_arm2,0,gb_eoh_2122r3,HP_Peak,FFNN,size,netfit,residual,log,p0.1|n10,r2,-2.718859126387469,16,15,q_arm2,neural
iter05b_arm2,0,gb_eoh_2122r3,HP_Peak,FFNN,size,netfit,residual,log,p0.1|n10,n_pred_nan,0.0,16,15,q_arm2,neural
iter05b_arm2,0,gb_eoh_2122r3,HP_Peak,FFNN,size,netfit,residual,log,p0.1|n10,mape_n_excluded,0.0,16,15,q_arm2,neural
iter05b_arm2,0,gb_eoh_2122r3,HP_Peak,FFNN,size,netfit,residual,log,p0.1|n40,wape,29.009630677382898,6,22,q_arm2,neural
iter05b_arm2,0,gb_eoh_2122r3,HP_Peak,FFNN,size,netfit,residual,log,p0.1|n40,rmse,4.2778837626942074,6,22,q_arm2,neural
iter05b_arm2,0,gb_eoh_2122r3,HP_Peak,FFNN,size,netfit,residual,log,p0.1|n40,mae,3.5451015154523184,6,22,q_arm2,neural
iter05b_arm2,0,gb_eoh_2122r3,HP_Peak,FFNN,size,netfit,residual,log,p0.1|n40,mape,29.504677371991285,6,22,q_arm2,neural
iter05b_arm2,0,gb_eoh_2122r3,HP_Peak,FFNN,size,netfit,residual,log,p0.1|n40,r2,-10.665642768484057,6,22,q_arm2,neural
iter05b_arm2,0,gb_eoh_2122r3,HP_Peak,FFNN,size,netfit,residual,log,p0.1|n40,n_pred_nan,0.0,6,22,q_arm2,neural
iter05b_arm2,0,gb_eoh_2122r3,HP_Peak,FFNN,size,netfit,residual,log,p0.1|n40,mape_n_excluded,0.0,6,22,q_arm2,neural
iter05b_arm2,0,gb_eoh_2122r3,HP_Peak,FFNN,size,netfit,residual,log,p0.5|n10,wape,17.493880434906732,6,24,q_arm2,neural
iter05b_arm2,0,gb_eoh_2122r3,HP_Peak,FFNN,size,netfit,residual,log,p0.5|n10,rmse,3.2935591100343555,6,24,q_arm2,neural
iter05b_arm2,0,gb_eoh_2122r3,HP_Peak,FFNN,size,netfit,residual,log,p0.5|n10,mae,2.8991707959698125,6,24,q_arm2,neural
iter05b_arm2,0,gb_eoh_2122r3,HP_Peak,FFNN,size,netfit,residual,log,p0.5|n10,mape,17.28443900768525,6,24,q_arm2,neural
iter05b_arm2,0,gb_eoh_2122r3,HP_Peak,FFNN,size,netfit,residual,log,p0.5|n10,r2,-1.4599271389383226,6,24,q_arm2,neural
iter05b_arm2,0,gb_eoh_2122r3,HP_Peak,FFNN,size,netfit,residual,log,p0.5|n10,n_pred_nan,0.0,6,24,q_arm2,neural
iter05b_arm2,0,gb_eoh_2122r3,HP_Peak,FFNN,size,netfit,residual,log,p0.5|n10,mape_n_excluded,0.0,6,24,q_arm2,neural
iter05b_arm2,0,gb_eoh_2122r3,HP_Peak,FFNN,size,netfit,residual,log,p0.5|n40,wape,11.4946351399627,2,28,q_arm2,neural
iter05b_arm2,0,gb_eoh_2122r3,HP_Peak,FFNN,size,netfit,residual,log,p0.5|n40,rmse,8.407283764582095,2,28,q_arm2,neural
iter05b_arm2,0,gb_eoh_2122r3,HP_Peak,FFNN,size,netfit,residual,log,p0.5|n40,mae,8.40237535896263,2,28,q_arm2,neural
iter05b_arm2,0,gb_eoh_2122r3,HP_Peak,FFNN,size,netfit,residual,log,p0.5|n40,mape,11.49452506440252,2,28,q_arm2,neural
iter05b_arm2,0,gb_eoh_2122r3,HP_Peak,FFNN,size,netfit,residual,log,p0.5|n40,r2,-165803.02580622464,2,28,q_arm2,neural
iter05b_arm2,0,gb_eoh_2122r3,HP_Peak,FFNN,size,netfit,residual,log,p0.5|n40,n_pred_nan,0.0,2,28,q_arm2,neural
iter05b_arm2,0,gb_eoh_2122r3,HP_Peak,FFNN,size,netfit,residual,log,p0.5|n40,mape_n_excluded,0.0,2,28,q_arm2,neural
iter05b_arm2,0,gb_eoh_2122r3,HP_Peak,FFNN,size,both,direct,log,all,wape,30.7601586875063,30,58,q_arm2,neural
iter05b_arm2,0,gb_eoh_2122r3,HP_Peak,FFNN,size,both,direct,log,all,rmse,8.259888077898692,30,58,q_arm2,neural
iter05b_arm2,0,gb_eoh_2122r3,HP_Peak,FFNN,size,both,direct,log,all,mae,3.8100804168137876,30,58,q_arm2,neural
iter05b_arm2,0,gb_eoh_2122r3,HP_Peak,FFNN,size,both,direct,log,all,mape,38.81145059497486,30,58,q_arm2,neural
iter05b_arm2,0,gb_eoh_2122r3,HP_Peak,FFNN,size,both,direct,log,all,r2,0.7686526449224265,30,58,q_arm2,neural
iter05b_arm2,0,gb_eoh_2122r3,HP_Peak,FFNN,size,both,direct,log,all,n_pred_nan,0.0,30,58,q_arm2,neural
iter05b_arm2,0,gb_eoh_2122r3,HP_Peak,FFNN,size,both,direct,log,all,mape_n_excluded,0.0,30,58,q_arm2,neural
iter05b_arm2,0,gb_eoh_2122r3,HP_Peak,FFNN,size,both,direct,log,all,wape_train,11.155703608788928,30,58,q_arm2,neural
iter05b_arm2,0,gb_eoh_2122r3,HP_Peak,FFNN,size,both,direct,log,all,wape_inner,45.1523135026295,30,58,q_arm2,neural
iter05b_arm2,0,gb_eoh_2122r3,HP_Peak,FFNN,size,both,direct,log,all,n_train_sub,111.0,30,58,q_arm2,neural
iter05b_arm2,0,gb_eoh_2122r3,HP_Peak,FFNN,size,both,direct,log,all,n_inner_sub,90.0,30,58,q_arm2,neural
iter05b_arm2,0,gb_eoh_2122r3,HP_Peak,FFNN,size,both,direct,log,all,n_test_sub,30.0,30,58,q_arm2,neural
iter05b_arm2,0,gb_eoh_2122r3,HP_Peak,FFNN,size,both,direct,log,all,n_overlap_sub,0.0,30,58,q_arm2,neural
iter05b_arm2,0,gb_eoh_2122r3,HP_Peak,FFNN,size,both,direct,log,pbin<=15,wape,35.5265940412902,22,34,q_arm2,neural
iter05b_arm2,0,gb_eoh_2122r3,HP_Peak,FFNN,size,both,direct,log,pbin<=15,rmse,2.8239307361855457,22,34,q_arm2,neural
iter05b_arm2,0,gb_eoh_2122r3,HP_Peak,FFNN,size,both,direct,log,pbin<=15,mae,2.0340754624042026,22,34,q_arm2,neural
iter05b_arm2,0,gb_eoh_2122r3,HP_Peak,FFNN,size,both,direct,log,pbin<=15,mape,42.97749568354368,22,34,q_arm2,neural
iter05b_arm2,0,gb_eoh_2122r3,HP_Peak,FFNN,size,both,direct,log,pbin<=15,r2,0.5227972897951466,22,34,q_arm2,neural
iter05b_arm2,0,gb_eoh_2122r3,HP_Peak,FFNN,size,both,direct,log,pbin<=15,n_pred_nan,0.0,22,34,q_arm2,neural
iter05b_arm2,0,gb_eoh_2122r3,HP_Peak,FFNN,size,both,direct,log,pbin<=15,mape_n_excluded,0.0,22,34,q_arm2,neural
iter05b_arm2,0,gb_eoh_2122r3,HP_Peak,FFNN,size,both,direct,log,pbin35-65,wape,28.31590643790421,8,43,q_arm2,neural
iter05b_arm2,0,gb_eoh_2122r3,HP_Peak,FFNN,size,both,direct,log,pbin35-65,rmse,15.294327649987482,8,43,q_arm2,neural
iter05b_arm2,0,gb_eoh_2122r3,HP_Peak,FFNN,size,both,direct,log,pbin35-65,mae,8.694094041440149,8,43,q_arm2,neural
iter05b_arm2,0,gb_eoh_2122r3,HP_Peak,FFNN,size,both,direct,log,pbin35-65,mape,27.354826601410632,8,43,q_arm2,neural
iter05b_arm2,0,gb_eoh_2122r3,HP_Peak,FFNN,size,both,direct,log,pbin35-65,r2,0.6116924258116099,8,43,q_arm2,neural
iter05b_arm2,0,gb_eoh_2122r3,HP_Peak,FFNN,size,both,direct,log,pbin35-65,n_pred_nan,0.0,8,43,q_arm2,neural
iter05b_arm2,0,gb_eoh_2122r3,HP_Peak,FFNN,size,both,direct,log,pbin35-65,mape_n_excluded,0.0,8,43,q_arm2,neural
iter05b_arm2,0,gb_eoh_2122r3,HP_Peak,FFNN,size,both,direct,log,p0.1|n10,wape,48.541896901881664,16,15,q_arm2,neural
iter05b_arm2,0,gb_eoh_2122r3,HP_Peak,FFNN,size,both,direct,log,p0.1|n10,rmse,2.2985808886519754,16,15,q_arm2,neural
iter05b_arm2,0,gb_eoh_2122r3,HP_Peak,FFNN,size,both,direct,log,p0.1|n10,mae,1.5969811346611382,16,15,q_arm2,neural
iter05b_arm2,0,gb_eoh_2122r3,HP_Peak,FFNN,size,both,direct,log,p0.1|n10,mape,49.28284974297006,16,15,q_arm2,neural
iter05b_arm2,0,gb_eoh_2122r3,HP_Peak,FFNN,size,both,direct,log,p0.1|n10,r2,-7.277177592818504,16,15,q_arm2,neural
iter05b_arm2,0,gb_eoh_2122r3,HP_Peak,FFNN,size,both,direct,log,p0.1|n10,n_pred_nan,0.0,16,15,q_arm2,neural
iter05b_arm2,0,gb_eoh_2122r3,HP_Peak,FFNN,size,both,direct,log,p0.1|n10,mape_n_excluded,0.0,16,15,q_arm2,neural
iter05b_arm2,0,gb_eoh_2122r3,HP_Peak,FFNN,size,both,direct,log,p0.1|n40,wape,26.18287917765793,6,22,q_arm2,neural
iter05b_arm2,0,gb_eoh_2122r3,HP_Peak,FFNN,size,both,direct,log,p0.1|n40,rmse,3.8924131339953707,6,22,q_arm2,neural
iter05b_arm2,0,gb_eoh_2122r3,HP_Peak,FFNN,size,both,direct,log,p0.1|n40,mae,3.199660336385707,6,22,q_arm2,neural
iter05b_arm2,0,gb_eoh_2122r3,HP_Peak,FFNN,size,both,direct,log,p0.1|n40,mape,26.163218191740008,6,22,q_arm2,neural
iter05b_arm2,0,gb_eoh_2122r3,HP_Peak,FFNN,size,both,direct,log,p0.1|n40,r2,-8.65803048629525,6,22,q_arm2,neural
iter05b_arm2,0,gb_eoh_2122r3,HP_Peak,FFNN,size,both,direct,log,p0.1|n40,n_pred_nan,0.0,6,22,q_arm2,neural
iter05b_arm2,0,gb_eoh_2122r3,HP_Peak,FFNN,size,both,direct,log,p0.1|n40,mape_n_excluded,0.0,6,22,q_arm2,neural
iter05b_arm2,0,gb_eoh_2122r3,HP_Peak,FFNN,size,both,direct,log,p0.5|n10,wape,25.99930035793675,6,24,q_arm2,neural
iter05b_arm2,0,gb_eoh_2122r3,HP_Peak,FFNN,size,both,direct,log,p0.5|n10,rmse,4.778643412436931,6,24,q_arm2,neural
iter05b_arm2,0,gb_eoh_2122r3,HP_Peak,FFNN,size,both,direct,log,p0.5|n10,mae,4.308730278216262,6,24,q_arm2,neural
iter05b_arm2,0,gb_eoh_2122r3,HP_Peak,FFNN,size,both,direct,log,p0.5|n10,mape,26.51179865894912,6,24,q_arm2,neural
iter05b_arm2,0,gb_eoh_2122r3,HP_Peak,FFNN,size,both,direct,log,p0.5|n10,r2,-4.178459306925595,6,24,q_arm2,neural
iter05b_arm2,0,gb_eoh_2122r3,HP_Peak,FFNN,size,both,direct,log,p0.5|n10,n_pred_nan,0.0,6,24,q_arm2,neural
iter05b_arm2,0,gb_eoh_2122r3,HP_Peak,FFNN,size,both,direct,log,p0.5|n10,mape_n_excluded,0.0,6,24,q_arm2,neural
iter05b_arm2,0,gb_eoh_2122r3,HP_Peak,FFNN,size,both,direct,log,p0.5|n40,wape,29.891536308692572,2,28,q_arm2,neural
iter05b_arm2,0,gb_eoh_2122r3,HP_Peak,FFNN,size,both,direct,log,p0.5|n40,rmse,29.447572641408087,2,28,q_arm2,neural
iter05b_arm2,0,gb_eoh_2122r3,HP_Peak,FFNN,size,both,direct,log,p0.5|n40,mae,21.850185331111803,2,28,q_arm2,neural
iter05b_arm2,0,gb_eoh_2122r3,HP_Peak,FFNN,size,both,direct,log,p0.5|n40,mape,29.88391042879516,2,28,q_arm2,neural
iter05b_arm2,0,gb_eoh_2122r3,HP_Peak,FFNN,size,both,direct,log,p0.5|n40,r2,-2034147.5368631945,2,28,q_arm2,neural
iter05b_arm2,0,gb_eoh_2122r3,HP_Peak,FFNN,size,both,direct,log,p0.5|n40,n_pred_nan,0.0,2,28,q_arm2,neural
iter05b_arm2,0,gb_eoh_2122r3,HP_Peak,FFNN,size,both,direct,log,p0.5|n40,mape_n_excluded,0.0,2,28,q_arm2,neural
iter05b_arm2,0,gb_eoh_2122r3,HP_Peak,FFNN,size,both,residual,log,all,wape,28.227809752128103,30,58,q_arm2,neural
iter05b_arm2,0,gb_eoh_2122r3,HP_Peak,FFNN,size,both,residual,log,all,rmse,5.590909218315465,30,58,q_arm2,neural
iter05b_arm2,0,gb_eoh_2122r3,HP_Peak,FFNN,size,both,residual,log,all,mae,3.4964132090063518,30,58,q_arm2,neural
iter05b_arm2,0,gb_eoh_2122r3,HP_Peak,FFNN,size,both,residual,log,all,mape,37.87404548695956,30,58,q_arm2,neural
iter05b_arm2,0,gb_eoh_2122r3,HP_Peak,FFNN,size,both,residual,log,all,r2,0.8940060457366824,30,58,q_arm2,neural
iter05b_arm2,0,gb_eoh_2122r3,HP_Peak,FFNN,size,both,residual,log,all,n_pred_nan,0.0,30,58,q_arm2,neural
iter05b_arm2,0,gb_eoh_2122r3,HP_Peak,FFNN,size,both,residual,log,all,mape_n_excluded,0.0,30,58,q_arm2,neural
iter05b_arm2,0,gb_eoh_2122r3,HP_Peak,FFNN,size,both,residual,log,all,n_invalid,0.0,30,58,q_arm2,neural
iter05b_arm2,0,gb_eoh_2122r3,HP_Peak,FFNN,size,both,residual,log,all,n_resid_excluded_train,0.0,30,58,q_arm2,neural
iter05b_arm2,0,gb_eoh_2122r3,HP_Peak,FFNN,size,both,residual,log,all,n_resid_excluded_inner,0.0,30,58,q_arm2,neural
iter05b_arm2,0,gb_eoh_2122r3,HP_Peak,FFNN,size,both,residual,log,all,wape_train,4.69676156648739,30,58,q_arm2,neural
iter05b_arm2,0,gb_eoh_2122r3,HP_Peak,FFNN,size,both,residual,log,all,wape_inner,31.790984020198238,30,58,q_arm2,neural
iter05b_arm2,0,gb_eoh_2122r3,HP_Peak,FFNN,size,both,residual,log,all,n_train_sub,111.0,30,58,q_arm2,neural
iter05b_arm2,0,gb_eoh_2122r3,HP_Peak,FFNN,size,both,residual,log,all,n_inner_sub,90.0,30,58,q_arm2,neural
iter05b_arm2,0,gb_eoh_2122r3,HP_Peak,FFNN,size,both,residual,log,all,n_test_sub,30.0,30,58,q_arm2,neural
iter05b_arm2,0,gb_eoh_2122r3,HP_Peak,FFNN,size,both,residual,log,all,n_overlap_sub,0.0,30,58,q_arm2,neural
iter05b_arm2,0,gb_eoh_2122r3,HP_Peak,FFNN,size,both,residual,log,pbin<=15,wape,40.38931379238352,22,34,q_arm2,neural
iter05b_arm2,0,gb_eoh_2122r3,HP_Peak,FFNN,size,both,residual,log,pbin<=15,rmse,3.471178912893407,22,34,q_arm2,neural
iter05b_arm2,0,gb_eoh_2122r3,HP_Peak,FFNN,size,both,residual,log,pbin<=15,mae,2.3124905256312425,22,34,q_arm2,neural
iter05b_arm2,0,gb_eoh_2122r3,HP_Peak,FFNN,size,both,residual,log,pbin<=15,mape,44.00917107683222,22,34,q_arm2,neural
iter05b_arm2,0,gb_eoh_2122r3,HP_Peak,FFNN,size,both,residual,log,pbin<=15,r2,0.2789774982757267,22,34,q_arm2,neural
iter05b_arm2,0,gb_eoh_2122r3,HP_Peak,FFNN,size,both,residual,log,pbin<=15,n_pred_nan,0.0,22,34,q_arm2,neural
iter05b_arm2,0,gb_eoh_2122r3,HP_Peak,FFNN,size,both,residual,log,pbin<=15,mape_n_excluded,0.0,22,34,q_arm2,neural
iter05b_arm2,0,gb_eoh_2122r3,HP_Peak,FFNN,size,both,residual,log,pbin35-65,wape,21.991328733804593,8,43,q_arm2,neural
iter05b_arm2,0,gb_eoh_2122r3,HP_Peak,FFNN,size,both,residual,log,pbin35-65,rmse,9.16970657672859,8,43,q_arm2,neural
iter05b_arm2,0,gb_eoh_2122r3,HP_Peak,FFNN,size,both,residual,log,pbin35-65,mae,6.752200588287904,8,43,q_arm2,neural
iter05b_arm2,0,gb_eoh_2122r3,HP_Peak,FFNN,size,both,residual,log,pbin35-65,mape,21.002450114809754,8,43,q_arm2,neural
iter05b_arm2,0,gb_eoh_2122r3,HP_Peak,FFNN,size,both,residual,log,pbin35-65,r2,0.8604191110832847,8,43,q_arm2,neural
iter05b_arm2,0,gb_eoh_2122r3,HP_Peak,FFNN,size,both,residual,log,pbin35-65,n_pred_nan,0.0,8,43,q_arm2,neural
iter05b_arm2,0,gb_eoh_2122r3,HP_Peak,FFNN,size,both,residual,log,pbin35-65,mape_n_excluded,0.0,8,43,q_arm2,neural
iter05b_arm2,0,gb_eoh_2122r3,HP_Peak,FFNN,size,both,residual,log,p0.1|n10,wape,49.4157073556676,16,15,q_arm2,neural
iter05b_arm2,0,gb_eoh_2122r3,HP_Peak,FFNN,size,both,residual,log,p0.1|n10,rmse,2.2314397459239936,16,15,q_arm2,neural
iter05b_arm2,0,gb_eoh_2122r3,HP_Peak,FFNN,size,both,residual,log,p0.1|n10,mae,1.6257286476144635,16,15,q_arm2,neural
iter05b_arm2,0,gb_eoh_2122r3,HP_Peak,FFNN,size,both,residual,log,p0.1|n10,mape,47.698188533205446,16,15,q_arm2,neural
iter05b_arm2,0,gb_eoh_2122r3,HP_Peak,FFNN,size,both,residual,log,p0.1|n10,r2,-6.800689997060839,16,15,q_arm2,neural
iter05b_arm2,0,gb_eoh_2122r3,HP_Peak,FFNN,size,both,residual,log,p0.1|n10,n_pred_nan,0.0,16,15,q_arm2,neural
iter05b_arm2,0,gb_eoh_2122r3,HP_Peak,FFNN,size,both,residual,log,p0.1|n10,mape_n_excluded,0.0,16,15,q_arm2,neural
iter05b_arm2,0,gb_eoh_2122r3,HP_Peak,FFNN,size,both,residual,log,p0.1|n40,wape,33.90924578277753,6,22,q_arm2,neural
iter05b_arm2,0,gb_eoh_2122r3,HP_Peak,FFNN,size,both,residual,log,p0.1|n40,rmse,5.558936552403998,6,22,q_arm2,neural
iter05b_arm2,0,gb_eoh_2122r3,HP_Peak,FFNN,size,both,residual,log,p0.1|n40,mae,4.143855533675986,6,22,q_arm2,neural
iter05b_arm2,0,gb_eoh_2122r3,HP_Peak,FFNN,size,both,residual,log,p0.1|n40,mape,34.171791193170236,6,22,q_arm2,neural
iter05b_arm2,0,gb_eoh_2122r3,HP_Peak,FFNN,size,both,residual,log,p0.1|n40,r2,-18.69854494602838,6,22,q_arm2,neural
iter05b_arm2,0,gb_eoh_2122r3,HP_Peak,FFNN,size,both,residual,log,p0.1|n40,n_pred_nan,0.0,6,22,q_arm2,neural
iter05b_arm2,0,gb_eoh_2122r3,HP_Peak,FFNN,size,both,residual,log,p0.1|n40,mape_n_excluded,0.0,6,22,q_arm2,neural
iter05b_arm2,0,gb_eoh_2122r3,HP_Peak,FFNN,size,both,residual,log,p0.5|n10,wape,20.0612453348038,6,24,q_arm2,neural
iter05b_arm2,0,gb_eoh_2122r3,HP_Peak,FFNN,size,both,residual,log,p0.5|n10,rmse,3.6498022696854435,6,24,q_arm2,neural
iter05b_arm2,0,gb_eoh_2122r3,HP_Peak,FFNN,size,both,residual,log,p0.5|n10,mae,3.3246469713715583,6,24,q_arm2,neural
iter05b_arm2,0,gb_eoh_2122r3,HP_Peak,FFNN,size,both,residual,log,p0.5|n10,mape,20.235564234212454,6,24,q_arm2,neural
iter05b_arm2,0,gb_eoh_2122r3,HP_Peak,FFNN,size,both,residual,log,p0.5|n10,r2,-2.020855789418215,6,24,q_arm2,neural
iter05b_arm2,0,gb_eoh_2122r3,HP_Peak,FFNN,size,both,residual,log,p0.5|n10,n_pred_nan,0.0,6,24,q_arm2,neural
iter05b_arm2,0,gb_eoh_2122r3,HP_Peak,FFNN,size,both,residual,log,p0.5|n10,mape_n_excluded,0.0,6,24,q_arm2,neural
iter05b_arm2,0,gb_eoh_2122r3,HP_Peak,FFNN,size,both,residual,log,p0.5|n40,wape,23.30406683065925,2,28,q_arm2,neural
iter05b_arm2,0,gb_eoh_2122r3,HP_Peak,FFNN,size,both,residual,log,p0.5|n40,rmse,17.215426366773354,2,28,q_arm2,neural
iter05b_arm2,0,gb_eoh_2122r3,HP_Peak,FFNN,size,both,residual,log,p0.5|n40,mae,17.03486143903694,2,28,q_arm2,neural
iter05b_arm2,0,gb_eoh_2122r3,HP_Peak,FFNN,size,both,residual,log,p0.5|n40,mape,23.303107756601644,2,28,q_arm2,neural
iter05b_arm2,0,gb_eoh_2122r3,HP_Peak,FFNN,size,both,residual,log,p0.5|n40,r2,-695214.1464511976,2,28,q_arm2,neural
iter05b_arm2,0,gb_eoh_2122r3,HP_Peak,FFNN,size,both,residual,log,p0.5|n40,n_pred_nan,0.0,2,28,q_arm2,neural
iter05b_arm2,0,gb_eoh_2122r3,HP_Peak,FFNN,size,both,residual,log,p0.5|n40,mape_n_excluded,0.0,2,28,q_arm2,neural
iter05b_arm2,0,gb_eoh_2122r3,HP_Peak,FFNN,size_peak,netfit,direct,log,all,wape,26.502159832693472,30,58,q_arm2,neural
iter05b_arm2,0,gb_eoh_2122r3,HP_Peak,FFNN,size_peak,netfit,direct,log,all,rmse,7.124818663926392,30,58,q_arm2,neural
iter05b_arm2,0,gb_eoh_2122r3,HP_Peak,FFNN,size_peak,netfit,direct,log,all,mae,3.2826670761886225,30,58,q_arm2,neural
iter05b_arm2,0,gb_eoh_2122r3,HP_Peak,FFNN,size_peak,netfit,direct,log,all,mape,32.284257466424584,30,58,q_arm2,neural
iter05b_arm2,0,gb_eoh_2122r3,HP_Peak,FFNN,size_peak,netfit,direct,log,all,r2,0.8278671163415852,30,58,q_arm2,neural
iter05b_arm2,0,gb_eoh_2122r3,HP_Peak,FFNN,size_peak,netfit,direct,log,all,n_pred_nan,0.0,30,58,q_arm2,neural
iter05b_arm2,0,gb_eoh_2122r3,HP_Peak,FFNN,size_peak,netfit,direct,log,all,mape_n_excluded,0.0,30,58,q_arm2,neural
iter05b_arm2,0,gb_eoh_2122r3,HP_Peak,FFNN,size_peak,netfit,direct,log,all,wape_train,9.820861777790697,30,58,q_arm2,neural
iter05b_arm2,0,gb_eoh_2122r3,HP_Peak,FFNN,size_peak,netfit,direct,log,all,wape_inner,27.848699921086414,30,58,q_arm2,neural
iter05b_arm2,0,gb_eoh_2122r3,HP_Peak,FFNN,size_peak,netfit,direct,log,all,n_train_sub,111.0,30,58,q_arm2,neural
iter05b_arm2,0,gb_eoh_2122r3,HP_Peak,FFNN,size_peak,netfit,direct,log,all,n_inner_sub,90.0,30,58,q_arm2,neural
iter05b_arm2,0,gb_eoh_2122r3,HP_Peak,FFNN,size_peak,netfit,direct,log,all,n_test_sub,30.0,30,58,q_arm2,neural
iter05b_arm2,0,gb_eoh_2122r3,HP_Peak,FFNN,size_peak,netfit,direct,log,all,n_overlap_sub,0.0,30,58,q_arm2,neural
iter05b_arm2,0,gb_eoh_2122r3,HP_Peak,FFNN,size_peak,netfit,direct,log,pbin<=15,wape,26.087790701907814,22,34,q_arm2,neural
iter05b_arm2,0,gb_eoh_2122r3,HP_Peak,FFNN,size_peak,netfit,direct,log,pbin<=15,rmse,2.024491535594078,22,34,q_arm2,neural
iter05b_arm2,0,gb_eoh_2122r3,HP_Peak,FFNN,size_peak,netfit,direct,log,pbin<=15,mae,1.4936566920379086,22,34,q_arm2,neural
iter05b_arm2,0,gb_eoh_2122r3,HP_Peak,FFNN,size_peak,netfit,direct,log,pbin<=15,mape,35.29499283253278,22,34,q_arm2,neural
iter05b_arm2,0,gb_eoh_2122r3,HP_Peak,FFNN,size_peak,netfit,direct,log,pbin<=15,r2,0.7547399844782081,22,34,q_arm2,neural
iter05b_arm2,0,gb_eoh_2122r3,HP_Peak,FFNN,size_peak,netfit,direct,log,pbin<=15,n_pred_nan,0.0,22,34,q_arm2,neural
iter05b_arm2,0,gb_eoh_2122r3,HP_Peak,FFNN,size_peak,netfit,direct,log,pbin<=15,mape_n_excluded,0.0,22,34,q_arm2,neural
iter05b_arm2,0,gb_eoh_2122r3,HP_Peak,FFNN,size_peak,netfit,direct,log,pbin35-65,wape,26.71465042679847,8,43,q_arm2,neural
iter05b_arm2,0,gb_eoh_2122r3,HP_Peak,FFNN,size_peak,netfit,direct,log,pbin35-65,rmse,13.382464171004672,8,43,q_arm2,neural
iter05b_arm2,0,gb_eoh_2122r3,HP_Peak,FFNN,size_peak,netfit,direct,log,pbin35-65,mae,8.20244563260309,8,43,q_arm2,neural
iter05b_arm2,0,gb_eoh_2122r3,HP_Peak,FFNN,size_peak,netfit,direct,log,pbin35-65,mape,24.004735209627047,8,43,q_arm2,neural
iter05b_arm2,0,gb_eoh_2122r3,HP_Peak,FFNN,size_peak,netfit,direct,log,pbin35-65,r2,0.7027052357418461,8,43,q_arm2,neural
iter05b_arm2,0,gb_eoh_2122r3,HP_Peak,FFNN,size_peak,netfit,direct,log,pbin35-65,n_pred_nan,0.0,8,43,q_arm2,neural
iter05b_arm2,0,gb_eoh_2122r3,HP_Peak,FFNN,size_peak,netfit,direct,log,pbin35-65,mape_n_excluded,0.0,8,43,q_arm2,neural
iter05b_arm2,0,gb_eoh_2122r3,HP_Peak,FFNN,size_peak,netfit,direct,log,p0.1|n10,wape,36.626502265676336,16,15,q_arm2,neural
iter05b_arm2,0,gb_eoh_2122r3,HP_Peak,FFNN,size_peak,netfit,direct,log,p0.1|n10,rmse,1.4104952971865654,16,15,q_arm2,neural
iter05b_arm2,0,gb_eoh_2122r3,HP_Peak,FFNN,size_peak,netfit,direct,log,p0.1|n10,mae,1.204976255154157,16,15,q_arm2,neural
iter05b_arm2,0,gb_eoh_2122r3,HP_Peak,FFNN,size_peak,netfit,direct,log,p0.1|n10,mape,40.942423187880486,16,15,q_arm2,neural
iter05b_arm2,0,gb_eoh_2122r3,HP_Peak,FFNN,size_peak,netfit,direct,log,p0.1|n10,r2,-2.1167787586265905,16,15,q_arm2,neural
iter05b_arm2,0,gb_eoh_2122r3,HP_Peak,FFNN,size_peak,netfit,direct,log,p0.1|n10,n_pred_nan,0.0,16,15,q_arm2,neural
iter05b_arm2,0,gb_eoh_2122r3,HP_Peak,FFNN,size_peak,netfit,direct,log,p0.1|n10,mape_n_excluded,0.0,16,15,q_arm2,neural
iter05b_arm2,0,gb_eoh_2122r3,HP_Peak,FFNN,size_peak,netfit,direct,log,p0.1|n40,wape,18.522026237058302,6,22,q_arm2,neural
iter05b_arm2,0,gb_eoh_2122r3,HP_Peak,FFNN,size_peak,netfit,direct,log,p0.1|n40,rmse,3.118132447878025,6,22,q_arm2,neural
iter05b_arm2,0,gb_eoh_2122r3,HP_Peak,FFNN,size_peak,netfit,direct,log,p0.1|n40,mae,2.26347119039458,6,22,q_arm2,neural
iter05b_arm2,0,gb_eoh_2122r3,HP_Peak,FFNN,size_peak,netfit,direct,log,p0.1|n40,mape,20.23517855160555,6,22,q_arm2,neural
iter05b_arm2,0,gb_eoh_2122r3,HP_Peak,FFNN,size_peak,netfit,direct,log,p0.1|n40,r2,-5.197832437008287,6,22,q_arm2,neural
iter05b_arm2,0,gb_eoh_2122r3,HP_Peak,FFNN,size_peak,netfit,direct,log,p0.1|n40,n_pred_nan,0.0,6,22,q_arm2,neural
iter05b_arm2,0,gb_eoh_2122r3,HP_Peak,FFNN,size_peak,netfit,direct,log,p0.1|n40,mape_n_excluded,0.0,6,22,q_arm2,neural
iter05b_arm2,0,gb_eoh_2122r3,HP_Peak,FFNN,size_peak,netfit,direct,log,p0.5|n10,wape,21.249895378891562,6,24,q_arm2,neural
iter05b_arm2,0,gb_eoh_2122r3,HP_Peak,FFNN,size_peak,netfit,direct,log,p0.5|n10,rmse,4.865731462394066,6,24,q_arm2,neural
iter05b_arm2,0,gb_eoh_2122r3,HP_Peak,FFNN,size_peak,netfit,direct,log,p0.5|n10,mae,3.5216358274043924,6,24,q_arm2,neural
iter05b_arm2,0,gb_eoh_2122r3,HP_Peak,FFNN,size_peak,netfit,direct,log,p0.5|n10,mape,21.86090581983314,6,24,q_arm2,neural
iter05b_arm2,0,gb_eoh_2122r3,HP_Peak,FFNN,size_peak,netfit,direct,log,p0.5|n10,r2,-4.368928160812606,6,24,q_arm2,neural
iter05b_arm2,0,gb_eoh_2122r3,HP_Peak,FFNN,size_peak,netfit,direct,log,p0.5|n10,n_pred_nan,0.0,6,24,q_arm2,neural
iter05b_arm2,0,gb_eoh_2122r3,HP_Peak,FFNN,size_peak,netfit,direct,log,p0.5|n10,mape_n_excluded,0.0,6,24,q_arm2,neural
iter05b_arm2,0,gb_eoh_2122r3,HP_Peak,FFNN,size_peak,netfit,direct,log,p0.5|n40,wape,30.431480562263108,2,28,q_arm2,neural
iter05b_arm2,0,gb_eoh_2122r3,HP_Peak,FFNN,size_peak,netfit,direct,log,p0.5|n40,rmse,25.403451756808575,2,28,q_arm2,neural
iter05b_arm2,0,gb_eoh_2122r3,HP_Peak,FFNN,size_peak,netfit,direct,log,p0.5|n40,mae,22.24487504819918,2,28,q_arm2,neural
iter05b_arm2,0,gb_eoh_2122r3,HP_Peak,FFNN,size_peak,netfit,direct,log,p0.5|n40,mape,30.43622337900876,2,28,q_arm2,neural
iter05b_arm2,0,gb_eoh_2122r3,HP_Peak,FFNN,size_peak,netfit,direct,log,p0.5|n40,r2,-1513801.1650093554,2,28,q_arm2,neural
iter05b_arm2,0,gb_eoh_2122r3,HP_Peak,FFNN,size_peak,netfit,direct,log,p0.5|n40,n_pred_nan,0.0,2,28,q_arm2,neural
iter05b_arm2,0,gb_eoh_2122r3,HP_Peak,FFNN,size_peak,netfit,direct,log,p0.5|n40,mape_n_excluded,0.0,2,28,q_arm2,neural
iter05b_arm2,0,gb_eoh_2122r3,HP_Peak,FFNN,size_peak,netfit,residual,log,all,wape,17.35361128886351,30,58,q_arm2,neural
iter05b_arm2,0,gb_eoh_2122r3,HP_Peak,FFNN,size_peak,netfit,residual,log,all,rmse,3.1254098348310655,30,58,q_arm2,neural
iter05b_arm2,0,gb_eoh_2122r3,HP_Peak,FFNN,size_peak,netfit,residual,log,all,mae,2.149490033663338,30,58,q_arm2,neural
iter05b_arm2,0,gb_eoh_2122r3,HP_Peak,FFNN,size_peak,netfit,residual,log,all,mape,28.431657908936625,30,58,q_arm2,neural
iter05b_arm2,0,gb_eoh_2122r3,HP_Peak,FFNN,size_peak,netfit,residual,log,all,r2,0.9668769620418569,30,58,q_arm2,neural
iter05b_arm2,0,gb_eoh_2122r3,HP_Peak,FFNN,size_peak,netfit,residual,log,all,n_pred_nan,0.0,30,58,q_arm2,neural
iter05b_arm2,0,gb_eoh_2122r3,HP_Peak,FFNN,size_peak,netfit,residual,log,all,mape_n_excluded,0.0,30,58,q_arm2,neural
iter05b_arm2,0,gb_eoh_2122r3,HP_Peak,FFNN,size_peak,netfit,residual,log,all,n_invalid,0.0,30,58,q_arm2,neural
iter05b_arm2,0,gb_eoh_2122r3,HP_Peak,FFNN,size_peak,netfit,residual,log,all,n_resid_excluded_train,0.0,30,58,q_arm2,neural
iter05b_arm2,0,gb_eoh_2122r3,HP_Peak,FFNN,size_peak,netfit,residual,log,all,n_resid_excluded_inner,0.0,30,58,q_arm2,neural
iter05b_arm2,0,gb_eoh_2122r3,HP_Peak,FFNN,size_peak,netfit,residual,log,all,wape_train,15.97813570052894,30,58,q_arm2,neural
iter05b_arm2,0,gb_eoh_2122r3,HP_Peak,FFNN,size_peak,netfit,residual,log,all,wape_inner,25.406910063153465,30,58,q_arm2,neural
iter05b_arm2,0,gb_eoh_2122r3,HP_Peak,FFNN,size_peak,netfit,residual,log,all,n_train_sub,111.0,30,58,q_arm2,neural
iter05b_arm2,0,gb_eoh_2122r3,HP_Peak,FFNN,size_peak,netfit,residual,log,all,n_inner_sub,90.0,30,58,q_arm2,neural
iter05b_arm2,0,gb_eoh_2122r3,HP_Peak,FFNN,size_peak,netfit,residual,log,all,n_test_sub,30.0,30,58,q_arm2,neural
iter05b_arm2,0,gb_eoh_2122r3,HP_Peak,FFNN,size_peak,netfit,residual,log,all,n_overlap_sub,0.0,30,58,q_arm2,neural
iter05b_arm2,0,gb_eoh_2122r3,HP_Peak,FFNN,size_peak,netfit,residual,log,pbin<=15,wape,28.567121405700803,22,34,q_arm2,neural
iter05b_arm2,0,gb_eoh_2122r3,HP_Peak,FFNN,size_peak,netfit,residual,log,pbin<=15,rmse,2.271009697155929,22,34,q_arm2,neural
iter05b_arm2,0,gb_eoh_2122r3,HP_Peak,FFNN,size_peak,netfit,residual,log,pbin<=15,mae,1.6356107938555313,22,34,q_arm2,neural
iter05b_arm2,0,gb_eoh_2122r3,HP_Peak,FFNN,size_peak,netfit,residual,log,pbin<=15,mape,34.0279974901417,22,34,q_arm2,neural
iter05b_arm2,0,gb_eoh_2122r3,HP_Peak,FFNN,size_peak,netfit,residual,log,pbin<=15,r2,0.6913737953784331,22,34,q_arm2,neural
iter05b_arm2,0,gb_eoh_2122r3,HP_Peak,FFNN,size_peak,netfit,residual,log,pbin<=15,n_pred_nan,0.0,22,34,q_arm2,neural
iter05b_arm2,0,gb_eoh_2122r3,HP_Peak,FFNN,size_peak,netfit,residual,log,pbin<=15,mape_n_excluded,0.0,22,34,q_arm2,neural
iter05b_arm2,0,gb_eoh_2122r3,HP_Peak,FFNN,size_peak,netfit,residual,log,pbin35-65,wape,11.603266367630756,8,43,q_arm2,neural
iter05b_arm2,0,gb_eoh_2122r3,HP_Peak,FFNN,size_peak,netfit,residual,log,pbin35-65,rmse,4.7378915153405075,8,43,q_arm2,neural
iter05b_arm2,0,gb_eoh_2122r3,HP_Peak,FFNN,size_peak,netfit,residual,log,pbin35-65,mae,3.5626579431348064,8,43,q_arm2,neural
iter05b_arm2,0,gb_eoh_2122r3,HP_Peak,FFNN,size_peak,netfit,residual,log,pbin35-65,mape,13.041724060622654,8,43,q_arm2,neural
iter05b_arm2,0,gb_eoh_2122r3,HP_Peak,FFNN,size_peak,netfit,residual,log,pbin35-65,r2,0.962736357312168,8,43,q_arm2,neural
iter05b_arm2,0,gb_eoh_2122r3,HP_Peak,FFNN,size_peak,netfit,residual,log,pbin35-65,n_pred_nan,0.0,8,43,q_arm2,neural
iter05b_arm2,0,gb_eoh_2122r3,HP_Peak,FFNN,size_peak,netfit,residual,log,pbin35-65,mape_n_excluded,0.0,8,43,q_arm2,neural
iter05b_arm2,0,gb_eoh_2122r3,HP_Peak,FFNN,size_peak,netfit,residual,log,p0.1|n10,wape,35.94804199514133,16,15,q_arm2,neural
iter05b_arm2,0,gb_eoh_2122r3,HP_Peak,FFNN,size_peak,netfit,residual,log,p0.1|n10,rmse,1.5111151659601163,16,15,q_arm2,neural
iter05b_arm2,0,gb_eoh_2122r3,HP_Peak,FFNN,size_peak,netfit,residual,log,p0.1|n10,mae,1.182655572984452,16,15,q_arm2,neural
iter05b_arm2,0,gb_eoh_2122r3,HP_Peak,FFNN,size_peak,netfit,residual,log,p0.1|n10,mape,37.80082554279301,16,15,q_arm2,neural
iter05b_arm2,0,gb_eoh_2122r3,HP_Peak,FFNN,size_peak,netfit,residual,log,p0.1|n10,r2,-2.5773202343270976,16,15,q_arm2,neural
iter05b_arm2,0,gb_eoh_2122r3,HP_Peak,FFNN,size_peak,netfit,residual,log,p0.1|n10,n_pred_nan,0.0,16,15,q_arm2,neural
iter05b_arm2,0,gb_eoh_2122r3,HP_Peak,FFNN,size_peak,netfit,residual,log,p0.1|n10,mape_n_excluded,0.0,16,15,q_arm2,neural
iter05b_arm2,0,gb_eoh_2122r3,HP_Peak,FFNN,size_peak,netfit,residual,log,p0.1|n40,wape,23.268342102787923,6,22,q_arm2,neural
iter05b_arm2,0,gb_eoh_2122r3,HP_Peak,FFNN,size_peak,netfit,residual,log,p0.1|n40,rmse,3.5807160890889578,6,22,q_arm2,neural
iter05b_arm2,0,gb_eoh_2122r3,HP_Peak,FFNN,size_peak,netfit,residual,log,p0.1|n40,mae,2.8434913828450767,6,22,q_arm2,neural
iter05b_arm2,0,gb_eoh_2122r3,HP_Peak,FFNN,size_peak,netfit,residual,log,p0.1|n40,mape,23.96712268307157,6,22,q_arm2,neural
iter05b_arm2,0,gb_eoh_2122r3,HP_Peak,FFNN,size_peak,netfit,residual,log,p0.1|n40,r2,-7.173169179866406,6,22,q_arm2,neural
iter05b_arm2,0,gb_eoh_2122r3,HP_Peak,FFNN,size_peak,netfit,residual,log,p0.1|n40,n_pred_nan,0.0,6,22,q_arm2,neural
iter05b_arm2,0,gb_eoh_2122r3,HP_Peak,FFNN,size_peak,netfit,residual,log,p0.1|n40,mape_n_excluded,0.0,6,22,q_arm2,neural
iter05b_arm2,0,gb_eoh_2122r3,HP_Peak,FFNN,size_peak,netfit,residual,log,p0.5|n10,wape,15.122718082953496,6,24,q_arm2,neural
iter05b_arm2,0,gb_eoh_2122r3,HP_Peak,FFNN,size_peak,netfit,residual,log,p0.5|n10,rmse,3.2946499836447334,6,24,q_arm2,neural
iter05b_arm2,0,gb_eoh_2122r3,HP_Peak,FFNN,size_peak,netfit,residual,log,p0.5|n10,mae,2.506210259348735,6,24,q_arm2,neural
iter05b_arm2,0,gb_eoh_2122r3,HP_Peak,FFNN,size_peak,netfit,residual,log,p0.5|n10,mape,14.319567576595713,6,24,q_arm2,neural
iter05b_arm2,0,gb_eoh_2122r3,HP_Peak,FFNN,size_peak,netfit,residual,log,p0.5|n10,r2,-1.461556934494618,6,24,q_arm2,neural
iter05b_arm2,0,gb_eoh_2122r3,HP_Peak,FFNN,size_peak,netfit,residual,log,p0.5|n10,n_pred_nan,0.0,6,24,q_arm2,neural
iter05b_arm2,0,gb_eoh_2122r3,HP_Peak,FFNN,size_peak,netfit,residual,log,p0.5|n10,mape_n_excluded,0.0,6,24,q_arm2,neural
iter05b_arm2,0,gb_eoh_2122r3,HP_Peak,FFNN,size_peak,netfit,residual,log,p0.5|n40,wape,9.209526102761137,2,28,q_arm2,neural
iter05b_arm2,0,gb_eoh_2122r3,HP_Peak,FFNN,size_peak,netfit,residual,log,p0.5|n40,rmse,7.564807234844227,2,28,q_arm2,neural
iter05b_arm2,0,gb_eoh_2122r3,HP_Peak,FFNN,size_peak,netfit,residual,log,p0.5|n40,mae,6.732000994493021,2,28,q_arm2,neural
iter05b_arm2,0,gb_eoh_2122r3,HP_Peak,FFNN,size_peak,netfit,residual,log,p0.5|n40,mape,9.20819351270348,2,28,q_arm2,neural
iter05b_arm2,0,gb_eoh_2122r3,HP_Peak,FFNN,size_peak,netfit,residual,log,p0.5|n40,r2,-134238.2109856506,2,28,q_arm2,neural
iter05b_arm2,0,gb_eoh_2122r3,HP_Peak,FFNN,size_peak,netfit,residual,log,p0.5|n40,n_pred_nan,0.0,2,28,q_arm2,neural
iter05b_arm2,0,gb_eoh_2122r3,HP_Peak,FFNN,size_peak,netfit,residual,log,p0.5|n40,mape_n_excluded,0.0,2,28,q_arm2,neural
iter05b_arm2,0,gb_eoh_2122r3,HP_Peak,FFNN,size_peak,both,direct,log,all,wape,33.74759517340377,30,58,q_arm2,neural
iter05b_arm2,0,gb_eoh_2122r3,HP_Peak,FFNN,size_peak,both,direct,log,all,rmse,7.631187892479984,30,58,q_arm2,neural
iter05b_arm2,0,gb_eoh_2122r3,HP_Peak,FFNN,size_peak,both,direct,log,all,mae,4.180116649949868,30,58,q_arm2,neural
iter05b_arm2,0,gb_eoh_2122r3,HP_Peak,FFNN,size_peak,both,direct,log,all,mape,33.560203359915015,30,58,q_arm2,neural
iter05b_arm2,0,gb_eoh_2122r3,HP_Peak,FFNN,size_peak,both,direct,log,all,r2,0.8025302815737563,30,58,q_arm2,neural
iter05b_arm2,0,gb_eoh_2122r3,HP_Peak,FFNN,size_peak,both,direct,log,all,n_pred_nan,0.0,30,58,q_arm2,neural
iter05b_arm2,0,gb_eoh_2122r3,HP_Peak,FFNN,size_peak,both,direct,log,all,mape_n_excluded,0.0,30,58,q_arm2,neural
iter05b_arm2,0,gb_eoh_2122r3,HP_Peak,FFNN,size_peak,both,direct,log,all,wape_train,0.7733700773826132,30,58,q_arm2,neural
iter05b_arm2,0,gb_eoh_2122r3,HP_Peak,FFNN,size_peak,both,direct,log,all,wape_inner,41.45719107760842,30,58,q_arm2,neural
iter05b_arm2,0,gb_eoh_2122r3,HP_Peak,FFNN,size_peak,both,direct,log,all,n_train_sub,111.0,30,58,q_arm2,neural
iter05b_arm2,0,gb_eoh_2122r3,HP_Peak,FFNN,size_peak,both,direct,log,all,n_inner_sub,90.0,30,58,q_arm2,neural
iter05b_arm2,0,gb_eoh_2122r3,HP_Peak,FFNN,size_peak,both,direct,log,all,n_test_sub,30.0,30,58,q_arm2,neural
iter05b_arm2,0,gb_eoh_2122r3,HP_Peak,FFNN,size_peak,both,direct,log,all,n_overlap_sub,0.0,30,58,q_arm2,neural
iter05b_arm2,0,gb_eoh_2122r3,HP_Peak,FFNN,size_peak,both,direct,log,pbin<=15,wape,29.95055743575275,22,34,q_arm2,neural
iter05b_arm2,0,gb_eoh_2122r3,HP_Peak,FFNN,size_peak,both,direct,log,pbin<=15,rmse,2.5310885145902136,22,34,q_arm2,neural
iter05b_arm2,0,gb_eoh_2122r3,HP_Peak,FFNN,size_peak,both,direct,log,pbin<=15,mae,1.7148194362394313,22,34,q_arm2,neural
iter05b_arm2,0,gb_eoh_2122r3,HP_Peak,FFNN,size_peak,both,direct,log,pbin<=15,mape,29.70605155976583,22,34,q_arm2,neural
iter05b_arm2,0,gb_eoh_2122r3,HP_Peak,FFNN,size_peak,both,direct,log,pbin<=15,r2,0.6166376249210086,22,34,q_arm2,neural
iter05b_arm2,0,gb_eoh_2122r3,HP_Peak,FFNN,size_peak,both,direct,log,pbin<=15,n_pred_nan,0.0,22,34,q_arm2,neural
iter05b_arm2,0,gb_eoh_2122r3,HP_Peak,FFNN,size_peak,both,direct,log,pbin<=15,mape_n_excluded,0.0,22,34,q_arm2,neural
iter05b_arm2,0,gb_eoh_2122r3,HP_Peak,FFNN,size_peak,both,direct,log,pbin35-65,wape,35.69473540362,8,43,q_arm2,neural
iter05b_arm2,0,gb_eoh_2122r3,HP_Peak,FFNN,size_peak,both,direct,log,pbin35-65,rmse,14.16911191641347,8,43,q_arm2,neural
iter05b_arm2,0,gb_eoh_2122r3,HP_Peak,FFNN,size_peak,both,direct,log,pbin35-65,mae,10.95968398765357,8,43,q_arm2,neural
iter05b_arm2,0,gb_eoh_2122r3,HP_Peak,FFNN,size_peak,both,direct,log,pbin35-65,mape,44.15912081032529,8,43,q_arm2,neural
iter05b_arm2,0,gb_eoh_2122r3,HP_Peak,FFNN,size_peak,both,direct,log,pbin35-65,r2,0.6667268368793055,8,43,q_arm2,neural
iter05b_arm2,0,gb_eoh_2122r3,HP_Peak,FFNN,size_peak,both,direct,log,pbin35-65,n_pred_nan,0.0,8,43,q_arm2,neural
iter05b_arm2,0,gb_eoh_2122r3,HP_Peak,FFNN,size_peak,both,direct,log,pbin35-65,mape_n_excluded,0.0,8,43,q_arm2,neural
iter05b_arm2,0,gb_eoh_2122r3,HP_Peak,FFNN,size_peak,both,direct,log,p0.1|n10,wape,29.579124420985696,16,15,q_arm2,neural
iter05b_arm2,0,gb_eoh_2122r3,HP_Peak,FFNN,size_peak,both,direct,log,p0.1|n10,rmse,1.2880076622010088,16,15,q_arm2,neural
iter05b_arm2,0,gb_eoh_2122r3,HP_Peak,FFNN,size_peak,both,direct,log,p0.1|n10,mae,0.9731243872811577,16,15,q_arm2,neural
iter05b_arm2,0,gb_eoh_2122r3,HP_Peak,FFNN,size_peak,both,direct,log,p0.1|n10,mape,29.183545396995612,16,15,q_arm2,neural
iter05b_arm2,0,gb_eoh_2122r3,HP_Peak,FFNN,size_peak,both,direct,log,p0.1|n10,r2,-1.5989599294511656,16,15,q_arm2,neural
iter05b_arm2,0,gb_eoh_2122r3,HP_Peak,FFNN,size_peak,both,direct,log,p0.1|n10,n_pred_nan,0.0,16,15,q_arm2,neural
iter05b_arm2,0,gb_eoh_2122r3,HP_Peak,FFNN,size_peak,both,direct,log,p0.1|n10,mape_n_excluded,0.0,16,15,q_arm2,neural
iter05b_arm2,0,gb_eoh_2122r3,HP_Peak,FFNN,size_peak,both,direct,log,p0.1|n40,wape,30.21721002294923,6,22,q_arm2,neural
iter05b_arm2,0,gb_eoh_2122r3,HP_Peak,FFNN,size_peak,both,direct,log,p0.1|n40,rmse,4.366493247923609,6,22,q_arm2,neural
iter05b_arm2,0,gb_eoh_2122r3,HP_Peak,FFNN,size_peak,both,direct,log,p0.1|n40,mae,3.6926729001281586,6,22,q_arm2,neural
iter05b_arm2,0,gb_eoh_2122r3,HP_Peak,FFNN,size_peak,both,direct,log,p0.1|n40,mape,31.09940132715307,6,22,q_arm2,neural
iter05b_arm2,0,gb_eoh_2122r3,HP_Peak,FFNN,size_peak,both,direct,log,p0.1|n40,r2,-11.153917923506729,6,22,q_arm2,neural
iter05b_arm2,0,gb_eoh_2122r3,HP_Peak,FFNN,size_peak,both,direct,log,p0.1|n40,n_pred_nan,0.0,6,22,q_arm2,neural
iter05b_arm2,0,gb_eoh_2122r3,HP_Peak,FFNN,size_peak,both,direct,log,p0.1|n40,mape_n_excluded,0.0,6,22,q_arm2,neural
iter05b_arm2,0,gb_eoh_2122r3,HP_Peak,FFNN,size_peak,both,direct,log,p0.5|n10,wape,48.841600974587216,6,24,q_arm2,neural
iter05b_arm2,0,gb_eoh_2122r3,HP_Peak,FFNN,size_peak,both,direct,log,p0.5|n10,rmse,8.255198741530137,6,24,q_arm2,neural
iter05b_arm2,0,gb_eoh_2122r3,HP_Peak,FFNN,size_peak,both,direct,log,p0.5|n10,mae,8.094267232522611,6,24,q_arm2,neural
iter05b_arm2,0,gb_eoh_2122r3,HP_Peak,FFNN,size_peak,both,direct,log,p0.5|n10,mape,49.96307075419803,6,24,q_arm2,neural
iter05b_arm2,0,gb_eoh_2122r3,HP_Peak,FFNN,size_peak,both,direct,log,p0.5|n10,r2,-14.45419493154436,6,24,q_arm2,neural
iter05b_arm2,0,gb_eoh_2122r3,HP_Peak,FFNN,size_peak,both,direct,log,p0.5|n10,n_pred_nan,0.0,6,24,q_arm2,neural
iter05b_arm2,0,gb_eoh_2122r3,HP_Peak,FFNN,size_peak,both,direct,log,p0.5|n10,mape_n_excluded,0.0,6,24,q_arm2,neural
iter05b_arm2,0,gb_eoh_2122r3,HP_Peak,FFNN,size_peak,both,direct,log,p0.5|n40,wape,26.752950142853482,2,28,q_arm2,neural
iter05b_arm2,0,gb_eoh_2122r3,HP_Peak,FFNN,size_peak,both,direct,log,p0.5|n40,rmse,24.466507948886342,2,28,q_arm2,neural
iter05b_arm2,0,gb_eoh_2122r3,HP_Peak,FFNN,size_peak,both,direct,log,p0.5|n40,mae,19.55593425304644,2,28,q_arm2,neural
iter05b_arm2,0,gb_eoh_2122r3,HP_Peak,FFNN,size_peak,both,direct,log,p0.5|n40,mape,26.74727097870708,2,28,q_arm2,neural
iter05b_arm2,0,gb_eoh_2122r3,HP_Peak,FFNN,size_peak,both,direct,log,p0.5|n40,r2,-1404194.6872482868,2,28,q_arm2,neural
iter05b_arm2,0,gb_eoh_2122r3,HP_Peak,FFNN,size_peak,both,direct,log,p0.5|n40,n_pred_nan,0.0,2,28,q_arm2,neural
iter05b_arm2,0,gb_eoh_2122r3,HP_Peak,FFNN,size_peak,both,direct,log,p0.5|n40,mape_n_excluded,0.0,2,28,q_arm2,neural
iter05b_arm2,0,gb_eoh_2122r3,HP_Peak,FFNN,size_peak,both,residual,log,all,wape,26.187625227158843,30,58,q_arm2,neural
iter05b_arm2,0,gb_eoh_2122r3,HP_Peak,FFNN,size_peak,both,residual,log,all,rmse,5.208429954003474,30,58,q_arm2,neural
iter05b_arm2,0,gb_eoh_2122r3,HP_Peak,FFNN,size_peak,both,residual,log,all,mae,3.2437075196683733,30,58,q_arm2,neural
iter05b_arm2,0,gb_eoh_2122r3,HP_Peak,FFNN,size_peak,both,residual,log,all,mape,31.34407751132937,30,58,q_arm2,neural
iter05b_arm2,0,gb_eoh_2122r3,HP_Peak,FFNN,size_peak,both,residual,log,all,r2,0.908012276904424,30,58,q_arm2,neural
iter05b_arm2,0,gb_eoh_2122r3,HP_Peak,FFNN,size_peak,both,residual,log,all,n_pred_nan,0.0,30,58,q_arm2,neural
iter05b_arm2,0,gb_eoh_2122r3,HP_Peak,FFNN,size_peak,both,residual,log,all,mape_n_excluded,0.0,30,58,q_arm2,neural
iter05b_arm2,0,gb_eoh_2122r3,HP_Peak,FFNN,size_peak,both,residual,log,all,n_invalid,0.0,30,58,q_arm2,neural
iter05b_arm2,0,gb_eoh_2122r3,HP_Peak,FFNN,size_peak,both,residual,log,all,n_resid_excluded_train,0.0,30,58,q_arm2,neural
iter05b_arm2,0,gb_eoh_2122r3,HP_Peak,FFNN,size_peak,both,residual,log,all,n_resid_excluded_inner,0.0,30,58,q_arm2,neural
iter05b_arm2,0,gb_eoh_2122r3,HP_Peak,FFNN,size_peak,both,residual,log,all,wape_train,8.037448772597578,30,58,q_arm2,neural
iter05b_arm2,0,gb_eoh_2122r3,HP_Peak,FFNN,size_peak,both,residual,log,all,wape_inner,34.227583639618196,30,58,q_arm2,neural
iter05b_arm2,0,gb_eoh_2122r3,HP_Peak,FFNN,size_peak,both,residual,log,all,n_train_sub,111.0,30,58,q_arm2,neural
iter05b_arm2,0,gb_eoh_2122r3,HP_Peak,FFNN,size_peak,both,residual,log,all,n_inner_sub,90.0,30,58,q_arm2,neural
iter05b_arm2,0,gb_eoh_2122r3,HP_Peak,FFNN,size_peak,both,residual,log,all,n_test_sub,30.0,30,58,q_arm2,neural
iter05b_arm2,0,gb_eoh_2122r3,HP_Peak,FFNN,size_peak,both,residual,log,all,n_overlap_sub,0.0,30,58,q_arm2,neural
iter05b_arm2,0,gb_eoh_2122r3,HP_Peak,FFNN,size_peak,both,residual,log,pbin<=15,wape,33.11941388588664,22,34,q_arm2,neural
iter05b_arm2,0,gb_eoh_2122r3,HP_Peak,FFNN,size_peak,both,residual,log,pbin<=15,rmse,2.8366597808090215,22,34,q_arm2,neural
iter05b_arm2,0,gb_eoh_2122r3,HP_Peak,FFNN,size_peak,both,residual,log,pbin<=15,mae,1.8962523408856589,22,34,q_arm2,neural
iter05b_arm2,0,gb_eoh_2122r3,HP_Peak,FFNN,size_peak,both,residual,log,pbin<=15,mape,34.27231909855693,22,34,q_arm2,neural
iter05b_arm2,0,gb_eoh_2122r3,HP_Peak,FFNN,size_peak,both,residual,log,pbin<=15,r2,0.5184855517369849,22,34,q_arm2,neural
iter05b_arm2,0,gb_eoh_2122r3,HP_Peak,FFNN,size_peak,both,residual,log,pbin<=15,n_pred_nan,0.0,22,34,q_arm2,neural
iter05b_arm2,0,gb_eoh_2122r3,HP_Peak,FFNN,size_peak,both,residual,log,pbin<=15,mape_n_excluded,0.0,22,34,q_arm2,neural
iter05b_arm2,0,gb_eoh_2122r3,HP_Peak,FFNN,size_peak,both,residual,log,pbin35-65,wape,22.632968808833297,8,43,q_arm2,neural
iter05b_arm2,0,gb_eoh_2122r3,HP_Peak,FFNN,size_peak,both,residual,log,pbin35-65,rmse,8.921926823194573,8,43,q_arm2,neural
iter05b_arm2,0,gb_eoh_2122r3,HP_Peak,FFNN,size_peak,both,residual,log,pbin35-65,mae,6.949209261320839,8,43,q_arm2,neural
iter05b_arm2,0,gb_eoh_2122r3,HP_Peak,FFNN,size_peak,both,residual,log,pbin35-65,mape,23.291413146453603,8,43,q_arm2,neural
iter05b_arm2,0,gb_eoh_2122r3,HP_Peak,FFNN,size_peak,both,residual,log,pbin35-65,r2,0.8678605800954948,8,43,q_arm2,neural
iter05b_arm2,0,gb_eoh_2122r3,HP_Peak,FFNN,size_peak,both,residual,log,pbin35-65,n_pred_nan,0.0,8,43,q_arm2,neural
iter05b_arm2,0,gb_eoh_2122r3,HP_Peak,FFNN,size_peak,both,residual,log,pbin35-65,mape_n_excluded,0.0,8,43,q_arm2,neural
iter05b_arm2,0,gb_eoh_2122r3,HP_Peak,FFNN,size_peak,both,residual,log,p0.1|n10,wape,37.915501722173936,16,15,q_arm2,neural
iter05b_arm2,0,gb_eoh_2122r3,HP_Peak,FFNN,size_peak,both,residual,log,p0.1|n10,rmse,1.5837798525975086,16,15,q_arm2,neural
iter05b_arm2,0,gb_eoh_2122r3,HP_Peak,FFNN,size_peak,both,residual,log,p0.1|n10,mae,1.2473830819573206,16,15,q_arm2,neural
iter05b_arm2,0,gb_eoh_2122r3,HP_Peak,FFNN,size_peak,both,residual,log,p0.1|n10,mape,35.60644993696261,16,15,q_arm2,neural
iter05b_arm2,0,gb_eoh_2122r3,HP_Peak,FFNN,size_peak,both,residual,log,p0.1|n10,r2,-2.929635951086616,16,15,q_arm2,neural
iter05b_arm2,0,gb_eoh_2122r3,HP_Peak,FFNN,size_peak,both,residual,log,p0.1|n10,n_pred_nan,0.0,16,15,q_arm2,neural
iter05b_arm2,0,gb_eoh_2122r3,HP_Peak,FFNN,size_peak,both,residual,log,p0.1|n10,mape_n_excluded,0.0,16,15,q_arm2,neural
iter05b_arm2,0,gb_eoh_2122r3,HP_Peak,FFNN,size_peak,both,residual,log,p0.1|n40,wape,29.676291763934966,6,22,q_arm2,neural
iter05b_arm2,0,gb_eoh_2122r3,HP_Peak,FFNN,size_peak,both,residual,log,p0.1|n40,rmse,4.77654536461601,6,22,q_arm2,neural
iter05b_arm2,0,gb_eoh_2122r3,HP_Peak,FFNN,size_peak,both,residual,log,p0.1|n40,mae,3.6265703646945604,6,22,q_arm2,neural
iter05b_arm2,0,gb_eoh_2122r3,HP_Peak,FFNN,size_peak,both,residual,log,p0.1|n40,mape,30.714636862808437,6,22,q_arm2,neural
iter05b_arm2,0,gb_eoh_2122r3,HP_Peak,FFNN,size_peak,both,residual,log,p0.1|n40,r2,-13.54382120338317,6,22,q_arm2,neural
iter05b_arm2,0,gb_eoh_2122r3,HP_Peak,FFNN,size_peak,both,residual,log,p0.1|n40,n_pred_nan,0.0,6,22,q_arm2,neural
iter05b_arm2,0,gb_eoh_2122r3,HP_Peak,FFNN,size_peak,both,residual,log,p0.1|n40,mape_n_excluded,0.0,6,22,q_arm2,neural
iter05b_arm2,0,gb_eoh_2122r3,HP_Peak,FFNN,size_peak,both,residual,log,p0.5|n10,wape,24.004361314698894,6,24,q_arm2,neural
iter05b_arm2,0,gb_eoh_2122r3,HP_Peak,FFNN,size_peak,both,residual,log,p0.5|n10,rmse,4.440576029176518,6,24,q_arm2,neural
iter05b_arm2,0,gb_eoh_2122r3,HP_Peak,FFNN,size_peak,both,residual,log,p0.5|n10,mae,3.9781192948260595,6,24,q_arm2,neural
iter05b_arm2,0,gb_eoh_2122r3,HP_Peak,FFNN,size_peak,both,residual,log,p0.5|n10,mape,23.822165381414955,6,24,q_arm2,neural
iter05b_arm2,0,gb_eoh_2122r3,HP_Peak,FFNN,size_peak,both,residual,log,p0.5|n10,r2,-3.4716719959936535,6,24,q_arm2,neural
iter05b_arm2,0,gb_eoh_2122r3,HP_Peak,FFNN,size_peak,both,residual,log,p0.5|n10,n_pred_nan,0.0,6,24,q_arm2,neural
iter05b_arm2,0,gb_eoh_2122r3,HP_Peak,FFNN,size_peak,both,residual,log,p0.5|n10,mape_n_excluded,0.0,6,24,q_arm2,neural
iter05b_arm2,0,gb_eoh_2122r3,HP_Peak,FFNN,size_peak,both,residual,log,p0.5|n40,wape,21.70022197047246,2,28,q_arm2,neural
iter05b_arm2,0,gb_eoh_2122r3,HP_Peak,FFNN,size_peak,both,residual,log,p0.5|n40,rmse,16.10114798829773,2,28,q_arm2,neural
iter05b_arm2,0,gb_eoh_2122r3,HP_Peak,FFNN,size_peak,both,residual,log,p0.5|n40,mae,15.86247916080518,2,28,q_arm2,neural
iter05b_arm2,0,gb_eoh_2122r3,HP_Peak,FFNN,size_peak,both,residual,log,p0.5|n40,mape,21.69915644156956,2,28,q_arm2,neural
iter05b_arm2,0,gb_eoh_2122r3,HP_Peak,FFNN,size_peak,both,residual,log,p0.5|n40,r2,-608130.280015764,2,28,q_arm2,neural
iter05b_arm2,0,gb_eoh_2122r3,HP_Peak,FFNN,size_peak,both,residual,log,p0.5|n40,n_pred_nan,0.0,2,28,q_arm2,neural
iter05b_arm2,0,gb_eoh_2122r3,HP_Peak,FFNN,size_peak,both,residual,log,p0.5|n40,mape_n_excluded,0.0,2,28,q_arm2,neural
iter05b_arm2,0,gb_eoh_2122r3,HP_Peak,CNN,size,raw,direct,log,all,wape,39.758844467635406,30,58,q_arm2,rawseries
iter05b_arm2,0,gb_eoh_2122r3,HP_Peak,CNN,size,raw,direct,log,all,rmse,9.002885235287359,30,58,q_arm2,rawseries
iter05b_arm2,0,gb_eoh_2122r3,HP_Peak,CNN,size,raw,direct,log,all,mae,4.924694837897911,30,58,q_arm2,rawseries
iter05b_arm2,0,gb_eoh_2122r3,HP_Peak,CNN,size,raw,direct,log,all,mape,64.8612018037335,30,58,q_arm2,rawseries
iter05b_arm2,0,gb_eoh_2122r3,HP_Peak,CNN,size,raw,direct,log,all,r2,0.7251601888739969,30,58,q_arm2,rawseries
iter05b_arm2,0,gb_eoh_2122r3,HP_Peak,CNN,size,raw,direct,log,all,n_pred_nan,0.0,30,58,q_arm2,rawseries
iter05b_arm2,0,gb_eoh_2122r3,HP_Peak,CNN,size,raw,direct,log,all,mape_n_excluded,0.0,30,58,q_arm2,rawseries
iter05b_arm2,0,gb_eoh_2122r3,HP_Peak,CNN,size,raw,direct,log,all,wape_train,26.594852446178724,30,58,q_arm2,rawseries
iter05b_arm2,0,gb_eoh_2122r3,HP_Peak,CNN,size,raw,direct,log,all,wape_inner,42.412641048456315,30,58,q_arm2,rawseries
iter05b_arm2,0,gb_eoh_2122r3,HP_Peak,CNN,size,raw,direct,log,all,n_train_sub,111.0,30,58,q_arm2,rawseries
iter05b_arm2,0,gb_eoh_2122r3,HP_Peak,CNN,size,raw,direct,log,all,n_inner_sub,90.0,30,58,q_arm2,rawseries
iter05b_arm2,0,gb_eoh_2122r3,HP_Peak,CNN,size,raw,direct,log,all,n_test_sub,30.0,30,58,q_arm2,rawseries
iter05b_arm2,0,gb_eoh_2122r3,HP_Peak,CNN,size,raw,direct,log,all,n_overlap_sub,0.0,30,58,q_arm2,rawseries
iter05b_arm2,0,gb_eoh_2122r3,HP_Peak,CNN,size,raw,direct,log,all,cnn_params,4161.0,30,58,q_arm2,rawseries
iter05b_arm2,0,gb_eoh_2122r3,HP_Peak,CNN,size,raw,direct,log,all,cnn_params_flag,1.0,30,58,q_arm2,rawseries
iter05b_arm2,0,gb_eoh_2122r3,HP_Peak,CNN,size,raw,direct,log,pbin<=15,wape,45.82054473483837,22,34,q_arm2,rawseries
iter05b_arm2,0,gb_eoh_2122r3,HP_Peak,CNN,size,raw,direct,log,pbin<=15,rmse,4.1560311376380845,22,34,q_arm2,rawseries
iter05b_arm2,0,gb_eoh_2122r3,HP_Peak,CNN,size,raw,direct,log,pbin<=15,mae,2.6234557022495824,22,34,q_arm2,rawseries
iter05b_arm2,0,gb_eoh_2122r3,HP_Peak,CNN,size,raw,direct,log,pbin<=15,mape,76.82078393720437,22,34,q_arm2,rawseries
iter05b_arm2,0,gb_eoh_2122r3,HP_Peak,CNN,size,raw,direct,log,pbin<=15,r2,-0.033599775136172516,22,34,q_arm2,rawseries
iter05b_arm2,0,gb_eoh_2122r3,HP_Peak,CNN,size,raw,direct,log,pbin<=15,n_pred_nan,0.0,22,34,q_arm2,rawseries
iter05b_arm2,0,gb_eoh_2122r3,HP_Peak,CNN,size,raw,direct,log,pbin<=15,mape_n_excluded,0.0,22,34,q_arm2,rawseries
iter05b_arm2,0,gb_eoh_2122r3,HP_Peak,CNN,size,raw,direct,log,pbin35-65,wape,36.65037379410318,8,43,q_arm2,rawseries
iter05b_arm2,0,gb_eoh_2122r3,HP_Peak,CNN,size,raw,direct,log,pbin35-65,rmse,16.013904859598863,8,43,q_arm2,rawseries
iter05b_arm2,0,gb_eoh_2122r3,HP_Peak,CNN,size,raw,direct,log,pbin35-65,mae,11.253102460930817,8,43,q_arm2,rawseries
iter05b_arm2,0,gb_eoh_2122r3,HP_Peak,CNN,size,raw,direct,log,pbin35-65,mape,31.972350936688564,8,43,q_arm2,rawseries
iter05b_arm2,0,gb_eoh_2122r3,HP_Peak,CNN,size,raw,direct,log,pbin35-65,r2,0.5742941971602276,8,43,q_arm2,rawseries
iter05b_arm2,0,gb_eoh_2122r3,HP_Peak,CNN,size,raw,direct,log,pbin35-65,n_pred_nan,0.0,8,43,q_arm2,rawseries
iter05b_arm2,0,gb_eoh_2122r3,HP_Peak,CNN,size,raw,direct,log,pbin35-65,mape_n_excluded,0.0,8,43,q_arm2,rawseries
iter05b_arm2,0,gb_eoh_2122r3,HP_Peak,CNN,size,raw,direct,log,p0.1|n10,wape,89.43966612734619,16,15,q_arm2,rawseries
iter05b_arm2,0,gb_eoh_2122r3,HP_Peak,CNN,size,raw,direct,log,p0.1|n10,rmse,4.6461466095501684,16,15,q_arm2,rawseries
iter05b_arm2,0,gb_eoh_2122r3,HP_Peak,CNN,size,raw,direct,log,p0.1|n10,mae,2.942477913141172,16,15,q_arm2,rawseries
iter05b_arm2,0,gb_eoh_2122r3,HP_Peak,CNN,size,raw,direct,log,p0.1|n10,mape,100.05804805725793,16,15,q_arm2,rawseries
iter05b_arm2,0,gb_eoh_2122r3,HP_Peak,CNN,size,raw,direct,log,p0.1|n10,r2,-32.818045973910905,16,15,q_arm2,rawseries
iter05b_arm2,0,gb_eoh_2122r3,HP_Peak,CNN,size,raw,direct,log,p0.1|n10,n_pred_nan,0.0,16,15,q_arm2,rawseries
iter05b_arm2,0,gb_eoh_2122r3,HP_Peak,CNN,size,raw,direct,log,p0.1|n10,mape_n_excluded,0.0,16,15,q_arm2,rawseries
iter05b_arm2,0,gb_eoh_2122r3,HP_Peak,CNN,size,raw,direct,log,p0.1|n40,wape,14.50628049840596,6,22,q_arm2,rawseries
iter05b_arm2,0,gb_eoh_2122r3,HP_Peak,CNN,size,raw,direct,log,p0.1|n40,rmse,2.40174356442108,6,22,q_arm2,rawseries
iter05b_arm2,0,gb_eoh_2122r3,HP_Peak,CNN,size,raw,direct,log,p0.1|n40,mae,1.7727298065386747,6,22,q_arm2,rawseries
iter05b_arm2,0,gb_eoh_2122r3,HP_Peak,CNN,size,raw,direct,log,p0.1|n40,mape,14.854746283728218,6,22,q_arm2,rawseries
iter05b_arm2,0,gb_eoh_2122r3,HP_Peak,CNN,size,raw,direct,log,p0.1|n40,r2,-2.6770876709920217,6,22,q_arm2,rawseries
iter05b_arm2,0,gb_eoh_2122r3,HP_Peak,CNN,size,raw,direct,log,p0.1|n40,n_pred_nan,0.0,6,22,q_arm2,rawseries
iter05b_arm2,0,gb_eoh_2122r3,HP_Peak,CNN,size,raw,direct,log,p0.1|n40,mape_n_excluded,0.0,6,22,q_arm2,rawseries
iter05b_arm2,0,gb_eoh_2122r3,HP_Peak,CNN,size,raw,direct,log,p0.5|n10,wape,29.044201852980077,6,24,q_arm2,rawseries
iter05b_arm2,0,gb_eoh_2122r3,HP_Peak,CNN,size,raw,direct,log,p0.5|n10,rmse,5.395554734057053,6,24,q_arm2,rawseries
iter05b_arm2,0,gb_eoh_2122r3,HP_Peak,CNN,size,raw,direct,log,p0.5|n10,mae,4.8133461365377785,6,24,q_arm2,rawseries
iter05b_arm2,0,gb_eoh_2122r3,HP_Peak,CNN,size,raw,direct,log,p0.5|n10,mape,28.688823842456497,6,24,q_arm2,rawseries
iter05b_arm2,0,gb_eoh_2122r3,HP_Peak,CNN,size,raw,direct,log,p0.5|n10,r2,-5.601817650241105,6,24,q_arm2,rawseries
iter05b_arm2,0,gb_eoh_2122r3,HP_Peak,CNN,size,raw,direct,log,p0.5|n10,n_pred_nan,0.0,6,24,q_arm2,rawseries
iter05b_arm2,0,gb_eoh_2122r3,HP_Peak,CNN,size,raw,direct,log,p0.5|n10,mape_n_excluded,0.0,6,24,q_arm2,rawseries
iter05b_arm2,0,gb_eoh_2122r3,HP_Peak,CNN,size,raw,direct,log,p0.5|n40,wape,41.82367961265402,2,28,q_arm2,rawseries
iter05b_arm2,0,gb_eoh_2122r3,HP_Peak,CNN,size,raw,direct,log,p0.5|n40,rmse,30.634042546561165,2,28,q_arm2,rawseries
iter05b_arm2,0,gb_eoh_2122r3,HP_Peak,CNN,size,raw,direct,log,p0.5|n40,mae,30.57237143410993,2,28,q_arm2,rawseries
iter05b_arm2,0,gb_eoh_2122r3,HP_Peak,CNN,size,raw,direct,log,p0.5|n40,mape,41.822932219384754,2,28,q_arm2,rawseries
iter05b_arm2,0,gb_eoh_2122r3,HP_Peak,CNN,size,raw,direct,log,p0.5|n40,r2,-2201365.1366227088,2,28,q_arm2,rawseries
iter05b_arm2,0,gb_eoh_2122r3,HP_Peak,CNN,size,raw,direct,log,p0.5|n40,n_pred_nan,0.0,2,28,q_arm2,rawseries
iter05b_arm2,0,gb_eoh_2122r3,HP_Peak,CNN,size,raw,direct,log,p0.5|n40,mape_n_excluded,0.0,2,28,q_arm2,rawseries
iter05b_arm2,0,gb_eoh_2122r3,HP_Peak,CNN,size,raw,residual,log,all,wape,33.4176796457012,30,58,q_arm2,rawseries
iter05b_arm2,0,gb_eoh_2122r3,HP_Peak,CNN,size,raw,residual,log,all,rmse,6.778174934438489,30,58,q_arm2,rawseries
iter05b_arm2,0,gb_eoh_2122r3,HP_Peak,CNN,size,raw,residual,log,all,mae,4.139251948825524,30,58,q_arm2,rawseries
iter05b_arm2,0,gb_eoh_2122r3,HP_Peak,CNN,size,raw,residual,log,all,mape,50.29841723892567,30,58,q_arm2,rawseries
iter05b_arm2,0,gb_eoh_2122r3,HP_Peak,CNN,size,raw,residual,log,all,r2,0.8442092171354563,30,58,q_arm2,rawseries
iter05b_arm2,0,gb_eoh_2122r3,HP_Peak,CNN,size,raw,residual,log,all,n_pred_nan,0.0,30,58,q_arm2,rawseries
iter05b_arm2,0,gb_eoh_2122r3,HP_Peak,CNN,size,raw,residual,log,all,mape_n_excluded,0.0,30,58,q_arm2,rawseries
iter05b_arm2,0,gb_eoh_2122r3,HP_Peak,CNN,size,raw,residual,log,all,n_invalid,0.0,30,58,q_arm2,rawseries
iter05b_arm2,0,gb_eoh_2122r3,HP_Peak,CNN,size,raw,residual,log,all,n_resid_excluded_train,0.0,30,58,q_arm2,rawseries
iter05b_arm2,0,gb_eoh_2122r3,HP_Peak,CNN,size,raw,residual,log,all,n_resid_excluded_inner,0.0,30,58,q_arm2,rawseries
iter05b_arm2,0,gb_eoh_2122r3,HP_Peak,CNN,size,raw,residual,log,all,wape_train,22.28770072704816,30,58,q_arm2,rawseries
iter05b_arm2,0,gb_eoh_2122r3,HP_Peak,CNN,size,raw,residual,log,all,wape_inner,27.917740034030135,30,58,q_arm2,rawseries
iter05b_arm2,0,gb_eoh_2122r3,HP_Peak,CNN,size,raw,residual,log,all,n_train_sub,111.0,30,58,q_arm2,rawseries
iter05b_arm2,0,gb_eoh_2122r3,HP_Peak,CNN,size,raw,residual,log,all,n_inner_sub,90.0,30,58,q_arm2,rawseries
iter05b_arm2,0,gb_eoh_2122r3,HP_Peak,CNN,size,raw,residual,log,all,n_test_sub,30.0,30,58,q_arm2,rawseries
iter05b_arm2,0,gb_eoh_2122r3,HP_Peak,CNN,size,raw,residual,log,all,n_overlap_sub,0.0,30,58,q_arm2,rawseries
iter05b_arm2,0,gb_eoh_2122r3,HP_Peak,CNN,size,raw,residual,log,all,cnn_params,4161.0,30,58,q_arm2,rawseries
iter05b_arm2,0,gb_eoh_2122r3,HP_Peak,CNN,size,raw,residual,log,all,cnn_params_flag,1.0,30,58,q_arm2,rawseries
iter05b_arm2,0,gb_eoh_2122r3,HP_Peak,CNN,size,raw,residual,log,pbin<=15,wape,46.91775036626157,22,34,q_arm2,rawseries
iter05b_arm2,0,gb_eoh_2122r3,HP_Peak,CNN,size,raw,residual,log,pbin<=15,rmse,5.212259476971645,22,34,q_arm2,rawseries
iter05b_arm2,0,gb_eoh_2122r3,HP_Peak,CNN,size,raw,residual,log,pbin<=15,mae,2.6862762205772266,22,34,q_arm2,rawseries
iter05b_arm2,0,gb_eoh_2122r3,HP_Peak,CNN,size,raw,residual,log,pbin<=15,mape,56.28652258986185,22,34,q_arm2,rawseries
iter05b_arm2,0,gb_eoh_2122r3,HP_Peak,CNN,size,raw,residual,log,pbin<=15,r2,-0.62572422066725,22,34,q_arm2,rawseries
iter05b_arm2,0,gb_eoh_2122r3,HP_Peak,CNN,size,raw,residual,log,pbin<=15,n_pred_nan,0.0,22,34,q_arm2,rawseries
iter05b_arm2,0,gb_eoh_2122r3,HP_Peak,CNN,size,raw,residual,log,pbin<=15,mape_n_excluded,0.0,22,34,q_arm2,rawseries
iter05b_arm2,0,gb_eoh_2122r3,HP_Peak,CNN,size,raw,residual,log,pbin35-65,wape,26.494774837536404,8,43,q_arm2,rawseries
iter05b_arm2,0,gb_eoh_2122r3,HP_Peak,CNN,size,raw,residual,log,pbin35-65,rmse,9.878141199381405,8,43,q_arm2,rawseries
iter05b_arm2,0,gb_eoh_2122r3,HP_Peak,CNN,size,raw,residual,log,pbin35-65,mae,8.134935201508343,8,43,q_arm2,rawseries
iter05b_arm2,0,gb_eoh_2122r3,HP_Peak,CNN,size,raw,residual,log,pbin35-65,mape,33.831127523851194,8,43,q_arm2,rawseries
iter05b_arm2,0,gb_eoh_2122r3,HP_Peak,CNN,size,raw,residual,log,pbin35-65,r2,0.8380184532800028,8,43,q_arm2,rawseries
iter05b_arm2,0,gb_eoh_2122r3,HP_Peak,CNN,size,raw,residual,log,pbin35-65,n_pred_nan,0.0,8,43,q_arm2,rawseries
iter05b_arm2,0,gb_eoh_2122r3,HP_Peak,CNN,size,raw,residual,log,pbin35-65,mape_n_excluded,0.0,8,43,q_arm2,rawseries
iter05b_arm2,0,gb_eoh_2122r3,HP_Peak,CNN,size,raw,residual,log,p0.1|n10,wape,66.32698775866818,16,15,q_arm2,rawseries
iter05b_arm2,0,gb_eoh_2122r3,HP_Peak,CNN,size,raw,residual,log,p0.1|n10,rmse,5.057850280627353,16,15,q_arm2,rawseries
iter05b_arm2,0,gb_eoh_2122r3,HP_Peak,CNN,size,raw,residual,log,p0.1|n10,mae,2.1820933035146255,16,15,q_arm2,rawseries
iter05b_arm2,0,gb_eoh_2122r3,HP_Peak,CNN,size,raw,residual,log,p0.1|n10,mape,64.57497067598716,16,15,q_arm2,rawseries
iter05b_arm2,0,gb_eoh_2122r3,HP_Peak,CNN,size,raw,residual,log,p0.1|n10,r2,-39.0769469232899,16,15,q_arm2,rawseries
iter05b_arm2,0,gb_eoh_2122r3,HP_Peak,CNN,size,raw,residual,log,p0.1|n10,n_pred_nan,0.0,16,15,q_arm2,rawseries
iter05b_arm2,0,gb_eoh_2122r3,HP_Peak,CNN,size,raw,residual,log,p0.1|n10,mape_n_excluded,0.0,16,15,q_arm2,rawseries
iter05b_arm2,0,gb_eoh_2122r3,HP_Peak,CNN,size,raw,residual,log,p0.1|n40,wape,32.98381568508619,6,22,q_arm2,rawseries
iter05b_arm2,0,gb_eoh_2122r3,HP_Peak,CNN,size,raw,residual,log,p0.1|n40,rmse,5.6032532728213775,6,22,q_arm2,rawseries
iter05b_arm2,0,gb_eoh_2122r3,HP_Peak,CNN,size,raw,residual,log,p0.1|n40,mae,4.030763999410831,6,22,q_arm2,rawseries
iter05b_arm2,0,gb_eoh_2122r3,HP_Peak,CNN,size,raw,residual,log,p0.1|n40,mape,34.18399436019441,6,22,q_arm2,rawseries
iter05b_arm2,0,gb_eoh_2122r3,HP_Peak,CNN,size,raw,residual,log,p0.1|n40,r2,-19.013876717738746,6,22,q_arm2,rawseries
iter05b_arm2,0,gb_eoh_2122r3,HP_Peak,CNN,size,raw,residual,log,p0.1|n40,n_pred_nan,0.0,6,22,q_arm2,rawseries
iter05b_arm2,0,gb_eoh_2122r3,HP_Peak,CNN,size,raw,residual,log,p0.1|n40,mape_n_excluded,0.0,6,22,q_arm2,rawseries
iter05b_arm2,0,gb_eoh_2122r3,HP_Peak,CNN,size,raw,residual,log,p0.5|n10,wape,39.462314993007624,6,24,q_arm2,rawseries
iter05b_arm2,0,gb_eoh_2122r3,HP_Peak,CNN,size,raw,residual,log,p0.5|n10,rmse,7.33980779170734,6,24,q_arm2,rawseries
iter05b_arm2,0,gb_eoh_2122r3,HP_Peak,CNN,size,raw,residual,log,p0.5|n10,mae,6.539886424558116,6,24,q_arm2,rawseries
iter05b_arm2,0,gb_eoh_2122r3,HP_Peak,CNN,size,raw,residual,log,p0.5|n10,mape,39.21752948341428,6,24,q_arm2,rawseries
iter05b_arm2,0,gb_eoh_2122r3,HP_Peak,CNN,size,raw,residual,log,p0.5|n10,r2,-11.216890849664612,6,24,q_arm2,rawseries
iter05b_arm2,0,gb_eoh_2122r3,HP_Peak,CNN,size,raw,residual,log,p0.5|n10,n_pred_nan,0.0,6,24,q_arm2,rawseries
iter05b_arm2,0,gb_eoh_2122r3,HP_Peak,CNN,size,raw,residual,log,p0.5|n10,mape_n_excluded,0.0,6,24,q_arm2,rawseries
iter05b_arm2,0,gb_eoh_2122r3,HP_Peak,CNN,size,raw,residual,log,p0.5|n40,wape,17.67495700303642,2,28,q_arm2,rawseries
iter05b_arm2,0,gb_eoh_2122r3,HP_Peak,CNN,size,raw,residual,log,p0.5|n40,rmse,15.12257778826222,2,28,q_arm2,rawseries
iter05b_arm2,0,gb_eoh_2122r3,HP_Peak,CNN,size,raw,residual,log,p0.5|n40,mae,12.920081532359024,2,28,q_arm2,rawseries
iter05b_arm2,0,gb_eoh_2122r3,HP_Peak,CNN,size,raw,residual,log,p0.5|n40,mape,17.67192164516192,2,28,q_arm2,rawseries
iter05b_arm2,0,gb_eoh_2122r3,HP_Peak,CNN,size,raw,residual,log,p0.5|n40,r2,-536456.4900951907,2,28,q_arm2,rawseries
iter05b_arm2,0,gb_eoh_2122r3,HP_Peak,CNN,size,raw,residual,log,p0.5|n40,n_pred_nan,0.0,2,28,q_arm2,rawseries
iter05b_arm2,0,gb_eoh_2122r3,HP_Peak,CNN,size,raw,residual,log,p0.5|n40,mape_n_excluded,0.0,2,28,q_arm2,rawseries
iter05b_arm2,0,gb_eoh_2122r3,HP_Peak,CNN,size_peak,raw,direct,log,all,wape,37.11179580744333,30,58,q_arm2,rawseries
iter05b_arm2,0,gb_eoh_2122r3,HP_Peak,CNN,size_peak,raw,direct,log,all,rmse,8.625249259617847,30,58,q_arm2,rawseries
iter05b_arm2,0,gb_eoh_2122r3,HP_Peak,CNN,size_peak,raw,direct,log,all,mae,4.596820448009039,30,58,q_arm2,rawseries
iter05b_arm2,0,gb_eoh_2122r3,HP_Peak,CNN,size_peak,raw,direct,log,all,mape,65.10837586122595,30,58,q_arm2,rawseries
iter05b_arm2,0,gb_eoh_2122r3,HP_Peak,CNN,size_peak,raw,direct,log,all,r2,0.7477335344172594,30,58,q_arm2,rawseries
iter05b_arm2,0,gb_eoh_2122r3,HP_Peak,CNN,size_peak,raw,direct,log,all,n_pred_nan,0.0,30,58,q_arm2,rawseries
iter05b_arm2,0,gb_eoh_2122r3,HP_Peak,CNN,size_peak,raw,direct,log,all,mape_n_excluded,0.0,30,58,q_arm2,rawseries
iter05b_arm2,0,gb_eoh_2122r3,HP_Peak,CNN,size_peak,raw,direct,log,all,wape_train,20.8027174802484,30,58,q_arm2,rawseries
iter05b_arm2,0,gb_eoh_2122r3,HP_Peak,CNN,size_peak,raw,direct,log,all,wape_inner,33.598384520566626,30,58,q_arm2,rawseries
iter05b_arm2,0,gb_eoh_2122r3,HP_Peak,CNN,size_peak,raw,direct,log,all,n_train_sub,111.0,30,58,q_arm2,rawseries
iter05b_arm2,0,gb_eoh_2122r3,HP_Peak,CNN,size_peak,raw,direct,log,all,n_inner_sub,90.0,30,58,q_arm2,rawseries
iter05b_arm2,0,gb_eoh_2122r3,HP_Peak,CNN,size_peak,raw,direct,log,all,n_test_sub,30.0,30,58,q_arm2,rawseries
iter05b_arm2,0,gb_eoh_2122r3,HP_Peak,CNN,size_peak,raw,direct,log,all,n_overlap_sub,0.0,30,58,q_arm2,rawseries
iter05b_arm2,0,gb_eoh_2122r3,HP_Peak,CNN,size_peak,raw,direct,log,all,cnn_params,4177.0,30,58,q_arm2,rawseries
iter05b_arm2,0,gb_eoh_2122r3,HP_Peak,CNN,size_peak,raw,direct,log,all,cnn_params_flag,1.0,30,58,q_arm2,rawseries
iter05b_arm2,0,gb_eoh_2122r3,HP_Peak,CNN,size_peak,raw,direct,log,pbin<=15,wape,50.52920020033095,22,34,q_arm2,rawseries
iter05b_arm2,0,gb_eoh_2122r3,HP_Peak,CNN,size_peak,raw,direct,log,pbin<=15,rmse,6.782161732253713,22,34,q_arm2,rawseries
iter05b_arm2,0,gb_eoh_2122r3,HP_Peak,CNN,size_peak,raw,direct,log,pbin<=15,mae,2.8930498134143705,22,34,q_arm2,rawseries
iter05b_arm2,0,gb_eoh_2122r3,HP_Peak,CNN,size_peak,raw,direct,log,pbin<=15,mape,77.09322380595029,22,34,q_arm2,rawseries
iter05b_arm2,0,gb_eoh_2122r3,HP_Peak,CNN,size_peak,raw,direct,log,pbin<=15,r2,-1.7525239397847434,22,34,q_arm2,rawseries
iter05b_arm2,0,gb_eoh_2122r3,HP_Peak,CNN,size_peak,raw,direct,log,pbin<=15,n_pred_nan,0.0,22,34,q_arm2,rawseries
iter05b_arm2,0,gb_eoh_2122r3,HP_Peak,CNN,size_peak,raw,direct,log,pbin<=15,mape_n_excluded,0.0,22,34,q_arm2,rawseries
iter05b_arm2,0,gb_eoh_2122r3,HP_Peak,CNN,size_peak,raw,direct,log,pbin35-65,wape,30.231282711823244,8,43,q_arm2,rawseries
iter05b_arm2,0,gb_eoh_2122r3,HP_Peak,CNN,size_peak,raw,direct,log,pbin35-65,rmse,12.348572553853742,8,43,q_arm2,rawseries
iter05b_arm2,0,gb_eoh_2122r3,HP_Peak,CNN,size_peak,raw,direct,log,pbin35-65,mae,9.28218969314438,8,43,q_arm2,rawseries
iter05b_arm2,0,gb_eoh_2122r3,HP_Peak,CNN,size_peak,raw,direct,log,pbin35-65,mape,32.150044013233966,8,43,q_arm2,rawseries
iter05b_arm2,0,gb_eoh_2122r3,HP_Peak,CNN,size_peak,raw,direct,log,pbin35-65,r2,0.7468670982059407,8,43,q_arm2,rawseries
iter05b_arm2,0,gb_eoh_2122r3,HP_Peak,CNN,size_peak,raw,direct,log,pbin35-65,n_pred_nan,0.0,8,43,q_arm2,rawseries
iter05b_arm2,0,gb_eoh_2122r3,HP_Peak,CNN,size_peak,raw,direct,log,pbin35-65,mape_n_excluded,0.0,8,43,q_arm2,rawseries
iter05b_arm2,0,gb_eoh_2122r3,HP_Peak,CNN,size_peak,raw,direct,log,p0.1|n10,wape,91.13771849279426,16,15,q_arm2,rawseries
iter05b_arm2,0,gb_eoh_2122r3,HP_Peak,CNN,size_peak,raw,direct,log,p0.1|n10,rmse,7.5834644571791845,16,15,q_arm2,rawseries
iter05b_arm2,0,gb_eoh_2122r3,HP_Peak,CNN,size_peak,raw,direct,log,p0.1|n10,mae,2.9983421822851777,16,15,q_arm2,rawseries
iter05b_arm2,0,gb_eoh_2122r3,HP_Peak,CNN,size_peak,raw,direct,log,p0.1|n10,mape,97.58416783159203,16,15,q_arm2,rawseries
iter05b_arm2,0,gb_eoh_2122r3,HP_Peak,CNN,size_peak,raw,direct,log,p0.1|n10,r2,-89.09444238553715,16,15,q_arm2,rawseries
iter05b_arm2,0,gb_eoh_2122r3,HP_Peak,CNN,size_peak,raw,direct,log,p0.1|n10,n_pred_nan,0.0,16,15,q_arm2,rawseries
iter05b_arm2,0,gb_eoh_2122r3,HP_Peak,CNN,size_peak,raw,direct,log,p0.1|n10,mape_n_excluded,0.0,16,15,q_arm2,rawseries
iter05b_arm2,0,gb_eoh_2122r3,HP_Peak,CNN,size_peak,raw,direct,log,p0.1|n40,wape,21.376254623609327,6,22,q_arm2,rawseries
iter05b_arm2,0,gb_eoh_2122r3,HP_Peak,CNN,size_peak,raw,direct,log,p0.1|n40,rmse,3.91166758985277,6,22,q_arm2,rawseries
iter05b_arm2,0,gb_eoh_2122r3,HP_Peak,CNN,size_peak,raw,direct,log,p0.1|n40,mae,2.6122701630922185,6,22,q_arm2,rawseries
iter05b_arm2,0,gb_eoh_2122r3,HP_Peak,CNN,size_peak,raw,direct,log,p0.1|n40,mape,22.45070640423902,6,22,q_arm2,rawseries
iter05b_arm2,0,gb_eoh_2122r3,HP_Peak,CNN,size_peak,raw,direct,log,p0.1|n40,r2,-8.75381685648405,6,22,q_arm2,rawseries
iter05b_arm2,0,gb_eoh_2122r3,HP_Peak,CNN,size_peak,raw,direct,log,p0.1|n40,n_pred_nan,0.0,6,22,q_arm2,rawseries
iter05b_arm2,0,gb_eoh_2122r3,HP_Peak,CNN,size_peak,raw,direct,log,p0.1|n40,mape_n_excluded,0.0,6,22,q_arm2,rawseries
iter05b_arm2,0,gb_eoh_2122r3,HP_Peak,CNN,size_peak,raw,direct,log,p0.5|n10,wape,33.50214252013592,6,24,q_arm2,rawseries
iter05b_arm2,0,gb_eoh_2122r3,HP_Peak,CNN,size_peak,raw,direct,log,p0.5|n10,rmse,7.619795798079446,6,24,q_arm2,rawseries
iter05b_arm2,0,gb_eoh_2122r3,HP_Peak,CNN,size_peak,raw,direct,log,p0.5|n10,mae,5.552137706565638,6,24,q_arm2,rawseries
iter05b_arm2,0,gb_eoh_2122r3,HP_Peak,CNN,size_peak,raw,direct,log,p0.5|n10,mape,33.531709751797585,6,24,q_arm2,rawseries
iter05b_arm2,0,gb_eoh_2122r3,HP_Peak,CNN,size_peak,raw,direct,log,p0.5|n10,r2,-12.1667316770161,6,24,q_arm2,rawseries
iter05b_arm2,0,gb_eoh_2122r3,HP_Peak,CNN,size_peak,raw,direct,log,p0.5|n10,n_pred_nan,0.0,6,24,q_arm2,rawseries
iter05b_arm2,0,gb_eoh_2122r3,HP_Peak,CNN,size_peak,raw,direct,log,p0.5|n10,mape_n_excluded,0.0,6,24,q_arm2,rawseries
iter05b_arm2,0,gb_eoh_2122r3,HP_Peak,CNN,size_peak,raw,direct,log,p0.5|n40,wape,28.00662118576398,2,28,q_arm2,rawseries
iter05b_arm2,0,gb_eoh_2122r3,HP_Peak,CNN,size_peak,raw,direct,log,p0.5|n40,rmse,20.87498772353824,2,28,q_arm2,rawseries
iter05b_arm2,0,gb_eoh_2122r3,HP_Peak,CNN,size_peak,raw,direct,log,p0.5|n40,mae,20.472345652880602,2,28,q_arm2,rawseries
iter05b_arm2,0,gb_eoh_2122r3,HP_Peak,CNN,size_peak,raw,direct,log,p0.5|n40,mape,28.00504679754312,2,28,q_arm2,rawseries
iter05b_arm2,0,gb_eoh_2122r3,HP_Peak,CNN,size_peak,raw,direct,log,p0.5|n40,r2,-1022199.56481642,2,28,q_arm2,rawseries
iter05b_arm2,0,gb_eoh_2122r3,HP_Peak,CNN,size_peak,raw,direct,log,p0.5|n40,n_pred_nan,0.0,2,28,q_arm2,rawseries
iter05b_arm2,0,gb_eoh_2122r3,HP_Peak,CNN,size_peak,raw,direct,log,p0.5|n40,mape_n_excluded,0.0,2,28,q_arm2,rawseries
iter05b_arm2,0,gb_eoh_2122r3,HP_Peak,CNN,size_peak,raw,residual,log,all,wape,28.351231007725293,30,58,q_arm2,rawseries
iter05b_arm2,0,gb_eoh_2122r3,HP_Peak,CNN,size_peak,raw,residual,log,all,rmse,5.56560521343928,30,58,q_arm2,rawseries
iter05b_arm2,0,gb_eoh_2122r3,HP_Peak,CNN,size_peak,raw,residual,log,all,mae,3.5117006759452147,30,58,q_arm2,rawseries
iter05b_arm2,0,gb_eoh_2122r3,HP_Peak,CNN,size_peak,raw,residual,log,all,mape,42.468222472936674,30,58,q_arm2,rawseries
iter05b_arm2,0,gb_eoh_2122r3,HP_Peak,CNN,size_peak,raw,residual,log,all,r2,0.894963314764364,30,58,q_arm2,rawseries
iter05b_arm2,0,gb_eoh_2122r3,HP_Peak,CNN,size_peak,raw,residual,log,all,n_pred_nan,0.0,30,58,q_arm2,rawseries
iter05b_arm2,0,gb_eoh_2122r3,HP_Peak,CNN,size_peak,raw,residual,log,all,mape_n_excluded,0.0,30,58,q_arm2,rawseries
iter05b_arm2,0,gb_eoh_2122r3,HP_Peak,CNN,size_peak,raw,residual,log,all,n_invalid,0.0,30,58,q_arm2,rawseries
iter05b_arm2,0,gb_eoh_2122r3,HP_Peak,CNN,size_peak,raw,residual,log,all,n_resid_excluded_train,0.0,30,58,q_arm2,rawseries
iter05b_arm2,0,gb_eoh_2122r3,HP_Peak,CNN,size_peak,raw,residual,log,all,n_resid_excluded_inner,0.0,30,58,q_arm2,rawseries
iter05b_arm2,0,gb_eoh_2122r3,HP_Peak,CNN,size_peak,raw,residual,log,all,wape_train,20.272822925709733,30,58,q_arm2,rawseries
iter05b_arm2,0,gb_eoh_2122r3,HP_Peak,CNN,size_peak,raw,residual,log,all,wape_inner,28.72913073463533,30,58,q_arm2,rawseries
iter05b_arm2,0,gb_eoh_2122r3,HP_Peak,CNN,size_peak,raw,residual,log,all,n_train_sub,111.0,30,58,q_arm2,rawseries
iter05b_arm2,0,gb_eoh_2122r3,HP_Peak,CNN,size_peak,raw,residual,log,all,n_inner_sub,90.0,30,58,q_arm2,rawseries
iter05b_arm2,0,gb_eoh_2122r3,HP_Peak,CNN,size_peak,raw,residual,log,all,n_test_sub,30.0,30,58,q_arm2,rawseries
iter05b_arm2,0,gb_eoh_2122r3,HP_Peak,CNN,size_peak,raw,residual,log,all,n_overlap_sub,0.0,30,58,q_arm2,rawseries
iter05b_arm2,0,gb_eoh_2122r3,HP_Peak,CNN,size_peak,raw,residual,log,all,cnn_params,4177.0,30,58,q_arm2,rawseries
iter05b_arm2,0,gb_eoh_2122r3,HP_Peak,CNN,size_peak,raw,residual,log,all,cnn_params_flag,1.0,30,58,q_arm2,rawseries
iter05b_arm2,0,gb_eoh_2122r3,HP_Peak,CNN,size_peak,raw,residual,log,pbin<=15,wape,37.32756794648427,22,34,q_arm2,rawseries
iter05b_arm2,0,gb_eoh_2122r3,HP_Peak,CNN,size_peak,raw,residual,log,pbin<=15,rmse,4.08874221055657,22,34,q_arm2,rawseries
iter05b_arm2,0,gb_eoh_2122r3,HP_Peak,CNN,size_peak,raw,residual,log,pbin<=15,mae,2.13719023959697,22,34,q_arm2,rawseries
iter05b_arm2,0,gb_eoh_2122r3,HP_Peak,CNN,size_peak,raw,residual,log,pbin<=15,mape,47.173938074038254,22,34,q_arm2,rawseries
iter05b_arm2,0,gb_eoh_2122r3,HP_Peak,CNN,size_peak,raw,residual,log,pbin<=15,r2,-0.0004013757316243538,22,34,q_arm2,rawseries
iter05b_arm2,0,gb_eoh_2122r3,HP_Peak,CNN,size_peak,raw,residual,log,pbin<=15,n_pred_nan,0.0,22,34,q_arm2,rawseries
iter05b_arm2,0,gb_eoh_2122r3,HP_Peak,CNN,size_peak,raw,residual,log,pbin<=15,mape_n_excluded,0.0,22,34,q_arm2,rawseries
iter05b_arm2,0,gb_eoh_2122r3,HP_Peak,CNN,size_peak,raw,residual,log,pbin35-65,wape,23.748119850803707,8,43,q_arm2,rawseries
iter05b_arm2,0,gb_eoh_2122r3,HP_Peak,CNN,size_peak,raw,residual,log,pbin35-65,rmse,8.377700749156656,8,43,q_arm2,rawseries
iter05b_arm2,0,gb_eoh_2122r3,HP_Peak,CNN,size_peak,raw,residual,log,pbin35-65,mae,7.291604375902886,8,43,q_arm2,rawseries
iter05b_arm2,0,gb_eoh_2122r3,HP_Peak,CNN,size_peak,raw,residual,log,pbin35-65,mape,29.527504569907343,8,43,q_arm2,rawseries
iter05b_arm2,0,gb_eoh_2122r3,HP_Peak,CNN,size_peak,raw,residual,log,pbin35-65,r2,0.883489579728858,8,43,q_arm2,rawseries
iter05b_arm2,0,gb_eoh_2122r3,HP_Peak,CNN,size_peak,raw,residual,log,pbin35-65,n_pred_nan,0.0,8,43,q_arm2,rawseries
iter05b_arm2,0,gb_eoh_2122r3,HP_Peak,CNN,size_peak,raw,residual,log,pbin35-65,mape_n_excluded,0.0,8,43,q_arm2,rawseries
iter05b_arm2,0,gb_eoh_2122r3,HP_Peak,CNN,size_peak,raw,residual,log,p0.1|n10,wape,57.09864281266969,16,15,q_arm2,rawseries
iter05b_arm2,0,gb_eoh_2122r3,HP_Peak,CNN,size_peak,raw,residual,log,p0.1|n10,rmse,4.074415421983997,16,15,q_arm2,rawseries
iter05b_arm2,0,gb_eoh_2122r3,HP_Peak,CNN,size_peak,raw,residual,log,p0.1|n10,mae,1.8784897419831483,16,15,q_arm2,rawseries
iter05b_arm2,0,gb_eoh_2122r3,HP_Peak,CNN,size_peak,raw,residual,log,p0.1|n10,mape,55.77209200480103,16,15,q_arm2,rawseries
iter05b_arm2,0,gb_eoh_2122r3,HP_Peak,CNN,size_peak,raw,residual,log,p0.1|n10,r2,-25.00718245271179,16,15,q_arm2,rawseries
iter05b_arm2,0,gb_eoh_2122r3,HP_Peak,CNN,size_peak,raw,residual,log,p0.1|n10,n_pred_nan,0.0,16,15,q_arm2,rawseries
iter05b_arm2,0,gb_eoh_2122r3,HP_Peak,CNN,size_peak,raw,residual,log,p0.1|n10,mape_n_excluded,0.0,16,15,q_arm2,rawseries
iter05b_arm2,0,gb_eoh_2122r3,HP_Peak,CNN,size_peak,raw,residual,log,p0.1|n40,wape,23.13386933832389,6,22,q_arm2,rawseries
iter05b_arm2,0,gb_eoh_2122r3,HP_Peak,CNN,size_peak,raw,residual,log,p0.1|n40,rmse,4.126703820284376,6,22,q_arm2,rawseries
iter05b_arm2,0,gb_eoh_2122r3,HP_Peak,CNN,size_peak,raw,residual,log,p0.1|n40,mae,2.827058233233828,6,22,q_arm2,rawseries
iter05b_arm2,0,gb_eoh_2122r3,HP_Peak,CNN,size_peak,raw,residual,log,p0.1|n40,mape,24.2455275920042,6,22,q_arm2,rawseries
iter05b_arm2,0,gb_eoh_2122r3,HP_Peak,CNN,size_peak,raw,residual,log,p0.1|n40,r2,-9.855687012361695,6,22,q_arm2,rawseries
iter05b_arm2,0,gb_eoh_2122r3,HP_Peak,CNN,size_peak,raw,residual,log,p0.1|n40,n_pred_nan,0.0,6,22,q_arm2,rawseries
iter05b_arm2,0,gb_eoh_2122r3,HP_Peak,CNN,size_peak,raw,residual,log,p0.1|n40,mape_n_excluded,0.0,6,22,q_arm2,rawseries
iter05b_arm2,0,gb_eoh_2122r3,HP_Peak,CNN,size_peak,raw,residual,log,p0.5|n10,wape,34.01097293165437,6,24,q_arm2,rawseries
iter05b_arm2,0,gb_eoh_2122r3,HP_Peak,CNN,size_peak,raw,residual,log,p0.5|n10,rmse,6.0539958011676225,6,24,q_arm2,rawseries
iter05b_arm2,0,gb_eoh_2122r3,HP_Peak,CNN,size_peak,raw,residual,log,p0.5|n10,mae,5.636463552661628,6,24,q_arm2,rawseries
iter05b_arm2,0,gb_eoh_2122r3,HP_Peak,CNN,size_peak,raw,residual,log,p0.5|n10,mape,33.781295108569445,6,24,q_arm2,rawseries
iter05b_arm2,0,gb_eoh_2122r3,HP_Peak,CNN,size_peak,raw,residual,log,p0.5|n10,r2,-7.311426147878688,6,24,q_arm2,rawseries
iter05b_arm2,0,gb_eoh_2122r3,HP_Peak,CNN,size_peak,raw,residual,log,p0.5|n10,n_pred_nan,0.0,6,24,q_arm2,rawseries
iter05b_arm2,0,gb_eoh_2122r3,HP_Peak,CNN,size_peak,raw,residual,log,p0.5|n10,mape_n_excluded,0.0,6,24,q_arm2,rawseries
iter05b_arm2,0,gb_eoh_2122r3,HP_Peak,CNN,size_peak,raw,residual,log,p0.5|n40,wape,16.767883541518064,2,28,q_arm2,rawseries
iter05b_arm2,0,gb_eoh_2122r3,HP_Peak,CNN,size_peak,raw,residual,log,p0.5|n40,rmse,13.068698630239142,2,28,q_arm2,rawseries
iter05b_arm2,0,gb_eoh_2122r3,HP_Peak,CNN,size_peak,raw,residual,log,p0.5|n40,mae,12.257026845626662,2,28,q_arm2,rawseries
iter05b_arm2,0,gb_eoh_2122r3,HP_Peak,CNN,size_peak,raw,residual,log,p0.5|n40,mape,16.766132953921026,2,28,q_arm2,rawseries
iter05b_arm2,0,gb_eoh_2122r3,HP_Peak,CNN,size_peak,raw,residual,log,p0.5|n40,r2,-400633.5000661379,2,28,q_arm2,rawseries
iter05b_arm2,0,gb_eoh_2122r3,HP_Peak,CNN,size_peak,raw,residual,log,p0.5|n40,n_pred_nan,0.0,2,28,q_arm2,rawseries
iter05b_arm2,0,gb_eoh_2122r3,HP_Peak,CNN,size_peak,raw,residual,log,p0.5|n40,mape_n_excluded,0.0,2,28,q_arm2,rawseries
iter05b_arm2,0,gb_eoh_2122r3,HP_Peak,TabPFN,size,netfit,direct,log,all,wape,14.851929129845509,30,58,q_arm2,tabpfn
iter05b_arm2,0,gb_eoh_2122r3,HP_Peak,TabPFN,size,netfit,direct,log,all,rmse,2.691802719174293,30,58,q_arm2,tabpfn
iter05b_arm2,0,gb_eoh_2122r3,HP_Peak,TabPFN,size,netfit,direct,log,all,mae,1.8396213395516157,30,58,q_arm2,tabpfn
iter05b_arm2,0,gb_eoh_2122r3,HP_Peak,TabPFN,size,netfit,direct,log,all,mape,28.160272119253122,30,58,q_arm2,tabpfn
iter05b_arm2,0,gb_eoh_2122r3,HP_Peak,TabPFN,size,netfit,direct,log,all,r2,0.975430140759427,30,58,q_arm2,tabpfn
iter05b_arm2,0,gb_eoh_2122r3,HP_Peak,TabPFN,size,netfit,direct,log,all,n_pred_nan,0.0,30,58,q_arm2,tabpfn
iter05b_arm2,0,gb_eoh_2122r3,HP_Peak,TabPFN,size,netfit,direct,log,all,mape_n_excluded,0.0,30,58,q_arm2,tabpfn
iter05b_arm2,0,gb_eoh_2122r3,HP_Peak,TabPFN,size,netfit,direct,log,all,wape_train,2.7432292936474276,30,58,q_arm2,tabpfn
iter05b_arm2,0,gb_eoh_2122r3,HP_Peak,TabPFN,size,netfit,direct,log,all,wape_inner,15.805525245957277,30,58,q_arm2,tabpfn
iter05b_arm2,0,gb_eoh_2122r3,HP_Peak,TabPFN,size,netfit,direct,log,all,n_train_sub,111.0,30,58,q_arm2,tabpfn
iter05b_arm2,0,gb_eoh_2122r3,HP_Peak,TabPFN,size,netfit,direct,log,all,n_inner_sub,90.0,30,58,q_arm2,tabpfn
iter05b_arm2,0,gb_eoh_2122r3,HP_Peak,TabPFN,size,netfit,direct,log,all,n_test_sub,30.0,30,58,q_arm2,tabpfn
iter05b_arm2,0,gb_eoh_2122r3,HP_Peak,TabPFN,size,netfit,direct,log,all,n_overlap_sub,0.0,30,58,q_arm2,tabpfn
iter05b_arm2,0,gb_eoh_2122r3,HP_Peak,TabPFN,size,netfit,direct,log,pbin<=15,wape,24.824463225189113,22,34,q_arm2,tabpfn
iter05b_arm2,0,gb_eoh_2122r3,HP_Peak,TabPFN,size,netfit,direct,log,pbin<=15,rmse,1.9568222629965628,22,34,q_arm2,tabpfn
iter05b_arm2,0,gb_eoh_2122r3,HP_Peak,TabPFN,size,netfit,direct,log,pbin<=15,mae,1.4213248659588893,22,34,q_arm2,tabpfn
iter05b_arm2,0,gb_eoh_2122r3,HP_Peak,TabPFN,size,netfit,direct,log,pbin<=15,mape,32.710778048982355,22,34,q_arm2,tabpfn
iter05b_arm2,0,gb_eoh_2122r3,HP_Peak,TabPFN,size,netfit,direct,log,pbin<=15,r2,0.770861755107078,22,34,q_arm2,tabpfn
iter05b_arm2,0,gb_eoh_2122r3,HP_Peak,TabPFN,size,netfit,direct,log,pbin<=15,n_pred_nan,0.0,22,34,q_arm2,tabpfn
iter05b_arm2,0,gb_eoh_2122r3,HP_Peak,TabPFN,size,netfit,direct,log,pbin<=15,mape_n_excluded,0.0,22,34,q_arm2,tabpfn
iter05b_arm2,0,gb_eoh_2122r3,HP_Peak,TabPFN,size,netfit,direct,log,pbin35-65,wape,9.737963013127578,8,43,q_arm2,tabpfn
iter05b_arm2,0,gb_eoh_2122r3,HP_Peak,TabPFN,size,netfit,direct,log,pbin35-65,rmse,4.079409918289743,8,43,q_arm2,tabpfn
iter05b_arm2,0,gb_eoh_2122r3,HP_Peak,TabPFN,size,netfit,direct,log,pbin35-65,mae,2.989936641931612,8,43,q_arm2,tabpfn
iter05b_arm2,0,gb_eoh_2122r3,HP_Peak,TabPFN,size,netfit,direct,log,pbin35-65,mape,15.646380812497739,8,43,q_arm2,tabpfn
iter05b_arm2,0,gb_eoh_2122r3,HP_Peak,TabPFN,size,netfit,direct,log,pbin35-65,r2,0.972374523540537,8,43,q_arm2,tabpfn
iter05b_arm2,0,gb_eoh_2122r3,HP_Peak,TabPFN,size,netfit,direct,log,pbin35-65,n_pred_nan,0.0,8,43,q_arm2,tabpfn
iter05b_arm2,0,gb_eoh_2122r3,HP_Peak,TabPFN,size,netfit,direct,log,pbin35-65,mape_n_excluded,0.0,8,43,q_arm2,tabpfn
iter05b_arm2,0,gb_eoh_2122r3,HP_Peak,TabPFN,size,netfit,direct,log,p0.1|n10,wape,34.32690841839137,16,15,q_arm2,tabpfn
iter05b_arm2,0,gb_eoh_2122r3,HP_Peak,TabPFN,size,netfit,direct,log,p0.1|n10,rmse,1.6797391382548479,16,15,q_arm2,tabpfn
iter05b_arm2,0,gb_eoh_2122r3,HP_Peak,TabPFN,size,netfit,direct,log,p0.1|n10,mae,1.1293218570798502,16,15,q_arm2,tabpfn
iter05b_arm2,0,gb_eoh_2122r3,HP_Peak,TabPFN,size,netfit,direct,log,p0.1|n10,mape,37.76838517069468,16,15,q_arm2,tabpfn
iter05b_arm2,0,gb_eoh_2122r3,HP_Peak,TabPFN,size,netfit,direct,log,p0.1|n10,r2,-3.4202453240382376,16,15,q_arm2,tabpfn
iter05b_arm2,0,gb_eoh_2122r3,HP_Peak,TabPFN,size,netfit,direct,log,p0.1|n10,n_pred_nan,0.0,16,15,q_arm2,tabpfn
iter05b_arm2,0,gb_eoh_2122r3,HP_Peak,TabPFN,size,netfit,direct,log,p0.1|n10,mape_n_excluded,0.0,16,15,q_arm2,tabpfn
iter05b_arm2,0,gb_eoh_2122r3,HP_Peak,TabPFN,size,netfit,direct,log,p0.1|n40,wape,18.00263669194623,6,22,q_arm2,tabpfn
iter05b_arm2,0,gb_eoh_2122r3,HP_Peak,TabPFN,size,netfit,direct,log,p0.1|n40,rmse,2.5526782326194684,6,22,q_arm2,tabpfn
iter05b_arm2,0,gb_eoh_2122r3,HP_Peak,TabPFN,size,netfit,direct,log,p0.1|n40,mae,2.1999995563029935,6,22,q_arm2,tabpfn
iter05b_arm2,0,gb_eoh_2122r3,HP_Peak,TabPFN,size,netfit,direct,log,p0.1|n40,mape,19.223825724416148,6,22,q_arm2,tabpfn
iter05b_arm2,0,gb_eoh_2122r3,HP_Peak,TabPFN,size,netfit,direct,log,p0.1|n40,r2,-3.153773998375403,6,22,q_arm2,tabpfn
iter05b_arm2,0,gb_eoh_2122r3,HP_Peak,TabPFN,size,netfit,direct,log,p0.1|n40,n_pred_nan,0.0,6,22,q_arm2,tabpfn
iter05b_arm2,0,gb_eoh_2122r3,HP_Peak,TabPFN,size,netfit,direct,log,p0.1|n40,mape_n_excluded,0.0,6,22,q_arm2,tabpfn
iter05b_arm2,0,gb_eoh_2122r3,HP_Peak,TabPFN,size,netfit,direct,log,p0.5|n10,wape,19.6164822111473,6,24,q_arm2,tabpfn
iter05b_arm2,0,gb_eoh_2122r3,HP_Peak,TabPFN,size,netfit,direct,log,p0.5|n10,rmse,4.534477651544333,6,24,q_arm2,tabpfn
iter05b_arm2,0,gb_eoh_2122r3,HP_Peak,TabPFN,size,netfit,direct,log,p0.5|n10,mae,3.250938667257605,6,24,q_arm2,tabpfn
iter05b_arm2,0,gb_eoh_2122r3,HP_Peak,TabPFN,size,netfit,direct,log,p0.5|n10,mape,19.855478124641902,6,24,q_arm2,tabpfn
iter05b_arm2,0,gb_eoh_2122r3,HP_Peak,TabPFN,size,netfit,direct,log,p0.5|n10,r2,-3.6627899423252064,6,24,q_arm2,tabpfn
iter05b_arm2,0,gb_eoh_2122r3,HP_Peak,TabPFN,size,netfit,direct,log,p0.5|n10,n_pred_nan,0.0,6,24,q_arm2,tabpfn
iter05b_arm2,0,gb_eoh_2122r3,HP_Peak,TabPFN,size,netfit,direct,log,p0.5|n10,mape_n_excluded,0.0,6,24,q_arm2,tabpfn
iter05b_arm2,0,gb_eoh_2122r3,HP_Peak,TabPFN,size,netfit,direct,log,p0.5|n40,wape,3.019129775939975,2,28,q_arm2,tabpfn
iter05b_arm2,0,gb_eoh_2122r3,HP_Peak,TabPFN,size,netfit,direct,log,p0.5|n40,rmse,2.2094973203644956,2,28,q_arm2,tabpfn
iter05b_arm2,0,gb_eoh_2122r3,HP_Peak,TabPFN,size,netfit,direct,log,p0.5|n40,mae,2.206930565953634,2,28,q_arm2,tabpfn
iter05b_arm2,0,gb_eoh_2122r3,HP_Peak,TabPFN,size,netfit,direct,log,p0.5|n40,mape,3.0190888760652514,2,28,q_arm2,tabpfn
iter05b_arm2,0,gb_eoh_2122r3,HP_Peak,TabPFN,size,netfit,direct,log,p0.5|n40,r2,-11450.717276284942,2,28,q_arm2,tabpfn
iter05b_arm2,0,gb_eoh_2122r3,HP_Peak,TabPFN,size,netfit,direct,log,p0.5|n40,n_pred_nan,0.0,2,28,q_arm2,tabpfn
iter05b_arm2,0,gb_eoh_2122r3,HP_Peak,TabPFN,size,netfit,direct,log,p0.5|n40,mape_n_excluded,0.0,2,28,q_arm2,tabpfn
iter05b_arm2,0,gb_eoh_2122r3,HP_Peak,TabPFN,size,netfit,residual,log,all,wape,14.650142900356894,30,58,q_arm2,tabpfn
iter05b_arm2,0,gb_eoh_2122r3,HP_Peak,TabPFN,size,netfit,residual,log,all,rmse,2.4349088755342865,30,58,q_arm2,tabpfn
iter05b_arm2,0,gb_eoh_2122r3,HP_Peak,TabPFN,size,netfit,residual,log,all,mae,1.814627262987585,30,58,q_arm2,tabpfn
iter05b_arm2,0,gb_eoh_2122r3,HP_Peak,TabPFN,size,netfit,residual,log,all,mape,29.03404454575827,30,58,q_arm2,tabpfn
iter05b_arm2,0,gb_eoh_2122r3,HP_Peak,TabPFN,size,netfit,residual,log,all,r2,0.9798960387303274,30,58,q_arm2,tabpfn
iter05b_arm2,0,gb_eoh_2122r3,HP_Peak,TabPFN,size,netfit,residual,log,all,n_pred_nan,0.0,30,58,q_arm2,tabpfn
iter05b_arm2,0,gb_eoh_2122r3,HP_Peak,TabPFN,size,netfit,residual,log,all,mape_n_excluded,0.0,30,58,q_arm2,tabpfn
iter05b_arm2,0,gb_eoh_2122r3,HP_Peak,TabPFN,size,netfit,residual,log,all,n_invalid,0.0,30,58,q_arm2,tabpfn
iter05b_arm2,0,gb_eoh_2122r3,HP_Peak,TabPFN,size,netfit,residual,log,all,n_resid_excluded_train,0.0,30,58,q_arm2,tabpfn
iter05b_arm2,0,gb_eoh_2122r3,HP_Peak,TabPFN,size,netfit,residual,log,all,n_resid_excluded_inner,0.0,30,58,q_arm2,tabpfn
iter05b_arm2,0,gb_eoh_2122r3,HP_Peak,TabPFN,size,netfit,residual,log,all,wape_train,1.66189792733082,30,58,q_arm2,tabpfn
iter05b_arm2,0,gb_eoh_2122r3,HP_Peak,TabPFN,size,netfit,residual,log,all,wape_inner,15.722402106534611,30,58,q_arm2,tabpfn
iter05b_arm2,0,gb_eoh_2122r3,HP_Peak,TabPFN,size,netfit,residual,log,all,n_train_sub,111.0,30,58,q_arm2,tabpfn
iter05b_arm2,0,gb_eoh_2122r3,HP_Peak,TabPFN,size,netfit,residual,log,all,n_inner_sub,90.0,30,58,q_arm2,tabpfn
iter05b_arm2,0,gb_eoh_2122r3,HP_Peak,TabPFN,size,netfit,residual,log,all,n_test_sub,30.0,30,58,q_arm2,tabpfn
iter05b_arm2,0,gb_eoh_2122r3,HP_Peak,TabPFN,size,netfit,residual,log,all,n_overlap_sub,0.0,30,58,q_arm2,tabpfn
iter05b_arm2,0,gb_eoh_2122r3,HP_Peak,TabPFN,size,netfit,residual,log,pbin<=15,wape,26.952390469615917,22,34,q_arm2,tabpfn
iter05b_arm2,0,gb_eoh_2122r3,HP_Peak,TabPFN,size,netfit,residual,log,pbin<=15,rmse,2.0608721281650557,22,34,q_arm2,tabpfn
iter05b_arm2,0,gb_eoh_2122r3,HP_Peak,TabPFN,size,netfit,residual,log,pbin<=15,mae,1.5431593595396527,22,34,q_arm2,tabpfn
iter05b_arm2,0,gb_eoh_2122r3,HP_Peak,TabPFN,size,netfit,residual,log,pbin<=15,mape,34.976007560475274,22,34,q_arm2,tabpfn
iter05b_arm2,0,gb_eoh_2122r3,HP_Peak,TabPFN,size,netfit,residual,log,pbin<=15,r2,0.7458460216246824,22,34,q_arm2,tabpfn
iter05b_arm2,0,gb_eoh_2122r3,HP_Peak,TabPFN,size,netfit,residual,log,pbin<=15,n_pred_nan,0.0,22,34,q_arm2,tabpfn
iter05b_arm2,0,gb_eoh_2122r3,HP_Peak,TabPFN,size,netfit,residual,log,pbin<=15,mape_n_excluded,0.0,22,34,q_arm2,tabpfn
iter05b_arm2,0,gb_eoh_2122r3,HP_Peak,TabPFN,size,netfit,residual,log,pbin35-65,wape,8.34148788577622,8,43,q_arm2,tabpfn
iter05b_arm2,0,gb_eoh_2122r3,HP_Peak,TabPFN,size,netfit,residual,log,pbin35-65,rmse,3.248560653089743,8,43,q_arm2,tabpfn
iter05b_arm2,0,gb_eoh_2122r3,HP_Peak,TabPFN,size,netfit,residual,log,pbin35-65,mae,2.5611639974693983,8,43,q_arm2,tabpfn
iter05b_arm2,0,gb_eoh_2122r3,HP_Peak,TabPFN,size,netfit,residual,log,pbin35-65,mape,12.693646255286534,8,43,q_arm2,tabpfn
iter05b_arm2,0,gb_eoh_2122r3,HP_Peak,TabPFN,size,netfit,residual,log,pbin35-65,r2,0.9824814949887475,8,43,q_arm2,tabpfn
iter05b_arm2,0,gb_eoh_2122r3,HP_Peak,TabPFN,size,netfit,residual,log,pbin35-65,n_pred_nan,0.0,8,43,q_arm2,tabpfn
iter05b_arm2,0,gb_eoh_2122r3,HP_Peak,TabPFN,size,netfit,residual,log,pbin35-65,mape_n_excluded,0.0,8,43,q_arm2,tabpfn
iter05b_arm2,0,gb_eoh_2122r3,HP_Peak,TabPFN,size,netfit,residual,log,p0.1|n10,wape,38.77037545457236,16,15,q_arm2,tabpfn
iter05b_arm2,0,gb_eoh_2122r3,HP_Peak,TabPFN,size,netfit,residual,log,p0.1|n10,rmse,1.8924468690700809,16,15,q_arm2,tabpfn
iter05b_arm2,0,gb_eoh_2122r3,HP_Peak,TabPFN,size,netfit,residual,log,p0.1|n10,mae,1.2755075952188681,16,15,q_arm2,tabpfn
iter05b_arm2,0,gb_eoh_2122r3,HP_Peak,TabPFN,size,netfit,residual,log,p0.1|n10,mape,40.82947549107524,16,15,q_arm2,tabpfn
iter05b_arm2,0,gb_eoh_2122r3,HP_Peak,TabPFN,size,netfit,residual,log,p0.1|n10,r2,-4.610609997832851,16,15,q_arm2,tabpfn
iter05b_arm2,0,gb_eoh_2122r3,HP_Peak,TabPFN,size,netfit,residual,log,p0.1|n10,n_pred_nan,0.0,16,15,q_arm2,tabpfn
iter05b_arm2,0,gb_eoh_2122r3,HP_Peak,TabPFN,size,netfit,residual,log,p0.1|n10,mape_n_excluded,0.0,16,15,q_arm2,tabpfn
iter05b_arm2,0,gb_eoh_2122r3,HP_Peak,TabPFN,size,netfit,residual,log,p0.1|n40,wape,18.46823277118321,6,22,q_arm2,tabpfn
iter05b_arm2,0,gb_eoh_2122r3,HP_Peak,TabPFN,size,netfit,residual,log,p0.1|n40,rmse,2.454132025591261,6,22,q_arm2,tabpfn
iter05b_arm2,0,gb_eoh_2122r3,HP_Peak,TabPFN,size,netfit,residual,log,p0.1|n40,mae,2.256897397728412,6,22,q_arm2,tabpfn
iter05b_arm2,0,gb_eoh_2122r3,HP_Peak,TabPFN,size,netfit,residual,log,p0.1|n40,mape,19.366759745542026,6,22,q_arm2,tabpfn
iter05b_arm2,0,gb_eoh_2122r3,HP_Peak,TabPFN,size,netfit,residual,log,p0.1|n40,r2,-2.839251468728982,6,22,q_arm2,tabpfn
iter05b_arm2,0,gb_eoh_2122r3,HP_Peak,TabPFN,size,netfit,residual,log,p0.1|n40,n_pred_nan,0.0,6,22,q_arm2,tabpfn
iter05b_arm2,0,gb_eoh_2122r3,HP_Peak,TabPFN,size,netfit,residual,log,p0.1|n40,mape_n_excluded,0.0,6,22,q_arm2,tabpfn
iter05b_arm2,0,gb_eoh_2122r3,HP_Peak,TabPFN,size,netfit,residual,log,p0.5|n10,wape,15.800911484224441,6,24,q_arm2,tabpfn
iter05b_arm2,0,gb_eoh_2122r3,HP_Peak,TabPFN,size,netfit,residual,log,p0.5|n10,rmse,3.4540188260120446,6,24,q_arm2,tabpfn
iter05b_arm2,0,gb_eoh_2122r3,HP_Peak,TabPFN,size,netfit,residual,log,p0.5|n10,mae,2.6186037623396934,6,24,q_arm2,tabpfn
iter05b_arm2,0,gb_eoh_2122r3,HP_Peak,TabPFN,size,netfit,residual,log,p0.5|n10,mape,15.835421876079007,6,24,q_arm2,tabpfn
iter05b_arm2,0,gb_eoh_2122r3,HP_Peak,TabPFN,size,netfit,residual,log,p0.5|n10,r2,-1.7054575257616684,6,24,q_arm2,tabpfn
iter05b_arm2,0,gb_eoh_2122r3,HP_Peak,TabPFN,size,netfit,residual,log,p0.5|n10,n_pred_nan,0.0,6,24,q_arm2,tabpfn
iter05b_arm2,0,gb_eoh_2122r3,HP_Peak,TabPFN,size,netfit,residual,log,p0.5|n10,mape_n_excluded,0.0,6,24,q_arm2,tabpfn
iter05b_arm2,0,gb_eoh_2122r3,HP_Peak,TabPFN,size,netfit,residual,log,p0.5|n40,wape,3.2679923345844597,2,28,q_arm2,tabpfn
iter05b_arm2,0,gb_eoh_2122r3,HP_Peak,TabPFN,size,netfit,residual,log,p0.5|n40,rmse,2.5341363648932895,2,28,q_arm2,tabpfn
iter05b_arm2,0,gb_eoh_2122r3,HP_Peak,TabPFN,size,netfit,residual,log,p0.5|n40,mae,2.3888447028585134,2,28,q_arm2,tabpfn
iter05b_arm2,0,gb_eoh_2122r3,HP_Peak,TabPFN,size,netfit,residual,log,p0.5|n40,mape,3.2683193929091248,2,28,q_arm2,tabpfn
iter05b_arm2,0,gb_eoh_2122r3,HP_Peak,TabPFN,size,netfit,residual,log,p0.5|n40,r2,-15063.11495859781,2,28,q_arm2,tabpfn
iter05b_arm2,0,gb_eoh_2122r3,HP_Peak,TabPFN,size,netfit,residual,log,p0.5|n40,n_pred_nan,0.0,2,28,q_arm2,tabpfn
iter05b_arm2,0,gb_eoh_2122r3,HP_Peak,TabPFN,size,netfit,residual,log,p0.5|n40,mape_n_excluded,0.0,2,28,q_arm2,tabpfn
iter05b_arm2,0,gb_eoh_2122r3,HP_Peak,TabPFN,size,both,direct,log,all,wape,14.074610012614293,30,58,q_arm2,tabpfn
iter05b_arm2,0,gb_eoh_2122r3,HP_Peak,TabPFN,size,both,direct,log,all,rmse,2.7527312498433147,30,58,q_arm2,tabpfn
iter05b_arm2,0,gb_eoh_2122r3,HP_Peak,TabPFN,size,both,direct,log,all,mae,1.7433393802722394,30,58,q_arm2,tabpfn
iter05b_arm2,0,gb_eoh_2122r3,HP_Peak,TabPFN,size,both,direct,log,all,mape,31.270327285296883,30,58,q_arm2,tabpfn
iter05b_arm2,0,gb_eoh_2122r3,HP_Peak,TabPFN,size,both,direct,log,all,r2,0.974305282943891,30,58,q_arm2,tabpfn
iter05b_arm2,0,gb_eoh_2122r3,HP_Peak,TabPFN,size,both,direct,log,all,n_pred_nan,0.0,30,58,q_arm2,tabpfn
iter05b_arm2,0,gb_eoh_2122r3,HP_Peak,TabPFN,size,both,direct,log,all,mape_n_excluded,0.0,30,58,q_arm2,tabpfn
iter05b_arm2,0,gb_eoh_2122r3,HP_Peak,TabPFN,size,both,direct,log,all,wape_train,2.5450441174588825,30,58,q_arm2,tabpfn
iter05b_arm2,0,gb_eoh_2122r3,HP_Peak,TabPFN,size,both,direct,log,all,wape_inner,16.41193393384528,30,58,q_arm2,tabpfn
iter05b_arm2,0,gb_eoh_2122r3,HP_Peak,TabPFN,size,both,direct,log,all,n_train_sub,111.0,30,58,q_arm2,tabpfn
iter05b_arm2,0,gb_eoh_2122r3,HP_Peak,TabPFN,size,both,direct,log,all,n_inner_sub,90.0,30,58,q_arm2,tabpfn
iter05b_arm2,0,gb_eoh_2122r3,HP_Peak,TabPFN,size,both,direct,log,all,n_test_sub,30.0,30,58,q_arm2,tabpfn
iter05b_arm2,0,gb_eoh_2122r3,HP_Peak,TabPFN,size,both,direct,log,all,n_overlap_sub,0.0,30,58,q_arm2,tabpfn
iter05b_arm2,0,gb_eoh_2122r3,HP_Peak,TabPFN,size,both,direct,log,pbin<=15,wape,28.1469877084084,22,34,q_arm2,tabpfn
iter05b_arm2,0,gb_eoh_2122r3,HP_Peak,TabPFN,size,both,direct,log,pbin<=15,rmse,2.8106106322660365,22,34,q_arm2,tabpfn
iter05b_arm2,0,gb_eoh_2122r3,HP_Peak,TabPFN,size,both,direct,log,pbin<=15,mae,1.6115560352260268,22,34,q_arm2,tabpfn
iter05b_arm2,0,gb_eoh_2122r3,HP_Peak,TabPFN,size,both,direct,log,pbin<=15,mape,38.767081108886444,22,34,q_arm2,tabpfn
iter05b_arm2,0,gb_eoh_2122r3,HP_Peak,TabPFN,size,both,direct,log,pbin<=15,r2,0.527288475424426,22,34,q_arm2,tabpfn
iter05b_arm2,0,gb_eoh_2122r3,HP_Peak,TabPFN,size,both,direct,log,pbin<=15,n_pred_nan,0.0,22,34,q_arm2,tabpfn
iter05b_arm2,0,gb_eoh_2122r3,HP_Peak,TabPFN,size,both,direct,log,pbin<=15,mape_n_excluded,0.0,22,34,q_arm2,tabpfn
iter05b_arm2,0,gb_eoh_2122r3,HP_Peak,TabPFN,size,both,direct,log,pbin35-65,wape,6.858223281828332,8,43,q_arm2,tabpfn
iter05b_arm2,0,gb_eoh_2122r3,HP_Peak,TabPFN,size,both,direct,log,pbin35-65,rmse,2.5868942102298695,8,43,q_arm2,tabpfn
iter05b_arm2,0,gb_eoh_2122r3,HP_Peak,TabPFN,size,both,direct,log,pbin35-65,mae,2.1057435791493244,8,43,q_arm2,tabpfn
iter05b_arm2,0,gb_eoh_2122r3,HP_Peak,TabPFN,size,both,direct,log,pbin35-65,mape,10.654254270425616,8,43,q_arm2,tabpfn
iter05b_arm2,0,gb_eoh_2122r3,HP_Peak,TabPFN,size,both,direct,log,pbin35-65,r2,0.9888910651498806,8,43,q_arm2,tabpfn
iter05b_arm2,0,gb_eoh_2122r3,HP_Peak,TabPFN,size,both,direct,log,pbin35-65,n_pred_nan,0.0,8,43,q_arm2,tabpfn
iter05b_arm2,0,gb_eoh_2122r3,HP_Peak,TabPFN,size,both,direct,log,pbin35-65,mape_n_excluded,0.0,8,43,q_arm2,tabpfn
iter05b_arm2,0,gb_eoh_2122r3,HP_Peak,TabPFN,size,both,direct,log,p0.1|n10,wape,42.11301614773038,16,15,q_arm2,tabpfn
iter05b_arm2,0,gb_eoh_2122r3,HP_Peak,TabPFN,size,both,direct,log,p0.1|n10,rmse,2.8653603293579843,16,15,q_arm2,tabpfn
iter05b_arm2,0,gb_eoh_2122r3,HP_Peak,TabPFN,size,both,direct,log,p0.1|n10,mae,1.3854772187322224,16,15,q_arm2,tabpfn
iter05b_arm2,0,gb_eoh_2122r3,HP_Peak,TabPFN,size,both,direct,log,p0.1|n10,mape,46.011152938091385,16,15,q_arm2,tabpfn
iter05b_arm2,0,gb_eoh_2122r3,HP_Peak,TabPFN,size,both,direct,log,p0.1|n10,r2,-11.86237532284749,16,15,q_arm2,tabpfn
iter05b_arm2,0,gb_eoh_2122r3,HP_Peak,TabPFN,size,both,direct,log,p0.1|n10,n_pred_nan,0.0,16,15,q_arm2,tabpfn
iter05b_arm2,0,gb_eoh_2122r3,HP_Peak,TabPFN,size,both,direct,log,p0.1|n10,mape_n_excluded,0.0,16,15,q_arm2,tabpfn
iter05b_arm2,0,gb_eoh_2122r3,HP_Peak,TabPFN,size,both,direct,log,p0.1|n40,wape,18.120744837831538,6,22,q_arm2,tabpfn
iter05b_arm2,0,gb_eoh_2122r3,HP_Peak,TabPFN,size,both,direct,log,p0.1|n40,rmse,2.659106043504584,6,22,q_arm2,tabpfn
iter05b_arm2,0,gb_eoh_2122r3,HP_Peak,TabPFN,size,both,direct,log,p0.1|n40,mae,2.214432879209504,6,22,q_arm2,tabpfn
iter05b_arm2,0,gb_eoh_2122r3,HP_Peak,TabPFN,size,both,direct,log,p0.1|n40,mape,19.44955623100658,6,22,q_arm2,tabpfn
iter05b_arm2,0,gb_eoh_2122r3,HP_Peak,TabPFN,size,both,direct,log,p0.1|n40,r2,-3.507357729128363,6,22,q_arm2,tabpfn
iter05b_arm2,0,gb_eoh_2122r3,HP_Peak,TabPFN,size,both,direct,log,p0.1|n40,n_pred_nan,0.0,6,22,q_arm2,tabpfn
iter05b_arm2,0,gb_eoh_2122r3,HP_Peak,TabPFN,size,both,direct,log,p0.1|n40,mape_n_excluded,0.0,6,22,q_arm2,tabpfn
iter05b_arm2,0,gb_eoh_2122r3,HP_Peak,TabPFN,size,both,direct,log,p0.5|n10,wape,12.514194283068617,6,24,q_arm2,tabpfn
iter05b_arm2,0,gb_eoh_2122r3,HP_Peak,TabPFN,size,both,direct,log,p0.5|n10,rmse,2.700993230955436,6,24,q_arm2,tabpfn
iter05b_arm2,0,gb_eoh_2122r3,HP_Peak,TabPFN,size,both,direct,log,p0.5|n10,mae,2.073913031220414,6,24,q_arm2,tabpfn
iter05b_arm2,0,gb_eoh_2122r3,HP_Peak,TabPFN,size,both,direct,log,p0.5|n10,mape,13.201917433629276,6,24,q_arm2,tabpfn
iter05b_arm2,0,gb_eoh_2122r3,HP_Peak,TabPFN,size,both,direct,log,p0.5|n10,r2,-0.6543915797529922,6,24,q_arm2,tabpfn
iter05b_arm2,0,gb_eoh_2122r3,HP_Peak,TabPFN,size,both,direct,log,p0.5|n10,n_pred_nan,0.0,6,24,q_arm2,tabpfn
iter05b_arm2,0,gb_eoh_2122r3,HP_Peak,TabPFN,size,both,direct,log,p0.5|n10,mape_n_excluded,0.0,6,24,q_arm2,tabpfn
iter05b_arm2,0,gb_eoh_2122r3,HP_Peak,TabPFN,size,both,direct,log,p0.5|n40,wape,3.0113384208543965,2,28,q_arm2,tabpfn
iter05b_arm2,0,gb_eoh_2122r3,HP_Peak,TabPFN,size,both,direct,log,p0.5|n40,rmse,2.2095233238601537,2,28,q_arm2,tabpfn
iter05b_arm2,0,gb_eoh_2122r3,HP_Peak,TabPFN,size,both,direct,log,p0.5|n40,mae,2.201235222936056,2,28,q_arm2,tabpfn
iter05b_arm2,0,gb_eoh_2122r3,HP_Peak,TabPFN,size,both,direct,log,p0.5|n40,mape,3.011264780814636,2,28,q_arm2,tabpfn
iter05b_arm2,0,gb_eoh_2122r3,HP_Peak,TabPFN,size,both,direct,log,p0.5|n40,r2,-11450.98682758065,2,28,q_arm2,tabpfn
iter05b_arm2,0,gb_eoh_2122r3,HP_Peak,TabPFN,size,both,direct,log,p0.5|n40,n_pred_nan,0.0,2,28,q_arm2,tabpfn
iter05b_arm2,0,gb_eoh_2122r3,HP_Peak,TabPFN,size,both,direct,log,p0.5|n40,mape_n_excluded,0.0,2,28,q_arm2,tabpfn
iter05b_arm2,0,gb_eoh_2122r3,HP_Peak,TabPFN,size,both,residual,log,all,wape,13.183926150272967,30,58,q_arm2,tabpfn
iter05b_arm2,0,gb_eoh_2122r3,HP_Peak,TabPFN,size,both,residual,log,all,rmse,2.5642850932478045,30,58,q_arm2,tabpfn
iter05b_arm2,0,gb_eoh_2122r3,HP_Peak,TabPFN,size,both,residual,log,all,mae,1.63301559501631,30,58,q_arm2,tabpfn
iter05b_arm2,0,gb_eoh_2122r3,HP_Peak,TabPFN,size,both,residual,log,all,mape,31.505502495186427,30,58,q_arm2,tabpfn
iter05b_arm2,0,gb_eoh_2122r3,HP_Peak,TabPFN,size,both,residual,log,all,r2,0.9777028770374141,30,58,q_arm2,tabpfn
iter05b_arm2,0,gb_eoh_2122r3,HP_Peak,TabPFN,size,both,residual,log,all,n_pred_nan,0.0,30,58,q_arm2,tabpfn
iter05b_arm2,0,gb_eoh_2122r3,HP_Peak,TabPFN,size,both,residual,log,all,mape_n_excluded,0.0,30,58,q_arm2,tabpfn
iter05b_arm2,0,gb_eoh_2122r3,HP_Peak,TabPFN,size,both,residual,log,all,n_invalid,0.0,30,58,q_arm2,tabpfn
iter05b_arm2,0,gb_eoh_2122r3,HP_Peak,TabPFN,size,both,residual,log,all,n_resid_excluded_train,0.0,30,58,q_arm2,tabpfn
iter05b_arm2,0,gb_eoh_2122r3,HP_Peak,TabPFN,size,both,residual,log,all,n_resid_excluded_inner,0.0,30,58,q_arm2,tabpfn
iter05b_arm2,0,gb_eoh_2122r3,HP_Peak,TabPFN,size,both,residual,log,all,wape_train,0.6454701839524911,30,58,q_arm2,tabpfn
iter05b_arm2,0,gb_eoh_2122r3,HP_Peak,TabPFN,size,both,residual,log,all,wape_inner,18.832313060234505,30,58,q_arm2,tabpfn
iter05b_arm2,0,gb_eoh_2122r3,HP_Peak,TabPFN,size,both,residual,log,all,n_train_sub,111.0,30,58,q_arm2,tabpfn
iter05b_arm2,0,gb_eoh_2122r3,HP_Peak,TabPFN,size,both,residual,log,all,n_inner_sub,90.0,30,58,q_arm2,tabpfn
iter05b_arm2,0,gb_eoh_2122r3,HP_Peak,TabPFN,size,both,residual,log,all,n_test_sub,30.0,30,58,q_arm2,tabpfn
iter05b_arm2,0,gb_eoh_2122r3,HP_Peak,TabPFN,size,both,residual,log,all,n_overlap_sub,0.0,30,58,q_arm2,tabpfn
iter05b_arm2,0,gb_eoh_2122r3,HP_Peak,TabPFN,size,both,residual,log,pbin<=15,wape,29.39522365848572,22,34,q_arm2,tabpfn
iter05b_arm2,0,gb_eoh_2122r3,HP_Peak,TabPFN,size,both,residual,log,pbin<=15,rmse,2.7281183823756123,22,34,q_arm2,tabpfn
iter05b_arm2,0,gb_eoh_2122r3,HP_Peak,TabPFN,size,both,residual,log,pbin<=15,mae,1.6830237958110172,22,34,q_arm2,tabpfn
iter05b_arm2,0,gb_eoh_2122r3,HP_Peak,TabPFN,size,both,residual,log,pbin<=15,mape,40.18746755809289,22,34,q_arm2,tabpfn
iter05b_arm2,0,gb_eoh_2122r3,HP_Peak,TabPFN,size,both,residual,log,pbin<=15,r2,0.5546297078643987,22,34,q_arm2,tabpfn
iter05b_arm2,0,gb_eoh_2122r3,HP_Peak,TabPFN,size,both,residual,log,pbin<=15,n_pred_nan,0.0,22,34,q_arm2,tabpfn
iter05b_arm2,0,gb_eoh_2122r3,HP_Peak,TabPFN,size,both,residual,log,pbin<=15,mape_n_excluded,0.0,22,34,q_arm2,tabpfn
iter05b_arm2,0,gb_eoh_2122r3,HP_Peak,TabPFN,size,both,residual,log,pbin35-65,wape,4.870690479938831,8,43,q_arm2,tabpfn
iter05b_arm2,0,gb_eoh_2122r3,HP_Peak,TabPFN,size,both,residual,log,pbin35-65,rmse,2.0472201640871766,8,43,q_arm2,tabpfn
iter05b_arm2,0,gb_eoh_2122r3,HP_Peak,TabPFN,size,both,residual,log,pbin35-65,mae,1.495493042830865,8,43,q_arm2,tabpfn
iter05b_arm2,0,gb_eoh_2122r3,HP_Peak,TabPFN,size,both,residual,log,pbin35-65,mape,7.630098572193655,8,43,q_arm2,tabpfn
iter05b_arm2,0,gb_eoh_2122r3,HP_Peak,TabPFN,size,both,residual,log,pbin35-65,r2,0.9930426446914221,8,43,q_arm2,tabpfn
iter05b_arm2,0,gb_eoh_2122r3,HP_Peak,TabPFN,size,both,residual,log,pbin35-65,n_pred_nan,0.0,8,43,q_arm2,tabpfn
iter05b_arm2,0,gb_eoh_2122r3,HP_Peak,TabPFN,size,both,residual,log,pbin35-65,mape_n_excluded,0.0,8,43,q_arm2,tabpfn
iter05b_arm2,0,gb_eoh_2122r3,HP_Peak,TabPFN,size,both,residual,log,p0.1|n10,wape,47.67750904912042,16,15,q_arm2,tabpfn
iter05b_arm2,0,gb_eoh_2122r3,HP_Peak,TabPFN,size,both,residual,log,p0.1|n10,rmse,2.8326975068411175,16,15,q_arm2,tabpfn
iter05b_arm2,0,gb_eoh_2122r3,HP_Peak,TabPFN,size,both,residual,log,p0.1|n10,mae,1.5685436161051536,16,15,q_arm2,tabpfn
iter05b_arm2,0,gb_eoh_2122r3,HP_Peak,TabPFN,size,both,residual,log,p0.1|n10,mape,48.73864642194671,16,15,q_arm2,tabpfn
iter05b_arm2,0,gb_eoh_2122r3,HP_Peak,TabPFN,size,both,residual,log,p0.1|n10,r2,-11.570805042406274,16,15,q_arm2,tabpfn
iter05b_arm2,0,gb_eoh_2122r3,HP_Peak,TabPFN,size,both,residual,log,p0.1|n10,n_pred_nan,0.0,16,15,q_arm2,tabpfn
iter05b_arm2,0,gb_eoh_2122r3,HP_Peak,TabPFN,size,both,residual,log,p0.1|n10,mape_n_excluded,0.0,16,15,q_arm2,tabpfn
iter05b_arm2,0,gb_eoh_2122r3,HP_Peak,TabPFN,size,both,residual,log,p0.1|n40,wape,16.270330325202384,6,22,q_arm2,tabpfn
iter05b_arm2,0,gb_eoh_2122r3,HP_Peak,TabPFN,size,both,residual,log,p0.1|n40,rmse,2.4273117962540356,6,22,q_arm2,tabpfn
iter05b_arm2,0,gb_eoh_2122r3,HP_Peak,TabPFN,size,both,residual,log,p0.1|n40,mae,1.9883042750266542,6,22,q_arm2,tabpfn
iter05b_arm2,0,gb_eoh_2122r3,HP_Peak,TabPFN,size,both,residual,log,p0.1|n40,mape,17.384323921149335,6,22,q_arm2,tabpfn
iter05b_arm2,0,gb_eoh_2122r3,HP_Peak,TabPFN,size,both,residual,log,p0.1|n40,r2,-2.755794713386474,6,22,q_arm2,tabpfn
iter05b_arm2,0,gb_eoh_2122r3,HP_Peak,TabPFN,size,both,residual,log,p0.1|n40,n_pred_nan,0.0,6,22,q_arm2,tabpfn
iter05b_arm2,0,gb_eoh_2122r3,HP_Peak,TabPFN,size,both,residual,log,p0.1|n40,mape_n_excluded,0.0,6,22,q_arm2,tabpfn
iter05b_arm2,0,gb_eoh_2122r3,HP_Peak,TabPFN,size,both,residual,log,p0.5|n10,wape,9.555899491063842,6,24,q_arm2,tabpfn
iter05b_arm2,0,gb_eoh_2122r3,HP_Peak,TabPFN,size,both,residual,log,p0.5|n10,rmse,2.2377165553876526,6,24,q_arm2,tabpfn
iter05b_arm2,0,gb_eoh_2122r3,HP_Peak,TabPFN,size,both,residual,log,p0.5|n10,mae,1.583650056189651,6,24,q_arm2,tabpfn
iter05b_arm2,0,gb_eoh_2122r3,HP_Peak,TabPFN,size,both,residual,log,p0.5|n10,mape,9.612048264792534,6,24,q_arm2,tabpfn
iter05b_arm2,0,gb_eoh_2122r3,HP_Peak,TabPFN,size,both,residual,log,p0.5|n10,r2,-0.13553746963434476,6,24,q_arm2,tabpfn
iter05b_arm2,0,gb_eoh_2122r3,HP_Peak,TabPFN,size,both,residual,log,p0.5|n10,n_pred_nan,0.0,6,24,q_arm2,tabpfn
iter05b_arm2,0,gb_eoh_2122r3,HP_Peak,TabPFN,size,both,residual,log,p0.5|n10,mape_n_excluded,0.0,6,24,q_arm2,tabpfn
iter05b_arm2,0,gb_eoh_2122r3,HP_Peak,TabPFN,size,both,residual,log,p0.5|n40,wape,1.6840652989675786,2,28,q_arm2,tabpfn
iter05b_arm2,0,gb_eoh_2122r3,HP_Peak,TabPFN,size,both,residual,log,p0.5|n40,rmse,1.3199679746920225,2,28,q_arm2,tabpfn
iter05b_arm2,0,gb_eoh_2122r3,HP_Peak,TabPFN,size,both,residual,log,p0.5|n40,mae,1.2310220027545071,2,28,q_arm2,tabpfn
iter05b_arm2,0,gb_eoh_2122r3,HP_Peak,TabPFN,size,both,residual,log,p0.5|n40,mape,1.6842494943970117,2,28,q_arm2,tabpfn
iter05b_arm2,0,gb_eoh_2122r3,HP_Peak,TabPFN,size,both,residual,log,p0.5|n40,r2,-4086.054678009899,2,28,q_arm2,tabpfn
iter05b_arm2,0,gb_eoh_2122r3,HP_Peak,TabPFN,size,both,residual,log,p0.5|n40,n_pred_nan,0.0,2,28,q_arm2,tabpfn
iter05b_arm2,0,gb_eoh_2122r3,HP_Peak,TabPFN,size,both,residual,log,p0.5|n40,mape_n_excluded,0.0,2,28,q_arm2,tabpfn
iter05b_arm2,0,gb_eoh_2122r3,HP_Peak,TabPFN,size_peak,netfit,direct,log,all,wape,13.860811043703606,30,58,q_arm2,tabpfn
iter05b_arm2,0,gb_eoh_2122r3,HP_Peak,TabPFN,size_peak,netfit,direct,log,all,rmse,2.4128843950147485,30,58,q_arm2,tabpfn
iter05b_arm2,0,gb_eoh_2122r3,HP_Peak,TabPFN,size_peak,netfit,direct,log,all,mae,1.7168573561430056,30,58,q_arm2,tabpfn
iter05b_arm2,0,gb_eoh_2122r3,HP_Peak,TabPFN,size_peak,netfit,direct,log,all,mape,26.80749360661151,30,58,q_arm2,tabpfn
iter05b_arm2,0,gb_eoh_2122r3,HP_Peak,TabPFN,size_peak,netfit,direct,log,all,r2,0.9802580865852007,30,58,q_arm2,tabpfn
iter05b_arm2,0,gb_eoh_2122r3,HP_Peak,TabPFN,size_peak,netfit,direct,log,all,n_pred_nan,0.0,30,58,q_arm2,tabpfn
iter05b_arm2,0,gb_eoh_2122r3,HP_Peak,TabPFN,size_peak,netfit,direct,log,all,mape_n_excluded,0.0,30,58,q_arm2,tabpfn
iter05b_arm2,0,gb_eoh_2122r3,HP_Peak,TabPFN,size_peak,netfit,direct,log,all,wape_train,2.4306988273480097,30,58,q_arm2,tabpfn
iter05b_arm2,0,gb_eoh_2122r3,HP_Peak,TabPFN,size_peak,netfit,direct,log,all,wape_inner,16.42586452945282,30,58,q_arm2,tabpfn
iter05b_arm2,0,gb_eoh_2122r3,HP_Peak,TabPFN,size_peak,netfit,direct,log,all,n_train_sub,111.0,30,58,q_arm2,tabpfn
iter05b_arm2,0,gb_eoh_2122r3,HP_Peak,TabPFN,size_peak,netfit,direct,log,all,n_inner_sub,90.0,30,58,q_arm2,tabpfn
iter05b_arm2,0,gb_eoh_2122r3,HP_Peak,TabPFN,size_peak,netfit,direct,log,all,n_test_sub,30.0,30,58,q_arm2,tabpfn
iter05b_arm2,0,gb_eoh_2122r3,HP_Peak,TabPFN,size_peak,netfit,direct,log,all,n_overlap_sub,0.0,30,58,q_arm2,tabpfn
iter05b_arm2,0,gb_eoh_2122r3,HP_Peak,TabPFN,size_peak,netfit,direct,log,pbin<=15,wape,24.13418342915207,22,34,q_arm2,tabpfn
iter05b_arm2,0,gb_eoh_2122r3,HP_Peak,TabPFN,size_peak,netfit,direct,log,pbin<=15,rmse,1.870918202472924,22,34,q_arm2,tabpfn
iter05b_arm2,0,gb_eoh_2122r3,HP_Peak,TabPFN,size_peak,netfit,direct,log,pbin<=15,mae,1.381802890008128,22,34,q_arm2,tabpfn
iter05b_arm2,0,gb_eoh_2122r3,HP_Peak,TabPFN,size_peak,netfit,direct,log,pbin<=15,mape,31.566185932865398,22,34,q_arm2,tabpfn
iter05b_arm2,0,gb_eoh_2122r3,HP_Peak,TabPFN,size_peak,netfit,direct,log,pbin<=15,r2,0.7905383976815741,22,34,q_arm2,tabpfn
iter05b_arm2,0,gb_eoh_2122r3,HP_Peak,TabPFN,size_peak,netfit,direct,log,pbin<=15,n_pred_nan,0.0,22,34,q_arm2,tabpfn
iter05b_arm2,0,gb_eoh_2122r3,HP_Peak,TabPFN,size_peak,netfit,direct,log,pbin<=15,mape_n_excluded,0.0,22,34,q_arm2,tabpfn
iter05b_arm2,0,gb_eoh_2122r3,HP_Peak,TabPFN,size_peak,netfit,direct,log,pbin35-65,wape,8.59257352440145,8,43,q_arm2,tabpfn
iter05b_arm2,0,gb_eoh_2122r3,HP_Peak,TabPFN,size_peak,netfit,direct,log,pbin35-65,rmse,3.4937974480425895,8,43,q_arm2,tabpfn
iter05b_arm2,0,gb_eoh_2122r3,HP_Peak,TabPFN,size_peak,netfit,direct,log,pbin35-65,mae,2.638257138013918,8,43,q_arm2,tabpfn
iter05b_arm2,0,gb_eoh_2122r3,HP_Peak,TabPFN,size_peak,netfit,direct,log,pbin35-65,mape,13.721089709413315,8,43,q_arm2,tabpfn
iter05b_arm2,0,gb_eoh_2122r3,HP_Peak,TabPFN,size_peak,netfit,direct,log,pbin35-65,r2,0.9797366834618477,8,43,q_arm2,tabpfn
iter05b_arm2,0,gb_eoh_2122r3,HP_Peak,TabPFN,size_peak,netfit,direct,log,pbin35-65,n_pred_nan,0.0,8,43,q_arm2,tabpfn
iter05b_arm2,0,gb_eoh_2122r3,HP_Peak,TabPFN,size_peak,netfit,direct,log,pbin35-65,mape_n_excluded,0.0,8,43,q_arm2,tabpfn
iter05b_arm2,0,gb_eoh_2122r3,HP_Peak,TabPFN,size_peak,netfit,direct,log,p0.1|n10,wape,33.20873475825183,16,15,q_arm2,tabpfn
iter05b_arm2,0,gb_eoh_2122r3,HP_Peak,TabPFN,size_peak,netfit,direct,log,p0.1|n10,rmse,1.5629433144162777,16,15,q_arm2,tabpfn
iter05b_arm2,0,gb_eoh_2122r3,HP_Peak,TabPFN,size_peak,netfit,direct,log,p0.1|n10,mae,1.0925350326150522,16,15,q_arm2,tabpfn
iter05b_arm2,0,gb_eoh_2122r3,HP_Peak,TabPFN,size_peak,netfit,direct,log,p0.1|n10,mape,36.33632491390359,16,15,q_arm2,tabpfn
iter05b_arm2,0,gb_eoh_2122r3,HP_Peak,TabPFN,size_peak,netfit,direct,log,p0.1|n10,r2,-2.826917894463657,16,15,q_arm2,tabpfn
iter05b_arm2,0,gb_eoh_2122r3,HP_Peak,TabPFN,size_peak,netfit,direct,log,p0.1|n10,n_pred_nan,0.0,16,15,q_arm2,tabpfn
iter05b_arm2,0,gb_eoh_2122r3,HP_Peak,TabPFN,size_peak,netfit,direct,log,p0.1|n10,mape_n_excluded,0.0,16,15,q_arm2,tabpfn
iter05b_arm2,0,gb_eoh_2122r3,HP_Peak,TabPFN,size_peak,netfit,direct,log,p0.1|n40,wape,17.61954285238641,6,22,q_arm2,tabpfn
iter05b_arm2,0,gb_eoh_2122r3,HP_Peak,TabPFN,size_peak,netfit,direct,log,p0.1|n40,rmse,2.5140504961225,6,22,q_arm2,tabpfn
iter05b_arm2,0,gb_eoh_2122r3,HP_Peak,TabPFN,size_peak,netfit,direct,log,p0.1|n40,mae,2.1531838430563304,6,22,q_arm2,tabpfn
iter05b_arm2,0,gb_eoh_2122r3,HP_Peak,TabPFN,size_peak,netfit,direct,log,p0.1|n40,mape,18.84581531676355,6,22,q_arm2,tabpfn
iter05b_arm2,0,gb_eoh_2122r3,HP_Peak,TabPFN,size_peak,netfit,direct,log,p0.1|n40,r2,-3.02901334905188,6,22,q_arm2,tabpfn
iter05b_arm2,0,gb_eoh_2122r3,HP_Peak,TabPFN,size_peak,netfit,direct,log,p0.1|n40,n_pred_nan,0.0,6,22,q_arm2,tabpfn
iter05b_arm2,0,gb_eoh_2122r3,HP_Peak,TabPFN,size_peak,netfit,direct,log,p0.1|n40,mape_n_excluded,0.0,6,22,q_arm2,tabpfn
iter05b_arm2,0,gb_eoh_2122r3,HP_Peak,TabPFN,size_peak,netfit,direct,log,p0.5|n10,wape,17.094872941280016,6,24,q_arm2,tabpfn
iter05b_arm2,0,gb_eoh_2122r3,HP_Peak,TabPFN,size_peak,netfit,direct,log,p0.5|n10,rmse,3.8552109860567376,6,24,q_arm2,tabpfn
iter05b_arm2,0,gb_eoh_2122r3,HP_Peak,TabPFN,size_peak,netfit,direct,log,p0.5|n10,mae,2.8330453370014603,6,24,q_arm2,tabpfn
iter05b_arm2,0,gb_eoh_2122r3,HP_Peak,TabPFN,size_peak,netfit,direct,log,p0.5|n10,mape,17.358177839661888,6,24,q_arm2,tabpfn
iter05b_arm2,0,gb_eoh_2122r3,HP_Peak,TabPFN,size_peak,netfit,direct,log,p0.5|n10,r2,-2.3704479230106066,6,24,q_arm2,tabpfn
iter05b_arm2,0,gb_eoh_2122r3,HP_Peak,TabPFN,size_peak,netfit,direct,log,p0.5|n10,n_pred_nan,0.0,6,24,q_arm2,tabpfn
iter05b_arm2,0,gb_eoh_2122r3,HP_Peak,TabPFN,size_peak,netfit,direct,log,p0.5|n10,mape_n_excluded,0.0,6,24,q_arm2,tabpfn
iter05b_arm2,0,gb_eoh_2122r3,HP_Peak,TabPFN,size_peak,netfit,direct,log,p0.5|n40,wape,2.8097703765272177,2,28,q_arm2,tabpfn
iter05b_arm2,0,gb_eoh_2122r3,HP_Peak,TabPFN,size_peak,netfit,direct,log,p0.5|n40,rmse,2.0587683674367003,2,28,q_arm2,tabpfn
iter05b_arm2,0,gb_eoh_2122r3,HP_Peak,TabPFN,size_peak,netfit,direct,log,p0.5|n40,mae,2.0538925410512903,2,28,q_arm2,tabpfn
iter05b_arm2,0,gb_eoh_2122r3,HP_Peak,TabPFN,size_peak,netfit,direct,log,p0.5|n40,mape,2.8098253186676003,2,28,q_arm2,tabpfn
iter05b_arm2,0,gb_eoh_2122r3,HP_Peak,TabPFN,size_peak,netfit,direct,log,p0.5|n40,r2,-9941.569435962858,2,28,q_arm2,tabpfn
iter05b_arm2,0,gb_eoh_2122r3,HP_Peak,TabPFN,size_peak,netfit,direct,log,p0.5|n40,n_pred_nan,0.0,2,28,q_arm2,tabpfn
iter05b_arm2,0,gb_eoh_2122r3,HP_Peak,TabPFN,size_peak,netfit,direct,log,p0.5|n40,mape_n_excluded,0.0,2,28,q_arm2,tabpfn
iter05b_arm2,0,gb_eoh_2122r3,HP_Peak,TabPFN,size_peak,netfit,residual,log,all,wape,14.462558633946923,30,58,q_arm2,tabpfn
iter05b_arm2,0,gb_eoh_2122r3,HP_Peak,TabPFN,size_peak,netfit,residual,log,all,rmse,2.401055564372854,30,58,q_arm2,tabpfn
iter05b_arm2,0,gb_eoh_2122r3,HP_Peak,TabPFN,size_peak,netfit,residual,log,all,mae,1.7913923002810597,30,58,q_arm2,tabpfn
iter05b_arm2,0,gb_eoh_2122r3,HP_Peak,TabPFN,size_peak,netfit,residual,log,all,mape,28.949979972090468,30,58,q_arm2,tabpfn
iter05b_arm2,0,gb_eoh_2122r3,HP_Peak,TabPFN,size_peak,netfit,residual,log,all,r2,0.9804511761024068,30,58,q_arm2,tabpfn
iter05b_arm2,0,gb_eoh_2122r3,HP_Peak,TabPFN,size_peak,netfit,residual,log,all,n_pred_nan,0.0,30,58,q_arm2,tabpfn
iter05b_arm2,0,gb_eoh_2122r3,HP_Peak,TabPFN,size_peak,netfit,residual,log,all,mape_n_excluded,0.0,30,58,q_arm2,tabpfn
iter05b_arm2,0,gb_eoh_2122r3,HP_Peak,TabPFN,size_peak,netfit,residual,log,all,n_invalid,0.0,30,58,q_arm2,tabpfn
iter05b_arm2,0,gb_eoh_2122r3,HP_Peak,TabPFN,size_peak,netfit,residual,log,all,n_resid_excluded_train,0.0,30,58,q_arm2,tabpfn
iter05b_arm2,0,gb_eoh_2122r3,HP_Peak,TabPFN,size_peak,netfit,residual,log,all,n_resid_excluded_inner,0.0,30,58,q_arm2,tabpfn
iter05b_arm2,0,gb_eoh_2122r3,HP_Peak,TabPFN,size_peak,netfit,residual,log,all,wape_train,1.6872413127375456,30,58,q_arm2,tabpfn
iter05b_arm2,0,gb_eoh_2122r3,HP_Peak,TabPFN,size_peak,netfit,residual,log,all,wape_inner,16.56596368393478,30,58,q_arm2,tabpfn
iter05b_arm2,0,gb_eoh_2122r3,HP_Peak,TabPFN,size_peak,netfit,residual,log,all,n_train_sub,111.0,30,58,q_arm2,tabpfn
iter05b_arm2,0,gb_eoh_2122r3,HP_Peak,TabPFN,size_peak,netfit,residual,log,all,n_inner_sub,90.0,30,58,q_arm2,tabpfn
iter05b_arm2,0,gb_eoh_2122r3,HP_Peak,TabPFN,size_peak,netfit,residual,log,all,n_test_sub,30.0,30,58,q_arm2,tabpfn
iter05b_arm2,0,gb_eoh_2122r3,HP_Peak,TabPFN,size_peak,netfit,residual,log,all,n_overlap_sub,0.0,30,58,q_arm2,tabpfn
iter05b_arm2,0,gb_eoh_2122r3,HP_Peak,TabPFN,size_peak,netfit,residual,log,pbin<=15,wape,26.74799705303732,22,34,q_arm2,tabpfn
iter05b_arm2,0,gb_eoh_2122r3,HP_Peak,TabPFN,size_peak,netfit,residual,log,pbin<=15,rmse,2.0510972959544747,22,34,q_arm2,tabpfn
iter05b_arm2,0,gb_eoh_2122r3,HP_Peak,TabPFN,size_peak,netfit,residual,log,pbin<=15,mae,1.5314568126291244,22,34,q_arm2,tabpfn
iter05b_arm2,0,gb_eoh_2122r3,HP_Peak,TabPFN,size_peak,netfit,residual,log,pbin<=15,mape,34.962275318828596,22,34,q_arm2,tabpfn
iter05b_arm2,0,gb_eoh_2122r3,HP_Peak,TabPFN,size_peak,netfit,residual,log,pbin<=15,r2,0.7482512372065502,22,34,q_arm2,tabpfn
iter05b_arm2,0,gb_eoh_2122r3,HP_Peak,TabPFN,size_peak,netfit,residual,log,pbin<=15,n_pred_nan,0.0,22,34,q_arm2,tabpfn
iter05b_arm2,0,gb_eoh_2122r3,HP_Peak,TabPFN,size_peak,netfit,residual,log,pbin<=15,mape_n_excluded,0.0,22,34,q_arm2,tabpfn
iter05b_arm2,0,gb_eoh_2122r3,HP_Peak,TabPFN,size_peak,netfit,residual,log,pbin35-65,wape,8.162523436916267,8,43,q_arm2,tabpfn
iter05b_arm2,0,gb_eoh_2122r3,HP_Peak,TabPFN,size_peak,netfit,residual,log,pbin35-65,rmse,3.1701346996578206,8,43,q_arm2,tabpfn
iter05b_arm2,0,gb_eoh_2122r3,HP_Peak,TabPFN,size_peak,netfit,residual,log,pbin35-65,mae,2.5062148913238813,8,43,q_arm2,tabpfn
iter05b_arm2,0,gb_eoh_2122r3,HP_Peak,TabPFN,size_peak,netfit,residual,log,pbin35-65,mape,12.416167768560628,8,43,q_arm2,tabpfn
iter05b_arm2,0,gb_eoh_2122r3,HP_Peak,TabPFN,size_peak,netfit,residual,log,pbin35-65,r2,0.9833171396690151,8,43,q_arm2,tabpfn
iter05b_arm2,0,gb_eoh_2122r3,HP_Peak,TabPFN,size_peak,netfit,residual,log,pbin35-65,n_pred_nan,0.0,8,43,q_arm2,tabpfn
iter05b_arm2,0,gb_eoh_2122r3,HP_Peak,TabPFN,size_peak,netfit,residual,log,pbin35-65,mape_n_excluded,0.0,8,43,q_arm2,tabpfn
iter05b_arm2,0,gb_eoh_2122r3,HP_Peak,TabPFN,size_peak,netfit,residual,log,p0.1|n10,wape,38.92493764235798,16,15,q_arm2,tabpfn
iter05b_arm2,0,gb_eoh_2122r3,HP_Peak,TabPFN,size_peak,netfit,residual,log,p0.1|n10,rmse,1.8976441728719209,16,15,q_arm2,tabpfn
iter05b_arm2,0,gb_eoh_2122r3,HP_Peak,TabPFN,size_peak,netfit,residual,log,p0.1|n10,mae,1.2805925406738123,16,15,q_arm2,tabpfn
iter05b_arm2,0,gb_eoh_2122r3,HP_Peak,TabPFN,size_peak,netfit,residual,log,p0.1|n10,mape,40.98137256552092,16,15,q_arm2,tabpfn
iter05b_arm2,0,gb_eoh_2122r3,HP_Peak,TabPFN,size_peak,netfit,residual,log,p0.1|n10,r2,-4.641469608063318,16,15,q_arm2,tabpfn
iter05b_arm2,0,gb_eoh_2122r3,HP_Peak,TabPFN,size_peak,netfit,residual,log,p0.1|n10,n_pred_nan,0.0,16,15,q_arm2,tabpfn
iter05b_arm2,0,gb_eoh_2122r3,HP_Peak,TabPFN,size_peak,netfit,residual,log,p0.1|n10,mape_n_excluded,0.0,16,15,q_arm2,tabpfn
iter05b_arm2,0,gb_eoh_2122r3,HP_Peak,TabPFN,size_peak,netfit,residual,log,p0.1|n40,wape,18.006144328080286,6,22,q_arm2,tabpfn
iter05b_arm2,0,gb_eoh_2122r3,HP_Peak,TabPFN,size_peak,netfit,residual,log,p0.1|n40,rmse,2.4130598858096675,6,22,q_arm2,tabpfn
iter05b_arm2,0,gb_eoh_2122r3,HP_Peak,TabPFN,size_peak,netfit,residual,log,p0.1|n40,mae,2.2004282045099557,6,22,q_arm2,tabpfn
iter05b_arm2,0,gb_eoh_2122r3,HP_Peak,TabPFN,size_peak,netfit,residual,log,p0.1|n40,mape,18.91134932764903,6,22,q_arm2,tabpfn
iter05b_arm2,0,gb_eoh_2122r3,HP_Peak,TabPFN,size_peak,netfit,residual,log,p0.1|n40,r2,-2.711820051440828,6,22,q_arm2,tabpfn
iter05b_arm2,0,gb_eoh_2122r3,HP_Peak,TabPFN,size_peak,netfit,residual,log,p0.1|n40,n_pred_nan,0.0,6,22,q_arm2,tabpfn
iter05b_arm2,0,gb_eoh_2122r3,HP_Peak,TabPFN,size_peak,netfit,residual,log,p0.1|n40,mape_n_excluded,0.0,6,22,q_arm2,tabpfn
iter05b_arm2,0,gb_eoh_2122r3,HP_Peak,TabPFN,size_peak,netfit,residual,log,p0.5|n10,wape,15.36810002139497,6,24,q_arm2,tabpfn
iter05b_arm2,0,gb_eoh_2122r3,HP_Peak,TabPFN,size_peak,netfit,residual,log,p0.5|n10,rmse,3.3870563082159957,6,24,q_arm2,tabpfn
iter05b_arm2,0,gb_eoh_2122r3,HP_Peak,TabPFN,size_peak,netfit,residual,log,p0.5|n10,mae,2.546876145481606,6,24,q_arm2,tabpfn
iter05b_arm2,0,gb_eoh_2122r3,HP_Peak,TabPFN,size_peak,netfit,residual,log,p0.5|n10,mape,15.467622994041882,6,24,q_arm2,tabpfn
iter05b_arm2,0,gb_eoh_2122r3,HP_Peak,TabPFN,size_peak,netfit,residual,log,p0.5|n10,r2,-1.6015738149802154,6,24,q_arm2,tabpfn
iter05b_arm2,0,gb_eoh_2122r3,HP_Peak,TabPFN,size_peak,netfit,residual,log,p0.5|n10,n_pred_nan,0.0,6,24,q_arm2,tabpfn
iter05b_arm2,0,gb_eoh_2122r3,HP_Peak,TabPFN,size_peak,netfit,residual,log,p0.5|n10,mape_n_excluded,0.0,6,24,q_arm2,tabpfn
iter05b_arm2,0,gb_eoh_2122r3,HP_Peak,TabPFN,size_peak,netfit,residual,log,p0.5|n40,wape,3.2616808634057324,2,28,q_arm2,tabpfn
iter05b_arm2,0,gb_eoh_2122r3,HP_Peak,TabPFN,size_peak,netfit,residual,log,p0.5|n40,rmse,2.40469639472866,2,28,q_arm2,tabpfn
iter05b_arm2,0,gb_eoh_2122r3,HP_Peak,TabPFN,size_peak,netfit,residual,log,p0.5|n40,mae,2.3842311288507076,2,28,q_arm2,tabpfn
iter05b_arm2,0,gb_eoh_2122r3,HP_Peak,TabPFN,size_peak,netfit,residual,log,p0.5|n40,mape,3.261802092116859,2,28,q_arm2,tabpfn
iter05b_arm2,0,gb_eoh_2122r3,HP_Peak,TabPFN,size_peak,netfit,residual,log,p0.5|n40,r2,-13563.5116724396,2,28,q_arm2,tabpfn
iter05b_arm2,0,gb_eoh_2122r3,HP_Peak,TabPFN,size_peak,netfit,residual,log,p0.5|n40,n_pred_nan,0.0,2,28,q_arm2,tabpfn
iter05b_arm2,0,gb_eoh_2122r3,HP_Peak,TabPFN,size_peak,netfit,residual,log,p0.5|n40,mape_n_excluded,0.0,2,28,q_arm2,tabpfn
iter05b_arm2,0,gb_eoh_2122r3,HP_Peak,TabPFN,size_peak,both,direct,log,all,wape,13.196485010363812,30,58,q_arm2,tabpfn
iter05b_arm2,0,gb_eoh_2122r3,HP_Peak,TabPFN,size_peak,both,direct,log,all,rmse,2.7142171323350013,30,58,q_arm2,tabpfn
iter05b_arm2,0,gb_eoh_2122r3,HP_Peak,TabPFN,size_peak,both,direct,log,all,mae,1.634571187345197,30,58,q_arm2,tabpfn
iter05b_arm2,0,gb_eoh_2122r3,HP_Peak,TabPFN,size_peak,both,direct,log,all,mape,31.03481992921491,30,58,q_arm2,tabpfn
iter05b_arm2,0,gb_eoh_2122r3,HP_Peak,TabPFN,size_peak,both,direct,log,all,r2,0.9750192548742873,30,58,q_arm2,tabpfn
iter05b_arm2,0,gb_eoh_2122r3,HP_Peak,TabPFN,size_peak,both,direct,log,all,n_pred_nan,0.0,30,58,q_arm2,tabpfn
iter05b_arm2,0,gb_eoh_2122r3,HP_Peak,TabPFN,size_peak,both,direct,log,all,mape_n_excluded,0.0,30,58,q_arm2,tabpfn
iter05b_arm2,0,gb_eoh_2122r3,HP_Peak,TabPFN,size_peak,both,direct,log,all,wape_train,2.7260876350181333,30,58,q_arm2,tabpfn
iter05b_arm2,0,gb_eoh_2122r3,HP_Peak,TabPFN,size_peak,both,direct,log,all,wape_inner,15.681785453721398,30,58,q_arm2,tabpfn
iter05b_arm2,0,gb_eoh_2122r3,HP_Peak,TabPFN,size_peak,both,direct,log,all,n_train_sub,111.0,30,58,q_arm2,tabpfn
iter05b_arm2,0,gb_eoh_2122r3,HP_Peak,TabPFN,size_peak,both,direct,log,all,n_inner_sub,90.0,30,58,q_arm2,tabpfn
iter05b_arm2,0,gb_eoh_2122r3,HP_Peak,TabPFN,size_peak,both,direct,log,all,n_test_sub,30.0,30,58,q_arm2,tabpfn
iter05b_arm2,0,gb_eoh_2122r3,HP_Peak,TabPFN,size_peak,both,direct,log,all,n_overlap_sub,0.0,30,58,q_arm2,tabpfn
iter05b_arm2,0,gb_eoh_2122r3,HP_Peak,TabPFN,size_peak,both,direct,log,pbin<=15,wape,28.44964094950628,22,34,q_arm2,tabpfn
iter05b_arm2,0,gb_eoh_2122r3,HP_Peak,TabPFN,size_peak,both,direct,log,pbin<=15,rmse,2.9440799072851305,22,34,q_arm2,tabpfn
iter05b_arm2,0,gb_eoh_2122r3,HP_Peak,TabPFN,size_peak,both,direct,log,pbin<=15,mae,1.6288844492760424,22,34,q_arm2,tabpfn
iter05b_arm2,0,gb_eoh_2122r3,HP_Peak,TabPFN,size_peak,both,direct,log,pbin<=15,mape,39.47716866349093,22,34,q_arm2,tabpfn
iter05b_arm2,0,gb_eoh_2122r3,HP_Peak,TabPFN,size_peak,both,direct,log,pbin<=15,r2,0.4813265624086457,22,34,q_arm2,tabpfn
iter05b_arm2,0,gb_eoh_2122r3,HP_Peak,TabPFN,size_peak,both,direct,log,pbin<=15,n_pred_nan,0.0,22,34,q_arm2,tabpfn
iter05b_arm2,0,gb_eoh_2122r3,HP_Peak,TabPFN,size_peak,both,direct,log,pbin<=15,mape_n_excluded,0.0,22,34,q_arm2,tabpfn
iter05b_arm2,0,gb_eoh_2122r3,HP_Peak,TabPFN,size_peak,both,direct,log,pbin35-65,wape,5.374589201332559,8,43,q_arm2,tabpfn
iter05b_arm2,0,gb_eoh_2122r3,HP_Peak,TabPFN,size_peak,both,direct,log,pbin35-65,rmse,1.946853109291525,8,43,q_arm2,tabpfn
iter05b_arm2,0,gb_eoh_2122r3,HP_Peak,TabPFN,size_peak,both,direct,log,pbin35-65,mae,1.6502097170353718,8,43,q_arm2,tabpfn
iter05b_arm2,0,gb_eoh_2122r3,HP_Peak,TabPFN,size_peak,both,direct,log,pbin35-65,mape,7.818360909955826,8,43,q_arm2,tabpfn
iter05b_arm2,0,gb_eoh_2122r3,HP_Peak,TabPFN,size_peak,both,direct,log,pbin35-65,r2,0.9937081052042821,8,43,q_arm2,tabpfn
iter05b_arm2,0,gb_eoh_2122r3,HP_Peak,TabPFN,size_peak,both,direct,log,pbin35-65,n_pred_nan,0.0,8,43,q_arm2,tabpfn
iter05b_arm2,0,gb_eoh_2122r3,HP_Peak,TabPFN,size_peak,both,direct,log,pbin35-65,mape_n_excluded,0.0,8,43,q_arm2,tabpfn
iter05b_arm2,0,gb_eoh_2122r3,HP_Peak,TabPFN,size_peak,both,direct,log,p0.1|n10,wape,43.361171638263215,16,15,q_arm2,tabpfn
iter05b_arm2,0,gb_eoh_2122r3,HP_Peak,TabPFN,size_peak,both,direct,log,p0.1|n10,rmse,3.0710076264707213,16,15,q_arm2,tabpfn
iter05b_arm2,0,gb_eoh_2122r3,HP_Peak,TabPFN,size_peak,both,direct,log,p0.1|n10,mae,1.426540318831786,16,15,q_arm2,tabpfn
iter05b_arm2,0,gb_eoh_2122r3,HP_Peak,TabPFN,size_peak,both,direct,log,p0.1|n10,mape,47.15083146057043,16,15,q_arm2,tabpfn
iter05b_arm2,0,gb_eoh_2122r3,HP_Peak,TabPFN,size_peak,both,direct,log,p0.1|n10,r2,-13.77489762571711,16,15,q_arm2,tabpfn
iter05b_arm2,0,gb_eoh_2122r3,HP_Peak,TabPFN,size_peak,both,direct,log,p0.1|n10,n_pred_nan,0.0,16,15,q_arm2,tabpfn
iter05b_arm2,0,gb_eoh_2122r3,HP_Peak,TabPFN,size_peak,both,direct,log,p0.1|n10,mape_n_excluded,0.0,16,15,q_arm2,tabpfn
iter05b_arm2,0,gb_eoh_2122r3,HP_Peak,TabPFN,size_peak,both,direct,log,p0.1|n40,wape,17.74461991170037,6,22,q_arm2,tabpfn
iter05b_arm2,0,gb_eoh_2122r3,HP_Peak,TabPFN,size_peak,both,direct,log,p0.1|n40,rmse,2.575200236263166,6,22,q_arm2,tabpfn
iter05b_arm2,0,gb_eoh_2122r3,HP_Peak,TabPFN,size_peak,both,direct,log,p0.1|n40,mae,2.168468797127391,6,22,q_arm2,tabpfn
iter05b_arm2,0,gb_eoh_2122r3,HP_Peak,TabPFN,size_peak,both,direct,log,p0.1|n40,mape,19.014067871278936,6,22,q_arm2,tabpfn
iter05b_arm2,0,gb_eoh_2122r3,HP_Peak,TabPFN,size_peak,both,direct,log,p0.1|n40,r2,-3.2273939387805806,6,22,q_arm2,tabpfn
iter05b_arm2,0,gb_eoh_2122r3,HP_Peak,TabPFN,size_peak,both,direct,log,p0.1|n40,n_pred_nan,0.0,6,22,q_arm2,tabpfn
iter05b_arm2,0,gb_eoh_2122r3,HP_Peak,TabPFN,size_peak,both,direct,log,p0.1|n40,mape_n_excluded,0.0,6,22,q_arm2,tabpfn
iter05b_arm2,0,gb_eoh_2122r3,HP_Peak,TabPFN,size_peak,both,direct,log,p0.5|n10,wape,9.165261389007814,6,24,q_arm2,tabpfn
iter05b_arm2,0,gb_eoh_2122r3,HP_Peak,TabPFN,size_peak,both,direct,log,p0.5|n10,rmse,1.9131387335197962,6,24,q_arm2,tabpfn
iter05b_arm2,0,gb_eoh_2122r3,HP_Peak,TabPFN,size_peak,both,direct,log,p0.5|n10,mae,1.5189116134245968,6,24,q_arm2,tabpfn
iter05b_arm2,0,gb_eoh_2122r3,HP_Peak,TabPFN,size_peak,both,direct,log,p0.5|n10,mape,9.492348487312185,6,24,q_arm2,tabpfn
iter05b_arm2,0,gb_eoh_2122r3,HP_Peak,TabPFN,size_peak,both,direct,log,p0.5|n10,r2,0.16998823459917578,6,24,q_arm2,tabpfn
iter05b_arm2,0,gb_eoh_2122r3,HP_Peak,TabPFN,size_peak,both,direct,log,p0.5|n10,n_pred_nan,0.0,6,24,q_arm2,tabpfn
iter05b_arm2,0,gb_eoh_2122r3,HP_Peak,TabPFN,size_peak,both,direct,log,p0.5|n10,mape_n_excluded,0.0,6,24,q_arm2,tabpfn
iter05b_arm2,0,gb_eoh_2122r3,HP_Peak,TabPFN,size_peak,both,direct,log,p0.5|n40,wape,2.7963794742167054,2,28,q_arm2,tabpfn
iter05b_arm2,0,gb_eoh_2122r3,HP_Peak,TabPFN,size_peak,both,direct,log,p0.5|n40,rmse,2.044663462663508,2,28,q_arm2,tabpfn
iter05b_arm2,0,gb_eoh_2122r3,HP_Peak,TabPFN,size_peak,both,direct,log,p0.5|n40,mae,2.0441040278676965,2,28,q_arm2,tabpfn
iter05b_arm2,0,gb_eoh_2122r3,HP_Peak,TabPFN,size_peak,both,direct,log,p0.5|n40,mape,2.7963981778867466,2,28,q_arm2,tabpfn
iter05b_arm2,0,gb_eoh_2122r3,HP_Peak,TabPFN,size_peak,both,direct,log,p0.5|n40,r2,-9805.80030428209,2,28,q_arm2,tabpfn
iter05b_arm2,0,gb_eoh_2122r3,HP_Peak,TabPFN,size_peak,both,direct,log,p0.5|n40,n_pred_nan,0.0,2,28,q_arm2,tabpfn
iter05b_arm2,0,gb_eoh_2122r3,HP_Peak,TabPFN,size_peak,both,direct,log,p0.5|n40,mape_n_excluded,0.0,2,28,q_arm2,tabpfn
iter05b_arm2,0,gb_eoh_2122r3,HP_Peak,TabPFN,size_peak,both,residual,log,all,wape,12.831802632050696,30,58,q_arm2,tabpfn
iter05b_arm2,0,gb_eoh_2122r3,HP_Peak,TabPFN,size_peak,both,residual,log,all,rmse,2.521960774087091,30,58,q_arm2,tabpfn
iter05b_arm2,0,gb_eoh_2122r3,HP_Peak,TabPFN,size_peak,both,residual,log,all,mae,1.5894001203788801,30,58,q_arm2,tabpfn
iter05b_arm2,0,gb_eoh_2122r3,HP_Peak,TabPFN,size_peak,both,residual,log,all,mape,30.84989613188702,30,58,q_arm2,tabpfn
iter05b_arm2,0,gb_eoh_2122r3,HP_Peak,TabPFN,size_peak,both,residual,log,all,r2,0.9784328445700785,30,58,q_arm2,tabpfn
iter05b_arm2,0,gb_eoh_2122r3,HP_Peak,TabPFN,size_peak,both,residual,log,all,n_pred_nan,0.0,30,58,q_arm2,tabpfn
iter05b_arm2,0,gb_eoh_2122r3,HP_Peak,TabPFN,size_peak,both,residual,log,all,mape_n_excluded,0.0,30,58,q_arm2,tabpfn
iter05b_arm2,0,gb_eoh_2122r3,HP_Peak,TabPFN,size_peak,both,residual,log,all,n_invalid,0.0,30,58,q_arm2,tabpfn
iter05b_arm2,0,gb_eoh_2122r3,HP_Peak,TabPFN,size_peak,both,residual,log,all,n_resid_excluded_train,0.0,30,58,q_arm2,tabpfn
iter05b_arm2,0,gb_eoh_2122r3,HP_Peak,TabPFN,size_peak,both,residual,log,all,n_resid_excluded_inner,0.0,30,58,q_arm2,tabpfn
iter05b_arm2,0,gb_eoh_2122r3,HP_Peak,TabPFN,size_peak,both,residual,log,all,wape_train,0.6746173194956571,30,58,q_arm2,tabpfn
iter05b_arm2,0,gb_eoh_2122r3,HP_Peak,TabPFN,size_peak,both,residual,log,all,wape_inner,18.922901979501354,30,58,q_arm2,tabpfn
iter05b_arm2,0,gb_eoh_2122r3,HP_Peak,TabPFN,size_peak,both,residual,log,all,n_train_sub,111.0,30,58,q_arm2,tabpfn
iter05b_arm2,0,gb_eoh_2122r3,HP_Peak,TabPFN,size_peak,both,residual,log,all,n_inner_sub,90.0,30,58,q_arm2,tabpfn
iter05b_arm2,0,gb_eoh_2122r3,HP_Peak,TabPFN,size_peak,both,residual,log,all,n_test_sub,30.0,30,58,q_arm2,tabpfn
iter05b_arm2,0,gb_eoh_2122r3,HP_Peak,TabPFN,size_peak,both,residual,log,all,n_overlap_sub,0.0,30,58,q_arm2,tabpfn
iter05b_arm2,0,gb_eoh_2122r3,HP_Peak,TabPFN,size_peak,both,residual,log,pbin<=15,wape,29.078730503347845,22,34,q_arm2,tabpfn
iter05b_arm2,0,gb_eoh_2122r3,HP_Peak,TabPFN,size_peak,both,residual,log,pbin<=15,rmse,2.7037542294529144,22,34,q_arm2,tabpfn
iter05b_arm2,0,gb_eoh_2122r3,HP_Peak,TabPFN,size_peak,both,residual,log,pbin<=15,mae,1.6649029773577586,22,34,q_arm2,tabpfn
iter05b_arm2,0,gb_eoh_2122r3,HP_Peak,TabPFN,size_peak,both,residual,log,pbin<=15,mape,39.40067941452593,22,34,q_arm2,tabpfn
iter05b_arm2,0,gb_eoh_2122r3,HP_Peak,TabPFN,size_peak,both,residual,log,pbin<=15,r2,0.5625491704940855,22,34,q_arm2,tabpfn
iter05b_arm2,0,gb_eoh_2122r3,HP_Peak,TabPFN,size_peak,both,residual,log,pbin<=15,n_pred_nan,0.0,22,34,q_arm2,tabpfn
iter05b_arm2,0,gb_eoh_2122r3,HP_Peak,TabPFN,size_peak,both,residual,log,pbin<=15,mape_n_excluded,0.0,22,34,q_arm2,tabpfn
iter05b_arm2,0,gb_eoh_2122r3,HP_Peak,TabPFN,size_peak,both,residual,log,pbin35-65,wape,4.500295530624134,8,43,q_arm2,tabpfn
iter05b_arm2,0,gb_eoh_2122r3,HP_Peak,TabPFN,size_peak,both,residual,log,pbin35-65,rmse,1.9359194149279337,8,43,q_arm2,tabpfn
iter05b_arm2,0,gb_eoh_2122r3,HP_Peak,TabPFN,size_peak,both,residual,log,pbin35-65,mae,1.3817672636869651,8,43,q_arm2,tabpfn
iter05b_arm2,0,gb_eoh_2122r3,HP_Peak,TabPFN,size_peak,both,residual,log,pbin35-65,mape,7.335242104630008,8,43,q_arm2,tabpfn
iter05b_arm2,0,gb_eoh_2122r3,HP_Peak,TabPFN,size_peak,both,residual,log,pbin35-65,r2,0.993778578398997,8,43,q_arm2,tabpfn
iter05b_arm2,0,gb_eoh_2122r3,HP_Peak,TabPFN,size_peak,both,residual,log,pbin35-65,n_pred_nan,0.0,8,43,q_arm2,tabpfn
iter05b_arm2,0,gb_eoh_2122r3,HP_Peak,TabPFN,size_peak,both,residual,log,pbin35-65,mape_n_excluded,0.0,8,43,q_arm2,tabpfn
iter05b_arm2,0,gb_eoh_2122r3,HP_Peak,TabPFN,size_peak,both,residual,log,p0.1|n10,wape,46.2365133970495,16,15,q_arm2,tabpfn
iter05b_arm2,0,gb_eoh_2122r3,HP_Peak,TabPFN,size_peak,both,residual,log,p0.1|n10,rmse,2.7839931586483893,16,15,q_arm2,tabpfn
iter05b_arm2,0,gb_eoh_2122r3,HP_Peak,TabPFN,size_peak,both,residual,log,p0.1|n10,mae,1.521136262491892,16,15,q_arm2,tabpfn
iter05b_arm2,0,gb_eoh_2122r3,HP_Peak,TabPFN,size_peak,both,residual,log,p0.1|n10,mape,47.487190935031094,16,15,q_arm2,tabpfn
iter05b_arm2,0,gb_eoh_2122r3,HP_Peak,TabPFN,size_peak,both,residual,log,p0.1|n10,r2,-11.142245734352333,16,15,q_arm2,tabpfn
iter05b_arm2,0,gb_eoh_2122r3,HP_Peak,TabPFN,size_peak,both,residual,log,p0.1|n10,n_pred_nan,0.0,16,15,q_arm2,tabpfn
iter05b_arm2,0,gb_eoh_2122r3,HP_Peak,TabPFN,size_peak,both,residual,log,p0.1|n10,mape_n_excluded,0.0,16,15,q_arm2,tabpfn
iter05b_arm2,0,gb_eoh_2122r3,HP_Peak,TabPFN,size_peak,both,residual,log,p0.1|n40,wape,16.761120012986176,6,22,q_arm2,tabpfn
iter05b_arm2,0,gb_eoh_2122r3,HP_Peak,TabPFN,size_peak,both,residual,log,p0.1|n40,rmse,2.477109404589783,6,22,q_arm2,tabpfn
iter05b_arm2,0,gb_eoh_2122r3,HP_Peak,TabPFN,size_peak,both,residual,log,p0.1|n40,mae,2.0482808836667354,6,22,q_arm2,tabpfn
iter05b_arm2,0,gb_eoh_2122r3,HP_Peak,TabPFN,size_peak,both,residual,log,p0.1|n40,mape,17.83664869317886,6,22,q_arm2,tabpfn
iter05b_arm2,0,gb_eoh_2122r3,HP_Peak,TabPFN,size_peak,both,residual,log,p0.1|n40,r2,-2.9114797809804167,6,22,q_arm2,tabpfn
iter05b_arm2,0,gb_eoh_2122r3,HP_Peak,TabPFN,size_peak,both,residual,log,p0.1|n40,n_pred_nan,0.0,6,22,q_arm2,tabpfn
iter05b_arm2,0,gb_eoh_2122r3,HP_Peak,TabPFN,size_peak,both,residual,log,p0.1|n40,mape_n_excluded,0.0,6,22,q_arm2,tabpfn
iter05b_arm2,0,gb_eoh_2122r3,HP_Peak,TabPFN,size_peak,both,residual,log,p0.5|n10,wape,9.244667954072627,6,24,q_arm2,tabpfn
iter05b_arm2,0,gb_eoh_2122r3,HP_Peak,TabPFN,size_peak,both,residual,log,p0.5|n10,rmse,2.1410822238144585,6,24,q_arm2,tabpfn
iter05b_arm2,0,gb_eoh_2122r3,HP_Peak,TabPFN,size_peak,both,residual,log,p0.5|n10,mae,1.5320712548946975,6,24,q_arm2,tabpfn
iter05b_arm2,0,gb_eoh_2122r3,HP_Peak,TabPFN,size_peak,both,residual,log,p0.5|n10,mape,9.355767351382276,6,24,q_arm2,tabpfn
iter05b_arm2,0,gb_eoh_2122r3,HP_Peak,TabPFN,size_peak,both,residual,log,p0.5|n10,r2,-0.039580228136258944,6,24,q_arm2,tabpfn
iter05b_arm2,0,gb_eoh_2122r3,HP_Peak,TabPFN,size_peak,both,residual,log,p0.5|n10,n_pred_nan,0.0,6,24,q_arm2,tabpfn
iter05b_arm2,0,gb_eoh_2122r3,HP_Peak,TabPFN,size_peak,both,residual,log,p0.5|n10,mape_n_excluded,0.0,6,24,q_arm2,tabpfn
iter05b_arm2,0,gb_eoh_2122r3,HP_Peak,TabPFN,size_peak,both,residual,log,p0.5|n40,wape,1.2734306038796364,2,28,q_arm2,tabpfn
iter05b_arm2,0,gb_eoh_2122r3,HP_Peak,TabPFN,size_peak,both,residual,log,p0.5|n40,rmse,1.1128506894354029,2,28,q_arm2,tabpfn
iter05b_arm2,0,gb_eoh_2122r3,HP_Peak,TabPFN,size_peak,both,residual,log,p0.5|n40,mae,0.9308552900637679,2,28,q_arm2,tabpfn
iter05b_arm2,0,gb_eoh_2122r3,HP_Peak,TabPFN,size_peak,both,residual,log,p0.5|n40,mape,1.2736663643732014,2,28,q_arm2,tabpfn
iter05b_arm2,0,gb_eoh_2122r3,HP_Peak,TabPFN,size_peak,both,residual,log,p0.5|n40,r2,-2904.07572556874,2,28,q_arm2,tabpfn
iter05b_arm2,0,gb_eoh_2122r3,HP_Peak,TabPFN,size_peak,both,residual,log,p0.5|n40,n_pred_nan,0.0,2,28,q_arm2,tabpfn
iter05b_arm2,0,gb_eoh_2122r3,HP_Peak,TabPFN,size_peak,both,residual,log,p0.5|n40,mape_n_excluded,0.0,2,28,q_arm2,tabpfn
iter05b_arm2,0,gb_eoh_2122r3,HP_Peak,GP,size,netfit,direct,log,all,wape,18.368699482878835,30,58,q_arm2,gp
iter05b_arm2,0,gb_eoh_2122r3,HP_Peak,GP,size,netfit,direct,log,all,rmse,4.080782542889831,30,58,q_arm2,gp
iter05b_arm2,0,gb_eoh_2122r3,HP_Peak,GP,size,netfit,direct,log,all,mae,2.275223053725017,30,58,q_arm2,gp
iter05b_arm2,0,gb_eoh_2122r3,HP_Peak,GP,size,netfit,direct,log,all,mape,29.073720725784952,30,58,q_arm2,gp
iter05b_arm2,0,gb_eoh_2122r3,HP_Peak,GP,size,netfit,direct,log,all,r2,0.9435319073295628,30,58,q_arm2,gp
iter05b_arm2,0,gb_eoh_2122r3,HP_Peak,GP,size,netfit,direct,log,all,n_pred_nan,0.0,30,58,q_arm2,gp
iter05b_arm2,0,gb_eoh_2122r3,HP_Peak,GP,size,netfit,direct,log,all,mape_n_excluded,0.0,30,58,q_arm2,gp
iter05b_arm2,0,gb_eoh_2122r3,HP_Peak,GP,size,netfit,direct,log,all,wape_train,3.7165384798555863,30,58,q_arm2,gp
iter05b_arm2,0,gb_eoh_2122r3,HP_Peak,GP,size,netfit,direct,log,all,wape_inner,22.965741141253137,30,58,q_arm2,gp
iter05b_arm2,0,gb_eoh_2122r3,HP_Peak,GP,size,netfit,direct,log,all,n_train_sub,111.0,30,58,q_arm2,gp
iter05b_arm2,0,gb_eoh_2122r3,HP_Peak,GP,size,netfit,direct,log,all,n_inner_sub,90.0,30,58,q_arm2,gp
iter05b_arm2,0,gb_eoh_2122r3,HP_Peak,GP,size,netfit,direct,log,all,n_test_sub,30.0,30,58,q_arm2,gp
iter05b_arm2,0,gb_eoh_2122r3,HP_Peak,GP,size,netfit,direct,log,all,n_overlap_sub,0.0,30,58,q_arm2,gp
iter05b_arm2,0,gb_eoh_2122r3,HP_Peak,GP,size,netfit,direct,log,all,gp_pi90_coverage,0.7333333333333333,30,58,q_arm2,gp
iter05b_arm2,0,gb_eoh_2122r3,HP_Peak,GP,size,netfit,direct,log,pbin<=15,wape,27.195030325840058,22,34,q_arm2,gp
iter05b_arm2,0,gb_eoh_2122r3,HP_Peak,GP,size,netfit,direct,log,pbin<=15,rmse,2.0053368576501804,22,34,q_arm2,gp
iter05b_arm2,0,gb_eoh_2122r3,HP_Peak,GP,size,netfit,direct,log,pbin<=15,mae,1.5570517066971983,22,34,q_arm2,gp
iter05b_arm2,0,gb_eoh_2122r3,HP_Peak,GP,size,netfit,direct,log,pbin<=15,mape,34.611567449912,22,34,q_arm2,gp
iter05b_arm2,0,gb_eoh_2122r3,HP_Peak,GP,size,netfit,direct,log,pbin<=15,r2,0.7593590723868362,22,34,q_arm2,gp
iter05b_arm2,0,gb_eoh_2122r3,HP_Peak,GP,size,netfit,direct,log,pbin<=15,n_pred_nan,0.0,22,34,q_arm2,gp
iter05b_arm2,0,gb_eoh_2122r3,HP_Peak,GP,size,netfit,direct,log,pbin<=15,mape_n_excluded,0.0,22,34,q_arm2,gp
iter05b_arm2,0,gb_eoh_2122r3,HP_Peak,GP,size,netfit,direct,log,pbin35-65,wape,13.842512213494434,8,43,q_arm2,gp
iter05b_arm2,0,gb_eoh_2122r3,HP_Peak,GP,size,netfit,direct,log,pbin35-65,rmse,7.1686236021317695,8,43,q_arm2,gp
iter05b_arm2,0,gb_eoh_2122r3,HP_Peak,GP,size,netfit,direct,log,pbin35-65,mae,4.250194258051517,8,43,q_arm2,gp
iter05b_arm2,0,gb_eoh_2122r3,HP_Peak,GP,size,netfit,direct,log,pbin35-65,mape,13.844642234435572,8,43,q_arm2,gp
iter05b_arm2,0,gb_eoh_2122r3,HP_Peak,GP,size,netfit,direct,log,pbin35-65,r2,0.9146926133546217,8,43,q_arm2,gp
iter05b_arm2,0,gb_eoh_2122r3,HP_Peak,GP,size,netfit,direct,log,pbin35-65,n_pred_nan,0.0,8,43,q_arm2,gp
iter05b_arm2,0,gb_eoh_2122r3,HP_Peak,GP,size,netfit,direct,log,pbin35-65,mape_n_excluded,0.0,8,43,q_arm2,gp
iter05b_arm2,0,gb_eoh_2122r3,HP_Peak,GP,size,netfit,direct,log,p0.1|n10,wape,36.1115528066405,16,15,q_arm2,gp
iter05b_arm2,0,gb_eoh_2122r3,HP_Peak,GP,size,netfit,direct,log,p0.1|n10,rmse,1.4766036696123679,16,15,q_arm2,gp
iter05b_arm2,0,gb_eoh_2122r3,HP_Peak,GP,size,netfit,direct,log,p0.1|n10,mae,1.1880349194447914,16,15,q_arm2,gp
iter05b_arm2,0,gb_eoh_2122r3,HP_Peak,GP,size,netfit,direct,log,p0.1|n10,mape,39.26540313491913,16,15,q_arm2,gp
iter05b_arm2,0,gb_eoh_2122r3,HP_Peak,GP,size,netfit,direct,log,p0.1|n10,r2,-2.415785394532319,16,15,q_arm2,gp
iter05b_arm2,0,gb_eoh_2122r3,HP_Peak,GP,size,netfit,direct,log,p0.1|n10,n_pred_nan,0.0,16,15,q_arm2,gp
iter05b_arm2,0,gb_eoh_2122r3,HP_Peak,GP,size,netfit,direct,log,p0.1|n10,mape_n_excluded,0.0,16,15,q_arm2,gp
iter05b_arm2,0,gb_eoh_2122r3,HP_Peak,GP,size,netfit,direct,log,p0.1|n40,wape,20.79383901065154,6,22,q_arm2,gp
iter05b_arm2,0,gb_eoh_2122r3,HP_Peak,GP,size,netfit,direct,log,p0.1|n40,rmse,2.988437042014416,6,22,q_arm2,gp
iter05b_arm2,0,gb_eoh_2122r3,HP_Peak,GP,size,netfit,direct,log,p0.1|n40,mae,2.5410964727036167,6,22,q_arm2,gp
iter05b_arm2,0,gb_eoh_2122r3,HP_Peak,GP,size,netfit,direct,log,p0.1|n40,mape,22.20133895655967,6,22,q_arm2,gp
iter05b_arm2,0,gb_eoh_2122r3,HP_Peak,GP,size,netfit,direct,log,p0.1|n40,r2,-4.692970523016277,6,22,q_arm2,gp
iter05b_arm2,0,gb_eoh_2122r3,HP_Peak,GP,size,netfit,direct,log,p0.1|n40,n_pred_nan,0.0,6,22,q_arm2,gp
iter05b_arm2,0,gb_eoh_2122r3,HP_Peak,GP,size,netfit,direct,log,p0.1|n40,mape_n_excluded,0.0,6,22,q_arm2,gp
iter05b_arm2,0,gb_eoh_2122r3,HP_Peak,GP,size,netfit,direct,log,p0.5|n10,wape,13.77625703410226,6,24,q_arm2,gp
iter05b_arm2,0,gb_eoh_2122r3,HP_Peak,GP,size,netfit,direct,log,p0.5|n10,rmse,2.728590127827262,6,24,q_arm2,gp
iter05b_arm2,0,gb_eoh_2122r3,HP_Peak,GP,size,netfit,direct,log,p0.5|n10,mae,2.283068197456553,6,24,q_arm2,gp
iter05b_arm2,0,gb_eoh_2122r3,HP_Peak,GP,size,netfit,direct,log,p0.5|n10,mape,13.831484052377377,6,24,q_arm2,gp
iter05b_arm2,0,gb_eoh_2122r3,HP_Peak,GP,size,netfit,direct,log,p0.5|n10,r2,-0.6883711651254958,6,24,q_arm2,gp
iter05b_arm2,0,gb_eoh_2122r3,HP_Peak,GP,size,netfit,direct,log,p0.5|n10,n_pred_nan,0.0,6,24,q_arm2,gp
iter05b_arm2,0,gb_eoh_2122r3,HP_Peak,GP,size,netfit,direct,log,p0.5|n10,mape_n_excluded,0.0,6,24,q_arm2,gp
iter05b_arm2,0,gb_eoh_2122r3,HP_Peak,GP,size,netfit,direct,log,p0.5|n40,wape,13.887575394778246,2,28,q_arm2,gp
iter05b_arm2,0,gb_eoh_2122r3,HP_Peak,GP,size,netfit,direct,log,p0.5|n40,rmse,13.535916856243372,2,28,q_arm2,gp
iter05b_arm2,0,gb_eoh_2122r3,HP_Peak,GP,size,netfit,direct,log,p0.5|n40,mae,10.151572439836407,2,28,q_arm2,gp
iter05b_arm2,0,gb_eoh_2122r3,HP_Peak,GP,size,netfit,direct,log,p0.5|n40,mape,13.884116780610148,2,28,q_arm2,gp
iter05b_arm2,0,gb_eoh_2122r3,HP_Peak,GP,size,netfit,direct,log,p0.5|n40,r2,-429791.6806740024,2,28,q_arm2,gp
iter05b_arm2,0,gb_eoh_2122r3,HP_Peak,GP,size,netfit,direct,log,p0.5|n40,n_pred_nan,0.0,2,28,q_arm2,gp
iter05b_arm2,0,gb_eoh_2122r3,HP_Peak,GP,size,netfit,direct,log,p0.5|n40,mape_n_excluded,0.0,2,28,q_arm2,gp
iter05b_arm2,0,gb_eoh_2122r3,HP_Peak,GP,size,netfit,residual,log,all,wape,18.018915693137654,30,58,q_arm2,gp
iter05b_arm2,0,gb_eoh_2122r3,HP_Peak,GP,size,netfit,residual,log,all,rmse,2.8480124144700483,30,58,q_arm2,gp
iter05b_arm2,0,gb_eoh_2122r3,HP_Peak,GP,size,netfit,residual,log,all,mae,2.2318973875296373,30,58,q_arm2,gp
iter05b_arm2,0,gb_eoh_2122r3,HP_Peak,GP,size,netfit,residual,log,all,mape,33.8583391917444,30,58,q_arm2,gp
iter05b_arm2,0,gb_eoh_2122r3,HP_Peak,GP,size,netfit,residual,log,all,r2,0.9724957396982721,30,58,q_arm2,gp
iter05b_arm2,0,gb_eoh_2122r3,HP_Peak,GP,size,netfit,residual,log,all,n_pred_nan,0.0,30,58,q_arm2,gp
iter05b_arm2,0,gb_eoh_2122r3,HP_Peak,GP,size,netfit,residual,log,all,mape_n_excluded,0.0,30,58,q_arm2,gp
iter05b_arm2,0,gb_eoh_2122r3,HP_Peak,GP,size,netfit,residual,log,all,n_invalid,0.0,30,58,q_arm2,gp
iter05b_arm2,0,gb_eoh_2122r3,HP_Peak,GP,size,netfit,residual,log,all,n_resid_excluded_train,0.0,30,58,q_arm2,gp
iter05b_arm2,0,gb_eoh_2122r3,HP_Peak,GP,size,netfit,residual,log,all,n_resid_excluded_inner,0.0,30,58,q_arm2,gp
iter05b_arm2,0,gb_eoh_2122r3,HP_Peak,GP,size,netfit,residual,log,all,wape_train,2.6464200210185416,30,58,q_arm2,gp
iter05b_arm2,0,gb_eoh_2122r3,HP_Peak,GP,size,netfit,residual,log,all,wape_inner,22.82905887175275,30,58,q_arm2,gp
iter05b_arm2,0,gb_eoh_2122r3,HP_Peak,GP,size,netfit,residual,log,all,n_train_sub,111.0,30,58,q_arm2,gp
iter05b_arm2,0,gb_eoh_2122r3,HP_Peak,GP,size,netfit,residual,log,all,n_inner_sub,90.0,30,58,q_arm2,gp
iter05b_arm2,0,gb_eoh_2122r3,HP_Peak,GP,size,netfit,residual,log,all,n_test_sub,30.0,30,58,q_arm2,gp
iter05b_arm2,0,gb_eoh_2122r3,HP_Peak,GP,size,netfit,residual,log,all,n_overlap_sub,0.0,30,58,q_arm2,gp
iter05b_arm2,0,gb_eoh_2122r3,HP_Peak,GP,size,netfit,residual,log,all,gp_pi90_coverage,0.5333333333333333,30,58,q_arm2,gp
iter05b_arm2,0,gb_eoh_2122r3,HP_Peak,GP,size,netfit,residual,log,pbin<=15,wape,32.34398459986465,22,34,q_arm2,gp
iter05b_arm2,0,gb_eoh_2122r3,HP_Peak,GP,size,netfit,residual,log,pbin<=15,rmse,2.2772798216411574,22,34,q_arm2,gp
iter05b_arm2,0,gb_eoh_2122r3,HP_Peak,GP,size,netfit,residual,log,pbin<=15,mae,1.8518551301174724,22,34,q_arm2,gp
iter05b_arm2,0,gb_eoh_2122r3,HP_Peak,GP,size,netfit,residual,log,pbin<=15,mape,41.05325040308955,22,34,q_arm2,gp
iter05b_arm2,0,gb_eoh_2122r3,HP_Peak,GP,size,netfit,residual,log,pbin<=15,r2,0.6896672451090096,22,34,q_arm2,gp
iter05b_arm2,0,gb_eoh_2122r3,HP_Peak,GP,size,netfit,residual,log,pbin<=15,n_pred_nan,0.0,22,34,q_arm2,gp
iter05b_arm2,0,gb_eoh_2122r3,HP_Peak,GP,size,netfit,residual,log,pbin<=15,mape_n_excluded,0.0,22,34,q_arm2,gp
iter05b_arm2,0,gb_eoh_2122r3,HP_Peak,GP,size,netfit,residual,log,pbin35-65,wape,10.67294762641958,8,43,q_arm2,gp
iter05b_arm2,0,gb_eoh_2122r3,HP_Peak,GP,size,netfit,residual,log,pbin35-65,rmse,4.019377546587248,8,43,q_arm2,gp
iter05b_arm2,0,gb_eoh_2122r3,HP_Peak,GP,size,netfit,residual,log,pbin35-65,mae,3.277013595413094,8,43,q_arm2,gp
iter05b_arm2,0,gb_eoh_2122r3,HP_Peak,GP,size,netfit,residual,log,pbin35-65,mape,14.072333360545192,8,43,q_arm2,gp
iter05b_arm2,0,gb_eoh_2122r3,HP_Peak,GP,size,netfit,residual,log,pbin35-65,r2,0.9731816109744673,8,43,q_arm2,gp
iter05b_arm2,0,gb_eoh_2122r3,HP_Peak,GP,size,netfit,residual,log,pbin35-65,n_pred_nan,0.0,8,43,q_arm2,gp
iter05b_arm2,0,gb_eoh_2122r3,HP_Peak,GP,size,netfit,residual,log,pbin35-65,mape_n_excluded,0.0,8,43,q_arm2,gp
iter05b_arm2,0,gb_eoh_2122r3,HP_Peak,GP,size,netfit,residual,log,p0.1|n10,wape,45.13805849938047,16,15,q_arm2,gp
iter05b_arm2,0,gb_eoh_2122r3,HP_Peak,GP,size,netfit,residual,log,p0.1|n10,rmse,1.820119179198189,16,15,q_arm2,gp
iter05b_arm2,0,gb_eoh_2122r3,HP_Peak,GP,size,netfit,residual,log,p0.1|n10,mae,1.4849981661088978,16,15,q_arm2,gp
iter05b_arm2,0,gb_eoh_2122r3,HP_Peak,GP,size,netfit,residual,log,p0.1|n10,mape,47.25082908711184,16,15,q_arm2,gp
iter05b_arm2,0,gb_eoh_2122r3,HP_Peak,GP,size,netfit,residual,log,p0.1|n10,r2,-4.189940063984546,16,15,q_arm2,gp
iter05b_arm2,0,gb_eoh_2122r3,HP_Peak,GP,size,netfit,residual,log,p0.1|n10,n_pred_nan,0.0,16,15,q_arm2,gp
iter05b_arm2,0,gb_eoh_2122r3,HP_Peak,GP,size,netfit,residual,log,p0.1|n10,mape_n_excluded,0.0,16,15,q_arm2,gp
iter05b_arm2,0,gb_eoh_2122r3,HP_Peak,GP,size,netfit,residual,log,p0.1|n40,wape,23.15909049929945,6,22,q_arm2,gp
iter05b_arm2,0,gb_eoh_2122r3,HP_Peak,GP,size,netfit,residual,log,p0.1|n40,rmse,3.1907870833966694,6,22,q_arm2,gp
iter05b_arm2,0,gb_eoh_2122r3,HP_Peak,GP,size,netfit,residual,log,p0.1|n40,mae,2.8301403674736694,6,22,q_arm2,gp
iter05b_arm2,0,gb_eoh_2122r3,HP_Peak,GP,size,netfit,residual,log,p0.1|n40,mape,24.526373912363468,6,22,q_arm2,gp
iter05b_arm2,0,gb_eoh_2122r3,HP_Peak,GP,size,netfit,residual,log,p0.1|n40,r2,-5.4900249138703305,6,22,q_arm2,gp
iter05b_arm2,0,gb_eoh_2122r3,HP_Peak,GP,size,netfit,residual,log,p0.1|n40,n_pred_nan,0.0,6,22,q_arm2,gp
iter05b_arm2,0,gb_eoh_2122r3,HP_Peak,GP,size,netfit,residual,log,p0.1|n40,mape_n_excluded,0.0,6,22,q_arm2,gp
iter05b_arm2,0,gb_eoh_2122r3,HP_Peak,GP,size,netfit,residual,log,p0.5|n10,wape,16.325424728025578,6,24,q_arm2,gp
iter05b_arm2,0,gb_eoh_2122r3,HP_Peak,GP,size,netfit,residual,log,p0.5|n10,rmse,2.9895836369276054,6,24,q_arm2,gp
iter05b_arm2,0,gb_eoh_2122r3,HP_Peak,GP,size,netfit,residual,log,p0.5|n10,mae,2.7055286435394863,6,24,q_arm2,gp
iter05b_arm2,0,gb_eoh_2122r3,HP_Peak,GP,size,netfit,residual,log,p0.5|n10,mape,16.486502084750125,6,24,q_arm2,gp
iter05b_arm2,0,gb_eoh_2122r3,HP_Peak,GP,size,netfit,residual,log,p0.5|n10,r2,-1.0268085843525552,6,24,q_arm2,gp
iter05b_arm2,0,gb_eoh_2122r3,HP_Peak,GP,size,netfit,residual,log,p0.5|n10,n_pred_nan,0.0,6,24,q_arm2,gp
iter05b_arm2,0,gb_eoh_2122r3,HP_Peak,GP,size,netfit,residual,log,p0.5|n10,mape_n_excluded,0.0,6,24,q_arm2,gp
iter05b_arm2,0,gb_eoh_2122r3,HP_Peak,GP,size,netfit,residual,log,p0.5|n40,wape,6.828439126570189,2,28,q_arm2,gp
iter05b_arm2,0,gb_eoh_2122r3,HP_Peak,GP,size,netfit,residual,log,p0.5|n40,rmse,6.148882213986785,2,28,q_arm2,gp
iter05b_arm2,0,gb_eoh_2122r3,HP_Peak,GP,size,netfit,residual,log,p0.5|n40,mae,4.991468451033917,2,28,q_arm2,gp
iter05b_arm2,0,gb_eoh_2122r3,HP_Peak,GP,size,netfit,residual,log,p0.5|n40,mape,6.829827187930407,2,28,q_arm2,gp
iter05b_arm2,0,gb_eoh_2122r3,HP_Peak,GP,size,netfit,residual,log,p0.5|n40,r2,-88689.2761067466,2,28,q_arm2,gp
iter05b_arm2,0,gb_eoh_2122r3,HP_Peak,GP,size,netfit,residual,log,p0.5|n40,n_pred_nan,0.0,2,28,q_arm2,gp
iter05b_arm2,0,gb_eoh_2122r3,HP_Peak,GP,size,netfit,residual,log,p0.5|n40,mape_n_excluded,0.0,2,28,q_arm2,gp
iter05b_arm2,0,gb_eoh_2122r3,HP_Peak,GP,size,both,direct,log,all,wape,77.28415466411944,30,58,q_arm2,gp
iter05b_arm2,0,gb_eoh_2122r3,HP_Peak,GP,size,both,direct,log,all,rmse,17.28354456746738,30,58,q_arm2,gp
iter05b_arm2,0,gb_eoh_2122r3,HP_Peak,GP,size,both,direct,log,all,mae,9.57273488759238,30,58,q_arm2,gp
iter05b_arm2,0,gb_eoh_2122r3,HP_Peak,GP,size,both,direct,log,all,mape,144.97741482753833,30,58,q_arm2,gp
iter05b_arm2,0,gb_eoh_2122r3,HP_Peak,GP,size,both,direct,log,all,r2,-0.012935614678293739,30,58,q_arm2,gp
iter05b_arm2,0,gb_eoh_2122r3,HP_Peak,GP,size,both,direct,log,all,n_pred_nan,0.0,30,58,q_arm2,gp
iter05b_arm2,0,gb_eoh_2122r3,HP_Peak,GP,size,both,direct,log,all,mape_n_excluded,0.0,30,58,q_arm2,gp
iter05b_arm2,0,gb_eoh_2122r3,HP_Peak,GP,size,both,direct,log,all,wape_train,9.643050399394246,30,58,q_arm2,gp
iter05b_arm2,0,gb_eoh_2122r3,HP_Peak,GP,size,both,direct,log,all,wape_inner,61.72525210913177,30,58,q_arm2,gp
iter05b_arm2,0,gb_eoh_2122r3,HP_Peak,GP,size,both,direct,log,all,n_train_sub,111.0,30,58,q_arm2,gp
iter05b_arm2,0,gb_eoh_2122r3,HP_Peak,GP,size,both,direct,log,all,n_inner_sub,90.0,30,58,q_arm2,gp
iter05b_arm2,0,gb_eoh_2122r3,HP_Peak,GP,size,both,direct,log,all,n_test_sub,30.0,30,58,q_arm2,gp
iter05b_arm2,0,gb_eoh_2122r3,HP_Peak,GP,size,both,direct,log,all,n_overlap_sub,0.0,30,58,q_arm2,gp
iter05b_arm2,0,gb_eoh_2122r3,HP_Peak,GP,size,both,direct,log,all,gp_pi90_coverage,0.9,30,58,q_arm2,gp
iter05b_arm2,0,gb_eoh_2122r3,HP_Peak,GP,size,both,direct,log,pbin<=15,wape,99.25036965724789,22,34,q_arm2,gp
iter05b_arm2,0,gb_eoh_2122r3,HP_Peak,GP,size,both,direct,log,pbin<=15,rmse,6.234913016188519,22,34,q_arm2,gp
iter05b_arm2,0,gb_eoh_2122r3,HP_Peak,GP,size,both,direct,log,pbin<=15,mae,5.682580810300014,22,34,q_arm2,gp
iter05b_arm2,0,gb_eoh_2122r3,HP_Peak,GP,size,both,direct,log,pbin<=15,mape,180.07806535493708,22,34,q_arm2,gp
iter05b_arm2,0,gb_eoh_2122r3,HP_Peak,GP,size,both,direct,log,pbin<=15,r2,-1.326245889424539,22,34,q_arm2,gp
iter05b_arm2,0,gb_eoh_2122r3,HP_Peak,GP,size,both,direct,log,pbin<=15,n_pred_nan,0.0,22,34,q_arm2,gp
iter05b_arm2,0,gb_eoh_2122r3,HP_Peak,GP,size,both,direct,log,pbin<=15,mape_n_excluded,0.0,22,34,q_arm2,gp
iter05b_arm2,0,gb_eoh_2122r3,HP_Peak,GP,size,both,direct,log,pbin35-65,wape,66.01976808860984,8,43,q_arm2,gp
iter05b_arm2,0,gb_eoh_2122r3,HP_Peak,GP,size,both,direct,log,pbin35-65,rmse,31.832366188836247,8,43,q_arm2,gp
iter05b_arm2,0,gb_eoh_2122r3,HP_Peak,GP,size,both,direct,log,pbin35-65,mae,20.270658600146383,8,43,q_arm2,gp
iter05b_arm2,0,gb_eoh_2122r3,HP_Peak,GP,size,both,direct,log,pbin35-65,mape,48.45062587719159,8,43,q_arm2,gp
iter05b_arm2,0,gb_eoh_2122r3,HP_Peak,GP,size,both,direct,log,pbin35-65,r2,-0.6821043210332896,8,43,q_arm2,gp
iter05b_arm2,0,gb_eoh_2122r3,HP_Peak,GP,size,both,direct,log,pbin35-65,n_pred_nan,0.0,8,43,q_arm2,gp
iter05b_arm2,0,gb_eoh_2122r3,HP_Peak,GP,size,both,direct,log,pbin35-65,mape_n_excluded,0.0,8,43,q_arm2,gp
iter05b_arm2,0,gb_eoh_2122r3,HP_Peak,GP,size,both,direct,log,p0.1|n10,wape,217.12987849225618,16,15,q_arm2,gp
iter05b_arm2,0,gb_eoh_2122r3,HP_Peak,GP,size,both,direct,log,p0.1|n10,rmse,7.187901815194148,16,15,q_arm2,gp
iter05b_arm2,0,gb_eoh_2122r3,HP_Peak,GP,size,both,direct,log,p0.1|n10,mae,7.143361546506786,16,15,q_arm2,gp
iter05b_arm2,0,gb_eoh_2122r3,HP_Peak,GP,size,both,direct,log,p0.1|n10,mape,242.452497820291,16,15,q_arm2,gp
iter05b_arm2,0,gb_eoh_2122r3,HP_Peak,GP,size,both,direct,log,p0.1|n10,r2,-79.9407012529368,16,15,q_arm2,gp
iter05b_arm2,0,gb_eoh_2122r3,HP_Peak,GP,size,both,direct,log,p0.1|n10,n_pred_nan,0.0,16,15,q_arm2,gp
iter05b_arm2,0,gb_eoh_2122r3,HP_Peak,GP,size,both,direct,log,p0.1|n10,mape_n_excluded,0.0,16,15,q_arm2,gp
iter05b_arm2,0,gb_eoh_2122r3,HP_Peak,GP,size,both,direct,log,p0.1|n40,wape,14.624408155090022,6,22,q_arm2,gp
iter05b_arm2,0,gb_eoh_2122r3,HP_Peak,GP,size,both,direct,log,p0.1|n40,rmse,2.1823598446663515,6,22,q_arm2,gp
iter05b_arm2,0,gb_eoh_2122r3,HP_Peak,GP,size,both,direct,log,p0.1|n40,mae,1.787165513748625,6,22,q_arm2,gp
iter05b_arm2,0,gb_eoh_2122r3,HP_Peak,GP,size,both,direct,log,p0.1|n40,mape,13.746245447326762,6,22,q_arm2,gp
iter05b_arm2,0,gb_eoh_2122r3,HP_Peak,GP,size,both,direct,log,p0.1|n40,r2,-2.036011675862806,6,22,q_arm2,gp
iter05b_arm2,0,gb_eoh_2122r3,HP_Peak,GP,size,both,direct,log,p0.1|n40,n_pred_nan,0.0,6,22,q_arm2,gp
iter05b_arm2,0,gb_eoh_2122r3,HP_Peak,GP,size,both,direct,log,p0.1|n40,mape_n_excluded,0.0,6,22,q_arm2,gp
iter05b_arm2,0,gb_eoh_2122r3,HP_Peak,GP,size,both,direct,log,p0.5|n10,wape,37.04466256039699,6,24,q_arm2,gp
iter05b_arm2,0,gb_eoh_2122r3,HP_Peak,GP,size,both,direct,log,p0.5|n10,rmse,6.488430842189673,6,24,q_arm2,gp
iter05b_arm2,0,gb_eoh_2122r3,HP_Peak,GP,size,both,direct,log,p0.5|n10,mae,6.139221326067777,6,24,q_arm2,gp
iter05b_arm2,0,gb_eoh_2122r3,HP_Peak,GP,size,both,direct,log,p0.5|n10,mape,36.025146846313305,6,24,q_arm2,gp
iter05b_arm2,0,gb_eoh_2122r3,HP_Peak,GP,size,both,direct,log,p0.5|n10,r2,-8.5470825873213,6,24,q_arm2,gp
iter05b_arm2,0,gb_eoh_2122r3,HP_Peak,GP,size,both,direct,log,p0.5|n10,n_pred_nan,0.0,6,24,q_arm2,gp
iter05b_arm2,0,gb_eoh_2122r3,HP_Peak,GP,size,both,direct,log,p0.5|n10,mape_n_excluded,0.0,6,24,q_arm2,gp
iter05b_arm2,0,gb_eoh_2122r3,HP_Peak,GP,size,both,direct,log,p0.5|n40,wape,85.72706410854376,2,28,q_arm2,gp
iter05b_arm2,0,gb_eoh_2122r3,HP_Peak,GP,size,both,direct,log,p0.5|n40,rmse,62.66497382381186,2,28,q_arm2,gp
iter05b_arm2,0,gb_eoh_2122r3,HP_Peak,GP,size,both,direct,log,p0.5|n40,mae,62.664970422382204,2,28,q_arm2,gp
iter05b_arm2,0,gb_eoh_2122r3,HP_Peak,GP,size,both,direct,log,p0.5|n40,mape,85.72706296982646,2,28,q_arm2,gp
iter05b_arm2,0,gb_eoh_2122r3,HP_Peak,GP,size,both,direct,log,p0.5|n40,r2,-9211563.221466716,2,28,q_arm2,gp
iter05b_arm2,0,gb_eoh_2122r3,HP_Peak,GP,size,both,direct,log,p0.5|n40,n_pred_nan,0.0,2,28,q_arm2,gp
iter05b_arm2,0,gb_eoh_2122r3,HP_Peak,GP,size,both,direct,log,p0.5|n40,mape_n_excluded,0.0,2,28,q_arm2,gp
iter05b_arm2,0,gb_eoh_2122r3,HP_Peak,GP,size,both,residual,log,all,wape,37.142492383626305,30,58,q_arm2,gp
iter05b_arm2,0,gb_eoh_2122r3,HP_Peak,GP,size,both,residual,log,all,rmse,7.632533034904551,30,58,q_arm2,gp
iter05b_arm2,0,gb_eoh_2122r3,HP_Peak,GP,size,both,residual,log,all,mae,4.600622652833993,30,58,q_arm2,gp
iter05b_arm2,0,gb_eoh_2122r3,HP_Peak,GP,size,both,residual,log,all,mape,41.07884110951649,30,58,q_arm2,gp
iter05b_arm2,0,gb_eoh_2122r3,HP_Peak,GP,size,both,residual,log,all,r2,0.8024606598293326,30,58,q_arm2,gp
iter05b_arm2,0,gb_eoh_2122r3,HP_Peak,GP,size,both,residual,log,all,n_pred_nan,0.0,30,58,q_arm2,gp
iter05b_arm2,0,gb_eoh_2122r3,HP_Peak,GP,size,both,residual,log,all,mape_n_excluded,0.0,30,58,q_arm2,gp
iter05b_arm2,0,gb_eoh_2122r3,HP_Peak,GP,size,both,residual,log,all,n_invalid,0.0,30,58,q_arm2,gp
iter05b_arm2,0,gb_eoh_2122r3,HP_Peak,GP,size,both,residual,log,all,n_resid_excluded_train,0.0,30,58,q_arm2,gp
iter05b_arm2,0,gb_eoh_2122r3,HP_Peak,GP,size,both,residual,log,all,n_resid_excluded_inner,0.0,30,58,q_arm2,gp
iter05b_arm2,0,gb_eoh_2122r3,HP_Peak,GP,size,both,residual,log,all,wape_train,3.363201447866944,30,58,q_arm2,gp
iter05b_arm2,0,gb_eoh_2122r3,HP_Peak,GP,size,both,residual,log,all,wape_inner,34.39890626156795,30,58,q_arm2,gp
iter05b_arm2,0,gb_eoh_2122r3,HP_Peak,GP,size,both,residual,log,all,n_train_sub,111.0,30,58,q_arm2,gp
iter05b_arm2,0,gb_eoh_2122r3,HP_Peak,GP,size,both,residual,log,all,n_inner_sub,90.0,30,58,q_arm2,gp
iter05b_arm2,0,gb_eoh_2122r3,HP_Peak,GP,size,both,residual,log,all,n_test_sub,30.0,30,58,q_arm2,gp
iter05b_arm2,0,gb_eoh_2122r3,HP_Peak,GP,size,both,residual,log,all,n_overlap_sub,0.0,30,58,q_arm2,gp
iter05b_arm2,0,gb_eoh_2122r3,HP_Peak,GP,size,both,residual,log,all,gp_pi90_coverage,0.9,30,58,q_arm2,gp
iter05b_arm2,0,gb_eoh_2122r3,HP_Peak,GP,size,both,residual,log,pbin<=15,wape,45.582169655315504,22,34,q_arm2,gp
iter05b_arm2,0,gb_eoh_2122r3,HP_Peak,GP,size,both,residual,log,pbin<=15,rmse,4.396582347552142,22,34,q_arm2,gp
iter05b_arm2,0,gb_eoh_2122r3,HP_Peak,GP,size,both,residual,log,pbin<=15,mae,2.6098075349205505,22,34,q_arm2,gp
iter05b_arm2,0,gb_eoh_2122r3,HP_Peak,GP,size,both,residual,log,pbin<=15,mape,43.935780505317354,22,34,q_arm2,gp
iter05b_arm2,0,gb_eoh_2122r3,HP_Peak,GP,size,both,residual,log,pbin<=15,r2,-0.15671200910145977,22,34,q_arm2,gp
iter05b_arm2,0,gb_eoh_2122r3,HP_Peak,GP,size,both,residual,log,pbin<=15,n_pred_nan,0.0,22,34,q_arm2,gp
iter05b_arm2,0,gb_eoh_2122r3,HP_Peak,GP,size,both,residual,log,pbin<=15,mape_n_excluded,0.0,22,34,q_arm2,gp
iter05b_arm2,0,gb_eoh_2122r3,HP_Peak,GP,size,both,residual,log,pbin35-65,wape,32.81458302871065,8,43,q_arm2,gp
iter05b_arm2,0,gb_eoh_2122r3,HP_Peak,GP,size,both,residual,log,pbin35-65,rmse,12.856944701276825,8,43,q_arm2,gp
iter05b_arm2,0,gb_eoh_2122r3,HP_Peak,GP,size,both,residual,log,pbin35-65,mae,10.07536422709596,8,43,q_arm2,gp
iter05b_arm2,0,gb_eoh_2122r3,HP_Peak,GP,size,both,residual,log,pbin35-65,mape,33.22225777106412,8,43,q_arm2,gp
iter05b_arm2,0,gb_eoh_2122r3,HP_Peak,GP,size,both,residual,log,pbin35-65,r2,0.7255958759749725,8,43,q_arm2,gp
iter05b_arm2,0,gb_eoh_2122r3,HP_Peak,GP,size,both,residual,log,pbin35-65,n_pred_nan,0.0,8,43,q_arm2,gp
iter05b_arm2,0,gb_eoh_2122r3,HP_Peak,GP,size,both,residual,log,pbin35-65,mape_n_excluded,0.0,8,43,q_arm2,gp
iter05b_arm2,0,gb_eoh_2122r3,HP_Peak,GP,size,both,residual,log,p0.1|n10,wape,41.172712249661494,16,15,q_arm2,gp
iter05b_arm2,0,gb_eoh_2122r3,HP_Peak,GP,size,both,residual,log,p0.1|n10,rmse,2.0463154552210194,16,15,q_arm2,gp
iter05b_arm2,0,gb_eoh_2122r3,HP_Peak,GP,size,both,residual,log,p0.1|n10,mae,1.3545421362178405,16,15,q_arm2,gp
iter05b_arm2,0,gb_eoh_2122r3,HP_Peak,GP,size,both,residual,log,p0.1|n10,mape,41.39737939016286,16,15,q_arm2,gp
iter05b_arm2,0,gb_eoh_2122r3,HP_Peak,GP,size,both,residual,log,p0.1|n10,r2,-5.560060719068839,16,15,q_arm2,gp
iter05b_arm2,0,gb_eoh_2122r3,HP_Peak,GP,size,both,residual,log,p0.1|n10,n_pred_nan,0.0,16,15,q_arm2,gp
iter05b_arm2,0,gb_eoh_2122r3,HP_Peak,GP,size,both,residual,log,p0.1|n10,mape_n_excluded,0.0,16,15,q_arm2,gp
iter05b_arm2,0,gb_eoh_2122r3,HP_Peak,GP,size,both,residual,log,p0.1|n40,wape,48.747728931428306,6,22,q_arm2,gp
iter05b_arm2,0,gb_eoh_2122r3,HP_Peak,GP,size,both,residual,log,p0.1|n40,rmse,7.727225551875373,6,22,q_arm2,gp
iter05b_arm2,0,gb_eoh_2122r3,HP_Peak,GP,size,both,residual,log,p0.1|n40,mae,5.95718193146111,6,22,q_arm2,gp
iter05b_arm2,0,gb_eoh_2122r3,HP_Peak,GP,size,both,residual,log,p0.1|n40,mape,50.70485014572929,6,22,q_arm2,gp
iter05b_arm2,0,gb_eoh_2122r3,HP_Peak,GP,size,both,residual,log,p0.1|n40,r2,-37.0625509791011,6,22,q_arm2,gp
iter05b_arm2,0,gb_eoh_2122r3,HP_Peak,GP,size,both,residual,log,p0.1|n40,n_pred_nan,0.0,6,22,q_arm2,gp
iter05b_arm2,0,gb_eoh_2122r3,HP_Peak,GP,size,both,residual,log,p0.1|n40,mape_n_excluded,0.0,6,22,q_arm2,gp
iter05b_arm2,0,gb_eoh_2122r3,HP_Peak,GP,size,both,residual,log,p0.5|n10,wape,34.07661645617026,6,24,q_arm2,gp
iter05b_arm2,0,gb_eoh_2122r3,HP_Peak,GP,size,both,residual,log,p0.5|n10,rmse,5.948483399134232,6,24,q_arm2,gp
iter05b_arm2,0,gb_eoh_2122r3,HP_Peak,GP,size,both,residual,log,p0.5|n10,mae,5.647342316234359,6,24,q_arm2,gp
iter05b_arm2,0,gb_eoh_2122r3,HP_Peak,GP,size,both,residual,log,p0.5|n10,mape,33.64466538567836,6,24,q_arm2,gp
iter05b_arm2,0,gb_eoh_2122r3,HP_Peak,GP,size,both,residual,log,p0.5|n10,r2,-7.024238476974052,6,24,q_arm2,gp
iter05b_arm2,0,gb_eoh_2122r3,HP_Peak,GP,size,both,residual,log,p0.5|n10,n_pred_nan,0.0,6,24,q_arm2,gp
iter05b_arm2,0,gb_eoh_2122r3,HP_Peak,GP,size,both,residual,log,p0.5|n10,mape_n_excluded,0.0,6,24,q_arm2,gp
iter05b_arm2,0,gb_eoh_2122r3,HP_Peak,GP,size,both,residual,log,p0.5|n40,wape,31.956216307050862,2,28,q_arm2,gp
iter05b_arm2,0,gb_eoh_2122r3,HP_Peak,GP,size,both,residual,log,p0.5|n40,rmse,23.559514934680518,2,28,q_arm2,gp
iter05b_arm2,0,gb_eoh_2122r3,HP_Peak,GP,size,both,residual,log,p0.5|n40,mae,23.359429959680757,2,28,q_arm2,gp
iter05b_arm2,0,gb_eoh_2122r3,HP_Peak,GP,size,both,residual,log,p0.5|n40,mape,31.955034927221433,2,28,q_arm2,gp
iter05b_arm2,0,gb_eoh_2122r3,HP_Peak,GP,size,both,residual,log,p0.5|n40,r2,-1302015.0810370396,2,28,q_arm2,gp
iter05b_arm2,0,gb_eoh_2122r3,HP_Peak,GP,size,both,residual,log,p0.5|n40,n_pred_nan,0.0,2,28,q_arm2,gp
iter05b_arm2,0,gb_eoh_2122r3,HP_Peak,GP,size,both,residual,log,p0.5|n40,mape_n_excluded,0.0,2,28,q_arm2,gp
iter05b_arm2,0,gb_eoh_2122r3,HP_Peak,GP,size_peak,netfit,direct,log,all,wape,17.703082325981683,30,58,q_arm2,gp
iter05b_arm2,0,gb_eoh_2122r3,HP_Peak,GP,size_peak,netfit,direct,log,all,rmse,3.0212874442774633,30,58,q_arm2,gp
iter05b_arm2,0,gb_eoh_2122r3,HP_Peak,GP,size_peak,netfit,direct,log,all,mae,2.1927769610259187,30,58,q_arm2,gp
iter05b_arm2,0,gb_eoh_2122r3,HP_Peak,GP,size_peak,netfit,direct,log,all,mape,40.784898746744716,30,58,q_arm2,gp
iter05b_arm2,0,gb_eoh_2122r3,HP_Peak,GP,size_peak,netfit,direct,log,all,r2,0.96904717408365,30,58,q_arm2,gp
iter05b_arm2,0,gb_eoh_2122r3,HP_Peak,GP,size_peak,netfit,direct,log,all,n_pred_nan,0.0,30,58,q_arm2,gp
iter05b_arm2,0,gb_eoh_2122r3,HP_Peak,GP,size_peak,netfit,direct,log,all,mape_n_excluded,0.0,30,58,q_arm2,gp
iter05b_arm2,0,gb_eoh_2122r3,HP_Peak,GP,size_peak,netfit,direct,log,all,wape_train,5.082914508329162,30,58,q_arm2,gp
iter05b_arm2,0,gb_eoh_2122r3,HP_Peak,GP,size_peak,netfit,direct,log,all,wape_inner,25.898677725711796,30,58,q_arm2,gp
iter05b_arm2,0,gb_eoh_2122r3,HP_Peak,GP,size_peak,netfit,direct,log,all,n_train_sub,111.0,30,58,q_arm2,gp
iter05b_arm2,0,gb_eoh_2122r3,HP_Peak,GP,size_peak,netfit,direct,log,all,n_inner_sub,90.0,30,58,q_arm2,gp
iter05b_arm2,0,gb_eoh_2122r3,HP_Peak,GP,size_peak,netfit,direct,log,all,n_test_sub,30.0,30,58,q_arm2,gp
iter05b_arm2,0,gb_eoh_2122r3,HP_Peak,GP,size_peak,netfit,direct,log,all,n_overlap_sub,0.0,30,58,q_arm2,gp
iter05b_arm2,0,gb_eoh_2122r3,HP_Peak,GP,size_peak,netfit,direct,log,all,gp_pi90_coverage,0.7,30,58,q_arm2,gp
iter05b_arm2,0,gb_eoh_2122r3,HP_Peak,GP,size_peak,netfit,direct,log,pbin<=15,wape,35.98087438820347,22,34,q_arm2,gp
iter05b_arm2,0,gb_eoh_2122r3,HP_Peak,GP,size_peak,netfit,direct,log,pbin<=15,rmse,2.7274202841502255,22,34,q_arm2,gp
iter05b_arm2,0,gb_eoh_2122r3,HP_Peak,GP,size_peak,netfit,direct,log,pbin<=15,mae,2.060085287765868,22,34,q_arm2,gp
iter05b_arm2,0,gb_eoh_2122r3,HP_Peak,GP,size_peak,netfit,direct,log,pbin<=15,mape,51.08403151626084,22,34,q_arm2,gp
iter05b_arm2,0,gb_eoh_2122r3,HP_Peak,GP,size_peak,netfit,direct,log,pbin<=15,r2,0.5548576103138854,22,34,q_arm2,gp
iter05b_arm2,0,gb_eoh_2122r3,HP_Peak,GP,size_peak,netfit,direct,log,pbin<=15,n_pred_nan,0.0,22,34,q_arm2,gp
iter05b_arm2,0,gb_eoh_2122r3,HP_Peak,GP,size_peak,netfit,direct,log,pbin<=15,mape_n_excluded,0.0,22,34,q_arm2,gp
iter05b_arm2,0,gb_eoh_2122r3,HP_Peak,GP,size_peak,netfit,direct,log,pbin35-65,wape,8.3301377563299,8,43,q_arm2,gp
iter05b_arm2,0,gb_eoh_2122r3,HP_Peak,GP,size_peak,netfit,direct,log,pbin35-65,rmse,3.711321592232833,8,43,q_arm2,gp
iter05b_arm2,0,gb_eoh_2122r3,HP_Peak,GP,size_peak,netfit,direct,log,pbin35-65,mae,2.5576790624910597,8,43,q_arm2,gp
iter05b_arm2,0,gb_eoh_2122r3,HP_Peak,GP,size_peak,netfit,direct,log,pbin35-65,mape,12.462283630575403,8,43,q_arm2,gp
iter05b_arm2,0,gb_eoh_2122r3,HP_Peak,GP,size_peak,netfit,direct,log,pbin35-65,r2,0.977134944556331,8,43,q_arm2,gp
iter05b_arm2,0,gb_eoh_2122r3,HP_Peak,GP,size_peak,netfit,direct,log,pbin35-65,n_pred_nan,0.0,8,43,q_arm2,gp
iter05b_arm2,0,gb_eoh_2122r3,HP_Peak,GP,size_peak,netfit,direct,log,pbin35-65,mape_n_excluded,0.0,8,43,q_arm2,gp
iter05b_arm2,0,gb_eoh_2122r3,HP_Peak,GP,size_peak,netfit,direct,log,p0.1|n10,wape,59.08826708728778,16,15,q_arm2,gp
iter05b_arm2,0,gb_eoh_2122r3,HP_Peak,GP,size_peak,netfit,direct,log,p0.1|n10,rmse,2.6892141063263235,16,15,q_arm2,gp
iter05b_arm2,0,gb_eoh_2122r3,HP_Peak,GP,size_peak,netfit,direct,log,p0.1|n10,mae,1.9439464429862316,16,15,q_arm2,gp
iter05b_arm2,0,gb_eoh_2122r3,HP_Peak,GP,size_peak,netfit,direct,log,p0.1|n10,mape,62.59894975257906,16,15,q_arm2,gp
iter05b_arm2,0,gb_eoh_2122r3,HP_Peak,GP,size_peak,netfit,direct,log,p0.1|n10,r2,-10.329570645974297,16,15,q_arm2,gp
iter05b_arm2,0,gb_eoh_2122r3,HP_Peak,GP,size_peak,netfit,direct,log,p0.1|n10,n_pred_nan,0.0,16,15,q_arm2,gp
iter05b_arm2,0,gb_eoh_2122r3,HP_Peak,GP,size_peak,netfit,direct,log,p0.1|n10,mape_n_excluded,0.0,16,15,q_arm2,gp
iter05b_arm2,0,gb_eoh_2122r3,HP_Peak,GP,size_peak,netfit,direct,log,p0.1|n40,wape,19.392025789377225,6,22,q_arm2,gp
iter05b_arm2,0,gb_eoh_2122r3,HP_Peak,GP,size_peak,netfit,direct,log,p0.1|n40,rmse,2.82677999338583,6,22,q_arm2,gp
iter05b_arm2,0,gb_eoh_2122r3,HP_Peak,GP,size_peak,netfit,direct,log,p0.1|n40,mae,2.369788873844899,6,22,q_arm2,gp
iter05b_arm2,0,gb_eoh_2122r3,HP_Peak,GP,size_peak,netfit,direct,log,p0.1|n40,mape,20.377582886078848,6,22,q_arm2,gp
iter05b_arm2,0,gb_eoh_2122r3,HP_Peak,GP,size_peak,netfit,direct,log,p0.1|n40,r2,-4.093716046369152,6,22,q_arm2,gp
iter05b_arm2,0,gb_eoh_2122r3,HP_Peak,GP,size_peak,netfit,direct,log,p0.1|n40,n_pred_nan,0.0,6,22,q_arm2,gp
iter05b_arm2,0,gb_eoh_2122r3,HP_Peak,GP,size_peak,netfit,direct,log,p0.1|n40,mape_n_excluded,0.0,6,22,q_arm2,gp
iter05b_arm2,0,gb_eoh_2122r3,HP_Peak,GP,size_peak,netfit,direct,log,p0.5|n10,wape,15.362336248829564,6,24,q_arm2,gp
iter05b_arm2,0,gb_eoh_2122r3,HP_Peak,GP,size_peak,netfit,direct,log,p0.5|n10,rmse,3.9496489470108394,6,24,q_arm2,gp
iter05b_arm2,0,gb_eoh_2122r3,HP_Peak,GP,size_peak,netfit,direct,log,p0.5|n10,mae,2.545920945109773,6,24,q_arm2,gp
iter05b_arm2,0,gb_eoh_2122r3,HP_Peak,GP,size_peak,netfit,direct,log,p0.5|n10,mape,15.434133770787502,6,24,q_arm2,gp
iter05b_arm2,0,gb_eoh_2122r3,HP_Peak,GP,size_peak,netfit,direct,log,p0.5|n10,r2,-2.537596635051725,6,24,q_arm2,gp
iter05b_arm2,0,gb_eoh_2122r3,HP_Peak,GP,size_peak,netfit,direct,log,p0.5|n10,n_pred_nan,0.0,6,24,q_arm2,gp
iter05b_arm2,0,gb_eoh_2122r3,HP_Peak,GP,size_peak,netfit,direct,log,p0.5|n10,mape_n_excluded,0.0,6,24,q_arm2,gp
iter05b_arm2,0,gb_eoh_2122r3,HP_Peak,GP,size_peak,netfit,direct,log,p0.5|n40,wape,3.547217562038148,2,28,q_arm2,gp
iter05b_arm2,0,gb_eoh_2122r3,HP_Peak,GP,size_peak,netfit,direct,log,p0.5|n40,rmse,2.8803561290269464,2,28,q_arm2,gp
iter05b_arm2,0,gb_eoh_2122r3,HP_Peak,GP,size_peak,netfit,direct,log,p0.5|n40,mae,2.59295341463492,2,28,q_arm2,gp
iter05b_arm2,0,gb_eoh_2122r3,HP_Peak,GP,size_peak,netfit,direct,log,p0.5|n40,mape,3.546733209939096,2,28,q_arm2,gp
iter05b_arm2,0,gb_eoh_2122r3,HP_Peak,GP,size_peak,netfit,direct,log,p0.5|n40,r2,-19460.48761177267,2,28,q_arm2,gp
iter05b_arm2,0,gb_eoh_2122r3,HP_Peak,GP,size_peak,netfit,direct,log,p0.5|n40,n_pred_nan,0.0,2,28,q_arm2,gp
iter05b_arm2,0,gb_eoh_2122r3,HP_Peak,GP,size_peak,netfit,direct,log,p0.5|n40,mape_n_excluded,0.0,2,28,q_arm2,gp
iter05b_arm2,0,gb_eoh_2122r3,HP_Peak,GP,size_peak,netfit,residual,log,all,wape,14.78552682897443,30,58,q_arm2,gp
iter05b_arm2,0,gb_eoh_2122r3,HP_Peak,GP,size_peak,netfit,residual,log,all,rmse,2.444953481342652,30,58,q_arm2,gp
iter05b_arm2,0,gb_eoh_2122r3,HP_Peak,GP,size_peak,netfit,residual,log,all,mae,1.8313964760601593,30,58,q_arm2,gp
iter05b_arm2,0,gb_eoh_2122r3,HP_Peak,GP,size_peak,netfit,residual,log,all,mape,29.52320831485029,30,58,q_arm2,gp
iter05b_arm2,0,gb_eoh_2122r3,HP_Peak,GP,size_peak,netfit,residual,log,all,r2,0.9797298289086074,30,58,q_arm2,gp
iter05b_arm2,0,gb_eoh_2122r3,HP_Peak,GP,size_peak,netfit,residual,log,all,n_pred_nan,0.0,30,58,q_arm2,gp
iter05b_arm2,0,gb_eoh_2122r3,HP_Peak,GP,size_peak,netfit,residual,log,all,mape_n_excluded,0.0,30,58,q_arm2,gp
iter05b_arm2,0,gb_eoh_2122r3,HP_Peak,GP,size_peak,netfit,residual,log,all,n_invalid,0.0,30,58,q_arm2,gp
iter05b_arm2,0,gb_eoh_2122r3,HP_Peak,GP,size_peak,netfit,residual,log,all,n_resid_excluded_train,0.0,30,58,q_arm2,gp
iter05b_arm2,0,gb_eoh_2122r3,HP_Peak,GP,size_peak,netfit,residual,log,all,n_resid_excluded_inner,0.0,30,58,q_arm2,gp
iter05b_arm2,0,gb_eoh_2122r3,HP_Peak,GP,size_peak,netfit,residual,log,all,wape_train,2.5207532012481493,30,58,q_arm2,gp
iter05b_arm2,0,gb_eoh_2122r3,HP_Peak,GP,size_peak,netfit,residual,log,all,wape_inner,23.88915083074372,30,58,q_arm2,gp
iter05b_arm2,0,gb_eoh_2122r3,HP_Peak,GP,size_peak,netfit,residual,log,all,n_train_sub,111.0,30,58,q_arm2,gp
iter05b_arm2,0,gb_eoh_2122r3,HP_Peak,GP,size_peak,netfit,residual,log,all,n_inner_sub,90.0,30,58,q_arm2,gp
iter05b_arm2,0,gb_eoh_2122r3,HP_Peak,GP,size_peak,netfit,residual,log,all,n_test_sub,30.0,30,58,q_arm2,gp
iter05b_arm2,0,gb_eoh_2122r3,HP_Peak,GP,size_peak,netfit,residual,log,all,n_overlap_sub,0.0,30,58,q_arm2,gp
iter05b_arm2,0,gb_eoh_2122r3,HP_Peak,GP,size_peak,netfit,residual,log,all,gp_pi90_coverage,0.5666666666666667,30,58,q_arm2,gp
iter05b_arm2,0,gb_eoh_2122r3,HP_Peak,GP,size_peak,netfit,residual,log,pbin<=15,wape,29.775452108356347,22,34,q_arm2,gp
iter05b_arm2,0,gb_eoh_2122r3,HP_Peak,GP,size_peak,netfit,residual,log,pbin<=15,rmse,2.1216495555454555,22,34,q_arm2,gp
iter05b_arm2,0,gb_eoh_2122r3,HP_Peak,GP,size_peak,netfit,residual,log,pbin<=15,mae,1.7047937791393075,22,34,q_arm2,gp
iter05b_arm2,0,gb_eoh_2122r3,HP_Peak,GP,size_peak,netfit,residual,log,pbin<=15,mape,37.8666587729632,22,34,q_arm2,gp
iter05b_arm2,0,gb_eoh_2122r3,HP_Peak,GP,size_peak,netfit,residual,log,pbin<=15,r2,0.7306344062752527,22,34,q_arm2,gp
iter05b_arm2,0,gb_eoh_2122r3,HP_Peak,GP,size_peak,netfit,residual,log,pbin<=15,n_pred_nan,0.0,22,34,q_arm2,gp
iter05b_arm2,0,gb_eoh_2122r3,HP_Peak,GP,size_peak,netfit,residual,log,pbin<=15,mape_n_excluded,0.0,22,34,q_arm2,gp
iter05b_arm2,0,gb_eoh_2122r3,HP_Peak,GP,size_peak,netfit,residual,log,pbin35-65,wape,7.098617038745089,8,43,q_arm2,gp
iter05b_arm2,0,gb_eoh_2122r3,HP_Peak,GP,size_peak,netfit,residual,log,pbin35-65,rmse,3.168264417900388,8,43,q_arm2,gp
iter05b_arm2,0,gb_eoh_2122r3,HP_Peak,GP,size_peak,netfit,residual,log,pbin35-65,mae,2.1795538925925015,8,43,q_arm2,gp
iter05b_arm2,0,gb_eoh_2122r3,HP_Peak,GP,size_peak,netfit,residual,log,pbin35-65,mape,6.578719555039838,8,43,q_arm2,gp
iter05b_arm2,0,gb_eoh_2122r3,HP_Peak,GP,size_peak,netfit,residual,log,pbin35-65,r2,0.983336818609053,8,43,q_arm2,gp
iter05b_arm2,0,gb_eoh_2122r3,HP_Peak,GP,size_peak,netfit,residual,log,pbin35-65,n_pred_nan,0.0,8,43,q_arm2,gp
iter05b_arm2,0,gb_eoh_2122r3,HP_Peak,GP,size_peak,netfit,residual,log,pbin35-65,mape_n_excluded,0.0,8,43,q_arm2,gp
iter05b_arm2,0,gb_eoh_2122r3,HP_Peak,GP,size_peak,netfit,residual,log,p0.1|n10,wape,42.11351429606173,16,15,q_arm2,gp
iter05b_arm2,0,gb_eoh_2122r3,HP_Peak,GP,size_peak,netfit,residual,log,p0.1|n10,rmse,1.7182683179497968,16,15,q_arm2,gp
iter05b_arm2,0,gb_eoh_2122r3,HP_Peak,GP,size_peak,netfit,residual,log,p0.1|n10,mae,1.3854936073271933,16,15,q_arm2,gp
iter05b_arm2,0,gb_eoh_2122r3,HP_Peak,GP,size_peak,netfit,residual,log,p0.1|n10,mape,43.749974480693474,16,15,q_arm2,gp
iter05b_arm2,0,gb_eoh_2122r3,HP_Peak,GP,size_peak,netfit,residual,log,p0.1|n10,r2,-3.625350575802133,16,15,q_arm2,gp
iter05b_arm2,0,gb_eoh_2122r3,HP_Peak,GP,size_peak,netfit,residual,log,p0.1|n10,n_pred_nan,0.0,16,15,q_arm2,gp
iter05b_arm2,0,gb_eoh_2122r3,HP_Peak,GP,size_peak,netfit,residual,log,p0.1|n10,mape_n_excluded,0.0,16,15,q_arm2,gp
iter05b_arm2,0,gb_eoh_2122r3,HP_Peak,GP,size_peak,netfit,residual,log,p0.1|n40,wape,20.917929829659016,6,22,q_arm2,gp
iter05b_arm2,0,gb_eoh_2122r3,HP_Peak,GP,size_peak,netfit,residual,log,p0.1|n40,rmse,2.938015038664049,6,22,q_arm2,gp
iter05b_arm2,0,gb_eoh_2122r3,HP_Peak,GP,size_peak,netfit,residual,log,p0.1|n40,mae,2.5562609039716127,6,22,q_arm2,gp
iter05b_arm2,0,gb_eoh_2122r3,HP_Peak,GP,size_peak,netfit,residual,log,p0.1|n40,mape,22.177816885682443,6,22,q_arm2,gp
iter05b_arm2,0,gb_eoh_2122r3,HP_Peak,GP,size_peak,netfit,residual,log,p0.1|n40,r2,-4.502483415404336,6,22,q_arm2,gp
iter05b_arm2,0,gb_eoh_2122r3,HP_Peak,GP,size_peak,netfit,residual,log,p0.1|n40,n_pred_nan,0.0,6,22,q_arm2,gp
iter05b_arm2,0,gb_eoh_2122r3,HP_Peak,GP,size_peak,netfit,residual,log,p0.1|n40,mape_n_excluded,0.0,6,22,q_arm2,gp
iter05b_arm2,0,gb_eoh_2122r3,HP_Peak,GP,size_peak,netfit,residual,log,p0.5|n10,wape,6.355239374206863,6,24,q_arm2,gp
iter05b_arm2,0,gb_eoh_2122r3,HP_Peak,GP,size_peak,netfit,residual,log,p0.5|n10,rmse,1.1369908424468214,6,24,q_arm2,gp
iter05b_arm2,0,gb_eoh_2122r3,HP_Peak,GP,size_peak,netfit,residual,log,p0.5|n10,mae,1.0532211228752597,6,24,q_arm2,gp
iter05b_arm2,0,gb_eoh_2122r3,HP_Peak,GP,size_peak,netfit,residual,log,p0.5|n10,mape,6.236586489608375,6,24,q_arm2,gp
iter05b_arm2,0,gb_eoh_2122r3,HP_Peak,GP,size_peak,netfit,residual,log,p0.5|n10,r2,0.7068396354638804,6,24,q_arm2,gp
iter05b_arm2,0,gb_eoh_2122r3,HP_Peak,GP,size_peak,netfit,residual,log,p0.5|n10,n_pred_nan,0.0,6,24,q_arm2,gp
iter05b_arm2,0,gb_eoh_2122r3,HP_Peak,GP,size_peak,netfit,residual,log,p0.5|n10,mape_n_excluded,0.0,6,24,q_arm2,gp
iter05b_arm2,0,gb_eoh_2122r3,HP_Peak,GP,size_peak,netfit,residual,log,p0.5|n40,wape,7.604222227150611,2,28,q_arm2,gp
iter05b_arm2,0,gb_eoh_2122r3,HP_Peak,GP,size_peak,netfit,residual,log,p0.5|n40,rmse,6.022736351486003,2,28,q_arm2,gp
iter05b_arm2,0,gb_eoh_2122r3,HP_Peak,GP,size_peak,netfit,residual,log,p0.5|n40,mae,5.558552201744227,2,28,q_arm2,gp
iter05b_arm2,0,gb_eoh_2122r3,HP_Peak,GP,size_peak,netfit,residual,log,p0.5|n40,mape,7.605118751334226,2,28,q_arm2,gp
iter05b_arm2,0,gb_eoh_2122r3,HP_Peak,GP,size_peak,netfit,residual,log,p0.5|n40,r2,-85087.597107512,2,28,q_arm2,gp
iter05b_arm2,0,gb_eoh_2122r3,HP_Peak,GP,size_peak,netfit,residual,log,p0.5|n40,n_pred_nan,0.0,2,28,q_arm2,gp
iter05b_arm2,0,gb_eoh_2122r3,HP_Peak,GP,size_peak,netfit,residual,log,p0.5|n40,mape_n_excluded,0.0,2,28,q_arm2,gp
iter05b_arm2,0,gb_eoh_2122r3,HP_Peak,GP,size_peak,both,direct,log,all,wape,77.28415466411944,30,58,q_arm2,gp
iter05b_arm2,0,gb_eoh_2122r3,HP_Peak,GP,size_peak,both,direct,log,all,rmse,17.28354456746738,30,58,q_arm2,gp
iter05b_arm2,0,gb_eoh_2122r3,HP_Peak,GP,size_peak,both,direct,log,all,mae,9.57273488759238,30,58,q_arm2,gp
iter05b_arm2,0,gb_eoh_2122r3,HP_Peak,GP,size_peak,both,direct,log,all,mape,144.97741482753833,30,58,q_arm2,gp
iter05b_arm2,0,gb_eoh_2122r3,HP_Peak,GP,size_peak,both,direct,log,all,r2,-0.012935614678293739,30,58,q_arm2,gp
iter05b_arm2,0,gb_eoh_2122r3,HP_Peak,GP,size_peak,both,direct,log,all,n_pred_nan,0.0,30,58,q_arm2,gp
iter05b_arm2,0,gb_eoh_2122r3,HP_Peak,GP,size_peak,both,direct,log,all,mape_n_excluded,0.0,30,58,q_arm2,gp
iter05b_arm2,0,gb_eoh_2122r3,HP_Peak,GP,size_peak,both,direct,log,all,wape_train,9.643050399394241,30,58,q_arm2,gp
iter05b_arm2,0,gb_eoh_2122r3,HP_Peak,GP,size_peak,both,direct,log,all,wape_inner,61.72525210913177,30,58,q_arm2,gp
iter05b_arm2,0,gb_eoh_2122r3,HP_Peak,GP,size_peak,both,direct,log,all,n_train_sub,111.0,30,58,q_arm2,gp
iter05b_arm2,0,gb_eoh_2122r3,HP_Peak,GP,size_peak,both,direct,log,all,n_inner_sub,90.0,30,58,q_arm2,gp
iter05b_arm2,0,gb_eoh_2122r3,HP_Peak,GP,size_peak,both,direct,log,all,n_test_sub,30.0,30,58,q_arm2,gp
iter05b_arm2,0,gb_eoh_2122r3,HP_Peak,GP,size_peak,both,direct,log,all,n_overlap_sub,0.0,30,58,q_arm2,gp
iter05b_arm2,0,gb_eoh_2122r3,HP_Peak,GP,size_peak,both,direct,log,all,gp_pi90_coverage,0.9,30,58,q_arm2,gp
iter05b_arm2,0,gb_eoh_2122r3,HP_Peak,GP,size_peak,both,direct,log,pbin<=15,wape,99.25036965724789,22,34,q_arm2,gp
iter05b_arm2,0,gb_eoh_2122r3,HP_Peak,GP,size_peak,both,direct,log,pbin<=15,rmse,6.234913016188519,22,34,q_arm2,gp
iter05b_arm2,0,gb_eoh_2122r3,HP_Peak,GP,size_peak,both,direct,log,pbin<=15,mae,5.682580810300014,22,34,q_arm2,gp
iter05b_arm2,0,gb_eoh_2122r3,HP_Peak,GP,size_peak,both,direct,log,pbin<=15,mape,180.07806535493708,22,34,q_arm2,gp
iter05b_arm2,0,gb_eoh_2122r3,HP_Peak,GP,size_peak,both,direct,log,pbin<=15,r2,-1.326245889424539,22,34,q_arm2,gp
iter05b_arm2,0,gb_eoh_2122r3,HP_Peak,GP,size_peak,both,direct,log,pbin<=15,n_pred_nan,0.0,22,34,q_arm2,gp
iter05b_arm2,0,gb_eoh_2122r3,HP_Peak,GP,size_peak,both,direct,log,pbin<=15,mape_n_excluded,0.0,22,34,q_arm2,gp
iter05b_arm2,0,gb_eoh_2122r3,HP_Peak,GP,size_peak,both,direct,log,pbin35-65,wape,66.01976808860984,8,43,q_arm2,gp
iter05b_arm2,0,gb_eoh_2122r3,HP_Peak,GP,size_peak,both,direct,log,pbin35-65,rmse,31.832366188836247,8,43,q_arm2,gp
iter05b_arm2,0,gb_eoh_2122r3,HP_Peak,GP,size_peak,both,direct,log,pbin35-65,mae,20.270658600146383,8,43,q_arm2,gp
iter05b_arm2,0,gb_eoh_2122r3,HP_Peak,GP,size_peak,both,direct,log,pbin35-65,mape,48.45062587719159,8,43,q_arm2,gp
iter05b_arm2,0,gb_eoh_2122r3,HP_Peak,GP,size_peak,both,direct,log,pbin35-65,r2,-0.6821043210332896,8,43,q_arm2,gp
iter05b_arm2,0,gb_eoh_2122r3,HP_Peak,GP,size_peak,both,direct,log,pbin35-65,n_pred_nan,0.0,8,43,q_arm2,gp
iter05b_arm2,0,gb_eoh_2122r3,HP_Peak,GP,size_peak,both,direct,log,pbin35-65,mape_n_excluded,0.0,8,43,q_arm2,gp
iter05b_arm2,0,gb_eoh_2122r3,HP_Peak,GP,size_peak,both,direct,log,p0.1|n10,wape,217.12987849225618,16,15,q_arm2,gp
iter05b_arm2,0,gb_eoh_2122r3,HP_Peak,GP,size_peak,both,direct,log,p0.1|n10,rmse,7.187901815194148,16,15,q_arm2,gp
iter05b_arm2,0,gb_eoh_2122r3,HP_Peak,GP,size_peak,both,direct,log,p0.1|n10,mae,7.143361546506786,16,15,q_arm2,gp
iter05b_arm2,0,gb_eoh_2122r3,HP_Peak,GP,size_peak,both,direct,log,p0.1|n10,mape,242.452497820291,16,15,q_arm2,gp
iter05b_arm2,0,gb_eoh_2122r3,HP_Peak,GP,size_peak,both,direct,log,p0.1|n10,r2,-79.9407012529368,16,15,q_arm2,gp
iter05b_arm2,0,gb_eoh_2122r3,HP_Peak,GP,size_peak,both,direct,log,p0.1|n10,n_pred_nan,0.0,16,15,q_arm2,gp
iter05b_arm2,0,gb_eoh_2122r3,HP_Peak,GP,size_peak,both,direct,log,p0.1|n10,mape_n_excluded,0.0,16,15,q_arm2,gp
iter05b_arm2,0,gb_eoh_2122r3,HP_Peak,GP,size_peak,both,direct,log,p0.1|n40,wape,14.624408155090022,6,22,q_arm2,gp
iter05b_arm2,0,gb_eoh_2122r3,HP_Peak,GP,size_peak,both,direct,log,p0.1|n40,rmse,2.1823598446663515,6,22,q_arm2,gp
iter05b_arm2,0,gb_eoh_2122r3,HP_Peak,GP,size_peak,both,direct,log,p0.1|n40,mae,1.787165513748625,6,22,q_arm2,gp
iter05b_arm2,0,gb_eoh_2122r3,HP_Peak,GP,size_peak,both,direct,log,p0.1|n40,mape,13.746245447326762,6,22,q_arm2,gp
iter05b_arm2,0,gb_eoh_2122r3,HP_Peak,GP,size_peak,both,direct,log,p0.1|n40,r2,-2.036011675862806,6,22,q_arm2,gp
iter05b_arm2,0,gb_eoh_2122r3,HP_Peak,GP,size_peak,both,direct,log,p0.1|n40,n_pred_nan,0.0,6,22,q_arm2,gp
iter05b_arm2,0,gb_eoh_2122r3,HP_Peak,GP,size_peak,both,direct,log,p0.1|n40,mape_n_excluded,0.0,6,22,q_arm2,gp
iter05b_arm2,0,gb_eoh_2122r3,HP_Peak,GP,size_peak,both,direct,log,p0.5|n10,wape,37.04466256039699,6,24,q_arm2,gp
iter05b_arm2,0,gb_eoh_2122r3,HP_Peak,GP,size_peak,both,direct,log,p0.5|n10,rmse,6.488430842189673,6,24,q_arm2,gp
iter05b_arm2,0,gb_eoh_2122r3,HP_Peak,GP,size_peak,both,direct,log,p0.5|n10,mae,6.139221326067777,6,24,q_arm2,gp
iter05b_arm2,0,gb_eoh_2122r3,HP_Peak,GP,size_peak,both,direct,log,p0.5|n10,mape,36.025146846313305,6,24,q_arm2,gp
iter05b_arm2,0,gb_eoh_2122r3,HP_Peak,GP,size_peak,both,direct,log,p0.5|n10,r2,-8.5470825873213,6,24,q_arm2,gp
iter05b_arm2,0,gb_eoh_2122r3,HP_Peak,GP,size_peak,both,direct,log,p0.5|n10,n_pred_nan,0.0,6,24,q_arm2,gp
iter05b_arm2,0,gb_eoh_2122r3,HP_Peak,GP,size_peak,both,direct,log,p0.5|n10,mape_n_excluded,0.0,6,24,q_arm2,gp
iter05b_arm2,0,gb_eoh_2122r3,HP_Peak,GP,size_peak,both,direct,log,p0.5|n40,wape,85.72706410854376,2,28,q_arm2,gp
iter05b_arm2,0,gb_eoh_2122r3,HP_Peak,GP,size_peak,both,direct,log,p0.5|n40,rmse,62.66497382381186,2,28,q_arm2,gp
iter05b_arm2,0,gb_eoh_2122r3,HP_Peak,GP,size_peak,both,direct,log,p0.5|n40,mae,62.664970422382204,2,28,q_arm2,gp
iter05b_arm2,0,gb_eoh_2122r3,HP_Peak,GP,size_peak,both,direct,log,p0.5|n40,mape,85.72706296982646,2,28,q_arm2,gp
iter05b_arm2,0,gb_eoh_2122r3,HP_Peak,GP,size_peak,both,direct,log,p0.5|n40,r2,-9211563.221466716,2,28,q_arm2,gp
iter05b_arm2,0,gb_eoh_2122r3,HP_Peak,GP,size_peak,both,direct,log,p0.5|n40,n_pred_nan,0.0,2,28,q_arm2,gp
iter05b_arm2,0,gb_eoh_2122r3,HP_Peak,GP,size_peak,both,direct,log,p0.5|n40,mape_n_excluded,0.0,2,28,q_arm2,gp
iter05b_arm2,0,gb_eoh_2122r3,HP_Peak,GP,size_peak,both,residual,log,all,wape,37.142492383626305,30,58,q_arm2,gp
iter05b_arm2,0,gb_eoh_2122r3,HP_Peak,GP,size_peak,both,residual,log,all,rmse,7.632533034904551,30,58,q_arm2,gp
iter05b_arm2,0,gb_eoh_2122r3,HP_Peak,GP,size_peak,both,residual,log,all,mae,4.600622652833993,30,58,q_arm2,gp
iter05b_arm2,0,gb_eoh_2122r3,HP_Peak,GP,size_peak,both,residual,log,all,mape,41.07884110951649,30,58,q_arm2,gp
iter05b_arm2,0,gb_eoh_2122r3,HP_Peak,GP,size_peak,both,residual,log,all,r2,0.8024606598293326,30,58,q_arm2,gp
iter05b_arm2,0,gb_eoh_2122r3,HP_Peak,GP,size_peak,both,residual,log,all,n_pred_nan,0.0,30,58,q_arm2,gp
iter05b_arm2,0,gb_eoh_2122r3,HP_Peak,GP,size_peak,both,residual,log,all,mape_n_excluded,0.0,30,58,q_arm2,gp
iter05b_arm2,0,gb_eoh_2122r3,HP_Peak,GP,size_peak,both,residual,log,all,n_invalid,0.0,30,58,q_arm2,gp
iter05b_arm2,0,gb_eoh_2122r3,HP_Peak,GP,size_peak,both,residual,log,all,n_resid_excluded_train,0.0,30,58,q_arm2,gp
iter05b_arm2,0,gb_eoh_2122r3,HP_Peak,GP,size_peak,both,residual,log,all,n_resid_excluded_inner,0.0,30,58,q_arm2,gp
iter05b_arm2,0,gb_eoh_2122r3,HP_Peak,GP,size_peak,both,residual,log,all,wape_train,3.363201447866946,30,58,q_arm2,gp
iter05b_arm2,0,gb_eoh_2122r3,HP_Peak,GP,size_peak,both,residual,log,all,wape_inner,34.39890626156795,30,58,q_arm2,gp
iter05b_arm2,0,gb_eoh_2122r3,HP_Peak,GP,size_peak,both,residual,log,all,n_train_sub,111.0,30,58,q_arm2,gp
iter05b_arm2,0,gb_eoh_2122r3,HP_Peak,GP,size_peak,both,residual,log,all,n_inner_sub,90.0,30,58,q_arm2,gp
iter05b_arm2,0,gb_eoh_2122r3,HP_Peak,GP,size_peak,both,residual,log,all,n_test_sub,30.0,30,58,q_arm2,gp
iter05b_arm2,0,gb_eoh_2122r3,HP_Peak,GP,size_peak,both,residual,log,all,n_overlap_sub,0.0,30,58,q_arm2,gp
iter05b_arm2,0,gb_eoh_2122r3,HP_Peak,GP,size_peak,both,residual,log,all,gp_pi90_coverage,0.9,30,58,q_arm2,gp
iter05b_arm2,0,gb_eoh_2122r3,HP_Peak,GP,size_peak,both,residual,log,pbin<=15,wape,45.582169655315504,22,34,q_arm2,gp
iter05b_arm2,0,gb_eoh_2122r3,HP_Peak,GP,size_peak,both,residual,log,pbin<=15,rmse,4.396582347552142,22,34,q_arm2,gp
iter05b_arm2,0,gb_eoh_2122r3,HP_Peak,GP,size_peak,both,residual,log,pbin<=15,mae,2.6098075349205505,22,34,q_arm2,gp
iter05b_arm2,0,gb_eoh_2122r3,HP_Peak,GP,size_peak,both,residual,log,pbin<=15,mape,43.935780505317354,22,34,q_arm2,gp
iter05b_arm2,0,gb_eoh_2122r3,HP_Peak,GP,size_peak,both,residual,log,pbin<=15,r2,-0.15671200910145977,22,34,q_arm2,gp
iter05b_arm2,0,gb_eoh_2122r3,HP_Peak,GP,size_peak,both,residual,log,pbin<=15,n_pred_nan,0.0,22,34,q_arm2,gp
iter05b_arm2,0,gb_eoh_2122r3,HP_Peak,GP,size_peak,both,residual,log,pbin<=15,mape_n_excluded,0.0,22,34,q_arm2,gp
iter05b_arm2,0,gb_eoh_2122r3,HP_Peak,GP,size_peak,both,residual,log,pbin35-65,wape,32.81458302871065,8,43,q_arm2,gp
iter05b_arm2,0,gb_eoh_2122r3,HP_Peak,GP,size_peak,both,residual,log,pbin35-65,rmse,12.856944701276825,8,43,q_arm2,gp
iter05b_arm2,0,gb_eoh_2122r3,HP_Peak,GP,size_peak,both,residual,log,pbin35-65,mae,10.07536422709596,8,43,q_arm2,gp
iter05b_arm2,0,gb_eoh_2122r3,HP_Peak,GP,size_peak,both,residual,log,pbin35-65,mape,33.22225777106412,8,43,q_arm2,gp
iter05b_arm2,0,gb_eoh_2122r3,HP_Peak,GP,size_peak,both,residual,log,pbin35-65,r2,0.7255958759749725,8,43,q_arm2,gp
iter05b_arm2,0,gb_eoh_2122r3,HP_Peak,GP,size_peak,both,residual,log,pbin35-65,n_pred_nan,0.0,8,43,q_arm2,gp
iter05b_arm2,0,gb_eoh_2122r3,HP_Peak,GP,size_peak,both,residual,log,pbin35-65,mape_n_excluded,0.0,8,43,q_arm2,gp
iter05b_arm2,0,gb_eoh_2122r3,HP_Peak,GP,size_peak,both,residual,log,p0.1|n10,wape,41.172712249661494,16,15,q_arm2,gp
iter05b_arm2,0,gb_eoh_2122r3,HP_Peak,GP,size_peak,both,residual,log,p0.1|n10,rmse,2.0463154552210194,16,15,q_arm2,gp
iter05b_arm2,0,gb_eoh_2122r3,HP_Peak,GP,size_peak,both,residual,log,p0.1|n10,mae,1.3545421362178405,16,15,q_arm2,gp
iter05b_arm2,0,gb_eoh_2122r3,HP_Peak,GP,size_peak,both,residual,log,p0.1|n10,mape,41.39737939016286,16,15,q_arm2,gp
iter05b_arm2,0,gb_eoh_2122r3,HP_Peak,GP,size_peak,both,residual,log,p0.1|n10,r2,-5.560060719068839,16,15,q_arm2,gp
iter05b_arm2,0,gb_eoh_2122r3,HP_Peak,GP,size_peak,both,residual,log,p0.1|n10,n_pred_nan,0.0,16,15,q_arm2,gp
iter05b_arm2,0,gb_eoh_2122r3,HP_Peak,GP,size_peak,both,residual,log,p0.1|n10,mape_n_excluded,0.0,16,15,q_arm2,gp
iter05b_arm2,0,gb_eoh_2122r3,HP_Peak,GP,size_peak,both,residual,log,p0.1|n40,wape,48.747728931428306,6,22,q_arm2,gp
iter05b_arm2,0,gb_eoh_2122r3,HP_Peak,GP,size_peak,both,residual,log,p0.1|n40,rmse,7.727225551875373,6,22,q_arm2,gp
iter05b_arm2,0,gb_eoh_2122r3,HP_Peak,GP,size_peak,both,residual,log,p0.1|n40,mae,5.95718193146111,6,22,q_arm2,gp
iter05b_arm2,0,gb_eoh_2122r3,HP_Peak,GP,size_peak,both,residual,log,p0.1|n40,mape,50.70485014572929,6,22,q_arm2,gp
iter05b_arm2,0,gb_eoh_2122r3,HP_Peak,GP,size_peak,both,residual,log,p0.1|n40,r2,-37.0625509791011,6,22,q_arm2,gp
iter05b_arm2,0,gb_eoh_2122r3,HP_Peak,GP,size_peak,both,residual,log,p0.1|n40,n_pred_nan,0.0,6,22,q_arm2,gp
iter05b_arm2,0,gb_eoh_2122r3,HP_Peak,GP,size_peak,both,residual,log,p0.1|n40,mape_n_excluded,0.0,6,22,q_arm2,gp
iter05b_arm2,0,gb_eoh_2122r3,HP_Peak,GP,size_peak,both,residual,log,p0.5|n10,wape,34.07661645617026,6,24,q_arm2,gp
iter05b_arm2,0,gb_eoh_2122r3,HP_Peak,GP,size_peak,both,residual,log,p0.5|n10,rmse,5.948483399134232,6,24,q_arm2,gp
iter05b_arm2,0,gb_eoh_2122r3,HP_Peak,GP,size_peak,both,residual,log,p0.5|n10,mae,5.647342316234359,6,24,q_arm2,gp
iter05b_arm2,0,gb_eoh_2122r3,HP_Peak,GP,size_peak,both,residual,log,p0.5|n10,mape,33.64466538567836,6,24,q_arm2,gp
iter05b_arm2,0,gb_eoh_2122r3,HP_Peak,GP,size_peak,both,residual,log,p0.5|n10,r2,-7.024238476974052,6,24,q_arm2,gp
iter05b_arm2,0,gb_eoh_2122r3,HP_Peak,GP,size_peak,both,residual,log,p0.5|n10,n_pred_nan,0.0,6,24,q_arm2,gp
iter05b_arm2,0,gb_eoh_2122r3,HP_Peak,GP,size_peak,both,residual,log,p0.5|n10,mape_n_excluded,0.0,6,24,q_arm2,gp
iter05b_arm2,0,gb_eoh_2122r3,HP_Peak,GP,size_peak,both,residual,log,p0.5|n40,wape,31.956216307050862,2,28,q_arm2,gp
iter05b_arm2,0,gb_eoh_2122r3,HP_Peak,GP,size_peak,both,residual,log,p0.5|n40,rmse,23.559514934680518,2,28,q_arm2,gp
iter05b_arm2,0,gb_eoh_2122r3,HP_Peak,GP,size_peak,both,residual,log,p0.5|n40,mae,23.359429959680757,2,28,q_arm2,gp
iter05b_arm2,0,gb_eoh_2122r3,HP_Peak,GP,size_peak,both,residual,log,p0.5|n40,mape,31.955034927221433,2,28,q_arm2,gp
iter05b_arm2,0,gb_eoh_2122r3,HP_Peak,GP,size_peak,both,residual,log,p0.5|n40,r2,-1302015.0810370396,2,28,q_arm2,gp
iter05b_arm2,0,gb_eoh_2122r3,HP_Peak,GP,size_peak,both,residual,log,p0.5|n40,n_pred_nan,0.0,2,28,q_arm2,gp
iter05b_arm2,0,gb_eoh_2122r3,HP_Peak,GP,size_peak,both,residual,log,p0.5|n40,mape_n_excluded,0.0,2,28,q_arm2,gp
