exp_id,split_seed,dataset,target,method,anchor,feature_set,mode,target_transform,cell,metric,value,n_substations,n_hp_households
iter03_timing,0,bstar_2023,HP_Peak,slope_only,none,-,-,-,all,wape,24.34542212108692,130,20
iter03_timing,0,bstar_2023,HP_Peak,slope_only,none,-,-,-,all,rmse,11.411269283968377,130,20
iter03_timing,0,bstar_2023,HP_Peak,slope_only,none,-,-,-,all,mae,8.341396263339831,130,20
iter03_timing,0,bstar_2023,HP_Peak,slope_only,none,-,-,-,all,mape,34.91720891361358,130,20
iter03_timing,0,bstar_2023,HP_Peak,slope_only,none,-,-,-,all,r2,0.8633293055805535,130,20
iter03_timing,0,bstar_2023,HP_Peak,slope_only,none,-,-,-,all,n_pred_nan,0.0,130,20
iter03_timing,0,bstar_2023,HP_Peak,slope_only,none,-,-,-,all,mape_n_excluded,0.0,130,20
iter03_timing,0,bstar_2023,HP_Peak,slope_only,none,-,-,-,p0.05|n10,wape,37.003542756908594,10,9
iter03_timing,0,bstar_2023,HP_Peak,slope_only,none,-,-,-,p0.05|n10,rmse,2.498775165507837,10,9
iter03_timing,0,bstar_2023,HP_Peak,slope_only,none,-,-,-,p0.05|n10,mae,2.0307106143045326,10,9
iter03_timing,0,bstar_2023,HP_Peak,slope_only,none,-,-,-,p0.05|n10,mape,36.94701950833782,10,9
iter03_timing,0,bstar_2023,HP_Peak,slope_only,none,-,-,-,p0.05|n10,r2,-0.4655780214449343,10,9
iter03_timing,0,bstar_2023,HP_Peak,slope_only,none,-,-,-,p0.05|n10,n_pred_nan,0.0,10,9
iter03_timing,0,bstar_2023,HP_Peak,slope_only,none,-,-,-,p0.05|n10,mape_n_excluded,0.0,10,9
iter03_timing,0,bstar_2023,HP_Peak,slope_only,none,-,-,-,p0.05|n20,wape,57.44921138554604,10,7
iter03_timing,0,bstar_2023,HP_Peak,slope_only,none,-,-,-,p0.05|n20,rmse,5.122536728397317,10,7
iter03_timing,0,bstar_2023,HP_Peak,slope_only,none,-,-,-,p0.05|n20,mae,3.5428386340910785,10,7
iter03_timing,0,bstar_2023,HP_Peak,slope_only,none,-,-,-,p0.05|n20,mape,64.80484737212436,10,7
iter03_timing,0,bstar_2023,HP_Peak,slope_only,none,-,-,-,p0.05|n20,r2,-2.506691090767012,10,7
iter03_timing,0,bstar_2023,HP_Peak,slope_only,none,-,-,-,p0.05|n20,n_pred_nan,0.0,10,7
iter03_timing,0,bstar_2023,HP_Peak,slope_only,none,-,-,-,p0.05|n20,mape_n_excluded,0.0,10,7
iter03_timing,0,bstar_2023,HP_Peak,slope_only,none,-,-,-,p0.05|n40,wape,55.22225357904581,10,13
iter03_timing,0,bstar_2023,HP_Peak,slope_only,none,-,-,-,p0.05|n40,rmse,9.60777849449086,10,13
iter03_timing,0,bstar_2023,HP_Peak,slope_only,none,-,-,-,p0.05|n40,mae,6.638740467894801,10,13
iter03_timing,0,bstar_2023,HP_Peak,slope_only,none,-,-,-,p0.05|n40,mape,67.77858795344,10,13
iter03_timing,0,bstar_2023,HP_Peak,slope_only,none,-,-,-,p0.05|n40,r2,-4.492812381640355,10,13
iter03_timing,0,bstar_2023,HP_Peak,slope_only,none,-,-,-,p0.05|n40,n_pred_nan,0.0,10,13
iter03_timing,0,bstar_2023,HP_Peak,slope_only,none,-,-,-,p0.05|n40,mape_n_excluded,0.0,10,13
iter03_timing,0,bstar_2023,HP_Peak,slope_only,none,-,-,-,p0.05|n80,wape,19.36439310425738,5,12
iter03_timing,0,bstar_2023,HP_Peak,slope_only,none,-,-,-,p0.05|n80,rmse,8.946972523065767,5,12
iter03_timing,0,bstar_2023,HP_Peak,slope_only,none,-,-,-,p0.05|n80,mae,6.514554101365289,5,12
iter03_timing,0,bstar_2023,HP_Peak,slope_only,none,-,-,-,p0.05|n80,mape,27.606618505000725,5,12
iter03_timing,0,bstar_2023,HP_Peak,slope_only,none,-,-,-,p0.05|n80,r2,-0.1402721814075183,5,12
iter03_timing,0,bstar_2023,HP_Peak,slope_only,none,-,-,-,p0.05|n80,n_pred_nan,0.0,5,12
iter03_timing,0,bstar_2023,HP_Peak,slope_only,none,-,-,-,p0.05|n80,mape_n_excluded,0.0,5,12
iter03_timing,0,bstar_2023,HP_Peak,slope_only,none,-,-,-,p0.05|n120,wape,39.755364764107135,5,15
iter03_timing,0,bstar_2023,HP_Peak,slope_only,none,-,-,-,p0.05|n120,rmse,17.7582025217388,5,15
iter03_timing,0,bstar_2023,HP_Peak,slope_only,none,-,-,-,p0.05|n120,mae,17.414980336187483,5,15
iter03_timing,0,bstar_2023,HP_Peak,slope_only,none,-,-,-,p0.05|n120,mape,41.20724066353381,5,15
iter03_timing,0,bstar_2023,HP_Peak,slope_only,none,-,-,-,p0.05|n120,r2,-4.835826224108778,5,15
iter03_timing,0,bstar_2023,HP_Peak,slope_only,none,-,-,-,p0.05|n120,n_pred_nan,0.0,5,15
iter03_timing,0,bstar_2023,HP_Peak,slope_only,none,-,-,-,p0.05|n120,mape_n_excluded,0.0,5,15
iter03_timing,0,bstar_2023,HP_Peak,slope_only,none,-,-,-,p0.1|n10,wape,49.85937570769119,10,9
iter03_timing,0,bstar_2023,HP_Peak,slope_only,none,-,-,-,p0.1|n10,rmse,4.644843413584447,10,9
iter03_timing,0,bstar_2023,HP_Peak,slope_only,none,-,-,-,p0.1|n10,mae,4.039608015899674,10,9
iter03_timing,0,bstar_2023,HP_Peak,slope_only,none,-,-,-,p0.1|n10,mape,51.22040493318163,10,9
iter03_timing,0,bstar_2023,HP_Peak,slope_only,none,-,-,-,p0.1|n10,r2,-1.944685905222808,10,9
iter03_timing,0,bstar_2023,HP_Peak,slope_only,none,-,-,-,p0.1|n10,n_pred_nan,0.0,10,9
iter03_timing,0,bstar_2023,HP_Peak,slope_only,none,-,-,-,p0.1|n10,mape_n_excluded,0.0,10,9
iter03_timing,0,bstar_2023,HP_Peak,slope_only,none,-,-,-,p0.1|n20,wape,37.10390093256282,10,12
iter03_timing,0,bstar_2023,HP_Peak,slope_only,none,-,-,-,p0.1|n20,rmse,6.807314742134376,10,12
iter03_timing,0,bstar_2023,HP_Peak,slope_only,none,-,-,-,p0.1|n20,mae,5.437626549309976,10,12
iter03_timing,0,bstar_2023,HP_Peak,slope_only,none,-,-,-,p0.1|n20,mape,36.99407187868321,10,12
iter03_timing,0,bstar_2023,HP_Peak,slope_only,none,-,-,-,p0.1|n20,r2,-0.1796385928503059,10,12
iter03_timing,0,bstar_2023,HP_Peak,slope_only,none,-,-,-,p0.1|n20,n_pred_nan,0.0,10,12
iter03_timing,0,bstar_2023,HP_Peak,slope_only,none,-,-,-,p0.1|n20,mape_n_excluded,0.0,10,12
iter03_timing,0,bstar_2023,HP_Peak,slope_only,none,-,-,-,p0.1|n40,wape,17.29171477036946,5,12
iter03_timing,0,bstar_2023,HP_Peak,slope_only,none,-,-,-,p0.1|n40,rmse,6.467686604564778,5,12
iter03_timing,0,bstar_2023,HP_Peak,slope_only,none,-,-,-,p0.1|n40,mae,5.259840140646618,5,12
iter03_timing,0,bstar_2023,HP_Peak,slope_only,none,-,-,-,p0.1|n40,mape,17.29647332287637,5,12
iter03_timing,0,bstar_2023,HP_Peak,slope_only,none,-,-,-,p0.1|n40,r2,0.6346261683289174,5,12
iter03_timing,0,bstar_2023,HP_Peak,slope_only,none,-,-,-,p0.1|n40,n_pred_nan,0.0,5,12
iter03_timing,0,bstar_2023,HP_Peak,slope_only,none,-,-,-,p0.1|n40,mape_n_excluded,0.0,5,12
iter03_timing,0,bstar_2023,HP_Peak,slope_only,none,-,-,-,p0.1|n80,wape,8.026044850300622,5,16
iter03_timing,0,bstar_2023,HP_Peak,slope_only,none,-,-,-,p0.1|n80,rmse,6.943143296649643,5,16
iter03_timing,0,bstar_2023,HP_Peak,slope_only,none,-,-,-,p0.1|n80,mae,5.37069828393996,5,16
iter03_timing,0,bstar_2023,HP_Peak,slope_only,none,-,-,-,p0.1|n80,mape,7.552656702634061,5,16
iter03_timing,0,bstar_2023,HP_Peak,slope_only,none,-,-,-,p0.1|n80,r2,0.5247509984873118,5,16
iter03_timing,0,bstar_2023,HP_Peak,slope_only,none,-,-,-,p0.1|n80,n_pred_nan,0.0,5,16
iter03_timing,0,bstar_2023,HP_Peak,slope_only,none,-,-,-,p0.1|n80,mape_n_excluded,0.0,5,16
iter03_timing,0,bstar_2023,HP_Peak,slope_only,none,-,-,-,p0.1|n120,wape,8.467403082104907,5,16
iter03_timing,0,bstar_2023,HP_Peak,slope_only,none,-,-,-,p0.1|n120,rmse,9.588446541031452,5,16
iter03_timing,0,bstar_2023,HP_Peak,slope_only,none,-,-,-,p0.1|n120,mae,7.921913940833633,5,16
iter03_timing,0,bstar_2023,HP_Peak,slope_only,none,-,-,-,p0.1|n120,mape,8.306449496189142,5,16
iter03_timing,0,bstar_2023,HP_Peak,slope_only,none,-,-,-,p0.1|n120,r2,-0.3247914013899666,5,16
iter03_timing,0,bstar_2023,HP_Peak,slope_only,none,-,-,-,p0.1|n120,n_pred_nan,0.0,5,16
iter03_timing,0,bstar_2023,HP_Peak,slope_only,none,-,-,-,p0.1|n120,mape_n_excluded,0.0,5,16
iter03_timing,0,bstar_2023,HP_Peak,slope_only,none,-,-,-,p0.2|n10,wape,42.99742751044995,10,12
iter03_timing,0,bstar_2023,HP_Peak,slope_only,none,-,-,-,p0.2|n10,rmse,6.486593460034863,10,12
iter03_timing,0,bstar_2023,HP_Peak,slope_only,none,-,-,-,p0.2|n10,mae,5.919099654674158,10,12
iter03_timing,0,bstar_2023,HP_Peak,slope_only,none,-,-,-,p0.2|n10,mape,42.109601987494926,10,12
iter03_timing,0,bstar_2023,HP_Peak,slope_only,none,-,-,-,p0.2|n10,r2,-3.989123563633207,10,12
iter03_timing,0,bstar_2023,HP_Peak,slope_only,none,-,-,-,p0.2|n10,n_pred_nan,0.0,10,12
iter03_timing,0,bstar_2023,HP_Peak,slope_only,none,-,-,-,p0.2|n10,mape_n_excluded,0.0,10,12
iter03_timing,0,bstar_2023,HP_Peak,slope_only,none,-,-,-,p0.2|n20,wape,19.18631733692245,5,13
iter03_timing,0,bstar_2023,HP_Peak,slope_only,none,-,-,-,p0.2|n20,rmse,6.3403424544542215,5,13
iter03_timing,0,bstar_2023,HP_Peak,slope_only,none,-,-,-,p0.2|n20,mae,5.655309013806249,5,13
iter03_timing,0,bstar_2023,HP_Peak,slope_only,none,-,-,-,p0.2|n20,mape,19.4693942663919,5,13
iter03_timing,0,bstar_2023,HP_Peak,slope_only,none,-,-,-,p0.2|n20,r2,-2.4953523508942226,5,13
iter03_timing,0,bstar_2023,HP_Peak,slope_only,none,-,-,-,p0.2|n20,n_pred_nan,0.0,5,13
iter03_timing,0,bstar_2023,HP_Peak,slope_only,none,-,-,-,p0.2|n20,mape_n_excluded,0.0,5,13
iter03_timing,0,bstar_2023,HP_Peak,slope_only,none,-,-,-,p0.2|n40,wape,16.24760531352104,5,16
iter03_timing,0,bstar_2023,HP_Peak,slope_only,none,-,-,-,p0.2|n40,rmse,11.430928689033584,5,16
iter03_timing,0,bstar_2023,HP_Peak,slope_only,none,-,-,-,p0.2|n40,mae,11.09804444206314,5,16
iter03_timing,0,bstar_2023,HP_Peak,slope_only,none,-,-,-,p0.2|n40,mape,16.291865894745648,5,16
iter03_timing,0,bstar_2023,HP_Peak,slope_only,none,-,-,-,p0.2|n40,r2,-6.09183074761166,5,16
iter03_timing,0,bstar_2023,HP_Peak,slope_only,none,-,-,-,p0.2|n40,n_pred_nan,0.0,5,16
iter03_timing,0,bstar_2023,HP_Peak,slope_only,none,-,-,-,p0.2|n40,mape_n_excluded,0.0,5,16
iter03_timing,0,bstar_2023,HP_Peak,slope_only,none,-,-,-,p0.3|n10,wape,20.439074026286438,10,14
iter03_timing,0,bstar_2023,HP_Peak,slope_only,none,-,-,-,p0.3|n10,rmse,4.571196652358363,10,14
iter03_timing,0,bstar_2023,HP_Peak,slope_only,none,-,-,-,p0.3|n10,mae,4.143349568025223,10,14
iter03_timing,0,bstar_2023,HP_Peak,slope_only,none,-,-,-,p0.3|n10,mape,20.292412041895588,10,14
iter03_timing,0,bstar_2023,HP_Peak,slope_only,none,-,-,-,p0.3|n10,r2,-1.330258275243457,10,14
iter03_timing,0,bstar_2023,HP_Peak,slope_only,none,-,-,-,p0.3|n10,n_pred_nan,0.0,10,14
iter03_timing,0,bstar_2023,HP_Peak,slope_only,none,-,-,-,p0.3|n10,mape_n_excluded,0.0,10,14
iter03_timing,0,bstar_2023,HP_Peak,slope_only,none,-,-,-,p0.3|n20,wape,22.0986203803798,5,14
iter03_timing,0,bstar_2023,HP_Peak,slope_only,none,-,-,-,p0.3|n20,rmse,10.927288357972769,5,14
iter03_timing,0,bstar_2023,HP_Peak,slope_only,none,-,-,-,p0.3|n20,mae,10.319440492046072,5,14
iter03_timing,0,bstar_2023,HP_Peak,slope_only,none,-,-,-,p0.3|n20,mape,21.70982812432184,5,14
iter03_timing,0,bstar_2023,HP_Peak,slope_only,none,-,-,-,p0.3|n20,r2,-0.0459265267742747,5,14
iter03_timing,0,bstar_2023,HP_Peak,slope_only,none,-,-,-,p0.3|n20,n_pred_nan,0.0,5,14
iter03_timing,0,bstar_2023,HP_Peak,slope_only,none,-,-,-,p0.3|n20,mape_n_excluded,0.0,5,14
iter03_timing,0,bstar_2023,HP_Peak,slope_only,none,-,-,-,p0.3|n40,wape,25.953143246709597,5,16
iter03_timing,0,bstar_2023,HP_Peak,slope_only,none,-,-,-,p0.3|n40,rmse,27.067121963457254,5,16
iter03_timing,0,bstar_2023,HP_Peak,slope_only,none,-,-,-,p0.3|n40,mae,26.55315271967965,5,16
iter03_timing,0,bstar_2023,HP_Peak,slope_only,none,-,-,-,p0.3|n40,mape,26.01371254267961,5,16
iter03_timing,0,bstar_2023,HP_Peak,slope_only,none,-,-,-,p0.3|n40,r2,-33.77177796864597,5,16
iter03_timing,0,bstar_2023,HP_Peak,slope_only,none,-,-,-,p0.3|n40,n_pred_nan,0.0,5,16
iter03_timing,0,bstar_2023,HP_Peak,slope_only,none,-,-,-,p0.3|n40,mape_n_excluded,0.0,5,16
iter03_timing,0,bstar_2023,HP_Peak,slope_only,none,-,-,-,p0.5|n10,wape,30.710498506083837,5,12
iter03_timing,0,bstar_2023,HP_Peak,slope_only,none,-,-,-,p0.5|n10,rmse,14.49048512688541,5,12
iter03_timing,0,bstar_2023,HP_Peak,slope_only,none,-,-,-,p0.5|n10,mae,12.69063712638646,5,12
iter03_timing,0,bstar_2023,HP_Peak,slope_only,none,-,-,-,p0.5|n10,mape,30.887372448509907,5,12
iter03_timing,0,bstar_2023,HP_Peak,slope_only,none,-,-,-,p0.5|n10,r2,-1.8102550884110364,5,12
iter03_timing,0,bstar_2023,HP_Peak,slope_only,none,-,-,-,p0.5|n10,n_pred_nan,0.0,5,12
iter03_timing,0,bstar_2023,HP_Peak,slope_only,none,-,-,-,p0.5|n10,mape_n_excluded,0.0,5,12
iter03_timing,0,bstar_2023,HP_Peak,slope_only,none,-,-,-,p0.5|n20,wape,25.26797870134067,5,16
iter03_timing,0,bstar_2023,HP_Peak,slope_only,none,-,-,-,p0.5|n20,rmse,23.07534956851283,5,16
iter03_timing,0,bstar_2023,HP_Peak,slope_only,none,-,-,-,p0.5|n20,mae,22.2130673412875,5,16
iter03_timing,0,bstar_2023,HP_Peak,slope_only,none,-,-,-,p0.5|n20,mape,25.50295980504033,5,16
iter03_timing,0,bstar_2023,HP_Peak,slope_only,none,-,-,-,p0.5|n20,r2,-28.111320744359286,5,16
iter03_timing,0,bstar_2023,HP_Peak,slope_only,none,-,-,-,p0.5|n20,n_pred_nan,0.0,5,16
iter03_timing,0,bstar_2023,HP_Peak,slope_only,none,-,-,-,p0.5|n20,mape_n_excluded,0.0,5,16
iter03_timing,0,bstar_2023,HP_Peak,slope_only,none,-,-,-,p1.0|n10,wape,26.14572635700855,5,16
iter03_timing,0,bstar_2023,HP_Peak,slope_only,none,-,-,-,p1.0|n10,rmse,23.055572437206035,5,16
iter03_timing,0,bstar_2023,HP_Peak,slope_only,none,-,-,-,p1.0|n10,mae,22.360717900194647,5,16
iter03_timing,0,bstar_2023,HP_Peak,slope_only,none,-,-,-,p1.0|n10,mape,25.708968631714534,5,16
iter03_timing,0,bstar_2023,HP_Peak,slope_only,none,-,-,-,p1.0|n10,r2,-3.624525567973533,5,16
iter03_timing,0,bstar_2023,HP_Peak,slope_only,none,-,-,-,p1.0|n10,n_pred_nan,0.0,5,16
iter03_timing,0,bstar_2023,HP_Peak,slope_only,none,-,-,-,p1.0|n10,mape_n_excluded,0.0,5,16
iter03_timing,0,bstar_2023,HP_Peak,slope_only,none,-,-,-,all,at_bound_share_train,0.0108695652173913,460,62
iter03_timing,0,bstar_2023,HP_Peak,slope_only,none,-,-,-,all,at_bound_share_test,0.0076923076923076,130,20
iter03_timing,0,bstar_2023,HP_Peak,paperA_sh_mh,none,-,-,-,all,wape,28.819027250777555,130,20
iter03_timing,0,bstar_2023,HP_Peak,paperA_sh_mh,none,-,-,-,all,rmse,14.415170486598091,130,20
iter03_timing,0,bstar_2023,HP_Peak,paperA_sh_mh,none,-,-,-,all,mae,9.874173675325546,130,20
iter03_timing,0,bstar_2023,HP_Peak,paperA_sh_mh,none,-,-,-,all,mape,53.93914415761967,130,20
iter03_timing,0,bstar_2023,HP_Peak,paperA_sh_mh,none,-,-,-,all,r2,0.7819043219931575,130,20
iter03_timing,0,bstar_2023,HP_Peak,paperA_sh_mh,none,-,-,-,all,n_pred_nan,0.0,130,20
iter03_timing,0,bstar_2023,HP_Peak,paperA_sh_mh,none,-,-,-,all,mape_n_excluded,0.0,130,20
iter03_timing,0,bstar_2023,HP_Peak,paperA_sh_mh,none,-,-,-,all,n_invalid,0.0,130,20
iter03_timing,0,bstar_2023,HP_Peak,paperA_sh_mh,none,-,-,-,all,n_station_fallback,0.0,130,20
iter03_timing,0,bstar_2023,HP_Peak,paperA_sh_mh,none,-,-,-,p0.05|n10,wape,53.0644158940185,10,9
iter03_timing,0,bstar_2023,HP_Peak,paperA_sh_mh,none,-,-,-,p0.05|n10,rmse,3.635607809351742,10,9
iter03_timing,0,bstar_2023,HP_Peak,paperA_sh_mh,none,-,-,-,p0.05|n10,mae,2.912112315995335,10,9
iter03_timing,0,bstar_2023,HP_Peak,paperA_sh_mh,none,-,-,-,p0.05|n10,mape,58.41601723487264,10,9
iter03_timing,0,bstar_2023,HP_Peak,paperA_sh_mh,none,-,-,-,p0.05|n10,r2,-2.102477472732366,10,9
iter03_timing,0,bstar_2023,HP_Peak,paperA_sh_mh,none,-,-,-,p0.05|n10,n_pred_nan,0.0,10,9
iter03_timing,0,bstar_2023,HP_Peak,paperA_sh_mh,none,-,-,-,p0.05|n10,mape_n_excluded,0.0,10,9
iter03_timing,0,bstar_2023,HP_Peak,paperA_sh_mh,none,-,-,-,p0.05|n20,wape,140.63618571937252,10,7
iter03_timing,0,bstar_2023,HP_Peak,paperA_sh_mh,none,-,-,-,p0.05|n20,rmse,10.38759457446728,10,7
iter03_timing,0,bstar_2023,HP_Peak,paperA_sh_mh,none,-,-,-,p0.05|n20,mae,8.672900812754389,10,7
iter03_timing,0,bstar_2023,HP_Peak,paperA_sh_mh,none,-,-,-,p0.05|n20,mape,150.76182772400938,10,7
iter03_timing,0,bstar_2023,HP_Peak,paperA_sh_mh,none,-,-,-,p0.05|n20,r2,-13.419736680706585,10,7
iter03_timing,0,bstar_2023,HP_Peak,paperA_sh_mh,none,-,-,-,p0.05|n20,n_pred_nan,0.0,10,7
iter03_timing,0,bstar_2023,HP_Peak,paperA_sh_mh,none,-,-,-,p0.05|n20,mape_n_excluded,0.0,10,7
iter03_timing,0,bstar_2023,HP_Peak,paperA_sh_mh,none,-,-,-,p0.05|n40,wape,112.9906148127011,10,13
iter03_timing,0,bstar_2023,HP_Peak,paperA_sh_mh,none,-,-,-,p0.05|n40,rmse,17.055423798404135,10,13
iter03_timing,0,bstar_2023,HP_Peak,paperA_sh_mh,none,-,-,-,p0.05|n40,mae,13.583570362185023,10,13
iter03_timing,0,bstar_2023,HP_Peak,paperA_sh_mh,none,-,-,-,p0.05|n40,mape,130.72045299389214,10,13
iter03_timing,0,bstar_2023,HP_Peak,paperA_sh_mh,none,-,-,-,p0.05|n40,r2,-16.309073891214595,10,13
iter03_timing,0,bstar_2023,HP_Peak,paperA_sh_mh,none,-,-,-,p0.05|n40,n_pred_nan,0.0,10,13
iter03_timing,0,bstar_2023,HP_Peak,paperA_sh_mh,none,-,-,-,p0.05|n40,mape_n_excluded,0.0,10,13
iter03_timing,0,bstar_2023,HP_Peak,paperA_sh_mh,none,-,-,-,p0.05|n80,wape,56.47437804341766,5,12
iter03_timing,0,bstar_2023,HP_Peak,paperA_sh_mh,none,-,-,-,p0.05|n80,rmse,20.876050014906365,5,12
iter03_timing,0,bstar_2023,HP_Peak,paperA_sh_mh,none,-,-,-,p0.05|n80,mae,18.99906643724941,5,12
iter03_timing,0,bstar_2023,HP_Peak,paperA_sh_mh,none,-,-,-,p0.05|n80,mape,68.54312300624191,5,12
iter03_timing,0,bstar_2023,HP_Peak,paperA_sh_mh,none,-,-,-,p0.05|n80,r2,-5.208018169956539,5,12
iter03_timing,0,bstar_2023,HP_Peak,paperA_sh_mh,none,-,-,-,p0.05|n80,n_pred_nan,0.0,5,12
iter03_timing,0,bstar_2023,HP_Peak,paperA_sh_mh,none,-,-,-,p0.05|n80,mape_n_excluded,0.0,5,12
iter03_timing,0,bstar_2023,HP_Peak,paperA_sh_mh,none,-,-,-,p0.05|n120,wape,91.15952867090556,5,15
iter03_timing,0,bstar_2023,HP_Peak,paperA_sh_mh,none,-,-,-,p0.05|n120,rmse,40.2374614296442,5,15
iter03_timing,0,bstar_2023,HP_Peak,paperA_sh_mh,none,-,-,-,p0.05|n120,mae,39.93275897931744,5,15
iter03_timing,0,bstar_2023,HP_Peak,paperA_sh_mh,none,-,-,-,p0.05|n120,mape,93.2698563891522,5,15
iter03_timing,0,bstar_2023,HP_Peak,paperA_sh_mh,none,-,-,-,p0.05|n120,r2,-28.96163361295955,5,15
iter03_timing,0,bstar_2023,HP_Peak,paperA_sh_mh,none,-,-,-,p0.05|n120,n_pred_nan,0.0,5,15
iter03_timing,0,bstar_2023,HP_Peak,paperA_sh_mh,none,-,-,-,p0.05|n120,mape_n_excluded,0.0,5,15
iter03_timing,0,bstar_2023,HP_Peak,paperA_sh_mh,none,-,-,-,p0.1|n10,wape,60.1688572757879,10,9
iter03_timing,0,bstar_2023,HP_Peak,paperA_sh_mh,none,-,-,-,p0.1|n10,rmse,6.957297717513204,10,9
iter03_timing,0,bstar_2023,HP_Peak,paperA_sh_mh,none,-,-,-,p0.1|n10,mae,4.874882501212356,10,9
iter03_timing,0,bstar_2023,HP_Peak,paperA_sh_mh,none,-,-,-,p0.1|n10,mape,75.97766108437884,10,9
iter03_timing,0,bstar_2023,HP_Peak,paperA_sh_mh,none,-,-,-,p0.1|n10,r2,-5.60659977884545,10,9
iter03_timing,0,bstar_2023,HP_Peak,paperA_sh_mh,none,-,-,-,p0.1|n10,n_pred_nan,0.0,10,9
iter03_timing,0,bstar_2023,HP_Peak,paperA_sh_mh,none,-,-,-,p0.1|n10,mape_n_excluded,0.0,10,9
iter03_timing,0,bstar_2023,HP_Peak,paperA_sh_mh,none,-,-,-,p0.1|n20,wape,48.48385016783756,10,12
iter03_timing,0,bstar_2023,HP_Peak,paperA_sh_mh,none,-,-,-,p0.1|n20,rmse,8.030052540330313,10,12
iter03_timing,0,bstar_2023,HP_Peak,paperA_sh_mh,none,-,-,-,p0.1|n20,mae,7.105373404391274,10,12
iter03_timing,0,bstar_2023,HP_Peak,paperA_sh_mh,none,-,-,-,p0.1|n20,mape,59.85210078821551,10,12
iter03_timing,0,bstar_2023,HP_Peak,paperA_sh_mh,none,-,-,-,p0.1|n20,r2,-0.641474286811125,10,12
iter03_timing,0,bstar_2023,HP_Peak,paperA_sh_mh,none,-,-,-,p0.1|n20,n_pred_nan,0.0,10,12
iter03_timing,0,bstar_2023,HP_Peak,paperA_sh_mh,none,-,-,-,p0.1|n20,mape_n_excluded,0.0,10,12
iter03_timing,0,bstar_2023,HP_Peak,paperA_sh_mh,none,-,-,-,p0.1|n40,wape,38.843249659475084,5,12
iter03_timing,0,bstar_2023,HP_Peak,paperA_sh_mh,none,-,-,-,p0.1|n40,rmse,14.346914834462616,5,12
iter03_timing,0,bstar_2023,HP_Peak,paperA_sh_mh,none,-,-,-,p0.1|n40,mae,11.815443781328336,5,12
iter03_timing,0,bstar_2023,HP_Peak,paperA_sh_mh,none,-,-,-,p0.1|n40,mape,41.93558545926251,5,12
iter03_timing,0,bstar_2023,HP_Peak,paperA_sh_mh,none,-,-,-,p0.1|n40,r2,-0.7978627928313946,5,12
iter03_timing,0,bstar_2023,HP_Peak,paperA_sh_mh,none,-,-,-,p0.1|n40,n_pred_nan,0.0,5,12
iter03_timing,0,bstar_2023,HP_Peak,paperA_sh_mh,none,-,-,-,p0.1|n40,mape_n_excluded,0.0,5,12
iter03_timing,0,bstar_2023,HP_Peak,paperA_sh_mh,none,-,-,-,p0.1|n80,wape,26.02355792828857,5,16
iter03_timing,0,bstar_2023,HP_Peak,paperA_sh_mh,none,-,-,-,p0.1|n80,rmse,18.068667645898262,5,16
iter03_timing,0,bstar_2023,HP_Peak,paperA_sh_mh,none,-,-,-,p0.1|n80,mae,17.41389196227038,5,16
iter03_timing,0,bstar_2023,HP_Peak,paperA_sh_mh,none,-,-,-,p0.1|n80,mape,26.799910597642107,5,16
iter03_timing,0,bstar_2023,HP_Peak,paperA_sh_mh,none,-,-,-,p0.1|n80,r2,-2.218557076319255,5,16
iter03_timing,0,bstar_2023,HP_Peak,paperA_sh_mh,none,-,-,-,p0.1|n80,n_pred_nan,0.0,5,16
iter03_timing,0,bstar_2023,HP_Peak,paperA_sh_mh,none,-,-,-,p0.1|n80,mape_n_excluded,0.0,5,16
iter03_timing,0,bstar_2023,HP_Peak,paperA_sh_mh,none,-,-,-,p0.1|n120,wape,33.550222574366664,5,16
iter03_timing,0,bstar_2023,HP_Peak,paperA_sh_mh,none,-,-,-,p0.1|n120,rmse,33.612080836543775,5,16
iter03_timing,0,bstar_2023,HP_Peak,paperA_sh_mh,none,-,-,-,p0.1|n120,mae,31.388841815225828,5,16
iter03_timing,0,bstar_2023,HP_Peak,paperA_sh_mh,none,-,-,-,p0.1|n120,mape,33.86231616260568,5,16
iter03_timing,0,bstar_2023,HP_Peak,paperA_sh_mh,none,-,-,-,p0.1|n120,r2,-15.279527542939231,5,16
iter03_timing,0,bstar_2023,HP_Peak,paperA_sh_mh,none,-,-,-,p0.1|n120,n_pred_nan,0.0,5,16
iter03_timing,0,bstar_2023,HP_Peak,paperA_sh_mh,none,-,-,-,p0.1|n120,mape_n_excluded,0.0,5,16
iter03_timing,0,bstar_2023,HP_Peak,paperA_sh_mh,none,-,-,-,p0.2|n10,wape,29.093638837476348,10,12
iter03_timing,0,bstar_2023,HP_Peak,paperA_sh_mh,none,-,-,-,p0.2|n10,rmse,6.296204420299392,10,12
iter03_timing,0,bstar_2023,HP_Peak,paperA_sh_mh,none,-,-,-,p0.2|n10,mae,4.005080247051245,10,12
iter03_timing,0,bstar_2023,HP_Peak,paperA_sh_mh,none,-,-,-,p0.2|n10,mape,29.159849886451436,10,12
iter03_timing,0,bstar_2023,HP_Peak,paperA_sh_mh,none,-,-,-,p0.2|n10,r2,-3.7005485228288526,10,12
iter03_timing,0,bstar_2023,HP_Peak,paperA_sh_mh,none,-,-,-,p0.2|n10,n_pred_nan,0.0,10,12
iter03_timing,0,bstar_2023,HP_Peak,paperA_sh_mh,none,-,-,-,p0.2|n10,mape_n_excluded,0.0,10,12
iter03_timing,0,bstar_2023,HP_Peak,paperA_sh_mh,none,-,-,-,p0.2|n20,wape,16.734134690476182,5,13
iter03_timing,0,bstar_2023,HP_Peak,paperA_sh_mh,none,-,-,-,p0.2|n20,rmse,6.352156367068807,5,13
iter03_timing,0,bstar_2023,HP_Peak,paperA_sh_mh,none,-,-,-,p0.2|n20,mae,4.932510032614621,5,13
iter03_timing,0,bstar_2023,HP_Peak,paperA_sh_mh,none,-,-,-,p0.2|n20,mape,16.506969961871654,5,13
iter03_timing,0,bstar_2023,HP_Peak,paperA_sh_mh,none,-,-,-,p0.2|n20,r2,-2.5083902139843683,5,13
iter03_timing,0,bstar_2023,HP_Peak,paperA_sh_mh,none,-,-,-,p0.2|n20,n_pred_nan,0.0,5,13
iter03_timing,0,bstar_2023,HP_Peak,paperA_sh_mh,none,-,-,-,p0.2|n20,mape_n_excluded,0.0,5,13
iter03_timing,0,bstar_2023,HP_Peak,paperA_sh_mh,none,-,-,-,p0.2|n40,wape,14.844672823231743,5,16
iter03_timing,0,bstar_2023,HP_Peak,paperA_sh_mh,none,-,-,-,p0.2|n40,rmse,10.806729571892491,5,16
iter03_timing,0,bstar_2023,HP_Peak,paperA_sh_mh,none,-,-,-,p0.2|n40,mae,10.139761247339798,5,16
iter03_timing,0,bstar_2023,HP_Peak,paperA_sh_mh,none,-,-,-,p0.2|n40,mape,14.80390154375017,5,16
iter03_timing,0,bstar_2023,HP_Peak,paperA_sh_mh,none,-,-,-,p0.2|n40,r2,-5.338462115972919,5,16
iter03_timing,0,bstar_2023,HP_Peak,paperA_sh_mh,none,-,-,-,p0.2|n40,n_pred_nan,0.0,5,16
iter03_timing,0,bstar_2023,HP_Peak,paperA_sh_mh,none,-,-,-,p0.2|n40,mape_n_excluded,0.0,5,16
iter03_timing,0,bstar_2023,HP_Peak,paperA_sh_mh,none,-,-,-,p0.3|n10,wape,19.92461968082778,10,14
iter03_timing,0,bstar_2023,HP_Peak,paperA_sh_mh,none,-,-,-,p0.3|n10,rmse,4.689569990736064,10,14
iter03_timing,0,bstar_2023,HP_Peak,paperA_sh_mh,none,-,-,-,p0.3|n10,mae,4.0390608812048985,10,14
iter03_timing,0,bstar_2023,HP_Peak,paperA_sh_mh,none,-,-,-,p0.3|n10,mape,20.45046669221684,10,14
iter03_timing,0,bstar_2023,HP_Peak,paperA_sh_mh,none,-,-,-,p0.3|n10,r2,-1.4525072105771768,10,14
iter03_timing,0,bstar_2023,HP_Peak,paperA_sh_mh,none,-,-,-,p0.3|n10,n_pred_nan,0.0,10,14
iter03_timing,0,bstar_2023,HP_Peak,paperA_sh_mh,none,-,-,-,p0.3|n10,mape_n_excluded,0.0,10,14
iter03_timing,0,bstar_2023,HP_Peak,paperA_sh_mh,none,-,-,-,p0.3|n20,wape,16.485668056245938,5,14
iter03_timing,0,bstar_2023,HP_Peak,paperA_sh_mh,none,-,-,-,p0.3|n20,rmse,10.732459881847616,5,14
iter03_timing,0,bstar_2023,HP_Peak,paperA_sh_mh,none,-,-,-,p0.3|n20,mae,7.698348021268241,5,14
iter03_timing,0,bstar_2023,HP_Peak,paperA_sh_mh,none,-,-,-,p0.3|n20,mape,20.59023657954132,5,14
iter03_timing,0,bstar_2023,HP_Peak,paperA_sh_mh,none,-,-,-,p0.3|n20,r2,-0.0089622504418194,5,14
iter03_timing,0,bstar_2023,HP_Peak,paperA_sh_mh,none,-,-,-,p0.3|n20,n_pred_nan,0.0,5,14
iter03_timing,0,bstar_2023,HP_Peak,paperA_sh_mh,none,-,-,-,p0.3|n20,mape_n_excluded,0.0,5,14
iter03_timing,0,bstar_2023,HP_Peak,paperA_sh_mh,none,-,-,-,p0.3|n40,wape,5.286290845370269,5,16
iter03_timing,0,bstar_2023,HP_Peak,paperA_sh_mh,none,-,-,-,p0.3|n40,rmse,7.144045812990041,5,16
iter03_timing,0,bstar_2023,HP_Peak,paperA_sh_mh,none,-,-,-,p0.3|n40,mae,5.4085043496824765,5,16
iter03_timing,0,bstar_2023,HP_Peak,paperA_sh_mh,none,-,-,-,p0.3|n40,mape,5.388627693856711,5,16
iter03_timing,0,bstar_2023,HP_Peak,paperA_sh_mh,none,-,-,-,p0.3|n40,r2,-1.4223182428187005,5,16
iter03_timing,0,bstar_2023,HP_Peak,paperA_sh_mh,none,-,-,-,p0.3|n40,n_pred_nan,0.0,5,16
iter03_timing,0,bstar_2023,HP_Peak,paperA_sh_mh,none,-,-,-,p0.3|n40,mape_n_excluded,0.0,5,16
iter03_timing,0,bstar_2023,HP_Peak,paperA_sh_mh,none,-,-,-,p0.5|n10,wape,17.674703966297916,5,12
iter03_timing,0,bstar_2023,HP_Peak,paperA_sh_mh,none,-,-,-,p0.5|n10,rmse,9.349426180794028,5,12
iter03_timing,0,bstar_2023,HP_Peak,paperA_sh_mh,none,-,-,-,p0.5|n10,mae,7.30379724406477,5,12
iter03_timing,0,bstar_2023,HP_Peak,paperA_sh_mh,none,-,-,-,p0.5|n10,mape,16.827821446537357,5,12
iter03_timing,0,bstar_2023,HP_Peak,paperA_sh_mh,none,-,-,-,p0.5|n10,r2,-0.1699028685159822,5,12
iter03_timing,0,bstar_2023,HP_Peak,paperA_sh_mh,none,-,-,-,p0.5|n10,n_pred_nan,0.0,5,12
iter03_timing,0,bstar_2023,HP_Peak,paperA_sh_mh,none,-,-,-,p0.5|n10,mape_n_excluded,0.0,5,12
iter03_timing,0,bstar_2023,HP_Peak,paperA_sh_mh,none,-,-,-,p0.5|n20,wape,8.606701141140109,5,16
iter03_timing,0,bstar_2023,HP_Peak,paperA_sh_mh,none,-,-,-,p0.5|n20,rmse,9.15264895149498,5,16
iter03_timing,0,bstar_2023,HP_Peak,paperA_sh_mh,none,-,-,-,p0.5|n20,mae,7.566146635398956,5,16
iter03_timing,0,bstar_2023,HP_Peak,paperA_sh_mh,none,-,-,-,p0.5|n20,mape,8.516022089578737,5,16
iter03_timing,0,bstar_2023,HP_Peak,paperA_sh_mh,none,-,-,-,p0.5|n20,r2,-3.579931075981105,5,16
iter03_timing,0,bstar_2023,HP_Peak,paperA_sh_mh,none,-,-,-,p0.5|n20,n_pred_nan,0.0,5,16
iter03_timing,0,bstar_2023,HP_Peak,paperA_sh_mh,none,-,-,-,p0.5|n20,mape_n_excluded,0.0,5,16
iter03_timing,0,bstar_2023,HP_Peak,paperA_sh_mh,none,-,-,-,p1.0|n10,wape,4.377145170568426,5,16
iter03_timing,0,bstar_2023,HP_Peak,paperA_sh_mh,none,-,-,-,p1.0|n10,rmse,4.26433747947556,5,16
iter03_timing,0,bstar_2023,HP_Peak,paperA_sh_mh,none,-,-,-,p1.0|n10,mae,3.743484003114856,5,16
iter03_timing,0,bstar_2023,HP_Peak,paperA_sh_mh,none,-,-,-,p1.0|n10,mape,4.69662435999767,5,16
iter03_timing,0,bstar_2023,HP_Peak,paperA_sh_mh,none,-,-,-,p1.0|n10,r2,0.8417956209233602,5,16
iter03_timing,0,bstar_2023,HP_Peak,paperA_sh_mh,none,-,-,-,p1.0|n10,n_pred_nan,0.0,5,16
iter03_timing,0,bstar_2023,HP_Peak,paperA_sh_mh,none,-,-,-,p1.0|n10,mape_n_excluded,0.0,5,16
iter03_timing,0,bstar_2023,HP_Peak,paperA_sh_mh_station,none,-,-,-,all,wape,29.216304364021838,130,20
iter03_timing,0,bstar_2023,HP_Peak,paperA_sh_mh_station,none,-,-,-,all,rmse,14.474774953939614,130,20
iter03_timing,0,bstar_2023,HP_Peak,paperA_sh_mh_station,none,-,-,-,all,mae,10.010291497043491,130,20
iter03_timing,0,bstar_2023,HP_Peak,paperA_sh_mh_station,none,-,-,-,all,mape,55.598119885907984,130,20
iter03_timing,0,bstar_2023,HP_Peak,paperA_sh_mh_station,none,-,-,-,all,r2,0.7800970104352257,130,20
iter03_timing,0,bstar_2023,HP_Peak,paperA_sh_mh_station,none,-,-,-,all,n_pred_nan,0.0,130,20
iter03_timing,0,bstar_2023,HP_Peak,paperA_sh_mh_station,none,-,-,-,all,mape_n_excluded,0.0,130,20
iter03_timing,0,bstar_2023,HP_Peak,paperA_sh_mh_station,none,-,-,-,all,n_invalid,0.0,130,20
iter03_timing,0,bstar_2023,HP_Peak,paperA_sh_mh_station,none,-,-,-,all,n_station_fallback,0.0,130,20
iter03_timing,0,bstar_2023,HP_Peak,paperA_sh_mh_station,none,-,-,-,p0.05|n10,wape,55.52421650024473,10,9
iter03_timing,0,bstar_2023,HP_Peak,paperA_sh_mh_station,none,-,-,-,p0.05|n10,rmse,3.7348423224030816,10,9
iter03_timing,0,bstar_2023,HP_Peak,paperA_sh_mh_station,none,-,-,-,p0.05|n10,mae,3.047103260861113,10,9
iter03_timing,0,bstar_2023,HP_Peak,paperA_sh_mh_station,none,-,-,-,p0.05|n10,mape,60.83379527695494,10,9
iter03_timing,0,bstar_2023,HP_Peak,paperA_sh_mh_station,none,-,-,-,p0.05|n10,r2,-2.274154164796545,10,9
iter03_timing,0,bstar_2023,HP_Peak,paperA_sh_mh_station,none,-,-,-,p0.05|n10,n_pred_nan,0.0,10,9
iter03_timing,0,bstar_2023,HP_Peak,paperA_sh_mh_station,none,-,-,-,p0.05|n10,mape_n_excluded,0.0,10,9
iter03_timing,0,bstar_2023,HP_Peak,paperA_sh_mh_station,none,-,-,-,p0.05|n20,wape,144.25216627816755,10,7
iter03_timing,0,bstar_2023,HP_Peak,paperA_sh_mh_station,none,-,-,-,p0.05|n20,rmse,10.609351247627696,10,7
iter03_timing,0,bstar_2023,HP_Peak,paperA_sh_mh_station,none,-,-,-,p0.05|n20,mae,8.895894920329631,10,7
iter03_timing,0,bstar_2023,HP_Peak,paperA_sh_mh_station,none,-,-,-,p0.05|n20,mape,154.93657210024128,10,7
iter03_timing,0,bstar_2023,HP_Peak,paperA_sh_mh_station,none,-,-,-,p0.05|n20,r2,-14.041979900824844,10,7
iter03_timing,0,bstar_2023,HP_Peak,paperA_sh_mh_station,none,-,-,-,p0.05|n20,n_pred_nan,0.0,10,7
iter03_timing,0,bstar_2023,HP_Peak,paperA_sh_mh_station,none,-,-,-,p0.05|n20,mape_n_excluded,0.0,10,7
iter03_timing,0,bstar_2023,HP_Peak,paperA_sh_mh_station,none,-,-,-,p0.05|n40,wape,116.34675199920908,10,13
iter03_timing,0,bstar_2023,HP_Peak,paperA_sh_mh_station,none,-,-,-,p0.05|n40,rmse,17.3553853606211,10,13
iter03_timing,0,bstar_2023,HP_Peak,paperA_sh_mh_station,none,-,-,-,p0.05|n40,mae,13.987040382183116,10,13
iter03_timing,0,bstar_2023,HP_Peak,paperA_sh_mh_station,none,-,-,-,p0.05|n40,mape,134.4680279744274,10,13
iter03_timing,0,bstar_2023,HP_Peak,paperA_sh_mh_station,none,-,-,-,p0.05|n40,r2,-16.923273157042967,10,13
iter03_timing,0,bstar_2023,HP_Peak,paperA_sh_mh_station,none,-,-,-,p0.05|n40,n_pred_nan,0.0,10,13
iter03_timing,0,bstar_2023,HP_Peak,paperA_sh_mh_station,none,-,-,-,p0.05|n40,mape_n_excluded,0.0,10,13
iter03_timing,0,bstar_2023,HP_Peak,paperA_sh_mh_station,none,-,-,-,p0.05|n80,wape,56.32420389589249,5,12
iter03_timing,0,bstar_2023,HP_Peak,paperA_sh_mh_station,none,-,-,-,p0.05|n80,rmse,20.82875837503456,5,12
iter03_timing,0,bstar_2023,HP_Peak,paperA_sh_mh_station,none,-,-,-,p0.05|n80,mae,18.94854496707413,5,12
iter03_timing,0,bstar_2023,HP_Peak,paperA_sh_mh_station,none,-,-,-,p0.05|n80,mape,68.38136604554852,5,12
iter03_timing,0,bstar_2023,HP_Peak,paperA_sh_mh_station,none,-,-,-,p0.05|n80,r2,-5.17992331295275,5,12
iter03_timing,0,bstar_2023,HP_Peak,paperA_sh_mh_station,none,-,-,-,p0.05|n80,n_pred_nan,0.0,5,12
iter03_timing,0,bstar_2023,HP_Peak,paperA_sh_mh_station,none,-,-,-,p0.05|n80,mape_n_excluded,0.0,5,12
iter03_timing,0,bstar_2023,HP_Peak,paperA_sh_mh_station,none,-,-,-,p0.05|n120,wape,90.97606592372335,5,15
iter03_timing,0,bstar_2023,HP_Peak,paperA_sh_mh_station,none,-,-,-,p0.05|n120,rmse,40.15678779894042,5,15
iter03_timing,0,bstar_2023,HP_Peak,paperA_sh_mh_station,none,-,-,-,p0.05|n120,mae,39.8523924639161,5,15
iter03_timing,0,bstar_2023,HP_Peak,paperA_sh_mh_station,none,-,-,-,p0.05|n120,mape,93.08436828376094,5,15
iter03_timing,0,bstar_2023,HP_Peak,paperA_sh_mh_station,none,-,-,-,p0.05|n120,r2,-28.841611593801183,5,15
iter03_timing,0,bstar_2023,HP_Peak,paperA_sh_mh_station,none,-,-,-,p0.05|n120,n_pred_nan,0.0,5,15
iter03_timing,0,bstar_2023,HP_Peak,paperA_sh_mh_station,none,-,-,-,p0.05|n120,mape_n_excluded,0.0,5,15
iter03_timing,0,bstar_2023,HP_Peak,paperA_sh_mh_station,none,-,-,-,p0.1|n10,wape,62.84372325002087,10,9
iter03_timing,0,bstar_2023,HP_Peak,paperA_sh_mh_station,none,-,-,-,p0.1|n10,rmse,7.175859652827294,10,9
iter03_timing,0,bstar_2023,HP_Peak,paperA_sh_mh_station,none,-,-,-,p0.1|n10,mae,5.091600217340958,10,9
iter03_timing,0,bstar_2023,HP_Peak,paperA_sh_mh_station,none,-,-,-,p0.1|n10,mape,79.74532613623586,10,9
iter03_timing,0,bstar_2023,HP_Peak,paperA_sh_mh_station,none,-,-,-,p0.1|n10,r2,-6.02820943071887,10,9
iter03_timing,0,bstar_2023,HP_Peak,paperA_sh_mh_station,none,-,-,-,p0.1|n10,n_pred_nan,0.0,10,9
iter03_timing,0,bstar_2023,HP_Peak,paperA_sh_mh_station,none,-,-,-,p0.1|n10,mape_n_excluded,0.0,10,9
iter03_timing,0,bstar_2023,HP_Peak,paperA_sh_mh_station,none,-,-,-,p0.1|n20,wape,50.7346559273953,10,12
iter03_timing,0,bstar_2023,HP_Peak,paperA_sh_mh_station,none,-,-,-,p0.1|n20,rmse,8.386584506014428,10,12
iter03_timing,0,bstar_2023,HP_Peak,paperA_sh_mh_station,none,-,-,-,p0.1|n20,mae,7.435232013537404,10,12
iter03_timing,0,bstar_2023,HP_Peak,paperA_sh_mh_station,none,-,-,-,p0.1|n20,mape,62.99272397430114,10,12
iter03_timing,0,bstar_2023,HP_Peak,paperA_sh_mh_station,none,-,-,-,p0.1|n20,r2,-0.7904721295112975,10,12
iter03_timing,0,bstar_2023,HP_Peak,paperA_sh_mh_station,none,-,-,-,p0.1|n20,n_pred_nan,0.0,10,12
iter03_timing,0,bstar_2023,HP_Peak,paperA_sh_mh_station,none,-,-,-,p0.1|n20,mape_n_excluded,0.0,10,12
iter03_timing,0,bstar_2023,HP_Peak,paperA_sh_mh_station,none,-,-,-,p0.1|n40,wape,38.70999674664707,5,12
iter03_timing,0,bstar_2023,HP_Peak,paperA_sh_mh_station,none,-,-,-,p0.1|n40,rmse,14.308499518481984,5,12
iter03_timing,0,bstar_2023,HP_Peak,paperA_sh_mh_station,none,-,-,-,p0.1|n40,mae,11.774910553186505,5,12
iter03_timing,0,bstar_2023,HP_Peak,paperA_sh_mh_station,none,-,-,-,p0.1|n40,mape,41.79936471937936,5,12
iter03_timing,0,bstar_2023,HP_Peak,paperA_sh_mh_station,none,-,-,-,p0.1|n40,r2,-0.7882477636513672,5,12
iter03_timing,0,bstar_2023,HP_Peak,paperA_sh_mh_station,none,-,-,-,p0.1|n40,n_pred_nan,0.0,5,12
iter03_timing,0,bstar_2023,HP_Peak,paperA_sh_mh_station,none,-,-,-,p0.1|n40,mape_n_excluded,0.0,5,12
iter03_timing,0,bstar_2023,HP_Peak,paperA_sh_mh_station,none,-,-,-,p0.1|n80,wape,25.90260853953484,5,16
iter03_timing,0,bstar_2023,HP_Peak,paperA_sh_mh_station,none,-,-,-,p0.1|n80,rmse,17.98964484989651,5,16
iter03_timing,0,bstar_2023,HP_Peak,paperA_sh_mh_station,none,-,-,-,p0.1|n80,mae,17.33295761830158,5,16
iter03_timing,0,bstar_2023,HP_Peak,paperA_sh_mh_station,none,-,-,-,p0.1|n80,mape,26.67821611501577,5,16
iter03_timing,0,bstar_2023,HP_Peak,paperA_sh_mh_station,none,-,-,-,p0.1|n80,r2,-2.1904661056653656,5,16
iter03_timing,0,bstar_2023,HP_Peak,paperA_sh_mh_station,none,-,-,-,p0.1|n80,n_pred_nan,0.0,5,16
iter03_timing,0,bstar_2023,HP_Peak,paperA_sh_mh_station,none,-,-,-,p0.1|n80,mape_n_excluded,0.0,5,16
iter03_timing,0,bstar_2023,HP_Peak,paperA_sh_mh_station,none,-,-,-,p0.1|n120,wape,33.42204957200242,5,16
iter03_timing,0,bstar_2023,HP_Peak,paperA_sh_mh_station,none,-,-,-,p0.1|n120,rmse,33.496268890998024,5,16
iter03_timing,0,bstar_2023,HP_Peak,paperA_sh_mh_station,none,-,-,-,p0.1|n120,mae,31.268926005806797,5,16
iter03_timing,0,bstar_2023,HP_Peak,paperA_sh_mh_station,none,-,-,-,p0.1|n120,mape,33.73384363268205,5,16
iter03_timing,0,bstar_2023,HP_Peak,paperA_sh_mh_station,none,-,-,-,p0.1|n120,r2,-15.167537112272658,5,16
iter03_timing,0,bstar_2023,HP_Peak,paperA_sh_mh_station,none,-,-,-,p0.1|n120,n_pred_nan,0.0,5,16
iter03_timing,0,bstar_2023,HP_Peak,paperA_sh_mh_station,none,-,-,-,p0.1|n120,mape_n_excluded,0.0,5,16
iter03_timing,0,bstar_2023,HP_Peak,paperA_sh_mh_station,none,-,-,-,p0.2|n10,wape,31.550697091790116,10,12
iter03_timing,0,bstar_2023,HP_Peak,paperA_sh_mh_station,none,-,-,-,p0.2|n10,rmse,6.711981957219449,10,12
iter03_timing,0,bstar_2023,HP_Peak,paperA_sh_mh_station,none,-,-,-,p0.2|n10,mae,4.343323102652043,10,12
iter03_timing,0,bstar_2023,HP_Peak,paperA_sh_mh_station,none,-,-,-,p0.2|n10,mape,31.760009607772727,10,12
iter03_timing,0,bstar_2023,HP_Peak,paperA_sh_mh_station,none,-,-,-,p0.2|n10,r2,-4.341859499297338,10,12
iter03_timing,0,bstar_2023,HP_Peak,paperA_sh_mh_station,none,-,-,-,p0.2|n10,n_pred_nan,0.0,10,12
iter03_timing,0,bstar_2023,HP_Peak,paperA_sh_mh_station,none,-,-,-,p0.2|n10,mape_n_excluded,0.0,10,12
iter03_timing,0,bstar_2023,HP_Peak,paperA_sh_mh_station,none,-,-,-,p0.2|n20,wape,16.6221006988193,5,13
iter03_timing,0,bstar_2023,HP_Peak,paperA_sh_mh_station,none,-,-,-,p0.2|n20,rmse,6.323431393127025,5,13
iter03_timing,0,bstar_2023,HP_Peak,paperA_sh_mh_station,none,-,-,-,p0.2|n20,mae,4.899487184522215,5,13
iter03_timing,0,bstar_2023,HP_Peak,paperA_sh_mh_station,none,-,-,-,p0.2|n20,mape,16.395153988460905,5,13
iter03_timing,0,bstar_2023,HP_Peak,paperA_sh_mh_station,none,-,-,-,p0.2|n20,r2,-2.476731499206468,5,13
iter03_timing,0,bstar_2023,HP_Peak,paperA_sh_mh_station,none,-,-,-,p0.2|n20,n_pred_nan,0.0,5,13
iter03_timing,0,bstar_2023,HP_Peak,paperA_sh_mh_station,none,-,-,-,p0.2|n20,mape_n_excluded,0.0,5,13
iter03_timing,0,bstar_2023,HP_Peak,paperA_sh_mh_station,none,-,-,-,p0.2|n40,wape,14.734452216799603,5,16
iter03_timing,0,bstar_2023,HP_Peak,paperA_sh_mh_station,none,-,-,-,p0.2|n40,rmse,10.734481375487077,5,16
iter03_timing,0,bstar_2023,HP_Peak,paperA_sh_mh_station,none,-,-,-,p0.2|n40,mae,10.064474264119134,5,16
iter03_timing,0,bstar_2023,HP_Peak,paperA_sh_mh_station,none,-,-,-,p0.2|n40,mape,14.693720066996748,5,16
iter03_timing,0,bstar_2023,HP_Peak,paperA_sh_mh_station,none,-,-,-,p0.2|n40,r2,-5.253994068577819,5,16
iter03_timing,0,bstar_2023,HP_Peak,paperA_sh_mh_station,none,-,-,-,p0.2|n40,n_pred_nan,0.0,5,16
iter03_timing,0,bstar_2023,HP_Peak,paperA_sh_mh_station,none,-,-,-,p0.2|n40,mape_n_excluded,0.0,5,16
iter03_timing,0,bstar_2023,HP_Peak,paperA_sh_mh_station,none,-,-,-,p0.3|n10,wape,21.89317623980847,10,14
iter03_timing,0,bstar_2023,HP_Peak,paperA_sh_mh_station,none,-,-,-,p0.3|n10,rmse,5.121768685646313,10,14
iter03_timing,0,bstar_2023,HP_Peak,paperA_sh_mh_station,none,-,-,-,p0.3|n10,mae,4.438120934404764,10,14
iter03_timing,0,bstar_2023,HP_Peak,paperA_sh_mh_station,none,-,-,-,p0.3|n10,mape,22.70209492104165,10,14
iter03_timing,0,bstar_2023,HP_Peak,paperA_sh_mh_station,none,-,-,-,p0.3|n10,r2,-1.9253926777724264,10,14
iter03_timing,0,bstar_2023,HP_Peak,paperA_sh_mh_station,none,-,-,-,p0.3|n10,n_pred_nan,0.0,10,14
iter03_timing,0,bstar_2023,HP_Peak,paperA_sh_mh_station,none,-,-,-,p0.3|n10,mape_n_excluded,0.0,10,14
iter03_timing,0,bstar_2023,HP_Peak,paperA_sh_mh_station,none,-,-,-,p0.3|n20,wape,16.37387252704822,5,14
iter03_timing,0,bstar_2023,HP_Peak,paperA_sh_mh_station,none,-,-,-,p0.3|n20,rmse,10.69518268938644,5,14
iter03_timing,0,bstar_2023,HP_Peak,paperA_sh_mh_station,none,-,-,-,p0.3|n20,mae,7.64614262152044,5,14
iter03_timing,0,bstar_2023,HP_Peak,paperA_sh_mh_station,none,-,-,-,p0.3|n20,mape,20.47450174675504,5,14
iter03_timing,0,bstar_2023,HP_Peak,paperA_sh_mh_station,none,-,-,-,p0.3|n20,r2,-0.0019655390568833,5,14
iter03_timing,0,bstar_2023,HP_Peak,paperA_sh_mh_station,none,-,-,-,p0.3|n20,n_pred_nan,0.0,5,14
iter03_timing,0,bstar_2023,HP_Peak,paperA_sh_mh_station,none,-,-,-,p0.3|n20,mape_n_excluded,0.0,5,14
iter03_timing,0,bstar_2023,HP_Peak,paperA_sh_mh_station,none,-,-,-,p0.3|n40,wape,5.259445779291221,5,16
iter03_timing,0,bstar_2023,HP_Peak,paperA_sh_mh_station,none,-,-,-,p0.3|n40,rmse,7.128558582059549,5,16
iter03_timing,0,bstar_2023,HP_Peak,paperA_sh_mh_station,none,-,-,-,p0.3|n40,mae,5.38103865380931,5,16
iter03_timing,0,bstar_2023,HP_Peak,paperA_sh_mh_station,none,-,-,-,p0.3|n40,mape,5.364261305132668,5,16
iter03_timing,0,bstar_2023,HP_Peak,paperA_sh_mh_station,none,-,-,-,p0.3|n40,r2,-1.4118271738875543,5,16
iter03_timing,0,bstar_2023,HP_Peak,paperA_sh_mh_station,none,-,-,-,p0.3|n40,n_pred_nan,0.0,5,16
iter03_timing,0,bstar_2023,HP_Peak,paperA_sh_mh_station,none,-,-,-,p0.3|n40,mape_n_excluded,0.0,5,16
iter03_timing,0,bstar_2023,HP_Peak,paperA_sh_mh_station,none,-,-,-,p0.5|n10,wape,17.71337633758212,5,12
iter03_timing,0,bstar_2023,HP_Peak,paperA_sh_mh_station,none,-,-,-,p0.5|n10,rmse,9.341871417523802,5,12
iter03_timing,0,bstar_2023,HP_Peak,paperA_sh_mh_station,none,-,-,-,p0.5|n10,mae,7.319778001612143,5,12
iter03_timing,0,bstar_2023,HP_Peak,paperA_sh_mh_station,none,-,-,-,p0.5|n10,mape,16.869255355348116,5,12
iter03_timing,0,bstar_2023,HP_Peak,paperA_sh_mh_station,none,-,-,-,p0.5|n10,r2,-0.1680129625133846,5,12
iter03_timing,0,bstar_2023,HP_Peak,paperA_sh_mh_station,none,-,-,-,p0.5|n10,n_pred_nan,0.0,5,12
iter03_timing,0,bstar_2023,HP_Peak,paperA_sh_mh_station,none,-,-,-,p0.5|n10,mape_n_excluded,0.0,5,12
iter03_timing,0,bstar_2023,HP_Peak,paperA_sh_mh_station,none,-,-,-,p0.5|n20,wape,8.614568060209175,5,16
iter03_timing,0,bstar_2023,HP_Peak,paperA_sh_mh_station,none,-,-,-,p0.5|n20,rmse,9.125850619281422,5,16
iter03_timing,0,bstar_2023,HP_Peak,paperA_sh_mh_station,none,-,-,-,p0.5|n20,mae,7.5730624399876465,5,16
iter03_timing,0,bstar_2023,HP_Peak,paperA_sh_mh_station,none,-,-,-,p0.5|n20,mape,8.527043680553952,5,16
iter03_timing,0,bstar_2023,HP_Peak,paperA_sh_mh_station,none,-,-,-,p0.5|n20,r2,-3.5531508867718644,5,16
iter03_timing,0,bstar_2023,HP_Peak,paperA_sh_mh_station,none,-,-,-,p0.5|n20,n_pred_nan,0.0,5,16
iter03_timing,0,bstar_2023,HP_Peak,paperA_sh_mh_station,none,-,-,-,p0.5|n20,mape_n_excluded,0.0,5,16
iter03_timing,0,bstar_2023,HP_Peak,paperA_sh_mh_station,none,-,-,-,p1.0|n10,wape,4.360483632253976,5,16
iter03_timing,0,bstar_2023,HP_Peak,paperA_sh_mh_station,none,-,-,-,p1.0|n10,rmse,4.255135907053416,5,16
iter03_timing,0,bstar_2023,HP_Peak,paperA_sh_mh_station,none,-,-,-,p1.0|n10,mae,3.729234486656773,5,16
iter03_timing,0,bstar_2023,HP_Peak,paperA_sh_mh_station,none,-,-,-,p1.0|n10,mape,4.672922112023352,5,16
iter03_timing,0,bstar_2023,HP_Peak,paperA_sh_mh_station,none,-,-,-,p1.0|n10,r2,0.8424776300162419,5,16
iter03_timing,0,bstar_2023,HP_Peak,paperA_sh_mh_station,none,-,-,-,p1.0|n10,n_pred_nan,0.0,5,16
iter03_timing,0,bstar_2023,HP_Peak,paperA_sh_mh_station,none,-,-,-,p1.0|n10,mape_n_excluded,0.0,5,16
iter03_timing,0,bstar_2023,HP_Peak,Linear,size_peak,netfit,direct,log,all,wape,31.699093412371603,130,20
iter03_timing,0,bstar_2023,HP_Peak,Linear,size_peak,netfit,direct,log,all,rmse,15.9800391533223,130,20
iter03_timing,0,bstar_2023,HP_Peak,Linear,size_peak,netfit,direct,log,all,mae,10.860961786823674,130,20
iter03_timing,0,bstar_2023,HP_Peak,Linear,size_peak,netfit,direct,log,all,mape,35.11016204928746,130,20
iter03_timing,0,bstar_2023,HP_Peak,Linear,size_peak,netfit,direct,log,all,r2,0.7319824880936541,130,20
iter03_timing,0,bstar_2023,HP_Peak,Linear,size_peak,netfit,direct,log,all,n_pred_nan,0.0,130,20
iter03_timing,0,bstar_2023,HP_Peak,Linear,size_peak,netfit,direct,log,all,mape_n_excluded,0.0,130,20
iter03_timing,0,bstar_2023,HP_Peak,Linear,size_peak,netfit,direct,log,p0.05|n10,wape,41.4659270225371,10,9
iter03_timing,0,bstar_2023,HP_Peak,Linear,size_peak,netfit,direct,log,p0.05|n10,rmse,2.8738990568625624,10,9
iter03_timing,0,bstar_2023,HP_Peak,Linear,size_peak,netfit,direct,log,p0.05|n10,mae,2.275600979339256,10,9
iter03_timing,0,bstar_2023,HP_Peak,Linear,size_peak,netfit,direct,log,p0.05|n10,mape,40.0148288189275,10,9
iter03_timing,0,bstar_2023,HP_Peak,Linear,size_peak,netfit,direct,log,p0.05|n10,r2,-0.9386419280226648,10,9
iter03_timing,0,bstar_2023,HP_Peak,Linear,size_peak,netfit,direct,log,p0.05|n10,n_pred_nan,0.0,10,9
iter03_timing,0,bstar_2023,HP_Peak,Linear,size_peak,netfit,direct,log,p0.05|n10,mape_n_excluded,0.0,10,9
iter03_timing,0,bstar_2023,HP_Peak,Linear,size_peak,netfit,direct,log,p0.05|n20,wape,63.77290740554528,10,7
iter03_timing,0,bstar_2023,HP_Peak,Linear,size_peak,netfit,direct,log,p0.05|n20,rmse,4.85078310718632,10,7
iter03_timing,0,bstar_2023,HP_Peak,Linear,size_peak,netfit,direct,log,p0.05|n20,mae,3.9328149980753886,10,7
iter03_timing,0,bstar_2023,HP_Peak,Linear,size_peak,netfit,direct,log,p0.05|n20,mape,64.75943861538434,10,7
iter03_timing,0,bstar_2023,HP_Peak,Linear,size_peak,netfit,direct,log,p0.05|n20,r2,-2.1444961041358974,10,7
iter03_timing,0,bstar_2023,HP_Peak,Linear,size_peak,netfit,direct,log,p0.05|n20,n_pred_nan,0.0,10,7
iter03_timing,0,bstar_2023,HP_Peak,Linear,size_peak,netfit,direct,log,p0.05|n20,mape_n_excluded,0.0,10,7
iter03_timing,0,bstar_2023,HP_Peak,Linear,size_peak,netfit,direct,log,p0.05|n40,wape,39.66385606597251,10,13
iter03_timing,0,bstar_2023,HP_Peak,Linear,size_peak,netfit,direct,log,p0.05|n40,rmse,6.324218968598843,10,13
iter03_timing,0,bstar_2023,HP_Peak,Linear,size_peak,netfit,direct,log,p0.05|n40,mae,4.768332136264771,10,13
iter03_timing,0,bstar_2023,HP_Peak,Linear,size_peak,netfit,direct,log,p0.05|n40,mape,41.3374859304463,10,13
iter03_timing,0,bstar_2023,HP_Peak,Linear,size_peak,netfit,direct,log,p0.05|n40,r2,-1.3799213119650269,10,13
iter03_timing,0,bstar_2023,HP_Peak,Linear,size_peak,netfit,direct,log,p0.05|n40,n_pred_nan,0.0,10,13
iter03_timing,0,bstar_2023,HP_Peak,Linear,size_peak,netfit,direct,log,p0.05|n40,mape_n_excluded,0.0,10,13
iter03_timing,0,bstar_2023,HP_Peak,Linear,size_peak,netfit,direct,log,p0.05|n80,wape,41.28191699500815,5,12
iter03_timing,0,bstar_2023,HP_Peak,Linear,size_peak,netfit,direct,log,p0.05|n80,rmse,15.122470629082278,5,12
iter03_timing,0,bstar_2023,HP_Peak,Linear,size_peak,netfit,direct,log,p0.05|n80,mae,13.888030480693203,5,12
iter03_timing,0,bstar_2023,HP_Peak,Linear,size_peak,netfit,direct,log,p0.05|n80,mape,39.56756018932995,5,12
iter03_timing,0,bstar_2023,HP_Peak,Linear,size_peak,netfit,direct,log,p0.05|n80,r2,-2.257630492008846,5,12
iter03_timing,0,bstar_2023,HP_Peak,Linear,size_peak,netfit,direct,log,p0.05|n80,n_pred_nan,0.0,5,12
iter03_timing,0,bstar_2023,HP_Peak,Linear,size_peak,netfit,direct,log,p0.05|n80,mape_n_excluded,0.0,5,12
iter03_timing,0,bstar_2023,HP_Peak,Linear,size_peak,netfit,direct,log,p0.05|n120,wape,14.596790557897393,5,15
iter03_timing,0,bstar_2023,HP_Peak,Linear,size_peak,netfit,direct,log,p0.05|n120,rmse,9.604885678013554,5,15
iter03_timing,0,bstar_2023,HP_Peak,Linear,size_peak,netfit,direct,log,p0.05|n120,mae,6.394176535558682,5,15
iter03_timing,0,bstar_2023,HP_Peak,Linear,size_peak,netfit,direct,log,p0.05|n120,mape,14.409672498057216,5,15
iter03_timing,0,bstar_2023,HP_Peak,Linear,size_peak,netfit,direct,log,p0.05|n120,r2,-0.7072170611035689,5,15
iter03_timing,0,bstar_2023,HP_Peak,Linear,size_peak,netfit,direct,log,p0.05|n120,n_pred_nan,0.0,5,15
iter03_timing,0,bstar_2023,HP_Peak,Linear,size_peak,netfit,direct,log,p0.05|n120,mape_n_excluded,0.0,5,15
iter03_timing,0,bstar_2023,HP_Peak,Linear,size_peak,netfit,direct,log,p0.1|n10,wape,44.35686810542352,10,9
iter03_timing,0,bstar_2023,HP_Peak,Linear,size_peak,netfit,direct,log,p0.1|n10,rmse,5.17853857461903,10,9
iter03_timing,0,bstar_2023,HP_Peak,Linear,size_peak,netfit,direct,log,p0.1|n10,mae,3.5937946958937323,10,9
iter03_timing,0,bstar_2023,HP_Peak,Linear,size_peak,netfit,direct,log,p0.1|n10,mape,50.66845454008628,10,9
iter03_timing,0,bstar_2023,HP_Peak,Linear,size_peak,netfit,direct,log,p0.1|n10,r2,-2.660254249091882,10,9
iter03_timing,0,bstar_2023,HP_Peak,Linear,size_peak,netfit,direct,log,p0.1|n10,n_pred_nan,0.0,10,9
iter03_timing,0,bstar_2023,HP_Peak,Linear,size_peak,netfit,direct,log,p0.1|n10,mape_n_excluded,0.0,10,9
iter03_timing,0,bstar_2023,HP_Peak,Linear,size_peak,netfit,direct,log,p0.1|n20,wape,38.12410327129988,10,12
iter03_timing,0,bstar_2023,HP_Peak,Linear,size_peak,netfit,direct,log,p0.1|n20,rmse,8.044791541291142,10,12
iter03_timing,0,bstar_2023,HP_Peak,Linear,size_peak,netfit,direct,log,p0.1|n20,mae,5.587138573203836,10,12
iter03_timing,0,bstar_2023,HP_Peak,Linear,size_peak,netfit,direct,log,p0.1|n20,mape,33.02057924831819,10,12
iter03_timing,0,bstar_2023,HP_Peak,Linear,size_peak,netfit,direct,log,p0.1|n20,r2,-0.6475056034151219,10,12
iter03_timing,0,bstar_2023,HP_Peak,Linear,size_peak,netfit,direct,log,p0.1|n20,n_pred_nan,0.0,10,12
iter03_timing,0,bstar_2023,HP_Peak,Linear,size_peak,netfit,direct,log,p0.1|n20,mape_n_excluded,0.0,10,12
iter03_timing,0,bstar_2023,HP_Peak,Linear,size_peak,netfit,direct,log,p0.1|n40,wape,23.175988160722152,5,12
iter03_timing,0,bstar_2023,HP_Peak,Linear,size_peak,netfit,direct,log,p0.1|n40,rmse,9.83575150058205,5,12
iter03_timing,0,bstar_2023,HP_Peak,Linear,size_peak,netfit,direct,log,p0.1|n40,mae,7.049734190376805,5,12
iter03_timing,0,bstar_2023,HP_Peak,Linear,size_peak,netfit,direct,log,p0.1|n40,mape,19.740667997294725,5,12
iter03_timing,0,bstar_2023,HP_Peak,Linear,size_peak,netfit,direct,log,p0.1|n40,r2,0.1550041038748454,5,12
iter03_timing,0,bstar_2023,HP_Peak,Linear,size_peak,netfit,direct,log,p0.1|n40,n_pred_nan,0.0,5,12
iter03_timing,0,bstar_2023,HP_Peak,Linear,size_peak,netfit,direct,log,p0.1|n40,mape_n_excluded,0.0,5,12
iter03_timing,0,bstar_2023,HP_Peak,Linear,size_peak,netfit,direct,log,p0.1|n80,wape,31.163947319086574,5,16
iter03_timing,0,bstar_2023,HP_Peak,Linear,size_peak,netfit,direct,log,p0.1|n80,rmse,22.837741278106613,5,16
iter03_timing,0,bstar_2023,HP_Peak,Linear,size_peak,netfit,direct,log,p0.1|n80,mae,20.853628594057074,5,16
iter03_timing,0,bstar_2023,HP_Peak,Linear,size_peak,netfit,direct,log,p0.1|n80,mape,29.874845417088068,5,16
iter03_timing,0,bstar_2023,HP_Peak,Linear,size_peak,netfit,direct,log,p0.1|n80,r2,-4.1418008681823535,5,16
iter03_timing,0,bstar_2023,HP_Peak,Linear,size_peak,netfit,direct,log,p0.1|n80,n_pred_nan,0.0,5,16
iter03_timing,0,bstar_2023,HP_Peak,Linear,size_peak,netfit,direct,log,p0.1|n80,mape_n_excluded,0.0,5,16
iter03_timing,0,bstar_2023,HP_Peak,Linear,size_peak,netfit,direct,log,p0.1|n120,wape,11.77382388242854,5,16
iter03_timing,0,bstar_2023,HP_Peak,Linear,size_peak,netfit,direct,log,p0.1|n120,rmse,12.619271955869117,5,16
iter03_timing,0,bstar_2023,HP_Peak,Linear,size_peak,netfit,direct,log,p0.1|n120,mae,11.015327680366475,5,16
iter03_timing,0,bstar_2023,HP_Peak,Linear,size_peak,netfit,direct,log,p0.1|n120,mape,12.245235486516812,5,16
iter03_timing,0,bstar_2023,HP_Peak,Linear,size_peak,netfit,direct,log,p0.1|n120,r2,-1.2946666188002882,5,16
iter03_timing,0,bstar_2023,HP_Peak,Linear,size_peak,netfit,direct,log,p0.1|n120,n_pred_nan,0.0,5,16
iter03_timing,0,bstar_2023,HP_Peak,Linear,size_peak,netfit,direct,log,p0.1|n120,mape_n_excluded,0.0,5,16
iter03_timing,0,bstar_2023,HP_Peak,Linear,size_peak,netfit,direct,log,p0.2|n10,wape,36.40878955107321,10,12
iter03_timing,0,bstar_2023,HP_Peak,Linear,size_peak,netfit,direct,log,p0.2|n10,rmse,7.212296971284973,10,12
iter03_timing,0,bstar_2023,HP_Peak,Linear,size_peak,netfit,direct,log,p0.2|n10,mae,5.012096447083616,10,12
iter03_timing,0,bstar_2023,HP_Peak,Linear,size_peak,netfit,direct,log,p0.2|n10,mape,32.740478902276124,10,12
iter03_timing,0,bstar_2023,HP_Peak,Linear,size_peak,netfit,direct,log,p0.2|n10,r2,-5.167911049715408,10,12
iter03_timing,0,bstar_2023,HP_Peak,Linear,size_peak,netfit,direct,log,p0.2|n10,n_pred_nan,0.0,10,12
iter03_timing,0,bstar_2023,HP_Peak,Linear,size_peak,netfit,direct,log,p0.2|n10,mape_n_excluded,0.0,10,12
iter03_timing,0,bstar_2023,HP_Peak,Linear,size_peak,netfit,direct,log,p0.2|n20,wape,33.20972646085348,5,13
iter03_timing,0,bstar_2023,HP_Peak,Linear,size_peak,netfit,direct,log,p0.2|n20,rmse,10.220061187521408,5,13
iter03_timing,0,bstar_2023,HP_Peak,Linear,size_peak,netfit,direct,log,p0.2|n20,mae,9.788812626312486,5,13
iter03_timing,0,bstar_2023,HP_Peak,Linear,size_peak,netfit,direct,log,p0.2|n20,mape,32.5640393138404,5,13
iter03_timing,0,bstar_2023,HP_Peak,Linear,size_peak,netfit,direct,log,p0.2|n20,r2,-8.081812308312545,5,13
iter03_timing,0,bstar_2023,HP_Peak,Linear,size_peak,netfit,direct,log,p0.2|n20,n_pred_nan,0.0,5,13
iter03_timing,0,bstar_2023,HP_Peak,Linear,size_peak,netfit,direct,log,p0.2|n20,mape_n_excluded,0.0,5,13
iter03_timing,0,bstar_2023,HP_Peak,Linear,size_peak,netfit,direct,log,p0.2|n40,wape,31.549582439758968,5,16
iter03_timing,0,bstar_2023,HP_Peak,Linear,size_peak,netfit,direct,log,p0.2|n40,rmse,22.031192024667337,5,16
iter03_timing,0,bstar_2023,HP_Peak,Linear,size_peak,netfit,direct,log,p0.2|n40,mae,21.550170704454477,5,16
iter03_timing,0,bstar_2023,HP_Peak,Linear,size_peak,netfit,direct,log,p0.2|n40,mape,31.744522591476997,5,16
iter03_timing,0,bstar_2023,HP_Peak,Linear,size_peak,netfit,direct,log,p0.2|n40,r2,-25.343369472515423,5,16
iter03_timing,0,bstar_2023,HP_Peak,Linear,size_peak,netfit,direct,log,p0.2|n40,n_pred_nan,0.0,5,16
iter03_timing,0,bstar_2023,HP_Peak,Linear,size_peak,netfit,direct,log,p0.2|n40,mape_n_excluded,0.0,5,16
iter03_timing,0,bstar_2023,HP_Peak,Linear,size_peak,netfit,direct,log,p0.3|n10,wape,17.532468354498207,10,14
iter03_timing,0,bstar_2023,HP_Peak,Linear,size_peak,netfit,direct,log,p0.3|n10,rmse,5.195642597484382,10,14
iter03_timing,0,bstar_2023,HP_Peak,Linear,size_peak,netfit,direct,log,p0.3|n10,mae,3.5541309302760298,10,14
iter03_timing,0,bstar_2023,HP_Peak,Linear,size_peak,netfit,direct,log,p0.3|n10,mape,16.612953243845425,10,14
iter03_timing,0,bstar_2023,HP_Peak,Linear,size_peak,netfit,direct,log,p0.3|n10,r2,-2.010390165391504,10,14
iter03_timing,0,bstar_2023,HP_Peak,Linear,size_peak,netfit,direct,log,p0.3|n10,n_pred_nan,0.0,10,14
iter03_timing,0,bstar_2023,HP_Peak,Linear,size_peak,netfit,direct,log,p0.3|n10,mape_n_excluded,0.0,10,14
iter03_timing,0,bstar_2023,HP_Peak,Linear,size_peak,netfit,direct,log,p0.3|n20,wape,26.97973978565102,5,14
iter03_timing,0,bstar_2023,HP_Peak,Linear,size_peak,netfit,direct,log,p0.3|n20,rmse,14.414140446440513,5,14
iter03_timing,0,bstar_2023,HP_Peak,Linear,size_peak,netfit,direct,log,p0.3|n20,mae,12.598787363943512,5,14
iter03_timing,0,bstar_2023,HP_Peak,Linear,size_peak,netfit,direct,log,p0.3|n20,mape,24.986672330133626,5,14
iter03_timing,0,bstar_2023,HP_Peak,Linear,size_peak,netfit,direct,log,p0.3|n20,r2,-0.8199265844045092,5,14
iter03_timing,0,bstar_2023,HP_Peak,Linear,size_peak,netfit,direct,log,p0.3|n20,n_pred_nan,0.0,5,14
iter03_timing,0,bstar_2023,HP_Peak,Linear,size_peak,netfit,direct,log,p0.3|n20,mape_n_excluded,0.0,5,14
iter03_timing,0,bstar_2023,HP_Peak,Linear,size_peak,netfit,direct,log,p0.3|n40,wape,34.603102936761914,5,16
iter03_timing,0,bstar_2023,HP_Peak,Linear,size_peak,netfit,direct,log,p0.3|n40,rmse,35.918774351991246,5,16
iter03_timing,0,bstar_2023,HP_Peak,Linear,size_peak,netfit,direct,log,p0.3|n40,mae,35.403090412608314,5,16
iter03_timing,0,bstar_2023,HP_Peak,Linear,size_peak,netfit,direct,log,p0.3|n40,mape,34.57054533491224,5,16
iter03_timing,0,bstar_2023,HP_Peak,Linear,size_peak,netfit,direct,log,p0.3|n40,r2,-60.23303080801048,5,16
iter03_timing,0,bstar_2023,HP_Peak,Linear,size_peak,netfit,direct,log,p0.3|n40,n_pred_nan,0.0,5,16
iter03_timing,0,bstar_2023,HP_Peak,Linear,size_peak,netfit,direct,log,p0.3|n40,mape_n_excluded,0.0,5,16
iter03_timing,0,bstar_2023,HP_Peak,Linear,size_peak,netfit,direct,log,p0.5|n10,wape,33.63035059887977,5,12
iter03_timing,0,bstar_2023,HP_Peak,Linear,size_peak,netfit,direct,log,p0.5|n10,rmse,16.158223071183233,5,12
iter03_timing,0,bstar_2023,HP_Peak,Linear,size_peak,netfit,direct,log,p0.5|n10,mae,13.89722071098873,5,12
iter03_timing,0,bstar_2023,HP_Peak,Linear,size_peak,netfit,direct,log,p0.5|n10,mape,31.21924664638304,5,12
iter03_timing,0,bstar_2023,HP_Peak,Linear,size_peak,netfit,direct,log,p0.5|n10,r2,-2.4943555385000997,5,12
iter03_timing,0,bstar_2023,HP_Peak,Linear,size_peak,netfit,direct,log,p0.5|n10,n_pred_nan,0.0,5,12
iter03_timing,0,bstar_2023,HP_Peak,Linear,size_peak,netfit,direct,log,p0.5|n10,mape_n_excluded,0.0,5,12
iter03_timing,0,bstar_2023,HP_Peak,Linear,size_peak,netfit,direct,log,p0.5|n20,wape,39.54178824292732,5,16
iter03_timing,0,bstar_2023,HP_Peak,Linear,size_peak,netfit,direct,log,p0.5|n20,rmse,35.16027413479779,5,16
iter03_timing,0,bstar_2023,HP_Peak,Linear,size_peak,netfit,direct,log,p0.5|n20,mae,34.76116611529641,5,16
iter03_timing,0,bstar_2023,HP_Peak,Linear,size_peak,netfit,direct,log,p0.5|n20,mape,39.5604494093418,5,16
iter03_timing,0,bstar_2023,HP_Peak,Linear,size_peak,netfit,direct,log,p0.5|n20,r2,-66.58803752254134,5,16
iter03_timing,0,bstar_2023,HP_Peak,Linear,size_peak,netfit,direct,log,p0.5|n20,n_pred_nan,0.0,5,16
iter03_timing,0,bstar_2023,HP_Peak,Linear,size_peak,netfit,direct,log,p0.5|n20,mape_n_excluded,0.0,5,16
iter03_timing,0,bstar_2023,HP_Peak,Linear,size_peak,netfit,direct,log,p1.0|n10,wape,44.12480931360678,5,16
iter03_timing,0,bstar_2023,HP_Peak,Linear,size_peak,netfit,direct,log,p1.0|n10,rmse,38.35572460209988,5,16
iter03_timing,0,bstar_2023,HP_Peak,Linear,size_peak,netfit,direct,log,p1.0|n10,mae,37.73704352248607,5,16
iter03_timing,0,bstar_2023,HP_Peak,Linear,size_peak,netfit,direct,log,p1.0|n10,mape,44.07231746853061,5,16
iter03_timing,0,bstar_2023,HP_Peak,Linear,size_peak,netfit,direct,log,p1.0|n10,r2,-11.79899145368805,5,16
iter03_timing,0,bstar_2023,HP_Peak,Linear,size_peak,netfit,direct,log,p1.0|n10,n_pred_nan,0.0,5,16
iter03_timing,0,bstar_2023,HP_Peak,Linear,size_peak,netfit,direct,log,p1.0|n10,mape_n_excluded,0.0,5,16
iter03_timing,0,bstar_2023,HP_Peak,Lasso,size_peak,netfit,direct,log,all,wape,31.12639373590091,130,20
iter03_timing,0,bstar_2023,HP_Peak,Lasso,size_peak,netfit,direct,log,all,rmse,15.254070829496612,130,20
iter03_timing,0,bstar_2023,HP_Peak,Lasso,size_peak,netfit,direct,log,all,mae,10.66473947785862,130,20
iter03_timing,0,bstar_2023,HP_Peak,Lasso,size_peak,netfit,direct,log,all,mape,36.86598365331773,130,20
iter03_timing,0,bstar_2023,HP_Peak,Lasso,size_peak,netfit,direct,log,all,r2,0.755781246474833,130,20
iter03_timing,0,bstar_2023,HP_Peak,Lasso,size_peak,netfit,direct,log,all,n_pred_nan,0.0,130,20
iter03_timing,0,bstar_2023,HP_Peak,Lasso,size_peak,netfit,direct,log,all,mape_n_excluded,0.0,130,20
iter03_timing,0,bstar_2023,HP_Peak,Lasso,size_peak,netfit,direct,log,p0.05|n10,wape,46.832931521882784,10,9
iter03_timing,0,bstar_2023,HP_Peak,Lasso,size_peak,netfit,direct,log,p0.05|n10,rmse,3.0482626230707552,10,9
iter03_timing,0,bstar_2023,HP_Peak,Lasso,size_peak,netfit,direct,log,p0.05|n10,mae,2.5701358317300214,10,9
iter03_timing,0,bstar_2023,HP_Peak,Lasso,size_peak,netfit,direct,log,p0.05|n10,mape,44.72765908295617,10,9
iter03_timing,0,bstar_2023,HP_Peak,Lasso,size_peak,netfit,direct,log,p0.05|n10,r2,-1.1810184695599424,10,9
iter03_timing,0,bstar_2023,HP_Peak,Lasso,size_peak,netfit,direct,log,p0.05|n10,n_pred_nan,0.0,10,9
iter03_timing,0,bstar_2023,HP_Peak,Lasso,size_peak,netfit,direct,log,p0.05|n10,mape_n_excluded,0.0,10,9
iter03_timing,0,bstar_2023,HP_Peak,Lasso,size_peak,netfit,direct,log,p0.05|n20,wape,66.3156964423402,10,7
iter03_timing,0,bstar_2023,HP_Peak,Lasso,size_peak,netfit,direct,log,p0.05|n20,rmse,4.84920821016057,10,7
iter03_timing,0,bstar_2023,HP_Peak,Lasso,size_peak,netfit,direct,log,p0.05|n20,mae,4.0896263975816805,10,7
iter03_timing,0,bstar_2023,HP_Peak,Lasso,size_peak,netfit,direct,log,p0.05|n20,mape,71.08633356684653,10,7
iter03_timing,0,bstar_2023,HP_Peak,Lasso,size_peak,netfit,direct,log,p0.05|n20,r2,-2.1424545972158064,10,7
iter03_timing,0,bstar_2023,HP_Peak,Lasso,size_peak,netfit,direct,log,p0.05|n20,n_pred_nan,0.0,10,7
iter03_timing,0,bstar_2023,HP_Peak,Lasso,size_peak,netfit,direct,log,p0.05|n20,mape_n_excluded,0.0,10,7
iter03_timing,0,bstar_2023,HP_Peak,Lasso,size_peak,netfit,direct,log,p0.05|n40,wape,40.48633360916942,10,13
iter03_timing,0,bstar_2023,HP_Peak,Lasso,size_peak,netfit,direct,log,p0.05|n40,rmse,6.437479974307926,10,13
iter03_timing,0,bstar_2023,HP_Peak,Lasso,size_peak,netfit,direct,log,p0.05|n40,mae,4.867209212009972,10,13
iter03_timing,0,bstar_2023,HP_Peak,Lasso,size_peak,netfit,direct,log,p0.05|n40,mape,42.982771965284336,10,13
iter03_timing,0,bstar_2023,HP_Peak,Lasso,size_peak,netfit,direct,log,p0.05|n40,r2,-1.4659290864155663,10,13
iter03_timing,0,bstar_2023,HP_Peak,Lasso,size_peak,netfit,direct,log,p0.05|n40,n_pred_nan,0.0,10,13
iter03_timing,0,bstar_2023,HP_Peak,Lasso,size_peak,netfit,direct,log,p0.05|n40,mape_n_excluded,0.0,10,13
iter03_timing,0,bstar_2023,HP_Peak,Lasso,size_peak,netfit,direct,log,p0.05|n80,wape,35.05704783043466,5,12
iter03_timing,0,bstar_2023,HP_Peak,Lasso,size_peak,netfit,direct,log,p0.05|n80,rmse,12.79857433441687,5,12
iter03_timing,0,bstar_2023,HP_Peak,Lasso,size_peak,netfit,direct,log,p0.05|n80,mae,11.79386482684584,5,12
iter03_timing,0,bstar_2023,HP_Peak,Lasso,size_peak,netfit,direct,log,p0.05|n80,mape,34.00110966355929,5,12
iter03_timing,0,bstar_2023,HP_Peak,Lasso,size_peak,netfit,direct,log,p0.05|n80,r2,-1.333347985251864,5,12
iter03_timing,0,bstar_2023,HP_Peak,Lasso,size_peak,netfit,direct,log,p0.05|n80,n_pred_nan,0.0,5,12
iter03_timing,0,bstar_2023,HP_Peak,Lasso,size_peak,netfit,direct,log,p0.05|n80,mape_n_excluded,0.0,5,12
iter03_timing,0,bstar_2023,HP_Peak,Lasso,size_peak,netfit,direct,log,p0.05|n120,wape,15.022687734917891,5,15
iter03_timing,0,bstar_2023,HP_Peak,Lasso,size_peak,netfit,direct,log,p0.05|n120,rmse,8.209173116222349,5,15
iter03_timing,0,bstar_2023,HP_Peak,Lasso,size_peak,netfit,direct,log,p0.05|n120,mae,6.580742323775172,5,15
iter03_timing,0,bstar_2023,HP_Peak,Lasso,size_peak,netfit,direct,log,p0.05|n120,mape,15.184998957241891,5,15
iter03_timing,0,bstar_2023,HP_Peak,Lasso,size_peak,netfit,direct,log,p0.05|n120,r2,-0.2471054311765499,5,15
iter03_timing,0,bstar_2023,HP_Peak,Lasso,size_peak,netfit,direct,log,p0.05|n120,n_pred_nan,0.0,5,15
iter03_timing,0,bstar_2023,HP_Peak,Lasso,size_peak,netfit,direct,log,p0.05|n120,mape_n_excluded,0.0,5,15
iter03_timing,0,bstar_2023,HP_Peak,Lasso,size_peak,netfit,direct,log,p0.1|n10,wape,59.59607271627229,10,9
iter03_timing,0,bstar_2023,HP_Peak,Lasso,size_peak,netfit,direct,log,p0.1|n10,rmse,6.293681895615289,10,9
iter03_timing,0,bstar_2023,HP_Peak,Lasso,size_peak,netfit,direct,log,p0.1|n10,mae,4.8284754801624326,10,9
iter03_timing,0,bstar_2023,HP_Peak,Lasso,size_peak,netfit,direct,log,p0.1|n10,mape,69.15210384641128,10,9
iter03_timing,0,bstar_2023,HP_Peak,Lasso,size_peak,netfit,direct,log,p0.1|n10,r2,-4.406377898156501,10,9
iter03_timing,0,bstar_2023,HP_Peak,Lasso,size_peak,netfit,direct,log,p0.1|n10,n_pred_nan,0.0,10,9
iter03_timing,0,bstar_2023,HP_Peak,Lasso,size_peak,netfit,direct,log,p0.1|n10,mape_n_excluded,0.0,10,9
iter03_timing,0,bstar_2023,HP_Peak,Lasso,size_peak,netfit,direct,log,p0.1|n20,wape,37.756418498861024,10,12
iter03_timing,0,bstar_2023,HP_Peak,Lasso,size_peak,netfit,direct,log,p0.1|n20,rmse,7.3797497502121105,10,12
iter03_timing,0,bstar_2023,HP_Peak,Lasso,size_peak,netfit,direct,log,p0.1|n20,mae,5.533253875634587,10,12
iter03_timing,0,bstar_2023,HP_Peak,Lasso,size_peak,netfit,direct,log,p0.1|n20,mape,35.01263052486111,10,12
iter03_timing,0,bstar_2023,HP_Peak,Lasso,size_peak,netfit,direct,log,p0.1|n20,r2,-0.3863745595032832,10,12
iter03_timing,0,bstar_2023,HP_Peak,Lasso,size_peak,netfit,direct,log,p0.1|n20,n_pred_nan,0.0,10,12
iter03_timing,0,bstar_2023,HP_Peak,Lasso,size_peak,netfit,direct,log,p0.1|n20,mape_n_excluded,0.0,10,12
iter03_timing,0,bstar_2023,HP_Peak,Lasso,size_peak,netfit,direct,log,p0.1|n40,wape,23.679394510447228,5,12
iter03_timing,0,bstar_2023,HP_Peak,Lasso,size_peak,netfit,direct,log,p0.1|n40,rmse,9.111603462028349,5,12
iter03_timing,0,bstar_2023,HP_Peak,Lasso,size_peak,netfit,direct,log,p0.1|n40,mae,7.202861682965197,5,12
iter03_timing,0,bstar_2023,HP_Peak,Lasso,size_peak,netfit,direct,log,p0.1|n40,mape,21.7996101109709,5,12
iter03_timing,0,bstar_2023,HP_Peak,Lasso,size_peak,netfit,direct,log,p0.1|n40,r2,0.2748478715863663,5,12
iter03_timing,0,bstar_2023,HP_Peak,Lasso,size_peak,netfit,direct,log,p0.1|n40,n_pred_nan,0.0,5,12
iter03_timing,0,bstar_2023,HP_Peak,Lasso,size_peak,netfit,direct,log,p0.1|n40,mape_n_excluded,0.0,5,12
iter03_timing,0,bstar_2023,HP_Peak,Lasso,size_peak,netfit,direct,log,p0.1|n80,wape,31.101239048581316,5,16
iter03_timing,0,bstar_2023,HP_Peak,Lasso,size_peak,netfit,direct,log,p0.1|n80,rmse,22.04524781484293,5,16
iter03_timing,0,bstar_2023,HP_Peak,Lasso,size_peak,netfit,direct,log,p0.1|n80,mae,20.81166680502236,5,16
iter03_timing,0,bstar_2023,HP_Peak,Lasso,size_peak,netfit,direct,log,p0.1|n80,mape,30.30960243653181,5,16
iter03_timing,0,bstar_2023,HP_Peak,Lasso,size_peak,netfit,direct,log,p0.1|n80,r2,-3.7911407161391786,5,16
iter03_timing,0,bstar_2023,HP_Peak,Lasso,size_peak,netfit,direct,log,p0.1|n80,n_pred_nan,0.0,5,16
iter03_timing,0,bstar_2023,HP_Peak,Lasso,size_peak,netfit,direct,log,p0.1|n80,mape_n_excluded,0.0,5,16
iter03_timing,0,bstar_2023,HP_Peak,Lasso,size_peak,netfit,direct,log,p0.1|n120,wape,12.00467149892442,5,16
iter03_timing,0,bstar_2023,HP_Peak,Lasso,size_peak,netfit,direct,log,p0.1|n120,rmse,13.973090317375688,5,16
iter03_timing,0,bstar_2023,HP_Peak,Lasso,size_peak,netfit,direct,log,p0.1|n120,mae,11.231303574462254,5,16
iter03_timing,0,bstar_2023,HP_Peak,Lasso,size_peak,netfit,direct,log,p0.1|n120,mape,12.095547492506736,5,16
iter03_timing,0,bstar_2023,HP_Peak,Lasso,size_peak,netfit,direct,log,p0.1|n120,r2,-1.8134288109644263,5,16
iter03_timing,0,bstar_2023,HP_Peak,Lasso,size_peak,netfit,direct,log,p0.1|n120,n_pred_nan,0.0,5,16
iter03_timing,0,bstar_2023,HP_Peak,Lasso,size_peak,netfit,direct,log,p0.1|n120,mape_n_excluded,0.0,5,16
iter03_timing,0,bstar_2023,HP_Peak,Lasso,size_peak,netfit,direct,log,p0.2|n10,wape,29.963463016642084,10,12
iter03_timing,0,bstar_2023,HP_Peak,Lasso,size_peak,netfit,direct,log,p0.2|n10,rmse,5.911829411210823,10,12
iter03_timing,0,bstar_2023,HP_Peak,Lasso,size_peak,netfit,direct,log,p0.2|n10,mae,4.124821736173493,10,12
iter03_timing,0,bstar_2023,HP_Peak,Lasso,size_peak,netfit,direct,log,p0.2|n10,mape,26.92519880076373,10,12
iter03_timing,0,bstar_2023,HP_Peak,Lasso,size_peak,netfit,direct,log,p0.2|n10,r2,-3.1441425698152043,10,12
iter03_timing,0,bstar_2023,HP_Peak,Lasso,size_peak,netfit,direct,log,p0.2|n10,n_pred_nan,0.0,10,12
iter03_timing,0,bstar_2023,HP_Peak,Lasso,size_peak,netfit,direct,log,p0.2|n10,mape_n_excluded,0.0,10,12
iter03_timing,0,bstar_2023,HP_Peak,Lasso,size_peak,netfit,direct,log,p0.2|n20,wape,33.64998207177403,5,13
iter03_timing,0,bstar_2023,HP_Peak,Lasso,size_peak,netfit,direct,log,p0.2|n20,rmse,10.467634009562508,5,13
iter03_timing,0,bstar_2023,HP_Peak,Lasso,size_peak,netfit,direct,log,p0.2|n20,mae,9.91858122552284,5,13
iter03_timing,0,bstar_2023,HP_Peak,Lasso,size_peak,netfit,direct,log,p0.2|n20,mape,33.024860665163835,5,13
iter03_timing,0,bstar_2023,HP_Peak,Lasso,size_peak,netfit,direct,log,p0.2|n20,r2,-8.527140927776113,5,13
iter03_timing,0,bstar_2023,HP_Peak,Lasso,size_peak,netfit,direct,log,p0.2|n20,n_pred_nan,0.0,5,13
iter03_timing,0,bstar_2023,HP_Peak,Lasso,size_peak,netfit,direct,log,p0.2|n20,mape_n_excluded,0.0,5,13
iter03_timing,0,bstar_2023,HP_Peak,Lasso,size_peak,netfit,direct,log,p0.2|n40,wape,35.850470878245815,5,16
iter03_timing,0,bstar_2023,HP_Peak,Lasso,size_peak,netfit,direct,log,p0.2|n40,rmse,24.72783710941372,5,16
iter03_timing,0,bstar_2023,HP_Peak,Lasso,size_peak,netfit,direct,log,p0.2|n40,mae,24.487923690795245,5,16
iter03_timing,0,bstar_2023,HP_Peak,Lasso,size_peak,netfit,direct,log,p0.2|n40,mape,35.81106754491169,5,16
iter03_timing,0,bstar_2023,HP_Peak,Lasso,size_peak,netfit,direct,log,p0.2|n40,r2,-32.186969316846685,5,16
iter03_timing,0,bstar_2023,HP_Peak,Lasso,size_peak,netfit,direct,log,p0.2|n40,n_pred_nan,0.0,5,16
iter03_timing,0,bstar_2023,HP_Peak,Lasso,size_peak,netfit,direct,log,p0.2|n40,mape_n_excluded,0.0,5,16
iter03_timing,0,bstar_2023,HP_Peak,Lasso,size_peak,netfit,direct,log,p0.3|n10,wape,15.90404999979502,10,14
iter03_timing,0,bstar_2023,HP_Peak,Lasso,size_peak,netfit,direct,log,p0.3|n10,rmse,4.010222157131323,10,14
iter03_timing,0,bstar_2023,HP_Peak,Lasso,size_peak,netfit,direct,log,p0.3|n10,mae,3.224022703364848,10,14
iter03_timing,0,bstar_2023,HP_Peak,Lasso,size_peak,netfit,direct,log,p0.3|n10,mape,15.117276409672392,10,14
iter03_timing,0,bstar_2023,HP_Peak,Lasso,size_peak,netfit,direct,log,p0.3|n10,r2,-0.7934163028879138,10,14
iter03_timing,0,bstar_2023,HP_Peak,Lasso,size_peak,netfit,direct,log,p0.3|n10,n_pred_nan,0.0,10,14
iter03_timing,0,bstar_2023,HP_Peak,Lasso,size_peak,netfit,direct,log,p0.3|n10,mape_n_excluded,0.0,10,14
iter03_timing,0,bstar_2023,HP_Peak,Lasso,size_peak,netfit,direct,log,p0.3|n20,wape,26.83688698377668,5,14
iter03_timing,0,bstar_2023,HP_Peak,Lasso,size_peak,netfit,direct,log,p0.3|n20,rmse,15.666959084637746,5,14
iter03_timing,0,bstar_2023,HP_Peak,Lasso,size_peak,netfit,direct,log,p0.3|n20,mae,12.5320790824902,5,14
iter03_timing,0,bstar_2023,HP_Peak,Lasso,size_peak,netfit,direct,log,p0.3|n20,mape,23.371704272185223,5,14
iter03_timing,0,bstar_2023,HP_Peak,Lasso,size_peak,netfit,direct,log,p0.3|n20,r2,-1.1500362819260892,5,14
iter03_timing,0,bstar_2023,HP_Peak,Lasso,size_peak,netfit,direct,log,p0.3|n20,n_pred_nan,0.0,5,14
iter03_timing,0,bstar_2023,HP_Peak,Lasso,size_peak,netfit,direct,log,p0.3|n20,mape_n_excluded,0.0,5,14
iter03_timing,0,bstar_2023,HP_Peak,Lasso,size_peak,netfit,direct,log,p0.3|n40,wape,33.95547156615747,5,16
iter03_timing,0,bstar_2023,HP_Peak,Lasso,size_peak,netfit,direct,log,p0.3|n40,rmse,34.888742805404576,5,16
iter03_timing,0,bstar_2023,HP_Peak,Lasso,size_peak,netfit,direct,log,p0.3|n40,mae,34.740486483433166,5,16
iter03_timing,0,bstar_2023,HP_Peak,Lasso,size_peak,netfit,direct,log,p0.3|n40,mape,33.988854799542004,5,16
iter03_timing,0,bstar_2023,HP_Peak,Lasso,size_peak,netfit,direct,log,p0.3|n40,r2,-56.77146469790391,5,16
iter03_timing,0,bstar_2023,HP_Peak,Lasso,size_peak,netfit,direct,log,p0.3|n40,n_pred_nan,0.0,5,16
iter03_timing,0,bstar_2023,HP_Peak,Lasso,size_peak,netfit,direct,log,p0.3|n40,mape_n_excluded,0.0,5,16
iter03_timing,0,bstar_2023,HP_Peak,Lasso,size_peak,netfit,direct,log,p0.5|n10,wape,35.80495010473376,5,12
iter03_timing,0,bstar_2023,HP_Peak,Lasso,size_peak,netfit,direct,log,p0.5|n10,rmse,16.12635313220571,5,12
iter03_timing,0,bstar_2023,HP_Peak,Lasso,size_peak,netfit,direct,log,p0.5|n10,mae,14.795840224395366,5,12
iter03_timing,0,bstar_2023,HP_Peak,Lasso,size_peak,netfit,direct,log,p0.5|n10,mape,34.55117474082754,5,12
iter03_timing,0,bstar_2023,HP_Peak,Lasso,size_peak,netfit,direct,log,p0.5|n10,r2,-2.480584832267483,5,12
iter03_timing,0,bstar_2023,HP_Peak,Lasso,size_peak,netfit,direct,log,p0.5|n10,n_pred_nan,0.0,5,12
iter03_timing,0,bstar_2023,HP_Peak,Lasso,size_peak,netfit,direct,log,p0.5|n10,mape_n_excluded,0.0,5,12
iter03_timing,0,bstar_2023,HP_Peak,Lasso,size_peak,netfit,direct,log,p0.5|n20,wape,36.44749278598935,5,16
iter03_timing,0,bstar_2023,HP_Peak,Lasso,size_peak,netfit,direct,log,p0.5|n20,rmse,32.40051903529743,5,16
iter03_timing,0,bstar_2023,HP_Peak,Lasso,size_peak,netfit,direct,log,p0.5|n20,mae,32.04097253862713,5,16
iter03_timing,0,bstar_2023,HP_Peak,Lasso,size_peak,netfit,direct,log,p0.5|n20,mape,36.46578772576622,5,16
iter03_timing,0,bstar_2023,HP_Peak,Lasso,size_peak,netfit,direct,log,p0.5|n20,r2,-56.39436645271787,5,16
iter03_timing,0,bstar_2023,HP_Peak,Lasso,size_peak,netfit,direct,log,p0.5|n20,n_pred_nan,0.0,5,16
iter03_timing,0,bstar_2023,HP_Peak,Lasso,size_peak,netfit,direct,log,p0.5|n20,mape_n_excluded,0.0,5,16
iter03_timing,0,bstar_2023,HP_Peak,Lasso,size_peak,netfit,direct,log,p1.0|n10,wape,38.20218559079762,5,16
iter03_timing,0,bstar_2023,HP_Peak,Lasso,size_peak,netfit,direct,log,p1.0|n10,rmse,33.498188560171705,5,16
iter03_timing,0,bstar_2023,HP_Peak,Lasso,size_peak,netfit,direct,log,p1.0|n10,mae,32.671813492675234,5,16
iter03_timing,0,bstar_2023,HP_Peak,Lasso,size_peak,netfit,direct,log,p1.0|n10,mape,37.90330818346261,5,16
iter03_timing,0,bstar_2023,HP_Peak,Lasso,size_peak,netfit,direct,log,p1.0|n10,r2,-8.762431766368417,5,16
iter03_timing,0,bstar_2023,HP_Peak,Lasso,size_peak,netfit,direct,log,p1.0|n10,n_pred_nan,0.0,5,16
iter03_timing,0,bstar_2023,HP_Peak,Lasso,size_peak,netfit,direct,log,p1.0|n10,mape_n_excluded,0.0,5,16
iter03_timing,0,bstar_2023,HP_Peak,XGBoost,size_peak,netfit,direct,log,all,wape,31.918042486451338,130,20
iter03_timing,0,bstar_2023,HP_Peak,XGBoost,size_peak,netfit,direct,log,all,rmse,15.848225700102695,130,20
iter03_timing,0,bstar_2023,HP_Peak,XGBoost,size_peak,netfit,direct,log,all,mae,10.935979627110306,130,20
iter03_timing,0,bstar_2023,HP_Peak,XGBoost,size_peak,netfit,direct,log,all,mape,34.75665348085418,130,20
iter03_timing,0,bstar_2023,HP_Peak,XGBoost,size_peak,netfit,direct,log,all,r2,0.7363858075486909,130,20
iter03_timing,0,bstar_2023,HP_Peak,XGBoost,size_peak,netfit,direct,log,all,n_pred_nan,0.0,130,20
iter03_timing,0,bstar_2023,HP_Peak,XGBoost,size_peak,netfit,direct,log,all,mape_n_excluded,0.0,130,20
iter03_timing,0,bstar_2023,HP_Peak,XGBoost,size_peak,netfit,direct,log,p0.05|n10,wape,15.316751979157944,10,9
iter03_timing,0,bstar_2023,HP_Peak,XGBoost,size_peak,netfit,direct,log,p0.05|n10,rmse,1.0932268220739498,10,9
iter03_timing,0,bstar_2023,HP_Peak,XGBoost,size_peak,netfit,direct,log,p0.05|n10,mae,0.84056521358185,10,9
iter03_timing,0,bstar_2023,HP_Peak,XGBoost,size_peak,netfit,direct,log,p0.05|n10,mape,16.082819559967145,10,9
iter03_timing,0,bstar_2023,HP_Peak,XGBoost,size_peak,netfit,direct,log,p0.05|n10,r2,0.719472695694827,10,9
iter03_timing,0,bstar_2023,HP_Peak,XGBoost,size_peak,netfit,direct,log,p0.05|n10,n_pred_nan,0.0,10,9
iter03_timing,0,bstar_2023,HP_Peak,XGBoost,size_peak,netfit,direct,log,p0.05|n10,mape_n_excluded,0.0,10,9
iter03_timing,0,bstar_2023,HP_Peak,XGBoost,size_peak,netfit,direct,log,p0.05|n20,wape,54.79415513575074,10,7
iter03_timing,0,bstar_2023,HP_Peak,XGBoost,size_peak,netfit,direct,log,p0.05|n20,rmse,4.574762800792633,10,7
iter03_timing,0,bstar_2023,HP_Peak,XGBoost,size_peak,netfit,direct,log,p0.05|n20,mae,3.379103821539302,10,7
iter03_timing,0,bstar_2023,HP_Peak,XGBoost,size_peak,netfit,direct,log,p0.05|n20,mape,61.47306068122514,10,7
iter03_timing,0,bstar_2023,HP_Peak,XGBoost,size_peak,netfit,direct,log,p0.05|n20,r2,-1.7968199582354312,10,7
iter03_timing,0,bstar_2023,HP_Peak,XGBoost,size_peak,netfit,direct,log,p0.05|n20,n_pred_nan,0.0,10,7
iter03_timing,0,bstar_2023,HP_Peak,XGBoost,size_peak,netfit,direct,log,p0.05|n20,mape_n_excluded,0.0,10,7
iter03_timing,0,bstar_2023,HP_Peak,XGBoost,size_peak,netfit,direct,log,p0.05|n40,wape,48.981086997879245,10,13
iter03_timing,0,bstar_2023,HP_Peak,XGBoost,size_peak,netfit,direct,log,p0.05|n40,rmse,7.572503636323118,10,13
iter03_timing,0,bstar_2023,HP_Peak,XGBoost,size_peak,netfit,direct,log,p0.05|n40,mae,5.888436333892832,10,13
iter03_timing,0,bstar_2023,HP_Peak,XGBoost,size_peak,netfit,direct,log,p0.05|n40,mape,57.0126190522173,10,13
iter03_timing,0,bstar_2023,HP_Peak,XGBoost,size_peak,netfit,direct,log,p0.05|n40,r2,-2.412147388008708,10,13
iter03_timing,0,bstar_2023,HP_Peak,XGBoost,size_peak,netfit,direct,log,p0.05|n40,n_pred_nan,0.0,10,13
iter03_timing,0,bstar_2023,HP_Peak,XGBoost,size_peak,netfit,direct,log,p0.05|n40,mape_n_excluded,0.0,10,13
iter03_timing,0,bstar_2023,HP_Peak,XGBoost,size_peak,netfit,direct,log,p0.05|n80,wape,32.01748374866467,5,12
iter03_timing,0,bstar_2023,HP_Peak,XGBoost,size_peak,netfit,direct,log,p0.05|n80,rmse,11.138608314650714,5,12
iter03_timing,0,bstar_2023,HP_Peak,XGBoost,size_peak,netfit,direct,log,p0.05|n80,mae,10.771297037158494,5,12
iter03_timing,0,bstar_2023,HP_Peak,XGBoost,size_peak,netfit,direct,log,p0.05|n80,mape,33.41741391616877,5,12
iter03_timing,0,bstar_2023,HP_Peak,XGBoost,size_peak,netfit,direct,log,p0.05|n80,r2,-0.7673321863559477,5,12
iter03_timing,0,bstar_2023,HP_Peak,XGBoost,size_peak,netfit,direct,log,p0.05|n80,n_pred_nan,0.0,5,12
iter03_timing,0,bstar_2023,HP_Peak,XGBoost,size_peak,netfit,direct,log,p0.05|n80,mape_n_excluded,0.0,5,12
iter03_timing,0,bstar_2023,HP_Peak,XGBoost,size_peak,netfit,direct,log,p0.05|n120,wape,15.147454581788343,5,15
iter03_timing,0,bstar_2023,HP_Peak,XGBoost,size_peak,netfit,direct,log,p0.05|n120,rmse,7.378449899796157,5,15
iter03_timing,0,bstar_2023,HP_Peak,XGBoost,size_peak,netfit,direct,log,p0.05|n120,mae,6.635396889209288,5,15
iter03_timing,0,bstar_2023,HP_Peak,XGBoost,size_peak,netfit,direct,log,p0.05|n120,mape,14.568999119830824,5,15
iter03_timing,0,bstar_2023,HP_Peak,XGBoost,size_peak,netfit,direct,log,p0.05|n120,r2,-0.0074757642970597,5,15
iter03_timing,0,bstar_2023,HP_Peak,XGBoost,size_peak,netfit,direct,log,p0.05|n120,n_pred_nan,0.0,5,15
iter03_timing,0,bstar_2023,HP_Peak,XGBoost,size_peak,netfit,direct,log,p0.05|n120,mape_n_excluded,0.0,5,15
iter03_timing,0,bstar_2023,HP_Peak,XGBoost,size_peak,netfit,direct,log,p0.1|n10,wape,46.21375839033474,10,9
iter03_timing,0,bstar_2023,HP_Peak,XGBoost,size_peak,netfit,direct,log,p0.1|n10,rmse,4.658930220440223,10,9
iter03_timing,0,bstar_2023,HP_Peak,XGBoost,size_peak,netfit,direct,log,p0.1|n10,mae,3.744239998770168,10,9
iter03_timing,0,bstar_2023,HP_Peak,XGBoost,size_peak,netfit,direct,log,p0.1|n10,mape,48.80205943233825,10,9
iter03_timing,0,bstar_2023,HP_Peak,XGBoost,size_peak,netfit,direct,log,p0.1|n10,r2,-1.9625741824763256,10,9
iter03_timing,0,bstar_2023,HP_Peak,XGBoost,size_peak,netfit,direct,log,p0.1|n10,n_pred_nan,0.0,10,9
iter03_timing,0,bstar_2023,HP_Peak,XGBoost,size_peak,netfit,direct,log,p0.1|n10,mape_n_excluded,0.0,10,9
iter03_timing,0,bstar_2023,HP_Peak,XGBoost,size_peak,netfit,direct,log,p0.1|n20,wape,36.46140235556592,10,12
iter03_timing,0,bstar_2023,HP_Peak,XGBoost,size_peak,netfit,direct,log,p0.1|n20,rmse,6.7546279512478655,10,12
iter03_timing,0,bstar_2023,HP_Peak,XGBoost,size_peak,netfit,direct,log,p0.1|n20,mae,5.343467519332992,10,12
iter03_timing,0,bstar_2023,HP_Peak,XGBoost,size_peak,netfit,direct,log,p0.1|n20,mape,36.45051575810405,10,12
iter03_timing,0,bstar_2023,HP_Peak,XGBoost,size_peak,netfit,direct,log,p0.1|n20,r2,-0.1614490844372318,10,12
iter03_timing,0,bstar_2023,HP_Peak,XGBoost,size_peak,netfit,direct,log,p0.1|n20,n_pred_nan,0.0,10,12
iter03_timing,0,bstar_2023,HP_Peak,XGBoost,size_peak,netfit,direct,log,p0.1|n20,mape_n_excluded,0.0,10,12
iter03_timing,0,bstar_2023,HP_Peak,XGBoost,size_peak,netfit,direct,log,p0.1|n40,wape,25.33217193485633,5,12
iter03_timing,0,bstar_2023,HP_Peak,XGBoost,size_peak,netfit,direct,log,p0.1|n40,rmse,8.492832068228983,5,12
iter03_timing,0,bstar_2023,HP_Peak,XGBoost,size_peak,netfit,direct,log,p0.1|n40,mae,7.705607949365461,5,12
iter03_timing,0,bstar_2023,HP_Peak,XGBoost,size_peak,netfit,direct,log,p0.1|n40,mape,24.547368023564083,5,12
iter03_timing,0,bstar_2023,HP_Peak,XGBoost,size_peak,netfit,direct,log,p0.1|n40,r2,0.3699941566819058,5,12
iter03_timing,0,bstar_2023,HP_Peak,XGBoost,size_peak,netfit,direct,log,p0.1|n40,n_pred_nan,0.0,5,12
iter03_timing,0,bstar_2023,HP_Peak,XGBoost,size_peak,netfit,direct,log,p0.1|n40,mape_n_excluded,0.0,5,12
iter03_timing,0,bstar_2023,HP_Peak,XGBoost,size_peak,netfit,direct,log,p0.1|n80,wape,33.12982203999489,5,16
iter03_timing,0,bstar_2023,HP_Peak,XGBoost,size_peak,netfit,direct,log,p0.1|n80,rmse,22.77175399053117,5,16
iter03_timing,0,bstar_2023,HP_Peak,XGBoost,size_peak,netfit,direct,log,p0.1|n80,mae,22.16911090034244,5,16
iter03_timing,0,bstar_2023,HP_Peak,XGBoost,size_peak,netfit,direct,log,p0.1|n80,mape,32.859178998626135,5,16
iter03_timing,0,bstar_2023,HP_Peak,XGBoost,size_peak,netfit,direct,log,p0.1|n80,r2,-4.112130393180505,5,16
iter03_timing,0,bstar_2023,HP_Peak,XGBoost,size_peak,netfit,direct,log,p0.1|n80,n_pred_nan,0.0,5,16
iter03_timing,0,bstar_2023,HP_Peak,XGBoost,size_peak,netfit,direct,log,p0.1|n80,mape_n_excluded,0.0,5,16
iter03_timing,0,bstar_2023,HP_Peak,XGBoost,size_peak,netfit,direct,log,p0.1|n120,wape,18.2702498402022,5,16
iter03_timing,0,bstar_2023,HP_Peak,XGBoost,size_peak,netfit,direct,log,p0.1|n120,rmse,18.133864436672265,5,16
iter03_timing,0,bstar_2023,HP_Peak,XGBoost,size_peak,netfit,direct,log,p0.1|n120,mae,17.09323927397485,5,16
iter03_timing,0,bstar_2023,HP_Peak,XGBoost,size_peak,netfit,direct,log,p0.1|n120,mape,18.452686481264305,5,16
iter03_timing,0,bstar_2023,HP_Peak,XGBoost,size_peak,netfit,direct,log,p0.1|n120,r2,-3.738400087495743,5,16
iter03_timing,0,bstar_2023,HP_Peak,XGBoost,size_peak,netfit,direct,log,p0.1|n120,n_pred_nan,0.0,5,16
iter03_timing,0,bstar_2023,HP_Peak,XGBoost,size_peak,netfit,direct,log,p0.1|n120,mape_n_excluded,0.0,5,16
iter03_timing,0,bstar_2023,HP_Peak,XGBoost,size_peak,netfit,direct,log,p0.2|n10,wape,33.81213855097447,10,12
iter03_timing,0,bstar_2023,HP_Peak,XGBoost,size_peak,netfit,direct,log,p0.2|n10,rmse,5.2945218017219045,10,12
iter03_timing,0,bstar_2023,HP_Peak,XGBoost,size_peak,netfit,direct,log,p0.2|n10,mae,4.654637014556906,10,12
iter03_timing,0,bstar_2023,HP_Peak,XGBoost,size_peak,netfit,direct,log,p0.2|n10,mape,32.59822570741516,10,12
iter03_timing,0,bstar_2023,HP_Peak,XGBoost,size_peak,netfit,direct,log,p0.2|n10,r2,-2.32387269832429,10,12
iter03_timing,0,bstar_2023,HP_Peak,XGBoost,size_peak,netfit,direct,log,p0.2|n10,n_pred_nan,0.0,10,12
iter03_timing,0,bstar_2023,HP_Peak,XGBoost,size_peak,netfit,direct,log,p0.2|n10,mape_n_excluded,0.0,10,12
iter03_timing,0,bstar_2023,HP_Peak,XGBoost,size_peak,netfit,direct,log,p0.2|n20,wape,27.67677465459216,5,13
iter03_timing,0,bstar_2023,HP_Peak,XGBoost,size_peak,netfit,direct,log,p0.2|n20,rmse,8.461717349107117,5,13
iter03_timing,0,bstar_2023,HP_Peak,XGBoost,size_peak,netfit,direct,log,p0.2|n20,mae,8.157934137573577,5,13
iter03_timing,0,bstar_2023,HP_Peak,XGBoost,size_peak,netfit,direct,log,p0.2|n20,mape,27.979444889370747,5,13
iter03_timing,0,bstar_2023,HP_Peak,XGBoost,size_peak,netfit,direct,log,p0.2|n20,r2,-5.225619287041722,5,13
iter03_timing,0,bstar_2023,HP_Peak,XGBoost,size_peak,netfit,direct,log,p0.2|n20,n_pred_nan,0.0,5,13
iter03_timing,0,bstar_2023,HP_Peak,XGBoost,size_peak,netfit,direct,log,p0.2|n20,mape_n_excluded,0.0,5,13
iter03_timing,0,bstar_2023,HP_Peak,XGBoost,size_peak,netfit,direct,log,p0.2|n40,wape,30.794351107169376,5,16
iter03_timing,0,bstar_2023,HP_Peak,XGBoost,size_peak,netfit,direct,log,p0.2|n40,rmse,21.271679100805656,5,16
iter03_timing,0,bstar_2023,HP_Peak,XGBoost,size_peak,netfit,direct,log,p0.2|n40,mae,21.0343044748543,5,16
iter03_timing,0,bstar_2023,HP_Peak,XGBoost,size_peak,netfit,direct,log,p0.2|n40,mape,30.6374570013674,5,16
iter03_timing,0,bstar_2023,HP_Peak,XGBoost,size_peak,netfit,direct,log,p0.2|n40,r2,-23.558332597777937,5,16
iter03_timing,0,bstar_2023,HP_Peak,XGBoost,size_peak,netfit,direct,log,p0.2|n40,n_pred_nan,0.0,5,16
iter03_timing,0,bstar_2023,HP_Peak,XGBoost,size_peak,netfit,direct,log,p0.2|n40,mape_n_excluded,0.0,5,16
iter03_timing,0,bstar_2023,HP_Peak,XGBoost,size_peak,netfit,direct,log,p0.3|n10,wape,20.3623972120056,10,14
iter03_timing,0,bstar_2023,HP_Peak,XGBoost,size_peak,netfit,direct,log,p0.3|n10,rmse,4.611127796180441,10,14
iter03_timing,0,bstar_2023,HP_Peak,XGBoost,size_peak,netfit,direct,log,p0.3|n10,mae,4.127805867517095,10,14
iter03_timing,0,bstar_2023,HP_Peak,XGBoost,size_peak,netfit,direct,log,p0.3|n10,mape,19.74997224148791,10,14
iter03_timing,0,bstar_2023,HP_Peak,XGBoost,size_peak,netfit,direct,log,p0.3|n10,r2,-1.371147477131986,10,14
iter03_timing,0,bstar_2023,HP_Peak,XGBoost,size_peak,netfit,direct,log,p0.3|n10,n_pred_nan,0.0,10,14
iter03_timing,0,bstar_2023,HP_Peak,XGBoost,size_peak,netfit,direct,log,p0.3|n10,mape_n_excluded,0.0,10,14
iter03_timing,0,bstar_2023,HP_Peak,XGBoost,size_peak,netfit,direct,log,p0.3|n20,wape,21.36311582956481,5,14
iter03_timing,0,bstar_2023,HP_Peak,XGBoost,size_peak,netfit,direct,log,p0.3|n20,rmse,11.622316101154867,5,14
iter03_timing,0,bstar_2023,HP_Peak,XGBoost,size_peak,netfit,direct,log,p0.3|n20,mae,9.975980343262169,5,14
iter03_timing,0,bstar_2023,HP_Peak,XGBoost,size_peak,netfit,direct,log,p0.3|n20,mape,19.377161766099864,5,14
iter03_timing,0,bstar_2023,HP_Peak,XGBoost,size_peak,netfit,direct,log,p0.3|n20,r2,-0.1832097410965449,5,14
iter03_timing,0,bstar_2023,HP_Peak,XGBoost,size_peak,netfit,direct,log,p0.3|n20,n_pred_nan,0.0,5,14
iter03_timing,0,bstar_2023,HP_Peak,XGBoost,size_peak,netfit,direct,log,p0.3|n20,mape_n_excluded,0.0,5,14
iter03_timing,0,bstar_2023,HP_Peak,XGBoost,size_peak,netfit,direct,log,p0.3|n40,wape,37.7215880448506,5,16
iter03_timing,0,bstar_2023,HP_Peak,XGBoost,size_peak,netfit,direct,log,p0.3|n40,rmse,39.10576777633976,5,16
iter03_timing,0,bstar_2023,HP_Peak,XGBoost,size_peak,netfit,direct,log,p0.3|n40,mae,38.593671628223646,5,16
iter03_timing,0,bstar_2023,HP_Peak,XGBoost,size_peak,netfit,direct,log,p0.3|n40,mape,37.81542294304853,5,16
iter03_timing,0,bstar_2023,HP_Peak,XGBoost,size_peak,netfit,direct,log,p0.3|n40,r2,-71.58123807103759,5,16
iter03_timing,0,bstar_2023,HP_Peak,XGBoost,size_peak,netfit,direct,log,p0.3|n40,n_pred_nan,0.0,5,16
iter03_timing,0,bstar_2023,HP_Peak,XGBoost,size_peak,netfit,direct,log,p0.3|n40,mape_n_excluded,0.0,5,16
iter03_timing,0,bstar_2023,HP_Peak,XGBoost,size_peak,netfit,direct,log,p0.5|n10,wape,40.82423537486851,5,12
iter03_timing,0,bstar_2023,HP_Peak,XGBoost,size_peak,netfit,direct,log,p0.5|n10,rmse,17.685737125669213,5,12
iter03_timing,0,bstar_2023,HP_Peak,XGBoost,size_peak,netfit,direct,log,p0.5|n10,mae,16.869982003125465,5,12
iter03_timing,0,bstar_2023,HP_Peak,XGBoost,size_peak,netfit,direct,log,p0.5|n10,mape,40.64640828251626,5,12
iter03_timing,0,bstar_2023,HP_Peak,XGBoost,size_peak,netfit,direct,log,p0.5|n10,r2,-3.186260241151884,5,12
iter03_timing,0,bstar_2023,HP_Peak,XGBoost,size_peak,netfit,direct,log,p0.5|n10,n_pred_nan,0.0,5,12
iter03_timing,0,bstar_2023,HP_Peak,XGBoost,size_peak,netfit,direct,log,p0.5|n10,mape_n_excluded,0.0,5,12
iter03_timing,0,bstar_2023,HP_Peak,XGBoost,size_peak,netfit,direct,log,p0.5|n20,wape,39.54611410522586,5,16
iter03_timing,0,bstar_2023,HP_Peak,XGBoost,size_peak,netfit,direct,log,p0.5|n20,rmse,35.051440964862856,5,16
iter03_timing,0,bstar_2023,HP_Peak,XGBoost,size_peak,netfit,direct,log,p0.5|n20,mae,34.76496897866283,5,16
iter03_timing,0,bstar_2023,HP_Peak,XGBoost,size_peak,netfit,direct,log,p0.5|n20,mape,39.61659591868533,5,16
iter03_timing,0,bstar_2023,HP_Peak,XGBoost,size_peak,netfit,direct,log,p0.5|n20,r2,-66.17026854013142,5,16
iter03_timing,0,bstar_2023,HP_Peak,XGBoost,size_peak,netfit,direct,log,p0.5|n20,n_pred_nan,0.0,5,16
iter03_timing,0,bstar_2023,HP_Peak,XGBoost,size_peak,netfit,direct,log,p0.5|n20,mape_n_excluded,0.0,5,16
iter03_timing,0,bstar_2023,HP_Peak,XGBoost,size_peak,netfit,direct,log,p1.0|n10,wape,40.46548584797016,5,16
iter03_timing,0,bstar_2023,HP_Peak,XGBoost,size_peak,netfit,direct,log,p1.0|n10,rmse,36.19804496384808,5,16
iter03_timing,0,bstar_2023,HP_Peak,XGBoost,size_peak,netfit,direct,log,p1.0|n10,mae,34.60746515073319,5,16
iter03_timing,0,bstar_2023,HP_Peak,XGBoost,size_peak,netfit,direct,log,p1.0|n10,mape,39.41630829615646,5,16
iter03_timing,0,bstar_2023,HP_Peak,XGBoost,size_peak,netfit,direct,log,p1.0|n10,r2,-10.39949456944301,5,16
iter03_timing,0,bstar_2023,HP_Peak,XGBoost,size_peak,netfit,direct,log,p1.0|n10,n_pred_nan,0.0,5,16
iter03_timing,0,bstar_2023,HP_Peak,XGBoost,size_peak,netfit,direct,log,p1.0|n10,mape_n_excluded,0.0,5,16
iter03_timing,0,bstar_2023,HP_Peak,XGBoost_mono,size_peak,netfit,direct,log,all,wape,30.195473489295843,130,20
iter03_timing,0,bstar_2023,HP_Peak,XGBoost_mono,size_peak,netfit,direct,log,all,rmse,14.916652372195422,130,20
iter03_timing,0,bstar_2023,HP_Peak,XGBoost_mono,size_peak,netfit,direct,log,all,mae,10.345781169069507,130,20
iter03_timing,0,bstar_2023,HP_Peak,XGBoost_mono,size_peak,netfit,direct,log,all,mape,34.18861684201825,130,20
iter03_timing,0,bstar_2023,HP_Peak,XGBoost_mono,size_peak,netfit,direct,log,all,r2,0.7664659394937647,130,20
iter03_timing,0,bstar_2023,HP_Peak,XGBoost_mono,size_peak,netfit,direct,log,all,n_pred_nan,0.0,130,20
iter03_timing,0,bstar_2023,HP_Peak,XGBoost_mono,size_peak,netfit,direct,log,all,mape_n_excluded,0.0,130,20
iter03_timing,0,bstar_2023,HP_Peak,XGBoost_mono,size_peak,netfit,direct,log,p0.05|n10,wape,19.671982745263485,10,9
iter03_timing,0,bstar_2023,HP_Peak,XGBoost_mono,size_peak,netfit,direct,log,p0.05|n10,rmse,1.4322737939102388,10,9
iter03_timing,0,bstar_2023,HP_Peak,XGBoost_mono,size_peak,netfit,direct,log,p0.05|n10,mae,1.0795751214324962,10,9
iter03_timing,0,bstar_2023,HP_Peak,XGBoost_mono,size_peak,netfit,direct,log,p0.05|n10,mape,20.56769320732584,10,9
iter03_timing,0,bstar_2023,HP_Peak,XGBoost_mono,size_peak,netfit,direct,log,p0.05|n10,r2,0.5184884898466018,10,9
iter03_timing,0,bstar_2023,HP_Peak,XGBoost_mono,size_peak,netfit,direct,log,p0.05|n10,n_pred_nan,0.0,10,9
iter03_timing,0,bstar_2023,HP_Peak,XGBoost_mono,size_peak,netfit,direct,log,p0.05|n10,mape_n_excluded,0.0,10,9
iter03_timing,0,bstar_2023,HP_Peak,XGBoost_mono,size_peak,netfit,direct,log,p0.05|n20,wape,52.0563139004739,10,7
iter03_timing,0,bstar_2023,HP_Peak,XGBoost_mono,size_peak,netfit,direct,log,p0.05|n20,rmse,4.760757440518053,10,7
iter03_timing,0,bstar_2023,HP_Peak,XGBoost_mono,size_peak,netfit,direct,log,p0.05|n20,mae,3.210263737081905,10,7
iter03_timing,0,bstar_2023,HP_Peak,XGBoost_mono,size_peak,netfit,direct,log,p0.05|n20,mape,59.84606863964292,10,7
iter03_timing,0,bstar_2023,HP_Peak,XGBoost_mono,size_peak,netfit,direct,log,p0.05|n20,r2,-2.0288617985694013,10,7
iter03_timing,0,bstar_2023,HP_Peak,XGBoost_mono,size_peak,netfit,direct,log,p0.05|n20,n_pred_nan,0.0,10,7
iter03_timing,0,bstar_2023,HP_Peak,XGBoost_mono,size_peak,netfit,direct,log,p0.05|n20,mape_n_excluded,0.0,10,7
iter03_timing,0,bstar_2023,HP_Peak,XGBoost_mono,size_peak,netfit,direct,log,p0.05|n40,wape,51.06401593248634,10,13
iter03_timing,0,bstar_2023,HP_Peak,XGBoost_mono,size_peak,netfit,direct,log,p0.05|n40,rmse,8.010181053770511,10,13
iter03_timing,0,bstar_2023,HP_Peak,XGBoost_mono,size_peak,netfit,direct,log,p0.05|n40,mae,6.138843075988779,10,13
iter03_timing,0,bstar_2023,HP_Peak,XGBoost_mono,size_peak,netfit,direct,log,p0.05|n40,mape,59.77826235125414,10,13
iter03_timing,0,bstar_2023,HP_Peak,XGBoost_mono,size_peak,netfit,direct,log,p0.05|n40,r2,-2.817978392817212,10,13
iter03_timing,0,bstar_2023,HP_Peak,XGBoost_mono,size_peak,netfit,direct,log,p0.05|n40,n_pred_nan,0.0,10,13
iter03_timing,0,bstar_2023,HP_Peak,XGBoost_mono,size_peak,netfit,direct,log,p0.05|n40,mape_n_excluded,0.0,10,13
iter03_timing,0,bstar_2023,HP_Peak,XGBoost_mono,size_peak,netfit,direct,log,p0.05|n80,wape,31.033193881795697,5,12
iter03_timing,0,bstar_2023,HP_Peak,XGBoost_mono,size_peak,netfit,direct,log,p0.05|n80,rmse,10.722051213940247,5,12
iter03_timing,0,bstar_2023,HP_Peak,XGBoost_mono,size_peak,netfit,direct,log,p0.05|n80,mae,10.440163003955368,5,12
iter03_timing,0,bstar_2023,HP_Peak,XGBoost_mono,size_peak,netfit,direct,log,p0.05|n80,mape,32.12478966020974,5,12
iter03_timing,0,bstar_2023,HP_Peak,XGBoost_mono,size_peak,netfit,direct,log,p0.05|n80,r2,-0.6376160142408616,5,12
iter03_timing,0,bstar_2023,HP_Peak,XGBoost_mono,size_peak,netfit,direct,log,p0.05|n80,n_pred_nan,0.0,5,12
iter03_timing,0,bstar_2023,HP_Peak,XGBoost_mono,size_peak,netfit,direct,log,p0.05|n80,mape_n_excluded,0.0,5,12
iter03_timing,0,bstar_2023,HP_Peak,XGBoost_mono,size_peak,netfit,direct,log,p0.05|n120,wape,11.068291338483384,5,15
iter03_timing,0,bstar_2023,HP_Peak,XGBoost_mono,size_peak,netfit,direct,log,p0.05|n120,rmse,5.644557812479912,5,15
iter03_timing,0,bstar_2023,HP_Peak,XGBoost_mono,size_peak,netfit,direct,log,p0.05|n120,mae,4.848504778125168,5,15
iter03_timing,0,bstar_2023,HP_Peak,XGBoost_mono,size_peak,netfit,direct,log,p0.05|n120,mape,11.228040165930825,5,15
iter03_timing,0,bstar_2023,HP_Peak,XGBoost_mono,size_peak,netfit,direct,log,p0.05|n120,r2,0.4103908791169455,5,15
iter03_timing,0,bstar_2023,HP_Peak,XGBoost_mono,size_peak,netfit,direct,log,p0.05|n120,n_pred_nan,0.0,5,15
iter03_timing,0,bstar_2023,HP_Peak,XGBoost_mono,size_peak,netfit,direct,log,p0.05|n120,mape_n_excluded,0.0,5,15
iter03_timing,0,bstar_2023,HP_Peak,XGBoost_mono,size_peak,netfit,direct,log,p0.1|n10,wape,47.55883656636764,10,9
iter03_timing,0,bstar_2023,HP_Peak,XGBoost_mono,size_peak,netfit,direct,log,p0.1|n10,rmse,4.589115653399074,10,9
iter03_timing,0,bstar_2023,HP_Peak,XGBoost_mono,size_peak,netfit,direct,log,p0.1|n10,mae,3.853218270254543,10,9
iter03_timing,0,bstar_2023,HP_Peak,XGBoost_mono,size_peak,netfit,direct,log,p0.1|n10,mape,49.76661735039325,10,9
iter03_timing,0,bstar_2023,HP_Peak,XGBoost_mono,size_peak,netfit,direct,log,p0.1|n10,r2,-1.8744504574606056,10,9
iter03_timing,0,bstar_2023,HP_Peak,XGBoost_mono,size_peak,netfit,direct,log,p0.1|n10,n_pred_nan,0.0,10,9
iter03_timing,0,bstar_2023,HP_Peak,XGBoost_mono,size_peak,netfit,direct,log,p0.1|n10,mape_n_excluded,0.0,10,9
iter03_timing,0,bstar_2023,HP_Peak,XGBoost_mono,size_peak,netfit,direct,log,p0.1|n20,wape,35.93799353303614,10,12
iter03_timing,0,bstar_2023,HP_Peak,XGBoost_mono,size_peak,netfit,direct,log,p0.1|n20,rmse,6.747681815759356,10,12
iter03_timing,0,bstar_2023,HP_Peak,XGBoost_mono,size_peak,netfit,direct,log,p0.1|n20,mae,5.266761252929794,10,12
iter03_timing,0,bstar_2023,HP_Peak,XGBoost_mono,size_peak,netfit,direct,log,p0.1|n20,mape,36.11706825737466,10,12
iter03_timing,0,bstar_2023,HP_Peak,XGBoost_mono,size_peak,netfit,direct,log,p0.1|n20,r2,-0.1590615555891275,10,12
iter03_timing,0,bstar_2023,HP_Peak,XGBoost_mono,size_peak,netfit,direct,log,p0.1|n20,n_pred_nan,0.0,10,12
iter03_timing,0,bstar_2023,HP_Peak,XGBoost_mono,size_peak,netfit,direct,log,p0.1|n20,mape_n_excluded,0.0,10,12
iter03_timing,0,bstar_2023,HP_Peak,XGBoost_mono,size_peak,netfit,direct,log,p0.1|n40,wape,19.7856462131558,5,12
iter03_timing,0,bstar_2023,HP_Peak,XGBoost_mono,size_peak,netfit,direct,log,p0.1|n40,rmse,6.807208672743634,5,12
iter03_timing,0,bstar_2023,HP_Peak,XGBoost_mono,size_peak,netfit,direct,log,p0.1|n40,mae,6.018450890649641,5,12
iter03_timing,0,bstar_2023,HP_Peak,XGBoost_mono,size_peak,netfit,direct,log,p0.1|n40,mape,19.319811993890557,5,12
iter03_timing,0,bstar_2023,HP_Peak,XGBoost_mono,size_peak,netfit,direct,log,p0.1|n40,r2,0.5952585976782018,5,12
iter03_timing,0,bstar_2023,HP_Peak,XGBoost_mono,size_peak,netfit,direct,log,p0.1|n40,n_pred_nan,0.0,5,12
iter03_timing,0,bstar_2023,HP_Peak,XGBoost_mono,size_peak,netfit,direct,log,p0.1|n40,mape_n_excluded,0.0,5,12
iter03_timing,0,bstar_2023,HP_Peak,XGBoost_mono,size_peak,netfit,direct,log,p0.1|n80,wape,32.07312683310647,5,16
iter03_timing,0,bstar_2023,HP_Peak,XGBoost_mono,size_peak,netfit,direct,log,p0.1|n80,rmse,22.10353209077612,5,16
iter03_timing,0,bstar_2023,HP_Peak,XGBoost_mono,size_peak,netfit,direct,log,p0.1|n80,mae,21.462014037549476,5,16
iter03_timing,0,bstar_2023,HP_Peak,XGBoost_mono,size_peak,netfit,direct,log,p0.1|n80,mape,31.783299092003325,5,16
iter03_timing,0,bstar_2023,HP_Peak,XGBoost_mono,size_peak,netfit,direct,log,p0.1|n80,r2,-3.816508297822456,5,16
iter03_timing,0,bstar_2023,HP_Peak,XGBoost_mono,size_peak,netfit,direct,log,p0.1|n80,n_pred_nan,0.0,5,16
iter03_timing,0,bstar_2023,HP_Peak,XGBoost_mono,size_peak,netfit,direct,log,p0.1|n80,mape_n_excluded,0.0,5,16
iter03_timing,0,bstar_2023,HP_Peak,XGBoost_mono,size_peak,netfit,direct,log,p0.1|n120,wape,21.057383029178222,5,16
iter03_timing,0,bstar_2023,HP_Peak,XGBoost_mono,size_peak,netfit,direct,log,p0.1|n120,rmse,21.567396105419828,5,16
iter03_timing,0,bstar_2023,HP_Peak,XGBoost_mono,size_peak,netfit,direct,log,p0.1|n120,mae,19.700819077441643,5,16
iter03_timing,0,bstar_2023,HP_Peak,XGBoost_mono,size_peak,netfit,direct,log,p0.1|n120,mape,21.055500438960543,5,16
iter03_timing,0,bstar_2023,HP_Peak,XGBoost_mono,size_peak,netfit,direct,log,p0.1|n120,r2,-5.702648232542579,5,16
iter03_timing,0,bstar_2023,HP_Peak,XGBoost_mono,size_peak,netfit,direct,log,p0.1|n120,n_pred_nan,0.0,5,16
iter03_timing,0,bstar_2023,HP_Peak,XGBoost_mono,size_peak,netfit,direct,log,p0.1|n120,mape_n_excluded,0.0,5,16
iter03_timing,0,bstar_2023,HP_Peak,XGBoost_mono,size_peak,netfit,direct,log,p0.2|n10,wape,32.58908449831201,10,12
iter03_timing,0,bstar_2023,HP_Peak,XGBoost_mono,size_peak,netfit,direct,log,p0.2|n10,rmse,5.031315314682508,10,12
iter03_timing,0,bstar_2023,HP_Peak,XGBoost_mono,size_peak,netfit,direct,log,p0.2|n10,mae,4.486269294906637,10,12
iter03_timing,0,bstar_2023,HP_Peak,XGBoost_mono,size_peak,netfit,direct,log,p0.2|n10,mape,31.41276027801334,10,12
iter03_timing,0,bstar_2023,HP_Peak,XGBoost_mono,size_peak,netfit,direct,log,p0.2|n10,r2,-2.001607981637456,10,12
iter03_timing,0,bstar_2023,HP_Peak,XGBoost_mono,size_peak,netfit,direct,log,p0.2|n10,n_pred_nan,0.0,10,12
iter03_timing,0,bstar_2023,HP_Peak,XGBoost_mono,size_peak,netfit,direct,log,p0.2|n10,mape_n_excluded,0.0,10,12
iter03_timing,0,bstar_2023,HP_Peak,XGBoost_mono,size_peak,netfit,direct,log,p0.2|n20,wape,29.482704713614567,5,13
iter03_timing,0,bstar_2023,HP_Peak,XGBoost_mono,size_peak,netfit,direct,log,p0.2|n20,rmse,9.12300087243218,5,13
iter03_timing,0,bstar_2023,HP_Peak,XGBoost_mono,size_peak,netfit,direct,log,p0.2|n20,mae,8.690245386352874,5,13
iter03_timing,0,bstar_2023,HP_Peak,XGBoost_mono,size_peak,netfit,direct,log,p0.2|n20,mape,29.50924421324884,5,13
iter03_timing,0,bstar_2023,HP_Peak,XGBoost_mono,size_peak,netfit,direct,log,p0.2|n20,r2,-6.236706564677746,5,13
iter03_timing,0,bstar_2023,HP_Peak,XGBoost_mono,size_peak,netfit,direct,log,p0.2|n20,n_pred_nan,0.0,5,13
iter03_timing,0,bstar_2023,HP_Peak,XGBoost_mono,size_peak,netfit,direct,log,p0.2|n20,mape_n_excluded,0.0,5,13
iter03_timing,0,bstar_2023,HP_Peak,XGBoost_mono,size_peak,netfit,direct,log,p0.2|n40,wape,26.91751601094569,5,16
iter03_timing,0,bstar_2023,HP_Peak,XGBoost_mono,size_peak,netfit,direct,log,p0.2|n40,rmse,18.62752696229613,5,16
iter03_timing,0,bstar_2023,HP_Peak,XGBoost_mono,size_peak,netfit,direct,log,p0.2|n40,mae,18.386204194092574,5,16
iter03_timing,0,bstar_2023,HP_Peak,XGBoost_mono,size_peak,netfit,direct,log,p0.2|n40,mape,26.814956577386983,5,16
iter03_timing,0,bstar_2023,HP_Peak,XGBoost_mono,size_peak,netfit,direct,log,p0.2|n40,r2,-17.83240272012262,5,16
iter03_timing,0,bstar_2023,HP_Peak,XGBoost_mono,size_peak,netfit,direct,log,p0.2|n40,n_pred_nan,0.0,5,16
iter03_timing,0,bstar_2023,HP_Peak,XGBoost_mono,size_peak,netfit,direct,log,p0.2|n40,mape_n_excluded,0.0,5,16
iter03_timing,0,bstar_2023,HP_Peak,XGBoost_mono,size_peak,netfit,direct,log,p0.3|n10,wape,20.955103117206956,10,14
iter03_timing,0,bstar_2023,HP_Peak,XGBoost_mono,size_peak,netfit,direct,log,p0.3|n10,rmse,4.81215955906488,10,14
iter03_timing,0,bstar_2023,HP_Peak,XGBoost_mono,size_peak,netfit,direct,log,p0.3|n10,mae,4.247957482659918,10,14
iter03_timing,0,bstar_2023,HP_Peak,XGBoost_mono,size_peak,netfit,direct,log,p0.3|n10,mape,20.034527518032245,10,14
iter03_timing,0,bstar_2023,HP_Peak,XGBoost_mono,size_peak,netfit,direct,log,p0.3|n10,r2,-1.582404601942636,10,14
iter03_timing,0,bstar_2023,HP_Peak,XGBoost_mono,size_peak,netfit,direct,log,p0.3|n10,n_pred_nan,0.0,10,14
iter03_timing,0,bstar_2023,HP_Peak,XGBoost_mono,size_peak,netfit,direct,log,p0.3|n10,mape_n_excluded,0.0,10,14
iter03_timing,0,bstar_2023,HP_Peak,XGBoost_mono,size_peak,netfit,direct,log,p0.3|n20,wape,21.199661419225624,5,14
iter03_timing,0,bstar_2023,HP_Peak,XGBoost_mono,size_peak,netfit,direct,log,p0.3|n20,rmse,11.157837856841974,5,14
iter03_timing,0,bstar_2023,HP_Peak,XGBoost_mono,size_peak,netfit,direct,log,p0.3|n20,mae,9.89965168420455,5,14
iter03_timing,0,bstar_2023,HP_Peak,XGBoost_mono,size_peak,netfit,direct,log,p0.3|n20,mape,19.81932656695945,5,14
iter03_timing,0,bstar_2023,HP_Peak,XGBoost_mono,size_peak,netfit,direct,log,p0.3|n20,r2,-0.0905270997810792,5,14
iter03_timing,0,bstar_2023,HP_Peak,XGBoost_mono,size_peak,netfit,direct,log,p0.3|n20,n_pred_nan,0.0,5,14
iter03_timing,0,bstar_2023,HP_Peak,XGBoost_mono,size_peak,netfit,direct,log,p0.3|n20,mape_n_excluded,0.0,5,14
iter03_timing,0,bstar_2023,HP_Peak,XGBoost_mono,size_peak,netfit,direct,log,p0.3|n40,wape,35.46118968348013,5,16
iter03_timing,0,bstar_2023,HP_Peak,XGBoost_mono,size_peak,netfit,direct,log,p0.3|n40,rmse,37.448029486280745,5,16
iter03_timing,0,bstar_2023,HP_Peak,XGBoost_mono,size_peak,netfit,direct,log,p0.3|n40,mae,36.28101522563576,5,16
iter03_timing,0,bstar_2023,HP_Peak,XGBoost_mono,size_peak,netfit,direct,log,p0.3|n40,mape,35.59138164522031,5,16
iter03_timing,0,bstar_2023,HP_Peak,XGBoost_mono,size_peak,netfit,direct,log,p0.3|n40,r2,-65.55806358335826,5,16
iter03_timing,0,bstar_2023,HP_Peak,XGBoost_mono,size_peak,netfit,direct,log,p0.3|n40,n_pred_nan,0.0,5,16
iter03_timing,0,bstar_2023,HP_Peak,XGBoost_mono,size_peak,netfit,direct,log,p0.3|n40,mape_n_excluded,0.0,5,16
iter03_timing,0,bstar_2023,HP_Peak,XGBoost_mono,size_peak,netfit,direct,log,p0.5|n10,wape,36.63119629153665,5,12
iter03_timing,0,bstar_2023,HP_Peak,XGBoost_mono,size_peak,netfit,direct,log,p0.5|n10,rmse,16.826174533733134,5,12
iter03_timing,0,bstar_2023,HP_Peak,XGBoost_mono,size_peak,netfit,direct,log,p0.5|n10,mae,15.137273644360814,5,12
iter03_timing,0,bstar_2023,HP_Peak,XGBoost_mono,size_peak,netfit,direct,log,p0.5|n10,mape,36.19451479115877,5,12
iter03_timing,0,bstar_2023,HP_Peak,XGBoost_mono,size_peak,netfit,direct,log,p0.5|n10,r2,-2.789227415309259,5,12
iter03_timing,0,bstar_2023,HP_Peak,XGBoost_mono,size_peak,netfit,direct,log,p0.5|n10,n_pred_nan,0.0,5,12
iter03_timing,0,bstar_2023,HP_Peak,XGBoost_mono,size_peak,netfit,direct,log,p0.5|n10,mape_n_excluded,0.0,5,12
iter03_timing,0,bstar_2023,HP_Peak,XGBoost_mono,size_peak,netfit,direct,log,p0.5|n20,wape,35.762474663663696,5,16
iter03_timing,0,bstar_2023,HP_Peak,XGBoost_mono,size_peak,netfit,direct,log,p0.5|n20,rmse,31.96138675568303,5,16
iter03_timing,0,bstar_2023,HP_Peak,XGBoost_mono,size_peak,netfit,direct,log,p0.5|n20,mae,31.438773452539785,5,16
iter03_timing,0,bstar_2023,HP_Peak,XGBoost_mono,size_peak,netfit,direct,log,p0.5|n20,mape,35.84133502129775,5,16
iter03_timing,0,bstar_2023,HP_Peak,XGBoost_mono,size_peak,netfit,direct,log,p0.5|n20,r2,-54.84914905546495,5,16
iter03_timing,0,bstar_2023,HP_Peak,XGBoost_mono,size_peak,netfit,direct,log,p0.5|n20,n_pred_nan,0.0,5,16
iter03_timing,0,bstar_2023,HP_Peak,XGBoost_mono,size_peak,netfit,direct,log,p0.5|n20,mape_n_excluded,0.0,5,16
iter03_timing,0,bstar_2023,HP_Peak,XGBoost_mono,size_peak,netfit,direct,log,p1.0|n10,wape,35.2200841859643,5,16
iter03_timing,0,bstar_2023,HP_Peak,XGBoost_mono,size_peak,netfit,direct,log,p1.0|n10,rmse,31.12378268749595,5,16
iter03_timing,0,bstar_2023,HP_Peak,XGBoost_mono,size_peak,netfit,direct,log,p1.0|n10,mae,30.121418550391397,5,16
iter03_timing,0,bstar_2023,HP_Peak,XGBoost_mono,size_peak,netfit,direct,log,p1.0|n10,mape,34.575842522134685,5,16
iter03_timing,0,bstar_2023,HP_Peak,XGBoost_mono,size_peak,netfit,direct,log,p1.0|n10,r2,-7.427526257892888,5,16
iter03_timing,0,bstar_2023,HP_Peak,XGBoost_mono,size_peak,netfit,direct,log,p1.0|n10,n_pred_nan,0.0,5,16
iter03_timing,0,bstar_2023,HP_Peak,XGBoost_mono,size_peak,netfit,direct,log,p1.0|n10,mape_n_excluded,0.0,5,16
iter03_timing,0,bstar_2023,HP_Peak,Lasso,size_peak,netfit,residual,log,all,wape,27.16631791065852,130,20
iter03_timing,0,bstar_2023,HP_Peak,Lasso,size_peak,netfit,residual,log,all,rmse,13.192633364366037,130,20
iter03_timing,0,bstar_2023,HP_Peak,Lasso,size_peak,netfit,residual,log,all,mae,9.307911014300863,130,20
iter03_timing,0,bstar_2023,HP_Peak,Lasso,size_peak,netfit,residual,log,all,mape,33.92226669083811,130,20
iter03_timing,0,bstar_2023,HP_Peak,Lasso,size_peak,netfit,residual,log,all,r2,0.8173286327531065,130,20
iter03_timing,0,bstar_2023,HP_Peak,Lasso,size_peak,netfit,residual,log,all,n_pred_nan,0.0,130,20
iter03_timing,0,bstar_2023,HP_Peak,Lasso,size_peak,netfit,residual,log,all,mape_n_excluded,0.0,130,20
iter03_timing,0,bstar_2023,HP_Peak,Lasso,size_peak,netfit,residual,log,all,n_invalid,0.0,130,20
iter03_timing,0,bstar_2023,HP_Peak,Lasso,size_peak,netfit,residual,log,all,n_resid_excluded_train,0.0,130,20
iter03_timing,0,bstar_2023,HP_Peak,Lasso,size_peak,netfit,residual,log,all,n_resid_excluded_inner,0.0,130,20
iter03_timing,0,bstar_2023,HP_Peak,Lasso,size_peak,netfit,residual,log,p0.05|n10,wape,23.861067619585064,10,9
iter03_timing,0,bstar_2023,HP_Peak,Lasso,size_peak,netfit,residual,log,p0.05|n10,rmse,1.8651102578848813,10,9
iter03_timing,0,bstar_2023,HP_Peak,Lasso,size_peak,netfit,residual,log,p0.05|n10,mae,1.309467139458775,10,9
iter03_timing,0,bstar_2023,HP_Peak,Lasso,size_peak,netfit,residual,log,p0.05|n10,mape,23.412372530275384,10,9
iter03_timing,0,bstar_2023,HP_Peak,Lasso,size_peak,netfit,residual,log,p0.05|n10,r2,0.183486061584056,10,9
iter03_timing,0,bstar_2023,HP_Peak,Lasso,size_peak,netfit,residual,log,p0.05|n10,n_pred_nan,0.0,10,9
iter03_timing,0,bstar_2023,HP_Peak,Lasso,size_peak,netfit,residual,log,p0.05|n10,mape_n_excluded,0.0,10,9
iter03_timing,0,bstar_2023,HP_Peak,Lasso,size_peak,netfit,residual,log,p0.05|n20,wape,61.5853485226135,10,7
iter03_timing,0,bstar_2023,HP_Peak,Lasso,size_peak,netfit,residual,log,p0.05|n20,rmse,5.318031009527174,10,7
iter03_timing,0,bstar_2023,HP_Peak,Lasso,size_peak,netfit,residual,log,p0.05|n20,mae,3.797910306820572,10,7
iter03_timing,0,bstar_2023,HP_Peak,Lasso,size_peak,netfit,residual,log,p0.05|n20,mape,68.67748661749962,10,7
iter03_timing,0,bstar_2023,HP_Peak,Lasso,size_peak,netfit,residual,log,p0.05|n20,r2,-2.779454129941793,10,7
iter03_timing,0,bstar_2023,HP_Peak,Lasso,size_peak,netfit,residual,log,p0.05|n20,n_pred_nan,0.0,10,7
iter03_timing,0,bstar_2023,HP_Peak,Lasso,size_peak,netfit,residual,log,p0.05|n20,mape_n_excluded,0.0,10,7
iter03_timing,0,bstar_2023,HP_Peak,Lasso,size_peak,netfit,residual,log,p0.05|n40,wape,51.04728444729179,10,13
iter03_timing,0,bstar_2023,HP_Peak,Lasso,size_peak,netfit,residual,log,p0.05|n40,rmse,8.931902419192502,10,13
iter03_timing,0,bstar_2023,HP_Peak,Lasso,size_peak,netfit,residual,log,p0.05|n40,mae,6.13683164073125,10,13
iter03_timing,0,bstar_2023,HP_Peak,Lasso,size_peak,netfit,residual,log,p0.05|n40,mape,63.32062283027658,10,13
iter03_timing,0,bstar_2023,HP_Peak,Lasso,size_peak,netfit,residual,log,p0.05|n40,r2,-3.747191383753704,10,13
iter03_timing,0,bstar_2023,HP_Peak,Lasso,size_peak,netfit,residual,log,p0.05|n40,n_pred_nan,0.0,10,13
iter03_timing,0,bstar_2023,HP_Peak,Lasso,size_peak,netfit,residual,log,p0.05|n40,mape_n_excluded,0.0,10,13
iter03_timing,0,bstar_2023,HP_Peak,Lasso,size_peak,netfit,residual,log,p0.05|n80,wape,17.818911607626163,5,12
iter03_timing,0,bstar_2023,HP_Peak,Lasso,size_peak,netfit,residual,log,p0.05|n80,rmse,7.990485246143728,5,12
iter03_timing,0,bstar_2023,HP_Peak,Lasso,size_peak,netfit,residual,log,p0.05|n80,mae,5.994624415562251,5,12
iter03_timing,0,bstar_2023,HP_Peak,Lasso,size_peak,netfit,residual,log,p0.05|n80,mape,24.879746951719337,5,12
iter03_timing,0,bstar_2023,HP_Peak,Lasso,size_peak,netfit,residual,log,p0.05|n80,r2,0.0905001538682001,5,12
iter03_timing,0,bstar_2023,HP_Peak,Lasso,size_peak,netfit,residual,log,p0.05|n80,n_pred_nan,0.0,5,12
iter03_timing,0,bstar_2023,HP_Peak,Lasso,size_peak,netfit,residual,log,p0.05|n80,mape_n_excluded,0.0,5,12
iter03_timing,0,bstar_2023,HP_Peak,Lasso,size_peak,netfit,residual,log,p0.05|n120,wape,27.63760058854392,5,15
iter03_timing,0,bstar_2023,HP_Peak,Lasso,size_peak,netfit,residual,log,p0.05|n120,rmse,12.538883574251996,5,15
iter03_timing,0,bstar_2023,HP_Peak,Lasso,size_peak,netfit,residual,log,p0.05|n120,mae,12.106750212073065,5,15
iter03_timing,0,bstar_2023,HP_Peak,Lasso,size_peak,netfit,residual,log,p0.05|n120,mape,29.04667063744647,5,15
iter03_timing,0,bstar_2023,HP_Peak,Lasso,size_peak,netfit,residual,log,p0.05|n120,r2,-1.9095249244866928,5,15
iter03_timing,0,bstar_2023,HP_Peak,Lasso,size_peak,netfit,residual,log,p0.05|n120,n_pred_nan,0.0,5,15
iter03_timing,0,bstar_2023,HP_Peak,Lasso,size_peak,netfit,residual,log,p0.05|n120,mape_n_excluded,0.0,5,15
iter03_timing,0,bstar_2023,HP_Peak,Lasso,size_peak,netfit,residual,log,p0.1|n10,wape,43.63760958615184,10,9
iter03_timing,0,bstar_2023,HP_Peak,Lasso,size_peak,netfit,residual,log,p0.1|n10,rmse,4.159741586827542,10,9
iter03_timing,0,bstar_2023,HP_Peak,Lasso,size_peak,netfit,residual,log,p0.1|n10,mae,3.5355203505231017,10,9
iter03_timing,0,bstar_2023,HP_Peak,Lasso,size_peak,netfit,residual,log,p0.1|n10,mape,46.86637366171802,10,9
iter03_timing,0,bstar_2023,HP_Peak,Lasso,size_peak,netfit,residual,log,p0.1|n10,r2,-1.361726084701143,10,9
iter03_timing,0,bstar_2023,HP_Peak,Lasso,size_peak,netfit,residual,log,p0.1|n10,n_pred_nan,0.0,10,9
iter03_timing,0,bstar_2023,HP_Peak,Lasso,size_peak,netfit,residual,log,p0.1|n10,mape_n_excluded,0.0,10,9
iter03_timing,0,bstar_2023,HP_Peak,Lasso,size_peak,netfit,residual,log,p0.1|n20,wape,34.567497524519155,10,12
iter03_timing,0,bstar_2023,HP_Peak,Lasso,size_peak,netfit,residual,log,p0.1|n20,rmse,6.4072098164762,10,12
iter03_timing,0,bstar_2023,HP_Peak,Lasso,size_peak,netfit,residual,log,p0.1|n20,mae,5.065913220934993,10,12
iter03_timing,0,bstar_2023,HP_Peak,Lasso,size_peak,netfit,residual,log,p0.1|n20,mape,34.38862310089458,10,12
iter03_timing,0,bstar_2023,HP_Peak,Lasso,size_peak,netfit,residual,log,p0.1|n20,r2,-0.0450455069191735,10,12
iter03_timing,0,bstar_2023,HP_Peak,Lasso,size_peak,netfit,residual,log,p0.1|n20,n_pred_nan,0.0,10,12
iter03_timing,0,bstar_2023,HP_Peak,Lasso,size_peak,netfit,residual,log,p0.1|n20,mape_n_excluded,0.0,10,12
iter03_timing,0,bstar_2023,HP_Peak,Lasso,size_peak,netfit,residual,log,p0.1|n40,wape,18.296147222065557,5,12
iter03_timing,0,bstar_2023,HP_Peak,Lasso,size_peak,netfit,residual,log,p0.1|n40,rmse,6.557901479865216,5,12
iter03_timing,0,bstar_2023,HP_Peak,Lasso,size_peak,netfit,residual,log,p0.1|n40,mae,5.56537109568251,5,12
iter03_timing,0,bstar_2023,HP_Peak,Lasso,size_peak,netfit,residual,log,p0.1|n40,mape,17.326695445091502,5,12
iter03_timing,0,bstar_2023,HP_Peak,Lasso,size_peak,netfit,residual,log,p0.1|n40,r2,0.6243622072289678,5,12
iter03_timing,0,bstar_2023,HP_Peak,Lasso,size_peak,netfit,residual,log,p0.1|n40,n_pred_nan,0.0,5,12
iter03_timing,0,bstar_2023,HP_Peak,Lasso,size_peak,netfit,residual,log,p0.1|n40,mape_n_excluded,0.0,5,12
iter03_timing,0,bstar_2023,HP_Peak,Lasso,size_peak,netfit,residual,log,p0.1|n80,wape,15.853817680780304,5,16
iter03_timing,0,bstar_2023,HP_Peak,Lasso,size_peak,netfit,residual,log,p0.1|n80,rmse,11.652676222234756,5,16
iter03_timing,0,bstar_2023,HP_Peak,Lasso,size_peak,netfit,residual,log,p0.1|n80,mae,10.608721107367666,5,16
iter03_timing,0,bstar_2023,HP_Peak,Lasso,size_peak,netfit,residual,log,p0.1|n80,mape,15.335445446784108,5,16
iter03_timing,0,bstar_2023,HP_Peak,Lasso,size_peak,netfit,residual,log,p0.1|n80,r2,-0.3386292636474146,5,16
iter03_timing,0,bstar_2023,HP_Peak,Lasso,size_peak,netfit,residual,log,p0.1|n80,n_pred_nan,0.0,5,16
iter03_timing,0,bstar_2023,HP_Peak,Lasso,size_peak,netfit,residual,log,p0.1|n80,mape_n_excluded,0.0,5,16
iter03_timing,0,bstar_2023,HP_Peak,Lasso,size_peak,netfit,residual,log,p0.1|n120,wape,13.225513395246413,5,16
iter03_timing,0,bstar_2023,HP_Peak,Lasso,size_peak,netfit,residual,log,p0.1|n120,rmse,13.382616900248047,5,16
iter03_timing,0,bstar_2023,HP_Peak,Lasso,size_peak,netfit,residual,log,p0.1|n120,mae,12.373496091370608,5,16
iter03_timing,0,bstar_2023,HP_Peak,Lasso,size_peak,netfit,residual,log,p0.1|n120,mape,13.032636305379796,5,16
iter03_timing,0,bstar_2023,HP_Peak,Lasso,size_peak,netfit,residual,log,p0.1|n120,r2,-1.5806736627691,5,16
iter03_timing,0,bstar_2023,HP_Peak,Lasso,size_peak,netfit,residual,log,p0.1|n120,n_pred_nan,0.0,5,16
iter03_timing,0,bstar_2023,HP_Peak,Lasso,size_peak,netfit,residual,log,p0.1|n120,mape_n_excluded,0.0,5,16
iter03_timing,0,bstar_2023,HP_Peak,Lasso,size_peak,netfit,residual,log,p0.2|n10,wape,35.949934002574494,10,12
iter03_timing,0,bstar_2023,HP_Peak,Lasso,size_peak,netfit,residual,log,p0.2|n10,rmse,5.63387327371956,10,12
iter03_timing,0,bstar_2023,HP_Peak,Lasso,size_peak,netfit,residual,log,p0.2|n10,mae,4.94892960488116,10,12
iter03_timing,0,bstar_2023,HP_Peak,Lasso,size_peak,netfit,residual,log,p0.2|n10,mape,34.75611729297039,10,12
iter03_timing,0,bstar_2023,HP_Peak,Lasso,size_peak,netfit,residual,log,p0.2|n10,r2,-2.7636137640722964,10,12
iter03_timing,0,bstar_2023,HP_Peak,Lasso,size_peak,netfit,residual,log,p0.2|n10,n_pred_nan,0.0,10,12
iter03_timing,0,bstar_2023,HP_Peak,Lasso,size_peak,netfit,residual,log,p0.2|n10,mape_n_excluded,0.0,10,12
iter03_timing,0,bstar_2023,HP_Peak,Lasso,size_peak,netfit,residual,log,p0.2|n20,wape,22.05638420293921,5,13
iter03_timing,0,bstar_2023,HP_Peak,Lasso,size_peak,netfit,residual,log,p0.2|n20,rmse,6.976070472635985,5,13
iter03_timing,0,bstar_2023,HP_Peak,Lasso,size_peak,netfit,residual,log,p0.2|n20,mae,6.501282461059509,5,13
iter03_timing,0,bstar_2023,HP_Peak,Lasso,size_peak,netfit,residual,log,p0.2|n20,mape,22.20806254771766,5,13
iter03_timing,0,bstar_2023,HP_Peak,Lasso,size_peak,netfit,residual,log,p0.2|n20,r2,-3.2314308571259014,5,13
iter03_timing,0,bstar_2023,HP_Peak,Lasso,size_peak,netfit,residual,log,p0.2|n20,n_pred_nan,0.0,5,13
iter03_timing,0,bstar_2023,HP_Peak,Lasso,size_peak,netfit,residual,log,p0.2|n20,mape_n_excluded,0.0,5,13
iter03_timing,0,bstar_2023,HP_Peak,Lasso,size_peak,netfit,residual,log,p0.2|n40,wape,23.317981680268296,5,16
iter03_timing,0,bstar_2023,HP_Peak,Lasso,size_peak,netfit,residual,log,p0.2|n40,rmse,16.124588041123918,5,16
iter03_timing,0,bstar_2023,HP_Peak,Lasso,size_peak,netfit,residual,log,p0.2|n40,mae,15.927516208894806,5,16
iter03_timing,0,bstar_2023,HP_Peak,Lasso,size_peak,netfit,residual,log,p0.2|n40,mape,23.345204745328846,5,16
iter03_timing,0,bstar_2023,HP_Peak,Lasso,size_peak,netfit,residual,log,p0.2|n40,r2,-13.11148073259882,5,16
iter03_timing,0,bstar_2023,HP_Peak,Lasso,size_peak,netfit,residual,log,p0.2|n40,n_pred_nan,0.0,5,16
iter03_timing,0,bstar_2023,HP_Peak,Lasso,size_peak,netfit,residual,log,p0.2|n40,mape_n_excluded,0.0,5,16
iter03_timing,0,bstar_2023,HP_Peak,Lasso,size_peak,netfit,residual,log,p0.3|n10,wape,19.940601103522173,10,14
iter03_timing,0,bstar_2023,HP_Peak,Lasso,size_peak,netfit,residual,log,p0.3|n10,rmse,4.486738817908308,10,14
iter03_timing,0,bstar_2023,HP_Peak,Lasso,size_peak,netfit,residual,log,p0.3|n10,mae,4.042300588675603,10,14
iter03_timing,0,bstar_2023,HP_Peak,Lasso,size_peak,netfit,residual,log,p0.3|n10,mape,19.591362892738257,10,14
iter03_timing,0,bstar_2023,HP_Peak,Lasso,size_peak,netfit,residual,log,p0.3|n10,r2,-1.2449456290385132,10,14
iter03_timing,0,bstar_2023,HP_Peak,Lasso,size_peak,netfit,residual,log,p0.3|n10,n_pred_nan,0.0,10,14
iter03_timing,0,bstar_2023,HP_Peak,Lasso,size_peak,netfit,residual,log,p0.3|n10,mape_n_excluded,0.0,10,14
iter03_timing,0,bstar_2023,HP_Peak,Lasso,size_peak,netfit,residual,log,p0.3|n20,wape,25.511651059601668,5,14
iter03_timing,0,bstar_2023,HP_Peak,Lasso,size_peak,netfit,residual,log,p0.3|n20,rmse,13.059816461656874,5,14
iter03_timing,0,bstar_2023,HP_Peak,Lasso,size_peak,netfit,residual,log,p0.3|n20,mae,11.913230800468597,5,14
iter03_timing,0,bstar_2023,HP_Peak,Lasso,size_peak,netfit,residual,log,p0.3|n20,mape,24.21463920281216,5,14
iter03_timing,0,bstar_2023,HP_Peak,Lasso,size_peak,netfit,residual,log,p0.3|n20,r2,-0.4939997243077156,5,14
iter03_timing,0,bstar_2023,HP_Peak,Lasso,size_peak,netfit,residual,log,p0.3|n20,n_pred_nan,0.0,5,14
iter03_timing,0,bstar_2023,HP_Peak,Lasso,size_peak,netfit,residual,log,p0.3|n20,mape_n_excluded,0.0,5,14
iter03_timing,0,bstar_2023,HP_Peak,Lasso,size_peak,netfit,residual,log,p0.3|n40,wape,32.83683509041661,5,16
iter03_timing,0,bstar_2023,HP_Peak,Lasso,size_peak,netfit,residual,log,p0.3|n40,rmse,33.91488278783223,5,16
iter03_timing,0,bstar_2023,HP_Peak,Lasso,size_peak,netfit,residual,log,p0.3|n40,mae,33.59598830470419,5,16
iter03_timing,0,bstar_2023,HP_Peak,Lasso,size_peak,netfit,residual,log,p0.3|n40,mape,32.886455465853246,5,16
iter03_timing,0,bstar_2023,HP_Peak,Lasso,size_peak,netfit,residual,log,p0.3|n40,r2,-53.59129278228801,5,16
iter03_timing,0,bstar_2023,HP_Peak,Lasso,size_peak,netfit,residual,log,p0.3|n40,n_pred_nan,0.0,5,16
iter03_timing,0,bstar_2023,HP_Peak,Lasso,size_peak,netfit,residual,log,p0.3|n40,mape_n_excluded,0.0,5,16
iter03_timing,0,bstar_2023,HP_Peak,Lasso,size_peak,netfit,residual,log,p0.5|n10,wape,33.368131968568065,5,12
iter03_timing,0,bstar_2023,HP_Peak,Lasso,size_peak,netfit,residual,log,p0.5|n10,rmse,15.541292586667844,5,12
iter03_timing,0,bstar_2023,HP_Peak,Lasso,size_peak,netfit,residual,log,p0.5|n10,mae,13.78886292954781,5,12
iter03_timing,0,bstar_2023,HP_Peak,Lasso,size_peak,netfit,residual,log,p0.5|n10,mape,33.36611558619997,5,12
iter03_timing,0,bstar_2023,HP_Peak,Lasso,size_peak,netfit,residual,log,p0.5|n10,r2,-2.23261635143822,5,12
iter03_timing,0,bstar_2023,HP_Peak,Lasso,size_peak,netfit,residual,log,p0.5|n10,n_pred_nan,0.0,5,12
iter03_timing,0,bstar_2023,HP_Peak,Lasso,size_peak,netfit,residual,log,p0.5|n10,mape_n_excluded,0.0,5,12
iter03_timing,0,bstar_2023,HP_Peak,Lasso,size_peak,netfit,residual,log,p0.5|n20,wape,31.913796690011875,5,16
iter03_timing,0,bstar_2023,HP_Peak,Lasso,size_peak,netfit,residual,log,p0.5|n20,rmse,28.546718667765155,5,16
iter03_timing,0,bstar_2023,HP_Peak,Lasso,size_peak,netfit,residual,log,p0.5|n20,mae,28.055402585636138,5,16
iter03_timing,0,bstar_2023,HP_Peak,Lasso,size_peak,netfit,residual,log,p0.5|n20,mape,32.115241830272204,5,16
iter03_timing,0,bstar_2023,HP_Peak,Lasso,size_peak,netfit,residual,log,p0.5|n20,r2,-43.55307886560505,5,16
iter03_timing,0,bstar_2023,HP_Peak,Lasso,size_peak,netfit,residual,log,p0.5|n20,n_pred_nan,0.0,5,16
iter03_timing,0,bstar_2023,HP_Peak,Lasso,size_peak,netfit,residual,log,p0.5|n20,mape_n_excluded,0.0,5,16
iter03_timing,0,bstar_2023,HP_Peak,Lasso,size_peak,netfit,residual,log,p1.0|n10,wape,32.623457156317855,5,16
iter03_timing,0,bstar_2023,HP_Peak,Lasso,size_peak,netfit,residual,log,p1.0|n10,rmse,28.57976559396063,5,16
iter03_timing,0,bstar_2023,HP_Peak,Lasso,size_peak,netfit,residual,log,p1.0|n10,mae,27.900694455404427,5,16
iter03_timing,0,bstar_2023,HP_Peak,Lasso,size_peak,netfit,residual,log,p1.0|n10,mape,32.196101944439924,5,16
iter03_timing,0,bstar_2023,HP_Peak,Lasso,size_peak,netfit,residual,log,p1.0|n10,r2,-6.106122512332386,5,16
iter03_timing,0,bstar_2023,HP_Peak,Lasso,size_peak,netfit,residual,log,p1.0|n10,n_pred_nan,0.0,5,16
iter03_timing,0,bstar_2023,HP_Peak,Lasso,size_peak,netfit,residual,log,p1.0|n10,mape_n_excluded,0.0,5,16
iter03_timing,0,bstar_2023,HP_Peak,XGBoost,size_peak,netfit,residual,log,all,wape,27.276699065545078,130,20
iter03_timing,0,bstar_2023,HP_Peak,XGBoost,size_peak,netfit,residual,log,all,rmse,13.175995016316657,130,20
iter03_timing,0,bstar_2023,HP_Peak,XGBoost,size_peak,netfit,residual,log,all,mae,9.345730566097274,130,20
iter03_timing,0,bstar_2023,HP_Peak,XGBoost,size_peak,netfit,residual,log,all,mape,32.893726752067806,130,20
iter03_timing,0,bstar_2023,HP_Peak,XGBoost,size_peak,netfit,residual,log,all,r2,0.8177891068847245,130,20
iter03_timing,0,bstar_2023,HP_Peak,XGBoost,size_peak,netfit,residual,log,all,n_pred_nan,0.0,130,20
iter03_timing,0,bstar_2023,HP_Peak,XGBoost,size_peak,netfit,residual,log,all,mape_n_excluded,0.0,130,20
iter03_timing,0,bstar_2023,HP_Peak,XGBoost,size_peak,netfit,residual,log,all,n_invalid,0.0,130,20
iter03_timing,0,bstar_2023,HP_Peak,XGBoost,size_peak,netfit,residual,log,all,n_resid_excluded_train,0.0,130,20
iter03_timing,0,bstar_2023,HP_Peak,XGBoost,size_peak,netfit,residual,log,all,n_resid_excluded_inner,0.0,130,20
iter03_timing,0,bstar_2023,HP_Peak,XGBoost,size_peak,netfit,residual,log,p0.05|n10,wape,21.654998479304112,10,9
iter03_timing,0,bstar_2023,HP_Peak,XGBoost,size_peak,netfit,residual,log,p0.05|n10,rmse,1.7394744476773312,10,9
iter03_timing,0,bstar_2023,HP_Peak,XGBoost,size_peak,netfit,residual,log,p0.05|n10,mae,1.1884006770260176,10,9
iter03_timing,0,bstar_2023,HP_Peak,XGBoost,size_peak,netfit,residual,log,p0.05|n10,mape,20.7352642107374,10,9
iter03_timing,0,bstar_2023,HP_Peak,XGBoost,size_peak,netfit,residual,log,p0.05|n10,r2,0.2897836133319427,10,9
iter03_timing,0,bstar_2023,HP_Peak,XGBoost,size_peak,netfit,residual,log,p0.05|n10,n_pred_nan,0.0,10,9
iter03_timing,0,bstar_2023,HP_Peak,XGBoost,size_peak,netfit,residual,log,p0.05|n10,mape_n_excluded,0.0,10,9
iter03_timing,0,bstar_2023,HP_Peak,XGBoost,size_peak,netfit,residual,log,p0.05|n20,wape,54.88886048934197,10,7
iter03_timing,0,bstar_2023,HP_Peak,XGBoost,size_peak,netfit,residual,log,p0.05|n20,rmse,4.96005484509773,10,7
iter03_timing,0,bstar_2023,HP_Peak,XGBoost,size_peak,netfit,residual,log,p0.05|n20,mae,3.384944211293419,10,7
iter03_timing,0,bstar_2023,HP_Peak,XGBoost,size_peak,netfit,residual,log,p0.05|n20,mape,62.71241513144741,10,7
iter03_timing,0,bstar_2023,HP_Peak,XGBoost,size_peak,netfit,residual,log,p0.05|n20,r2,-2.287761498913876,10,7
iter03_timing,0,bstar_2023,HP_Peak,XGBoost,size_peak,netfit,residual,log,p0.05|n20,n_pred_nan,0.0,10,7
iter03_timing,0,bstar_2023,HP_Peak,XGBoost,size_peak,netfit,residual,log,p0.05|n20,mape_n_excluded,0.0,10,7
iter03_timing,0,bstar_2023,HP_Peak,XGBoost,size_peak,netfit,residual,log,p0.05|n40,wape,46.01666204323209,10,13
iter03_timing,0,bstar_2023,HP_Peak,XGBoost,size_peak,netfit,residual,log,p0.05|n40,rmse,8.000412915106086,10,13
iter03_timing,0,bstar_2023,HP_Peak,XGBoost,size_peak,netfit,residual,log,p0.05|n40,mae,5.5320573990439845,10,13
iter03_timing,0,bstar_2023,HP_Peak,XGBoost,size_peak,netfit,residual,log,p0.05|n40,mape,56.44857137713301,10,13
iter03_timing,0,bstar_2023,HP_Peak,XGBoost,size_peak,netfit,residual,log,p0.05|n40,r2,-2.808672285400523,10,13
iter03_timing,0,bstar_2023,HP_Peak,XGBoost,size_peak,netfit,residual,log,p0.05|n40,n_pred_nan,0.0,10,13
iter03_timing,0,bstar_2023,HP_Peak,XGBoost,size_peak,netfit,residual,log,p0.05|n40,mape_n_excluded,0.0,10,13
iter03_timing,0,bstar_2023,HP_Peak,XGBoost,size_peak,netfit,residual,log,p0.05|n80,wape,19.725784410175677,5,12
iter03_timing,0,bstar_2023,HP_Peak,XGBoost,size_peak,netfit,residual,log,p0.05|n80,rmse,7.917165459930852,5,12
iter03_timing,0,bstar_2023,HP_Peak,XGBoost,size_peak,netfit,residual,log,p0.05|n80,mae,6.636133084062669,5,12
iter03_timing,0,bstar_2023,HP_Peak,XGBoost,size_peak,netfit,residual,log,p0.05|n80,mape,24.46726975962448,5,12
iter03_timing,0,bstar_2023,HP_Peak,XGBoost,size_peak,netfit,residual,log,p0.05|n80,r2,0.1071145116426742,5,12
iter03_timing,0,bstar_2023,HP_Peak,XGBoost,size_peak,netfit,residual,log,p0.05|n80,n_pred_nan,0.0,5,12
iter03_timing,0,bstar_2023,HP_Peak,XGBoost,size_peak,netfit,residual,log,p0.05|n80,mape_n_excluded,0.0,5,12
iter03_timing,0,bstar_2023,HP_Peak,XGBoost,size_peak,netfit,residual,log,p0.05|n120,wape,16.285943313760818,5,15
iter03_timing,0,bstar_2023,HP_Peak,XGBoost,size_peak,netfit,residual,log,p0.05|n120,rmse,7.844369611801952,5,15
iter03_timing,0,bstar_2023,HP_Peak,XGBoost,size_peak,netfit,residual,log,p0.05|n120,mae,7.13411596770136,5,15
iter03_timing,0,bstar_2023,HP_Peak,XGBoost,size_peak,netfit,residual,log,p0.05|n120,mape,17.571755544893488,5,15
iter03_timing,0,bstar_2023,HP_Peak,XGBoost,size_peak,netfit,residual,log,p0.05|n120,r2,-0.1387291531111845,5,15
iter03_timing,0,bstar_2023,HP_Peak,XGBoost,size_peak,netfit,residual,log,p0.05|n120,n_pred_nan,0.0,5,15
iter03_timing,0,bstar_2023,HP_Peak,XGBoost,size_peak,netfit,residual,log,p0.05|n120,mape_n_excluded,0.0,5,15
iter03_timing,0,bstar_2023,HP_Peak,XGBoost,size_peak,netfit,residual,log,p0.1|n10,wape,43.57570523847191,10,9
iter03_timing,0,bstar_2023,HP_Peak,XGBoost,size_peak,netfit,residual,log,p0.1|n10,rmse,4.100492855044263,10,9
iter03_timing,0,bstar_2023,HP_Peak,XGBoost,size_peak,netfit,residual,log,p0.1|n10,mae,3.530504858540753,10,9
iter03_timing,0,bstar_2023,HP_Peak,XGBoost,size_peak,netfit,residual,log,p0.1|n10,mape,46.459681139046985,10,9
iter03_timing,0,bstar_2023,HP_Peak,XGBoost,size_peak,netfit,residual,log,p0.1|n10,r2,-1.2949273471689136,10,9
iter03_timing,0,bstar_2023,HP_Peak,XGBoost,size_peak,netfit,residual,log,p0.1|n10,n_pred_nan,0.0,10,9
iter03_timing,0,bstar_2023,HP_Peak,XGBoost,size_peak,netfit,residual,log,p0.1|n10,mape_n_excluded,0.0,10,9
iter03_timing,0,bstar_2023,HP_Peak,XGBoost,size_peak,netfit,residual,log,p0.1|n20,wape,36.09462512992128,10,12
iter03_timing,0,bstar_2023,HP_Peak,XGBoost,size_peak,netfit,residual,log,p0.1|n20,rmse,6.614551083578654,10,12
iter03_timing,0,bstar_2023,HP_Peak,XGBoost,size_peak,netfit,residual,log,p0.1|n20,mae,5.289715823966178,10,12
iter03_timing,0,bstar_2023,HP_Peak,XGBoost,size_peak,netfit,residual,log,p0.1|n20,mape,35.24940286161259,10,12
iter03_timing,0,bstar_2023,HP_Peak,XGBoost,size_peak,netfit,residual,log,p0.1|n20,r2,-0.1137765247420057,10,12
iter03_timing,0,bstar_2023,HP_Peak,XGBoost,size_peak,netfit,residual,log,p0.1|n20,n_pred_nan,0.0,10,12
iter03_timing,0,bstar_2023,HP_Peak,XGBoost,size_peak,netfit,residual,log,p0.1|n20,mape_n_excluded,0.0,10,12
iter03_timing,0,bstar_2023,HP_Peak,XGBoost,size_peak,netfit,residual,log,p0.1|n40,wape,21.540276360101743,5,12
iter03_timing,0,bstar_2023,HP_Peak,XGBoost,size_peak,netfit,residual,log,p0.1|n40,rmse,7.582156006442466,5,12
iter03_timing,0,bstar_2023,HP_Peak,XGBoost,size_peak,netfit,residual,log,p0.1|n40,mae,6.552178991156458,5,12
iter03_timing,0,bstar_2023,HP_Peak,XGBoost,size_peak,netfit,residual,log,p0.1|n40,mape,20.395749046665795,5,12
iter03_timing,0,bstar_2023,HP_Peak,XGBoost,size_peak,netfit,residual,log,p0.1|n40,r2,0.4978598636916572,5,12
iter03_timing,0,bstar_2023,HP_Peak,XGBoost,size_peak,netfit,residual,log,p0.1|n40,n_pred_nan,0.0,5,12
iter03_timing,0,bstar_2023,HP_Peak,XGBoost,size_peak,netfit,residual,log,p0.1|n40,mape_n_excluded,0.0,5,12
iter03_timing,0,bstar_2023,HP_Peak,XGBoost,size_peak,netfit,residual,log,p0.1|n80,wape,19.321605659725268,5,16
iter03_timing,0,bstar_2023,HP_Peak,XGBoost,size_peak,netfit,residual,log,p0.1|n80,rmse,13.443452689552268,5,16
iter03_timing,0,bstar_2023,HP_Peak,XGBoost,size_peak,netfit,residual,log,p0.1|n80,mae,12.929221839043713,5,16
iter03_timing,0,bstar_2023,HP_Peak,XGBoost,size_peak,netfit,residual,log,p0.1|n80,mape,19.285366519915872,5,16
iter03_timing,0,bstar_2023,HP_Peak,XGBoost,size_peak,netfit,residual,log,p0.1|n80,r2,-0.7816836812350023,5,16
iter03_timing,0,bstar_2023,HP_Peak,XGBoost,size_peak,netfit,residual,log,p0.1|n80,n_pred_nan,0.0,5,16
iter03_timing,0,bstar_2023,HP_Peak,XGBoost,size_peak,netfit,residual,log,p0.1|n80,mape_n_excluded,0.0,5,16
iter03_timing,0,bstar_2023,HP_Peak,XGBoost,size_peak,netfit,residual,log,p0.1|n120,wape,17.139533669989444,5,16
iter03_timing,0,bstar_2023,HP_Peak,XGBoost,size_peak,netfit,residual,log,p0.1|n120,rmse,17.001798076979235,5,16
iter03_timing,0,bstar_2023,HP_Peak,XGBoost,size_peak,netfit,residual,log,p0.1|n120,mae,16.035366381297138,5,16
iter03_timing,0,bstar_2023,HP_Peak,XGBoost,size_peak,netfit,residual,log,p0.1|n120,mape,17.05834999649729,5,16
iter03_timing,0,bstar_2023,HP_Peak,XGBoost,size_peak,netfit,residual,log,p0.1|n120,r2,-3.165246479986857,5,16
iter03_timing,0,bstar_2023,HP_Peak,XGBoost,size_peak,netfit,residual,log,p0.1|n120,n_pred_nan,0.0,5,16
iter03_timing,0,bstar_2023,HP_Peak,XGBoost,size_peak,netfit,residual,log,p0.1|n120,mape_n_excluded,0.0,5,16
iter03_timing,0,bstar_2023,HP_Peak,XGBoost,size_peak,netfit,residual,log,p0.2|n10,wape,36.75826633136189,10,12
iter03_timing,0,bstar_2023,HP_Peak,XGBoost,size_peak,netfit,residual,log,p0.2|n10,rmse,5.752440364198253,10,12
iter03_timing,0,bstar_2023,HP_Peak,XGBoost,size_peak,netfit,residual,log,p0.2|n10,mae,5.06020602036031,10,12
iter03_timing,0,bstar_2023,HP_Peak,XGBoost,size_peak,netfit,residual,log,p0.2|n10,mape,35.52715542160839,10,12
iter03_timing,0,bstar_2023,HP_Peak,XGBoost,size_peak,netfit,residual,log,p0.2|n10,r2,-2.923694180552105,10,12
iter03_timing,0,bstar_2023,HP_Peak,XGBoost,size_peak,netfit,residual,log,p0.2|n10,n_pred_nan,0.0,10,12
iter03_timing,0,bstar_2023,HP_Peak,XGBoost,size_peak,netfit,residual,log,p0.2|n10,mape_n_excluded,0.0,10,12
iter03_timing,0,bstar_2023,HP_Peak,XGBoost,size_peak,netfit,residual,log,p0.2|n20,wape,25.135806367020724,5,13
iter03_timing,0,bstar_2023,HP_Peak,XGBoost,size_peak,netfit,residual,log,p0.2|n20,rmse,7.78631018113455,5,13
iter03_timing,0,bstar_2023,HP_Peak,XGBoost,size_peak,netfit,residual,log,p0.2|n20,mae,7.40896493164656,5,13
iter03_timing,0,bstar_2023,HP_Peak,XGBoost,size_peak,netfit,residual,log,p0.2|n20,mape,25.288215361994364,5,13
iter03_timing,0,bstar_2023,HP_Peak,XGBoost,size_peak,netfit,residual,log,p0.2|n20,r2,-4.271435919623575,5,13
iter03_timing,0,bstar_2023,HP_Peak,XGBoost,size_peak,netfit,residual,log,p0.2|n20,n_pred_nan,0.0,5,13
iter03_timing,0,bstar_2023,HP_Peak,XGBoost,size_peak,netfit,residual,log,p0.2|n20,mape_n_excluded,0.0,5,13
iter03_timing,0,bstar_2023,HP_Peak,XGBoost,size_peak,netfit,residual,log,p0.2|n40,wape,25.08088631432576,5,16
iter03_timing,0,bstar_2023,HP_Peak,XGBoost,size_peak,netfit,residual,log,p0.2|n40,rmse,17.354329910967028,5,16
iter03_timing,0,bstar_2023,HP_Peak,XGBoost,size_peak,netfit,residual,log,p0.2|n40,mae,17.13168098261732,5,16
iter03_timing,0,bstar_2023,HP_Peak,XGBoost,size_peak,netfit,residual,log,p0.2|n40,mape,25.145224469702505,5,16
iter03_timing,0,bstar_2023,HP_Peak,XGBoost,size_peak,netfit,residual,log,p0.2|n40,r2,-15.345982509721251,5,16
iter03_timing,0,bstar_2023,HP_Peak,XGBoost,size_peak,netfit,residual,log,p0.2|n40,n_pred_nan,0.0,5,16
iter03_timing,0,bstar_2023,HP_Peak,XGBoost,size_peak,netfit,residual,log,p0.2|n40,mape_n_excluded,0.0,5,16
iter03_timing,0,bstar_2023,HP_Peak,XGBoost,size_peak,netfit,residual,log,p0.3|n10,wape,19.76710782102862,10,14
iter03_timing,0,bstar_2023,HP_Peak,XGBoost,size_peak,netfit,residual,log,p0.3|n10,rmse,4.40398348596683,10,14
iter03_timing,0,bstar_2023,HP_Peak,XGBoost,size_peak,netfit,residual,log,p0.3|n10,mae,4.007130535660949,10,14
iter03_timing,0,bstar_2023,HP_Peak,XGBoost,size_peak,netfit,residual,log,p0.3|n10,mape,19.28419104239188,10,14
iter03_timing,0,bstar_2023,HP_Peak,XGBoost,size_peak,netfit,residual,log,p0.3|n10,r2,-1.1628958757546846,10,14
iter03_timing,0,bstar_2023,HP_Peak,XGBoost,size_peak,netfit,residual,log,p0.3|n10,n_pred_nan,0.0,10,14
iter03_timing,0,bstar_2023,HP_Peak,XGBoost,size_peak,netfit,residual,log,p0.3|n10,mape_n_excluded,0.0,10,14
iter03_timing,0,bstar_2023,HP_Peak,XGBoost,size_peak,netfit,residual,log,p0.3|n20,wape,27.12873909683672,5,14
iter03_timing,0,bstar_2023,HP_Peak,XGBoost,size_peak,netfit,residual,log,p0.3|n20,rmse,13.937017639398398,5,14
iter03_timing,0,bstar_2023,HP_Peak,XGBoost,size_peak,netfit,residual,log,p0.3|n20,mae,12.668365894126412,5,14
iter03_timing,0,bstar_2023,HP_Peak,XGBoost,size_peak,netfit,residual,log,p0.3|n20,mape,25.646056279725517,5,14
iter03_timing,0,bstar_2023,HP_Peak,XGBoost,size_peak,netfit,residual,log,p0.3|n20,r2,-0.7014377708880966,5,14
iter03_timing,0,bstar_2023,HP_Peak,XGBoost,size_peak,netfit,residual,log,p0.3|n20,n_pred_nan,0.0,5,14
iter03_timing,0,bstar_2023,HP_Peak,XGBoost,size_peak,netfit,residual,log,p0.3|n20,mape_n_excluded,0.0,5,14
iter03_timing,0,bstar_2023,HP_Peak,XGBoost,size_peak,netfit,residual,log,p0.3|n40,wape,32.5150489074088,5,16
iter03_timing,0,bstar_2023,HP_Peak,XGBoost,size_peak,netfit,residual,log,p0.3|n40,rmse,33.71214334180007,5,16
iter03_timing,0,bstar_2023,HP_Peak,XGBoost,size_peak,netfit,residual,log,p0.3|n40,mae,33.266762762377155,5,16
iter03_timing,0,bstar_2023,HP_Peak,XGBoost,size_peak,netfit,residual,log,p0.3|n40,mape,32.59360670586489,5,16
iter03_timing,0,bstar_2023,HP_Peak,XGBoost,size_peak,netfit,residual,log,p0.3|n40,r2,-52.94056210136882,5,16
iter03_timing,0,bstar_2023,HP_Peak,XGBoost,size_peak,netfit,residual,log,p0.3|n40,n_pred_nan,0.0,5,16
iter03_timing,0,bstar_2023,HP_Peak,XGBoost,size_peak,netfit,residual,log,p0.3|n40,mape_n_excluded,0.0,5,16
iter03_timing,0,bstar_2023,HP_Peak,XGBoost,size_peak,netfit,residual,log,p0.5|n10,wape,34.05404142739684,5,12
iter03_timing,0,bstar_2023,HP_Peak,XGBoost,size_peak,netfit,residual,log,p0.5|n10,rmse,15.831701183117032,5,12
iter03_timing,0,bstar_2023,HP_Peak,XGBoost,size_peak,netfit,residual,log,p0.5|n10,mae,14.07230437358128,5,12
iter03_timing,0,bstar_2023,HP_Peak,XGBoost,size_peak,netfit,residual,log,p0.5|n10,mape,33.97484254340241,5,12
iter03_timing,0,bstar_2023,HP_Peak,XGBoost,size_peak,netfit,residual,log,p0.5|n10,r2,-2.3545561078252804,5,12
iter03_timing,0,bstar_2023,HP_Peak,XGBoost,size_peak,netfit,residual,log,p0.5|n10,n_pred_nan,0.0,5,12
iter03_timing,0,bstar_2023,HP_Peak,XGBoost,size_peak,netfit,residual,log,p0.5|n10,mape_n_excluded,0.0,5,12
iter03_timing,0,bstar_2023,HP_Peak,XGBoost,size_peak,netfit,residual,log,p0.5|n20,wape,30.434359948002022,5,16
iter03_timing,0,bstar_2023,HP_Peak,XGBoost,size_peak,netfit,residual,log,p0.5|n20,rmse,27.6592036662425,5,16
iter03_timing,0,bstar_2023,HP_Peak,XGBoost,size_peak,netfit,residual,log,p0.5|n20,mae,26.754830491371383,5,16
iter03_timing,0,bstar_2023,HP_Peak,XGBoost,size_peak,netfit,residual,log,p0.5|n20,mape,30.6492931189596,5,16
iter03_timing,0,bstar_2023,HP_Peak,XGBoost,size_peak,netfit,residual,log,p0.5|n20,r2,-40.825840403649984,5,16
iter03_timing,0,bstar_2023,HP_Peak,XGBoost,size_peak,netfit,residual,log,p0.5|n20,n_pred_nan,0.0,5,16
iter03_timing,0,bstar_2023,HP_Peak,XGBoost,size_peak,netfit,residual,log,p0.5|n20,mape_n_excluded,0.0,5,16
iter03_timing,0,bstar_2023,HP_Peak,XGBoost,size_peak,netfit,residual,log,p1.0|n10,wape,30.88411536544568,5,16
iter03_timing,0,bstar_2023,HP_Peak,XGBoost,size_peak,netfit,residual,log,p1.0|n10,rmse,27.289007252355216,5,16
iter03_timing,0,bstar_2023,HP_Peak,XGBoost,size_peak,netfit,residual,log,p1.0|n10,mae,26.413149967764426,5,16
iter03_timing,0,bstar_2023,HP_Peak,XGBoost,size_peak,netfit,residual,log,p1.0|n10,mape,30.32780383856136,5,16
iter03_timing,0,bstar_2023,HP_Peak,XGBoost,size_peak,netfit,residual,log,p1.0|n10,r2,-5.478744291472613,5,16
iter03_timing,0,bstar_2023,HP_Peak,XGBoost,size_peak,netfit,residual,log,p1.0|n10,n_pred_nan,0.0,5,16
iter03_timing,0,bstar_2023,HP_Peak,XGBoost,size_peak,netfit,residual,log,p1.0|n10,mape_n_excluded,0.0,5,16
iter03_timing,0,bstar_2023,HP_Peak_A,paperA_sh_mh,none,-,-,-,all,wape,28.853132227800533,130,20
iter03_timing,0,bstar_2023,HP_Peak_A,paperA_sh_mh,none,-,-,-,all,rmse,14.42282031696032,130,20
iter03_timing,0,bstar_2023,HP_Peak_A,paperA_sh_mh,none,-,-,-,all,mae,9.881120668165448,130,20
iter03_timing,0,bstar_2023,HP_Peak_A,paperA_sh_mh,none,-,-,-,all,mape,53.96064680250748,130,20
iter03_timing,0,bstar_2023,HP_Peak_A,paperA_sh_mh,none,-,-,-,all,r2,0.7813991267423186,130,20
iter03_timing,0,bstar_2023,HP_Peak_A,paperA_sh_mh,none,-,-,-,all,n_pred_nan,0.0,130,20
iter03_timing,0,bstar_2023,HP_Peak_A,paperA_sh_mh,none,-,-,-,all,mape_n_excluded,0.0,130,20
iter03_timing,0,bstar_2023,HP_Peak_A,paperA_sh_mh,none,-,-,-,all,n_invalid,0.0,130,20
iter03_timing,0,bstar_2023,HP_Peak_A,paperA_sh_mh,none,-,-,-,all,n_station_fallback,0.0,130,20
iter03_timing,0,bstar_2023,HP_Peak_A,paperA_sh_mh,none,-,-,-,p0.05|n10,wape,53.07458885859768,10,9
iter03_timing,0,bstar_2023,HP_Peak_A,paperA_sh_mh,none,-,-,-,p0.05|n10,rmse,3.635918763833663,10,9
iter03_timing,0,bstar_2023,HP_Peak_A,paperA_sh_mh,none,-,-,-,p0.05|n10,mae,2.9122727465056526,10,9
iter03_timing,0,bstar_2023,HP_Peak_A,paperA_sh_mh,none,-,-,-,p0.05|n10,mape,58.43950745662647,10,9
iter03_timing,0,bstar_2023,HP_Peak_A,paperA_sh_mh,none,-,-,-,p0.05|n10,r2,-2.102580219706021,10,9
iter03_timing,0,bstar_2023,HP_Peak_A,paperA_sh_mh,none,-,-,-,p0.05|n10,n_pred_nan,0.0,10,9
iter03_timing,0,bstar_2023,HP_Peak_A,paperA_sh_mh,none,-,-,-,p0.05|n10,mape_n_excluded,0.0,10,9
iter03_timing,0,bstar_2023,HP_Peak_A,paperA_sh_mh,none,-,-,-,p0.05|n20,wape,140.62879738588464,10,7
iter03_timing,0,bstar_2023,HP_Peak_A,paperA_sh_mh,none,-,-,-,p0.05|n20,rmse,10.386487296959036,10,7
iter03_timing,0,bstar_2023,HP_Peak_A,paperA_sh_mh,none,-,-,-,p0.05|n20,mae,8.671923823441864,10,7
iter03_timing,0,bstar_2023,HP_Peak_A,paperA_sh_mh,none,-,-,-,p0.05|n20,mape,150.7541570259661,10,7
iter03_timing,0,bstar_2023,HP_Peak_A,paperA_sh_mh,none,-,-,-,p0.05|n20,r2,-13.417671415692087,10,7
iter03_timing,0,bstar_2023,HP_Peak_A,paperA_sh_mh,none,-,-,-,p0.05|n20,n_pred_nan,0.0,10,7
iter03_timing,0,bstar_2023,HP_Peak_A,paperA_sh_mh,none,-,-,-,p0.05|n20,mape_n_excluded,0.0,10,7
iter03_timing,0,bstar_2023,HP_Peak_A,paperA_sh_mh,none,-,-,-,p0.05|n40,wape,113.01782256751936,10,13
iter03_timing,0,bstar_2023,HP_Peak_A,paperA_sh_mh,none,-,-,-,p0.05|n40,rmse,17.054970568261577,10,13
iter03_timing,0,bstar_2023,HP_Peak_A,paperA_sh_mh,none,-,-,-,p0.05|n40,mae,13.58387208379792,10,13
iter03_timing,0,bstar_2023,HP_Peak_A,paperA_sh_mh,none,-,-,-,p0.05|n40,mape,130.74276542476534,10,13
iter03_timing,0,bstar_2023,HP_Peak_A,paperA_sh_mh,none,-,-,-,p0.05|n40,r2,-16.33013787426526,10,13
iter03_timing,0,bstar_2023,HP_Peak_A,paperA_sh_mh,none,-,-,-,p0.05|n40,n_pred_nan,0.0,10,13
iter03_timing,0,bstar_2023,HP_Peak_A,paperA_sh_mh,none,-,-,-,p0.05|n40,mape_n_excluded,0.0,10,13
iter03_timing,0,bstar_2023,HP_Peak_A,paperA_sh_mh,none,-,-,-,p0.05|n80,wape,56.55972895791578,5,12
iter03_timing,0,bstar_2023,HP_Peak_A,paperA_sh_mh,none,-,-,-,p0.05|n80,rmse,20.889314425770035,5,12
iter03_timing,0,bstar_2023,HP_Peak_A,paperA_sh_mh,none,-,-,-,p0.05|n80,mae,19.01567971807913,5,12
iter03_timing,0,bstar_2023,HP_Peak_A,paperA_sh_mh,none,-,-,-,p0.05|n80,mape,68.61451702874284,5,12
iter03_timing,0,bstar_2023,HP_Peak_A,paperA_sh_mh,none,-,-,-,p0.05|n80,r2,-5.236653931831091,5,12
iter03_timing,0,bstar_2023,HP_Peak_A,paperA_sh_mh,none,-,-,-,p0.05|n80,n_pred_nan,0.0,5,12
iter03_timing,0,bstar_2023,HP_Peak_A,paperA_sh_mh,none,-,-,-,p0.05|n80,mape_n_excluded,0.0,5,12
iter03_timing,0,bstar_2023,HP_Peak_A,paperA_sh_mh,none,-,-,-,p0.05|n120,wape,91.20439030712812,5,15
iter03_timing,0,bstar_2023,HP_Peak_A,paperA_sh_mh,none,-,-,-,p0.05|n120,rmse,40.2450536936249,5,15
iter03_timing,0,bstar_2023,HP_Peak_A,paperA_sh_mh,none,-,-,-,p0.05|n120,mae,39.93940933228407,5,15
iter03_timing,0,bstar_2023,HP_Peak_A,paperA_sh_mh,none,-,-,-,p0.05|n120,mape,93.30665499433904,5,15
iter03_timing,0,bstar_2023,HP_Peak_A,paperA_sh_mh,none,-,-,-,p0.05|n120,r2,-29.078375837967087,5,15
iter03_timing,0,bstar_2023,HP_Peak_A,paperA_sh_mh,none,-,-,-,p0.05|n120,n_pred_nan,0.0,5,15
iter03_timing,0,bstar_2023,HP_Peak_A,paperA_sh_mh,none,-,-,-,p0.05|n120,mape_n_excluded,0.0,5,15
iter03_timing,0,bstar_2023,HP_Peak_A,paperA_sh_mh,none,-,-,-,p0.1|n10,wape,60.189202696790375,10,9
iter03_timing,0,bstar_2023,HP_Peak_A,paperA_sh_mh,none,-,-,-,p0.1|n10,rmse,6.956871489062498,10,9
iter03_timing,0,bstar_2023,HP_Peak_A,paperA_sh_mh,none,-,-,-,p0.1|n10,mae,4.87558758096365,10,9
iter03_timing,0,bstar_2023,HP_Peak_A,paperA_sh_mh,none,-,-,-,p0.1|n10,mape,75.98983706567547,10,9
iter03_timing,0,bstar_2023,HP_Peak_A,paperA_sh_mh,none,-,-,-,p0.1|n10,r2,-5.6089496341813305,10,9
iter03_timing,0,bstar_2023,HP_Peak_A,paperA_sh_mh,none,-,-,-,p0.1|n10,n_pred_nan,0.0,10,9
iter03_timing,0,bstar_2023,HP_Peak_A,paperA_sh_mh,none,-,-,-,p0.1|n10,mape_n_excluded,0.0,10,9
iter03_timing,0,bstar_2023,HP_Peak_A,paperA_sh_mh,none,-,-,-,p0.1|n20,wape,48.52854351313039,10,12
iter03_timing,0,bstar_2023,HP_Peak_A,paperA_sh_mh,none,-,-,-,p0.1|n20,rmse,8.029426439021485,10,12
iter03_timing,0,bstar_2023,HP_Peak_A,paperA_sh_mh,none,-,-,-,p0.1|n20,mae,7.107920803166304,10,12
iter03_timing,0,bstar_2023,HP_Peak_A,paperA_sh_mh,none,-,-,-,p0.1|n20,mape,59.86346301553753,10,12
iter03_timing,0,bstar_2023,HP_Peak_A,paperA_sh_mh,none,-,-,-,p0.1|n20,r2,-0.6487884800065629,10,12
iter03_timing,0,bstar_2023,HP_Peak_A,paperA_sh_mh,none,-,-,-,p0.1|n20,n_pred_nan,0.0,10,12
iter03_timing,0,bstar_2023,HP_Peak_A,paperA_sh_mh,none,-,-,-,p0.1|n20,mape_n_excluded,0.0,10,12
iter03_timing,0,bstar_2023,HP_Peak_A,paperA_sh_mh,none,-,-,-,p0.1|n40,wape,38.87691002489636,5,12
iter03_timing,0,bstar_2023,HP_Peak_A,paperA_sh_mh,none,-,-,-,p0.1|n40,rmse,14.35169024152362,5,12
iter03_timing,0,bstar_2023,HP_Peak_A,paperA_sh_mh,none,-,-,-,p0.1|n40,mae,11.821742699934616,5,12
iter03_timing,0,bstar_2023,HP_Peak_A,paperA_sh_mh,none,-,-,-,p0.1|n40,mape,41.95323661327871,5,12
iter03_timing,0,bstar_2023,HP_Peak_A,paperA_sh_mh,none,-,-,-,p0.1|n40,r2,-0.804265935821548,5,12
iter03_timing,0,bstar_2023,HP_Peak_A,paperA_sh_mh,none,-,-,-,p0.1|n40,n_pred_nan,0.0,5,12
iter03_timing,0,bstar_2023,HP_Peak_A,paperA_sh_mh,none,-,-,-,p0.1|n40,mape_n_excluded,0.0,5,12
iter03_timing,0,bstar_2023,HP_Peak_A,paperA_sh_mh,none,-,-,-,p0.1|n80,wape,26.0821469139709,5,16
iter03_timing,0,bstar_2023,HP_Peak_A,paperA_sh_mh,none,-,-,-,p0.1|n80,rmse,18.099423684117305,5,16
iter03_timing,0,bstar_2023,HP_Peak_A,paperA_sh_mh,none,-,-,-,p0.1|n80,mae,17.44340271349126,5,16
iter03_timing,0,bstar_2023,HP_Peak_A,paperA_sh_mh,none,-,-,-,p0.1|n80,mape,26.85477354431177,5,16
iter03_timing,0,bstar_2023,HP_Peak_A,paperA_sh_mh,none,-,-,-,p0.1|n80,r2,-2.241928260756412,5,16
iter03_timing,0,bstar_2023,HP_Peak_A,paperA_sh_mh,none,-,-,-,p0.1|n80,n_pred_nan,0.0,5,16
iter03_timing,0,bstar_2023,HP_Peak_A,paperA_sh_mh,none,-,-,-,p0.1|n80,mape_n_excluded,0.0,5,16
iter03_timing,0,bstar_2023,HP_Peak_A,paperA_sh_mh,none,-,-,-,p0.1|n120,wape,33.59022932085256,5,16
iter03_timing,0,bstar_2023,HP_Peak_A,paperA_sh_mh,none,-,-,-,p0.1|n120,rmse,33.636578778756835,5,16
iter03_timing,0,bstar_2023,HP_Peak_A,paperA_sh_mh,none,-,-,-,p0.1|n120,mae,31.414006680058517,5,16
iter03_timing,0,bstar_2023,HP_Peak_A,paperA_sh_mh,none,-,-,-,p0.1|n120,mape,33.90140048070364,5,16
iter03_timing,0,bstar_2023,HP_Peak_A,paperA_sh_mh,none,-,-,-,p0.1|n120,r2,-15.358884482548508,5,16
iter03_timing,0,bstar_2023,HP_Peak_A,paperA_sh_mh,none,-,-,-,p0.1|n120,n_pred_nan,0.0,5,16
iter03_timing,0,bstar_2023,HP_Peak_A,paperA_sh_mh,none,-,-,-,p0.1|n120,mape_n_excluded,0.0,5,16
iter03_timing,0,bstar_2023,HP_Peak_A,paperA_sh_mh,none,-,-,-,p0.2|n10,wape,29.096257848313723,10,12
iter03_timing,0,bstar_2023,HP_Peak_A,paperA_sh_mh,none,-,-,-,p0.2|n10,rmse,6.2960480203244185,10,12
iter03_timing,0,bstar_2023,HP_Peak_A,paperA_sh_mh,none,-,-,-,p0.2|n10,mae,4.005077606022459,10,12
iter03_timing,0,bstar_2023,HP_Peak_A,paperA_sh_mh,none,-,-,-,p0.2|n10,mape,29.162942284890757,10,12
iter03_timing,0,bstar_2023,HP_Peak_A,paperA_sh_mh,none,-,-,-,p0.2|n10,r2,-3.700407555610465,10,12
iter03_timing,0,bstar_2023,HP_Peak_A,paperA_sh_mh,none,-,-,-,p0.2|n10,n_pred_nan,0.0,10,12
iter03_timing,0,bstar_2023,HP_Peak_A,paperA_sh_mh,none,-,-,-,p0.2|n10,mape_n_excluded,0.0,10,12
iter03_timing,0,bstar_2023,HP_Peak_A,paperA_sh_mh,none,-,-,-,p0.2|n20,wape,16.78030592043609,5,13
iter03_timing,0,bstar_2023,HP_Peak_A,paperA_sh_mh,none,-,-,-,p0.2|n20,rmse,6.368938382595267,5,13
iter03_timing,0,bstar_2023,HP_Peak_A,paperA_sh_mh,none,-,-,-,p0.2|n20,mae,4.943714786139369,5,13
iter03_timing,0,bstar_2023,HP_Peak_A,paperA_sh_mh,none,-,-,-,p0.2|n20,mape,16.55289342457174,5,13
iter03_timing,0,bstar_2023,HP_Peak_A,paperA_sh_mh,none,-,-,-,p0.2|n20,r2,-2.5500150391706797,5,13
iter03_timing,0,bstar_2023,HP_Peak_A,paperA_sh_mh,none,-,-,-,p0.2|n20,n_pred_nan,0.0,5,13
iter03_timing,0,bstar_2023,HP_Peak_A,paperA_sh_mh,none,-,-,-,p0.2|n20,mape_n_excluded,0.0,5,13
iter03_timing,0,bstar_2023,HP_Peak_A,paperA_sh_mh,none,-,-,-,p0.2|n40,wape,14.919635401423609,5,16
iter03_timing,0,bstar_2023,HP_Peak_A,paperA_sh_mh,none,-,-,-,p0.2|n40,rmse,10.847051961811667,5,16
iter03_timing,0,bstar_2023,HP_Peak_A,paperA_sh_mh,none,-,-,-,p0.2|n40,mae,10.183392448243998,5,16
iter03_timing,0,bstar_2023,HP_Peak_A,paperA_sh_mh,none,-,-,-,p0.2|n40,mape,14.879663956742078,5,16
iter03_timing,0,bstar_2023,HP_Peak_A,paperA_sh_mh,none,-,-,-,p0.2|n40,r2,-5.370187544098489,5,16
iter03_timing,0,bstar_2023,HP_Peak_A,paperA_sh_mh,none,-,-,-,p0.2|n40,n_pred_nan,0.0,5,16
iter03_timing,0,bstar_2023,HP_Peak_A,paperA_sh_mh,none,-,-,-,p0.2|n40,mape_n_excluded,0.0,5,16
iter03_timing,0,bstar_2023,HP_Peak_A,paperA_sh_mh,none,-,-,-,p0.3|n10,wape,19.923475048255,10,14
iter03_timing,0,bstar_2023,HP_Peak_A,paperA_sh_mh,none,-,-,-,p0.3|n10,rmse,4.689131025163177,10,14
iter03_timing,0,bstar_2023,HP_Peak_A,paperA_sh_mh,none,-,-,-,p0.3|n10,mae,4.038500591850978,10,14
iter03_timing,0,bstar_2023,HP_Peak_A,paperA_sh_mh,none,-,-,-,p0.3|n10,mape,20.45031670964314,10,14
iter03_timing,0,bstar_2023,HP_Peak_A,paperA_sh_mh,none,-,-,-,p0.3|n10,r2,-1.4510439925372736,10,14
iter03_timing,0,bstar_2023,HP_Peak_A,paperA_sh_mh,none,-,-,-,p0.3|n10,n_pred_nan,0.0,10,14
iter03_timing,0,bstar_2023,HP_Peak_A,paperA_sh_mh,none,-,-,-,p0.3|n10,mape_n_excluded,0.0,10,14
iter03_timing,0,bstar_2023,HP_Peak_A,paperA_sh_mh,none,-,-,-,p0.3|n20,wape,16.555615088074326,5,14
iter03_timing,0,bstar_2023,HP_Peak_A,paperA_sh_mh,none,-,-,-,p0.3|n20,rmse,10.742591453578957,5,14
iter03_timing,0,bstar_2023,HP_Peak_A,paperA_sh_mh,none,-,-,-,p0.3|n20,mae,7.725670130578645,5,14
iter03_timing,0,bstar_2023,HP_Peak_A,paperA_sh_mh,none,-,-,-,p0.3|n20,mape,20.646639643021118,5,14
iter03_timing,0,bstar_2023,HP_Peak_A,paperA_sh_mh,none,-,-,-,p0.3|n20,r2,-0.0149281986447988,5,14
iter03_timing,0,bstar_2023,HP_Peak_A,paperA_sh_mh,none,-,-,-,p0.3|n20,n_pred_nan,0.0,5,14
iter03_timing,0,bstar_2023,HP_Peak_A,paperA_sh_mh,none,-,-,-,p0.3|n20,mape_n_excluded,0.0,5,14
iter03_timing,0,bstar_2023,HP_Peak_A,paperA_sh_mh,none,-,-,-,p0.3|n40,wape,5.2981641446660745,5,16
iter03_timing,0,bstar_2023,HP_Peak_A,paperA_sh_mh,none,-,-,-,p0.3|n40,rmse,7.14787735859936,5,16
iter03_timing,0,bstar_2023,HP_Peak_A,paperA_sh_mh,none,-,-,-,p0.3|n40,mae,5.417470762725796,5,16
iter03_timing,0,bstar_2023,HP_Peak_A,paperA_sh_mh,none,-,-,-,p0.3|n40,mape,5.399401113998524,5,16
iter03_timing,0,bstar_2023,HP_Peak_A,paperA_sh_mh,none,-,-,-,p0.3|n40,r2,-1.423801045978994,5,16
iter03_timing,0,bstar_2023,HP_Peak_A,paperA_sh_mh,none,-,-,-,p0.3|n40,n_pred_nan,0.0,5,16
iter03_timing,0,bstar_2023,HP_Peak_A,paperA_sh_mh,none,-,-,-,p0.3|n40,mape_n_excluded,0.0,5,16
iter03_timing,0,bstar_2023,HP_Peak_A,paperA_sh_mh,none,-,-,-,p0.5|n10,wape,17.678638626619524,5,12
iter03_timing,0,bstar_2023,HP_Peak_A,paperA_sh_mh,none,-,-,-,p0.5|n10,rmse,9.357159561777967,5,12
iter03_timing,0,bstar_2023,HP_Peak_A,paperA_sh_mh,none,-,-,-,p0.5|n10,mae,7.301369113507002,5,12
iter03_timing,0,bstar_2023,HP_Peak_A,paperA_sh_mh,none,-,-,-,p0.5|n10,mape,16.837967312415504,5,12
iter03_timing,0,bstar_2023,HP_Peak_A,paperA_sh_mh,none,-,-,-,p0.5|n10,r2,-0.1761222811470386,5,12
iter03_timing,0,bstar_2023,HP_Peak_A,paperA_sh_mh,none,-,-,-,p0.5|n10,n_pred_nan,0.0,5,12
iter03_timing,0,bstar_2023,HP_Peak_A,paperA_sh_mh,none,-,-,-,p0.5|n10,mape_n_excluded,0.0,5,12
iter03_timing,0,bstar_2023,HP_Peak_A,paperA_sh_mh,none,-,-,-,p0.5|n20,wape,8.612675111566315,5,16
iter03_timing,0,bstar_2023,HP_Peak_A,paperA_sh_mh,none,-,-,-,p0.5|n20,rmse,9.169991673440103,5,16
iter03_timing,0,bstar_2023,HP_Peak_A,paperA_sh_mh,none,-,-,-,p0.5|n20,mae,7.567563118039655,5,16
iter03_timing,0,bstar_2023,HP_Peak_A,paperA_sh_mh,none,-,-,-,p0.5|n20,mape,8.520792157399653,5,16
iter03_timing,0,bstar_2023,HP_Peak_A,paperA_sh_mh,none,-,-,-,p0.5|n20,r2,-3.624550093212632,5,16
iter03_timing,0,bstar_2023,HP_Peak_A,paperA_sh_mh,none,-,-,-,p0.5|n20,n_pred_nan,0.0,5,16
iter03_timing,0,bstar_2023,HP_Peak_A,paperA_sh_mh,none,-,-,-,p0.5|n20,mape_n_excluded,0.0,5,16
iter03_timing,0,bstar_2023,HP_Peak_A,paperA_sh_mh,none,-,-,-,p1.0|n10,wape,4.381940127879933,5,16
iter03_timing,0,bstar_2023,HP_Peak_A,paperA_sh_mh,none,-,-,-,p1.0|n10,rmse,4.260699500906276,5,16
iter03_timing,0,bstar_2023,HP_Peak_A,paperA_sh_mh,none,-,-,-,p1.0|n10,mae,3.745405397721896,5,16
iter03_timing,0,bstar_2023,HP_Peak_A,paperA_sh_mh,none,-,-,-,p1.0|n10,mape,4.702898629460567,5,16
iter03_timing,0,bstar_2023,HP_Peak_A,paperA_sh_mh,none,-,-,-,p1.0|n10,r2,0.8416084157274167,5,16
iter03_timing,0,bstar_2023,HP_Peak_A,paperA_sh_mh,none,-,-,-,p1.0|n10,n_pred_nan,0.0,5,16
iter03_timing,0,bstar_2023,HP_Peak_A,paperA_sh_mh,none,-,-,-,p1.0|n10,mape_n_excluded,0.0,5,16
iter03_timing,0,bstar_2023,HP_Peak_A,paperA_sh_mh_station,none,-,-,-,all,wape,29.25047941884641,130,20
iter03_timing,0,bstar_2023,HP_Peak_A,paperA_sh_mh_station,none,-,-,-,all,rmse,14.482084364132602,130,20
iter03_timing,0,bstar_2023,HP_Peak_A,paperA_sh_mh_station,none,-,-,-,all,mae,10.01719724768141,130,20
iter03_timing,0,bstar_2023,HP_Peak_A,paperA_sh_mh_station,none,-,-,-,all,mape,55.62141187250367,130,20
iter03_timing,0,bstar_2023,HP_Peak_A,paperA_sh_mh_station,none,-,-,-,all,r2,0.7795989532830497,130,20
iter03_timing,0,bstar_2023,HP_Peak_A,paperA_sh_mh_station,none,-,-,-,all,n_pred_nan,0.0,130,20
iter03_timing,0,bstar_2023,HP_Peak_A,paperA_sh_mh_station,none,-,-,-,all,mape_n_excluded,0.0,130,20
iter03_timing,0,bstar_2023,HP_Peak_A,paperA_sh_mh_station,none,-,-,-,all,n_invalid,0.0,130,20
iter03_timing,0,bstar_2023,HP_Peak_A,paperA_sh_mh_station,none,-,-,-,all,n_station_fallback,0.0,130,20
iter03_timing,0,bstar_2023,HP_Peak_A,paperA_sh_mh_station,none,-,-,-,p0.05|n10,wape,55.537777095495166,10,9
iter03_timing,0,bstar_2023,HP_Peak_A,paperA_sh_mh_station,none,-,-,-,p0.05|n10,rmse,3.735248319375244,10,9
iter03_timing,0,bstar_2023,HP_Peak_A,paperA_sh_mh_station,none,-,-,-,p0.05|n10,mae,3.047431136350962,10,9
iter03_timing,0,bstar_2023,HP_Peak_A,paperA_sh_mh_station,none,-,-,-,p0.05|n10,mape,60.86023143812065,10,9
iter03_timing,0,bstar_2023,HP_Peak_A,paperA_sh_mh_station,none,-,-,-,p0.05|n10,r2,-2.274414348100799,10,9
iter03_timing,0,bstar_2023,HP_Peak_A,paperA_sh_mh_station,none,-,-,-,p0.05|n10,n_pred_nan,0.0,10,9
iter03_timing,0,bstar_2023,HP_Peak_A,paperA_sh_mh_station,none,-,-,-,p0.05|n10,mape_n_excluded,0.0,10,9
iter03_timing,0,bstar_2023,HP_Peak_A,paperA_sh_mh_station,none,-,-,-,p0.05|n20,wape,144.24884764240724,10,7
iter03_timing,0,bstar_2023,HP_Peak_A,paperA_sh_mh_station,none,-,-,-,p0.05|n20,rmse,10.608485687385512,10,7
iter03_timing,0,bstar_2023,HP_Peak_A,paperA_sh_mh_station,none,-,-,-,p0.05|n20,mae,8.895155484702917,10,7
iter03_timing,0,bstar_2023,HP_Peak_A,paperA_sh_mh_station,none,-,-,-,p0.05|n20,mape,154.93393293955614,10,7
iter03_timing,0,bstar_2023,HP_Peak_A,paperA_sh_mh_station,none,-,-,-,p0.05|n20,r2,-14.040577941577467,10,7
iter03_timing,0,bstar_2023,HP_Peak_A,paperA_sh_mh_station,none,-,-,-,p0.05|n20,n_pred_nan,0.0,10,7
iter03_timing,0,bstar_2023,HP_Peak_A,paperA_sh_mh_station,none,-,-,-,p0.05|n20,mape_n_excluded,0.0,10,7
iter03_timing,0,bstar_2023,HP_Peak_A,paperA_sh_mh_station,none,-,-,-,p0.05|n40,wape,116.3783615834421,10,13
iter03_timing,0,bstar_2023,HP_Peak_A,paperA_sh_mh_station,none,-,-,-,p0.05|n40,rmse,17.355196699190913,10,13
iter03_timing,0,bstar_2023,HP_Peak_A,paperA_sh_mh_station,none,-,-,-,p0.05|n40,mae,13.987782998801038,10,13
iter03_timing,0,bstar_2023,HP_Peak_A,paperA_sh_mh_station,none,-,-,-,p0.05|n40,mape,134.49485767155448,10,13
iter03_timing,0,bstar_2023,HP_Peak_A,paperA_sh_mh_station,none,-,-,-,p0.05|n40,r2,-16.94564819925859,10,13
iter03_timing,0,bstar_2023,HP_Peak_A,paperA_sh_mh_station,none,-,-,-,p0.05|n40,n_pred_nan,0.0,10,13
iter03_timing,0,bstar_2023,HP_Peak_A,paperA_sh_mh_station,none,-,-,-,p0.05|n40,mape_n_excluded,0.0,10,13
iter03_timing,0,bstar_2023,HP_Peak_A,paperA_sh_mh_station,none,-,-,-,p0.05|n80,wape,56.40781609670481,5,12
iter03_timing,0,bstar_2023,HP_Peak_A,paperA_sh_mh_station,none,-,-,-,p0.05|n80,rmse,20.84149195028665,5,12
iter03_timing,0,bstar_2023,HP_Peak_A,paperA_sh_mh_station,none,-,-,-,p0.05|n80,mae,18.96460581148396,5,12
iter03_timing,0,bstar_2023,HP_Peak_A,paperA_sh_mh_station,none,-,-,-,p0.05|n80,mape,68.45090717904499,5,12
iter03_timing,0,bstar_2023,HP_Peak_A,paperA_sh_mh_station,none,-,-,-,p0.05|n80,r2,-5.208131135418356,5,12
iter03_timing,0,bstar_2023,HP_Peak_A,paperA_sh_mh_station,none,-,-,-,p0.05|n80,n_pred_nan,0.0,5,12
iter03_timing,0,bstar_2023,HP_Peak_A,paperA_sh_mh_station,none,-,-,-,p0.05|n80,mape_n_excluded,0.0,5,12
iter03_timing,0,bstar_2023,HP_Peak_A,paperA_sh_mh_station,none,-,-,-,p0.05|n120,wape,91.01886107684015,5,15
iter03_timing,0,bstar_2023,HP_Peak_A,paperA_sh_mh_station,none,-,-,-,p0.05|n120,rmse,40.163496789203975,5,15
iter03_timing,0,bstar_2023,HP_Peak_A,paperA_sh_mh_station,none,-,-,-,p0.05|n120,mae,39.85816403426034,5,15
iter03_timing,0,bstar_2023,HP_Peak_A,paperA_sh_mh_station,none,-,-,-,p0.05|n120,mape,93.1190858969295,5,15
iter03_timing,0,bstar_2023,HP_Peak_A,paperA_sh_mh_station,none,-,-,-,p0.05|n120,r2,-28.956591251469387,5,15
iter03_timing,0,bstar_2023,HP_Peak_A,paperA_sh_mh_station,none,-,-,-,p0.05|n120,n_pred_nan,0.0,5,15
iter03_timing,0,bstar_2023,HP_Peak_A,paperA_sh_mh_station,none,-,-,-,p0.05|n120,mape_n_excluded,0.0,5,15
iter03_timing,0,bstar_2023,HP_Peak_A,paperA_sh_mh_station,none,-,-,-,p0.1|n10,wape,62.86799551784389,10,9
iter03_timing,0,bstar_2023,HP_Peak_A,paperA_sh_mh_station,none,-,-,-,p0.1|n10,rmse,7.175708410145266,10,9
iter03_timing,0,bstar_2023,HP_Peak_A,paperA_sh_mh_station,none,-,-,-,p0.1|n10,mae,5.092581467327252,10,9
iter03_timing,0,bstar_2023,HP_Peak_A,paperA_sh_mh_station,none,-,-,-,p0.1|n10,mape,79.76292218449237,10,9
iter03_timing,0,bstar_2023,HP_Peak_A,paperA_sh_mh_station,none,-,-,-,p0.1|n10,r2,-6.031274376409478,10,9
iter03_timing,0,bstar_2023,HP_Peak_A,paperA_sh_mh_station,none,-,-,-,p0.1|n10,n_pred_nan,0.0,10,9
iter03_timing,0,bstar_2023,HP_Peak_A,paperA_sh_mh_station,none,-,-,-,p0.1|n10,mape_n_excluded,0.0,10,9
iter03_timing,0,bstar_2023,HP_Peak_A,paperA_sh_mh_station,none,-,-,-,p0.1|n20,wape,50.7834955653102,10,12
iter03_timing,0,bstar_2023,HP_Peak_A,paperA_sh_mh_station,none,-,-,-,p0.1|n20,rmse,8.386423887592896,10,12
iter03_timing,0,bstar_2023,HP_Peak_A,paperA_sh_mh_station,none,-,-,-,p0.1|n20,mae,7.438201076207979,10,12
iter03_timing,0,bstar_2023,HP_Peak_A,paperA_sh_mh_station,none,-,-,-,p0.1|n20,mape,63.00847199823235,10,12
iter03_timing,0,bstar_2023,HP_Peak_A,paperA_sh_mh_station,none,-,-,-,p0.1|n20,r2,-0.7986618224525737,10,12
iter03_timing,0,bstar_2023,HP_Peak_A,paperA_sh_mh_station,none,-,-,-,p0.1|n20,n_pred_nan,0.0,10,12
iter03_timing,0,bstar_2023,HP_Peak_A,paperA_sh_mh_station,none,-,-,-,p0.1|n20,mape_n_excluded,0.0,10,12
iter03_timing,0,bstar_2023,HP_Peak_A,paperA_sh_mh_station,none,-,-,-,p0.1|n40,wape,38.74215513678788,5,12
iter03_timing,0,bstar_2023,HP_Peak_A,paperA_sh_mh_station,none,-,-,-,p0.1|n40,rmse,14.31283989062766,5,12
iter03_timing,0,bstar_2023,HP_Peak_A,paperA_sh_mh_station,none,-,-,-,p0.1|n40,mae,11.780766253664664,5,12
iter03_timing,0,bstar_2023,HP_Peak_A,paperA_sh_mh_station,none,-,-,-,p0.1|n40,mape,41.81549670739348,5,12
iter03_timing,0,bstar_2023,HP_Peak_A,paperA_sh_mh_station,none,-,-,-,p0.1|n40,r2,-0.7945107798344948,5,12
iter03_timing,0,bstar_2023,HP_Peak_A,paperA_sh_mh_station,none,-,-,-,p0.1|n40,n_pred_nan,0.0,5,12
iter03_timing,0,bstar_2023,HP_Peak_A,paperA_sh_mh_station,none,-,-,-,p0.1|n40,mape_n_excluded,0.0,5,12
iter03_timing,0,bstar_2023,HP_Peak_A,paperA_sh_mh_station,none,-,-,-,p0.1|n80,wape,25.95980702610311,5,16
iter03_timing,0,bstar_2023,HP_Peak_A,paperA_sh_mh_station,none,-,-,-,p0.1|n80,rmse,18.019527054855157,5,16
iter03_timing,0,bstar_2023,HP_Peak_A,paperA_sh_mh_station,none,-,-,-,p0.1|n80,mae,17.36158337787291,5,16
iter03_timing,0,bstar_2023,HP_Peak_A,paperA_sh_mh_station,none,-,-,-,p0.1|n80,mape,26.731683962235607,5,16
iter03_timing,0,bstar_2023,HP_Peak_A,paperA_sh_mh_station,none,-,-,-,p0.1|n80,r2,-2.213369622834819,5,16
iter03_timing,0,bstar_2023,HP_Peak_A,paperA_sh_mh_station,none,-,-,-,p0.1|n80,n_pred_nan,0.0,5,16
iter03_timing,0,bstar_2023,HP_Peak_A,paperA_sh_mh_station,none,-,-,-,p0.1|n80,mape_n_excluded,0.0,5,16
iter03_timing,0,bstar_2023,HP_Peak_A,paperA_sh_mh_station,none,-,-,-,p0.1|n120,wape,33.46060419885572,5,16
iter03_timing,0,bstar_2023,HP_Peak_A,paperA_sh_mh_station,none,-,-,-,p0.1|n120,rmse,33.519490982113986,5,16
iter03_timing,0,bstar_2023,HP_Peak_A,paperA_sh_mh_station,none,-,-,-,p0.1|n120,mae,31.2927796288998,5,16
iter03_timing,0,bstar_2023,HP_Peak_A,paperA_sh_mh_station,none,-,-,-,p0.1|n120,mape,33.77147342345479,5,16
iter03_timing,0,bstar_2023,HP_Peak_A,paperA_sh_mh_station,none,-,-,-,p0.1|n120,r2,-15.24519325455748,5,16
iter03_timing,0,bstar_2023,HP_Peak_A,paperA_sh_mh_station,none,-,-,-,p0.1|n120,n_pred_nan,0.0,5,16
iter03_timing,0,bstar_2023,HP_Peak_A,paperA_sh_mh_station,none,-,-,-,p0.1|n120,mape_n_excluded,0.0,5,16
iter03_timing,0,bstar_2023,HP_Peak_A,paperA_sh_mh_station,none,-,-,-,p0.2|n10,wape,31.55710469336927,10,12
iter03_timing,0,bstar_2023,HP_Peak_A,paperA_sh_mh_station,none,-,-,-,p0.2|n10,rmse,6.712454909384164,10,12
iter03_timing,0,bstar_2023,HP_Peak_A,paperA_sh_mh_station,none,-,-,-,p0.2|n10,mae,4.343811289314801,10,12
iter03_timing,0,bstar_2023,HP_Peak_A,paperA_sh_mh_station,none,-,-,-,p0.2|n10,mape,31.767190745613355,10,12
iter03_timing,0,bstar_2023,HP_Peak_A,paperA_sh_mh_station,none,-,-,-,p0.2|n10,r2,-4.342717546246887,10,12
iter03_timing,0,bstar_2023,HP_Peak_A,paperA_sh_mh_station,none,-,-,-,p0.2|n10,n_pred_nan,0.0,10,12
iter03_timing,0,bstar_2023,HP_Peak_A,paperA_sh_mh_station,none,-,-,-,p0.2|n10,mape_n_excluded,0.0,10,12
iter03_timing,0,bstar_2023,HP_Peak_A,paperA_sh_mh_station,none,-,-,-,p0.2|n20,wape,16.666991784524196,5,13
iter03_timing,0,bstar_2023,HP_Peak_A,paperA_sh_mh_station,none,-,-,-,p0.2|n20,rmse,6.33990407455302,5,13
iter03_timing,0,bstar_2023,HP_Peak_A,paperA_sh_mh_station,none,-,-,-,p0.2|n20,mae,4.9103308435675,5,13
iter03_timing,0,bstar_2023,HP_Peak_A,paperA_sh_mh_station,none,-,-,-,p0.2|n20,mape,16.439799951298646,5,13
iter03_timing,0,bstar_2023,HP_Peak_A,paperA_sh_mh_station,none,-,-,-,p0.2|n20,r2,-2.517721653841369,5,13
iter03_timing,0,bstar_2023,HP_Peak_A,paperA_sh_mh_station,none,-,-,-,p0.2|n20,n_pred_nan,0.0,5,13
iter03_timing,0,bstar_2023,HP_Peak_A,paperA_sh_mh_station,none,-,-,-,p0.2|n20,mape_n_excluded,0.0,5,13
iter03_timing,0,bstar_2023,HP_Peak_A,paperA_sh_mh_station,none,-,-,-,p0.2|n40,wape,14.808126709249995,5,16
iter03_timing,0,bstar_2023,HP_Peak_A,paperA_sh_mh_station,none,-,-,-,p0.2|n40,rmse,10.773981970670096,5,16
iter03_timing,0,bstar_2023,HP_Peak_A,paperA_sh_mh_station,none,-,-,-,p0.2|n40,mae,10.107282225491105,5,16
iter03_timing,0,bstar_2023,HP_Peak_A,paperA_sh_mh_station,none,-,-,-,p0.2|n40,mape,14.768194049615992,5,16
iter03_timing,0,bstar_2023,HP_Peak_A,paperA_sh_mh_station,none,-,-,-,p0.2|n40,r2,-5.28465245927627,5,16
iter03_timing,0,bstar_2023,HP_Peak_A,paperA_sh_mh_station,none,-,-,-,p0.2|n40,n_pred_nan,0.0,5,16
iter03_timing,0,bstar_2023,HP_Peak_A,paperA_sh_mh_station,none,-,-,-,p0.2|n40,mape_n_excluded,0.0,5,16
iter03_timing,0,bstar_2023,HP_Peak_A,paperA_sh_mh_station,none,-,-,-,p0.3|n10,wape,21.894387516843285,10,14
iter03_timing,0,bstar_2023,HP_Peak_A,paperA_sh_mh_station,none,-,-,-,p0.3|n10,rmse,5.121941493130893,10,14
iter03_timing,0,bstar_2023,HP_Peak_A,paperA_sh_mh_station,none,-,-,-,p0.3|n10,mae,4.438005756065662,10,14
iter03_timing,0,bstar_2023,HP_Peak_A,paperA_sh_mh_station,none,-,-,-,p0.3|n10,mape,22.704908098132663,10,14
iter03_timing,0,bstar_2023,HP_Peak_A,paperA_sh_mh_station,none,-,-,-,p0.3|n10,r2,-1.92439206389614,10,14
iter03_timing,0,bstar_2023,HP_Peak_A,paperA_sh_mh_station,none,-,-,-,p0.3|n10,n_pred_nan,0.0,10,14
iter03_timing,0,bstar_2023,HP_Peak_A,paperA_sh_mh_station,none,-,-,-,p0.3|n10,mape_n_excluded,0.0,10,14
iter03_timing,0,bstar_2023,HP_Peak_A,paperA_sh_mh_station,none,-,-,-,p0.3|n20,wape,16.44251897391976,5,14
iter03_timing,0,bstar_2023,HP_Peak_A,paperA_sh_mh_station,none,-,-,-,p0.3|n20,rmse,10.704797338358274,5,14
iter03_timing,0,bstar_2023,HP_Peak_A,paperA_sh_mh_station,none,-,-,-,p0.3|n20,mae,7.672893881169594,5,14
iter03_timing,0,bstar_2023,HP_Peak_A,paperA_sh_mh_station,none,-,-,-,p0.3|n20,mape,20.529573930493047,5,14
iter03_timing,0,bstar_2023,HP_Peak_A,paperA_sh_mh_station,none,-,-,-,p0.3|n20,r2,-0.0077994088781887,5,14
iter03_timing,0,bstar_2023,HP_Peak_A,paperA_sh_mh_station,none,-,-,-,p0.3|n20,n_pred_nan,0.0,5,14
iter03_timing,0,bstar_2023,HP_Peak_A,paperA_sh_mh_station,none,-,-,-,p0.3|n20,mape_n_excluded,0.0,5,14
iter03_timing,0,bstar_2023,HP_Peak_A,paperA_sh_mh_station,none,-,-,-,p0.3|n40,wape,5.271009599193449,5,16
iter03_timing,0,bstar_2023,HP_Peak_A,paperA_sh_mh_station,none,-,-,-,p0.3|n40,rmse,7.131528409917866,5,16
iter03_timing,0,bstar_2023,HP_Peak_A,paperA_sh_mh_station,none,-,-,-,p0.3|n40,mae,5.389704738088534,5,16
iter03_timing,0,bstar_2023,HP_Peak_A,paperA_sh_mh_station,none,-,-,-,p0.3|n40,mape,5.374755595499256,5,16
iter03_timing,0,bstar_2023,HP_Peak_A,paperA_sh_mh_station,none,-,-,-,p0.3|n40,r2,-1.412726071114808,5,16
iter03_timing,0,bstar_2023,HP_Peak_A,paperA_sh_mh_station,none,-,-,-,p0.3|n40,n_pred_nan,0.0,5,16
iter03_timing,0,bstar_2023,HP_Peak_A,paperA_sh_mh_station,none,-,-,-,p0.3|n40,mape_n_excluded,0.0,5,16
iter03_timing,0,bstar_2023,HP_Peak_A,paperA_sh_mh_station,none,-,-,-,p0.5|n10,wape,17.717755575686382,5,12
iter03_timing,0,bstar_2023,HP_Peak_A,paperA_sh_mh_station,none,-,-,-,p0.5|n10,rmse,9.34942620555696,5,12
iter03_timing,0,bstar_2023,HP_Peak_A,paperA_sh_mh_station,none,-,-,-,p0.5|n10,mae,7.317524615622494,5,12
iter03_timing,0,bstar_2023,HP_Peak_A,paperA_sh_mh_station,none,-,-,-,p0.5|n10,mape,16.879848247729434,5,12
iter03_timing,0,bstar_2023,HP_Peak_A,paperA_sh_mh_station,none,-,-,-,p0.5|n10,r2,-0.1741790388628366,5,12
iter03_timing,0,bstar_2023,HP_Peak_A,paperA_sh_mh_station,none,-,-,-,p0.5|n10,n_pred_nan,0.0,5,12
iter03_timing,0,bstar_2023,HP_Peak_A,paperA_sh_mh_station,none,-,-,-,p0.5|n10,mape_n_excluded,0.0,5,12
iter03_timing,0,bstar_2023,HP_Peak_A,paperA_sh_mh_station,none,-,-,-,p0.5|n20,wape,8.620632083467287,5,16
iter03_timing,0,bstar_2023,HP_Peak_A,paperA_sh_mh_station,none,-,-,-,p0.5|n20,rmse,9.14259423554284,5,16
iter03_timing,0,bstar_2023,HP_Peak_A,paperA_sh_mh_station,none,-,-,-,p0.5|n20,mae,7.574554544780949,5,16
iter03_timing,0,bstar_2023,HP_Peak_A,paperA_sh_mh_station,none,-,-,-,p0.5|n20,mape,8.53193064952283,5,16
iter03_timing,0,bstar_2023,HP_Peak_A,paperA_sh_mh_station,none,-,-,-,p0.5|n20,r2,-3.596957581745277,5,16
iter03_timing,0,bstar_2023,HP_Peak_A,paperA_sh_mh_station,none,-,-,-,p0.5|n20,n_pred_nan,0.0,5,16
iter03_timing,0,bstar_2023,HP_Peak_A,paperA_sh_mh_station,none,-,-,-,p0.5|n20,mape_n_excluded,0.0,5,16
iter03_timing,0,bstar_2023,HP_Peak_A,paperA_sh_mh_station,none,-,-,-,p1.0|n10,wape,4.36508659966508,5,16
iter03_timing,0,bstar_2023,HP_Peak_A,paperA_sh_mh_station,none,-,-,-,p1.0|n10,rmse,4.250547813897473,5,16
iter03_timing,0,bstar_2023,HP_Peak_A,paperA_sh_mh_station,none,-,-,-,p1.0|n10,mae,3.7310000672736434,5,16
iter03_timing,0,bstar_2023,HP_Peak_A,paperA_sh_mh_station,none,-,-,-,p1.0|n10,mape,4.678928940473594,5,16
iter03_timing,0,bstar_2023,HP_Peak_A,paperA_sh_mh_station,none,-,-,-,p1.0|n10,r2,0.842362294859107,5,16
iter03_timing,0,bstar_2023,HP_Peak_A,paperA_sh_mh_station,none,-,-,-,p1.0|n10,n_pred_nan,0.0,5,16
iter03_timing,0,bstar_2023,HP_Peak_A,paperA_sh_mh_station,none,-,-,-,p1.0|n10,mape_n_excluded,0.0,5,16
