winter,n,draw,variant,def,rel_err,abs_err,yoy
2012,10,0,winter,a,-0.999999999997278,0.08026539887407105,0.01419907672935583
2012,10,0,winter,b,-1.273633705145619,0.09921312729271337,0.04502573782135966
2012,10,0,winter,c,-1.4979874346071602,0.10945748509663855,-0.11296074077779739
2012,10,0,band,a,-0.9999999999994638,0.08026539887424651,
2012,10,0,band,b,-1.588994634270736,0.1237790161177593,
2012,10,0,band,c,-1.959371471274276,0.14317067597568062,
2012,10,1,winter,a,6.977647631130013,0.04804960019341697,11.995226165245686
2012,10,1,winter,b,5.928250739660237,0.04082322613109046,11.995225703664824
2012,10,1,winter,c,7.421978144955119,0.036547125580354695,13.508830632950717
2012,10,1,band,a,1.527802842431338,0.010520782881852573,
2012,10,1,band,b,1.5278027709416242,0.010520782730156771,
2012,10,1,band,c,2.4031426350619243,0.011833496940544244,
2012,10,2,winter,a,-0.9999999999999989,0.005958364942909229,2.171654813552875
2012,10,2,winter,b,-3.808623279432995,0.025254456612259633,1.8499878439337523
2012,10,2,winter,c,-8.358250055023305,0.026252605109053063,2.2007033253869275
2012,10,2,band,a,-0.3880129597444745,0.0023119228167359294,
2012,10,2,band,b,-0.7406678109855729,0.004911266282922364,
2012,10,2,band,c,-0.508743247225782,0.0015979224698223714,
2012,10,3,winter,a,0.23269930258163418,0.027667991705621592,0.13203020086538286
2012,10,3,winter,b,0.23269929980492954,0.027667991420142382,0.1320302025270086
2012,10,3,winter,c,0.2162655061375096,0.024867515393270298,0.15457414622389076
2012,10,3,band,a,1.0575285239876844,0.12574034432219577,
2012,10,3,band,b,0.7768583628436823,0.09236860848246316,
2012,10,3,band,c,0.8519766485564704,0.09796542592979977,
2012,10,4,winter,a,-0.9999999990189293,0.04837055217684975,-0.8338315232577336
2012,10,4,winter,b,-1.032290632147566,0.049932467732537414,-0.8338315243835375
2012,10,4,winter,c,-1.0864020694618728,0.05147760727941871,-1.0617720411789866
2012,10,4,band,a,0.025466698689441847,0.0012318382789382742,
2012,10,4,band,b,-0.00912610206056741,0.00044143459455319584,
2012,10,4,band,c,0.004500954076743113,0.00021327126747838765,
2012,10,5,winter,a,-0.9999999999860913,0.07739569696121809,-0.9999999999932726
2012,10,5,winter,b,-1.1694591311420506,0.07329488806663599,-1.515912334801276
2012,10,5,winter,c,-1.1333549364306754,0.07593612167591694,-1.467905411452566
2012,10,5,band,a,-0.26489694626042337,0.020501883779008953,
2012,10,5,band,b,-0.3403617460569367,0.021331892167147266,
2012,10,5,band,c,-0.262510988982261,0.017588546853116907,
2012,10,6,winter,a,-0.12457108582873522,0.005561899708710134,-0.6160972165253088
2012,10,6,winter,b,-0.07248998219216374,0.003054823871457661,-0.5932580365506621
2012,10,6,winter,c,-0.11714376936680748,0.004785397952434864,-0.6977758882031451
2012,10,6,band,a,-0.13504806237124067,0.006029679951551063,
2012,10,6,band,b,-0.08359026295748584,0.0035226044065928205,
2012,10,6,band,c,-0.11779803899495223,0.004812125285487127,
2012,10,7,winter,a,-0.44424864779465845,0.04495129274934143,-0.7723517742840333
2012,10,7,winter,b,-0.444248648906043,0.04495129287616156,-0.7723517794872488
2012,10,7,winter,c,-0.5077219611211956,0.04816377113590173,-1.008572123194452
2012,10,7,band,a,-0.3670782329108183,0.03714280547931369,
2012,10,7,band,b,-0.36707829311844753,0.03714281158329115,
2012,10,7,band,c,-0.5169055646416162,0.049034950663341584,
2012,10,8,winter,a,-0.8156361956282691,0.05923396698002364,-0.766225915612727
2012,10,8,winter,b,-0.7680163529980816,0.0443264633549684,-0.7058437433531419
2012,10,8,winter,c,-0.8784916645427634,0.046752715540551715,-0.8004175100720141
2012,10,8,band,a,-0.7946944334807401,0.05771311288576077,
2012,10,8,band,b,-0.7416655625468438,0.04280561377572231,
2012,10,8,band,c,-0.9244811142688747,0.04920024207687973,
2012,10,9,winter,a,-0.999999999997697,0.010832151828167866,-0.9999999999600457
2012,10,9,winter,b,-1.9756445257609097,0.021400481490393763,-1.96613115127032
2012,10,9,winter,c,-2.6393750730080177,0.026137523912784684,-3.8171142373841613
2012,10,9,band,a,-0.9999999998875861,0.010832151826975129,
2012,10,9,band,b,-3.1173416355561563,0.03376751794215577,
2012,10,9,band,c,-3.145715207758712,0.031151770472659164,
2012,10,10,winter,a,-0.3562125036692043,0.025106350415333434,-0.9999999999324956
2012,10,10,winter,b,-0.3716435018745584,0.0199111437929052,-1.5789895025988012
2012,10,10,winter,c,-0.36985686911725524,0.019776030494944564,-1.693816122912247
2012,10,10,band,a,0.2673756075820508,0.01884500298928725,
2012,10,10,band,b,0.24025881123622028,0.012872087669789381,
2012,10,10,band,c,0.2785125414844576,0.014891902715682678,
2012,10,11,winter,a,-0.5591751441507695,0.1381017661201911,-0.43799915317362403
2012,10,11,winter,b,-0.44612962712989623,0.08769410060707414,-0.29387915227561767
2012,10,11,winter,c,-0.4988902111779393,0.09867440069743093,-0.36112503033470955
2012,10,11,band,a,-0.4278722885235212,0.10567336430650415,
2012,10,11,band,b,-0.2811553505510689,0.05526569879714316,
2012,10,11,band,c,-0.3447958269690342,0.06819641040623609,
2012,10,12,winter,a,0.3730644945347652,0.01944686636969102,-0.7727071752462672
2012,10,12,winter,b,0.7726654431665574,0.031197612500009533,-0.706558475832463
2012,10,12,winter,c,0.5687162869406543,0.02587671196009244,-0.9050997053446306
2012,10,12,band,a,0.014695818076691625,0.0007660541662832532,
2012,10,12,band,b,0.3100012615602452,0.012516800535346144,
2012,10,12,band,c,0.16907314916207072,0.007692864230401733,
2012,10,13,winter,a,-0.6186690759569831,0.05921421357245816,-0.6085818879456324
2012,10,13,winter,b,-0.686954241682362,0.06424046924914618,-0.5993846561208875
2012,10,13,winter,c,-0.7144366349039821,0.06767418340096515,-0.6755374505408874
2012,10,13,band,a,-0.3154210804363079,0.030189663501961922,
2012,10,13,band,b,-0.4536392671512046,0.042422038650293425,
2012,10,13,band,c,-0.45990638709721254,0.04356410025344651,
2012,10,14,winter,a,-0.29748837616329293,0.03942954203993854,-0.587597261613334
2012,10,14,winter,b,-0.2974883769509419,0.03942954225838011,-0.5875972571139078
2012,10,14,winter,c,-0.34521026084542006,0.04536544238447612,-0.706809271021478
2012,10,14,band,a,0.5866377412379555,0.07775381942203988,
2012,10,14,band,b,0.18437392756872217,0.024437188581701408,
2012,10,14,band,c,0.23480386164775036,0.03085650186395622,
2012,10,15,winter,a,-0.24598192359360493,0.030087297685775477,-0.06849864881235834
2012,10,15,winter,b,-0.05213886145355617,0.005073160155318793,0.17097183456678766
2012,10,15,winter,c,-0.07878307043222277,0.0076199496411083895,0.21313333380093513
2012,10,15,band,a,-0.22922816208711816,0.028038060073360696,
2012,10,15,band,b,-0.03107804289464866,0.003023922742518309,
2012,10,15,band,c,-0.06790464714080546,0.00656778148873137,
2012,10,16,winter,a,-0.9999999999710665,0.09972141899853271,-0.999999999995537
2012,10,16,winter,b,-1.2222251521911396,0.12188202633323272,-1.1031360875906497
2012,10,16,winter,c,-1.2363381866360625,0.12053118080362257,-1.1772624570377583
2012,10,16,band,a,-0.3737793945838236,0.03727381162138982,
2012,10,16,band,b,-0.37377939540296645,0.037273811647266494,
2012,10,16,band,c,-0.3924830916973786,0.0382633578733478,
2012,10,17,winter,a,-0.4285831185303165,0.014386390718223441,-0.9999999999999702
2012,10,17,winter,b,-0.5922361602164006,0.01987978622901783,-1.0221399510912628
2012,10,17,winter,c,-0.6119570043794463,0.021645688637242318,-1.1010440770357437
2012,10,17,band,a,-0.0004031560268534795,1.3532871156032855e-05,
2012,10,17,band,b,-0.0004031530431519714,1.3532770968445462e-05,
2012,10,17,band,c,-0.016533474435537876,0.0005848097777496064,
2012,10,18,winter,a,-0.9482057545264405,0.08922474918223967,-0.9999999999973295
2012,10,18,winter,b,-0.9435798551516023,0.08150959309943465,-1.0423307316803265
2012,10,18,winter,c,-0.9746510326551052,0.0870723565841579,-0.9992435303612821
2012,10,18,band,a,-0.9379273452536794,0.08825756617899737,
2012,10,18,band,b,-0.932383449408626,0.08054241001333587,
2012,10,18,band,c,-0.980341031938029,0.0875806838006968,
2012,10,19,winter,a,-0.3775115167137484,0.005129676514792762,-0.33287011174278636
2012,10,19,winter,b,-0.697601144385203,0.008377697077884909,-1.0603313960266054
2012,10,19,winter,c,-0.864185583442662,0.010125360794287441,-1.3538883856300057
2012,10,19,band,a,1.1689844916629477,0.01588431617991482,
2012,10,19,band,b,0.7925174714999816,0.009517575133867516,
2012,10,19,band,c,0.9883243289005357,0.011579851138021091,
2012,10,20,winter,a,-0.9999999962531883,0.007962707293841478,5.712911757305057
2012,10,20,winter,b,-1.0610176473121467,0.008448573051398546,5.712911707586747
2012,10,20,winter,c,-1.7712670310990304,0.009391369035693268,7.630617389215779
2012,10,20,band,a,-0.16294749559993715,0.0012975032165883221,
2012,10,20,band,b,-0.16294751506122218,0.0012975033808590268,
2012,10,20,band,c,-0.03061317777850081,0.00016231299111054906,
2012,10,21,winter,a,-0.3164798125555771,0.04534243728987376,-0.8831590949245809
2012,10,21,winter,b,-0.3164798121609891,0.045342437249391146,-0.8831591086359616
2012,10,21,winter,c,-0.4046609319979735,0.05919660617186581,-1.0635851127772795
2012,10,21,band,a,-0.6454034295852552,0.09246771317364769,
2012,10,21,band,b,-0.6454034307230463,0.09246771336939243,
2012,10,21,band,c,-0.6757624776354763,0.09885521949648428,
2012,10,22,winter,a,-1.0,0.06878762901818641,-0.38414873022154905
2012,10,22,winter,b,-1.385680873780203,0.07735928419451979,-0.2411831611267209
2012,10,22,winter,c,-1.5020969675045843,0.08794754151108325,-0.5607414324712023
2012,10,22,band,a,-0.49896837628883917,0.03432285155996351,
2012,10,22,band,b,-0.38265738448007436,0.02136285627900006,
2012,10,22,band,c,-0.489033244108252,0.028632819629455075,
2012,10,23,winter,a,-0.9999999999973512,0.0135721080358266,-0.9996021301189215
2012,10,23,winter,b,-1.4535109998522648,0.019727204286077837,-1.0013865553299253
2012,10,23,winter,c,-2.1151880206181177,0.018855850072217843,-1.1934230876455139
2012,10,23,band,a,0.9217896761595374,0.012510629071179996,
2012,10,23,band,b,0.9217900685469089,0.01251063183763372,
2012,10,23,band,c,1.5021339583273972,0.01339077776089685,
2012,10,24,winter,a,-0.9999999999991651,0.04731818559906776,0.6485122418621463
2012,10,24,winter,b,-1.2782328413023225,0.06048365883385961,0.6485122327051405
2012,10,24,winter,c,-1.4312679166921487,0.06709661324720939,0.3765014979993708
2012,10,24,band,a,-0.42516046591471024,0.020117821835555178,
2012,10,24,band,b,-0.4251604681980953,0.020117821947007498,
2012,10,24,band,c,-0.5724803073639537,0.026837386157314874,
2012,10,25,winter,a,-0.4021182766088093,0.04765943013206883,-0.4393877243434079
2012,10,25,winter,b,-0.4021182760799479,0.04765943004199845,-0.43938772560799144
2012,10,25,winter,c,-0.5091782736156479,0.060804327839562855,-0.5890978021895203
2012,10,25,band,a,-0.5038366965650438,0.05971519136215263,
2012,10,25,band,b,-0.5038366981713354,0.05971519151821426,
2012,10,25,band,c,-0.5861088553122679,0.06999111477207151,
2012,10,26,winter,a,-0.9999999999579771,0.028569602430989417,-0.20906038033374097
2012,10,26,winter,b,-1.9975084287493883,0.05706802161762091,-0.20906037230741736
2012,10,26,winter,c,-2.1065139003947877,0.06421780446247755,-0.4849215891475185
2012,10,26,band,a,-0.9999999999999822,0.02856960243218949,
2012,10,26,band,b,-1.9470527823168162,0.05562652385976273,
2012,10,26,band,c,-1.936003140487888,0.059019725002191235,
2012,10,27,winter,a,3953208077.568963,0.009942462004179132,21754243956.44689
2012,10,27,winter,b,-1.926440440134767,0.020674357347887286,-6.098140788403553
2012,10,27,winter,c,-1.585890359664702,0.026852814262575873,-4.291502298597684
2012,10,27,band,a,8464726573.80626,0.021289095004477662,
2012,10,27,band,b,-2.983721798813847,0.032020990325059395,
2012,10,27,band,c,-2.169334127426934,0.036731874963650504,
2012,10,28,winter,a,-0.694461499302243,0.08551959033407927,0.15833885216829868
2012,10,28,winter,b,-0.6944614981957893,0.08551958945755256,-0.19407073820575338
2012,10,28,winter,c,-0.7806905868755235,0.096984665492168,-0.19699013776753715
2012,10,28,band,a,-0.42362097772321217,0.052166883993153015,
2012,10,28,band,b,-0.4236209728924114,0.05216688294669766,
2012,10,28,band,c,-0.4898688764241963,0.06085608039052738,
2012,10,29,winter,a,-0.4818282294272035,0.03335420401598955,-0.5799179051658759
2012,10,29,winter,b,-0.48182823812131925,0.03335420469730631,-0.5799179063665635
2012,10,29,winter,c,-0.5096070485965174,0.03316469458131754,-0.6494040406713149
2012,10,29,band,a,-0.42029872014791614,0.029094869090875664,
2012,10,29,band,b,-0.4202987203589138,0.029094869174806116,
2012,10,29,band,c,-0.4563700235767544,0.029700084584142424,
2012,10,30,winter,a,-0.8763063561262033,0.08127607880726916,0.01031493680845541
2012,10,30,winter,b,-0.8750089956996846,0.08031338456171626,0.020911612470535967
2012,10,30,winter,c,-0.9500012158545543,0.08699942013421047,-0.04453427015959144
2012,10,30,band,a,-0.8450026570978644,0.07837270843753524,
2012,10,30,band,b,-0.8433769703646457,0.07741001439331302,
2012,10,30,band,c,-1.0124958910773119,0.09272257123666984,
2012,10,31,winter,a,1.2618920699064486,0.019006396145685736,1.2191170732229892
2012,10,31,winter,b,1.8720556677410656,0.022206256481662384,-0.18121480818710434
2012,10,31,winter,c,1.1589454643357535,0.015936825816587924,-0.6974310059212969
2012,10,31,band,a,1.4990826200632692,0.02257891844438588,
2012,10,31,band,b,1.4776400618883936,0.017527712859878305,
2012,10,31,band,c,1.1344742258389555,0.015600318295362004,
2012,10,32,winter,a,1.23936138938193,0.04807758107178815,0.7818459458071929
2012,10,32,winter,b,1.1292819014696045,0.04380735315605232,0.7818459452865931
2012,10,32,winter,c,1.2933808596073928,0.046934676005995137,0.7294541493462956
2012,10,32,band,a,0.9957435708722904,0.038627104785956434,
2012,10,32,band,b,0.9957435784310666,0.038627105009328894,
2012,10,32,band,c,1.2037452584646777,0.043681946644039855,
2012,10,33,winter,a,-0.3712400202177023,0.037193028141467105,-0.32953279308999706
2012,10,33,winter,b,-0.1854151825336121,0.014338396656134747,-0.3099626510123237
2012,10,33,winter,c,-0.21178071501617013,0.016807772383896552,-0.2163761180907915
2012,10,33,band,a,-0.24298219951351696,0.024343398589091222,
2012,10,33,band,b,-0.02262427264422362,0.001749564360354422,
2012,10,33,band,c,-0.03363653905488451,0.0026695315112774953,
2012,10,34,winter,a,-0.11352435673078065,0.005683417535119514,-0.03283876510933181
2012,10,34,winter,b,-0.11352435257254756,0.0056834172941082756,-0.03283876944865283
2012,10,34,winter,c,-0.2127983114999915,0.01055614291441992,-0.42348552448357757
2012,10,34,band,a,1.7049497780768537,0.08535561657662152,
2012,10,34,band,b,1.0994108155302302,0.05504026493629339,
2012,10,34,band,c,1.0402143763450167,0.051601215916286185,
2012,10,35,winter,a,71.42828064706109,0.024555083462694846,-0.9999999999995003
2012,10,35,winter,b,71.42829975353611,0.02455508337121681,-47.214113128025524
2012,10,35,winter,c,-14.601725822131003,0.024325935904440876,12.52188740571251
2012,10,35,band,a,108.54094413506539,0.03731339909363883,
2012,10,35,band,b,108.54097374662626,0.03731339915324694,
2012,10,35,band,c,-22.10010572139356,0.036817959863701066,
2012,10,36,winter,a,0.1829229859790722,0.03173430900974786,-0.0747586598920641
2012,10,36,winter,b,0.27009717494930796,0.043641565938081384,-0.006574028696510026
2012,10,36,winter,c,0.25261393462196735,0.04127814782223502,-0.029665226549720036
2012,10,36,band,a,0.34003754645427886,0.05899125534355282,
2012,10,36,band,b,0.43879012242890747,0.07089851296872676,
2012,10,36,band,c,0.39592614440747576,0.06469594775124554,
2012,10,37,winter,a,-0.018691039404200693,0.001407737543981491,-0.6504802062461028
2012,10,37,winter,b,-0.12159210816446331,0.008490481026362927,-0.9977033833183664
2012,10,37,winter,c,-0.08408028973638071,0.005998142796833292,-0.7600223082658641
2012,10,37,band,a,-0.0559060716161357,0.004210631321705127,
2012,10,37,band,b,-0.1784666287862403,0.012461890400806322,
2012,10,37,band,c,-0.21529456497956134,0.015358742794278832,
2012,10,38,winter,a,-0.8893181983482152,0.09588325512690654,-0.6990005701361082
2012,10,38,winter,b,-0.8580713398322645,0.07214647280978698,-0.6140246620842784
2012,10,38,winter,c,-0.9123356009228395,0.07773010569832267,-0.6824427597482529
2012,10,38,band,a,-0.5595221401503793,0.06032576890120629,
2012,10,38,band,b,-0.4351697248930749,0.03658898656465788,
2012,10,38,band,c,-0.4799711976651495,0.040893079135490104,
2012,10,39,winter,a,0.38472312768898065,0.03658452138324732,-0.7847206121396526
2012,10,39,winter,b,0.38472310653856345,0.03658451950320887,-0.7847206122430028
2012,10,39,winter,c,0.4634863299466663,0.040984160799858116,-0.901401856006045
2012,10,39,band,a,0.8928841649617885,0.08490713834135609,
2012,10,39,band,b,0.5045047383807346,0.047974928271954986,
2012,10,39,band,c,0.5633316653450238,0.04981306688982398,
2012,10,40,winter,a,-0.8160594646239592,0.08232860322645502,-0.9999999999957229
2012,10,40,winter,b,-0.8160594640313492,0.08232860330880087,-1.0824455262872545
2012,10,40,winter,c,-0.8684807603823921,0.08756744621178145,-1.1541073360053882
2012,10,40,band,a,0.22455034819384267,0.022653884088375806,
2012,10,40,band,b,-0.04837841838123402,0.004880683076622969,
2012,10,40,band,c,-0.059595335906612035,0.006008896926142079,
2012,10,41,winter,a,62328163351.53894,0.007469317966893666,-0.22874555684800213
2012,10,41,winter,b,-1.2717812926058416,0.01724739315511399,-0.6680492519825817
2012,10,41,winter,c,-1.0167601385169385,0.016697099901045266,-0.6258654978286098
2012,10,41,band,a,245041560778.80362,0.0293654302347671,
2012,10,41,band,b,-2.3159313663893535,0.03140774206116362,
2012,10,41,band,c,-2.217984959527511,0.03642345430876638,
2012,10,42,winter,a,-0.031322706387812316,0.0027719107416376704,-0.9999999999999966
2012,10,42,winter,b,-0.2724943002695184,0.024114451344040083,-1.1702249876366109
2012,10,42,winter,c,-0.3061053534329833,0.026593505442361345,-1.289977579284236
2012,10,42,band,a,0.2499284731799123,0.022117482789356324,
2012,10,42,band,b,0.2499284693458128,0.022117482485207757,
2012,10,42,band,c,0.2505377726467044,0.021765962423312885,
2012,10,43,winter,a,-0.9999999999121066,0.14047307339256546,-0.4319564553357782
2012,10,43,winter,b,-1.1204585686195747,0.1573942587316828,-0.4319564521029511
2012,10,43,winter,c,-1.2858224704305388,0.17103285040540878,-0.7172183439488511
2012,10,43,band,a,-0.46537078372250873,0.06537206426235345,
2012,10,43,band,b,-0.46537078076851446,0.0653720638369396,
2012,10,43,band,c,-0.5933027710024374,0.07891778718410265,
2012,10,44,winter,a,-0.07967015820251244,0.002495209635887799,-0.5803240270113333
2012,10,44,winter,b,-0.011844332089973708,0.00029311082820600645,-0.4688659083592801
2012,10,44,winter,c,-0.026033027203026693,0.0006150566855435691,-0.5864061510401819
2012,10,44,band,a,0.3104157379302199,0.009721988231100064,
2012,10,44,band,b,0.4595305046072702,0.011371968108305538,
2012,10,44,band,c,0.4722918514709735,0.01115837426471862,
2012,10,45,winter,a,-0.7875533507713267,0.048489631861433756,0.22132591529143975
2012,10,45,winter,b,-0.7630887011468028,0.04213160861179226,0.3619697369269763
2012,10,45,winter,c,-0.8511875510954349,0.048813803808149,0.19211083262148598
2012,10,45,band,a,-0.5275479749808735,0.032481110100050836,
2012,10,45,band,b,-0.47314197527541313,0.026123086988650165,
2012,10,45,band,c,-0.5765849318700625,0.03306592502065923,
2012,10,46,winter,a,-0.5765884472671039,0.22126495287708828,-0.5750814275074815
2012,10,46,winter,b,-0.5599084672021264,0.20672043903893644,-0.5583420800600609
2012,10,46,winter,c,-0.5855358113753948,0.22214028939480715,-0.5856220559904892
2012,10,46,band,a,0.23918564909284235,0.09178713452593129,
2012,10,46,band,b,0.025151469935614124,0.00928602300577075,
2012,10,46,band,c,0.021024413246435003,0.00797623160221167,
2012,10,47,winter,a,-0.9999999999830537,0.004539903324409677,-0.45895930082618
2012,10,47,winter,b,-8.048374045041651,0.03653884018609678,-0.45895944637009467
2012,10,47,winter,c,-18.924472084852898,0.039691652926868125,-8.00068058024354
2012,10,47,band,a,1.0431730831611898,0.004735904948258434,
2012,10,47,band,b,-0.08590151784402555,0.00038998458753040574,
2012,10,47,band,c,-3.130062478886644,0.006564904584620905,
2012,10,48,winter,a,-0.22391044367183888,0.02197063066806461,-0.6493831023255836
2012,10,48,winter,b,-0.41663994865725285,0.04088171282881864,-0.6493831044379104
2012,10,48,winter,c,-0.4804942361784791,0.04724372430542472,-0.7242304076360784
2012,10,48,band,a,1.1471635752488316,0.11256244601340364,
2012,10,48,band,b,0.7278524610476969,0.07141863229917825,
2012,10,48,band,c,0.7287540271169586,0.07165341798354677,
2012,10,49,winter,a,-1.0,0.058302120347712476,-0.5588318606274729
2012,10,49,winter,b,-1.101868533313525,0.046850129176864826,-0.39506672216129446
2012,10,49,winter,c,-1.2245731412707412,0.0661818527930935,-0.7380044287254357
2012,10,49,band,a,-0.5422642123941027,0.031615153371258496,
2012,10,49,band,b,-0.3723490238139251,0.015831834140959386,
2012,10,49,band,c,-0.5259209430146145,0.02842331034247531,
2012,40,0,winter,a,-0.3560486103150394,0.06946068968357252,-0.4891833936162072
2012,40,0,winter,b,-0.356048606235981,0.06946068867421329,-0.48918338766123837
2012,40,0,winter,c,-0.4296991244514641,0.08131925588386672,-0.6088856252514108
2012,40,0,band,a,0.35799457397061074,0.06984032317658223,
2012,40,0,band,b,0.35799457757341013,0.06984032366469131,
2012,40,0,band,c,0.3463663141590232,0.06554877431180536,
2012,40,1,winter,a,-0.21366673553434612,0.08385634123943925,-0.6979317706257764
2012,40,1,winter,b,-0.2136667373767378,0.08385634215321858,-0.6979317941806155
2012,40,1,winter,c,-0.25177575170928645,0.10026915765072081,-0.747044102690818
2012,40,1,band,a,0.22756729333374137,0.08931179931684907,
2012,40,1,band,b,-0.043548278360605375,0.017091098854341846,
2012,40,1,band,c,-0.04201966640910859,0.01673424278153074,
2012,40,2,winter,a,-0.47744804797258455,0.23755037912650118,-0.6618996235427088
2012,40,2,winter,b,-0.477448047791603,0.23755037957438097,-0.6618996036117585
2012,40,2,winter,c,-0.5151459856511429,0.25467655808248574,-0.7516947294454738
2012,40,2,band,a,-0.2193679512580592,0.1091447335701497,
2012,40,2,band,b,-0.2193679523133819,0.10914473434237187,
2012,40,2,band,c,-0.2633991768814329,0.13021861305030308,
2012,40,3,winter,a,-0.99999998005252,0.11555374935946881,-0.5016563032011716
2012,40,3,winter,b,-1.13226573290898,0.13083755319284313,-0.5016562743579362
2012,40,3,winter,c,-1.2998313352282223,0.17036689455660495,-0.8733755879466214
2012,40,3,band,a,-0.331108502413745,0.0382608296619141,
2012,40,3,band,b,-0.33110850176874584,0.03826082955056044,
2012,40,3,band,c,-0.5365343362988941,0.07032273051194175,
2012,40,4,winter,a,-0.39825138045582253,0.10895660921619146,-0.5458528405341272
2012,40,4,winter,b,-0.39825138050215536,0.10895660868980411,-0.5458529070465632
2012,40,4,winter,c,-0.4302703964367124,0.11254552308704471,-0.6105040158417914
2012,40,4,band,a,0.004021434090454079,0.0011002141968240453,
2012,40,4,band,b,0.0040214413675330185,0.0011002161822987189,
2012,40,4,band,c,0.0017169354656974,0.00044909759466110755,
2012,40,5,winter,a,-0.3264608914587921,0.1528154113724155,-0.5848957146246143
2012,40,5,winter,b,-0.298904091055612,0.13441670322754723,-0.5679123777791811
2012,40,5,winter,c,-0.2862026515229362,0.12818645776623122,-0.5132928798348526
2012,40,5,band,a,-0.07799410024374631,0.03650881568113945,
2012,40,5,band,b,-0.04027167493022188,0.018110109361349436,
2012,40,5,band,c,-0.06960708773196489,0.031176112325670746,
2012,40,6,winter,a,-0.15717771519168855,0.02775277951406699,-1.0
2012,40,6,winter,b,-0.15717770994844604,0.027752778543158108,-1.1964487603248755
2012,40,6,winter,c,-0.13106865034556958,0.02341466375181539,-1.0996524577278182
2012,40,6,band,a,0.39930386401111106,0.07050485549748817,
2012,40,6,band,b,0.39930386632188775,0.07050485579089405,
2012,40,6,band,c,0.44927886036735476,0.08026109537684745,
2012,40,7,winter,a,-0.01948174934553837,0.003624500797158592,-0.48549474323586217
2012,40,7,winter,b,-0.01948174366946054,0.0036244997307887106,-0.4854947476133994
2012,40,7,winter,c,-0.05314930928939221,0.00975336762189205,-0.5555661582426176
2012,40,7,band,a,-0.20953418874517904,0.038982989703273574,
2012,40,7,band,b,-0.2095341825918181,0.03898298844705561,
2012,40,7,band,c,-0.2322546774700116,0.042620784381879134,
2012,40,8,winter,a,-0.7107626587420898,0.22847109628773632,-0.7946078826576173
2012,40,8,winter,b,-0.7888718347171039,0.2535788989887588,-0.7946078928282345
2012,40,8,winter,c,-0.8247726373384057,0.2643463579203024,-0.8931726451896285
2012,40,8,band,a,0.1506142279581093,0.04841418911767392,
2012,40,8,band,b,-0.09704382154126057,0.031194250240812793,
2012,40,8,band,c,-0.11557530198869759,0.03704282703272538,
2012,40,9,winter,a,-0.5304368107543533,0.12407464107911341,-0.7914358102215694
2012,40,9,winter,b,-0.5304368054278095,0.12407463987665195,-0.7914358154486568
2012,40,9,winter,c,-0.5847828945149558,0.13147051826230266,-0.9042802797935888
2012,40,9,band,a,-0.15189273555566452,0.03552927750204993,
2012,40,9,band,b,-0.1518927358000529,0.0355292775716633,
2012,40,9,band,c,-0.1273122783404872,0.02862226541092902,
2012,40,10,winter,a,-0.27429218231616836,0.07812339835134713,-0.49380903284060296
2012,40,10,winter,b,-0.27429218636594344,0.07812339947440652,-0.49380903835884493
2012,40,10,winter,c,-0.28864032891675395,0.08015714121165299,-0.5648959655628596
2012,40,10,band,a,0.4959675289734129,0.14126056567905065,
2012,40,10,band,b,0.18793077201453356,0.05352609919422752,
2012,40,10,band,c,0.22532323820152267,0.06257360740465129,
2012,40,11,winter,a,-0.2543273155507839,0.05052054002882422,-0.27481782209275696
2012,40,11,winter,b,-0.25432730689517835,0.05052053792929154,-0.27481780656688815
2012,40,11,winter,c,-0.38872419784286594,0.07268321724891626,-0.565709995303415
2012,40,11,band,a,0.4213338454862601,0.08369534888648902,
2012,40,11,band,b,0.4213338512160367,0.08369534939489351,
2012,40,11,band,c,0.44266207296703497,0.08276846102162225,
2012,40,12,winter,a,-0.6330935809117452,0.36130832222364084,-0.313134702574869
2012,40,12,winter,b,-0.6330935911846478,0.3613083280035339,-0.31313469055867493
2012,40,12,winter,c,-0.6638826633759018,0.3834692116943238,-0.28844032854332546
2012,40,12,band,a,-0.13093184130045155,0.07472317731888811,
2012,40,12,band,b,-0.13093183509059403,0.07472317375776355,
2012,40,12,band,c,-0.14742980081219637,0.08515780365497078,
2012,40,13,winter,a,-0.0913602148051843,0.03383843283368548,-0.311212037524226
2012,40,13,winter,b,-0.09136021881521461,0.033838434530070516,-0.3112120445675892
2012,40,13,winter,c,-0.06741057703504927,0.02463197681954854,-0.3214648044731635
2012,40,13,band,a,0.9288205344077516,0.34402098698131633,
2012,40,13,band,b,0.5242142302317678,0.19416097224227424,
2012,40,13,band,c,0.6091153482839715,0.22257212145745364,
2012,40,14,winter,a,-0.3165855887659903,0.11589667665163167,-0.3296422152229156
2012,40,14,winter,b,-0.3165855839074274,0.11589667442051471,-0.329642215662329
2012,40,14,winter,c,-0.3574399451520499,0.13270307421022,-0.36983516862386523
2012,40,14,band,a,-0.09499173203014633,0.034774880608396785,
2012,40,14,band,b,-0.09499172514760668,0.0347748779530479,
2012,40,14,band,c,-0.1479183848447908,0.05491614652291915,
2012,40,15,winter,a,-0.6758449342137363,0.19806880617040773,-0.427151000744465
2012,40,15,winter,b,-0.6758449322680968,0.19806880629004847,-0.4271510002050457
2012,40,15,winter,c,-0.7357600315161673,0.20821479136755272,-0.5331787203943816
2012,40,15,band,a,0.2180873623478845,0.06391451842626045,
2012,40,15,band,b,0.21808735717171324,0.0639145171318935,
2012,40,15,band,c,0.22623882249219274,0.06402395782138598,
2012,40,16,winter,a,0.753191771150072,0.18966677341817217,-0.38800557114161727
2012,40,16,winter,b,0.7531917839214253,0.1896667754418,-0.3880055724467705
2012,40,16,winter,c,0.714772514553309,0.17861063468069638,-0.40099465517851074
2012,40,16,band,a,0.7108875815030191,0.17901384350076838,
2012,40,16,band,b,0.7108875921903355,0.1790138450665737,
2012,40,16,band,c,0.7723350545429022,0.19299462621931812,
2012,40,17,winter,a,-0.19665100090941245,0.06966255344045519,-0.6895689226312578
2012,40,17,winter,b,-0.19665100077591968,0.06966255293240392,-0.6895689217600802
2012,40,17,winter,c,-0.20927563058138154,0.0724590757231422,-0.7083376100403386
2012,40,17,band,a,-0.04980881741265819,0.01764450416610669,
2012,40,17,band,b,-0.0498088142129105,0.017644502915909077,
2012,40,17,band,c,-0.06328785985803209,0.021912631762566692,
2012,40,18,winter,a,-0.3758785603054061,0.22606767344607137,-0.6179848233302125
2012,40,18,winter,b,-0.23732720721555278,0.1168071118325309,-0.5331796618963278
2012,40,18,winter,c,-0.2473845284191194,0.12262526442726684,-0.5589217948429552
2012,40,18,band,a,-0.35025044307206676,0.21065394824440853,
2012,40,18,band,b,-0.2060097964589236,0.10139338685985039,
2012,40,18,band,c,-0.24229006988023372,0.12010000818170963,
2012,40,19,winter,a,0.21052647206676167,0.03938294817391716,-0.23751349055582638
2012,40,19,winter,b,-0.012548970481795707,0.002347521664259361,-0.23751348077589685
2012,40,19,winter,c,-0.046051843079947585,0.008709123186480289,-0.3453092737669766
2012,40,19,band,a,0.8692671555579243,0.16261282013869408,
2012,40,19,band,b,0.869267144264396,0.16261281801162805,
2012,40,19,band,c,0.8228995193642961,0.15562315870392798,
2012,40,20,winter,a,-0.541786110038619,0.04742356629860768,1.7231919884880758
2012,40,20,winter,b,-0.4185364860532367,0.028869913991730216,2.455671367973948
2012,40,20,winter,c,-1.011141692447759,0.07337434077582483,1.5880722048037126
2012,40,20,band,a,-0.820210085853606,0.07179454523574358,
2012,40,20,band,b,-0.771850495945502,0.05324089577601744,
2012,40,20,band,c,-1.1901170673905774,0.08636183822511419,
2012,40,21,winter,a,-0.125538381368143,0.010808427473970525,-0.3643419471369962
2012,40,21,winter,b,-0.1255383660090459,0.010808426004051602,-0.3643419110886861
2012,40,21,winter,c,0.03604385528227416,0.0025801081676806586,0.11694315706944591
2012,40,21,band,a,0.44180157403730025,0.038037612233225285,
2012,40,21,band,b,0.4418014801308363,0.03803760362892196,
2012,40,21,band,c,0.7643966172532044,0.054717397461429965,
2012,40,22,winter,a,-0.5419565446642053,0.11527237513105446,-0.548551768113172
2012,40,22,winter,b,-0.5419565443735057,0.11527237498724881,-0.5485517618943309
2012,40,22,winter,c,-0.5552647718385354,0.11680532031473949,-0.5666536406164973
2012,40,22,band,a,0.08465594253752995,0.018006040634319626,
2012,40,22,band,b,0.08465594478622918,0.018006041099805747,
2012,40,22,band,c,0.0300458047426837,0.006320425903237031,
2012,40,23,winter,a,-0.6265937148109121,0.1794190996602205,-0.568891931936935
2012,40,23,winter,b,-0.6265937166613672,0.17941910052041013,-0.5688919280021036
2012,40,23,winter,c,-0.6877558134640431,0.19894354742981238,-0.6335703380895591
2012,40,23,band,a,-0.7485051241461624,0.21432726229290816,
2012,40,23,band,b,-0.7485051225864117,0.21432726224088766,
2012,40,23,band,c,-0.7853323144098912,0.22716899440376276,
2012,40,24,winter,a,-0.4987609395109929,0.12855586521075418,-0.4861474172970943
2012,40,24,winter,b,-0.5915133108383408,0.15246283275978517,-0.48614741760719393
2012,40,24,winter,c,-0.6717974586109657,0.1707803311011129,-0.5851334176216083
2012,40,24,band,a,-0.3713138997829116,0.09570633116974347,
2012,40,24,band,b,-0.3713139026668565,0.09570633222681932,
2012,40,24,band,c,-0.4513315986755905,0.11473481905927799,
2012,40,25,winter,a,-0.22866619270138144,0.07797968078886464,-0.6198515106943424
2012,40,25,winter,b,-0.22866618214477596,0.07797967609216189,-0.6198515015797327
2012,40,25,winter,c,-0.23789897333888665,0.0805857765184736,-0.6601033858614871
2012,40,25,band,a,0.19510605669475067,0.06653501263695488,
2012,40,25,band,b,0.1951060680857042,0.0665350155857582,
2012,40,25,band,c,0.17121220471949505,0.057996334633635405,
2012,40,26,winter,a,-0.9999999999999957,0.12185218457334093,-0.8608453492233088
2012,40,26,winter,b,-2.4184064477805496,0.29468808127994167,-0.8608453275456547
2012,40,26,winter,c,-2.7008801606335187,0.3048211985463067,-1.0450690252315453
2012,40,26,band,a,-0.9999999999999998,0.12185218457334143,
2012,40,26,band,b,-2.7185991402875,0.3312672132328515,
2012,40,26,band,c,-3.024609651618294,0.34135729255190617,
2012,40,27,winter,a,-0.7213142253908733,0.16599282598888856,-0.5357373102735268
2012,40,27,winter,b,-0.7213142322604966,0.16599282792151976,-0.5357373100300463
2012,40,27,winter,c,-0.7787937141018844,0.180206502272924,-0.6499631423366982
2012,40,27,band,a,-0.21767214442996552,0.05009191988888323,
2012,40,27,band,b,-0.21767214121704237,0.05009191925565734,
2012,40,27,band,c,-0.23225769411705766,0.05374253274639826,
2012,40,28,winter,a,0.018896555165197393,0.006534937309230993,-0.6814800104256397
2012,40,28,winter,b,0.018896562240946935,0.006534939695761188,-0.6814800026395966
2012,40,28,winter,c,-0.01694970785370975,0.005828780295796754,-0.779873633116801
2012,40,28,band,a,0.12416616012435355,0.04293999965850981,
2012,40,28,band,b,0.1241661695354157,0.04294000251587249,
2012,40,28,band,c,0.1109734818262802,0.03816231228335942,
2012,40,29,winter,a,-0.2176993648004253,0.09298137553910124,-0.529138132014592
2012,40,29,winter,b,-0.10875566692459904,0.040772524569302415,-0.46356560127414514
2012,40,29,winter,c,-0.16530859958343758,0.06280939424507687,-0.5153273005584997
2012,40,29,band,a,-0.0051905395470428495,0.0022169265735643706,
2012,40,29,band,b,0.13334727468712804,0.049991923981302866,
2012,40,29,band,c,0.08353962259409409,0.03174107761979433,
2012,40,30,winter,a,-0.4866558433721665,0.19123819336309525,-0.6530895442250185
2012,40,30,winter,b,-0.39183832291686893,0.129971811492603,-0.5890132503071904
2012,40,30,winter,c,-0.4623719827998517,0.15533510338834042,-0.7480072533822848
2012,40,30,band,a,-0.2995962853893466,0.11773053408574313,
2012,40,30,band,b,-0.17022782045653284,0.05646415089385498,
2012,40,30,band,c,-0.24565910477864983,0.08252983281557724,
2012,40,31,winter,a,-0.9368411236021466,0.2850484318836317,-0.5676916586400231
2012,40,31,winter,b,-0.9368411802949309,0.2850484489177981,-0.567691646512592
2012,40,31,winter,c,-1.0239494699142118,0.3126779231575792,-0.6793367164488868
2012,40,31,band,a,0.11509173213385337,0.035018443299525914,
2012,40,31,band,b,-0.10433234638173627,0.0317447334015632,
2012,40,31,band,c,-0.08264711498225752,0.02523750343831227,
2012,40,32,winter,a,0.0940713250344336,0.022538660078996436,-0.12486386545135253
2012,40,32,winter,b,0.09407131959685544,0.02253865867980176,-0.12486386116064496
2012,40,32,winter,c,0.06107278557682916,0.014805695878307351,-0.31513556785989016
2012,40,32,band,a,-0.33996907962101,0.08145359406963265,
2012,40,32,band,b,-0.3399690787736843,0.08145359351824,
2012,40,32,band,c,-0.38877633658218025,0.09424990443373643,
2012,40,33,winter,a,-0.3574038800074827,0.09114261561135645,-0.32346725309071156
2012,40,33,winter,b,-0.35740388912144816,0.09114261839976096,-0.3234672750262596
2012,40,33,winter,c,-0.39100852857879065,0.0957314790624007,-0.4025164383443237
2012,40,33,band,a,0.21390109289398374,0.054547547407927555,
2012,40,33,band,b,0.21390108796013907,0.054547546427565485,
2012,40,33,band,c,0.23972444842977558,0.058692264588229376,
2012,40,34,winter,a,0.12413409219847882,0.030715527912147017,-0.019737336792781
2012,40,34,winter,b,0.12413409528207153,0.030715528615648552,-0.019737335616025198
2012,40,34,winter,c,0.03549340043306448,0.009000324843945862,-0.1848703791044951
2012,40,34,band,a,0.04507680840783901,0.011153728539196966,
2012,40,34,band,b,0.04507680976502937,0.011153728853412564,
2012,40,34,band,c,-0.0014801807692933489,0.0003753404179046016,
2012,40,35,winter,a,0.13439563788479636,0.05036244977322779,-0.5258881880190547
2012,40,35,winter,b,0.13439564002770887,0.050362450497453526,-0.5258881763073784
2012,40,35,winter,c,0.0864067786683107,0.032798455382619385,-0.571429826423959
2012,40,35,band,a,-0.04092541771058422,0.01533609517642559,
2012,40,35,band,b,-0.040925417097104844,0.0153360949225409,
2012,40,35,band,c,-0.1039351297558525,0.03945190144247662,
2012,40,36,winter,a,-0.3410928214229374,0.082049455002176,-0.2815632675640477
2012,40,36,winter,b,-0.3410928271048118,0.082049456455033,-0.2815632867660719
2012,40,36,winter,c,-0.4494780860544323,0.1069193685295497,-0.44540487316956645
2012,40,36,band,a,-0.2054857598770421,0.049429344593898056,
2012,40,36,band,b,-0.20548576194210566,0.049429345142509545,
2012,40,36,band,c,-0.2779787554576483,0.0661240534751289,
2012,40,37,winter,a,-0.30602720061542055,0.12043065054634855,-0.6598021708151597
2012,40,37,winter,b,-0.3060271998726528,0.12043065026860172,-0.6598021730036516
2012,40,37,winter,c,-0.3769963967514942,0.147775791800846,-0.7689508617677423
2012,40,37,band,a,0.028602287206420662,0.011255836240882056,
2012,40,37,band,b,-0.15942906901860565,0.06273999978308537,
2012,40,37,band,c,-0.18895460239316086,0.07406679804812405,
2012,40,38,winter,a,-0.4093071708831978,0.10145168889414882,-0.21313356355135304
2012,40,38,winter,b,-0.4093071688746691,0.1014516887956659,-0.21313357903032715
2012,40,38,winter,c,-0.4667799723867012,0.11009512185726816,-0.3057247113332261
2012,40,38,band,a,-0.1973380060168778,0.04891259039077292,
2012,40,38,band,b,-0.19733801196717138,0.04891259205816431,
2012,40,38,band,c,-0.2905519347357478,0.0685298267983456,
2012,40,39,winter,a,-0.7658493350076951,0.22019834585258197,-0.6801340225410928
2012,40,39,winter,b,-0.7658493806754167,0.22019835796322257,-0.6801340089499537
2012,40,39,winter,c,-0.8421391891593375,0.24179710226900236,-0.8144752123723755
2012,40,39,band,a,-0.15565814537116418,0.044755103337481755,
2012,40,39,band,b,-0.1556581377870654,0.044755100949610355,
2012,40,39,band,c,-0.20523279116464066,0.05892695035808404,
2012,40,40,winter,a,-0.8098750653156501,0.2480141396724192,-0.8191760699957039
2012,40,40,winter,b,-0.80987507154363,0.24801414129401445,-0.8191760766839133
2012,40,40,winter,c,-0.8872466806772505,0.2720674889037474,-0.8603270189972363
2012,40,40,band,a,0.045006967335392556,0.013782822513002668,
2012,40,40,band,b,-0.18845072553179776,0.05771068466142423,
2012,40,40,band,c,-0.20673240467337672,0.06339292942926092,
2012,40,41,winter,a,-0.08406364770954067,0.012840422316145822,-0.07862553082434565
2012,40,41,winter,b,-0.08406364619979634,0.012840422070142105,-0.07862554010849054
2012,40,41,winter,c,-0.1841817171916198,0.027996412162469023,-0.32551866829555953
2012,40,41,band,a,0.16645607684805963,0.02542557195713188,
2012,40,41,band,b,0.16645607929871864,0.02542557230097603,
2012,40,41,band,c,0.08231720215135963,0.012512568319107853,
2012,40,42,winter,a,-0.854496067933485,0.06525921070347256,0.09592387468804753
2012,40,42,winter,b,-0.8544960734876983,0.06525921170378776,0.09592365864910746
2012,40,42,winter,c,-1.1325724750659223,0.07180867891116427,-0.1182105692712816
2012,40,42,band,a,0.6037984367865081,0.04611303771586846,
2012,40,42,band,b,0.6037982831376822,0.046113026388567555,
2012,40,42,band,c,0.7112484678479649,0.045095403586229016,
2012,40,43,winter,a,-0.21001178609623583,0.05138842551354031,-0.8736294821901073
2012,40,43,winter,b,-0.21001179549014037,0.05138842825078438,-0.8736937491729078
2012,40,43,winter,c,-0.20675389244452347,0.04856901462214433,-0.9344947795471548
2012,40,43,band,a,0.6408808238591706,0.15681908664331684,
2012,40,43,band,b,0.2760840363575843,0.06755584685344371,
2012,40,43,band,c,0.3411793405196204,0.08014719424408076,
2012,40,44,winter,a,-0.5100568390780362,0.1981064838341386,-0.5469396744539899
2012,40,44,winter,b,-0.3962663167291943,0.12490147464082393,-0.6858816500380231
2012,40,44,winter,c,-0.3854225684523681,0.12134716916386354,-0.6533348060897041
2012,40,44,band,a,-0.25549877263114495,0.09923592743386422,
2012,40,44,band,b,-0.08258650312757754,0.026030918073495446,
2012,40,44,band,c,-0.09061210263809327,0.02852848547834047,
2012,40,45,winter,a,-0.9775600217157795,0.37028681871244884,-0.4820321477058708
2012,40,45,winter,b,-0.9775604487246623,0.3702869792728506,-0.48203215305239766
2012,40,45,winter,c,-1.0858589685786344,0.39690601580076235,-0.6831027632743552
2012,40,45,band,a,-0.30017682445437366,0.11370301455590004,
2012,40,45,band,b,-0.3001768171419654,0.11370301142220612,
2012,40,45,band,c,-0.36042518423527714,0.13174355787320646,
2012,40,46,winter,a,-0.5479691440024088,0.3458222321088199,-0.6740208082144791
2012,40,46,winter,b,-0.635800132120173,0.3908033506293258,-0.6653051570248194
2012,40,46,winter,c,-0.6565999744583524,0.40594183932824734,-0.6948500902308721
2012,40,46,band,a,-0.25719009281467553,0.16231215378991243,
2012,40,46,band,b,-0.23732971085670973,0.14587799140180213,
2012,40,46,band,c,-0.2315754469947393,0.14317113395237918,
2012,40,47,winter,a,-0.20077489724648423,0.07225936943781736,0.06437463371125429
2012,40,47,winter,b,-0.14360909133459399,0.04823516383711257,0.14050567642047818
2012,40,47,winter,c,-0.25873098503123315,0.09011505119915825,-0.047587220333842106
2012,40,47,band,a,0.05492793585393363,0.019768696504192218,
2012,40,47,band,b,0.13038327712653053,0.04379290109958994,
2012,40,47,band,c,0.011226583925444622,0.0039101779213299714,
2012,40,48,winter,a,-0.6681401842500353,0.25362934378402985,-0.43523040687319714
2012,40,48,winter,b,-0.6681401872967956,0.2536293457306219,-0.4352304041916013
2012,40,48,winter,c,-0.7439028084746497,0.27709628922416435,-0.5673385185533435
2012,40,48,band,a,0.11840229132729085,0.04494609987509479,
2012,40,48,band,b,-0.01799122893298788,0.006829560187997741,
2012,40,48,band,c,-0.01238257458460923,0.00461238407672121,
2012,40,49,winter,a,0.18179388877478386,0.027567454668081637,-0.37772756729686674
2012,40,49,winter,b,0.18179387866358754,0.027567453222510113,-0.3777275940835356
2012,40,49,winter,c,0.14814521096995392,0.021606454272397824,-0.5495556656240147
2012,40,49,band,a,0.5732594464912613,0.08692978576290539,
2012,40,49,band,b,0.5732594467789256,0.08692978608308546,
2012,40,49,band,c,0.5277466513287337,0.07696997975626768,
2012,120,0,winter,a,-0.5154359489993852,0.5228567796468625,-0.5624989135842262
2012,120,0,winter,b,-0.51543595434421,0.5228567874521839,-0.5624989258302908
2012,120,0,winter,c,-0.5500690395973087,0.5514012999537925,-0.6442371007543735
2012,120,0,band,a,0.07177719787891657,0.0728105880234029,
2012,120,0,band,b,0.07177718894089069,0.072810579288616,
2012,120,0,band,c,0.07374374999422395,0.07392235643738543,
2012,120,1,winter,a,-0.5339183770331696,0.5770866683140282,-0.6448206320509327
2012,120,1,winter,b,-0.5339183759452413,0.5770866666063474,-0.6448206714358637
2012,120,1,winter,c,-0.5933660046197671,0.6477458323341704,-0.7812029900395969
2012,120,1,band,a,-0.24327226300162808,0.26294127677141543,
2012,120,1,band,b,-0.24327226047720174,0.2629412738005814,
2012,120,1,band,c,-0.3006015802405684,0.32815061745687224,
2012,120,2,winter,a,-0.25606606830822587,0.1505774971465284,-0.5782075712814632
2012,120,2,winter,b,-0.25606606259082776,0.15057749320612246,-0.5782075560827158
2012,120,2,winter,c,-0.31120031232744527,0.1801201746667569,-0.6975417526652496
2012,120,2,band,a,0.3626035442044142,0.21322596353156598,
2012,120,2,band,b,0.1363634144758712,0.08018735832875512,
2012,120,2,band,c,0.13157196850612096,0.0761527704497792,
2012,120,3,winter,a,-0.20415285454170262,0.2084716113122289,-0.5657584327898194
2012,120,3,winter,b,-0.20415285781910375,0.20847161609803422,-0.5657584457437399
2012,120,3,winter,c,-0.1967800326066771,0.19282717953595518,-0.6269578093911513
2012,120,3,band,a,0.123192860433607,0.12579894694301452,
2012,120,3,band,b,0.12319285331862484,0.1257989405459039,
2012,120,3,band,c,0.14541574964543225,0.14249468552676636,
2012,120,4,winter,a,-0.5990195469242989,0.5739448624467307,-0.5188789820995188
2012,120,4,winter,b,-0.5990195502299442,0.5739448667189908,-0.518878978270492
2012,120,4,winter,c,-0.6608442896684612,0.6441260622779732,-0.6077181222403993
2012,120,4,band,a,-0.23297441126376783,0.2232222088794198,
2012,120,4,band,b,-0.23297441102203265,0.2232222090775623,
2012,120,4,band,c,-0.29072531660865997,0.2833704646000671,
2012,120,5,winter,a,-0.38114504364109303,0.30612731369185814,-0.5464084037168433
2012,120,5,winter,b,-0.38114505219500705,0.3061273199614018,-0.5464084120263981
2012,120,5,winter,c,-0.4453056381225893,0.35863625687894024,-0.7220728559827827
2012,120,5,band,a,0.01597023085032978,0.012826938066795246,
2012,120,5,band,b,0.01597023546398102,0.012826941747205667,
2012,120,5,band,c,-0.037110552268701635,0.029887763407777657,
2012,120,6,winter,a,-0.3608047217234859,0.3020204724166995,-0.49448062930958536
2012,120,6,winter,b,-0.36080472506375094,0.3020204726301977,-0.4944806125413048
2012,120,6,winter,c,-0.380493322512222,0.3166930037831234,-0.5325558206605898
2012,120,6,band,a,-0.005227101930667444,0.0043754743200957735,
2012,120,6,band,b,-0.0052270947079792185,0.004375468236752611,
2012,120,6,band,c,-0.014398235627479439,0.011983969810395734,
2012,120,7,winter,a,-0.21799193493369984,0.11629754642222712,-0.35950282254656096
2012,120,7,winter,b,-0.21799193584556753,0.1162975456526838,-0.35950281255018934
2012,120,7,winter,c,-0.2791895085793352,0.14566256326791638,-0.3733257225732777
2012,120,7,band,a,0.19750039011307563,0.10536541544332423,
2012,120,7,band,b,0.1975004021477922,0.10536542072582955,
2012,120,7,band,c,0.17907949369585352,0.09343179911449384,
2012,120,8,winter,a,-0.33351264984814677,0.2542624903591716,-0.7749903028446891
2012,120,8,winter,b,-0.33351264382845314,0.2542624848155426,-0.7749902983125607
2012,120,8,winter,c,-0.3685362716130217,0.27592436367246115,-0.8979803678981823
2012,120,8,band,a,0.23920388338498966,0.18236362285132168,
2012,120,8,band,b,-0.006157917862777529,0.0046946570873792615,
2012,120,8,band,c,-0.01799219736106239,0.013470819537495626,
2012,120,9,winter,a,0.07438413129607002,0.040991448155893284,-0.07998389974306752
2012,120,9,winter,b,0.07438414346585343,0.04099145423971784,-0.07998389907539272
2012,120,9,winter,c,0.04038290348608853,0.021310138079021268,-0.20961420000692677
2012,120,9,band,a,0.5124985768930852,0.28242662082136716,
2012,120,9,band,b,0.5124985852872217,0.2824266211570374,
2012,120,9,band,c,0.5525363416886038,0.291574520864198,
2012,120,10,winter,a,-0.35092982844855536,0.290659944713072,-0.5274862282641695
2012,120,10,winter,b,-0.3509298386754254,0.29065995357139995,-0.5274862632765909
2012,120,10,winter,c,-0.41931513287148114,0.34690606208690383,-0.5925860959206859
2012,120,10,band,a,-0.06622527753394736,0.05485152285778638,
2012,120,10,band,b,-0.06622528037682307,0.05485152528561055,
2012,120,10,band,c,-0.11944892018795117,0.09882198679348764,
2012,120,11,winter,a,-0.4469176225467748,0.27758243026390794,-0.8165838884800567
2012,120,11,winter,b,-0.4469176400198347,0.2775824423978664,-0.8165838794886661
2012,120,11,winter,c,-0.4632737470335493,0.27796583801131663,-0.9086647369660757
2012,120,11,band,a,-0.07230354624240587,0.044908039133241595,
2012,120,11,band,b,-0.07230355592091753,0.04490804535190929,
2012,120,11,band,c,-0.05407624683322643,0.032445933670435356,
2012,120,12,winter,a,-0.4983742734857236,0.4394486597032589,-0.37298691039910814
2012,120,12,winter,b,-0.4983742748116792,0.43944866053751686,-0.3729868874632133
2012,120,12,winter,c,-0.5373753829309977,0.4787354509223798,-0.39907368827430956
2012,120,12,band,a,0.051794536294611726,0.04567057483811088,
2012,120,12,band,b,0.05179453704747572,0.04567057546715214,
2012,120,12,band,c,0.022154973397714883,0.019737359612340688,
2012,120,13,winter,a,-0.2509208599330145,0.11506882201022667,-0.4770803435893576
2012,120,13,winter,b,-0.25092089229014636,0.11506883844403482,-0.47708033773354364
2012,120,13,winter,c,-0.35167316789637504,0.15560586105024493,-0.7253817548636564
2012,120,13,band,a,0.17555093055701265,0.08050521900565472,
2012,120,13,band,b,0.17555093155191015,0.08050522057799903,
2012,120,13,band,c,0.1677625957509863,0.07423040921776697,
2012,120,14,winter,a,-0.5571075903112777,0.28661310865577316,-0.4365636912605967
2012,120,14,winter,b,-0.5571076024738338,0.28661311266377704,-0.436563684617714
2012,120,14,winter,c,-0.6946555032445199,0.34504645407908124,-0.671377322070926
2012,120,14,band,a,0.0712694451757987,0.036665731340322694,
2012,120,14,band,b,0.07126946803505319,0.03666574281290225,
2012,120,14,band,c,0.017639324535118295,0.008761733484821066,
2012,120,15,winter,a,-0.5049235888793736,0.42024809293003923,-0.37107762782706344
2012,120,15,winter,b,-0.5049235829312411,0.4202480873091361,-0.3710776235443577
2012,120,15,winter,c,-0.5565373912435004,0.45762046597794753,-0.4079188925377498
2012,120,15,band,a,-0.05962492794862817,0.049625849957047996,
2012,120,15,band,b,-0.059624920498171696,0.049625843676880055,
2012,120,15,band,c,-0.11559889860909178,0.0950527721593547,
2012,120,16,winter,a,-0.24115805327462525,0.18280786381188574,-0.27643055020664353
2012,120,16,winter,b,-0.2411580534555433,0.18280786353715572,-0.27643055340469425
2012,120,16,winter,c,-0.28802245492985734,0.21775940231887536,-0.3792570271900959
2012,120,16,band,a,-0.17688810526633136,0.1340885623282334,
2012,120,16,band,b,-0.17688810281791312,0.13408856017012327,
2012,120,16,band,c,-0.22472277231262783,0.16990167172262982,
2012,120,17,winter,a,-0.48214045614757517,0.7638593810014404,-0.7068970366503593
2012,120,17,winter,b,-0.48616648531117446,0.6314138528376001,-0.6424547908733309
2012,120,17,winter,c,-0.5154086031800751,0.6709650410475292,-0.6921986440875944
2012,120,17,band,a,-0.24777597280303942,0.3925536610734617,
2012,120,17,band,b,-0.08239039232956813,0.10700539142330379,
2012,120,17,band,c,-0.10650965776061616,0.13865553747138692,
2012,120,18,winter,a,-0.6918410325299472,0.44209413062682673,-0.4044833412188863
2012,120,18,winter,b,-0.6918410486443045,0.4420941426500106,-0.40448332564661404
2012,120,18,winter,c,-0.7541376511563715,0.47653316250636546,-0.4298429301179715
2012,120,18,band,a,-0.17399428493211777,0.11118428730630592,
2012,120,18,band,b,-0.1739942927010858,0.1111842927048251,
2012,120,18,band,c,-0.1924531194665512,0.12160948801983995,
2012,120,19,winter,a,-0.09031338144291956,0.06008482868928777,-0.48169901152628714
2012,120,19,winter,b,-0.09031336855144434,0.06008481980209268,-0.48169901034944085
2012,120,19,winter,c,-0.13333573618280747,0.08672948280233561,-0.5839910912664408
2012,120,19,band,a,0.016932245119964495,0.01126489819231391,
2012,120,19,band,b,0.016932248384450732,0.011264900305921866,
2012,120,19,band,c,-0.0013616472651316602,0.0008856962615196862,
2012,120,20,winter,a,-0.46531077439607094,0.406056294841508,-0.6452400343340361
2012,120,20,winter,b,-0.4653107693377465,0.4060562893343129,-0.6452400284392842
2012,120,20,winter,c,-0.5232896954165069,0.4590144362802303,-0.7490838085541736
2012,120,20,band,a,-0.2814455157066814,0.24560515164502816,
2012,120,20,band,b,-0.2814455156280369,0.24560515091528157,
2012,120,20,band,c,-0.3319997777281254,0.29122050778726283,
2012,120,21,winter,a,-0.35466925180436215,0.2674809293125177,-0.484257516286973
2012,120,21,winter,b,-0.35466926714689706,0.2674809407507072,-0.4842575239903115
2012,120,21,winter,c,-0.4099013724664574,0.30759233102028044,-0.637437228966162
2012,120,21,band,a,0.1766537209919843,0.1332269465623549,
2012,120,21,band,b,0.17665371857932688,0.13322694467671037,
2012,120,21,band,c,0.1490819576134974,0.11187195246377168,
2012,120,22,winter,a,-0.5541553216938206,0.32615210161532304,-0.30793418346804124
2012,120,22,winter,b,-0.5541553213137971,0.32615210564145974,-0.3079342173677009
2012,120,22,winter,c,-0.6140825054210362,0.3554153373089658,-0.39356847292263475
2012,120,22,band,a,-0.08484949003029585,0.049938777831785575,
2012,120,22,band,b,-0.08484950205746222,0.049938785561169485,
2012,120,22,band,c,-0.14265406562162997,0.08256454532383123,
2012,120,23,winter,a,0.06163777619271471,0.05801568039690519,-0.2947786884594219
2012,120,23,winter,b,-0.13630350293634685,0.12829373481592643,-0.29477869814005575
2012,120,23,winter,c,-0.1809305254655975,0.16912471597359657,-0.3745207151544847
2012,120,23,band,a,0.22700105272592808,0.21366151308789527,
2012,120,23,band,b,0.22700105404967275,0.21366151568962033,
2012,120,23,band,c,0.2126170089501771,0.19874364017525403,
2012,120,24,winter,a,-0.26123021639678967,0.1502360427179888,-0.10521397669273358
2012,120,24,winter,b,-0.2612302300444139,0.150236051087141,-0.1052139995864827
2012,120,24,winter,c,-0.3525104883592154,0.20197678717044176,-0.2630810682128466
2012,120,24,band,a,0.10422855119828744,0.05994285533368504,
2012,120,24,band,b,0.10422855469059678,0.0599428575497295,
2012,120,24,band,c,0.017800982763184425,0.010199371155506287,
2012,120,25,winter,a,0.31197840894307194,0.30467410154156627,-0.32292384502360183
2012,120,25,winter,b,0.05024211987874616,0.04906580851355047,-0.3229238654761626
2012,120,25,winter,c,0.01465557883576607,0.014452661380455756,-0.3713831861723722
2012,120,25,band,a,0.12111092495895948,0.11827537159942436,
2012,120,25,band,b,0.12111091355293269,0.1182753615418839,
2012,120,25,band,c,0.0845711686683992,0.08340021755612226,
2012,120,26,winter,a,-0.3918408492966823,0.3503751779989448,-0.46123886826951277
2012,120,26,winter,b,-0.3918408504571196,0.35037517966759435,-0.4612388911740418
2012,120,26,winter,c,-0.4577788671088535,0.40869185451802337,-0.6005743755427209
2012,120,26,band,a,0.1369109707594245,0.12242267705356324,
2012,120,26,band,b,-0.07561097513276516,0.06760961488849093,
2012,120,26,band,c,-0.12027889426220928,0.10738155010486905,
2012,120,27,winter,a,-0.2969038275995963,0.31530793587879635,-0.29964972203894313
2012,120,27,winter,b,-0.2969038314786283,0.3153079405529172,-0.2996497276804676
2012,120,27,winter,c,-0.36899845037669365,0.39700352280487305,-0.4029081965325476
2012,120,27,band,a,0.040918082528986766,0.043454462162516805,
2012,120,27,band,b,-0.047850605973591254,0.05081671040957314,
2012,120,27,band,c,-0.09162103351081552,0.09857459571899196,
2012,120,28,winter,a,-0.2914852186569584,0.2944380135486516,-0.4441116619861657
2012,120,28,winter,b,-0.2914852151877958,0.2944380105457224,-0.4441116799860929
2012,120,28,winter,c,-0.32753005292220083,0.32926672146045843,-0.4938796460531435
2012,120,28,band,a,0.010076049202770498,0.01017812129668827,
2012,120,28,band,b,0.010076047504558039,0.010178119598604152,
2012,120,28,band,c,0.010723329424625838,0.010780187928665308,
2012,120,29,winter,a,-0.31905663552386876,0.24288376586534455,-0.4172007219483639
2012,120,29,winter,b,-0.31905663553547403,0.24288376307632908,-0.4172007245248891
2012,120,29,winter,c,-0.39345822535449404,0.2975244525028216,-0.5726214320125147
2012,120,29,band,a,0.21173423899374044,0.16118395169871125,
2012,120,29,band,b,0.038910018703461446,0.029620483360911942,
2012,120,29,band,c,0.016648766370873647,0.012589430796315693,
2012,120,30,winter,a,-0.20204266221707845,0.20347920819407395,-0.46116400050424267
2012,120,30,winter,b,-0.20204267213171667,0.2034792193171513,-0.4611640164207257
2012,120,30,winter,c,-0.23895066957720434,0.24159533641045094,-0.4921317640332641
2012,120,30,band,a,0.01624185215038998,0.016357333539862795,
2012,120,30,band,b,0.016241844116806625,0.01635732554063707,
2012,120,30,band,c,-0.0017064025575960207,0.0017252887413268247,
2012,120,31,winter,a,-0.23450369700151918,0.23336050240109174,-0.49471853410148536
2012,120,31,winter,b,-0.23450370668727394,0.23336051295929816,-0.4947185417552038
2012,120,31,winter,c,-0.28107621041047515,0.27728209271345483,-0.585180630691756
2012,120,31,band,a,0.3581577624033567,0.35641175999351826,
2012,120,31,band,b,0.09426956640095785,0.09381000702524056,
2012,120,31,band,c,0.07778247238603941,0.07673252278494413,
2012,120,32,winter,a,-0.30210290399716944,0.23023463392943833,-0.3412885298706818
2012,120,32,winter,b,-0.3021028941811411,0.23023462511767712,-0.3412885057154087
2012,120,32,winter,c,-0.3346430116868917,0.2466269248208373,-0.3826397548334448
2012,120,32,band,a,0.11375985525031895,0.08669714287045871,
2012,120,32,band,b,0.11375986302564245,0.08669714829492059,
2012,120,32,band,c,0.07956667401392825,0.05863945591261188,
2012,120,33,winter,a,-0.33101169688952203,0.33273636384114547,-0.5533797874437065
2012,120,33,winter,b,-0.3310116970919452,0.33273636473976775,-0.5533797922162387
2012,120,33,winter,c,-0.3522186247411605,0.34447181285895556,-0.5959259783325244
2012,120,33,band,a,0.25666633624787916,0.25800364230648865,
2012,120,33,band,b,0.007372068508071594,0.0074104791387685776,
2012,120,33,band,c,0.02671562871948918,0.026128036424627465,
2012,120,34,winter,a,-0.36150139878140697,0.30990809105320205,-0.6311094560794599
2012,120,34,winter,b,-0.36150139512437107,0.3099080878039109,-0.6311094604855112
2012,120,34,winter,c,-0.4030942109075685,0.34863033057988935,-0.7020775432931008
2012,120,34,band,a,-0.20153744453184985,0.17277411628598816,
2012,120,34,band,b,-0.20153744474872748,0.17277411640825446,
2012,120,34,band,c,-0.24778287349060035,0.21430380977828367,
2012,120,35,winter,a,0.04939808419984382,0.02505927261603469,-0.12807584491410706
2012,120,35,winter,b,0.04939806638261124,0.025059263821079147,-0.12807586012690075
2012,120,35,winter,c,0.010664464469488877,0.005278090693945081,-0.2195858251126518
2012,120,35,band,a,0.5865998668202894,0.2975776534108132,
2012,120,35,band,b,0.5865998694210948,0.29757765762281585,
2012,120,35,band,c,0.563671206258819,0.2789739472348836,
2012,120,36,winter,a,0.03991795542754972,0.0304142066309101,-0.31561633049455773
2012,120,36,winter,b,0.03991795708563317,0.030414207836210072,-0.3156163032806668
2012,120,36,winter,c,0.023247454914471666,0.016916218367792446,-0.40184356120616627
2012,120,36,band,a,0.15631191430862912,0.11909685277554771,
2012,120,36,band,b,0.1563119230846146,0.1190968592349182,
2012,120,36,band,c,0.17251983892234768,0.12553560287453713,
2012,120,37,winter,a,-0.1865186382610612,0.1283446203180274,-0.19128516311616217
2012,120,37,winter,b,-0.18651862895028304,0.1283446132057291,-0.1912851531304165
2012,120,37,winter,c,-0.2536223604690988,0.17129132771993882,-0.3019931635371542
2012,120,37,band,a,-0.12055559767281454,0.08295504703864454,
2012,120,37,band,b,-0.12055559253595138,0.08295504304794366,
2012,120,37,band,c,-0.16568505900357267,0.11190028232363292,
2012,120,38,winter,a,-0.5523183560760015,0.3455103047932608,-0.15198093991971595
2012,120,38,winter,b,-0.5523183540954423,0.34551030380368725,-0.15198093501299803
2012,120,38,winter,c,-0.6111993828197363,0.3754783986619901,-0.18534646038982072
2012,120,38,band,a,-0.2666236000921425,0.166790041141121,
2012,120,38,band,b,-0.2666236084748762,0.16679004650544532,
2012,120,38,band,c,-0.3138932136329946,0.19283416266233994,
2012,120,39,winter,a,0.11983979501537667,0.082029111206541,-0.3631705910181624
2012,120,39,winter,b,0.11983977477284458,0.08202909836632366,-0.36317060480410335
2012,120,39,winter,c,0.08582652852205075,0.05765234330853064,-0.4903812554837962
2012,120,39,band,a,0.3292357406955413,0.22535848950022985,
2012,120,39,band,b,0.3292357215511226,0.22535847918619656,
2012,120,39,band,c,0.298481519376383,0.20049930158736318,
2012,120,40,winter,a,-0.1469569417712191,0.11972757823870672,-0.3999385715856032
2012,120,40,winter,b,-0.14695693779440322,0.11972757507201282,-0.3999385271786319
2012,120,40,winter,c,-0.18684932800868115,0.15197831874027024,-0.436388937958902
2012,120,40,band,a,0.12296616515950398,0.10018200557526558,
2012,120,40,band,b,0.12296617330679815,0.10018201227426848,
2012,120,40,band,c,0.10483773000065089,0.0852722464450344,
2012,120,41,winter,a,-0.49867851062037305,0.36610287400933644,-0.5628469557071833
2012,120,41,winter,b,-0.49867851747549974,0.3661028774585424,-0.5628469514261741
2012,120,41,winter,c,-0.5573961444163309,0.4072828086759103,-0.6695996499854372
2012,120,41,band,a,-0.06422897521158177,0.0471534504071206,
2012,120,41,band,b,-0.06422896878661521,0.04715344548630973,
2012,120,41,band,c,-0.08921118311017873,0.06518556252386953,
2012,120,42,winter,a,-0.40757579475324,0.3443911167980185,-0.24244700938214003
2012,120,42,winter,b,-0.4075757945306192,0.34439111321769067,-0.24244700812657183
2012,120,42,winter,c,-0.49178956521553796,0.4136598617486946,-0.38060911240218076
2012,120,42,band,a,-0.07877247171432733,0.06656072282963232,
2012,120,42,band,b,-0.07877245203374328,0.06656070554442595,
2012,120,42,band,c,-0.15237943129633336,0.12817119138296518,
2012,120,43,winter,a,-0.30042514492511896,0.2837248370718056,-0.39486047433443616
2012,120,43,winter,b,-0.14151246789247107,0.1089070469425204,-0.2573993739975122
2012,120,43,winter,c,-0.18539753795740266,0.14494116331469398,-0.2953753079461665
2012,120,43,band,a,0.11978721038169837,0.11312836932243031,
2012,120,43,band,b,0.1287858943940845,0.09911276126544921,
2012,120,43,band,c,0.0737834106824522,0.05768282305937411,
2012,120,44,winter,a,-0.6078655617007163,0.3749769931766631,-0.4209835825228091
2012,120,44,winter,b,-0.6078655678293994,0.3749769927315969,-0.42098362979895654
2012,120,44,winter,c,-0.7207075315904681,0.43159380469792963,-0.6922220899195894
2012,120,44,band,a,-0.22121826954740886,0.13646399266072162,
2012,120,44,band,b,-0.22121825592259658,0.13646398271807503,
2012,120,44,band,c,-0.28754139126760203,0.17219340387834198,
2012,120,45,winter,a,-0.48184944560834386,0.29056134477970336,-0.460570487041846
2012,120,45,winter,b,-0.4818494465396016,0.2905613445203423,-0.4605704785169462
2012,120,45,winter,c,-0.5287474915574332,0.31470767284843787,-0.5042023157662688
2012,120,45,band,a,0.009428370691640486,0.0056854274550132144,
2012,120,45,band,b,0.009428370691535237,0.005685427438886781,
2012,120,45,band,c,-0.027415055352970508,0.016317293999317806,
2012,120,46,winter,a,-0.5509092809118166,0.34842544437919354,-0.31387441746277855
2012,120,46,winter,b,-0.5509092826407598,0.3484254437298079,-0.31387441537087
2012,120,46,winter,c,-0.6350200499959633,0.3934064895667598,-0.4353170807541412
2012,120,46,band,a,-0.29315426111223364,0.18540693947037346,
2012,120,46,band,b,-0.2931542554486888,0.18540693496100785,
2012,120,46,band,c,-0.321129807846983,0.19894576620239435,
2012,120,47,winter,a,-0.23626835039978844,0.20491074484834726,-0.5372676767566653
2012,120,47,winter,b,-0.23626835359506426,0.2049107479978589,-0.5372676563510219
2012,120,47,winter,c,-0.284574829875229,0.24467495420953034,-0.6395960989490146
2012,120,47,band,a,0.0912562765249949,0.07914471643443699,
2012,120,47,band,b,0.09125626805886289,0.0791447092380525,
2012,120,47,band,c,0.09699936697309774,0.08339920885800733,
2012,120,48,winter,a,-0.21031791219470364,0.16423716104145725,-0.32550871696667183
2012,120,48,winter,b,-0.2103179033917656,0.16423715316788245,-0.3255086866574487
2012,120,48,winter,c,-0.2687122192686078,0.20660917210949592,-0.40526668367800045
2012,120,48,band,a,-0.1105831252256243,0.08635431170187247,
2012,120,48,band,b,-0.1105831260311021,0.08635431180541353,
2012,120,48,band,c,-0.16027590487970478,0.12323396422547694,
2012,120,49,winter,a,-0.34221177424880633,0.3727310760537278,-0.44123395439313384
2012,120,49,winter,b,-0.19624336845111778,0.17492712971453694,-0.31723936541224773
2012,120,49,winter,c,-0.24006098091965222,0.21456157741883108,-0.42331100528558807
2012,120,49,band,a,0.0161366551739619,0.01757576243570691,
2012,120,49,band,b,0.2416254134967164,0.21537971133835776,
2012,120,49,band,c,0.19811433138890933,0.17707052303643067,
2013,10,0,winter,a,0.46858380377985753,0.03814510832724223,-0.014000285599890083
2013,10,0,winter,b,0.46858379286457685,0.03814510772771196,-0.043085769270360896
2013,10,0,winter,c,0.843861214392033,0.05469544536029401,0.127345818804961
2013,10,0,band,a,0.4390611688627437,0.035741815473467026,
2013,10,0,band,b,0.43906116076364476,0.03574181508497831,
2013,10,0,band,c,0.7582937074055249,0.04914932850698066,
2013,10,1,winter,a,-0.999999999994934,0.0894879556362465,-0.9230486651571798
2013,10,1,winter,b,-1.5871450379898244,0.14203036430189314,-0.9230486624239249
2013,10,1,winter,c,-1.8619717893849685,0.13302677488235048,-0.9310764578277646
2013,10,1,band,a,-0.9999999999850301,0.08948795563536022,
2013,10,1,band,b,-1.442491700031363,0.12908563285268274,
2013,10,1,band,c,-1.8276972510453573,0.13057806361728563,
2013,10,2,winter,a,-0.9999999999935067,0.01889787685196007,-0.6847071769201125
2013,10,2,winter,b,-1.3768160452643885,0.026018900302518015,-0.6491213104194402
2013,10,2,winter,c,-1.9334680061112515,0.019437457518043086,-0.6875686690271077
2013,10,2,band,a,-0.9999999999998812,0.018897876852080536,
2013,10,2,band,b,-1.7203975444704551,0.032511861220848724,
2013,10,2,band,c,-3.317350873384447,0.03334984932258718,
2013,10,3,winter,a,0.05135519854144621,0.006912338236800403,-0.11663134142927645
2013,10,3,winter,b,0.051355197134233865,0.006912338068698065,-0.11663134272590969
2013,10,3,winter,c,-0.12441281381001046,0.016517034667814096,-0.13387979172185294
2013,10,3,band,a,0.1007460867380856,0.013560283035526727,
2013,10,3,band,b,0.10074608554115017,0.013560282916218885,
2013,10,3,band,c,-0.07390461123369241,0.00981156995389812,
2013,10,4,winter,a,-0.9999999998423341,0.008037660981027693,5.017988607737179
2013,10,4,winter,b,-1.1605801521824515,0.009328349705380814,5.017988648509504
2013,10,4,winter,c,3.3434422052852284,0.009786187688598257,-17.18855360635513
2013,10,4,band,a,-0.9999999998668997,0.008037660981225141,
2013,10,4,band,b,-1.5486280722072658,0.012447347297774629,
2013,10,4,band,c,4.161552393114172,0.012180779655940312,
2013,10,5,winter,a,185270877873.96622,0.09646552183048157,148645531042.41187
2013,10,5,winter,b,-2.3687567178080267,0.07659228164516085,-2.938313803613921
2013,10,5,winter,c,-2.8766613404157857,0.09018395487611956,-3.137184087902721
2013,10,5,band,a,198553002474.48962,0.10338116391794754,
2013,10,5,band,b,-2.6417799909092543,0.08542032011438944,
2013,10,5,band,c,-3.0609857949115793,0.09596256637037745,
2013,10,6,winter,a,0.5885648786051803,0.010088381738729488,1.6048261253774552
2013,10,6,winter,b,0.5885648955533578,0.01008838200442571,1.4585611760330597
2013,10,6,winter,c,0.3965158584739137,0.0048954039780828955,2.308802841886312
2013,10,6,band,a,1.0884125998663152,0.01865609416368219,
2013,10,6,band,b,1.0884125812037406,0.01865609379791987,
2013,10,6,band,c,1.2209710680947383,0.015074167895527773,
2013,10,7,winter,a,3.245532358142352,0.0747594822017146,3.3927423411930526
2013,10,7,winter,b,3.245532471532692,0.07475948312877241,3.3927424415952627
2013,10,7,winter,c,-73.25692410121093,0.059570551212083,-117.6572128416469
2013,10,7,band,a,2.7516779896356933,0.06338375310753769,
2013,10,7,band,b,2.7516780394359053,0.0633837528261963,
2013,10,7,band,c,-70.73772082150786,0.05752200317613403,
2013,10,8,winter,a,1.5974337479870835,0.027120241253743075,3.277634121083275
2013,10,8,winter,b,1.5974336762852759,0.027120240751480895,2.399553731745115
2013,10,8,winter,c,1.7604098654622837,0.018698442197379032,4.010459586714363
2013,10,8,band,a,0.5766901655138259,0.009790688619859086,
2013,10,8,band,b,0.5766900922883054,0.009790687634820796,
2013,10,8,band,c,-0.17177945758055857,0.0018245797875165413,
2013,10,9,winter,a,241638.24801113553,1.0457882240286834e-07,25028606458.84229
2013,10,9,winter,b,-0.39248491241698,0.004107464241488702,-2.035056160527634
2013,10,9,winter,c,-0.9259873814472556,0.025832881954763905,-1.354973180260007
2013,10,9,band,a,162.3603956428209,7.026809340385357e-11,
2013,10,9,band,b,-0.34738746561142353,0.003635506863571801,
2013,10,9,band,c,-0.7951822352957996,0.022183724344943194,
2013,10,10,winter,a,1371980897.7963617,0.006527614859895585,14813850874.80756
2013,10,10,winter,b,-1.2104331602709781,0.0375475122564992,-2.7271470303200465
2013,10,10,winter,c,-0.8608737897838574,0.03193664621549317,-2.441304067427212
2013,10,10,band,a,451206488.9038311,0.002146751595871797,
2013,10,10,band,b,-1.069205646887868,0.033166649302843736,
2013,10,10,band,c,-0.7598487814981222,0.028188826283202212,
2013,10,11,winter,a,0.06236114599281972,0.008655704703309647,0.7793567494551108
2013,10,11,winter,b,0.06236114405545923,0.008655704487761928,0.41618818255076695
2013,10,11,winter,c,0.10387966330475695,0.013126408675640883,0.565251492829504
2013,10,11,band,a,0.05920403544688613,0.00821749889156187,
2013,10,11,band,b,0.05920403081741643,0.008217498299649073,
2013,10,11,band,c,0.10800283400374289,0.013647419448226256,
2013,10,12,winter,a,7.551732689835029,0.08947424585199004,3.3996109471712534
2013,10,12,winter,b,7.551732606493061,0.08947424532409319,2.4078339895381062
2013,10,12,winter,c,22.164340317977906,0.09570525759495882,9.53737508014597
2013,10,12,band,a,7.162741495319379,0.08486541034339193,
2013,10,12,band,b,7.162741358223743,0.08486540915494059,
2013,10,12,band,c,20.516357340749533,0.08858929415616346,
2013,10,13,winter,a,1.0099411159082052,0.0378359400249308,1.5548127927741389
2013,10,13,winter,b,0.9945438210482422,0.03725910321975639,1.4961600080444115
2013,10,13,winter,c,1.3979733222754294,0.04296578668009675,2.0820197944786716
2013,10,13,band,a,1.298857446636501,0.04865976013629306,
2013,10,13,band,b,1.298857449478454,0.048659760136923906,
2013,10,13,band,c,1.6303185061647358,0.05010676243983943,
2013,10,14,winter,a,1.423810698788348,0.07782614595325307,1.424814160817737
2013,10,14,winter,b,1.4238106592154964,0.07782614486439049,1.4248141343623537
2013,10,14,winter,c,2.3235268232435997,0.08952397928024719,2.4107490488666024
2013,10,14,band,a,1.2810567811459466,0.07002315132813139,
2013,10,14,band,b,1.2810567451144967,0.07002315032514139,
2013,10,14,band,c,1.8982604515677886,0.07313874220631314,
2013,10,15,winter,a,-0.4279113569838693,0.04875479018760891,0.07353574820371889
2013,10,15,winter,b,-0.427911355492801,0.04875478999638991,-0.14600849441441976
2013,10,15,winter,c,-0.602611239131013,0.07070741530903896,-0.1756883005870058
2013,10,15,band,a,-0.4118440357461517,0.04692413329328543,
2013,10,15,band,b,-0.4118440366431807,0.04692413337495922,
2013,10,15,band,c,-0.618806991928035,0.07260774465057751,
2013,10,16,winter,a,239424759542.4914,0.10655801832583964,224063633508.4157
2013,10,16,winter,b,-11.36065072764956,0.1168428952533539,-10.695927229361558
2013,10,16,winter,c,-6.889774212371915,0.11906493582816668,-6.641352470856209
2013,10,16,band,a,235249705326.70422,0.10469987506410121,
2013,10,16,band,b,-11.17998318342647,0.11498475178504339,
2013,10,16,band,c,-6.982428229348813,0.12066612684626514,
2013,10,17,winter,a,45613813258154.52,0.045530870101248594,33628478695140.176
2013,10,17,winter,b,-53.83795325482333,0.04001123785298443,-46.16721811524839
2013,10,17,winter,c,-16.22965858058766,0.05800570934154807,-10.896671129434491
2013,10,17,band,a,39319668020179.49,0.039248169998831677,
2013,10,17,band,b,-41.49435695333285,0.03083773593246133,
2013,10,17,band,c,-12.857011148620618,0.04595167840314031,
2013,10,18,winter,a,541682014278.5861,0.13612178361696928,374454913629.6936
2013,10,18,winter,b,-31.40581546663115,0.11484072207852077,-24.623499058599037
2013,10,18,winter,c,1690.149096361886,0.11422145051332319,1320.9301196210931
2013,10,18,band,a,480183076840.86755,0.12066743063144576,
2013,10,18,band,b,-33.99926186577038,0.12432410127832337,
2013,10,18,band,c,1696.402652376773,0.11464407017476268,
2013,10,19,winter,a,0.4917251943541241,0.004457513141612976,0.49895847510649594
2013,10,19,winter,b,-19.66371750657667,0.014247099906799883,-17.575117863326263
2013,10,19,winter,c,-3.7471124743572584,0.015536977222552453,-3.8257497013352424
2013,10,19,band,a,0.6377649155166527,0.005781370417493487,
2013,10,19,band,b,-21.49089339677466,0.015570957282509242,
2013,10,19,band,c,-3.350251911544548,0.013891439874221832,
2013,10,20,winter,a,-0.9928962530889781,0.05307323537317888,-0.8510333464592634
2013,10,20,winter,b,-0.9928962456621203,0.053073234963772795,-0.8510333453559611
2013,10,20,winter,c,-1.170966135221374,0.05358349864609404,-0.8841334339244918
2013,10,20,band,a,-0.9999999996078385,0.05345295159212315,
2013,10,20,band,b,-1.0063008666536006,0.05378975152085449,
2013,10,20,band,c,-1.319187151024355,0.060366103506054584,
2013,10,21,winter,a,6.114298336455715,0.10235295518274301,7.558646471922783
2013,10,21,winter,b,5.886310708067979,0.09853644563169849,7.558647476287417
2013,10,21,winter,c,-13.762463448428122,0.12801390794507547,-16.726951739516668
2013,10,21,band,a,6.5228598392444885,0.10919224808001665,
2013,10,21,band,b,6.522860755404666,0.10919225064132458,
2013,10,21,band,c,-13.283912496539312,0.1235625844061113,
2013,10,22,winter,a,0.5429124280066366,0.022999371323152926,0.6237686744719131
2013,10,22,winter,b,0.5429124321634289,0.022999371402416716,0.3178410767542259
2013,10,22,winter,c,1.452582795034734,0.037358279860258616,1.2765634501470262
2013,10,22,band,a,0.4037055339770048,0.017102156816044302,
2013,10,22,band,b,0.40370554046144536,0.01710215701874214,
2013,10,22,band,c,1.2849949656055988,0.03304816889488868,
2013,10,23,winter,a,-0.9999999952089054,5.399932984340678e-06,2512.3845198070403
2013,10,23,winter,b,722.6697135912203,0.013599541856158966,-722.2117529085045
2013,10,23,winter,c,12.449870014284455,0.02146694615628565,-6.170013632667775
2013,10,23,band,a,-0.9999999693518188,5.3999328447141435e-06,
2013,10,23,band,b,1319.6904790361612,0.024834562137162727,
2013,10,23,band,c,17.17960044426176,0.0296222817828885,
2013,10,24,winter,a,-0.5232734388630128,0.0408177395919241,-0.39339243312478644
2013,10,24,winter,b,-0.5232734349049011,0.040817739063354425,-0.393392429755258
2013,10,24,winter,c,-0.5815404001444516,0.037526342881907065,-0.2735205871890325
2013,10,24,band,a,-0.5221792838363766,0.0407323904577363,
2013,10,24,band,b,-0.522179281796729,0.0407323900792753,
2013,10,24,band,c,-0.6220734667351453,0.04014190966722365,
2013,10,25,winter,a,1.4785764955076357,0.09824295882710148,0.7837640084295239
2013,10,25,winter,b,1.4785765029172029,0.09824295904135748,0.7837640124531937
2013,10,25,winter,c,2.3164656790824862,0.11366557727545377,1.4336691439680003
2013,10,25,band,a,1.4202522383885188,0.09436764523447776,
2013,10,25,band,b,1.4202522489687808,0.09436764567037702,
2013,10,25,band,c,2.255310292182237,0.11066477203223783,
2013,10,26,winter,a,-0.9266917988248006,0.02094029748685585,0.26431901391152346
2013,10,26,winter,b,-0.9405780771551557,0.021254083562600154,0.2643190010814247
2013,10,26,winter,c,-0.8687741545642547,0.01364179012442487,0.9414519788258027
2013,10,26,band,a,-0.6021224030416201,0.013606057870784954,
2013,10,26,band,b,-0.602122403144049,0.013606058000037965,
2013,10,26,band,c,-0.9831329721326918,0.015437491550336278,
2013,10,27,winter,a,-0.9999999994789376,0.05471271423609629,-0.999999999954032
2013,10,27,winter,b,-1.6095678377317126,0.08806382446041319,-1.1961499380861829
2013,10,27,winter,c,-1.7855066351875593,0.0995112725245191,-1.3038126391180227
2013,10,27,band,a,-0.999999999998877,0.05471271426454359,
2013,10,27,band,b,-1.935962579392461,0.10592176654934124,
2013,10,27,band,c,-2.25966525307168,0.12593745684343627,
2013,10,28,winter,a,-0.22486662255281886,0.032075841479505776,-0.1366947606668839
2013,10,28,winter,b,0.11407682911056516,0.01132170409398045,0.24080368762599846
2013,10,28,winter,c,0.03076185603203374,0.003068721978000677,0.24531471782909509
2013,10,28,band,a,-0.22576633085081188,0.032204179337817496,
2013,10,28,band,b,0.11278370127411042,0.011193365930707702,
2013,10,28,band,c,-0.1302403439203682,0.012992434702074077,
2013,10,29,winter,a,2.3176057338999363,0.0673956812476541,1.3804870816854633
2013,10,29,winter,b,2.3176057308745417,0.06739568112762781,1.3804870884894216
2013,10,29,winter,c,3.0078168061987407,0.06862760832744288,1.852286152740557
2013,10,29,band,a,1.5452674580460775,0.04493618199226574,
2013,10,29,band,b,1.5452674610739612,0.04493618205894803,
2013,10,29,band,c,2.1136992719434984,0.048227048089495544,
2013,10,30,winter,a,-0.200808924253972,0.0188168344652416,-0.010209625169989023
2013,10,30,winter,b,-0.20080892434266895,0.018816834448653175,-0.020483274178781596
2013,10,30,winter,c,-0.2506682325940882,0.02193343290139252,0.046610013073969725
2013,10,30,band,a,-0.4612783992052484,0.04322417099978615,
2013,10,30,band,b,-0.46127839778672874,0.04322417080966619,
2013,10,30,band,c,-0.5009326110656873,0.04383152862740426,
2013,10,31,winter,a,-0.999999999997338,0.03342395058425671,-0.5493703274755011
2013,10,31,winter,b,-2.0321633650788513,0.01973718401563354,0.22132155051054525
2013,10,31,winter,c,-5.259664848391409,0.021883728524106093,2.305031313750158
2013,10,31,band,a,-1.0,0.033423950584345684,
2013,10,31,band,b,-1.2058506586739486,0.011711704262859375,
2013,10,31,band,c,-4.109983293859141,0.017100283237425705,
2013,10,32,winter,a,-0.3641621885747135,0.025171532106944408,-0.43878425497273243
2013,10,32,winter,b,-0.36416218233170505,0.025171531622544735,-0.4387842548087627
2013,10,32,winter,c,-0.35481947299458305,0.022268137471565877,-0.4217828785007205
2013,10,32,band,a,-0.34572690844855014,0.02389725306272939,
2013,10,32,band,b,-0.3457269095054736,0.023897253085590445,
2013,10,32,band,c,-0.4169132337911964,0.02616508368445488,
2013,10,33,winter,a,-0.33078938963018534,0.02221958088259291,0.49149725697804403
2013,10,33,winter,b,-0.16703729444850923,0.008913357844135585,0.44919691878570966
2013,10,33,winter,c,-0.3121799520621076,0.019414956446077457,0.27612241419137984
2013,10,33,band,a,-0.2659370389200102,0.017863358775100244,
2013,10,33,band,b,-0.0759622607529632,0.004053458929493214,
2013,10,33,band,c,-0.3930645081853025,0.0244452927118083,
2013,10,34,winter,a,-0.7455476595314103,0.036098969580005386,0.03395376481672585
2013,10,34,winter,b,-0.7455476574550813,0.036098969108945764,0.03395376945572215
2013,10,34,winter,c,-1.3931890598751515,0.0398434884408878,0.7345618236285107
2013,10,34,band,a,-0.9999999993945425,0.04841939894337247,
2013,10,34,band,b,-1.0160936479804032,0.04919864323019555,
2013,10,34,band,c,-1.4665777962853872,0.04194231576810972,
2013,10,35,winter,a,2469.3010845988792,4.241812429581842e-13,2001215256449.7307
2013,10,35,winter,b,-0.38401182627182995,0.006100849659824631,-1.0216384115655261
2013,10,35,winter,c,-0.4811945379150704,0.010839852507334555,-0.9260458270361328
2013,10,35,band,a,-0.9867638696700167,1.6950817676850802e-16,
2013,10,35,band,b,0.5419882325980463,0.008610642949662996,
2013,10,35,band,c,0.3456580107419005,0.007786625905305225,
2013,10,36,winter,a,0.09364753638806844,0.01503184019135051,0.0807990917087027
2013,10,36,winter,b,0.09364753821579419,0.015031840488921644,0.006617532545363236
2013,10,36,winter,c,-0.02903699898429768,0.004604009629676276,0.030572156498357206
2013,10,36,band,a,0.047824444515592646,0.007676543718347001,
2013,10,36,band,b,0.04782444448474643,0.007676543715537332,
2013,10,36,band,c,-0.005111854856193587,0.0008105186419626043,
2013,10,37,winter,a,-0.17976528180823315,0.004732229903310025,1.8610682939007366
2013,10,37,winter,b,133.64267803293683,0.0214318959566062,434.42311958157455
2013,10,37,winter,c,0.30026406764102176,0.005140399071458572,3.167053998951996
2013,10,37,band,a,0.01399933192258529,0.00036852531525576743,
2013,10,37,band,b,165.449413903803,0.026532651672797815,
2013,10,37,band,c,0.6170788223920627,0.01056413919441471,
2013,10,38,winter,a,-0.07882992377474951,0.0025582463874468976,2.3222654290481124
2013,10,38,winter,b,-0.07882993201541288,0.0025582466566981717,1.5908391074933181
2013,10,38,winter,c,-0.34166404976389275,0.009243914916730107,2.149038577130972
2013,10,38,band,a,0.07259473740006173,0.002355897555248579,
2013,10,38,band,b,0.07259473691999618,0.002355897541344479,
2013,10,38,band,c,-0.323528619555973,0.00875325055231671,
2013,10,39,winter,a,-0.2824776877147076,0.00578276684534014,3.6451265489880704
2013,10,39,winter,b,-0.28247769765984954,0.005782767066898346,3.6451265512180804
2013,10,39,winter,c,-3.2137997540237726,0.02801990575937588,9.142178741836261
2013,10,39,band,a,0.10216133038451458,0.0020914046663397835,
2013,10,39,band,b,0.10216128267108449,0.0020914036960674766,
2013,10,39,band,c,-1.7203159931450183,0.014998785143324141,
2013,10,40,winter,a,240247337051.5123,0.10366586289811479,233803902988.17523
2013,10,40,winter,b,-13.463491727427538,0.11198342454825605,-13.129220893269903
2013,10,40,winter,c,-7.292473850605294,0.11331324476855592,-7.488983755874131
2013,10,40,band,a,242383074529.46356,0.10458742594764898,
2013,10,40,band,b,-13.574289005599374,0.11290498775722893,
2013,10,40,band,c,-6.925682850161339,0.10761390607174873,
2013,10,41,winter,a,51902497528.70984,0.004797141771602417,0.29658896474314544
2013,10,41,winter,b,-2.070620450739529,0.009321486641451687,2.0124950944455393
2013,10,41,winter,c,-1.7854611236626183,0.010969850083837407,1.6728355556523957
2013,10,41,band,a,23958438647.77739,0.00221438335902915,
2013,10,41,band,b,-1.491890148979977,0.006716167653643823,
2013,10,41,band,c,-0.28143867880409057,0.001729155607679043,
2013,10,42,winter,a,63981528617562.75,0.019679563859652152,287712747574472.8
2013,10,42,winter,b,-2.306388099978837,0.03474366769063392,-6.874578191391959
2013,10,42,winter,c,-0.8107174917317713,0.02042389769266815,-4.448542478588662
2013,10,42,band,a,125.73634863138662,3.8674232326666136e-14,
2013,10,42,band,b,-0.5657461226462733,0.008522457813005148,
2013,10,42,band,c,-0.3687013714717903,0.00928846258639466,
2013,10,43,winter,a,-0.2540201768694994,0.020269494936609393,0.7604284203090688
2013,10,43,winter,b,-0.2540201760412606,0.020269494982634785,0.7604284102901879
2013,10,43,winter,c,-0.04481608574520246,0.0016857131649751847,2.536297276012564
2013,10,43,band,a,-0.23166705495450202,0.018485831540035108,
2013,10,43,band,b,-0.23166705150937117,0.018485831367380266,
2013,10,43,band,c,-0.0033208099343086106,0.00012490901272527166,
2013,10,44,winter,a,-0.9999999999757918,0.013143936893720573,1.3827906870117745
2013,10,44,winter,b,-1.9027333492270988,0.02500940705984612,0.8827637233959358
2013,10,44,winter,c,-3.1133532480125194,0.030422362864245784,1.4178309288568585
2013,10,44,band,a,-0.9999999999993974,0.013143936894030843,
2013,10,44,band,b,-1.822527147479518,0.023955181805926956,
2013,10,44,band,c,-2.948219810440597,0.028808749194791372,
2013,10,45,winter,a,-0.3151402771730265,0.023697601300722904,-0.18121773436587207
2013,10,45,winter,b,-0.3151402766604037,0.023697601251890334,-0.2657692950973284
2013,10,45,winter,c,-0.26020456020910254,0.017788893125750008,-0.16115182193171473
2013,10,45,band,a,-0.2569002378088854,0.019318125452791032,
2013,10,45,band,b,-0.30298308487131664,0.02278341698317818,
2013,10,45,band,c,-0.13202609056010584,0.009025967926530425,
2013,10,46,winter,a,1.8915477932126326,0.308439312112781,1.3533920725896413
2013,10,46,winter,b,1.5800124539004599,0.2576397780876033,1.2641957833247726
2013,10,46,winter,c,1.8102475164329102,0.2845826788821557,1.4132558560526278
2013,10,46,band,a,1.9428206844634675,0.3167999654170156,
2013,10,46,band,b,1.2951315286128326,0.21118656299343969,
2013,10,46,band,c,1.4606309412357583,0.22962068023389107,
2013,10,47,winter,a,-0.9999999988822438,0.002456272466116272,0.8482897895241892
2013,10,47,winter,b,-6.50903396159583,0.01598795666263814,0.8482902867278268
2013,10,47,winter,c,1.035927803151972,0.01521055860024295,-1.142843254814693
2013,10,47,band,a,-0.9999999994770199,0.0024562724675772046,
2013,10,47,band,b,-9.531176951599315,0.02341116130983362,
2013,10,47,band,c,1.4933292837458194,0.021926598080254822,
2013,10,48,winter,a,2.036601032608922,0.07006594363587781,1.8521158182416015
2013,10,48,winter,b,2.0366010529834826,0.07006594409883993,1.8521158354244598
2013,10,48,winter,c,2.1355068557724457,0.057903296758021264,2.6262156078482426
2013,10,48,band,a,1.6750789048490207,0.05762836326487153,
2013,10,48,band,b,1.6750789384536584,0.05762836422523937,
2013,10,48,band,c,2.0554764284195253,0.05573330813346533,
2013,10,49,winter,a,-0.019043683906223907,0.0004898233165602159,1.2667094714099227
2013,10,49,winter,b,-0.01904368627012354,0.0004898233746495687,0.6530748706250409
2013,10,49,winter,c,0.5007802710924034,0.00709080190313644,2.816858411518823
2013,10,49,band,a,0.14339362954537105,0.0036882329880809084,
2013,10,49,band,b,0.1433936223517953,0.003688232782629572,
2013,10,49,band,c,0.17452707266579548,0.002471217359078239,
2013,40,0,winter,a,0.9402909557677506,0.09370376961303555,0.957649746509353
2013,40,0,winter,b,0.9402908977163336,0.0937037646322226,0.9576497236875754
2013,40,0,winter,c,1.3506982338511055,0.09997491352871982,1.5567968465562183
2013,40,0,band,a,0.5509950149484126,0.0549088658377032,
2013,40,0,band,b,0.5509950084178135,0.05490886565817646,
2013,40,0,band,c,1.1803490168880866,0.08736613992648798,
2013,40,1,winter,a,2.4672175210623624,0.29249031170085543,2.310510350829145
2013,40,1,winter,b,2.467217779547596,0.2924903202016751,2.3105106089779253
2013,40,1,winter,c,2.906930688371735,0.29284172120786195,2.9532582977408257
2013,40,1,band,a,2.356355314493679,0.27934752186643647,
2013,40,1,band,b,2.3563555852402565,0.2793475328158125,
2013,40,1,band,c,2.581156490664055,0.2600235060493629,
2013,40,2,winter,a,0.7953711981010718,0.1337966132562544,1.957701527807437
2013,40,2,winter,b,0.7953710742726627,0.13379660061621404,1.9577013534515282
2013,40,2,winter,c,0.9175648295646484,0.11263707099462178,3.0273007406035166
2013,40,2,band,a,0.5191541875832719,0.08733164115356515,
2013,40,2,band,b,0.5191541291092279,0.08733163666305735,
2013,40,2,band,c,0.5400089827916059,0.06628962681720366,
2013,40,3,winter,a,1.2157403669930837,0.07000899718836362,1.0066472324695228
2013,40,3,winter,b,1.215740193931706,0.070008991207159,1.006647116328403
2013,40,3,winter,c,6.593742112346538,0.10943282335331656,6.897371318718929
2013,40,3,band,a,0.7467891724890434,0.04300421578202252,
2013,40,3,band,b,0.7467891030359237,0.04300421423015079,
2013,40,3,band,c,4.383603671881838,0.07275233366766884,
2013,40,4,winter,a,1.3901248484678157,0.17272161814458328,1.2019294388543806
2013,40,4,winter,b,1.3901251984182927,0.17272163547496755,1.2019297613395246
2013,40,4,winter,c,1.523622242636478,0.15522692192865628,1.567420565737622
2013,40,4,band,a,1.1933722206331208,0.14827530147650578,
2013,40,4,band,b,1.1933725651168303,0.14827532182890024,
2013,40,4,band,c,1.4552431141176867,0.1482604433967014,
2013,40,5,winter,a,1.1088942103238955,0.21546827040358985,1.4090331881196634
2013,40,5,winter,b,1.1088942397242123,0.21546827423304282,1.314345397954836
2013,40,5,winter,c,0.6034647832865823,0.13154917361183047,1.0546237327711259
2013,40,5,band,a,0.9139293099550745,0.17758481003309357,
2013,40,5,band,b,0.9139293233317773,0.17758481108013185,
2013,40,5,band,c,0.4008307459859626,0.08737701826690722,
2013,40,6,winter,a,7.59138165157563e+17,0.149745131418048,8.951248800202436e+17
2013,40,6,winter,b,-5.317058203917957,0.18443197641177567,-6.090385901882295
2013,40,6,winter,c,-9.443518439056271,0.16811673418612103,-11.034875434094271
2013,40,6,band,a,5.825149721513427e+17,0.11490501342358227,
2013,40,6,band,b,-4.312639580256575,0.14959186279967301,
2013,40,6,band,c,-6.4190282764964515,0.11427372937927908,
2013,40,7,winter,a,-0.3707710678624708,0.035490809272676775,0.9436147383396418
2013,40,7,winter,b,-0.37077105588987114,0.03549080772324589,0.9436147548763938
2013,40,7,winter,c,-0.6141951698436967,0.05009224394203198,1.2500536773837818
2013,40,7,band,a,-0.4281703283476327,0.04098515978393945,
2013,40,7,band,b,-0.42817035356840794,0.04098516173226917,
2013,40,7,band,c,-0.6130369605777027,0.049997783249508376,
2013,40,8,winter,a,2.5231265997236423,0.16658253871259066,3.8687360203460424
2013,40,8,winter,b,2.523126783397007,0.16658254216309565,3.8687362614363705
2013,40,8,winter,c,5.235716869459358,0.17926591201956546,8.360898262201594
2013,40,8,band,a,2.2687388102382884,0.1497872800860137,
2013,40,8,band,b,2.268738955177098,0.14978728185391382,
2013,40,8,band,c,5.0235737762700925,0.17200233646202154,
2013,40,9,winter,a,1.9417498483232074,0.09472887832550264,3.7946869549482862
2013,40,9,winter,b,1.9417498880139927,0.09472887792090164,3.794687075113922
2013,40,9,winter,c,4.117645429307818,0.0886102744330427,9.447168021841138
2013,40,9,band,a,1.955103989532804,0.09538036431319455,
2013,40,9,band,b,1.9551039443454599,0.09538035975168789,
2013,40,9,band,c,3.3300549100632972,0.07166160479908368,
2013,40,10,winter,a,0.7959052241129898,0.11474755572291787,0.9755390057861404
2013,40,10,winter,b,0.7959052296989364,0.11474755523269933,0.9755390273224835
2013,40,10,winter,c,0.9460605236161581,0.11431342584410516,1.2983009139265298
2013,40,10,band,a,0.7833885663515314,0.11294299930032584,
2013,40,10,band,b,0.7833886056246133,0.11294300368723628,
2013,40,10,band,c,0.8337854895691084,0.10074712278177685,
2013,40,11,winter,a,0.7612463377263219,0.10965976618853468,0.3789638389705552
2013,40,11,winter,b,0.7612462872603702,0.10965976044138556,0.37896380944747543
2013,40,11,winter,c,1.4511696351688612,0.11783941644622482,1.3026088309323307
2013,40,11,band,a,0.6944901642885146,0.10004334374019047,
2013,40,11,band,b,0.6944901287169114,0.10004334000509249,
2013,40,11,band,c,1.4564701574454428,0.11826983508012902,
2013,40,12,winter,a,0.488001493687122,0.19129463110149492,0.45588953721890557
2013,40,12,winter,b,0.48800147291779994,0.19129462626267818,0.4558895117492088
2013,40,12,winter,c,0.39951196527286625,0.16420269842013446,0.40536351357974354
2013,40,12,band,a,0.4940165790675355,0.19365252048047277,
2013,40,12,band,b,0.4940165570878776,0.19365251520791787,
2013,40,12,band,c,0.32439448652368874,0.13332879780815254,
2013,40,13,winter,a,0.21767164334650801,0.055531644393279955,0.45182560450912645
2013,40,13,winter,b,0.21767164847307163,0.0555316454797824,0.45182561935511045
2013,40,13,winter,c,0.1580254920179669,0.03918057028957006,0.4737629036671678
2013,40,13,band,a,0.14316932549237227,0.036524868141010025,
2013,40,13,band,b,0.14316935079116333,0.03652487444954983,
2013,40,13,band,c,0.057395999445589485,0.014230665963453293,
2013,40,14,winter,a,0.28399305305167366,0.0696938112635605,0.4917407132558804
2013,40,14,winter,b,0.28399304849883245,0.06969380982848347,0.4917407142337029
2013,40,14,winter,c,0.14307605772111187,0.03347333827547941,0.5868863989382438
2013,40,14,band,a,0.20297044723721847,0.04981031715327655,
2013,40,14,band,b,0.20297046957691478,0.04981032240847136,
2013,40,14,band,c,0.08555123104889484,0.020015125817663598,
2013,40,15,winter,a,0.6533518738208548,0.10968729356361887,0.7456607261243071
2013,40,15,winter,b,0.6533518704818606,0.10968729348836725,0.745660724480518
2013,40,15,winter,c,0.6633886391234214,0.08763832339207714,1.1421474206249198
2013,40,15,band,a,0.40935033369381313,0.06872335110888514,
2013,40,15,band,b,0.4093502949548442,0.06872334490930077,
2013,40,15,band,c,0.4456601282277197,0.05887484972938925,
2013,40,16,winter,a,-0.07245381586508193,0.01116591766792488,0.6340018027049767
2013,40,16,winter,b,-0.0724538162424554,0.011165917632070255,0.6340018061896859
2013,40,16,winter,c,-0.3496277479797878,0.05233305164219637,0.6694341855964774
2013,40,16,band,a,-0.1121796152403709,0.01728809356467781,
2013,40,16,band,b,-0.11217962719885433,0.01728809526205166,
2013,40,16,band,c,-0.26955337533863377,0.040347343119747386,
2013,40,17,winter,a,2.0405805142605162,0.2243996397462287,2.2213269640273827
2013,40,17,winter,b,2.040580419936098,0.2243996285190302,2.2213269549872185
2013,40,17,winter,c,1.9956295472701822,0.20152757843007027,2.4286217024358394
2013,40,17,band,a,1.8275583046254003,0.20097390046958538,
2013,40,17,band,b,1.8275583012387595,0.20097389933188234,
2013,40,17,band,c,1.8814822815367052,0.19000047808263945,
2013,40,18,winter,a,0.6526182304470054,0.14994456488758376,1.6176970473201813
2013,40,18,winter,b,0.6526182383602763,0.14994456634306186,1.142151740993595
2013,40,18,winter,c,0.6097724082791696,0.13331861382600343,1.2671716450917194
2013,40,18,band,a,0.7130975619544058,0.16384020344698721,
2013,40,18,band,b,0.7130975421344095,0.16384019849690373,
2013,40,18,band,c,0.6275547056137962,0.13720647624664759,
2013,40,19,winter,a,0.4725939451349759,0.06740961217158858,0.3114986135675575
2013,40,19,winter,b,0.47259386567926276,0.06740960169687674,0.31149859674579905
2013,40,19,winter,c,0.439027449892198,0.05435697519539022,0.5274387736539756
2013,40,19,band,a,0.2263144766528118,0.03228092796581414,
2013,40,19,band,b,0.2263144508446724,0.032280924695794605,
2013,40,19,band,c,0.2967052343304255,0.03673574184666943,
2013,40,20,winter,a,-0.4622323386344731,0.11018054862783441,-0.6327838785412985
2013,40,20,winter,b,-0.4622323417422216,0.11018054852403666,-0.7106206309813836
2013,40,20,winter,c,-0.5339818154063385,0.1002847856205045,-0.6136120166416132
2013,40,20,band,a,-0.5149176921223643,0.12273895414549264,
2013,40,20,band,b,-0.5149176918204683,0.12273895313268562,
2013,40,20,band,c,-0.6202661016151414,0.11648945944124775,
2013,40,21,winter,a,-0.3780559189345404,0.020690242606172582,0.5731728647124033
2013,40,21,winter,b,-0.3780566103532427,0.020690281337025974,0.5731727754974238
2013,40,21,winter,c,-1.0439110841510644,0.08346439639278783,-0.10469929139122247
2013,40,21,band,a,-0.40782100049362535,0.02231922585390376,
2013,40,21,band,b,-0.40782100572654945,0.022319227101325077,
2013,40,21,band,c,-1.1935266991475428,0.09542669585124412,
2013,40,22,winter,a,1.5528942569688633,0.14911132066639404,1.2150934024494893
2013,40,22,winter,b,1.5528942029744446,0.14911131742978218,1.215093371935883
2013,40,22,winter,c,1.4994296655952342,0.1366859120437684,1.3076229402795563
2013,40,22,band,a,1.2450519294884215,0.1195518218134431,
2013,40,22,band,b,1.2450518083190891,0.11955181174042104,
2013,40,22,band,c,1.4342041880522323,0.1307400486991771,
2013,40,23,winter,a,0.6281443335681074,0.07754043548263376,1.3196040020612982
2013,40,23,winter,b,0.6281442961132668,0.07754043170956222,1.3196039808896916
2013,40,23,winter,c,1.0002247869002572,0.106019028986148,1.7290367127659279
2013,40,23,band,a,0.7665565135898489,0.09462654155959455,
2013,40,23,band,b,0.7665565115944206,0.09462654235116923,
2013,40,23,band,c,0.8538557736818166,0.09050461576792491,
2013,40,24,winter,a,0.9313617176425093,0.12335489496986926,0.9460834364983046
2013,40,24,winter,b,0.9313617374495811,0.12335489792316273,0.9460834376727265
2013,40,24,winter,c,1.0922238186430917,0.11519127663788299,1.4104134738139007
2013,40,24,band,a,0.9367535029545584,0.12406901398321182,
2013,40,24,band,b,0.936753499782593,0.12406901389493963,
2013,40,24,band,c,1.110332016578223,0.11710105593600402,
2013,40,25,winter,a,2.051887157170709,0.26600281611199655,1.630551029747621
2013,40,25,winter,b,2.0518871331319315,0.2660028156324408,1.6305509666763576
2013,40,25,winter,c,2.159317233299317,0.2486160238862142,1.9420710839810993
2013,40,25,band,a,1.551869036856071,0.2011814015201145,
2013,40,25,band,b,1.551868951821124,0.20118139249057881,
2013,40,25,band,c,1.6725152688885938,0.1925673956691967,
2013,40,26,winter,a,1.5124081421536237,0.025644843444369562,6.186249215664039
2013,40,26,winter,b,1.5124077723710205,0.025644838770103467,6.186248096182945
2013,40,26,winter,c,-14.859657913595006,0.0755834703515924,-23.18818789318005
2013,40,26,band,a,3.3438424281716204,0.056699189314726284,
2013,40,26,band,b,2.3973522675633934,0.04065022244657117,
2013,40,26,band,c,-11.908945045810855,0.06057470501829483,
2013,40,27,winter,a,-0.09132478644197783,0.00975702168111156,1.1539529712998555
2013,40,27,winter,b,-0.09132476919233523,0.009757019863975258,1.153952970170225
2013,40,27,winter,c,0.316154107797328,0.025607113427316808,1.85684200994026
2013,40,27,band,a,-0.30602219683363185,0.03269501441762661,
2013,40,27,band,b,-0.30602219877038694,0.03269501471097777,
2013,40,27,band,c,0.06823432566170395,0.005526684846922286,
2013,40,28,winter,a,0.5951888822067686,0.06556171251161447,2.1395203840622514
2013,40,28,winter,b,0.5951888756635113,0.06556171278696761,2.139520307318432
2013,40,28,winter,c,0.5825365796338824,0.04409717173409443,3.5428451582567986
2013,40,28,band,a,0.3518065011978999,0.03875246561349724,
2013,40,28,band,b,0.35180647984315994,0.03875246384999832,
2013,40,28,band,c,0.2648450510827689,0.02004838512950026,
2013,40,29,winter,a,0.27299029284075704,0.054900908404779764,1.123765095437692
2013,40,29,winter,b,0.2729902826613362,0.05490090637953296,0.8641608412421191
2013,40,29,winter,c,0.09751773198454039,0.01795813813550748,1.0632480458509912
2013,40,29,band,a,0.033733976712440716,0.006784219124959939,
2013,40,29,band,b,0.0337339709813369,0.0067842179750911835,
2013,40,29,band,c,-0.08910076131330846,0.016408131599050496,
2013,40,30,winter,a,1.519169716697514,0.20709822369724776,1.8825882395676068
2013,40,30,winter,b,1.5191696629839058,0.20709821826938243,1.4331684677120275
2013,40,30,winter,c,2.74517190246802,0.2323997656507064,2.9683681908394255
2013,40,30,band,a,1.1160382583447612,0.15214201437862848,
2013,40,30,band,b,1.1124164487624237,0.15164827874442113,
2013,40,30,band,c,2.33265247064694,0.19747684545201466,
2013,40,31,winter,a,1.8204743822948832,0.2394588525662335,1.3131637868798713
2013,40,31,winter,b,1.8204743418794584,0.23945885378657802,1.3131637219893029
2013,40,31,winter,c,2.551381630577001,0.24982928952120192,2.1185360198577317
2013,40,31,band,a,2.0170866785942643,0.2653205484682173,
2013,40,31,band,b,2.017086575715167,0.2653205421782482,
2013,40,31,band,c,2.413293612568825,0.2363078190297131,
2013,40,32,winter,a,-0.20105729389517601,0.04215666839777571,0.14267936212661492
2013,40,32,winter,b,-0.2010573063637433,0.04215667103850532,0.14267935652416908
2013,40,32,winter,c,0.021783136307640616,0.0036166469558474024,0.4601429904530647
2013,40,32,band,a,-0.19930040921295222,0.0417882937741709,
2013,40,32,band,b,-0.19930040508269753,0.041788292934313576,
2013,40,32,band,c,-0.007159097459758956,0.0011886225963416708,
2013,40,33,winter,a,0.559177947274099,0.09647195584917848,0.4781250494798044
2013,40,33,winter,b,0.5591780064738914,0.09647196342601211,0.4781250974057685
2013,40,33,winter,c,0.6121416641176962,0.08954605131987181,0.6736862136071449
2013,40,33,band,a,0.35579797121210777,0.061383905315522874,
2013,40,33,band,b,0.3557980016818303,0.0613839088946721,
2013,40,33,band,c,0.36076135494536965,0.052773331236531135,
2013,40,34,winter,a,-0.02843239560899502,0.0068964060794997895,0.020134742996539723
2013,40,34,winter,b,-0.02843239580132173,0.00689640612106962,0.02013474177191954
2013,40,34,winter,c,0.09201035401051194,0.01901839891432655,0.22679874999683558
2013,40,34,band,a,-0.07671316202244105,0.018607124219312793,
2013,40,34,band,b,-0.07671316253001814,0.018607124328721997,
2013,40,34,band,c,0.07234171562178981,0.014952921555815124,
2013,40,35,winter,a,0.7941479948464962,0.14109248853378537,1.1092070999492214
2013,40,35,winter,b,0.7941479446767745,0.1410924828849419,1.1092070478468483
2013,40,35,winter,c,0.642301251185255,0.10448796907106808,1.3333401661060083
2013,40,35,band,a,0.8008718807822379,0.1422870892951642,
2013,40,35,band,b,0.800871818675762,0.14228708155321493,
2013,40,35,band,c,0.550662928975969,0.08958047487101903,
2013,40,36,winter,a,0.18252347984350137,0.03154353705934951,0.3919110129703016
2013,40,36,winter,b,0.182523531743928,0.03154354521874886,0.39191105017261685
2013,40,36,winter,c,0.2409887239442734,0.03179220377665315,0.8031171779584501
2013,40,36,band,a,0.17606827639308786,0.030427954837060373,
2013,40,36,band,b,0.1760683302763275,0.03042796336777384,
2013,40,36,band,c,0.14743633780068977,0.019450395930254827,
2013,40,37,winter,a,1.391305170509852,0.18626486410261986,1.939466140616283
2013,40,37,winter,b,1.3913051871452886,0.18626486515400395,1.9394661595258622
2013,40,37,winter,c,2.0568964812581148,0.18628714375867628,3.3280836606919912
2013,40,37,band,a,1.2913340206324007,0.17288094730219403,
2013,40,37,band,b,1.2913340506410917,0.17288095022844116,
2013,40,37,band,c,1.8786993522466542,0.17014834703652093,
2013,40,38,winter,a,0.18208895292635696,0.035513587625213644,0.2708637116526227
2013,40,38,winter,b,0.18208894625625272,0.03551358576549912,0.2708637366526303
2013,40,38,winter,c,0.11860931305603328,0.019422555039964817,0.4403508468813766
2013,40,38,band,a,0.008533945100182683,0.0016644118285784881,
2013,40,38,band,b,0.008533989158598931,0.0016644203952898562,
2013,40,38,band,c,0.0373142835077247,0.0061103020204092695,
2013,40,39,winter,a,0.44219094089492694,0.040667605539888324,2.1263093622655402
2013,40,39,winter,b,0.442190889986529,0.04066760239754644,2.1263092294283314
2013,40,39,winter,c,0.6931360306284413,0.036922205245315635,4.390115319830722
2013,40,39,band,a,-0.010757397899138321,0.0009893409700171413,
2013,40,39,band,b,-0.010757471218638681,0.0009893477505517473,
2013,40,39,band,c,0.12866392432349683,0.006853713573701757,
2013,40,40,winter,a,3.338969871931429,0.18489570275081546,4.530241489476761
2013,40,40,winter,b,3.3389700596878793,0.18489570609607822,4.5302416940260954
2013,40,40,winter,c,3.9634232211078,0.16975208480785764,6.1595808496434445
2013,40,40,band,a,3.282049086121652,0.1817437100413576,
2013,40,40,band,b,3.282049229157434,0.18174371103042442,
2013,40,40,band,c,3.751684250386907,0.16068337583841905,
2013,40,41,winter,a,-0.2526915630579831,0.035562967465101875,0.0853350439530749
2013,40,41,winter,b,-0.25269159727220414,0.03556297187931018,0.08533505488935367
2013,40,41,winter,c,-0.3473235554948788,0.035609020918569795,0.4826207235016591
2013,40,41,band,a,-0.6766837097297773,0.09523420751393481,
2013,40,41,band,b,-0.6766836648230948,0.09523420012011374,
2013,40,41,band,c,-0.8372253239063484,0.08583573904182584,
2013,40,42,winter,a,0.5029268679074437,0.042093687629651,-0.08752786293240677
2013,40,42,winter,b,0.5029266817536187,0.04209366412276633,-0.08752768305718295
2013,40,42,winter,c,0.3619245595700016,0.02023456524860675,0.1340575937427504
2013,40,42,band,a,0.2985367196912494,0.024986756975125105,
2013,40,42,band,b,0.2985369444175203,0.02498677107909804,
2013,40,42,band,c,-0.1210157037140921,0.006765775043887957,
2013,40,43,winter,a,4.13713697062616,0.127928499997533,6.913238129674864
2013,40,43,winter,b,4.139750829786754,0.1279442263964854,6.917264533241165
2013,40,43,winter,c,7.184413315357062,0.11055358228243625,14.26595885162866
2013,40,43,band,a,3.4543536269055526,0.10681548159721226,
2013,40,43,band,b,3.4566200583892535,0.10683120736036388,
2013,40,43,band,c,6.204899808229177,0.09548085158700875,
2013,40,44,winter,a,0.15354629673258136,0.027019387128617622,1.2072115866575612
2013,40,44,winter,b,1.050205817405503,0.1039795981813467,2.1835134754816057
2013,40,44,winter,c,0.6994935867186058,0.07634603459202915,1.8846276394819226
2013,40,44,band,a,0.004785957729975809,0.0008421801595946687,
2013,40,44,band,b,0.785813023305028,0.07780238983134191,
2013,40,44,band,c,0.4681889197393818,0.05110035051172948,
2013,40,45,winter,a,0.6475008314202138,0.1270392603811227,0.9306217472202267
2013,40,45,winter,b,0.6475008648375753,0.12703926521974715,0.9306217671483383
2013,40,45,winter,c,1.338876201945487,0.15508619227428555,2.155597096183437
2013,40,45,band,a,0.42753890403232964,0.08388286704326134,
2013,40,45,band,b,0.427538906492239,0.08388286639161921,
2013,40,45,band,c,0.8741554097241713,0.10125613835924278,
2013,40,46,winter,a,2.48935983145517,0.5121230951043522,2.0676804691814605
2013,40,46,winter,b,2.4893598290519265,0.5121230962344246,1.9877962597534111
2013,40,46,winter,c,3.0090721046137983,0.5676867975802435,2.2770778164626875
2013,40,46,band,a,2.2646722513974282,0.465899283875176,
2013,40,46,band,b,2.2646722485441595,0.4658992847660429,
2013,40,46,band,c,2.65126086065663,0.5001826926075519,
2013,40,47,winter,a,-0.15020519849626712,0.05753925500549084,-0.06048117990823698
2013,40,47,winter,b,-0.1502052004062231,0.057539256254383886,-0.12319594660980626
2013,40,47,winter,c,-0.27534871527079163,0.0913391909667548,0.04996491159066818
2013,40,47,band,a,-0.1919146139343464,0.07351692232358464,
2013,40,47,band,b,-0.1919145998812285,0.07351691760111695,
2013,40,47,band,c,-0.2958222972434519,0.09813072588179964,
2013,40,48,winter,a,0.5562275810383539,0.11924927078604991,0.7706335683965879
2013,40,48,winter,b,0.5562275615738463,0.11924926755072496,0.770633559989401
2013,40,48,winter,c,0.7670436542153241,0.12361831680718097,1.3112757730509723
2013,40,48,band,a,0.5272641374059646,0.11303981686762382,
2013,40,48,band,b,0.5272641229764745,0.113039814662928,
2013,40,48,band,c,0.7326841545434886,0.11808086989340097,
2013,40,49,winter,a,0.25527459500476457,0.02408826647483399,0.6070131785462987
2013,40,49,winter,b,0.25527464913863085,0.024088270622741326,0.6070132477226426
2013,40,49,winter,c,-0.1652193535289953,0.010854202841983109,1.2200301428706646
2013,40,49,band,a,0.060092449166844863,0.005670454314615048,
2013,40,49,band,b,0.0600924919371304,0.0056704581244587104,
2013,40,49,band,c,-0.19470773640311745,0.01279146311059693,
2013,120,0,winter,a,0.9859858555225165,0.43758039828284834,1.2857086097602561
2013,120,0,winter,b,0.9859858609980681,0.4375803904594096,1.2857086737393795
2013,120,0,winter,c,1.159398483404459,0.4134699653741516,1.8108608348999815
2013,120,0,band,a,0.8580922726500568,0.38082124233989234,
2013,120,0,band,b,0.858092284076174,0.3808212384873078,
2013,120,0,band,c,0.9773045547411463,0.34853079954207256,
2013,120,1,winter,a,1.6128156389945913,0.6191539221329259,1.8154788544569964
2013,120,1,winter,b,1.6128159310265904,0.6191539650159603,1.8154791666582755
2013,120,1,winter,c,2.7688512878369043,0.6613372422175386,3.5704463702724976
2013,120,1,band,a,1.4469546856833615,0.55548051936547,
2013,120,1,band,b,1.4469549733827272,0.5554805677044794,
2013,120,1,band,c,2.291383097305412,0.5472944629033123,
2013,120,2,winter,a,0.9855699749935447,0.2444523885149838,1.37083440079315
2013,120,2,winter,b,0.9855699627053991,0.24445239333677096,1.3708343153631875
2013,120,2,winter,c,1.1665306661469752,0.2042132544932886,2.306241469068735
2013,120,2,band,a,0.7520621980236044,0.18653510687549402,
2013,120,2,band,b,0.7520621949867834,0.18653511212737509,
2013,120,2,band,c,0.8137786943139085,0.1424603745326693,
2013,120,3,winter,a,0.8068552585389381,0.357782005030483,1.3028656754915917
2013,120,3,winter,b,0.8068553295493579,0.3577820283151844,1.3028657441886993
2013,120,3,winter,c,0.8459539523218087,0.3092373174810103,1.6806619336217241
2013,120,3,band,a,0.6733338720731294,0.2985749181848297,
2013,120,3,band,b,0.6733339207239557,0.29857493291217757,
2013,120,3,band,c,0.6240444418404296,0.22811859753597824,
2013,120,4,winter,a,0.9838808106404588,0.4535508636846391,1.0784791409941015
2013,120,4,winter,b,0.9838807948679866,0.45355086089662827,1.0784791244524166
2013,120,4,winter,c,1.2021029624858905,0.45963346681868894,1.5491873489318384
2013,120,4,band,a,0.9064880677405831,0.4178742400473588,
2013,120,4,band,b,0.9064880394122528,0.41787423111870875,
2013,120,4,band,c,1.1317883507348183,0.4327481252333713,
2013,120,5,winter,a,0.9245121198112194,0.3368134396297637,1.204626382398287
2013,120,5,winter,b,0.924512141243039,0.3368134406064576,1.2046264227858612
2013,120,5,winter,c,1.5176627390787312,0.3397052318351659,2.598065253885568
2013,120,5,band,a,0.7038313089630674,0.2564161561661042,
2013,120,5,band,b,0.7038313675313941,0.2564161723027906,
2013,120,5,band,c,1.178678902743664,0.26382896516179394,
2013,120,6,winter,a,0.9645717038155193,0.4081656842407163,0.9781635640079371
2013,120,6,winter,b,0.9645716583288975,0.40816567504154133,0.9781634983914593
2013,120,6,winter,c,1.0107386961348497,0.39324216552379365,1.139292870034653
2013,120,6,band,a,0.8721439420242316,0.3690541900043125,
2013,120,6,band,b,0.8721439145627263,0.369054187469695,
2013,120,6,band,c,0.8189410137914388,0.3186205682350074,
2013,120,7,winter,a,0.26322656015106505,0.08994500592512006,0.5612871300634186
2013,120,7,winter,b,0.2632264948033167,0.08994498402805184,0.5612871056960886
2013,120,7,winter,c,0.037679658770950475,0.012319630544800453,0.5957253010387538
2013,120,7,band,a,-0.015924953649880225,0.005441586326143166,
2013,120,7,band,b,-0.015924957180223243,0.005441587558626504,
2013,120,7,band,c,-0.23098850467125387,0.07552332294048458,
2013,120,8,winter,a,3.0446141572390903,0.5222801052827004,3.4442529039526644
2013,120,8,winter,b,3.044614118383997,0.5222801071768045,3.444252814436858
2013,120,8,winter,c,7.052329880234012,0.5386742101600765,8.80203495540916
2013,120,8,band,a,2.761923861382594,0.47378676265953723,
2013,120,8,band,b,2.761923840588749,0.47378676685717536,
2013,120,8,band,c,6.107210059370439,0.4664836459555807,
2013,120,9,winter,a,0.22517255451967122,0.11416259929308203,0.08693750002932599
2013,120,9,winter,b,0.22517261461265492,0.11416262810893785,0.08693749924051297
2013,120,9,winter,c,0.17480705313538425,0.07290995051567051,0.26520491639496013
2013,120,9,band,a,0.17243331053208077,0.0874237758551244,
2013,120,9,band,b,0.17243337308520412,0.08742380630503876,
2013,120,9,band,c,0.02445581721194756,0.010200231573965324,
2013,120,10,winter,a,1.1325907061573743,0.4432536973619811,1.116340432420396
2013,120,10,winter,b,1.132590856973045,0.44325372413277037,1.1163405892374314
2013,120,10,winter,c,1.2508529127262236,0.4216124661117533,1.4545063140636527
2013,120,10,band,a,0.8536044641003853,0.3340689030381416,
2013,120,10,band,b,0.8536045886730461,0.3340689274830991,
2013,120,10,band,c,0.9411680757537442,0.31723009908443145,
2013,120,11,winter,a,4.152291822057502,0.47303126239859644,4.452083743969611
2013,120,11,winter,b,4.152291454050046,0.47303124584743417,4.452083476698584
2013,120,11,winter,c,8.458785411361097,0.4635538855355537,9.948673784719649
2013,120,11,band,a,3.9564158974890766,0.4507169743276335,
2013,120,11,band,b,3.9564155417968356,0.45071695798253364,
2013,120,11,band,c,8.387248386349373,0.4596335513160215,
2013,120,12,winter,a,0.7781978131149081,0.4302482791715633,0.5948630364902314
2013,120,12,winter,b,0.7781976886898081,0.43024822579009203,0.5948629781507644
2013,120,12,winter,c,0.7335723878983009,0.392719093918528,0.6640975448857993
2013,120,12,band,a,0.5281019187903007,0.2919758163766224,
2013,120,12,band,b,0.5281018277798415,0.2919757765167946,
2013,120,12,band,c,0.4915464426909997,0.26315013593347947,
2013,120,13,winter,a,1.543685771397417,0.37018154885259663,0.9123396639248005
2013,120,13,winter,b,1.5436857607858419,0.37018155558538396,0.9123396425098373
2013,120,13,winter,c,3.169426166668435,0.38512059527401776,2.6414186519308505
2013,120,13,band,a,1.2140904653375486,0.29114337725544676,
2013,120,13,band,b,1.2140904200206117,0.291143373684907,
2013,120,13,band,c,2.390569132610244,0.2904807870512109,
2013,120,14,winter,a,0.47934550011932564,0.13894741099705676,0.7748234973307571
2013,120,14,winter,b,0.4793455595628122,0.13894742877566207,0.7748234764056872
2013,120,14,winter,c,0.8006285254893097,0.13068829072416616,2.0430036244054595
2013,120,14,band,a,0.4461010982886797,0.1293108887738082,
2013,120,14,band,b,0.446101133267943,0.1293108994230025,
2013,120,14,band,c,0.674424389215365,0.11008772213727808,
2013,120,15,winter,a,0.1462302532988189,0.07654456635276341,0.5900213511963082
2013,120,15,winter,b,0.1462302618686706,0.07654457123782576,0.5900213403689092
2013,120,15,winter,c,-0.013140724854164954,0.006397519473907043,0.6889577920939789
2013,120,15,band,a,0.06042561248707368,0.031629927460848806,
2013,120,15,band,b,0.060425586992654434,0.03162991428067474,
2013,120,15,band,c,-0.07072505598828482,0.03443226519082093,
2013,120,16,winter,a,0.17651651150481995,0.0968185696405599,0.38203734318190063
2013,120,16,winter,b,0.17651650502706362,0.09681856544148026,0.38203734929026467
2013,120,16,winter,c,0.2698987889449602,0.12666695070273082,0.610972727525728
2013,120,16,band,a,0.1496782993480179,0.08209792231652469,
2013,120,16,band,b,0.149678280233714,0.08209791128458044,
2013,120,16,band,c,0.2791230429984404,0.1309960110072581,
2013,120,17,winter,a,1.2801167571719398,0.5944422018137336,2.4117703505000265
2013,120,17,winter,b,1.2801168074786062,0.594442226244738,1.7968491101938535
2013,120,17,winter,c,1.381480197047186,0.5535583701117763,2.2488485862439824
2013,120,17,band,a,1.001753839625183,0.4651800351537564,
2013,120,17,band,b,1.0017538404161201,0.4651800363586169,
2013,120,17,band,c,1.0757938387700592,0.4310700111653533,
2013,120,18,winter,a,0.7649318433400827,0.29108852694783116,0.6792141500235629
2013,120,18,winter,b,0.764931790672279,0.2910885156536629,0.6792141061134911
2013,120,18,winter,c,0.6869333592349809,0.24748656412426923,0.7539026573973913
2013,120,18,band,a,0.7694269450209377,0.2927991009527613,
2013,120,18,band,b,0.7694268920698168,0.29279908960218715,
2013,120,18,band,c,0.6365730705182915,0.22934289027986615,
2013,120,19,winter,a,0.6484987081726725,0.2236165158952263,0.9293808467253537
2013,120,19,winter,b,0.6484986941227588,0.22361651040232744,0.9293808423445313
2013,120,19,winter,c,0.6659032596103129,0.18019136087350962,1.4037946760425482
2013,120,19,band,a,0.5643162702810962,0.19458857301169435,
2013,120,19,band,b,0.564316241952761,0.19458856267942526,
2013,120,19,band,c,0.555300216947046,0.15026251987953732,
2013,120,20,winter,a,1.2395310179458372,0.3837382951956838,1.8188073536504494
2013,120,20,winter,b,1.2395309859598953,0.3837382906366839,1.8188073068126678
2013,120,20,winter,c,1.7212030474571325,0.378830515644051,2.985394462739974
2013,120,20,band,a,1.0792618422321953,0.334121610037864,
2013,120,20,band,b,1.0792618302085595,0.33412161096798226,
2013,120,20,band,c,1.588372314332509,0.34959495555291564,
2013,120,21,winter,a,0.4907459390854396,0.19087933203345947,0.9389521545726043
2013,120,21,winter,b,0.4907459892880839,0.1908793486144144,0.938952183533579
2013,120,21,winter,c,0.7561339265440248,0.20572073292976806,1.758143085536683
2013,120,21,band,a,0.2714722616841432,0.1055911824200752,
2013,120,21,band,b,0.2714722923184807,0.1055911927059976,
2013,120,21,band,c,0.4170983395314418,0.11347960076911262,
2013,120,22,winter,a,0.23859245261239947,0.09718355309539628,0.4449492752165447
2013,120,22,winter,b,0.2385924948874094,0.0971835668208097,0.4449493459949154
2013,120,22,winter,c,0.10717135053417493,0.03761576641589637,0.6489907851911951
2013,120,22,band,a,0.26167957121310015,0.10658740552988988,
2013,120,22,band,b,0.2616796031298987,0.10658741469809524,
2013,120,22,band,c,0.044230051280530924,0.0155241794494419,
2013,120,23,winter,a,0.36174686625512376,0.2401201654955193,0.417994583594572
2013,120,23,winter,b,0.36174686985246485,0.24012016611087061,0.4179946030595063
2013,120,23,winter,c,0.3330781672503147,0.19473962662957756,0.5987739709828857
2013,120,23,band,a,0.2471497183511242,0.16405292431970686,
2013,120,23,band,b,0.24714969265928244,0.16405290605500222,
2013,120,23,band,c,0.22126081301400125,0.12936377208333116,
2013,120,24,winter,a,0.010201467807559483,0.005249676968599015,0.11758562824198648
2013,120,24,winter,b,0.010201496451874181,0.005249691592830619,0.11758565683622568
2013,120,24,winter,c,-0.054542109986292386,0.023029317381320913,0.3570013699808614
2013,120,24,band,a,-0.20484395928183474,0.10541273427355463,
2013,120,24,band,b,-0.20484392215477698,0.10541271283595038,
2013,120,24,band,c,-0.24219718885499808,0.10226292918274066,
2013,120,25,winter,a,0.3874619163812627,0.25619906568471007,0.47693873525180996
2013,120,25,winter,b,0.38746194622604224,0.25619908002226843,0.47693877986596434
2013,120,25,winter,c,0.3339237082035267,0.2070036956967628,0.5907942294941679
2013,120,25,band,a,0.280845649274708,0.18570184553310976,
2013,120,25,band,b,0.28084569261439096,0.1857018702787584,
2013,120,25,band,c,0.2713610689035899,0.168220293292352,
2013,120,26,winter,a,0.9025478813094332,0.4348005951771814,0.8561101406629412
2013,120,26,winter,b,0.9025479499728704,0.43480061055388985,0.8561102195723649
2013,120,26,winter,c,1.3333747293065987,0.47547576381450585,1.5035950093556298
2013,120,26,band,a,0.8150262855996218,0.392637245516139,
2013,120,26,band,b,0.8150263575298462,0.3926372641831851,
2013,120,26,band,c,1.205121018421928,0.4297410353810024,
2013,120,27,winter,a,0.37621506165667284,0.27981474027711895,0.42785693312112216
2013,120,27,winter,b,0.3762150505603259,0.2798147302622871,0.4278569446229237
2013,120,27,winter,c,0.44729312886842987,0.2873446757295638,0.6747843366677704
2013,120,27,band,a,0.3042012345728835,0.2262535398480917,
2013,120,27,band,b,0.30420124792434344,0.2262535483538619,
2013,120,27,band,c,0.3489358674440912,0.22415918602368934,
2013,120,28,winter,a,0.41966919406641345,0.23565247022920077,0.7989224303085003
2013,120,28,winter,b,0.41966920434472654,0.23565246877141133,0.7989224885584614
2013,120,28,winter,c,0.40124652269901584,0.2041558217223639,0.9758146302588766
2013,120,28,band,a,0.348053132857328,0.19543864950893153,
2013,120,28,band,b,0.34805315959050387,0.1954386585245348,
2013,120,28,band,c,0.28022312050047504,0.1425786348167144,
2013,120,29,winter,a,-0.3285237494396578,0.1457526577112292,0.7158566210704878
2013,120,29,winter,b,-0.32852376020832186,0.14575266016551552,0.7158566286562005
2013,120,29,winter,c,-0.384973799834625,0.12441362643468687,1.3398459232735376
2013,120,29,band,a,-0.33764178399296996,0.1497979596765051,
2013,120,29,band,b,-0.337641762322176,0.14979794767423732,
2013,120,29,band,c,-0.39142657188197416,0.12649899632560402,
2013,120,30,winter,a,0.495719456459617,0.26901068141894935,0.8558522462044109
2013,120,30,winter,b,0.49571949042915553,0.26901069341131834,0.8558523010237651
2013,120,30,winter,c,0.3938856261691266,0.20225603017224247,0.9690146561272586
2013,120,30,band,a,0.32122235209017025,0.1743168291999727,
2013,120,30,band,b,0.3212224022960417,0.17431685227082472,
2013,120,30,band,c,0.18418177298511407,0.0945753583251071,
2013,120,31,winter,a,0.1667113600530059,0.0838255130310781,0.9790949549707988
2013,120,31,winter,b,0.16671142694664987,0.08382554572703538,0.9790949849490125
2013,120,31,winter,c,0.06997600975219975,0.028635576734744095,1.4106878173688169
2013,120,31,band,a,-0.04018402054499337,0.02020525857844635,
2013,120,31,band,b,-0.040183974698986824,0.020205235299808832,
2013,120,31,band,c,-0.2004835743851271,0.08204187118829848,
2013,120,32,winter,a,0.46559208836718824,0.23373113736020634,0.5181153590716736
2013,120,32,winter,b,0.46559199861520173,0.23373109952387705,0.5181153034016399
2013,120,32,winter,c,0.31407865989546946,0.14290118052934453,0.6197997973293758
2013,120,32,band,a,0.31635314464503694,0.15881193463718923,
2013,120,32,band,b,0.316353126053871,0.15881193020994655,
2013,120,32,band,c,0.16002058579851508,0.07280701792097444,
2013,120,33,winter,a,1.0721323200328405,0.48133083892507955,1.2390388340831233
2013,120,33,winter,b,1.072132350567741,0.48133084849577695,1.2390388580092346
2013,120,33,winter,c,1.0883420335873124,0.43009828060434996,1.474794088155782
2013,120,33,band,a,0.9621813159318959,0.43196863982362776,
2013,120,33,band,b,0.9621813603458926,0.43196865604965945,
2013,120,33,band,c,0.8887418749380924,0.3512189555447267,
2013,120,34,winter,a,0.9709135582982324,0.30704428719163634,1.7108312112641264
2013,120,34,winter,b,0.9709135833148668,0.3070442913224769,1.7108312436424615
2013,120,34,winter,c,1.0023886455959636,0.258284286798606,2.35657812121164
2013,120,34,band,a,0.8364552846348872,0.26452284494672484,
2013,120,34,band,b,0.8364552941550287,0.26452284470045906,
2013,120,34,band,c,0.7841910282641207,0.2020615669769908,
2013,120,35,winter,a,-0.18927866809690508,0.0837218343474796,0.14688874504398886
2013,120,35,winter,b,-0.18927874852789128,0.08372186927685282,0.14688876505419501
2013,120,35,winter,c,-0.5212037690194438,0.2013123847031083,0.28137088251164677
2013,120,35,band,a,-0.2922592357440804,0.12927225010353388,
2013,120,35,band,b,-0.29225921823465684,0.12927224135989873,
2013,120,35,band,c,-0.6027889909067987,0.23282427419994525,
2013,120,36,winter,a,0.22657319113526309,0.11814527642478667,0.46116870486204364
2013,120,36,winter,b,0.22657314908012194,0.11814525896792027,0.46116864676000824
2013,120,36,winter,c,0.18790099849927322,0.08178463853216034,0.6718034533181203
2013,120,36,band,a,0.06598917434001939,0.03440967223165725,
2013,120,36,band,b,0.06598913470859902,0.03440965286870534,
2013,120,36,band,c,0.044913248236420955,0.019548665529497355,
2013,120,37,winter,a,0.12822916036695697,0.07135717412735376,0.23652980555324965
2013,120,37,winter,b,0.12822916290749742,0.07135717602997116,0.23652979028498522
2013,120,37,winter,c,0.09695436517672684,0.0457061750722455,0.4326507245509321
2013,120,37,band,a,-0.03175544560667176,0.01767132261618476,
2013,120,37,band,b,-0.03175548022446617,0.017671342001414625,
2013,120,37,band,c,-0.037899777072129215,0.017866692674438023,
2013,120,38,winter,a,-0.0635869130967115,0.033732216831950435,0.1792187782964778
2013,120,38,winter,b,-0.06358692898935459,0.03373222548236354,0.17921877147340726
2013,120,38,winter,c,-0.11182429142446781,0.0559643100234925,0.22751568780823184
2013,120,38,band,a,-0.12848619644170878,0.06816063285997825,
2013,120,38,band,b,-0.1284862004598003,0.06816063543511813,
2013,120,38,band,c,-0.20586603850004248,0.10302905258922768,
2013,120,39,winter,a,0.42137173283257523,0.18367728769616037,0.5702792394572345
2013,120,39,winter,b,0.4213717729766111,0.18367730349294642,0.5702792734502895
2013,120,39,winter,c,0.45803424254833414,0.156797364261353,0.9622512137957753
2013,120,39,band,a,0.14879302861597865,0.06485935765211664,
2013,120,39,band,b,0.14879308961256732,0.06485938363967647,
2013,120,39,band,c,0.21725568590575728,0.07437242842650654,
2013,120,40,winter,a,0.4823537677860712,0.23581177058033548,0.6664960496501191
2013,120,40,winter,b,0.48235368332003214,0.2358117468821357,0.6664959263226842
2013,120,40,winter,c,0.3371159273155522,0.15454283526043805,0.7742731953814648
2013,120,40,band,a,0.4282942063093207,0.20938328227985054,
2013,120,40,band,b,0.4282940679137126,0.20938323024472327,
2013,120,40,band,c,0.27282872477826436,0.1250718855186454,
2013,120,41,winter,a,0.6589238581154766,0.21147119734662495,1.2875283909270308
2013,120,41,winter,b,0.6589238015245664,0.21147118034093976,1.2875283685254257
2013,120,41,winter,c,0.8328386511647408,0.20106361633570657,2.02663117625609
2013,120,41,band,a,0.5035137893730208,0.16159479218703388,
2013,120,41,band,b,0.5035137721917433,0.1615947875565354,
2013,120,41,band,c,0.7131584284526002,0.17217045876105186,
2013,120,42,winter,a,0.12458843867423774,0.07975066572346357,0.3200396703396291
2013,120,42,winter,b,0.12458845883977654,0.07975067797832724,0.32003966815179563
2013,120,42,winter,c,0.1304703624038912,0.06797367540853361,0.6144893637009987
2013,120,42,band,a,-0.027919658598149488,0.017871733394108746,
2013,120,42,band,b,-0.027919668770419293,0.017871739759095506,
2013,120,42,band,c,0.017927487182040514,0.009340030733035798,
2013,120,43,winter,a,0.3698246082802188,0.21135493966631647,0.6525114582461757
2013,120,43,winter,b,0.36982464982076624,0.21135495942401294,0.3466188486577575
2013,120,43,winter,c,0.27002010507707674,0.14874478221594867,0.41919522729924386
2013,120,43,band,a,0.2685375109398487,0.1534693153242781,
2013,120,43,band,b,0.26853752276018317,0.1534693191876484,
2013,120,43,band,c,0.21068671124916083,0.11606005771905525,
2013,120,44,winter,a,0.23227838254939037,0.08296535083795248,0.727066745977704
2013,120,44,winter,b,0.2322785368040372,0.08296539822572963,0.7270668869910959
2013,120,44,winter,c,0.7366343344389206,0.13577053993778299,2.2490960762542653
2013,120,44,band,a,0.21479739270435538,0.07672147898225096,
2013,120,44,band,b,0.21479749270597948,0.07672150757206814,
2013,120,44,band,c,0.5539776148930786,0.10210471650736636,
2013,120,45,winter,a,0.6719542012251176,0.2185751828882262,0.8538103236438503
2013,120,45,winter,b,0.6719541998347143,0.21857518527267583,0.8538102943470718
2013,120,45,winter,c,0.5818732144813252,0.1717085303359686,1.0169517361613485
2013,120,45,band,a,0.37116677446466073,0.12073418911993206,
2013,120,45,band,b,0.37116675712087166,0.12073418504521355,
2013,120,45,band,c,0.3345935422614905,0.098737257484586,
2013,120,46,winter,a,0.4501791648112521,0.19535241184641994,0.4574591378769226
2013,120,46,winter,b,0.45017919848057253,0.195352426075438,0.45745913343331734
2013,120,46,winter,c,0.5942731467931797,0.20789538059132678,0.7709053451369003
2013,120,46,band,a,0.5685034059895475,0.24669847070671602,
2013,120,46,band,b,0.5685034034293635,0.2466984691138775,
2013,120,46,band,c,0.6189322408024995,0.21652190487863238,
2013,120,47,winter,a,0.5604551544224039,0.22492093896404475,1.161076609022913
2013,120,47,winter,b,0.5604550631794769,0.22492091268043862,1.1610765137234176
2013,120,47,winter,c,0.6853695620927154,0.21237692437805827,1.7746647499759796
2013,120,47,band,a,0.5426667708981245,0.21778213420265968,
2013,120,47,band,b,0.5426667170675199,0.21778212260531776,
2013,120,47,band,c,0.6367996338797464,0.197326457386736,
2013,120,48,winter,a,0.25844747179514127,0.1361268505923542,0.48259884916939355
2013,120,48,winter,b,0.2584474184552237,0.13612682778642549,0.48259878254671307
2013,120,48,winter,c,0.2192485663654855,0.10025850211796228,0.681425897214377
2013,120,48,band,a,0.13930829708369874,0.0733750638443833,
2013,120,48,band,b,0.13930827674306,0.07337505598150018,
2013,120,48,band,c,0.0737648632153074,0.033731370824905516,
2013,120,49,winter,a,0.3686007836307945,0.22432977302128332,0.789657778711155
2013,120,49,winter,b,0.3686008279592816,0.22432979532292097,0.464642144466626
2013,120,49,winter,c,0.31881199842390595,0.1643261567978327,0.7340369057939455
2013,120,49,band,a,0.18173829143556497,0.11060559683414106,
2013,120,49,band,b,0.1817383112149371,0.11060560656603802,
2013,120,49,band,c,0.1507764749384759,0.07771513865428792,
