split_seed,method,seconds,n_substations,n_train_hp,lc_draw,spc_train,arm,family,target,anchor,feature_set,mode,target_transform,n_evals,n_inner,n_train,cv_wape,train_wape
0,evaluate_members,3990.664649248123,455.0,,,,arm1,physics,,,,,,,,,,
0,evaluate_members,61.889583587646484,200.0,16.0,0.0,-1.0,arm1,physics,,,,,,,,,,
0,evaluate_members,3992.8223979473114,455.0,,,,arm1,physics,,,,,,,,,,
0,evaluate_members,47.120840311050415,130.0,16.0,1.0,-1.0,arm1,physics,,,,,,,,,,
0,evaluate_members,3982.9269359111786,455.0,,,,arm1,physics,nan,nan,nan,nan,nan,,,,,
0,evaluate_members,141.20120120048523,530.0,32.0,0.0,-1.0,arm1,physics,nan,nan,nan,nan,nan,,,,,
0,anchor_only_Linear,0.11889052391052246,,32.0,0.0,-1.0,arm1,physics,HP_Peak,size,-,direct,none,0.0,210.0,320.0,33.98586608595312,47.67265987246809
0,anchor_only_Linear,0.10262513160705566,,32.0,0.0,-1.0,arm1,physics,HP_Peak,peak,-,direct,none,0.0,210.0,320.0,33.08385903083225,45.44999255483566
0,anchor_only_Linear,0.15281152725219727,,32.0,0.0,-1.0,arm1,physics,HP_Peak,size+peak,-,direct,none,0.0,210.0,320.0,32.970053060610276,38.40607239032169
0,anchor_only_XGBoost,38.450806617736816,,32.0,0.0,-1.0,arm1,physics,HP_Peak,size,-,direct,none,50.0,210.0,320.0,34.00999840935466,47.352326931591314
0,anchor_only_XGBoost,26.685649633407593,,32.0,0.0,-1.0,arm1,physics,HP_Peak,peak,-,direct,none,50.0,210.0,320.0,33.32751937928994,31.265126204678317
0,anchor_only_XGBoost,25.040852308273315,,32.0,0.0,-1.0,arm1,physics,HP_Peak,size+peak,-,direct,none,50.0,210.0,320.0,33.40793680543575,32.325521949204145
0,evaluate_members,3993.063001394272,455.0,,,,arm1,physics,,,,,,,,,,
0,evaluate_members,89.210622549057,360.0,32.0,1.0,-1.0,arm1,physics,,,,,,,,,,
0,evaluate_members,3984.578931093216,455.0,,,,arm1,physics,nan,nan,nan,nan,nan,,,,,
0,evaluate_members,200.957097530365,860.0,62.0,0.0,-1.0,arm1,physics,nan,nan,nan,nan,nan,,,,,
0,anchor_only_Linear,0.11124801635742188,,62.0,0.0,-1.0,arm1,physics,HP_Peak,size,-,direct,none,0.0,280.0,580.0,37.455934927077095,55.854966386584834
0,anchor_only_Linear,0.056191205978393555,,62.0,0.0,-1.0,arm1,physics,HP_Peak,peak,-,direct,none,0.0,280.0,580.0,36.17019986917559,49.83421933959488
0,anchor_only_Linear,0.06701850891113281,,62.0,0.0,-1.0,arm1,physics,HP_Peak,size+peak,-,direct,none,0.0,280.0,580.0,34.222108924189506,35.45379589677564
0,anchor_only_XGBoost,39.43552303314209,,62.0,0.0,-1.0,arm1,physics,HP_Peak,size,-,direct,none,50.0,280.0,580.0,36.85386986764003,56.1199651318301
0,anchor_only_XGBoost,49.61252284049988,,62.0,0.0,-1.0,arm1,physics,HP_Peak,peak,-,direct,none,50.0,280.0,580.0,35.39477938187928,43.02451544905434
0,anchor_only_XGBoost,31.487746477127075,,62.0,0.0,-1.0,arm1,physics,HP_Peak,size+peak,-,direct,none,50.0,280.0,580.0,33.899753995116704,37.98204705457976
0,evaluate_members,3991.1252365112305,455.0,,,,arm1,physics,nan,nan,nan,nan,nan,,,,,
0,evaluate_members,184.1234393119812,860.0,62.0,1.0,-1.0,arm1,physics,nan,nan,nan,nan,nan,,,,,
0,anchor_only_Linear,0.11158633232116699,,62.0,1.0,-1.0,arm1,physics,HP_Peak,size,-,direct,none,0.0,280.0,580.0,37.85396277566649,56.99773225155075
0,anchor_only_Linear,0.07120919227600098,,62.0,1.0,-1.0,arm1,physics,HP_Peak,peak,-,direct,none,0.0,280.0,580.0,36.3468461077246,50.571773962723164
0,anchor_only_Linear,0.07856345176696777,,62.0,1.0,-1.0,arm1,physics,HP_Peak,size+peak,-,direct,none,0.0,280.0,580.0,33.05080913247739,35.58051248807333
0,anchor_only_XGBoost,39.484783411026,,62.0,1.0,-1.0,arm1,physics,HP_Peak,size,-,direct,none,50.0,280.0,580.0,37.54965707502602,57.232358462533895
0,anchor_only_XGBoost,56.10151982307434,,62.0,1.0,-1.0,arm1,physics,HP_Peak,peak,-,direct,none,50.0,280.0,580.0,34.86073077340566,40.86859830398928
0,anchor_only_XGBoost,47.036283016204834,,62.0,1.0,-1.0,arm1,physics,HP_Peak,size+peak,-,direct,none,50.0,280.0,580.0,32.62695063175168,35.39670501045188
0,evaluate_members,3982.935262441635,455.0,,,,arm1,physics,nan,nan,nan,nan,nan,,,,,
0,evaluate_members,320.1522161960602,1605.0,100.0,0.0,-1.0,arm1,physics,nan,nan,nan,nan,nan,,,,,
0,anchor_only_Linear,0.15736699104309082,,100.0,0.0,-1.0,arm1,physics,HP_Peak,size,-,direct,none,0.0,535.0,1070.0,40.47835563135194,62.984075108725676
0,anchor_only_Linear,0.07598257064819336,,100.0,0.0,-1.0,arm1,physics,HP_Peak,peak,-,direct,none,0.0,535.0,1070.0,37.94027689803445,54.23087598511096
0,anchor_only_Linear,0.06732559204101562,,100.0,0.0,-1.0,arm1,physics,HP_Peak,size+peak,-,direct,none,0.0,535.0,1070.0,36.12170344861097,38.72500344351894
0,anchor_only_XGBoost,36.26243758201599,,100.0,0.0,-1.0,arm1,physics,HP_Peak,size,-,direct,none,50.0,535.0,1070.0,40.45184582291092,62.6383045989498
0,anchor_only_XGBoost,31.17299461364746,,100.0,0.0,-1.0,arm1,physics,HP_Peak,peak,-,direct,none,50.0,535.0,1070.0,37.320281671793914,47.74877288702237
0,anchor_only_XGBoost,47.12184739112854,,100.0,0.0,-1.0,arm1,physics,HP_Peak,size+peak,-,direct,none,50.0,535.0,1070.0,37.225201015760625,42.52025758850329
0,evaluate_members,3983.18683719635,455.0,,,,arm1,physics,nan,nan,nan,nan,nan,,,,,
0,evaluate_members,292.5469126701355,1465.0,100.0,1.0,-1.0,arm1,physics,nan,nan,nan,nan,nan,,,,,
0,anchor_only_Linear,0.1677403450012207,,100.0,1.0,-1.0,arm1,physics,HP_Peak,size,-,direct,none,0.0,515.0,950.0,44.96718150734677,71.98228944001809
0,anchor_only_Linear,0.08350300788879395,,100.0,1.0,-1.0,arm1,physics,HP_Peak,peak,-,direct,none,0.0,515.0,950.0,42.048526894750324,59.18225239105546
0,anchor_only_Linear,0.11648702621459961,,100.0,1.0,-1.0,arm1,physics,HP_Peak,size+peak,-,direct,none,0.0,515.0,950.0,38.47343388891287,33.71690036800736
0,anchor_only_XGBoost,30.63739538192749,,100.0,1.0,-1.0,arm1,physics,HP_Peak,size,-,direct,none,50.0,515.0,950.0,45.33832272381322,70.80706181222806
0,anchor_only_XGBoost,40.132816791534424,,100.0,1.0,-1.0,arm1,physics,HP_Peak,peak,-,direct,none,50.0,515.0,950.0,40.70986267846991,47.494215253970204
0,anchor_only_XGBoost,33.95778489112854,,100.0,1.0,-1.0,arm1,physics,HP_Peak,size+peak,-,direct,none,50.0,515.0,950.0,37.77871531953524,43.52280476987438
0,evaluate_members,3989.784603357315,455.0,,,,arm1,physics,nan,nan,nan,nan,nan,,,,,
0,evaluate_members,457.9780776500702,2570.0,200.0,0.0,-1.0,arm1,physics,nan,nan,nan,nan,nan,,,,,
0,anchor_only_Linear,0.16867685317993164,,200.0,0.0,-1.0,arm1,physics,HP_Peak,size,-,direct,none,0.0,940.0,1630.0,55.34079182190717,74.67377915242788
0,anchor_only_Linear,0.0788261890411377,,200.0,0.0,-1.0,arm1,physics,HP_Peak,peak,-,direct,none,0.0,940.0,1630.0,51.70406880971455,58.40995248091072
0,anchor_only_Linear,0.09905076026916504,,200.0,0.0,-1.0,arm1,physics,HP_Peak,size+peak,-,direct,none,0.0,940.0,1630.0,39.21446577691148,33.857457994660955
0,anchor_only_XGBoost,61.33085870742798,,200.0,0.0,-1.0,arm1,physics,HP_Peak,size,-,direct,none,50.0,940.0,1630.0,55.35197374042594,74.52196738081534
0,anchor_only_XGBoost,52.718040466308594,,200.0,0.0,-1.0,arm1,physics,HP_Peak,peak,-,direct,none,50.0,940.0,1630.0,45.08576159949993,50.33956039031586
0,anchor_only_XGBoost,178.22897505760193,,200.0,0.0,-1.0,arm1,physics,HP_Peak,size+peak,-,direct,none,50.0,940.0,1630.0,38.941111696611095,38.88340972677848
0,evaluate_members,3983.016452074051,455.0,,,,arm1,physics,nan,nan,nan,nan,nan,,,,,
0,evaluate_members,483.73322200775146,2640.0,200.0,1.0,-1.0,arm1,physics,nan,nan,nan,nan,nan,,,,,
0,anchor_only_Linear,0.14919590950012207,,200.0,1.0,-1.0,arm1,physics,HP_Peak,size,-,direct,none,0.0,980.0,1660.0,52.474707141795996,70.39922015959024
0,anchor_only_Linear,0.08842110633850098,,200.0,1.0,-1.0,arm1,physics,HP_Peak,peak,-,direct,none,0.0,980.0,1660.0,48.908061689385924,55.806400138336045
0,anchor_only_Linear,0.07723760604858398,,200.0,1.0,-1.0,arm1,physics,HP_Peak,size+peak,-,direct,none,0.0,980.0,1660.0,39.475954443447215,32.50665398825703
0,anchor_only_XGBoost,73.862877368927,,200.0,1.0,-1.0,arm1,physics,HP_Peak,size,-,direct,none,50.0,980.0,1660.0,52.180778370285516,69.63447388355327
0,anchor_only_XGBoost,62.37644147872925,,200.0,1.0,-1.0,arm1,physics,HP_Peak,peak,-,direct,none,50.0,980.0,1660.0,44.44039533013353,49.07392251455361
0,anchor_only_XGBoost,160.24893975257874,,200.0,1.0,-1.0,arm1,physics,HP_Peak,size+peak,-,direct,none,50.0,980.0,1660.0,39.50530592829,44.63330637663513
1,evaluate_members,79.12852668762207,455.0,,,,arm1,physics,,,,,,,,,,
1,evaluate_members,24.538623571395874,170.0,16.0,0.0,-1.0,arm1,physics,,,,,,,,,,
1,evaluate_members,78.09009671211243,455.0,,,,arm1,physics,,,,,,,,,,
1,evaluate_members,27.210161209106445,180.0,16.0,1.0,-1.0,arm1,physics,,,,,,,,,,
1,evaluate_members,71.15716290473938,455.0,,,,arm1,physics,,,,,,,,,,
1,evaluate_members,79.87396478652954,450.0,32.0,0.0,-1.0,arm1,physics,,,,,,,,,,
1,evaluate_members,0.0,455.0,,,,arm1,physics,,,,,,,,,,
1,evaluate_members,57.93811011314392,350.0,32.0,1.0,-1.0,arm1,physics,,,,,,,,,,
1,evaluate_members,0.0,455.0,,,,arm1,physics,nan,nan,nan,nan,nan,,,,,
1,evaluate_members,151.82202410697937,940.0,62.0,0.0,-1.0,arm1,physics,nan,nan,nan,nan,nan,,,,,
1,anchor_only_Linear,0.072845458984375,,62.0,0.0,-1.0,arm1,physics,HP_Peak,size,-,direct,none,0.0,280.0,660.0,37.24637589131386,59.91224496153992
1,anchor_only_Linear,0.0723576545715332,,62.0,0.0,-1.0,arm1,physics,HP_Peak,peak,-,direct,none,0.0,280.0,660.0,36.35389084382913,52.773310317461075
1,anchor_only_Linear,0.0711820125579834,,62.0,0.0,-1.0,arm1,physics,HP_Peak,size+peak,-,direct,none,0.0,280.0,660.0,35.84946359869704,35.66658672075283
1,anchor_only_XGBoost,45.805354833602905,,62.0,0.0,-1.0,arm1,physics,HP_Peak,size,-,direct,none,50.0,280.0,660.0,36.601321929850705,60.188268336300034
1,anchor_only_XGBoost,21.147117137908936,,62.0,0.0,-1.0,arm1,physics,HP_Peak,peak,-,direct,none,50.0,280.0,660.0,34.21950023280304,38.0942061699476
1,anchor_only_XGBoost,30.569347381591797,,62.0,0.0,-1.0,arm1,physics,HP_Peak,size+peak,-,direct,none,50.0,280.0,660.0,32.3336993347111,36.44371117639686
1,evaluate_members,0.0,455.0,,,,arm1,physics,nan,nan,nan,nan,nan,,,,,
1,evaluate_members,153.12090349197388,940.0,62.0,1.0,-1.0,arm1,physics,nan,nan,nan,nan,nan,,,,,
1,anchor_only_Linear,0.08103013038635254,,62.0,1.0,-1.0,arm1,physics,HP_Peak,size,-,direct,none,0.0,280.0,660.0,38.971752145801396,59.02716629815925
1,anchor_only_Linear,0.06649303436279297,,62.0,1.0,-1.0,arm1,physics,HP_Peak,peak,-,direct,none,0.0,280.0,660.0,37.923478203055964,52.89648629473144
1,anchor_only_Linear,0.08421087265014648,,62.0,1.0,-1.0,arm1,physics,HP_Peak,size+peak,-,direct,none,0.0,280.0,660.0,36.587561937481546,37.01598173286141
1,anchor_only_XGBoost,45.34590411186218,,62.0,1.0,-1.0,arm1,physics,HP_Peak,size,-,direct,none,50.0,280.0,660.0,38.346488015833145,59.55293667984215
1,anchor_only_XGBoost,20.542640447616577,,62.0,1.0,-1.0,arm1,physics,HP_Peak,peak,-,direct,none,50.0,280.0,660.0,37.332319084223904,42.65546938089316
1,anchor_only_XGBoost,27.24171543121338,,62.0,1.0,-1.0,arm1,physics,HP_Peak,size+peak,-,direct,none,50.0,280.0,660.0,36.74907182403498,38.27589000206152
1,evaluate_members,0.0,455.0,,,,arm1,physics,nan,nan,nan,nan,nan,,,,,
1,evaluate_members,225.4504280090332,1420.0,100.0,0.0,-1.0,arm1,physics,nan,nan,nan,nan,nan,,,,,
1,anchor_only_Linear,0.09424805641174316,,100.0,0.0,-1.0,arm1,physics,HP_Peak,size,-,direct,none,0.0,480.0,940.0,43.13464338617781,72.56531997617365
1,anchor_only_Linear,0.08015871047973633,,100.0,0.0,-1.0,arm1,physics,HP_Peak,peak,-,direct,none,0.0,480.0,940.0,40.889189263911135,60.960521724152386
1,anchor_only_Linear,0.06678557395935059,,100.0,0.0,-1.0,arm1,physics,HP_Peak,size+peak,-,direct,none,0.0,480.0,940.0,37.244254247027634,36.619590209362066
1,anchor_only_XGBoost,69.03063297271729,,100.0,0.0,-1.0,arm1,physics,HP_Peak,size,-,direct,none,50.0,480.0,940.0,42.95832876767862,71.11839741969538
1,anchor_only_XGBoost,53.87159490585327,,100.0,0.0,-1.0,arm1,physics,HP_Peak,peak,-,direct,none,50.0,480.0,940.0,40.287086250245665,52.30151873894508
1,anchor_only_XGBoost,78.20695042610168,,100.0,0.0,-1.0,arm1,physics,HP_Peak,size+peak,-,direct,none,50.0,480.0,940.0,38.62533048610043,40.88760619231586
1,evaluate_members,0.0,455.0,,,,arm1,physics,nan,nan,nan,nan,nan,,,,,
1,evaluate_members,243.21145510673523,1535.0,100.0,1.0,-1.0,arm1,physics,nan,nan,nan,nan,nan,,,,,
1,anchor_only_Linear,0.11089920997619629,,100.0,1.0,-1.0,arm1,physics,HP_Peak,size,-,direct,none,0.0,505.0,1030.0,43.340356697632686,65.98144645408487
1,anchor_only_Linear,0.10283279418945312,,100.0,1.0,-1.0,arm1,physics,HP_Peak,peak,-,direct,none,0.0,505.0,1030.0,41.24159553639036,56.908328366402884
1,anchor_only_Linear,0.08193540573120117,,100.0,1.0,-1.0,arm1,physics,HP_Peak,size+peak,-,direct,none,0.0,505.0,1030.0,39.936217755604886,39.053322339642584
1,anchor_only_XGBoost,55.13745665550232,,100.0,1.0,-1.0,arm1,physics,HP_Peak,size,-,direct,none,50.0,505.0,1030.0,43.99654130271197,65.28340509740543
1,anchor_only_XGBoost,59.510977268218994,,100.0,1.0,-1.0,arm1,physics,HP_Peak,peak,-,direct,none,50.0,505.0,1030.0,42.4064008000239,51.41788307850265
1,anchor_only_XGBoost,89.21253681182861,,100.0,1.0,-1.0,arm1,physics,HP_Peak,size+peak,-,direct,none,50.0,505.0,1030.0,41.15461159432901,48.18098335259219
1,evaluate_members,0.0,455.0,,,,arm1,physics,nan,nan,nan,nan,nan,,,,,
1,evaluate_members,403.2234637737274,2435.0,200.0,0.0,-1.0,arm1,physics,nan,nan,nan,nan,nan,,,,,
1,anchor_only_Linear,0.20677733421325684,,200.0,0.0,-1.0,arm1,physics,HP_Peak,size,-,direct,none,0.0,1035.0,1400.0,57.67069076777542,76.2636732720088
1,anchor_only_Linear,0.1523149013519287,,200.0,0.0,-1.0,arm1,physics,HP_Peak,peak,-,direct,none,0.0,1035.0,1400.0,52.48619142978582,55.21013510233315
1,anchor_only_Linear,0.1657257080078125,,200.0,0.0,-1.0,arm1,physics,HP_Peak,size+peak,-,direct,none,0.0,1035.0,1400.0,38.71131887062503,30.088261918397496
1,anchor_only_XGBoost,45.35194134712219,,200.0,0.0,-1.0,arm1,physics,HP_Peak,size,-,direct,none,50.0,1035.0,1400.0,57.97425253452618,74.74689894042423
1,anchor_only_XGBoost,37.90509748458862,,200.0,0.0,-1.0,arm1,physics,HP_Peak,peak,-,direct,none,50.0,1035.0,1400.0,46.88629701186959,49.4729227651134
1,anchor_only_XGBoost,131.66528010368347,,200.0,0.0,-1.0,arm1,physics,HP_Peak,size+peak,-,direct,none,50.0,1035.0,1400.0,39.56188273352599,33.16093785198841
1,evaluate_members,0.0,455.0,,,,arm1,physics,nan,nan,nan,nan,nan,,,,,
1,evaluate_members,413.4703857898712,2505.0,200.0,1.0,-1.0,arm1,physics,nan,nan,nan,nan,nan,,,,,
1,anchor_only_Linear,0.0906224250793457,,200.0,1.0,-1.0,arm1,physics,HP_Peak,size,-,direct,none,0.0,875.0,1630.0,57.31127015609612,77.24427722668554
1,anchor_only_Linear,0.08048081398010254,,200.0,1.0,-1.0,arm1,physics,HP_Peak,peak,-,direct,none,0.0,875.0,1630.0,53.55722548224432,56.61876468776656
1,anchor_only_Linear,0.09649825096130371,,200.0,1.0,-1.0,arm1,physics,HP_Peak,size+peak,-,direct,none,0.0,875.0,1630.0,38.19549999541157,31.593023649435608
1,anchor_only_XGBoost,51.84578800201416,,200.0,1.0,-1.0,arm1,physics,HP_Peak,size,-,direct,none,50.0,875.0,1630.0,57.02630227948716,76.97917569629915
1,anchor_only_XGBoost,45.82215476036072,,200.0,1.0,-1.0,arm1,physics,HP_Peak,peak,-,direct,none,50.0,875.0,1630.0,46.44521956057925,50.62608619788798
1,anchor_only_XGBoost,156.7202708721161,,200.0,1.0,-1.0,arm1,physics,HP_Peak,size+peak,-,direct,none,50.0,875.0,1630.0,35.80174729142832,32.53427948943294
2,evaluate_members,71.51237869262695,455.0,,,,arm1,physics,,,,,,,,,,
2,evaluate_members,30.296940803527832,190.0,16.0,0.0,-1.0,arm1,physics,,,,,,,,,,
2,evaluate_members,70.11070108413696,455.0,,,,arm1,physics,,,,,,,,,,
2,evaluate_members,33.84952163696289,180.0,16.0,1.0,-1.0,arm1,physics,,,,,,,,,,
2,evaluate_members,0.0,455.0,,,,arm1,physics,,,,,,,,,,
2,evaluate_members,75.80388021469116,390.0,32.0,0.0,-1.0,arm1,physics,,,,,,,,,,
2,evaluate_members,0.0,455.0,,,,arm1,physics,,,,,,,,,,
2,evaluate_members,84.2523717880249,440.0,32.0,1.0,-1.0,arm1,physics,,,,,,,,,,
2,evaluate_members,0.0,455.0,,,,arm1,physics,nan,nan,nan,nan,nan,,,,,
2,evaluate_members,165.0004596710205,1000.0,62.0,0.0,-1.0,arm1,physics,nan,nan,nan,nan,nan,,,,,
2,anchor_only_Linear,0.0947878360748291,,62.0,0.0,-1.0,arm1,physics,HP_Peak,size,-,direct,none,0.0,230.0,770.0,37.685237314159444,56.422103664455705
2,anchor_only_Linear,0.08731913566589355,,62.0,0.0,-1.0,arm1,physics,HP_Peak,peak,-,direct,none,0.0,230.0,770.0,36.39406736718678,50.90248047453174
2,anchor_only_Linear,0.09335899353027344,,62.0,0.0,-1.0,arm1,physics,HP_Peak,size+peak,-,direct,none,0.0,230.0,770.0,35.228464525837026,42.23141250234381
2,anchor_only_XGBoost,49.42800831794739,,62.0,0.0,-1.0,arm1,physics,HP_Peak,size,-,direct,none,50.0,230.0,770.0,37.42323991065003,55.29700599956686
2,anchor_only_XGBoost,33.337711811065674,,62.0,0.0,-1.0,arm1,physics,HP_Peak,peak,-,direct,none,50.0,230.0,770.0,35.44155626863585,42.873725850194916
2,anchor_only_XGBoost,46.76947093009949,,62.0,0.0,-1.0,arm1,physics,HP_Peak,size+peak,-,direct,none,50.0,230.0,770.0,35.35938700475501,40.55409593029922
2,evaluate_members,0.0,455.0,,,,arm1,physics,nan,nan,nan,nan,nan,,,,,
2,evaluate_members,157.70478582382202,950.0,62.0,1.0,-1.0,arm1,physics,nan,nan,nan,nan,nan,,,,,
2,anchor_only_Linear,0.08157992362976074,,62.0,1.0,-1.0,arm1,physics,HP_Peak,size,-,direct,none,0.0,280.0,670.0,37.84589934660613,55.94565108605559
2,anchor_only_Linear,0.07657456398010254,,62.0,1.0,-1.0,arm1,physics,HP_Peak,peak,-,direct,none,0.0,280.0,670.0,37.28756512173121,51.694964855129314
2,anchor_only_Linear,0.07737374305725098,,62.0,1.0,-1.0,arm1,physics,HP_Peak,size+peak,-,direct,none,0.0,280.0,670.0,37.98300224296457,42.845642132089715
2,anchor_only_XGBoost,31.238874912261963,,62.0,1.0,-1.0,arm1,physics,HP_Peak,size,-,direct,none,50.0,280.0,670.0,37.889205899334684,56.00346935062489
2,anchor_only_XGBoost,32.84008717536926,,62.0,1.0,-1.0,arm1,physics,HP_Peak,peak,-,direct,none,50.0,280.0,670.0,37.7035675450068,45.89891630524488
2,anchor_only_XGBoost,43.70692682266235,,62.0,1.0,-1.0,arm1,physics,HP_Peak,size+peak,-,direct,none,50.0,280.0,670.0,37.91050663459923,50.15403117733426
2,evaluate_members,0.0,455.0,,,,arm1,physics,nan,nan,nan,nan,nan,,,,,
2,evaluate_members,229.7080557346344,1400.0,100.0,0.0,-1.0,arm1,physics,nan,nan,nan,nan,nan,,,,,
2,anchor_only_Linear,0.08174967765808105,,100.0,0.0,-1.0,arm1,physics,HP_Peak,size,-,direct,none,0.0,570.0,830.0,42.289663998581204,66.79812754081294
2,anchor_only_Linear,0.06209516525268555,,100.0,0.0,-1.0,arm1,physics,HP_Peak,peak,-,direct,none,0.0,570.0,830.0,39.92628964720012,57.887448846088944
2,anchor_only_Linear,0.07255196571350098,,100.0,0.0,-1.0,arm1,physics,HP_Peak,size+peak,-,direct,none,0.0,570.0,830.0,37.54448917703934,35.62185086263449
2,anchor_only_XGBoost,51.084080934524536,,100.0,0.0,-1.0,arm1,physics,HP_Peak,size,-,direct,none,50.0,570.0,830.0,41.52271646516118,64.84378436774668
2,anchor_only_XGBoost,57.106266260147095,,100.0,0.0,-1.0,arm1,physics,HP_Peak,peak,-,direct,none,50.0,570.0,830.0,38.38258821016509,47.575331490284064
2,anchor_only_XGBoost,80.83295059204102,,100.0,0.0,-1.0,arm1,physics,HP_Peak,size+peak,-,direct,none,50.0,570.0,830.0,36.75104792709914,38.19723558549178
2,evaluate_members,0.0,455.0,,,,arm1,physics,nan,nan,nan,nan,nan,,,,,
2,evaluate_members,221.48769330978394,1345.0,100.0,1.0,-1.0,arm1,physics,nan,nan,nan,nan,nan,,,,,
2,anchor_only_Linear,0.06900620460510254,,100.0,1.0,-1.0,arm1,physics,HP_Peak,size,-,direct,none,0.0,465.0,880.0,41.64624862115495,69.5166972811973
2,anchor_only_Linear,0.08314013481140137,,100.0,1.0,-1.0,arm1,physics,HP_Peak,peak,-,direct,none,0.0,465.0,880.0,39.51493516582459,57.66425434408291
2,anchor_only_Linear,0.0857398509979248,,100.0,1.0,-1.0,arm1,physics,HP_Peak,size+peak,-,direct,none,0.0,465.0,880.0,37.80685621988143,37.645072592945475
2,anchor_only_XGBoost,53.86138129234314,,100.0,1.0,-1.0,arm1,physics,HP_Peak,size,-,direct,none,50.0,465.0,880.0,40.8367045983462,69.17979585440044
2,anchor_only_XGBoost,47.95417499542236,,100.0,1.0,-1.0,arm1,physics,HP_Peak,peak,-,direct,none,50.0,465.0,880.0,38.53754117232288,50.61662526012858
2,anchor_only_XGBoost,82.69227981567383,,100.0,1.0,-1.0,arm1,physics,HP_Peak,size+peak,-,direct,none,50.0,465.0,880.0,37.24369305889281,44.933972417618875
2,evaluate_members,0.0,455.0,,,,arm1,physics,nan,nan,nan,nan,nan,,,,,
2,evaluate_members,438.085410118103,2610.0,200.0,0.0,-1.0,arm1,physics,nan,nan,nan,nan,nan,,,,,
2,anchor_only_Linear,0.149094820022583,,200.0,0.0,-1.0,arm1,physics,HP_Peak,size,-,direct,none,0.0,950.0,1660.0,54.33689910629791,71.26972126264076
2,anchor_only_Linear,0.07912158966064453,,200.0,0.0,-1.0,arm1,physics,HP_Peak,peak,-,direct,none,0.0,950.0,1660.0,50.848571941730945,57.569858705031876
2,anchor_only_Linear,0.08546924591064453,,200.0,0.0,-1.0,arm1,physics,HP_Peak,size+peak,-,direct,none,0.0,950.0,1660.0,40.88593250521651,33.90554047747333
2,anchor_only_XGBoost,52.46187663078308,,200.0,0.0,-1.0,arm1,physics,HP_Peak,size,-,direct,none,50.0,950.0,1660.0,54.06423734385538,70.66860067419086
2,anchor_only_XGBoost,62.37287211418152,,200.0,0.0,-1.0,arm1,physics,HP_Peak,peak,-,direct,none,50.0,950.0,1660.0,46.21132893855517,50.76919777671643
2,anchor_only_XGBoost,100.59747767448425,,200.0,0.0,-1.0,arm1,physics,HP_Peak,size+peak,-,direct,none,50.0,950.0,1660.0,39.3082820564182,35.334451169472885
2,evaluate_members,0.0,455.0,,,,arm1,physics,nan,nan,nan,nan,nan,,,,,
2,evaluate_members,427.3651785850525,2580.0,200.0,1.0,-1.0,arm1,physics,nan,nan,nan,nan,nan,,,,,
2,anchor_only_Linear,0.12777972221374512,,200.0,1.0,-1.0,arm1,physics,HP_Peak,size,-,direct,none,0.0,880.0,1700.0,56.76077586342082,73.78258858874423
2,anchor_only_Linear,0.08031868934631348,,200.0,1.0,-1.0,arm1,physics,HP_Peak,peak,-,direct,none,0.0,880.0,1700.0,51.55482345324801,58.87760179161793
2,anchor_only_Linear,0.09247255325317383,,200.0,1.0,-1.0,arm1,physics,HP_Peak,size+peak,-,direct,none,0.0,880.0,1700.0,38.58437356864293,34.013862569211064
2,anchor_only_XGBoost,61.519450664520264,,200.0,1.0,-1.0,arm1,physics,HP_Peak,size,-,direct,none,50.0,880.0,1700.0,57.08455722235919,73.43618487972486
2,anchor_only_XGBoost,58.16284394264221,,200.0,1.0,-1.0,arm1,physics,HP_Peak,peak,-,direct,none,50.0,880.0,1700.0,45.60949825864891,50.8815301881021
2,anchor_only_XGBoost,69.0593831539154,,200.0,1.0,-1.0,arm1,physics,HP_Peak,size+peak,-,direct,none,50.0,880.0,1700.0,39.392380707054876,39.60115136122794
3,evaluate_members,75.55011701583862,455.0,,,,arm1,physics,,,,,,,,,,
3,evaluate_members,31.217406511306763,190.0,16.0,0.0,-1.0,arm1,physics,,,,,,,,,,
3,evaluate_members,73.73109889030457,455.0,,,,arm1,physics,,,,,,,,,,
3,evaluate_members,30.155168533325195,180.0,16.0,1.0,-1.0,arm1,physics,,,,,,,,,,
3,evaluate_members,73.23131227493286,455.0,,,,arm1,physics,,,,,,,,,,
3,evaluate_members,51.165348291397095,310.0,32.0,0.0,-1.0,arm1,physics,,,,,,,,,,
3,evaluate_members,72.68063545227051,455.0,,,,arm1,physics,nan,nan,nan,nan,nan,,,,,
3,evaluate_members,86.8309736251831,530.0,32.0,1.0,-1.0,arm1,physics,nan,nan,nan,nan,nan,,,,,
3,anchor_only_Linear,0.0829477310180664,,32.0,1.0,-1.0,arm1,physics,HP_Peak,size,-,direct,none,0.0,210.0,320.0,32.568675193672235,49.022195930250035
3,anchor_only_Linear,0.09740710258483887,,32.0,1.0,-1.0,arm1,physics,HP_Peak,peak,-,direct,none,0.0,210.0,320.0,31.51625458515588,46.37654378399464
3,anchor_only_Linear,0.07365751266479492,,32.0,1.0,-1.0,arm1,physics,HP_Peak,size+peak,-,direct,none,0.0,210.0,320.0,31.593405276086816,40.40718080287147
3,anchor_only_XGBoost,72.02856135368347,,32.0,1.0,-1.0,arm1,physics,HP_Peak,size,-,direct,none,50.0,210.0,320.0,32.40900671698472,48.775065269071014
3,anchor_only_XGBoost,21.28585982322693,,32.0,1.0,-1.0,arm1,physics,HP_Peak,peak,-,direct,none,50.0,210.0,320.0,32.56325379780948,35.992961398442596
3,anchor_only_XGBoost,20.02701687812805,,32.0,1.0,-1.0,arm1,physics,HP_Peak,size+peak,-,direct,none,50.0,210.0,320.0,32.31942813743314,32.835669215272716
3,evaluate_members,0.0,455.0,,,,arm1,physics,nan,nan,nan,nan,nan,,,,,
3,evaluate_members,164.36434745788574,970.0,62.0,0.0,-1.0,arm1,physics,nan,nan,nan,nan,nan,,,,,
3,anchor_only_Linear,0.07940268516540527,,62.0,0.0,-1.0,arm1,physics,HP_Peak,size,-,direct,none,0.0,330.0,640.0,37.52487782760744,58.94565000196634
3,anchor_only_Linear,0.07381439208984375,,62.0,0.0,-1.0,arm1,physics,HP_Peak,peak,-,direct,none,0.0,330.0,640.0,37.04518240718801,54.17941198245827
3,anchor_only_Linear,0.07871747016906738,,62.0,0.0,-1.0,arm1,physics,HP_Peak,size+peak,-,direct,none,0.0,330.0,640.0,37.1207873577368,40.408540907351394
3,anchor_only_XGBoost,20.89390802383423,,62.0,0.0,-1.0,arm1,physics,HP_Peak,size,-,direct,none,50.0,330.0,640.0,37.6243968557121,59.291355500768795
3,anchor_only_XGBoost,17.613118886947632,,62.0,0.0,-1.0,arm1,physics,HP_Peak,peak,-,direct,none,50.0,330.0,640.0,37.45202503761072,45.58695702865659
3,anchor_only_XGBoost,26.061534643173218,,62.0,0.0,-1.0,arm1,physics,HP_Peak,size+peak,-,direct,none,50.0,330.0,640.0,37.19832453408559,46.58198663369759
3,evaluate_members,0.0,455.0,,,,arm1,physics,nan,nan,nan,nan,nan,,,,,
3,evaluate_members,140.34838318824768,810.0,62.0,1.0,-1.0,arm1,physics,nan,nan,nan,nan,nan,,,,,
3,anchor_only_Linear,0.11101722717285156,,62.0,1.0,-1.0,arm1,physics,HP_Peak,size,-,direct,none,0.0,280.0,530.0,39.65556193280071,59.56446063282348
3,anchor_only_Linear,0.07994937896728516,,62.0,1.0,-1.0,arm1,physics,HP_Peak,peak,-,direct,none,0.0,280.0,530.0,38.521660436734436,52.36754941306167
3,anchor_only_Linear,0.11044073104858398,,62.0,1.0,-1.0,arm1,physics,HP_Peak,size+peak,-,direct,none,0.0,280.0,530.0,36.446609514240755,39.51402788444723
3,anchor_only_XGBoost,19.835241079330444,,62.0,1.0,-1.0,arm1,physics,HP_Peak,size,-,direct,none,50.0,280.0,530.0,39.07748090125683,59.684518329177514
3,anchor_only_XGBoost,20.876686573028564,,62.0,1.0,-1.0,arm1,physics,HP_Peak,peak,-,direct,none,50.0,280.0,530.0,35.700245105243624,40.76711873420189
3,anchor_only_XGBoost,22.922298908233643,,62.0,1.0,-1.0,arm1,physics,HP_Peak,size+peak,-,direct,none,50.0,280.0,530.0,34.60862768096496,36.046329410562706
3,evaluate_members,0.0,455.0,,,,arm1,physics,nan,nan,nan,nan,nan,,,,,
3,evaluate_members,238.8256995677948,1480.0,100.0,0.0,-1.0,arm1,physics,nan,nan,nan,nan,nan,,,,,
3,anchor_only_Linear,0.1177377700805664,,100.0,0.0,-1.0,arm1,physics,HP_Peak,size,-,direct,none,0.0,550.0,930.0,43.228353538522974,70.91082421213498
3,anchor_only_Linear,0.08530449867248535,,100.0,0.0,-1.0,arm1,physics,HP_Peak,peak,-,direct,none,0.0,550.0,930.0,41.18032356197959,60.675110924374806
3,anchor_only_Linear,0.10624361038208008,,100.0,0.0,-1.0,arm1,physics,HP_Peak,size+peak,-,direct,none,0.0,550.0,930.0,39.36522556385885,39.12384077817084
3,anchor_only_XGBoost,44.7920024394989,,100.0,0.0,-1.0,arm1,physics,HP_Peak,size,-,direct,none,50.0,550.0,930.0,42.535951533450145,70.04661799039022
3,anchor_only_XGBoost,60.56603288650513,,100.0,0.0,-1.0,arm1,physics,HP_Peak,peak,-,direct,none,50.0,550.0,930.0,40.21137181334867,49.24556213349032
3,anchor_only_XGBoost,80.85009002685547,,100.0,0.0,-1.0,arm1,physics,HP_Peak,size+peak,-,direct,none,50.0,550.0,930.0,38.064863430499805,38.38368381366557
3,evaluate_members,0.0,455.0,,,,arm1,physics,nan,nan,nan,nan,nan,,,,,
3,evaluate_members,221.96749067306519,1380.0,100.0,1.0,-1.0,arm1,physics,nan,nan,nan,nan,nan,,,,,
3,anchor_only_Linear,0.10482192039489746,,100.0,1.0,-1.0,arm1,physics,HP_Peak,size,-,direct,none,0.0,460.0,920.0,41.33078541196392,71.92605153217862
3,anchor_only_Linear,0.07808423042297363,,100.0,1.0,-1.0,arm1,physics,HP_Peak,peak,-,direct,none,0.0,460.0,920.0,39.776714903961036,58.21291045412711
3,anchor_only_Linear,0.08833122253417969,,100.0,1.0,-1.0,arm1,physics,HP_Peak,size+peak,-,direct,none,0.0,460.0,920.0,38.44087842872304,38.51062544566358
3,anchor_only_XGBoost,44.26317501068115,,100.0,1.0,-1.0,arm1,physics,HP_Peak,size,-,direct,none,50.0,460.0,920.0,40.30538206442528,71.3673815439719
3,anchor_only_XGBoost,35.738322257995605,,100.0,1.0,-1.0,arm1,physics,HP_Peak,peak,-,direct,none,50.0,460.0,920.0,38.55632041382852,50.15952648451275
3,anchor_only_XGBoost,67.03700852394104,,100.0,1.0,-1.0,arm1,physics,HP_Peak,size+peak,-,direct,none,50.0,460.0,920.0,38.01574470680554,49.51160231603229
3,evaluate_members,0.0,455.0,,,,arm1,physics,nan,nan,nan,nan,nan,,,,,
3,evaluate_members,379.18028378486633,2390.0,200.0,0.0,-1.0,arm1,physics,nan,nan,nan,nan,nan,,,,,
3,anchor_only_Linear,0.12703156471252441,,200.0,0.0,-1.0,arm1,physics,HP_Peak,size,-,direct,none,0.0,920.0,1470.0,58.54952215302795,75.07791615920809
3,anchor_only_Linear,0.06373143196105957,,200.0,0.0,-1.0,arm1,physics,HP_Peak,peak,-,direct,none,0.0,920.0,1470.0,52.309721160142836,56.13398859785733
3,anchor_only_Linear,0.09033370018005371,,200.0,0.0,-1.0,arm1,physics,HP_Peak,size+peak,-,direct,none,0.0,920.0,1470.0,37.72136848707516,31.993660034774575
3,anchor_only_XGBoost,45.66776156425476,,200.0,0.0,-1.0,arm1,physics,HP_Peak,size,-,direct,none,50.0,920.0,1470.0,58.47453107478987,74.79052112348222
3,anchor_only_XGBoost,94.7914719581604,,200.0,0.0,-1.0,arm1,physics,HP_Peak,peak,-,direct,none,50.0,920.0,1470.0,45.75893122109571,51.38677499200691
3,anchor_only_XGBoost,74.94905257225037,,200.0,0.0,-1.0,arm1,physics,HP_Peak,size+peak,-,direct,none,50.0,920.0,1470.0,39.18190527637597,37.417110398693836
3,evaluate_members,0.0,455.0,,,,arm1,physics,nan,nan,nan,nan,nan,,,,,
3,evaluate_members,393.7098104953766,2490.0,200.0,1.0,-1.0,arm1,physics,nan,nan,nan,nan,nan,,,,,
3,anchor_only_Linear,0.20333051681518555,,200.0,1.0,-1.0,arm1,physics,HP_Peak,size,-,direct,none,0.0,890.0,1600.0,58.52146611612286,76.29329463968647
3,anchor_only_Linear,0.16024065017700195,,200.0,1.0,-1.0,arm1,physics,HP_Peak,peak,-,direct,none,0.0,890.0,1600.0,52.50010820796019,57.49144565347281
3,anchor_only_Linear,0.38840174674987793,,200.0,1.0,-1.0,arm1,physics,HP_Peak,size+peak,-,direct,none,0.0,890.0,1600.0,39.0428993301427,33.63885075363232
3,anchor_only_XGBoost,87.24025297164917,,200.0,1.0,-1.0,arm1,physics,HP_Peak,size,-,direct,none,50.0,890.0,1600.0,58.70932251906899,76.78963195435307
3,anchor_only_XGBoost,43.56649303436279,,200.0,1.0,-1.0,arm1,physics,HP_Peak,peak,-,direct,none,50.0,890.0,1600.0,45.00577782878944,51.858091078493565
3,anchor_only_XGBoost,110.71028733253479,,200.0,1.0,-1.0,arm1,physics,HP_Peak,size+peak,-,direct,none,50.0,890.0,1600.0,41.37151778873353,42.58979462864774
4,evaluate_members,67.8024320602417,455.0,,,,arm1,physics,,,,,,,,,,
4,evaluate_members,28.466790914535522,170.0,16.0,0.0,-1.0,arm1,physics,,,,,,,,,,
4,evaluate_members,72.38048148155212,455.0,,,,arm1,physics,,,,,,,,,,
4,evaluate_members,29.006274223327637,160.0,16.0,1.0,-1.0,arm1,physics,,,,,,,,,,
4,evaluate_members,0.0,455.0,,,,arm1,physics,,,,,,,,,,
4,evaluate_members,68.0654501914978,420.0,32.0,0.0,-1.0,arm1,physics,,,,,,,,,,
4,evaluate_members,0.0,455.0,,,,arm1,physics,nan,nan,nan,nan,nan,,,,,
4,evaluate_members,75.44638180732727,475.0,32.0,1.0,-1.0,arm1,physics,nan,nan,nan,nan,nan,,,,,
4,anchor_only_Linear,0.06371140480041504,,32.0,1.0,-1.0,arm1,physics,HP_Peak,size,-,direct,none,0.0,125.0,350.0,33.57142775901119,56.29260961719419
4,anchor_only_Linear,0.06447434425354004,,32.0,1.0,-1.0,arm1,physics,HP_Peak,peak,-,direct,none,0.0,125.0,350.0,30.4594748039335,49.51835514312216
4,anchor_only_Linear,0.06378912925720215,,32.0,1.0,-1.0,arm1,physics,HP_Peak,size+peak,-,direct,none,0.0,125.0,350.0,29.533235615077214,37.874328877094335
4,anchor_only_XGBoost,30.201587915420532,,32.0,1.0,-1.0,arm1,physics,HP_Peak,size,-,direct,none,50.0,125.0,350.0,34.250494671818856,54.77818926368157
4,anchor_only_XGBoost,29.32822823524475,,32.0,1.0,-1.0,arm1,physics,HP_Peak,peak,-,direct,none,50.0,125.0,350.0,31.90473387855403,38.18763441258559
4,anchor_only_XGBoost,39.56683158874512,,32.0,1.0,-1.0,arm1,physics,HP_Peak,size+peak,-,direct,none,50.0,125.0,350.0,32.29496165739266,39.09847865165237
4,evaluate_members,0.0,455.0,,,,arm1,physics,nan,nan,nan,nan,nan,,,,,
4,evaluate_members,120.87426543235779,750.0,62.0,0.0,-1.0,arm1,physics,nan,nan,nan,nan,nan,,,,,
4,anchor_only_Linear,0.08065962791442871,,62.0,0.0,-1.0,arm1,physics,HP_Peak,size,-,direct,none,0.0,280.0,470.0,37.77803121722821,58.79435102828897
4,anchor_only_Linear,0.06389164924621582,,62.0,0.0,-1.0,arm1,physics,HP_Peak,peak,-,direct,none,0.0,280.0,470.0,36.97600042395438,52.50654673966672
4,anchor_only_Linear,0.07988834381103516,,62.0,0.0,-1.0,arm1,physics,HP_Peak,size+peak,-,direct,none,0.0,280.0,470.0,36.507680771340645,36.08185457475502
4,anchor_only_XGBoost,44.03836727142334,,62.0,0.0,-1.0,arm1,physics,HP_Peak,size,-,direct,none,50.0,280.0,470.0,36.88715972610541,58.6971171127847
4,anchor_only_XGBoost,37.40160846710205,,62.0,0.0,-1.0,arm1,physics,HP_Peak,peak,-,direct,none,50.0,280.0,470.0,35.39079201297763,42.14552858816167
4,anchor_only_XGBoost,45.92290663719177,,62.0,0.0,-1.0,arm1,physics,HP_Peak,size+peak,-,direct,none,50.0,280.0,470.0,34.27390252374646,33.56658870241964
4,evaluate_members,0.0,455.0,,,,arm1,physics,nan,nan,nan,nan,nan,,,,,
4,evaluate_members,150.19513392448425,930.0,62.0,1.0,-1.0,arm1,physics,nan,nan,nan,nan,nan,,,,,
4,anchor_only_Linear,0.08396100997924805,,62.0,1.0,-1.0,arm1,physics,HP_Peak,size,-,direct,none,0.0,280.0,650.0,37.85637962641394,60.75346703349667
4,anchor_only_Linear,0.07529354095458984,,62.0,1.0,-1.0,arm1,physics,HP_Peak,peak,-,direct,none,0.0,280.0,650.0,37.04562132245895,53.192027422801694
4,anchor_only_Linear,0.07398676872253418,,62.0,1.0,-1.0,arm1,physics,HP_Peak,size+peak,-,direct,none,0.0,280.0,650.0,36.34458685606965,38.50148573596237
4,anchor_only_XGBoost,40.50789928436279,,62.0,1.0,-1.0,arm1,physics,HP_Peak,size,-,direct,none,50.0,280.0,650.0,37.21234378831677,60.73781457632255
4,anchor_only_XGBoost,23.338210105895996,,62.0,1.0,-1.0,arm1,physics,HP_Peak,peak,-,direct,none,50.0,280.0,650.0,36.3317044407548,44.44544478717427
4,anchor_only_XGBoost,30.50261116027832,,62.0,1.0,-1.0,arm1,physics,HP_Peak,size+peak,-,direct,none,50.0,280.0,650.0,35.80157428670203,41.25757096226697
4,evaluate_members,0.0,455.0,,,,arm1,physics,nan,nan,nan,nan,nan,,,,,
4,evaluate_members,212.40401077270508,1340.0,100.0,0.0,-1.0,arm1,physics,nan,nan,nan,nan,nan,,,,,
4,anchor_only_Linear,0.1086885929107666,,100.0,0.0,-1.0,arm1,physics,HP_Peak,size,-,direct,none,0.0,510.0,830.0,42.10824133228439,70.95728071553589
4,anchor_only_Linear,0.09185314178466797,,100.0,0.0,-1.0,arm1,physics,HP_Peak,peak,-,direct,none,0.0,510.0,830.0,40.267780319682615,58.67707110294867
4,anchor_only_Linear,0.07901930809020996,,100.0,0.0,-1.0,arm1,physics,HP_Peak,size+peak,-,direct,none,0.0,510.0,830.0,37.387896340364655,34.619580769195665
4,anchor_only_XGBoost,74.67893409729004,,100.0,0.0,-1.0,arm1,physics,HP_Peak,size,-,direct,none,50.0,510.0,830.0,41.50257354214421,69.09066632518139
4,anchor_only_XGBoost,67.64023995399475,,100.0,0.0,-1.0,arm1,physics,HP_Peak,peak,-,direct,none,50.0,510.0,830.0,37.95166446985519,49.491781651705004
4,anchor_only_XGBoost,62.55192589759827,,100.0,0.0,-1.0,arm1,physics,HP_Peak,size+peak,-,direct,none,50.0,510.0,830.0,36.9652976169017,42.02267242453955
4,evaluate_members,0.0,455.0,,,,arm1,physics,nan,nan,nan,nan,nan,,,,,
4,evaluate_members,236.90536522865295,1500.0,100.0,1.0,-1.0,arm1,physics,nan,nan,nan,nan,nan,,,,,
4,anchor_only_Linear,0.09425187110900879,,100.0,1.0,-1.0,arm1,physics,HP_Peak,size,-,direct,none,0.0,570.0,930.0,43.681019276722616,66.21958542792301
4,anchor_only_Linear,0.06727051734924316,,100.0,1.0,-1.0,arm1,physics,HP_Peak,peak,-,direct,none,0.0,570.0,930.0,41.01816248670404,57.61113211772362
4,anchor_only_Linear,0.06738448143005371,,100.0,1.0,-1.0,arm1,physics,HP_Peak,size+peak,-,direct,none,0.0,570.0,930.0,38.30928318688531,37.03230091899994
4,anchor_only_XGBoost,33.72192335128784,,100.0,1.0,-1.0,arm1,physics,HP_Peak,size,-,direct,none,50.0,570.0,930.0,44.31316520006385,65.44923738079174
4,anchor_only_XGBoost,65.26609826087952,,100.0,1.0,-1.0,arm1,physics,HP_Peak,peak,-,direct,none,50.0,570.0,930.0,41.59354392552283,46.00300365662879
4,anchor_only_XGBoost,47.677332162857056,,100.0,1.0,-1.0,arm1,physics,HP_Peak,size+peak,-,direct,none,50.0,570.0,930.0,39.57982128769317,46.160495034234735
4,evaluate_members,0.0,455.0,,,,arm1,physics,nan,nan,nan,nan,nan,,,,,
4,evaluate_members,408.83439016342163,2530.0,200.0,0.0,-1.0,arm1,physics,nan,nan,nan,nan,nan,,,,,
4,anchor_only_Linear,0.13169384002685547,,200.0,0.0,-1.0,arm1,physics,HP_Peak,size,-,direct,none,0.0,910.0,1620.0,59.08517134290463,77.5968823292746
4,anchor_only_Linear,0.09553718566894531,,200.0,0.0,-1.0,arm1,physics,HP_Peak,peak,-,direct,none,0.0,910.0,1620.0,53.620209931535044,57.2892730613999
4,anchor_only_Linear,0.11705875396728516,,200.0,0.0,-1.0,arm1,physics,HP_Peak,size+peak,-,direct,none,0.0,910.0,1620.0,39.01495201067238,31.267249890855908
4,anchor_only_XGBoost,70.0384840965271,,200.0,0.0,-1.0,arm1,physics,HP_Peak,size,-,direct,none,50.0,910.0,1620.0,59.16997133493567,76.94515755623789
4,anchor_only_XGBoost,58.94156742095947,,200.0,0.0,-1.0,arm1,physics,HP_Peak,peak,-,direct,none,50.0,910.0,1620.0,48.02608544304555,51.99421717863096
4,anchor_only_XGBoost,68.51612544059753,,200.0,0.0,-1.0,arm1,physics,HP_Peak,size+peak,-,direct,none,50.0,910.0,1620.0,41.11045920334372,36.28662139366696
4,evaluate_members,0.0,455.0,,,,arm1,physics,nan,nan,nan,nan,nan,,,,,
4,evaluate_members,406.3762745857239,2480.0,200.0,1.0,-1.0,arm1,physics,nan,nan,nan,nan,nan,,,,,
4,anchor_only_Linear,0.12161684036254883,,200.0,1.0,-1.0,arm1,physics,HP_Peak,size,-,direct,none,0.0,950.0,1530.0,56.96618719449736,73.77662932477776
4,anchor_only_Linear,0.07011604309082031,,200.0,1.0,-1.0,arm1,physics,HP_Peak,peak,-,direct,none,0.0,950.0,1530.0,51.72686598416288,57.321903057688516
4,anchor_only_Linear,0.0849149227142334,,200.0,1.0,-1.0,arm1,physics,HP_Peak,size+peak,-,direct,none,0.0,950.0,1530.0,39.8082015802039,33.570886632423786
4,anchor_only_XGBoost,58.68260192871094,,200.0,1.0,-1.0,arm1,physics,HP_Peak,size,-,direct,none,50.0,950.0,1530.0,57.19073844960011,73.09569908901838
4,anchor_only_XGBoost,46.354780435562134,,200.0,1.0,-1.0,arm1,physics,HP_Peak,peak,-,direct,none,50.0,950.0,1530.0,45.021043910300385,51.7318218069556
4,anchor_only_XGBoost,71.33794808387756,,200.0,1.0,-1.0,arm1,physics,HP_Peak,size+peak,-,direct,none,50.0,950.0,1530.0,40.05347482062667,40.032620891505026
5,evaluate_members,73.25548028945923,455.0,,,,arm1,physics,,,,,,,,,,
5,evaluate_members,24.873815059661865,170.0,16.0,0.0,-1.0,arm1,physics,,,,,,,,,,
5,evaluate_members,68.04177260398865,455.0,,,,arm1,physics,,,,,,,,,,
5,evaluate_members,43.15054273605347,230.0,16.0,1.0,-1.0,arm1,physics,,,,,,,,,,
5,evaluate_members,68.49742102622986,455.0,,,,arm1,physics,,,,,,,,,,
5,evaluate_members,68.17711329460144,330.0,32.0,0.0,-1.0,arm1,physics,,,,,,,,,,
5,evaluate_members,0.0,455.0,,,,arm1,physics,,,,,,,,,,
5,evaluate_members,70.51722002029419,450.0,32.0,1.0,-1.0,arm1,physics,,,,,,,,,,
5,evaluate_members,0.0,455.0,,,,arm1,physics,nan,nan,nan,nan,nan,,,,,
5,evaluate_members,161.77890706062317,975.0,62.0,0.0,-1.0,arm1,physics,nan,nan,nan,nan,nan,,,,,
5,anchor_only_Linear,0.07429170608520508,,62.0,0.0,-1.0,arm1,physics,HP_Peak,size,-,direct,none,0.0,265.0,710.0,39.955413915957266,58.29009092729447
5,anchor_only_Linear,0.07976341247558594,,62.0,0.0,-1.0,arm1,physics,HP_Peak,peak,-,direct,none,0.0,265.0,710.0,39.44274102129483,53.249594576951985
5,anchor_only_Linear,0.07991194725036621,,62.0,0.0,-1.0,arm1,physics,HP_Peak,size+peak,-,direct,none,0.0,265.0,710.0,38.51759788534716,43.87327718194046
5,anchor_only_XGBoost,28.342303037643433,,62.0,0.0,-1.0,arm1,physics,HP_Peak,size,-,direct,none,50.0,265.0,710.0,41.03578920043322,58.29110903546159
5,anchor_only_XGBoost,38.37737798690796,,62.0,0.0,-1.0,arm1,physics,HP_Peak,peak,-,direct,none,50.0,265.0,710.0,40.42932219568484,46.21952063155532
5,anchor_only_XGBoost,26.064938068389893,,62.0,0.0,-1.0,arm1,physics,HP_Peak,size+peak,-,direct,none,50.0,265.0,710.0,40.22731063154577,44.0277819159013
5,evaluate_members,0.0,455.0,,,,arm1,physics,nan,nan,nan,nan,nan,,,,,
5,evaluate_members,149.04342436790466,915.0,62.0,1.0,-1.0,arm1,physics,nan,nan,nan,nan,nan,,,,,
5,anchor_only_Linear,0.0799551010131836,,62.0,1.0,-1.0,arm1,physics,HP_Peak,size,-,direct,none,0.0,275.0,640.0,37.397392497431426,59.90012023278809
5,anchor_only_Linear,0.07913398742675781,,62.0,1.0,-1.0,arm1,physics,HP_Peak,peak,-,direct,none,0.0,275.0,640.0,37.01790134584392,54.14999697453455
5,anchor_only_Linear,0.0759425163269043,,62.0,1.0,-1.0,arm1,physics,HP_Peak,size+peak,-,direct,none,0.0,275.0,640.0,37.1331441964231,41.07892386975276
5,anchor_only_XGBoost,29.002822399139404,,62.0,1.0,-1.0,arm1,physics,HP_Peak,size,-,direct,none,50.0,275.0,640.0,37.45616344560368,59.89787240683514
5,anchor_only_XGBoost,19.372697114944458,,62.0,1.0,-1.0,arm1,physics,HP_Peak,peak,-,direct,none,50.0,275.0,640.0,36.22353446347495,45.60905753822257
5,anchor_only_XGBoost,22.729594945907593,,62.0,1.0,-1.0,arm1,physics,HP_Peak,size+peak,-,direct,none,50.0,275.0,640.0,35.63296571474361,38.74852061066497
5,evaluate_members,0.0,455.0,,,,arm1,physics,nan,nan,nan,nan,nan,,,,,
5,evaluate_members,253.2105634212494,1505.0,100.0,0.0,-1.0,arm1,physics,nan,nan,nan,nan,nan,,,,,
5,anchor_only_Linear,0.07932519912719727,,100.0,0.0,-1.0,arm1,physics,HP_Peak,size,-,direct,none,0.0,495.0,1010.0,44.001223752770095,67.86755414852266
5,anchor_only_Linear,0.06463146209716797,,100.0,0.0,-1.0,arm1,physics,HP_Peak,peak,-,direct,none,0.0,495.0,1010.0,41.541998761124795,58.037191224458425
5,anchor_only_Linear,0.06830883026123047,,100.0,0.0,-1.0,arm1,physics,HP_Peak,size+peak,-,direct,none,0.0,495.0,1010.0,40.41924792542646,39.73650276694537
5,anchor_only_XGBoost,56.48642373085022,,100.0,0.0,-1.0,arm1,physics,HP_Peak,size,-,direct,none,50.0,495.0,1010.0,43.57989754342802,67.17380943715652
5,anchor_only_XGBoost,46.56894898414612,,100.0,0.0,-1.0,arm1,physics,HP_Peak,peak,-,direct,none,50.0,495.0,1010.0,41.92430630900193,50.249970722720185
5,anchor_only_XGBoost,61.8149299621582,,100.0,0.0,-1.0,arm1,physics,HP_Peak,size+peak,-,direct,none,50.0,495.0,1010.0,39.09248607689441,44.814192827012185
5,evaluate_members,0.0,455.0,,,,arm1,physics,nan,nan,nan,nan,nan,,,,,
5,evaluate_members,234.72701334953308,1400.0,100.0,1.0,-1.0,arm1,physics,nan,nan,nan,nan,nan,,,,,
5,anchor_only_Linear,0.08346819877624512,,100.0,1.0,-1.0,arm1,physics,HP_Peak,size,-,direct,none,0.0,460.0,940.0,43.04915706325774,71.8190308160944
5,anchor_only_Linear,0.05811285972595215,,100.0,1.0,-1.0,arm1,physics,HP_Peak,peak,-,direct,none,0.0,460.0,940.0,40.88558643120516,60.01582583842131
5,anchor_only_Linear,0.08988094329833984,,100.0,1.0,-1.0,arm1,physics,HP_Peak,size+peak,-,direct,none,0.0,460.0,940.0,37.91125594095888,36.06446734751857
5,anchor_only_XGBoost,54.00116491317749,,100.0,1.0,-1.0,arm1,physics,HP_Peak,size,-,direct,none,50.0,460.0,940.0,43.0575221287888,70.7623362080585
5,anchor_only_XGBoost,44.95708727836609,,100.0,1.0,-1.0,arm1,physics,HP_Peak,peak,-,direct,none,50.0,460.0,940.0,40.28577879711905,46.954406715279
5,anchor_only_XGBoost,63.959017753601074,,100.0,1.0,-1.0,arm1,physics,HP_Peak,size+peak,-,direct,none,50.0,460.0,940.0,38.46499615966933,43.40599078993159
5,evaluate_members,0.0,455.0,,,,arm1,physics,nan,nan,nan,nan,nan,,,,,
5,evaluate_members,424.48142528533936,2620.0,200.0,0.0,-1.0,arm1,physics,nan,nan,nan,nan,nan,,,,,
5,anchor_only_Linear,0.11960768699645996,,200.0,0.0,-1.0,arm1,physics,HP_Peak,size,-,direct,none,0.0,980.0,1640.0,58.506123833297586,73.44073046426357
5,anchor_only_Linear,0.08417010307312012,,200.0,0.0,-1.0,arm1,physics,HP_Peak,peak,-,direct,none,0.0,980.0,1640.0,53.01007042015967,58.07669007640286
5,anchor_only_Linear,0.07463979721069336,,200.0,0.0,-1.0,arm1,physics,HP_Peak,size+peak,-,direct,none,0.0,980.0,1640.0,40.24921756923642,34.75501262880431
5,anchor_only_XGBoost,52.54836440086365,,200.0,0.0,-1.0,arm1,physics,HP_Peak,size,-,direct,none,50.0,980.0,1640.0,58.63229580392055,73.30778750694257
5,anchor_only_XGBoost,51.99742650985718,,200.0,0.0,-1.0,arm1,physics,HP_Peak,peak,-,direct,none,50.0,980.0,1640.0,47.235629096948074,50.52931276426763
5,anchor_only_XGBoost,168.65237760543823,,200.0,0.0,-1.0,arm1,physics,HP_Peak,size+peak,-,direct,none,50.0,980.0,1640.0,41.360792938823245,38.34712052864056
5,evaluate_members,0.0,455.0,,,,arm1,physics,nan,nan,nan,nan,nan,,,,,
5,evaluate_members,400.79319524765015,2460.0,200.0,1.0,-1.0,arm1,physics,nan,nan,nan,nan,nan,,,,,
5,anchor_only_Linear,0.10782289505004883,,200.0,1.0,-1.0,arm1,physics,HP_Peak,size,-,direct,none,0.0,940.0,1520.0,59.42429499282037,77.14499561411174
5,anchor_only_Linear,0.059072256088256836,,200.0,1.0,-1.0,arm1,physics,HP_Peak,peak,-,direct,none,0.0,940.0,1520.0,53.51438247752431,56.738750436761066
5,anchor_only_Linear,0.06689023971557617,,200.0,1.0,-1.0,arm1,physics,HP_Peak,size+peak,-,direct,none,0.0,940.0,1520.0,37.555102868045466,30.925293551464065
5,anchor_only_XGBoost,27.958348989486694,,200.0,1.0,-1.0,arm1,physics,HP_Peak,size,-,direct,none,50.0,940.0,1520.0,59.576561683159746,75.96318305264866
5,anchor_only_XGBoost,49.447670459747314,,200.0,1.0,-1.0,arm1,physics,HP_Peak,peak,-,direct,none,50.0,940.0,1520.0,46.83892273699073,49.35287918118186
5,anchor_only_XGBoost,107.52653384208679,,200.0,1.0,-1.0,arm1,physics,HP_Peak,size+peak,-,direct,none,50.0,940.0,1520.0,40.69748489176702,37.567789280456175
6,evaluate_members,72.87004232406616,455.0,,,,arm1,physics,,,,,,,,,,
6,evaluate_members,30.244067668914795,180.0,16.0,0.0,-1.0,arm1,physics,,,,,,,,,,
6,evaluate_members,70.4428231716156,455.0,,,,arm1,physics,,,,,,,,,,
6,evaluate_members,23.986130237579346,140.0,16.0,1.0,-1.0,arm1,physics,,,,,,,,,,
6,evaluate_members,0.0,455.0,,,,arm1,physics,nan,nan,nan,nan,nan,,,,,
6,evaluate_members,88.56696009635925,535.0,32.0,0.0,-1.0,arm1,physics,nan,nan,nan,nan,nan,,,,,
6,anchor_only_Linear,0.08779764175415039,,32.0,0.0,-1.0,arm1,physics,HP_Peak,size,-,direct,none,0.0,185.0,350.0,33.09324474568071,50.98045718545492
6,anchor_only_Linear,0.08141255378723145,,32.0,0.0,-1.0,arm1,physics,HP_Peak,peak,-,direct,none,0.0,185.0,350.0,32.237861122790434,47.29852562487029
6,anchor_only_Linear,0.09036135673522949,,32.0,0.0,-1.0,arm1,physics,HP_Peak,size+peak,-,direct,none,0.0,185.0,350.0,32.24842205877842,37.9967024016006
6,anchor_only_XGBoost,34.72491669654846,,32.0,0.0,-1.0,arm1,physics,HP_Peak,size,-,direct,none,50.0,185.0,350.0,32.45961609415203,50.982851584566056
6,anchor_only_XGBoost,24.75046682357788,,32.0,0.0,-1.0,arm1,physics,HP_Peak,peak,-,direct,none,50.0,185.0,350.0,32.558698024091704,35.51920242786774
6,anchor_only_XGBoost,26.37004804611206,,32.0,0.0,-1.0,arm1,physics,HP_Peak,size+peak,-,direct,none,50.0,185.0,350.0,32.7405533556846,40.62665139950346
6,evaluate_members,0.0,455.0,,,,arm1,physics,,,,,,,,,,
6,evaluate_members,67.3887071609497,410.0,32.0,1.0,-1.0,arm1,physics,,,,,,,,,,
6,evaluate_members,0.0,455.0,,,,arm1,physics,nan,nan,nan,nan,nan,,,,,
6,evaluate_members,160.34344625473022,1015.0,62.0,0.0,-1.0,arm1,physics,nan,nan,nan,nan,nan,,,,,
6,anchor_only_Linear,0.0799245834350586,,62.0,0.0,-1.0,arm1,physics,HP_Peak,size,-,direct,none,0.0,315.0,700.0,43.79676078027254,65.1964701215355
6,anchor_only_Linear,0.09546899795532227,,62.0,0.0,-1.0,arm1,physics,HP_Peak,peak,-,direct,none,0.0,315.0,700.0,41.13252554575823,56.694954800481476
6,anchor_only_Linear,0.08096909523010254,,62.0,0.0,-1.0,arm1,physics,HP_Peak,size+peak,-,direct,none,0.0,315.0,700.0,40.111750470786646,37.059209592268715
6,anchor_only_XGBoost,39.81544780731201,,62.0,0.0,-1.0,arm1,physics,HP_Peak,size,-,direct,none,50.0,315.0,700.0,43.02744572266711,64.42785213211914
6,anchor_only_XGBoost,26.886956691741943,,62.0,0.0,-1.0,arm1,physics,HP_Peak,peak,-,direct,none,50.0,315.0,700.0,42.66901821494682,44.78032625867478
6,anchor_only_XGBoost,19.71938991546631,,62.0,0.0,-1.0,arm1,physics,HP_Peak,size+peak,-,direct,none,50.0,315.0,700.0,42.61471204098043,50.37754466736647
6,evaluate_members,0.0,455.0,,,,arm1,physics,nan,nan,nan,nan,nan,,,,,
6,evaluate_members,152.09656071662903,970.0,62.0,1.0,-1.0,arm1,physics,nan,nan,nan,nan,nan,,,,,
6,anchor_only_Linear,0.05297207832336426,,62.0,1.0,-1.0,arm1,physics,HP_Peak,size,-,direct,none,0.0,280.0,690.0,36.25394946330034,62.72764447025937
6,anchor_only_Linear,0.06343841552734375,,62.0,1.0,-1.0,arm1,physics,HP_Peak,peak,-,direct,none,0.0,280.0,690.0,35.889998449130324,54.17875572988828
6,anchor_only_Linear,0.06403136253356934,,62.0,1.0,-1.0,arm1,physics,HP_Peak,size+peak,-,direct,none,0.0,280.0,690.0,36.230310979491854,38.19335247452469
6,anchor_only_XGBoost,37.95158290863037,,62.0,1.0,-1.0,arm1,physics,HP_Peak,size,-,direct,none,50.0,280.0,690.0,36.367154828148905,62.79897041770946
6,anchor_only_XGBoost,22.644490480422974,,62.0,1.0,-1.0,arm1,physics,HP_Peak,peak,-,direct,none,50.0,280.0,690.0,34.88682528692006,43.255344731664294
6,anchor_only_XGBoost,20.947927236557007,,62.0,1.0,-1.0,arm1,physics,HP_Peak,size+peak,-,direct,none,50.0,280.0,690.0,34.801622077718974,42.41328899563631
6,evaluate_members,0.0,455.0,,,,arm1,physics,nan,nan,nan,nan,nan,,,,,
6,evaluate_members,230.5959153175354,1455.0,100.0,0.0,-1.0,arm1,physics,nan,nan,nan,nan,nan,,,,,
6,anchor_only_Linear,0.10553312301635742,,100.0,0.0,-1.0,arm1,physics,HP_Peak,size,-,direct,none,0.0,505.0,950.0,46.6442421119246,69.62445317114899
6,anchor_only_Linear,0.06379389762878418,,100.0,0.0,-1.0,arm1,physics,HP_Peak,peak,-,direct,none,0.0,505.0,950.0,42.606694391776514,57.97711143368438
6,anchor_only_Linear,0.0881967544555664,,100.0,0.0,-1.0,arm1,physics,HP_Peak,size+peak,-,direct,none,0.0,505.0,950.0,38.383801408823516,35.29643892769293
6,anchor_only_XGBoost,39.436542987823486,,100.0,0.0,-1.0,arm1,physics,HP_Peak,size,-,direct,none,50.0,505.0,950.0,46.43509954218799,69.63158891143505
6,anchor_only_XGBoost,35.19937300682068,,100.0,0.0,-1.0,arm1,physics,HP_Peak,peak,-,direct,none,50.0,505.0,950.0,41.82425459463648,49.044172039422826
6,anchor_only_XGBoost,85.77429294586182,,100.0,0.0,-1.0,arm1,physics,HP_Peak,size+peak,-,direct,none,50.0,505.0,950.0,37.32549799882079,37.31827225692755
6,evaluate_members,0.0,455.0,,,,arm1,physics,nan,nan,nan,nan,nan,,,,,
6,evaluate_members,226.6373312473297,1485.0,100.0,1.0,-1.0,arm1,physics,nan,nan,nan,nan,nan,,,,,
6,anchor_only_Linear,0.07174134254455566,,100.0,1.0,-1.0,arm1,physics,HP_Peak,size,-,direct,none,0.0,455.0,1030.0,43.199312100902134,72.83202122140888
6,anchor_only_Linear,0.0635533332824707,,100.0,1.0,-1.0,arm1,physics,HP_Peak,peak,-,direct,none,0.0,455.0,1030.0,40.53815521879073,60.36981609740042
6,anchor_only_Linear,0.06651782989501953,,100.0,1.0,-1.0,arm1,physics,HP_Peak,size+peak,-,direct,none,0.0,455.0,1030.0,37.2970313349574,35.26354401243607
6,anchor_only_XGBoost,42.08537530899048,,100.0,1.0,-1.0,arm1,physics,HP_Peak,size,-,direct,none,50.0,455.0,1030.0,44.049610696139176,71.91060141214493
6,anchor_only_XGBoost,59.58080244064331,,100.0,1.0,-1.0,arm1,physics,HP_Peak,peak,-,direct,none,50.0,455.0,1030.0,39.820762185344556,50.45017325575751
6,anchor_only_XGBoost,65.12384915351868,,100.0,1.0,-1.0,arm1,physics,HP_Peak,size+peak,-,direct,none,50.0,455.0,1030.0,36.983679359643766,42.06711168005062
6,evaluate_members,0.0,455.0,,,,arm1,physics,nan,nan,nan,nan,nan,,,,,
6,evaluate_members,399.3571765422821,2610.0,200.0,0.0,-1.0,arm1,physics,nan,nan,nan,nan,nan,,,,,
6,anchor_only_Linear,0.14480996131896973,,200.0,0.0,-1.0,arm1,physics,HP_Peak,size,-,direct,none,0.0,960.0,1650.0,59.908508931121716,75.93616561292863
6,anchor_only_Linear,0.06450462341308594,,200.0,0.0,-1.0,arm1,physics,HP_Peak,peak,-,direct,none,0.0,960.0,1650.0,55.61868618632474,57.10162753521877
6,anchor_only_Linear,0.08967256546020508,,200.0,0.0,-1.0,arm1,physics,HP_Peak,size+peak,-,direct,none,0.0,960.0,1650.0,39.44638393083998,30.09243822711723
6,anchor_only_XGBoost,58.6831533908844,,200.0,0.0,-1.0,arm1,physics,HP_Peak,size,-,direct,none,50.0,960.0,1650.0,59.92217249780077,76.22018742361816
6,anchor_only_XGBoost,44.81443643569946,,200.0,0.0,-1.0,arm1,physics,HP_Peak,peak,-,direct,none,50.0,960.0,1650.0,48.56064172048524,49.73337479514223
6,anchor_only_XGBoost,88.39245676994324,,200.0,0.0,-1.0,arm1,physics,HP_Peak,size+peak,-,direct,none,50.0,960.0,1650.0,37.607132209740826,27.272351228565245
6,evaluate_members,0.0,455.0,,,,arm1,physics,nan,nan,nan,nan,nan,,,,,
6,evaluate_members,403.17190527915955,2615.0,200.0,1.0,-1.0,arm1,physics,nan,nan,nan,nan,nan,,,,,
6,anchor_only_Linear,0.1067664623260498,,200.0,1.0,-1.0,arm1,physics,HP_Peak,size,-,direct,none,0.0,935.0,1680.0,56.21848480443844,73.02803041765794
6,anchor_only_Linear,0.061135292053222656,,200.0,1.0,-1.0,arm1,physics,HP_Peak,peak,-,direct,none,0.0,935.0,1680.0,51.56092362236647,57.61927337894036
6,anchor_only_Linear,0.07993650436401367,,200.0,1.0,-1.0,arm1,physics,HP_Peak,size+peak,-,direct,none,0.0,935.0,1680.0,39.869020962745324,33.59443679106989
6,anchor_only_XGBoost,67.61415362358093,,200.0,1.0,-1.0,arm1,physics,HP_Peak,size,-,direct,none,50.0,935.0,1680.0,56.3329878163665,72.47591618690124
6,anchor_only_XGBoost,53.09505105018616,,200.0,1.0,-1.0,arm1,physics,HP_Peak,peak,-,direct,none,50.0,935.0,1680.0,45.91493844308862,51.76948315499787
6,anchor_only_XGBoost,68.56809616088867,,200.0,1.0,-1.0,arm1,physics,HP_Peak,size+peak,-,direct,none,50.0,935.0,1680.0,41.80405779413258,37.751475628381684
7,evaluate_members,68.87438988685608,455.0,,,,arm1,physics,,,,,,,,,,
7,evaluate_members,27.35866069793701,190.0,16.0,0.0,-1.0,arm1,physics,,,,,,,,,,
7,evaluate_members,68.70480275154114,455.0,,,,arm1,physics,,,,,,,,,,
7,evaluate_members,24.24283003807068,170.0,16.0,1.0,-1.0,arm1,physics,,,,,,,,,,
7,evaluate_members,0.0,455.0,,,,arm1,physics,nan,nan,nan,nan,nan,,,,,
7,evaluate_members,61.36641263961792,415.0,32.0,0.0,-1.0,arm1,physics,nan,nan,nan,nan,nan,,,,,
7,anchor_only_Linear,0.07049083709716797,,32.0,0.0,-1.0,arm1,physics,HP_Peak,size,-,direct,none,0.0,125.0,290.0,33.56134213650297,44.92847126925904
7,anchor_only_Linear,0.06643509864807129,,32.0,0.0,-1.0,arm1,physics,HP_Peak,peak,-,direct,none,0.0,125.0,290.0,33.0224190731933,42.728123640081655
7,anchor_only_Linear,0.055689096450805664,,32.0,0.0,-1.0,arm1,physics,HP_Peak,size+peak,-,direct,none,0.0,125.0,290.0,33.67903083267974,37.299666930398224
7,anchor_only_XGBoost,22.749385356903076,,32.0,0.0,-1.0,arm1,physics,HP_Peak,size,-,direct,none,50.0,125.0,290.0,33.77223762680189,45.08064848428888
7,anchor_only_XGBoost,33.39226984977722,,32.0,0.0,-1.0,arm1,physics,HP_Peak,peak,-,direct,none,50.0,125.0,290.0,31.965741727946263,31.874624103603
7,anchor_only_XGBoost,24.134021043777466,,32.0,0.0,-1.0,arm1,physics,HP_Peak,size+peak,-,direct,none,50.0,125.0,290.0,32.65317422360643,35.87225729691419
7,evaluate_members,0.0,455.0,,,,arm1,physics,,,,,,,,,,
7,evaluate_members,73.29038166999817,480.0,32.0,1.0,-1.0,arm1,physics,,,,,,,,,,
7,evaluate_members,0.0,455.0,,,,arm1,physics,nan,nan,nan,nan,nan,,,,,
7,evaluate_members,145.56765913963318,945.0,62.0,0.0,-1.0,arm1,physics,nan,nan,nan,nan,nan,,,,,
7,anchor_only_Linear,0.06725239753723145,,62.0,0.0,-1.0,arm1,physics,HP_Peak,size,-,direct,none,0.0,275.0,670.0,43.07548608265929,58.104197554100324
7,anchor_only_Linear,0.0666666030883789,,62.0,0.0,-1.0,arm1,physics,HP_Peak,peak,-,direct,none,0.0,275.0,670.0,41.56947483031843,53.560756104932885
7,anchor_only_Linear,0.06393098831176758,,62.0,0.0,-1.0,arm1,physics,HP_Peak,size+peak,-,direct,none,0.0,275.0,670.0,41.25635003764124,42.99527957012513
7,anchor_only_XGBoost,35.98697352409363,,62.0,0.0,-1.0,arm1,physics,HP_Peak,size,-,direct,none,50.0,275.0,670.0,44.03608222397029,58.50954275353967
7,anchor_only_XGBoost,28.67563033103943,,62.0,0.0,-1.0,arm1,physics,HP_Peak,peak,-,direct,none,50.0,275.0,670.0,42.962199700518326,47.73879876020111
7,anchor_only_XGBoost,30.640096187591553,,62.0,0.0,-1.0,arm1,physics,HP_Peak,size+peak,-,direct,none,50.0,275.0,670.0,42.34960427102295,44.68687461231656
7,evaluate_members,0.0,455.0,,,,arm1,physics,nan,nan,nan,nan,nan,,,,,
7,evaluate_members,118.17581963539124,780.0,62.0,1.0,-1.0,arm1,physics,nan,nan,nan,nan,nan,,,,,
7,anchor_only_Linear,0.09279894828796387,,62.0,1.0,-1.0,arm1,physics,HP_Peak,size,-,direct,none,0.0,290.0,490.0,39.649633940838484,57.47471474770991
7,anchor_only_Linear,0.06413698196411133,,62.0,1.0,-1.0,arm1,physics,HP_Peak,peak,-,direct,none,0.0,290.0,490.0,37.742324080933024,52.167821178269605
7,anchor_only_Linear,0.08369255065917969,,62.0,1.0,-1.0,arm1,physics,HP_Peak,size+peak,-,direct,none,0.0,290.0,490.0,36.45997063120601,34.96642930262844
7,anchor_only_XGBoost,45.00130891799927,,62.0,1.0,-1.0,arm1,physics,HP_Peak,size,-,direct,none,50.0,290.0,490.0,38.980622184535434,57.789411484163075
7,anchor_only_XGBoost,31.840919017791748,,62.0,1.0,-1.0,arm1,physics,HP_Peak,peak,-,direct,none,50.0,290.0,490.0,39.00474297762178,45.840880295827176
7,anchor_only_XGBoost,34.232367277145386,,62.0,1.0,-1.0,arm1,physics,HP_Peak,size+peak,-,direct,none,50.0,290.0,490.0,39.33195297745964,48.111580595802714
7,evaluate_members,0.0,455.0,,,,arm1,physics,nan,nan,nan,nan,nan,,,,,
7,evaluate_members,229.63830661773682,1410.0,100.0,0.0,-1.0,arm1,physics,nan,nan,nan,nan,nan,,,,,
7,anchor_only_Linear,0.08480167388916016,,100.0,0.0,-1.0,arm1,physics,HP_Peak,size,-,direct,none,0.0,530.0,880.0,43.261638178621595,66.33574917607106
7,anchor_only_Linear,0.06391143798828125,,100.0,0.0,-1.0,arm1,physics,HP_Peak,peak,-,direct,none,0.0,530.0,880.0,41.231219120082464,56.12476812724262
7,anchor_only_Linear,0.08008170127868652,,100.0,0.0,-1.0,arm1,physics,HP_Peak,size+peak,-,direct,none,0.0,530.0,880.0,38.73671084438395,36.41547422591045
7,anchor_only_XGBoost,37.415894508361816,,100.0,0.0,-1.0,arm1,physics,HP_Peak,size,-,direct,none,50.0,530.0,880.0,42.583365068579766,66.2226707854491
7,anchor_only_XGBoost,27.804856777191162,,100.0,0.0,-1.0,arm1,physics,HP_Peak,peak,-,direct,none,50.0,530.0,880.0,39.29428631925743,48.76024676653443
7,anchor_only_XGBoost,74.72593235969543,,100.0,0.0,-1.0,arm1,physics,HP_Peak,size+peak,-,direct,none,50.0,530.0,880.0,38.39164634917108,47.732819274451515
7,evaluate_members,0.0,455.0,,,,arm1,physics,nan,nan,nan,nan,nan,,,,,
7,evaluate_members,233.82355785369873,1450.0,100.0,1.0,-1.0,arm1,physics,nan,nan,nan,nan,nan,,,,,
7,anchor_only_Linear,0.09186244010925293,,100.0,1.0,-1.0,arm1,physics,HP_Peak,size,-,direct,none,0.0,460.0,990.0,42.76992547938189,70.84286264439746
7,anchor_only_Linear,0.06804561614990234,,100.0,1.0,-1.0,arm1,physics,HP_Peak,peak,-,direct,none,0.0,460.0,990.0,41.08798851452581,60.05326360089445
7,anchor_only_Linear,0.07161498069763184,,100.0,1.0,-1.0,arm1,physics,HP_Peak,size+peak,-,direct,none,0.0,460.0,990.0,38.9641689608324,38.185494858506566
7,anchor_only_XGBoost,41.79637551307678,,100.0,1.0,-1.0,arm1,physics,HP_Peak,size,-,direct,none,50.0,460.0,990.0,43.05278971692984,70.5801972532702
7,anchor_only_XGBoost,44.12504577636719,,100.0,1.0,-1.0,arm1,physics,HP_Peak,peak,-,direct,none,50.0,460.0,990.0,41.42925933257436,50.16629769244319
7,anchor_only_XGBoost,37.34215331077576,,100.0,1.0,-1.0,arm1,physics,HP_Peak,size+peak,-,direct,none,50.0,460.0,990.0,40.278276632437255,50.83034456002
7,evaluate_members,0.0,455.0,,,,arm1,physics,nan,nan,nan,nan,nan,,,,,
7,evaluate_members,387.80151295661926,2475.0,200.0,0.0,-1.0,arm1,physics,nan,nan,nan,nan,nan,,,,,
7,anchor_only_Linear,0.12893986701965332,,200.0,0.0,-1.0,arm1,physics,HP_Peak,size,-,direct,none,0.0,925.0,1550.0,57.66090846488201,76.08795515250966
7,anchor_only_Linear,0.060019731521606445,,200.0,0.0,-1.0,arm1,physics,HP_Peak,peak,-,direct,none,0.0,925.0,1550.0,52.05510290914047,57.09671805813602
7,anchor_only_Linear,0.09578680992126465,,200.0,0.0,-1.0,arm1,physics,HP_Peak,size+peak,-,direct,none,0.0,925.0,1550.0,37.71529211690567,30.913139048581357
7,anchor_only_XGBoost,51.4067656993866,,200.0,0.0,-1.0,arm1,physics,HP_Peak,size,-,direct,none,50.0,925.0,1550.0,57.8196186666742,75.97133400089994
7,anchor_only_XGBoost,35.829938888549805,,200.0,0.0,-1.0,arm1,physics,HP_Peak,peak,-,direct,none,50.0,925.0,1550.0,45.15009556560784,49.37937799337882
7,anchor_only_XGBoost,118.32298612594604,,200.0,0.0,-1.0,arm1,physics,HP_Peak,size+peak,-,direct,none,50.0,925.0,1550.0,38.884491909438154,32.71237750654663
7,evaluate_members,0.0,455.0,,,,arm1,physics,nan,nan,nan,nan,nan,,,,,
7,evaluate_members,404.907274723053,2570.0,200.0,1.0,-1.0,arm1,physics,nan,nan,nan,nan,nan,,,,,
7,anchor_only_Linear,0.14376187324523926,,200.0,1.0,-1.0,arm1,physics,HP_Peak,size,-,direct,none,0.0,950.0,1620.0,58.462187307315304,75.11665026505915
7,anchor_only_Linear,0.08601880073547363,,200.0,1.0,-1.0,arm1,physics,HP_Peak,peak,-,direct,none,0.0,950.0,1620.0,52.43090716370349,58.68518553830864
7,anchor_only_Linear,0.08409667015075684,,200.0,1.0,-1.0,arm1,physics,HP_Peak,size+peak,-,direct,none,0.0,950.0,1620.0,39.33036359518386,32.08049378634053
7,anchor_only_XGBoost,48.23553729057312,,200.0,1.0,-1.0,arm1,physics,HP_Peak,size,-,direct,none,50.0,950.0,1620.0,58.59385535664503,73.96784918485984
7,anchor_only_XGBoost,82.98445129394531,,200.0,1.0,-1.0,arm1,physics,HP_Peak,peak,-,direct,none,50.0,950.0,1620.0,46.13985184608455,50.6141773298266
7,anchor_only_XGBoost,92.45691013336182,,200.0,1.0,-1.0,arm1,physics,HP_Peak,size+peak,-,direct,none,50.0,950.0,1620.0,40.767684044047776,36.558328495650585
8,evaluate_members,69.60682773590088,455.0,,,,arm1,physics,,,,,,,,,,
8,evaluate_members,19.89927315711975,130.0,16.0,0.0,-1.0,arm1,physics,,,,,,,,,,
8,evaluate_members,69.82126355171204,455.0,,,,arm1,physics,,,,,,,,,,
8,evaluate_members,42.52383208274841,250.0,16.0,1.0,-1.0,arm1,physics,,,,,,,,,,
8,evaluate_members,69.47037172317505,455.0,,,,arm1,physics,,,,,,,,,,
8,evaluate_members,68.48797082901001,410.0,32.0,0.0,-1.0,arm1,physics,,,,,,,,,,
8,evaluate_members,72.81075882911682,455.0,,,,arm1,physics,nan,nan,nan,nan,nan,,,,,
8,evaluate_members,78.40788674354553,470.0,32.0,1.0,-1.0,arm1,physics,nan,nan,nan,nan,nan,,,,,
8,anchor_only_Linear,0.0722341537475586,,32.0,1.0,-1.0,arm1,physics,HP_Peak,size,-,direct,none,0.0,120.0,350.0,28.843655004076687,52.88145582000029
8,anchor_only_Linear,0.0926828384399414,,32.0,1.0,-1.0,arm1,physics,HP_Peak,peak,-,direct,none,0.0,120.0,350.0,27.485418046337717,49.51006716508601
8,anchor_only_Linear,0.12561845779418945,,32.0,1.0,-1.0,arm1,physics,HP_Peak,size+peak,-,direct,none,0.0,120.0,350.0,27.39087928822661,42.105456730244136
8,anchor_only_XGBoost,34.141709089279175,,32.0,1.0,-1.0,arm1,physics,HP_Peak,size,-,direct,none,50.0,120.0,350.0,28.83632079737901,53.240174472715786
8,anchor_only_XGBoost,28.387932538986206,,32.0,1.0,-1.0,arm1,physics,HP_Peak,peak,-,direct,none,50.0,120.0,350.0,26.535582304520254,32.14601181049188
8,anchor_only_XGBoost,35.41466498374939,,32.0,1.0,-1.0,arm1,physics,HP_Peak,size+peak,-,direct,none,50.0,120.0,350.0,27.868056388125865,34.06860891624085
8,evaluate_members,0.0,455.0,,,,arm1,physics,nan,nan,nan,nan,nan,,,,,
8,evaluate_members,148.00319266319275,930.0,62.0,0.0,-1.0,arm1,physics,nan,nan,nan,nan,nan,,,,,
8,anchor_only_Linear,0.08142495155334473,,62.0,0.0,-1.0,arm1,physics,HP_Peak,size,-,direct,none,0.0,280.0,650.0,39.29313140158134,63.65821741949782
8,anchor_only_Linear,0.06429576873779297,,62.0,0.0,-1.0,arm1,physics,HP_Peak,peak,-,direct,none,0.0,280.0,650.0,38.46007108631019,55.02224160364953
8,anchor_only_Linear,0.07039117813110352,,62.0,0.0,-1.0,arm1,physics,HP_Peak,size+peak,-,direct,none,0.0,280.0,650.0,37.91612673064772,40.08898680307909
8,anchor_only_XGBoost,25.155022621154785,,62.0,0.0,-1.0,arm1,physics,HP_Peak,size,-,direct,none,50.0,280.0,650.0,39.44009185280281,64.19717073632677
8,anchor_only_XGBoost,28.44089698791504,,62.0,0.0,-1.0,arm1,physics,HP_Peak,peak,-,direct,none,50.0,280.0,650.0,38.15379255761034,47.59496826983428
8,anchor_only_XGBoost,20.110808849334717,,62.0,0.0,-1.0,arm1,physics,HP_Peak,size+peak,-,direct,none,50.0,280.0,650.0,37.62179905668056,39.06650023873749
8,evaluate_members,0.0,455.0,,,,arm1,physics,nan,nan,nan,nan,nan,,,,,
8,evaluate_members,144.55349397659302,930.0,62.0,1.0,-1.0,arm1,physics,nan,nan,nan,nan,nan,,,,,
8,anchor_only_Linear,0.07913732528686523,,62.0,1.0,-1.0,arm1,physics,HP_Peak,size,-,direct,none,0.0,310.0,620.0,37.81491879819394,57.94744449303708
8,anchor_only_Linear,0.06225895881652832,,62.0,1.0,-1.0,arm1,physics,HP_Peak,peak,-,direct,none,0.0,310.0,620.0,37.01778155980193,52.09227553406354
8,anchor_only_Linear,0.06209254264831543,,62.0,1.0,-1.0,arm1,physics,HP_Peak,size+peak,-,direct,none,0.0,310.0,620.0,37.10453735172973,36.84330701506867
8,anchor_only_XGBoost,29.652286529541016,,62.0,1.0,-1.0,arm1,physics,HP_Peak,size,-,direct,none,50.0,310.0,620.0,39.43517547674266,57.56920791977665
8,anchor_only_XGBoost,19.79991888999939,,62.0,1.0,-1.0,arm1,physics,HP_Peak,peak,-,direct,none,50.0,310.0,620.0,39.047274213094326,44.23468223764712
8,anchor_only_XGBoost,30.194015741348267,,62.0,1.0,-1.0,arm1,physics,HP_Peak,size+peak,-,direct,none,50.0,310.0,620.0,38.85399419526317,46.1692673916939
8,evaluate_members,0.0,455.0,,,,arm1,physics,nan,nan,nan,nan,nan,,,,,
8,evaluate_members,200.70269918441772,1310.0,100.0,0.0,-1.0,arm1,physics,nan,nan,nan,nan,nan,,,,,
8,anchor_only_Linear,0.12075686454772949,,100.0,0.0,-1.0,arm1,physics,HP_Peak,size,-,direct,none,0.0,450.0,860.0,40.39655480162568,64.80034464902653
8,anchor_only_Linear,0.06400823593139648,,100.0,0.0,-1.0,arm1,physics,HP_Peak,peak,-,direct,none,0.0,450.0,860.0,38.41157207630217,55.233999093434626
8,anchor_only_Linear,0.07996320724487305,,100.0,0.0,-1.0,arm1,physics,HP_Peak,size+peak,-,direct,none,0.0,450.0,860.0,37.13970592832211,32.39424249811593
8,anchor_only_XGBoost,34.7740683555603,,100.0,0.0,-1.0,arm1,physics,HP_Peak,size,-,direct,none,50.0,450.0,860.0,40.102761398222746,64.35570975623122
8,anchor_only_XGBoost,30.126085996627808,,100.0,0.0,-1.0,arm1,physics,HP_Peak,peak,-,direct,none,50.0,450.0,860.0,37.180010829087074,42.1868766283297
8,anchor_only_XGBoost,60.84898924827576,,100.0,0.0,-1.0,arm1,physics,HP_Peak,size+peak,-,direct,none,50.0,450.0,860.0,35.592430866666255,36.452744571320316
8,evaluate_members,0.0,455.0,,,,arm1,physics,nan,nan,nan,nan,nan,,,,,
8,evaluate_members,250.37577986717224,1560.0,100.0,1.0,-1.0,arm1,physics,nan,nan,nan,nan,nan,,,,,
8,anchor_only_Linear,0.07815313339233398,,100.0,1.0,-1.0,arm1,physics,HP_Peak,size,-,direct,none,0.0,500.0,1060.0,43.36280940025918,66.37300969502692
8,anchor_only_Linear,0.06456804275512695,,100.0,1.0,-1.0,arm1,physics,HP_Peak,peak,-,direct,none,0.0,500.0,1060.0,41.50357592703725,57.977102370902024
8,anchor_only_Linear,0.07279157638549805,,100.0,1.0,-1.0,arm1,physics,HP_Peak,size+peak,-,direct,none,0.0,500.0,1060.0,39.722487969520095,39.4372197687712
8,anchor_only_XGBoost,63.33211016654968,,100.0,1.0,-1.0,arm1,physics,HP_Peak,size,-,direct,none,50.0,500.0,1060.0,42.64588208495264,66.24828894053198
8,anchor_only_XGBoost,63.026793241500854,,100.0,1.0,-1.0,arm1,physics,HP_Peak,peak,-,direct,none,50.0,500.0,1060.0,42.75173235124295,49.70194754096007
8,anchor_only_XGBoost,50.63686513900757,,100.0,1.0,-1.0,arm1,physics,HP_Peak,size+peak,-,direct,none,50.0,500.0,1060.0,40.68548123179884,40.24217130845649
8,evaluate_members,0.0,455.0,,,,arm1,physics,nan,nan,nan,nan,nan,,,,,
8,evaluate_members,401.34466314315796,2520.0,200.0,0.0,-1.0,arm1,physics,nan,nan,nan,nan,nan,,,,,
8,anchor_only_Linear,0.11052346229553223,,200.0,0.0,-1.0,arm1,physics,HP_Peak,size,-,direct,none,0.0,920.0,1600.0,58.07017838479337,75.32388658089334
8,anchor_only_Linear,0.06344962120056152,,200.0,0.0,-1.0,arm1,physics,HP_Peak,peak,-,direct,none,0.0,920.0,1600.0,52.33839254564993,57.04249798067267
8,anchor_only_Linear,0.10053753852844238,,200.0,0.0,-1.0,arm1,physics,HP_Peak,size+peak,-,direct,none,0.0,920.0,1600.0,39.60612507163487,33.030002683197175
8,anchor_only_XGBoost,28.326309204101562,,200.0,0.0,-1.0,arm1,physics,HP_Peak,size,-,direct,none,50.0,920.0,1600.0,58.05002779479738,75.40728476636693
8,anchor_only_XGBoost,58.65658402442932,,200.0,0.0,-1.0,arm1,physics,HP_Peak,peak,-,direct,none,50.0,920.0,1600.0,46.729466584317905,49.946315910162824
8,anchor_only_XGBoost,71.45794916152954,,200.0,0.0,-1.0,arm1,physics,HP_Peak,size+peak,-,direct,none,50.0,920.0,1600.0,41.12325297836273,34.736698197821916
8,evaluate_members,0.0,455.0,,,,arm1,physics,nan,nan,nan,nan,nan,,,,,
8,evaluate_members,413.1180567741394,2575.0,200.0,1.0,-1.0,arm1,physics,nan,nan,nan,nan,nan,,,,,
8,anchor_only_Linear,0.11134529113769531,,200.0,1.0,-1.0,arm1,physics,HP_Peak,size,-,direct,none,0.0,975.0,1600.0,58.0078540795933,75.41525367101288
8,anchor_only_Linear,0.06295347213745117,,200.0,1.0,-1.0,arm1,physics,HP_Peak,peak,-,direct,none,0.0,975.0,1600.0,51.74153410696404,56.14135309560512
8,anchor_only_Linear,0.0822296142578125,,200.0,1.0,-1.0,arm1,physics,HP_Peak,size+peak,-,direct,none,0.0,975.0,1600.0,39.29625647223775,32.833357070314115
8,anchor_only_XGBoost,52.61673307418823,,200.0,1.0,-1.0,arm1,physics,HP_Peak,size,-,direct,none,50.0,975.0,1600.0,58.28096798160259,75.26801527184816
8,anchor_only_XGBoost,51.80087113380432,,200.0,1.0,-1.0,arm1,physics,HP_Peak,peak,-,direct,none,50.0,975.0,1600.0,43.36418878695064,48.260737388206074
8,anchor_only_XGBoost,58.54406261444092,,200.0,1.0,-1.0,arm1,physics,HP_Peak,size+peak,-,direct,none,50.0,975.0,1600.0,38.54345780679415,37.128402736050184
9,evaluate_members,72.39513921737671,455.0,,,,arm1,physics,,,,,,,,,,
9,evaluate_members,29.15710735321045,160.0,16.0,0.0,-1.0,arm1,physics,,,,,,,,,,
9,evaluate_members,71.3129391670227,455.0,,,,arm1,physics,,,,,,,,,,
9,evaluate_members,35.12249279022217,190.0,16.0,1.0,-1.0,arm1,physics,,,,,,,,,,
9,evaluate_members,0.0,455.0,,,,arm1,physics,,,,,,,,,,
9,evaluate_members,77.12127327919006,440.0,32.0,0.0,-1.0,arm1,physics,,,,,,,,,,
9,evaluate_members,0.0,455.0,,,,arm1,physics,nan,nan,nan,nan,nan,,,,,
9,evaluate_members,75.5224986076355,445.0,32.0,1.0,-1.0,arm1,physics,nan,nan,nan,nan,nan,,,,,
9,anchor_only_Linear,0.07569694519042969,,32.0,1.0,-1.0,arm1,physics,HP_Peak,size,-,direct,none,0.0,125.0,320.0,32.899815748021545,49.52516471558693
9,anchor_only_Linear,0.0658411979675293,,32.0,1.0,-1.0,arm1,physics,HP_Peak,peak,-,direct,none,0.0,125.0,320.0,32.68482165985687,46.41939181044072
9,anchor_only_Linear,0.07844924926757812,,32.0,1.0,-1.0,arm1,physics,HP_Peak,size+peak,-,direct,none,0.0,125.0,320.0,33.324729095818824,43.52517175714849
9,anchor_only_XGBoost,31.173078060150146,,32.0,1.0,-1.0,arm1,physics,HP_Peak,size,-,direct,none,50.0,125.0,320.0,33.26196097668358,49.35277689449159
9,anchor_only_XGBoost,21.449774026870728,,32.0,1.0,-1.0,arm1,physics,HP_Peak,peak,-,direct,none,50.0,125.0,320.0,33.67658899159929,42.91650233365341
9,anchor_only_XGBoost,40.571227073669434,,32.0,1.0,-1.0,arm1,physics,HP_Peak,size+peak,-,direct,none,50.0,125.0,320.0,33.70235007927961,45.084144351435235
9,evaluate_members,0.0,455.0,,,,arm1,physics,nan,nan,nan,nan,nan,,,,,
9,evaluate_members,131.53924036026,850.0,62.0,0.0,-1.0,arm1,physics,nan,nan,nan,nan,nan,,,,,
9,anchor_only_Linear,0.07031536102294922,,62.0,0.0,-1.0,arm1,physics,HP_Peak,size,-,direct,none,0.0,280.0,570.0,38.38614337206941,57.90217649069738
9,anchor_only_Linear,0.06421089172363281,,62.0,0.0,-1.0,arm1,physics,HP_Peak,peak,-,direct,none,0.0,280.0,570.0,37.71791244684683,51.78259134791858
9,anchor_only_Linear,0.06633996963500977,,62.0,0.0,-1.0,arm1,physics,HP_Peak,size+peak,-,direct,none,0.0,280.0,570.0,36.972752346029196,37.851600017658754
9,anchor_only_XGBoost,33.595805644989014,,62.0,0.0,-1.0,arm1,physics,HP_Peak,size,-,direct,none,50.0,280.0,570.0,38.24750791840717,57.891748709758815
9,anchor_only_XGBoost,31.71850562095642,,62.0,0.0,-1.0,arm1,physics,HP_Peak,peak,-,direct,none,50.0,280.0,570.0,35.51331687046099,42.300748989321555
9,anchor_only_XGBoost,40.24100208282471,,62.0,0.0,-1.0,arm1,physics,HP_Peak,size+peak,-,direct,none,50.0,280.0,570.0,34.5551319447118,36.76380132650348
9,evaluate_members,0.0,455.0,,,,arm1,physics,nan,nan,nan,nan,nan,,,,,
9,evaluate_members,146.866224527359,935.0,62.0,1.0,-1.0,arm1,physics,nan,nan,nan,nan,nan,,,,,
9,anchor_only_Linear,0.06409597396850586,,62.0,1.0,-1.0,arm1,physics,HP_Peak,size,-,direct,none,0.0,305.0,630.0,34.534909887248936,58.056052979559084
9,anchor_only_Linear,0.06907176971435547,,62.0,1.0,-1.0,arm1,physics,HP_Peak,peak,-,direct,none,0.0,305.0,630.0,33.66522491867602,52.75210044532764
9,anchor_only_Linear,0.07428932189941406,,62.0,1.0,-1.0,arm1,physics,HP_Peak,size+peak,-,direct,none,0.0,305.0,630.0,33.22066060194507,38.11207554705051
9,anchor_only_XGBoost,37.68687653541565,,62.0,1.0,-1.0,arm1,physics,HP_Peak,size,-,direct,none,50.0,305.0,630.0,34.50307146260376,58.08522331787146
9,anchor_only_XGBoost,29.746307134628296,,62.0,1.0,-1.0,arm1,physics,HP_Peak,peak,-,direct,none,50.0,305.0,630.0,33.04632450049988,43.693092690770236
9,anchor_only_XGBoost,22.253434896469116,,62.0,1.0,-1.0,arm1,physics,HP_Peak,size+peak,-,direct,none,50.0,305.0,630.0,32.61649556594638,34.02794903674838
9,evaluate_members,0.0,455.0,,,,arm1,physics,nan,nan,nan,nan,nan,,,,,
9,evaluate_members,196.17776226997375,1260.0,100.0,0.0,-1.0,arm1,physics,nan,nan,nan,nan,nan,,,,,
9,anchor_only_Linear,0.0720207691192627,,100.0,0.0,-1.0,arm1,physics,HP_Peak,size,-,direct,none,0.0,470.0,790.0,44.860865838321104,70.45590803924567
9,anchor_only_Linear,0.06783056259155273,,100.0,0.0,-1.0,arm1,physics,HP_Peak,peak,-,direct,none,0.0,470.0,790.0,42.31367485490689,57.60263988923467
9,anchor_only_Linear,0.0853431224822998,,100.0,0.0,-1.0,arm1,physics,HP_Peak,size+peak,-,direct,none,0.0,470.0,790.0,38.14830003122821,32.21751566009009
9,anchor_only_XGBoost,25.09222674369812,,100.0,0.0,-1.0,arm1,physics,HP_Peak,size,-,direct,none,50.0,470.0,790.0,44.872085250283,69.65418734215018
9,anchor_only_XGBoost,21.416240692138672,,100.0,0.0,-1.0,arm1,physics,HP_Peak,peak,-,direct,none,50.0,470.0,790.0,41.58459179079481,43.62389814498261
9,anchor_only_XGBoost,26.84707021713257,,100.0,0.0,-1.0,arm1,physics,HP_Peak,size+peak,-,direct,none,50.0,470.0,790.0,39.03654145812064,40.029894652238085
9,evaluate_members,0.0,455.0,,,,arm1,physics,nan,nan,nan,nan,nan,,,,,
9,evaluate_members,232.12269949913025,1465.0,100.0,1.0,-1.0,arm1,physics,nan,nan,nan,nan,nan,,,,,
9,anchor_only_Linear,0.08192873001098633,,100.0,1.0,-1.0,arm1,physics,HP_Peak,size,-,direct,none,0.0,475.0,990.0,42.48901402939897,72.16120177001385
9,anchor_only_Linear,0.060981035232543945,,100.0,1.0,-1.0,arm1,physics,HP_Peak,peak,-,direct,none,0.0,475.0,990.0,40.627586690497616,56.62050763438493
9,anchor_only_Linear,0.07456779479980469,,100.0,1.0,-1.0,arm1,physics,HP_Peak,size+peak,-,direct,none,0.0,475.0,990.0,37.80855985334281,34.14462662157284
9,anchor_only_XGBoost,43.803574085235596,,100.0,1.0,-1.0,arm1,physics,HP_Peak,size,-,direct,none,50.0,475.0,990.0,41.902510983960404,71.77681359145743
9,anchor_only_XGBoost,43.242948055267334,,100.0,1.0,-1.0,arm1,physics,HP_Peak,peak,-,direct,none,50.0,475.0,990.0,38.07151988462399,47.74770285281693
9,anchor_only_XGBoost,42.4774272441864,,100.0,1.0,-1.0,arm1,physics,HP_Peak,size+peak,-,direct,none,50.0,475.0,990.0,37.93210053379919,42.233747997839394
9,evaluate_members,0.0,455.0,,,,arm1,physics,nan,nan,nan,nan,nan,,,,,
9,evaluate_members,400.45874190330505,2560.0,200.0,0.0,-1.0,arm1,physics,nan,nan,nan,nan,nan,,,,,
9,anchor_only_Linear,0.12327384948730469,,200.0,0.0,-1.0,arm1,physics,HP_Peak,size,-,direct,none,0.0,910.0,1650.0,57.13107545726031,72.99272321909038
9,anchor_only_Linear,0.07864665985107422,,200.0,0.0,-1.0,arm1,physics,HP_Peak,peak,-,direct,none,0.0,910.0,1650.0,52.280862474542694,57.67939125892415
9,anchor_only_Linear,0.08531570434570312,,200.0,0.0,-1.0,arm1,physics,HP_Peak,size+peak,-,direct,none,0.0,910.0,1650.0,40.17340905146004,35.21767734656607
9,anchor_only_XGBoost,25.585795164108276,,200.0,0.0,-1.0,arm1,physics,HP_Peak,size,-,direct,none,50.0,910.0,1650.0,57.23054069422873,73.63307108151268
9,anchor_only_XGBoost,26.58634066581726,,200.0,0.0,-1.0,arm1,physics,HP_Peak,peak,-,direct,none,50.0,910.0,1650.0,45.5484723241474,50.76806431410319
9,anchor_only_XGBoost,48.786338090896606,,200.0,0.0,-1.0,arm1,physics,HP_Peak,size+peak,-,direct,none,50.0,910.0,1650.0,41.71519013952747,44.85975618332666
9,evaluate_members,0.0,455.0,,,,arm1,physics,nan,nan,nan,nan,nan,,,,,
9,evaluate_members,428.8251349925995,2710.0,200.0,1.0,-1.0,arm1,physics,nan,nan,nan,nan,nan,,,,,
9,anchor_only_Linear,0.10223913192749023,,200.0,1.0,-1.0,arm1,physics,HP_Peak,size,-,direct,none,0.0,940.0,1770.0,55.92906533101991,73.68932172848027
9,anchor_only_Linear,0.059487104415893555,,200.0,1.0,-1.0,arm1,physics,HP_Peak,peak,-,direct,none,0.0,940.0,1770.0,51.81943767314776,57.28207717557593
9,anchor_only_Linear,0.09055972099304199,,200.0,1.0,-1.0,arm1,physics,HP_Peak,size+peak,-,direct,none,0.0,940.0,1770.0,40.25193073752675,35.20827894291394
9,anchor_only_XGBoost,22.84655523300171,,200.0,1.0,-1.0,arm1,physics,HP_Peak,size,-,direct,none,50.0,940.0,1770.0,55.566610632733045,73.24867410474205
9,anchor_only_XGBoost,34.3004674911499,,200.0,1.0,-1.0,arm1,physics,HP_Peak,peak,-,direct,none,50.0,940.0,1770.0,45.36381830881267,49.6209842698185
9,anchor_only_XGBoost,58.51112246513367,,200.0,1.0,-1.0,arm1,physics,HP_Peak,size+peak,-,direct,none,50.0,940.0,1770.0,38.97597037043137,39.51316235407397
0,Linear,0.1434779167175293,,32.0,0.0,-1.0,arm1,linear,HP_Peak,size,netfit,direct,log,0.0,210.0,320.0,31.536047690398384,23.369248556304903
0,Ridge,4.100786209106445,,32.0,0.0,-1.0,arm1,linear,HP_Peak,size,netfit,direct,log,50.0,210.0,320.0,27.831174926503543,24.710419191484874
0,Lasso,6.628157377243042,,32.0,0.0,-1.0,arm1,linear,HP_Peak,size,netfit,direct,log,50.0,210.0,320.0,27.745982069270372,26.358406352470944
0,ElasticNet,4.644543409347534,,32.0,0.0,-1.0,arm1,linear,HP_Peak,size,netfit,direct,log,50.0,210.0,320.0,27.801326219259963,26.070451566588236
0,PLS,4.580479860305786,,32.0,0.0,-1.0,arm1,linear,HP_Peak,size,netfit,direct,log,50.0,210.0,320.0,28.10201245302882,25.603555311367383
0,Linear,0.08095026016235352,,32.0,0.0,-1.0,arm1,linear,HP_Peak,size,netfit,residual,log,0.0,210.0,320.0,30.23352804491389,23.422274996689648
0,Ridge,3.716402053833008,,32.0,0.0,-1.0,arm1,linear,HP_Peak,size,netfit,residual,log,50.0,210.0,320.0,28.683502092455267,26.4594983182141
0,Lasso,6.925333023071289,,32.0,0.0,-1.0,arm1,linear,HP_Peak,size,netfit,residual,log,50.0,210.0,320.0,27.673649673618463,27.048711975093866
0,ElasticNet,7.6754150390625,,32.0,0.0,-1.0,arm1,linear,HP_Peak,size,netfit,residual,log,50.0,210.0,320.0,27.902257887068778,26.764677876412673
0,PLS,4.69651198387146,,32.0,0.0,-1.0,arm1,linear,HP_Peak,size,netfit,residual,log,50.0,210.0,320.0,28.374343894055528,26.515381033177604
0,Linear,0.11169648170471191,,62.0,0.0,-1.0,arm1,linear,HP_Peak,size,netfit,direct,log,0.0,280.0,580.0,29.012337982982853,23.543853911694086
0,Ridge,3.6969106197357178,,62.0,0.0,-1.0,arm1,linear,HP_Peak,size,netfit,direct,log,50.0,280.0,580.0,26.728693770727745,24.77968351302562
0,Lasso,8.53300428390503,,62.0,0.0,-1.0,arm1,linear,HP_Peak,size,netfit,direct,log,50.0,280.0,580.0,26.68139505673922,25.200096227465433
0,ElasticNet,5.364577770233154,,62.0,0.0,-1.0,arm1,linear,HP_Peak,size,netfit,direct,log,50.0,280.0,580.0,26.67626619493183,25.19843024608116
0,PLS,5.316943883895874,,62.0,0.0,-1.0,arm1,linear,HP_Peak,size,netfit,direct,log,50.0,280.0,580.0,26.940130177597467,25.627070921099804
0,Linear,0.08724069595336914,,62.0,0.0,-1.0,arm1,linear,HP_Peak,size,netfit,residual,log,0.0,280.0,580.0,28.054362836046444,19.971285074923742
0,Ridge,4.163100242614746,,62.0,0.0,-1.0,arm1,linear,HP_Peak,size,netfit,residual,log,50.0,280.0,580.0,27.32303259137528,22.58039664841243
0,Lasso,6.360094785690308,,62.0,0.0,-1.0,arm1,linear,HP_Peak,size,netfit,residual,log,50.0,280.0,580.0,27.19906521862051,22.392659886930147
0,ElasticNet,8.007810354232788,,62.0,0.0,-1.0,arm1,linear,HP_Peak,size,netfit,residual,log,50.0,280.0,580.0,27.347139953426694,22.602370363150577
0,PLS,4.716891288757324,,62.0,0.0,-1.0,arm1,linear,HP_Peak,size,netfit,residual,log,50.0,280.0,580.0,27.45723109515326,23.6916123750596
0,Linear,0.09450936317443848,,62.0,1.0,-1.0,arm1,linear,HP_Peak,size,netfit,direct,log,0.0,280.0,580.0,32.99385857619736,25.84158392184111
0,Ridge,4.4315345287323,,62.0,1.0,-1.0,arm1,linear,HP_Peak,size,netfit,direct,log,50.0,280.0,580.0,27.98732255796876,29.59618916632091
0,Lasso,7.964223623275757,,62.0,1.0,-1.0,arm1,linear,HP_Peak,size,netfit,direct,log,50.0,280.0,580.0,27.117372625955284,28.35945286421729
0,ElasticNet,5.595921277999878,,62.0,1.0,-1.0,arm1,linear,HP_Peak,size,netfit,direct,log,50.0,280.0,580.0,27.135335486250078,28.37629729922735
0,PLS,5.219628095626831,,62.0,1.0,-1.0,arm1,linear,HP_Peak,size,netfit,direct,log,50.0,280.0,580.0,27.070075860093393,31.33694930096329
0,Linear,0.09595751762390137,,62.0,1.0,-1.0,arm1,linear,HP_Peak,size,netfit,residual,log,0.0,280.0,580.0,33.41527263587458,22.919435840463084
0,Ridge,4.054416179656982,,62.0,1.0,-1.0,arm1,linear,HP_Peak,size,netfit,residual,log,50.0,280.0,580.0,27.994580450842516,26.70584737391679
0,Lasso,8.611493825912476,,62.0,1.0,-1.0,arm1,linear,HP_Peak,size,netfit,residual,log,50.0,280.0,580.0,27.26617932899876,26.587376710966304
0,ElasticNet,8.890998125076294,,62.0,1.0,-1.0,arm1,linear,HP_Peak,size,netfit,residual,log,50.0,280.0,580.0,27.328397161897993,26.722172977622865
0,PLS,4.838895559310913,,62.0,1.0,-1.0,arm1,linear,HP_Peak,size,netfit,residual,log,50.0,280.0,580.0,27.474474806402554,27.793246767866524
0,Linear,0.11965179443359375,,100.0,0.0,-1.0,arm1,linear,HP_Peak,size,netfit,direct,log,0.0,535.0,1070.0,32.498432727076825,25.547485359349448
0,Ridge,4.396383285522461,,100.0,0.0,-1.0,arm1,linear,HP_Peak,size,netfit,direct,log,50.0,535.0,1070.0,28.36380742207461,25.747846086395505
0,Lasso,14.099538803100586,,100.0,0.0,-1.0,arm1,linear,HP_Peak,size,netfit,direct,log,50.0,535.0,1070.0,28.41765681387043,25.824229646530178
0,ElasticNet,11.416539907455444,,100.0,0.0,-1.0,arm1,linear,HP_Peak,size,netfit,direct,log,50.0,535.0,1070.0,28.30612910461249,25.755276592697335
0,PLS,5.454604387283325,,100.0,0.0,-1.0,arm1,linear,HP_Peak,size,netfit,direct,log,50.0,535.0,1070.0,28.334340438310015,25.71771924409979
0,Linear,0.0896918773651123,,100.0,0.0,-1.0,arm1,linear,HP_Peak,size,netfit,residual,log,0.0,535.0,1070.0,28.27813147592617,22.63585759498441
0,Ridge,4.169902563095093,,100.0,0.0,-1.0,arm1,linear,HP_Peak,size,netfit,residual,log,50.0,535.0,1070.0,27.87017503223091,24.00086195030806
0,Lasso,10.383286476135254,,100.0,0.0,-1.0,arm1,linear,HP_Peak,size,netfit,residual,log,50.0,535.0,1070.0,27.570905947327297,23.555177664872332
0,ElasticNet,13.682174444198608,,100.0,0.0,-1.0,arm1,linear,HP_Peak,size,netfit,residual,log,50.0,535.0,1070.0,27.61901094568656,23.566048083971417
0,PLS,5.778394460678101,,100.0,0.0,-1.0,arm1,linear,HP_Peak,size,netfit,residual,log,50.0,535.0,1070.0,27.36656097203551,22.96318377750193
0,Linear,0.1113429069519043,,100.0,1.0,-1.0,arm1,linear,HP_Peak,size,netfit,direct,log,0.0,515.0,950.0,30.415968704059917,23.75951348929047
0,Ridge,4.1209282875061035,,100.0,1.0,-1.0,arm1,linear,HP_Peak,size,netfit,direct,log,50.0,515.0,950.0,29.130011091447376,26.04441501101487
0,Lasso,8.463996171951294,,100.0,1.0,-1.0,arm1,linear,HP_Peak,size,netfit,direct,log,50.0,515.0,950.0,29.17093359713444,25.15963974391425
0,ElasticNet,6.691380500793457,,100.0,1.0,-1.0,arm1,linear,HP_Peak,size,netfit,direct,log,50.0,515.0,950.0,29.098510247982194,25.173162442150687
0,PLS,5.588420391082764,,100.0,1.0,-1.0,arm1,linear,HP_Peak,size,netfit,direct,log,50.0,515.0,950.0,29.308088709493454,25.80226996881721
0,Linear,0.10301542282104492,,100.0,1.0,-1.0,arm1,linear,HP_Peak,size,netfit,residual,log,0.0,515.0,950.0,29.483389233143654,21.11392856442393
0,Ridge,3.9448773860931396,,100.0,1.0,-1.0,arm1,linear,HP_Peak,size,netfit,residual,log,50.0,515.0,950.0,28.64376828171695,23.681272446278616
0,Lasso,9.64211392402649,,100.0,1.0,-1.0,arm1,linear,HP_Peak,size,netfit,residual,log,50.0,515.0,950.0,28.237096148685353,23.074011289164627
0,ElasticNet,13.746140241622925,,100.0,1.0,-1.0,arm1,linear,HP_Peak,size,netfit,residual,log,50.0,515.0,950.0,28.243110507715418,23.036343942803445
0,PLS,5.74213719367981,,100.0,1.0,-1.0,arm1,linear,HP_Peak,size,netfit,residual,log,50.0,515.0,950.0,29.05642851686388,24.321847738406895
0,Linear,0.16304588317871094,,200.0,0.0,-1.0,arm1,linear,HP_Peak,size,netfit,direct,log,0.0,940.0,1630.0,29.20106693397439,27.99453913847992
0,Ridge,4.528296709060669,,200.0,0.0,-1.0,arm1,linear,HP_Peak,size,netfit,direct,log,50.0,940.0,1630.0,28.747700390222395,28.377500680954753
0,Lasso,17.44655990600586,,200.0,0.0,-1.0,arm1,linear,HP_Peak,size,netfit,direct,log,50.0,940.0,1630.0,29.6152425668018,29.710894788728698
0,ElasticNet,9.935194492340088,,200.0,0.0,-1.0,arm1,linear,HP_Peak,size,netfit,direct,log,50.0,940.0,1630.0,29.62961215960316,29.642348101686228
0,PLS,6.845984697341919,,200.0,0.0,-1.0,arm1,linear,HP_Peak,size,netfit,direct,log,50.0,940.0,1630.0,28.85273561799628,28.787662598204207
0,Linear,0.13076281547546387,,200.0,0.0,-1.0,arm1,linear,HP_Peak,size,netfit,residual,log,0.0,940.0,1630.0,27.26196534375738,21.92194902359952
0,Ridge,4.725910663604736,,200.0,0.0,-1.0,arm1,linear,HP_Peak,size,netfit,residual,log,50.0,940.0,1630.0,28.28930364823392,26.78182095628622
0,Lasso,12.797569274902344,,200.0,0.0,-1.0,arm1,linear,HP_Peak,size,netfit,residual,log,50.0,940.0,1630.0,27.413947069002127,27.769521999323594
0,ElasticNet,15.921482563018799,,200.0,0.0,-1.0,arm1,linear,HP_Peak,size,netfit,residual,log,50.0,940.0,1630.0,27.508181327095684,28.229920095332673
0,PLS,6.71928596496582,,200.0,0.0,-1.0,arm1,linear,HP_Peak,size,netfit,residual,log,50.0,940.0,1630.0,28.020233809950472,26.976943383965434
0,Linear,0.14409852027893066,,200.0,1.0,-1.0,arm1,linear,HP_Peak,size,netfit,direct,log,0.0,980.0,1660.0,29.973483907499045,27.28221429582902
0,Ridge,4.896200895309448,,200.0,1.0,-1.0,arm1,linear,HP_Peak,size,netfit,direct,log,50.0,980.0,1660.0,30.303257555876154,30.068767821075753
0,Lasso,13.684166431427002,,200.0,1.0,-1.0,arm1,linear,HP_Peak,size,netfit,direct,log,50.0,980.0,1660.0,29.73367627847938,29.96128777823701
0,ElasticNet,7.33627462387085,,200.0,1.0,-1.0,arm1,linear,HP_Peak,size,netfit,direct,log,50.0,980.0,1660.0,29.648362491478935,30.18283452062109
0,PLS,6.667184352874756,,200.0,1.0,-1.0,arm1,linear,HP_Peak,size,netfit,direct,log,50.0,980.0,1660.0,29.690142439532497,29.919641896385592
0,Linear,0.1384725570678711,,200.0,1.0,-1.0,arm1,linear,HP_Peak,size,netfit,residual,log,0.0,980.0,1660.0,27.12014976051765,21.526068292966187
0,Ridge,5.078348398208618,,200.0,1.0,-1.0,arm1,linear,HP_Peak,size,netfit,residual,log,50.0,980.0,1660.0,26.444458520422625,23.362211849049384
0,Lasso,19.177286863327026,,200.0,1.0,-1.0,arm1,linear,HP_Peak,size,netfit,residual,log,50.0,980.0,1660.0,26.412155438859145,23.553313892992943
0,ElasticNet,27.76610779762268,,200.0,1.0,-1.0,arm1,linear,HP_Peak,size,netfit,residual,log,50.0,980.0,1660.0,26.388969534017377,23.57955027131063
0,PLS,7.320981502532959,,200.0,1.0,-1.0,arm1,linear,HP_Peak,size,netfit,residual,log,50.0,980.0,1660.0,26.38405408359269,24.116921959482383
1,Linear,0.11764883995056152,,62.0,0.0,-1.0,arm1,linear,HP_Peak,size,netfit,direct,log,0.0,280.0,660.0,25.36369304955552,22.099957673043413
1,Ridge,3.7803895473480225,,62.0,0.0,-1.0,arm1,linear,HP_Peak,size,netfit,direct,log,50.0,280.0,660.0,23.599024350722438,23.268512916206518
1,Lasso,7.428701162338257,,62.0,0.0,-1.0,arm1,linear,HP_Peak,size,netfit,direct,log,50.0,280.0,660.0,23.600023663925825,23.939576767683732
1,ElasticNet,5.187363386154175,,62.0,0.0,-1.0,arm1,linear,HP_Peak,size,netfit,direct,log,50.0,280.0,660.0,23.557780039698795,23.88816126214858
1,PLS,5.215567350387573,,62.0,0.0,-1.0,arm1,linear,HP_Peak,size,netfit,direct,log,50.0,280.0,660.0,24.329987101937547,24.923161212439233
1,Linear,0.08985495567321777,,62.0,0.0,-1.0,arm1,linear,HP_Peak,size,netfit,residual,log,0.0,280.0,660.0,23.52925981335513,20.077759816655913
1,Ridge,3.610853910446167,,62.0,0.0,-1.0,arm1,linear,HP_Peak,size,netfit,residual,log,50.0,280.0,660.0,23.254489372637263,21.49394203910703
1,Lasso,7.199625253677368,,62.0,0.0,-1.0,arm1,linear,HP_Peak,size,netfit,residual,log,50.0,280.0,660.0,23.03720923237001,21.43618102832094
1,ElasticNet,7.958845138549805,,62.0,0.0,-1.0,arm1,linear,HP_Peak,size,netfit,residual,log,50.0,280.0,660.0,23.04885303382942,21.71250770677716
1,PLS,4.894860744476318,,62.0,0.0,-1.0,arm1,linear,HP_Peak,size,netfit,residual,log,50.0,280.0,660.0,23.357180465815915,21.51980006690887
1,Linear,0.11159515380859375,,62.0,1.0,-1.0,arm1,linear,HP_Peak,size,netfit,direct,log,0.0,280.0,660.0,32.50928461821641,24.5007496890223
1,Ridge,3.755643844604492,,62.0,1.0,-1.0,arm1,linear,HP_Peak,size,netfit,direct,log,50.0,280.0,660.0,29.89631875067567,25.374642008310627
1,Lasso,9.312417030334473,,62.0,1.0,-1.0,arm1,linear,HP_Peak,size,netfit,direct,log,50.0,280.0,660.0,29.48129290835448,25.499827667323377
1,ElasticNet,6.106064796447754,,62.0,1.0,-1.0,arm1,linear,HP_Peak,size,netfit,direct,log,50.0,280.0,660.0,29.578022535283953,25.5450668304589
1,PLS,4.993984937667847,,62.0,1.0,-1.0,arm1,linear,HP_Peak,size,netfit,direct,log,50.0,280.0,660.0,30.63176256246783,27.208931681759275
1,Linear,0.09751582145690918,,62.0,1.0,-1.0,arm1,linear,HP_Peak,size,netfit,residual,log,0.0,280.0,660.0,31.182433993978012,22.46440812028235
1,Ridge,4.0197834968566895,,62.0,1.0,-1.0,arm1,linear,HP_Peak,size,netfit,residual,log,50.0,280.0,660.0,28.54683977456027,22.407180946598146
1,Lasso,8.844313621520996,,62.0,1.0,-1.0,arm1,linear,HP_Peak,size,netfit,residual,log,50.0,280.0,660.0,28.395632521350347,22.990888549600662
1,ElasticNet,9.537572622299194,,62.0,1.0,-1.0,arm1,linear,HP_Peak,size,netfit,residual,log,50.0,280.0,660.0,28.295125615623952,22.945022599516054
1,PLS,4.6077048778533936,,62.0,1.0,-1.0,arm1,linear,HP_Peak,size,netfit,residual,log,50.0,280.0,660.0,28.81541354428569,22.60442318501864
1,Linear,0.11226987838745117,,100.0,0.0,-1.0,arm1,linear,HP_Peak,size,netfit,direct,log,0.0,480.0,940.0,30.851229152868783,23.947993813307097
1,Ridge,4.075598955154419,,100.0,0.0,-1.0,arm1,linear,HP_Peak,size,netfit,direct,log,50.0,480.0,940.0,28.07365287770385,23.855850248245254
1,Lasso,9.735220193862915,,100.0,0.0,-1.0,arm1,linear,HP_Peak,size,netfit,direct,log,50.0,480.0,940.0,27.753707956303128,25.727219484174984
1,ElasticNet,5.71839165687561,,100.0,0.0,-1.0,arm1,linear,HP_Peak,size,netfit,direct,log,50.0,480.0,940.0,27.815661617053106,25.960991111329097
1,PLS,5.341184377670288,,100.0,0.0,-1.0,arm1,linear,HP_Peak,size,netfit,direct,log,50.0,480.0,940.0,27.618353223460087,23.676915610310783
1,Linear,0.09498238563537598,,100.0,0.0,-1.0,arm1,linear,HP_Peak,size,netfit,residual,log,0.0,480.0,940.0,29.65680059976819,22.324453312008487
1,Ridge,4.214250564575195,,100.0,0.0,-1.0,arm1,linear,HP_Peak,size,netfit,residual,log,50.0,480.0,940.0,28.053998106569377,24.18590162159895
1,Lasso,7.200050592422485,,100.0,0.0,-1.0,arm1,linear,HP_Peak,size,netfit,residual,log,50.0,480.0,940.0,28.681194268783113,25.678889053616732
1,ElasticNet,9.324231147766113,,100.0,0.0,-1.0,arm1,linear,HP_Peak,size,netfit,residual,log,50.0,480.0,940.0,28.55681586618132,25.33604133982086
1,PLS,5.106953859329224,,100.0,0.0,-1.0,arm1,linear,HP_Peak,size,netfit,residual,log,50.0,480.0,940.0,27.908277261539553,24.916827829551018
1,Linear,0.1500563621520996,,100.0,1.0,-1.0,arm1,linear,HP_Peak,size,netfit,direct,log,0.0,505.0,1030.0,32.59412964683726,24.96483004128085
1,Ridge,4.2931296825408936,,100.0,1.0,-1.0,arm1,linear,HP_Peak,size,netfit,direct,log,50.0,505.0,1030.0,30.856346556174252,25.092645182634204
1,Lasso,6.893779993057251,,100.0,1.0,-1.0,arm1,linear,HP_Peak,size,netfit,direct,log,50.0,505.0,1030.0,32.129668524248046,27.555095913590083
1,ElasticNet,5.622486352920532,,100.0,1.0,-1.0,arm1,linear,HP_Peak,size,netfit,direct,log,50.0,505.0,1030.0,31.758751245762674,27.465969882275843
1,PLS,5.017613410949707,,100.0,1.0,-1.0,arm1,linear,HP_Peak,size,netfit,direct,log,50.0,505.0,1030.0,31.679836252567277,26.4207354384418
1,Linear,0.11207413673400879,,100.0,1.0,-1.0,arm1,linear,HP_Peak,size,netfit,residual,log,0.0,505.0,1030.0,30.334095951817996,22.322813670597768
1,Ridge,4.242415428161621,,100.0,1.0,-1.0,arm1,linear,HP_Peak,size,netfit,residual,log,50.0,505.0,1030.0,30.37245326016461,25.255650682264836
1,Lasso,9.353611469268799,,100.0,1.0,-1.0,arm1,linear,HP_Peak,size,netfit,residual,log,50.0,505.0,1030.0,30.756239665512005,25.96560206268977
1,ElasticNet,10.770326614379883,,100.0,1.0,-1.0,arm1,linear,HP_Peak,size,netfit,residual,log,50.0,505.0,1030.0,30.64093245812032,25.775287809295932
1,PLS,5.33977746963501,,100.0,1.0,-1.0,arm1,linear,HP_Peak,size,netfit,residual,log,50.0,505.0,1030.0,30.722863098904142,26.45084139319314
1,Linear,0.17501521110534668,,200.0,0.0,-1.0,arm1,linear,HP_Peak,size,netfit,direct,log,0.0,1035.0,1400.0,26.194086207464153,27.18925271100802
1,Ridge,4.748093843460083,,200.0,0.0,-1.0,arm1,linear,HP_Peak,size,netfit,direct,log,50.0,1035.0,1400.0,25.996623892637107,27.366390881927344
1,Lasso,21.79434037208557,,200.0,0.0,-1.0,arm1,linear,HP_Peak,size,netfit,direct,log,50.0,1035.0,1400.0,25.89885857942178,27.32562026332262
1,ElasticNet,16.452025175094604,,200.0,0.0,-1.0,arm1,linear,HP_Peak,size,netfit,direct,log,50.0,1035.0,1400.0,25.968314402067858,27.340345023580177
1,PLS,8.68335509300232,,200.0,0.0,-1.0,arm1,linear,HP_Peak,size,netfit,direct,log,50.0,1035.0,1400.0,26.418118438312284,27.482903509022737
1,Linear,0.1952652931213379,,200.0,0.0,-1.0,arm1,linear,HP_Peak,size,netfit,residual,log,0.0,1035.0,1400.0,24.58705911144516,21.196644367615384
1,Ridge,5.043721675872803,,200.0,0.0,-1.0,arm1,linear,HP_Peak,size,netfit,residual,log,50.0,1035.0,1400.0,24.35845416422664,21.681905243469064
1,Lasso,31.455859422683716,,200.0,0.0,-1.0,arm1,linear,HP_Peak,size,netfit,residual,log,50.0,1035.0,1400.0,24.357672340580777,21.7139611441579
1,ElasticNet,40.018147468566895,,200.0,0.0,-1.0,arm1,linear,HP_Peak,size,netfit,residual,log,50.0,1035.0,1400.0,24.37884597139442,21.712624031288012
1,PLS,7.308784008026123,,200.0,0.0,-1.0,arm1,linear,HP_Peak,size,netfit,residual,log,50.0,1035.0,1400.0,24.473376888992174,21.8420994891235
1,Linear,0.1442556381225586,,200.0,1.0,-1.0,arm1,linear,HP_Peak,size,netfit,direct,log,0.0,875.0,1630.0,25.514076990951104,26.739123161544594
1,Ridge,5.151417255401611,,200.0,1.0,-1.0,arm1,linear,HP_Peak,size,netfit,direct,log,50.0,875.0,1630.0,25.209313873887666,26.92567221632785
1,Lasso,32.697333335876465,,200.0,1.0,-1.0,arm1,linear,HP_Peak,size,netfit,direct,log,50.0,875.0,1630.0,25.342792968027176,26.91758638097021
1,ElasticNet,14.054959297180176,,200.0,1.0,-1.0,arm1,linear,HP_Peak,size,netfit,direct,log,50.0,875.0,1630.0,25.273208958168656,26.97176425679806
1,PLS,5.855377197265625,,200.0,1.0,-1.0,arm1,linear,HP_Peak,size,netfit,direct,log,50.0,875.0,1630.0,25.115187782850448,26.69887428843978
1,Linear,0.10796308517456055,,200.0,1.0,-1.0,arm1,linear,HP_Peak,size,netfit,residual,log,0.0,875.0,1630.0,22.51316702605517,21.353608569814615
1,Ridge,5.074690341949463,,200.0,1.0,-1.0,arm1,linear,HP_Peak,size,netfit,residual,log,50.0,875.0,1630.0,22.33168463361518,21.832465876969724
1,Lasso,14.964145183563232,,200.0,1.0,-1.0,arm1,linear,HP_Peak,size,netfit,residual,log,50.0,875.0,1630.0,22.399826439097794,21.861012866849393
1,ElasticNet,24.17557978630066,,200.0,1.0,-1.0,arm1,linear,HP_Peak,size,netfit,residual,log,50.0,875.0,1630.0,22.36323523132765,21.80442437951188
1,PLS,6.652059078216553,,200.0,1.0,-1.0,arm1,linear,HP_Peak,size,netfit,residual,log,50.0,875.0,1630.0,22.468188991986143,21.789499291875003
2,Linear,0.1072533130645752,,62.0,0.0,-1.0,arm1,linear,HP_Peak,size,netfit,direct,log,0.0,230.0,770.0,32.935291384556045,24.333263378278676
2,Ridge,3.970264434814453,,62.0,0.0,-1.0,arm1,linear,HP_Peak,size,netfit,direct,log,50.0,230.0,770.0,29.55919815219146,27.891119190724307
2,Lasso,7.187772750854492,,62.0,0.0,-1.0,arm1,linear,HP_Peak,size,netfit,direct,log,50.0,230.0,770.0,29.867691278681892,27.936730388323987
2,ElasticNet,4.9321160316467285,,62.0,0.0,-1.0,arm1,linear,HP_Peak,size,netfit,direct,log,50.0,230.0,770.0,29.906873710677772,28.34867422888618
2,PLS,4.744148254394531,,62.0,0.0,-1.0,arm1,linear,HP_Peak,size,netfit,direct,log,50.0,230.0,770.0,29.93300260345795,27.77368348934569
2,Linear,0.08595490455627441,,62.0,0.0,-1.0,arm1,linear,HP_Peak,size,netfit,residual,log,0.0,230.0,770.0,32.381696210897026,25.465419114736136
2,Ridge,3.7839231491088867,,62.0,0.0,-1.0,arm1,linear,HP_Peak,size,netfit,residual,log,50.0,230.0,770.0,29.28861053802109,26.77827902453624
2,Lasso,8.144887208938599,,62.0,0.0,-1.0,arm1,linear,HP_Peak,size,netfit,residual,log,50.0,230.0,770.0,29.40822695267089,27.317190728842732
2,ElasticNet,8.645994186401367,,62.0,0.0,-1.0,arm1,linear,HP_Peak,size,netfit,residual,log,50.0,230.0,770.0,29.348634054709702,27.250543319107056
2,PLS,5.033301115036011,,62.0,0.0,-1.0,arm1,linear,HP_Peak,size,netfit,residual,log,50.0,230.0,770.0,29.4092622096372,27.614926960296593
2,Linear,0.09584760665893555,,62.0,1.0,-1.0,arm1,linear,HP_Peak,size,netfit,direct,log,0.0,280.0,670.0,32.34027888176973,24.595436887106086
2,Ridge,4.045978784561157,,62.0,1.0,-1.0,arm1,linear,HP_Peak,size,netfit,direct,log,50.0,280.0,670.0,29.296692936359758,25.158412916160255
2,Lasso,13.254907369613647,,62.0,1.0,-1.0,arm1,linear,HP_Peak,size,netfit,direct,log,50.0,280.0,670.0,29.44433337626815,26.24081552765046
2,ElasticNet,6.138014554977417,,62.0,1.0,-1.0,arm1,linear,HP_Peak,size,netfit,direct,log,50.0,280.0,670.0,29.432108500960794,26.53843493447361
2,PLS,4.92577338218689,,62.0,1.0,-1.0,arm1,linear,HP_Peak,size,netfit,direct,log,50.0,280.0,670.0,29.539036962074384,26.65796450606933
2,Linear,0.10146141052246094,,62.0,1.0,-1.0,arm1,linear,HP_Peak,size,netfit,residual,log,0.0,280.0,670.0,37.788635394308656,23.4960796006014
2,Ridge,3.979081392288208,,62.0,1.0,-1.0,arm1,linear,HP_Peak,size,netfit,residual,log,50.0,280.0,670.0,35.057928207302545,27.06535093476443
2,Lasso,8.017822980880737,,62.0,1.0,-1.0,arm1,linear,HP_Peak,size,netfit,residual,log,50.0,280.0,670.0,34.82343900883552,29.012241409499307
2,ElasticNet,7.45046591758728,,62.0,1.0,-1.0,arm1,linear,HP_Peak,size,netfit,residual,log,50.0,280.0,670.0,34.83666811324439,28.491428048857554
2,PLS,5.70473837852478,,62.0,1.0,-1.0,arm1,linear,HP_Peak,size,netfit,residual,log,50.0,280.0,670.0,35.136885676866086,24.449726093750503
2,Linear,0.14725255966186523,,100.0,0.0,-1.0,arm1,linear,HP_Peak,size,netfit,direct,log,0.0,570.0,830.0,30.998995863134837,24.988316147602767
2,Ridge,4.306856632232666,,100.0,0.0,-1.0,arm1,linear,HP_Peak,size,netfit,direct,log,50.0,570.0,830.0,29.828730764043293,28.114748566516706
2,Lasso,12.83427357673645,,100.0,0.0,-1.0,arm1,linear,HP_Peak,size,netfit,direct,log,50.0,570.0,830.0,29.769842031696882,26.750652401544905
2,ElasticNet,6.288870573043823,,100.0,0.0,-1.0,arm1,linear,HP_Peak,size,netfit,direct,log,50.0,570.0,830.0,29.754301180845733,27.655218681767817
2,PLS,5.3760294914245605,,100.0,0.0,-1.0,arm1,linear,HP_Peak,size,netfit,direct,log,50.0,570.0,830.0,29.429983070089534,27.276226044907027
2,Linear,0.10005378723144531,,100.0,0.0,-1.0,arm1,linear,HP_Peak,size,netfit,residual,log,0.0,570.0,830.0,28.635186089904693,21.222055271936497
2,Ridge,4.595120906829834,,100.0,0.0,-1.0,arm1,linear,HP_Peak,size,netfit,residual,log,50.0,570.0,830.0,27.302830376645517,23.821654623615647
2,Lasso,14.097633600234985,,100.0,0.0,-1.0,arm1,linear,HP_Peak,size,netfit,residual,log,50.0,570.0,830.0,27.006255571057274,22.45381830908763
2,ElasticNet,15.360925197601318,,100.0,0.0,-1.0,arm1,linear,HP_Peak,size,netfit,residual,log,50.0,570.0,830.0,27.0471820012019,22.42508366584113
2,PLS,5.7326483726501465,,100.0,0.0,-1.0,arm1,linear,HP_Peak,size,netfit,residual,log,50.0,570.0,830.0,27.71034315542947,24.52097565382433
2,Linear,0.10296082496643066,,100.0,1.0,-1.0,arm1,linear,HP_Peak,size,netfit,direct,log,0.0,465.0,880.0,31.304680405036585,24.41678667783716
2,Ridge,3.746067762374878,,100.0,1.0,-1.0,arm1,linear,HP_Peak,size,netfit,direct,log,50.0,465.0,880.0,29.871299309618973,24.741131916029577
2,Lasso,10.764374017715454,,100.0,1.0,-1.0,arm1,linear,HP_Peak,size,netfit,direct,log,50.0,465.0,880.0,30.309039585956764,27.791863388043314
2,ElasticNet,6.879369020462036,,100.0,1.0,-1.0,arm1,linear,HP_Peak,size,netfit,direct,log,50.0,465.0,880.0,30.25897078652176,28.074393354489622
2,PLS,5.217608213424683,,100.0,1.0,-1.0,arm1,linear,HP_Peak,size,netfit,direct,log,50.0,465.0,880.0,30.356543381298124,26.992763936108393
2,Linear,0.11237716674804688,,100.0,1.0,-1.0,arm1,linear,HP_Peak,size,netfit,residual,log,0.0,465.0,880.0,27.149620410838615,21.361130687782637
2,Ridge,4.116547107696533,,100.0,1.0,-1.0,arm1,linear,HP_Peak,size,netfit,residual,log,50.0,465.0,880.0,27.454848593934713,22.54603902239374
2,Lasso,15.006259441375732,,100.0,1.0,-1.0,arm1,linear,HP_Peak,size,netfit,residual,log,50.0,465.0,880.0,27.506369867274348,22.355172207904744
2,ElasticNet,18.035294771194458,,100.0,1.0,-1.0,arm1,linear,HP_Peak,size,netfit,residual,log,50.0,465.0,880.0,27.492991509465394,22.36219246928421
2,PLS,5.868569374084473,,100.0,1.0,-1.0,arm1,linear,HP_Peak,size,netfit,residual,log,50.0,465.0,880.0,27.55851714329102,22.886887279877477
2,Linear,0.25725340843200684,,200.0,0.0,-1.0,arm1,linear,HP_Peak,size,netfit,direct,log,0.0,950.0,1660.0,29.963046281248857,26.89923569681629
2,Ridge,5.359498500823975,,200.0,0.0,-1.0,arm1,linear,HP_Peak,size,netfit,direct,log,50.0,950.0,1660.0,31.060559035836018,26.88725817086204
2,Lasso,16.93320345878601,,200.0,0.0,-1.0,arm1,linear,HP_Peak,size,netfit,direct,log,50.0,950.0,1660.0,30.615832813118303,26.39708509449385
2,ElasticNet,7.044006109237671,,200.0,0.0,-1.0,arm1,linear,HP_Peak,size,netfit,direct,log,50.0,950.0,1660.0,30.536902010888486,26.39067512475135
2,PLS,5.534235000610352,,200.0,0.0,-1.0,arm1,linear,HP_Peak,size,netfit,direct,log,50.0,950.0,1660.0,30.350857481496682,26.98920832760227
2,Linear,0.12066268920898438,,200.0,0.0,-1.0,arm1,linear,HP_Peak,size,netfit,residual,log,0.0,950.0,1660.0,27.039913408436846,21.488014695703015
2,Ridge,4.508181095123291,,200.0,0.0,-1.0,arm1,linear,HP_Peak,size,netfit,residual,log,50.0,950.0,1660.0,27.089216996610592,25.281727956246904
2,Lasso,10.992391586303711,,200.0,0.0,-1.0,arm1,linear,HP_Peak,size,netfit,residual,log,50.0,950.0,1660.0,26.603819550298066,25.424453565530786
2,ElasticNet,11.875338792800903,,200.0,0.0,-1.0,arm1,linear,HP_Peak,size,netfit,residual,log,50.0,950.0,1660.0,26.614468040429653,25.21909492333871
2,PLS,6.224205732345581,,200.0,0.0,-1.0,arm1,linear,HP_Peak,size,netfit,residual,log,50.0,950.0,1660.0,26.635694846813987,27.440737090474077
2,Linear,0.13639211654663086,,200.0,1.0,-1.0,arm1,linear,HP_Peak,size,netfit,direct,log,0.0,880.0,1700.0,29.065864891433815,26.63381970145241
2,Ridge,4.289284944534302,,200.0,1.0,-1.0,arm1,linear,HP_Peak,size,netfit,direct,log,50.0,880.0,1700.0,28.906109065290448,26.89886297044132
2,Lasso,17.208104372024536,,200.0,1.0,-1.0,arm1,linear,HP_Peak,size,netfit,direct,log,50.0,880.0,1700.0,30.684874588868702,27.394622563640297
2,ElasticNet,8.797710657119751,,200.0,1.0,-1.0,arm1,linear,HP_Peak,size,netfit,direct,log,50.0,880.0,1700.0,29.42585771352531,27.758800132999962
2,PLS,5.8307647705078125,,200.0,1.0,-1.0,arm1,linear,HP_Peak,size,netfit,direct,log,50.0,880.0,1700.0,29.343488494632975,27.844466378333372
2,Linear,0.13823342323303223,,200.0,1.0,-1.0,arm1,linear,HP_Peak,size,netfit,residual,log,0.0,880.0,1700.0,25.429381088330206,22.556346034646136
2,Ridge,4.863523483276367,,200.0,1.0,-1.0,arm1,linear,HP_Peak,size,netfit,residual,log,50.0,880.0,1700.0,25.815856811642057,23.839098442495096
2,Lasso,48.02321934700012,,200.0,1.0,-1.0,arm1,linear,HP_Peak,size,netfit,residual,log,50.0,880.0,1700.0,25.73042821116925,23.821500774090815
2,ElasticNet,39.32883262634277,,200.0,1.0,-1.0,arm1,linear,HP_Peak,size,netfit,residual,log,50.0,880.0,1700.0,25.714313337618474,23.79673464593981
2,PLS,6.450223207473755,,200.0,1.0,-1.0,arm1,linear,HP_Peak,size,netfit,residual,log,50.0,880.0,1700.0,26.05534787008283,23.742839008047213
3,Linear,0.10579895973205566,,32.0,1.0,-1.0,arm1,linear,HP_Peak,size,netfit,direct,log,0.0,210.0,320.0,40.168315872242836,25.537801134038666
3,Ridge,3.781355857849121,,32.0,1.0,-1.0,arm1,linear,HP_Peak,size,netfit,direct,log,50.0,210.0,320.0,28.76331201273006,27.974643332878067
3,Lasso,6.779926776885986,,32.0,1.0,-1.0,arm1,linear,HP_Peak,size,netfit,direct,log,50.0,210.0,320.0,28.351855918459318,27.255969921012824
3,ElasticNet,4.758442401885986,,32.0,1.0,-1.0,arm1,linear,HP_Peak,size,netfit,direct,log,50.0,210.0,320.0,28.36769722233903,27.316381799651808
3,PLS,4.798141002655029,,32.0,1.0,-1.0,arm1,linear,HP_Peak,size,netfit,direct,log,50.0,210.0,320.0,29.132277582342024,27.62290711710942
3,Linear,0.12600088119506836,,32.0,1.0,-1.0,arm1,linear,HP_Peak,size,netfit,residual,log,0.0,210.0,320.0,35.21239720682769,23.31890400162564
3,Ridge,4.305924415588379,,32.0,1.0,-1.0,arm1,linear,HP_Peak,size,netfit,residual,log,50.0,210.0,320.0,29.354322686400284,24.894045762053867
3,Lasso,6.169853687286377,,32.0,1.0,-1.0,arm1,linear,HP_Peak,size,netfit,residual,log,50.0,210.0,320.0,29.210805994199344,25.717740098131102
3,ElasticNet,8.657761335372925,,32.0,1.0,-1.0,arm1,linear,HP_Peak,size,netfit,residual,log,50.0,210.0,320.0,28.991817077932097,26.17870889795731
3,PLS,4.536556243896484,,32.0,1.0,-1.0,arm1,linear,HP_Peak,size,netfit,residual,log,50.0,210.0,320.0,29.533251907306315,25.52084131696557
3,Linear,0.13560867309570312,,62.0,0.0,-1.0,arm1,linear,HP_Peak,size,netfit,direct,log,0.0,330.0,640.0,32.66588919335727,27.203146522302568
3,Ridge,3.89284610748291,,62.0,0.0,-1.0,arm1,linear,HP_Peak,size,netfit,direct,log,50.0,330.0,640.0,30.07799271235597,27.989345424127617
3,Lasso,10.225868940353394,,62.0,0.0,-1.0,arm1,linear,HP_Peak,size,netfit,direct,log,50.0,330.0,640.0,29.937177572632844,28.277294724230035
3,ElasticNet,5.879037857055664,,62.0,0.0,-1.0,arm1,linear,HP_Peak,size,netfit,direct,log,50.0,330.0,640.0,29.91232326355648,28.42203623150831
3,PLS,4.989934206008911,,62.0,0.0,-1.0,arm1,linear,HP_Peak,size,netfit,direct,log,50.0,330.0,640.0,30.250133675623946,30.59564076047127
3,Linear,0.0957791805267334,,62.0,0.0,-1.0,arm1,linear,HP_Peak,size,netfit,residual,log,0.0,330.0,640.0,31.063304871152894,23.84074077751046
3,Ridge,4.071523904800415,,62.0,0.0,-1.0,arm1,linear,HP_Peak,size,netfit,residual,log,50.0,330.0,640.0,28.713327560471498,24.762726418294793
3,Lasso,13.723588943481445,,62.0,0.0,-1.0,arm1,linear,HP_Peak,size,netfit,residual,log,50.0,330.0,640.0,28.723556317959194,24.91095156603958
3,ElasticNet,19.472463369369507,,62.0,0.0,-1.0,arm1,linear,HP_Peak,size,netfit,residual,log,50.0,330.0,640.0,28.720701018108286,24.905261509477242
3,PLS,5.662661075592041,,62.0,0.0,-1.0,arm1,linear,HP_Peak,size,netfit,residual,log,50.0,330.0,640.0,29.298557964507538,24.789663531011353
3,Linear,0.1119849681854248,,62.0,1.0,-1.0,arm1,linear,HP_Peak,size,netfit,direct,log,0.0,280.0,530.0,30.10571957239782,25.349493504028715
3,Ridge,4.679483413696289,,62.0,1.0,-1.0,arm1,linear,HP_Peak,size,netfit,direct,log,50.0,280.0,530.0,28.415272794702886,27.837943602408117
3,Lasso,8.994884967803955,,62.0,1.0,-1.0,arm1,linear,HP_Peak,size,netfit,direct,log,50.0,280.0,530.0,28.11592158261657,28.830247247172476
3,ElasticNet,5.49801778793335,,62.0,1.0,-1.0,arm1,linear,HP_Peak,size,netfit,direct,log,50.0,280.0,530.0,28.143067150047578,28.980726716922977
3,PLS,5.030931711196899,,62.0,1.0,-1.0,arm1,linear,HP_Peak,size,netfit,direct,log,50.0,280.0,530.0,28.6004808362092,28.08743818195329
3,Linear,0.09087204933166504,,62.0,1.0,-1.0,arm1,linear,HP_Peak,size,netfit,residual,log,0.0,280.0,530.0,28.830991144148808,21.326468809601973
3,Ridge,4.053441047668457,,62.0,1.0,-1.0,arm1,linear,HP_Peak,size,netfit,residual,log,50.0,280.0,530.0,27.48247647332168,22.385281921716764
3,Lasso,8.186800479888916,,62.0,1.0,-1.0,arm1,linear,HP_Peak,size,netfit,residual,log,50.0,280.0,530.0,27.48156152354833,22.836722861971584
3,ElasticNet,9.137221097946167,,62.0,1.0,-1.0,arm1,linear,HP_Peak,size,netfit,residual,log,50.0,280.0,530.0,27.48125979026069,22.87894134076906
3,PLS,5.327717065811157,,62.0,1.0,-1.0,arm1,linear,HP_Peak,size,netfit,residual,log,50.0,280.0,530.0,27.684410393051326,22.341572978511497
3,Linear,0.12596487998962402,,100.0,0.0,-1.0,arm1,linear,HP_Peak,size,netfit,direct,log,0.0,550.0,930.0,34.42883829039377,25.32593061074786
3,Ridge,4.696712493896484,,100.0,0.0,-1.0,arm1,linear,HP_Peak,size,netfit,direct,log,50.0,550.0,930.0,31.746881065610552,27.78103095626242
3,Lasso,10.877678871154785,,100.0,0.0,-1.0,arm1,linear,HP_Peak,size,netfit,direct,log,50.0,550.0,930.0,32.869514433946776,27.959612067422135
3,ElasticNet,7.559769153594971,,100.0,0.0,-1.0,arm1,linear,HP_Peak,size,netfit,direct,log,50.0,550.0,930.0,32.43126793151261,27.460005809588132
3,PLS,5.121187448501587,,100.0,0.0,-1.0,arm1,linear,HP_Peak,size,netfit,direct,log,50.0,550.0,930.0,32.526679999055496,24.61514452616803
3,Linear,0.10355567932128906,,100.0,0.0,-1.0,arm1,linear,HP_Peak,size,netfit,residual,log,0.0,550.0,930.0,33.27860722045525,23.012758952688593
3,Ridge,3.9002506732940674,,100.0,0.0,-1.0,arm1,linear,HP_Peak,size,netfit,residual,log,50.0,550.0,930.0,31.11440544415661,22.144951603017372
3,Lasso,8.756710529327393,,100.0,0.0,-1.0,arm1,linear,HP_Peak,size,netfit,residual,log,50.0,550.0,930.0,31.106687184404088,25.08885168923364
3,ElasticNet,11.354292392730713,,100.0,0.0,-1.0,arm1,linear,HP_Peak,size,netfit,residual,log,50.0,550.0,930.0,31.30717110041674,25.162104498798726
3,PLS,5.104057788848877,,100.0,0.0,-1.0,arm1,linear,HP_Peak,size,netfit,residual,log,50.0,550.0,930.0,31.3127931959105,24.603602044974863
3,Linear,0.15981125831604004,,100.0,1.0,-1.0,arm1,linear,HP_Peak,size,netfit,direct,log,0.0,460.0,920.0,32.05622904737839,26.18378623560439
3,Ridge,3.9497530460357666,,100.0,1.0,-1.0,arm1,linear,HP_Peak,size,netfit,direct,log,50.0,460.0,920.0,30.39801006767518,27.284629674774035
3,Lasso,10.084188222885132,,100.0,1.0,-1.0,arm1,linear,HP_Peak,size,netfit,direct,log,50.0,460.0,920.0,30.873599484923435,27.064312296404612
3,ElasticNet,5.129220008850098,,100.0,1.0,-1.0,arm1,linear,HP_Peak,size,netfit,direct,log,50.0,460.0,920.0,30.33201233363,27.04783261408098
3,PLS,4.917469263076782,,100.0,1.0,-1.0,arm1,linear,HP_Peak,size,netfit,direct,log,50.0,460.0,920.0,30.55995391017409,28.067103851384672
3,Linear,0.09962725639343262,,100.0,1.0,-1.0,arm1,linear,HP_Peak,size,netfit,residual,log,0.0,460.0,920.0,27.40413908217491,21.47528842975966
3,Ridge,3.7516887187957764,,100.0,1.0,-1.0,arm1,linear,HP_Peak,size,netfit,residual,log,50.0,460.0,920.0,26.0524386695108,21.945868034331983
3,Lasso,19.155745267868042,,100.0,1.0,-1.0,arm1,linear,HP_Peak,size,netfit,residual,log,50.0,460.0,920.0,26.13679517463233,22.109376621222474
3,ElasticNet,20.007827043533325,,100.0,1.0,-1.0,arm1,linear,HP_Peak,size,netfit,residual,log,50.0,460.0,920.0,26.029284272328976,22.105348616948064
3,PLS,6.087386846542358,,100.0,1.0,-1.0,arm1,linear,HP_Peak,size,netfit,residual,log,50.0,460.0,920.0,26.15222448967532,22.021290102322546
3,Linear,0.16021323204040527,,200.0,0.0,-1.0,arm1,linear,HP_Peak,size,netfit,direct,log,0.0,920.0,1470.0,31.361972430239632,28.06636368586517
3,Ridge,4.963305234909058,,200.0,0.0,-1.0,arm1,linear,HP_Peak,size,netfit,direct,log,50.0,920.0,1470.0,31.312880990557343,27.83366916677574
3,Lasso,12.429972648620605,,200.0,0.0,-1.0,arm1,linear,HP_Peak,size,netfit,direct,log,50.0,920.0,1470.0,31.199679099168232,28.62555073591552
3,ElasticNet,6.9690210819244385,,200.0,0.0,-1.0,arm1,linear,HP_Peak,size,netfit,direct,log,50.0,920.0,1470.0,30.957545219815213,28.335643533630673
3,PLS,6.167585372924805,,200.0,0.0,-1.0,arm1,linear,HP_Peak,size,netfit,direct,log,50.0,920.0,1470.0,31.70746540789971,28.974060380723916
3,Linear,0.12215971946716309,,200.0,0.0,-1.0,arm1,linear,HP_Peak,size,netfit,residual,log,0.0,920.0,1470.0,26.60724479123885,21.091833251645966
3,Ridge,4.841535806655884,,200.0,0.0,-1.0,arm1,linear,HP_Peak,size,netfit,residual,log,50.0,920.0,1470.0,26.239468742484277,21.698570365240915
3,Lasso,12.355685472488403,,200.0,0.0,-1.0,arm1,linear,HP_Peak,size,netfit,residual,log,50.0,920.0,1470.0,26.104288467015213,21.763060850654618
3,ElasticNet,17.497124671936035,,200.0,0.0,-1.0,arm1,linear,HP_Peak,size,netfit,residual,log,50.0,920.0,1470.0,26.230808518963954,22.29986177307764
3,PLS,6.389270782470703,,200.0,0.0,-1.0,arm1,linear,HP_Peak,size,netfit,residual,log,50.0,920.0,1470.0,26.396931776903326,22.8512540673327
3,Linear,0.17133545875549316,,200.0,1.0,-1.0,arm1,linear,HP_Peak,size,netfit,direct,log,0.0,890.0,1600.0,32.636949087774084,30.02514402434014
3,Ridge,6.774388551712036,,200.0,1.0,-1.0,arm1,linear,HP_Peak,size,netfit,direct,log,50.0,890.0,1600.0,31.536186931631715,28.958522745089084
3,Lasso,14.872429609298706,,200.0,1.0,-1.0,arm1,linear,HP_Peak,size,netfit,direct,log,50.0,890.0,1600.0,30.89566148815765,30.607230075802416
3,ElasticNet,9.280223369598389,,200.0,1.0,-1.0,arm1,linear,HP_Peak,size,netfit,direct,log,50.0,890.0,1600.0,30.67985705548853,30.354907741524872
3,PLS,5.669245004653931,,200.0,1.0,-1.0,arm1,linear,HP_Peak,size,netfit,direct,log,50.0,890.0,1600.0,30.77826702335566,30.595459154848488
3,Linear,0.12751507759094238,,200.0,1.0,-1.0,arm1,linear,HP_Peak,size,netfit,residual,log,0.0,890.0,1600.0,25.707248534069535,22.250703211293988
3,Ridge,4.703015327453613,,200.0,1.0,-1.0,arm1,linear,HP_Peak,size,netfit,residual,log,50.0,890.0,1600.0,25.056862464507567,22.532374090128027
3,Lasso,17.073617696762085,,200.0,1.0,-1.0,arm1,linear,HP_Peak,size,netfit,residual,log,50.0,890.0,1600.0,25.25329429506388,22.584626308945143
3,ElasticNet,34.82265853881836,,200.0,1.0,-1.0,arm1,linear,HP_Peak,size,netfit,residual,log,50.0,890.0,1600.0,25.17178703999449,22.603163440251024
3,PLS,7.595431804656982,,200.0,1.0,-1.0,arm1,linear,HP_Peak,size,netfit,residual,log,50.0,890.0,1600.0,25.62787360066722,22.842738591460126
4,Linear,0.11285161972045898,,32.0,1.0,-1.0,arm1,linear,HP_Peak,size,netfit,direct,log,0.0,125.0,350.0,29.982795835412396,25.644542414104542
4,Ridge,3.5024914741516113,,32.0,1.0,-1.0,arm1,linear,HP_Peak,size,netfit,direct,log,50.0,125.0,350.0,26.97799598571689,27.062210260322182
4,Lasso,6.741904973983765,,32.0,1.0,-1.0,arm1,linear,HP_Peak,size,netfit,direct,log,50.0,125.0,350.0,27.15921914183229,28.019956863116523
4,ElasticNet,4.933313846588135,,32.0,1.0,-1.0,arm1,linear,HP_Peak,size,netfit,direct,log,50.0,125.0,350.0,26.745676402898347,27.20796594811306
4,PLS,4.472872972488403,,32.0,1.0,-1.0,arm1,linear,HP_Peak,size,netfit,direct,log,50.0,125.0,350.0,26.89427531463896,29.848259423969953
4,Linear,0.09861111640930176,,32.0,1.0,-1.0,arm1,linear,HP_Peak,size,netfit,residual,log,0.0,125.0,350.0,33.100405097780566,24.010765731590052
4,Ridge,3.5612635612487793,,32.0,1.0,-1.0,arm1,linear,HP_Peak,size,netfit,residual,log,50.0,125.0,350.0,29.465060154804252,26.615256463764286
4,Lasso,5.692290782928467,,32.0,1.0,-1.0,arm1,linear,HP_Peak,size,netfit,residual,log,50.0,125.0,350.0,28.872984152864703,28.264552129129545
4,ElasticNet,6.037024021148682,,32.0,1.0,-1.0,arm1,linear,HP_Peak,size,netfit,residual,log,50.0,125.0,350.0,28.77829817344364,28.669626765888534
4,PLS,4.356070041656494,,32.0,1.0,-1.0,arm1,linear,HP_Peak,size,netfit,residual,log,50.0,125.0,350.0,29.41290691441024,26.872397848469408
4,Linear,0.13183307647705078,,62.0,0.0,-1.0,arm1,linear,HP_Peak,size,netfit,direct,log,0.0,280.0,470.0,37.03231507069654,22.07253208961891
4,Ridge,4.265037298202515,,62.0,0.0,-1.0,arm1,linear,HP_Peak,size,netfit,direct,log,50.0,280.0,470.0,28.197289901148224,22.539075987097206
4,Lasso,8.99681830406189,,62.0,0.0,-1.0,arm1,linear,HP_Peak,size,netfit,direct,log,50.0,280.0,470.0,28.307974367691347,23.2900499193056
4,ElasticNet,4.988304615020752,,62.0,0.0,-1.0,arm1,linear,HP_Peak,size,netfit,direct,log,50.0,280.0,470.0,28.234529327905516,22.861659638064953
4,PLS,5.103266477584839,,62.0,0.0,-1.0,arm1,linear,HP_Peak,size,netfit,direct,log,50.0,280.0,470.0,28.680365042702395,26.83376631198146
4,Linear,0.09060192108154297,,62.0,0.0,-1.0,arm1,linear,HP_Peak,size,netfit,residual,log,0.0,280.0,470.0,31.808793089754477,20.313466486233057
4,Ridge,3.935680389404297,,62.0,0.0,-1.0,arm1,linear,HP_Peak,size,netfit,residual,log,50.0,280.0,470.0,28.75565087428107,22.26149118077427
4,Lasso,7.251247882843018,,62.0,0.0,-1.0,arm1,linear,HP_Peak,size,netfit,residual,log,50.0,280.0,470.0,29.234903721220007,22.32727413273952
4,ElasticNet,6.985335111618042,,62.0,0.0,-1.0,arm1,linear,HP_Peak,size,netfit,residual,log,50.0,280.0,470.0,29.063746667421643,22.523785478741516
4,PLS,4.627749681472778,,62.0,0.0,-1.0,arm1,linear,HP_Peak,size,netfit,residual,log,50.0,280.0,470.0,28.390901316380056,23.10229475393661
4,Linear,0.1031501293182373,,62.0,1.0,-1.0,arm1,linear,HP_Peak,size,netfit,direct,log,0.0,280.0,650.0,33.168618779193025,24.557513135092982
4,Ridge,3.671077251434326,,62.0,1.0,-1.0,arm1,linear,HP_Peak,size,netfit,direct,log,50.0,280.0,650.0,27.90147292740817,24.997153877892814
4,Lasso,7.127269268035889,,62.0,1.0,-1.0,arm1,linear,HP_Peak,size,netfit,direct,log,50.0,280.0,650.0,28.1225422938902,26.073358226864723
4,ElasticNet,5.067249536514282,,62.0,1.0,-1.0,arm1,linear,HP_Peak,size,netfit,direct,log,50.0,280.0,650.0,28.066609929412138,26.386893605939317
4,PLS,4.793188571929932,,62.0,1.0,-1.0,arm1,linear,HP_Peak,size,netfit,direct,log,50.0,280.0,650.0,28.28334526933447,25.104641254394856
4,Linear,0.09603381156921387,,62.0,1.0,-1.0,arm1,linear,HP_Peak,size,netfit,residual,log,0.0,280.0,650.0,34.187912647784984,22.893947008882083
4,Ridge,4.016708850860596,,62.0,1.0,-1.0,arm1,linear,HP_Peak,size,netfit,residual,log,50.0,280.0,650.0,28.194716406684748,23.737114333942927
4,Lasso,7.055826663970947,,62.0,1.0,-1.0,arm1,linear,HP_Peak,size,netfit,residual,log,50.0,280.0,650.0,28.33010006543965,24.184800390586112
4,ElasticNet,9.068567991256714,,62.0,1.0,-1.0,arm1,linear,HP_Peak,size,netfit,residual,log,50.0,280.0,650.0,28.30051089161962,24.126529240748365
4,PLS,4.7485270500183105,,62.0,1.0,-1.0,arm1,linear,HP_Peak,size,netfit,residual,log,50.0,280.0,650.0,28.733546919703382,24.666171068634302
4,Linear,0.12451982498168945,,100.0,0.0,-1.0,arm1,linear,HP_Peak,size,netfit,direct,log,0.0,510.0,830.0,29.496607137148796,22.472698012466484
4,Ridge,4.838558673858643,,100.0,0.0,-1.0,arm1,linear,HP_Peak,size,netfit,direct,log,50.0,510.0,830.0,28.409390520357146,23.435271803830123
4,Lasso,9.727324485778809,,100.0,0.0,-1.0,arm1,linear,HP_Peak,size,netfit,direct,log,50.0,510.0,830.0,28.235599378212022,22.140947306310423
4,ElasticNet,6.464439868927002,,100.0,0.0,-1.0,arm1,linear,HP_Peak,size,netfit,direct,log,50.0,510.0,830.0,28.13630832820061,22.76353204041548
4,PLS,5.48192286491394,,100.0,0.0,-1.0,arm1,linear,HP_Peak,size,netfit,direct,log,50.0,510.0,830.0,27.974375389181827,22.305518053816293
4,Linear,0.09993147850036621,,100.0,0.0,-1.0,arm1,linear,HP_Peak,size,netfit,residual,log,0.0,510.0,830.0,26.995325803665718,18.579686195999344
4,Ridge,4.116871118545532,,100.0,0.0,-1.0,arm1,linear,HP_Peak,size,netfit,residual,log,50.0,510.0,830.0,26.037210736210362,19.392859282839876
4,Lasso,7.94100546836853,,100.0,0.0,-1.0,arm1,linear,HP_Peak,size,netfit,residual,log,50.0,510.0,830.0,26.14328698271698,19.673299807419152
4,ElasticNet,13.339085578918457,,100.0,0.0,-1.0,arm1,linear,HP_Peak,size,netfit,residual,log,50.0,510.0,830.0,26.14520844460458,19.773185432154456
4,PLS,5.038021087646484,,100.0,0.0,-1.0,arm1,linear,HP_Peak,size,netfit,residual,log,50.0,510.0,830.0,26.349087979426095,21.359700462702595
4,Linear,0.1071920394897461,,100.0,1.0,-1.0,arm1,linear,HP_Peak,size,netfit,direct,log,0.0,570.0,930.0,28.90546649827912,24.4790828053243
4,Ridge,4.097812175750732,,100.0,1.0,-1.0,arm1,linear,HP_Peak,size,netfit,direct,log,50.0,570.0,930.0,28.776727814304465,27.50857307503363
4,Lasso,10.17713475227356,,100.0,1.0,-1.0,arm1,linear,HP_Peak,size,netfit,direct,log,50.0,570.0,930.0,28.47661974240688,26.80326857772738
4,ElasticNet,5.852082967758179,,100.0,1.0,-1.0,arm1,linear,HP_Peak,size,netfit,direct,log,50.0,570.0,930.0,28.501339936212375,27.11355141504607
4,PLS,5.256317853927612,,100.0,1.0,-1.0,arm1,linear,HP_Peak,size,netfit,direct,log,50.0,570.0,930.0,28.766700878502487,26.031236284448756
4,Linear,0.10811614990234375,,100.0,1.0,-1.0,arm1,linear,HP_Peak,size,netfit,residual,log,0.0,570.0,930.0,28.857861511910404,21.6876571113774
4,Ridge,4.303552865982056,,100.0,1.0,-1.0,arm1,linear,HP_Peak,size,netfit,residual,log,50.0,570.0,930.0,28.856781636784067,24.7512215074363
4,Lasso,8.568209409713745,,100.0,1.0,-1.0,arm1,linear,HP_Peak,size,netfit,residual,log,50.0,570.0,930.0,28.38213130834564,25.1712378860193
4,ElasticNet,10.057766199111938,,100.0,1.0,-1.0,arm1,linear,HP_Peak,size,netfit,residual,log,50.0,570.0,930.0,28.400932143357387,25.197383111669936
4,PLS,6.064542531967163,,100.0,1.0,-1.0,arm1,linear,HP_Peak,size,netfit,residual,log,50.0,570.0,930.0,28.404429021410877,25.9913724642076
4,Linear,0.15453529357910156,,200.0,0.0,-1.0,arm1,linear,HP_Peak,size,netfit,direct,log,0.0,910.0,1620.0,32.21181232969242,26.660565021300915
4,Ridge,4.980983018875122,,200.0,0.0,-1.0,arm1,linear,HP_Peak,size,netfit,direct,log,50.0,910.0,1620.0,30.876841346745383,27.669755680077802
4,Lasso,16.486075401306152,,200.0,0.0,-1.0,arm1,linear,HP_Peak,size,netfit,direct,log,50.0,910.0,1620.0,29.792583874900824,27.904870203710953
4,ElasticNet,7.883465766906738,,200.0,0.0,-1.0,arm1,linear,HP_Peak,size,netfit,direct,log,50.0,910.0,1620.0,29.68550208433136,28.141539056750453
4,PLS,5.916332006454468,,200.0,0.0,-1.0,arm1,linear,HP_Peak,size,netfit,direct,log,50.0,910.0,1620.0,28.82228871479698,28.492803993377624
4,Linear,0.11523127555847168,,200.0,0.0,-1.0,arm1,linear,HP_Peak,size,netfit,residual,log,0.0,910.0,1620.0,26.559485780504165,20.191409381047727
4,Ridge,4.604301452636719,,200.0,0.0,-1.0,arm1,linear,HP_Peak,size,netfit,residual,log,50.0,910.0,1620.0,24.750764466994095,20.99000417680052
4,Lasso,18.469791412353516,,200.0,0.0,-1.0,arm1,linear,HP_Peak,size,netfit,residual,log,50.0,910.0,1620.0,24.964914741343893,21.091278273375053
4,ElasticNet,24.72355604171753,,200.0,0.0,-1.0,arm1,linear,HP_Peak,size,netfit,residual,log,50.0,910.0,1620.0,24.73922108622667,21.101798235471353
4,PLS,6.72571587562561,,200.0,0.0,-1.0,arm1,linear,HP_Peak,size,netfit,residual,log,50.0,910.0,1620.0,24.872121413463386,21.139207253639434
4,Linear,0.16533565521240234,,200.0,1.0,-1.0,arm1,linear,HP_Peak,size,netfit,direct,log,0.0,950.0,1530.0,26.961801386652052,26.77311700925966
4,Ridge,4.3162007331848145,,200.0,1.0,-1.0,arm1,linear,HP_Peak,size,netfit,direct,log,50.0,950.0,1530.0,27.253916674883254,26.818148369491603
4,Lasso,11.86522626876831,,200.0,1.0,-1.0,arm1,linear,HP_Peak,size,netfit,direct,log,50.0,950.0,1530.0,28.07507983263366,26.657666986120077
4,ElasticNet,8.422739505767822,,200.0,1.0,-1.0,arm1,linear,HP_Peak,size,netfit,direct,log,50.0,950.0,1530.0,27.034806825209994,26.814377106349724
4,PLS,5.7730278968811035,,200.0,1.0,-1.0,arm1,linear,HP_Peak,size,netfit,direct,log,50.0,950.0,1530.0,27.720410192709057,26.424270010343147
4,Linear,0.12185859680175781,,200.0,1.0,-1.0,arm1,linear,HP_Peak,size,netfit,residual,log,0.0,950.0,1530.0,22.6943901530274,21.70775282982114
4,Ridge,4.39575719833374,,200.0,1.0,-1.0,arm1,linear,HP_Peak,size,netfit,residual,log,50.0,950.0,1530.0,22.58299445612527,21.450557953587186
4,Lasso,16.802839517593384,,200.0,1.0,-1.0,arm1,linear,HP_Peak,size,netfit,residual,log,50.0,950.0,1530.0,22.68962373373595,21.457097834218324
4,ElasticNet,24.412010192871094,,200.0,1.0,-1.0,arm1,linear,HP_Peak,size,netfit,residual,log,50.0,950.0,1530.0,22.60230906091801,21.55577639369932
4,PLS,6.45238184928894,,200.0,1.0,-1.0,arm1,linear,HP_Peak,size,netfit,residual,log,50.0,950.0,1530.0,22.673077996480853,21.465719648312113
5,Linear,0.19120049476623535,,62.0,0.0,-1.0,arm1,linear,HP_Peak,size,netfit,direct,log,0.0,265.0,710.0,34.20147425632555,29.28273442754031
5,Ridge,6.1789984703063965,,62.0,0.0,-1.0,arm1,linear,HP_Peak,size,netfit,direct,log,50.0,265.0,710.0,32.40692588787626,32.39860080790701
5,Lasso,9.83312439918518,,62.0,0.0,-1.0,arm1,linear,HP_Peak,size,netfit,direct,log,50.0,265.0,710.0,33.10730350807759,32.60236560624097
5,ElasticNet,5.71721625328064,,62.0,0.0,-1.0,arm1,linear,HP_Peak,size,netfit,direct,log,50.0,265.0,710.0,33.04327597906292,32.52612299946475
5,PLS,5.6609814167022705,,62.0,0.0,-1.0,arm1,linear,HP_Peak,size,netfit,direct,log,50.0,265.0,710.0,32.59813520370378,33.558368526956315
5,Linear,0.1299741268157959,,62.0,0.0,-1.0,arm1,linear,HP_Peak,size,netfit,residual,log,0.0,265.0,710.0,36.299520719078345,28.645421259305344
5,Ridge,5.495313882827759,,62.0,0.0,-1.0,arm1,linear,HP_Peak,size,netfit,residual,log,50.0,265.0,710.0,32.998247312265015,32.238492117001925
5,Lasso,11.380348443984985,,62.0,0.0,-1.0,arm1,linear,HP_Peak,size,netfit,residual,log,50.0,265.0,710.0,33.390967571788615,33.118127877057816
5,ElasticNet,9.662635326385498,,62.0,0.0,-1.0,arm1,linear,HP_Peak,size,netfit,residual,log,50.0,265.0,710.0,33.11598859145633,33.06307585107328
5,PLS,4.8655619621276855,,62.0,0.0,-1.0,arm1,linear,HP_Peak,size,netfit,residual,log,50.0,265.0,710.0,32.83385744770139,34.347196790224615
5,Linear,0.11951613426208496,,62.0,1.0,-1.0,arm1,linear,HP_Peak,size,netfit,direct,log,0.0,275.0,640.0,31.53853818115757,26.768526039605355
5,Ridge,4.748162031173706,,62.0,1.0,-1.0,arm1,linear,HP_Peak,size,netfit,direct,log,50.0,275.0,640.0,29.606515252497484,26.5050527937658
5,Lasso,17.064788341522217,,62.0,1.0,-1.0,arm1,linear,HP_Peak,size,netfit,direct,log,50.0,275.0,640.0,29.653210927905274,26.615186408850427
5,ElasticNet,6.116167783737183,,62.0,1.0,-1.0,arm1,linear,HP_Peak,size,netfit,direct,log,50.0,275.0,640.0,29.69227298028035,26.559998207586887
5,PLS,5.476618766784668,,62.0,1.0,-1.0,arm1,linear,HP_Peak,size,netfit,direct,log,50.0,275.0,640.0,29.879946897754827,26.7282911036707
5,Linear,0.10295987129211426,,62.0,1.0,-1.0,arm1,linear,HP_Peak,size,netfit,residual,log,0.0,275.0,640.0,31.349547396738572,25.106882399654516
5,Ridge,4.316967010498047,,62.0,1.0,-1.0,arm1,linear,HP_Peak,size,netfit,residual,log,50.0,275.0,640.0,29.566223866462487,25.627794261029162
5,Lasso,13.510827779769897,,62.0,1.0,-1.0,arm1,linear,HP_Peak,size,netfit,residual,log,50.0,275.0,640.0,29.739349304722502,25.509539866339363
5,ElasticNet,12.836389303207397,,62.0,1.0,-1.0,arm1,linear,HP_Peak,size,netfit,residual,log,50.0,275.0,640.0,29.662932830573006,26.002003475846784
5,PLS,5.895240068435669,,62.0,1.0,-1.0,arm1,linear,HP_Peak,size,netfit,residual,log,50.0,275.0,640.0,29.686472151779338,25.10729680396379
5,Linear,0.11937904357910156,,100.0,0.0,-1.0,arm1,linear,HP_Peak,size,netfit,direct,log,0.0,495.0,1010.0,27.95367677396255,27.85450812214993
5,Ridge,3.9642906188964844,,100.0,0.0,-1.0,arm1,linear,HP_Peak,size,netfit,direct,log,50.0,495.0,1010.0,27.645120999884835,27.952486626074503
5,Lasso,12.18278193473816,,100.0,0.0,-1.0,arm1,linear,HP_Peak,size,netfit,direct,log,50.0,495.0,1010.0,27.659135666298052,27.94693391620991
5,ElasticNet,8.128596782684326,,100.0,0.0,-1.0,arm1,linear,HP_Peak,size,netfit,direct,log,50.0,495.0,1010.0,27.65937762513701,27.938574117376184
5,PLS,5.340809345245361,,100.0,0.0,-1.0,arm1,linear,HP_Peak,size,netfit,direct,log,50.0,495.0,1010.0,27.951544452532765,27.87345408315674
5,Linear,0.09497761726379395,,100.0,0.0,-1.0,arm1,linear,HP_Peak,size,netfit,residual,log,0.0,495.0,1010.0,27.092871566091258,24.238381758524294
5,Ridge,3.9377806186676025,,100.0,0.0,-1.0,arm1,linear,HP_Peak,size,netfit,residual,log,50.0,495.0,1010.0,27.234756908852876,23.985204626054202
5,Lasso,14.229163885116577,,100.0,0.0,-1.0,arm1,linear,HP_Peak,size,netfit,residual,log,50.0,495.0,1010.0,27.213866424615727,23.81331590278995
5,ElasticNet,19.8698091506958,,100.0,0.0,-1.0,arm1,linear,HP_Peak,size,netfit,residual,log,50.0,495.0,1010.0,27.212820042992306,23.823397136881763
5,PLS,5.355132818222046,,100.0,0.0,-1.0,arm1,linear,HP_Peak,size,netfit,residual,log,50.0,495.0,1010.0,27.375579130452465,24.17746564133098
5,Linear,0.13074970245361328,,100.0,1.0,-1.0,arm1,linear,HP_Peak,size,netfit,direct,log,0.0,460.0,940.0,30.908816213182355,23.90542316475249
5,Ridge,4.164875507354736,,100.0,1.0,-1.0,arm1,linear,HP_Peak,size,netfit,direct,log,50.0,460.0,940.0,29.33671489961203,24.28813332730464
5,Lasso,9.247130632400513,,100.0,1.0,-1.0,arm1,linear,HP_Peak,size,netfit,direct,log,50.0,460.0,940.0,29.50303164700001,26.674387137220656
5,ElasticNet,6.839643716812134,,100.0,1.0,-1.0,arm1,linear,HP_Peak,size,netfit,direct,log,50.0,460.0,940.0,29.306741362284672,25.11805818727944
5,PLS,5.2998270988464355,,100.0,1.0,-1.0,arm1,linear,HP_Peak,size,netfit,direct,log,50.0,460.0,940.0,29.363639738323403,26.23827872607431
5,Linear,0.09629440307617188,,100.0,1.0,-1.0,arm1,linear,HP_Peak,size,netfit,residual,log,0.0,460.0,940.0,29.737310615696796,21.702040287002113
5,Ridge,3.8381288051605225,,100.0,1.0,-1.0,arm1,linear,HP_Peak,size,netfit,residual,log,50.0,460.0,940.0,28.49998779567711,25.312408633553794
5,Lasso,10.273775577545166,,100.0,1.0,-1.0,arm1,linear,HP_Peak,size,netfit,residual,log,50.0,460.0,940.0,28.26278638791636,26.792005286393124
5,ElasticNet,12.47061824798584,,100.0,1.0,-1.0,arm1,linear,HP_Peak,size,netfit,residual,log,50.0,460.0,940.0,28.29889006644633,26.6391729868369
5,PLS,5.003062725067139,,100.0,1.0,-1.0,arm1,linear,HP_Peak,size,netfit,residual,log,50.0,460.0,940.0,28.167967818859637,27.04532616487556
5,Linear,0.22012901306152344,,200.0,0.0,-1.0,arm1,linear,HP_Peak,size,netfit,direct,log,0.0,980.0,1640.0,29.19794420492284,27.607381506890345
5,Ridge,5.5532066822052,,200.0,0.0,-1.0,arm1,linear,HP_Peak,size,netfit,direct,log,50.0,980.0,1640.0,29.29536924094213,27.69755790184388
5,Lasso,17.10650658607483,,200.0,0.0,-1.0,arm1,linear,HP_Peak,size,netfit,direct,log,50.0,980.0,1640.0,29.376755461910687,28.20003026441094
5,ElasticNet,8.830488681793213,,200.0,0.0,-1.0,arm1,linear,HP_Peak,size,netfit,direct,log,50.0,980.0,1640.0,29.445635901716663,27.73171156053378
5,PLS,5.793039083480835,,200.0,0.0,-1.0,arm1,linear,HP_Peak,size,netfit,direct,log,50.0,980.0,1640.0,29.39803514161607,27.57389989579203
5,Linear,0.1091158390045166,,200.0,0.0,-1.0,arm1,linear,HP_Peak,size,netfit,residual,log,0.0,980.0,1640.0,25.690142225222395,21.770833829965717
5,Ridge,4.763921022415161,,200.0,0.0,-1.0,arm1,linear,HP_Peak,size,netfit,residual,log,50.0,980.0,1640.0,25.288866436303806,22.06489777665767
5,Lasso,18.888011693954468,,200.0,0.0,-1.0,arm1,linear,HP_Peak,size,netfit,residual,log,50.0,980.0,1640.0,25.41133738063163,21.979933869067892
5,ElasticNet,30.508890390396118,,200.0,0.0,-1.0,arm1,linear,HP_Peak,size,netfit,residual,log,50.0,980.0,1640.0,25.376891292781217,21.957566156003967
5,PLS,6.536563396453857,,200.0,0.0,-1.0,arm1,linear,HP_Peak,size,netfit,residual,log,50.0,980.0,1640.0,25.456637849353076,22.288727395455272
5,Linear,0.17133021354675293,,200.0,1.0,-1.0,arm1,linear,HP_Peak,size,netfit,direct,log,0.0,940.0,1520.0,29.054476611858746,27.84319294459493
5,Ridge,5.416814088821411,,200.0,1.0,-1.0,arm1,linear,HP_Peak,size,netfit,direct,log,50.0,940.0,1520.0,28.185167664384547,28.376572816914763
5,Lasso,24.18132472038269,,200.0,1.0,-1.0,arm1,linear,HP_Peak,size,netfit,direct,log,50.0,940.0,1520.0,28.187979984594016,29.075209979795936
5,ElasticNet,9.052513837814331,,200.0,1.0,-1.0,arm1,linear,HP_Peak,size,netfit,direct,log,50.0,940.0,1520.0,28.130483907421674,28.947642647273085
5,PLS,7.054272174835205,,200.0,1.0,-1.0,arm1,linear,HP_Peak,size,netfit,direct,log,50.0,940.0,1520.0,27.811441940550957,28.659520820168076
5,Linear,0.13094615936279297,,200.0,1.0,-1.0,arm1,linear,HP_Peak,size,netfit,residual,log,0.0,940.0,1520.0,26.3042266595782,21.966491113336023
5,Ridge,4.458521842956543,,200.0,1.0,-1.0,arm1,linear,HP_Peak,size,netfit,residual,log,50.0,940.0,1520.0,27.403717378346908,24.135773610346032
5,Lasso,25.49842619895935,,200.0,1.0,-1.0,arm1,linear,HP_Peak,size,netfit,residual,log,50.0,940.0,1520.0,25.8493400878827,23.707478246615388
5,ElasticNet,27.37564992904663,,200.0,1.0,-1.0,arm1,linear,HP_Peak,size,netfit,residual,log,50.0,940.0,1520.0,25.87721829721608,23.70713758579674
5,PLS,6.595120906829834,,200.0,1.0,-1.0,arm1,linear,HP_Peak,size,netfit,residual,log,50.0,940.0,1520.0,27.41366444553537,25.164680354673703
6,Linear,0.09546566009521484,,32.0,0.0,-1.0,arm1,linear,HP_Peak,size,netfit,direct,log,0.0,185.0,350.0,33.18949761802997,27.425112324771256
6,Ridge,3.4025180339813232,,32.0,0.0,-1.0,arm1,linear,HP_Peak,size,netfit,direct,log,50.0,185.0,350.0,30.10136593273016,32.98173806162095
6,Lasso,6.918765306472778,,32.0,0.0,-1.0,arm1,linear,HP_Peak,size,netfit,direct,log,50.0,185.0,350.0,30.381161749858336,32.45541115877878
6,ElasticNet,4.958933115005493,,32.0,0.0,-1.0,arm1,linear,HP_Peak,size,netfit,direct,log,50.0,185.0,350.0,30.49063573465532,32.5331416754105
6,PLS,4.53515625,,32.0,0.0,-1.0,arm1,linear,HP_Peak,size,netfit,direct,log,50.0,185.0,350.0,29.589194122179066,34.296208011435525
6,Linear,0.0896768569946289,,32.0,0.0,-1.0,arm1,linear,HP_Peak,size,netfit,residual,log,0.0,185.0,350.0,31.805249597804117,24.744471739573807
6,Ridge,3.557595729827881,,32.0,0.0,-1.0,arm1,linear,HP_Peak,size,netfit,residual,log,50.0,185.0,350.0,28.50483375627072,29.691262280910646
6,Lasso,6.143280267715454,,32.0,0.0,-1.0,arm1,linear,HP_Peak,size,netfit,residual,log,50.0,185.0,350.0,28.419565536766363,30.398584564571102
6,ElasticNet,6.169026613235474,,32.0,0.0,-1.0,arm1,linear,HP_Peak,size,netfit,residual,log,50.0,185.0,350.0,28.366801467798833,30.975425521339638
6,PLS,4.4028191566467285,,32.0,0.0,-1.0,arm1,linear,HP_Peak,size,netfit,residual,log,50.0,185.0,350.0,28.263151563043944,30.5005067145405
6,Linear,0.09692668914794922,,62.0,0.0,-1.0,arm1,linear,HP_Peak,size,netfit,direct,log,0.0,315.0,700.0,35.26080735614695,26.32746301598393
6,Ridge,3.9235541820526123,,62.0,0.0,-1.0,arm1,linear,HP_Peak,size,netfit,direct,log,50.0,315.0,700.0,35.1431640920725,26.80155253151178
6,Lasso,10.45859408378601,,62.0,0.0,-1.0,arm1,linear,HP_Peak,size,netfit,direct,log,50.0,315.0,700.0,35.897034815401625,28.24181468903351
6,ElasticNet,5.778846740722656,,62.0,0.0,-1.0,arm1,linear,HP_Peak,size,netfit,direct,log,50.0,315.0,700.0,35.68119844459606,27.932639920236745
6,PLS,5.355224609375,,62.0,0.0,-1.0,arm1,linear,HP_Peak,size,netfit,direct,log,50.0,315.0,700.0,34.88766199122269,27.276240494288466
6,Linear,0.10122299194335938,,62.0,0.0,-1.0,arm1,linear,HP_Peak,size,netfit,residual,log,0.0,315.0,700.0,37.05173099425384,25.14546290362693
6,Ridge,4.4174487590789795,,62.0,0.0,-1.0,arm1,linear,HP_Peak,size,netfit,residual,log,50.0,315.0,700.0,37.67993086876646,27.2118376295852
6,Lasso,11.274199485778809,,62.0,0.0,-1.0,arm1,linear,HP_Peak,size,netfit,residual,log,50.0,315.0,700.0,37.652607231933374,28.78582681563194
6,ElasticNet,11.895277976989746,,62.0,0.0,-1.0,arm1,linear,HP_Peak,size,netfit,residual,log,50.0,315.0,700.0,37.64966810824545,28.425991792502625
6,PLS,5.1898033618927,,62.0,0.0,-1.0,arm1,linear,HP_Peak,size,netfit,residual,log,50.0,315.0,700.0,37.212548268453126,27.174892348078327
6,Linear,0.07931184768676758,,62.0,1.0,-1.0,arm1,linear,HP_Peak,size,netfit,direct,log,0.0,280.0,690.0,33.18079115736696,25.935583246366484
6,Ridge,3.559239625930786,,62.0,1.0,-1.0,arm1,linear,HP_Peak,size,netfit,direct,log,50.0,280.0,690.0,29.251609855163245,30.260627365728748
6,Lasso,7.640807628631592,,62.0,1.0,-1.0,arm1,linear,HP_Peak,size,netfit,direct,log,50.0,280.0,690.0,29.68333998939339,29.37930939786485
6,ElasticNet,4.40058970451355,,62.0,1.0,-1.0,arm1,linear,HP_Peak,size,netfit,direct,log,50.0,280.0,690.0,29.653178157002817,29.870728900303046
6,PLS,5.090553045272827,,62.0,1.0,-1.0,arm1,linear,HP_Peak,size,netfit,direct,log,50.0,280.0,690.0,29.097796412331842,31.954038471562622
6,Linear,0.1036214828491211,,62.0,1.0,-1.0,arm1,linear,HP_Peak,size,netfit,residual,log,0.0,280.0,690.0,30.527401710542822,23.61911671875688
6,Ridge,3.954231023788452,,62.0,1.0,-1.0,arm1,linear,HP_Peak,size,netfit,residual,log,50.0,280.0,690.0,28.48152226336478,26.836940585962292
6,Lasso,6.9020655155181885,,62.0,1.0,-1.0,arm1,linear,HP_Peak,size,netfit,residual,log,50.0,280.0,690.0,28.92339741857216,27.197260020495655
6,ElasticNet,6.781351566314697,,62.0,1.0,-1.0,arm1,linear,HP_Peak,size,netfit,residual,log,50.0,280.0,690.0,28.843828611387348,27.427502156592066
6,PLS,4.845463752746582,,62.0,1.0,-1.0,arm1,linear,HP_Peak,size,netfit,residual,log,50.0,280.0,690.0,28.53663351304503,27.562972818981468
6,Linear,0.14333534240722656,,100.0,0.0,-1.0,arm1,linear,HP_Peak,size,netfit,direct,log,0.0,505.0,950.0,31.057797954494642,26.952717969239586
6,Ridge,4.5136940479278564,,100.0,0.0,-1.0,arm1,linear,HP_Peak,size,netfit,direct,log,50.0,505.0,950.0,30.24379750037749,27.23064999361844
6,Lasso,18.108468055725098,,100.0,0.0,-1.0,arm1,linear,HP_Peak,size,netfit,direct,log,50.0,505.0,950.0,30.21022988310449,27.352626745101784
6,ElasticNet,7.933826684951782,,100.0,0.0,-1.0,arm1,linear,HP_Peak,size,netfit,direct,log,50.0,505.0,950.0,30.131679134837636,27.315079365758105
6,PLS,5.4222352504730225,,100.0,0.0,-1.0,arm1,linear,HP_Peak,size,netfit,direct,log,50.0,505.0,950.0,30.327225559006497,27.424373881449643
6,Linear,0.10020041465759277,,100.0,0.0,-1.0,arm1,linear,HP_Peak,size,netfit,residual,log,0.0,505.0,950.0,28.824036193163128,21.776164545851092
6,Ridge,4.30573582649231,,100.0,0.0,-1.0,arm1,linear,HP_Peak,size,netfit,residual,log,50.0,505.0,950.0,29.77243634575978,24.85951880724419
6,Lasso,13.224232912063599,,100.0,0.0,-1.0,arm1,linear,HP_Peak,size,netfit,residual,log,50.0,505.0,950.0,29.48173490872512,22.744212986086566
6,ElasticNet,15.338545560836792,,100.0,0.0,-1.0,arm1,linear,HP_Peak,size,netfit,residual,log,50.0,505.0,950.0,29.5876554300907,22.802143206442604
6,PLS,5.128162622451782,,100.0,0.0,-1.0,arm1,linear,HP_Peak,size,netfit,residual,log,50.0,505.0,950.0,30.714356236365457,27.160257666518532
6,Linear,0.0930171012878418,,100.0,1.0,-1.0,arm1,linear,HP_Peak,size,netfit,direct,log,0.0,455.0,1030.0,29.120711184724122,24.459218618147126
6,Ridge,3.834813117980957,,100.0,1.0,-1.0,arm1,linear,HP_Peak,size,netfit,direct,log,50.0,455.0,1030.0,28.81329049971506,25.23069910953962
6,Lasso,9.877279281616211,,100.0,1.0,-1.0,arm1,linear,HP_Peak,size,netfit,direct,log,50.0,455.0,1030.0,29.811402024185032,28.121866429688275
6,ElasticNet,7.780776739120483,,100.0,1.0,-1.0,arm1,linear,HP_Peak,size,netfit,direct,log,50.0,455.0,1030.0,28.68283320930643,25.33256237467113
6,PLS,5.487513303756714,,100.0,1.0,-1.0,arm1,linear,HP_Peak,size,netfit,direct,log,50.0,455.0,1030.0,28.990355829523363,25.94494136965026
6,Linear,0.08524441719055176,,100.0,1.0,-1.0,arm1,linear,HP_Peak,size,netfit,residual,log,0.0,455.0,1030.0,27.103167807250465,22.457812938090484
6,Ridge,3.8046274185180664,,100.0,1.0,-1.0,arm1,linear,HP_Peak,size,netfit,residual,log,50.0,455.0,1030.0,26.919904668210727,23.026480018954633
6,Lasso,13.491833209991455,,100.0,1.0,-1.0,arm1,linear,HP_Peak,size,netfit,residual,log,50.0,455.0,1030.0,26.91136647049333,23.184078044836074
6,ElasticNet,17.299339056015015,,100.0,1.0,-1.0,arm1,linear,HP_Peak,size,netfit,residual,log,50.0,455.0,1030.0,26.916495137248358,23.399416486886786
6,PLS,5.273753643035889,,100.0,1.0,-1.0,arm1,linear,HP_Peak,size,netfit,residual,log,50.0,455.0,1030.0,27.091533199626426,23.00213136969495
6,Linear,0.15897345542907715,,200.0,0.0,-1.0,arm1,linear,HP_Peak,size,netfit,direct,log,0.0,960.0,1650.0,32.362682724213315,25.823108120790945
6,Ridge,5.14234185218811,,200.0,0.0,-1.0,arm1,linear,HP_Peak,size,netfit,direct,log,50.0,960.0,1650.0,30.911770071961353,27.215957587936323
6,Lasso,15.722882986068726,,200.0,0.0,-1.0,arm1,linear,HP_Peak,size,netfit,direct,log,50.0,960.0,1650.0,31.270797022733827,27.69668009408654
6,ElasticNet,7.668839454650879,,200.0,0.0,-1.0,arm1,linear,HP_Peak,size,netfit,direct,log,50.0,960.0,1650.0,30.63763643546479,27.132928197026633
6,PLS,5.97987961769104,,200.0,0.0,-1.0,arm1,linear,HP_Peak,size,netfit,direct,log,50.0,960.0,1650.0,30.602206607839435,27.666509790920436
6,Linear,0.116424560546875,,200.0,0.0,-1.0,arm1,linear,HP_Peak,size,netfit,residual,log,0.0,960.0,1650.0,27.09528668840459,20.725367533437407
6,Ridge,4.994975805282593,,200.0,0.0,-1.0,arm1,linear,HP_Peak,size,netfit,residual,log,50.0,960.0,1650.0,25.854800867053783,22.176522996784655
6,Lasso,13.011655807495117,,200.0,0.0,-1.0,arm1,linear,HP_Peak,size,netfit,residual,log,50.0,960.0,1650.0,25.737386108388062,22.637233002961533
6,ElasticNet,12.21544599533081,,200.0,0.0,-1.0,arm1,linear,HP_Peak,size,netfit,residual,log,50.0,960.0,1650.0,25.768160808938507,22.78949752737091
6,PLS,8.201384782791138,,200.0,0.0,-1.0,arm1,linear,HP_Peak,size,netfit,residual,log,50.0,960.0,1650.0,26.41245728861292,22.6410995573654
6,Linear,0.15927553176879883,,200.0,1.0,-1.0,arm1,linear,HP_Peak,size,netfit,direct,log,0.0,935.0,1680.0,28.136806048519464,26.794958930781736
6,Ridge,4.693843603134155,,200.0,1.0,-1.0,arm1,linear,HP_Peak,size,netfit,direct,log,50.0,935.0,1680.0,28.678796309967154,27.2405725406465
6,Lasso,16.477059841156006,,200.0,1.0,-1.0,arm1,linear,HP_Peak,size,netfit,direct,log,50.0,935.0,1680.0,29.039944197545,27.48120105993089
6,ElasticNet,6.902015209197998,,200.0,1.0,-1.0,arm1,linear,HP_Peak,size,netfit,direct,log,50.0,935.0,1680.0,29.021539706334398,27.168678262562217
6,PLS,5.8510377407073975,,200.0,1.0,-1.0,arm1,linear,HP_Peak,size,netfit,direct,log,50.0,935.0,1680.0,28.489408250554106,26.70996064704207
6,Linear,0.12330126762390137,,200.0,1.0,-1.0,arm1,linear,HP_Peak,size,netfit,residual,log,0.0,935.0,1680.0,24.63266577738307,20.285472429326152
6,Ridge,6.908640384674072,,200.0,1.0,-1.0,arm1,linear,HP_Peak,size,netfit,residual,log,50.0,935.0,1680.0,24.710250042000236,21.36954941909676
6,Lasso,17.322622299194336,,200.0,1.0,-1.0,arm1,linear,HP_Peak,size,netfit,residual,log,50.0,935.0,1680.0,24.725243276879237,21.384004995768002
6,ElasticNet,18.409083127975464,,200.0,1.0,-1.0,arm1,linear,HP_Peak,size,netfit,residual,log,50.0,935.0,1680.0,24.717595188861686,21.3356303200284
6,PLS,6.131546258926392,,200.0,1.0,-1.0,arm1,linear,HP_Peak,size,netfit,residual,log,50.0,935.0,1680.0,24.992416734119278,21.433942475560958
7,Linear,0.09664297103881836,,32.0,0.0,-1.0,arm1,linear,HP_Peak,size,netfit,direct,log,0.0,125.0,290.0,28.13323377631771,22.685104052328203
7,Ridge,3.544402599334717,,32.0,0.0,-1.0,arm1,linear,HP_Peak,size,netfit,direct,log,50.0,125.0,290.0,25.971837328686554,22.66745183201708
7,Lasso,9.517851829528809,,32.0,0.0,-1.0,arm1,linear,HP_Peak,size,netfit,direct,log,50.0,125.0,290.0,25.49417035096065,22.731167701327855
7,ElasticNet,4.867267608642578,,32.0,0.0,-1.0,arm1,linear,HP_Peak,size,netfit,direct,log,50.0,125.0,290.0,25.67668098063575,22.71046964192736
7,PLS,4.379167079925537,,32.0,0.0,-1.0,arm1,linear,HP_Peak,size,netfit,direct,log,50.0,125.0,290.0,25.677495854153417,23.248410065054294
7,Linear,0.08954310417175293,,32.0,0.0,-1.0,arm1,linear,HP_Peak,size,netfit,residual,log,0.0,125.0,290.0,29.240228337912264,19.20177784097682
7,Ridge,3.692554473876953,,32.0,0.0,-1.0,arm1,linear,HP_Peak,size,netfit,residual,log,50.0,125.0,290.0,28.421846717536276,19.115446713142713
7,Lasso,12.429904222488403,,32.0,0.0,-1.0,arm1,linear,HP_Peak,size,netfit,residual,log,50.0,125.0,290.0,28.56194563513998,19.325809372349344
7,ElasticNet,14.479797840118408,,32.0,0.0,-1.0,arm1,linear,HP_Peak,size,netfit,residual,log,50.0,125.0,290.0,28.591658772958528,19.29221461133927
7,PLS,4.55033802986145,,32.0,0.0,-1.0,arm1,linear,HP_Peak,size,netfit,residual,log,50.0,125.0,290.0,28.38928244363747,19.11911558568385
7,Linear,0.11516880989074707,,62.0,0.0,-1.0,arm1,linear,HP_Peak,size,netfit,direct,log,0.0,275.0,670.0,38.80129140327663,25.811029425970546
7,Ridge,4.137783527374268,,62.0,0.0,-1.0,arm1,linear,HP_Peak,size,netfit,direct,log,50.0,275.0,670.0,32.98373108538342,30.34716158735007
7,Lasso,8.581809759140015,,62.0,0.0,-1.0,arm1,linear,HP_Peak,size,netfit,direct,log,50.0,275.0,670.0,33.236473510791605,28.959223376025196
7,ElasticNet,5.451078653335571,,62.0,0.0,-1.0,arm1,linear,HP_Peak,size,netfit,direct,log,50.0,275.0,670.0,33.3742194672205,27.918951863475066
7,PLS,4.530983924865723,,62.0,0.0,-1.0,arm1,linear,HP_Peak,size,netfit,direct,log,50.0,275.0,670.0,32.000228025047186,31.56827326043083
7,Linear,0.09723758697509766,,62.0,0.0,-1.0,arm1,linear,HP_Peak,size,netfit,residual,log,0.0,275.0,670.0,41.62605442961143,25.033484497124686
7,Ridge,4.040616750717163,,62.0,0.0,-1.0,arm1,linear,HP_Peak,size,netfit,residual,log,50.0,275.0,670.0,34.25859257412562,29.909576517539072
7,Lasso,7.158067226409912,,62.0,0.0,-1.0,arm1,linear,HP_Peak,size,netfit,residual,log,50.0,275.0,670.0,36.81955035980236,33.374423513692435
7,ElasticNet,8.848549365997314,,62.0,0.0,-1.0,arm1,linear,HP_Peak,size,netfit,residual,log,50.0,275.0,670.0,36.687504029632265,34.94663559384126
7,PLS,4.879121541976929,,62.0,0.0,-1.0,arm1,linear,HP_Peak,size,netfit,residual,log,50.0,275.0,670.0,35.31046736747976,29.59724513311321
7,Linear,0.10685181617736816,,62.0,1.0,-1.0,arm1,linear,HP_Peak,size,netfit,direct,log,0.0,290.0,490.0,32.07419689380613,22.99378932191801
7,Ridge,4.373886346817017,,62.0,1.0,-1.0,arm1,linear,HP_Peak,size,netfit,direct,log,50.0,290.0,490.0,30.690289653770616,27.522248598448375
7,Lasso,9.756331443786621,,62.0,1.0,-1.0,arm1,linear,HP_Peak,size,netfit,direct,log,50.0,290.0,490.0,30.843907894656475,27.322050491210923
7,ElasticNet,5.789650917053223,,62.0,1.0,-1.0,arm1,linear,HP_Peak,size,netfit,direct,log,50.0,290.0,490.0,30.74993100390245,27.516993348573948
7,PLS,4.798855304718018,,62.0,1.0,-1.0,arm1,linear,HP_Peak,size,netfit,direct,log,50.0,290.0,490.0,30.512196865200224,29.524058595517168
7,Linear,0.12165975570678711,,62.0,1.0,-1.0,arm1,linear,HP_Peak,size,netfit,residual,log,0.0,290.0,490.0,35.9969304368149,20.481657624794174
7,Ridge,3.9880099296569824,,62.0,1.0,-1.0,arm1,linear,HP_Peak,size,netfit,residual,log,50.0,290.0,490.0,35.02798835748496,26.473647043529525
7,Lasso,7.352680206298828,,62.0,1.0,-1.0,arm1,linear,HP_Peak,size,netfit,residual,log,50.0,290.0,490.0,36.06226130412714,27.987456248341708
7,ElasticNet,8.334892988204956,,62.0,1.0,-1.0,arm1,linear,HP_Peak,size,netfit,residual,log,50.0,290.0,490.0,36.13262874812168,27.16418325710288
7,PLS,5.032927513122559,,62.0,1.0,-1.0,arm1,linear,HP_Peak,size,netfit,residual,log,50.0,290.0,490.0,35.75437218124374,26.155907039586197
7,Linear,0.1053774356842041,,100.0,0.0,-1.0,arm1,linear,HP_Peak,size,netfit,direct,log,0.0,530.0,880.0,33.132067175419614,27.920410372357868
7,Ridge,4.5148468017578125,,100.0,0.0,-1.0,arm1,linear,HP_Peak,size,netfit,direct,log,50.0,530.0,880.0,31.276919668470452,28.537835363694125
7,Lasso,11.15757703781128,,100.0,0.0,-1.0,arm1,linear,HP_Peak,size,netfit,direct,log,50.0,530.0,880.0,31.62315142421606,28.791666083160255
7,ElasticNet,6.0609190464019775,,100.0,0.0,-1.0,arm1,linear,HP_Peak,size,netfit,direct,log,50.0,530.0,880.0,31.514457535656792,28.40318516485284
7,PLS,5.172892332077026,,100.0,0.0,-1.0,arm1,linear,HP_Peak,size,netfit,direct,log,50.0,530.0,880.0,31.306821018994427,28.975906364715698
7,Linear,0.1162421703338623,,100.0,0.0,-1.0,arm1,linear,HP_Peak,size,netfit,residual,log,0.0,530.0,880.0,30.537973153546123,21.60823320851606
7,Ridge,4.439882755279541,,100.0,0.0,-1.0,arm1,linear,HP_Peak,size,netfit,residual,log,50.0,530.0,880.0,30.490720645382854,22.44734712504953
7,Lasso,14.325830936431885,,100.0,0.0,-1.0,arm1,linear,HP_Peak,size,netfit,residual,log,50.0,530.0,880.0,30.378929292173734,22.514519661308906
7,ElasticNet,14.010432243347168,,100.0,0.0,-1.0,arm1,linear,HP_Peak,size,netfit,residual,log,50.0,530.0,880.0,30.460718993611415,22.838941012722625
7,PLS,5.025467872619629,,100.0,0.0,-1.0,arm1,linear,HP_Peak,size,netfit,residual,log,50.0,530.0,880.0,30.480644417010673,23.308760105011242
7,Linear,0.10508155822753906,,100.0,1.0,-1.0,arm1,linear,HP_Peak,size,netfit,direct,log,0.0,460.0,990.0,32296760.505667206,25.43421567384972
7,Ridge,3.824235677719116,,100.0,1.0,-1.0,arm1,linear,HP_Peak,size,netfit,direct,log,50.0,460.0,990.0,29.338604128833662,27.701535363217555
7,Lasso,9.067564725875854,,100.0,1.0,-1.0,arm1,linear,HP_Peak,size,netfit,direct,log,50.0,460.0,990.0,28.916741065694616,26.91127295057665
7,ElasticNet,6.077800512313843,,100.0,1.0,-1.0,arm1,linear,HP_Peak,size,netfit,direct,log,50.0,460.0,990.0,28.984915712937934,27.101671243699784
7,PLS,5.139101028442383,,100.0,1.0,-1.0,arm1,linear,HP_Peak,size,netfit,direct,log,50.0,460.0,990.0,28.50535137209325,26.92276397609121
7,Linear,0.09737944602966309,,100.0,1.0,-1.0,arm1,linear,HP_Peak,size,netfit,residual,log,0.0,460.0,990.0,4486119.204847244,22.70050619724912
7,Ridge,4.034609079360962,,100.0,1.0,-1.0,arm1,linear,HP_Peak,size,netfit,residual,log,50.0,460.0,990.0,29.054170148072927,24.503715086853394
7,Lasso,10.181061267852783,,100.0,1.0,-1.0,arm1,linear,HP_Peak,size,netfit,residual,log,50.0,460.0,990.0,27.673842995054265,23.161487826680755
7,ElasticNet,15.824883699417114,,100.0,1.0,-1.0,arm1,linear,HP_Peak,size,netfit,residual,log,50.0,460.0,990.0,27.680461045583034,23.2055520007429
7,PLS,5.275227069854736,,100.0,1.0,-1.0,arm1,linear,HP_Peak,size,netfit,residual,log,50.0,460.0,990.0,29.22593966548634,24.603707860575284
7,Linear,0.1272423267364502,,200.0,0.0,-1.0,arm1,linear,HP_Peak,size,netfit,direct,log,0.0,925.0,1550.0,27.457129175375886,27.213077568500065
7,Ridge,4.523082971572876,,200.0,0.0,-1.0,arm1,linear,HP_Peak,size,netfit,direct,log,50.0,925.0,1550.0,27.382179077329607,27.721050563084287
7,Lasso,25.078646898269653,,200.0,0.0,-1.0,arm1,linear,HP_Peak,size,netfit,direct,log,50.0,925.0,1550.0,27.356005630125466,28.379024267561377
7,ElasticNet,9.616336822509766,,200.0,0.0,-1.0,arm1,linear,HP_Peak,size,netfit,direct,log,50.0,925.0,1550.0,27.351293201597684,28.180992982724835
7,PLS,5.963470697402954,,200.0,0.0,-1.0,arm1,linear,HP_Peak,size,netfit,direct,log,50.0,925.0,1550.0,28.2870948496688,28.94059358850196
7,Linear,0.16797399520874023,,200.0,0.0,-1.0,arm1,linear,HP_Peak,size,netfit,residual,log,0.0,925.0,1550.0,23.486979546407902,20.243027029477492
7,Ridge,4.897067546844482,,200.0,0.0,-1.0,arm1,linear,HP_Peak,size,netfit,residual,log,50.0,925.0,1550.0,23.81890960033386,21.506661851836597
7,Lasso,23.420541763305664,,200.0,0.0,-1.0,arm1,linear,HP_Peak,size,netfit,residual,log,50.0,925.0,1550.0,23.748189348523915,22.33453937498462
7,ElasticNet,40.76230788230896,,200.0,0.0,-1.0,arm1,linear,HP_Peak,size,netfit,residual,log,50.0,925.0,1550.0,23.859232620026972,21.884808764070744
7,PLS,6.214900493621826,,200.0,0.0,-1.0,arm1,linear,HP_Peak,size,netfit,residual,log,50.0,925.0,1550.0,23.983505146673224,22.088982570043417
7,Linear,0.1990351676940918,,200.0,1.0,-1.0,arm1,linear,HP_Peak,size,netfit,direct,log,0.0,950.0,1620.0,28.633301586323093,26.994066044645166
7,Ridge,5.023208141326904,,200.0,1.0,-1.0,arm1,linear,HP_Peak,size,netfit,direct,log,50.0,950.0,1620.0,31.655487950747705,26.089121060955346
7,Lasso,15.837417364120483,,200.0,1.0,-1.0,arm1,linear,HP_Peak,size,netfit,direct,log,50.0,950.0,1620.0,31.33233407663295,27.18055480593727
7,ElasticNet,6.781728267669678,,200.0,1.0,-1.0,arm1,linear,HP_Peak,size,netfit,direct,log,50.0,950.0,1620.0,31.654716281155377,26.755984223035835
7,PLS,5.7494797706604,,200.0,1.0,-1.0,arm1,linear,HP_Peak,size,netfit,direct,log,50.0,950.0,1620.0,31.686980559001967,29.335019574998572
7,Linear,0.13089370727539062,,200.0,1.0,-1.0,arm1,linear,HP_Peak,size,netfit,residual,log,0.0,950.0,1620.0,25.198166041034817,20.629844934763845
7,Ridge,4.754741668701172,,200.0,1.0,-1.0,arm1,linear,HP_Peak,size,netfit,residual,log,50.0,950.0,1620.0,25.54272550980455,22.269632735590548
7,Lasso,31.71250581741333,,200.0,1.0,-1.0,arm1,linear,HP_Peak,size,netfit,residual,log,50.0,950.0,1620.0,25.50769842106975,22.31426542442827
7,ElasticNet,40.87362456321716,,200.0,1.0,-1.0,arm1,linear,HP_Peak,size,netfit,residual,log,50.0,950.0,1620.0,25.504600314605856,22.30048989494284
7,PLS,7.168034553527832,,200.0,1.0,-1.0,arm1,linear,HP_Peak,size,netfit,residual,log,50.0,950.0,1620.0,25.549005614239604,22.357257819462102
8,Linear,0.12364602088928223,,32.0,1.0,-1.0,arm1,linear,HP_Peak,size,netfit,direct,log,0.0,120.0,350.0,32.44170550864593,29.14188675571016
8,Ridge,3.9311704635620117,,32.0,1.0,-1.0,arm1,linear,HP_Peak,size,netfit,direct,log,50.0,120.0,350.0,25.897374306988016,33.57044823413953
8,Lasso,7.159138202667236,,32.0,1.0,-1.0,arm1,linear,HP_Peak,size,netfit,direct,log,50.0,120.0,350.0,25.544631526674554,36.58861758944978
8,ElasticNet,4.5779242515563965,,32.0,1.0,-1.0,arm1,linear,HP_Peak,size,netfit,direct,log,50.0,120.0,350.0,25.505366541113084,36.75357408160653
8,PLS,4.924372434616089,,32.0,1.0,-1.0,arm1,linear,HP_Peak,size,netfit,direct,log,50.0,120.0,350.0,26.239797839914363,34.712111746757095
8,Linear,0.10618400573730469,,32.0,1.0,-1.0,arm1,linear,HP_Peak,size,netfit,residual,log,0.0,120.0,350.0,28.199130994750476,26.535304137365824
8,Ridge,4.436951160430908,,32.0,1.0,-1.0,arm1,linear,HP_Peak,size,netfit,residual,log,50.0,120.0,350.0,24.864628666519383,30.854696986849962
8,Lasso,6.090420484542847,,32.0,1.0,-1.0,arm1,linear,HP_Peak,size,netfit,residual,log,50.0,120.0,350.0,25.34933270141911,33.87454094006364
8,ElasticNet,7.131230115890503,,32.0,1.0,-1.0,arm1,linear,HP_Peak,size,netfit,residual,log,50.0,120.0,350.0,25.365006529203637,33.522290320272205
8,PLS,4.11399507522583,,32.0,1.0,-1.0,arm1,linear,HP_Peak,size,netfit,residual,log,50.0,120.0,350.0,25.638483837996045,31.096323257035145
8,Linear,0.10341262817382812,,62.0,0.0,-1.0,arm1,linear,HP_Peak,size,netfit,direct,log,0.0,280.0,650.0,30.02837941938532,26.934160467159863
8,Ridge,3.832306146621704,,62.0,0.0,-1.0,arm1,linear,HP_Peak,size,netfit,direct,log,50.0,280.0,650.0,28.355647174877618,30.445921177592744
8,Lasso,7.828784227371216,,62.0,0.0,-1.0,arm1,linear,HP_Peak,size,netfit,direct,log,50.0,280.0,650.0,27.946018487619984,31.526894157864117
8,ElasticNet,7.3230414390563965,,62.0,0.0,-1.0,arm1,linear,HP_Peak,size,netfit,direct,log,50.0,280.0,650.0,28.065923841151115,31.08502640543234
8,PLS,4.8672919273376465,,62.0,0.0,-1.0,arm1,linear,HP_Peak,size,netfit,direct,log,50.0,280.0,650.0,28.660132722614165,30.867237954515513
8,Linear,0.09156441688537598,,62.0,0.0,-1.0,arm1,linear,HP_Peak,size,netfit,residual,log,0.0,280.0,650.0,31.15548164635826,24.46471758750246
8,Ridge,4.3907530307769775,,62.0,0.0,-1.0,arm1,linear,HP_Peak,size,netfit,residual,log,50.0,280.0,650.0,28.946766714592414,28.96682271837248
8,Lasso,8.275668859481812,,62.0,0.0,-1.0,arm1,linear,HP_Peak,size,netfit,residual,log,50.0,280.0,650.0,29.031779948045973,28.953803244368505
8,ElasticNet,8.903579950332642,,62.0,0.0,-1.0,arm1,linear,HP_Peak,size,netfit,residual,log,50.0,280.0,650.0,29.10034781555868,28.955982339060547
8,PLS,5.515397787094116,,62.0,0.0,-1.0,arm1,linear,HP_Peak,size,netfit,residual,log,50.0,280.0,650.0,29.266845148582977,29.872746727621703
8,Linear,0.10221409797668457,,62.0,1.0,-1.0,arm1,linear,HP_Peak,size,netfit,direct,log,0.0,310.0,620.0,32.00510883315304,24.065449874121143
8,Ridge,3.6555542945861816,,62.0,1.0,-1.0,arm1,linear,HP_Peak,size,netfit,direct,log,50.0,310.0,620.0,30.62073255418655,25.23078497717115
8,Lasso,12.551087856292725,,62.0,1.0,-1.0,arm1,linear,HP_Peak,size,netfit,direct,log,50.0,310.0,620.0,30.68344802270819,25.606143660152586
8,ElasticNet,6.528578519821167,,62.0,1.0,-1.0,arm1,linear,HP_Peak,size,netfit,direct,log,50.0,310.0,620.0,30.650811127083955,25.45904833246599
8,PLS,5.213443040847778,,62.0,1.0,-1.0,arm1,linear,HP_Peak,size,netfit,direct,log,50.0,310.0,620.0,30.481070949651258,25.217047637856783
8,Linear,0.0951988697052002,,62.0,1.0,-1.0,arm1,linear,HP_Peak,size,netfit,residual,log,0.0,310.0,620.0,31.44228364034116,23.290589109406532
8,Ridge,4.06629753112793,,62.0,1.0,-1.0,arm1,linear,HP_Peak,size,netfit,residual,log,50.0,310.0,620.0,31.484489057015324,23.58712149655026
8,Lasso,15.40583872795105,,62.0,1.0,-1.0,arm1,linear,HP_Peak,size,netfit,residual,log,50.0,310.0,620.0,31.57779031229078,23.632253225606068
8,ElasticNet,21.004490613937378,,62.0,1.0,-1.0,arm1,linear,HP_Peak,size,netfit,residual,log,50.0,310.0,620.0,31.51808922508178,23.62309691615419
8,PLS,5.786548852920532,,62.0,1.0,-1.0,arm1,linear,HP_Peak,size,netfit,residual,log,50.0,310.0,620.0,31.2314304918835,23.680414618501214
8,Linear,0.12903070449829102,,100.0,0.0,-1.0,arm1,linear,HP_Peak,size,netfit,direct,log,0.0,450.0,860.0,29.893281446993516,23.038402733600346
8,Ridge,4.119934558868408,,100.0,0.0,-1.0,arm1,linear,HP_Peak,size,netfit,direct,log,50.0,450.0,860.0,28.36135115552973,24.879724458542924
8,Lasso,13.541142702102661,,100.0,0.0,-1.0,arm1,linear,HP_Peak,size,netfit,direct,log,50.0,450.0,860.0,28.393387026385906,25.097968576916657
8,ElasticNet,7.505935192108154,,100.0,0.0,-1.0,arm1,linear,HP_Peak,size,netfit,direct,log,50.0,450.0,860.0,28.325043404674812,25.096861367750712
8,PLS,5.344915151596069,,100.0,0.0,-1.0,arm1,linear,HP_Peak,size,netfit,direct,log,50.0,450.0,860.0,28.095391425916866,25.116554383747935
8,Linear,0.10793781280517578,,100.0,0.0,-1.0,arm1,linear,HP_Peak,size,netfit,residual,log,0.0,450.0,860.0,28.118287025508607,18.293425798379623
8,Ridge,4.209474325180054,,100.0,0.0,-1.0,arm1,linear,HP_Peak,size,netfit,residual,log,50.0,450.0,860.0,25.452665478096087,19.399935264550837
8,Lasso,10.753259181976318,,100.0,0.0,-1.0,arm1,linear,HP_Peak,size,netfit,residual,log,50.0,450.0,860.0,25.192275525783874,19.467046610472387
8,ElasticNet,13.43522310256958,,100.0,0.0,-1.0,arm1,linear,HP_Peak,size,netfit,residual,log,50.0,450.0,860.0,25.202493233615893,19.46080412586234
8,PLS,5.651321172714233,,100.0,0.0,-1.0,arm1,linear,HP_Peak,size,netfit,residual,log,50.0,450.0,860.0,25.54549789813392,19.66681735894981
8,Linear,0.10891842842102051,,100.0,1.0,-1.0,arm1,linear,HP_Peak,size,netfit,direct,log,0.0,500.0,1060.0,30.284084904194646,25.49723502221706
8,Ridge,4.443502426147461,,100.0,1.0,-1.0,arm1,linear,HP_Peak,size,netfit,direct,log,50.0,500.0,1060.0,29.694298976694807,25.7950920990386
8,Lasso,17.768798351287842,,100.0,1.0,-1.0,arm1,linear,HP_Peak,size,netfit,direct,log,50.0,500.0,1060.0,29.90118835712676,26.126004857178287
8,ElasticNet,7.545882701873779,,100.0,1.0,-1.0,arm1,linear,HP_Peak,size,netfit,direct,log,50.0,500.0,1060.0,29.834218359581445,25.971638805361007
8,PLS,5.1185266971588135,,100.0,1.0,-1.0,arm1,linear,HP_Peak,size,netfit,direct,log,50.0,500.0,1060.0,29.667904403846485,26.651699299363518
8,Linear,0.13458919525146484,,100.0,1.0,-1.0,arm1,linear,HP_Peak,size,netfit,residual,log,0.0,500.0,1060.0,32.22115556063794,22.58526317802688
8,Ridge,3.9276492595672607,,100.0,1.0,-1.0,arm1,linear,HP_Peak,size,netfit,residual,log,50.0,500.0,1060.0,31.944062370332983,26.469747009993394
8,Lasso,16.507835626602173,,100.0,1.0,-1.0,arm1,linear,HP_Peak,size,netfit,residual,log,50.0,500.0,1060.0,31.69709977902165,23.157553903935952
8,ElasticNet,19.19205927848816,,100.0,1.0,-1.0,arm1,linear,HP_Peak,size,netfit,residual,log,50.0,500.0,1060.0,31.68479935995512,23.040587757269865
8,PLS,5.145211696624756,,100.0,1.0,-1.0,arm1,linear,HP_Peak,size,netfit,residual,log,50.0,500.0,1060.0,32.68751930066788,27.43007472236284
8,Linear,0.15955471992492676,,200.0,0.0,-1.0,arm1,linear,HP_Peak,size,netfit,direct,log,0.0,920.0,1600.0,28.202481329757333,28.89518516342198
8,Ridge,5.756232261657715,,200.0,0.0,-1.0,arm1,linear,HP_Peak,size,netfit,direct,log,50.0,920.0,1600.0,27.823353307200172,28.633301893486944
8,Lasso,21.52672839164734,,200.0,0.0,-1.0,arm1,linear,HP_Peak,size,netfit,direct,log,50.0,920.0,1600.0,30.125199174799118,29.022494515595493
8,ElasticNet,12.279160976409912,,200.0,0.0,-1.0,arm1,linear,HP_Peak,size,netfit,direct,log,50.0,920.0,1600.0,27.920211303014735,28.76838832329763
8,PLS,7.252693176269531,,200.0,0.0,-1.0,arm1,linear,HP_Peak,size,netfit,direct,log,50.0,920.0,1600.0,27.69935406267808,28.601536033158254
8,Linear,0.11559939384460449,,200.0,0.0,-1.0,arm1,linear,HP_Peak,size,netfit,residual,log,0.0,920.0,1600.0,25.08334132452004,20.82398701589463
8,Ridge,4.8788979053497314,,200.0,0.0,-1.0,arm1,linear,HP_Peak,size,netfit,residual,log,50.0,920.0,1600.0,25.817569912915424,22.281229337279395
8,Lasso,27.451131343841553,,200.0,0.0,-1.0,arm1,linear,HP_Peak,size,netfit,residual,log,50.0,920.0,1600.0,26.012999942855924,22.344655225368726
8,ElasticNet,35.82299470901489,,200.0,0.0,-1.0,arm1,linear,HP_Peak,size,netfit,residual,log,50.0,920.0,1600.0,25.858036881197297,22.30271315668912
8,PLS,6.9261698722839355,,200.0,0.0,-1.0,arm1,linear,HP_Peak,size,netfit,residual,log,50.0,920.0,1600.0,25.346590783731866,22.379245427265356
8,Linear,0.16709494590759277,,200.0,1.0,-1.0,arm1,linear,HP_Peak,size,netfit,direct,log,0.0,975.0,1600.0,27.04102322011214,30.447055060262652
8,Ridge,5.4948039054870605,,200.0,1.0,-1.0,arm1,linear,HP_Peak,size,netfit,direct,log,50.0,975.0,1600.0,27.416236089274737,30.276737854363812
8,Lasso,39.366652488708496,,200.0,1.0,-1.0,arm1,linear,HP_Peak,size,netfit,direct,log,50.0,975.0,1600.0,27.584855979273673,30.315045106628823
8,ElasticNet,11.210729598999023,,200.0,1.0,-1.0,arm1,linear,HP_Peak,size,netfit,direct,log,50.0,975.0,1600.0,27.85908525680306,30.239837037657622
8,PLS,7.250103712081909,,200.0,1.0,-1.0,arm1,linear,HP_Peak,size,netfit,direct,log,50.0,975.0,1600.0,27.874541809952277,30.45526991973693
8,Linear,0.12441253662109375,,200.0,1.0,-1.0,arm1,linear,HP_Peak,size,netfit,residual,log,0.0,975.0,1600.0,24.81688778034846,21.053719345393336
8,Ridge,5.219149112701416,,200.0,1.0,-1.0,arm1,linear,HP_Peak,size,netfit,residual,log,50.0,975.0,1600.0,25.6792827480995,22.018352695615782
8,Lasso,38.31571292877197,,200.0,1.0,-1.0,arm1,linear,HP_Peak,size,netfit,residual,log,50.0,975.0,1600.0,25.77132639707294,22.24063156745019
8,ElasticNet,42.40118908882141,,200.0,1.0,-1.0,arm1,linear,HP_Peak,size,netfit,residual,log,50.0,975.0,1600.0,25.744909180811874,22.31645907793012
8,PLS,7.309150457382202,,200.0,1.0,-1.0,arm1,linear,HP_Peak,size,netfit,residual,log,50.0,975.0,1600.0,25.69235407299028,22.243292922525942
9,Linear,0.09494256973266602,,32.0,1.0,-1.0,arm1,linear,HP_Peak,size,netfit,direct,log,0.0,125.0,320.0,28.894295745767717,26.856071937950944
9,Ridge,3.7674896717071533,,32.0,1.0,-1.0,arm1,linear,HP_Peak,size,netfit,direct,log,50.0,125.0,320.0,30.203732954591334,33.31212312619962
9,Lasso,7.011352300643921,,32.0,1.0,-1.0,arm1,linear,HP_Peak,size,netfit,direct,log,50.0,125.0,320.0,28.73196162591286,32.39552240187788
9,ElasticNet,4.575153827667236,,32.0,1.0,-1.0,arm1,linear,HP_Peak,size,netfit,direct,log,50.0,125.0,320.0,28.769443274763407,32.562736973580044
9,PLS,5.453836441040039,,32.0,1.0,-1.0,arm1,linear,HP_Peak,size,netfit,direct,log,50.0,125.0,320.0,29.011830732145224,30.433991076067556
9,Linear,0.07833147048950195,,32.0,1.0,-1.0,arm1,linear,HP_Peak,size,netfit,residual,log,0.0,125.0,320.0,31.037983445016483,24.219219750353545
9,Ridge,3.5939953327178955,,32.0,1.0,-1.0,arm1,linear,HP_Peak,size,netfit,residual,log,50.0,125.0,320.0,28.720500793507743,31.9136854671044
9,Lasso,6.109112501144409,,32.0,1.0,-1.0,arm1,linear,HP_Peak,size,netfit,residual,log,50.0,125.0,320.0,28.245514191335896,32.329957187062305
9,ElasticNet,10.084790229797363,,32.0,1.0,-1.0,arm1,linear,HP_Peak,size,netfit,residual,log,50.0,125.0,320.0,28.83194852945983,32.49105171369311
9,PLS,4.304964542388916,,32.0,1.0,-1.0,arm1,linear,HP_Peak,size,netfit,residual,log,50.0,125.0,320.0,28.280561004768,32.02465351761335
9,Linear,0.10630464553833008,,62.0,0.0,-1.0,arm1,linear,HP_Peak,size,netfit,direct,log,0.0,280.0,570.0,30.394860651258746,23.569051988169388
9,Ridge,3.805813789367676,,62.0,0.0,-1.0,arm1,linear,HP_Peak,size,netfit,direct,log,50.0,280.0,570.0,29.97349597834668,24.77317958438955
9,Lasso,7.147172689437866,,62.0,0.0,-1.0,arm1,linear,HP_Peak,size,netfit,direct,log,50.0,280.0,570.0,30.32950317313215,25.828014433748116
9,ElasticNet,5.639666795730591,,62.0,0.0,-1.0,arm1,linear,HP_Peak,size,netfit,direct,log,50.0,280.0,570.0,30.27454895226576,25.836248058696746
9,PLS,5.3630146980285645,,62.0,0.0,-1.0,arm1,linear,HP_Peak,size,netfit,direct,log,50.0,280.0,570.0,29.90473745860514,24.851332230698322
9,Linear,0.09080314636230469,,62.0,0.0,-1.0,arm1,linear,HP_Peak,size,netfit,residual,log,0.0,280.0,570.0,29.076588794589558,21.72614614586567
9,Ridge,3.898437976837158,,62.0,0.0,-1.0,arm1,linear,HP_Peak,size,netfit,residual,log,50.0,280.0,570.0,29.311520042753248,22.435162188386435
9,Lasso,10.500458478927612,,62.0,0.0,-1.0,arm1,linear,HP_Peak,size,netfit,residual,log,50.0,280.0,570.0,29.56791651081039,22.46980742536451
9,ElasticNet,14.364603281021118,,62.0,0.0,-1.0,arm1,linear,HP_Peak,size,netfit,residual,log,50.0,280.0,570.0,29.383506221931956,22.390353156159424
9,PLS,5.003249406814575,,62.0,0.0,-1.0,arm1,linear,HP_Peak,size,netfit,residual,log,50.0,280.0,570.0,29.3515550394425,22.686058253133794
9,Linear,0.09675216674804688,,62.0,1.0,-1.0,arm1,linear,HP_Peak,size,netfit,direct,log,0.0,305.0,630.0,31.026592810896062,25.957982586876945
9,Ridge,3.8155431747436523,,62.0,1.0,-1.0,arm1,linear,HP_Peak,size,netfit,direct,log,50.0,305.0,630.0,28.971036732857293,27.686855940233556
9,Lasso,7.182035684585571,,62.0,1.0,-1.0,arm1,linear,HP_Peak,size,netfit,direct,log,50.0,305.0,630.0,28.748596592994556,27.59635968912186
9,ElasticNet,4.930786371231079,,62.0,1.0,-1.0,arm1,linear,HP_Peak,size,netfit,direct,log,50.0,305.0,630.0,28.76594651146767,27.594578470188186
9,PLS,4.627810955047607,,62.0,1.0,-1.0,arm1,linear,HP_Peak,size,netfit,direct,log,50.0,305.0,630.0,29.01741525322601,29.10515500390033
9,Linear,0.08979082107543945,,62.0,1.0,-1.0,arm1,linear,HP_Peak,size,netfit,residual,log,0.0,305.0,630.0,34.75755257591468,23.5660641466222
9,Ridge,3.7300820350646973,,62.0,1.0,-1.0,arm1,linear,HP_Peak,size,netfit,residual,log,50.0,305.0,630.0,28.835513397180694,25.710224537441924
9,Lasso,5.943989276885986,,62.0,1.0,-1.0,arm1,linear,HP_Peak,size,netfit,residual,log,50.0,305.0,630.0,28.418969512452215,27.34229271618535
9,ElasticNet,10.38130259513855,,62.0,1.0,-1.0,arm1,linear,HP_Peak,size,netfit,residual,log,50.0,305.0,630.0,28.47310368773374,27.17395826316771
9,PLS,5.054388046264648,,62.0,1.0,-1.0,arm1,linear,HP_Peak,size,netfit,residual,log,50.0,305.0,630.0,28.48020038348695,26.513101370617072
9,Linear,0.09518742561340332,,100.0,0.0,-1.0,arm1,linear,HP_Peak,size,netfit,direct,log,0.0,470.0,790.0,31.570145494587255,25.039710874782838
9,Ridge,3.941258430480957,,100.0,0.0,-1.0,arm1,linear,HP_Peak,size,netfit,direct,log,50.0,470.0,790.0,27.828272066492975,25.555823587276084
9,Lasso,14.197824001312256,,100.0,0.0,-1.0,arm1,linear,HP_Peak,size,netfit,direct,log,50.0,470.0,790.0,28.059728283915017,25.59527886118873
9,ElasticNet,7.0498011112213135,,100.0,0.0,-1.0,arm1,linear,HP_Peak,size,netfit,direct,log,50.0,470.0,790.0,28.0018838678973,25.612221192832312
9,PLS,6.091119289398193,,100.0,0.0,-1.0,arm1,linear,HP_Peak,size,netfit,direct,log,50.0,470.0,790.0,27.657784660328602,25.394846884836987
9,Linear,0.09737348556518555,,100.0,0.0,-1.0,arm1,linear,HP_Peak,size,netfit,residual,log,0.0,470.0,790.0,28.351430945306102,22.06784339064672
9,Ridge,4.273081302642822,,100.0,0.0,-1.0,arm1,linear,HP_Peak,size,netfit,residual,log,50.0,470.0,790.0,29.752407351334835,24.51671522474509
9,Lasso,10.102318048477173,,100.0,0.0,-1.0,arm1,linear,HP_Peak,size,netfit,residual,log,50.0,470.0,790.0,28.863441156769436,24.7262209446044
9,ElasticNet,18.48692512512207,,100.0,0.0,-1.0,arm1,linear,HP_Peak,size,netfit,residual,log,50.0,470.0,790.0,28.869444378613,24.297922298592088
9,PLS,5.8523852825164795,,100.0,0.0,-1.0,arm1,linear,HP_Peak,size,netfit,residual,log,50.0,470.0,790.0,29.49811596657045,24.32587551199302
9,Linear,0.11243700981140137,,100.0,1.0,-1.0,arm1,linear,HP_Peak,size,netfit,direct,log,0.0,475.0,990.0,32.844338921308704,24.756884969261847
9,Ridge,4.521788120269775,,100.0,1.0,-1.0,arm1,linear,HP_Peak,size,netfit,direct,log,50.0,475.0,990.0,29.471590003672468,25.38441737880272
9,Lasso,9.395134210586548,,100.0,1.0,-1.0,arm1,linear,HP_Peak,size,netfit,direct,log,50.0,475.0,990.0,29.15051313164194,25.169268614349033
9,ElasticNet,6.429591417312622,,100.0,1.0,-1.0,arm1,linear,HP_Peak,size,netfit,direct,log,50.0,475.0,990.0,29.170076923273424,25.331354565189624
9,PLS,5.316143751144409,,100.0,1.0,-1.0,arm1,linear,HP_Peak,size,netfit,direct,log,50.0,475.0,990.0,30.256817520318442,25.179385735186017
9,Linear,0.10947489738464355,,100.0,1.0,-1.0,arm1,linear,HP_Peak,size,netfit,residual,log,0.0,475.0,990.0,29.73282346121203,21.779663831307637
9,Ridge,4.7369115352630615,,100.0,1.0,-1.0,arm1,linear,HP_Peak,size,netfit,residual,log,50.0,475.0,990.0,30.091924266652583,22.88897701351012
9,Lasso,9.674957275390625,,100.0,1.0,-1.0,arm1,linear,HP_Peak,size,netfit,residual,log,50.0,475.0,990.0,30.460243778460462,24.61790549690469
9,ElasticNet,15.50862717628479,,100.0,1.0,-1.0,arm1,linear,HP_Peak,size,netfit,residual,log,50.0,475.0,990.0,30.34544160821787,24.1397352541269
9,PLS,5.5266945362091064,,100.0,1.0,-1.0,arm1,linear,HP_Peak,size,netfit,residual,log,50.0,475.0,990.0,30.078523776459196,23.236052779599124
9,Linear,0.1790904998779297,,200.0,0.0,-1.0,arm1,linear,HP_Peak,size,netfit,direct,log,0.0,910.0,1650.0,31.680985866448886,28.267546769953583
9,Ridge,4.978842258453369,,200.0,0.0,-1.0,arm1,linear,HP_Peak,size,netfit,direct,log,50.0,910.0,1650.0,31.57456511166124,28.116442586730034
9,Lasso,15.86675477027893,,200.0,0.0,-1.0,arm1,linear,HP_Peak,size,netfit,direct,log,50.0,910.0,1650.0,30.825409548069736,27.990964316858086
9,ElasticNet,8.629581212997437,,200.0,0.0,-1.0,arm1,linear,HP_Peak,size,netfit,direct,log,50.0,910.0,1650.0,30.83018462868467,27.74351483596555
9,PLS,5.953144311904907,,200.0,0.0,-1.0,arm1,linear,HP_Peak,size,netfit,direct,log,50.0,910.0,1650.0,32.152371827351885,29.16918856683753
9,Linear,0.10519266128540039,,200.0,0.0,-1.0,arm1,linear,HP_Peak,size,netfit,residual,log,0.0,910.0,1650.0,27.165897175318282,22.301913980097712
9,Ridge,6.030418157577515,,200.0,0.0,-1.0,arm1,linear,HP_Peak,size,netfit,residual,log,50.0,910.0,1650.0,27.512875538724682,24.11745217797297
9,Lasso,17.081817865371704,,200.0,0.0,-1.0,arm1,linear,HP_Peak,size,netfit,residual,log,50.0,910.0,1650.0,26.946161736874757,23.745893231325756
9,ElasticNet,23.526538610458374,,200.0,0.0,-1.0,arm1,linear,HP_Peak,size,netfit,residual,log,50.0,910.0,1650.0,26.945922097808793,23.739638710638715
9,PLS,6.231387138366699,,200.0,0.0,-1.0,arm1,linear,HP_Peak,size,netfit,residual,log,50.0,910.0,1650.0,27.037642185125062,25.682720052566673
9,Linear,0.1334218978881836,,200.0,1.0,-1.0,arm1,linear,HP_Peak,size,netfit,direct,log,0.0,940.0,1770.0,30.488035280698693,27.89410516294279
9,Ridge,5.190361261367798,,200.0,1.0,-1.0,arm1,linear,HP_Peak,size,netfit,direct,log,50.0,940.0,1770.0,29.780588247198118,28.518296032283185
9,Lasso,16.159471035003662,,200.0,1.0,-1.0,arm1,linear,HP_Peak,size,netfit,direct,log,50.0,940.0,1770.0,31.33055922383093,29.313384530722082
9,ElasticNet,9.830755710601807,,200.0,1.0,-1.0,arm1,linear,HP_Peak,size,netfit,direct,log,50.0,940.0,1770.0,31.37515335845629,29.134445212036713
9,PLS,6.6588287353515625,,200.0,1.0,-1.0,arm1,linear,HP_Peak,size,netfit,direct,log,50.0,940.0,1770.0,30.14020958911147,30.041234741231982
9,Linear,0.12021255493164062,,200.0,1.0,-1.0,arm1,linear,HP_Peak,size,netfit,residual,log,0.0,940.0,1770.0,27.26022789589764,22.475441274883455
9,Ridge,4.883800506591797,,200.0,1.0,-1.0,arm1,linear,HP_Peak,size,netfit,residual,log,50.0,940.0,1770.0,27.556614399298375,24.920809979467418
9,Lasso,18.41404104232788,,200.0,1.0,-1.0,arm1,linear,HP_Peak,size,netfit,residual,log,50.0,940.0,1770.0,27.030070108246594,24.200438759508792
9,ElasticNet,27.83683180809021,,200.0,1.0,-1.0,arm1,linear,HP_Peak,size,netfit,residual,log,50.0,940.0,1770.0,27.027476521562065,24.116017819045215
9,PLS,6.1886820793151855,,200.0,1.0,-1.0,arm1,linear,HP_Peak,size,netfit,residual,log,50.0,940.0,1770.0,27.526329277252383,28.08002059024912
0,XGBoost,30.715675592422485,,32.0,0.0,-1.0,arm1,trees,HP_Peak,size,netfit,direct,log,50.0,210.0,320.0,28.01316666781953,13.744653459641235
0,RandomForest,171.61632704734802,,32.0,0.0,-1.0,arm1,trees,HP_Peak,size,netfit,direct,log,50.0,210.0,320.0,26.997976328789253,9.744122844782902
0,ExtraTrees,151.14833164215088,,32.0,0.0,-1.0,arm1,trees,HP_Peak,size,netfit,direct,log,50.0,210.0,320.0,26.95889061906254,4.913627400068698
0,XGBoost,171.20461988449097,,32.0,0.0,-1.0,arm1,trees,HP_Peak,size,netfit,residual,log,50.0,210.0,320.0,27.903910546972803,22.970044946142696
0,RandomForest,235.58812165260315,,32.0,0.0,-1.0,arm1,trees,HP_Peak,size,netfit,residual,log,50.0,210.0,320.0,26.695861884364206,17.79771351418688
0,ExtraTrees,155.1935155391693,,32.0,0.0,-1.0,arm1,trees,HP_Peak,size,netfit,residual,log,50.0,210.0,320.0,26.864323428256323,9.776877772905312
0,XGBoost,55.29685139656067,,62.0,0.0,-1.0,arm1,trees,HP_Peak,size,netfit,direct,log,50.0,280.0,580.0,25.32471647065942,16.643458375326933
0,RandomForest,240.23440027236938,,62.0,0.0,-1.0,arm1,trees,HP_Peak,size,netfit,direct,log,50.0,280.0,580.0,24.715939185163165,14.051655425759485
0,ExtraTrees,129.93530178070068,,62.0,0.0,-1.0,arm1,trees,HP_Peak,size,netfit,direct,log,50.0,280.0,580.0,24.879006182026686,15.887390915336413
0,XGBoost,172.7070665359497,,62.0,0.0,-1.0,arm1,trees,HP_Peak,size,netfit,residual,log,50.0,280.0,580.0,24.70490735094295,17.294619855325806
0,RandomForest,242.23490977287292,,62.0,0.0,-1.0,arm1,trees,HP_Peak,size,netfit,residual,log,50.0,280.0,580.0,24.152004675212076,15.783509207934266
0,ExtraTrees,119.61518478393555,,62.0,0.0,-1.0,arm1,trees,HP_Peak,size,netfit,residual,log,50.0,280.0,580.0,23.860476604724024,16.864448748081347
0,XGBoost,51.06371259689331,,62.0,1.0,-1.0,arm1,trees,HP_Peak,size,netfit,direct,log,50.0,280.0,580.0,25.535547409377994,16.272316882029514
0,RandomForest,224.40288877487183,,62.0,1.0,-1.0,arm1,trees,HP_Peak,size,netfit,direct,log,50.0,280.0,580.0,24.601628840313136,16.686957862724448
0,ExtraTrees,126.64414238929749,,62.0,1.0,-1.0,arm1,trees,HP_Peak,size,netfit,direct,log,50.0,280.0,580.0,24.10532424078345,16.75673918751106
0,XGBoost,150.1232419013977,,62.0,1.0,-1.0,arm1,trees,HP_Peak,size,netfit,residual,log,50.0,280.0,580.0,27.86355043185521,24.360999173172257
0,RandomForest,224.779194355011,,62.0,1.0,-1.0,arm1,trees,HP_Peak,size,netfit,residual,log,50.0,280.0,580.0,26.131267013712247,17.012578429003696
0,ExtraTrees,141.42307543754578,,62.0,1.0,-1.0,arm1,trees,HP_Peak,size,netfit,residual,log,50.0,280.0,580.0,25.637226872008153,22.29225454118178
0,XGBoost,158.45862793922424,,100.0,0.0,-1.0,arm1,trees,HP_Peak,size,netfit,direct,log,50.0,535.0,1070.0,26.783795951774547,16.542978947452543
0,RandomForest,306.7351219654083,,100.0,0.0,-1.0,arm1,trees,HP_Peak,size,netfit,direct,log,50.0,535.0,1070.0,26.016379821463246,9.16836367168299
0,ExtraTrees,207.0362868309021,,100.0,0.0,-1.0,arm1,trees,HP_Peak,size,netfit,direct,log,50.0,535.0,1070.0,25.765270052627848,8.94565028417294
0,XGBoost,263.6563823223114,,100.0,0.0,-1.0,arm1,trees,HP_Peak,size,netfit,residual,log,50.0,535.0,1070.0,28.213191180939127,20.196974338931117
0,RandomForest,434.8190860748291,,100.0,0.0,-1.0,arm1,trees,HP_Peak,size,netfit,residual,log,50.0,535.0,1070.0,25.559296955416798,11.415264682458833
0,ExtraTrees,198.29614901542664,,100.0,0.0,-1.0,arm1,trees,HP_Peak,size,netfit,residual,log,50.0,535.0,1070.0,25.14526266907519,8.520424295923087
0,XGBoost,114.21685791015625,,100.0,1.0,-1.0,arm1,trees,HP_Peak,size,netfit,direct,log,50.0,515.0,950.0,27.37188202300461,13.64858496843359
0,RandomForest,318.0117084980011,,100.0,1.0,-1.0,arm1,trees,HP_Peak,size,netfit,direct,log,50.0,515.0,950.0,25.602890087125793,9.53231585531978
0,ExtraTrees,139.97022652626038,,100.0,1.0,-1.0,arm1,trees,HP_Peak,size,netfit,direct,log,50.0,515.0,950.0,24.791297224701488,13.842169966164212
0,XGBoost,236.28177881240845,,100.0,1.0,-1.0,arm1,trees,HP_Peak,size,netfit,residual,log,50.0,515.0,950.0,27.479665686282146,18.850779077121512
0,RandomForest,387.9570724964142,,100.0,1.0,-1.0,arm1,trees,HP_Peak,size,netfit,residual,log,50.0,515.0,950.0,26.36278052454642,14.181360105295607
0,ExtraTrees,144.96550130844116,,100.0,1.0,-1.0,arm1,trees,HP_Peak,size,netfit,residual,log,50.0,515.0,950.0,25.92126786720843,15.460600095444724
0,XGBoost,257.2639887332916,,200.0,0.0,-1.0,arm1,trees,HP_Peak,size,netfit,direct,log,50.0,940.0,1630.0,24.07454966244035,13.348788868332223
0,RandomForest,462.9158639907837,,200.0,0.0,-1.0,arm1,trees,HP_Peak,size,netfit,direct,log,50.0,940.0,1630.0,23.118997736558285,8.223110804275501
0,ExtraTrees,270.40987038612366,,200.0,0.0,-1.0,arm1,trees,HP_Peak,size,netfit,direct,log,50.0,940.0,1630.0,23.18551694765056,8.208790368401699
0,XGBoost,308.949378490448,,200.0,0.0,-1.0,arm1,trees,HP_Peak,size,netfit,residual,log,50.0,940.0,1630.0,24.599559850853606,19.823551647292593
0,RandomForest,475.3381316661835,,200.0,0.0,-1.0,arm1,trees,HP_Peak,size,netfit,residual,log,50.0,940.0,1630.0,23.04153921010125,14.998521448887765
0,ExtraTrees,191.1281566619873,,200.0,0.0,-1.0,arm1,trees,HP_Peak,size,netfit,residual,log,50.0,940.0,1630.0,22.645101394530858,15.47560089329626
0,XGBoost,301.24528551101685,,200.0,1.0,-1.0,arm1,trees,HP_Peak,size,netfit,direct,log,50.0,980.0,1660.0,25.786391240784923,15.71961367180694
0,RandomForest,595.7729363441467,,200.0,1.0,-1.0,arm1,trees,HP_Peak,size,netfit,direct,log,50.0,980.0,1660.0,24.23837299643406,7.810541737303104
0,ExtraTrees,294.100789308548,,200.0,1.0,-1.0,arm1,trees,HP_Peak,size,netfit,direct,log,50.0,980.0,1660.0,23.70320365058097,0.4025026236092318
0,XGBoost,391.1905722618103,,200.0,1.0,-1.0,arm1,trees,HP_Peak,size,netfit,residual,log,50.0,980.0,1660.0,25.66898787483784,18.868701155182503
0,RandomForest,583.2580409049988,,200.0,1.0,-1.0,arm1,trees,HP_Peak,size,netfit,residual,log,50.0,980.0,1660.0,24.428233498899736,10.609432129804711
0,ExtraTrees,261.18322014808655,,200.0,1.0,-1.0,arm1,trees,HP_Peak,size,netfit,residual,log,50.0,980.0,1660.0,23.62770181869426,9.332775189443264
1,XGBoost,121.22139596939087,,62.0,0.0,-1.0,arm1,trees,HP_Peak,size,netfit,direct,log,50.0,280.0,660.0,23.570199873026702,15.031363204194136
1,RandomForest,332.07303833961487,,62.0,0.0,-1.0,arm1,trees,HP_Peak,size,netfit,direct,log,50.0,280.0,660.0,22.309688772148355,7.02129631057913
1,ExtraTrees,123.99765276908875,,62.0,0.0,-1.0,arm1,trees,HP_Peak,size,netfit,direct,log,50.0,280.0,660.0,21.832594013876417,0.44943405677497406
1,XGBoost,246.74400639533997,,62.0,0.0,-1.0,arm1,trees,HP_Peak,size,netfit,residual,log,50.0,280.0,660.0,23.317272583001728,17.700913852277623
1,RandomForest,304.51015520095825,,62.0,0.0,-1.0,arm1,trees,HP_Peak,size,netfit,residual,log,50.0,280.0,660.0,21.678010760376143,14.443332963092773
1,ExtraTrees,141.92561960220337,,62.0,0.0,-1.0,arm1,trees,HP_Peak,size,netfit,residual,log,50.0,280.0,660.0,21.470482520153432,15.298280339761321
1,XGBoost,93.59429144859314,,62.0,1.0,-1.0,arm1,trees,HP_Peak,size,netfit,direct,log,50.0,280.0,660.0,28.82108686964814,18.273839784678593
1,RandomForest,232.6946153640747,,62.0,1.0,-1.0,arm1,trees,HP_Peak,size,netfit,direct,log,50.0,280.0,660.0,27.895219805125798,14.340938981274535
1,ExtraTrees,150.2868413925171,,62.0,1.0,-1.0,arm1,trees,HP_Peak,size,netfit,direct,log,50.0,280.0,660.0,28.002683924113597,12.1124905441478
1,XGBoost,222.4187936782837,,62.0,1.0,-1.0,arm1,trees,HP_Peak,size,netfit,residual,log,50.0,280.0,660.0,30.860657153583674,18.70146525483375
1,RandomForest,220.67829060554504,,62.0,1.0,-1.0,arm1,trees,HP_Peak,size,netfit,residual,log,50.0,280.0,660.0,29.38290875640308,19.58228960987754
1,ExtraTrees,134.77461552619934,,62.0,1.0,-1.0,arm1,trees,HP_Peak,size,netfit,residual,log,50.0,280.0,660.0,28.757710557527076,16.457098170791248
1,XGBoost,122.34381341934204,,100.0,0.0,-1.0,arm1,trees,HP_Peak,size,netfit,direct,log,50.0,480.0,940.0,26.845262479464445,16.43139818315817
1,RandomForest,482.1712393760681,,100.0,0.0,-1.0,arm1,trees,HP_Peak,size,netfit,direct,log,50.0,480.0,940.0,25.19270660518312,9.588320744973046
1,ExtraTrees,196.1658489704132,,100.0,0.0,-1.0,arm1,trees,HP_Peak,size,netfit,direct,log,50.0,480.0,940.0,24.962098862330244,12.160846638428108
1,XGBoost,313.40724182128906,,100.0,0.0,-1.0,arm1,trees,HP_Peak,size,netfit,residual,log,50.0,480.0,940.0,26.852837296644285,18.228522021481602
1,RandomForest,260.68488597869873,,100.0,0.0,-1.0,arm1,trees,HP_Peak,size,netfit,residual,log,50.0,480.0,940.0,25.325223037197116,13.809920403187473
1,ExtraTrees,173.45980858802795,,100.0,0.0,-1.0,arm1,trees,HP_Peak,size,netfit,residual,log,50.0,480.0,940.0,25.170547846538955,16.527421408357096
1,XGBoost,154.74119782447815,,100.0,1.0,-1.0,arm1,trees,HP_Peak,size,netfit,direct,log,50.0,505.0,1030.0,26.632868712294353,19.0072786230695
1,RandomForest,342.8864130973816,,100.0,1.0,-1.0,arm1,trees,HP_Peak,size,netfit,direct,log,50.0,505.0,1030.0,26.800968063951156,11.960010021112469
1,ExtraTrees,150.66269159317017,,100.0,1.0,-1.0,arm1,trees,HP_Peak,size,netfit,direct,log,50.0,505.0,1030.0,26.52110291375818,0.2786984314416677
1,XGBoost,330.39987683296204,,100.0,1.0,-1.0,arm1,trees,HP_Peak,size,netfit,residual,log,50.0,505.0,1030.0,28.718668274239924,18.018542231620714
1,RandomForest,271.95011496543884,,100.0,1.0,-1.0,arm1,trees,HP_Peak,size,netfit,residual,log,50.0,505.0,1030.0,27.232819984800116,7.85862181121737
1,ExtraTrees,138.07671642303467,,100.0,1.0,-1.0,arm1,trees,HP_Peak,size,netfit,residual,log,50.0,505.0,1030.0,26.688241610096995,4.2877210485406065
1,XGBoost,209.931499004364,,200.0,0.0,-1.0,arm1,trees,HP_Peak,size,netfit,direct,log,50.0,1035.0,1400.0,24.255046645036543,12.916713419204177
1,RandomForest,601.1497292518616,,200.0,0.0,-1.0,arm1,trees,HP_Peak,size,netfit,direct,log,50.0,1035.0,1400.0,23.162036052637944,7.052195229609032
1,ExtraTrees,200.998188495636,,200.0,0.0,-1.0,arm1,trees,HP_Peak,size,netfit,direct,log,50.0,1035.0,1400.0,22.864998138301146,6.563074403661272
1,XGBoost,276.3130614757538,,200.0,0.0,-1.0,arm1,trees,HP_Peak,size,netfit,residual,log,50.0,1035.0,1400.0,23.40457577129921,14.603773823369954
1,RandomForest,651.4633464813232,,200.0,0.0,-1.0,arm1,trees,HP_Peak,size,netfit,residual,log,50.0,1035.0,1400.0,22.946465400649213,10.347875049315501
1,ExtraTrees,233.84708046913147,,200.0,0.0,-1.0,arm1,trees,HP_Peak,size,netfit,residual,log,50.0,1035.0,1400.0,22.764865229985677,9.913182130438136
1,XGBoost,242.45688462257385,,200.0,1.0,-1.0,arm1,trees,HP_Peak,size,netfit,direct,log,50.0,875.0,1630.0,20.395987918040927,10.304235463455086
1,RandomForest,590.8190371990204,,200.0,1.0,-1.0,arm1,trees,HP_Peak,size,netfit,direct,log,50.0,875.0,1630.0,20.134738977043902,9.745842113486345
1,ExtraTrees,250.3994104862213,,200.0,1.0,-1.0,arm1,trees,HP_Peak,size,netfit,direct,log,50.0,875.0,1630.0,19.782565106718497,9.393505885172857
1,XGBoost,287.4003875255585,,200.0,1.0,-1.0,arm1,trees,HP_Peak,size,netfit,residual,log,50.0,875.0,1630.0,21.566842144930746,15.4942345880581
1,RandomForest,548.2472994327545,,200.0,1.0,-1.0,arm1,trees,HP_Peak,size,netfit,residual,log,50.0,875.0,1630.0,20.130255425691875,9.314454337858704
1,ExtraTrees,232.914888381958,,200.0,1.0,-1.0,arm1,trees,HP_Peak,size,netfit,residual,log,50.0,875.0,1630.0,19.881140674024287,12.080649471759676
2,XGBoost,142.46021437644958,,62.0,0.0,-1.0,arm1,trees,HP_Peak,size,netfit,direct,log,50.0,230.0,770.0,27.63047435530504,14.454641310068265
2,RandomForest,196.3534276485443,,62.0,0.0,-1.0,arm1,trees,HP_Peak,size,netfit,direct,log,50.0,230.0,770.0,27.88050754479807,16.829697518806537
2,ExtraTrees,142.99534630775452,,62.0,0.0,-1.0,arm1,trees,HP_Peak,size,netfit,direct,log,50.0,230.0,770.0,27.74831048801945,17.64834194432844
2,XGBoost,148.32347631454468,,62.0,0.0,-1.0,arm1,trees,HP_Peak,size,netfit,residual,log,50.0,230.0,770.0,29.20600450153245,21.75431694464615
2,RandomForest,206.77635025978088,,62.0,0.0,-1.0,arm1,trees,HP_Peak,size,netfit,residual,log,50.0,230.0,770.0,29.24452868600218,18.175354981622963
2,ExtraTrees,139.1928789615631,,62.0,0.0,-1.0,arm1,trees,HP_Peak,size,netfit,residual,log,50.0,230.0,770.0,28.919117374051247,18.525497183337087
2,XGBoost,139.20258808135986,,62.0,1.0,-1.0,arm1,trees,HP_Peak,size,netfit,direct,log,50.0,280.0,670.0,31.977677209699365,24.25317261697112
2,RandomForest,209.09842371940613,,62.0,1.0,-1.0,arm1,trees,HP_Peak,size,netfit,direct,log,50.0,280.0,670.0,30.580693049127245,21.3621172917086
2,ExtraTrees,163.29464054107666,,62.0,1.0,-1.0,arm1,trees,HP_Peak,size,netfit,direct,log,50.0,280.0,670.0,30.578238827433587,21.3303102286663
2,XGBoost,154.83824467658997,,62.0,1.0,-1.0,arm1,trees,HP_Peak,size,netfit,residual,log,50.0,280.0,670.0,32.5972773375798,20.691079275427494
2,RandomForest,219.61454606056213,,62.0,1.0,-1.0,arm1,trees,HP_Peak,size,netfit,residual,log,50.0,280.0,670.0,31.159421941116964,22.16963445355717
2,ExtraTrees,117.49768400192261,,62.0,1.0,-1.0,arm1,trees,HP_Peak,size,netfit,residual,log,50.0,280.0,670.0,31.14970135658591,23.669128754147163
2,XGBoost,226.0336730480194,,100.0,0.0,-1.0,arm1,trees,HP_Peak,size,netfit,direct,log,50.0,570.0,830.0,26.5969988987579,14.880357999433148
2,RandomForest,330.797061920166,,100.0,0.0,-1.0,arm1,trees,HP_Peak,size,netfit,direct,log,50.0,570.0,830.0,24.278006664636262,11.628865688549613
2,ExtraTrees,144.4011948108673,,100.0,0.0,-1.0,arm1,trees,HP_Peak,size,netfit,direct,log,50.0,570.0,830.0,24.05609095718909,14.998129003756052
2,XGBoost,287.1694965362549,,100.0,0.0,-1.0,arm1,trees,HP_Peak,size,netfit,residual,log,50.0,570.0,830.0,26.00901776455839,17.40123070756889
2,RandomForest,408.44559240341187,,100.0,0.0,-1.0,arm1,trees,HP_Peak,size,netfit,residual,log,50.0,570.0,830.0,24.40532033535358,15.714531907065368
2,ExtraTrees,160.1924774646759,,100.0,0.0,-1.0,arm1,trees,HP_Peak,size,netfit,residual,log,50.0,570.0,830.0,24.157522731974094,12.499699031963358
2,XGBoost,157.16540050506592,,100.0,1.0,-1.0,arm1,trees,HP_Peak,size,netfit,direct,log,50.0,465.0,880.0,27.52254927852642,12.220358690335384
2,RandomForest,362.0048234462738,,100.0,1.0,-1.0,arm1,trees,HP_Peak,size,netfit,direct,log,50.0,465.0,880.0,24.833915817166453,7.668648542064344
2,ExtraTrees,195.7854950428009,,100.0,1.0,-1.0,arm1,trees,HP_Peak,size,netfit,direct,log,50.0,465.0,880.0,24.271947414260506,11.448632255088071
2,XGBoost,280.2078540325165,,100.0,1.0,-1.0,arm1,trees,HP_Peak,size,netfit,residual,log,50.0,465.0,880.0,26.223566692298586,19.54554726474839
2,RandomForest,360.8763735294342,,100.0,1.0,-1.0,arm1,trees,HP_Peak,size,netfit,residual,log,50.0,465.0,880.0,25.06343667487066,10.630737708902089
2,ExtraTrees,114.96141648292542,,100.0,1.0,-1.0,arm1,trees,HP_Peak,size,netfit,residual,log,50.0,465.0,880.0,24.912869888619287,18.519648563617938
2,XGBoost,188.00916934013367,,200.0,0.0,-1.0,arm1,trees,HP_Peak,size,netfit,direct,log,50.0,950.0,1660.0,25.50832348985638,16.659820091510717
2,RandomForest,605.9564576148987,,200.0,0.0,-1.0,arm1,trees,HP_Peak,size,netfit,direct,log,50.0,950.0,1660.0,24.996166223683176,14.491965865899422
2,ExtraTrees,218.89295935630798,,200.0,0.0,-1.0,arm1,trees,HP_Peak,size,netfit,direct,log,50.0,950.0,1660.0,24.64545477856693,14.771936108619313
2,XGBoost,215.9499168395996,,200.0,0.0,-1.0,arm1,trees,HP_Peak,size,netfit,residual,log,50.0,950.0,1660.0,25.362369186117068,18.50063301854997
2,RandomForest,569.3538446426392,,200.0,0.0,-1.0,arm1,trees,HP_Peak,size,netfit,residual,log,50.0,950.0,1660.0,24.454159318419993,16.699825710968927
2,ExtraTrees,211.90307664871216,,200.0,0.0,-1.0,arm1,trees,HP_Peak,size,netfit,residual,log,50.0,950.0,1660.0,24.38131798222115,15.839906637491577
2,XGBoost,121.3614730834961,,200.0,1.0,-1.0,arm1,trees,HP_Peak,size,netfit,direct,log,50.0,880.0,1700.0,24.278807963523313,17.01647065074536
2,RandomForest,781.8336143493652,,200.0,1.0,-1.0,arm1,trees,HP_Peak,size,netfit,direct,log,50.0,880.0,1700.0,22.502329531080083,6.810264173469821
2,ExtraTrees,247.88317561149597,,200.0,1.0,-1.0,arm1,trees,HP_Peak,size,netfit,direct,log,50.0,880.0,1700.0,22.59624808620768,4.241001686218582
2,XGBoost,235.21408915519714,,200.0,1.0,-1.0,arm1,trees,HP_Peak,size,netfit,residual,log,50.0,880.0,1700.0,23.22867805068443,18.814174282221387
2,RandomForest,456.1731188297272,,200.0,1.0,-1.0,arm1,trees,HP_Peak,size,netfit,residual,log,50.0,880.0,1700.0,22.56339467072157,8.896283245302532
2,ExtraTrees,224.5332543849945,,200.0,1.0,-1.0,arm1,trees,HP_Peak,size,netfit,residual,log,50.0,880.0,1700.0,22.54424913095389,14.170905210774789
3,XGBoost,198.40581035614014,,32.0,1.0,-1.0,arm1,trees,HP_Peak,size,netfit,direct,log,50.0,210.0,320.0,29.01536654127557,21.034435092568124
3,RandomForest,252.8588104248047,,32.0,1.0,-1.0,arm1,trees,HP_Peak,size,netfit,direct,log,50.0,210.0,320.0,29.25367245224426,23.26699401629299
3,ExtraTrees,111.89998698234558,,32.0,1.0,-1.0,arm1,trees,HP_Peak,size,netfit,direct,log,50.0,210.0,320.0,28.53790907626349,19.496693486849114
3,XGBoost,166.43336129188538,,32.0,1.0,-1.0,arm1,trees,HP_Peak,size,netfit,residual,log,50.0,210.0,320.0,30.154116672036256,22.44722906855102
3,RandomForest,180.93426990509033,,32.0,1.0,-1.0,arm1,trees,HP_Peak,size,netfit,residual,log,50.0,210.0,320.0,29.137965634505854,19.982036485805388
3,ExtraTrees,112.77248883247375,,32.0,1.0,-1.0,arm1,trees,HP_Peak,size,netfit,residual,log,50.0,210.0,320.0,28.66125755792599,20.83740335963948
3,XGBoost,187.19036602973938,,62.0,0.0,-1.0,arm1,trees,HP_Peak,size,netfit,direct,log,50.0,330.0,640.0,27.865943990378245,22.94014093017127
3,RandomForest,292.7779619693756,,62.0,0.0,-1.0,arm1,trees,HP_Peak,size,netfit,direct,log,50.0,330.0,640.0,27.52287968555975,22.40937175175449
3,ExtraTrees,160.44236516952515,,62.0,0.0,-1.0,arm1,trees,HP_Peak,size,netfit,direct,log,50.0,330.0,640.0,27.585340518062605,8.859389911101022
3,XGBoost,138.1608271598816,,62.0,0.0,-1.0,arm1,trees,HP_Peak,size,netfit,residual,log,50.0,330.0,640.0,31.247139570182917,24.581406263549503
3,RandomForest,212.26772785186768,,62.0,0.0,-1.0,arm1,trees,HP_Peak,size,netfit,residual,log,50.0,330.0,640.0,28.772471823647205,20.34492471733378
3,ExtraTrees,130.77728629112244,,62.0,0.0,-1.0,arm1,trees,HP_Peak,size,netfit,residual,log,50.0,330.0,640.0,27.6454121216662,14.009268645232778
3,XGBoost,135.6128318309784,,62.0,1.0,-1.0,arm1,trees,HP_Peak,size,netfit,direct,log,50.0,280.0,530.0,28.71464002887377,17.935261303336013
3,RandomForest,220.18088102340698,,62.0,1.0,-1.0,arm1,trees,HP_Peak,size,netfit,direct,log,50.0,280.0,530.0,26.587393531412992,14.577871899005126
3,ExtraTrees,133.58756613731384,,62.0,1.0,-1.0,arm1,trees,HP_Peak,size,netfit,direct,log,50.0,280.0,530.0,25.77064917069432,0.15039928549589673
3,XGBoost,127.38971495628357,,62.0,1.0,-1.0,arm1,trees,HP_Peak,size,netfit,residual,log,50.0,280.0,530.0,29.643896763190615,23.061286835632423
3,RandomForest,244.57624077796936,,62.0,1.0,-1.0,arm1,trees,HP_Peak,size,netfit,residual,log,50.0,280.0,530.0,25.842647414709887,12.86390891225836
3,ExtraTrees,130.49396586418152,,62.0,1.0,-1.0,arm1,trees,HP_Peak,size,netfit,residual,log,50.0,280.0,530.0,24.668500854169217,5.2267162771727635
3,XGBoost,228.6334946155548,,100.0,0.0,-1.0,arm1,trees,HP_Peak,size,netfit,direct,log,50.0,550.0,930.0,29.716575803806876,16.046968480927955
3,RandomForest,285.8021183013916,,100.0,0.0,-1.0,arm1,trees,HP_Peak,size,netfit,direct,log,50.0,550.0,930.0,25.528969837597874,13.668400825011556
3,ExtraTrees,166.47804045677185,,100.0,0.0,-1.0,arm1,trees,HP_Peak,size,netfit,direct,log,50.0,550.0,930.0,25.3071016984569,12.44693741977147
3,XGBoost,264.9963438510895,,100.0,0.0,-1.0,arm1,trees,HP_Peak,size,netfit,residual,log,50.0,550.0,930.0,31.88568165312938,17.76673909787072
3,RandomForest,310.16022658348083,,100.0,0.0,-1.0,arm1,trees,HP_Peak,size,netfit,residual,log,50.0,550.0,930.0,27.687551388428368,16.95345029725639
3,ExtraTrees,124.4069893360138,,100.0,0.0,-1.0,arm1,trees,HP_Peak,size,netfit,residual,log,50.0,550.0,930.0,27.328897811845742,17.761729179052026
3,XGBoost,162.29245448112488,,100.0,1.0,-1.0,arm1,trees,HP_Peak,size,netfit,direct,log,50.0,460.0,920.0,26.72441456711181,13.212509340869497
3,RandomForest,286.6398878097534,,100.0,1.0,-1.0,arm1,trees,HP_Peak,size,netfit,direct,log,50.0,460.0,920.0,24.730369426020417,8.357296765491938
3,ExtraTrees,144.35854053497314,,100.0,1.0,-1.0,arm1,trees,HP_Peak,size,netfit,direct,log,50.0,460.0,920.0,24.624261827253846,12.009107142376564
3,XGBoost,319.92703771591187,,100.0,1.0,-1.0,arm1,trees,HP_Peak,size,netfit,residual,log,50.0,460.0,920.0,26.244823859090808,16.939085801584106
3,RandomForest,404.5256862640381,,100.0,1.0,-1.0,arm1,trees,HP_Peak,size,netfit,residual,log,50.0,460.0,920.0,24.105447534643034,13.732953216517343
3,ExtraTrees,131.76942563056946,,100.0,1.0,-1.0,arm1,trees,HP_Peak,size,netfit,residual,log,50.0,460.0,920.0,24.585700472928917,16.512528477907672
3,XGBoost,217.24979782104492,,200.0,0.0,-1.0,arm1,trees,HP_Peak,size,netfit,direct,log,50.0,920.0,1470.0,25.451078107153364,12.603310089264037
3,RandomForest,454.23814940452576,,200.0,0.0,-1.0,arm1,trees,HP_Peak,size,netfit,direct,log,50.0,920.0,1470.0,24.8225957190217,10.243506757129953
3,ExtraTrees,152.99482607841492,,200.0,0.0,-1.0,arm1,trees,HP_Peak,size,netfit,direct,log,50.0,920.0,1470.0,24.984279793027017,13.254682286021874
3,XGBoost,191.46070098876953,,200.0,0.0,-1.0,arm1,trees,HP_Peak,size,netfit,residual,log,50.0,920.0,1470.0,24.84311890153808,17.307416928967648
3,RandomForest,503.4694104194641,,200.0,0.0,-1.0,arm1,trees,HP_Peak,size,netfit,residual,log,50.0,920.0,1470.0,24.264492735996562,14.13397109180371
3,ExtraTrees,174.68958377838135,,200.0,0.0,-1.0,arm1,trees,HP_Peak,size,netfit,residual,log,50.0,920.0,1470.0,24.1970234522376,13.620026536356654
3,XGBoost,223.1562340259552,,200.0,1.0,-1.0,arm1,trees,HP_Peak,size,netfit,direct,log,50.0,890.0,1600.0,24.536807272335583,11.855496918475504
3,RandomForest,483.71543622016907,,200.0,1.0,-1.0,arm1,trees,HP_Peak,size,netfit,direct,log,50.0,890.0,1600.0,24.308078918909025,11.109035692711908
3,ExtraTrees,184.70658922195435,,200.0,1.0,-1.0,arm1,trees,HP_Peak,size,netfit,direct,log,50.0,890.0,1600.0,24.037244682262752,10.368157368167232
3,XGBoost,277.1175835132599,,200.0,1.0,-1.0,arm1,trees,HP_Peak,size,netfit,residual,log,50.0,890.0,1600.0,24.36651945892815,17.586033921781652
3,RandomForest,443.03000473976135,,200.0,1.0,-1.0,arm1,trees,HP_Peak,size,netfit,residual,log,50.0,890.0,1600.0,23.966031294182883,15.909274727296662
3,ExtraTrees,173.10210990905762,,200.0,1.0,-1.0,arm1,trees,HP_Peak,size,netfit,residual,log,50.0,890.0,1600.0,23.649074059125265,16.589838854440643
4,XGBoost,89.43332839012146,,32.0,1.0,-1.0,arm1,trees,HP_Peak,size,netfit,direct,log,50.0,125.0,350.0,30.092559383016727,21.785880551267493
4,RandomForest,267.7846472263336,,32.0,1.0,-1.0,arm1,trees,HP_Peak,size,netfit,direct,log,50.0,125.0,350.0,27.99803660061989,14.290052413075099
4,ExtraTrees,139.71779012680054,,32.0,1.0,-1.0,arm1,trees,HP_Peak,size,netfit,direct,log,50.0,125.0,350.0,28.100592681186082,22.36359245647156
4,XGBoost,131.3184459209442,,32.0,1.0,-1.0,arm1,trees,HP_Peak,size,netfit,residual,log,50.0,125.0,350.0,30.427729305226812,26.5721535420259
4,RandomForest,237.7583932876587,,32.0,1.0,-1.0,arm1,trees,HP_Peak,size,netfit,residual,log,50.0,125.0,350.0,28.98994488311222,17.375040807091185
4,ExtraTrees,107.71973156929016,,32.0,1.0,-1.0,arm1,trees,HP_Peak,size,netfit,residual,log,50.0,125.0,350.0,28.596103503030097,24.0523375725071
4,XGBoost,142.79001569747925,,62.0,0.0,-1.0,arm1,trees,HP_Peak,size,netfit,direct,log,50.0,280.0,470.0,29.07500217723749,15.854999329942993
4,RandomForest,216.83409023284912,,62.0,0.0,-1.0,arm1,trees,HP_Peak,size,netfit,direct,log,50.0,280.0,470.0,27.174736427922504,16.966673335317807
4,ExtraTrees,144.5898711681366,,62.0,0.0,-1.0,arm1,trees,HP_Peak,size,netfit,direct,log,50.0,280.0,470.0,27.20963185435297,14.571548240534197
4,XGBoost,140.71672773361206,,62.0,0.0,-1.0,arm1,trees,HP_Peak,size,netfit,residual,log,50.0,280.0,470.0,30.43983557964672,20.81296072813664
4,RandomForest,194.41274285316467,,62.0,0.0,-1.0,arm1,trees,HP_Peak,size,netfit,residual,log,50.0,280.0,470.0,29.564148099533345,17.712394316612087
4,ExtraTrees,143.09920644760132,,62.0,0.0,-1.0,arm1,trees,HP_Peak,size,netfit,residual,log,50.0,280.0,470.0,28.46039221833768,19.383087138966584
4,XGBoost,168.81570196151733,,62.0,1.0,-1.0,arm1,trees,HP_Peak,size,netfit,direct,log,50.0,280.0,650.0,29.152753779191993,16.96075694772003
4,RandomForest,278.5283577442169,,62.0,1.0,-1.0,arm1,trees,HP_Peak,size,netfit,direct,log,50.0,280.0,650.0,27.253794262484295,13.840771234753948
4,ExtraTrees,118.39515709877014,,62.0,1.0,-1.0,arm1,trees,HP_Peak,size,netfit,direct,log,50.0,280.0,650.0,26.961255207023097,13.022886471796092
4,XGBoost,229.73601174354553,,62.0,1.0,-1.0,arm1,trees,HP_Peak,size,netfit,residual,log,50.0,280.0,650.0,29.16714159432581,23.732401275470362
4,RandomForest,208.44049525260925,,62.0,1.0,-1.0,arm1,trees,HP_Peak,size,netfit,residual,log,50.0,280.0,650.0,28.25641431558127,18.537825890950423
4,ExtraTrees,112.67474937438965,,62.0,1.0,-1.0,arm1,trees,HP_Peak,size,netfit,residual,log,50.0,280.0,650.0,27.845025626398204,19.432496749547198
4,XGBoost,229.36865639686584,,100.0,0.0,-1.0,arm1,trees,HP_Peak,size,netfit,direct,log,50.0,510.0,830.0,24.917427009873116,9.363193755898196
4,RandomForest,329.81904673576355,,100.0,0.0,-1.0,arm1,trees,HP_Peak,size,netfit,direct,log,50.0,510.0,830.0,22.143700167196645,8.76540112739038
4,ExtraTrees,150.0506784915924,,100.0,0.0,-1.0,arm1,trees,HP_Peak,size,netfit,direct,log,50.0,510.0,830.0,22.20796791679712,3.6366521219416867
4,XGBoost,322.0188479423523,,100.0,0.0,-1.0,arm1,trees,HP_Peak,size,netfit,residual,log,50.0,510.0,830.0,23.469631994995755,14.120875530650299
4,RandomForest,310.7067725658417,,100.0,0.0,-1.0,arm1,trees,HP_Peak,size,netfit,residual,log,50.0,510.0,830.0,22.50817962829454,7.629883833592212
4,ExtraTrees,149.21063256263733,,100.0,0.0,-1.0,arm1,trees,HP_Peak,size,netfit,residual,log,50.0,510.0,830.0,22.29394819739179,9.14041006942925
4,XGBoost,141.8898265361786,,100.0,1.0,-1.0,arm1,trees,HP_Peak,size,netfit,direct,log,50.0,570.0,930.0,27.55427248023102,19.8162719985847
4,RandomForest,432.4094169139862,,100.0,1.0,-1.0,arm1,trees,HP_Peak,size,netfit,direct,log,50.0,570.0,930.0,26.00286000746159,11.454597680807181
4,ExtraTrees,152.69437909126282,,100.0,1.0,-1.0,arm1,trees,HP_Peak,size,netfit,direct,log,50.0,570.0,930.0,25.55951990523396,12.674766861847587
4,XGBoost,328.52413392066956,,100.0,1.0,-1.0,arm1,trees,HP_Peak,size,netfit,residual,log,50.0,570.0,930.0,26.34201106559299,19.782982199169627
4,RandomForest,330.8486793041229,,100.0,1.0,-1.0,arm1,trees,HP_Peak,size,netfit,residual,log,50.0,570.0,930.0,25.182211426429486,18.069946657086962
4,ExtraTrees,190.05959630012512,,100.0,1.0,-1.0,arm1,trees,HP_Peak,size,netfit,residual,log,50.0,570.0,930.0,25.470210951855645,18.139606282130327
4,XGBoost,223.74953365325928,,200.0,0.0,-1.0,arm1,trees,HP_Peak,size,netfit,direct,log,50.0,910.0,1620.0,22.924065939166503,9.668474006824223
4,RandomForest,486.0765664577484,,200.0,0.0,-1.0,arm1,trees,HP_Peak,size,netfit,direct,log,50.0,910.0,1620.0,21.941768165765513,5.495297495082195
4,ExtraTrees,168.90584468841553,,200.0,0.0,-1.0,arm1,trees,HP_Peak,size,netfit,direct,log,50.0,910.0,1620.0,21.882882764286936,6.7093782446651655
4,XGBoost,285.9718747138977,,200.0,0.0,-1.0,arm1,trees,HP_Peak,size,netfit,residual,log,50.0,910.0,1620.0,23.686157763614077,14.716416800377319
4,RandomForest,619.9169347286224,,200.0,0.0,-1.0,arm1,trees,HP_Peak,size,netfit,residual,log,50.0,910.0,1620.0,22.77586890072449,10.263091226436313
4,ExtraTrees,182.26608633995056,,200.0,0.0,-1.0,arm1,trees,HP_Peak,size,netfit,residual,log,50.0,910.0,1620.0,22.667014881445745,11.122212943087861
4,XGBoost,288.58366990089417,,200.0,1.0,-1.0,arm1,trees,HP_Peak,size,netfit,direct,log,50.0,950.0,1530.0,24.116553471451137,15.536146151278604
4,RandomForest,452.13948583602905,,200.0,1.0,-1.0,arm1,trees,HP_Peak,size,netfit,direct,log,50.0,950.0,1530.0,21.89619504176768,8.94503460482231
4,ExtraTrees,172.6770350933075,,200.0,1.0,-1.0,arm1,trees,HP_Peak,size,netfit,direct,log,50.0,950.0,1530.0,21.20007059743213,3.2400517014571286
4,XGBoost,338.22223448753357,,200.0,1.0,-1.0,arm1,trees,HP_Peak,size,netfit,residual,log,50.0,950.0,1530.0,22.271736933649876,15.56533441864176
4,RandomForest,680.1112842559814,,200.0,1.0,-1.0,arm1,trees,HP_Peak,size,netfit,residual,log,50.0,950.0,1530.0,21.60547406673983,6.462363573341208
4,ExtraTrees,192.98633670806885,,200.0,1.0,-1.0,arm1,trees,HP_Peak,size,netfit,residual,log,50.0,950.0,1530.0,21.729943941189287,10.956395736884298
5,XGBoost,155.16645407676697,,62.0,0.0,-1.0,arm1,trees,HP_Peak,size,netfit,direct,log,50.0,265.0,710.0,34.66864963948975,23.404009507927764
5,RandomForest,201.851877450943,,62.0,0.0,-1.0,arm1,trees,HP_Peak,size,netfit,direct,log,50.0,265.0,710.0,34.24548017359351,20.958443278948018
5,ExtraTrees,125.85871434211731,,62.0,0.0,-1.0,arm1,trees,HP_Peak,size,netfit,direct,log,50.0,265.0,710.0,33.61122660896401,25.84878167745428
5,XGBoost,179.25418257713318,,62.0,0.0,-1.0,arm1,trees,HP_Peak,size,netfit,residual,log,50.0,265.0,710.0,32.94677821455557,32.895233404022726
5,RandomForest,234.78602409362793,,62.0,0.0,-1.0,arm1,trees,HP_Peak,size,netfit,residual,log,50.0,265.0,710.0,32.56091181948014,26.523370616136212
5,ExtraTrees,129.87486863136292,,62.0,0.0,-1.0,arm1,trees,HP_Peak,size,netfit,residual,log,50.0,265.0,710.0,32.25797035905928,27.907861304060855
5,XGBoost,137.68075323104858,,62.0,1.0,-1.0,arm1,trees,HP_Peak,size,netfit,direct,log,50.0,275.0,640.0,30.20399301555694,18.165302962523366
5,RandomForest,255.28193879127502,,62.0,1.0,-1.0,arm1,trees,HP_Peak,size,netfit,direct,log,50.0,275.0,640.0,27.919764044362307,8.237764740438662
5,ExtraTrees,149.35604190826416,,62.0,1.0,-1.0,arm1,trees,HP_Peak,size,netfit,direct,log,50.0,275.0,640.0,27.81567650591555,5.076364627246418
5,XGBoost,263.6830623149872,,62.0,1.0,-1.0,arm1,trees,HP_Peak,size,netfit,residual,log,50.0,275.0,640.0,29.544722028642607,21.276761975303483
5,RandomForest,241.5143826007843,,62.0,1.0,-1.0,arm1,trees,HP_Peak,size,netfit,residual,log,50.0,275.0,640.0,28.22144866320469,12.328991936583881
5,ExtraTrees,152.96279644966125,,62.0,1.0,-1.0,arm1,trees,HP_Peak,size,netfit,residual,log,50.0,275.0,640.0,28.398274469292645,13.453003200097251
5,XGBoost,197.44803094863892,,100.0,0.0,-1.0,arm1,trees,HP_Peak,size,netfit,direct,log,50.0,495.0,1010.0,30.240354896173116,18.54825451804706
5,RandomForest,283.5626118183136,,100.0,0.0,-1.0,arm1,trees,HP_Peak,size,netfit,direct,log,50.0,495.0,1010.0,27.25813276664963,14.014036637694247
5,ExtraTrees,191.22876644134521,,100.0,0.0,-1.0,arm1,trees,HP_Peak,size,netfit,direct,log,50.0,495.0,1010.0,26.39711750166949,15.636894391052866
5,XGBoost,279.2654573917389,,100.0,0.0,-1.0,arm1,trees,HP_Peak,size,netfit,residual,log,50.0,495.0,1010.0,27.13493192704902,19.865597054048642
5,RandomForest,342.460960149765,,100.0,0.0,-1.0,arm1,trees,HP_Peak,size,netfit,residual,log,50.0,495.0,1010.0,26.434071661441045,17.540235046885684
5,ExtraTrees,162.97130751609802,,100.0,0.0,-1.0,arm1,trees,HP_Peak,size,netfit,residual,log,50.0,495.0,1010.0,26.46974101737963,18.48833140886509
5,XGBoost,168.36966729164124,,100.0,1.0,-1.0,arm1,trees,HP_Peak,size,netfit,direct,log,50.0,460.0,940.0,27.727949883226266,16.11685786999778
5,RandomForest,343.05610823631287,,100.0,1.0,-1.0,arm1,trees,HP_Peak,size,netfit,direct,log,50.0,460.0,940.0,25.18726538297589,8.891956719221541
5,ExtraTrees,140.23421573638916,,100.0,1.0,-1.0,arm1,trees,HP_Peak,size,netfit,direct,log,50.0,460.0,940.0,24.62800730894843,5.116988047370621
5,XGBoost,323.87536096572876,,100.0,1.0,-1.0,arm1,trees,HP_Peak,size,netfit,residual,log,50.0,460.0,940.0,25.852127421370152,16.96062328793105
5,RandomForest,323.11202025413513,,100.0,1.0,-1.0,arm1,trees,HP_Peak,size,netfit,residual,log,50.0,460.0,940.0,24.287386865852504,13.148653795749047
5,ExtraTrees,178.93813705444336,,100.0,1.0,-1.0,arm1,trees,HP_Peak,size,netfit,residual,log,50.0,460.0,940.0,23.934312903050152,15.277653803223348
5,XGBoost,181.04744720458984,,200.0,0.0,-1.0,arm1,trees,HP_Peak,size,netfit,direct,log,50.0,980.0,1640.0,24.42370660719222,12.31305838292734
5,RandomForest,623.8967950344086,,200.0,0.0,-1.0,arm1,trees,HP_Peak,size,netfit,direct,log,50.0,980.0,1640.0,22.251343421539467,7.454592405492249
5,ExtraTrees,231.30868482589722,,200.0,0.0,-1.0,arm1,trees,HP_Peak,size,netfit,direct,log,50.0,980.0,1640.0,22.21113303247617,0.8093397216578732
5,XGBoost,346.0685634613037,,200.0,0.0,-1.0,arm1,trees,HP_Peak,size,netfit,residual,log,50.0,980.0,1640.0,23.691920402509037,16.44149055801199
5,RandomForest,656.8108365535736,,200.0,0.0,-1.0,arm1,trees,HP_Peak,size,netfit,residual,log,50.0,980.0,1640.0,22.3952633541769,6.4206088562665835
5,ExtraTrees,209.05645728111267,,200.0,0.0,-1.0,arm1,trees,HP_Peak,size,netfit,residual,log,50.0,980.0,1640.0,22.17478311800473,2.6000808124523535e-13
5,XGBoost,154.29651165008545,,200.0,1.0,-1.0,arm1,trees,HP_Peak,size,netfit,direct,log,50.0,940.0,1520.0,25.386979467310383,11.36757355443537
5,RandomForest,607.9448394775391,,200.0,1.0,-1.0,arm1,trees,HP_Peak,size,netfit,direct,log,50.0,940.0,1520.0,24.380869576677263,9.26378245790678
5,ExtraTrees,231.85148358345032,,200.0,1.0,-1.0,arm1,trees,HP_Peak,size,netfit,direct,log,50.0,940.0,1520.0,24.12224973717918,8.085041779095372
5,XGBoost,309.3664209842682,,200.0,1.0,-1.0,arm1,trees,HP_Peak,size,netfit,residual,log,50.0,940.0,1520.0,24.14183537187542,16.022815492241282
5,RandomForest,440.03278851509094,,200.0,1.0,-1.0,arm1,trees,HP_Peak,size,netfit,residual,log,50.0,940.0,1520.0,24.13293859050198,12.548966430537334
5,ExtraTrees,230.63972067832947,,200.0,1.0,-1.0,arm1,trees,HP_Peak,size,netfit,residual,log,50.0,940.0,1520.0,23.93385577372083,13.473726406024108
6,XGBoost,122.93809986114502,,32.0,0.0,-1.0,arm1,trees,HP_Peak,size,netfit,direct,log,50.0,185.0,350.0,29.704227922877322,20.638342462760807
6,RandomForest,222.67694544792175,,32.0,0.0,-1.0,arm1,trees,HP_Peak,size,netfit,direct,log,50.0,185.0,350.0,28.468210092692157,20.341373458261263
6,ExtraTrees,118.08534359931946,,32.0,0.0,-1.0,arm1,trees,HP_Peak,size,netfit,direct,log,50.0,185.0,350.0,28.56953145175958,23.930448388385354
6,XGBoost,136.50364542007446,,32.0,0.0,-1.0,arm1,trees,HP_Peak,size,netfit,residual,log,50.0,185.0,350.0,28.256915925207288,29.687404523920602
6,RandomForest,195.99067330360413,,32.0,0.0,-1.0,arm1,trees,HP_Peak,size,netfit,residual,log,50.0,185.0,350.0,27.995035931703622,24.988696177761724
6,ExtraTrees,131.30670428276062,,32.0,0.0,-1.0,arm1,trees,HP_Peak,size,netfit,residual,log,50.0,185.0,350.0,28.004543548945577,27.06811079296005
6,XGBoost,170.8256130218506,,62.0,0.0,-1.0,arm1,trees,HP_Peak,size,netfit,direct,log,50.0,315.0,700.0,38.21158887144702,21.831817111183987
6,RandomForest,349.7944633960724,,62.0,0.0,-1.0,arm1,trees,HP_Peak,size,netfit,direct,log,50.0,315.0,700.0,37.079767782516576,11.017205840126564
6,ExtraTrees,141.42602109909058,,62.0,0.0,-1.0,arm1,trees,HP_Peak,size,netfit,direct,log,50.0,315.0,700.0,36.957554315548066,10.243115491466057
6,XGBoost,254.29381394386292,,62.0,0.0,-1.0,arm1,trees,HP_Peak,size,netfit,residual,log,50.0,315.0,700.0,37.64650202985653,23.51173623777731
6,RandomForest,297.0027017593384,,62.0,0.0,-1.0,arm1,trees,HP_Peak,size,netfit,residual,log,50.0,315.0,700.0,38.63185783913924,12.394180674865444
6,ExtraTrees,145.70948481559753,,62.0,0.0,-1.0,arm1,trees,HP_Peak,size,netfit,residual,log,50.0,315.0,700.0,37.88115124535827,27.560789952123667
6,XGBoost,157.73967599868774,,62.0,1.0,-1.0,arm1,trees,HP_Peak,size,netfit,direct,log,50.0,280.0,690.0,28.79948972632939,18.514327800473293
6,RandomForest,264.1389081478119,,62.0,1.0,-1.0,arm1,trees,HP_Peak,size,netfit,direct,log,50.0,280.0,690.0,27.030801637592607,9.882613190337032
6,ExtraTrees,126.96579194068909,,62.0,1.0,-1.0,arm1,trees,HP_Peak,size,netfit,direct,log,50.0,280.0,690.0,26.67901403650806,5.839704770779167
6,XGBoost,235.81610774993896,,62.0,1.0,-1.0,arm1,trees,HP_Peak,size,netfit,residual,log,50.0,280.0,690.0,29.31146571602483,22.608677661105272
6,RandomForest,349.84935998916626,,62.0,1.0,-1.0,arm1,trees,HP_Peak,size,netfit,residual,log,50.0,280.0,690.0,27.60440845684668,17.538630289937867
6,ExtraTrees,160.1407663822174,,62.0,1.0,-1.0,arm1,trees,HP_Peak,size,netfit,residual,log,50.0,280.0,690.0,27.560499510615553,19.821150183872245
6,XGBoost,242.30743050575256,,100.0,0.0,-1.0,arm1,trees,HP_Peak,size,netfit,direct,log,50.0,505.0,950.0,28.703752396165086,12.642737729684745
6,RandomForest,371.17862200737,,100.0,0.0,-1.0,arm1,trees,HP_Peak,size,netfit,direct,log,50.0,505.0,950.0,27.05883402615186,13.679355188693709
6,ExtraTrees,157.81356596946716,,100.0,0.0,-1.0,arm1,trees,HP_Peak,size,netfit,direct,log,50.0,505.0,950.0,26.729088021147454,14.974196566414841
6,XGBoost,229.84093260765076,,100.0,0.0,-1.0,arm1,trees,HP_Peak,size,netfit,residual,log,50.0,505.0,950.0,27.53580516537128,19.276202421893405
6,RandomForest,285.9804289340973,,100.0,0.0,-1.0,arm1,trees,HP_Peak,size,netfit,residual,log,50.0,505.0,950.0,27.718883606764386,18.047582258369268
6,ExtraTrees,140.7098286151886,,100.0,0.0,-1.0,arm1,trees,HP_Peak,size,netfit,residual,log,50.0,505.0,950.0,27.414797355520637,19.245093851059906
6,XGBoost,162.3832688331604,,100.0,1.0,-1.0,arm1,trees,HP_Peak,size,netfit,direct,log,50.0,455.0,1030.0,26.727318325940423,12.04628494880447
6,RandomForest,335.9513187408447,,100.0,1.0,-1.0,arm1,trees,HP_Peak,size,netfit,direct,log,50.0,455.0,1030.0,25.74900000841196,6.894170752634148
6,ExtraTrees,178.0158338546753,,100.0,1.0,-1.0,arm1,trees,HP_Peak,size,netfit,direct,log,50.0,455.0,1030.0,25.171268609955522,4.271610952762015
6,XGBoost,328.1024532318115,,100.0,1.0,-1.0,arm1,trees,HP_Peak,size,netfit,residual,log,50.0,455.0,1030.0,27.486529423892364,17.55537074396944
6,RandomForest,275.33243894577026,,100.0,1.0,-1.0,arm1,trees,HP_Peak,size,netfit,residual,log,50.0,455.0,1030.0,25.205738792149145,9.967555660811302
6,ExtraTrees,195.10799980163574,,100.0,1.0,-1.0,arm1,trees,HP_Peak,size,netfit,residual,log,50.0,455.0,1030.0,24.970860053658665,10.669888881852431
6,XGBoost,154.56247878074646,,200.0,0.0,-1.0,arm1,trees,HP_Peak,size,netfit,direct,log,50.0,960.0,1650.0,24.743484263804426,12.835899524883096
6,RandomForest,547.0880846977234,,200.0,0.0,-1.0,arm1,trees,HP_Peak,size,netfit,direct,log,50.0,960.0,1650.0,22.714988134031007,9.524296777395618
6,ExtraTrees,223.6275291442871,,200.0,0.0,-1.0,arm1,trees,HP_Peak,size,netfit,direct,log,50.0,960.0,1650.0,23.050259334058683,8.408137939552388
6,XGBoost,256.46605491638184,,200.0,0.0,-1.0,arm1,trees,HP_Peak,size,netfit,residual,log,50.0,960.0,1650.0,24.39996787917564,15.77274108926624
6,RandomForest,666.9568195343018,,200.0,0.0,-1.0,arm1,trees,HP_Peak,size,netfit,residual,log,50.0,960.0,1650.0,23.24534755936514,14.54901065320405
6,ExtraTrees,233.09946298599243,,200.0,0.0,-1.0,arm1,trees,HP_Peak,size,netfit,residual,log,50.0,960.0,1650.0,22.973444870874253,15.408193979691005
6,XGBoost,259.8739845752716,,200.0,1.0,-1.0,arm1,trees,HP_Peak,size,netfit,direct,log,50.0,935.0,1680.0,25.088797306194543,13.960476732223789
6,RandomForest,568.0795896053314,,200.0,1.0,-1.0,arm1,trees,HP_Peak,size,netfit,direct,log,50.0,935.0,1680.0,23.386216600737733,8.989700871509777
6,ExtraTrees,179.0261480808258,,200.0,1.0,-1.0,arm1,trees,HP_Peak,size,netfit,direct,log,50.0,935.0,1680.0,23.58250415140065,5.262962865591953
6,XGBoost,423.452175617218,,200.0,1.0,-1.0,arm1,trees,HP_Peak,size,netfit,residual,log,50.0,935.0,1680.0,24.539581737938587,17.762782835750208
6,RandomForest,737.0312700271606,,200.0,1.0,-1.0,arm1,trees,HP_Peak,size,netfit,residual,log,50.0,935.0,1680.0,23.450106907172003,6.66671576199155
6,ExtraTrees,229.93490529060364,,200.0,1.0,-1.0,arm1,trees,HP_Peak,size,netfit,residual,log,50.0,935.0,1680.0,23.581244017148453,14.060962694605994
7,XGBoost,112.8450403213501,,32.0,0.0,-1.0,arm1,trees,HP_Peak,size,netfit,direct,log,50.0,125.0,290.0,27.364088133620594,15.564125677391981
7,RandomForest,244.0143313407898,,32.0,0.0,-1.0,arm1,trees,HP_Peak,size,netfit,direct,log,50.0,125.0,290.0,25.84016831299029,13.07932716184332
7,ExtraTrees,125.65769839286804,,32.0,0.0,-1.0,arm1,trees,HP_Peak,size,netfit,direct,log,50.0,125.0,290.0,25.720095447718982,8.813981636571704
7,XGBoost,230.97914123535156,,32.0,0.0,-1.0,arm1,trees,HP_Peak,size,netfit,residual,log,50.0,125.0,290.0,29.213676079479207,14.801439109010653
7,RandomForest,155.12287259101868,,32.0,0.0,-1.0,arm1,trees,HP_Peak,size,netfit,residual,log,50.0,125.0,290.0,27.88133293322657,16.978349765057374
7,ExtraTrees,129.07344269752502,,32.0,0.0,-1.0,arm1,trees,HP_Peak,size,netfit,residual,log,50.0,125.0,290.0,26.433901377234147,0.17652231022512516
7,XGBoost,118.12620162963867,,62.0,0.0,-1.0,arm1,trees,HP_Peak,size,netfit,direct,log,50.0,275.0,670.0,37.80861085022736,21.07769712492843
7,RandomForest,224.27656149864197,,62.0,0.0,-1.0,arm1,trees,HP_Peak,size,netfit,direct,log,50.0,275.0,670.0,35.40056920374546,22.903996143090133
7,ExtraTrees,140.64634442329407,,62.0,0.0,-1.0,arm1,trees,HP_Peak,size,netfit,direct,log,50.0,275.0,670.0,34.19139585568982,20.105564116524626
7,XGBoost,147.27976036071777,,62.0,0.0,-1.0,arm1,trees,HP_Peak,size,netfit,residual,log,50.0,275.0,670.0,29.434369242527612,24.16238573042266
7,RandomForest,226.46193432807922,,62.0,0.0,-1.0,arm1,trees,HP_Peak,size,netfit,residual,log,50.0,275.0,670.0,30.642664921197568,23.444301460648482
7,ExtraTrees,118.3456220626831,,62.0,0.0,-1.0,arm1,trees,HP_Peak,size,netfit,residual,log,50.0,275.0,670.0,30.853096733895434,24.471518722358056
7,XGBoost,109.77846479415894,,62.0,1.0,-1.0,arm1,trees,HP_Peak,size,netfit,direct,log,50.0,290.0,490.0,32.68054736962512,18.78088613923507
7,RandomForest,266.5015525817871,,62.0,1.0,-1.0,arm1,trees,HP_Peak,size,netfit,direct,log,50.0,290.0,490.0,32.45257737539959,15.112345928987967
7,ExtraTrees,146.86072063446045,,62.0,1.0,-1.0,arm1,trees,HP_Peak,size,netfit,direct,log,50.0,290.0,490.0,32.30368875257071,17.288547023749473
7,XGBoost,207.81838655471802,,62.0,1.0,-1.0,arm1,trees,HP_Peak,size,netfit,residual,log,50.0,290.0,490.0,29.30534044471121,20.526022090074484
7,RandomForest,253.95014882087708,,62.0,1.0,-1.0,arm1,trees,HP_Peak,size,netfit,residual,log,50.0,290.0,490.0,31.370400095874462,20.687181006696022
7,ExtraTrees,125.76899075508118,,62.0,1.0,-1.0,arm1,trees,HP_Peak,size,netfit,residual,log,50.0,290.0,490.0,31.553278581027666,20.630085851099714
7,XGBoost,143.64404273033142,,100.0,0.0,-1.0,arm1,trees,HP_Peak,size,netfit,direct,log,50.0,530.0,880.0,29.37272386130715,15.465234171524136
7,RandomForest,386.040513753891,,100.0,0.0,-1.0,arm1,trees,HP_Peak,size,netfit,direct,log,50.0,530.0,880.0,26.33529411808993,8.614053894577367
7,ExtraTrees,132.14865040779114,,100.0,0.0,-1.0,arm1,trees,HP_Peak,size,netfit,direct,log,50.0,530.0,880.0,25.801883485899165,14.466153454304099
7,XGBoost,238.51948356628418,,100.0,0.0,-1.0,arm1,trees,HP_Peak,size,netfit,residual,log,50.0,530.0,880.0,27.2378622896881,18.42367156439737
7,RandomForest,325.50105023384094,,100.0,0.0,-1.0,arm1,trees,HP_Peak,size,netfit,residual,log,50.0,530.0,880.0,26.34193918593606,15.093059879311804
7,ExtraTrees,141.9730989933014,,100.0,0.0,-1.0,arm1,trees,HP_Peak,size,netfit,residual,log,50.0,530.0,880.0,26.029153073165286,15.664626203287884
7,XGBoost,133.97870779037476,,100.0,1.0,-1.0,arm1,trees,HP_Peak,size,netfit,direct,log,50.0,460.0,990.0,27.797324264720693,16.07722559395425
7,RandomForest,330.95023941993713,,100.0,1.0,-1.0,arm1,trees,HP_Peak,size,netfit,direct,log,50.0,460.0,990.0,25.20912891259529,10.503669035627661
7,ExtraTrees,150.06840300559998,,100.0,1.0,-1.0,arm1,trees,HP_Peak,size,netfit,direct,log,50.0,460.0,990.0,24.54568014794918,10.7487554135862
7,XGBoost,225.2409474849701,,100.0,1.0,-1.0,arm1,trees,HP_Peak,size,netfit,residual,log,50.0,460.0,990.0,27.365916413186547,18.2533577289969
7,RandomForest,301.12732100486755,,100.0,1.0,-1.0,arm1,trees,HP_Peak,size,netfit,residual,log,50.0,460.0,990.0,25.960326840744468,14.87668295407348
7,ExtraTrees,136.4297456741333,,100.0,1.0,-1.0,arm1,trees,HP_Peak,size,netfit,residual,log,50.0,460.0,990.0,25.216755891895268,14.548497819289215
7,XGBoost,253.96838521957397,,200.0,0.0,-1.0,arm1,trees,HP_Peak,size,netfit,direct,log,50.0,925.0,1550.0,24.448307089016428,14.416419863281627
7,RandomForest,591.2796370983124,,200.0,0.0,-1.0,arm1,trees,HP_Peak,size,netfit,direct,log,50.0,925.0,1550.0,23.078107692263462,9.144734284350697
7,ExtraTrees,192.4784471988678,,200.0,0.0,-1.0,arm1,trees,HP_Peak,size,netfit,direct,log,50.0,925.0,1550.0,22.680825561095833,3.8981808112796763
7,XGBoost,303.6016585826874,,200.0,0.0,-1.0,arm1,trees,HP_Peak,size,netfit,residual,log,50.0,925.0,1550.0,23.53774907907373,18.694236857464595
7,RandomForest,498.22236037254333,,200.0,0.0,-1.0,arm1,trees,HP_Peak,size,netfit,residual,log,50.0,925.0,1550.0,22.561120068322438,13.471561973283402
7,ExtraTrees,163.45137071609497,,200.0,0.0,-1.0,arm1,trees,HP_Peak,size,netfit,residual,log,50.0,925.0,1550.0,22.37510785789467,11.9688470632137
7,XGBoost,280.0175220966339,,200.0,1.0,-1.0,arm1,trees,HP_Peak,size,netfit,direct,log,50.0,950.0,1620.0,24.88145153505064,13.957840071221227
7,RandomForest,610.848226070404,,200.0,1.0,-1.0,arm1,trees,HP_Peak,size,netfit,direct,log,50.0,950.0,1620.0,23.747925109698734,7.787115795942147
7,ExtraTrees,189.83694744110107,,200.0,1.0,-1.0,arm1,trees,HP_Peak,size,netfit,direct,log,50.0,950.0,1620.0,23.430166194665443,8.641796128243124
7,XGBoost,303.6581814289093,,200.0,1.0,-1.0,arm1,trees,HP_Peak,size,netfit,residual,log,50.0,950.0,1620.0,24.50107915795247,17.713651801672857
7,RandomForest,559.755387544632,,200.0,1.0,-1.0,arm1,trees,HP_Peak,size,netfit,residual,log,50.0,950.0,1620.0,24.059218419648534,12.73076391298304
7,ExtraTrees,156.02147603034973,,200.0,1.0,-1.0,arm1,trees,HP_Peak,size,netfit,residual,log,50.0,950.0,1620.0,23.8839495074337,14.230946302605613
8,XGBoost,113.28401947021484,,32.0,1.0,-1.0,arm1,trees,HP_Peak,size,netfit,direct,log,50.0,120.0,350.0,28.509833638203922,31.809631772658918
8,RandomForest,230.41717314720154,,32.0,1.0,-1.0,arm1,trees,HP_Peak,size,netfit,direct,log,50.0,120.0,350.0,25.566867151011998,21.20364157750356
8,ExtraTrees,129.40800976753235,,32.0,1.0,-1.0,arm1,trees,HP_Peak,size,netfit,direct,log,50.0,120.0,350.0,24.126059596534265,29.34996576648741
8,XGBoost,101.2593641281128,,32.0,1.0,-1.0,arm1,trees,HP_Peak,size,netfit,residual,log,50.0,120.0,350.0,27.38032885631977,34.44900397735998
8,RandomForest,249.75311088562012,,32.0,1.0,-1.0,arm1,trees,HP_Peak,size,netfit,residual,log,50.0,120.0,350.0,26.012328128722125,14.101820094213224
8,ExtraTrees,132.28567624092102,,32.0,1.0,-1.0,arm1,trees,HP_Peak,size,netfit,residual,log,50.0,120.0,350.0,25.99356581158182,31.556072864045458
8,XGBoost,137.56515765190125,,62.0,0.0,-1.0,arm1,trees,HP_Peak,size,netfit,direct,log,50.0,280.0,650.0,29.993425273756856,19.676943205955464
8,RandomForest,305.855092048645,,62.0,0.0,-1.0,arm1,trees,HP_Peak,size,netfit,direct,log,50.0,280.0,650.0,27.652762570004846,16.408562369562024
8,ExtraTrees,127.89949798583984,,62.0,0.0,-1.0,arm1,trees,HP_Peak,size,netfit,direct,log,50.0,280.0,650.0,27.78963557078511,19.167907110538618
8,XGBoost,220.96201920509338,,62.0,0.0,-1.0,arm1,trees,HP_Peak,size,netfit,residual,log,50.0,280.0,650.0,30.685706079896352,27.415193551690564
8,RandomForest,278.15456080436707,,62.0,0.0,-1.0,arm1,trees,HP_Peak,size,netfit,residual,log,50.0,280.0,650.0,28.159770189216037,15.733078810243944
8,ExtraTrees,137.940571308136,,62.0,0.0,-1.0,arm1,trees,HP_Peak,size,netfit,residual,log,50.0,280.0,650.0,27.72977258943859,22.069708712316263
8,XGBoost,119.0177161693573,,62.0,1.0,-1.0,arm1,trees,HP_Peak,size,netfit,direct,log,50.0,310.0,620.0,31.389359341027642,13.928807617726802
8,RandomForest,226.93748092651367,,62.0,1.0,-1.0,arm1,trees,HP_Peak,size,netfit,direct,log,50.0,310.0,620.0,30.058824685379324,10.967005406325638
8,ExtraTrees,137.36496496200562,,62.0,1.0,-1.0,arm1,trees,HP_Peak,size,netfit,direct,log,50.0,310.0,620.0,29.70092077926011,12.41710302294491
8,XGBoost,210.39983344078064,,62.0,1.0,-1.0,arm1,trees,HP_Peak,size,netfit,residual,log,50.0,310.0,620.0,31.526757184140003,22.152032089786132
8,RandomForest,221.64645385742188,,62.0,1.0,-1.0,arm1,trees,HP_Peak,size,netfit,residual,log,50.0,310.0,620.0,30.407684606645685,10.155670448553005
8,ExtraTrees,128.09382677078247,,62.0,1.0,-1.0,arm1,trees,HP_Peak,size,netfit,residual,log,50.0,310.0,620.0,30.383652478750886,0.7821835473490765
8,XGBoost,159.53981494903564,,100.0,0.0,-1.0,arm1,trees,HP_Peak,size,netfit,direct,log,50.0,450.0,860.0,27.52110043358162,12.494822669301596
8,RandomForest,294.2172725200653,,100.0,0.0,-1.0,arm1,trees,HP_Peak,size,netfit,direct,log,50.0,450.0,860.0,26.27971467279105,8.596805999850327
8,ExtraTrees,157.83085441589355,,100.0,0.0,-1.0,arm1,trees,HP_Peak,size,netfit,direct,log,50.0,450.0,860.0,25.75888704346907,11.007238230177792
8,XGBoost,262.97673439979553,,100.0,0.0,-1.0,arm1,trees,HP_Peak,size,netfit,residual,log,50.0,450.0,860.0,27.594720729200194,16.837288796640447
8,RandomForest,359.0800268650055,,100.0,0.0,-1.0,arm1,trees,HP_Peak,size,netfit,residual,log,50.0,450.0,860.0,25.373058504878067,13.843977810442162
8,ExtraTrees,170.33160257339478,,100.0,0.0,-1.0,arm1,trees,HP_Peak,size,netfit,residual,log,50.0,450.0,860.0,24.90742354626173,15.308590453296594
8,XGBoost,157.48609447479248,,100.0,1.0,-1.0,arm1,trees,HP_Peak,size,netfit,direct,log,50.0,500.0,1060.0,31.91642276236969,16.642837967550218
8,RandomForest,324.54528856277466,,100.0,1.0,-1.0,arm1,trees,HP_Peak,size,netfit,direct,log,50.0,500.0,1060.0,29.50556453660685,11.191515777460385
8,ExtraTrees,153.00311183929443,,100.0,1.0,-1.0,arm1,trees,HP_Peak,size,netfit,direct,log,50.0,500.0,1060.0,29.661677559399646,0.3284410750926154
8,XGBoost,296.46288895606995,,100.0,1.0,-1.0,arm1,trees,HP_Peak,size,netfit,residual,log,50.0,500.0,1060.0,30.918208674195274,20.9595403645808
8,RandomForest,407.1188359260559,,100.0,1.0,-1.0,arm1,trees,HP_Peak,size,netfit,residual,log,50.0,500.0,1060.0,29.43570337005882,9.861759275463072
8,ExtraTrees,136.56610488891602,,100.0,1.0,-1.0,arm1,trees,HP_Peak,size,netfit,residual,log,50.0,500.0,1060.0,29.66450541202058,1.8636651872164969
8,XGBoost,198.38183450698853,,200.0,0.0,-1.0,arm1,trees,HP_Peak,size,netfit,direct,log,50.0,920.0,1600.0,25.20983956024454,12.649693102577395
8,RandomForest,554.741705417633,,200.0,0.0,-1.0,arm1,trees,HP_Peak,size,netfit,direct,log,50.0,920.0,1600.0,23.334948104028214,6.881506804928539
8,ExtraTrees,217.00876235961914,,200.0,0.0,-1.0,arm1,trees,HP_Peak,size,netfit,direct,log,50.0,920.0,1600.0,23.114085337025347,3.962225829993063
8,XGBoost,327.4434881210327,,200.0,0.0,-1.0,arm1,trees,HP_Peak,size,netfit,residual,log,50.0,920.0,1600.0,24.137953373404496,16.401324286685856
8,RandomForest,541.9774732589722,,200.0,0.0,-1.0,arm1,trees,HP_Peak,size,netfit,residual,log,50.0,920.0,1600.0,23.440439203709072,12.950375008213062
8,ExtraTrees,255.68826866149902,,200.0,0.0,-1.0,arm1,trees,HP_Peak,size,netfit,residual,log,50.0,920.0,1600.0,23.227998945841865,12.301494760388245
8,XGBoost,228.23006415367126,,200.0,1.0,-1.0,arm1,trees,HP_Peak,size,netfit,direct,log,50.0,975.0,1600.0,25.470687628950486,14.640104914188528
8,RandomForest,740.9322040081024,,200.0,1.0,-1.0,arm1,trees,HP_Peak,size,netfit,direct,log,50.0,975.0,1600.0,24.168729814653876,8.743269519461084
8,ExtraTrees,215.41212153434753,,200.0,1.0,-1.0,arm1,trees,HP_Peak,size,netfit,direct,log,50.0,975.0,1600.0,24.102592390939396,7.585562758205761
8,XGBoost,346.92262053489685,,200.0,1.0,-1.0,arm1,trees,HP_Peak,size,netfit,residual,log,50.0,975.0,1600.0,25.440319418845238,18.261351025166668
8,RandomForest,477.01463532447815,,200.0,1.0,-1.0,arm1,trees,HP_Peak,size,netfit,residual,log,50.0,975.0,1600.0,24.576138790592626,11.96807610628766
8,ExtraTrees,166.32234597206116,,200.0,1.0,-1.0,arm1,trees,HP_Peak,size,netfit,residual,log,50.0,975.0,1600.0,24.852742119429973,14.215387480460794
9,XGBoost,163.60681319236755,,32.0,1.0,-1.0,arm1,trees,HP_Peak,size,netfit,direct,log,50.0,125.0,320.0,29.103262317127495,24.346251514686628
9,RandomForest,178.38366413116455,,32.0,1.0,-1.0,arm1,trees,HP_Peak,size,netfit,direct,log,50.0,125.0,320.0,28.394196441619957,26.708560159387208
9,ExtraTrees,158.9249405860901,,32.0,1.0,-1.0,arm1,trees,HP_Peak,size,netfit,direct,log,50.0,125.0,320.0,27.439971777941192,26.53780752226311
9,XGBoost,144.71503376960754,,32.0,1.0,-1.0,arm1,trees,HP_Peak,size,netfit,residual,log,50.0,125.0,320.0,31.90490365339484,25.530672705099906
9,RandomForest,218.10956740379333,,32.0,1.0,-1.0,arm1,trees,HP_Peak,size,netfit,residual,log,50.0,125.0,320.0,29.24479614741472,19.237638071601435
9,ExtraTrees,114.35311794281006,,32.0,1.0,-1.0,arm1,trees,HP_Peak,size,netfit,residual,log,50.0,125.0,320.0,29.925699051360237,26.47929108141782
9,XGBoost,222.05928945541382,,62.0,0.0,-1.0,arm1,trees,HP_Peak,size,netfit,direct,log,50.0,280.0,570.0,30.61300040594422,20.24238664114272
9,RandomForest,298.9129071235657,,62.0,0.0,-1.0,arm1,trees,HP_Peak,size,netfit,direct,log,50.0,280.0,570.0,28.815112505744928,11.04899974962464
9,ExtraTrees,164.17258882522583,,62.0,0.0,-1.0,arm1,trees,HP_Peak,size,netfit,direct,log,50.0,280.0,570.0,28.929574864093645,9.577969392706025
9,XGBoost,172.35490226745605,,62.0,0.0,-1.0,arm1,trees,HP_Peak,size,netfit,residual,log,50.0,280.0,570.0,31.635896398832585,19.31475796096783
9,RandomForest,207.51420497894287,,62.0,0.0,-1.0,arm1,trees,HP_Peak,size,netfit,residual,log,50.0,280.0,570.0,30.14704355205777,19.87958991493324
9,ExtraTrees,167.10637521743774,,62.0,0.0,-1.0,arm1,trees,HP_Peak,size,netfit,residual,log,50.0,280.0,570.0,29.765792203439013,20.262172493281263
9,XGBoost,190.77833724021912,,62.0,1.0,-1.0,arm1,trees,HP_Peak,size,netfit,direct,log,50.0,305.0,630.0,28.39933865053442,21.078344898689473
9,RandomForest,302.08163809776306,,62.0,1.0,-1.0,arm1,trees,HP_Peak,size,netfit,direct,log,50.0,305.0,630.0,26.731125668054396,21.63320335086594
9,ExtraTrees,172.67944192886353,,62.0,1.0,-1.0,arm1,trees,HP_Peak,size,netfit,direct,log,50.0,305.0,630.0,26.912174006285124,15.237243411179174
9,XGBoost,162.8320598602295,,62.0,1.0,-1.0,arm1,trees,HP_Peak,size,netfit,residual,log,50.0,305.0,630.0,30.104382250311616,20.909263454493193
9,RandomForest,277.53611040115356,,62.0,1.0,-1.0,arm1,trees,HP_Peak,size,netfit,residual,log,50.0,305.0,630.0,27.703754354695672,20.132261460283132
9,ExtraTrees,150.10795879364014,,62.0,1.0,-1.0,arm1,trees,HP_Peak,size,netfit,residual,log,50.0,305.0,630.0,27.432379526073507,19.902065130628028
9,XGBoost,297.3755216598511,,100.0,0.0,-1.0,arm1,trees,HP_Peak,size,netfit,direct,log,50.0,470.0,790.0,29.686763366008794,15.013509099862116
9,RandomForest,320.2537760734558,,100.0,0.0,-1.0,arm1,trees,HP_Peak,size,netfit,direct,log,50.0,470.0,790.0,27.10360523529548,11.348662679314824
9,ExtraTrees,187.939195394516,,100.0,0.0,-1.0,arm1,trees,HP_Peak,size,netfit,direct,log,50.0,470.0,790.0,26.540296845079745,11.766677596548822
9,XGBoost,285.4657349586487,,100.0,0.0,-1.0,arm1,trees,HP_Peak,size,netfit,residual,log,50.0,470.0,790.0,26.650193829410615,18.601194062397052
9,RandomForest,286.6525492668152,,100.0,0.0,-1.0,arm1,trees,HP_Peak,size,netfit,residual,log,50.0,470.0,790.0,26.033172373717065,18.594043192175363
9,ExtraTrees,201.01413583755493,,100.0,0.0,-1.0,arm1,trees,HP_Peak,size,netfit,residual,log,50.0,470.0,790.0,25.82346632210422,17.86553745101469
9,XGBoost,293.2909405231476,,100.0,1.0,-1.0,arm1,trees,HP_Peak,size,netfit,direct,log,50.0,475.0,990.0,27.393324660489988,14.993446395098097
9,RandomForest,279.4274854660034,,100.0,1.0,-1.0,arm1,trees,HP_Peak,size,netfit,direct,log,50.0,475.0,990.0,24.73834236195439,13.562046364562052
9,ExtraTrees,150.43386793136597,,100.0,1.0,-1.0,arm1,trees,HP_Peak,size,netfit,direct,log,50.0,475.0,990.0,24.434137608349992,15.078637802624757
9,XGBoost,379.9063334465027,,100.0,1.0,-1.0,arm1,trees,HP_Peak,size,netfit,residual,log,50.0,475.0,990.0,27.50217774288186,16.646942740834014
9,RandomForest,295.97959065437317,,100.0,1.0,-1.0,arm1,trees,HP_Peak,size,netfit,residual,log,50.0,475.0,990.0,25.412953359706023,13.435435920704661
9,ExtraTrees,176.1801700592041,,100.0,1.0,-1.0,arm1,trees,HP_Peak,size,netfit,residual,log,50.0,475.0,990.0,25.23273680638388,15.869600545236672
9,XGBoost,286.9668700695038,,200.0,0.0,-1.0,arm1,trees,HP_Peak,size,netfit,direct,log,50.0,910.0,1650.0,25.708478399900997,16.500681355215296
9,RandomForest,548.2155039310455,,200.0,0.0,-1.0,arm1,trees,HP_Peak,size,netfit,direct,log,50.0,910.0,1650.0,24.188540511584527,10.260789024115056
9,ExtraTrees,258.53495740890503,,200.0,0.0,-1.0,arm1,trees,HP_Peak,size,netfit,direct,log,50.0,910.0,1650.0,24.238319622437857,4.849618384771053
9,XGBoost,172.71626114845276,,200.0,0.0,-1.0,arm1,trees,HP_Peak,size,netfit,residual,log,50.0,910.0,1650.0,25.964355575281036,17.370793685835093
9,RandomForest,530.2428987026215,,200.0,0.0,-1.0,arm1,trees,HP_Peak,size,netfit,residual,log,50.0,910.0,1650.0,24.676872497088635,13.394360097364416
9,ExtraTrees,179.8996455669403,,200.0,0.0,-1.0,arm1,trees,HP_Peak,size,netfit,residual,log,50.0,910.0,1650.0,24.17243875025033,14.724095855245148
9,XGBoost,338.7070939540863,,200.0,1.0,-1.0,arm1,trees,HP_Peak,size,netfit,direct,log,50.0,940.0,1770.0,25.683095289932805,18.076210755482652
9,RandomForest,595.3830468654633,,200.0,1.0,-1.0,arm1,trees,HP_Peak,size,netfit,direct,log,50.0,940.0,1770.0,24.51689396744527,10.906550871290277
9,ExtraTrees,226.02708506584167,,200.0,1.0,-1.0,arm1,trees,HP_Peak,size,netfit,direct,log,50.0,940.0,1770.0,24.304724006646133,8.15014355736733
9,XGBoost,102.74241089820862,,200.0,1.0,-1.0,arm1,trees,HP_Peak,size,netfit,residual,log,50.0,940.0,1770.0,26.4992574903994,18.484147847331165
9,RandomForest,631.6882503032684,,200.0,1.0,-1.0,arm1,trees,HP_Peak,size,netfit,residual,log,50.0,940.0,1770.0,24.56629030106381,9.03021362898205
9,ExtraTrees,203.00174736976624,,200.0,1.0,-1.0,arm1,trees,HP_Peak,size,netfit,residual,log,50.0,940.0,1770.0,24.051511918890597,2.831327418755703e-13
0,SVR,5.7816407680511475,,32.0,0.0,-1.0,arm1,kernel,HP_Peak,size,netfit,direct,log,50.0,210.0,320.0,26.92325144897425,20.801035580664852
0,KernelRidge,4.601064682006836,,32.0,0.0,-1.0,arm1,kernel,HP_Peak,size,netfit,direct,log,50.0,210.0,320.0,27.395280651839652,22.04975791450942
0,SVR,7.145944356918335,,32.0,0.0,-1.0,arm1,kernel,HP_Peak,size,netfit,residual,log,50.0,210.0,320.0,27.077445267342608,20.63818681186169
0,KernelRidge,4.4125916957855225,,32.0,0.0,-1.0,arm1,kernel,HP_Peak,size,netfit,residual,log,50.0,210.0,320.0,27.087820198021465,20.71428847039509
0,SVR,7.631478548049927,,62.0,0.0,-1.0,arm1,kernel,HP_Peak,size,netfit,direct,log,50.0,280.0,580.0,24.868848069722514,16.81566124535032
0,KernelRidge,4.755522012710571,,62.0,0.0,-1.0,arm1,kernel,HP_Peak,size,netfit,direct,log,50.0,280.0,580.0,24.885698654258412,15.635111730594828
0,SVR,8.089695692062378,,62.0,0.0,-1.0,arm1,kernel,HP_Peak,size,netfit,residual,log,50.0,280.0,580.0,26.064054365884015,19.0290411335061
0,KernelRidge,4.599317789077759,,62.0,0.0,-1.0,arm1,kernel,HP_Peak,size,netfit,residual,log,50.0,280.0,580.0,25.430849554421496,15.516382412516764
0,SVR,8.033701181411743,,62.0,1.0,-1.0,arm1,kernel,HP_Peak,size,netfit,direct,log,50.0,280.0,580.0,24.88108832360815,18.091432884449222
0,KernelRidge,5.159775972366333,,62.0,1.0,-1.0,arm1,kernel,HP_Peak,size,netfit,direct,log,50.0,280.0,580.0,24.51222863139686,18.19240491077268
0,SVR,7.67849588394165,,62.0,1.0,-1.0,arm1,kernel,HP_Peak,size,netfit,residual,log,50.0,280.0,580.0,27.029005291738688,21.854671740303626
0,KernelRidge,5.398979425430298,,62.0,1.0,-1.0,arm1,kernel,HP_Peak,size,netfit,residual,log,50.0,280.0,580.0,25.547754383123497,19.724999391121308
0,SVR,22.65676474571228,,100.0,0.0,-1.0,arm1,kernel,HP_Peak,size,netfit,direct,log,50.0,535.0,1070.0,25.11396610438904,19.515066846750802
0,KernelRidge,8.495925426483154,,100.0,0.0,-1.0,arm1,kernel,HP_Peak,size,netfit,direct,log,50.0,535.0,1070.0,24.978432437358954,19.983473337189753
0,SVR,23.11437177658081,,100.0,0.0,-1.0,arm1,kernel,HP_Peak,size,netfit,residual,log,50.0,535.0,1070.0,24.789998038060478,19.245169465355918
0,KernelRidge,9.001043558120728,,100.0,0.0,-1.0,arm1,kernel,HP_Peak,size,netfit,residual,log,50.0,535.0,1070.0,25.085873185725134,17.36611789570885
0,SVR,18.94577145576477,,100.0,1.0,-1.0,arm1,kernel,HP_Peak,size,netfit,direct,log,50.0,515.0,950.0,24.571407955035276,16.72983929421748
0,KernelRidge,8.728769540786743,,100.0,1.0,-1.0,arm1,kernel,HP_Peak,size,netfit,direct,log,50.0,515.0,950.0,25.382536582147708,14.175131822905978
0,SVR,17.534623384475708,,100.0,1.0,-1.0,arm1,kernel,HP_Peak,size,netfit,residual,log,50.0,515.0,950.0,25.881310481443265,17.410577415978185
0,KernelRidge,9.051342248916626,,100.0,1.0,-1.0,arm1,kernel,HP_Peak,size,netfit,residual,log,50.0,515.0,950.0,26.122577404692066,15.270376210340064
0,SVR,74.82296204566956,,200.0,0.0,-1.0,arm1,kernel,HP_Peak,size,netfit,direct,log,50.0,940.0,1630.0,22.371271283769566,12.963823626041762
0,KernelRidge,22.659367322921753,,200.0,0.0,-1.0,arm1,kernel,HP_Peak,size,netfit,direct,log,50.0,940.0,1630.0,23.079549439062227,11.294991020478669
0,SVR,54.990347146987915,,200.0,0.0,-1.0,arm1,kernel,HP_Peak,size,netfit,residual,log,50.0,940.0,1630.0,22.526694507633426,13.75099405517853
0,KernelRidge,20.943562507629395,,200.0,0.0,-1.0,arm1,kernel,HP_Peak,size,netfit,residual,log,50.0,940.0,1630.0,22.95062185233174,15.009350479732216
0,SVR,90.4051284790039,,200.0,1.0,-1.0,arm1,kernel,HP_Peak,size,netfit,direct,log,50.0,980.0,1660.0,23.29197602230084,14.978529834827528
0,KernelRidge,22.73931074142456,,200.0,1.0,-1.0,arm1,kernel,HP_Peak,size,netfit,direct,log,50.0,980.0,1660.0,23.948597183597133,15.775852975329773
0,SVR,70.0647485256195,,200.0,1.0,-1.0,arm1,kernel,HP_Peak,size,netfit,residual,log,50.0,980.0,1660.0,24.172151758400123,16.205867397014025
0,KernelRidge,23.924668312072754,,200.0,1.0,-1.0,arm1,kernel,HP_Peak,size,netfit,residual,log,50.0,980.0,1660.0,23.933810778453427,16.757993397829328
1,SVR,9.51553225517273,,62.0,0.0,-1.0,arm1,kernel,HP_Peak,size,netfit,direct,log,50.0,280.0,660.0,20.57055118978093,14.798921913818594
1,KernelRidge,5.735239505767822,,62.0,0.0,-1.0,arm1,kernel,HP_Peak,size,netfit,direct,log,50.0,280.0,660.0,21.359382596038326,16.911626170471575
1,SVR,9.258759498596191,,62.0,0.0,-1.0,arm1,kernel,HP_Peak,size,netfit,residual,log,50.0,280.0,660.0,20.90802425984196,16.313306461861114
1,KernelRidge,5.461233854293823,,62.0,0.0,-1.0,arm1,kernel,HP_Peak,size,netfit,residual,log,50.0,280.0,660.0,21.748289061998552,17.763440986926902
1,SVR,10.216740369796753,,62.0,1.0,-1.0,arm1,kernel,HP_Peak,size,netfit,direct,log,50.0,280.0,660.0,26.78710484929745,16.84929885486006
1,KernelRidge,5.440843105316162,,62.0,1.0,-1.0,arm1,kernel,HP_Peak,size,netfit,direct,log,50.0,280.0,660.0,27.3151130722443,19.737770317307465
1,SVR,10.555561304092407,,62.0,1.0,-1.0,arm1,kernel,HP_Peak,size,netfit,residual,log,50.0,280.0,660.0,27.378051003890302,20.78417223460091
1,KernelRidge,5.028705358505249,,62.0,1.0,-1.0,arm1,kernel,HP_Peak,size,netfit,residual,log,50.0,280.0,660.0,28.27226615632787,21.500377083657423
1,SVR,22.048439025878906,,100.0,0.0,-1.0,arm1,kernel,HP_Peak,size,netfit,direct,log,50.0,480.0,940.0,25.252411473449317,17.38018232817142
1,KernelRidge,8.00541090965271,,100.0,0.0,-1.0,arm1,kernel,HP_Peak,size,netfit,direct,log,50.0,480.0,940.0,25.12707722764247,17.096499526081978
1,SVR,21.83227229118347,,100.0,0.0,-1.0,arm1,kernel,HP_Peak,size,netfit,residual,log,50.0,480.0,940.0,25.012221034473274,17.783315388623304
1,KernelRidge,8.316861867904663,,100.0,0.0,-1.0,arm1,kernel,HP_Peak,size,netfit,residual,log,50.0,480.0,940.0,24.945569906235935,17.616455776023983
1,SVR,31.353677988052368,,100.0,1.0,-1.0,arm1,kernel,HP_Peak,size,netfit,direct,log,50.0,505.0,1030.0,25.693021377430817,16.881590717618693
1,KernelRidge,8.09001874923706,,100.0,1.0,-1.0,arm1,kernel,HP_Peak,size,netfit,direct,log,50.0,505.0,1030.0,25.685687981587378,17.88607782372361
1,SVR,21.66745924949646,,100.0,1.0,-1.0,arm1,kernel,HP_Peak,size,netfit,residual,log,50.0,505.0,1030.0,25.140094984655764,18.534962247205655
1,KernelRidge,8.862582445144653,,100.0,1.0,-1.0,arm1,kernel,HP_Peak,size,netfit,residual,log,50.0,505.0,1030.0,25.063841948341512,18.66840103092546
1,SVR,120.6041054725647,,200.0,0.0,-1.0,arm1,kernel,HP_Peak,size,netfit,direct,log,50.0,1035.0,1400.0,21.600641293685886,14.273924342650865
1,KernelRidge,25.052448749542236,,200.0,0.0,-1.0,arm1,kernel,HP_Peak,size,netfit,direct,log,50.0,1035.0,1400.0,22.062403582088155,14.727614541681188
1,SVR,92.47291421890259,,200.0,0.0,-1.0,arm1,kernel,HP_Peak,size,netfit,residual,log,50.0,1035.0,1400.0,21.66127934540957,14.761180089021236
1,KernelRidge,28.08582329750061,,200.0,0.0,-1.0,arm1,kernel,HP_Peak,size,netfit,residual,log,50.0,1035.0,1400.0,22.659363827797936,12.638212211097105
1,SVR,92.96265363693237,,200.0,1.0,-1.0,arm1,kernel,HP_Peak,size,netfit,direct,log,50.0,875.0,1630.0,19.473763824099088,14.201267834401454
1,KernelRidge,23.180086851119995,,200.0,1.0,-1.0,arm1,kernel,HP_Peak,size,netfit,direct,log,50.0,875.0,1630.0,19.802536435469968,13.480911763793141
1,SVR,76.94970369338989,,200.0,1.0,-1.0,arm1,kernel,HP_Peak,size,netfit,residual,log,50.0,875.0,1630.0,19.8460854789117,14.720431325356598
1,KernelRidge,21.698960065841675,,200.0,1.0,-1.0,arm1,kernel,HP_Peak,size,netfit,residual,log,50.0,875.0,1630.0,19.919295451462116,13.548812361930718
2,SVR,7.781527280807495,,62.0,0.0,-1.0,arm1,kernel,HP_Peak,size,netfit,direct,log,50.0,230.0,770.0,28.593464895933764,21.592019802698037
2,KernelRidge,5.180219650268555,,62.0,0.0,-1.0,arm1,kernel,HP_Peak,size,netfit,direct,log,50.0,230.0,770.0,28.793961881338074,21.57153295666652
2,SVR,8.966140270233154,,62.0,0.0,-1.0,arm1,kernel,HP_Peak,size,netfit,residual,log,50.0,230.0,770.0,28.626686672220632,22.6227754865725
2,KernelRidge,5.778561115264893,,62.0,0.0,-1.0,arm1,kernel,HP_Peak,size,netfit,residual,log,50.0,230.0,770.0,29.170183144272347,21.808692036500897
2,SVR,10.873769521713257,,62.0,1.0,-1.0,arm1,kernel,HP_Peak,size,netfit,direct,log,50.0,280.0,670.0,28.452091592123875,22.72403076592169
2,KernelRidge,6.397338390350342,,62.0,1.0,-1.0,arm1,kernel,HP_Peak,size,netfit,direct,log,50.0,280.0,670.0,28.69455227806542,22.448376031499883
2,SVR,11.549664735794067,,62.0,1.0,-1.0,arm1,kernel,HP_Peak,size,netfit,residual,log,50.0,280.0,670.0,32.24179748618921,22.24780376527409
2,KernelRidge,7.013830900192261,,62.0,1.0,-1.0,arm1,kernel,HP_Peak,size,netfit,residual,log,50.0,280.0,670.0,29.90428764373848,22.91649407510373
2,SVR,27.81270933151245,,100.0,0.0,-1.0,arm1,kernel,HP_Peak,size,netfit,direct,log,50.0,570.0,830.0,24.156330658532575,16.695586068300532
2,KernelRidge,11.718267917633057,,100.0,0.0,-1.0,arm1,kernel,HP_Peak,size,netfit,direct,log,50.0,570.0,830.0,24.384474463114813,13.801916613251421
2,SVR,32.38022565841675,,100.0,0.0,-1.0,arm1,kernel,HP_Peak,size,netfit,residual,log,50.0,570.0,830.0,24.109074747882428,17.86463282476945
2,KernelRidge,12.335370063781738,,100.0,0.0,-1.0,arm1,kernel,HP_Peak,size,netfit,residual,log,50.0,570.0,830.0,24.221790058908294,15.77348900511725
2,SVR,19.73805260658264,,100.0,1.0,-1.0,arm1,kernel,HP_Peak,size,netfit,direct,log,50.0,465.0,880.0,24.650964086253694,17.60787352996641
2,KernelRidge,8.838066816329956,,100.0,1.0,-1.0,arm1,kernel,HP_Peak,size,netfit,direct,log,50.0,465.0,880.0,24.867975446817947,15.65955751556683
2,SVR,17.40643000602722,,100.0,1.0,-1.0,arm1,kernel,HP_Peak,size,netfit,residual,log,50.0,465.0,880.0,24.60873492699703,18.232702585397448
2,KernelRidge,8.729778528213501,,100.0,1.0,-1.0,arm1,kernel,HP_Peak,size,netfit,residual,log,50.0,465.0,880.0,25.54043581785378,21.3147900029322
2,SVR,81.09011149406433,,200.0,0.0,-1.0,arm1,kernel,HP_Peak,size,netfit,direct,log,50.0,950.0,1660.0,23.761931765261604,17.17812273278867
2,KernelRidge,22.613096237182617,,200.0,0.0,-1.0,arm1,kernel,HP_Peak,size,netfit,direct,log,50.0,950.0,1660.0,24.450171540298097,16.370101295313532
2,SVR,58.71400547027588,,200.0,0.0,-1.0,arm1,kernel,HP_Peak,size,netfit,residual,log,50.0,950.0,1660.0,23.57707780996972,15.59625473543339
2,KernelRidge,24.1387996673584,,200.0,0.0,-1.0,arm1,kernel,HP_Peak,size,netfit,residual,log,50.0,950.0,1660.0,24.45357122729206,17.75396116368905
2,SVR,76.11309266090393,,200.0,1.0,-1.0,arm1,kernel,HP_Peak,size,netfit,direct,log,50.0,880.0,1700.0,21.46508359562258,15.890307196424521
2,KernelRidge,20.80687689781189,,200.0,1.0,-1.0,arm1,kernel,HP_Peak,size,netfit,direct,log,50.0,880.0,1700.0,22.04930300283762,12.13926102320929
2,SVR,51.04537916183472,,200.0,1.0,-1.0,arm1,kernel,HP_Peak,size,netfit,residual,log,50.0,880.0,1700.0,21.996127562032946,15.43151518985328
2,KernelRidge,22.993865251541138,,200.0,1.0,-1.0,arm1,kernel,HP_Peak,size,netfit,residual,log,50.0,880.0,1700.0,22.14014530822173,14.52561938961967
3,SVR,6.5270421504974365,,32.0,1.0,-1.0,arm1,kernel,HP_Peak,size,netfit,direct,log,50.0,210.0,320.0,28.024054687899756,26.513215780596326
3,KernelRidge,4.9627509117126465,,32.0,1.0,-1.0,arm1,kernel,HP_Peak,size,netfit,direct,log,50.0,210.0,320.0,28.6122418802452,21.318567208697193
3,SVR,6.099682569503784,,32.0,1.0,-1.0,arm1,kernel,HP_Peak,size,netfit,residual,log,50.0,210.0,320.0,28.497253049268313,23.94323367593237
3,KernelRidge,4.857669830322266,,32.0,1.0,-1.0,arm1,kernel,HP_Peak,size,netfit,residual,log,50.0,210.0,320.0,28.868812516121963,20.630634703408735
3,SVR,9.67916750907898,,62.0,0.0,-1.0,arm1,kernel,HP_Peak,size,netfit,direct,log,50.0,330.0,640.0,27.335226056102304,20.077664802372848
3,KernelRidge,5.92128324508667,,62.0,0.0,-1.0,arm1,kernel,HP_Peak,size,netfit,direct,log,50.0,330.0,640.0,27.571558252895095,13.164570014275856
3,SVR,10.315939664840698,,62.0,0.0,-1.0,arm1,kernel,HP_Peak,size,netfit,residual,log,50.0,330.0,640.0,26.69031876556564,21.439926478226024
3,KernelRidge,6.175871133804321,,62.0,0.0,-1.0,arm1,kernel,HP_Peak,size,netfit,residual,log,50.0,330.0,640.0,27.808420072839386,23.43315266998188
3,SVR,9.103397607803345,,62.0,1.0,-1.0,arm1,kernel,HP_Peak,size,netfit,direct,log,50.0,280.0,530.0,25.544883948731496,16.672443750692125
3,KernelRidge,5.532603979110718,,62.0,1.0,-1.0,arm1,kernel,HP_Peak,size,netfit,direct,log,50.0,280.0,530.0,26.08084356405063,12.068821893889305
3,SVR,8.704880952835083,,62.0,1.0,-1.0,arm1,kernel,HP_Peak,size,netfit,residual,log,50.0,280.0,530.0,26.31670395595452,16.13730047688794
3,KernelRidge,5.803208589553833,,62.0,1.0,-1.0,arm1,kernel,HP_Peak,size,netfit,residual,log,50.0,280.0,530.0,26.022800799156382,2.377599300836019
3,SVR,24.765602588653564,,100.0,0.0,-1.0,arm1,kernel,HP_Peak,size,netfit,direct,log,50.0,550.0,930.0,26.07184771008155,15.589608044057691
3,KernelRidge,11.610619306564331,,100.0,0.0,-1.0,arm1,kernel,HP_Peak,size,netfit,direct,log,50.0,550.0,930.0,25.846850975344253,17.47767211734747
3,SVR,22.37054681777954,,100.0,0.0,-1.0,arm1,kernel,HP_Peak,size,netfit,residual,log,50.0,550.0,930.0,26.690052389879668,17.902488862677185
3,KernelRidge,10.330550193786621,,100.0,0.0,-1.0,arm1,kernel,HP_Peak,size,netfit,residual,log,50.0,550.0,930.0,26.881558428237632,18.964430202864044
3,SVR,23.87996792793274,,100.0,1.0,-1.0,arm1,kernel,HP_Peak,size,netfit,direct,log,50.0,460.0,920.0,22.446987917783222,15.014081711451366
3,KernelRidge,8.730357646942139,,100.0,1.0,-1.0,arm1,kernel,HP_Peak,size,netfit,direct,log,50.0,460.0,920.0,22.975115850405125,16.41027869352771
3,SVR,22.18373394012451,,100.0,1.0,-1.0,arm1,kernel,HP_Peak,size,netfit,residual,log,50.0,460.0,920.0,23.02098092471118,14.572338613678767
3,KernelRidge,8.307473182678223,,100.0,1.0,-1.0,arm1,kernel,HP_Peak,size,netfit,residual,log,50.0,460.0,920.0,23.07710995186383,18.439344008097425
3,SVR,96.76231670379639,,200.0,0.0,-1.0,arm1,kernel,HP_Peak,size,netfit,direct,log,50.0,920.0,1470.0,22.190674703225174,13.795063249824874
3,KernelRidge,20.206696033477783,,200.0,0.0,-1.0,arm1,kernel,HP_Peak,size,netfit,direct,log,50.0,920.0,1470.0,22.95263203068347,14.073479550936543
3,SVR,69.46890330314636,,200.0,0.0,-1.0,arm1,kernel,HP_Peak,size,netfit,residual,log,50.0,920.0,1470.0,22.537764222305363,14.515631173567318
3,KernelRidge,24.61099362373352,,200.0,0.0,-1.0,arm1,kernel,HP_Peak,size,netfit,residual,log,50.0,920.0,1470.0,22.918049547527932,14.345408086992453
3,SVR,73.87486171722412,,200.0,1.0,-1.0,arm1,kernel,HP_Peak,size,netfit,direct,log,50.0,890.0,1600.0,21.925202680969104,15.544718784168014
3,KernelRidge,19.127206802368164,,200.0,1.0,-1.0,arm1,kernel,HP_Peak,size,netfit,direct,log,50.0,890.0,1600.0,22.373480618509753,15.118031301493387
3,SVR,43.70857381820679,,200.0,1.0,-1.0,arm1,kernel,HP_Peak,size,netfit,residual,log,50.0,890.0,1600.0,21.869134663624028,15.202153771032389
3,KernelRidge,19.23555088043213,,200.0,1.0,-1.0,arm1,kernel,HP_Peak,size,netfit,residual,log,50.0,890.0,1600.0,22.710015238489174,16.196130649966996
4,SVR,6.36369514465332,,32.0,1.0,-1.0,arm1,kernel,HP_Peak,size,netfit,direct,log,50.0,125.0,350.0,26.528299311733043,23.576027493615072
4,KernelRidge,5.330214500427246,,32.0,1.0,-1.0,arm1,kernel,HP_Peak,size,netfit,direct,log,50.0,125.0,350.0,26.769437409852472,24.36784265204297
4,SVR,6.132729768753052,,32.0,1.0,-1.0,arm1,kernel,HP_Peak,size,netfit,residual,log,50.0,125.0,350.0,28.13802815608173,21.31090391063617
4,KernelRidge,4.684116363525391,,32.0,1.0,-1.0,arm1,kernel,HP_Peak,size,netfit,residual,log,50.0,125.0,350.0,28.162052383519296,22.28369058838624
4,SVR,8.26859450340271,,62.0,0.0,-1.0,arm1,kernel,HP_Peak,size,netfit,direct,log,50.0,280.0,470.0,27.215758826334543,19.739469171919815
4,KernelRidge,6.235581398010254,,62.0,0.0,-1.0,arm1,kernel,HP_Peak,size,netfit,direct,log,50.0,280.0,470.0,27.882598523592254,16.89471968571071
4,SVR,8.36180830001831,,62.0,0.0,-1.0,arm1,kernel,HP_Peak,size,netfit,residual,log,50.0,280.0,470.0,28.06285886685082,18.96025440822049
4,KernelRidge,5.384524583816528,,62.0,0.0,-1.0,arm1,kernel,HP_Peak,size,netfit,residual,log,50.0,280.0,470.0,28.31654187446073,19.17326458181693
4,SVR,8.27267837524414,,62.0,1.0,-1.0,arm1,kernel,HP_Peak,size,netfit,direct,log,50.0,280.0,650.0,27.19802455696666,20.5682486987683
4,KernelRidge,6.298266172409058,,62.0,1.0,-1.0,arm1,kernel,HP_Peak,size,netfit,direct,log,50.0,280.0,650.0,27.32673791832265,15.477750930666586
4,SVR,8.01465892791748,,62.0,1.0,-1.0,arm1,kernel,HP_Peak,size,netfit,residual,log,50.0,280.0,650.0,26.982199251146678,21.37973919501715
4,KernelRidge,5.38445782661438,,62.0,1.0,-1.0,arm1,kernel,HP_Peak,size,netfit,residual,log,50.0,280.0,650.0,27.73640451904282,22.658517270325984
4,SVR,20.518787384033203,,100.0,0.0,-1.0,arm1,kernel,HP_Peak,size,netfit,direct,log,50.0,510.0,830.0,22.990163015680007,14.474622454654348
4,KernelRidge,9.381086349487305,,100.0,0.0,-1.0,arm1,kernel,HP_Peak,size,netfit,direct,log,50.0,510.0,830.0,22.171671171338655,11.885037038153621
4,SVR,20.19199562072754,,100.0,0.0,-1.0,arm1,kernel,HP_Peak,size,netfit,residual,log,50.0,510.0,830.0,23.388870946555567,16.165486861156868
4,KernelRidge,9.720556020736694,,100.0,0.0,-1.0,arm1,kernel,HP_Peak,size,netfit,residual,log,50.0,510.0,830.0,22.316886444339662,10.827464175968798
4,SVR,22.676459550857544,,100.0,1.0,-1.0,arm1,kernel,HP_Peak,size,netfit,direct,log,50.0,570.0,930.0,24.938899506074147,17.614699225401292
4,KernelRidge,9.725712060928345,,100.0,1.0,-1.0,arm1,kernel,HP_Peak,size,netfit,direct,log,50.0,570.0,930.0,25.356751014691984,16.528473565474435
4,SVR,21.538989305496216,,100.0,1.0,-1.0,arm1,kernel,HP_Peak,size,netfit,residual,log,50.0,570.0,930.0,25.589000190227395,18.995128633944915
4,KernelRidge,10.625088930130005,,100.0,1.0,-1.0,arm1,kernel,HP_Peak,size,netfit,residual,log,50.0,570.0,930.0,26.20561709579568,19.724648496887507
4,SVR,72.9640724658966,,200.0,0.0,-1.0,arm1,kernel,HP_Peak,size,netfit,direct,log,50.0,910.0,1620.0,21.85242953890243,13.429364725503396
4,KernelRidge,30.793519496917725,,200.0,0.0,-1.0,arm1,kernel,HP_Peak,size,netfit,direct,log,50.0,910.0,1620.0,21.549459218027526,11.336303953390882
4,SVR,69.75751519203186,,200.0,0.0,-1.0,arm1,kernel,HP_Peak,size,netfit,residual,log,50.0,910.0,1620.0,22.542515654035746,14.174143637042278
4,KernelRidge,27.200276851654053,,200.0,0.0,-1.0,arm1,kernel,HP_Peak,size,netfit,residual,log,50.0,910.0,1620.0,22.416677258278902,12.695689957004463
4,SVR,86.12640905380249,,200.0,1.0,-1.0,arm1,kernel,HP_Peak,size,netfit,direct,log,50.0,950.0,1530.0,21.23849172245631,14.752432194995272
4,KernelRidge,29.24599599838257,,200.0,1.0,-1.0,arm1,kernel,HP_Peak,size,netfit,direct,log,50.0,950.0,1530.0,21.67912965523514,15.651059129848278
4,SVR,63.23949885368347,,200.0,1.0,-1.0,arm1,kernel,HP_Peak,size,netfit,residual,log,50.0,950.0,1530.0,21.153023550255252,15.092390842210174
4,KernelRidge,26.53117561340332,,200.0,1.0,-1.0,arm1,kernel,HP_Peak,size,netfit,residual,log,50.0,950.0,1530.0,21.89252137237074,16.284336383746208
5,SVR,12.942322731018066,,62.0,0.0,-1.0,arm1,kernel,HP_Peak,size,netfit,direct,log,50.0,265.0,710.0,32.580084126219184,30.719960416561342
5,KernelRidge,6.749946117401123,,62.0,0.0,-1.0,arm1,kernel,HP_Peak,size,netfit,direct,log,50.0,265.0,710.0,32.739761163704834,32.8630600492168
5,SVR,10.74647045135498,,62.0,0.0,-1.0,arm1,kernel,HP_Peak,size,netfit,residual,log,50.0,265.0,710.0,33.603023285231025,29.171994818103492
5,KernelRidge,8.169614791870117,,62.0,0.0,-1.0,arm1,kernel,HP_Peak,size,netfit,residual,log,50.0,265.0,710.0,32.92100183307231,28.578250947205326
5,SVR,13.832002878189087,,62.0,1.0,-1.0,arm1,kernel,HP_Peak,size,netfit,direct,log,50.0,275.0,640.0,28.062865572992262,19.443733905153742
5,KernelRidge,6.9546592235565186,,62.0,1.0,-1.0,arm1,kernel,HP_Peak,size,netfit,direct,log,50.0,275.0,640.0,27.892209244387523,17.64589674616395
5,SVR,11.110571384429932,,62.0,1.0,-1.0,arm1,kernel,HP_Peak,size,netfit,residual,log,50.0,275.0,640.0,28.112870928684668,20.627472533928934
5,KernelRidge,8.65290355682373,,62.0,1.0,-1.0,arm1,kernel,HP_Peak,size,netfit,residual,log,50.0,275.0,640.0,27.7286998866662,18.661322798398817
5,SVR,30.8528995513916,,100.0,0.0,-1.0,arm1,kernel,HP_Peak,size,netfit,direct,log,50.0,495.0,1010.0,24.616904195570683,18.662531941314082
5,KernelRidge,12.115814924240112,,100.0,0.0,-1.0,arm1,kernel,HP_Peak,size,netfit,direct,log,50.0,495.0,1010.0,24.494043733727963,19.544031621631856
5,SVR,23.459516286849976,,100.0,0.0,-1.0,arm1,kernel,HP_Peak,size,netfit,residual,log,50.0,495.0,1010.0,24.101720653845828,19.599466571360715
5,KernelRidge,10.40125584602356,,100.0,0.0,-1.0,arm1,kernel,HP_Peak,size,netfit,residual,log,50.0,495.0,1010.0,24.08861632192994,20.362289154768074
5,SVR,31.72084927558899,,100.0,1.0,-1.0,arm1,kernel,HP_Peak,size,netfit,direct,log,50.0,460.0,940.0,25.078898840396135,15.437587888796337
5,KernelRidge,10.1151762008667,,100.0,1.0,-1.0,arm1,kernel,HP_Peak,size,netfit,direct,log,50.0,460.0,940.0,24.909308906884707,14.84739331979502
5,SVR,21.310463190078735,,100.0,1.0,-1.0,arm1,kernel,HP_Peak,size,netfit,residual,log,50.0,460.0,940.0,24.05120707142142,15.576245039742645
5,KernelRidge,10.747769832611084,,100.0,1.0,-1.0,arm1,kernel,HP_Peak,size,netfit,residual,log,50.0,460.0,940.0,23.791885446538846,10.777813845013002
5,SVR,88.72025537490845,,200.0,0.0,-1.0,arm1,kernel,HP_Peak,size,netfit,direct,log,50.0,980.0,1640.0,21.706463240729594,15.65129629756458
5,KernelRidge,26.394254684448242,,200.0,0.0,-1.0,arm1,kernel,HP_Peak,size,netfit,direct,log,50.0,980.0,1640.0,22.19279156070485,12.182282199281733
5,SVR,58.30740427970886,,200.0,0.0,-1.0,arm1,kernel,HP_Peak,size,netfit,residual,log,50.0,980.0,1640.0,22.231723894866818,15.63694889962115
5,KernelRidge,25.883000373840332,,200.0,0.0,-1.0,arm1,kernel,HP_Peak,size,netfit,residual,log,50.0,980.0,1640.0,22.370559341611294,14.5180078105728
5,SVR,97.0977897644043,,200.0,1.0,-1.0,arm1,kernel,HP_Peak,size,netfit,direct,log,50.0,940.0,1520.0,22.618431606909322,14.770138057983193
5,KernelRidge,22.457401275634766,,200.0,1.0,-1.0,arm1,kernel,HP_Peak,size,netfit,direct,log,50.0,940.0,1520.0,23.169486743681176,15.36006061369854
5,SVR,52.67552304267883,,200.0,1.0,-1.0,arm1,kernel,HP_Peak,size,netfit,residual,log,50.0,940.0,1520.0,23.391859130318092,15.091759375732169
5,KernelRidge,23.626078367233276,,200.0,1.0,-1.0,arm1,kernel,HP_Peak,size,netfit,residual,log,50.0,940.0,1520.0,23.756856436094875,13.774914177510725
6,SVR,7.258598804473877,,32.0,0.0,-1.0,arm1,kernel,HP_Peak,size,netfit,direct,log,50.0,185.0,350.0,28.188413264488354,25.33788033800971
6,KernelRidge,5.03966760635376,,32.0,0.0,-1.0,arm1,kernel,HP_Peak,size,netfit,direct,log,50.0,185.0,350.0,28.5474340946262,23.77004573363144
6,SVR,6.8572986125946045,,32.0,0.0,-1.0,arm1,kernel,HP_Peak,size,netfit,residual,log,50.0,185.0,350.0,28.424026191363982,27.983039022013568
6,KernelRidge,5.210970163345337,,32.0,0.0,-1.0,arm1,kernel,HP_Peak,size,netfit,residual,log,50.0,185.0,350.0,28.219513939845726,26.076875272364102
6,SVR,15.00008249282837,,62.0,0.0,-1.0,arm1,kernel,HP_Peak,size,netfit,direct,log,50.0,315.0,700.0,34.40491093915023,23.165941793814497
6,KernelRidge,6.736610651016235,,62.0,0.0,-1.0,arm1,kernel,HP_Peak,size,netfit,direct,log,50.0,315.0,700.0,33.390650116910024,22.447084851972484
6,SVR,14.394078016281128,,62.0,0.0,-1.0,arm1,kernel,HP_Peak,size,netfit,residual,log,50.0,315.0,700.0,34.078369371762065,22.909934814216175
6,KernelRidge,6.73432731628418,,62.0,0.0,-1.0,arm1,kernel,HP_Peak,size,netfit,residual,log,50.0,315.0,700.0,33.90178253961975,24.55324920904106
6,SVR,10.71063780784607,,62.0,1.0,-1.0,arm1,kernel,HP_Peak,size,netfit,direct,log,50.0,280.0,690.0,28.498266147338118,21.219921003913374
6,KernelRidge,6.980314254760742,,62.0,1.0,-1.0,arm1,kernel,HP_Peak,size,netfit,direct,log,50.0,280.0,690.0,27.43351848721638,20.39283535044217
6,SVR,10.174440145492554,,62.0,1.0,-1.0,arm1,kernel,HP_Peak,size,netfit,residual,log,50.0,280.0,690.0,28.60919465118541,26.24455813859983
6,KernelRidge,6.552833795547485,,62.0,1.0,-1.0,arm1,kernel,HP_Peak,size,netfit,residual,log,50.0,280.0,690.0,28.07280770127,20.886650702124527
6,SVR,34.38574409484863,,100.0,0.0,-1.0,arm1,kernel,HP_Peak,size,netfit,direct,log,50.0,505.0,950.0,25.03662802201199,16.313550569554398
6,KernelRidge,12.269710540771484,,100.0,0.0,-1.0,arm1,kernel,HP_Peak,size,netfit,direct,log,50.0,505.0,950.0,25.74786821366486,15.806156302513886
6,SVR,30.211689233779907,,100.0,0.0,-1.0,arm1,kernel,HP_Peak,size,netfit,residual,log,50.0,505.0,950.0,25.22908466137427,17.23083392196257
6,KernelRidge,9.086274147033691,,100.0,0.0,-1.0,arm1,kernel,HP_Peak,size,netfit,residual,log,50.0,505.0,950.0,26.75151825367978,16.859299676200607
6,SVR,27.89064860343933,,100.0,1.0,-1.0,arm1,kernel,HP_Peak,size,netfit,direct,log,50.0,455.0,1030.0,22.88602576642628,16.41172995810845
6,KernelRidge,9.479930400848389,,100.0,1.0,-1.0,arm1,kernel,HP_Peak,size,netfit,direct,log,50.0,455.0,1030.0,23.148910877458878,17.093249524134375
6,SVR,26.895069360733032,,100.0,1.0,-1.0,arm1,kernel,HP_Peak,size,netfit,residual,log,50.0,455.0,1030.0,22.51209301722957,16.129961106246217
6,KernelRidge,7.369914770126343,,100.0,1.0,-1.0,arm1,kernel,HP_Peak,size,netfit,residual,log,50.0,455.0,1030.0,23.30535407692685,16.529963948079985
6,SVR,119.97166037559509,,200.0,0.0,-1.0,arm1,kernel,HP_Peak,size,netfit,direct,log,50.0,960.0,1650.0,23.20560558738464,13.921620430973045
6,KernelRidge,24.991847038269043,,200.0,0.0,-1.0,arm1,kernel,HP_Peak,size,netfit,direct,log,50.0,960.0,1650.0,23.58590523548797,15.406655831657545
6,SVR,90.20507836341858,,200.0,0.0,-1.0,arm1,kernel,HP_Peak,size,netfit,residual,log,50.0,960.0,1650.0,23.643819196626996,15.47477108217811
6,KernelRidge,22.512743949890137,,200.0,0.0,-1.0,arm1,kernel,HP_Peak,size,netfit,residual,log,50.0,960.0,1650.0,23.005435774015652,12.854613039725521
6,SVR,115.86512064933777,,200.0,1.0,-1.0,arm1,kernel,HP_Peak,size,netfit,direct,log,50.0,935.0,1680.0,23.436129883727723,15.326281747122405
6,KernelRidge,20.24928903579712,,200.0,1.0,-1.0,arm1,kernel,HP_Peak,size,netfit,direct,log,50.0,935.0,1680.0,23.142415773271154,16.61219886028111
6,SVR,85.32791304588318,,200.0,1.0,-1.0,arm1,kernel,HP_Peak,size,netfit,residual,log,50.0,935.0,1680.0,23.671168908389202,17.07225577472436
6,KernelRidge,21.16203260421753,,200.0,1.0,-1.0,arm1,kernel,HP_Peak,size,netfit,residual,log,50.0,935.0,1680.0,23.022198985781053,15.47075428437802
7,SVR,5.36464524269104,,32.0,0.0,-1.0,arm1,kernel,HP_Peak,size,netfit,direct,log,50.0,125.0,290.0,26.602159941416,18.31051927355424
7,KernelRidge,4.904675483703613,,32.0,0.0,-1.0,arm1,kernel,HP_Peak,size,netfit,direct,log,50.0,125.0,290.0,25.721603677876335,18.38639290408036
7,SVR,5.79913330078125,,32.0,0.0,-1.0,arm1,kernel,HP_Peak,size,netfit,residual,log,50.0,125.0,290.0,25.51751071986088,13.786135027950333
7,KernelRidge,4.567419528961182,,32.0,0.0,-1.0,arm1,kernel,HP_Peak,size,netfit,residual,log,50.0,125.0,290.0,26.864778636828756,6.936052631407116
7,SVR,7.83714747428894,,62.0,0.0,-1.0,arm1,kernel,HP_Peak,size,netfit,direct,log,50.0,275.0,670.0,32.695768356285,29.434865216789024
7,KernelRidge,5.77974796295166,,62.0,0.0,-1.0,arm1,kernel,HP_Peak,size,netfit,direct,log,50.0,275.0,670.0,33.13157463154567,29.46317436580601
7,SVR,8.126279830932617,,62.0,0.0,-1.0,arm1,kernel,HP_Peak,size,netfit,residual,log,50.0,275.0,670.0,31.480787482882423,24.672104752323534
7,KernelRidge,6.402860879898071,,62.0,0.0,-1.0,arm1,kernel,HP_Peak,size,netfit,residual,log,50.0,275.0,670.0,29.824767580369645,22.96072643271598
7,SVR,8.311654090881348,,62.0,1.0,-1.0,arm1,kernel,HP_Peak,size,netfit,direct,log,50.0,290.0,490.0,30.038517690184133,26.18082559132715
7,KernelRidge,5.844437837600708,,62.0,1.0,-1.0,arm1,kernel,HP_Peak,size,netfit,direct,log,50.0,290.0,490.0,30.57526486381284,26.19306560008398
7,SVR,8.459991693496704,,62.0,1.0,-1.0,arm1,kernel,HP_Peak,size,netfit,residual,log,50.0,290.0,490.0,32.012880059287355,20.566566411487106
7,KernelRidge,6.935244083404541,,62.0,1.0,-1.0,arm1,kernel,HP_Peak,size,netfit,residual,log,50.0,290.0,490.0,32.35090554315714,19.64012790072685
7,SVR,22.24382257461548,,100.0,0.0,-1.0,arm1,kernel,HP_Peak,size,netfit,direct,log,50.0,530.0,880.0,24.959368844877623,18.024587753982754
7,KernelRidge,11.045905590057373,,100.0,0.0,-1.0,arm1,kernel,HP_Peak,size,netfit,direct,log,50.0,530.0,880.0,25.74502729389921,18.08629870297287
7,SVR,18.71556830406189,,100.0,0.0,-1.0,arm1,kernel,HP_Peak,size,netfit,residual,log,50.0,530.0,880.0,25.303799163895278,17.725281165211225
7,KernelRidge,11.034451723098755,,100.0,0.0,-1.0,arm1,kernel,HP_Peak,size,netfit,residual,log,50.0,530.0,880.0,26.287514794100964,16.414236888085387
7,SVR,17.52256751060486,,100.0,1.0,-1.0,arm1,kernel,HP_Peak,size,netfit,direct,log,50.0,460.0,990.0,24.15068822950497,16.52303576118618
7,KernelRidge,9.01267957687378,,100.0,1.0,-1.0,arm1,kernel,HP_Peak,size,netfit,direct,log,50.0,460.0,990.0,25.31623750896524,16.518276033140015
7,SVR,17.81930923461914,,100.0,1.0,-1.0,arm1,kernel,HP_Peak,size,netfit,residual,log,50.0,460.0,990.0,25.005569225875174,20.127539503233503
7,KernelRidge,8.406049013137817,,100.0,1.0,-1.0,arm1,kernel,HP_Peak,size,netfit,residual,log,50.0,460.0,990.0,26.06493713729685,18.362183763973892
7,SVR,105.8295726776123,,200.0,0.0,-1.0,arm1,kernel,HP_Peak,size,netfit,direct,log,50.0,925.0,1550.0,21.417765780269928,15.991006516422976
7,KernelRidge,19.04956817626953,,200.0,0.0,-1.0,arm1,kernel,HP_Peak,size,netfit,direct,log,50.0,925.0,1550.0,21.673551669098725,13.132289732708077
7,SVR,75.73004651069641,,200.0,0.0,-1.0,arm1,kernel,HP_Peak,size,netfit,residual,log,50.0,925.0,1550.0,21.836229496862792,14.409003328404005
7,KernelRidge,20.39004683494568,,200.0,0.0,-1.0,arm1,kernel,HP_Peak,size,netfit,residual,log,50.0,925.0,1550.0,22.541812765194972,17.180315875291562
7,SVR,68.63665580749512,,200.0,1.0,-1.0,arm1,kernel,HP_Peak,size,netfit,direct,log,50.0,950.0,1620.0,22.751890430985476,14.739983308969911
7,KernelRidge,20.42557978630066,,200.0,1.0,-1.0,arm1,kernel,HP_Peak,size,netfit,direct,log,50.0,950.0,1620.0,23.00833999997708,15.66346998007073
7,SVR,98.09863352775574,,200.0,1.0,-1.0,arm1,kernel,HP_Peak,size,netfit,residual,log,50.0,950.0,1620.0,22.913613292009927,15.249882792184755
7,KernelRidge,23.169504165649414,,200.0,1.0,-1.0,arm1,kernel,HP_Peak,size,netfit,residual,log,50.0,950.0,1620.0,23.780519574539653,14.759368922979682
8,SVR,5.088801860809326,,32.0,1.0,-1.0,arm1,kernel,HP_Peak,size,netfit,direct,log,50.0,120.0,350.0,25.698318033268215,30.76127783875915
8,KernelRidge,4.797890663146973,,32.0,1.0,-1.0,arm1,kernel,HP_Peak,size,netfit,direct,log,50.0,120.0,350.0,24.657592520144792,30.1352428678551
8,SVR,4.810904026031494,,32.0,1.0,-1.0,arm1,kernel,HP_Peak,size,netfit,residual,log,50.0,120.0,350.0,25.130793878698316,30.14506071087547
8,KernelRidge,4.290250778198242,,32.0,1.0,-1.0,arm1,kernel,HP_Peak,size,netfit,residual,log,50.0,120.0,350.0,24.608793056220538,30.928787745150267
8,SVR,10.480450630187988,,62.0,0.0,-1.0,arm1,kernel,HP_Peak,size,netfit,direct,log,50.0,280.0,650.0,27.335727234895778,25.926114682650788
8,KernelRidge,5.871678829193115,,62.0,0.0,-1.0,arm1,kernel,HP_Peak,size,netfit,direct,log,50.0,280.0,650.0,27.704643908525487,23.18673974917509
8,SVR,10.188685178756714,,62.0,0.0,-1.0,arm1,kernel,HP_Peak,size,netfit,residual,log,50.0,280.0,650.0,27.949986350246025,25.53928833978224
8,KernelRidge,5.542137145996094,,62.0,0.0,-1.0,arm1,kernel,HP_Peak,size,netfit,residual,log,50.0,280.0,650.0,28.035838802120654,24.064380780183264
8,SVR,11.535150051116943,,62.0,1.0,-1.0,arm1,kernel,HP_Peak,size,netfit,direct,log,50.0,310.0,620.0,29.10889898037274,22.35680975726779
8,KernelRidge,5.645509719848633,,62.0,1.0,-1.0,arm1,kernel,HP_Peak,size,netfit,direct,log,50.0,310.0,620.0,29.96876387182645,16.40688105556214
8,SVR,12.383607625961304,,62.0,1.0,-1.0,arm1,kernel,HP_Peak,size,netfit,residual,log,50.0,310.0,620.0,30.18190204042526,21.059368773661703
8,KernelRidge,6.4179205894470215,,62.0,1.0,-1.0,arm1,kernel,HP_Peak,size,netfit,residual,log,50.0,310.0,620.0,30.726244523820185,16.429254858969117
8,SVR,22.7541081905365,,100.0,0.0,-1.0,arm1,kernel,HP_Peak,size,netfit,direct,log,50.0,450.0,860.0,24.292651030924652,16.319121331528354
8,KernelRidge,7.392892599105835,,100.0,0.0,-1.0,arm1,kernel,HP_Peak,size,netfit,direct,log,50.0,450.0,860.0,25.154015399562578,17.08165018216029
8,SVR,23.684378147125244,,100.0,0.0,-1.0,arm1,kernel,HP_Peak,size,netfit,residual,log,50.0,450.0,860.0,25.39698879307529,14.65309811621253
8,KernelRidge,7.187082052230835,,100.0,0.0,-1.0,arm1,kernel,HP_Peak,size,netfit,residual,log,50.0,450.0,860.0,25.644030345379058,18.156484358496055
8,SVR,31.8918399810791,,100.0,1.0,-1.0,arm1,kernel,HP_Peak,size,netfit,direct,log,50.0,500.0,1060.0,28.177330830774597,19.96941200919636
8,KernelRidge,9.229467868804932,,100.0,1.0,-1.0,arm1,kernel,HP_Peak,size,netfit,direct,log,50.0,500.0,1060.0,28.690318338224813,17.883016890216755
8,SVR,29.856492280960083,,100.0,1.0,-1.0,arm1,kernel,HP_Peak,size,netfit,residual,log,50.0,500.0,1060.0,28.601337130221246,20.657358306766113
8,KernelRidge,8.796864748001099,,100.0,1.0,-1.0,arm1,kernel,HP_Peak,size,netfit,residual,log,50.0,500.0,1060.0,28.35156954192648,21.57584322002203
8,SVR,102.67101621627808,,200.0,0.0,-1.0,arm1,kernel,HP_Peak,size,netfit,direct,log,50.0,920.0,1600.0,20.913621258220125,13.42476707320035
8,KernelRidge,22.242334127426147,,200.0,0.0,-1.0,arm1,kernel,HP_Peak,size,netfit,direct,log,50.0,920.0,1600.0,21.428281101146016,14.049342895479175
8,SVR,83.69246935844421,,200.0,0.0,-1.0,arm1,kernel,HP_Peak,size,netfit,residual,log,50.0,920.0,1600.0,21.759024519431502,13.254159507350272
8,KernelRidge,19.466047048568726,,200.0,0.0,-1.0,arm1,kernel,HP_Peak,size,netfit,residual,log,50.0,920.0,1600.0,21.953754528856148,13.900373013038465
8,SVR,99.52749848365784,,200.0,1.0,-1.0,arm1,kernel,HP_Peak,size,netfit,direct,log,50.0,975.0,1600.0,22.017476601144324,15.124064483412006
8,KernelRidge,23.43491220474243,,200.0,1.0,-1.0,arm1,kernel,HP_Peak,size,netfit,direct,log,50.0,975.0,1600.0,22.20525254709681,14.54564573263879
8,SVR,84.74647307395935,,200.0,1.0,-1.0,arm1,kernel,HP_Peak,size,netfit,residual,log,50.0,975.0,1600.0,22.092717263196654,14.777656599286578
8,KernelRidge,21.446580410003662,,200.0,1.0,-1.0,arm1,kernel,HP_Peak,size,netfit,residual,log,50.0,975.0,1600.0,22.82389888103818,15.675404549482884
9,SVR,6.0874924659729,,32.0,1.0,-1.0,arm1,kernel,HP_Peak,size,netfit,direct,log,50.0,125.0,320.0,27.31434182740564,27.46942630021909
9,KernelRidge,5.2285239696502686,,32.0,1.0,-1.0,arm1,kernel,HP_Peak,size,netfit,direct,log,50.0,125.0,320.0,28.526059409093996,26.76860656917026
9,SVR,5.483905076980591,,32.0,1.0,-1.0,arm1,kernel,HP_Peak,size,netfit,residual,log,50.0,125.0,320.0,26.87443991509627,26.662211092074863
9,KernelRidge,4.8651344776153564,,32.0,1.0,-1.0,arm1,kernel,HP_Peak,size,netfit,residual,log,50.0,125.0,320.0,27.524014318345593,27.879424421072763
9,SVR,9.56582760810852,,62.0,0.0,-1.0,arm1,kernel,HP_Peak,size,netfit,direct,log,50.0,280.0,570.0,27.06727198577196,17.02907948310735
9,KernelRidge,6.800081014633179,,62.0,0.0,-1.0,arm1,kernel,HP_Peak,size,netfit,direct,log,50.0,280.0,570.0,28.536158317753262,15.031612350602556
9,SVR,10.482479810714722,,62.0,0.0,-1.0,arm1,kernel,HP_Peak,size,netfit,residual,log,50.0,280.0,570.0,27.208937822990794,17.928694511300836
9,KernelRidge,6.378633975982666,,62.0,0.0,-1.0,arm1,kernel,HP_Peak,size,netfit,residual,log,50.0,280.0,570.0,27.49147137027451,18.503147958411546
9,SVR,9.94514012336731,,62.0,1.0,-1.0,arm1,kernel,HP_Peak,size,netfit,direct,log,50.0,305.0,630.0,26.080263233232703,20.680537367843748
9,KernelRidge,6.682083606719971,,62.0,1.0,-1.0,arm1,kernel,HP_Peak,size,netfit,direct,log,50.0,305.0,630.0,27.18952015069278,19.645637698198698
9,SVR,10.826367616653442,,62.0,1.0,-1.0,arm1,kernel,HP_Peak,size,netfit,residual,log,50.0,305.0,630.0,27.225882744151768,21.12288672585391
9,KernelRidge,6.277140855789185,,62.0,1.0,-1.0,arm1,kernel,HP_Peak,size,netfit,residual,log,50.0,305.0,630.0,27.3625605002782,22.12665185511072
9,SVR,22.56105375289917,,100.0,0.0,-1.0,arm1,kernel,HP_Peak,size,netfit,direct,log,50.0,470.0,790.0,24.789014363660353,15.556358797266393
9,KernelRidge,8.547631740570068,,100.0,0.0,-1.0,arm1,kernel,HP_Peak,size,netfit,direct,log,50.0,470.0,790.0,25.791296772830194,17.027430977531363
9,SVR,18.495007753372192,,100.0,0.0,-1.0,arm1,kernel,HP_Peak,size,netfit,residual,log,50.0,470.0,790.0,24.273081308625382,17.769827336638023
9,KernelRidge,8.416875839233398,,100.0,0.0,-1.0,arm1,kernel,HP_Peak,size,netfit,residual,log,50.0,470.0,790.0,25.036769381747906,18.391497462667424
9,SVR,21.639216423034668,,100.0,1.0,-1.0,arm1,kernel,HP_Peak,size,netfit,direct,log,50.0,475.0,990.0,25.29343318537396,16.81522116243419
9,KernelRidge,8.356471538543701,,100.0,1.0,-1.0,arm1,kernel,HP_Peak,size,netfit,direct,log,50.0,475.0,990.0,24.820277358876663,12.557630787647595
9,SVR,20.617332935333252,,100.0,1.0,-1.0,arm1,kernel,HP_Peak,size,netfit,residual,log,50.0,475.0,990.0,25.524985792011122,16.071254196745436
9,KernelRidge,8.31069302558899,,100.0,1.0,-1.0,arm1,kernel,HP_Peak,size,netfit,residual,log,50.0,475.0,990.0,25.534367610716952,10.953770146603215
9,SVR,69.89495420455933,,200.0,0.0,-1.0,arm1,kernel,HP_Peak,size,netfit,direct,log,50.0,910.0,1650.0,23.64890809432865,14.66220483630149
9,KernelRidge,19.260316133499146,,200.0,0.0,-1.0,arm1,kernel,HP_Peak,size,netfit,direct,log,50.0,910.0,1650.0,24.241555325442413,12.983872150460988
9,SVR,60.230884075164795,,200.0,0.0,-1.0,arm1,kernel,HP_Peak,size,netfit,residual,log,50.0,910.0,1650.0,24.232955508256257,15.397036300644798
9,KernelRidge,20.01116943359375,,200.0,0.0,-1.0,arm1,kernel,HP_Peak,size,netfit,residual,log,50.0,910.0,1650.0,23.971099365781473,12.934510874798683
9,SVR,98.37105464935303,,200.0,1.0,-1.0,arm1,kernel,HP_Peak,size,netfit,direct,log,50.0,940.0,1770.0,23.022857664171248,15.198986902090173
9,KernelRidge,20.07309079170227,,200.0,1.0,-1.0,arm1,kernel,HP_Peak,size,netfit,direct,log,50.0,940.0,1770.0,23.559045047084094,16.492673005582542
9,SVR,73.5671980381012,,200.0,1.0,-1.0,arm1,kernel,HP_Peak,size,netfit,residual,log,50.0,940.0,1770.0,23.670702233416407,15.86541005774244
9,KernelRidge,20.184779405593872,,200.0,1.0,-1.0,arm1,kernel,HP_Peak,size,netfit,residual,log,50.0,940.0,1770.0,24.347669866422287,14.164936839051197
0,FFNN,125.94630885124207,,32.0,0.0,-1.0,arm1,neural,HP_Peak,size,netfit,direct,log,50.0,210.0,320.0,28.270773554882794,20.763991807271438
0,FFNN,108.85448741912842,,32.0,0.0,-1.0,arm1,neural,HP_Peak,size,netfit,residual,log,50.0,210.0,320.0,28.853093674206082,21.20835834166489
0,FFNN,129.93270540237427,,62.0,0.0,-1.0,arm1,neural,HP_Peak,size,netfit,direct,log,50.0,280.0,580.0,26.482838078593947,25.23114995446192
0,FFNN,121.62109136581421,,62.0,0.0,-1.0,arm1,neural,HP_Peak,size,netfit,residual,log,50.0,280.0,580.0,26.88646215445378,18.21322578847824
0,FFNN,183.1095380783081,,62.0,1.0,-1.0,arm1,neural,HP_Peak,size,netfit,direct,log,50.0,280.0,580.0,26.78738370468591,18.741512028210987
0,FFNN,168.73702812194824,,62.0,1.0,-1.0,arm1,neural,HP_Peak,size,netfit,residual,log,50.0,280.0,580.0,27.489447126815,20.80216884622833
0,FFNN,222.2499794960022,,100.0,0.0,-1.0,arm1,neural,HP_Peak,size,netfit,direct,log,50.0,535.0,1070.0,27.768875424781537,20.373120445550256
0,FFNN,318.66898465156555,,100.0,0.0,-1.0,arm1,neural,HP_Peak,size,netfit,residual,log,50.0,535.0,1070.0,26.59937963453627,18.826042627551477
0,FFNN,331.4869284629822,,100.0,1.0,-1.0,arm1,neural,HP_Peak,size,netfit,direct,log,50.0,515.0,950.0,28.383429843111713,15.927430183881421
0,FFNN,232.7619287967682,,100.0,1.0,-1.0,arm1,neural,HP_Peak,size,netfit,residual,log,50.0,515.0,950.0,30.322203183973894,18.615407093960982
0,FFNN,616.7501399517059,,200.0,0.0,-1.0,arm1,neural,HP_Peak,size,netfit,direct,log,50.0,940.0,1630.0,27.754028552585897,17.08799066080057
0,FFNN,356.2956557273865,,200.0,0.0,-1.0,arm1,neural,HP_Peak,size,netfit,residual,log,50.0,940.0,1630.0,25.284535394869362,21.306468141127073
0,FFNN,428.8523736000061,,200.0,1.0,-1.0,arm1,neural,HP_Peak,size,netfit,direct,log,50.0,980.0,1660.0,27.171806768943163,17.578101409184775
0,FFNN,441.12157011032104,,200.0,1.0,-1.0,arm1,neural,HP_Peak,size,netfit,residual,log,50.0,980.0,1660.0,27.507860951549006,20.210212864188392
1,FFNN,106.8291802406311,,62.0,0.0,-1.0,arm1,neural,HP_Peak,size,netfit,direct,log,50.0,280.0,660.0,23.45391017178766,18.864841220300104
1,FFNN,118.00890588760376,,62.0,0.0,-1.0,arm1,neural,HP_Peak,size,netfit,residual,log,50.0,280.0,660.0,23.12997437858822,19.232351689909123
1,FFNN,127.88844084739685,,62.0,1.0,-1.0,arm1,neural,HP_Peak,size,netfit,direct,log,50.0,280.0,660.0,29.983616013070364,21.136386083204357
1,FFNN,126.07199192047119,,62.0,1.0,-1.0,arm1,neural,HP_Peak,size,netfit,residual,log,50.0,280.0,660.0,30.405449218152263,21.17963603514895
1,FFNN,228.49791479110718,,100.0,0.0,-1.0,arm1,neural,HP_Peak,size,netfit,direct,log,50.0,480.0,940.0,25.979572510416098,20.13645244929474
1,FFNN,236.54854702949524,,100.0,0.0,-1.0,arm1,neural,HP_Peak,size,netfit,residual,log,50.0,480.0,940.0,27.034678885237568,17.530233935114072
1,FFNN,367.04006481170654,,100.0,1.0,-1.0,arm1,neural,HP_Peak,size,netfit,direct,log,50.0,505.0,1030.0,26.578449684935478,18.930882183334447
1,FFNN,406.72337651252747,,100.0,1.0,-1.0,arm1,neural,HP_Peak,size,netfit,residual,log,50.0,505.0,1030.0,25.603873694801404,18.965118814105708
1,FFNN,553.5079770088196,,200.0,0.0,-1.0,arm1,neural,HP_Peak,size,netfit,direct,log,50.0,1035.0,1400.0,23.754963879529267,15.894015662280777
1,FFNN,585.4607880115509,,200.0,0.0,-1.0,arm1,neural,HP_Peak,size,netfit,residual,log,50.0,1035.0,1400.0,23.176966552720643,14.909178457015601
1,FFNN,450.21794843673706,,200.0,1.0,-1.0,arm1,neural,HP_Peak,size,netfit,direct,log,50.0,875.0,1630.0,21.392061873852423,15.042472737030357
1,FFNN,532.7261233329773,,200.0,1.0,-1.0,arm1,neural,HP_Peak,size,netfit,residual,log,50.0,875.0,1630.0,21.762774528455214,15.23147437380962
2,FFNN,86.90016508102417,,62.0,0.0,-1.0,arm1,neural,HP_Peak,size,netfit,direct,log,50.0,230.0,770.0,30.412379699199576,22.704554813177598
2,FFNN,118.12142157554626,,62.0,0.0,-1.0,arm1,neural,HP_Peak,size,netfit,residual,log,50.0,230.0,770.0,29.64207231470433,21.032462535932147
2,FFNN,90.84578585624695,,62.0,1.0,-1.0,arm1,neural,HP_Peak,size,netfit,direct,log,50.0,280.0,670.0,31.331539989351345,25.436110522023558
2,FFNN,140.98729538917542,,62.0,1.0,-1.0,arm1,neural,HP_Peak,size,netfit,residual,log,50.0,280.0,670.0,32.25495912358226,22.133274975173304
2,FFNN,187.53628492355347,,100.0,0.0,-1.0,arm1,neural,HP_Peak,size,netfit,direct,log,50.0,570.0,830.0,25.757985782261823,18.939857448326997
2,FFNN,164.08213567733765,,100.0,0.0,-1.0,arm1,neural,HP_Peak,size,netfit,residual,log,50.0,570.0,830.0,26.50241015943843,18.489330194294773
2,FFNN,241.0421507358551,,100.0,1.0,-1.0,arm1,neural,HP_Peak,size,netfit,direct,log,50.0,465.0,880.0,26.082218093249615,19.9165031131799
2,FFNN,188.22750806808472,,100.0,1.0,-1.0,arm1,neural,HP_Peak,size,netfit,residual,log,50.0,465.0,880.0,26.77540281147527,20.38861525483093
2,FFNN,387.9796061515808,,200.0,0.0,-1.0,arm1,neural,HP_Peak,size,netfit,direct,log,50.0,950.0,1660.0,26.332283593024236,17.80628207445994
2,FFNN,313.2576630115509,,200.0,0.0,-1.0,arm1,neural,HP_Peak,size,netfit,residual,log,50.0,950.0,1660.0,26.095467262010644,16.743388480608182
2,FFNN,520.7959938049316,,200.0,1.0,-1.0,arm1,neural,HP_Peak,size,netfit,direct,log,50.0,880.0,1700.0,25.062297624686536,17.263920288726524
2,FFNN,631.5179359912872,,200.0,1.0,-1.0,arm1,neural,HP_Peak,size,netfit,residual,log,50.0,880.0,1700.0,24.278193536894968,16.40611169280292
3,FFNN,86.8790590763092,,32.0,1.0,-1.0,arm1,neural,HP_Peak,size,netfit,direct,log,50.0,210.0,320.0,29.324386850511946,26.645148296287523
3,FFNN,76.6330235004425,,32.0,1.0,-1.0,arm1,neural,HP_Peak,size,netfit,residual,log,50.0,210.0,320.0,30.397034369305263,22.306404730895686
3,FFNN,111.64167070388794,,62.0,0.0,-1.0,arm1,neural,HP_Peak,size,netfit,direct,log,50.0,330.0,640.0,30.72463753095878,25.698403604023756
3,FFNN,131.59372568130493,,62.0,0.0,-1.0,arm1,neural,HP_Peak,size,netfit,residual,log,50.0,330.0,640.0,31.582240912053962,23.11080573028268
3,FFNN,159.8636713027954,,62.0,1.0,-1.0,arm1,neural,HP_Peak,size,netfit,direct,log,50.0,280.0,530.0,28.87099760592153,23.81009345813651
3,FFNN,204.5340917110443,,62.0,1.0,-1.0,arm1,neural,HP_Peak,size,netfit,residual,log,50.0,280.0,530.0,27.6074457313977,17.312614937179134
3,FFNN,219.17383885383606,,100.0,0.0,-1.0,arm1,neural,HP_Peak,size,netfit,direct,log,50.0,550.0,930.0,28.16331648535233,18.489610787933383
3,FFNN,231.8052408695221,,100.0,0.0,-1.0,arm1,neural,HP_Peak,size,netfit,residual,log,50.0,550.0,930.0,31.40240130430911,20.38718124937743
3,FFNN,212.48467993736267,,100.0,1.0,-1.0,arm1,neural,HP_Peak,size,netfit,direct,log,50.0,460.0,920.0,25.764389235191732,18.801564193167238
3,FFNN,256.74413537979126,,100.0,1.0,-1.0,arm1,neural,HP_Peak,size,netfit,residual,log,50.0,460.0,920.0,25.302344012922372,18.30338203673889
3,FFNN,391.9108684062958,,200.0,0.0,-1.0,arm1,neural,HP_Peak,size,netfit,direct,log,50.0,920.0,1470.0,25.624794488504318,15.567175999736904
3,FFNN,318.3676555156708,,200.0,0.0,-1.0,arm1,neural,HP_Peak,size,netfit,residual,log,50.0,920.0,1470.0,25.802528800611306,17.687905584693624
3,FFNN,392.39155554771423,,200.0,1.0,-1.0,arm1,neural,HP_Peak,size,netfit,direct,log,50.0,890.0,1600.0,24.223268588517065,17.271749969822245
3,FFNN,359.3119246959686,,200.0,1.0,-1.0,arm1,neural,HP_Peak,size,netfit,residual,log,50.0,890.0,1600.0,23.36838292466904,17.222257044092718
4,FFNN,100.88555002212524,,32.0,1.0,-1.0,arm1,neural,HP_Peak,size,netfit,direct,log,50.0,125.0,350.0,28.977336358770327,27.840883752781092
4,FFNN,97.51381349563599,,32.0,1.0,-1.0,arm1,neural,HP_Peak,size,netfit,residual,log,50.0,125.0,350.0,31.187947484326312,23.472963069600507
4,FFNN,122.33930253982544,,62.0,0.0,-1.0,arm1,neural,HP_Peak,size,netfit,direct,log,50.0,280.0,470.0,28.54642117200796,17.326679010686522
4,FFNN,131.40000200271606,,62.0,0.0,-1.0,arm1,neural,HP_Peak,size,netfit,residual,log,50.0,280.0,470.0,29.224620539914593,17.34665902352716
4,FFNN,141.66480946540833,,62.0,1.0,-1.0,arm1,neural,HP_Peak,size,netfit,direct,log,50.0,280.0,650.0,29.05544513275999,25.46156802679267
4,FFNN,230.57445287704468,,62.0,1.0,-1.0,arm1,neural,HP_Peak,size,netfit,residual,log,50.0,280.0,650.0,29.032242991521226,19.868216962256945
4,FFNN,247.74736332893372,,100.0,0.0,-1.0,arm1,neural,HP_Peak,size,netfit,direct,log,50.0,510.0,830.0,24.367191925412666,15.685022227761017
4,FFNN,267.8485496044159,,100.0,0.0,-1.0,arm1,neural,HP_Peak,size,netfit,residual,log,50.0,510.0,830.0,24.214099052067834,15.200584083018331
4,FFNN,244.4571976661682,,100.0,1.0,-1.0,arm1,neural,HP_Peak,size,netfit,direct,log,50.0,570.0,930.0,26.590596041817523,19.923692544176895
4,FFNN,262.54408740997314,,100.0,1.0,-1.0,arm1,neural,HP_Peak,size,netfit,residual,log,50.0,570.0,930.0,26.636631079389296,20.2243665806318
4,FFNN,403.2138683795929,,200.0,0.0,-1.0,arm1,neural,HP_Peak,size,netfit,direct,log,50.0,910.0,1620.0,24.775433911600068,18.128246140741805
4,FFNN,413.72582626342773,,200.0,0.0,-1.0,arm1,neural,HP_Peak,size,netfit,residual,log,50.0,910.0,1620.0,25.045802210174145,15.948592814740747
4,FFNN,320.9363133907318,,200.0,1.0,-1.0,arm1,neural,HP_Peak,size,netfit,direct,log,50.0,950.0,1530.0,23.418909491864213,17.1658540433092
4,FFNN,333.8900320529938,,200.0,1.0,-1.0,arm1,neural,HP_Peak,size,netfit,residual,log,50.0,950.0,1530.0,22.608525433382358,16.11970192234715
5,FFNN,110.09807276725769,,62.0,0.0,-1.0,arm1,neural,HP_Peak,size,netfit,direct,log,50.0,265.0,710.0,33.105331990993925,28.967641881952172
5,FFNN,190.25619101524353,,62.0,0.0,-1.0,arm1,neural,HP_Peak,size,netfit,residual,log,50.0,265.0,710.0,34.409029366114076,29.279534366762988
5,FFNN,126.77370142936707,,62.0,1.0,-1.0,arm1,neural,HP_Peak,size,netfit,direct,log,50.0,275.0,640.0,30.4035066739308,21.72618974553788
5,FFNN,142.40804934501648,,62.0,1.0,-1.0,arm1,neural,HP_Peak,size,netfit,residual,log,50.0,275.0,640.0,30.346885182179882,24.158628549582865
5,FFNN,302.68609261512756,,100.0,0.0,-1.0,arm1,neural,HP_Peak,size,netfit,direct,log,50.0,495.0,1010.0,25.115910163844976,20.158999223133005
5,FFNN,387.43011474609375,,100.0,0.0,-1.0,arm1,neural,HP_Peak,size,netfit,residual,log,50.0,495.0,1010.0,26.31131050842709,20.316278376229896
5,FFNN,176.59384107589722,,100.0,1.0,-1.0,arm1,neural,HP_Peak,size,netfit,direct,log,50.0,460.0,940.0,26.065064256711295,18.806694932386335
5,FFNN,201.7180151939392,,100.0,1.0,-1.0,arm1,neural,HP_Peak,size,netfit,residual,log,50.0,460.0,940.0,26.299399455272827,19.64594484585001
5,FFNN,571.6294989585876,,200.0,0.0,-1.0,arm1,neural,HP_Peak,size,netfit,direct,log,50.0,980.0,1640.0,24.68687278823417,16.266090111525447
5,FFNN,718.1244733333588,,200.0,0.0,-1.0,arm1,neural,HP_Peak,size,netfit,residual,log,50.0,980.0,1640.0,26.23230970101017,17.12547640657382
5,FFNN,312.9187717437744,,200.0,1.0,-1.0,arm1,neural,HP_Peak,size,netfit,direct,log,50.0,940.0,1520.0,24.650625672441578,18.391776498106722
5,FFNN,323.57750129699707,,200.0,1.0,-1.0,arm1,neural,HP_Peak,size,netfit,residual,log,50.0,940.0,1520.0,29.607927249835093,15.87362285059983
6,FFNN,61.085811376571655,,32.0,0.0,-1.0,arm1,neural,HP_Peak,size,netfit,direct,log,50.0,185.0,350.0,28.19947981557362,24.121040577747628
6,FFNN,69.39340114593506,,32.0,0.0,-1.0,arm1,neural,HP_Peak,size,netfit,residual,log,50.0,185.0,350.0,29.04340276247966,25.155870021276776
6,FFNN,150.6401493549347,,62.0,0.0,-1.0,arm1,neural,HP_Peak,size,netfit,direct,log,50.0,315.0,700.0,35.02494497284469,21.2800418986717
6,FFNN,180.88269472122192,,62.0,0.0,-1.0,arm1,neural,HP_Peak,size,netfit,residual,log,50.0,315.0,700.0,34.50348662675619,20.945658793376193
6,FFNN,99.67311406135559,,62.0,1.0,-1.0,arm1,neural,HP_Peak,size,netfit,direct,log,50.0,280.0,690.0,29.0834025360969,25.91632750718048
6,FFNN,111.01824426651001,,62.0,1.0,-1.0,arm1,neural,HP_Peak,size,netfit,residual,log,50.0,280.0,690.0,30.265205202804708,23.895988182190372
6,FFNN,281.53782773017883,,100.0,0.0,-1.0,arm1,neural,HP_Peak,size,netfit,direct,log,50.0,505.0,950.0,27.29482736660326,18.67493670775852
6,FFNN,201.79375886917114,,100.0,0.0,-1.0,arm1,neural,HP_Peak,size,netfit,residual,log,50.0,505.0,950.0,27.844445905224973,18.702590553230607
6,FFNN,188.1700737476349,,100.0,1.0,-1.0,arm1,neural,HP_Peak,size,netfit,direct,log,50.0,455.0,1030.0,25.1456184330936,18.513861593427904
6,FFNN,216.63087344169617,,100.0,1.0,-1.0,arm1,neural,HP_Peak,size,netfit,residual,log,50.0,455.0,1030.0,26.136457032921303,17.626701540409428
6,FFNN,461.8664402961731,,200.0,0.0,-1.0,arm1,neural,HP_Peak,size,netfit,direct,log,50.0,960.0,1650.0,25.14661291036133,15.372127904039235
6,FFNN,329.0534358024597,,200.0,0.0,-1.0,arm1,neural,HP_Peak,size,netfit,residual,log,50.0,960.0,1650.0,24.83325843190967,17.099332521733523
6,FFNN,383.97150444984436,,200.0,1.0,-1.0,arm1,neural,HP_Peak,size,netfit,direct,log,50.0,935.0,1680.0,25.940979131572625,18.78973215311334
6,FFNN,340.3015742301941,,200.0,1.0,-1.0,arm1,neural,HP_Peak,size,netfit,residual,log,50.0,935.0,1680.0,25.168434989380952,17.7300962932806
7,FFNN,108.34643864631653,,32.0,0.0,-1.0,arm1,neural,HP_Peak,size,netfit,direct,log,50.0,125.0,290.0,27.737470790207478,18.924093184859117
7,FFNN,117.84417176246643,,32.0,0.0,-1.0,arm1,neural,HP_Peak,size,netfit,residual,log,50.0,125.0,290.0,27.00929670808612,16.476794089634637
7,FFNN,68.41407895088196,,62.0,0.0,-1.0,arm1,neural,HP_Peak,size,netfit,direct,log,50.0,275.0,670.0,34.44059104244344,26.0645741209068
7,FFNN,108.771071434021,,62.0,0.0,-1.0,arm1,neural,HP_Peak,size,netfit,residual,log,50.0,275.0,670.0,35.73705752083671,23.72691821725457
7,FFNN,96.43778967857361,,62.0,1.0,-1.0,arm1,neural,HP_Peak,size,netfit,direct,log,50.0,290.0,490.0,29.802419386477872,22.016289789597106
7,FFNN,154.70580768585205,,62.0,1.0,-1.0,arm1,neural,HP_Peak,size,netfit,residual,log,50.0,290.0,490.0,34.423584781278656,21.265533551533412
7,FFNN,183.57011342048645,,100.0,0.0,-1.0,arm1,neural,HP_Peak,size,netfit,direct,log,50.0,530.0,880.0,26.651860437851095,19.592765789839707
7,FFNN,192.42584013938904,,100.0,0.0,-1.0,arm1,neural,HP_Peak,size,netfit,residual,log,50.0,530.0,880.0,27.48925512419567,18.728570513162083
7,FFNN,181.722407579422,,100.0,1.0,-1.0,arm1,neural,HP_Peak,size,netfit,direct,log,50.0,460.0,990.0,25.751591462695455,20.164130601162285
7,FFNN,156.14825797080994,,100.0,1.0,-1.0,arm1,neural,HP_Peak,size,netfit,residual,log,50.0,460.0,990.0,2900.861108854177,19.8990340044783
7,FFNN,555.0253257751465,,200.0,0.0,-1.0,arm1,neural,HP_Peak,size,netfit,direct,log,50.0,925.0,1550.0,23.995239711224,15.614275731787632
7,FFNN,562.0092284679413,,200.0,0.0,-1.0,arm1,neural,HP_Peak,size,netfit,residual,log,50.0,925.0,1550.0,23.358282006428972,15.8958269423739
7,FFNN,426.11257147789,,200.0,1.0,-1.0,arm1,neural,HP_Peak,size,netfit,direct,log,50.0,950.0,1620.0,25.36495105824553,17.635284003793068
7,FFNN,387.6008002758026,,200.0,1.0,-1.0,arm1,neural,HP_Peak,size,netfit,residual,log,50.0,950.0,1620.0,24.6192092881484,16.720971331556918
8,FFNN,66.76025629043579,,32.0,1.0,-1.0,arm1,neural,HP_Peak,size,netfit,direct,log,50.0,120.0,350.0,25.887046351682468,27.391968257706406
8,FFNN,48.862265825271606,,32.0,1.0,-1.0,arm1,neural,HP_Peak,size,netfit,residual,log,50.0,120.0,350.0,26.145555500827722,31.277104241978066
8,FFNN,84.24248361587524,,62.0,0.0,-1.0,arm1,neural,HP_Peak,size,netfit,direct,log,50.0,280.0,650.0,29.094908060057378,24.78447839295474
8,FFNN,91.33553266525269,,62.0,0.0,-1.0,arm1,neural,HP_Peak,size,netfit,residual,log,50.0,280.0,650.0,29.37367520054226,24.168607464174734
8,FFNN,109.51368880271912,,62.0,1.0,-1.0,arm1,neural,HP_Peak,size,netfit,direct,log,50.0,310.0,620.0,31.161112509115085,24.20423680056877
8,FFNN,129.39025592803955,,62.0,1.0,-1.0,arm1,neural,HP_Peak,size,netfit,residual,log,50.0,310.0,620.0,30.982294853932025,21.828209910246766
8,FFNN,160.3531460762024,,100.0,0.0,-1.0,arm1,neural,HP_Peak,size,netfit,direct,log,50.0,450.0,860.0,27.3481046430777,20.108465798729824
8,FFNN,163.09265565872192,,100.0,0.0,-1.0,arm1,neural,HP_Peak,size,netfit,residual,log,50.0,450.0,860.0,26.589323768647045,19.469187934725333
8,FFNN,442.84629487991333,,100.0,1.0,-1.0,arm1,neural,HP_Peak,size,netfit,direct,log,50.0,500.0,1060.0,30.485373614307214,16.535822823587104
8,FFNN,466.1434769630432,,100.0,1.0,-1.0,arm1,neural,HP_Peak,size,netfit,residual,log,50.0,500.0,1060.0,31.1026854357115,17.573768855833624
8,FFNN,424.0211968421936,,200.0,0.0,-1.0,arm1,neural,HP_Peak,size,netfit,direct,log,50.0,920.0,1600.0,24.197835064797758,15.95438506699414
8,FFNN,627.7707266807556,,200.0,0.0,-1.0,arm1,neural,HP_Peak,size,netfit,residual,log,50.0,920.0,1600.0,24.633442338594048,15.367093539518816
8,FFNN,513.04802775383,,200.0,1.0,-1.0,arm1,neural,HP_Peak,size,netfit,direct,log,50.0,975.0,1600.0,24.821804582396112,15.796804335578063
8,FFNN,487.25683522224426,,200.0,1.0,-1.0,arm1,neural,HP_Peak,size,netfit,residual,log,50.0,975.0,1600.0,25.118626581019004,16.431941132672538
9,FFNN,77.1487283706665,,32.0,1.0,-1.0,arm1,neural,HP_Peak,size,netfit,direct,log,50.0,125.0,320.0,31.348462230553668,30.191447236753145
9,FFNN,107.05988430976868,,32.0,1.0,-1.0,arm1,neural,HP_Peak,size,netfit,residual,log,50.0,125.0,320.0,31.98381770433718,24.20708529184841
9,FFNN,104.67022657394409,,62.0,0.0,-1.0,arm1,neural,HP_Peak,size,netfit,direct,log,50.0,280.0,570.0,32.485209664305515,24.8147528626273
9,FFNN,131.087176322937,,62.0,0.0,-1.0,arm1,neural,HP_Peak,size,netfit,residual,log,50.0,280.0,570.0,33.20409725209386,21.602296642633352
9,FFNN,85.70398473739624,,62.0,1.0,-1.0,arm1,neural,HP_Peak,size,netfit,direct,log,50.0,305.0,630.0,28.061973719743424,22.116192837220108
9,FFNN,121.77412486076355,,62.0,1.0,-1.0,arm1,neural,HP_Peak,size,netfit,residual,log,50.0,305.0,630.0,28.57144037391393,20.883028641473945
9,FFNN,269.44473218917847,,100.0,0.0,-1.0,arm1,neural,HP_Peak,size,netfit,direct,log,50.0,470.0,790.0,27.51504222475423,17.99677304887647
9,FFNN,179.353018283844,,100.0,0.0,-1.0,arm1,neural,HP_Peak,size,netfit,residual,log,50.0,470.0,790.0,27.72256725145992,19.50044970867185
9,FFNN,196.25458526611328,,100.0,1.0,-1.0,arm1,neural,HP_Peak,size,netfit,direct,log,50.0,475.0,990.0,27.65457492564793,18.401966173835444
9,FFNN,194.24127435684204,,100.0,1.0,-1.0,arm1,neural,HP_Peak,size,netfit,residual,log,50.0,475.0,990.0,28.356681120515166,17.304938531647693
9,FFNN,567.8431098461151,,200.0,0.0,-1.0,arm1,neural,HP_Peak,size,netfit,direct,log,50.0,910.0,1650.0,25.982305797335183,24.605525769109224
9,FFNN,680.3855671882629,,200.0,0.0,-1.0,arm1,neural,HP_Peak,size,netfit,residual,log,50.0,910.0,1650.0,26.353395371134198,16.675120881821805
9,FFNN,584.6997339725494,,200.0,1.0,-1.0,arm1,neural,HP_Peak,size,netfit,direct,log,50.0,940.0,1770.0,25.536254607484818,17.916157773362507
9,FFNN,836.3413197994232,,200.0,1.0,-1.0,arm1,neural,HP_Peak,size,netfit,residual,log,50.0,940.0,1770.0,25.354174790318464,19.51546467235286
0,CNN,385.8596785068512,,32.0,0.0,-1.0,arm1,rawseries,HP_Peak,size,raw,direct,log,30.0,210.0,320.0,29.291593671964073,22.79029831761879
0,CNN,257.15659379959106,,32.0,0.0,-1.0,arm1,rawseries,HP_Peak,size,raw,residual,log,30.0,210.0,320.0,27.427079584714274,25.738541829980804
0,CNN,540.1847748756409,,62.0,0.0,-1.0,arm1,rawseries,HP_Peak,size,raw,direct,log,30.0,280.0,580.0,28.451147060280853,23.30885167182389
0,CNN,356.26443576812744,,62.0,0.0,-1.0,arm1,rawseries,HP_Peak,size,raw,residual,log,30.0,280.0,580.0,26.41906511311409,22.472604874583396
0,CNN,466.53676557540894,,62.0,1.0,-1.0,arm1,rawseries,HP_Peak,size,raw,direct,log,30.0,280.0,580.0,27.831873195829985,26.607239573916132
0,CNN,384.52668619155884,,62.0,1.0,-1.0,arm1,rawseries,HP_Peak,size,raw,residual,log,30.0,280.0,580.0,27.07457916879151,25.404141606347025
0,CNN,1016.2967865467072,,100.0,0.0,-1.0,arm1,rawseries,HP_Peak,size,raw,direct,log,30.0,535.0,1070.0,24.045889308423895,15.176140169066931
0,CNN,689.7299296855927,,100.0,0.0,-1.0,arm1,rawseries,HP_Peak,size,raw,residual,log,30.0,535.0,1070.0,24.061174284698023,16.26940560751211
0,CNN,797.1842823028564,,100.0,1.0,-1.0,arm1,rawseries,HP_Peak,size,raw,direct,log,30.0,515.0,950.0,27.5856448668303,21.15949282211117
0,CNN,548.7353987693787,,100.0,1.0,-1.0,arm1,rawseries,HP_Peak,size,raw,residual,log,30.0,515.0,950.0,26.935486589953104,15.761008656700367
0,CNN,1548.1779992580414,,200.0,0.0,-1.0,arm1,rawseries,HP_Peak,size,raw,direct,log,30.0,940.0,1630.0,22.907871432146226,15.612328401598683
0,CNN,1724.7988798618317,,200.0,0.0,-1.0,arm1,rawseries,HP_Peak,size,raw,residual,log,30.0,940.0,1630.0,20.60484355328908,9.217970704038164
0,CNN,1605.473301410675,,200.0,1.0,-1.0,arm1,rawseries,HP_Peak,size,raw,direct,log,30.0,980.0,1660.0,24.25651240011024,14.712985321537056
0,CNN,1579.367461681366,,200.0,1.0,-1.0,arm1,rawseries,HP_Peak,size,raw,residual,log,30.0,980.0,1660.0,22.689806870254177,16.658858222046273
1,CNN,367.18890953063965,,62.0,0.0,-1.0,arm1,rawseries,HP_Peak,size,raw,direct,log,30.0,280.0,660.0,28.413354530638355,18.093925186260286
1,CNN,551.5134382247925,,62.0,0.0,-1.0,arm1,rawseries,HP_Peak,size,raw,residual,log,30.0,280.0,660.0,24.97383884252063,18.001860610780255
1,CNN,396.0246043205261,,62.0,1.0,-1.0,arm1,rawseries,HP_Peak,size,raw,direct,log,30.0,280.0,660.0,28.47480776430162,22.646861152045854
1,CNN,348.1829562187195,,62.0,1.0,-1.0,arm1,rawseries,HP_Peak,size,raw,residual,log,30.0,280.0,660.0,29.529201457504044,21.911459693555056
1,CNN,901.047132730484,,100.0,0.0,-1.0,arm1,rawseries,HP_Peak,size,raw,direct,log,30.0,480.0,940.0,22.489926057501293,12.406079057397342
1,CNN,779.1943242549896,,100.0,0.0,-1.0,arm1,rawseries,HP_Peak,size,raw,residual,log,30.0,480.0,940.0,21.571105897116645,9.492830237914593
1,CNN,801.3250112533569,,100.0,1.0,-1.0,arm1,rawseries,HP_Peak,size,raw,direct,log,30.0,505.0,1030.0,24.807572808900204,14.933888623519012
1,CNN,627.2712943553925,,100.0,1.0,-1.0,arm1,rawseries,HP_Peak,size,raw,residual,log,30.0,505.0,1030.0,25.0411980795469,12.287065586055453
1,CNN,2055.4051163196564,,200.0,0.0,-1.0,arm1,rawseries,HP_Peak,size,raw,direct,log,30.0,1035.0,1400.0,19.63591245607685,13.904299670297465
1,CNN,1952.5461421012878,,200.0,0.0,-1.0,arm1,rawseries,HP_Peak,size,raw,residual,log,30.0,1035.0,1400.0,19.295417345906564,10.862413055595969
1,CNN,1629.1324920654297,,200.0,1.0,-1.0,arm1,rawseries,HP_Peak,size,raw,direct,log,30.0,875.0,1630.0,17.524595514359266,13.263589778451534
1,CNN,1421.069067955017,,200.0,1.0,-1.0,arm1,rawseries,HP_Peak,size,raw,residual,log,30.0,875.0,1630.0,18.412437401610525,7.691942784494758
2,CNN,366.3832337856293,,62.0,0.0,-1.0,arm1,rawseries,HP_Peak,size,raw,direct,log,30.0,230.0,770.0,29.84176168428624,25.388566572164567
2,CNN,373.67740273475647,,62.0,0.0,-1.0,arm1,rawseries,HP_Peak,size,raw,residual,log,30.0,230.0,770.0,31.07762258260886,28.535136735721657
2,CNN,331.94838857650757,,62.0,1.0,-1.0,arm1,rawseries,HP_Peak,size,raw,direct,log,30.0,280.0,670.0,33.48181660013134,27.562420108326368
2,CNN,339.4484829902649,,62.0,1.0,-1.0,arm1,rawseries,HP_Peak,size,raw,residual,log,30.0,280.0,670.0,30.282845637241202,27.689494017712217
2,CNN,1084.8120827674866,,100.0,0.0,-1.0,arm1,rawseries,HP_Peak,size,raw,direct,log,30.0,570.0,830.0,23.262079897061835,14.828825844327485
2,CNN,963.3406958580017,,100.0,0.0,-1.0,arm1,rawseries,HP_Peak,size,raw,residual,log,30.0,570.0,830.0,23.234190844519116,10.057543884613432
2,CNN,807.7079892158508,,100.0,1.0,-1.0,arm1,rawseries,HP_Peak,size,raw,direct,log,30.0,465.0,880.0,26.58637372651524,16.878516644635937
2,CNN,538.0583338737488,,100.0,1.0,-1.0,arm1,rawseries,HP_Peak,size,raw,residual,log,30.0,465.0,880.0,26.26986705186299,17.18962395126012
2,CNN,1551.4884037971497,,200.0,0.0,-1.0,arm1,rawseries,HP_Peak,size,raw,direct,log,30.0,950.0,1660.0,21.69345814734483,13.017921860898953
2,CNN,1528.4597401618958,,200.0,0.0,-1.0,arm1,rawseries,HP_Peak,size,raw,residual,log,30.0,950.0,1660.0,21.61289617442065,12.670872856226367
2,CNN,1412.5830342769623,,200.0,1.0,-1.0,arm1,rawseries,HP_Peak,size,raw,direct,log,30.0,880.0,1700.0,21.380838043586763,11.252630959590507
2,CNN,1335.689215183258,,200.0,1.0,-1.0,arm1,rawseries,HP_Peak,size,raw,residual,log,30.0,880.0,1700.0,20.05006323407498,11.27154973307789
3,CNN,245.48137021064758,,32.0,1.0,-1.0,arm1,rawseries,HP_Peak,size,raw,direct,log,30.0,210.0,320.0,31.494282921770015,30.09231472118153
3,CNN,316.94972348213196,,32.0,1.0,-1.0,arm1,rawseries,HP_Peak,size,raw,residual,log,30.0,210.0,320.0,29.735474231405526,26.13201876145268
3,CNN,443.94408917427063,,62.0,0.0,-1.0,arm1,rawseries,HP_Peak,size,raw,direct,log,30.0,330.0,640.0,29.59803252927058,26.153731862541058
3,CNN,399.60432267189026,,62.0,0.0,-1.0,arm1,rawseries,HP_Peak,size,raw,residual,log,30.0,330.0,640.0,30.532635648980335,26.64838939493323
3,CNN,480.75634360313416,,62.0,1.0,-1.0,arm1,rawseries,HP_Peak,size,raw,direct,log,30.0,280.0,530.0,26.369486337201998,15.463884816668857
3,CNN,483.01412630081177,,62.0,1.0,-1.0,arm1,rawseries,HP_Peak,size,raw,residual,log,30.0,280.0,530.0,26.54227366349804,21.090491195014536
3,CNN,641.3407554626465,,100.0,0.0,-1.0,arm1,rawseries,HP_Peak,size,raw,direct,log,30.0,550.0,930.0,27.54468564063864,18.653429884376855
3,CNN,523.6546392440796,,100.0,0.0,-1.0,arm1,rawseries,HP_Peak,size,raw,residual,log,30.0,550.0,930.0,30.567697137270812,22.725226166714126
3,CNN,783.4969778060913,,100.0,1.0,-1.0,arm1,rawseries,HP_Peak,size,raw,direct,log,30.0,460.0,920.0,23.342859391431066,28.421315913968098
3,CNN,734.5024313926697,,100.0,1.0,-1.0,arm1,rawseries,HP_Peak,size,raw,residual,log,30.0,460.0,920.0,21.083764923833197,8.634382620018894
3,CNN,1534.2060732841492,,200.0,0.0,-1.0,arm1,rawseries,HP_Peak,size,raw,direct,log,30.0,920.0,1470.0,20.105871858510156,10.285249130361613
3,CNN,1585.8141689300537,,200.0,0.0,-1.0,arm1,rawseries,HP_Peak,size,raw,residual,log,30.0,920.0,1470.0,18.35562472873589,9.229766351187434
3,CNN,1594.1047673225403,,200.0,1.0,-1.0,arm1,rawseries,HP_Peak,size,raw,direct,log,30.0,890.0,1600.0,19.078292977599002,8.432457527286546
3,CNN,1468.8193004131317,,200.0,1.0,-1.0,arm1,rawseries,HP_Peak,size,raw,residual,log,30.0,890.0,1600.0,18.40708950147933,6.26904548398646
4,CNN,181.79666709899902,,32.0,1.0,-1.0,arm1,rawseries,HP_Peak,size,raw,direct,log,30.0,125.0,350.0,27.7604576911614,28.716774088570073
4,CNN,150.63405060768127,,32.0,1.0,-1.0,arm1,rawseries,HP_Peak,size,raw,residual,log,30.0,125.0,350.0,28.5362985197031,23.194528150718245
4,CNN,566.7274725437164,,62.0,0.0,-1.0,arm1,rawseries,HP_Peak,size,raw,direct,log,30.0,280.0,470.0,26.441866922320553,17.3046940926726
4,CNN,359.3165259361267,,62.0,0.0,-1.0,arm1,rawseries,HP_Peak,size,raw,residual,log,30.0,280.0,470.0,28.87760976752465,21.27464110068338
4,CNN,484.8324592113495,,62.0,1.0,-1.0,arm1,rawseries,HP_Peak,size,raw,direct,log,30.0,280.0,650.0,26.58726802141575,21.110902694273065
4,CNN,384.0795793533325,,62.0,1.0,-1.0,arm1,rawseries,HP_Peak,size,raw,residual,log,30.0,280.0,650.0,28.849459698256005,22.377716868641567
4,CNN,950.4811379909515,,100.0,0.0,-1.0,arm1,rawseries,HP_Peak,size,raw,direct,log,30.0,510.0,830.0,21.715212458055408,12.604737993644061
4,CNN,940.2903871536255,,100.0,0.0,-1.0,arm1,rawseries,HP_Peak,size,raw,residual,log,30.0,510.0,830.0,21.17262865668608,10.969557227430137
4,CNN,937.4983377456665,,100.0,1.0,-1.0,arm1,rawseries,HP_Peak,size,raw,direct,log,30.0,570.0,930.0,24.826996784255183,14.41805736335566
4,CNN,954.821560382843,,100.0,1.0,-1.0,arm1,rawseries,HP_Peak,size,raw,residual,log,30.0,570.0,930.0,24.455541028328938,17.973480237668834
4,CNN,1578.63916182518,,200.0,0.0,-1.0,arm1,rawseries,HP_Peak,size,raw,direct,log,30.0,910.0,1620.0,17.719652746567657,10.628061240728831
4,CNN,1470.4751317501068,,200.0,0.0,-1.0,arm1,rawseries,HP_Peak,size,raw,residual,log,30.0,910.0,1620.0,17.25508232532298,8.500435887204768
4,CNN,1711.7237417697906,,200.0,1.0,-1.0,arm1,rawseries,HP_Peak,size,raw,direct,log,30.0,950.0,1530.0,17.620739017009807,11.082011577448224
4,CNN,1657.2301182746887,,200.0,1.0,-1.0,arm1,rawseries,HP_Peak,size,raw,residual,log,30.0,950.0,1530.0,17.42728583895269,10.308679517463814
5,CNN,218.900652885437,,62.0,0.0,-1.0,arm1,rawseries,HP_Peak,size,raw,direct,log,30.0,265.0,710.0,36.16106359806008,32.96924853983913
5,CNN,444.15207409858704,,62.0,0.0,-1.0,arm1,rawseries,HP_Peak,size,raw,residual,log,30.0,265.0,710.0,32.22115297441315,30.901564374584723
5,CNN,342.9778411388397,,62.0,1.0,-1.0,arm1,rawseries,HP_Peak,size,raw,direct,log,30.0,275.0,640.0,32.92687005325567,23.75331644578508
5,CNN,399.6462483406067,,62.0,1.0,-1.0,arm1,rawseries,HP_Peak,size,raw,residual,log,30.0,275.0,640.0,30.744093614658397,21.442777222731895
5,CNN,735.5935788154602,,100.0,0.0,-1.0,arm1,rawseries,HP_Peak,size,raw,direct,log,30.0,495.0,1010.0,26.031354231927182,23.06522469274087
5,CNN,793.022946357727,,100.0,0.0,-1.0,arm1,rawseries,HP_Peak,size,raw,residual,log,30.0,495.0,1010.0,25.419324517132274,16.395085885287266
5,CNN,731.5833747386932,,100.0,1.0,-1.0,arm1,rawseries,HP_Peak,size,raw,direct,log,30.0,460.0,940.0,26.49616871487288,25.554448146963406
5,CNN,780.4335737228394,,100.0,1.0,-1.0,arm1,rawseries,HP_Peak,size,raw,residual,log,30.0,460.0,940.0,24.545732641714363,21.687120221746984
5,CNN,1637.4408719539642,,200.0,0.0,-1.0,arm1,rawseries,HP_Peak,size,raw,direct,log,30.0,980.0,1640.0,21.183469306592922,11.978696812117635
5,CNN,1491.2852268218994,,200.0,0.0,-1.0,arm1,rawseries,HP_Peak,size,raw,residual,log,30.0,980.0,1640.0,17.48193486405169,7.9525747998275556
5,CNN,1616.1561994552612,,200.0,1.0,-1.0,arm1,rawseries,HP_Peak,size,raw,direct,log,30.0,940.0,1520.0,20.964681062382265,15.505142550614526
5,CNN,1636.629000902176,,200.0,1.0,-1.0,arm1,rawseries,HP_Peak,size,raw,residual,log,30.0,940.0,1520.0,19.084879232781507,7.591724875737333
6,CNN,192.031840801239,,32.0,0.0,-1.0,arm1,rawseries,HP_Peak,size,raw,direct,log,30.0,185.0,350.0,30.659237518231127,24.495933961533687
6,CNN,314.93422842025757,,32.0,0.0,-1.0,arm1,rawseries,HP_Peak,size,raw,residual,log,30.0,185.0,350.0,28.495226331658237,28.12630999470247
6,CNN,414.69479417800903,,62.0,0.0,-1.0,arm1,rawseries,HP_Peak,size,raw,direct,log,30.0,315.0,700.0,32.307573432929736,21.68258600867458
6,CNN,451.7002902030945,,62.0,0.0,-1.0,arm1,rawseries,HP_Peak,size,raw,residual,log,30.0,315.0,700.0,34.10724453870285,22.951952945592076
6,CNN,438.9039497375488,,62.0,1.0,-1.0,arm1,rawseries,HP_Peak,size,raw,direct,log,30.0,280.0,690.0,28.437970649525667,25.060837927433337
6,CNN,384.3273162841797,,62.0,1.0,-1.0,arm1,rawseries,HP_Peak,size,raw,residual,log,30.0,280.0,690.0,28.266606972198826,24.486366292643822
6,CNN,856.1623377799988,,100.0,0.0,-1.0,arm1,rawseries,HP_Peak,size,raw,direct,log,30.0,505.0,950.0,26.961499542962798,16.3095093415171
6,CNN,682.9570577144623,,100.0,0.0,-1.0,arm1,rawseries,HP_Peak,size,raw,residual,log,30.0,505.0,950.0,26.027200979488565,19.25370539512148
6,CNN,813.809056520462,,100.0,1.0,-1.0,arm1,rawseries,HP_Peak,size,raw,direct,log,30.0,455.0,1030.0,24.18033648675259,16.831480818076493
6,CNN,591.8503940105438,,100.0,1.0,-1.0,arm1,rawseries,HP_Peak,size,raw,residual,log,30.0,455.0,1030.0,25.985012765035854,16.696334688411607
6,CNN,1615.407212972641,,200.0,0.0,-1.0,arm1,rawseries,HP_Peak,size,raw,direct,log,30.0,960.0,1650.0,22.024376433249955,13.001097539673026
6,CNN,1433.4946656227112,,200.0,0.0,-1.0,arm1,rawseries,HP_Peak,size,raw,residual,log,30.0,960.0,1650.0,20.750319782309706,7.240263790345211
6,CNN,1652.6498486995697,,200.0,1.0,-1.0,arm1,rawseries,HP_Peak,size,raw,direct,log,30.0,935.0,1680.0,20.61168319198309,11.082023962112466
6,CNN,1711.7108914852142,,200.0,1.0,-1.0,arm1,rawseries,HP_Peak,size,raw,residual,log,30.0,935.0,1680.0,19.74360348322184,17.98135334297509
7,CNN,146.4570231437683,,32.0,0.0,-1.0,arm1,rawseries,HP_Peak,size,raw,direct,log,30.0,125.0,290.0,31.891388907307647,26.219918555832923
7,CNN,165.85807728767395,,32.0,0.0,-1.0,arm1,rawseries,HP_Peak,size,raw,residual,log,30.0,125.0,290.0,27.663684254389775,17.37025286225728
7,CNN,235.31772589683533,,62.0,0.0,-1.0,arm1,rawseries,HP_Peak,size,raw,direct,log,30.0,275.0,670.0,36.13463889669859,26.650561271077112
7,CNN,318.3142349720001,,62.0,0.0,-1.0,arm1,rawseries,HP_Peak,size,raw,residual,log,30.0,275.0,670.0,31.519501984110228,26.570232106504548
7,CNN,329.2895178794861,,62.0,1.0,-1.0,arm1,rawseries,HP_Peak,size,raw,direct,log,30.0,290.0,490.0,34.131383293191696,23.75218949868676
7,CNN,331.84748935699463,,62.0,1.0,-1.0,arm1,rawseries,HP_Peak,size,raw,residual,log,30.0,290.0,490.0,30.80754606149706,25.665488846357764
7,CNN,771.6951284408569,,100.0,0.0,-1.0,arm1,rawseries,HP_Peak,size,raw,direct,log,30.0,530.0,880.0,28.447624043057406,19.806706516745876
7,CNN,449.19595074653625,,100.0,0.0,-1.0,arm1,rawseries,HP_Peak,size,raw,residual,log,30.0,530.0,880.0,28.983617843307044,21.117593773743703
7,CNN,681.5315599441528,,100.0,1.0,-1.0,arm1,rawseries,HP_Peak,size,raw,direct,log,30.0,460.0,990.0,26.39364487648045,16.85766219447672
7,CNN,597.2974956035614,,100.0,1.0,-1.0,arm1,rawseries,HP_Peak,size,raw,residual,log,30.0,460.0,990.0,26.966440479145646,18.050121750501695
7,CNN,1406.4099714756012,,200.0,0.0,-1.0,arm1,rawseries,HP_Peak,size,raw,direct,log,30.0,925.0,1550.0,20.62495505288935,12.935031042533115
7,CNN,1413.9847249984741,,200.0,0.0,-1.0,arm1,rawseries,HP_Peak,size,raw,residual,log,30.0,925.0,1550.0,19.392025017056596,13.636398528142266
7,CNN,1472.058916568756,,200.0,1.0,-1.0,arm1,rawseries,HP_Peak,size,raw,direct,log,30.0,950.0,1620.0,24.335792183716343,14.304184994353426
7,CNN,1281.0874512195587,,200.0,1.0,-1.0,arm1,rawseries,HP_Peak,size,raw,residual,log,30.0,950.0,1620.0,21.779319016205356,9.445059816708422
8,CNN,179.59036111831665,,32.0,1.0,-1.0,arm1,rawseries,HP_Peak,size,raw,direct,log,30.0,120.0,350.0,28.927025008917994,27.052283945282557
8,CNN,160.83441042900085,,32.0,1.0,-1.0,arm1,rawseries,HP_Peak,size,raw,residual,log,30.0,120.0,350.0,26.537251028320743,25.672386288451865
8,CNN,354.7401125431061,,62.0,0.0,-1.0,arm1,rawseries,HP_Peak,size,raw,direct,log,30.0,280.0,650.0,29.126907246024377,27.554529701800412
8,CNN,298.47240829467773,,62.0,0.0,-1.0,arm1,rawseries,HP_Peak,size,raw,residual,log,30.0,280.0,650.0,28.706283224332005,25.094365599619756
8,CNN,367.47409534454346,,62.0,1.0,-1.0,arm1,rawseries,HP_Peak,size,raw,direct,log,30.0,310.0,620.0,32.84815283723105,23.369379613699344
8,CNN,301.98687624931335,,62.0,1.0,-1.0,arm1,rawseries,HP_Peak,size,raw,residual,log,30.0,310.0,620.0,32.20832194102904,22.97691069507484
8,CNN,760.1186728477478,,100.0,0.0,-1.0,arm1,rawseries,HP_Peak,size,raw,direct,log,30.0,450.0,860.0,24.362770744995867,16.8916363087243
8,CNN,669.3648750782013,,100.0,0.0,-1.0,arm1,rawseries,HP_Peak,size,raw,residual,log,30.0,450.0,860.0,24.722336193138805,16.44389415965331
8,CNN,697.5785257816315,,100.0,1.0,-1.0,arm1,rawseries,HP_Peak,size,raw,direct,log,30.0,500.0,1060.0,28.335743494915462,16.02228419036259
8,CNN,659.5968651771545,,100.0,1.0,-1.0,arm1,rawseries,HP_Peak,size,raw,residual,log,30.0,500.0,1060.0,26.486888262195833,14.533461770359157
8,CNN,1471.6256229877472,,200.0,0.0,-1.0,arm1,rawseries,HP_Peak,size,raw,direct,log,30.0,920.0,1600.0,22.382031569532035,8.85032025720049
8,CNN,1564.4732677936554,,200.0,0.0,-1.0,arm1,rawseries,HP_Peak,size,raw,residual,log,30.0,920.0,1600.0,18.733709717306912,7.300941643948336
8,CNN,1440.9431672096252,,200.0,1.0,-1.0,arm1,rawseries,HP_Peak,size,raw,direct,log,30.0,975.0,1600.0,22.098240313563203,12.08417993140702
8,CNN,1266.1372780799866,,200.0,1.0,-1.0,arm1,rawseries,HP_Peak,size,raw,residual,log,30.0,975.0,1600.0,21.455183407049937,6.655621610060517
9,CNN,172.0431146621704,,32.0,1.0,-1.0,arm1,rawseries,HP_Peak,size,raw,direct,log,30.0,125.0,320.0,30.64816586840046,27.605167672259668
9,CNN,178.53788590431213,,32.0,1.0,-1.0,arm1,rawseries,HP_Peak,size,raw,residual,log,30.0,125.0,320.0,32.519582173377636,29.91456262302877
9,CNN,415.08543062210083,,62.0,0.0,-1.0,arm1,rawseries,HP_Peak,size,raw,direct,log,30.0,280.0,570.0,29.300683872122445,24.276315042374268
9,CNN,321.9719705581665,,62.0,0.0,-1.0,arm1,rawseries,HP_Peak,size,raw,residual,log,30.0,280.0,570.0,30.28208044459035,23.49901301006718
9,CNN,571.1550047397614,,62.0,1.0,-1.0,arm1,rawseries,HP_Peak,size,raw,direct,log,30.0,305.0,630.0,29.114732667458988,24.29915693493215
9,CNN,395.189168214798,,62.0,1.0,-1.0,arm1,rawseries,HP_Peak,size,raw,residual,log,30.0,305.0,630.0,28.77239661709465,20.728467966074593
9,CNN,866.1037547588348,,100.0,0.0,-1.0,arm1,rawseries,HP_Peak,size,raw,direct,log,30.0,470.0,790.0,26.74738996132961,16.20485913591553
9,CNN,848.5839738845825,,100.0,0.0,-1.0,arm1,rawseries,HP_Peak,size,raw,residual,log,30.0,470.0,790.0,22.342774331492684,12.585765405915932
9,CNN,920.1295557022095,,100.0,1.0,-1.0,arm1,rawseries,HP_Peak,size,raw,direct,log,30.0,475.0,990.0,24.449046718569967,17.21798803844826
9,CNN,533.9644846916199,,100.0,1.0,-1.0,arm1,rawseries,HP_Peak,size,raw,residual,log,30.0,475.0,990.0,28.026359675574355,13.205745447058307
9,CNN,1514.145266532898,,200.0,0.0,-1.0,arm1,rawseries,HP_Peak,size,raw,direct,log,30.0,910.0,1650.0,25.756911223554937,12.81876032971054
9,CNN,1293.4054057598114,,200.0,0.0,-1.0,arm1,rawseries,HP_Peak,size,raw,residual,log,30.0,910.0,1650.0,23.718399210134038,10.384235733240587
9,CNN,1741.4711196422577,,200.0,1.0,-1.0,arm1,rawseries,HP_Peak,size,raw,direct,log,30.0,940.0,1770.0,21.064694260178015,14.900825979832527
9,CNN,1372.0347487926483,,200.0,1.0,-1.0,arm1,rawseries,HP_Peak,size,raw,residual,log,30.0,940.0,1770.0,20.766709358426787,10.097509450408449
0,TabPFN,46.19167375564575,,32.0,0.0,-1.0,arm1,tabpfn,HP_Peak,size,netfit,direct,log,0.0,210.0,320.0,26.642456904181305,7.321587918516522
0,TabPFN,16.794780254364014,,32.0,0.0,-1.0,arm1,tabpfn,HP_Peak,size,netfit,residual,log,0.0,210.0,320.0,27.590809585573645,4.963433047037134
0,TabPFN,34.79599666595459,,62.0,0.0,-1.0,arm1,tabpfn,HP_Peak,size,netfit,direct,log,0.0,280.0,580.0,24.544789136811143,7.738309713362283
0,TabPFN,16.41051149368286,,62.0,0.0,-1.0,arm1,tabpfn,HP_Peak,size,netfit,residual,log,0.0,280.0,580.0,24.947821739076048,7.964767877453942
0,TabPFN,33.63671255111694,,62.0,1.0,-1.0,arm1,tabpfn,HP_Peak,size,netfit,direct,log,0.0,280.0,580.0,25.38963107868521,6.512495629217248
0,TabPFN,14.993023872375488,,62.0,1.0,-1.0,arm1,tabpfn,HP_Peak,size,netfit,residual,log,0.0,280.0,580.0,26.26198189285936,6.79112678129705
0,TabPFN,33.803892612457275,,100.0,0.0,-1.0,arm1,tabpfn,HP_Peak,size,netfit,direct,log,0.0,535.0,1070.0,23.825870334804794,11.050523196185717
0,TabPFN,16.280082941055298,,100.0,0.0,-1.0,arm1,tabpfn,HP_Peak,size,netfit,residual,log,0.0,535.0,1070.0,24.23754050081921,8.853135941230224
0,TabPFN,20.286295890808105,,100.0,1.0,-1.0,arm1,tabpfn,HP_Peak,size,netfit,direct,log,0.0,515.0,950.0,23.40341382234665,7.795530072172034
0,TabPFN,15.502082347869873,,100.0,1.0,-1.0,arm1,tabpfn,HP_Peak,size,netfit,residual,log,0.0,515.0,950.0,24.583272062235178,7.090903327448787
0,TabPFN,23.85054898262024,,200.0,0.0,-1.0,arm1,tabpfn,HP_Peak,size,netfit,direct,log,0.0,940.0,1630.0,20.476476111437165,6.247037913166492
0,TabPFN,17.008256435394287,,200.0,0.0,-1.0,arm1,tabpfn,HP_Peak,size,netfit,residual,log,0.0,940.0,1630.0,20.702068816735235,6.48205481470161
0,TabPFN,29.954336404800415,,200.0,1.0,-1.0,arm1,tabpfn,HP_Peak,size,netfit,direct,log,0.0,980.0,1660.0,21.138131803099764,7.963193235636725
0,TabPFN,16.787339687347412,,200.0,1.0,-1.0,arm1,tabpfn,HP_Peak,size,netfit,residual,log,0.0,980.0,1660.0,21.51559058359865,9.466700029249333
1,TabPFN,23.83816385269165,,62.0,0.0,-1.0,arm1,tabpfn,HP_Peak,size,netfit,direct,log,0.0,280.0,660.0,20.808521968463257,11.742654379413004
1,TabPFN,16.973583221435547,,62.0,0.0,-1.0,arm1,tabpfn,HP_Peak,size,netfit,residual,log,0.0,280.0,660.0,21.04176442390261,9.363125045163159
1,TabPFN,24.02144145965576,,62.0,1.0,-1.0,arm1,tabpfn,HP_Peak,size,netfit,direct,log,0.0,280.0,660.0,26.181508489914243,9.290298240416625
1,TabPFN,17.01514172554016,,62.0,1.0,-1.0,arm1,tabpfn,HP_Peak,size,netfit,residual,log,0.0,280.0,660.0,27.45135649713869,8.612656931271466
1,TabPFN,20.09593915939331,,100.0,0.0,-1.0,arm1,tabpfn,HP_Peak,size,netfit,direct,log,0.0,480.0,940.0,24.389651898387946,9.252873152473494
1,TabPFN,15.729726552963257,,100.0,0.0,-1.0,arm1,tabpfn,HP_Peak,size,netfit,residual,log,0.0,480.0,940.0,24.770283439665146,9.405472633343209
1,TabPFN,21.46348261833191,,100.0,1.0,-1.0,arm1,tabpfn,HP_Peak,size,netfit,direct,log,0.0,505.0,1030.0,25.226463831221395,8.068996096613375
1,TabPFN,17.098892211914062,,100.0,1.0,-1.0,arm1,tabpfn,HP_Peak,size,netfit,residual,log,0.0,505.0,1030.0,25.242745603813553,7.9472067353047
1,TabPFN,21.242735624313354,,200.0,0.0,-1.0,arm1,tabpfn,HP_Peak,size,netfit,direct,log,0.0,1035.0,1400.0,20.679978304541212,7.5928962321722695
1,TabPFN,18.345946550369263,,200.0,0.0,-1.0,arm1,tabpfn,HP_Peak,size,netfit,residual,log,0.0,1035.0,1400.0,20.755583254800555,6.80829907157926
1,TabPFN,22.081223726272583,,200.0,1.0,-1.0,arm1,tabpfn,HP_Peak,size,netfit,direct,log,0.0,875.0,1630.0,17.978332609661752,7.5278705502424454
1,TabPFN,18.972976684570312,,200.0,1.0,-1.0,arm1,tabpfn,HP_Peak,size,netfit,residual,log,0.0,875.0,1630.0,18.700291491592115,6.306713837608566
2,TabPFN,21.707696437835693,,62.0,0.0,-1.0,arm1,tabpfn,HP_Peak,size,netfit,direct,log,0.0,230.0,770.0,29.058538836675165,11.534012941466948
2,TabPFN,17.548173666000366,,62.0,0.0,-1.0,arm1,tabpfn,HP_Peak,size,netfit,residual,log,0.0,230.0,770.0,28.803118772071347,10.667092189014534
2,TabPFN,31.015044927597046,,62.0,1.0,-1.0,arm1,tabpfn,HP_Peak,size,netfit,direct,log,0.0,280.0,670.0,30.726285322585536,11.064346626150973
2,TabPFN,16.256712436676025,,62.0,1.0,-1.0,arm1,tabpfn,HP_Peak,size,netfit,residual,log,0.0,280.0,670.0,31.005765371194443,7.271900619248947
2,TabPFN,18.991557836532593,,100.0,0.0,-1.0,arm1,tabpfn,HP_Peak,size,netfit,direct,log,0.0,570.0,830.0,22.554257982147387,8.151589682606582
2,TabPFN,16.82419753074646,,100.0,0.0,-1.0,arm1,tabpfn,HP_Peak,size,netfit,residual,log,0.0,570.0,830.0,22.854640022439355,6.147638397890677
2,TabPFN,20.633250951766968,,100.0,1.0,-1.0,arm1,tabpfn,HP_Peak,size,netfit,direct,log,0.0,465.0,880.0,23.270111319672456,9.814837655599677
2,TabPFN,16.080947160720825,,100.0,1.0,-1.0,arm1,tabpfn,HP_Peak,size,netfit,residual,log,0.0,465.0,880.0,23.923934853279867,10.263372668947692
2,TabPFN,20.910622596740723,,200.0,0.0,-1.0,arm1,tabpfn,HP_Peak,size,netfit,direct,log,0.0,950.0,1660.0,21.599245294019056,7.865293154642669
2,TabPFN,18.669722318649292,,200.0,0.0,-1.0,arm1,tabpfn,HP_Peak,size,netfit,residual,log,0.0,950.0,1660.0,22.187666700975644,7.401470752579795
2,TabPFN,21.679294109344482,,200.0,1.0,-1.0,arm1,tabpfn,HP_Peak,size,netfit,direct,log,0.0,880.0,1700.0,18.643023866660705,7.829199157753227
2,TabPFN,18.399477243423462,,200.0,1.0,-1.0,arm1,tabpfn,HP_Peak,size,netfit,residual,log,0.0,880.0,1700.0,19.14918666237174,6.285767544629932
3,TabPFN,20.962313890457153,,32.0,1.0,-1.0,arm1,tabpfn,HP_Peak,size,netfit,direct,log,0.0,210.0,320.0,29.908100821837902,13.512676409269659
3,TabPFN,16.616105794906616,,32.0,1.0,-1.0,arm1,tabpfn,HP_Peak,size,netfit,residual,log,0.0,210.0,320.0,29.11581549798887,9.859657672259177
3,TabPFN,19.359277963638306,,62.0,0.0,-1.0,arm1,tabpfn,HP_Peak,size,netfit,direct,log,0.0,330.0,640.0,26.54354904213642,13.97779493643371
3,TabPFN,16.19445490837097,,62.0,0.0,-1.0,arm1,tabpfn,HP_Peak,size,netfit,residual,log,0.0,330.0,640.0,26.73269508391129,8.807477339459597
3,TabPFN,19.042139053344727,,62.0,1.0,-1.0,arm1,tabpfn,HP_Peak,size,netfit,direct,log,0.0,280.0,530.0,24.790602008144617,8.549426223713589
3,TabPFN,15.886523485183716,,62.0,1.0,-1.0,arm1,tabpfn,HP_Peak,size,netfit,residual,log,0.0,280.0,530.0,24.669981136648456,9.820759371163176
3,TabPFN,19.774399757385254,,100.0,0.0,-1.0,arm1,tabpfn,HP_Peak,size,netfit,direct,log,0.0,550.0,930.0,24.71122847865852,10.495342209677565
3,TabPFN,16.181464195251465,,100.0,0.0,-1.0,arm1,tabpfn,HP_Peak,size,netfit,residual,log,0.0,550.0,930.0,26.379029107835493,8.86965703314419
3,TabPFN,19.4059796333313,,100.0,1.0,-1.0,arm1,tabpfn,HP_Peak,size,netfit,direct,log,0.0,460.0,920.0,21.223810864925138,8.33824444761043
3,TabPFN,17.79311990737915,,100.0,1.0,-1.0,arm1,tabpfn,HP_Peak,size,netfit,residual,log,0.0,460.0,920.0,21.208474848473497,9.745553994327139
3,TabPFN,20.925997734069824,,200.0,0.0,-1.0,arm1,tabpfn,HP_Peak,size,netfit,direct,log,0.0,920.0,1470.0,22.01498604988914,8.880188343207628
3,TabPFN,18.29379415512085,,200.0,0.0,-1.0,arm1,tabpfn,HP_Peak,size,netfit,residual,log,0.0,920.0,1470.0,22.14433081588631,8.566982772394999
3,TabPFN,20.244255542755127,,200.0,1.0,-1.0,arm1,tabpfn,HP_Peak,size,netfit,direct,log,0.0,890.0,1600.0,19.89409568149324,7.673913333746099
3,TabPFN,17.31090259552002,,200.0,1.0,-1.0,arm1,tabpfn,HP_Peak,size,netfit,residual,log,0.0,890.0,1600.0,20.596455457492098,7.602307560976744
4,TabPFN,19.361600399017334,,32.0,1.0,-1.0,arm1,tabpfn,HP_Peak,size,netfit,direct,log,0.0,125.0,350.0,27.777128506030955,9.331349182488099
4,TabPFN,16.19295072555542,,32.0,1.0,-1.0,arm1,tabpfn,HP_Peak,size,netfit,residual,log,0.0,125.0,350.0,27.94773801024341,9.198153484532199
4,TabPFN,19.775761127471924,,62.0,0.0,-1.0,arm1,tabpfn,HP_Peak,size,netfit,direct,log,0.0,280.0,470.0,27.206541444323427,9.964367263517595
4,TabPFN,15.720250606536865,,62.0,0.0,-1.0,arm1,tabpfn,HP_Peak,size,netfit,residual,log,0.0,280.0,470.0,28.210299023428593,8.434246539438494
4,TabPFN,19.359283924102783,,62.0,1.0,-1.0,arm1,tabpfn,HP_Peak,size,netfit,direct,log,0.0,280.0,650.0,27.722157969506366,11.020289905982873
4,TabPFN,17.48507523536682,,62.0,1.0,-1.0,arm1,tabpfn,HP_Peak,size,netfit,residual,log,0.0,280.0,650.0,27.751152804149573,10.066801690308827
4,TabPFN,20.483969688415527,,100.0,0.0,-1.0,arm1,tabpfn,HP_Peak,size,netfit,direct,log,0.0,510.0,830.0,22.159596313473894,10.92036603429371
4,TabPFN,15.828054666519165,,100.0,0.0,-1.0,arm1,tabpfn,HP_Peak,size,netfit,residual,log,0.0,510.0,830.0,22.672769541680037,9.694636543570638
4,TabPFN,19.44308352470398,,100.0,1.0,-1.0,arm1,tabpfn,HP_Peak,size,netfit,direct,log,0.0,570.0,930.0,23.903897921322574,11.049026433827438
4,TabPFN,18.078494548797607,,100.0,1.0,-1.0,arm1,tabpfn,HP_Peak,size,netfit,residual,log,0.0,570.0,930.0,24.776076572688826,10.407515082795515
4,TabPFN,22.99342179298401,,200.0,0.0,-1.0,arm1,tabpfn,HP_Peak,size,netfit,direct,log,0.0,910.0,1620.0,20.99831620615869,7.607322104596551
4,TabPFN,17.505112648010254,,200.0,0.0,-1.0,arm1,tabpfn,HP_Peak,size,netfit,residual,log,0.0,910.0,1620.0,21.747937682889184,7.4830802492596105
4,TabPFN,21.37880778312683,,200.0,1.0,-1.0,arm1,tabpfn,HP_Peak,size,netfit,direct,log,0.0,950.0,1530.0,18.928157243084726,6.96834454584346
4,TabPFN,16.819252014160156,,200.0,1.0,-1.0,arm1,tabpfn,HP_Peak,size,netfit,residual,log,0.0,950.0,1530.0,19.544937832231184,6.2494357644414835
5,TabPFN,18.725542545318604,,62.0,0.0,-1.0,arm1,tabpfn,HP_Peak,size,netfit,direct,log,0.0,265.0,710.0,31.21622017767688,10.870538181280015
5,TabPFN,15.95994520187378,,62.0,0.0,-1.0,arm1,tabpfn,HP_Peak,size,netfit,residual,log,0.0,265.0,710.0,31.5807928274831,9.51227660777118
5,TabPFN,19.18417716026306,,62.0,1.0,-1.0,arm1,tabpfn,HP_Peak,size,netfit,direct,log,0.0,275.0,640.0,28.07760437303786,8.29724998425017
5,TabPFN,15.953430891036987,,62.0,1.0,-1.0,arm1,tabpfn,HP_Peak,size,netfit,residual,log,0.0,275.0,640.0,27.973126431533466,10.550751853870077
5,TabPFN,19.13814425468445,,100.0,0.0,-1.0,arm1,tabpfn,HP_Peak,size,netfit,direct,log,0.0,495.0,1010.0,23.537782814449706,8.473192905560744
5,TabPFN,16.2830970287323,,100.0,0.0,-1.0,arm1,tabpfn,HP_Peak,size,netfit,residual,log,0.0,495.0,1010.0,23.073921008933425,5.713929855831344
5,TabPFN,20.053129196166992,,100.0,1.0,-1.0,arm1,tabpfn,HP_Peak,size,netfit,direct,log,0.0,460.0,940.0,22.65277402154423,7.9327553074087485
5,TabPFN,16.191694498062134,,100.0,1.0,-1.0,arm1,tabpfn,HP_Peak,size,netfit,residual,log,0.0,460.0,940.0,22.87977872343384,7.220035970612436
5,TabPFN,20.94121217727661,,200.0,0.0,-1.0,arm1,tabpfn,HP_Peak,size,netfit,direct,log,0.0,980.0,1640.0,19.695198719762484,7.829017923004406
5,TabPFN,20.265823364257812,,200.0,0.0,-1.0,arm1,tabpfn,HP_Peak,size,netfit,residual,log,0.0,980.0,1640.0,20.040251530548417,7.414529588713988
5,TabPFN,21.47262406349182,,200.0,1.0,-1.0,arm1,tabpfn,HP_Peak,size,netfit,direct,log,0.0,940.0,1520.0,21.44292448076527,6.338918173496899
5,TabPFN,19.67935609817505,,200.0,1.0,-1.0,arm1,tabpfn,HP_Peak,size,netfit,residual,log,0.0,940.0,1520.0,21.592453567030322,4.191121306264148
6,TabPFN,18.96804404258728,,32.0,0.0,-1.0,arm1,tabpfn,HP_Peak,size,netfit,direct,log,0.0,185.0,350.0,28.896413087644138,7.077024050833026
6,TabPFN,16.294130325317383,,32.0,0.0,-1.0,arm1,tabpfn,HP_Peak,size,netfit,residual,log,0.0,185.0,350.0,28.40515972800266,6.154000420394897
6,TabPFN,19.17519521713257,,62.0,0.0,-1.0,arm1,tabpfn,HP_Peak,size,netfit,direct,log,0.0,315.0,700.0,30.748683147436402,10.778395159698482
6,TabPFN,15.654214859008789,,62.0,0.0,-1.0,arm1,tabpfn,HP_Peak,size,netfit,residual,log,0.0,315.0,700.0,32.41499881786596,11.653594147226421
6,TabPFN,18.839780569076538,,62.0,1.0,-1.0,arm1,tabpfn,HP_Peak,size,netfit,direct,log,0.0,280.0,690.0,27.96436429047611,7.354633287433451
6,TabPFN,17.516839742660522,,62.0,1.0,-1.0,arm1,tabpfn,HP_Peak,size,netfit,residual,log,0.0,280.0,690.0,28.457878232184637,7.726214206390248
6,TabPFN,20.270079374313354,,100.0,0.0,-1.0,arm1,tabpfn,HP_Peak,size,netfit,direct,log,0.0,505.0,950.0,22.683841958966312,8.241493108806646
6,TabPFN,16.94811701774597,,100.0,0.0,-1.0,arm1,tabpfn,HP_Peak,size,netfit,residual,log,0.0,505.0,950.0,23.10703415684773,5.083004054591197
6,TabPFN,20.554280281066895,,100.0,1.0,-1.0,arm1,tabpfn,HP_Peak,size,netfit,direct,log,0.0,455.0,1030.0,22.89377821715791,9.636921992923087
6,TabPFN,19.89549684524536,,100.0,1.0,-1.0,arm1,tabpfn,HP_Peak,size,netfit,residual,log,0.0,455.0,1030.0,23.22220539411109,9.109797461231164
6,TabPFN,23.62648892402649,,200.0,0.0,-1.0,arm1,tabpfn,HP_Peak,size,netfit,direct,log,0.0,960.0,1650.0,21.815914002503863,7.356125546071141
6,TabPFN,17.808390855789185,,200.0,0.0,-1.0,arm1,tabpfn,HP_Peak,size,netfit,residual,log,0.0,960.0,1650.0,22.097649985264347,5.701872068355594
6,TabPFN,21.566195487976074,,200.0,1.0,-1.0,arm1,tabpfn,HP_Peak,size,netfit,direct,log,0.0,935.0,1680.0,20.191735975828333,7.581076092559545
6,TabPFN,16.91629934310913,,200.0,1.0,-1.0,arm1,tabpfn,HP_Peak,size,netfit,residual,log,0.0,935.0,1680.0,20.844324217820525,7.135703212133864
7,TabPFN,19.441051721572876,,32.0,0.0,-1.0,arm1,tabpfn,HP_Peak,size,netfit,direct,log,0.0,125.0,290.0,25.488485803059717,8.742457965560758
7,TabPFN,15.729466438293457,,32.0,0.0,-1.0,arm1,tabpfn,HP_Peak,size,netfit,residual,log,0.0,125.0,290.0,25.895747452734835,7.489822898852718
7,TabPFN,19.6380136013031,,62.0,0.0,-1.0,arm1,tabpfn,HP_Peak,size,netfit,direct,log,0.0,275.0,670.0,34.70697472218216,9.743939126304566
7,TabPFN,16.006476163864136,,62.0,0.0,-1.0,arm1,tabpfn,HP_Peak,size,netfit,residual,log,0.0,275.0,670.0,34.39457813692216,7.711381498024776
7,TabPFN,19.988287210464478,,62.0,1.0,-1.0,arm1,tabpfn,HP_Peak,size,netfit,direct,log,0.0,290.0,490.0,33.00319827213795,8.819320593814881
7,TabPFN,16.035502433776855,,62.0,1.0,-1.0,arm1,tabpfn,HP_Peak,size,netfit,residual,log,0.0,290.0,490.0,33.39340955212286,8.228430114743537
7,TabPFN,19.831398725509644,,100.0,0.0,-1.0,arm1,tabpfn,HP_Peak,size,netfit,direct,log,0.0,530.0,880.0,24.247294453906502,10.101082015949668
7,TabPFN,16.420603036880493,,100.0,0.0,-1.0,arm1,tabpfn,HP_Peak,size,netfit,residual,log,0.0,530.0,880.0,24.813757789867704,9.970641649269215
7,TabPFN,21.121519804000854,,100.0,1.0,-1.0,arm1,tabpfn,HP_Peak,size,netfit,direct,log,0.0,460.0,990.0,23.80496026771516,7.937426962728779
7,TabPFN,18.064899921417236,,100.0,1.0,-1.0,arm1,tabpfn,HP_Peak,size,netfit,residual,log,0.0,460.0,990.0,24.337313551589418,6.581766230047517
7,TabPFN,23.195319890975952,,200.0,0.0,-1.0,arm1,tabpfn,HP_Peak,size,netfit,direct,log,0.0,925.0,1550.0,19.319135080072062,7.48344415958893
7,TabPFN,18.880939483642578,,200.0,0.0,-1.0,arm1,tabpfn,HP_Peak,size,netfit,residual,log,0.0,925.0,1550.0,19.371630488456468,6.990609015876853
7,TabPFN,22.803797960281372,,200.0,1.0,-1.0,arm1,tabpfn,HP_Peak,size,netfit,direct,log,0.0,950.0,1620.0,20.320175187708287,8.000414882511594
7,TabPFN,17.2385356426239,,200.0,1.0,-1.0,arm1,tabpfn,HP_Peak,size,netfit,residual,log,0.0,950.0,1620.0,20.659555380696045,8.534135226601206
8,TabPFN,19.168548822402954,,32.0,1.0,-1.0,arm1,tabpfn,HP_Peak,size,netfit,direct,log,0.0,120.0,350.0,25.302292037572297,14.263581371780438
8,TabPFN,15.305668592453003,,32.0,1.0,-1.0,arm1,tabpfn,HP_Peak,size,netfit,residual,log,0.0,120.0,350.0,25.397334756282756,12.040993318791577
8,TabPFN,19.54798984527588,,62.0,0.0,-1.0,arm1,tabpfn,HP_Peak,size,netfit,direct,log,0.0,280.0,650.0,27.642724898861797,10.97970342114494
8,TabPFN,16.070930004119873,,62.0,0.0,-1.0,arm1,tabpfn,HP_Peak,size,netfit,residual,log,0.0,280.0,650.0,27.51920029538671,10.604681093341812
8,TabPFN,18.86558485031128,,62.0,1.0,-1.0,arm1,tabpfn,HP_Peak,size,netfit,direct,log,0.0,310.0,620.0,29.52150348600661,8.455778490390415
8,TabPFN,15.50137209892273,,62.0,1.0,-1.0,arm1,tabpfn,HP_Peak,size,netfit,residual,log,0.0,310.0,620.0,30.149906145787984,7.339115521210712
8,TabPFN,19.23011589050293,,100.0,0.0,-1.0,arm1,tabpfn,HP_Peak,size,netfit,direct,log,0.0,450.0,860.0,24.470687490901636,6.243224966040856
8,TabPFN,16.125988245010376,,100.0,0.0,-1.0,arm1,tabpfn,HP_Peak,size,netfit,residual,log,0.0,450.0,860.0,24.46790866858395,4.859519021196491
8,TabPFN,20.437747716903687,,100.0,1.0,-1.0,arm1,tabpfn,HP_Peak,size,netfit,direct,log,0.0,500.0,1060.0,26.226014646977667,8.09770845659268
8,TabPFN,17.95176386833191,,100.0,1.0,-1.0,arm1,tabpfn,HP_Peak,size,netfit,residual,log,0.0,500.0,1060.0,26.800299686020356,6.101442698041608
8,TabPFN,21.505621194839478,,200.0,0.0,-1.0,arm1,tabpfn,HP_Peak,size,netfit,direct,log,0.0,920.0,1600.0,19.193553652857894,7.653424882269831
8,TabPFN,18.712785482406616,,200.0,0.0,-1.0,arm1,tabpfn,HP_Peak,size,netfit,residual,log,0.0,920.0,1600.0,19.633509446197564,7.858872109498827
8,TabPFN,20.23410129547119,,200.0,1.0,-1.0,arm1,tabpfn,HP_Peak,size,netfit,direct,log,0.0,975.0,1600.0,19.784559660833423,7.1551249315552266
8,TabPFN,17.425008296966553,,200.0,1.0,-1.0,arm1,tabpfn,HP_Peak,size,netfit,residual,log,0.0,975.0,1600.0,20.691646206582778,5.389759069186859
9,TabPFN,20.23918318748474,,32.0,1.0,-1.0,arm1,tabpfn,HP_Peak,size,netfit,direct,log,0.0,125.0,320.0,27.05175319187604,9.87641131270673
9,TabPFN,16.47046160697937,,32.0,1.0,-1.0,arm1,tabpfn,HP_Peak,size,netfit,residual,log,0.0,125.0,320.0,28.665409199981973,9.352747868355314
9,TabPFN,20.187001943588257,,62.0,0.0,-1.0,arm1,tabpfn,HP_Peak,size,netfit,direct,log,0.0,280.0,570.0,27.485404772856334,7.283237404628985
9,TabPFN,15.901167154312134,,62.0,0.0,-1.0,arm1,tabpfn,HP_Peak,size,netfit,residual,log,0.0,280.0,570.0,27.965864647619153,5.785439629558565
9,TabPFN,19.79643177986145,,62.0,1.0,-1.0,arm1,tabpfn,HP_Peak,size,netfit,direct,log,0.0,305.0,630.0,26.646490332439658,8.589870563355738
9,TabPFN,16.733815908432007,,62.0,1.0,-1.0,arm1,tabpfn,HP_Peak,size,netfit,residual,log,0.0,305.0,630.0,26.975497518153922,6.75746116600463
9,TabPFN,20.6264488697052,,100.0,0.0,-1.0,arm1,tabpfn,HP_Peak,size,netfit,direct,log,0.0,470.0,790.0,24.32438644124889,10.650603509300414
9,TabPFN,16.274503707885742,,100.0,0.0,-1.0,arm1,tabpfn,HP_Peak,size,netfit,residual,log,0.0,470.0,790.0,24.60418389307955,9.230584077848413
9,TabPFN,19.964104890823364,,100.0,1.0,-1.0,arm1,tabpfn,HP_Peak,size,netfit,direct,log,0.0,475.0,990.0,22.54979796889341,8.353215188885693
9,TabPFN,17.44206738471985,,100.0,1.0,-1.0,arm1,tabpfn,HP_Peak,size,netfit,residual,log,0.0,475.0,990.0,23.93417310181909,6.261027590637
9,TabPFN,21.870524644851685,,200.0,0.0,-1.0,arm1,tabpfn,HP_Peak,size,netfit,direct,log,0.0,910.0,1650.0,22.394107793018108,5.537934348120818
9,TabPFN,17.548543214797974,,200.0,0.0,-1.0,arm1,tabpfn,HP_Peak,size,netfit,residual,log,0.0,910.0,1650.0,22.85320042847449,5.747042556355397
9,TabPFN,21.708770513534546,,200.0,1.0,-1.0,arm1,tabpfn,HP_Peak,size,netfit,direct,log,0.0,940.0,1770.0,20.81330302756051,7.6239481647923535
9,TabPFN,17.53931450843811,,200.0,1.0,-1.0,arm1,tabpfn,HP_Peak,size,netfit,residual,log,0.0,940.0,1770.0,21.41991955911901,5.886641866524613
