split_seed,lc_draw,n,is_all,family,scope,winner,wape,phys,wape_phys,d
0,0,32,False,kernel,all,SVR|size|netfit|direct,32.49101607748213,paperA_corr_own,25.53195921668648,6.9590568607956484
0,0,32,False,kernel,pbin<=15,SVR|size|netfit|direct,35.33472881020606,calibrated_delta,33.763850925851976,1.5708778843540827
0,0,32,False,kernel,pbin15-35,SVR|size|netfit|direct,33.16263921883579,paperA_corr,22.245865235087077,10.916773983748715
0,0,32,False,kernel,pbin35-65,SVR|size|netfit|direct,31.847652042905555,paperA_corr_own,11.539061407276888,20.30859063562867
0,0,32,False,kernel,pbin>65,SVR|size|netfit|direct,27.526766404258836,paperA_corr,8.500364236630586,19.026402167628248
0,0,32,False,linear,all,Lasso|size|netfit|residual,31.2225186875834,paperA_corr_own,25.53195921668648,5.690559470896918
0,0,32,False,linear,pbin<=15,Lasso|size|netfit|residual,32.97069509220269,calibrated_delta,33.763850925851976,-0.793155833649287
0,0,32,False,linear,pbin15-35,Lasso|size|netfit|residual,30.744074226411257,paperA_corr,22.245865235087077,8.49820899132418
0,0,32,False,linear,pbin35-65,Lasso|size|netfit|residual,33.988087125335745,paperA_corr_own,11.539061407276888,22.449025718058856
0,0,32,False,linear,pbin>65,Lasso|size|netfit|residual,27.487598096558635,paperA_corr,8.500364236630586,18.987233859928047
0,0,32,False,neural,all,TabPFN|size|netfit|direct,32.862376653245526,paperA_corr_own,25.53195921668648,7.3304174365590455
0,0,32,False,neural,pbin<=15,TabPFN|size|netfit|direct,31.65737359939777,calibrated_delta,33.763850925851976,-2.1064773264542076
0,0,32,False,neural,pbin15-35,TabPFN|size|netfit|direct,33.43789572709207,paperA_corr,22.245865235087077,11.192030492004992
0,0,32,False,neural,pbin35-65,TabPFN|size|netfit|direct,35.04490044876985,paperA_corr_own,11.539061407276888,23.505839041492962
0,0,32,False,neural,pbin>65,TabPFN|size|netfit|direct,32.48301859605105,paperA_corr,8.500364236630586,23.982654359420465
0,0,32,False,rawseries,all,CNN|size|raw|residual,32.996301026526794,paperA_corr_own,25.53195921668648,7.464341809840313
0,0,32,False,rawseries,pbin<=15,CNN|size|raw|residual,33.96681853690026,calibrated_delta,33.763850925851976,0.20296761104828676
0,0,32,False,rawseries,pbin15-35,CNN|size|raw|residual,35.69766482085838,paperA_corr,22.245865235087077,13.451799585771301
0,0,32,False,rawseries,pbin35-65,CNN|size|raw|residual,35.67911616805753,paperA_corr_own,11.539061407276888,24.140054760780643
0,0,32,False,rawseries,pbin>65,CNN|size|raw|residual,25.804441689728684,paperA_corr,8.500364236630586,17.304077453098095
0,0,32,False,trees,all,RandomForest|size|netfit|residual,27.18743283234549,paperA_corr_own,25.53195921668648,1.6554736156590089
0,0,32,False,trees,pbin<=15,RandomForest|size|netfit|residual,28.712883733783407,calibrated_delta,33.763850925851976,-5.050967192068569
0,0,32,False,trees,pbin15-35,RandomForest|size|netfit|residual,27.680645308954837,paperA_corr,22.245865235087077,5.43478007386776
0,0,32,False,trees,pbin35-65,RandomForest|size|netfit|residual,29.78280914026054,paperA_corr_own,11.539061407276888,18.24374773298365
0,0,32,False,trees,pbin>65,RandomForest|size|netfit|residual,22.46501942155788,paperA_corr,8.500364236630586,13.964655184927294
0,0,62,False,kernel,all,SVR|size|netfit|direct,23.65453247207092,paperA_corr_own,25.545255401476304,-1.8907229294053849
0,0,62,False,kernel,pbin<=15,SVR|size|netfit|direct,26.301245164200694,slope_base,37.60882614984345,-11.307580985642758
0,0,62,False,kernel,pbin15-35,SVR|size|netfit|direct,24.25937775874352,slope_base,19.753787737220257,4.505590021523261
0,0,62,False,kernel,pbin35-65,SVR|size|netfit|direct,22.50583082179287,paperA_corr_own,12.738618356123654,9.767212465669216
0,0,62,False,kernel,pbin>65,SVR|size|netfit|direct,19.41250192923297,paperA_corr,8.899792250128288,10.512709679104683
0,0,62,False,linear,all,ElasticNet|size|netfit|direct,26.032176311722992,paperA_corr_own,25.545255401476304,0.48692091024668827
0,0,62,False,linear,pbin<=15,ElasticNet|size|netfit|direct,30.63426459726068,slope_base,37.60882614984345,-6.97456155258277
0,0,62,False,linear,pbin15-35,ElasticNet|size|netfit|direct,28.79188716678108,slope_base,19.753787737220257,9.038099429560823
0,0,62,False,linear,pbin35-65,ElasticNet|size|netfit|direct,20.203915650335897,paperA_corr_own,12.738618356123654,7.4652972942122435
0,0,62,False,linear,pbin>65,ElasticNet|size|netfit|direct,18.55481456046715,paperA_corr,8.899792250128288,9.655022310338863
0,0,62,False,neural,all,TabPFN|size|netfit|direct,25.11556457748963,paperA_corr_own,25.545255401476304,-0.42969082398667524
0,0,62,False,neural,pbin<=15,TabPFN|size|netfit|direct,24.935164531471507,slope_base,37.60882614984345,-12.673661618371945
0,0,62,False,neural,pbin15-35,TabPFN|size|netfit|direct,26.11354408643533,slope_base,19.753787737220257,6.359756349215072
0,0,62,False,neural,pbin35-65,TabPFN|size|netfit|direct,26.222986474116382,paperA_corr_own,12.738618356123654,13.484368117992728
0,0,62,False,neural,pbin>65,TabPFN|size|netfit|direct,23.21463694829353,paperA_corr,8.899792250128288,14.314844698165244
0,0,62,False,rawseries,all,CNN|size|raw|residual,26.817651492161705,paperA_corr_own,25.545255401476304,1.272396090685401
0,0,62,False,rawseries,pbin<=15,CNN|size|raw|residual,30.504655437807536,slope_base,37.60882614984345,-7.104170712035916
0,0,62,False,rawseries,pbin15-35,CNN|size|raw|residual,26.51972778415152,slope_base,19.753787737220257,6.765940046931263
0,0,62,False,rawseries,pbin35-65,CNN|size|raw|residual,25.678808803297443,paperA_corr_own,12.738618356123654,12.940190447173789
0,0,62,False,rawseries,pbin>65,CNN|size|raw|residual,22.3041269445372,paperA_corr,8.899792250128288,13.404334694408911
0,0,62,False,trees,all,ExtraTrees|size|netfit|residual,22.981523102926417,paperA_corr_own,25.545255401476304,-2.563732298549887
0,0,62,False,trees,pbin<=15,ExtraTrees|size|netfit|residual,29.53259640149252,slope_base,37.60882614984345,-8.076229748350933
0,0,62,False,trees,pbin15-35,ExtraTrees|size|netfit|residual,22.22256284811185,slope_base,19.753787737220257,2.468775110891592
0,0,62,False,trees,pbin35-65,ExtraTrees|size|netfit|residual,18.91714241843644,paperA_corr_own,12.738618356123654,6.178524062312787
0,0,62,False,trees,pbin>65,ExtraTrees|size|netfit|residual,16.594554308597438,paperA_corr,8.899792250128288,7.69476205846915
0,0,100,False,kernel,all,SVR|size|netfit|residual,21.91373156883743,slope_base,26.185343070693968,-4.271611501856537
0,0,100,False,kernel,pbin<=15,SVR|size|netfit|residual,24.759879809608,slope_base,36.63041335291493,-11.870533543306927
0,0,100,False,kernel,pbin15-35,SVR|size|netfit|residual,26.446687387321155,slope_only,25.120885738182004,1.3258016491391516
0,0,100,False,kernel,pbin35-65,SVR|size|netfit|residual,18.35382854020574,paperA_corr_own,16.250448310873626,2.1033802293321138
0,0,100,False,kernel,pbin>65,SVR|size|netfit|residual,13.077986458523558,paperA_corr_own,10.75987881473824,2.318107643785318
0,0,100,False,linear,all,PLS|size|netfit|residual,25.341850223505094,slope_base,26.185343070693968,-0.8434928471888732
0,0,100,False,linear,pbin<=15,PLS|size|netfit|residual,31.76403255403369,slope_base,36.63041335291493,-4.866380798881238
0,0,100,False,linear,pbin15-35,PLS|size|netfit|residual,26.55899339310592,slope_only,25.120885738182004,1.4381076549239147
0,0,100,False,linear,pbin35-65,PLS|size|netfit|residual,22.77137787726696,paperA_corr_own,16.250448310873626,6.520929566393335
0,0,100,False,linear,pbin>65,PLS|size|netfit|residual,15.282089588206324,paperA_corr_own,10.75987881473824,4.522210773468084
0,0,100,False,neural,all,TabPFN|size|netfit|direct,20.59744288298897,slope_base,26.185343070693968,-5.587900187704996
0,0,100,False,neural,pbin<=15,TabPFN|size|netfit|direct,22.95891667828973,slope_base,36.63041335291493,-13.6714966746252
0,0,100,False,neural,pbin15-35,TabPFN|size|netfit|direct,22.3542963270889,slope_only,25.120885738182004,-2.766589411093104
0,0,100,False,neural,pbin35-65,TabPFN|size|netfit|direct,22.344442139620817,paperA_corr_own,16.250448310873626,6.093993828747191
0,0,100,False,neural,pbin>65,TabPFN|size|netfit|direct,13.25509305039127,paperA_corr_own,10.75987881473824,2.4952142356530302
0,0,100,False,rawseries,all,CNN|size|raw|direct,18.5037640364821,slope_base,26.185343070693968,-7.681579034211868
0,0,100,False,rawseries,pbin<=15,CNN|size|raw|direct,23.336608430183475,slope_base,36.63041335291493,-13.293804922731454
0,0,100,False,rawseries,pbin15-35,CNN|size|raw|direct,19.0531087319322,slope_only,25.120885738182004,-6.0677770062498055
0,0,100,False,rawseries,pbin35-65,CNN|size|raw|direct,17.116710736424835,paperA_corr_own,16.250448310873626,0.8662624255512092
0,0,100,False,rawseries,pbin>65,CNN|size|raw|direct,11.129461676931086,paperA_corr_own,10.75987881473824,0.3695828621928463
0,0,100,False,trees,all,ExtraTrees|size|netfit|residual,21.662432682662345,slope_base,26.185343070693968,-4.522910388031622
0,0,100,False,trees,pbin<=15,ExtraTrees|size|netfit|residual,25.263812613930703,slope_base,36.63041335291493,-11.366600738984225
0,0,100,False,trees,pbin15-35,ExtraTrees|size|netfit|residual,23.8610452077364,slope_only,25.120885738182004,-1.2598405304456044
0,0,100,False,trees,pbin35-65,ExtraTrees|size|netfit|residual,22.08957534521564,paperA_corr_own,16.250448310873626,5.839127034342013
0,0,100,False,trees,pbin>65,ExtraTrees|size|netfit|residual,12.593546088790072,paperA_corr_own,10.75987881473824,1.833667274051832
0,0,200,False,kernel,all,SVR|size|netfit|direct,22.485591360970304,slope_base,24.292932964744544,-1.8073416037742405
0,0,200,False,kernel,pbin<=15,SVR|size|netfit|direct,28.359532173980035,slope_base,42.27365766540242,-13.914125491422382
0,0,200,False,kernel,pbin15-35,SVR|size|netfit|direct,24.76634956130805,calibrated_delta,17.38745132379571,7.378898237512342
0,0,200,False,kernel,pbin35-65,SVR|size|netfit|direct,15.439555106667358,slope_base,12.978452101651673,2.4611030050156852
0,0,200,False,kernel,pbin>65,SVR|size|netfit|direct,14.530617917158118,paperA_corr,8.617813532182252,5.912804384975866
0,0,200,False,linear,all,Linear|size|netfit|residual,22.326667992643888,slope_base,24.292932964744544,-1.9662649721006566
0,0,200,False,linear,pbin<=15,Linear|size|netfit|residual,30.561711527424656,slope_base,42.27365766540242,-11.711946137977762
0,0,200,False,linear,pbin15-35,Linear|size|netfit|residual,21.525583584183885,calibrated_delta,17.38745132379571,4.138132260388176
0,0,200,False,linear,pbin35-65,Linear|size|netfit|residual,19.10112585238768,slope_base,12.978452101651673,6.122673750736006
0,0,200,False,linear,pbin>65,Linear|size|netfit|residual,12.87831662650884,paperA_corr,8.617813532182252,4.260503094326587
0,0,200,False,neural,all,TabPFN|size|netfit|direct,18.302005976370733,slope_base,24.292932964744544,-5.990926988373811
0,0,200,False,neural,pbin<=15,TabPFN|size|netfit|direct,25.10640398409643,slope_base,42.27365766540242,-17.167253681305986
0,0,200,False,neural,pbin15-35,TabPFN|size|netfit|direct,19.58835675877281,calibrated_delta,17.38745132379571,2.200905434977102
0,0,200,False,neural,pbin35-65,TabPFN|size|netfit|direct,13.427604465673278,slope_base,12.978452101651673,0.4491523640216055
0,0,200,False,neural,pbin>65,TabPFN|size|netfit|direct,9.010859568291538,paperA_corr,8.617813532182252,0.39304603610928623
0,0,200,False,rawseries,all,CNN|size|raw|residual,15.368811814270003,slope_base,24.292932964744544,-8.92412115047454
0,0,200,False,rawseries,pbin<=15,CNN|size|raw|residual,22.461638323805914,slope_base,42.27365766540242,-19.812019341596503
0,0,200,False,rawseries,pbin15-35,CNN|size|raw|residual,14.404566907748054,calibrated_delta,17.38745132379571,-2.9828844160476553
0,0,200,False,rawseries,pbin35-65,CNN|size|raw|residual,9.97979124274894,slope_base,12.978452101651673,-2.998660858902733
0,0,200,False,rawseries,pbin>65,CNN|size|raw|residual,9.290802450796187,paperA_corr,8.617813532182252,0.6729889186139353
0,0,200,False,trees,all,ExtraTrees|size|netfit|residual,20.2764762061349,slope_base,24.292932964744544,-4.0164567586096425
0,0,200,False,trees,pbin<=15,ExtraTrees|size|netfit|residual,29.72172531271297,slope_base,42.27365766540242,-12.551932352689448
0,0,200,False,trees,pbin15-35,ExtraTrees|size|netfit|residual,21.169052214052385,calibrated_delta,17.38745132379571,3.7816008902566765
0,0,200,False,trees,pbin35-65,ExtraTrees|size|netfit|residual,13.976580408548564,slope_base,12.978452101651673,0.9981283068968914
0,0,200,False,trees,pbin>65,ExtraTrees|size|netfit|residual,8.405742439360964,paperA_corr,8.617813532182252,-0.21207109282128833
0,0,292,True,kernel,all,SVR|size|netfit|direct,19.594869210814725,slope_base,24.555032811507772,-4.960163600693047
0,0,292,True,kernel,pbin<=15,SVR|size|netfit|direct,26.839363825426528,slope_base,42.48268787694461,-15.643324051518082
0,0,292,True,kernel,pbin15-35,SVR|size|netfit|direct,22.23065910369742,calibrated_delta,18.81244999035556,3.4182091133418595
0,0,292,True,kernel,pbin35-65,SVR|size|netfit|direct,11.868279169548895,slope_base,13.22374048304632,-1.3554613134974254
0,0,292,True,kernel,pbin>65,SVR|size|netfit|direct,9.435630427234344,paperA_corr_own,8.916296089569649,0.5193343376646951
0,0,292,True,linear,all,PLS|size|netfit|residual,22.42049180327618,slope_base,24.555032811507772,-2.13454100823159
0,0,292,True,linear,pbin<=15,PLS|size|netfit|residual,31.48144947299179,slope_base,42.48268787694461,-11.001238403952819
0,0,292,True,linear,pbin15-35,PLS|size|netfit|residual,21.40146216666145,calibrated_delta,18.81244999035556,2.5890121763058893
0,0,292,True,linear,pbin35-65,PLS|size|netfit|residual,18.995100243691272,slope_base,13.22374048304632,5.771359760644952
0,0,292,True,linear,pbin>65,PLS|size|netfit|residual,12.149882771558126,paperA_corr_own,8.916296089569649,3.233586681988477
0,0,292,True,neural,all,TabPFN|size|netfit|direct,19.54692771651352,slope_base,24.555032811507772,-5.008105094994253
0,0,292,True,neural,pbin<=15,TabPFN|size|netfit|direct,26.748472077662637,slope_base,42.48268787694461,-15.734215799281973
0,0,292,True,neural,pbin15-35,TabPFN|size|netfit|direct,22.284177207638773,calibrated_delta,18.81244999035556,3.471727217283213
0,0,292,True,neural,pbin35-65,TabPFN|size|netfit|direct,13.108778004007767,slope_base,13.22374048304632,-0.11496247903855306
0,0,292,True,neural,pbin>65,TabPFN|size|netfit|direct,8.487460233082404,paperA_corr_own,8.916296089569649,-0.428835856487245
0,0,292,True,rawseries,all,CNN|size|raw|residual,15.11924711604312,slope_base,24.555032811507772,-9.435785695464652
0,0,292,True,rawseries,pbin<=15,CNN|size|raw|residual,21.611595841895184,slope_base,42.48268787694461,-20.871092035049426
0,0,292,True,rawseries,pbin15-35,CNN|size|raw|residual,15.857471343666845,calibrated_delta,18.81244999035556,-2.9549786466887156
0,0,292,True,rawseries,pbin35-65,CNN|size|raw|residual,10.070780994619051,slope_base,13.22374048304632,-3.1529594884272694
0,0,292,True,rawseries,pbin>65,CNN|size|raw|residual,7.230038838193321,paperA_corr_own,8.916296089569649,-1.6862572513763272
0,0,292,True,trees,all,ExtraTrees|size|netfit|direct,21.412921338955076,slope_base,24.555032811507772,-3.1421114725526955
0,0,292,True,trees,pbin<=15,ExtraTrees|size|netfit|direct,28.575187211140022,slope_base,42.48268787694461,-13.907500665804587
0,0,292,True,trees,pbin15-35,ExtraTrees|size|netfit|direct,23.583535987376745,calibrated_delta,18.81244999035556,4.771085997021185
0,0,292,True,trees,pbin35-65,ExtraTrees|size|netfit|direct,17.551478529042317,slope_base,13.22374048304632,4.327738045995996
0,0,292,True,trees,pbin>65,ExtraTrees|size|netfit|direct,9.620371307102504,paperA_corr_own,8.916296089569649,0.7040752175328553
0,1,62,False,kernel,all,KernelRidge|size|netfit|direct,25.18788499283653,paperA_corr_own,25.643742096076792,-0.4558571032402625
0,1,62,False,kernel,pbin<=15,KernelRidge|size|netfit|direct,29.207885428187108,slope_base,38.561947685694896,-9.354062257507788
0,1,62,False,kernel,pbin15-35,KernelRidge|size|netfit|direct,25.55484409321855,slope_base,19.498811439815668,6.05603265340288
0,1,62,False,kernel,pbin35-65,KernelRidge|size|netfit|direct,24.698741182212803,paperA_corr_own,11.249117259950117,13.449623922262687
0,1,62,False,kernel,pbin>65,KernelRidge|size|netfit|direct,18.76606650990434,paperA_corr,8.333742512799114,10.432323997105227
0,1,62,False,linear,all,PLS|size|netfit|direct,30.939194991872988,paperA_corr_own,25.643742096076792,5.2954528957961955
0,1,62,False,linear,pbin<=15,PLS|size|netfit|direct,34.306783039269554,slope_base,38.561947685694896,-4.255164646425342
0,1,62,False,linear,pbin15-35,PLS|size|netfit|direct,31.634513813535207,slope_base,19.498811439815668,12.135702373719539
0,1,62,False,linear,pbin35-65,PLS|size|netfit|direct,32.01554583859895,paperA_corr_own,11.249117259950117,20.766428578648835
0,1,62,False,linear,pbin>65,PLS|size|netfit|direct,24.044031319951443,paperA_corr,8.333742512799114,15.71028880715233
0,1,62,False,neural,all,TabPFN|size|netfit|direct,25.72621869227197,paperA_corr_own,25.643742096076792,0.08247659619517833
0,1,62,False,neural,pbin<=15,TabPFN|size|netfit|direct,25.213070393492607,slope_base,38.561947685694896,-13.348877292202289
0,1,62,False,neural,pbin15-35,TabPFN|size|netfit|direct,26.987712022909072,slope_base,19.498811439815668,7.488900583093404
0,1,62,False,neural,pbin35-65,TabPFN|size|netfit|direct,27.063210439395142,paperA_corr_own,11.249117259950117,15.814093179445026
0,1,62,False,neural,pbin>65,TabPFN|size|netfit|direct,23.802078417864525,paperA_corr,8.333742512799114,15.46833590506541
0,1,62,False,rawseries,all,CNN|size|raw|residual,27.55899999365264,paperA_corr_own,25.643742096076792,1.9152578975758487
0,1,62,False,rawseries,pbin<=15,CNN|size|raw|residual,35.97013453696359,slope_base,38.561947685694896,-2.5918131487313048
0,1,62,False,rawseries,pbin15-35,CNN|size|raw|residual,28.162620918614177,slope_base,19.498811439815668,8.663809478798509
0,1,62,False,rawseries,pbin35-65,CNN|size|raw|residual,21.732313989375623,paperA_corr_own,11.249117259950117,10.483196729425506
0,1,62,False,rawseries,pbin>65,CNN|size|raw|residual,17.408147904130054,paperA_corr,8.333742512799114,9.07440539133094
0,1,62,False,trees,all,ExtraTrees|size|netfit|direct,28.07795309720451,paperA_corr_own,25.643742096076792,2.434211001127718
0,1,62,False,trees,pbin<=15,ExtraTrees|size|netfit|direct,30.01337074560428,slope_base,38.561947685694896,-8.548576940090616
0,1,62,False,trees,pbin15-35,ExtraTrees|size|netfit|direct,26.45238407294658,slope_base,19.498811439815668,6.953572633130911
0,1,62,False,trees,pbin35-65,ExtraTrees|size|netfit|direct,29.06883868531443,paperA_corr_own,11.249117259950117,17.819721425364314
0,1,62,False,trees,pbin>65,ExtraTrees|size|netfit|direct,26.876864760692666,paperA_corr,8.333742512799114,18.54312224789355
0,1,100,False,kernel,all,SVR|size|netfit|direct,19.55566821200153,slope_base,24.560614250096947,-5.004946038095415
0,1,100,False,kernel,pbin<=15,SVR|size|netfit|direct,25.383412279811147,slope_base,38.78822211154029,-13.404809831729146
0,1,100,False,kernel,pbin15-35,SVR|size|netfit|direct,22.96087366732251,slope_only,19.54870175574775,3.4121719115747595
0,1,100,False,kernel,pbin35-65,SVR|size|netfit|direct,13.77854225652437,paperA_corr_own,14.894597628522066,-1.116055371997696
0,1,100,False,kernel,pbin>65,SVR|size|netfit|direct,9.203685523795354,paperA_corr_own,9.497942758478253,-0.2942572346828989
0,1,100,False,linear,all,Lasso|size|netfit|residual,25.542114641136493,slope_base,24.560614250096947,0.9815003910395461
0,1,100,False,linear,pbin<=15,Lasso|size|netfit|residual,31.59513616685121,slope_base,38.78822211154029,-7.193085944689084
0,1,100,False,linear,pbin15-35,Lasso|size|netfit|residual,25.02003975897324,slope_only,19.54870175574775,5.47133800322549
0,1,100,False,linear,pbin35-65,Lasso|size|netfit|residual,24.741805130946155,paperA_corr_own,14.894597628522066,9.847207502424089
0,1,100,False,linear,pbin>65,Lasso|size|netfit|residual,17.503586562472474,paperA_corr_own,9.497942758478253,8.005643803994221
0,1,100,False,neural,all,TabPFN|size|netfit|direct,18.39665019880257,slope_base,24.560614250096947,-6.1639640512943785
0,1,100,False,neural,pbin<=15,TabPFN|size|netfit|direct,23.600391390032037,slope_base,38.78822211154029,-15.187830721508256
0,1,100,False,neural,pbin15-35,TabPFN|size|netfit|direct,21.96582594191498,slope_only,19.54870175574775,2.4171241861672286
0,1,100,False,neural,pbin35-65,TabPFN|size|netfit|direct,11.771563346955732,paperA_corr_own,14.894597628522066,-3.1230342815663334
0,1,100,False,neural,pbin>65,TabPFN|size|netfit|direct,9.299731251269773,paperA_corr_own,9.497942758478253,-0.19821150720848024
0,1,100,False,rawseries,all,CNN|size|raw|residual,17.66096844206877,slope_base,24.560614250096947,-6.8996458080281755
0,1,100,False,rawseries,pbin<=15,CNN|size|raw|residual,24.560224333612297,slope_base,38.78822211154029,-14.227997777927996
0,1,100,False,rawseries,pbin15-35,CNN|size|raw|residual,19.77635269905242,slope_only,19.54870175574775,0.2276509433046705
0,1,100,False,rawseries,pbin35-65,CNN|size|raw|residual,11.538538542332192,paperA_corr_own,14.894597628522066,-3.356059086189873
0,1,100,False,rawseries,pbin>65,CNN|size|raw|residual,7.787296797990871,paperA_corr_own,9.497942758478253,-1.7106459604873816
0,1,100,False,trees,all,ExtraTrees|size|netfit|direct,20.71740527939666,slope_base,24.560614250096947,-3.843208970700285
0,1,100,False,trees,pbin<=15,ExtraTrees|size|netfit|direct,25.716425974283887,slope_base,38.78822211154029,-13.071796137256406
0,1,100,False,trees,pbin15-35,ExtraTrees|size|netfit|direct,23.1672182663169,slope_only,19.54870175574775,3.618516510569151
0,1,100,False,trees,pbin35-65,ExtraTrees|size|netfit|direct,15.20809042526778,paperA_corr_own,14.894597628522066,0.31349279674571484
0,1,100,False,trees,pbin>65,ExtraTrees|size|netfit|direct,12.885640583739438,paperA_corr_own,9.497942758478253,3.387697825261185
0,1,200,False,kernel,all,SVR|size|netfit|direct,19.43623887587741,slope_base,23.46013176869404,-4.0238928928166295
0,1,200,False,kernel,pbin<=15,SVR|size|netfit|direct,28.08920539729029,slope_base,38.790330598561525,-10.701125201271235
0,1,200,False,kernel,pbin15-35,SVR|size|netfit|direct,20.35528439325439,calibrated_delta,18.128177066133816,2.2271073271205744
0,1,200,False,kernel,pbin35-65,SVR|size|netfit|direct,12.032376480836684,slope_base,14.853271143884973,-2.820894663048289
0,1,200,False,kernel,pbin>65,SVR|size|netfit|direct,9.445312008634332,paperA_corr,8.806533004624734,0.6387790040095975
0,1,200,False,linear,all,PLS|size|netfit|residual,22.75160901569176,slope_base,23.46013176869404,-0.7085227530022813
0,1,200,False,linear,pbin<=15,PLS|size|netfit|residual,31.55065798374381,slope_base,38.790330598561525,-7.239672614817714
0,1,200,False,linear,pbin15-35,PLS|size|netfit|residual,21.47702841136597,calibrated_delta,18.128177066133816,3.3488513452321556
0,1,200,False,linear,pbin35-65,PLS|size|netfit|residual,18.910842518584914,slope_base,14.853271143884973,4.057571374699942
0,1,200,False,linear,pbin>65,PLS|size|netfit|residual,13.52556184002928,paperA_corr,8.806533004624734,4.719028835404545
0,1,200,False,neural,all,TabPFN|size|netfit|direct,19.269403497652952,slope_base,23.46013176869404,-4.190728271041088
0,1,200,False,neural,pbin<=15,TabPFN|size|netfit|direct,26.108084118934315,slope_base,38.790330598561525,-12.68224647962721
0,1,200,False,neural,pbin15-35,TabPFN|size|netfit|direct,21.29794472174716,calibrated_delta,18.128177066133816,3.169767655613345
0,1,200,False,neural,pbin35-65,TabPFN|size|netfit|direct,13.52223240207332,slope_base,14.853271143884973,-1.3310387418116534
0,1,200,False,neural,pbin>65,TabPFN|size|netfit|direct,9.379810764764532,paperA_corr,8.806533004624734,0.5732777601397974
0,1,200,False,rawseries,all,CNN|size|raw|residual,19.25638311605572,slope_base,23.46013176869404,-4.203748652638321
0,1,200,False,rawseries,pbin<=15,CNN|size|raw|residual,25.769258564949915,slope_base,38.790330598561525,-13.02107203361161
0,1,200,False,rawseries,pbin15-35,CNN|size|raw|residual,23.36971734577721,calibrated_delta,18.128177066133816,5.241540279643395
0,1,200,False,rawseries,pbin35-65,CNN|size|raw|residual,11.551588743273824,slope_base,14.853271143884973,-3.301682400611149
0,1,200,False,rawseries,pbin>65,CNN|size|raw|residual,8.022666601512798,paperA_corr,8.806533004624734,-0.7838664031119364
0,1,200,False,trees,all,ExtraTrees|size|netfit|residual,20.38433815099627,slope_base,23.46013176869404,-3.0757936176977694
0,1,200,False,trees,pbin<=15,ExtraTrees|size|netfit|residual,29.23661271059485,slope_base,38.790330598561525,-9.553717887966673
0,1,200,False,trees,pbin15-35,ExtraTrees|size|netfit|residual,21.26315164900273,calibrated_delta,18.128177066133816,3.1349745828689137
0,1,200,False,trees,pbin35-65,ExtraTrees|size|netfit|residual,14.869006530166182,slope_base,14.853271143884973,0.015735386281209074
0,1,200,False,trees,pbin>65,ExtraTrees|size|netfit|residual,8.949830183358403,paperA_corr,8.806533004624734,0.14329717873366832
1,0,62,False,kernel,all,SVR|size|netfit|direct,25.43977723275476,paperA_corr_own,29.070115823929527,-3.630338591174766
1,0,62,False,kernel,pbin<=15,SVR|size|netfit|direct,26.16109321928919,slope_base,36.49412864356353,-10.333035424274339
1,0,62,False,kernel,pbin15-35,SVR|size|netfit|direct,26.042966988177323,slope_base,23.60259992565554,2.4403670625217835
1,0,62,False,kernel,pbin35-65,SVR|size|netfit|direct,26.62427378916965,paperA_corr_own,19.760529240302343,6.863744548867306
1,0,62,False,kernel,pbin>65,SVR|size|netfit|direct,22.57153013326848,paperA_corr,17.281822070046324,5.289708063222157
1,0,62,False,linear,all,Lasso|size|netfit|residual,28.68909244801161,paperA_corr_own,29.070115823929527,-0.38102337591791624
1,0,62,False,linear,pbin<=15,Lasso|size|netfit|residual,28.843403885639173,slope_base,36.49412864356353,-7.650724757924355
1,0,62,False,linear,pbin15-35,Lasso|size|netfit|residual,29.43907590853086,slope_base,23.60259992565554,5.836475982875321
1,0,62,False,linear,pbin35-65,Lasso|size|netfit|residual,32.060848889001534,paperA_corr_own,19.760529240302343,12.30031964869919
1,0,62,False,linear,pbin>65,Lasso|size|netfit|residual,25.15588467397833,paperA_corr,17.281822070046324,7.874062603932007
1,0,62,False,neural,all,TabPFN|size|netfit|direct,25.43130735622137,paperA_corr_own,29.070115823929527,-3.638808467708156
1,0,62,False,neural,pbin<=15,TabPFN|size|netfit|direct,25.578800598178148,slope_base,36.49412864356353,-10.91532804538538
1,0,62,False,neural,pbin15-35,TabPFN|size|netfit|direct,26.69501968741691,slope_base,23.60259992565554,3.09241976176137
1,0,62,False,neural,pbin35-65,TabPFN|size|netfit|direct,26.13594683009369,paperA_corr_own,19.760529240302343,6.375417589791347
1,0,62,False,neural,pbin>65,TabPFN|size|netfit|direct,22.78476665254344,paperA_corr,17.281822070046324,5.502944582497115
1,0,62,False,rawseries,all,CNN|size|raw|residual,25.052489936040693,paperA_corr_own,29.070115823929527,-4.017625887888833
1,0,62,False,rawseries,pbin<=15,CNN|size|raw|residual,25.29731444227194,slope_base,36.49412864356353,-11.196814201291588
1,0,62,False,rawseries,pbin15-35,CNN|size|raw|residual,25.94319991076323,slope_base,23.60259992565554,2.3405999851076906
1,0,62,False,rawseries,pbin35-65,CNN|size|raw|residual,27.030413635615737,paperA_corr_own,19.760529240302343,7.269884395313394
1,0,62,False,rawseries,pbin>65,CNN|size|raw|residual,22.025847815496423,paperA_corr,17.281822070046324,4.744025745450099
1,0,62,False,trees,all,ExtraTrees|size|netfit|residual,26.85734489429457,paperA_corr_own,29.070115823929527,-2.2127709296349565
1,0,62,False,trees,pbin<=15,ExtraTrees|size|netfit|residual,26.25609099516179,slope_base,36.49412864356353,-10.238037648401736
1,0,62,False,trees,pbin15-35,ExtraTrees|size|netfit|residual,29.61111281974161,slope_base,23.60259992565554,6.008512894086071
1,0,62,False,trees,pbin35-65,ExtraTrees|size|netfit|residual,27.82471834523395,paperA_corr_own,19.760529240302343,8.064189104931607
1,0,62,False,trees,pbin>65,ExtraTrees|size|netfit|residual,22.967583692655108,paperA_corr,17.281822070046324,5.6857616226087835
1,0,100,False,kernel,all,KernelRidge|size|netfit|residual,24.08298908822057,slope_base,27.151304606965564,-3.068315518744992
1,0,100,False,kernel,pbin<=15,KernelRidge|size|netfit|residual,26.4684007828767,slope_base,37.629812564458334,-11.161411781581634
1,0,100,False,kernel,pbin15-35,KernelRidge|size|netfit|residual,25.42116731520381,slope_only,22.88468391979829,2.5364833954055186
1,0,100,False,kernel,pbin35-65,KernelRidge|size|netfit|residual,27.338592709212367,paperA_corr_own,23.77695845590328,3.5616342533090872
1,0,100,False,kernel,pbin>65,KernelRidge|size|netfit|residual,16.031653152676007,paperA_corr_own,19.208304298613488,-3.1766511459374804
1,0,100,False,linear,all,PLS|size|netfit|direct,26.998487106347053,slope_base,27.151304606965564,-0.15281750061851085
1,0,100,False,linear,pbin<=15,PLS|size|netfit|direct,28.299963909718038,slope_base,37.629812564458334,-9.329848654740296
1,0,100,False,linear,pbin15-35,PLS|size|netfit|direct,26.894911080899963,slope_only,22.88468391979829,4.010227161101671
1,0,100,False,linear,pbin35-65,PLS|size|netfit|direct,28.580167308419547,paperA_corr_own,23.77695845590328,4.803208852516267
1,0,100,False,linear,pbin>65,PLS|size|netfit|direct,24.02171305676485,paperA_corr_own,19.208304298613488,4.813408758151361
1,0,100,False,neural,all,TabPFN|size|netfit|direct,20.771215630173334,slope_base,27.151304606965564,-6.38008897679223
1,0,100,False,neural,pbin<=15,TabPFN|size|netfit|direct,24.740891019682717,slope_base,37.629812564458334,-12.888921544775616
1,0,100,False,neural,pbin15-35,TabPFN|size|netfit|direct,22.852370866407558,slope_only,22.88468391979829,-0.03231305339073387
1,0,100,False,neural,pbin35-65,TabPFN|size|netfit|direct,19.61924287006646,paperA_corr_own,23.77695845590328,-4.157715585836819
1,0,100,False,neural,pbin>65,TabPFN|size|netfit|direct,11.719393654677267,paperA_corr_own,19.208304298613488,-7.4889106439362205
1,0,100,False,rawseries,all,CNN|size|raw|residual,18.48908961970977,slope_base,27.151304606965564,-8.662214987255794
1,0,100,False,rawseries,pbin<=15,CNN|size|raw|residual,25.52411129607076,slope_base,37.629812564458334,-12.105701268387573
1,0,100,False,rawseries,pbin15-35,CNN|size|raw|residual,14.24790235564872,slope_only,22.88468391979829,-8.636781564149572
1,0,100,False,rawseries,pbin35-65,CNN|size|raw|residual,18.20324287164188,paperA_corr_own,23.77695845590328,-5.5737155842614
1,0,100,False,rawseries,pbin>65,CNN|size|raw|residual,13.653850022738007,paperA_corr_own,19.208304298613488,-5.5544542758754805
1,0,100,False,trees,all,ExtraTrees|size|netfit|direct,23.78079224760225,slope_base,27.151304606965564,-3.370512359363314
1,0,100,False,trees,pbin<=15,ExtraTrees|size|netfit|direct,26.626439170642847,slope_base,37.629812564458334,-11.003373393815487
1,0,100,False,trees,pbin15-35,ExtraTrees|size|netfit|direct,25.13665546522145,slope_only,22.88468391979829,2.2519715454231566
1,0,100,False,trees,pbin35-65,ExtraTrees|size|netfit|direct,25.209081930193037,paperA_corr_own,23.77695845590328,1.4321234742897566
1,0,100,False,trees,pbin>65,ExtraTrees|size|netfit|direct,16.089379905556335,paperA_corr_own,19.208304298613488,-3.118924393057153
1,0,200,False,kernel,all,SVR|size|netfit|direct,22.97783572285064,slope_base,25.55831354593764,-2.5804778230870014
1,0,200,False,kernel,pbin<=15,SVR|size|netfit|direct,26.379235328826237,slope_base,37.150187354751445,-10.770952025925208
1,0,200,False,kernel,pbin15-35,SVR|size|netfit|direct,23.826059243181287,calibrated_delta,18.038232549366995,5.787826693814292
1,0,200,False,kernel,pbin35-65,SVR|size|netfit|direct,22.597426373994622,slope_base,20.139718618109,2.4577077558856217
1,0,200,False,kernel,pbin>65,SVR|size|netfit|direct,16.292582187893103,paperA_corr,15.87143454272206,0.4211476451710432
1,0,200,False,linear,all,Lasso|size|netfit|residual,26.40400842194274,slope_base,25.55831354593764,0.8456948760051013
1,0,200,False,linear,pbin<=15,Lasso|size|netfit|residual,27.89969071349419,slope_base,37.150187354751445,-9.250496641257254
1,0,200,False,linear,pbin15-35,Lasso|size|netfit|residual,26.33717463911612,calibrated_delta,18.038232549366995,8.298942089749126
1,0,200,False,linear,pbin35-65,Lasso|size|netfit|residual,27.31821896074836,slope_base,20.139718618109,7.17850034263936
1,0,200,False,linear,pbin>65,Lasso|size|netfit|residual,23.46868667215605,paperA_corr,15.87143454272206,7.59725212943399
1,0,200,False,neural,all,TabPFN|size|netfit|direct,20.27787335987832,slope_base,25.55831354593764,-5.2804401860593195
1,0,200,False,neural,pbin<=15,TabPFN|size|netfit|direct,24.50775966424575,slope_base,37.150187354751445,-12.642427690505695
1,0,200,False,neural,pbin15-35,TabPFN|size|netfit|direct,20.27586498279957,calibrated_delta,18.038232549366995,2.237632433432573
1,0,200,False,neural,pbin35-65,TabPFN|size|netfit|direct,20.271284402069337,slope_base,20.139718618109,0.1315657839603368
1,0,200,False,neural,pbin>65,TabPFN|size|netfit|direct,13.312053306857663,paperA_corr,15.87143454272206,-2.5593812358643966
1,0,200,False,rawseries,all,CNN|size|raw|residual,19.26525404620861,slope_base,25.55831354593764,-6.293059499729029
1,0,200,False,rawseries,pbin<=15,CNN|size|raw|residual,25.088630400873395,slope_base,37.150187354751445,-12.06155695387805
1,0,200,False,rawseries,pbin15-35,CNN|size|raw|residual,16.67112958491691,calibrated_delta,18.038232549366995,-1.367102964450087
1,0,200,False,rawseries,pbin35-65,CNN|size|raw|residual,18.136005127470497,slope_base,20.139718618109,-2.0037134906385035
1,0,200,False,rawseries,pbin>65,CNN|size|raw|residual,14.39995981959726,paperA_corr,15.87143454272206,-1.4714747231247998
1,0,200,False,trees,all,ExtraTrees|size|netfit|residual,23.11228130896191,slope_base,25.55831354593764,-2.4460322369757286
1,0,200,False,trees,pbin<=15,ExtraTrees|size|netfit|residual,25.705709799742287,slope_base,37.150187354751445,-11.444477555009158
1,0,200,False,trees,pbin15-35,ExtraTrees|size|netfit|residual,25.01181243265252,calibrated_delta,18.038232549366995,6.973579883285524
1,0,200,False,trees,pbin35-65,ExtraTrees|size|netfit|residual,24.081478671522383,slope_base,20.139718618109,3.9417600534133825
1,0,200,False,trees,pbin>65,ExtraTrees|size|netfit|residual,15.280753186735584,paperA_corr,15.87143454272206,-0.5906813559864759
1,0,292,True,kernel,all,SVR|size|netfit|direct,22.922336422714125,slope_base,26.373890166308417,-3.4515537435942925
1,0,292,True,kernel,pbin<=15,SVR|size|netfit|direct,26.784582665551387,slope_base,38.649877060100415,-11.865294394549029
1,0,292,True,kernel,pbin15-35,SVR|size|netfit|direct,23.111795667290647,calibrated_delta,18.45536082742211,4.656434839868538
1,0,292,True,kernel,pbin35-65,SVR|size|netfit|direct,22.282652673130823,slope_base,20.25495114876668,2.0277015243641436
1,0,292,True,kernel,pbin>65,SVR|size|netfit|direct,16.662470702912017,paperA_corr_own,16.178322578863096,0.4841481240489216
1,0,292,True,linear,all,Linear|size|netfit|residual,24.13607354665662,slope_base,26.373890166308417,-2.237816619651799
1,0,292,True,linear,pbin<=15,Linear|size|netfit|residual,27.757107326716284,slope_base,38.649877060100415,-10.892769733384132
1,0,292,True,linear,pbin15-35,Linear|size|netfit|residual,22.81553280276089,calibrated_delta,18.45536082742211,4.360171975338783
1,0,292,True,linear,pbin35-65,Linear|size|netfit|residual,24.165168209038296,slope_base,20.25495114876668,3.9102170602716164
1,0,292,True,linear,pbin>65,Linear|size|netfit|residual,20.19811721008348,paperA_corr_own,16.178322578863096,4.019794631220385
1,0,292,True,neural,all,TabPFN|size|netfit|direct,20.111047965675752,slope_base,26.373890166308417,-6.262842200632665
1,0,292,True,neural,pbin<=15,TabPFN|size|netfit|direct,25.060031732185312,slope_base,38.649877060100415,-13.589845327915103
1,0,292,True,neural,pbin15-35,TabPFN|size|netfit|direct,20.92107693237929,calibrated_delta,18.45536082742211,2.465716104957181
1,0,292,True,neural,pbin35-65,TabPFN|size|netfit|direct,19.15274794296648,slope_base,20.25495114876668,-1.1022032058001976
1,0,292,True,neural,pbin>65,TabPFN|size|netfit|direct,11.296297566478914,paperA_corr_own,16.178322578863096,-4.882025012384181
1,0,292,True,rawseries,all,CNN|size|raw|residual,17.502186763927792,slope_base,26.373890166308417,-8.871703402380625
1,0,292,True,rawseries,pbin<=15,CNN|size|raw|residual,24.51119257545213,slope_base,38.649877060100415,-14.138684484648284
1,0,292,True,rawseries,pbin15-35,CNN|size|raw|residual,15.256472936151184,calibrated_delta,18.45536082742211,-3.1988878912709247
1,0,292,True,rawseries,pbin35-65,CNN|size|raw|residual,17.283519127972777,slope_base,20.25495114876668,-2.971432020793902
1,0,292,True,rawseries,pbin>65,CNN|size|raw|residual,9.57046251796317,paperA_corr_own,16.178322578863096,-6.607860060899926
1,0,292,True,trees,all,ExtraTrees|size|netfit|direct,21.987205713655168,slope_base,26.373890166308417,-4.386684452653249
1,0,292,True,trees,pbin<=15,ExtraTrees|size|netfit|direct,26.176236708115606,slope_base,38.649877060100415,-12.473640351984809
1,0,292,True,trees,pbin15-35,ExtraTrees|size|netfit|direct,21.959552874120583,calibrated_delta,18.45536082742211,3.504192046698474
1,0,292,True,trees,pbin35-65,ExtraTrees|size|netfit|direct,23.431874881080088,slope_base,20.25495114876668,3.1769237323134085
1,0,292,True,trees,pbin>65,ExtraTrees|size|netfit|direct,14.218318557308624,paperA_corr_own,16.178322578863096,-1.9600040215544716
1,1,62,False,kernel,all,SVR|size|netfit|direct,22.028819311871352,paperA_corr_own,28.10460886557496,-6.075789553703608
1,1,62,False,kernel,pbin<=15,SVR|size|netfit|direct,26.966463875401093,slope_base,37.475237712897616,-10.508773837496523
1,1,62,False,kernel,pbin15-35,SVR|size|netfit|direct,23.57962342928562,slope_base,20.871363981350875,2.7082594479347435
1,1,62,False,kernel,pbin35-65,SVR|size|netfit|direct,20.57989851974421,paperA_corr_own,17.673822818723163,2.906075701021045
1,1,62,False,kernel,pbin>65,SVR|size|netfit|direct,12.390695930728285,paperA_corr,15.991975404460376,-3.6012794737320917
1,1,62,False,linear,all,ElasticNet|size|netfit|residual,43.84346618403368,paperA_corr_own,28.10460886557496,15.73885731845872
1,1,62,False,linear,pbin<=15,ElasticNet|size|netfit|residual,82.78544005695927,slope_base,37.475237712897616,45.31020234406166
1,1,62,False,linear,pbin15-35,ElasticNet|size|netfit|residual,24.35367988494973,slope_base,20.871363981350875,3.482315903598856
1,1,62,False,linear,pbin35-65,ElasticNet|size|netfit|residual,26.78211601208513,paperA_corr_own,17.673822818723163,9.108293193361966
1,1,62,False,linear,pbin>65,ElasticNet|size|netfit|residual,20.59819139973361,paperA_corr,15.991975404460376,4.606215995273235
1,1,62,False,neural,all,TabPFN|size|netfit|direct,22.69118027981257,paperA_corr_own,28.10460886557496,-5.413428585762389
1,1,62,False,neural,pbin<=15,TabPFN|size|netfit|direct,25.371187959133007,slope_base,37.475237712897616,-12.10404975376461
1,1,62,False,neural,pbin15-35,TabPFN|size|netfit|direct,24.13875545349188,slope_base,20.871363981350875,3.2673914721410036
1,1,62,False,neural,pbin35-65,TabPFN|size|netfit|direct,20.642157519868437,paperA_corr_own,17.673822818723163,2.968334701145274
1,1,62,False,neural,pbin>65,TabPFN|size|netfit|direct,17.31143172567149,paperA_corr,15.991975404460376,1.3194563212111134
1,1,62,False,rawseries,all,CNN|size|raw|direct,26.068775158036757,paperA_corr_own,28.10460886557496,-2.0358337075382025
1,1,62,False,rawseries,pbin<=15,CNN|size|raw|direct,26.777413352404423,slope_base,37.475237712897616,-10.697824360493193
1,1,62,False,rawseries,pbin15-35,CNN|size|raw|direct,22.54393788906936,slope_base,20.871363981350875,1.6725739077184834
1,1,62,False,rawseries,pbin35-65,CNN|size|raw|direct,31.03110504472961,paperA_corr_own,17.673822818723163,13.357282226006447
1,1,62,False,rawseries,pbin>65,CNN|size|raw|direct,27.25923255489835,paperA_corr,15.991975404460376,11.267257150437974
1,1,62,False,trees,all,RandomForest|size|netfit|direct,28.665986461184325,paperA_corr_own,28.10460886557496,0.5613775956093647
1,1,62,False,trees,pbin<=15,RandomForest|size|netfit|direct,28.793664761925346,slope_base,37.475237712897616,-8.68157295097227
1,1,62,False,trees,pbin15-35,RandomForest|size|netfit|direct,27.981205339366028,slope_base,20.871363981350875,7.109841358015153
1,1,62,False,trees,pbin35-65,RandomForest|size|netfit|direct,30.555050013824392,paperA_corr_own,17.673822818723163,12.881227195101228
1,1,62,False,trees,pbin>65,RandomForest|size|netfit|direct,28.3335653594296,paperA_corr,15.991975404460376,12.341589954969223
1,1,100,False,kernel,all,KernelRidge|size|netfit|residual,23.67679714337486,slope_base,26.539756804835964,-2.8629596614611046
1,1,100,False,kernel,pbin<=15,KernelRidge|size|netfit|residual,27.9010642949663,slope_base,37.916834585861366,-10.015770290895066
1,1,100,False,kernel,pbin15-35,KernelRidge|size|netfit|residual,23.245744723306267,slope_only,22.85734026385025,0.38840445945601587
1,1,100,False,kernel,pbin35-65,KernelRidge|size|netfit|residual,23.689747305438704,paperA_corr_own,22.28048312294583,1.4092641824928727
1,1,100,False,kernel,pbin>65,KernelRidge|size|netfit|residual,17.373918522402036,paperA_corr_own,17.694092729544597,-0.3201742071425606
1,1,100,False,linear,all,Linear|size|netfit|residual,26.42964840078944,slope_base,26.539756804835964,-0.11010840404652456
1,1,100,False,linear,pbin<=15,Linear|size|netfit|residual,30.586821949424515,slope_base,37.916834585861366,-7.330012636436852
1,1,100,False,linear,pbin15-35,Linear|size|netfit|residual,26.65710437390431,slope_only,22.85734026385025,3.79976411005406
1,1,100,False,linear,pbin35-65,Linear|size|netfit|residual,25.085037517995808,paperA_corr_own,22.28048312294583,2.8045543950499763
1,1,100,False,linear,pbin>65,Linear|size|netfit|residual,20.066738633852008,paperA_corr_own,17.694092729544597,2.3726459043074115
1,1,100,False,neural,all,TabPFN|size|netfit|direct,21.30573746242301,slope_base,26.539756804835964,-5.234019342412953
1,1,100,False,neural,pbin<=15,TabPFN|size|netfit|direct,26.6422973784656,slope_base,37.916834585861366,-11.274537207395767
1,1,100,False,neural,pbin15-35,TabPFN|size|netfit|direct,22.58148718529973,slope_only,22.85734026385025,-0.2758530785505222
1,1,100,False,neural,pbin35-65,TabPFN|size|netfit|direct,19.660326919007016,paperA_corr_own,22.28048312294583,-2.6201562039388158
1,1,100,False,neural,pbin>65,TabPFN|size|netfit|direct,11.560150547606453,paperA_corr_own,17.694092729544597,-6.133942181938144
1,1,100,False,rawseries,all,CNN|size|raw|direct,18.95663051865392,slope_base,26.539756804835964,-7.583126286182043
1,1,100,False,rawseries,pbin<=15,CNN|size|raw|direct,25.583204473707237,slope_base,37.916834585861366,-12.333630112154129
1,1,100,False,rawseries,pbin15-35,CNN|size|raw|direct,15.40269321948896,slope_only,22.85734026385025,-7.454647044361291
1,1,100,False,rawseries,pbin35-65,CNN|size|raw|direct,18.93100352183873,paperA_corr_own,22.28048312294583,-3.3494796011071024
1,1,100,False,rawseries,pbin>65,CNN|size|raw|direct,13.564815760199147,paperA_corr_own,17.694092729544597,-4.129276969345449
1,1,100,False,trees,all,ExtraTrees|size|netfit|direct,23.52146204010477,slope_base,26.539756804835964,-3.018294764731195
1,1,100,False,trees,pbin<=15,ExtraTrees|size|netfit|direct,26.938721533136327,slope_base,37.916834585861366,-10.978113052725039
1,1,100,False,trees,pbin15-35,ExtraTrees|size|netfit|direct,24.5453058434987,slope_only,22.85734026385025,1.6879655796484485
1,1,100,False,trees,pbin35-65,ExtraTrees|size|netfit|direct,26.548255400158137,paperA_corr_own,22.28048312294583,4.2677722772123055
1,1,100,False,trees,pbin>65,ExtraTrees|size|netfit|direct,14.400497170663009,paperA_corr_own,17.694092729544597,-3.293595558881588
1,1,200,False,kernel,all,SVR|size|netfit|direct,23.073103145378337,slope_base,25.82898616426341,-2.755883018885072
1,1,200,False,kernel,pbin<=15,SVR|size|netfit|direct,26.07409949113294,slope_base,36.62694809840906,-10.552848607276118
1,1,200,False,kernel,pbin15-35,SVR|size|netfit|direct,24.873874524485338,calibrated_delta,17.790154670502123,7.083719853983215
1,1,200,False,kernel,pbin35-65,SVR|size|netfit|direct,21.738926613611493,slope_base,21.314521312407013,0.42440530120448017
1,1,200,False,kernel,pbin>65,SVR|size|netfit|direct,16.167642011910416,paperA_corr,16.234612114446183,-0.06697010253576607
1,1,200,False,linear,all,Ridge|size|netfit|residual,26.774420742943523,slope_base,25.82898616426341,0.9454345786801142
1,1,200,False,linear,pbin<=15,Ridge|size|netfit|residual,29.51486530896045,slope_base,36.62694809840906,-7.1120827894486105
1,1,200,False,linear,pbin15-35,Ridge|size|netfit|residual,26.21254267980884,calibrated_delta,17.790154670502123,8.422388009306719
1,1,200,False,linear,pbin35-65,Ridge|size|netfit|residual,27.786313301199492,slope_base,21.314521312407013,6.471791988792479
1,1,200,False,linear,pbin>65,Ridge|size|netfit|residual,22.49418664937869,paperA_corr,16.234612114446183,6.259574534932508
1,1,200,False,neural,all,TabPFN|size|netfit|direct,21.666385302785383,slope_base,25.82898616426341,-4.162600861478026
1,1,200,False,neural,pbin<=15,TabPFN|size|netfit|direct,26.02440673795322,slope_base,36.62694809840906,-10.602541360455838
1,1,200,False,neural,pbin15-35,TabPFN|size|netfit|direct,21.72607546171565,calibrated_delta,17.790154670502123,3.935920791213526
1,1,200,False,neural,pbin35-65,TabPFN|size|netfit|direct,21.133770972358786,slope_base,21.314521312407013,-0.18075034004822754
1,1,200,False,neural,pbin>65,TabPFN|size|netfit|direct,14.723487537660004,paperA_corr,16.234612114446183,-1.5111245767861785
1,1,200,False,rawseries,all,CNN|size|raw|direct,20.439648671772588,slope_base,25.82898616426341,-5.389337492490821
1,1,200,False,rawseries,pbin<=15,CNN|size|raw|direct,24.86066170614628,slope_base,36.62694809840906,-11.766286392262778
1,1,200,False,rawseries,pbin15-35,CNN|size|raw|direct,17.82148178096007,calibrated_delta,17.790154670502123,0.03132711045794778
1,1,200,False,rawseries,pbin35-65,CNN|size|raw|direct,20.4814457387838,slope_base,21.314521312407013,-0.833075573623212
1,1,200,False,rawseries,pbin>65,CNN|size|raw|direct,17.18902727876151,paperA_corr,16.234612114446183,0.9544151643153285
1,1,200,False,trees,all,ExtraTrees|size|netfit|direct,23.35069882924644,slope_base,25.82898616426341,-2.4782873350169687
1,1,200,False,trees,pbin<=15,ExtraTrees|size|netfit|direct,25.26049150540632,slope_base,36.62694809840906,-11.366456593002738
1,1,200,False,trees,pbin15-35,ExtraTrees|size|netfit|direct,24.303559061314843,calibrated_delta,17.790154670502123,6.51340439081272
1,1,200,False,trees,pbin35-65,ExtraTrees|size|netfit|direct,25.506422999554506,slope_base,21.314521312407013,4.191901687147492
1,1,200,False,trees,pbin>65,ExtraTrees|size|netfit|direct,17.371335467499026,paperA_corr,16.234612114446183,1.1367233530528438
2,0,62,False,kernel,all,SVR|size|netfit|direct,20.741902400152348,paperA_corr_own,23.81910750939174,-3.07720510923939
2,0,62,False,kernel,pbin<=15,SVR|size|netfit|direct,28.2888709834553,slope_base,36.61286452461157,-8.323993541156266
2,0,62,False,kernel,pbin15-35,SVR|size|netfit|direct,23.96970013912309,slope_base,20.318487554930822,3.651212584192269
2,0,62,False,kernel,pbin35-65,SVR|size|netfit|direct,13.907638533036543,paperA_corr_own,10.70840178195806,3.199236751078484
2,0,62,False,kernel,pbin>65,SVR|size|netfit|direct,9.354528221980344,paperA_corr,12.417896877624694,-3.06336865564435
2,0,62,False,linear,all,Ridge|size|netfit|residual,24.60474487439072,paperA_corr_own,23.81910750939174,0.7856373649989834
2,0,62,False,linear,pbin<=15,Ridge|size|netfit|residual,31.620690980215223,slope_base,36.61286452461157,-4.992173544396344
2,0,62,False,linear,pbin15-35,Ridge|size|netfit|residual,26.756549754734515,slope_base,20.318487554930822,6.438062199803692
2,0,62,False,linear,pbin35-65,Ridge|size|netfit|residual,19.7553321637017,paperA_corr_own,10.70840178195806,9.046930381743639
2,0,62,False,linear,pbin>65,Ridge|size|netfit|residual,14.31293488407596,paperA_corr,12.417896877624694,1.8950380064512657
2,0,62,False,neural,all,TabPFN|size|netfit|residual,24.359179969294487,paperA_corr_own,23.81910750939174,0.5400724599027491
2,0,62,False,neural,pbin<=15,TabPFN|size|netfit|residual,26.5652383677136,slope_base,36.61286452461157,-10.047626156897966
2,0,62,False,neural,pbin15-35,TabPFN|size|netfit|residual,24.95998557579234,slope_base,20.318487554930822,4.641498020861519
2,0,62,False,neural,pbin35-65,TabPFN|size|netfit|residual,22.808935308588367,paperA_corr_own,10.70840178195806,12.100533526630308
2,0,62,False,neural,pbin>65,TabPFN|size|netfit|residual,21.24664617611044,paperA_corr,12.417896877624694,8.828749298485745
2,0,62,False,rawseries,all,CNN|size|raw|direct,26.44510500642735,paperA_corr_own,23.81910750939174,2.6259974970356126
2,0,62,False,rawseries,pbin<=15,CNN|size|raw|direct,31.92787011334821,slope_base,36.61286452461157,-4.684994411263357
2,0,62,False,rawseries,pbin15-35,CNN|size|raw|direct,19.71481583609525,slope_base,20.318487554930822,-0.6036717188355709
2,0,62,False,rawseries,pbin35-65,CNN|size|raw|direct,20.167633900836755,paperA_corr_own,10.70840178195806,9.459232118878695
2,0,62,False,rawseries,pbin>65,CNN|size|raw|direct,31.91304082528096,paperA_corr,12.417896877624694,19.495143947656267
2,0,62,False,trees,all,XGBoost|size|netfit|direct,30.042456730436463,paperA_corr_own,23.81910750939174,6.2233492210447245
2,0,62,False,trees,pbin<=15,XGBoost|size|netfit|direct,27.38241361823977,slope_base,36.61286452461157,-9.230450906371797
2,0,62,False,trees,pbin15-35,XGBoost|size|netfit|direct,29.30573892366368,slope_base,20.318487554930822,8.987251368732856
2,0,62,False,trees,pbin35-65,XGBoost|size|netfit|direct,32.109925036657835,paperA_corr_own,10.70840178195806,21.401523254699775
2,0,62,False,trees,pbin>65,XGBoost|size|netfit|direct,33.692283575408304,paperA_corr,12.417896877624694,21.274386697783612
2,0,100,False,kernel,all,SVR|size|netfit|residual,19.036813676026902,slope_base,24.22360572639068,-5.186792050363778
2,0,100,False,kernel,pbin<=15,SVR|size|netfit|residual,29.320352601587874,slope_base,41.48432147938676,-12.163968877798883
2,0,100,False,kernel,pbin15-35,SVR|size|netfit|residual,18.62192011547598,slope_only,18.88608130421832,-0.26416118874233874
2,0,100,False,kernel,pbin35-65,SVR|size|netfit|residual,10.29777550827823,paperA_corr_own,10.65447686240853,-0.35670135413029946
2,0,100,False,kernel,pbin>65,SVR|size|netfit|residual,10.034482016687878,paperA_corr_own,11.034513669597043,-1.0000316529091648
2,0,100,False,linear,all,Lasso|size|netfit|residual,20.91549526433298,slope_base,24.22360572639068,-3.3081104620577015
2,0,100,False,linear,pbin<=15,Lasso|size|netfit|residual,32.04755049440432,slope_base,41.48432147938676,-9.436770984982438
2,0,100,False,linear,pbin15-35,Lasso|size|netfit|residual,19.797836051361397,slope_only,18.88608130421832,0.9117547471430782
2,0,100,False,linear,pbin35-65,Lasso|size|netfit|residual,14.079494802362593,paperA_corr_own,10.65447686240853,3.4250179399540635
2,0,100,False,linear,pbin>65,Lasso|size|netfit|residual,10.52516605386771,paperA_corr_own,11.034513669597043,-0.5093476157293324
2,0,100,False,neural,all,TabPFN|size|netfit|direct,18.0610837242636,slope_base,24.22360572639068,-6.16252200212708
2,0,100,False,neural,pbin<=15,TabPFN|size|netfit|direct,24.561149122359485,slope_base,41.48432147938676,-16.923172357027273
2,0,100,False,neural,pbin15-35,TabPFN|size|netfit|direct,20.382489878512757,slope_only,18.88608130421832,1.4964085742944384
2,0,100,False,neural,pbin35-65,TabPFN|size|netfit|direct,12.328762893616831,paperA_corr_own,10.65447686240853,1.674286031208302
2,0,100,False,neural,pbin>65,TabPFN|size|netfit|direct,8.81360498038896,paperA_corr_own,11.034513669597043,-2.220908689208084
2,0,100,False,rawseries,all,CNN|size|raw|residual,15.415263998344622,slope_base,24.22360572639068,-8.808341728046058
2,0,100,False,rawseries,pbin<=15,CNN|size|raw|residual,24.20442365850611,slope_base,41.48432147938676,-17.27989782088065
2,0,100,False,rawseries,pbin15-35,CNN|size|raw|residual,14.337423805188552,slope_only,18.88608130421832,-4.548657499029767
2,0,100,False,rawseries,pbin35-65,CNN|size|raw|residual,9.591164041342672,paperA_corr_own,10.65447686240853,-1.063312821065857
2,0,100,False,rawseries,pbin>65,CNN|size|raw|residual,7.750383089224866,paperA_corr_own,11.034513669597043,-3.284130580372177
2,0,100,False,trees,all,ExtraTrees|size|netfit|direct,21.797094173431464,slope_base,24.22360572639068,-2.426511552959216
2,0,100,False,trees,pbin<=15,ExtraTrees|size|netfit|direct,28.42359388388341,slope_base,41.48432147938676,-13.060727595503348
2,0,100,False,trees,pbin15-35,ExtraTrees|size|netfit|direct,23.21058586612108,slope_only,18.88608130421832,4.32450456190276
2,0,100,False,trees,pbin35-65,ExtraTrees|size|netfit|direct,15.638879057894636,paperA_corr_own,10.65447686240853,4.984402195486107
2,0,100,False,trees,pbin>65,ExtraTrees|size|netfit|direct,13.920322978534234,paperA_corr_own,11.034513669597043,2.8858093089371906
2,0,200,False,kernel,all,SVR|size|netfit|residual,19.25811675096761,slope_base,24.28585455246222,-5.0277378014946095
2,0,200,False,kernel,pbin<=15,SVR|size|netfit|residual,27.87447870278119,slope_base,44.058833527649696,-16.184354824868507
2,0,200,False,kernel,pbin15-35,SVR|size|netfit|residual,19.482525844968297,calibrated_delta,17.15489117422907,2.3276346707392257
2,0,200,False,kernel,pbin35-65,SVR|size|netfit|residual,14.458029053321148,slope_base,11.431822344560205,3.0262067087609434
2,0,200,False,kernel,pbin>65,SVR|size|netfit|residual,9.363114916320376,paperA_corr,10.088724995089878,-0.7256100787695026
2,0,200,False,linear,all,Lasso|size|netfit|residual,21.82755569337432,slope_base,24.28585455246222,-2.4582988590879005
2,0,200,False,linear,pbin<=15,Lasso|size|netfit|residual,33.07944030576925,slope_base,44.058833527649696,-10.979393221880443
2,0,200,False,linear,pbin15-35,Lasso|size|netfit|residual,20.183310769700977,calibrated_delta,17.15489117422907,3.028419595471906
2,0,200,False,linear,pbin35-65,Lasso|size|netfit|residual,14.77988266533651,slope_base,11.431822344560205,3.3480603207763053
2,0,200,False,linear,pbin>65,Lasso|size|netfit|residual,12.143248601080856,paperA_corr,10.088724995089878,2.054523605990978
2,0,200,False,neural,all,TabPFN|size|netfit|direct,18.009206529654602,slope_base,24.28585455246222,-6.276648022807617
2,0,200,False,neural,pbin<=15,TabPFN|size|netfit|direct,26.45851215872271,slope_base,44.058833527649696,-17.600321368926988
2,0,200,False,neural,pbin15-35,TabPFN|size|netfit|direct,19.48951606447646,calibrated_delta,17.15489117422907,2.3346248902473903
2,0,200,False,neural,pbin35-65,TabPFN|size|netfit|direct,13.241289446587697,slope_base,11.431822344560205,1.809467102027492
2,0,200,False,neural,pbin>65,TabPFN|size|netfit|direct,6.546042217165517,paperA_corr,10.088724995089878,-3.5426827779243615
2,0,200,False,rawseries,all,CNN|size|raw|residual,17.325293953361854,slope_base,24.28585455246222,-6.960560599100365
2,0,200,False,rawseries,pbin<=15,CNN|size|raw|residual,25.17567518357972,slope_base,44.058833527649696,-18.883158344069976
2,0,200,False,rawseries,pbin15-35,CNN|size|raw|residual,12.852039132345894,calibrated_delta,17.15489117422907,-4.3028520418831775
2,0,200,False,rawseries,pbin35-65,CNN|size|raw|residual,9.073168036357108,slope_base,11.431822344560205,-2.3586543082030964
2,0,200,False,rawseries,pbin>65,CNN|size|raw|residual,17.34310935748881,paperA_corr,10.088724995089878,7.254384362398932
2,0,200,False,trees,all,ExtraTrees|size|netfit|residual,19.396846557533827,slope_base,24.28585455246222,-4.8890079949283916
2,0,200,False,trees,pbin<=15,ExtraTrees|size|netfit|residual,29.154052073766128,slope_base,44.058833527649696,-14.904781453883569
2,0,200,False,trees,pbin15-35,ExtraTrees|size|netfit|residual,19.813754150528,calibrated_delta,17.15489117422907,2.658862976298927
2,0,200,False,trees,pbin35-65,ExtraTrees|size|netfit|residual,11.545758243143595,slope_base,11.431822344560205,0.11393589858339048
2,0,200,False,trees,pbin>65,ExtraTrees|size|netfit|residual,9.430976759753564,paperA_corr,10.088724995089878,-0.6577482353363138
2,0,292,True,kernel,all,SVR|size|netfit|direct,19.520120614379383,slope_base,24.74503483162308,-5.224914217243697
2,0,292,True,kernel,pbin<=15,SVR|size|netfit|direct,29.01008654042031,slope_base,45.22019480801732,-16.210108267597008
2,0,292,True,kernel,pbin15-35,SVR|size|netfit|direct,20.282231183430195,calibrated_delta,18.523202147705533,1.7590290357246623
2,0,292,True,kernel,pbin35-65,SVR|size|netfit|direct,15.43899082525582,slope_base,11.554256392545732,3.884734432710088
2,0,292,True,kernel,pbin>65,SVR|size|netfit|direct,7.153135002920906,paperA_corr_own,10.555303585014649,-3.4021685820937426
2,0,292,True,linear,all,ElasticNet|size|netfit|residual,20.520621961082885,slope_base,24.74503483162308,-4.2244128705401955
2,0,292,True,linear,pbin<=15,ElasticNet|size|netfit|residual,33.22245210339313,slope_base,45.22019480801732,-11.997742704624187
2,0,292,True,linear,pbin15-35,ElasticNet|size|netfit|residual,18.230311718024858,calibrated_delta,18.523202147705533,-0.2928904296806749
2,0,292,True,linear,pbin35-65,ElasticNet|size|netfit|residual,12.712518659853329,slope_base,11.554256392545732,1.158262267307597
2,0,292,True,linear,pbin>65,ElasticNet|size|netfit|residual,10.117508490298636,paperA_corr_own,10.555303585014649,-0.4377950947160123
2,0,292,True,neural,all,TabPFN|size|netfit|direct,18.47846478629206,slope_base,24.74503483162308,-6.266570045331019
2,0,292,True,neural,pbin<=15,TabPFN|size|netfit|direct,27.85353008703841,slope_base,45.22019480801732,-17.366664720978907
2,0,292,True,neural,pbin15-35,TabPFN|size|netfit|direct,19.70817212285653,calibrated_delta,18.523202147705533,1.1849699751509988
2,0,292,True,neural,pbin35-65,TabPFN|size|netfit|direct,13.359530177151774,slope_base,11.554256392545732,1.805273784606042
2,0,292,True,neural,pbin>65,TabPFN|size|netfit|direct,6.243561329659473,paperA_corr_own,10.555303585014649,-4.311742255355176
2,0,292,True,rawseries,all,CNN|size|raw|residual,15.32416485570135,slope_base,24.74503483162308,-9.42086997592173
2,0,292,True,rawseries,pbin<=15,CNN|size|raw|residual,24.374660838151893,slope_base,45.22019480801732,-20.845533969865425
2,0,292,True,rawseries,pbin15-35,CNN|size|raw|residual,14.459388595772063,calibrated_delta,18.523202147705533,-4.063813551933469
2,0,292,True,rawseries,pbin35-65,CNN|size|raw|residual,10.89427403952774,slope_base,11.554256392545732,-0.6599823530179911
2,0,292,True,rawseries,pbin>65,CNN|size|raw|residual,6.127056595444739,paperA_corr_own,10.555303585014649,-4.428246989569909
2,0,292,True,trees,all,ExtraTrees|size|netfit|direct,20.78487670047933,slope_base,24.74503483162308,-3.96015813114375
2,0,292,True,trees,pbin<=15,ExtraTrees|size|netfit|direct,29.868491760807416,slope_base,45.22019480801732,-15.351703047209902
2,0,292,True,trees,pbin15-35,ExtraTrees|size|netfit|direct,20.928624115068605,calibrated_delta,18.523202147705533,2.405421967363072
2,0,292,True,trees,pbin35-65,ExtraTrees|size|netfit|direct,13.862633739530278,slope_base,11.554256392545732,2.308377346984546
2,0,292,True,trees,pbin>65,ExtraTrees|size|netfit|direct,11.619832688458144,paperA_corr_own,10.555303585014649,1.0645291034434958
2,1,62,False,kernel,all,SVR|size|netfit|direct,27.669145060011356,paperA_corr_own,24.30785781221487,3.3612872477964864
2,1,62,False,kernel,pbin<=15,SVR|size|netfit|direct,28.96913569890416,slope_base,37.15845522433072,-8.189319525426562
2,1,62,False,kernel,pbin15-35,SVR|size|netfit|direct,22.05776866866596,slope_base,20.95684886110472,1.1009198075612403
2,1,62,False,kernel,pbin35-65,SVR|size|netfit|direct,29.85997127690228,paperA_corr_own,10.979623197902454,18.880348078999823
2,1,62,False,kernel,pbin>65,SVR|size|netfit|direct,32.450544968329616,paperA_corr,10.217598667892473,22.232946300437142
2,1,62,False,linear,all,Ridge|size|netfit|direct,34.23581994915747,paperA_corr_own,24.30785781221487,9.927962136942597
2,1,62,False,linear,pbin<=15,Ridge|size|netfit|direct,31.792453810615463,slope_base,37.15845522433072,-5.36600141371526
2,1,62,False,linear,pbin15-35,Ridge|size|netfit|direct,30.13162967639781,slope_base,20.95684886110472,9.17478081529309
2,1,62,False,linear,pbin35-65,Ridge|size|netfit|direct,42.51126987703825,paperA_corr_own,10.979623197902454,31.531646679135797
2,1,62,False,linear,pbin>65,Ridge|size|netfit|direct,38.59163172167597,paperA_corr,10.217598667892473,28.374033053783492
2,1,62,False,neural,all,TabPFN|size|netfit|direct,25.30691407940718,paperA_corr_own,24.30785781221487,0.9990562671923087
2,1,62,False,neural,pbin<=15,TabPFN|size|netfit|direct,25.72124656518553,slope_base,37.15845522433072,-11.437208659145192
2,1,62,False,neural,pbin15-35,TabPFN|size|netfit|direct,27.80505966509167,slope_base,20.95684886110472,6.848210803986948
2,1,62,False,neural,pbin35-65,TabPFN|size|netfit|direct,19.40949322476124,paperA_corr_own,10.979623197902454,8.429870026858785
2,1,62,False,neural,pbin>65,TabPFN|size|netfit|direct,24.73604442439648,paperA_corr,10.217598667892473,14.518445756504006
2,1,62,False,rawseries,all,CNN|size|raw|residual,34.72474121282992,paperA_corr_own,24.30785781221487,10.416883400615049
2,1,62,False,rawseries,pbin<=15,CNN|size|raw|residual,29.622612129707456,slope_base,37.15845522433072,-7.535843094623267
2,1,62,False,rawseries,pbin15-35,CNN|size|raw|residual,32.76020344954982,slope_base,20.95684886110472,11.8033545884451
2,1,62,False,rawseries,pbin35-65,CNN|size|raw|residual,33.35854442652543,paperA_corr_own,10.979623197902454,22.37892122862297
2,1,62,False,rawseries,pbin>65,CNN|size|raw|residual,45.75962036347014,paperA_corr,10.217598667892473,35.54202169557767
2,1,62,False,trees,all,ExtraTrees|size|netfit|direct,33.19691533447386,paperA_corr_own,24.30785781221487,8.889057522258987
2,1,62,False,trees,pbin<=15,ExtraTrees|size|netfit|direct,30.86454385053592,slope_base,37.15845522433072,-6.293911373794803
2,1,62,False,trees,pbin15-35,ExtraTrees|size|netfit|direct,32.037429341077846,slope_base,20.95684886110472,11.080580479973126
2,1,62,False,trees,pbin35-65,ExtraTrees|size|netfit|direct,33.98496212626838,paperA_corr_own,10.979623197902454,23.005338928365923
2,1,62,False,trees,pbin>65,ExtraTrees|size|netfit|direct,37.75365632476728,paperA_corr,10.217598667892473,27.536057656874803
2,1,100,False,kernel,all,SVR|size|netfit|residual,19.184505153282736,slope_base,23.692509130300355,-4.508003977017619
2,1,100,False,kernel,pbin<=15,SVR|size|netfit|residual,26.189875117653628,slope_base,41.48890706007823,-15.299031942424605
2,1,100,False,kernel,pbin15-35,SVR|size|netfit|residual,22.05867017388864,slope_only,19.738345399128598,2.320324774760042
2,1,100,False,kernel,pbin35-65,SVR|size|netfit|residual,15.887517860458304,paperA_corr_own,10.623496229415537,5.264021631042768
2,1,100,False,kernel,pbin>65,SVR|size|netfit|residual,6.93227819749866,paperA_corr_own,10.863256282901162,-3.9309780854025016
2,1,100,False,linear,all,Linear|size|netfit|residual,26.628777811385863,slope_base,23.692509130300355,2.936268681085508
2,1,100,False,linear,pbin<=15,Linear|size|netfit|residual,30.77128904628456,slope_base,41.48890706007823,-10.717618013793672
2,1,100,False,linear,pbin15-35,Linear|size|netfit|residual,24.41905824918639,slope_only,19.738345399128598,4.680712850057791
2,1,100,False,linear,pbin35-65,Linear|size|netfit|residual,30.297702395217986,paperA_corr_own,10.623496229415537,19.67420616580245
2,1,100,False,linear,pbin>65,Linear|size|netfit|residual,21.535641836499572,paperA_corr_own,10.863256282901162,10.67238555359841
2,1,100,False,neural,all,TabPFN|size|netfit|direct,18.23434202200161,slope_base,23.692509130300355,-5.4581671082987455
2,1,100,False,neural,pbin<=15,TabPFN|size|netfit|direct,24.117917655432247,slope_base,41.48890706007823,-17.370989404645986
2,1,100,False,neural,pbin15-35,TabPFN|size|netfit|direct,23.164679095003724,slope_only,19.738345399128598,3.426333695875126
2,1,100,False,neural,pbin35-65,TabPFN|size|netfit|direct,10.209678083306745,paperA_corr_own,10.623496229415537,-0.41381814610879175
2,1,100,False,neural,pbin>65,TabPFN|size|netfit|direct,7.557259755869379,paperA_corr_own,10.863256282901162,-3.305996527031783
2,1,100,False,rawseries,all,CNN|size|raw|residual,17.026945965504684,slope_base,23.692509130300355,-6.665563164795671
2,1,100,False,rawseries,pbin<=15,CNN|size|raw|residual,22.260322326051423,slope_base,41.48890706007823,-19.22858473402681
2,1,100,False,rawseries,pbin15-35,CNN|size|raw|residual,18.327289206723112,slope_only,19.738345399128598,-1.4110561924054856
2,1,100,False,rawseries,pbin35-65,CNN|size|raw|residual,11.21977772547364,paperA_corr_own,10.623496229415537,0.5962814960581042
2,1,100,False,rawseries,pbin>65,CNN|size|raw|residual,11.118565851132336,paperA_corr_own,10.863256282901162,0.25530956823117457
2,1,100,False,trees,all,ExtraTrees|size|netfit|direct,19.817181004655243,slope_base,23.692509130300355,-3.8753281256451118
2,1,100,False,trees,pbin<=15,ExtraTrees|size|netfit|direct,26.933238004710752,slope_base,41.48890706007823,-14.555669055367481
2,1,100,False,trees,pbin15-35,ExtraTrees|size|netfit|direct,21.65808366283282,slope_only,19.738345399128598,1.9197382637042217
2,1,100,False,trees,pbin35-65,ExtraTrees|size|netfit|direct,12.78874984923256,paperA_corr_own,10.623496229415537,2.1652536198170242
2,1,100,False,trees,pbin>65,ExtraTrees|size|netfit|direct,11.150870819391292,paperA_corr_own,10.863256282901162,0.28761453649013013
2,1,200,False,kernel,all,SVR|size|netfit|direct,20.340059583352613,slope_base,24.14642795846183,-3.806368375109219
2,1,200,False,kernel,pbin<=15,SVR|size|netfit|direct,29.182223719033384,slope_base,43.81805190128904,-14.635828182255654
2,1,200,False,kernel,pbin15-35,SVR|size|netfit|direct,19.47869640801906,calibrated_delta,17.318094470911696,2.1606019371073657
2,1,200,False,kernel,pbin35-65,SVR|size|netfit|direct,17.11573708596615,slope_base,11.181079613842412,5.934657472123737
2,1,200,False,kernel,pbin>65,SVR|size|netfit|direct,10.70590529582616,paperA_corr,10.104466583815949,0.6014387120102107
2,1,200,False,linear,all,Linear|size|netfit|residual,23.29023817696389,slope_base,24.14642795846183,-0.8561897814979424
2,1,200,False,linear,pbin<=15,Linear|size|netfit|residual,33.655402229246306,slope_base,43.81805190128904,-10.162649672042733
2,1,200,False,linear,pbin15-35,Linear|size|netfit|residual,19.1641071865944,calibrated_delta,17.318094470911696,1.8460127156827042
2,1,200,False,linear,pbin35-65,Linear|size|netfit|residual,16.027732262563163,slope_base,11.181079613842412,4.846652648720751
2,1,200,False,linear,pbin>65,Linear|size|netfit|residual,18.56223271571153,paperA_corr,10.104466583815949,8.457766131895582
2,1,200,False,neural,all,TabPFN|size|netfit|direct,19.54040077595386,slope_base,24.14642795846183,-4.606027182507972
2,1,200,False,neural,pbin<=15,TabPFN|size|netfit|direct,28.78159581440387,slope_base,43.81805190128904,-15.036456086885167
2,1,200,False,neural,pbin15-35,TabPFN|size|netfit|direct,20.93526453177057,calibrated_delta,17.318094470911696,3.617170060858875
2,1,200,False,neural,pbin35-65,TabPFN|size|netfit|direct,15.263279142685365,slope_base,11.181079613842412,4.082199528842953
2,1,200,False,neural,pbin>65,TabPFN|size|netfit|direct,6.751378505450349,paperA_corr,10.104466583815949,-3.3530880783656
2,1,200,False,rawseries,all,CNN|size|raw|residual,17.897029776226216,slope_base,24.14642795846183,-6.249398182235616
2,1,200,False,rawseries,pbin<=15,CNN|size|raw|residual,28.126206332879388,slope_base,43.81805190128904,-15.69184556840965
2,1,200,False,rawseries,pbin15-35,CNN|size|raw|residual,14.837475801030642,calibrated_delta,17.318094470911696,-2.4806186698810535
2,1,200,False,rawseries,pbin35-65,CNN|size|raw|residual,11.675111733378388,slope_base,11.181079613842412,0.4940321195359765
2,1,200,False,rawseries,pbin>65,CNN|size|raw|residual,11.211474644052304,paperA_corr,10.104466583815949,1.107008060236355
2,1,200,False,trees,all,RandomForest|size|netfit|direct,21.844314601329604,slope_base,24.14642795846183,-2.302113357132228
2,1,200,False,trees,pbin<=15,RandomForest|size|netfit|direct,28.932552661967144,slope_base,43.81805190128904,-14.885499239321895
2,1,200,False,trees,pbin15-35,RandomForest|size|netfit|direct,22.81693908402228,calibrated_delta,17.318094470911696,5.498844613110585
2,1,200,False,trees,pbin35-65,RandomForest|size|netfit|direct,16.507985271141475,slope_base,11.181079613842412,5.326905657299063
2,1,200,False,trees,pbin>65,RandomForest|size|netfit|direct,13.425746742936765,paperA_corr,10.104466583815949,3.321280159120816
3,0,62,False,kernel,all,SVR|size|netfit|residual,22.334232139004488,paperA_corr_own,25.98284055459546,-3.648608415590971
3,0,62,False,kernel,pbin<=15,SVR|size|netfit|residual,28.99230183728476,slope_base,36.739053406167024,-7.746751568882264
3,0,62,False,kernel,pbin15-35,SVR|size|netfit|residual,22.46176025769661,slope_base,17.587965500043566,4.8737947576530445
3,0,62,False,kernel,pbin35-65,SVR|size|netfit|residual,14.289166785287366,paperA_corr_own,17.08065015360235,-2.7914833683149833
3,0,62,False,kernel,pbin>65,SVR|size|netfit|residual,16.45396555964453,paperA_corr,14.068936337206248,2.3850292224382823
3,0,62,False,linear,all,Ridge|size|netfit|residual,25.70048202755152,paperA_corr_own,25.98284055459546,-0.2823585270439395
3,0,62,False,linear,pbin<=15,Ridge|size|netfit|residual,30.330292514255223,slope_base,36.739053406167024,-6.4087608919118
3,0,62,False,linear,pbin15-35,Ridge|size|netfit|residual,26.486982780276456,slope_base,17.587965500043566,8.89901728023289
3,0,62,False,linear,pbin35-65,Ridge|size|netfit|residual,24.378910699264217,paperA_corr_own,17.08065015360235,7.2982605456618685
3,0,62,False,linear,pbin>65,Ridge|size|netfit|residual,17.931287128503413,paperA_corr,14.068936337206248,3.8623507912971657
3,0,62,False,neural,all,TabPFN|size|netfit|direct,24.522925743503382,paperA_corr_own,25.98284055459546,-1.4599148110920765
3,0,62,False,neural,pbin<=15,TabPFN|size|netfit|direct,27.17103847889487,slope_base,36.739053406167024,-9.568014927272152
3,0,62,False,neural,pbin15-35,TabPFN|size|netfit|direct,27.820997479225536,slope_base,17.587965500043566,10.23303197918197
3,0,62,False,neural,pbin35-65,TabPFN|size|netfit|direct,15.552213232524098,paperA_corr_own,17.08065015360235,-1.5284369210782511
3,0,62,False,neural,pbin>65,TabPFN|size|netfit|direct,20.85562090760376,paperA_corr,14.068936337206248,6.786684570397513
3,0,62,False,rawseries,all,CNN|size|raw|direct,27.19794974661033,paperA_corr_own,25.98284055459546,1.2151091920148716
3,0,62,False,rawseries,pbin<=15,CNN|size|raw|direct,26.317227795877702,slope_base,36.739053406167024,-10.421825610289321
3,0,62,False,rawseries,pbin15-35,CNN|size|raw|direct,27.374030436244876,slope_base,17.587965500043566,9.78606493620131
3,0,62,False,rawseries,pbin35-65,CNN|size|raw|direct,28.61638194898244,paperA_corr_own,17.08065015360235,11.53573179538009
3,0,62,False,rawseries,pbin>65,CNN|size|raw|direct,27.46755492939742,paperA_corr,14.068936337206248,13.398618592191172
3,0,62,False,trees,all,RandomForest|size|netfit|direct,27.921081360907877,paperA_corr_own,25.98284055459546,1.9382408063124181
3,0,62,False,trees,pbin<=15,RandomForest|size|netfit|direct,30.57173650282081,slope_base,36.739053406167024,-6.167316903346215
3,0,62,False,trees,pbin15-35,RandomForest|size|netfit|direct,25.75427100529381,slope_base,17.587965500043566,8.166305505250243
3,0,62,False,trees,pbin35-65,RandomForest|size|netfit|direct,24.873265788537672,paperA_corr_own,17.08065015360235,7.7926156349353235
3,0,62,False,trees,pbin>65,RandomForest|size|netfit|direct,28.81865566881892,paperA_corr,14.068936337206248,14.749719331612672
3,0,100,False,kernel,all,KernelRidge|size|netfit|direct,22.06130285401692,slope_base,24.599044257738782,-2.5377414037218635
3,0,100,False,kernel,pbin<=15,KernelRidge|size|netfit|direct,29.435496067613588,slope_base,38.12004444095329,-8.684548373339705
3,0,100,False,kernel,pbin15-35,KernelRidge|size|netfit|direct,22.693440452784884,slope_only,18.129569024307774,4.5638714284771105
3,0,100,False,kernel,pbin35-65,KernelRidge|size|netfit|direct,15.83696744895825,paperA_corr_own,16.40221798017823,-0.5652505312199789
3,0,100,False,kernel,pbin>65,KernelRidge|size|netfit|direct,13.156497721583934,paperA_corr_own,14.614412222707273,-1.457914501123339
3,0,100,False,linear,all,Lasso|size|netfit|residual,26.70492257463952,slope_base,24.599044257738782,2.105878316900739
3,0,100,False,linear,pbin<=15,Lasso|size|netfit|residual,30.740471335217816,slope_base,38.12004444095329,-7.379573105735478
3,0,100,False,linear,pbin15-35,Lasso|size|netfit|residual,24.78789471284997,slope_only,18.129569024307774,6.658325688542195
3,0,100,False,linear,pbin35-65,Lasso|size|netfit|residual,29.730189253192098,paperA_corr_own,16.40221798017823,13.327971273013869
3,0,100,False,linear,pbin>65,Lasso|size|netfit|residual,21.27351945083088,paperA_corr_own,14.614412222707273,6.659107228123606
3,0,100,False,neural,all,TabPFN|size|netfit|direct,19.31667354999547,slope_base,24.599044257738782,-5.282370707743311
3,0,100,False,neural,pbin<=15,TabPFN|size|netfit|direct,27.7299582823856,slope_base,38.12004444095329,-10.390086158567694
3,0,100,False,neural,pbin15-35,TabPFN|size|netfit|direct,17.984292103076076,slope_only,18.129569024307774,-0.145276921231698
3,0,100,False,neural,pbin35-65,TabPFN|size|netfit|direct,15.146602984777369,paperA_corr_own,16.40221798017823,-1.25561499540086
3,0,100,False,neural,pbin>65,TabPFN|size|netfit|direct,10.439498915749263,paperA_corr_own,14.614412222707273,-4.174913306958009
3,0,100,False,rawseries,all,CNN|size|raw|direct,26.257774551523067,slope_base,24.599044257738782,1.6587302937842843
3,0,100,False,rawseries,pbin<=15,CNN|size|raw|direct,34.14463724883255,slope_base,38.12004444095329,-3.9754071921207412
3,0,100,False,rawseries,pbin15-35,CNN|size|raw|direct,25.856295594485815,slope_only,18.129569024307774,7.726726570178041
3,0,100,False,rawseries,pbin35-65,CNN|size|raw|direct,16.87509153638747,paperA_corr_own,16.40221798017823,0.4728735562092403
3,0,100,False,rawseries,pbin>65,CNN|size|raw|direct,20.032371896637216,paperA_corr_own,14.614412222707273,5.417959673929943
3,0,100,False,trees,all,ExtraTrees|size|netfit|direct,20.56417841477285,slope_base,24.599044257738782,-4.034865842965932
3,0,100,False,trees,pbin<=15,ExtraTrees|size|netfit|direct,27.1963327605857,slope_base,38.12004444095329,-10.923711680367592
3,0,100,False,trees,pbin15-35,ExtraTrees|size|netfit|direct,19.233765398531062,slope_only,18.129569024307774,1.1041963742232888
3,0,100,False,trees,pbin35-65,ExtraTrees|size|netfit|direct,19.444841239320628,paperA_corr_own,16.40221798017823,3.042623259142399
3,0,100,False,trees,pbin>65,ExtraTrees|size|netfit|direct,12.652483241278189,paperA_corr_own,14.614412222707273,-1.9619289814290841
3,0,200,False,kernel,all,SVR|size|netfit|direct,22.440089889101,slope_base,26.848260416801377,-4.408170527700378
3,0,200,False,kernel,pbin<=15,SVR|size|netfit|direct,32.868309206809,slope_base,43.01175592969735,-10.14344672288835
3,0,200,False,kernel,pbin15-35,SVR|size|netfit|direct,21.258073017474967,calibrated_delta,16.949033088814247,4.30903992866072
3,0,200,False,kernel,pbin35-65,SVR|size|netfit|direct,12.080265066801063,slope_base,16.971204231296266,-4.890939164495203
3,0,200,False,kernel,pbin>65,SVR|size|netfit|direct,13.927666739800353,paperA_corr,14.266723018030342,-0.3390562782299895
3,0,200,False,linear,all,Lasso|size|netfit|residual,24.54396055956628,slope_base,26.848260416801377,-2.3042998572350974
3,0,200,False,linear,pbin<=15,Lasso|size|netfit|residual,34.209922741788205,slope_base,43.01175592969735,-8.801833187909146
3,0,200,False,linear,pbin15-35,Lasso|size|netfit|residual,18.862713783040423,calibrated_delta,16.949033088814247,1.9136806942261764
3,0,200,False,linear,pbin35-65,Lasso|size|netfit|residual,23.382468078011534,slope_base,16.971204231296266,6.4112638467152685
3,0,200,False,linear,pbin>65,Lasso|size|netfit|residual,18.35011210425639,paperA_corr,14.266723018030342,4.083389086226047
3,0,200,False,neural,all,TabPFN|size|netfit|direct,20.55643304357965,slope_base,26.848260416801377,-6.291827373221729
3,0,200,False,neural,pbin<=15,TabPFN|size|netfit|direct,30.831718484045616,slope_base,43.01175592969735,-12.180037445651735
3,0,200,False,neural,pbin15-35,TabPFN|size|netfit|direct,20.535221517429765,calibrated_delta,16.949033088814247,3.586188428615518
3,0,200,False,neural,pbin35-65,TabPFN|size|netfit|direct,11.175992479232828,slope_base,16.971204231296266,-5.795211752063437
3,0,200,False,neural,pbin>65,TabPFN|size|netfit|direct,9.940150880023728,paperA_corr,14.266723018030342,-4.326572138006615
3,0,200,False,rawseries,all,CNN|size|raw|residual,20.437905029955804,slope_base,26.848260416801377,-6.410355386845573
3,0,200,False,rawseries,pbin<=15,CNN|size|raw|residual,25.87091562178404,slope_base,43.01175592969735,-17.14084030791331
3,0,200,False,rawseries,pbin15-35,CNN|size|raw|residual,19.74168513448137,calibrated_delta,16.949033088814247,2.792652045667122
3,0,200,False,rawseries,pbin35-65,CNN|size|raw|residual,13.829459577830631,slope_base,16.971204231296266,-3.1417446534656346
3,0,200,False,rawseries,pbin>65,CNN|size|raw|residual,16.86964971637385,paperA_corr,14.266723018030342,2.6029266983435075
3,0,200,False,trees,all,ExtraTrees|size|netfit|residual,22.677409949279166,slope_base,26.848260416801377,-4.170850467522211
3,0,200,False,trees,pbin<=15,ExtraTrees|size|netfit|residual,30.121642401567417,slope_base,43.01175592969735,-12.890113528129934
3,0,200,False,trees,pbin15-35,ExtraTrees|size|netfit|residual,24.43997725880632,calibrated_delta,16.949033088814247,7.490944169992073
3,0,200,False,trees,pbin35-65,ExtraTrees|size|netfit|residual,15.960064406161749,slope_base,16.971204231296266,-1.0111398251345172
3,0,200,False,trees,pbin>65,ExtraTrees|size|netfit|residual,12.264689910342904,paperA_corr,14.266723018030342,-2.0020331076874385
3,0,292,True,kernel,all,SVR|size|netfit|direct,22.45063937222457,slope_base,27.259425576697254,-4.8087862044726855
3,0,292,True,kernel,pbin<=15,SVR|size|netfit|direct,32.398347674845255,slope_base,43.278084806494114,-10.87973713164886
3,0,292,True,kernel,pbin15-35,SVR|size|netfit|direct,21.926699490250616,calibrated_delta,18.83753697682605,3.089162513424565
3,0,292,True,kernel,pbin35-65,SVR|size|netfit|direct,12.500405747207935,slope_base,16.98203610802963,-4.481630360821693
3,0,292,True,kernel,pbin>65,SVR|size|netfit|direct,13.46467796744862,paperA_corr_own,14.189873134055905,-0.7251951666072838
3,0,292,True,linear,all,PLS|size|netfit|residual,23.6741660776983,slope_base,27.259425576697254,-3.585259498998955
3,0,292,True,linear,pbin<=15,PLS|size|netfit|residual,33.37652305873369,slope_base,43.278084806494114,-9.901561747760425
3,0,292,True,linear,pbin15-35,PLS|size|netfit|residual,18.344405100804533,calibrated_delta,18.83753697682605,-0.4931318760215184
3,0,292,True,linear,pbin35-65,PLS|size|netfit|residual,21.37999769465251,slope_base,16.98203610802963,4.3979615866228805
3,0,292,True,linear,pbin>65,PLS|size|netfit|residual,17.59119074696858,paperA_corr_own,14.189873134055905,3.401317612912674
3,0,292,True,neural,all,TabPFN|size|netfit|direct,19.874708292731533,slope_base,27.259425576697254,-7.3847172839657205
3,0,292,True,neural,pbin<=15,TabPFN|size|netfit|direct,30.29231654241753,slope_base,43.278084806494114,-12.985768264076583
3,0,292,True,neural,pbin15-35,TabPFN|size|netfit|direct,18.75498204889609,calibrated_delta,18.83753697682605,-0.08255492792996222
3,0,292,True,neural,pbin35-65,TabPFN|size|netfit|direct,11.12208519094742,slope_base,16.98203610802963,-5.859950917082209
3,0,292,True,neural,pbin>65,TabPFN|size|netfit|direct,10.295894142226526,paperA_corr_own,14.189873134055905,-3.8939789918293783
3,0,292,True,rawseries,all,CNN|size|raw|residual,17.730563526370588,slope_base,27.259425576697254,-9.528862050326666
3,0,292,True,rawseries,pbin<=15,CNN|size|raw|residual,25.644787761287454,slope_base,43.278084806494114,-17.63329704520666
3,0,292,True,rawseries,pbin15-35,CNN|size|raw|residual,16.744887751366626,calibrated_delta,18.83753697682605,-2.092649225459425
3,0,292,True,rawseries,pbin35-65,CNN|size|raw|residual,11.617381925881986,slope_base,16.98203610802963,-5.364654182147643
3,0,292,True,rawseries,pbin>65,CNN|size|raw|residual,10.326408229347884,paperA_corr_own,14.189873134055905,-3.863464904708021
3,0,292,True,trees,all,ExtraTrees|size|netfit|direct,22.69473839319141,slope_base,27.259425576697254,-4.564687183505843
3,0,292,True,trees,pbin<=15,ExtraTrees|size|netfit|direct,31.916032579646952,slope_base,43.278084806494114,-11.362052226847162
3,0,292,True,trees,pbin15-35,ExtraTrees|size|netfit|direct,21.944171849456485,calibrated_delta,18.83753697682605,3.1066348726304334
3,0,292,True,trees,pbin35-65,ExtraTrees|size|netfit|direct,16.062901707737755,slope_base,16.98203610802963,-0.919134400291874
3,0,292,True,trees,pbin>65,ExtraTrees|size|netfit|direct,13.167199201143434,paperA_corr_own,14.189873134055905,-1.02267393291247
3,1,32,False,kernel,all,SVR|size|netfit|direct,29.28668323502594,paperA_corr_own,26.20871218236653,3.077971052659411
3,1,32,False,kernel,pbin<=15,SVR|size|netfit|direct,32.09627894635774,calibrated_delta,33.11419905941557,-1.0179201130578264
3,1,32,False,kernel,pbin15-35,SVR|size|netfit|direct,27.772868124776984,paperA_corr,20.949934526550525,6.822933598226459
3,1,32,False,kernel,pbin35-65,SVR|size|netfit|direct,33.218464358364265,paperA_corr_own,19.865458537067685,13.35300582129658
3,1,32,False,kernel,pbin>65,SVR|size|netfit|direct,24.65047261646313,paperA_corr,14.4955423448294,10.15493027163373
3,1,32,False,linear,all,Lasso|size|netfit|direct,28.86480701212001,paperA_corr_own,26.20871218236653,2.6560948297534814
3,1,32,False,linear,pbin<=15,Lasso|size|netfit|direct,32.59702060209921,calibrated_delta,33.11419905941557,-0.517178457316362
3,1,32,False,linear,pbin15-35,Lasso|size|netfit|direct,27.324090580170363,paperA_corr,20.949934526550525,6.3741560536198385
3,1,32,False,linear,pbin35-65,Lasso|size|netfit|direct,32.00702306141757,paperA_corr_own,19.865458537067685,12.141564524349885
3,1,32,False,linear,pbin>65,Lasso|size|netfit|direct,23.28048683492569,paperA_corr,14.4955423448294,8.78494449009629
3,1,32,False,neural,all,TabPFN|size|netfit|residual,31.38096984065089,paperA_corr_own,26.20871218236653,5.172257658284362
3,1,32,False,neural,pbin<=15,TabPFN|size|netfit|residual,30.866997090700814,calibrated_delta,33.11419905941557,-2.247201968714755
3,1,32,False,neural,pbin15-35,TabPFN|size|netfit|residual,30.908846270906515,paperA_corr,20.949934526550525,9.95891174435599
3,1,32,False,neural,pbin35-65,TabPFN|size|netfit|residual,35.53116073743089,paperA_corr_own,19.865458537067685,15.665702200363203
3,1,32,False,neural,pbin>65,TabPFN|size|netfit|residual,30.35669668816231,paperA_corr,14.4955423448294,15.86115434333291
3,1,32,False,rawseries,all,CNN|size|raw|residual,30.531569380259334,paperA_corr_own,26.20871218236653,4.322857197892805
3,1,32,False,rawseries,pbin<=15,CNN|size|raw|residual,30.55819994079412,calibrated_delta,33.11419905941557,-2.5559991186214504
3,1,32,False,rawseries,pbin15-35,CNN|size|raw|residual,32.028217818637856,paperA_corr,20.949934526550525,11.078283292087331
3,1,32,False,rawseries,pbin35-65,CNN|size|raw|residual,34.91700371722431,paperA_corr_own,19.865458537067685,15.051545180156626
3,1,32,False,rawseries,pbin>65,CNN|size|raw|residual,25.538342995508422,paperA_corr,14.4955423448294,11.042800650679023
3,1,32,False,trees,all,ExtraTrees|size|netfit|direct,35.35150767244552,paperA_corr_own,26.20871218236653,9.142795490078992
3,1,32,False,trees,pbin<=15,ExtraTrees|size|netfit|direct,32.404229998272115,calibrated_delta,33.11419905941557,-0.7099690611434539
3,1,32,False,trees,pbin15-35,ExtraTrees|size|netfit|direct,32.29932305159608,paperA_corr,20.949934526550525,11.349388525045558
3,1,32,False,trees,pbin35-65,ExtraTrees|size|netfit|direct,39.87424621127937,paperA_corr_own,19.865458537067685,20.008787674211685
3,1,32,False,trees,pbin>65,ExtraTrees|size|netfit|direct,41.86635751118104,paperA_corr,14.4955423448294,27.370815166351644
3,1,62,False,kernel,all,SVR|size|netfit|direct,25.494361210854787,paperA_corr_own,25.854103582015988,-0.3597423711612002
3,1,62,False,kernel,pbin<=15,SVR|size|netfit|direct,29.84035157606661,slope_base,37.19308547935351,-7.352733903286904
3,1,62,False,kernel,pbin15-35,SVR|size|netfit|direct,25.271823866167804,slope_base,17.43891745811026,7.832906408057543
3,1,62,False,kernel,pbin35-65,SVR|size|netfit|direct,20.26219686687978,paperA_corr_own,17.667663902657786,2.594532964221994
3,1,62,False,kernel,pbin>65,SVR|size|netfit|direct,22.103994159214828,paperA_corr,14.241169698888692,7.862824460326136
3,1,62,False,linear,all,ElasticNet|size|netfit|residual,24.64236173044768,paperA_corr_own,25.854103582015988,-1.2117418515683092
3,1,62,False,linear,pbin<=15,ElasticNet|size|netfit|residual,30.70845754973832,slope_base,37.19308547935351,-6.484627929615193
3,1,62,False,linear,pbin15-35,ElasticNet|size|netfit|residual,22.19967153483273,slope_base,17.43891745811026,4.7607540767224705
3,1,62,False,linear,pbin35-65,ElasticNet|size|netfit|residual,24.889556639148623,paperA_corr_own,17.667663902657786,7.221892736490837
3,1,62,False,linear,pbin>65,ElasticNet|size|netfit|residual,18.466246441025213,paperA_corr,14.241169698888692,4.225076742136521
3,1,62,False,neural,all,TabPFN|size|netfit|residual,23.81353211929933,paperA_corr_own,25.854103582015988,-2.040571462716656
3,1,62,False,neural,pbin<=15,TabPFN|size|netfit|residual,26.15003744938025,slope_base,37.19308547935351,-11.043048029973264
3,1,62,False,neural,pbin15-35,TabPFN|size|netfit|residual,26.106164518894285,slope_base,17.43891745811026,8.667247060784025
3,1,62,False,neural,pbin35-65,TabPFN|size|netfit|residual,19.75251080301287,paperA_corr_own,17.667663902657786,2.0848469003550854
3,1,62,False,neural,pbin>65,TabPFN|size|netfit|residual,19.132605757072657,paperA_corr,14.241169698888692,4.891436058183965
3,1,62,False,rawseries,all,CNN|size|raw|direct,20.047258400654457,paperA_corr_own,25.854103582015988,-5.806845181361531
3,1,62,False,rawseries,pbin<=15,CNN|size|raw|direct,23.444478941909576,slope_base,37.19308547935351,-13.748606537443937
3,1,62,False,rawseries,pbin15-35,CNN|size|raw|direct,20.377423074642167,slope_base,17.43891745811026,2.9385056165319057
3,1,62,False,rawseries,pbin35-65,CNN|size|raw|direct,19.401169264110397,paperA_corr_own,17.667663902657786,1.733505361452611
3,1,62,False,rawseries,pbin>65,CNN|size|raw|direct,14.51842670074796,paperA_corr,14.241169698888692,0.2772570018592688
3,1,62,False,trees,all,ExtraTrees|size|netfit|residual,25.07059752784344,paperA_corr_own,25.854103582015988,-0.7835060541725483
3,1,62,False,trees,pbin<=15,ExtraTrees|size|netfit|residual,29.00179648557055,slope_base,37.19308547935351,-8.191288993782962
3,1,62,False,trees,pbin15-35,ExtraTrees|size|netfit|residual,24.22728108836521,slope_base,17.43891745811026,6.788363630254949
3,1,62,False,trees,pbin35-65,ExtraTrees|size|netfit|residual,24.477215218254617,paperA_corr_own,17.667663902657786,6.809551315596831
3,1,62,False,trees,pbin>65,ExtraTrees|size|netfit|residual,20.42004741373895,paperA_corr,14.241169698888692,6.178877714850257
3,1,100,False,kernel,all,SVR|size|netfit|direct,19.15462615615792,slope_base,24.69853022527364,-5.543904069115719
3,1,100,False,kernel,pbin<=15,SVR|size|netfit|direct,27.57693381084708,slope_base,38.10314718510832,-10.52621337426124
3,1,100,False,kernel,pbin15-35,SVR|size|netfit|direct,19.924175622628574,slope_only,18.497378027218858,1.4267975954097167
3,1,100,False,kernel,pbin35-65,SVR|size|netfit|direct,11.640783420598522,paperA_corr_own,16.87635146768628,-5.235568047087758
3,1,100,False,kernel,pbin>65,SVR|size|netfit|direct,9.16193345833582,paperA_corr_own,14.172638991505732,-5.0107055331699115
3,1,100,False,linear,all,ElasticNet|size|netfit|residual,23.891923009750325,slope_base,24.69853022527364,-0.8066072155233144
3,1,100,False,linear,pbin<=15,ElasticNet|size|netfit|residual,29.204899939867467,slope_base,38.10314718510832,-8.898247245240853
3,1,100,False,linear,pbin15-35,ElasticNet|size|netfit|residual,21.56701865218048,slope_only,18.497378027218858,3.0696406249616217
3,1,100,False,linear,pbin35-65,ElasticNet|size|netfit|residual,23.177696774530045,paperA_corr_own,16.87635146768628,6.301345306843764
3,1,100,False,linear,pbin>65,ElasticNet|size|netfit|residual,19.334582401290792,paperA_corr_own,14.172638991505732,5.16194340978506
3,1,100,False,neural,all,TabPFN|size|netfit|residual,18.03877117615068,slope_base,24.69853022527364,-6.659759049122961
3,1,100,False,neural,pbin<=15,TabPFN|size|netfit|residual,26.12670833855632,slope_base,38.10314718510832,-11.976438846552
3,1,100,False,neural,pbin15-35,TabPFN|size|netfit|residual,19.27122562819641,slope_only,18.497378027218858,0.7738476009775539
3,1,100,False,neural,pbin35-65,TabPFN|size|netfit|residual,11.381958756864032,paperA_corr_own,16.87635146768628,-5.494392710822249
3,1,100,False,neural,pbin>65,TabPFN|size|netfit|residual,7.35684480011485,paperA_corr_own,14.172638991505732,-6.815794191390882
3,1,100,False,rawseries,all,CNN|size|raw|residual,16.155139729407647,slope_base,24.69853022527364,-8.543390495865992
3,1,100,False,rawseries,pbin<=15,CNN|size|raw|residual,21.715695091196665,slope_base,38.10314718510832,-16.387452093911655
3,1,100,False,rawseries,pbin15-35,CNN|size|raw|residual,16.635901324512172,slope_only,18.497378027218858,-1.8614767027066854
3,1,100,False,rawseries,pbin35-65,CNN|size|raw|residual,12.424647640446022,paperA_corr_own,16.87635146768628,-4.451703827240259
3,1,100,False,rawseries,pbin>65,CNN|size|raw|residual,8.841250553075305,paperA_corr_own,14.172638991505732,-5.331388438430427
3,1,100,False,trees,all,RandomForest|size|netfit|residual,20.483083585936864,slope_base,24.69853022527364,-4.2154466393367755
3,1,100,False,trees,pbin<=15,RandomForest|size|netfit|residual,26.83718043970071,slope_base,38.10314718510832,-11.26596674540761
3,1,100,False,trees,pbin15-35,RandomForest|size|netfit|residual,22.197371586948837,slope_only,18.497378027218858,3.699993559729979
3,1,100,False,trees,pbin35-65,RandomForest|size|netfit|residual,16.479745312753572,paperA_corr_own,16.87635146768628,-0.3966061549327087
3,1,100,False,trees,pbin>65,RandomForest|size|netfit|residual,10.214218200912349,paperA_corr_own,14.172638991505732,-3.958420790593383
3,1,200,False,kernel,all,SVR|size|netfit|residual,22.12321864224109,slope_base,26.432422848856195,-4.309204206615107
3,1,200,False,kernel,pbin<=15,SVR|size|netfit|residual,30.823801470916244,slope_base,42.18260860646401,-11.358807135547764
3,1,200,False,kernel,pbin15-35,SVR|size|netfit|residual,21.904855815119458,calibrated_delta,16.27795131402584,5.626904501093616
3,1,200,False,kernel,pbin35-65,SVR|size|netfit|residual,13.447545987595491,slope_base,17.19156972279928,-3.744023735203788
3,1,200,False,kernel,pbin>65,SVR|size|netfit|residual,13.886444002971214,paperA_corr,14.100570808026015,-0.21412680505480175
3,1,200,False,linear,all,Ridge|size|netfit|residual,23.632551183766072,slope_base,26.432422848856195,-2.799871665090123
3,1,200,False,linear,pbin<=15,Ridge|size|netfit|residual,31.189409639397976,slope_base,42.18260860646401,-10.993198967066032
3,1,200,False,linear,pbin15-35,Ridge|size|netfit|residual,19.39697698235505,calibrated_delta,16.27795131402584,3.1190256683292077
3,1,200,False,linear,pbin35-65,Ridge|size|netfit|residual,21.63609621183084,slope_base,17.19156972279928,4.44452648903156
3,1,200,False,linear,pbin>65,Ridge|size|netfit|residual,19.150664304356244,paperA_corr,14.100570808026015,5.050093496330229
3,1,200,False,neural,all,TabPFN|size|netfit|direct,19.67242599747769,slope_base,26.432422848856195,-6.7599968513785065
3,1,200,False,neural,pbin<=15,TabPFN|size|netfit|direct,28.94180672112735,slope_base,42.18260860646401,-13.240801885336658
3,1,200,False,neural,pbin15-35,TabPFN|size|netfit|direct,19.9958681902383,calibrated_delta,16.27795131402584,3.7179168762124597
3,1,200,False,neural,pbin35-65,TabPFN|size|netfit|direct,11.634633718780933,slope_base,17.19156972279928,-5.556936004018347
3,1,200,False,neural,pbin>65,TabPFN|size|netfit|direct,9.319072746072864,paperA_corr,14.100570808026015,-4.781498061953151
3,1,200,False,rawseries,all,CNN|size|raw|residual,17.96156734535164,slope_base,26.432422848856195,-8.470855503504556
3,1,200,False,rawseries,pbin<=15,CNN|size|raw|residual,24.102754422721944,slope_base,42.18260860646401,-18.079854183742064
3,1,200,False,rawseries,pbin15-35,CNN|size|raw|residual,19.63814048108114,calibrated_delta,16.27795131402584,3.3601891670552995
3,1,200,False,rawseries,pbin35-65,CNN|size|raw|residual,10.803677983645615,slope_base,17.19156972279928,-6.387891739153664
3,1,200,False,rawseries,pbin>65,CNN|size|raw|residual,10.032276576107918,paperA_corr,14.100570808026015,-4.068294231918097
3,1,200,False,trees,all,ExtraTrees|size|netfit|residual,22.34982277432303,slope_base,26.432422848856195,-4.082600074533165
3,1,200,False,trees,pbin<=15,ExtraTrees|size|netfit|residual,28.74475138146708,slope_base,42.18260860646401,-13.437857224996929
3,1,200,False,trees,pbin15-35,ExtraTrees|size|netfit|residual,23.869637192039495,calibrated_delta,16.27795131402584,7.591685878013653
3,1,200,False,trees,pbin35-65,ExtraTrees|size|netfit|residual,17.65458458663537,slope_base,17.19156972279928,0.46301486383609003
3,1,200,False,trees,pbin>65,ExtraTrees|size|netfit|residual,12.73413832978288,paperA_corr,14.100570808026015,-1.3664324782431354
4,0,62,False,kernel,all,SVR|size|netfit|direct,25.10656218639844,paperA_corr_own,29.72528569550169,-4.618723509103251
4,0,62,False,kernel,pbin<=15,SVR|size|netfit|direct,35.66136908516079,slope_base,43.36058943885842,-7.699220353697626
4,0,62,False,kernel,pbin15-35,SVR|size|netfit|direct,22.025363567688053,slope_base,20.6512216681682,1.3741418995198522
4,0,62,False,kernel,pbin35-65,SVR|size|netfit|direct,20.907640062340697,paperA_corr_own,21.58076014671044,-0.6731200843697422
4,0,62,False,kernel,pbin>65,SVR|size|netfit|direct,15.94396195550704,paperA_corr,17.295644788669115,-1.3516828331620747
4,0,62,False,linear,all,Ridge|size|netfit|direct,28.390265327855825,paperA_corr_own,29.72528569550169,-1.335020367645864
4,0,62,False,linear,pbin<=15,Ridge|size|netfit|direct,38.31906298063896,slope_base,43.36058943885842,-5.041526458219458
4,0,62,False,linear,pbin15-35,Ridge|size|netfit|direct,25.69405148108357,slope_base,20.6512216681682,5.042829812915368
4,0,62,False,linear,pbin35-65,Ridge|size|netfit|direct,20.851865408723768,paperA_corr_own,21.58076014671044,-0.7288947379866713
4,0,62,False,linear,pbin>65,Ridge|size|netfit|direct,21.72195968372345,paperA_corr,17.295644788669115,4.426314895054336
4,0,62,False,neural,all,TabPFN|size|netfit|direct,22.746009333901902,paperA_corr_own,29.72528569550169,-6.979276361599787
4,0,62,False,neural,pbin<=15,TabPFN|size|netfit|direct,24.78025021759906,slope_base,43.36058943885842,-18.580339221259358
4,0,62,False,neural,pbin15-35,TabPFN|size|netfit|direct,23.00424869676726,slope_base,20.6512216681682,2.353027028599058
4,0,62,False,neural,pbin35-65,TabPFN|size|netfit|direct,22.26517575842771,paperA_corr_own,21.58076014671044,0.6844156117172702
4,0,62,False,neural,pbin>65,TabPFN|size|netfit|direct,19.455697372874177,paperA_corr,17.295644788669115,2.1600525842050615
4,0,62,False,rawseries,all,CNN|size|raw|direct,26.314041787408648,paperA_corr_own,29.72528569550169,-3.4112439080930415
4,0,62,False,rawseries,pbin<=15,CNN|size|raw|direct,33.49728429673456,slope_base,43.36058943885842,-9.863305142123856
4,0,62,False,rawseries,pbin15-35,CNN|size|raw|direct,20.288972958842194,slope_base,20.6512216681682,-0.36224870932600695
4,0,62,False,rawseries,pbin35-65,CNN|size|raw|direct,24.889892383713278,paperA_corr_own,21.58076014671044,3.3091322370028387
4,0,62,False,rawseries,pbin>65,CNN|size|raw|direct,25.24654990594875,paperA_corr,17.295644788669115,7.9509051172796354
4,0,62,False,trees,all,RandomForest|size|netfit|direct,28.72846689120493,paperA_corr_own,29.72528569550169,-0.9968188042967583
4,0,62,False,trees,pbin<=15,RandomForest|size|netfit|direct,33.36978586545068,slope_base,43.36058943885842,-9.990803573407739
4,0,62,False,trees,pbin15-35,RandomForest|size|netfit|direct,24.989528523167603,slope_base,20.6512216681682,4.338306854999402
4,0,62,False,trees,pbin35-65,RandomForest|size|netfit|direct,27.39468853688304,paperA_corr_own,21.58076014671044,5.813928390172602
4,0,62,False,trees,pbin>65,RandomForest|size|netfit|direct,28.061460985366864,paperA_corr,17.295644788669115,10.765816196697749
4,0,100,False,kernel,all,KernelRidge|size|netfit|direct,24.99079425045263,slope_base,30.170355008590672,-5.179560758138042
4,0,100,False,kernel,pbin<=15,KernelRidge|size|netfit|direct,36.86207177119933,slope_base,48.86173813308508,-11.999666361885751
4,0,100,False,kernel,pbin15-35,KernelRidge|size|netfit|direct,20.96132629516749,slope_only,19.900772682500538,1.0605536126669506
4,0,100,False,kernel,pbin35-65,KernelRidge|size|netfit|direct,19.885709676795308,paperA_corr_own,21.54164097371008,-1.6559312969147726
4,0,100,False,kernel,pbin>65,KernelRidge|size|netfit|direct,15.798424124475464,paperA_corr_own,17.03494637007036,-1.236522245594898
4,0,100,False,linear,all,Ridge|size|netfit|residual,26.01785176458,slope_base,30.170355008590672,-4.152503244010671
4,0,100,False,linear,pbin<=15,Ridge|size|netfit|residual,36.32043626392928,slope_base,48.86173813308508,-12.541301869155802
4,0,100,False,linear,pbin15-35,Ridge|size|netfit|residual,21.66168264701277,slope_only,19.900772682500538,1.7609099645122335
4,0,100,False,linear,pbin35-65,Ridge|size|netfit|residual,22.34256620008616,paperA_corr_own,21.54164097371008,0.80092522637608
4,0,100,False,linear,pbin>65,Ridge|size|netfit|residual,18.892003122959675,paperA_corr_own,17.03494637007036,1.8570567528893136
4,0,100,False,neural,all,TabPFN|size|netfit|direct,21.748563083922104,slope_base,30.170355008590672,-8.421791924668568
4,0,100,False,neural,pbin<=15,TabPFN|size|netfit|direct,30.55594694414469,slope_base,48.86173813308508,-18.305791188940393
4,0,100,False,neural,pbin15-35,TabPFN|size|netfit|direct,19.233546666895908,slope_only,19.900772682500538,-0.6672260156046299
4,0,100,False,neural,pbin35-65,TabPFN|size|netfit|direct,19.036508471203632,paperA_corr_own,21.54164097371008,-2.5051325025064486
4,0,100,False,neural,pbin>65,TabPFN|size|netfit|direct,13.5168435926028,paperA_corr_own,17.03494637007036,-3.5181027774675613
4,0,100,False,rawseries,all,CNN|size|raw|residual,17.035661560841863,slope_base,30.170355008590672,-13.134693447748809
4,0,100,False,rawseries,pbin<=15,CNN|size|raw|residual,21.559505995889555,slope_base,48.86173813308508,-27.302232137195528
4,0,100,False,rawseries,pbin15-35,CNN|size|raw|residual,16.642712574320516,slope_only,19.900772682500538,-3.258060108180022
4,0,100,False,rawseries,pbin35-65,CNN|size|raw|residual,15.175326733768228,paperA_corr_own,21.54164097371008,-6.366314239941852
4,0,100,False,rawseries,pbin>65,CNN|size|raw|residual,11.712702734570266,paperA_corr_own,17.03494637007036,-5.3222436355000955
4,0,100,False,trees,all,RandomForest|size|netfit|direct,24.91247856838839,slope_base,30.170355008590672,-5.257876440202281
4,0,100,False,trees,pbin<=15,RandomForest|size|netfit|direct,37.44872840985086,slope_base,48.86173813308508,-11.413009723234225
4,0,100,False,trees,pbin15-35,RandomForest|size|netfit|direct,19.34298241952425,slope_only,19.900772682500538,-0.5577902629762868
4,0,100,False,trees,pbin35-65,RandomForest|size|netfit|direct,20.534770819323796,paperA_corr_own,21.54164097371008,-1.0068701543862844
4,0,100,False,trees,pbin>65,RandomForest|size|netfit|direct,16.597819350704288,paperA_corr_own,17.03494637007036,-0.43712701936607345
4,0,200,False,kernel,all,KernelRidge|size|netfit|direct,23.146212798195364,slope_base,30.30877851375198,-7.162565715556617
4,0,200,False,kernel,pbin<=15,KernelRidge|size|netfit|direct,34.847342845742375,slope_base,49.02958917245088,-14.182246326708508
4,0,200,False,kernel,pbin15-35,KernelRidge|size|netfit|direct,19.654095016023227,calibrated_delta,19.484549266654582,0.16954574936864475
4,0,200,False,kernel,pbin35-65,KernelRidge|size|netfit|direct,20.34032662602034,slope_base,21.021885887580257,-0.6815592615599186
4,0,200,False,kernel,pbin>65,KernelRidge|size|netfit|direct,11.940094524573752,paperA_corr,16.98202102191008,-5.041926497336327
4,0,200,False,linear,all,ElasticNet|size|netfit|residual,25.017553369273728,slope_base,30.30877851375198,-5.291225144478254
4,0,200,False,linear,pbin<=15,ElasticNet|size|netfit|residual,34.40781023053311,slope_base,49.02958917245088,-14.621778941917775
4,0,200,False,linear,pbin15-35,ElasticNet|size|netfit|residual,21.1473827460181,calibrated_delta,19.484549266654582,1.6628334793635169
4,0,200,False,linear,pbin35-65,ElasticNet|size|netfit|residual,23.731436929352288,slope_base,21.021885887580257,2.7095510417720305
4,0,200,False,linear,pbin>65,ElasticNet|size|netfit|residual,17.066044890778095,paperA_corr,16.98202102191008,0.08402386886801594
4,0,200,False,neural,all,TabPFN|size|netfit|direct,20.30264662990005,slope_base,30.30877851375198,-10.006131883851932
4,0,200,False,neural,pbin<=15,TabPFN|size|netfit|direct,29.966413622924996,slope_base,49.02958917245088,-19.063175549525887
4,0,200,False,neural,pbin15-35,TabPFN|size|netfit|direct,18.2268109695189,calibrated_delta,19.484549266654582,-1.2577382971356812
4,0,200,False,neural,pbin35-65,TabPFN|size|netfit|direct,16.98876058301403,slope_base,21.021885887580257,-4.0331253045662265
4,0,200,False,neural,pbin>65,TabPFN|size|netfit|direct,10.426822445715183,paperA_corr,16.98202102191008,-6.555198576194895
4,0,200,False,rawseries,all,CNN|size|raw|residual,15.904148168077514,slope_base,30.30877851375198,-14.404630345674468
4,0,200,False,rawseries,pbin<=15,CNN|size|raw|residual,24.08927802846556,slope_base,49.02958917245088,-24.940311143985323
4,0,200,False,rawseries,pbin15-35,CNN|size|raw|residual,13.461895990557329,calibrated_delta,19.484549266654582,-6.0226532760972535
4,0,200,False,rawseries,pbin35-65,CNN|size|raw|residual,13.626208869064572,slope_base,21.021885887580257,-7.395677018515686
4,0,200,False,rawseries,pbin>65,CNN|size|raw|residual,8.26325215955232,paperA_corr,16.98202102191008,-8.71876886235776
4,0,200,False,trees,all,ExtraTrees|size|netfit|direct,24.524774836005346,slope_base,30.30877851375198,-5.784003677746636
4,0,200,False,trees,pbin<=15,ExtraTrees|size|netfit|direct,34.68597363983657,slope_base,49.02958917245088,-14.343615532614315
4,0,200,False,trees,pbin15-35,ExtraTrees|size|netfit|direct,22.36604313164777,calibrated_delta,19.484549266654582,2.881493864993189
4,0,200,False,trees,pbin35-65,ExtraTrees|size|netfit|direct,21.13260694068423,slope_base,21.021885887580257,0.11072105310397262
4,0,200,False,trees,pbin>65,ExtraTrees|size|netfit|direct,14.04535374924766,paperA_corr,16.98202102191008,-2.936667272662419
4,0,292,True,kernel,all,SVR|size|netfit|direct,23.7328703545423,slope_base,31.624648081738734,-7.891777727196434
4,0,292,True,kernel,pbin<=15,SVR|size|netfit|direct,34.86406776511724,slope_base,50.84143100486367,-15.977363239746431
4,0,292,True,kernel,pbin15-35,SVR|size|netfit|direct,22.293132961680733,calibrated_delta,20.51583482263469,1.7772981390460423
4,0,292,True,kernel,pbin35-65,SVR|size|netfit|direct,16.720871267205915,slope_base,21.353622612045147,-4.632751344839232
4,0,292,True,kernel,pbin>65,SVR|size|netfit|direct,12.902006210037085,paperA_corr_own,17.155724875138834,-4.253718665101749
4,0,292,True,linear,all,PLS|size|netfit|residual,25.137268260490032,slope_base,31.624648081738734,-6.487379821248702
4,0,292,True,linear,pbin<=15,PLS|size|netfit|residual,36.60768386215952,slope_base,50.84143100486367,-14.233747142704154
4,0,292,True,linear,pbin15-35,PLS|size|netfit|residual,20.608210564483112,calibrated_delta,20.51583482263469,0.09237574184842146
4,0,292,True,linear,pbin35-65,PLS|size|netfit|residual,20.93822519202404,slope_base,21.353622612045147,-0.41539742002110813
4,0,292,True,linear,pbin>65,PLS|size|netfit|residual,16.775194970736564,paperA_corr_own,17.155724875138834,-0.38052990440226964
4,0,292,True,neural,all,TabPFN|size|netfit|direct,21.172734864048312,slope_base,31.624648081738734,-10.451913217690421
4,0,292,True,neural,pbin<=15,TabPFN|size|netfit|direct,32.85257076562182,slope_base,50.84143100486367,-17.988860239241852
4,0,292,True,neural,pbin15-35,TabPFN|size|netfit|direct,18.451794496427656,calibrated_delta,20.51583482263469,-2.064040326207035
4,0,292,True,neural,pbin35-65,TabPFN|size|netfit|direct,15.10273117523509,slope_base,21.353622612045147,-6.250891436810056
4,0,292,True,neural,pbin>65,TabPFN|size|netfit|direct,10.866771755085622,paperA_corr_own,17.155724875138834,-6.288953120053211
4,0,292,True,rawseries,all,CNN|size|raw|residual,14.601844502314476,slope_base,31.624648081738734,-17.022803579424256
4,0,292,True,rawseries,pbin<=15,CNN|size|raw|residual,20.819882985320124,slope_base,50.84143100486367,-30.02154801954355
4,0,292,True,rawseries,pbin15-35,CNN|size|raw|residual,13.5272043398783,calibrated_delta,20.51583482263469,-6.98863048275639
4,0,292,True,rawseries,pbin35-65,CNN|size|raw|residual,11.390162578339709,slope_base,21.353622612045147,-9.963460033705438
4,0,292,True,rawseries,pbin>65,CNN|size|raw|residual,8.524675046169579,paperA_corr_own,17.155724875138834,-8.631049828969255
4,0,292,True,trees,all,ExtraTrees|size|netfit|direct,24.651362335595348,slope_base,31.624648081738734,-6.973285746143386
4,0,292,True,trees,pbin<=15,ExtraTrees|size|netfit|direct,36.01075387450044,slope_base,50.84143100486367,-14.830677130363235
4,0,292,True,trees,pbin15-35,ExtraTrees|size|netfit|direct,23.09097353729831,calibrated_delta,20.51583482263469,2.5751387146636198
4,0,292,True,trees,pbin35-65,ExtraTrees|size|netfit|direct,18.338455041025544,slope_base,21.353622612045147,-3.015167571019603
4,0,292,True,trees,pbin>65,ExtraTrees|size|netfit|direct,13.207717263295372,paperA_corr_own,17.155724875138834,-3.9480076118434617
4,1,32,False,kernel,all,SVR|size|netfit|direct,28.070364721823804,paperA_corr_own,30.049686284271647,-1.9793215624478435
4,1,32,False,kernel,pbin<=15,SVR|size|netfit|direct,35.14102435392335,calibrated_delta,49.52688490880378,-14.38586055488043
4,1,32,False,kernel,pbin15-35,SVR|size|netfit|direct,24.98208192056356,paperA_corr,23.37227375049614,1.6098081700674172
4,1,32,False,kernel,pbin35-65,SVR|size|netfit|direct,23.77408418588361,paperA_corr_own,24.652046550656983,-0.8779623647733743
4,1,32,False,kernel,pbin>65,SVR|size|netfit|direct,24.45132165421537,paperA_corr,17.285626222921564,7.1656954312938055
4,1,32,False,linear,all,ElasticNet|size|netfit|direct,42.269458978173176,paperA_corr_own,30.049686284271647,12.219772693901529
4,1,32,False,linear,pbin<=15,ElasticNet|size|netfit|direct,52.09828267716957,calibrated_delta,49.52688490880378,2.5713977683657916
4,1,32,False,linear,pbin15-35,ElasticNet|size|netfit|direct,35.39020375621209,paperA_corr,23.37227375049614,12.017930005715947
4,1,32,False,linear,pbin35-65,ElasticNet|size|netfit|direct,26.890352839276943,paperA_corr_own,24.652046550656983,2.2383062886199596
4,1,32,False,linear,pbin>65,ElasticNet|size|netfit|direct,47.17030676218357,paperA_corr,17.285626222921564,29.884680539262007
4,1,32,False,neural,all,TabPFN|size|netfit|direct,33.32598522448101,paperA_corr_own,30.049686284271647,3.2762989402093616
4,1,32,False,neural,pbin<=15,TabPFN|size|netfit|direct,29.20964688253948,calibrated_delta,49.52688490880378,-20.3172380262643
4,1,32,False,neural,pbin15-35,TabPFN|size|netfit|direct,37.46773383794204,paperA_corr,23.37227375049614,14.0954600874459
4,1,32,False,neural,pbin35-65,TabPFN|size|netfit|direct,36.550355704192064,paperA_corr_own,24.652046550656983,11.898309153535081
4,1,32,False,neural,pbin>65,TabPFN|size|netfit|direct,31.35339322951996,paperA_corr,17.285626222921564,14.067767006598395
4,1,32,False,rawseries,all,CNN|size|raw|direct,59.49327716125772,paperA_corr_own,30.049686284271647,29.443590876986075
4,1,32,False,rawseries,pbin<=15,CNN|size|raw|direct,87.44282699666317,calibrated_delta,49.52688490880378,37.91594208785939
4,1,32,False,rawseries,pbin15-35,CNN|size|raw|direct,50.71994656847082,paperA_corr,23.37227375049614,27.347672817974676
4,1,32,False,rawseries,pbin35-65,CNN|size|raw|direct,43.38064537485348,paperA_corr_own,24.652046550656983,18.728598824196496
4,1,32,False,rawseries,pbin>65,CNN|size|raw|direct,39.32966892895407,paperA_corr,17.285626222921564,22.044042706032506
4,1,32,False,trees,all,RandomForest|size|netfit|direct,31.884640883077772,paperA_corr_own,30.049686284271647,1.8349545988061244
4,1,32,False,trees,pbin<=15,RandomForest|size|netfit|direct,34.54245065779975,calibrated_delta,49.52688490880378,-14.984434251004032
4,1,32,False,trees,pbin15-35,RandomForest|size|netfit|direct,30.073999004823158,paperA_corr,23.37227375049614,6.701725254327016
4,1,32,False,trees,pbin35-65,RandomForest|size|netfit|direct,30.538872541358,paperA_corr_own,24.652046550656983,5.886825990701016
4,1,32,False,trees,pbin>65,RandomForest|size|netfit|direct,31.358976496089653,paperA_corr,17.285626222921564,14.073350273168089
4,1,62,False,kernel,all,SVR|size|netfit|residual,27.19334760674732,paperA_corr_own,30.645200234087927,-3.4518526273406067
4,1,62,False,kernel,pbin<=15,SVR|size|netfit|residual,36.88315427437628,slope_base,43.536553993573925,-6.653399719197644
4,1,62,False,kernel,pbin15-35,SVR|size|netfit|residual,22.52738300685561,slope_base,20.716306930511983,1.8110760763436282
4,1,62,False,kernel,pbin35-65,SVR|size|netfit|residual,23.752734069199505,paperA_corr_own,21.49870810077288,2.2540259684266246
4,1,62,False,kernel,pbin>65,SVR|size|netfit|residual,21.36064096449409,paperA_corr,16.97782212490996,4.382818839584132
4,1,62,False,linear,all,Ridge|size|netfit|direct,31.71003646930721,paperA_corr_own,30.645200234087927,1.064836235219282
4,1,62,False,linear,pbin<=15,Ridge|size|netfit|direct,38.13571537326217,slope_base,43.536553993573925,-5.400838620311752
4,1,62,False,linear,pbin15-35,Ridge|size|netfit|direct,28.724968665217045,slope_base,20.716306930511983,8.008661734705061
4,1,62,False,linear,pbin35-65,Ridge|size|netfit|direct,24.46265579500479,paperA_corr_own,21.49870810077288,2.9639476942319085
4,1,62,False,linear,pbin>65,Ridge|size|netfit|direct,30.80569279187552,paperA_corr,16.97782212490996,13.827870666965559
4,1,62,False,neural,all,TabPFN|size|netfit|direct,23.883954978626832,paperA_corr_own,30.645200234087927,-6.761245255461095
4,1,62,False,neural,pbin<=15,TabPFN|size|netfit|direct,24.517453880662483,slope_base,43.536553993573925,-19.019100112911442
4,1,62,False,neural,pbin15-35,TabPFN|size|netfit|direct,23.585418170945324,slope_base,20.716306930511983,2.869111240433341
4,1,62,False,neural,pbin35-65,TabPFN|size|netfit|direct,25.09289899345348,paperA_corr_own,21.49870810077288,3.5941908926806008
4,1,62,False,neural,pbin>65,TabPFN|size|netfit|direct,22.58811707677488,paperA_corr,16.97782212490996,5.610294951864919
4,1,62,False,rawseries,all,CNN|size|raw|direct,27.50376936765182,paperA_corr_own,30.645200234087927,-3.1414308664361066
4,1,62,False,rawseries,pbin<=15,CNN|size|raw|direct,26.758546651644437,slope_base,43.536553993573925,-16.778007341929488
4,1,62,False,rawseries,pbin15-35,CNN|size|raw|direct,26.114656717032165,slope_base,20.716306930511983,5.398349786520182
4,1,62,False,rawseries,pbin35-65,CNN|size|raw|direct,30.38144019132624,paperA_corr_own,21.49870810077288,8.882732090553361
4,1,62,False,rawseries,pbin>65,CNN|size|raw|direct,29.00630415152117,paperA_corr,16.97782212490996,12.028482026611211
4,1,62,False,trees,all,ExtraTrees|size|netfit|direct,28.039358887336256,paperA_corr_own,30.645200234087927,-2.605841346751671
4,1,62,False,trees,pbin<=15,ExtraTrees|size|netfit|direct,29.82122973240056,slope_base,43.536553993573925,-13.715324261173365
4,1,62,False,trees,pbin15-35,ExtraTrees|size|netfit|direct,26.24755602258324,slope_base,20.716306930511983,5.531249092071256
4,1,62,False,trees,pbin35-65,ExtraTrees|size|netfit|direct,26.98470582134674,paperA_corr_own,21.49870810077288,5.4859977205738595
4,1,62,False,trees,pbin>65,ExtraTrees|size|netfit|direct,28.67644399168553,paperA_corr,16.97782212490996,11.698621866775571
4,1,100,False,kernel,all,SVR|size|netfit|direct,22.38494380919143,slope_base,29.69953286257941,-7.31458905338798
4,1,100,False,kernel,pbin<=15,SVR|size|netfit|direct,31.811532808923403,slope_base,48.38266158855208,-16.57112877962868
4,1,100,False,kernel,pbin15-35,SVR|size|netfit|direct,19.937777498688103,slope_only,18.97059483765344,0.9671826610346628
4,1,100,False,kernel,pbin35-65,SVR|size|netfit|direct,18.62761080189018,paperA_corr_own,21.6239552430368,-2.9963444411466185
4,1,100,False,kernel,pbin>65,SVR|size|netfit|direct,13.73531095180055,paperA_corr_own,17.085562089038795,-3.3502511372382457
4,1,100,False,linear,all,Lasso|size|netfit|residual,27.11765062201293,slope_base,29.69953286257941,-2.581882240566479
4,1,100,False,linear,pbin<=15,Lasso|size|netfit|residual,36.361032686641245,slope_base,48.38266158855208,-12.021628901910837
4,1,100,False,linear,pbin15-35,Lasso|size|netfit|residual,22.778125321740827,slope_only,18.97059483765344,3.807530484087387
4,1,100,False,linear,pbin35-65,Lasso|size|netfit|residual,26.59881494925862,paperA_corr_own,21.6239552430368,4.974859706221821
4,1,100,False,linear,pbin>65,Lasso|size|netfit|residual,19.63838467745327,paperA_corr_own,17.085562089038795,2.5528225884144753
4,1,100,False,neural,all,TabPFN|size|netfit|direct,18.564784695370022,slope_base,29.69953286257941,-11.134748167209388
4,1,100,False,neural,pbin<=15,TabPFN|size|netfit|direct,28.566265896657217,slope_base,48.38266158855208,-19.816395691894865
4,1,100,False,neural,pbin15-35,TabPFN|size|netfit|direct,17.552142429914525,slope_only,18.97059483765344,-1.418452407738915
4,1,100,False,neural,pbin35-65,TabPFN|size|netfit|direct,13.77502711103999,paperA_corr_own,21.6239552430368,-7.848928131996811
4,1,100,False,neural,pbin>65,TabPFN|size|netfit|direct,7.445978418944541,paperA_corr_own,17.085562089038795,-9.639583670094254
4,1,100,False,rawseries,all,CNN|size|raw|residual,19.099797025703467,slope_base,29.69953286257941,-10.599735836875944
4,1,100,False,rawseries,pbin<=15,CNN|size|raw|residual,25.9869136949271,slope_base,48.38266158855208,-22.395747893624982
4,1,100,False,rawseries,pbin15-35,CNN|size|raw|residual,16.191182323118156,slope_only,18.97059483765344,-2.7794125145352844
4,1,100,False,rawseries,pbin35-65,CNN|size|raw|residual,15.583926515480654,paperA_corr_own,21.6239552430368,-6.040028727556146
4,1,100,False,rawseries,pbin>65,CNN|size|raw|residual,14.99897298488043,paperA_corr_own,17.085562089038795,-2.0865891041583655
4,1,100,False,trees,all,RandomForest|size|netfit|residual,24.38277601508929,slope_base,29.69953286257941,-5.316756847490119
4,1,100,False,trees,pbin<=15,RandomForest|size|netfit|residual,35.59954341496695,slope_base,48.38266158855208,-12.78311817358513
4,1,100,False,trees,pbin15-35,RandomForest|size|netfit|residual,21.778525169522577,slope_only,18.97059483765344,2.8079303318691373
4,1,100,False,trees,pbin35-65,RandomForest|size|netfit|residual,21.84636799717541,paperA_corr_own,21.6239552430368,0.22241275413860961
4,1,100,False,trees,pbin>65,RandomForest|size|netfit|residual,12.394730547323425,paperA_corr_own,17.085562089038795,-4.6908315417153705
4,1,200,False,kernel,all,SVR|size|netfit|residual,23.17353199528715,slope_base,30.56696270945789,-7.393430714170741
4,1,200,False,kernel,pbin<=15,SVR|size|netfit|residual,34.74940013616759,slope_base,49.25699133348911,-14.507591197321524
4,1,200,False,kernel,pbin15-35,SVR|size|netfit|residual,21.071706905126742,calibrated_delta,19.01047063776322,2.0612362673635225
4,1,200,False,kernel,pbin35-65,SVR|size|netfit|residual,16.713404068585277,slope_base,21.085005215779617,-4.37160114719434
4,1,200,False,kernel,pbin>65,SVR|size|netfit|residual,12.31981715887844,paperA_corr,17.06523163330196,-4.745414474423519
4,1,200,False,linear,all,Ridge|size|netfit|residual,24.92284347159833,slope_base,30.56696270945789,-5.6441192378595595
4,1,200,False,linear,pbin<=15,Ridge|size|netfit|residual,34.478057596833644,slope_base,49.25699133348911,-14.778933736655468
4,1,200,False,linear,pbin15-35,Ridge|size|netfit|residual,21.48742496275464,calibrated_delta,19.01047063776322,2.4769543249914214
4,1,200,False,linear,pbin35-65,Ridge|size|netfit|residual,23.001254805583372,slope_base,21.085005215779617,1.9162495898037548
4,1,200,False,linear,pbin>65,Ridge|size|netfit|residual,16.441049685755697,paperA_corr,17.06523163330196,-0.624181947546262
4,1,200,False,neural,all,TabPFN|size|netfit|direct,19.91266949865756,slope_base,30.56696270945789,-10.65429321080033
4,1,200,False,neural,pbin<=15,TabPFN|size|netfit|direct,29.489917747156703,slope_base,49.25699133348911,-19.76707358633241
4,1,200,False,neural,pbin15-35,TabPFN|size|netfit|direct,17.74287109045426,calibrated_delta,19.01047063776322,-1.2675995473089614
4,1,200,False,neural,pbin35-65,TabPFN|size|netfit|direct,14.835272223892032,slope_base,21.085005215779617,-6.249732991887585
4,1,200,False,neural,pbin>65,TabPFN|size|netfit|direct,11.430317394158394,paperA_corr,17.06523163330196,-5.634914239143566
4,1,200,False,rawseries,all,CNN|size|raw|residual,15.754984325136148,slope_base,30.56696270945789,-14.811978384321742
4,1,200,False,rawseries,pbin<=15,CNN|size|raw|residual,22.309880418282795,slope_base,49.25699133348911,-26.947110915206316
4,1,200,False,rawseries,pbin15-35,CNN|size|raw|residual,13.666900849799545,calibrated_delta,19.01047063776322,-5.343569787963675
4,1,200,False,rawseries,pbin35-65,CNN|size|raw|residual,13.089695677335556,slope_base,21.085005215779617,-7.995309538444062
4,1,200,False,rawseries,pbin>65,CNN|size|raw|residual,10.370879252436795,paperA_corr,17.06523163330196,-6.694352380865164
4,1,200,False,trees,all,ExtraTrees|size|netfit|direct,23.411454606504027,slope_base,30.56696270945789,-7.155508102953863
4,1,200,False,trees,pbin<=15,ExtraTrees|size|netfit|direct,34.30843399122822,slope_base,49.25699133348911,-14.94855734226089
4,1,200,False,trees,pbin15-35,ExtraTrees|size|netfit|direct,19.84521263642326,calibrated_delta,19.01047063776322,0.8347419986600393
4,1,200,False,trees,pbin35-65,ExtraTrees|size|netfit|direct,20.057500775637767,slope_base,21.085005215779617,-1.0275044401418505
4,1,200,False,trees,pbin>65,ExtraTrees|size|netfit|direct,13.928391252954976,paperA_corr,17.06523163330196,-3.1368403803469835
5,0,62,False,kernel,all,SVR|size|netfit|direct,26.24955891493139,paperA_corr_own,24.99079741608687,1.258761498844521
5,0,62,False,kernel,pbin<=15,SVR|size|netfit|direct,24.82343037226305,slope_base,32.6078441273691,-7.784413755106048
5,0,62,False,kernel,pbin15-35,SVR|size|netfit|direct,27.138733754003823,slope_base,21.915350730165887,5.223383023837936
5,0,62,False,kernel,pbin35-65,SVR|size|netfit|direct,28.345077785179985,paperA_corr_own,16.458318679257424,11.886759105922561
5,0,62,False,kernel,pbin>65,SVR|size|netfit|direct,25.78786727661377,paperA_corr,13.085731382344894,12.702135894268876
5,0,62,False,linear,all,Ridge|size|netfit|direct,28.494487707137004,paperA_corr_own,24.99079741608687,3.503690291050134
5,0,62,False,linear,pbin<=15,Ridge|size|netfit|direct,25.858937827900547,slope_base,32.6078441273691,-6.748906299468551
5,0,62,False,linear,pbin15-35,Ridge|size|netfit|direct,30.297351700252644,slope_base,21.915350730165887,8.382000970086757
5,0,62,False,linear,pbin35-65,Ridge|size|netfit|direct,32.81414566069437,paperA_corr_own,16.458318679257424,16.355826981436948
5,0,62,False,linear,pbin>65,Ridge|size|netfit|direct,27.12112474318583,paperA_corr,13.085731382344894,14.035393360840937
5,0,62,False,neural,all,TabPFN|size|netfit|direct,27.325366212798404,paperA_corr_own,24.99079741608687,2.334568796711533
5,0,62,False,neural,pbin<=15,TabPFN|size|netfit|direct,26.135882683861578,slope_base,32.6078441273691,-6.471961443507521
5,0,62,False,neural,pbin15-35,TabPFN|size|netfit|direct,32.59172813441006,slope_base,21.915350730165887,10.676377404244175
5,0,62,False,neural,pbin35-65,TabPFN|size|netfit|direct,24.013188361151737,paperA_corr_own,16.458318679257424,7.5548696818943135
5,0,62,False,neural,pbin>65,TabPFN|size|netfit|direct,23.214044686055995,paperA_corr,13.085731382344894,10.128313303711101
5,0,62,False,rawseries,all,CNN|size|raw|residual,29.815403920020163,paperA_corr_own,24.99079741608687,4.824606503933293
5,0,62,False,rawseries,pbin<=15,CNN|size|raw|residual,26.771819145944526,slope_base,32.6078441273691,-5.836024981424572
5,0,62,False,rawseries,pbin15-35,CNN|size|raw|residual,37.94117582031532,slope_base,21.915350730165887,16.025825090149436
5,0,62,False,rawseries,pbin35-65,CNN|size|raw|residual,30.2568779576739,paperA_corr_own,16.458318679257424,13.798559278416477
5,0,62,False,rawseries,pbin>65,CNN|size|raw|residual,21.87794848234102,paperA_corr,13.085731382344894,8.792217099996124
5,0,62,False,trees,all,ExtraTrees|size|netfit|residual,23.548260148192664,paperA_corr_own,24.99079741608687,-1.442537267894206
5,0,62,False,trees,pbin<=15,ExtraTrees|size|netfit|residual,25.124041469750164,slope_base,32.6078441273691,-7.483802657618934
5,0,62,False,trees,pbin15-35,ExtraTrees|size|netfit|residual,27.15005670048509,slope_base,21.915350730165887,5.2347059703192045
5,0,62,False,trees,pbin35-65,ExtraTrees|size|netfit|residual,23.166111936632863,paperA_corr_own,16.458318679257424,6.707793257375439
5,0,62,False,trees,pbin>65,ExtraTrees|size|netfit|residual,15.896630980715171,paperA_corr,13.085731382344894,2.810899598370277
5,0,100,False,kernel,all,KernelRidge|size|netfit|residual,22.69181544922445,slope_base,24.22342134818476,-1.5316058989603114
5,0,100,False,kernel,pbin<=15,KernelRidge|size|netfit|residual,24.696598736781123,slope_base,33.55719031048782,-8.860591573706696
5,0,100,False,kernel,pbin15-35,KernelRidge|size|netfit|residual,25.319131277137824,slope_only,23.54405610710451,1.7750751700333147
5,0,100,False,kernel,pbin35-65,KernelRidge|size|netfit|residual,24.894157827710213,paperA_corr_own,20.18993517585097,4.704222651859244
5,0,100,False,kernel,pbin>65,KernelRidge|size|netfit|residual,14.255064644071275,paperA_corr_own,13.731412900574892,0.5236517434963837
5,0,100,False,linear,all,Linear|size|netfit|residual,24.415922211619183,slope_base,24.22342134818476,0.19250086343442163
5,0,100,False,linear,pbin<=15,Linear|size|netfit|residual,27.130364811739447,slope_base,33.55719031048782,-6.4268254987483715
5,0,100,False,linear,pbin15-35,Linear|size|netfit|residual,26.57540128787056,slope_only,23.54405610710451,3.031345180766049
5,0,100,False,linear,pbin35-65,Linear|size|netfit|residual,24.25905388746177,paperA_corr_own,20.18993517585097,4.069118711610802
5,0,100,False,linear,pbin>65,Linear|size|netfit|residual,17.06539266679207,paperA_corr_own,13.731412900574892,3.3339797662171797
5,0,100,False,neural,all,TabPFN|size|netfit|residual,19.72649720335649,slope_base,24.22342134818476,-4.49692414482827
5,0,100,False,neural,pbin<=15,TabPFN|size|netfit|residual,22.597339989444404,slope_base,33.55719031048782,-10.959850321043415
5,0,100,False,neural,pbin15-35,TabPFN|size|netfit|residual,21.89001493576188,slope_only,23.54405610710451,-1.6540411713426302
5,0,100,False,neural,pbin35-65,TabPFN|size|netfit|residual,18.021776789740795,paperA_corr_own,20.18993517585097,-2.168158386110175
5,0,100,False,neural,pbin>65,TabPFN|size|netfit|residual,13.0913471449525,paperA_corr_own,13.731412900574892,-0.6400657556223912
5,0,100,False,rawseries,all,CNN|size|raw|residual,19.49684316565336,slope_base,24.22342134818476,-4.7265781825314015
5,0,100,False,rawseries,pbin<=15,CNN|size|raw|residual,25.59298444441522,slope_base,33.55719031048782,-7.9642058660726
5,0,100,False,rawseries,pbin15-35,CNN|size|raw|residual,19.79864752855755,slope_only,23.54405610710451,-3.745408578546961
5,0,100,False,rawseries,pbin35-65,CNN|size|raw|residual,16.511482204276785,paperA_corr_own,20.18993517585097,-3.6784529715741847
5,0,100,False,rawseries,pbin>65,CNN|size|raw|residual,11.530375473977967,paperA_corr_own,13.731412900574892,-2.2010374265969244
5,0,100,False,trees,all,ExtraTrees|size|netfit|direct,22.63514620250713,slope_base,24.22342134818476,-1.5882751456776312
5,0,100,False,trees,pbin<=15,ExtraTrees|size|netfit|direct,23.52963047010309,slope_base,33.55719031048782,-10.027559840384729
5,0,100,False,trees,pbin15-35,ExtraTrees|size|netfit|direct,25.475096379308727,slope_only,23.54405610710451,1.9310402722042177
5,0,100,False,trees,pbin35-65,ExtraTrees|size|netfit|direct,24.12223886842104,paperA_corr_own,20.18993517585097,3.93230369257007
5,0,100,False,trees,pbin>65,ExtraTrees|size|netfit|direct,16.025265246982357,paperA_corr_own,13.731412900574892,2.2938523464074656
5,0,200,False,kernel,all,SVR|size|netfit|direct,19.89618765783185,slope_base,23.887314878784224,-3.991127220952375
5,0,200,False,kernel,pbin<=15,SVR|size|netfit|direct,25.02068882275151,slope_base,35.89340306253804,-10.872714239786532
5,0,200,False,kernel,pbin15-35,SVR|size|netfit|direct,21.07884236801558,calibrated_delta,16.59856256747058,4.480279800544999
5,0,200,False,kernel,pbin35-65,SVR|size|netfit|direct,17.278894086124748,slope_base,20.29717931715849,-3.018285231033744
5,0,200,False,kernel,pbin>65,SVR|size|netfit|direct,11.855933732707536,paperA_corr,13.146264174297052,-1.290330441589516
5,0,200,False,linear,all,Ridge|size|netfit|residual,22.68125303940932,slope_base,23.887314878784224,-1.2060618393749039
5,0,200,False,linear,pbin<=15,Ridge|size|netfit|residual,26.341613305924422,slope_base,35.89340306253804,-9.55178975661362
5,0,200,False,linear,pbin15-35,Ridge|size|netfit|residual,22.091392164111408,calibrated_delta,16.59856256747058,5.492829596640828
5,0,200,False,linear,pbin35-65,Ridge|size|netfit|residual,22.919004634135,slope_base,20.29717931715849,2.6218253169765084
5,0,200,False,linear,pbin>65,Ridge|size|netfit|residual,17.807170335298068,paperA_corr,13.146264174297052,4.660906161001016
5,0,200,False,neural,all,TabPFN|size|netfit|direct,18.233517020396853,slope_base,23.887314878784224,-5.653797858387371
5,0,200,False,neural,pbin<=15,TabPFN|size|netfit|direct,23.562966631062988,slope_base,35.89340306253804,-12.330436431475054
5,0,200,False,neural,pbin15-35,TabPFN|size|netfit|direct,19.80438768102036,calibrated_delta,16.59856256747058,3.2058251135497784
5,0,200,False,neural,pbin35-65,TabPFN|size|netfit|direct,15.006829983086131,slope_base,20.29717931715849,-5.29034933407236
5,0,200,False,neural,pbin>65,TabPFN|size|netfit|direct,9.66766542170615,paperA_corr,13.146264174297052,-3.4785987525909015
5,0,200,False,rawseries,all,CNN|size|raw|residual,14.947769366806638,slope_base,23.887314878784224,-8.939545511977586
5,0,200,False,rawseries,pbin<=15,CNN|size|raw|residual,21.488785192845818,slope_base,35.89340306253804,-14.404617869692224
5,0,200,False,rawseries,pbin15-35,CNN|size|raw|residual,15.10211468517409,calibrated_delta,16.59856256747058,-1.49644788229649
5,0,200,False,rawseries,pbin35-65,CNN|size|raw|residual,10.15190598436065,slope_base,20.29717931715849,-10.145273332797842
5,0,200,False,rawseries,pbin>65,CNN|size|raw|residual,7.6468311514793825,paperA_corr,13.146264174297052,-5.499433022817669
5,0,200,False,trees,all,ExtraTrees|size|netfit|residual,20.111183253959023,slope_base,23.887314878784224,-3.776131624825201
5,0,200,False,trees,pbin<=15,ExtraTrees|size|netfit|residual,24.79026276203874,slope_base,35.89340306253804,-11.103140300499302
5,0,200,False,trees,pbin15-35,ExtraTrees|size|netfit|residual,22.003283689601822,calibrated_delta,16.59856256747058,5.404721122131242
5,0,200,False,trees,pbin35-65,ExtraTrees|size|netfit|residual,19.18089008255633,slope_base,20.29717931715849,-1.11628923460216
5,0,200,False,trees,pbin>65,ExtraTrees|size|netfit|residual,10.629679335357574,paperA_corr,13.146264174297052,-2.516584838939478
5,0,292,True,kernel,all,SVR|size|netfit|direct,20.0815248357178,slope_base,24.478899962105785,-4.397375126387985
5,0,292,True,kernel,pbin<=15,SVR|size|netfit|direct,25.584780427735996,slope_base,37.26175923975221,-11.676978812016213
5,0,292,True,kernel,pbin15-35,SVR|size|netfit|direct,21.650667048531243,calibrated_delta,15.227693965511133,6.422973083020111
5,0,292,True,kernel,pbin35-65,SVR|size|netfit|direct,17.514437022249783,slope_base,20.24076911763814,-2.726332095388358
5,0,292,True,kernel,pbin>65,SVR|size|netfit|direct,10.841518237794183,paperA_corr_own,13.292586523177166,-2.4510682853829824
5,0,292,True,linear,all,PLS|size|netfit|residual,22.502553718614283,slope_base,24.478899962105785,-1.976346243491502
5,0,292,True,linear,pbin<=15,PLS|size|netfit|residual,26.031511843637634,slope_base,37.26175923975221,-11.230247396114574
5,0,292,True,linear,pbin15-35,PLS|size|netfit|residual,22.64735525701365,calibrated_delta,15.227693965511133,7.419661291502518
5,0,292,True,linear,pbin35-65,PLS|size|netfit|residual,23.272383954433117,slope_base,20.24076911763814,3.031614836794976
5,0,292,True,linear,pbin>65,PLS|size|netfit|residual,16.38421608875837,paperA_corr_own,13.292586523177166,3.091629565581206
5,0,292,True,neural,all,TabPFN|size|netfit|direct,18.678202631208087,slope_base,24.478899962105785,-5.800697330897698
5,0,292,True,neural,pbin<=15,TabPFN|size|netfit|direct,24.64448160385137,slope_base,37.26175923975221,-12.617277635900837
5,0,292,True,neural,pbin15-35,TabPFN|size|netfit|direct,21.02148794040805,calibrated_delta,15.227693965511133,5.793793974896918
5,0,292,True,neural,pbin35-65,TabPFN|size|netfit|direct,16.30235957443319,slope_base,20.24076911763814,-3.9384095432049513
5,0,292,True,neural,pbin>65,TabPFN|size|netfit|direct,7.432782472806472,paperA_corr_own,13.292586523177166,-5.859804050370694
5,0,292,True,rawseries,all,CNN|size|raw|residual,15.87614037723626,slope_base,24.478899962105785,-8.602759584869526
5,0,292,True,rawseries,pbin<=15,CNN|size|raw|residual,22.14771498092016,slope_base,37.26175923975221,-15.114044258832049
5,0,292,True,rawseries,pbin15-35,CNN|size|raw|residual,16.109149839738038,calibrated_delta,15.227693965511133,0.881455874226905
5,0,292,True,rawseries,pbin35-65,CNN|size|raw|residual,10.176828183816747,slope_base,20.24076911763814,-10.063940933821394
5,0,292,True,rawseries,pbin>65,CNN|size|raw|residual,9.430939556687456,paperA_corr_own,13.292586523177166,-3.86164696648971
5,0,292,True,trees,all,ExtraTrees|size|netfit|direct,21.282026853888457,slope_base,24.478899962105785,-3.1968731082173285
5,0,292,True,trees,pbin<=15,ExtraTrees|size|netfit|direct,25.183516163976734,slope_base,37.26175923975221,-12.078243075775475
5,0,292,True,trees,pbin15-35,ExtraTrees|size|netfit|direct,24.178187670213703,calibrated_delta,15.227693965511133,8.95049370470257
5,0,292,True,trees,pbin35-65,ExtraTrees|size|netfit|direct,21.38277172649582,slope_base,20.24076911763814,1.1420026088576805
5,0,292,True,trees,pbin>65,ExtraTrees|size|netfit|direct,10.829692870212243,paperA_corr_own,13.292586523177166,-2.4628936529649224
5,1,62,False,kernel,all,KernelRidge|size|netfit|residual,28.670986854506,paperA_corr_own,24.904587483217767,3.7663993712882338
5,1,62,False,kernel,pbin<=15,KernelRidge|size|netfit|residual,26.65889389611824,slope_base,32.44758016064153,-5.788686264523289
5,1,62,False,kernel,pbin15-35,KernelRidge|size|netfit|residual,34.61596719288782,slope_base,26.5521319176267,8.063835275261123
5,1,62,False,kernel,pbin35-65,KernelRidge|size|netfit|residual,32.02530754776681,paperA_corr_own,19.02716557332017,12.99814197444664
5,1,62,False,kernel,pbin>65,KernelRidge|size|netfit|residual,20.65063311363527,paperA_corr,13.637268204657175,7.013364908978094
5,1,62,False,linear,all,Ridge|size|netfit|residual,28.99739005099022,paperA_corr_own,24.904587483217767,4.092802567772452
5,1,62,False,linear,pbin<=15,Ridge|size|netfit|residual,30.1916100876196,slope_base,32.44758016064153,-2.2559700730219276
5,1,62,False,linear,pbin15-35,Ridge|size|netfit|residual,31.72538277178477,slope_base,26.5521319176267,5.17325085415807
5,1,62,False,linear,pbin35-65,Ridge|size|netfit|residual,30.65562964541967,paperA_corr_own,19.02716557332017,11.6284640720995
5,1,62,False,linear,pbin>65,Ridge|size|netfit|residual,21.9907948212911,paperA_corr,13.637268204657175,8.353526616633925
5,1,62,False,neural,all,TabPFN|size|netfit|residual,30.57591215768553,paperA_corr_own,24.904587483217767,5.671324674467762
5,1,62,False,neural,pbin<=15,TabPFN|size|netfit|residual,26.789717268216904,slope_base,32.44758016064153,-5.657862892424625
5,1,62,False,neural,pbin15-35,TabPFN|size|netfit|residual,35.28374158574105,slope_base,26.5521319176267,8.731609668114348
5,1,62,False,neural,pbin35-65,TabPFN|size|netfit|residual,33.850822028324565,paperA_corr_own,19.02716557332017,14.823656455004397
5,1,62,False,neural,pbin>65,TabPFN|size|netfit|residual,27.20819444098504,paperA_corr,13.637268204657175,13.570926236327864
5,1,62,False,rawseries,all,CNN|size|raw|residual,22.798899315430447,paperA_corr_own,24.904587483217767,-2.1056881677873207
5,1,62,False,rawseries,pbin<=15,CNN|size|raw|residual,25.3385449699923,slope_base,32.44758016064153,-7.10903519064923
5,1,62,False,rawseries,pbin15-35,CNN|size|raw|residual,24.783664937581843,slope_base,26.5521319176267,-1.768466980044856
5,1,62,False,rawseries,pbin35-65,CNN|size|raw|residual,22.98021995225865,paperA_corr_own,19.02716557332017,3.953054378938482
5,1,62,False,rawseries,pbin>65,CNN|size|raw|residual,15.771992160131646,paperA_corr,13.637268204657175,2.1347239554744704
5,1,62,False,trees,all,ExtraTrees|size|netfit|direct,32.62948260791711,paperA_corr_own,24.904587483217767,7.724895124699344
5,1,62,False,trees,pbin<=15,ExtraTrees|size|netfit|direct,27.27480715773213,slope_base,32.44758016064153,-5.172773002909398
5,1,62,False,trees,pbin15-35,ExtraTrees|size|netfit|direct,37.61271453708659,slope_base,26.5521319176267,11.06058261945989
5,1,62,False,trees,pbin35-65,ExtraTrees|size|netfit|direct,35.077716967205504,paperA_corr_own,19.02716557332017,16.050551393885335
5,1,62,False,trees,pbin>65,ExtraTrees|size|netfit|direct,31.76628763171366,paperA_corr,13.637268204657175,18.129019427056484
5,1,100,False,kernel,all,KernelRidge|size|netfit|residual,20.647973617737524,slope_base,24.96718473593732,-4.319211118199796
5,1,100,False,kernel,pbin<=15,KernelRidge|size|netfit|residual,23.36281068939498,slope_base,35.304546020728,-11.941735331333017
5,1,100,False,kernel,pbin15-35,KernelRidge|size|netfit|residual,24.569308684827973,slope_only,21.85838498522236,2.710923699605612
5,1,100,False,kernel,pbin35-65,KernelRidge|size|netfit|residual,20.77738967029048,paperA_corr_own,21.35229244125356,-0.5749027709630816
5,1,100,False,kernel,pbin>65,KernelRidge|size|netfit|residual,10.44383450165826,paperA_corr_own,14.762688262369617,-4.318853760711356
5,1,100,False,linear,all,PLS|size|netfit|residual,28.201366686958483,slope_base,24.96718473593732,3.2341819510211636
5,1,100,False,linear,pbin<=15,PLS|size|netfit|residual,27.93764808508171,slope_base,35.304546020728,-7.366897935646286
5,1,100,False,linear,pbin15-35,PLS|size|netfit|residual,31.183353954644627,slope_only,21.85838498522236,9.324968969422265
5,1,100,False,linear,pbin35-65,PLS|size|netfit|residual,31.16393046908724,paperA_corr_own,21.35229244125356,9.81163802783368
5,1,100,False,linear,pbin>65,PLS|size|netfit|residual,22.23796124100341,paperA_corr_own,14.762688262369617,7.475272978633795
5,1,100,False,neural,all,TabPFN|size|netfit|direct,19.737399766596344,slope_base,24.96718473593732,-5.229784969340976
5,1,100,False,neural,pbin<=15,TabPFN|size|netfit|direct,22.42125934539262,slope_base,35.304546020728,-12.883286675335377
5,1,100,False,neural,pbin15-35,TabPFN|size|netfit|direct,23.883585638268237,slope_only,21.85838498522236,2.025200653045875
5,1,100,False,neural,pbin35-65,TabPFN|size|netfit|direct,18.494886113827743,paperA_corr_own,21.35229244125356,-2.8574063274258172
5,1,100,False,neural,pbin>65,TabPFN|size|netfit|direct,10.091857515766188,paperA_corr_own,14.762688262369617,-4.6708307466034285
5,1,100,False,rawseries,all,CNN|size|raw|residual,25.518893599632477,slope_base,24.96718473593732,0.5517088636951577
5,1,100,False,rawseries,pbin<=15,CNN|size|raw|residual,25.790669211600985,slope_base,35.304546020728,-9.513876809127012
5,1,100,False,rawseries,pbin15-35,CNN|size|raw|residual,29.46739052630573,slope_only,21.85838498522236,7.60900554108337
5,1,100,False,rawseries,pbin35-65,CNN|size|raw|residual,25.69556435054156,paperA_corr_own,21.35229244125356,4.343271909287999
5,1,100,False,rawseries,pbin>65,CNN|size|raw|residual,18.99647201428987,paperA_corr_own,14.762688262369617,4.233783751920255
5,1,100,False,trees,all,ExtraTrees|size|netfit|residual,21.104820746983627,slope_base,24.96718473593732,-3.8623639889536925
5,1,100,False,trees,pbin<=15,ExtraTrees|size|netfit|residual,23.82948504907573,slope_base,35.304546020728,-11.475060971652269
5,1,100,False,trees,pbin15-35,ExtraTrees|size|netfit|residual,24.91963451636575,slope_only,21.85838498522236,3.061249531143389
5,1,100,False,trees,pbin35-65,ExtraTrees|size|netfit|residual,22.28462278560131,paperA_corr_own,21.35229244125356,0.9323303443477506
5,1,100,False,trees,pbin>65,ExtraTrees|size|netfit|residual,10.39468819034712,paperA_corr_own,14.762688262369617,-4.368000072022497
5,1,200,False,kernel,all,SVR|size|netfit|direct,18.606795519246955,slope_base,23.37789959501889,-4.771104075771934
5,1,200,False,kernel,pbin<=15,SVR|size|netfit|direct,24.04896852578054,slope_base,35.243305696074515,-11.194337170293974
5,1,200,False,kernel,pbin15-35,SVR|size|netfit|direct,19.20950263375342,calibrated_delta,15.398868582001333,3.8106340517520874
5,1,200,False,kernel,pbin35-65,SVR|size|netfit|direct,17.343147446132413,slope_base,19.85588926517312,-2.5127418190407056
5,1,200,False,kernel,pbin>65,SVR|size|netfit|direct,10.118132587352685,paperA_corr,13.111677855224483,-2.9935452678717986
5,1,200,False,linear,all,Lasso|size|netfit|residual,22.37889117834265,slope_base,23.37789959501889,-0.9990084166762401
5,1,200,False,linear,pbin<=15,Lasso|size|netfit|residual,26.10720798579071,slope_base,35.243305696074515,-9.136097710283806
5,1,200,False,linear,pbin15-35,Lasso|size|netfit|residual,21.528085864120428,calibrated_delta,15.398868582001333,6.129217282119095
5,1,200,False,linear,pbin35-65,Lasso|size|netfit|residual,23.814770303741746,slope_base,19.85588926517312,3.9588810385686273
5,1,200,False,linear,pbin>65,Lasso|size|netfit|residual,17.05220681365407,paperA_corr,13.111677855224483,3.940528958429587
5,1,200,False,neural,all,TabPFN|size|netfit|direct,17.59676842540717,slope_base,23.37789959501889,-5.781131169611719
5,1,200,False,neural,pbin<=15,TabPFN|size|netfit|direct,23.305848835687076,slope_base,35.243305696074515,-11.937456860387439
5,1,200,False,neural,pbin15-35,TabPFN|size|netfit|direct,19.630671707505147,calibrated_delta,15.398868582001333,4.231803125503815
5,1,200,False,neural,pbin35-65,TabPFN|size|netfit|direct,13.918615848670829,slope_base,19.85588926517312,-5.93727341650229
5,1,200,False,neural,pbin>65,TabPFN|size|netfit|direct,8.025299090452227,paperA_corr,13.111677855224483,-5.086378764772256
5,1,200,False,rawseries,all,CNN|size|raw|residual,15.0556962377126,slope_base,23.37789959501889,-8.32220335730629
5,1,200,False,rawseries,pbin<=15,CNN|size|raw|residual,21.432875615850826,slope_base,35.243305696074515,-13.81043008022369
5,1,200,False,rawseries,pbin15-35,CNN|size|raw|residual,13.064191892836105,calibrated_delta,15.398868582001333,-2.334676689165228
5,1,200,False,rawseries,pbin35-65,CNN|size|raw|residual,11.83187981981745,slope_base,19.85588926517312,-8.024009445355668
5,1,200,False,rawseries,pbin>65,CNN|size|raw|residual,10.287800730009913,paperA_corr,13.111677855224483,-2.8238771252145707
5,1,200,False,trees,all,ExtraTrees|size|netfit|residual,18.756787928101307,slope_base,23.37789959501889,-4.621111666917582
5,1,200,False,trees,pbin<=15,ExtraTrees|size|netfit|residual,23.586375084054204,slope_base,35.243305696074515,-11.656930612020311
5,1,200,False,trees,pbin15-35,ExtraTrees|size|netfit|residual,21.3584762023492,calibrated_delta,15.398868582001333,5.959607620347866
5,1,200,False,trees,pbin35-65,ExtraTrees|size|netfit|residual,16.97974610322584,slope_base,19.85588926517312,-2.8761431619472795
5,1,200,False,trees,pbin>65,ExtraTrees|size|netfit|residual,8.492821242381046,paperA_corr,13.111677855224483,-4.618856612843437
6,0,32,False,kernel,all,SVR|size|netfit|direct,29.861393485356118,paperA_corr_own,23.853757740662644,6.007635744693474
6,0,32,False,kernel,pbin<=15,SVR|size|netfit|direct,36.71968669001863,calibrated_delta,31.620634050492956,5.09905263952567
6,0,32,False,kernel,pbin15-35,SVR|size|netfit|direct,27.7678054102146,paperA_corr,19.749468747409384,8.018336662805215
6,0,32,False,kernel,pbin35-65,SVR|size|netfit|direct,23.0155415825582,paperA_corr_own,12.57129751248953,10.44424407006867
6,0,32,False,kernel,pbin>65,SVR|size|netfit|direct,26.656855409846717,paperA_corr,14.51179705237206,12.145058357474657
6,0,32,False,linear,all,PLS|size|netfit|residual,35.54362538269407,paperA_corr_own,23.853757740662644,11.689867642031423
6,0,32,False,linear,pbin<=15,PLS|size|netfit|residual,32.60167115319014,calibrated_delta,31.620634050492956,0.9810371026971829
6,0,32,False,linear,pbin15-35,PLS|size|netfit|residual,33.74101992174284,paperA_corr,19.749468747409384,13.991551174333456
6,0,32,False,linear,pbin35-65,PLS|size|netfit|residual,39.70991577119301,paperA_corr_own,12.57129751248953,27.13861825870348
6,0,32,False,linear,pbin>65,PLS|size|netfit|residual,40.28081934619646,paperA_corr,14.51179705237206,25.7690222938244
6,0,32,False,neural,all,FFNN|size|netfit|direct,28.95238702518221,paperA_corr_own,23.853757740662644,5.098629284519568
6,0,32,False,neural,pbin<=15,FFNN|size|netfit|direct,39.129163395657926,calibrated_delta,31.620634050492956,7.50852934516497
6,0,32,False,neural,pbin15-35,FFNN|size|netfit|direct,30.291862105079343,paperA_corr,19.749468747409384,10.542393357669958
6,0,32,False,neural,pbin35-65,FFNN|size|netfit|direct,19.894756264498724,paperA_corr_own,12.57129751248953,7.323458752009195
6,0,32,False,neural,pbin>65,FFNN|size|netfit|direct,16.64471033776082,paperA_corr,14.51179705237206,2.13291328538876
6,0,32,False,rawseries,all,CNN|size|raw|residual,34.14014593434434,paperA_corr_own,23.853757740662644,10.286388193681695
6,0,32,False,rawseries,pbin<=15,CNN|size|raw|residual,34.69409713691986,calibrated_delta,31.620634050492956,3.0734630864269015
6,0,32,False,rawseries,pbin15-35,CNN|size|raw|residual,36.03434295198216,paperA_corr,19.749468747409384,16.284874204572777
6,0,32,False,rawseries,pbin35-65,CNN|size|raw|residual,36.67674236047456,paperA_corr_own,12.57129751248953,24.105444847985034
6,0,32,False,rawseries,pbin>65,CNN|size|raw|residual,28.7121134159955,paperA_corr,14.51179705237206,14.20031636362344
6,0,32,False,trees,all,RandomForest|size|netfit|residual,31.212631368259697,paperA_corr_own,23.853757740662644,7.3588736275970525
6,0,32,False,trees,pbin<=15,RandomForest|size|netfit|residual,30.55231395620516,calibrated_delta,31.620634050492956,-1.0683200942877953
6,0,32,False,trees,pbin15-35,RandomForest|size|netfit|residual,28.400713917480115,paperA_corr,19.749468747409384,8.65124517007073
6,0,32,False,trees,pbin35-65,RandomForest|size|netfit|residual,32.7852406403479,paperA_corr_own,12.57129751248953,20.21394312785837
6,0,32,False,trees,pbin>65,RandomForest|size|netfit|residual,35.569183362347815,paperA_corr,14.51179705237206,21.057386309975755
6,0,62,False,kernel,all,KernelRidge|size|netfit|direct,22.78724888785687,paperA_corr_own,23.61219407213837,-0.8249451842814999
6,0,62,False,kernel,pbin<=15,KernelRidge|size|netfit|direct,28.16924206484807,slope_base,38.70941562336333,-10.540173558515257
6,0,62,False,kernel,pbin15-35,KernelRidge|size|netfit|direct,21.442854219380735,slope_base,18.611039608318052,2.8318146110626827
6,0,62,False,kernel,pbin35-65,KernelRidge|size|netfit|direct,17.703291158210483,paperA_corr_own,9.187518208111998,8.515772950098485
6,0,62,False,kernel,pbin>65,KernelRidge|size|netfit|direct,19.6270458942071,paperA_corr,10.19576162525061,9.43128426895649
6,0,62,False,linear,all,PLS|size|netfit|direct,28.00071250622056,paperA_corr_own,23.61219407213837,4.38851843408219
6,0,62,False,linear,pbin<=15,PLS|size|netfit|direct,35.20455508951467,slope_base,38.70941562336333,-3.5048605338486567
6,0,62,False,linear,pbin15-35,PLS|size|netfit|direct,25.816060651058063,slope_base,18.611039608318052,7.205021042740011
6,0,62,False,linear,pbin35-65,PLS|size|netfit|direct,22.752892021125795,paperA_corr_own,9.187518208111998,13.565373813013798
6,0,62,False,linear,pbin>65,PLS|size|netfit|direct,23.35858927131748,paperA_corr,10.19576162525061,13.162827646066871
6,0,62,False,neural,all,TabPFN|size|netfit|direct,21.62748821174952,paperA_corr_own,23.61219407213837,-1.9847058603888499
6,0,62,False,neural,pbin<=15,TabPFN|size|netfit|direct,26.513586274619644,slope_base,38.70941562336333,-12.195829348743683
6,0,62,False,neural,pbin15-35,TabPFN|size|netfit|direct,22.474650374738744,slope_base,18.611039608318052,3.863610766420692
6,0,62,False,neural,pbin35-65,TabPFN|size|netfit|direct,16.716347044495222,paperA_corr_own,9.187518208111998,7.528828836383225
6,0,62,False,neural,pbin>65,TabPFN|size|netfit|direct,15.767217290429796,paperA_corr,10.19576162525061,5.571455665179187
6,0,62,False,rawseries,all,CNN|size|raw|direct,23.83103347179093,paperA_corr_own,23.61219407213837,0.2188393996525626
6,0,62,False,rawseries,pbin<=15,CNN|size|raw|direct,28.622283991596987,slope_base,38.70941562336333,-10.08713163176634
6,0,62,False,rawseries,pbin15-35,CNN|size|raw|direct,26.06931712958028,slope_base,18.611039608318052,7.458277521262229
6,0,62,False,rawseries,pbin35-65,CNN|size|raw|direct,18.320215012575183,paperA_corr_own,9.187518208111998,9.132696804463185
6,0,62,False,rawseries,pbin>65,CNN|size|raw|direct,16.366910624793803,paperA_corr,10.19576162525061,6.171148999543194
6,0,62,False,trees,all,ExtraTrees|size|netfit|direct,20.623967871511887,paperA_corr_own,23.61219407213837,-2.9882262006264817
6,0,62,False,trees,pbin<=15,ExtraTrees|size|netfit|direct,26.43841199546064,slope_base,38.70941562336333,-12.271003627902687
6,0,62,False,trees,pbin15-35,ExtraTrees|size|netfit|direct,20.58844837353796,slope_base,18.611039608318052,1.9774087652199093
6,0,62,False,trees,pbin35-65,ExtraTrees|size|netfit|direct,19.094094619048168,paperA_corr_own,9.187518208111998,9.90657641093617
6,0,62,False,trees,pbin>65,ExtraTrees|size|netfit|direct,12.471962917962925,paperA_corr,10.19576162525061,2.276201292712315
6,0,100,False,kernel,all,SVR|size|netfit|direct,18.835490927506875,slope_base,23.32773216371621,-4.492241236209335
6,0,100,False,kernel,pbin<=15,SVR|size|netfit|direct,27.873400717669544,slope_base,38.73435797981062,-10.860957262141074
6,0,100,False,kernel,pbin15-35,SVR|size|netfit|direct,17.630192423634867,slope_only,17.27817966273354,0.35201276090132794
6,0,100,False,kernel,pbin35-65,SVR|size|netfit|direct,12.8865691672505,paperA_corr_own,9.411193592696089,3.475375574554411
6,0,100,False,kernel,pbin>65,SVR|size|netfit|direct,10.238586606155406,paperA_corr_own,10.405778725199184,-0.1671921190437775
6,0,100,False,linear,all,Linear|size|netfit|residual,19.918154646951468,slope_base,23.32773216371621,-3.4095775167647417
6,0,100,False,linear,pbin<=15,Linear|size|netfit|residual,30.73384661036885,slope_base,38.73435797981062,-8.000511369441767
6,0,100,False,linear,pbin15-35,Linear|size|netfit|residual,16.818733351675387,slope_only,17.27817966273354,-0.4594463110581515
6,0,100,False,linear,pbin35-65,Linear|size|netfit|residual,11.909953494027002,paperA_corr_own,9.411193592696089,2.4987599013309136
6,0,100,False,linear,pbin>65,Linear|size|netfit|residual,12.754097973800995,paperA_corr_own,10.405778725199184,2.348319248601811
6,0,100,False,neural,all,TabPFN|size|netfit|direct,18.113311368433667,slope_base,23.32773216371621,-5.2144207952825425
6,0,100,False,neural,pbin<=15,TabPFN|size|netfit|direct,25.58360130079634,slope_base,38.73435797981062,-13.150756679014279
6,0,100,False,neural,pbin15-35,TabPFN|size|netfit|direct,17.808176258482035,slope_only,17.27817966273354,0.5299965957484964
6,0,100,False,neural,pbin35-65,TabPFN|size|netfit|direct,10.575710988313878,paperA_corr_own,9.411193592696089,1.1645173956177892
6,0,100,False,neural,pbin>65,TabPFN|size|netfit|direct,11.63518668214794,paperA_corr_own,10.405778725199184,1.2294079569487568
6,0,100,False,rawseries,all,CNN|size|raw|residual,19.16710556579621,slope_base,23.32773216371621,-4.16062659792
6,0,100,False,rawseries,pbin<=15,CNN|size|raw|residual,22.32950280011825,slope_base,38.73435797981062,-16.40485517969237
6,0,100,False,rawseries,pbin15-35,CNN|size|raw|residual,19.604220344770997,slope_only,17.27817966273354,2.3260406820374584
6,0,100,False,rawseries,pbin35-65,CNN|size|raw|residual,15.56706463534327,paperA_corr_own,9.411193592696089,6.155871042647181
6,0,100,False,rawseries,pbin>65,CNN|size|raw|residual,15.817296778489748,paperA_corr_own,10.405778725199184,5.411518053290564
6,0,100,False,trees,all,ExtraTrees|size|netfit|direct,18.952660896969224,slope_base,23.32773216371621,-4.3750712667469855
6,0,100,False,trees,pbin<=15,ExtraTrees|size|netfit|direct,25.785332856203908,slope_base,38.73435797981062,-12.94902512360671
6,0,100,False,trees,pbin15-35,ExtraTrees|size|netfit|direct,19.52673243678947,slope_only,17.27817966273354,2.2485527740559306
6,0,100,False,trees,pbin35-65,ExtraTrees|size|netfit|direct,11.0758902146769,paperA_corr_own,9.411193592696089,1.664696621980811
6,0,100,False,trees,pbin>65,ExtraTrees|size|netfit|direct,12.348611387009576,paperA_corr_own,10.405778725199184,1.9428326618103924
6,0,200,False,kernel,all,KernelRidge|size|netfit|residual,18.58953292854229,slope_base,23.633134687170564,-5.043601758628274
6,0,200,False,kernel,pbin<=15,KernelRidge|size|netfit|residual,27.286968535635385,slope_base,39.93101019051728,-12.644041654881892
6,0,200,False,kernel,pbin15-35,KernelRidge|size|netfit|residual,17.555709198052412,calibrated_delta,17.520333063891083,0.035376134161328565
6,0,200,False,kernel,pbin35-65,KernelRidge|size|netfit|residual,12.240494783840616,slope_base,10.417511505188257,1.8229832786523588
6,0,200,False,kernel,pbin>65,KernelRidge|size|netfit|residual,10.525335752709603,paperA_corr,11.334694833388513,-0.8093590806789095
6,0,200,False,linear,all,Lasso|size|netfit|residual,22.7630324526077,slope_base,23.633134687170564,-0.8701022345628644
6,0,200,False,linear,pbin<=15,Lasso|size|netfit|residual,32.63738712954277,slope_base,39.93101019051728,-7.293623060974504
6,0,200,False,linear,pbin15-35,Lasso|size|netfit|residual,19.49642102075321,calibrated_delta,17.520333063891083,1.976087956862127
6,0,200,False,linear,pbin35-65,Lasso|size|netfit|residual,17.118759726015234,slope_base,10.417511505188257,6.701248220826978
6,0,200,False,linear,pbin>65,Lasso|size|netfit|residual,15.819124609335963,paperA_corr,11.334694833388513,4.484429775947451
6,0,200,False,neural,all,TabPFN|size|netfit|direct,16.941326237645264,slope_base,23.633134687170564,-6.6918084495253005
6,0,200,False,neural,pbin<=15,TabPFN|size|netfit|direct,25.658801420838827,slope_base,39.93101019051728,-14.27220876967845
6,0,200,False,neural,pbin15-35,TabPFN|size|netfit|direct,15.77201524791156,calibrated_delta,17.520333063891083,-1.748317815979524
6,0,200,False,neural,pbin35-65,TabPFN|size|netfit|direct,11.89070057345487,slope_base,10.417511505188257,1.4731890682666133
6,0,200,False,neural,pbin>65,TabPFN|size|netfit|direct,8.215983575054596,paperA_corr,11.334694833388513,-3.118711258333917
6,0,200,False,rawseries,all,CNN|size|raw|residual,16.18805685058618,slope_base,23.633134687170564,-7.445077836584385
6,0,200,False,rawseries,pbin<=15,CNN|size|raw|residual,25.4631114987006,slope_base,39.93101019051728,-14.467898691816679
6,0,200,False,rawseries,pbin15-35,CNN|size|raw|residual,14.00376070822152,calibrated_delta,17.520333063891083,-3.516572355669563
6,0,200,False,rawseries,pbin35-65,CNN|size|raw|residual,13.116073251994164,slope_base,10.417511505188257,2.6985617468059075
6,0,200,False,rawseries,pbin>65,CNN|size|raw|residual,6.866077357681568,paperA_corr,11.334694833388513,-4.468617475706945
6,0,200,False,trees,all,RandomForest|size|netfit|direct,18.705586877124468,slope_base,23.633134687170564,-4.9275478100460965
6,0,200,False,trees,pbin<=15,RandomForest|size|netfit|direct,27.092924403722623,slope_base,39.93101019051728,-12.838085786794654
6,0,200,False,trees,pbin15-35,RandomForest|size|netfit|direct,17.917734245991365,calibrated_delta,17.520333063891083,0.39740118210028186
6,0,200,False,trees,pbin35-65,RandomForest|size|netfit|direct,11.693009671881365,slope_base,10.417511505188257,1.275498166693108
6,0,200,False,trees,pbin>65,RandomForest|size|netfit|direct,11.18142671666062,paperA_corr,11.334694833388513,-0.15326811672789198
6,0,292,True,kernel,all,SVR|size|netfit|direct,18.98151379196524,slope_base,23.83620300483121,-4.854689212865967
6,0,292,True,kernel,pbin<=15,SVR|size|netfit|direct,28.23484739414357,slope_base,40.43041015059992,-12.195562756456347
6,0,292,True,kernel,pbin15-35,SVR|size|netfit|direct,18.0536543321761,calibrated_delta,18.799192300597205,-0.7455379684211039
6,0,292,True,kernel,pbin35-65,SVR|size|netfit|direct,11.848828956497371,slope_base,9.954660201662884,1.894168754834487
6,0,292,True,kernel,pbin>65,SVR|size|netfit|direct,10.380985122232458,paperA_corr_own,12.31379731308928,-1.932812190856822
6,0,292,True,linear,all,Ridge|size|netfit|residual,20.55980131514624,slope_base,23.83620300483121,-3.276401689684967
6,0,292,True,linear,pbin<=15,Ridge|size|netfit|residual,30.4186166369592,slope_base,40.43041015059992,-10.011793513640718
6,0,292,True,linear,pbin15-35,Ridge|size|netfit|residual,17.505797261418234,calibrated_delta,18.799192300597205,-1.2933950391789715
6,0,292,True,linear,pbin35-65,Ridge|size|netfit|residual,14.182373387372763,slope_base,9.954660201662884,4.227713185709879
6,0,292,True,linear,pbin>65,Ridge|size|netfit|residual,13.78643669867985,paperA_corr_own,12.31379731308928,1.4726393855905702
6,0,292,True,neural,all,TabPFN|size|netfit|direct,16.586285539936537,slope_base,23.83620300483121,-7.249917464894672
6,0,292,True,neural,pbin<=15,TabPFN|size|netfit|direct,24.92562072090201,slope_base,40.43041015059992,-15.504789429697908
6,0,292,True,neural,pbin15-35,TabPFN|size|netfit|direct,16.029644127239248,calibrated_delta,18.799192300597205,-2.7695481733579577
6,0,292,True,neural,pbin35-65,TabPFN|size|netfit|direct,9.952930575425524,slope_base,9.954660201662884,-0.0017296262373598381
6,0,292,True,neural,pbin>65,TabPFN|size|netfit|direct,8.537468443740352,paperA_corr_own,12.31379731308928,-3.7763288693489283
6,0,292,True,rawseries,all,CNN|size|raw|direct,16.55508763620407,slope_base,23.83620300483121,-7.2811153686271375
6,0,292,True,rawseries,pbin<=15,CNN|size|raw|direct,25.058573324113464,slope_base,40.43041015059992,-15.371836826486454
6,0,292,True,rawseries,pbin15-35,CNN|size|raw|direct,16.136461168764143,calibrated_delta,18.799192300597205,-2.6627311318330626
6,0,292,True,rawseries,pbin35-65,CNN|size|raw|direct,9.567690048939458,slope_base,9.954660201662884,-0.3869701527234266
6,0,292,True,rawseries,pbin>65,CNN|size|raw|direct,8.262804362472172,paperA_corr_own,12.31379731308928,-4.050992950617108
6,0,292,True,trees,all,ExtraTrees|size|netfit|direct,18.19817317574962,slope_base,23.83620300483121,-5.638029829081589
6,0,292,True,trees,pbin<=15,ExtraTrees|size|netfit|direct,26.65626558222583,slope_base,40.43041015059992,-13.774144568374087
6,0,292,True,trees,pbin15-35,ExtraTrees|size|netfit|direct,17.30273894989206,calibrated_delta,18.799192300597205,-1.4964533507051456
6,0,292,True,trees,pbin35-65,ExtraTrees|size|netfit|direct,12.5286469974719,slope_base,9.954660201662884,2.5739867958090166
6,0,292,True,trees,pbin>65,ExtraTrees|size|netfit|direct,9.860920991393767,paperA_corr_own,12.31379731308928,-2.4528763216955127
6,1,62,False,kernel,all,KernelRidge|size|netfit|direct,26.198783554337503,paperA_corr_own,23.517255761078875,2.6815277932586277
6,1,62,False,kernel,pbin<=15,KernelRidge|size|netfit|direct,28.23146754564628,slope_base,35.44277259461649,-7.211305048970214
6,1,62,False,kernel,pbin15-35,KernelRidge|size|netfit|direct,26.22340134609949,slope_base,18.26169513274864,7.961706213350851
6,1,62,False,kernel,pbin35-65,KernelRidge|size|netfit|direct,26.113481138936717,paperA_corr_own,11.432238689256442,14.681242449680274
6,1,62,False,kernel,pbin>65,KernelRidge|size|netfit|direct,23.00179659960729,paperA_corr,11.249809686769307,11.751986912837982
6,1,62,False,linear,all,Ridge|size|netfit|residual,25.61625638379745,paperA_corr_own,23.517255761078875,2.099000622718574
6,1,62,False,linear,pbin<=15,Ridge|size|netfit|residual,30.869667576159294,slope_base,35.44277259461649,-4.573105018457198
6,1,62,False,linear,pbin15-35,Ridge|size|netfit|residual,23.33135348584381,slope_base,18.26169513274864,5.069658353095171
6,1,62,False,linear,pbin35-65,Ridge|size|netfit|residual,23.933712732746,paperA_corr_own,11.432238689256442,12.501474043489557
6,1,62,False,linear,pbin>65,Ridge|size|netfit|residual,21.911561933006304,paperA_corr,11.249809686769307,10.661752246236997
6,1,62,False,neural,all,TabPFN|size|netfit|direct,22.988533790515216,paperA_corr_own,23.517255761078875,-0.5287219705636588
6,1,62,False,neural,pbin<=15,TabPFN|size|netfit|direct,24.44779316617078,slope_base,35.44277259461649,-10.994979428445713
6,1,62,False,neural,pbin15-35,TabPFN|size|netfit|direct,22.66638808807178,slope_base,18.26169513274864,4.404692955323142
6,1,62,False,neural,pbin35-65,TabPFN|size|netfit|direct,21.108541121057318,paperA_corr_own,11.432238689256442,9.676302431800876
6,1,62,False,neural,pbin>65,TabPFN|size|netfit|direct,22.39016325644977,paperA_corr,11.249809686769307,11.140353569680464
6,1,62,False,rawseries,all,CNN|size|raw|residual,22.15179289730968,paperA_corr_own,23.517255761078875,-1.3654628637691957
6,1,62,False,rawseries,pbin<=15,CNN|size|raw|residual,29.792661801248048,slope_base,35.44277259461649,-5.6501107933684445
6,1,62,False,rawseries,pbin15-35,CNN|size|raw|residual,19.84382203448361,slope_base,18.26169513274864,1.58212690173497
6,1,62,False,rawseries,pbin35-65,CNN|size|raw|residual,19.275203645513336,paperA_corr_own,11.432238689256442,7.842964956256894
6,1,62,False,rawseries,pbin>65,CNN|size|raw|residual,15.47807191713366,paperA_corr,11.249809686769307,4.2282622303643524
6,1,62,False,trees,all,ExtraTrees|size|netfit|direct,24.89423743899898,paperA_corr_own,23.517255761078875,1.3769816779201065
6,1,62,False,trees,pbin<=15,ExtraTrees|size|netfit|direct,26.911086987718825,slope_base,35.44277259461649,-8.531685606897668
6,1,62,False,trees,pbin15-35,ExtraTrees|size|netfit|direct,23.96854533465798,slope_base,18.26169513274864,5.70685020190934
6,1,62,False,trees,pbin35-65,ExtraTrees|size|netfit|direct,22.228715451510496,paperA_corr_own,11.432238689256442,10.796476762254054
6,1,62,False,trees,pbin>65,ExtraTrees|size|netfit|direct,24.84996553648528,paperA_corr,11.249809686769307,13.600155849715971
6,1,100,False,kernel,all,SVR|size|netfit|residual,19.50187670994695,slope_base,23.519750762645007,-4.017874052698058
6,1,100,False,kernel,pbin<=15,SVR|size|netfit|residual,28.364487031150155,slope_base,39.22841205014248,-10.863925018992326
6,1,100,False,kernel,pbin15-35,SVR|size|netfit|residual,17.460182596206472,slope_only,16.136026179703247,1.3241564165032251
6,1,100,False,kernel,pbin35-65,SVR|size|netfit|residual,16.081177007916754,paperA_corr_own,9.071705972864065,7.009471035052689
6,1,100,False,kernel,pbin>65,SVR|size|netfit|residual,10.837666944152245,paperA_corr_own,10.149725658877944,0.6879412852743005
6,1,100,False,linear,all,Lasso|size|netfit|residual,19.970087905171635,slope_base,23.519750762645007,-3.549662857473372
6,1,100,False,linear,pbin<=15,Lasso|size|netfit|residual,31.084948437462074,slope_base,39.22841205014248,-8.143463612680407
6,1,100,False,linear,pbin15-35,Lasso|size|netfit|residual,17.823077255635063,slope_only,16.136026179703247,1.6870510759318158
6,1,100,False,linear,pbin35-65,Lasso|size|netfit|residual,11.428548879057216,paperA_corr_own,9.071705972864065,2.356842906193151
6,1,100,False,linear,pbin>65,Lasso|size|netfit|residual,11.211480331543276,paperA_corr_own,10.149725658877944,1.061754672665332
6,1,100,False,neural,all,TabPFN|size|netfit|direct,17.002521877385657,slope_base,23.519750762645007,-6.51722888525935
6,1,100,False,neural,pbin<=15,TabPFN|size|netfit|direct,27.18146989457652,slope_base,39.22841205014248,-12.046942155565961
6,1,100,False,neural,pbin15-35,TabPFN|size|netfit|direct,15.84302198397611,slope_only,16.136026179703247,-0.29300419572713743
6,1,100,False,neural,pbin35-65,TabPFN|size|netfit|direct,9.989742920644646,paperA_corr_own,9.071705972864065,0.9180369477805819
6,1,100,False,neural,pbin>65,TabPFN|size|netfit|direct,7.217473216246042,paperA_corr_own,10.149725658877944,-2.932252442631902
6,1,100,False,rawseries,all,CNN|size|raw|direct,18.250871724623632,slope_base,23.519750762645007,-5.268879038021375
6,1,100,False,rawseries,pbin<=15,CNN|size|raw|direct,28.068695481870844,slope_base,39.22841205014248,-11.159716568271637
6,1,100,False,rawseries,pbin15-35,CNN|size|raw|direct,15.177870771258878,slope_only,16.136026179703247,-0.9581554084443695
6,1,100,False,rawseries,pbin35-65,CNN|size|raw|direct,11.416317170712556,paperA_corr_own,9.071705972864065,2.344611197848492
6,1,100,False,rawseries,pbin>65,CNN|size|raw|direct,11.866578017979162,paperA_corr_own,10.149725658877944,1.7168523591012175
6,1,100,False,trees,all,ExtraTrees|size|netfit|residual,17.68035659304531,slope_base,23.519750762645007,-5.8393941695996965
6,1,100,False,trees,pbin<=15,ExtraTrees|size|netfit|residual,26.733793998822463,slope_base,39.22841205014248,-12.494618051320018
6,1,100,False,trees,pbin15-35,ExtraTrees|size|netfit|residual,17.147558076196994,slope_only,16.136026179703247,1.0115318964937465
6,1,100,False,trees,pbin35-65,ExtraTrees|size|netfit|residual,10.375394815732756,paperA_corr_own,9.071705972864065,1.3036888428686915
6,1,100,False,trees,pbin>65,ExtraTrees|size|netfit|residual,8.899121330809157,paperA_corr_own,10.149725658877944,-1.2506043280687873
6,1,200,False,kernel,all,KernelRidge|size|netfit|residual,18.55475576574698,slope_base,23.68445804397692,-5.129702278229942
6,1,200,False,kernel,pbin<=15,KernelRidge|size|netfit|residual,26.25499975924988,slope_base,39.97983941513432,-13.724839655884441
6,1,200,False,kernel,pbin15-35,KernelRidge|size|netfit|residual,17.232227281929656,calibrated_delta,16.974387342697025,0.2578399392326318
6,1,200,False,kernel,pbin35-65,KernelRidge|size|netfit|residual,13.773849932280417,slope_base,10.095476627534891,3.6783733047455254
6,1,200,False,kernel,pbin>65,KernelRidge|size|netfit|residual,11.499617146486427,paperA_corr,10.788108697521096,0.7115084489653309
6,1,200,False,linear,all,Linear|size|netfit|residual,19.44477860940925,slope_base,23.68445804397692,-4.23967943456767
6,1,200,False,linear,pbin<=15,Linear|size|netfit|residual,29.3149200706496,slope_base,39.97983941513432,-10.664919344484723
6,1,200,False,linear,pbin15-35,Linear|size|netfit|residual,15.840294533872248,calibrated_delta,16.974387342697025,-1.1340928088247768
6,1,200,False,linear,pbin35-65,Linear|size|netfit|residual,13.042334778436771,slope_base,10.095476627534891,2.94685815090188
6,1,200,False,linear,pbin>65,Linear|size|netfit|residual,13.51680236375137,paperA_corr,10.788108697521096,2.7286936662302743
6,1,200,False,neural,all,TabPFN|size|netfit|direct,16.574410839269586,slope_base,23.68445804397692,-7.110047204707335
6,1,200,False,neural,pbin<=15,TabPFN|size|netfit|direct,24.717614995778643,slope_base,39.97983941513432,-15.262224419355679
6,1,200,False,neural,pbin15-35,TabPFN|size|netfit|direct,16.28321874595297,calibrated_delta,16.974387342697025,-0.6911685967440562
6,1,200,False,neural,pbin35-65,TabPFN|size|netfit|direct,10.368908342198576,slope_base,10.095476627534891,0.2734317146636851
6,1,200,False,neural,pbin>65,TabPFN|size|netfit|direct,8.151088269044847,paperA_corr,10.788108697521096,-2.6370204284762497
6,1,200,False,rawseries,all,CNN|size|raw|residual,21.998240863191327,slope_base,23.68445804397692,-1.6862171807855937
6,1,200,False,rawseries,pbin<=15,CNN|size|raw|residual,24.691853398082987,slope_base,39.97983941513432,-15.287986017051335
6,1,200,False,rawseries,pbin15-35,CNN|size|raw|residual,24.06354534068954,calibrated_delta,16.974387342697025,7.0891579979925154
6,1,200,False,rawseries,pbin35-65,CNN|size|raw|residual,16.151694560107636,slope_base,10.095476627534891,6.0562179325727445
6,1,200,False,rawseries,pbin>65,CNN|size|raw|residual,18.333853964901984,paperA_corr,10.788108697521096,7.545745267380887
6,1,200,False,trees,all,RandomForest|size|netfit|direct,18.484844426234048,slope_base,23.68445804397692,-5.199613617742873
6,1,200,False,trees,pbin<=15,RandomForest|size|netfit|direct,26.736180226850298,slope_base,39.97983941513432,-13.243659188284024
6,1,200,False,trees,pbin15-35,RandomForest|size|netfit|direct,17.1285078669336,calibrated_delta,16.974387342697025,0.15412052423657485
6,1,200,False,trees,pbin35-65,RandomForest|size|netfit|direct,12.689829103005795,slope_base,10.095476627534891,2.594352475470904
6,1,200,False,trees,pbin>65,RandomForest|size|netfit|direct,11.264809760892987,paperA_corr,10.788108697521096,0.4767010633718911
7,0,32,False,kernel,all,SVR|size|netfit|residual,28.55573049060757,paperA_corr_own,28.80385437123368,-0.24812388062611035
7,0,32,False,kernel,pbin<=15,SVR|size|netfit|residual,33.150673837939706,calibrated_delta,33.9395072283702,-0.7888333904304972
7,0,32,False,kernel,pbin15-35,SVR|size|netfit|residual,27.40840599136245,paperA_corr,22.03461237613028,5.37379361523217
7,0,32,False,kernel,pbin35-65,SVR|size|netfit|residual,21.5268877635301,paperA_corr_own,13.346336997641725,8.180550765888377
7,0,32,False,kernel,pbin>65,SVR|size|netfit|residual,27.301894932081243,paperA_corr,8.94783412856268,18.354060803518564
7,0,32,False,linear,all,Lasso|size|netfit|direct,28.786964124774023,paperA_corr_own,28.80385437123368,-0.01689024645965631
7,0,32,False,linear,pbin<=15,Lasso|size|netfit|direct,38.46889081796337,calibrated_delta,33.9395072283702,4.5293835895931664
7,0,32,False,linear,pbin15-35,Lasso|size|netfit|direct,24.71660480870197,paperA_corr,22.03461237613028,2.6819924325716897
7,0,32,False,linear,pbin35-65,Lasso|size|netfit|direct,22.87439448817642,paperA_corr_own,13.346336997641725,9.528057490534696
7,0,32,False,linear,pbin>65,Lasso|size|netfit|direct,23.02477213528833,paperA_corr,8.94783412856268,14.07693800672565
7,0,32,False,neural,all,TabPFN|size|netfit|direct,31.49905726937781,paperA_corr_own,28.80385437123368,2.6952028981441316
7,0,32,False,neural,pbin<=15,TabPFN|size|netfit|direct,30.73432024578141,calibrated_delta,33.9395072283702,-3.205186982588792
7,0,32,False,neural,pbin15-35,TabPFN|size|netfit|direct,29.83504778703269,paperA_corr,22.03461237613028,7.800435410902409
7,0,32,False,neural,pbin35-65,TabPFN|size|netfit|direct,33.4524592858431,paperA_corr_own,13.346336997641725,20.106122288201373
7,0,32,False,neural,pbin>65,TabPFN|size|netfit|direct,34.075954153850766,paperA_corr,8.94783412856268,25.128120025288084
7,0,32,False,rawseries,all,CNN|size|raw|residual,23.118245696635576,paperA_corr_own,28.80385437123368,-5.685608674598104
7,0,32,False,rawseries,pbin<=15,CNN|size|raw|residual,29.133149346257717,calibrated_delta,33.9395072283702,-4.806357882112486
7,0,32,False,rawseries,pbin15-35,CNN|size|raw|residual,24.13632134697003,paperA_corr,22.03461237613028,2.1017089708397485
7,0,32,False,rawseries,pbin35-65,CNN|size|raw|residual,16.10988205741608,paperA_corr_own,13.346336997641725,2.763545059774355
7,0,32,False,rawseries,pbin>65,CNN|size|raw|residual,16.182052180668958,paperA_corr,8.94783412856268,7.234218052106277
7,0,32,False,trees,all,ExtraTrees|size|netfit|direct,34.196357127759285,paperA_corr_own,28.80385437123368,5.392502756525605
7,0,32,False,trees,pbin<=15,ExtraTrees|size|netfit|direct,31.39773602614156,calibrated_delta,33.9395072283702,-2.541771202228645
7,0,32,False,trees,pbin15-35,ExtraTrees|size|netfit|direct,31.039621188865546,paperA_corr,22.03461237613028,9.005008812735266
7,0,32,False,trees,pbin35-65,ExtraTrees|size|netfit|direct,39.857336771672,paperA_corr_own,13.346336997641725,26.510999774030278
7,0,32,False,trees,pbin>65,ExtraTrees|size|netfit|direct,40.041040299863454,paperA_corr,8.94783412856268,31.09320617130077
7,0,62,False,kernel,all,KernelRidge|size|netfit|residual,26.488503371779377,paperA_corr_own,26.612904435809227,-0.12440106402985052
7,0,62,False,kernel,pbin<=15,KernelRidge|size|netfit|residual,30.504653348349763,slope_base,43.14277315784344,-12.63811980949368
7,0,62,False,kernel,pbin15-35,KernelRidge|size|netfit|residual,25.752690742505933,slope_base,20.67145017550138,5.081240567004553
7,0,62,False,kernel,pbin35-65,KernelRidge|size|netfit|residual,23.463836771403408,paperA_corr_own,12.90868381731904,10.555152954084367
7,0,62,False,kernel,pbin>65,KernelRidge|size|netfit|residual,22.99033187693124,paperA_corr,8.963266205802327,14.027065671128913
7,0,62,False,linear,all,PLS|size|netfit|direct,29.50378069309763,paperA_corr_own,26.612904435809227,2.8908762572884044
7,0,62,False,linear,pbin<=15,PLS|size|netfit|direct,36.55638284405944,slope_base,43.14277315784344,-6.586390313784001
7,0,62,False,linear,pbin15-35,PLS|size|netfit|direct,28.54831701081228,slope_base,20.67145017550138,7.876866835310899
7,0,62,False,linear,pbin35-65,PLS|size|netfit|direct,26.911528697310416,paperA_corr_own,12.90868381731904,14.002844879991375
7,0,62,False,linear,pbin>65,PLS|size|netfit|direct,21.105649744968854,paperA_corr,8.963266205802327,12.142383539166527
7,0,62,False,neural,all,TabPFN|size|netfit|residual,26.647298815000497,paperA_corr_own,26.612904435809227,0.03439437919126931
7,0,62,False,neural,pbin<=15,TabPFN|size|netfit|residual,28.403879662254276,slope_base,43.14277315784344,-14.738893495589167
7,0,62,False,neural,pbin15-35,TabPFN|size|netfit|residual,26.673152742084252,slope_base,20.67145017550138,6.001702566582871
7,0,62,False,neural,pbin35-65,TabPFN|size|netfit|residual,23.370356828419613,paperA_corr_own,12.90868381731904,10.461673011100572
7,0,62,False,neural,pbin>65,TabPFN|size|netfit|residual,25.826148892590933,paperA_corr,8.963266205802327,16.862882686788605
7,0,62,False,rawseries,all,CNN|size|raw|residual,28.206336037555666,paperA_corr_own,26.612904435809227,1.5934316017464383
7,0,62,False,rawseries,pbin<=15,CNN|size|raw|residual,28.289184514906868,slope_base,43.14277315784344,-14.853588642936575
7,0,62,False,rawseries,pbin15-35,CNN|size|raw|residual,30.877511144171503,slope_base,20.67145017550138,10.206060968670123
7,0,62,False,rawseries,pbin35-65,CNN|size|raw|residual,29.28469470727587,paperA_corr_own,12.90868381731904,16.37601088995683
7,0,62,False,rawseries,pbin>65,CNN|size|raw|residual,23.252954060749968,paperA_corr,8.963266205802327,14.28968785494764
7,0,62,False,trees,all,XGBoost|size|netfit|residual,24.40858469607438,paperA_corr_own,26.612904435809227,-2.2043197397348457
7,0,62,False,trees,pbin<=15,XGBoost|size|netfit|residual,32.39211695590211,slope_base,43.14277315784344,-10.750656201941332
7,0,62,False,trees,pbin15-35,XGBoost|size|netfit|residual,23.44118393273625,slope_base,20.67145017550138,2.769733757234871
7,0,62,False,trees,pbin35-65,XGBoost|size|netfit|residual,20.452916731975737,paperA_corr_own,12.90868381731904,7.544232914656696
7,0,62,False,trees,pbin>65,XGBoost|size|netfit|residual,15.376815989975146,paperA_corr,8.963266205802327,6.413549784172819
7,0,100,False,kernel,all,SVR|size|netfit|direct,22.22891755455421,slope_base,27.403306116366345,-5.174388561812133
7,0,100,False,kernel,pbin<=15,SVR|size|netfit|direct,34.06169841472692,slope_base,51.05218778959275,-16.99048937486583
7,0,100,False,kernel,pbin15-35,SVR|size|netfit|direct,21.89569287599416,slope_only,18.21195119218641,3.6837416838077495
7,0,100,False,kernel,pbin35-65,SVR|size|netfit|direct,10.316229997054368,paperA_corr_own,12.46306633917979,-2.1468363421254217
7,0,100,False,kernel,pbin>65,SVR|size|netfit|direct,10.999901505365386,paperA_corr_own,9.122204834014669,1.8776966713507175
7,0,100,False,linear,all,Lasso|size|netfit|residual,25.36639361493336,slope_base,27.403306116366345,-2.036912501432983
7,0,100,False,linear,pbin<=15,Lasso|size|netfit|residual,39.43214483577571,slope_base,51.05218778959275,-11.620042953817041
7,0,100,False,linear,pbin15-35,Lasso|size|netfit|residual,22.514260756633448,slope_only,18.21195119218641,4.302309564447036
7,0,100,False,linear,pbin35-65,Lasso|size|netfit|residual,16.063104609962426,paperA_corr_own,12.46306633917979,3.600038270782637
7,0,100,False,linear,pbin>65,Lasso|size|netfit|residual,12.717226562673693,paperA_corr_own,9.122204834014669,3.595021728659024
7,0,100,False,neural,all,TabPFN|size|netfit|direct,19.30375026051003,slope_base,27.403306116366345,-8.099555855856316
7,0,100,False,neural,pbin<=15,TabPFN|size|netfit|direct,29.0995830988446,slope_base,51.05218778959275,-21.95260469074815
7,0,100,False,neural,pbin15-35,TabPFN|size|netfit|direct,19.264970384183368,slope_only,18.21195119218641,1.053019191996956
7,0,100,False,neural,pbin35-65,TabPFN|size|netfit|direct,10.904548163713274,paperA_corr_own,12.46306633917979,-1.5585181754665154
7,0,100,False,neural,pbin>65,TabPFN|size|netfit|direct,8.70808197632405,paperA_corr_own,9.122204834014669,-0.41412285769061974
7,0,100,False,rawseries,all,CNN|size|raw|direct,23.01178985109509,slope_base,27.403306116366345,-4.391516265271253
7,0,100,False,rawseries,pbin<=15,CNN|size|raw|direct,33.86876571640139,slope_base,51.05218778959275,-17.18342207319136
7,0,100,False,rawseries,pbin15-35,CNN|size|raw|direct,17.544829391010133,slope_only,18.21195119218641,-0.667121801176279
7,0,100,False,rawseries,pbin35-65,CNN|size|raw|direct,16.237199472505807,paperA_corr_own,12.46306633917979,3.7741331333260177
7,0,100,False,rawseries,pbin>65,CNN|size|raw|direct,18.037973639155823,paperA_corr_own,9.122204834014669,8.915768805141154
7,0,100,False,trees,all,ExtraTrees|size|netfit|direct,21.421255063388266,slope_base,27.403306116366345,-5.982051052978079
7,0,100,False,trees,pbin<=15,ExtraTrees|size|netfit|direct,32.00380669345925,slope_base,51.05218778959275,-19.048381096133497
7,0,100,False,trees,pbin15-35,ExtraTrees|size|netfit|direct,20.86031511086987,slope_only,18.21195119218641,2.648363918683458
7,0,100,False,trees,pbin35-65,ExtraTrees|size|netfit|direct,12.558750806399145,paperA_corr_own,12.46306633917979,0.09568446721935508
7,0,100,False,trees,pbin>65,ExtraTrees|size|netfit|direct,10.64240528451295,paperA_corr_own,9.122204834014669,1.5202004504982813
7,0,200,False,kernel,all,SVR|size|netfit|direct,22.84167727776864,slope_base,27.289691458131056,-4.448014180362417
7,0,200,False,kernel,pbin<=15,SVR|size|netfit|direct,30.577755013918704,slope_base,50.395943366189385,-19.81818835227068
7,0,200,False,kernel,pbin15-35,SVR|size|netfit|direct,22.53167940758145,calibrated_delta,18.63022742206743,3.9014519855140186
7,0,200,False,kernel,pbin35-65,SVR|size|netfit|direct,12.89350792860818,slope_base,12.48827336443599,0.40523456417218995
7,0,200,False,kernel,pbin>65,SVR|size|netfit|direct,17.020548937883767,paperA_corr,9.13903796741034,7.8815109704734265
7,0,200,False,linear,all,Linear|size|netfit|residual,24.09925032066775,slope_base,27.289691458131056,-3.1904411374633064
7,0,200,False,linear,pbin<=15,Linear|size|netfit|residual,37.33732413484934,slope_base,50.395943366189385,-13.058619231340046
7,0,200,False,linear,pbin15-35,Linear|size|netfit|residual,21.234077908249493,calibrated_delta,18.63022742206743,2.6038504861820613
7,0,200,False,linear,pbin35-65,Linear|size|netfit|residual,15.770820174196492,slope_base,12.48827336443599,3.282546809760502
7,0,200,False,linear,pbin>65,Linear|size|netfit|residual,12.20140777041811,paperA_corr,9.13903796741034,3.062369803007769
7,0,200,False,neural,all,TabPFN|size|netfit|direct,18.72088078873258,slope_base,27.289691458131056,-8.568810669398477
7,0,200,False,neural,pbin<=15,TabPFN|size|netfit|direct,26.79761863760716,slope_base,50.395943366189385,-23.598324728582224
7,0,200,False,neural,pbin15-35,TabPFN|size|netfit|direct,19.93772626211525,calibrated_delta,18.63022742206743,1.307498840047817
7,0,200,False,neural,pbin35-65,TabPFN|size|netfit|direct,11.591160053177529,slope_base,12.48827336443599,-0.8971133112584617
7,0,200,False,neural,pbin>65,TabPFN|size|netfit|direct,8.184253212068668,paperA_corr,9.13903796741034,-0.954784755341672
7,0,200,False,rawseries,all,CNN|size|raw|residual,17.965364256392704,slope_base,27.289691458131056,-9.324327201738352
7,0,200,False,rawseries,pbin<=15,CNN|size|raw|residual,25.59008928285993,slope_base,50.395943366189385,-24.805854083329457
7,0,200,False,rawseries,pbin15-35,CNN|size|raw|residual,16.93354131263857,calibrated_delta,18.63022742206743,-1.6966861094288603
7,0,200,False,rawseries,pbin35-65,CNN|size|raw|residual,9.751232767610082,slope_base,12.48827336443599,-2.737040596825908
7,0,200,False,rawseries,pbin>65,CNN|size|raw|residual,12.33619464394299,paperA_corr,9.13903796741034,3.19715667653265
7,0,200,False,trees,all,ExtraTrees|size|netfit|residual,20.21570996155208,slope_base,27.289691458131056,-7.073981496578977
7,0,200,False,trees,pbin<=15,ExtraTrees|size|netfit|residual,28.81296157648925,slope_base,50.395943366189385,-21.582981789700135
7,0,200,False,trees,pbin15-35,ExtraTrees|size|netfit|residual,22.640385660841016,calibrated_delta,18.63022742206743,4.010158238773585
7,0,200,False,trees,pbin35-65,ExtraTrees|size|netfit|residual,11.694731709110217,slope_base,12.48827336443599,-0.7935416553257735
7,0,200,False,trees,pbin>65,ExtraTrees|size|netfit|residual,7.848160837629195,paperA_corr,9.13903796741034,-1.290877129781145
7,0,292,True,kernel,all,SVR|size|netfit|direct,22.911165422565183,slope_base,27.97959611493028,-5.068430692365098
7,0,292,True,kernel,pbin<=15,SVR|size|netfit|direct,34.655139277850175,slope_base,52.04032996969145,-17.385190691841274
7,0,292,True,kernel,pbin15-35,SVR|size|netfit|direct,22.499511966546528,calibrated_delta,21.228557344395323,1.270954622151205
7,0,292,True,kernel,pbin35-65,SVR|size|netfit|direct,11.656123517118292,slope_base,12.781996954736814,-1.1258734376185213
7,0,292,True,kernel,pbin>65,SVR|size|netfit|direct,11.52907990884511,paperA_corr_own,8.9970730714623,2.532006837382811
7,0,292,True,linear,all,Ridge|size|netfit|residual,24.02026708289565,slope_base,27.97959611493028,-3.9593290320346313
7,0,292,True,linear,pbin<=15,Ridge|size|netfit|residual,36.41651571299579,slope_base,52.04032996969145,-15.62381425669566
7,0,292,True,linear,pbin15-35,Ridge|size|netfit|residual,22.21193312466324,calibrated_delta,21.228557344395323,0.9833757802679166
7,0,292,True,linear,pbin35-65,Ridge|size|netfit|residual,15.64682579272954,slope_base,12.781996954736814,2.864828837992727
7,0,292,True,linear,pbin>65,Ridge|size|netfit|residual,11.893239170641388,paperA_corr_own,8.9970730714623,2.896166099179089
7,0,292,True,neural,all,TabPFN|size|netfit|direct,19.95213300692444,slope_base,27.97959611493028,-8.02746310800584
7,0,292,True,neural,pbin<=15,TabPFN|size|netfit|direct,31.221366473369194,slope_base,52.04032996969145,-20.818963496322255
7,0,292,True,neural,pbin15-35,TabPFN|size|netfit|direct,19.60343986693339,calibrated_delta,21.228557344395323,-1.6251174774619344
7,0,292,True,neural,pbin35-65,TabPFN|size|netfit|direct,10.152909965614628,slope_base,12.781996954736814,-2.629086989122186
7,0,292,True,neural,pbin>65,TabPFN|size|netfit|direct,8.320110574332253,paperA_corr_own,8.9970730714623,-0.676962497130047
7,0,292,True,rawseries,all,CNN|size|raw|residual,17.36388342009195,slope_base,27.97959611493028,-10.615712694838333
7,0,292,True,rawseries,pbin<=15,CNN|size|raw|residual,26.47404089090929,slope_base,52.04032996969145,-25.56628907878216
7,0,292,True,rawseries,pbin15-35,CNN|size|raw|residual,14.475589546004258,calibrated_delta,21.228557344395323,-6.752967798391065
7,0,292,True,rawseries,pbin35-65,CNN|size|raw|residual,10.244109900162536,slope_base,12.781996954736814,-2.537887054574277
7,0,292,True,rawseries,pbin>65,CNN|size|raw|residual,11.47877403795402,paperA_corr_own,8.9970730714623,2.4817009664917205
7,0,292,True,trees,all,ExtraTrees|size|netfit|direct,21.058330535775347,slope_base,27.97959611493028,-6.921265579154934
7,0,292,True,trees,pbin<=15,ExtraTrees|size|netfit|direct,30.97278240042037,slope_base,52.04032996969145,-21.067547569271078
7,0,292,True,trees,pbin15-35,ExtraTrees|size|netfit|direct,22.319114891647597,calibrated_delta,21.228557344395323,1.0905575472522742
7,0,292,True,trees,pbin35-65,ExtraTrees|size|netfit|direct,12.686051500243453,slope_base,12.781996954736814,-0.09594545449336067
7,0,292,True,trees,pbin>65,ExtraTrees|size|netfit|direct,8.242242120984459,paperA_corr_own,8.9970730714623,-0.7548309504778405
7,1,62,False,kernel,all,SVR|size|netfit|direct,27.728566219573946,paperA_corr_own,26.766579635882557,0.9619865836913881
7,1,62,False,kernel,pbin<=15,SVR|size|netfit|direct,39.36974591917178,slope_base,48.9529716694496,-9.583225750277826
7,1,62,False,kernel,pbin15-35,SVR|size|netfit|direct,26.694472874683417,slope_base,19.94929039385218,6.745182480831236
7,1,62,False,kernel,pbin35-65,SVR|size|netfit|direct,18.756856494182493,paperA_corr_own,12.357151232591873,6.39970526159062
7,1,62,False,kernel,pbin>65,SVR|size|netfit|direct,16.02039204413486,paperA_corr,8.904964182892844,7.115427861242015
7,1,62,False,linear,all,PLS|size|netfit|direct,29.059236557583105,paperA_corr_own,26.766579635882557,2.292656921700548
7,1,62,False,linear,pbin<=15,PLS|size|netfit|direct,37.40598518201232,slope_base,48.9529716694496,-11.54698648743728
7,1,62,False,linear,pbin15-35,PLS|size|netfit|direct,27.991097944943288,slope_base,19.94929039385218,8.041807551091107
7,1,62,False,linear,pbin35-65,PLS|size|netfit|direct,24.04196718423942,paperA_corr_own,12.357151232591873,11.684815951647549
7,1,62,False,linear,pbin>65,PLS|size|netfit|direct,20.26665675049405,paperA_corr,8.904964182892844,11.361692567601207
7,1,62,False,neural,all,FFNN|size|netfit|direct,27.395554258497302,paperA_corr_own,26.766579635882557,0.628974622614745
7,1,62,False,neural,pbin<=15,FFNN|size|netfit|direct,36.47562251021992,slope_base,48.9529716694496,-12.477349159229682
7,1,62,False,neural,pbin15-35,FFNN|size|netfit|direct,26.14765494624709,slope_base,19.94929039385218,6.19836455239491
7,1,62,False,neural,pbin35-65,FFNN|size|netfit|direct,17.613802966420703,paperA_corr_own,12.357151232591873,5.25665173382883
7,1,62,False,neural,pbin>65,FFNN|size|netfit|direct,20.721372275090037,paperA_corr,8.904964182892844,11.816408092197193
7,1,62,False,rawseries,all,CNN|size|raw|residual,28.170939261618333,paperA_corr_own,26.766579635882557,1.4043596257357756
7,1,62,False,rawseries,pbin<=15,CNN|size|raw|residual,39.02865626127648,slope_base,48.9529716694496,-9.924315408173122
7,1,62,False,rawseries,pbin15-35,CNN|size|raw|residual,27.77941661940214,slope_base,19.94929039385218,7.830126225549961
7,1,62,False,rawseries,pbin35-65,CNN|size|raw|residual,20.69446612971496,paperA_corr_own,12.357151232591873,8.337314897123088
7,1,62,False,rawseries,pbin>65,CNN|size|raw|residual,15.796185787619304,paperA_corr,8.904964182892844,6.891221604726461
7,1,62,False,trees,all,XGBoost|size|netfit|residual,25.35861457110909,paperA_corr_own,26.766579635882557,-1.4079650647734674
7,1,62,False,trees,pbin<=15,XGBoost|size|netfit|residual,35.314458764286414,slope_base,48.9529716694496,-13.63851290516319
7,1,62,False,trees,pbin15-35,XGBoost|size|netfit|residual,25.647634837665017,slope_base,19.94929039385218,5.698344443812836
7,1,62,False,trees,pbin35-65,XGBoost|size|netfit|residual,17.622317161462387,paperA_corr_own,12.357151232591873,5.265165928870514
7,1,62,False,trees,pbin>65,XGBoost|size|netfit|residual,13.571678465841206,paperA_corr,8.904964182892844,4.666714282948362
7,1,100,False,kernel,all,SVR|size|netfit|direct,21.596473253733595,slope_base,26.81856602737147,-5.2220927736378755
7,1,100,False,kernel,pbin<=15,SVR|size|netfit|direct,32.287605759731434,slope_base,49.225474791671,-16.937869031939563
7,1,100,False,kernel,pbin15-35,SVR|size|netfit|direct,22.602347004106257,slope_only,17.87571530008762,4.7266317040186365
7,1,100,False,kernel,pbin35-65,SVR|size|netfit|direct,11.897951874777617,paperA_corr_own,12.499143851182426,-0.6011919764048095
7,1,100,False,kernel,pbin>65,SVR|size|netfit|direct,8.750865150343024,paperA_corr_own,9.090857680274368,-0.33999252993134377
7,1,100,False,linear,all,Lasso|size|netfit|residual,24.727688064347277,slope_base,26.81856602737147,-2.0908779630241945
7,1,100,False,linear,pbin<=15,Lasso|size|netfit|residual,35.69515469302585,slope_base,49.225474791671,-13.530320098645149
7,1,100,False,linear,pbin15-35,Lasso|size|netfit|residual,24.310512175306656,slope_only,17.87571530008762,6.434796875219035
7,1,100,False,linear,pbin35-65,Lasso|size|netfit|residual,16.76621929872565,paperA_corr_own,12.499143851182426,4.267075447543226
7,1,100,False,linear,pbin>65,Lasso|size|netfit|residual,12.522564291747148,paperA_corr_own,9.090857680274368,3.43170661147278
7,1,100,False,neural,all,TabPFN|size|netfit|direct,19.423398054771564,slope_base,26.81856602737147,-7.395167972599907
7,1,100,False,neural,pbin<=15,TabPFN|size|netfit|direct,28.071456672037414,slope_base,49.225474791671,-21.154018119633584
7,1,100,False,neural,pbin15-35,TabPFN|size|netfit|direct,22.18069965626063,slope_only,17.87571530008762,4.304984356173009
7,1,100,False,neural,pbin35-65,TabPFN|size|netfit|direct,10.370944779842944,paperA_corr_own,12.499143851182426,-2.1281990713394823
7,1,100,False,neural,pbin>65,TabPFN|size|netfit|direct,6.797524254488844,paperA_corr_own,9.090857680274368,-2.293333425785524
7,1,100,False,rawseries,all,CNN|size|raw|direct,20.38532013782684,slope_base,26.81856602737147,-6.433245889544629
7,1,100,False,rawseries,pbin<=15,CNN|size|raw|direct,28.86897335615932,slope_base,49.225474791671,-20.356501435511678
7,1,100,False,rawseries,pbin15-35,CNN|size|raw|direct,20.527623345241388,slope_only,17.87571530008762,2.6519080451537675
7,1,100,False,rawseries,pbin35-65,CNN|size|raw|direct,10.077474691314292,paperA_corr_own,12.499143851182426,-2.4216691598681344
7,1,100,False,rawseries,pbin>65,CNN|size|raw|direct,12.872220920159998,paperA_corr_own,9.090857680274368,3.7813632398856303
7,1,100,False,trees,all,ExtraTrees|size|netfit|direct,19.993786823911663,slope_base,26.81856602737147,-6.8247792034598085
7,1,100,False,trees,pbin<=15,ExtraTrees|size|netfit|direct,29.20823465381867,slope_base,49.225474791671,-20.017240137852326
7,1,100,False,trees,pbin15-35,ExtraTrees|size|netfit|direct,21.818482809649836,slope_only,17.87571530008762,3.9427675095622163
7,1,100,False,trees,pbin35-65,ExtraTrees|size|netfit|direct,10.668691678658938,paperA_corr_own,12.499143851182426,-1.8304521725234881
7,1,100,False,trees,pbin>65,ExtraTrees|size|netfit|direct,8.057902817696865,paperA_corr_own,9.090857680274368,-1.032954862577503
7,1,200,False,kernel,all,SVR|size|netfit|direct,22.14533599180801,slope_base,27.54382509372684,-5.39848910191883
7,1,200,False,kernel,pbin<=15,SVR|size|netfit|direct,33.07292432710944,slope_base,51.00962890897678,-17.93670458186734
7,1,200,False,kernel,pbin15-35,SVR|size|netfit|direct,22.66140019007756,calibrated_delta,18.58629903371228,4.075101156365282
7,1,200,False,kernel,pbin35-65,SVR|size|netfit|direct,10.03225816738993,slope_base,12.577536422931448,-2.5452782555415183
7,1,200,False,kernel,pbin>65,SVR|size|netfit|direct,11.210742891255707,paperA_corr,9.203189645127098,2.0075532461286087
7,1,200,False,linear,all,Linear|size|netfit|residual,24.172077972504088,slope_base,27.54382509372684,-3.3717471212227537
7,1,200,False,linear,pbin<=15,Linear|size|netfit|residual,38.15213457238568,slope_base,51.00962890897678,-12.857494336591103
7,1,200,False,linear,pbin15-35,Linear|size|netfit|residual,21.1377894162776,calibrated_delta,18.58629903371228,2.5514903825653192
7,1,200,False,linear,pbin35-65,Linear|size|netfit|residual,14.046522113523285,slope_base,12.577536422931448,1.4689856905918361
7,1,200,False,linear,pbin>65,Linear|size|netfit|residual,12.469157882881545,paperA_corr,9.203189645127098,3.2659682377544463
7,1,200,False,neural,all,TabPFN|size|netfit|direct,19.41267413105389,slope_base,27.54382509372684,-8.131150962672951
7,1,200,False,neural,pbin<=15,TabPFN|size|netfit|direct,29.27936156015976,slope_base,51.00962890897678,-21.73026734881702
7,1,200,False,neural,pbin15-35,TabPFN|size|netfit|direct,20.14506028723628,calibrated_delta,18.58629903371228,1.5587612535240005
7,1,200,False,neural,pbin35-65,TabPFN|size|netfit|direct,10.424845011515426,slope_base,12.577536422931448,-2.152691411416022
7,1,200,False,neural,pbin>65,TabPFN|size|netfit|direct,7.884311567980659,paperA_corr,9.203189645127098,-1.3188780771464392
7,1,200,False,rawseries,all,CNN|size|raw|residual,17.041472496333753,slope_base,27.54382509372684,-10.502352597393088
7,1,200,False,rawseries,pbin<=15,CNN|size|raw|residual,24.456808943718915,slope_base,51.00962890897678,-26.552819965257864
7,1,200,False,rawseries,pbin15-35,CNN|size|raw|residual,16.94326699901085,calibrated_delta,18.58629903371228,-1.6430320347014309
7,1,200,False,rawseries,pbin35-65,CNN|size|raw|residual,11.974397073081214,slope_base,12.577536422931448,-0.6031393498502347
7,1,200,False,rawseries,pbin>65,CNN|size|raw|residual,8.3035851658397,paperA_corr,9.203189645127098,-0.8996044792873992
7,1,200,False,trees,all,ExtraTrees|size|netfit|direct,20.820182167448166,slope_base,27.54382509372684,-6.723642926278675
7,1,200,False,trees,pbin<=15,ExtraTrees|size|netfit|direct,30.156086497393236,slope_base,51.00962890897678,-20.853542411583543
7,1,200,False,trees,pbin15-35,ExtraTrees|size|netfit|direct,21.592975115561703,calibrated_delta,18.58629903371228,3.006676081849424
7,1,200,False,trees,pbin35-65,ExtraTrees|size|netfit|direct,13.139883734459348,slope_base,12.577536422931448,0.5623473115278994
7,1,200,False,trees,pbin>65,ExtraTrees|size|netfit|direct,9.262960067598842,paperA_corr,9.203189645127098,0.059770422471743245
8,0,62,False,kernel,all,SVR|size|netfit|direct,23.42524453449895,paperA_corr_own,28.444359922135163,-5.019115387636212
8,0,62,False,kernel,pbin<=15,SVR|size|netfit|direct,35.39401997960563,slope_base,47.22532745374632,-11.831307474140687
8,0,62,False,kernel,pbin15-35,SVR|size|netfit|direct,20.04434252842153,slope_base,17.31572314944206,2.72861937897947
8,0,62,False,kernel,pbin35-65,SVR|size|netfit|direct,19.66947472774665,paperA_corr_own,19.71078507154229,-0.041310343795640136
8,0,62,False,kernel,pbin>65,SVR|size|netfit|direct,11.9076619999915,paperA_corr,12.23799055313164,-0.33032855314013965
8,0,62,False,linear,all,Lasso|size|netfit|direct,27.97890361001939,paperA_corr_own,28.444359922135163,-0.4654563121157729
8,0,62,False,linear,pbin<=15,Lasso|size|netfit|direct,39.33825920335591,slope_base,47.22532745374632,-7.887068250390406
8,0,62,False,linear,pbin15-35,Lasso|size|netfit|direct,25.446641649292943,slope_base,17.31572314944206,8.130918499850882
8,0,62,False,linear,pbin35-65,Lasso|size|netfit|direct,23.55251197437586,paperA_corr_own,19.71078507154229,3.841726902833571
8,0,62,False,linear,pbin>65,Lasso|size|netfit|direct,16.59963792816553,paperA_corr,12.23799055313164,4.3616473750338915
8,0,62,False,neural,all,TabPFN|size|netfit|residual,23.014688281147592,paperA_corr_own,28.444359922135163,-5.429671640987571
8,0,62,False,neural,pbin<=15,TabPFN|size|netfit|residual,30.28025436143636,slope_base,47.22532745374632,-16.945073092309958
8,0,62,False,neural,pbin15-35,TabPFN|size|netfit|residual,23.243180657803865,slope_base,17.31572314944206,5.927457508361805
8,0,62,False,neural,pbin35-65,TabPFN|size|netfit|residual,19.756400940325573,paperA_corr_own,19.71078507154229,0.045615868783283275
8,0,62,False,neural,pbin>65,TabPFN|size|netfit|residual,13.26010600678869,paperA_corr,12.23799055313164,1.0221154536570491
8,0,62,False,rawseries,all,CNN|size|raw|residual,25.183576826586705,paperA_corr_own,28.444359922135163,-3.260783095548458
8,0,62,False,rawseries,pbin<=15,CNN|size|raw|residual,29.30282978906216,slope_base,47.22532745374632,-17.92249766468416
8,0,62,False,rawseries,pbin15-35,CNN|size|raw|residual,28.38066091385782,slope_base,17.31572314944206,11.06493776441576
8,0,62,False,rawseries,pbin35-65,CNN|size|raw|residual,22.017503438602283,paperA_corr_own,19.71078507154229,2.306718367059993
8,0,62,False,rawseries,pbin>65,CNN|size|raw|residual,15.9392030262322,paperA_corr,12.23799055313164,3.7012124731005596
8,0,62,False,trees,all,RandomForest|size|netfit|direct,28.812772969455384,paperA_corr_own,28.444359922135163,0.36841304732022095
8,0,62,False,trees,pbin<=15,RandomForest|size|netfit|direct,35.31543789789329,slope_base,47.22532745374632,-11.909889555853027
8,0,62,False,trees,pbin15-35,RandomForest|size|netfit|direct,25.277919001409565,slope_base,17.31572314944206,7.962195851967504
8,0,62,False,trees,pbin35-65,RandomForest|size|netfit|direct,26.901571820264763,paperA_corr_own,19.71078507154229,7.1907867487224735
8,0,62,False,trees,pbin>65,RandomForest|size|netfit|direct,25.00124146191188,paperA_corr,12.23799055313164,12.763250908780241
8,0,100,False,kernel,all,SVR|size|netfit|direct,21.64455891139849,slope_base,27.424351755205045,-5.779792843806554
8,0,100,False,kernel,pbin<=15,SVR|size|netfit|direct,33.13095329702869,slope_base,47.695383036939646,-14.564429739910956
8,0,100,False,kernel,pbin15-35,SVR|size|netfit|direct,18.14294985543499,slope_only,17.238562784255006,0.9043870711799826
8,0,100,False,kernel,pbin35-65,SVR|size|netfit|direct,17.67531111261944,paperA_corr_own,19.99281930261685,-2.3175081899974117
8,0,100,False,kernel,pbin>65,SVR|size|netfit|direct,11.21104706589474,paperA_corr_own,12.198425467253324,-0.9873784013585851
8,0,100,False,linear,all,Lasso|size|netfit|residual,25.100734568221704,slope_base,27.424351755205045,-2.3236171869833413
8,0,100,False,linear,pbin<=15,Lasso|size|netfit|residual,36.915380990243015,slope_base,47.695383036939646,-10.78000204669663
8,0,100,False,linear,pbin15-35,Lasso|size|netfit|residual,20.694977673236576,slope_only,17.238562784255006,3.45641488898157
8,0,100,False,linear,pbin35-65,Lasso|size|netfit|residual,20.359596064112807,paperA_corr_own,19.99281930261685,0.36677676149595584
8,0,100,False,linear,pbin>65,Lasso|size|netfit|residual,15.994845163035492,paperA_corr_own,12.198425467253324,3.796419695782168
8,0,100,False,neural,all,TabPFN|size|netfit|residual,19.949575484054964,slope_base,27.424351755205045,-7.4747762711500805
8,0,100,False,neural,pbin<=15,TabPFN|size|netfit|residual,27.754154678704428,slope_base,47.695383036939646,-19.941228358235218
8,0,100,False,neural,pbin15-35,TabPFN|size|netfit|residual,19.52165938044794,slope_only,17.238562784255006,2.2830965961929337
8,0,100,False,neural,pbin35-65,TabPFN|size|netfit|residual,14.810073217635,paperA_corr_own,19.99281930261685,-5.182746084981851
8,0,100,False,neural,pbin>65,TabPFN|size|netfit|residual,11.539588961635364,paperA_corr_own,12.198425467253324,-0.6588365056179608
8,0,100,False,rawseries,all,CNN|size|raw|direct,20.420826053558244,slope_base,27.424351755205045,-7.003525701646801
8,0,100,False,rawseries,pbin<=15,CNN|size|raw|direct,25.31745419370221,slope_base,47.695383036939646,-22.377928843237434
8,0,100,False,rawseries,pbin15-35,CNN|size|raw|direct,20.698068277580983,slope_only,17.238562784255006,3.4595054933259775
8,0,100,False,rawseries,pbin35-65,CNN|size|raw|direct,18.44200084679842,paperA_corr_own,19.99281930261685,-1.5508184558184297
8,0,100,False,rawseries,pbin>65,CNN|size|raw|direct,13.522064777707897,paperA_corr_own,12.198425467253324,1.3236393104545723
8,0,100,False,trees,all,ExtraTrees|size|netfit|residual,23.5888616789203,slope_base,27.424351755205045,-3.8354900762847457
8,0,100,False,trees,pbin<=15,ExtraTrees|size|netfit|residual,35.493632291802214,slope_base,47.695383036939646,-12.201750745137431
8,0,100,False,trees,pbin15-35,ExtraTrees|size|netfit|residual,21.462732763281664,slope_only,17.238562784255006,4.224169979026659
8,0,100,False,trees,pbin35-65,ExtraTrees|size|netfit|residual,15.892740658283149,paperA_corr_own,19.99281930261685,-4.100078644333703
8,0,100,False,trees,pbin>65,ExtraTrees|size|netfit|residual,12.862796934204162,paperA_corr_own,12.198425467253324,0.664371466950838
8,0,200,False,kernel,all,SVR|size|netfit|direct,21.71386190155787,slope_base,29.647514049839646,-7.933652148281777
8,0,200,False,kernel,pbin<=15,SVR|size|netfit|direct,31.09791993538477,slope_base,53.186455321893554,-22.088535386508784
8,0,200,False,kernel,pbin15-35,SVR|size|netfit|direct,20.845326274400406,calibrated_delta,19.233756528971146,1.6115697454292608
8,0,200,False,kernel,pbin35-65,SVR|size|netfit|direct,19.253800400549075,slope_base,19.15488053426031,0.09891986628876381
8,0,200,False,kernel,pbin>65,SVR|size|netfit|direct,9.713237913077045,paperA_corr,12.401351503263417,-2.688113590186372
8,0,200,False,linear,all,Linear|size|netfit|residual,23.594187927463786,slope_base,29.647514049839646,-6.053326122375861
8,0,200,False,linear,pbin<=15,Linear|size|netfit|residual,34.941493922747966,slope_base,53.186455321893554,-18.244961399145588
8,0,200,False,linear,pbin15-35,Linear|size|netfit|residual,19.8359972726677,calibrated_delta,19.233756528971146,0.6022407436965551
8,0,200,False,linear,pbin35-65,Linear|size|netfit|residual,20.14169951760144,slope_base,19.15488053426031,0.9868189833411307
8,0,200,False,linear,pbin>65,Linear|size|netfit|residual,13.428044068694678,paperA_corr,12.401351503263417,1.0266925654312615
8,0,200,False,neural,all,TabPFN|size|netfit|direct,20.458865194219136,slope_base,29.647514049839646,-9.18864885562051
8,0,200,False,neural,pbin<=15,TabPFN|size|netfit|direct,29.942074739512343,slope_base,53.186455321893554,-23.24438058238121
8,0,200,False,neural,pbin15-35,TabPFN|size|netfit|direct,19.9931178781772,calibrated_delta,19.233756528971146,0.7593613492060527
8,0,200,False,neural,pbin35-65,TabPFN|size|netfit|direct,15.798451842604008,slope_base,19.15488053426031,-3.356428691656303
8,0,200,False,neural,pbin>65,TabPFN|size|netfit|direct,9.13001996253511,paperA_corr,12.401351503263417,-3.2713315407283066
8,0,200,False,rawseries,all,CNN|size|raw|residual,17.84870627685226,slope_base,29.647514049839646,-11.798807772987388
8,0,200,False,rawseries,pbin<=15,CNN|size|raw|residual,26.4309322476722,slope_base,53.186455321893554,-26.755523074221355
8,0,200,False,rawseries,pbin15-35,CNN|size|raw|residual,17.11470781273592,calibrated_delta,19.233756528971146,-2.119048716235227
8,0,200,False,rawseries,pbin35-65,CNN|size|raw|residual,12.775293387669343,slope_base,19.15488053426031,-6.379587146590968
8,0,200,False,rawseries,pbin>65,CNN|size|raw|residual,8.617705571598904,paperA_corr,12.401351503263417,-3.7836459316645126
8,0,200,False,trees,all,ExtraTrees|size|netfit|direct,23.18090779939521,slope_base,29.647514049839646,-6.4666062504444355
8,0,200,False,trees,pbin<=15,ExtraTrees|size|netfit|direct,34.16974790507156,slope_base,53.186455321893554,-19.016707416821994
8,0,200,False,trees,pbin15-35,ExtraTrees|size|netfit|direct,19.6470113477492,calibrated_delta,19.233756528971146,0.4132548187780536
8,0,200,False,trees,pbin35-65,ExtraTrees|size|netfit|direct,16.23058264776961,slope_base,19.15488053426031,-2.9242978864907023
8,0,200,False,trees,pbin>65,ExtraTrees|size|netfit|direct,15.521553819474354,paperA_corr,12.401351503263417,3.1202023162109374
8,0,292,True,kernel,all,SVR|size|netfit|direct,22.596134799406805,slope_base,32.02917677978142,-9.433041980374618
8,0,292,True,kernel,pbin<=15,SVR|size|netfit|direct,36.00287433420716,slope_base,57.50040578022056,-21.497531446013397
8,0,292,True,kernel,pbin15-35,SVR|size|netfit|direct,18.962190259756905,calibrated_delta,22.82575051779837,-3.8635602580414634
8,0,292,True,kernel,pbin35-65,SVR|size|netfit|direct,18.33400344303742,slope_base,19.87785469316996,-1.5438512501325405
8,0,292,True,kernel,pbin>65,SVR|size|netfit|direct,9.502418058743636,paperA_corr_own,12.100866157732565,-2.5984480989889285
8,0,292,True,linear,all,Linear|size|netfit|residual,24.23945819817227,slope_base,32.02917677978142,-7.789718581609154
8,0,292,True,linear,pbin<=15,Linear|size|netfit|residual,37.22339122895982,slope_base,57.50040578022056,-20.27701455126074
8,0,292,True,linear,pbin15-35,Linear|size|netfit|residual,20.31316596672963,calibrated_delta,22.82575051779837,-2.5125845510687377
8,0,292,True,linear,pbin35-65,Linear|size|netfit|residual,19.950808916441645,slope_base,19.87785469316996,0.0729542232716831
8,0,292,True,linear,pbin>65,Linear|size|netfit|residual,12.269564521375626,paperA_corr_own,12.100866157732565,0.16869836364306146
8,0,292,True,neural,all,TabPFN|size|netfit|direct,21.857358360193672,slope_base,32.02917677978142,-10.171818419587751
8,0,292,True,neural,pbin<=15,TabPFN|size|netfit|direct,34.13965577583824,slope_base,57.50040578022056,-23.360750004382318
8,0,292,True,neural,pbin15-35,TabPFN|size|netfit|direct,20.72859120716938,calibrated_delta,22.82575051779837,-2.0971593106289887
8,0,292,True,neural,pbin35-65,TabPFN|size|netfit|direct,16.165167377587107,slope_base,19.87785469316996,-3.712687315582855
8,0,292,True,neural,pbin>65,TabPFN|size|netfit|direct,7.744400054090793,paperA_corr_own,12.100866157732565,-4.356466103641772
8,0,292,True,rawseries,all,CNN|size|raw|residual,18.32672277979376,slope_base,32.02917677978142,-13.702453999987664
8,0,292,True,rawseries,pbin<=15,CNN|size|raw|residual,28.68770124249494,slope_base,57.50040578022056,-28.812704537725622
8,0,292,True,rawseries,pbin15-35,CNN|size|raw|residual,15.468655993879436,calibrated_delta,22.82575051779837,-7.357094523918933
8,0,292,True,rawseries,pbin35-65,CNN|size|raw|residual,14.328090250151174,slope_base,19.87785469316996,-5.549764443018788
8,0,292,True,rawseries,pbin>65,CNN|size|raw|residual,8.73948958552093,paperA_corr_own,12.100866157732565,-3.3613765722116344
8,0,292,True,trees,all,RandomForest|size|netfit|residual,22.868340693315997,slope_base,32.02917677978142,-9.160836086465427
8,0,292,True,trees,pbin<=15,RandomForest|size|netfit|residual,37.36867775695439,slope_base,57.50040578022056,-20.13172802326617
8,0,292,True,trees,pbin15-35,RandomForest|size|netfit|residual,20.58111474679392,calibrated_delta,22.82575051779837,-2.24463577100445
8,0,292,True,trees,pbin35-65,RandomForest|size|netfit|residual,15.101435057665544,slope_base,19.87785469316996,-4.776419635504418
8,0,292,True,trees,pbin>65,RandomForest|size|netfit|residual,8.309064836378228,paperA_corr_own,12.100866157732565,-3.7918013213543365
8,1,32,False,kernel,all,KernelRidge|size|netfit|residual,29.96454563054369,paperA_corr_own,34.965966644518986,-5.001421013975296
8,1,32,False,kernel,pbin<=15,KernelRidge|size|netfit|residual,47.83663695439396,calibrated_delta,42.028935033316586,5.807701921077374
8,1,32,False,kernel,pbin15-35,KernelRidge|size|netfit|residual,25.60335106738259,paperA_corr,26.34755195138444,-0.7442008840018488
8,1,32,False,kernel,pbin35-65,KernelRidge|size|netfit|residual,24.849895116550684,paperA_corr_own,25.682283146864314,-0.8323880303136306
8,1,32,False,kernel,pbin>65,KernelRidge|size|netfit|residual,11.421578068063727,paperA_corr,13.285746648696025,-1.8641685806322972
8,1,32,False,linear,all,Ridge|size|netfit|residual,32.48235356246105,paperA_corr_own,34.965966644518986,-2.4836130820579356
8,1,32,False,linear,pbin<=15,Ridge|size|netfit|residual,54.06710303951999,calibrated_delta,42.028935033316586,12.038168006203406
8,1,32,False,linear,pbin15-35,Ridge|size|netfit|residual,24.434677992666547,paperA_corr,26.34755195138444,-1.912873958717892
8,1,32,False,linear,pbin35-65,Ridge|size|netfit|residual,24.642044970101185,paperA_corr_own,25.682283146864314,-1.040238176763129
8,1,32,False,linear,pbin>65,Ridge|size|netfit|residual,15.310628445527794,paperA_corr,13.285746648696025,2.024881796831769
8,1,32,False,neural,all,TabPFN|size|netfit|direct,35.91479395443508,paperA_corr_own,34.965966644518986,0.9488273099160978
8,1,32,False,neural,pbin<=15,TabPFN|size|netfit|direct,41.825382957825376,calibrated_delta,42.028935033316586,-0.2035520754912099
8,1,32,False,neural,pbin15-35,TabPFN|size|netfit|direct,33.62402360291904,paperA_corr,26.34755195138444,7.2764716515345995
8,1,32,False,neural,pbin35-65,TabPFN|size|netfit|direct,33.81712390440544,paperA_corr_own,25.682283146864314,8.134840757541127
8,1,32,False,neural,pbin>65,TabPFN|size|netfit|direct,31.31035686410725,paperA_corr,13.285746648696025,18.024610215411222
8,1,32,False,rawseries,all,CNN|size|raw|residual,41.79958414664245,paperA_corr_own,34.965966644518986,6.833617502123467
8,1,32,False,rawseries,pbin<=15,CNN|size|raw|residual,74.71722641612058,calibrated_delta,42.028935033316586,32.688291382803996
8,1,32,False,rawseries,pbin15-35,CNN|size|raw|residual,32.55948186050066,paperA_corr,26.34755195138444,6.211929909116222
8,1,32,False,rawseries,pbin35-65,CNN|size|raw|residual,25.223833015636547,paperA_corr_own,25.682283146864314,-0.45845013122776734
8,1,32,False,rawseries,pbin>65,CNN|size|raw|residual,14.093286044326694,paperA_corr,13.285746648696025,0.8075393956306698
8,1,32,False,trees,all,ExtraTrees|size|netfit|direct,41.16918481943295,paperA_corr_own,34.965966644518986,6.203218174913964
8,1,32,False,trees,pbin<=15,ExtraTrees|size|netfit|direct,43.3062478490153,calibrated_delta,42.028935033316586,1.2773128156987141
8,1,32,False,trees,pbin15-35,ExtraTrees|size|netfit|direct,37.183066830734894,paperA_corr,26.34755195138444,10.835514879350455
8,1,32,False,trees,pbin35-65,ExtraTrees|size|netfit|direct,40.64798045179136,paperA_corr_own,25.682283146864314,14.965697304927048
8,1,32,False,trees,pbin>65,ExtraTrees|size|netfit|direct,44.055439631673465,paperA_corr,13.285746648696025,30.76969298297744
8,1,62,False,kernel,all,SVR|size|netfit|direct,30.384390146890222,paperA_corr_own,29.22122524353202,1.1631649033582008
8,1,62,False,kernel,pbin<=15,SVR|size|netfit|direct,55.920291556218174,slope_base,51.81758252163669,4.102709034581487
8,1,62,False,kernel,pbin15-35,SVR|size|netfit|direct,22.898730066753725,slope_base,17.47942638588918,5.4193036808645445
8,1,62,False,kernel,pbin35-65,SVR|size|netfit|direct,16.859825308107617,paperA_corr_own,20.45723944330191,-3.597414135194292
8,1,62,False,kernel,pbin>65,SVR|size|netfit|direct,9.797026534368475,paperA_corr,11.811187079311171,-2.014160544942696
8,1,62,False,linear,all,PLS|size|netfit|direct,49.59386100220215,paperA_corr_own,29.22122524353202,20.372635758670132
8,1,62,False,linear,pbin<=15,PLS|size|netfit|direct,85.07062532296558,slope_base,51.81758252163669,33.253042801328895
8,1,62,False,linear,pbin15-35,PLS|size|netfit|direct,40.69427255748897,slope_base,17.47942638588918,23.214846171599792
8,1,62,False,linear,pbin35-65,PLS|size|netfit|direct,26.1342561379426,paperA_corr_own,20.45723944330191,5.677016694640692
8,1,62,False,linear,pbin>65,PLS|size|netfit|direct,21.79036534822806,paperA_corr,11.811187079311171,9.97917826891689
8,1,62,False,neural,all,TabPFN|size|netfit|direct,24.72508027502149,paperA_corr_own,29.22122524353202,-4.4961449685105315
8,1,62,False,neural,pbin<=15,TabPFN|size|netfit|direct,34.61839393426546,slope_base,51.81758252163669,-17.199188587371225
8,1,62,False,neural,pbin15-35,TabPFN|size|netfit|direct,20.791861587858644,slope_base,17.47942638588918,3.312435201969464
8,1,62,False,neural,pbin35-65,TabPFN|size|netfit|direct,22.771979514839195,paperA_corr_own,20.45723944330191,2.314740071537287
8,1,62,False,neural,pbin>65,TabPFN|size|netfit|direct,16.15328683503912,paperA_corr,11.811187079311171,4.342099755727947
8,1,62,False,rawseries,all,CNN|size|raw|residual,31.39483802819748,paperA_corr_own,29.22122524353202,2.1736127846654583
8,1,62,False,rawseries,pbin<=15,CNN|size|raw|residual,56.79108901560582,slope_base,51.81758252163669,4.973506493969133
8,1,62,False,rawseries,pbin15-35,CNN|size|raw|residual,23.93868683981702,slope_base,17.47942638588918,6.45926045392784
8,1,62,False,rawseries,pbin35-65,CNN|size|raw|residual,19.18912311081789,paperA_corr_own,20.45723944330191,-1.26811633248402
8,1,62,False,rawseries,pbin>65,CNN|size|raw|residual,10.128448882499823,paperA_corr,11.811187079311171,-1.6827381968113482
8,1,62,False,trees,all,ExtraTrees|size|netfit|direct,28.806764489243097,paperA_corr_own,29.22122524353202,-0.4144607542889247
8,1,62,False,trees,pbin<=15,ExtraTrees|size|netfit|direct,37.96995916607527,slope_base,51.81758252163669,-13.847623355561417
8,1,62,False,trees,pbin15-35,ExtraTrees|size|netfit|direct,23.29465371608033,slope_base,17.47942638588918,5.815227330191149
8,1,62,False,trees,pbin35-65,ExtraTrees|size|netfit|direct,25.331865986527536,paperA_corr_own,20.45723944330191,4.874626543225627
8,1,62,False,trees,pbin>65,ExtraTrees|size|netfit|direct,24.7347300659773,paperA_corr,11.811187079311171,12.923542986666128
8,1,100,False,kernel,all,SVR|size|netfit|direct,23.223463006107917,slope_base,29.707056616935255,-6.483593610827338
8,1,100,False,kernel,pbin<=15,SVR|size|netfit|direct,32.596285964862346,slope_base,54.13551493184644,-21.53922896698409
8,1,100,False,kernel,pbin15-35,SVR|size|netfit|direct,20.789630859565516,slope_only,17.11801279627504,3.6716180632904774
8,1,100,False,kernel,pbin35-65,SVR|size|netfit|direct,17.202029353628408,paperA_corr_own,20.07486013670108,-2.872830783072672
8,1,100,False,kernel,pbin>65,SVR|size|netfit|direct,15.886303137768026,paperA_corr_own,12.126439418707683,3.759863719060343
8,1,100,False,linear,all,PLS|size|netfit|direct,30.428091796124,slope_base,29.707056616935255,0.7210351791887462
8,1,100,False,linear,pbin<=15,PLS|size|netfit|direct,45.46192921826035,slope_base,54.13551493184644,-8.673585713586085
8,1,100,False,linear,pbin15-35,PLS|size|netfit|direct,25.996800660136586,slope_only,17.11801279627504,8.878787863861547
8,1,100,False,linear,pbin35-65,PLS|size|netfit|direct,24.98986916556079,paperA_corr_own,20.07486013670108,4.915009028859711
8,1,100,False,linear,pbin>65,PLS|size|netfit|direct,16.704123830531262,paperA_corr_own,12.126439418707683,4.577684411823579
8,1,100,False,neural,all,TabPFN|size|netfit|direct,21.211230485798037,slope_base,29.707056616935255,-8.495826131137218
8,1,100,False,neural,pbin<=15,TabPFN|size|netfit|direct,29.149822213500386,slope_base,54.13551493184644,-24.98569271834605
8,1,100,False,neural,pbin15-35,TabPFN|size|netfit|direct,20.36374043926154,slope_only,17.11801279627504,3.245727642986502
8,1,100,False,neural,pbin35-65,TabPFN|size|netfit|direct,16.464309915498898,paperA_corr_own,20.07486013670108,-3.610550221202182
8,1,100,False,neural,pbin>65,TabPFN|size|netfit|direct,12.958713184082034,paperA_corr_own,12.126439418707683,0.8322737653743513
8,1,100,False,rawseries,all,CNN|size|raw|residual,19.01087196412748,slope_base,29.707056616935255,-10.696184652807773
8,1,100,False,rawseries,pbin<=15,CNN|size|raw|residual,26.246096121163635,slope_base,54.13551493184644,-27.889418810682802
8,1,100,False,rawseries,pbin15-35,CNN|size|raw|residual,17.516966014299733,slope_only,17.11801279627504,0.39895321802469397
8,1,100,False,rawseries,pbin35-65,CNN|size|raw|residual,14.398187016765243,paperA_corr_own,20.07486013670108,-5.6766731199358365
8,1,100,False,rawseries,pbin>65,CNN|size|raw|residual,12.750570766075043,paperA_corr_own,12.126439418707683,0.62413134736736
8,1,100,False,trees,all,RandomForest|size|netfit|residual,22.78765452421964,slope_base,29.707056616935255,-6.919402092715615
8,1,100,False,trees,pbin<=15,RandomForest|size|netfit|residual,34.42160724809032,slope_base,54.13551493184644,-19.71390768375612
8,1,100,False,trees,pbin15-35,RandomForest|size|netfit|residual,20.25628969638394,slope_only,17.11801279627504,3.1382769001089024
8,1,100,False,trees,pbin35-65,RandomForest|size|netfit|residual,16.701428582358176,paperA_corr_own,20.07486013670108,-3.373431554342904
8,1,100,False,trees,pbin>65,RandomForest|size|netfit|residual,12.04943970796614,paperA_corr_own,12.126439418707683,-0.07699971074154277
8,1,200,False,kernel,all,SVR|size|netfit|direct,22.41227914217331,slope_base,30.17675023128653,-7.7644710891132185
8,1,200,False,kernel,pbin<=15,SVR|size|netfit|direct,31.950443716127825,slope_base,54.40710719752014,-22.456663481392315
8,1,200,False,kernel,pbin15-35,SVR|size|netfit|direct,21.593966781799043,calibrated_delta,19.739805541480983,1.85416124031806
8,1,200,False,kernel,pbin35-65,SVR|size|netfit|direct,19.192668163153808,slope_base,19.18319885901561,0.009469304138196577
8,1,200,False,kernel,pbin>65,SVR|size|netfit|direct,10.585633525516917,paperA_corr,12.398906593328157,-1.8132730678112399
8,1,200,False,linear,all,Linear|size|netfit|residual,25.092706320657555,slope_base,30.17675023128653,-5.084043910628974
8,1,200,False,linear,pbin<=15,Linear|size|netfit|residual,36.73832365058492,slope_base,54.40710719752014,-17.668783546935224
8,1,200,False,linear,pbin15-35,Linear|size|netfit|residual,22.15476768600366,calibrated_delta,19.739805541480983,2.4149621445226757
8,1,200,False,linear,pbin35-65,Linear|size|netfit|residual,21.116503083015555,slope_base,19.18319885901561,1.9333042239999436
8,1,200,False,linear,pbin>65,Linear|size|netfit|residual,13.57116053349997,paperA_corr,12.398906593328157,1.1722539401718137
8,1,200,False,neural,all,TabPFN|size|netfit|direct,20.91671539836607,slope_base,30.17675023128653,-9.26003483292046
8,1,200,False,neural,pbin<=15,TabPFN|size|netfit|direct,29.553073199991086,slope_base,54.40710719752014,-24.854033997529054
8,1,200,False,neural,pbin15-35,TabPFN|size|netfit|direct,21.717734761280365,calibrated_delta,19.739805541480983,1.9779292197993819
8,1,200,False,neural,pbin35-65,TabPFN|size|netfit|direct,16.758031668337463,slope_base,19.18319885901561,-2.425167190678149
8,1,200,False,neural,pbin>65,TabPFN|size|netfit|direct,8.718468658350014,paperA_corr,12.398906593328157,-3.6804379349781424
8,1,200,False,rawseries,all,CNN|size|raw|residual,16.97089172208863,slope_base,30.17675023128653,-13.205858509197899
8,1,200,False,rawseries,pbin<=15,CNN|size|raw|residual,25.265914569474017,slope_base,54.40710719752014,-29.141192628046124
8,1,200,False,rawseries,pbin15-35,CNN|size|raw|residual,16.167742570031066,calibrated_delta,19.739805541480983,-3.572062971449917
8,1,200,False,rawseries,pbin35-65,CNN|size|raw|residual,12.751807772668696,slope_base,19.18319885901561,-6.431391086346915
8,1,200,False,rawseries,pbin>65,CNN|size|raw|residual,7.743775621471012,paperA_corr,12.398906593328157,-4.655130971857145
8,1,200,False,trees,all,ExtraTrees|size|netfit|direct,23.172798555306525,slope_base,30.17675023128653,-7.003951675980005
8,1,200,False,trees,pbin<=15,ExtraTrees|size|netfit|direct,33.414448254812456,slope_base,54.40710719752014,-20.992658942707685
8,1,200,False,trees,pbin15-35,ExtraTrees|size|netfit|direct,20.95081528058985,calibrated_delta,19.739805541480983,1.2110097391088672
8,1,200,False,trees,pbin35-65,ExtraTrees|size|netfit|direct,19.268733203467946,slope_base,19.18319885901561,0.08553434445233421
8,1,200,False,trees,pbin>65,ExtraTrees|size|netfit|direct,12.765758676836631,paperA_corr,12.398906593328157,0.36685208350847454
9,0,62,False,kernel,all,SVR|size|netfit|direct,23.22801205360404,paperA_corr_own,24.500931495151796,-1.2729194415477565
9,0,62,False,kernel,pbin<=15,SVR|size|netfit|direct,27.43218682369573,slope_base,35.93982934853841,-8.50764252484268
9,0,62,False,kernel,pbin15-35,SVR|size|netfit|direct,21.95960021926769,slope_base,16.98673840186396,4.972861817403729
9,0,62,False,kernel,pbin35-65,SVR|size|netfit|direct,22.69118706294255,paperA_corr_own,15.761302228123098,6.929884834819452
9,0,62,False,kernel,pbin>65,SVR|size|netfit|direct,19.07883515303533,paperA_corr,12.369694924613889,6.709140228421443
9,0,62,False,linear,all,Linear|size|netfit|residual,22.681282732376182,paperA_corr_own,24.500931495151796,-1.8196487627756142
9,0,62,False,linear,pbin<=15,Linear|size|netfit|residual,30.79112267209652,slope_base,35.93982934853841,-5.14870667644189
9,0,62,False,linear,pbin15-35,Linear|size|netfit|residual,19.45939844063662,slope_base,16.98673840186396,2.472660038772659
9,0,62,False,linear,pbin35-65,Linear|size|netfit|residual,16.589322610555097,paperA_corr_own,15.761302228123098,0.8280203824319994
9,0,62,False,linear,pbin>65,Linear|size|netfit|residual,18.988939859791827,paperA_corr,12.369694924613889,6.619244935177939
9,0,62,False,neural,all,TabPFN|size|netfit|direct,22.6630750494396,paperA_corr_own,24.500931495151796,-1.8378564457121982
9,0,62,False,neural,pbin<=15,TabPFN|size|netfit|direct,23.446452889563133,slope_base,35.93982934853841,-12.493376458975277
9,0,62,False,neural,pbin15-35,TabPFN|size|netfit|direct,22.484178291355352,slope_base,16.98673840186396,5.4974398894913925
9,0,62,False,neural,pbin35-65,TabPFN|size|netfit|direct,23.10790079157909,paperA_corr_own,15.761302228123098,7.346598563455993
9,0,62,False,neural,pbin>65,TabPFN|size|netfit|direct,21.46398249940818,paperA_corr,12.369694924613889,9.09428757479429
9,0,62,False,rawseries,all,CNN|size|raw|direct,30.22800728645666,paperA_corr_own,24.500931495151796,5.727075791304863
9,0,62,False,rawseries,pbin<=15,CNN|size|raw|direct,31.9116603814175,slope_base,35.93982934853841,-4.028168967120909
9,0,62,False,rawseries,pbin15-35,CNN|size|raw|direct,29.33375983878684,slope_base,16.98673840186396,12.34702143692288
9,0,62,False,rawseries,pbin35-65,CNN|size|raw|direct,29.180462616550408,paperA_corr_own,15.761302228123098,13.41916038842731
9,0,62,False,rawseries,pbin>65,CNN|size|raw|direct,29.65932876766276,paperA_corr,12.369694924613889,17.289633843048872
9,0,62,False,trees,all,RandomForest|size|netfit|direct,26.405176219747812,paperA_corr_own,24.500931495151796,1.9042447245960155
9,0,62,False,trees,pbin<=15,RandomForest|size|netfit|direct,25.020638103670933,slope_base,35.93982934853841,-10.919191244867477
9,0,62,False,trees,pbin15-35,RandomForest|size|netfit|direct,25.98181446381683,slope_base,16.98673840186396,8.995076061952869
9,0,62,False,trees,pbin35-65,RandomForest|size|netfit|direct,26.53830294169837,paperA_corr_own,15.761302228123098,10.777000713575271
9,0,62,False,trees,pbin>65,RandomForest|size|netfit|direct,29.04451827919271,paperA_corr,12.369694924613889,16.674823354578823
9,0,100,False,kernel,all,SVR|size|netfit|residual,18.22509389091477,slope_base,23.384366009393503,-5.159272118478732
9,0,100,False,kernel,pbin<=15,SVR|size|netfit|residual,28.360695963477056,slope_base,39.8692430218584,-11.508547058381346
9,0,100,False,kernel,pbin15-35,SVR|size|netfit|residual,16.387287965323782,slope_only,15.562560375554952,0.8247275897688304
9,0,100,False,kernel,pbin35-65,SVR|size|netfit|residual,13.88284876054174,paperA_corr_own,15.848240825404538,-1.9653920648627974
9,0,100,False,kernel,pbin>65,SVR|size|netfit|residual,8.322095011760164,paperA_corr_own,12.945504758807106,-4.623409747046942
9,0,100,False,linear,all,PLS|size|netfit|direct,23.73369155899761,slope_base,23.384366009393503,0.34932554960410656
9,0,100,False,linear,pbin<=15,PLS|size|netfit|direct,29.47948156106689,slope_base,39.8692430218584,-10.389761460791512
9,0,100,False,linear,pbin15-35,PLS|size|netfit|direct,23.831129532479768,slope_only,15.562560375554952,8.268569156924816
9,0,100,False,linear,pbin35-65,PLS|size|netfit|direct,15.145179300437087,paperA_corr_own,15.848240825404538,-0.7030615249674508
9,0,100,False,linear,pbin>65,PLS|size|netfit|direct,20.26578884770415,paperA_corr_own,12.945504758807106,7.320284088897045
9,0,100,False,neural,all,TabPFN|size|netfit|direct,16.09046445923638,slope_base,23.384366009393503,-7.293901550157123
9,0,100,False,neural,pbin<=15,TabPFN|size|netfit|direct,22.626298684965576,slope_base,39.8692430218584,-17.242944336892826
9,0,100,False,neural,pbin15-35,TabPFN|size|netfit|direct,15.635940912665369,slope_only,15.562560375554952,0.07338053711041681
9,0,100,False,neural,pbin35-65,TabPFN|size|netfit|direct,14.221990188879364,paperA_corr_own,15.848240825404538,-1.6262506365251745
9,0,100,False,neural,pbin>65,TabPFN|size|netfit|direct,8.039861549820804,paperA_corr_own,12.945504758807106,-4.905643208986302
9,0,100,False,rawseries,all,CNN|size|raw|residual,15.501791641582,slope_base,23.384366009393503,-7.882574367811502
9,0,100,False,rawseries,pbin<=15,CNN|size|raw|residual,25.66976954669665,slope_base,39.8692430218584,-14.199473475161753
9,0,100,False,rawseries,pbin15-35,CNN|size|raw|residual,13.29744772018627,slope_only,15.562560375554952,-2.2651126553686822
9,0,100,False,rawseries,pbin35-65,CNN|size|raw|residual,8.334818289098028,paperA_corr_own,15.848240825404538,-7.513422536306511
9,0,100,False,rawseries,pbin>65,CNN|size|raw|residual,7.859868479729004,paperA_corr_own,12.945504758807106,-5.085636279078102
9,0,100,False,trees,all,ExtraTrees|size|netfit|residual,18.192270122234405,slope_base,23.384366009393503,-5.192095887159098
9,0,100,False,trees,pbin<=15,ExtraTrees|size|netfit|residual,25.35765912995042,slope_base,39.8692430218584,-14.511583891907982
9,0,100,False,trees,pbin15-35,ExtraTrees|size|netfit|residual,17.950665694870025,slope_only,15.562560375554952,2.3881053193150734
9,0,100,False,trees,pbin35-65,ExtraTrees|size|netfit|residual,14.929284300370904,paperA_corr_own,15.848240825404538,-0.918956525033634
9,0,100,False,trees,pbin>65,ExtraTrees|size|netfit|residual,9.74590157433105,paperA_corr_own,12.945504758807106,-3.1996031844760555
9,0,200,False,kernel,all,SVR|size|netfit|direct,16.834640202308023,slope_base,23.75010187251189,-6.915461670203868
9,0,200,False,kernel,pbin<=15,SVR|size|netfit|direct,24.45239181249358,slope_base,39.50092306489944,-15.048531252405859
9,0,200,False,kernel,pbin15-35,SVR|size|netfit|direct,17.70422780530034,calibrated_delta,15.84292244481282,1.8613053604875223
9,0,200,False,kernel,pbin35-65,SVR|size|netfit|direct,10.668918956635304,slope_base,14.682070097249325,-4.013151140614021
9,0,200,False,kernel,pbin>65,SVR|size|netfit|direct,7.874010171856663,paperA_corr,12.684864689086758,-4.810854517230095
9,0,200,False,linear,all,ElasticNet|size|netfit|residual,22.80404107753077,slope_base,23.75010187251189,-0.9460607949811219
9,0,200,False,linear,pbin<=15,ElasticNet|size|netfit|residual,27.439972912140288,slope_base,39.50092306489944,-12.060950152759151
9,0,200,False,linear,pbin15-35,ElasticNet|size|netfit|residual,21.867492547606552,calibrated_delta,15.84292244481282,6.024570102793733
9,0,200,False,linear,pbin35-65,ElasticNet|size|netfit|residual,21.693737390562383,slope_base,14.682070097249325,7.011667293313058
9,0,200,False,linear,pbin>65,ElasticNet|size|netfit|residual,17.868668252406536,paperA_corr,12.684864689086758,5.183803563319778
9,0,200,False,neural,all,TabPFN|size|netfit|direct,17.184259449122116,slope_base,23.75010187251189,-6.565842423389775
9,0,200,False,neural,pbin<=15,TabPFN|size|netfit|direct,24.301644176485567,slope_base,39.50092306489944,-15.199278888413872
9,0,200,False,neural,pbin15-35,TabPFN|size|netfit|direct,18.15477234845234,calibrated_delta,15.84292244481282,2.311849903639521
9,0,200,False,neural,pbin35-65,TabPFN|size|netfit|direct,12.686275189506617,slope_base,14.682070097249325,-1.9957949077427077
9,0,200,False,neural,pbin>65,TabPFN|size|netfit|direct,7.788126732018857,paperA_corr,12.684864689086758,-4.896737957067901
9,0,200,False,rawseries,all,CNN|size|raw|residual,14.917533942684166,slope_base,23.75010187251189,-8.832567929827725
9,0,200,False,rawseries,pbin<=15,CNN|size|raw|residual,22.561798226802782,slope_base,39.50092306489944,-16.939124838096657
9,0,200,False,rawseries,pbin15-35,CNN|size|raw|residual,13.235405337948828,calibrated_delta,15.84292244481282,-2.607517106863991
9,0,200,False,rawseries,pbin35-65,CNN|size|raw|residual,8.285488007263723,slope_base,14.682070097249325,-6.396582089985602
9,0,200,False,rawseries,pbin>65,CNN|size|raw|residual,9.987488536550725,paperA_corr,12.684864689086758,-2.697376152536034
9,0,200,False,trees,all,ExtraTrees|size|netfit|residual,18.210621912376546,slope_base,23.75010187251189,-5.5394799601353455
9,0,200,False,trees,pbin<=15,ExtraTrees|size|netfit|residual,24.62880633986645,slope_base,39.50092306489944,-14.872116725032988
9,0,200,False,trees,pbin15-35,ExtraTrees|size|netfit|residual,18.48723556573777,calibrated_delta,15.84292244481282,2.6443131209249504
9,0,200,False,trees,pbin35-65,ExtraTrees|size|netfit|residual,14.62975466972775,slope_base,14.682070097249325,-0.05231542752157381
9,0,200,False,trees,pbin>65,ExtraTrees|size|netfit|residual,10.326654573212398,paperA_corr,12.684864689086758,-2.3582101158743605
9,0,292,True,kernel,all,KernelRidge|size|netfit|direct,18.27281909212446,slope_base,24.81834185054152,-6.545522758417057
9,0,292,True,kernel,pbin<=15,KernelRidge|size|netfit|direct,25.806010505582723,slope_base,41.50897503320926,-15.702964527626538
9,0,292,True,kernel,pbin15-35,KernelRidge|size|netfit|direct,18.20711903180737,calibrated_delta,16.843699003086545,1.3634200287208245
9,0,292,True,kernel,pbin35-65,KernelRidge|size|netfit|direct,13.622325968791706,slope_base,14.391222087805716,-0.7688961190140091
9,0,292,True,kernel,pbin>65,KernelRidge|size|netfit|direct,9.877311319496302,paperA_corr_own,12.368540480821078,-2.4912291613247763
9,0,292,True,linear,all,Ridge|size|netfit|residual,20.65217925043604,slope_base,24.81834185054152,-4.16616260010548
9,0,292,True,linear,pbin<=15,Ridge|size|netfit|residual,29.21457568700141,slope_base,41.50897503320926,-12.29439934620785
9,0,292,True,linear,pbin15-35,Ridge|size|netfit|residual,18.554507136476737,calibrated_delta,16.843699003086545,1.7108081333901914
9,0,292,True,linear,pbin35-65,Ridge|size|netfit|residual,18.219010044278523,slope_base,14.391222087805716,3.8277879564728075
9,0,292,True,linear,pbin>65,Ridge|size|netfit|residual,12.320862791244364,paperA_corr_own,12.368540480821078,-0.047677689576714144
9,0,292,True,neural,all,TabPFN|size|netfit|direct,17.05739548846435,slope_base,24.81834185054152,-7.760946362077167
9,0,292,True,neural,pbin<=15,TabPFN|size|netfit|direct,24.62400737906896,slope_base,41.50897503320926,-16.8849676541403
9,0,292,True,neural,pbin15-35,TabPFN|size|netfit|direct,17.839471304112415,calibrated_delta,16.843699003086545,0.9957723010258697
9,0,292,True,neural,pbin35-65,TabPFN|size|netfit|direct,12.962807878317864,slope_base,14.391222087805716,-1.4284142094878511
9,0,292,True,neural,pbin>65,TabPFN|size|netfit|direct,7.007993027997199,paperA_corr_own,12.368540480821078,-5.360547452823879
9,0,292,True,rawseries,all,CNN|size|raw|residual,18.78045522457333,slope_base,24.81834185054152,-6.037886625968188
9,0,292,True,rawseries,pbin<=15,CNN|size|raw|residual,25.64351166803016,slope_base,41.50897503320926,-15.8654633651791
9,0,292,True,rawseries,pbin15-35,CNN|size|raw|residual,16.920724560404572,calibrated_delta,16.843699003086545,0.07702555731802718
9,0,292,True,rawseries,pbin35-65,CNN|size|raw|residual,13.589151384815338,slope_base,14.391222087805716,-0.8020707029903775
9,0,292,True,rawseries,pbin>65,CNN|size|raw|residual,14.394492982921252,paperA_corr_own,12.368540480821078,2.025952502100173
9,0,292,True,trees,all,RandomForest|size|netfit|residual,18.280884587985213,slope_base,24.81834185054152,-6.537457262556305
9,0,292,True,trees,pbin<=15,RandomForest|size|netfit|residual,26.447884352114887,slope_base,41.50897503320926,-15.061090681094374
9,0,292,True,trees,pbin15-35,RandomForest|size|netfit|residual,17.836875845563675,calibrated_delta,16.843699003086545,0.9931768424771299
9,0,292,True,trees,pbin35-65,RandomForest|size|netfit|residual,13.933092781445358,slope_base,14.391222087805716,-0.4581293063603571
9,0,292,True,trees,pbin>65,RandomForest|size|netfit|residual,9.296911903542654,paperA_corr_own,12.368540480821078,-3.0716285772784246
9,1,32,False,kernel,all,SVR|size|netfit|residual,28.3162902663296,paperA_corr_own,24.312391043556715,4.003899222772883
9,1,32,False,kernel,pbin<=15,SVR|size|netfit|residual,39.225222659387576,calibrated_delta,27.05628699241494,12.168935666972637
9,1,32,False,kernel,pbin15-35,SVR|size|netfit|residual,28.652778349447345,paperA_corr,18.850283847138293,9.802494502309052
9,1,32,False,kernel,pbin35-65,SVR|size|netfit|residual,22.29639781352771,paperA_corr_own,15.80577497248852,6.490622841039192
9,1,32,False,kernel,pbin>65,SVR|size|netfit|residual,15.072347385105395,paperA_corr,12.73184514120852,2.340502243896875
9,1,32,False,linear,all,Lasso|size|netfit|residual,33.58238932458173,paperA_corr_own,24.312391043556715,9.269998281025018
9,1,32,False,linear,pbin<=15,Lasso|size|netfit|residual,29.916472691605527,calibrated_delta,27.05628699241494,2.8601856991905876
9,1,32,False,linear,pbin15-35,Lasso|size|netfit|residual,37.05056678169678,paperA_corr,18.850283847138293,18.200282934558487
9,1,32,False,linear,pbin35-65,Lasso|size|netfit|residual,38.68393751092633,paperA_corr_own,15.80577497248852,22.878162538437806
9,1,32,False,linear,pbin>65,Lasso|size|netfit|residual,30.803247499505787,paperA_corr,12.73184514120852,18.071402358297266
9,1,32,False,neural,all,TabPFN|size|netfit|direct,40.760079928215184,paperA_corr_own,24.312391043556715,16.44768888465847
9,1,32,False,neural,pbin<=15,TabPFN|size|netfit|direct,33.821068702576426,calibrated_delta,27.05628699241494,6.764781710161486
9,1,32,False,neural,pbin15-35,TabPFN|size|netfit|direct,42.487086089114754,paperA_corr,18.850283847138293,23.63680224197646
9,1,32,False,neural,pbin35-65,TabPFN|size|netfit|direct,46.354190113055736,paperA_corr_own,15.80577497248852,30.548415140567215
9,1,32,False,neural,pbin>65,TabPFN|size|netfit|direct,45.20555587969075,paperA_corr,12.73184514120852,32.473710738482225
9,1,32,False,rawseries,all,CNN|size|raw|direct,50.46027285773922,paperA_corr_own,24.312391043556715,26.147881814182504
9,1,32,False,rawseries,pbin<=15,CNN|size|raw|direct,61.46018143255432,calibrated_delta,27.05628699241494,34.40389444013938
9,1,32,False,rawseries,pbin15-35,CNN|size|raw|direct,50.06127245438896,paperA_corr,18.850283847138293,31.21098860725067
9,1,32,False,rawseries,pbin35-65,CNN|size|raw|direct,48.822020307425454,paperA_corr_own,15.80577497248852,33.01624533493693
9,1,32,False,rawseries,pbin>65,CNN|size|raw|direct,35.42653117739588,paperA_corr,12.73184514120852,22.69468603618736
9,1,32,False,trees,all,ExtraTrees|size|netfit|direct,42.461974960750425,paperA_corr_own,24.312391043556715,18.14958391719371
9,1,32,False,trees,pbin<=15,ExtraTrees|size|netfit|direct,32.80629203183173,calibrated_delta,27.05628699241494,5.750005039416791
9,1,32,False,trees,pbin15-35,ExtraTrees|size|netfit|direct,43.0380404679645,paperA_corr,18.850283847138293,24.187756620826207
9,1,32,False,trees,pbin35-65,ExtraTrees|size|netfit|direct,48.11489392093376,paperA_corr_own,15.80577497248852,32.30911894844524
9,1,32,False,trees,pbin>65,ExtraTrees|size|netfit|direct,52.687130459677846,paperA_corr,12.73184514120852,39.95528531846932
9,1,62,False,kernel,all,SVR|size|netfit|direct,19.903464815038863,paperA_corr_own,24.64312385772252,-4.739659042683659
9,1,62,False,kernel,pbin<=15,SVR|size|netfit|direct,24.56159305848325,slope_base,33.47652914946771,-8.914936090984458
9,1,62,False,kernel,pbin15-35,SVR|size|netfit|direct,21.09469866662564,slope_base,17.895637819596764,3.199060847028875
9,1,62,False,kernel,pbin35-65,SVR|size|netfit|direct,21.1739622548712,paperA_corr_own,15.73671808989446,5.43724416497674
9,1,62,False,kernel,pbin>65,SVR|size|netfit|direct,10.293837446369311,paperA_corr,12.403869991221026,-2.1100325448517143
9,1,62,False,linear,all,Lasso|size|netfit|residual,26.57904091369393,paperA_corr_own,24.64312385772252,1.9359170559714087
9,1,62,False,linear,pbin<=15,Lasso|size|netfit|residual,28.171648633398014,slope_base,33.47652914946771,-5.304880516069694
9,1,62,False,linear,pbin15-35,Lasso|size|netfit|residual,28.07619925776543,slope_base,17.895637819596764,10.180561438168667
9,1,62,False,linear,pbin35-65,Lasso|size|netfit|residual,28.608728455626046,paperA_corr_own,15.73671808989446,12.872010365731587
9,1,62,False,linear,pbin>65,Lasso|size|netfit|residual,20.681385510134263,paperA_corr,12.403869991221026,8.277515518913237
9,1,62,False,neural,all,TabPFN|size|netfit|direct,24.14547656919091,paperA_corr_own,24.64312385772252,-0.4976472885316099
9,1,62,False,neural,pbin<=15,TabPFN|size|netfit|direct,22.28163440774836,slope_base,33.47652914946771,-11.194894741719349
9,1,62,False,neural,pbin15-35,TabPFN|size|netfit|direct,24.114785108569265,slope_base,17.895637819596764,6.219147288972501
9,1,62,False,neural,pbin35-65,TabPFN|size|netfit|direct,25.08529374350994,paperA_corr_own,15.73671808989446,9.34857565361548
9,1,62,False,neural,pbin>65,TabPFN|size|netfit|direct,26.42407813125584,paperA_corr,12.403869991221026,14.020208140034814
9,1,62,False,rawseries,all,CNN|size|raw|residual,23.22152042856449,paperA_corr_own,24.64312385772252,-1.4216034291580328
9,1,62,False,rawseries,pbin<=15,CNN|size|raw|residual,26.17158501143686,slope_base,33.47652914946771,-7.304944138030848
9,1,62,False,rawseries,pbin15-35,CNN|size|raw|residual,22.787260143038097,slope_base,17.895637819596764,4.891622323441332
9,1,62,False,rawseries,pbin35-65,CNN|size|raw|residual,23.96372943846994,paperA_corr_own,15.73671808989446,8.22701134857548
9,1,62,False,rawseries,pbin>65,CNN|size|raw|residual,18.93503139132024,paperA_corr,12.403869991221026,6.531161400099215
9,1,62,False,trees,all,RandomForest|size|netfit|direct,31.8966381757482,paperA_corr_own,24.64312385772252,7.25351431802568
9,1,62,False,trees,pbin<=15,RandomForest|size|netfit|direct,28.81573155256352,slope_base,33.47652914946771,-4.660797596904189
9,1,62,False,trees,pbin15-35,RandomForest|size|netfit|direct,32.694997090458514,slope_base,17.895637819596764,14.79935927086175
9,1,62,False,trees,pbin35-65,RandomForest|size|netfit|direct,32.30594196167789,paperA_corr_own,15.73671808989446,16.56922387178343
9,1,62,False,trees,pbin>65,RandomForest|size|netfit|direct,35.12152989685921,paperA_corr,12.403869991221026,22.717659905638182
9,1,100,False,kernel,all,KernelRidge|size|netfit|direct,17.866801328196107,slope_base,23.218216864217062,-5.351415536020955
9,1,100,False,kernel,pbin<=15,KernelRidge|size|netfit|direct,24.73610405033891,slope_base,38.69922771110845,-13.96312366076954
9,1,100,False,kernel,pbin15-35,KernelRidge|size|netfit|direct,18.05394312680594,slope_only,18.12578408863179,-0.07184096182584909
9,1,100,False,kernel,pbin35-65,KernelRidge|size|netfit|direct,15.12658599305847,paperA_corr_own,16.584532656317137,-1.4579466632586673
9,1,100,False,kernel,pbin>65,KernelRidge|size|netfit|direct,8.906575988638773,paperA_corr_own,12.374074851179708,-3.4674988625409355
9,1,100,False,linear,all,Lasso|size|netfit|direct,25.638884326829498,slope_base,23.218216864217062,2.4206674626124354
9,1,100,False,linear,pbin<=15,Lasso|size|netfit|direct,28.41431222883346,slope_base,38.69922771110845,-10.28491548227499
9,1,100,False,linear,pbin15-35,Lasso|size|netfit|direct,25.58476757283624,slope_only,18.12578408863179,7.458983484204449
9,1,100,False,linear,pbin35-65,Lasso|size|netfit|direct,25.123571043339727,paperA_corr_own,16.584532656317137,8.53903838702259
9,1,100,False,linear,pbin>65,Lasso|size|netfit|direct,21.84050687363972,paperA_corr_own,12.374074851179708,9.46643202246001
9,1,100,False,neural,all,TabPFN|size|netfit|direct,15.894347684987942,slope_base,23.218216864217062,-7.323869179229121
9,1,100,False,neural,pbin<=15,TabPFN|size|netfit|direct,20.039330855129528,slope_base,38.69922771110845,-18.65989685597892
9,1,100,False,neural,pbin15-35,TabPFN|size|netfit|direct,16.260515489929553,slope_only,18.12578408863179,-1.8652685987022366
9,1,100,False,neural,pbin35-65,TabPFN|size|netfit|direct,15.325585890818305,paperA_corr_own,16.584532656317137,-1.2589467654988322
9,1,100,False,neural,pbin>65,TabPFN|size|netfit|direct,9.434013894927896,paperA_corr_own,12.374074851179708,-2.9400609562518127
9,1,100,False,rawseries,all,CNN|size|raw|direct,23.90530982147196,slope_base,23.218216864217062,0.6870929572548974
9,1,100,False,rawseries,pbin<=15,CNN|size|raw|direct,25.60841622671624,slope_base,38.69922771110845,-13.090811484392209
9,1,100,False,rawseries,pbin15-35,CNN|size|raw|direct,23.441794415550024,slope_only,18.12578408863179,5.316010326918235
9,1,100,False,rawseries,pbin35-65,CNN|size|raw|direct,19.94904656060044,paperA_corr_own,16.584532656317137,3.364513904283303
9,1,100,False,rawseries,pbin>65,CNN|size|raw|direct,24.489097088583243,paperA_corr_own,12.374074851179708,12.115022237403535
9,1,100,False,trees,all,ExtraTrees|size|netfit|direct,19.470213911354115,slope_base,23.218216864217062,-3.7480029528629473
9,1,100,False,trees,pbin<=15,ExtraTrees|size|netfit|direct,24.21853716009285,slope_base,38.69922771110845,-14.480690551015599
9,1,100,False,trees,pbin15-35,ExtraTrees|size|netfit|direct,19.993171143651058,slope_only,18.12578408863179,1.8673870550192682
9,1,100,False,trees,pbin35-65,ExtraTrees|size|netfit|direct,18.758642442166465,paperA_corr_own,16.584532656317137,2.1741097858493283
9,1,100,False,trees,pbin>65,ExtraTrees|size|netfit|direct,11.953807107011626,paperA_corr_own,12.374074851179708,-0.42026774416808266
9,1,200,False,kernel,all,SVR|size|netfit|direct,17.8331919328142,slope_base,23.390658100793665,-5.557466167979467
9,1,200,False,kernel,pbin<=15,SVR|size|netfit|direct,26.6955238092208,slope_base,38.75445981295233,-12.058936003731528
9,1,200,False,kernel,pbin15-35,SVR|size|netfit|direct,17.439560131408502,calibrated_delta,15.84925960036071,1.5903005310477916
9,1,200,False,kernel,pbin35-65,SVR|size|netfit|direct,10.844003237467165,slope_base,14.979741623951456,-4.135738386484292
9,1,200,False,kernel,pbin>65,SVR|size|netfit|direct,9.37470723786961,paperA_corr,12.467082387489771,-3.092375149620162
9,1,200,False,linear,all,ElasticNet|size|netfit|residual,21.567183166046178,slope_base,23.390658100793665,-1.8234749347474875
9,1,200,False,linear,pbin<=15,ElasticNet|size|netfit|residual,28.21141190716046,slope_base,38.75445981295233,-10.543047905791866
9,1,200,False,linear,pbin15-35,ElasticNet|size|netfit|residual,20.409361358958748,calibrated_delta,15.84925960036071,4.560101758598037
9,1,200,False,linear,pbin35-65,ElasticNet|size|netfit|residual,18.922652387956028,slope_base,14.979741623951456,3.942910764004571
9,1,200,False,linear,pbin>65,ElasticNet|size|netfit|residual,14.879592635351354,paperA_corr,12.467082387489771,2.412510247861583
9,1,200,False,neural,all,TabPFN|size|netfit|direct,16.782408148931623,slope_base,23.390658100793665,-6.608249951862042
9,1,200,False,neural,pbin<=15,TabPFN|size|netfit|direct,24.10774755405208,slope_base,38.75445981295233,-14.646712258900248
9,1,200,False,neural,pbin15-35,TabPFN|size|netfit|direct,17.886244591428817,calibrated_delta,15.84925960036071,2.036984991068106
9,1,200,False,neural,pbin35-65,TabPFN|size|netfit|direct,12.392532014141535,slope_base,14.979741623951456,-2.5872096098099213
9,1,200,False,neural,pbin>65,TabPFN|size|netfit|direct,6.806430736967119,paperA_corr,12.467082387489771,-5.660651650522652
9,1,200,False,rawseries,all,CNN|size|raw|residual,14.301843513169688,slope_base,23.390658100793665,-9.088814587623977
9,1,200,False,rawseries,pbin<=15,CNN|size|raw|residual,22.656189766361884,slope_base,38.75445981295233,-16.098270046590443
9,1,200,False,rawseries,pbin15-35,CNN|size|raw|residual,12.54712467447487,calibrated_delta,15.84925960036071,-3.3021349258858397
9,1,200,False,rawseries,pbin35-65,CNN|size|raw|residual,8.807949804341868,slope_base,14.979741623951456,-6.171791819609588
9,1,200,False,rawseries,pbin>65,CNN|size|raw|residual,7.692441413966085,paperA_corr,12.467082387489771,-4.774640973523686
9,1,200,False,trees,all,ExtraTrees|size|netfit|residual,18.146856762503194,slope_base,23.390658100793665,-5.243801338290471
9,1,200,False,trees,pbin<=15,ExtraTrees|size|netfit|residual,25.874106154193612,slope_base,38.75445981295233,-12.880353658758715
9,1,200,False,trees,pbin15-35,ExtraTrees|size|netfit|residual,17.88654473635165,calibrated_delta,15.84925960036071,2.0372851359909383
9,1,200,False,trees,pbin35-65,ExtraTrees|size|netfit|residual,14.303424847962216,slope_base,14.979741623951456,-0.6763167759892408
9,1,200,False,trees,pbin>65,ExtraTrees|size|netfit|residual,9.240903420849891,paperA_corr,12.467082387489771,-3.22617896663988
