exp_id,split_seed,dataset,target,method,anchor,cell,metric,value,n_substations,n_hp_households
iter02b_ffnn,0,bstar_2023,HP_Peak,slope_only,none,all,rmse,11.411269283968377,130,20
iter02b_ffnn,0,bstar_2023,HP_Peak,slope_only,none,all,mae,8.341396263339831,130,20
iter02b_ffnn,0,bstar_2023,HP_Peak,slope_only,none,all,mape,34.91720891361358,130,20
iter02b_ffnn,0,bstar_2023,HP_Peak,slope_only,none,all,r2,0.8633293055805535,130,20
iter02b_ffnn,0,bstar_2023,HP_Peak,slope_only,none,all,n_pred_nan,0.0,130,20
iter02b_ffnn,0,bstar_2023,HP_Peak,slope_only,none,all,mape_n_excluded,0.0,130,20
iter02b_ffnn,0,bstar_2023,HP_Peak,slope_only,none,p0.05|n10,rmse,2.498775165507837,10,9
iter02b_ffnn,0,bstar_2023,HP_Peak,slope_only,none,p0.05|n10,mae,2.0307106143045326,10,9
iter02b_ffnn,0,bstar_2023,HP_Peak,slope_only,none,p0.05|n10,mape,36.94701950833782,10,9
iter02b_ffnn,0,bstar_2023,HP_Peak,slope_only,none,p0.05|n10,r2,-0.4655780214449343,10,9
iter02b_ffnn,0,bstar_2023,HP_Peak,slope_only,none,p0.05|n10,n_pred_nan,0.0,10,9
iter02b_ffnn,0,bstar_2023,HP_Peak,slope_only,none,p0.05|n10,mape_n_excluded,0.0,10,9
iter02b_ffnn,0,bstar_2023,HP_Peak,slope_only,none,p0.05|n20,rmse,5.122536728397317,10,7
iter02b_ffnn,0,bstar_2023,HP_Peak,slope_only,none,p0.05|n20,mae,3.5428386340910785,10,7
iter02b_ffnn,0,bstar_2023,HP_Peak,slope_only,none,p0.05|n20,mape,64.80484737212436,10,7
iter02b_ffnn,0,bstar_2023,HP_Peak,slope_only,none,p0.05|n20,r2,-2.506691090767012,10,7
iter02b_ffnn,0,bstar_2023,HP_Peak,slope_only,none,p0.05|n20,n_pred_nan,0.0,10,7
iter02b_ffnn,0,bstar_2023,HP_Peak,slope_only,none,p0.05|n20,mape_n_excluded,0.0,10,7
iter02b_ffnn,0,bstar_2023,HP_Peak,slope_only,none,p0.05|n40,rmse,9.60777849449086,10,13
iter02b_ffnn,0,bstar_2023,HP_Peak,slope_only,none,p0.05|n40,mae,6.638740467894801,10,13
iter02b_ffnn,0,bstar_2023,HP_Peak,slope_only,none,p0.05|n40,mape,67.77858795344,10,13
iter02b_ffnn,0,bstar_2023,HP_Peak,slope_only,none,p0.05|n40,r2,-4.492812381640355,10,13
iter02b_ffnn,0,bstar_2023,HP_Peak,slope_only,none,p0.05|n40,n_pred_nan,0.0,10,13
iter02b_ffnn,0,bstar_2023,HP_Peak,slope_only,none,p0.05|n40,mape_n_excluded,0.0,10,13
iter02b_ffnn,0,bstar_2023,HP_Peak,slope_only,none,p0.05|n80,rmse,8.946972523065767,5,12
iter02b_ffnn,0,bstar_2023,HP_Peak,slope_only,none,p0.05|n80,mae,6.514554101365289,5,12
iter02b_ffnn,0,bstar_2023,HP_Peak,slope_only,none,p0.05|n80,mape,27.606618505000725,5,12
iter02b_ffnn,0,bstar_2023,HP_Peak,slope_only,none,p0.05|n80,r2,-0.1402721814075183,5,12
iter02b_ffnn,0,bstar_2023,HP_Peak,slope_only,none,p0.05|n80,n_pred_nan,0.0,5,12
iter02b_ffnn,0,bstar_2023,HP_Peak,slope_only,none,p0.05|n80,mape_n_excluded,0.0,5,12
iter02b_ffnn,0,bstar_2023,HP_Peak,slope_only,none,p0.05|n120,rmse,17.7582025217388,5,15
iter02b_ffnn,0,bstar_2023,HP_Peak,slope_only,none,p0.05|n120,mae,17.414980336187483,5,15
iter02b_ffnn,0,bstar_2023,HP_Peak,slope_only,none,p0.05|n120,mape,41.20724066353381,5,15
iter02b_ffnn,0,bstar_2023,HP_Peak,slope_only,none,p0.05|n120,r2,-4.835826224108778,5,15
iter02b_ffnn,0,bstar_2023,HP_Peak,slope_only,none,p0.05|n120,n_pred_nan,0.0,5,15
iter02b_ffnn,0,bstar_2023,HP_Peak,slope_only,none,p0.05|n120,mape_n_excluded,0.0,5,15
iter02b_ffnn,0,bstar_2023,HP_Peak,slope_only,none,p0.1|n10,rmse,4.644843413584447,10,9
iter02b_ffnn,0,bstar_2023,HP_Peak,slope_only,none,p0.1|n10,mae,4.039608015899674,10,9
iter02b_ffnn,0,bstar_2023,HP_Peak,slope_only,none,p0.1|n10,mape,51.22040493318163,10,9
iter02b_ffnn,0,bstar_2023,HP_Peak,slope_only,none,p0.1|n10,r2,-1.944685905222808,10,9
iter02b_ffnn,0,bstar_2023,HP_Peak,slope_only,none,p0.1|n10,n_pred_nan,0.0,10,9
iter02b_ffnn,0,bstar_2023,HP_Peak,slope_only,none,p0.1|n10,mape_n_excluded,0.0,10,9
iter02b_ffnn,0,bstar_2023,HP_Peak,slope_only,none,p0.1|n20,rmse,6.807314742134376,10,12
iter02b_ffnn,0,bstar_2023,HP_Peak,slope_only,none,p0.1|n20,mae,5.437626549309976,10,12
iter02b_ffnn,0,bstar_2023,HP_Peak,slope_only,none,p0.1|n20,mape,36.99407187868321,10,12
iter02b_ffnn,0,bstar_2023,HP_Peak,slope_only,none,p0.1|n20,r2,-0.1796385928503059,10,12
iter02b_ffnn,0,bstar_2023,HP_Peak,slope_only,none,p0.1|n20,n_pred_nan,0.0,10,12
iter02b_ffnn,0,bstar_2023,HP_Peak,slope_only,none,p0.1|n20,mape_n_excluded,0.0,10,12
iter02b_ffnn,0,bstar_2023,HP_Peak,slope_only,none,p0.1|n40,rmse,6.467686604564778,5,12
iter02b_ffnn,0,bstar_2023,HP_Peak,slope_only,none,p0.1|n40,mae,5.259840140646618,5,12
iter02b_ffnn,0,bstar_2023,HP_Peak,slope_only,none,p0.1|n40,mape,17.29647332287637,5,12
iter02b_ffnn,0,bstar_2023,HP_Peak,slope_only,none,p0.1|n40,r2,0.6346261683289174,5,12
iter02b_ffnn,0,bstar_2023,HP_Peak,slope_only,none,p0.1|n40,n_pred_nan,0.0,5,12
iter02b_ffnn,0,bstar_2023,HP_Peak,slope_only,none,p0.1|n40,mape_n_excluded,0.0,5,12
iter02b_ffnn,0,bstar_2023,HP_Peak,slope_only,none,p0.1|n80,rmse,6.943143296649643,5,16
iter02b_ffnn,0,bstar_2023,HP_Peak,slope_only,none,p0.1|n80,mae,5.37069828393996,5,16
iter02b_ffnn,0,bstar_2023,HP_Peak,slope_only,none,p0.1|n80,mape,7.552656702634061,5,16
iter02b_ffnn,0,bstar_2023,HP_Peak,slope_only,none,p0.1|n80,r2,0.5247509984873118,5,16
iter02b_ffnn,0,bstar_2023,HP_Peak,slope_only,none,p0.1|n80,n_pred_nan,0.0,5,16
iter02b_ffnn,0,bstar_2023,HP_Peak,slope_only,none,p0.1|n80,mape_n_excluded,0.0,5,16
iter02b_ffnn,0,bstar_2023,HP_Peak,slope_only,none,p0.1|n120,rmse,9.588446541031452,5,16
iter02b_ffnn,0,bstar_2023,HP_Peak,slope_only,none,p0.1|n120,mae,7.921913940833633,5,16
iter02b_ffnn,0,bstar_2023,HP_Peak,slope_only,none,p0.1|n120,mape,8.306449496189142,5,16
iter02b_ffnn,0,bstar_2023,HP_Peak,slope_only,none,p0.1|n120,r2,-0.3247914013899666,5,16
iter02b_ffnn,0,bstar_2023,HP_Peak,slope_only,none,p0.1|n120,n_pred_nan,0.0,5,16
iter02b_ffnn,0,bstar_2023,HP_Peak,slope_only,none,p0.1|n120,mape_n_excluded,0.0,5,16
iter02b_ffnn,0,bstar_2023,HP_Peak,slope_only,none,p0.2|n10,rmse,6.486593460034863,10,12
iter02b_ffnn,0,bstar_2023,HP_Peak,slope_only,none,p0.2|n10,mae,5.919099654674158,10,12
iter02b_ffnn,0,bstar_2023,HP_Peak,slope_only,none,p0.2|n10,mape,42.109601987494926,10,12
iter02b_ffnn,0,bstar_2023,HP_Peak,slope_only,none,p0.2|n10,r2,-3.989123563633207,10,12
iter02b_ffnn,0,bstar_2023,HP_Peak,slope_only,none,p0.2|n10,n_pred_nan,0.0,10,12
iter02b_ffnn,0,bstar_2023,HP_Peak,slope_only,none,p0.2|n10,mape_n_excluded,0.0,10,12
iter02b_ffnn,0,bstar_2023,HP_Peak,slope_only,none,p0.2|n20,rmse,6.3403424544542215,5,13
iter02b_ffnn,0,bstar_2023,HP_Peak,slope_only,none,p0.2|n20,mae,5.655309013806249,5,13
iter02b_ffnn,0,bstar_2023,HP_Peak,slope_only,none,p0.2|n20,mape,19.4693942663919,5,13
iter02b_ffnn,0,bstar_2023,HP_Peak,slope_only,none,p0.2|n20,r2,-2.4953523508942226,5,13
iter02b_ffnn,0,bstar_2023,HP_Peak,slope_only,none,p0.2|n20,n_pred_nan,0.0,5,13
iter02b_ffnn,0,bstar_2023,HP_Peak,slope_only,none,p0.2|n20,mape_n_excluded,0.0,5,13
iter02b_ffnn,0,bstar_2023,HP_Peak,slope_only,none,p0.2|n40,rmse,11.430928689033584,5,16
iter02b_ffnn,0,bstar_2023,HP_Peak,slope_only,none,p0.2|n40,mae,11.09804444206314,5,16
iter02b_ffnn,0,bstar_2023,HP_Peak,slope_only,none,p0.2|n40,mape,16.291865894745648,5,16
iter02b_ffnn,0,bstar_2023,HP_Peak,slope_only,none,p0.2|n40,r2,-6.09183074761166,5,16
iter02b_ffnn,0,bstar_2023,HP_Peak,slope_only,none,p0.2|n40,n_pred_nan,0.0,5,16
iter02b_ffnn,0,bstar_2023,HP_Peak,slope_only,none,p0.2|n40,mape_n_excluded,0.0,5,16
iter02b_ffnn,0,bstar_2023,HP_Peak,slope_only,none,p0.3|n10,rmse,4.571196652358363,10,14
iter02b_ffnn,0,bstar_2023,HP_Peak,slope_only,none,p0.3|n10,mae,4.143349568025223,10,14
iter02b_ffnn,0,bstar_2023,HP_Peak,slope_only,none,p0.3|n10,mape,20.292412041895588,10,14
iter02b_ffnn,0,bstar_2023,HP_Peak,slope_only,none,p0.3|n10,r2,-1.330258275243457,10,14
iter02b_ffnn,0,bstar_2023,HP_Peak,slope_only,none,p0.3|n10,n_pred_nan,0.0,10,14
iter02b_ffnn,0,bstar_2023,HP_Peak,slope_only,none,p0.3|n10,mape_n_excluded,0.0,10,14
iter02b_ffnn,0,bstar_2023,HP_Peak,slope_only,none,p0.3|n20,rmse,10.927288357972769,5,14
iter02b_ffnn,0,bstar_2023,HP_Peak,slope_only,none,p0.3|n20,mae,10.319440492046072,5,14
iter02b_ffnn,0,bstar_2023,HP_Peak,slope_only,none,p0.3|n20,mape,21.70982812432184,5,14
iter02b_ffnn,0,bstar_2023,HP_Peak,slope_only,none,p0.3|n20,r2,-0.0459265267742747,5,14
iter02b_ffnn,0,bstar_2023,HP_Peak,slope_only,none,p0.3|n20,n_pred_nan,0.0,5,14
iter02b_ffnn,0,bstar_2023,HP_Peak,slope_only,none,p0.3|n20,mape_n_excluded,0.0,5,14
iter02b_ffnn,0,bstar_2023,HP_Peak,slope_only,none,p0.3|n40,rmse,27.067121963457254,5,16
iter02b_ffnn,0,bstar_2023,HP_Peak,slope_only,none,p0.3|n40,mae,26.55315271967965,5,16
iter02b_ffnn,0,bstar_2023,HP_Peak,slope_only,none,p0.3|n40,mape,26.01371254267961,5,16
iter02b_ffnn,0,bstar_2023,HP_Peak,slope_only,none,p0.3|n40,r2,-33.77177796864597,5,16
iter02b_ffnn,0,bstar_2023,HP_Peak,slope_only,none,p0.3|n40,n_pred_nan,0.0,5,16
iter02b_ffnn,0,bstar_2023,HP_Peak,slope_only,none,p0.3|n40,mape_n_excluded,0.0,5,16
iter02b_ffnn,0,bstar_2023,HP_Peak,slope_only,none,p0.5|n10,rmse,14.49048512688541,5,12
iter02b_ffnn,0,bstar_2023,HP_Peak,slope_only,none,p0.5|n10,mae,12.69063712638646,5,12
iter02b_ffnn,0,bstar_2023,HP_Peak,slope_only,none,p0.5|n10,mape,30.887372448509907,5,12
iter02b_ffnn,0,bstar_2023,HP_Peak,slope_only,none,p0.5|n10,r2,-1.8102550884110364,5,12
iter02b_ffnn,0,bstar_2023,HP_Peak,slope_only,none,p0.5|n10,n_pred_nan,0.0,5,12
iter02b_ffnn,0,bstar_2023,HP_Peak,slope_only,none,p0.5|n10,mape_n_excluded,0.0,5,12
iter02b_ffnn,0,bstar_2023,HP_Peak,slope_only,none,p0.5|n20,rmse,23.07534956851283,5,16
iter02b_ffnn,0,bstar_2023,HP_Peak,slope_only,none,p0.5|n20,mae,22.2130673412875,5,16
iter02b_ffnn,0,bstar_2023,HP_Peak,slope_only,none,p0.5|n20,mape,25.50295980504033,5,16
iter02b_ffnn,0,bstar_2023,HP_Peak,slope_only,none,p0.5|n20,r2,-28.111320744359286,5,16
iter02b_ffnn,0,bstar_2023,HP_Peak,slope_only,none,p0.5|n20,n_pred_nan,0.0,5,16
iter02b_ffnn,0,bstar_2023,HP_Peak,slope_only,none,p0.5|n20,mape_n_excluded,0.0,5,16
iter02b_ffnn,0,bstar_2023,HP_Peak,slope_only,none,p1.0|n10,rmse,23.055572437206035,5,16
iter02b_ffnn,0,bstar_2023,HP_Peak,slope_only,none,p1.0|n10,mae,22.360717900194647,5,16
iter02b_ffnn,0,bstar_2023,HP_Peak,slope_only,none,p1.0|n10,mape,25.708968631714534,5,16
iter02b_ffnn,0,bstar_2023,HP_Peak,slope_only,none,p1.0|n10,r2,-3.624525567973533,5,16
iter02b_ffnn,0,bstar_2023,HP_Peak,slope_only,none,p1.0|n10,n_pred_nan,0.0,5,16
iter02b_ffnn,0,bstar_2023,HP_Peak,slope_only,none,p1.0|n10,mape_n_excluded,0.0,5,16
iter02b_ffnn,0,bstar_2023,HP_Peak,slope_only,none,all,at_bound_share_train,0.0108695652173913,460,62
iter02b_ffnn,0,bstar_2023,HP_Peak,slope_only,none,all,at_bound_share_test,0.0076923076923076,130,20
iter02b_ffnn,0,bstar_2023,HP_Peak,slope_base,none,all,rmse,11.483375573472609,130,20
iter02b_ffnn,0,bstar_2023,HP_Peak,slope_base,none,all,mae,8.287050047641523,130,20
iter02b_ffnn,0,bstar_2023,HP_Peak,slope_base,none,all,mape,33.73887587644621,130,20
iter02b_ffnn,0,bstar_2023,HP_Peak,slope_base,none,all,r2,0.8615966407824562,130,20
iter02b_ffnn,0,bstar_2023,HP_Peak,slope_base,none,all,n_pred_nan,0.0,130,20
iter02b_ffnn,0,bstar_2023,HP_Peak,slope_base,none,all,mape_n_excluded,0.0,130,20
iter02b_ffnn,0,bstar_2023,HP_Peak,slope_base,none,p0.05|n10,rmse,1.8479267167453024,10,9
iter02b_ffnn,0,bstar_2023,HP_Peak,slope_base,none,p0.05|n10,mae,1.469678869675868,10,9
iter02b_ffnn,0,bstar_2023,HP_Peak,slope_base,none,p0.05|n10,mape,26.532652624967238,10,9
iter02b_ffnn,0,bstar_2023,HP_Peak,slope_base,none,p0.05|n10,r2,0.1984620854148359,10,9
iter02b_ffnn,0,bstar_2023,HP_Peak,slope_base,none,p0.05|n10,n_pred_nan,0.0,10,9
iter02b_ffnn,0,bstar_2023,HP_Peak,slope_base,none,p0.05|n10,mape_n_excluded,0.0,10,9
iter02b_ffnn,0,bstar_2023,HP_Peak,slope_base,none,p0.05|n20,rmse,5.650101267253361,10,7
iter02b_ffnn,0,bstar_2023,HP_Peak,slope_base,none,p0.05|n20,mae,3.86900822171358,10,7
iter02b_ffnn,0,bstar_2023,HP_Peak,slope_base,none,p0.05|n20,mape,71.89919388898629,10,7
iter02b_ffnn,0,bstar_2023,HP_Peak,slope_base,none,p0.05|n20,r2,-3.266186249894826,10,7
iter02b_ffnn,0,bstar_2023,HP_Peak,slope_base,none,p0.05|n20,n_pred_nan,0.0,10,7
iter02b_ffnn,0,bstar_2023,HP_Peak,slope_base,none,p0.05|n20,mape_n_excluded,0.0,10,7
iter02b_ffnn,0,bstar_2023,HP_Peak,slope_base,none,p0.05|n40,rmse,9.097676525193007,10,13
iter02b_ffnn,0,bstar_2023,HP_Peak,slope_base,none,p0.05|n40,mae,6.581332711829548,10,13
iter02b_ffnn,0,bstar_2023,HP_Peak,slope_base,none,p0.05|n40,mape,65.9594594285268,10,13
iter02b_ffnn,0,bstar_2023,HP_Peak,slope_base,none,p0.05|n40,r2,-3.925040241478993,10,13
iter02b_ffnn,0,bstar_2023,HP_Peak,slope_base,none,p0.05|n40,n_pred_nan,0.0,10,13
iter02b_ffnn,0,bstar_2023,HP_Peak,slope_base,none,p0.05|n40,mape_n_excluded,0.0,10,13
iter02b_ffnn,0,bstar_2023,HP_Peak,slope_base,none,p0.05|n80,rmse,9.244137564497724,5,12
iter02b_ffnn,0,bstar_2023,HP_Peak,slope_base,none,p0.05|n80,mae,8.811147896226924,5,12
iter02b_ffnn,0,bstar_2023,HP_Peak,slope_base,none,p0.05|n80,mape,28.328458426597724,5,12
iter02b_ffnn,0,bstar_2023,HP_Peak,slope_base,none,p0.05|n80,r2,-0.2172761736722765,5,12
iter02b_ffnn,0,bstar_2023,HP_Peak,slope_base,none,p0.05|n80,n_pred_nan,0.0,5,12
iter02b_ffnn,0,bstar_2023,HP_Peak,slope_base,none,p0.05|n80,mape_n_excluded,0.0,5,12
iter02b_ffnn,0,bstar_2023,HP_Peak,slope_base,none,p0.05|n120,rmse,3.903087865871378,5,15
iter02b_ffnn,0,bstar_2023,HP_Peak,slope_base,none,p0.05|n120,mae,3.166442457064288,5,15
iter02b_ffnn,0,bstar_2023,HP_Peak,slope_base,none,p0.05|n120,mape,7.965535407577071,5,15
iter02b_ffnn,0,bstar_2023,HP_Peak,slope_base,none,p0.05|n120,r2,0.7180831731533124,5,15
iter02b_ffnn,0,bstar_2023,HP_Peak,slope_base,none,p0.05|n120,n_pred_nan,0.0,5,15
iter02b_ffnn,0,bstar_2023,HP_Peak,slope_base,none,p0.05|n120,mape_n_excluded,0.0,5,15
iter02b_ffnn,0,bstar_2023,HP_Peak,slope_base,none,p0.1|n10,rmse,5.182065073077475,10,9
iter02b_ffnn,0,bstar_2023,HP_Peak,slope_base,none,p0.1|n10,mae,4.132533134887436,10,9
iter02b_ffnn,0,bstar_2023,HP_Peak,slope_base,none,p0.1|n10,mape,57.3113927333978,10,9
iter02b_ffnn,0,bstar_2023,HP_Peak,slope_base,none,p0.1|n10,r2,-2.665241090768076,10,9
iter02b_ffnn,0,bstar_2023,HP_Peak,slope_base,none,p0.1|n10,n_pred_nan,0.0,10,9
iter02b_ffnn,0,bstar_2023,HP_Peak,slope_base,none,p0.1|n10,mape_n_excluded,0.0,10,9
iter02b_ffnn,0,bstar_2023,HP_Peak,slope_base,none,p0.1|n20,rmse,7.178879676224916,10,12
iter02b_ffnn,0,bstar_2023,HP_Peak,slope_base,none,p0.1|n20,mae,5.469646859443349,10,12
iter02b_ffnn,0,bstar_2023,HP_Peak,slope_base,none,p0.1|n20,mape,38.42238190874149,10,12
iter02b_ffnn,0,bstar_2023,HP_Peak,slope_base,none,p0.1|n20,r2,-0.3119299867927956,10,12
iter02b_ffnn,0,bstar_2023,HP_Peak,slope_base,none,p0.1|n20,n_pred_nan,0.0,10,12
iter02b_ffnn,0,bstar_2023,HP_Peak,slope_base,none,p0.1|n20,mape_n_excluded,0.0,10,12
iter02b_ffnn,0,bstar_2023,HP_Peak,slope_base,none,p0.1|n40,rmse,8.636116202207116,5,12
iter02b_ffnn,0,bstar_2023,HP_Peak,slope_base,none,p0.1|n40,mae,8.117485330778333,5,12
iter02b_ffnn,0,bstar_2023,HP_Peak,slope_base,none,p0.1|n40,mape,29.324684355922,5,12
iter02b_ffnn,0,bstar_2023,HP_Peak,slope_base,none,p0.1|n40,r2,0.3485569445737028,5,12
iter02b_ffnn,0,bstar_2023,HP_Peak,slope_base,none,p0.1|n40,n_pred_nan,0.0,5,12
iter02b_ffnn,0,bstar_2023,HP_Peak,slope_base,none,p0.1|n40,mape_n_excluded,0.0,5,12
iter02b_ffnn,0,bstar_2023,HP_Peak,slope_base,none,p0.1|n80,rmse,13.2948346547682,5,16
iter02b_ffnn,0,bstar_2023,HP_Peak,slope_base,none,p0.1|n80,mae,12.579650919962182,5,16
iter02b_ffnn,0,bstar_2023,HP_Peak,slope_base,none,p0.1|n80,mape,18.824618499775383,5,16
iter02b_ffnn,0,bstar_2023,HP_Peak,slope_base,none,p0.1|n80,r2,-0.742508225597726,5,16
iter02b_ffnn,0,bstar_2023,HP_Peak,slope_base,none,p0.1|n80,n_pred_nan,0.0,5,16
iter02b_ffnn,0,bstar_2023,HP_Peak,slope_base,none,p0.1|n80,mape_n_excluded,0.0,5,16
iter02b_ffnn,0,bstar_2023,HP_Peak,slope_base,none,p0.1|n120,rmse,18.671484343700573,5,16
iter02b_ffnn,0,bstar_2023,HP_Peak,slope_base,none,p0.1|n120,mae,17.115397884540027,5,16
iter02b_ffnn,0,bstar_2023,HP_Peak,slope_base,none,p0.1|n120,mape,18.24977244481006,5,16
iter02b_ffnn,0,bstar_2023,HP_Peak,slope_base,none,p0.1|n120,r2,-4.023526386701857,5,16
iter02b_ffnn,0,bstar_2023,HP_Peak,slope_base,none,p0.1|n120,n_pred_nan,0.0,5,16
iter02b_ffnn,0,bstar_2023,HP_Peak,slope_base,none,p0.1|n120,mape_n_excluded,0.0,5,16
iter02b_ffnn,0,bstar_2023,HP_Peak,slope_base,none,p0.2|n10,rmse,6.292476358281285,10,12
iter02b_ffnn,0,bstar_2023,HP_Peak,slope_base,none,p0.2|n10,mae,4.998880666317435,10,12
iter02b_ffnn,0,bstar_2023,HP_Peak,slope_base,none,p0.2|n10,mape,35.34558331051464,10,12
iter02b_ffnn,0,bstar_2023,HP_Peak,slope_base,none,p0.2|n10,r2,-3.694983662741433,10,12
iter02b_ffnn,0,bstar_2023,HP_Peak,slope_base,none,p0.2|n10,n_pred_nan,0.0,10,12
iter02b_ffnn,0,bstar_2023,HP_Peak,slope_base,none,p0.2|n10,mape_n_excluded,0.0,10,12
iter02b_ffnn,0,bstar_2023,HP_Peak,slope_base,none,p0.2|n20,rmse,5.959883461903137,5,13
iter02b_ffnn,0,bstar_2023,HP_Peak,slope_base,none,p0.2|n20,mae,5.191684208476375,5,13
iter02b_ffnn,0,bstar_2023,HP_Peak,slope_base,none,p0.2|n20,mape,17.85353657050313,5,13
iter02b_ffnn,0,bstar_2023,HP_Peak,slope_base,none,p0.2|n20,r2,-2.088453491889124,5,13
iter02b_ffnn,0,bstar_2023,HP_Peak,slope_base,none,p0.2|n20,n_pred_nan,0.0,5,13
iter02b_ffnn,0,bstar_2023,HP_Peak,slope_base,none,p0.2|n20,mape_n_excluded,0.0,5,13
iter02b_ffnn,0,bstar_2023,HP_Peak,slope_base,none,p0.2|n40,rmse,13.797311922584164,5,16
iter02b_ffnn,0,bstar_2023,HP_Peak,slope_base,none,p0.2|n40,mae,13.130454225490729,5,16
iter02b_ffnn,0,bstar_2023,HP_Peak,slope_base,none,p0.2|n40,mape,19.32359486993236,5,16
iter02b_ffnn,0,bstar_2023,HP_Peak,slope_base,none,p0.2|n40,r2,-9.331997604008558,5,16
iter02b_ffnn,0,bstar_2023,HP_Peak,slope_base,none,p0.2|n40,n_pred_nan,0.0,5,16
iter02b_ffnn,0,bstar_2023,HP_Peak,slope_base,none,p0.2|n40,mape_n_excluded,0.0,5,16
iter02b_ffnn,0,bstar_2023,HP_Peak,slope_base,none,p0.3|n10,rmse,3.054334993127566,10,14
iter02b_ffnn,0,bstar_2023,HP_Peak,slope_base,none,p0.3|n10,mae,2.337497509271629,10,14
iter02b_ffnn,0,bstar_2023,HP_Peak,slope_base,none,p0.3|n10,mape,11.12871916265922,10,14
iter02b_ffnn,0,bstar_2023,HP_Peak,slope_base,none,p0.3|n10,r2,-0.0403454800358795,10,14
iter02b_ffnn,0,bstar_2023,HP_Peak,slope_base,none,p0.3|n10,n_pred_nan,0.0,10,14
iter02b_ffnn,0,bstar_2023,HP_Peak,slope_base,none,p0.3|n10,mape_n_excluded,0.0,10,14
iter02b_ffnn,0,bstar_2023,HP_Peak,slope_base,none,p0.3|n20,rmse,11.415714367977731,5,14
iter02b_ffnn,0,bstar_2023,HP_Peak,slope_base,none,p0.3|n20,mae,10.800326010664346,5,14
iter02b_ffnn,0,bstar_2023,HP_Peak,slope_base,none,p0.3|n20,mape,23.03784086001515,5,14
iter02b_ffnn,0,bstar_2023,HP_Peak,slope_base,none,p0.3|n20,r2,-0.1415174579024229,5,14
iter02b_ffnn,0,bstar_2023,HP_Peak,slope_base,none,p0.3|n20,n_pred_nan,0.0,5,14
iter02b_ffnn,0,bstar_2023,HP_Peak,slope_base,none,p0.3|n20,mape_n_excluded,0.0,5,14
iter02b_ffnn,0,bstar_2023,HP_Peak,slope_base,none,p0.3|n40,rmse,29.434728927349983,5,16
iter02b_ffnn,0,bstar_2023,HP_Peak,slope_base,none,p0.3|n40,mae,28.364613506288787,5,16
iter02b_ffnn,0,bstar_2023,HP_Peak,slope_base,none,p0.3|n40,mape,27.81268377033615,5,16
iter02b_ffnn,0,bstar_2023,HP_Peak,slope_base,none,p0.3|n40,r2,-40.12091969405501,5,16
iter02b_ffnn,0,bstar_2023,HP_Peak,slope_base,none,p0.3|n40,n_pred_nan,0.0,5,16
iter02b_ffnn,0,bstar_2023,HP_Peak,slope_base,none,p0.3|n40,mape_n_excluded,0.0,5,16
iter02b_ffnn,0,bstar_2023,HP_Peak,slope_base,none,p0.5|n10,rmse,13.339686107976933,5,12
iter02b_ffnn,0,bstar_2023,HP_Peak,slope_base,none,p0.5|n10,mae,12.311533536956588,5,12
iter02b_ffnn,0,bstar_2023,HP_Peak,slope_base,none,p0.5|n10,mape,29.63399311582397,5,12
iter02b_ffnn,0,bstar_2023,HP_Peak,slope_base,none,p0.5|n10,r2,-1.381612564571384,5,12
iter02b_ffnn,0,bstar_2023,HP_Peak,slope_base,none,p0.5|n10,n_pred_nan,0.0,5,12
iter02b_ffnn,0,bstar_2023,HP_Peak,slope_base,none,p0.5|n10,mape_n_excluded,0.0,5,12
iter02b_ffnn,0,bstar_2023,HP_Peak,slope_base,none,p0.5|n20,rmse,21.763331542865963,5,16
iter02b_ffnn,0,bstar_2023,HP_Peak,slope_base,none,p0.5|n20,mae,20.19393672930928,5,16
iter02b_ffnn,0,bstar_2023,HP_Peak,slope_base,none,p0.5|n20,mape,23.265173339585445,5,16
iter02b_ffnn,0,bstar_2023,HP_Peak,slope_base,none,p0.5|n20,r2,-24.89501028485565,5,16
iter02b_ffnn,0,bstar_2023,HP_Peak,slope_base,none,p0.5|n20,n_pred_nan,0.0,5,16
iter02b_ffnn,0,bstar_2023,HP_Peak,slope_base,none,p0.5|n20,mape_n_excluded,0.0,5,16
iter02b_ffnn,0,bstar_2023,HP_Peak,slope_base,none,p1.0|n10,rmse,19.04939459259145,5,16
iter02b_ffnn,0,bstar_2023,HP_Peak,slope_base,none,p1.0|n10,mae,17.963472586644087,5,16
iter02b_ffnn,0,bstar_2023,HP_Peak,slope_base,none,p1.0|n10,mape,20.392115011136053,5,16
iter02b_ffnn,0,bstar_2023,HP_Peak,slope_base,none,p1.0|n10,r2,-2.1570228233958435,5,16
iter02b_ffnn,0,bstar_2023,HP_Peak,slope_base,none,p1.0|n10,n_pred_nan,0.0,5,16
iter02b_ffnn,0,bstar_2023,HP_Peak,slope_base,none,p1.0|n10,mape_n_excluded,0.0,5,16
iter02b_ffnn,0,bstar_2023,HP_Peak,slope_base,none,all,at_bound_share_train,0.0108695652173913,460,62
iter02b_ffnn,0,bstar_2023,HP_Peak,slope_base,none,all,at_bound_share_test,0.0076923076923076,130,20
iter02b_ffnn,0,bstar_2023,HP_Peak,calibrated_delta,none,all,rmse,11.052367493986768,130,20
iter02b_ffnn,0,bstar_2023,HP_Peak,calibrated_delta,none,all,mae,7.88122184345439,130,20
iter02b_ffnn,0,bstar_2023,HP_Peak,calibrated_delta,none,all,mape,34.06446408029589,130,20
iter02b_ffnn,0,bstar_2023,HP_Peak,calibrated_delta,none,all,r2,0.8717911139460186,130,20
iter02b_ffnn,0,bstar_2023,HP_Peak,calibrated_delta,none,all,n_pred_nan,0.0,130,20
iter02b_ffnn,0,bstar_2023,HP_Peak,calibrated_delta,none,all,mape_n_excluded,0.0,130,20
iter02b_ffnn,0,bstar_2023,HP_Peak,calibrated_delta,none,p0.05|n10,rmse,2.0430568351246747,10,9
iter02b_ffnn,0,bstar_2023,HP_Peak,calibrated_delta,none,p0.05|n10,mae,1.5081631093812775,10,9
iter02b_ffnn,0,bstar_2023,HP_Peak,calibrated_delta,none,p0.05|n10,mape,28.813397913856733,10,9
iter02b_ffnn,0,bstar_2023,HP_Peak,calibrated_delta,none,p0.05|n10,r2,0.0202495354147401,10,9
iter02b_ffnn,0,bstar_2023,HP_Peak,calibrated_delta,none,p0.05|n10,n_pred_nan,0.0,10,9
iter02b_ffnn,0,bstar_2023,HP_Peak,calibrated_delta,none,p0.05|n10,mape_n_excluded,0.0,10,9
iter02b_ffnn,0,bstar_2023,HP_Peak,calibrated_delta,none,p0.05|n20,rmse,6.417847646315165,10,7
iter02b_ffnn,0,bstar_2023,HP_Peak,calibrated_delta,none,p0.05|n20,mae,4.563841804136571,10,7
iter02b_ffnn,0,bstar_2023,HP_Peak,calibrated_delta,none,p0.05|n20,mape,80.2094190868458,10,7
iter02b_ffnn,0,bstar_2023,HP_Peak,calibrated_delta,none,p0.05|n20,r2,-4.504351433965691,10,7
iter02b_ffnn,0,bstar_2023,HP_Peak,calibrated_delta,none,p0.05|n20,n_pred_nan,0.0,10,7
iter02b_ffnn,0,bstar_2023,HP_Peak,calibrated_delta,none,p0.05|n20,mape_n_excluded,0.0,10,7
iter02b_ffnn,0,bstar_2023,HP_Peak,calibrated_delta,none,p0.05|n40,rmse,10.701052755500536,10,13
iter02b_ffnn,0,bstar_2023,HP_Peak,calibrated_delta,none,p0.05|n40,mae,7.718226112180773,10,13
iter02b_ffnn,0,bstar_2023,HP_Peak,calibrated_delta,none,p0.05|n40,mape,77.74768053594728,10,13
iter02b_ffnn,0,bstar_2023,HP_Peak,calibrated_delta,none,p0.05|n40,r2,-5.813995013222153,10,13
iter02b_ffnn,0,bstar_2023,HP_Peak,calibrated_delta,none,p0.05|n40,n_pred_nan,0.0,10,13
iter02b_ffnn,0,bstar_2023,HP_Peak,calibrated_delta,none,p0.05|n40,mape_n_excluded,0.0,10,13
iter02b_ffnn,0,bstar_2023,HP_Peak,calibrated_delta,none,p0.05|n80,rmse,9.84418169058347,5,12
iter02b_ffnn,0,bstar_2023,HP_Peak,calibrated_delta,none,p0.05|n80,mae,7.467611609068767,5,12
iter02b_ffnn,0,bstar_2023,HP_Peak,calibrated_delta,none,p0.05|n80,mape,31.0836642242612,5,12
iter02b_ffnn,0,bstar_2023,HP_Peak,calibrated_delta,none,p0.05|n80,r2,-0.3804337332659755,5,12
iter02b_ffnn,0,bstar_2023,HP_Peak,calibrated_delta,none,p0.05|n80,n_pred_nan,0.0,5,12
iter02b_ffnn,0,bstar_2023,HP_Peak,calibrated_delta,none,p0.05|n80,mape_n_excluded,0.0,5,12
iter02b_ffnn,0,bstar_2023,HP_Peak,calibrated_delta,none,p0.05|n120,rmse,18.921592972986573,5,15
iter02b_ffnn,0,bstar_2023,HP_Peak,calibrated_delta,none,p0.05|n120,mae,18.601429219008587,5,15
iter02b_ffnn,0,bstar_2023,HP_Peak,calibrated_delta,none,p0.05|n120,mape,43.75043350075257,5,15
iter02b_ffnn,0,bstar_2023,HP_Peak,calibrated_delta,none,p0.05|n120,r2,-5.625516413578569,5,15
iter02b_ffnn,0,bstar_2023,HP_Peak,calibrated_delta,none,p0.05|n120,n_pred_nan,0.0,5,15
iter02b_ffnn,0,bstar_2023,HP_Peak,calibrated_delta,none,p0.05|n120,mape_n_excluded,0.0,5,15
iter02b_ffnn,0,bstar_2023,HP_Peak,calibrated_delta,none,p0.1|n10,rmse,4.743250980166377,10,9
iter02b_ffnn,0,bstar_2023,HP_Peak,calibrated_delta,none,p0.1|n10,mae,3.676581064908157,10,9
iter02b_ffnn,0,bstar_2023,HP_Peak,calibrated_delta,none,p0.1|n10,mape,51.295232964808754,10,9
iter02b_ffnn,0,bstar_2023,HP_Peak,calibrated_delta,none,p0.1|n10,r2,-2.0707823269199177,10,9
iter02b_ffnn,0,bstar_2023,HP_Peak,calibrated_delta,none,p0.1|n10,n_pred_nan,0.0,10,9
iter02b_ffnn,0,bstar_2023,HP_Peak,calibrated_delta,none,p0.1|n10,mape_n_excluded,0.0,10,9
iter02b_ffnn,0,bstar_2023,HP_Peak,calibrated_delta,none,p0.1|n20,rmse,6.048788669225544,10,12
iter02b_ffnn,0,bstar_2023,HP_Peak,calibrated_delta,none,p0.1|n20,mae,4.820701392081748,10,12
iter02b_ffnn,0,bstar_2023,HP_Peak,calibrated_delta,none,p0.1|n20,mape,34.30638892834882,10,12
iter02b_ffnn,0,bstar_2023,HP_Peak,calibrated_delta,none,p0.1|n20,r2,0.0686045042336226,10,12
iter02b_ffnn,0,bstar_2023,HP_Peak,calibrated_delta,none,p0.1|n20,n_pred_nan,0.0,10,12
iter02b_ffnn,0,bstar_2023,HP_Peak,calibrated_delta,none,p0.1|n20,mape_n_excluded,0.0,10,12
iter02b_ffnn,0,bstar_2023,HP_Peak,calibrated_delta,none,p0.1|n40,rmse,7.535807440030489,5,12
iter02b_ffnn,0,bstar_2023,HP_Peak,calibrated_delta,none,p0.1|n40,mae,6.069434449043236,5,12
iter02b_ffnn,0,bstar_2023,HP_Peak,calibrated_delta,none,p0.1|n40,mape,21.21645152713825,5,12
iter02b_ffnn,0,bstar_2023,HP_Peak,calibrated_delta,none,p0.1|n40,r2,0.5039801128208821,5,12
iter02b_ffnn,0,bstar_2023,HP_Peak,calibrated_delta,none,p0.1|n40,n_pred_nan,0.0,5,12
iter02b_ffnn,0,bstar_2023,HP_Peak,calibrated_delta,none,p0.1|n40,mape_n_excluded,0.0,5,12
iter02b_ffnn,0,bstar_2023,HP_Peak,calibrated_delta,none,p0.1|n80,rmse,6.647656759699127,5,16
iter02b_ffnn,0,bstar_2023,HP_Peak,calibrated_delta,none,p0.1|n80,mae,5.771506116672773,5,16
iter02b_ffnn,0,bstar_2023,HP_Peak,calibrated_delta,none,p0.1|n80,mape,8.449640515504289,5,16
iter02b_ffnn,0,bstar_2023,HP_Peak,calibrated_delta,none,p0.1|n80,r2,0.5643415614658518,5,16
iter02b_ffnn,0,bstar_2023,HP_Peak,calibrated_delta,none,p0.1|n80,n_pred_nan,0.0,5,16
iter02b_ffnn,0,bstar_2023,HP_Peak,calibrated_delta,none,p0.1|n80,mape_n_excluded,0.0,5,16
iter02b_ffnn,0,bstar_2023,HP_Peak,calibrated_delta,none,p0.1|n120,rmse,9.620207138759842,5,16
iter02b_ffnn,0,bstar_2023,HP_Peak,calibrated_delta,none,p0.1|n120,mae,7.433993412559255,5,16
iter02b_ffnn,0,bstar_2023,HP_Peak,calibrated_delta,none,p0.1|n120,mape,7.792265953290212,5,16
iter02b_ffnn,0,bstar_2023,HP_Peak,calibrated_delta,none,p0.1|n120,r2,-0.333582367217839,5,16
iter02b_ffnn,0,bstar_2023,HP_Peak,calibrated_delta,none,p0.1|n120,n_pred_nan,0.0,5,16
iter02b_ffnn,0,bstar_2023,HP_Peak,calibrated_delta,none,p0.1|n120,mape_n_excluded,0.0,5,16
iter02b_ffnn,0,bstar_2023,HP_Peak,calibrated_delta,none,p0.2|n10,rmse,4.983764752041858,10,12
iter02b_ffnn,0,bstar_2023,HP_Peak,calibrated_delta,none,p0.2|n10,mae,3.991094346928244,10,12
iter02b_ffnn,0,bstar_2023,HP_Peak,calibrated_delta,none,p0.2|n10,mape,27.779299308002585,10,12
iter02b_ffnn,0,bstar_2023,HP_Peak,calibrated_delta,none,p0.2|n10,r2,-1.9451401662632888,10,12
iter02b_ffnn,0,bstar_2023,HP_Peak,calibrated_delta,none,p0.2|n10,n_pred_nan,0.0,10,12
iter02b_ffnn,0,bstar_2023,HP_Peak,calibrated_delta,none,p0.2|n10,mape_n_excluded,0.0,10,12
iter02b_ffnn,0,bstar_2023,HP_Peak,calibrated_delta,none,p0.2|n20,rmse,4.362930187279445,5,13
iter02b_ffnn,0,bstar_2023,HP_Peak,calibrated_delta,none,p0.2|n20,mae,3.400486365632485,5,13
iter02b_ffnn,0,bstar_2023,HP_Peak,calibrated_delta,none,p0.2|n20,mape,11.615883414071437,5,13
iter02b_ffnn,0,bstar_2023,HP_Peak,calibrated_delta,none,p0.2|n20,r2,-0.6550916888241847,5,13
iter02b_ffnn,0,bstar_2023,HP_Peak,calibrated_delta,none,p0.2|n20,n_pred_nan,0.0,5,13
iter02b_ffnn,0,bstar_2023,HP_Peak,calibrated_delta,none,p0.2|n20,mape_n_excluded,0.0,5,13
iter02b_ffnn,0,bstar_2023,HP_Peak,calibrated_delta,none,p0.2|n40,rmse,10.159925756105986,5,16
iter02b_ffnn,0,bstar_2023,HP_Peak,calibrated_delta,none,p0.2|n40,mae,9.753776499380558,5,16
iter02b_ffnn,0,bstar_2023,HP_Peak,calibrated_delta,none,p0.2|n40,mape,14.383517681033648,5,16
iter02b_ffnn,0,bstar_2023,HP_Peak,calibrated_delta,none,p0.2|n40,r2,-4.602429498618352,5,16
iter02b_ffnn,0,bstar_2023,HP_Peak,calibrated_delta,none,p0.2|n40,n_pred_nan,0.0,5,16
iter02b_ffnn,0,bstar_2023,HP_Peak,calibrated_delta,none,p0.2|n40,mape_n_excluded,0.0,5,16
iter02b_ffnn,0,bstar_2023,HP_Peak,calibrated_delta,none,p0.3|n10,rmse,2.891786065593116,10,14
iter02b_ffnn,0,bstar_2023,HP_Peak,calibrated_delta,none,p0.3|n10,mae,2.5830269661364804,10,14
iter02b_ffnn,0,bstar_2023,HP_Peak,calibrated_delta,none,p0.3|n10,mape,12.85834670261032,10,14
iter02b_ffnn,0,bstar_2023,HP_Peak,calibrated_delta,none,p0.3|n10,r2,0.0674404576611397,10,14
iter02b_ffnn,0,bstar_2023,HP_Peak,calibrated_delta,none,p0.3|n10,n_pred_nan,0.0,10,14
iter02b_ffnn,0,bstar_2023,HP_Peak,calibrated_delta,none,p0.3|n10,mape_n_excluded,0.0,10,14
iter02b_ffnn,0,bstar_2023,HP_Peak,calibrated_delta,none,p0.3|n20,rmse,9.988298510773664,5,14
iter02b_ffnn,0,bstar_2023,HP_Peak,calibrated_delta,none,p0.3|n20,mae,9.571382218985974,5,14
iter02b_ffnn,0,bstar_2023,HP_Peak,calibrated_delta,none,p0.3|n20,mape,20.73412390863515,5,14
iter02b_ffnn,0,bstar_2023,HP_Peak,calibrated_delta,none,p0.3|n20,r2,0.1261047139819491,5,14
iter02b_ffnn,0,bstar_2023,HP_Peak,calibrated_delta,none,p0.3|n20,n_pred_nan,0.0,5,14
iter02b_ffnn,0,bstar_2023,HP_Peak,calibrated_delta,none,p0.3|n20,mape_n_excluded,0.0,5,14
iter02b_ffnn,0,bstar_2023,HP_Peak,calibrated_delta,none,p0.3|n40,rmse,26.02736698857105,5,16
iter02b_ffnn,0,bstar_2023,HP_Peak,calibrated_delta,none,p0.3|n40,mae,25.46323851898852,5,16
iter02b_ffnn,0,bstar_2023,HP_Peak,calibrated_delta,none,p0.3|n40,mape,24.948507147857445,5,16
iter02b_ffnn,0,bstar_2023,HP_Peak,calibrated_delta,none,p0.3|n40,r2,-31.151645855194992,5,16
iter02b_ffnn,0,bstar_2023,HP_Peak,calibrated_delta,none,p0.3|n40,n_pred_nan,0.0,5,16
iter02b_ffnn,0,bstar_2023,HP_Peak,calibrated_delta,none,p0.3|n40,mape_n_excluded,0.0,5,16
iter02b_ffnn,0,bstar_2023,HP_Peak,calibrated_delta,none,p0.5|n10,rmse,12.769477024639516,5,12
iter02b_ffnn,0,bstar_2023,HP_Peak,calibrated_delta,none,p0.5|n10,mae,11.315660154045776,5,12
iter02b_ffnn,0,bstar_2023,HP_Peak,calibrated_delta,none,p0.5|n10,mape,27.1490941964232,5,12
iter02b_ffnn,0,bstar_2023,HP_Peak,calibrated_delta,none,p0.5|n10,r2,-1.182358598339646,5,12
iter02b_ffnn,0,bstar_2023,HP_Peak,calibrated_delta,none,p0.5|n10,n_pred_nan,0.0,5,12
iter02b_ffnn,0,bstar_2023,HP_Peak,calibrated_delta,none,p0.5|n10,mape_n_excluded,0.0,5,12
iter02b_ffnn,0,bstar_2023,HP_Peak,calibrated_delta,none,p0.5|n20,rmse,21.625602309340845,5,16
iter02b_ffnn,0,bstar_2023,HP_Peak,calibrated_delta,none,p0.5|n20,mae,20.90758901577248,5,16
iter02b_ffnn,0,bstar_2023,HP_Peak,calibrated_delta,none,p0.5|n20,mape,23.980158805003484,5,16
iter02b_ffnn,0,bstar_2023,HP_Peak,calibrated_delta,none,p0.5|n20,r2,-24.568294256556467,5,16
iter02b_ffnn,0,bstar_2023,HP_Peak,calibrated_delta,none,p0.5|n20,n_pred_nan,0.0,5,16
iter02b_ffnn,0,bstar_2023,HP_Peak,calibrated_delta,none,p0.5|n20,mape_n_excluded,0.0,5,16
iter02b_ffnn,0,bstar_2023,HP_Peak,calibrated_delta,none,p1.0|n10,rmse,22.20503099786032,5,16
iter02b_ffnn,0,bstar_2023,HP_Peak,calibrated_delta,none,p1.0|n10,mae,21.432390759149197,5,16
iter02b_ffnn,0,bstar_2023,HP_Peak,calibrated_delta,none,p1.0|n10,mape,24.55279433288185,5,16
iter02b_ffnn,0,bstar_2023,HP_Peak,calibrated_delta,none,p1.0|n10,r2,-3.2896132019595115,5,16
iter02b_ffnn,0,bstar_2023,HP_Peak,calibrated_delta,none,p1.0|n10,n_pred_nan,0.0,5,16
iter02b_ffnn,0,bstar_2023,HP_Peak,calibrated_delta,none,p1.0|n10,mape_n_excluded,0.0,5,16
iter02b_ffnn,0,bstar_2023,HP_Peak,calibrated_delta,none,all,at_bound_share_train,0.0108695652173913,460,62
iter02b_ffnn,0,bstar_2023,HP_Peak,calibrated_delta,none,all,at_bound_share_test,0.0076923076923076,130,20
iter02b_ffnn,0,bstar_2023,HP_Peak,hdh,none,all,rmse,11.082997836681168,130,20
iter02b_ffnn,0,bstar_2023,HP_Peak,hdh,none,all,mae,8.022077217014871,130,20
iter02b_ffnn,0,bstar_2023,HP_Peak,hdh,none,all,mape,34.09303710461224,130,20
iter02b_ffnn,0,bstar_2023,HP_Peak,hdh,none,all,r2,0.8710794973909907,130,20
iter02b_ffnn,0,bstar_2023,HP_Peak,hdh,none,all,n_pred_nan,0.0,130,20
iter02b_ffnn,0,bstar_2023,HP_Peak,hdh,none,all,mape_n_excluded,0.0,130,20
iter02b_ffnn,0,bstar_2023,HP_Peak,hdh,none,p0.05|n10,rmse,2.0083867474263477,10,9
iter02b_ffnn,0,bstar_2023,HP_Peak,hdh,none,p0.05|n10,mae,1.6743970512149708,10,9
iter02b_ffnn,0,bstar_2023,HP_Peak,hdh,none,p0.05|n10,mape,31.43960134930797,10,9
iter02b_ffnn,0,bstar_2023,HP_Peak,hdh,none,p0.05|n10,r2,0.0532195635174089,10,9
iter02b_ffnn,0,bstar_2023,HP_Peak,hdh,none,p0.05|n10,n_pred_nan,0.0,10,9
iter02b_ffnn,0,bstar_2023,HP_Peak,hdh,none,p0.05|n10,mape_n_excluded,0.0,10,9
iter02b_ffnn,0,bstar_2023,HP_Peak,hdh,none,p0.05|n20,rmse,5.765013267333349,10,7
iter02b_ffnn,0,bstar_2023,HP_Peak,hdh,none,p0.05|n20,mae,3.8879494340467344,10,7
iter02b_ffnn,0,bstar_2023,HP_Peak,hdh,none,p0.05|n20,mape,69.4339515286152,10,7
iter02b_ffnn,0,bstar_2023,HP_Peak,hdh,none,p0.05|n20,r2,-3.441482653102046,10,7
iter02b_ffnn,0,bstar_2023,HP_Peak,hdh,none,p0.05|n20,n_pred_nan,0.0,10,7
iter02b_ffnn,0,bstar_2023,HP_Peak,hdh,none,p0.05|n20,mape_n_excluded,0.0,10,7
iter02b_ffnn,0,bstar_2023,HP_Peak,hdh,none,p0.05|n40,rmse,10.218719210690116,10,13
iter02b_ffnn,0,bstar_2023,HP_Peak,hdh,none,p0.05|n40,mae,7.339238396364972,10,13
iter02b_ffnn,0,bstar_2023,HP_Peak,hdh,none,p0.05|n40,mape,74.25046931223065,10,13
iter02b_ffnn,0,bstar_2023,HP_Peak,hdh,none,p0.05|n40,r2,-5.213577689679116,10,13
iter02b_ffnn,0,bstar_2023,HP_Peak,hdh,none,p0.05|n40,n_pred_nan,0.0,10,13
iter02b_ffnn,0,bstar_2023,HP_Peak,hdh,none,p0.05|n40,mape_n_excluded,0.0,10,13
iter02b_ffnn,0,bstar_2023,HP_Peak,hdh,none,p0.05|n80,rmse,9.354093530821164,5,12
iter02b_ffnn,0,bstar_2023,HP_Peak,hdh,none,p0.05|n80,mae,6.963747156664215,5,12
iter02b_ffnn,0,bstar_2023,HP_Peak,hdh,none,p0.05|n80,mape,29.24360279392714,5,12
iter02b_ffnn,0,bstar_2023,HP_Peak,hdh,none,p0.05|n80,r2,-0.2464065946878548,5,12
iter02b_ffnn,0,bstar_2023,HP_Peak,hdh,none,p0.05|n80,n_pred_nan,0.0,5,12
iter02b_ffnn,0,bstar_2023,HP_Peak,hdh,none,p0.05|n80,mape_n_excluded,0.0,5,12
iter02b_ffnn,0,bstar_2023,HP_Peak,hdh,none,p0.05|n120,rmse,18.26274892265941,5,15
iter02b_ffnn,0,bstar_2023,HP_Peak,hdh,none,p0.05|n120,mae,17.915428755977267,5,15
iter02b_ffnn,0,bstar_2023,HP_Peak,hdh,none,p0.05|n120,mape,42.1109441100534,5,15
iter02b_ffnn,0,bstar_2023,HP_Peak,hdh,none,p0.05|n120,r2,-5.172152373171252,5,15
iter02b_ffnn,0,bstar_2023,HP_Peak,hdh,none,p0.05|n120,n_pred_nan,0.0,5,15
iter02b_ffnn,0,bstar_2023,HP_Peak,hdh,none,p0.05|n120,mape_n_excluded,0.0,5,15
iter02b_ffnn,0,bstar_2023,HP_Peak,hdh,none,p0.1|n10,rmse,4.670845028489735,10,9
iter02b_ffnn,0,bstar_2023,HP_Peak,hdh,none,p0.1|n10,mae,3.9490434908814094,10,9
iter02b_ffnn,0,bstar_2023,HP_Peak,hdh,none,p0.1|n10,mape,52.03995619850193,10,9
iter02b_ffnn,0,bstar_2023,HP_Peak,hdh,none,p0.1|n10,r2,-1.9777466093926743,10,9
iter02b_ffnn,0,bstar_2023,HP_Peak,hdh,none,p0.1|n10,n_pred_nan,0.0,10,9
iter02b_ffnn,0,bstar_2023,HP_Peak,hdh,none,p0.1|n10,mape_n_excluded,0.0,10,9
iter02b_ffnn,0,bstar_2023,HP_Peak,hdh,none,p0.1|n20,rmse,6.435354000512138,10,12
iter02b_ffnn,0,bstar_2023,HP_Peak,hdh,none,p0.1|n20,mae,5.020186624887688,10,12
iter02b_ffnn,0,bstar_2023,HP_Peak,hdh,none,p0.1|n20,mape,34.43118922078451,10,12
iter02b_ffnn,0,bstar_2023,HP_Peak,hdh,none,p0.1|n20,r2,-0.0542465635727729,10,12
iter02b_ffnn,0,bstar_2023,HP_Peak,hdh,none,p0.1|n20,n_pred_nan,0.0,10,12
iter02b_ffnn,0,bstar_2023,HP_Peak,hdh,none,p0.1|n20,mape_n_excluded,0.0,10,12
iter02b_ffnn,0,bstar_2023,HP_Peak,hdh,none,p0.1|n40,rmse,7.4799200003607,5,12
iter02b_ffnn,0,bstar_2023,HP_Peak,hdh,none,p0.1|n40,mae,5.852346761812941,5,12
iter02b_ffnn,0,bstar_2023,HP_Peak,hdh,none,p0.1|n40,mape,19.792711236665603,5,12
iter02b_ffnn,0,bstar_2023,HP_Peak,hdh,none,p0.1|n40,r2,0.5113100473363931,5,12
iter02b_ffnn,0,bstar_2023,HP_Peak,hdh,none,p0.1|n40,n_pred_nan,0.0,5,12
iter02b_ffnn,0,bstar_2023,HP_Peak,hdh,none,p0.1|n40,mape_n_excluded,0.0,5,12
iter02b_ffnn,0,bstar_2023,HP_Peak,hdh,none,p0.1|n80,rmse,6.79642285075625,5,16
iter02b_ffnn,0,bstar_2023,HP_Peak,hdh,none,p0.1|n80,mae,5.778902110876674,5,16
iter02b_ffnn,0,bstar_2023,HP_Peak,hdh,none,p0.1|n80,mape,8.401856077565363,5,16
iter02b_ffnn,0,bstar_2023,HP_Peak,hdh,none,p0.1|n80,r2,0.5446244186014902,5,16
iter02b_ffnn,0,bstar_2023,HP_Peak,hdh,none,p0.1|n80,n_pred_nan,0.0,5,16
iter02b_ffnn,0,bstar_2023,HP_Peak,hdh,none,p0.1|n80,mape_n_excluded,0.0,5,16
iter02b_ffnn,0,bstar_2023,HP_Peak,hdh,none,p0.1|n120,rmse,9.81441789486877,5,16
iter02b_ffnn,0,bstar_2023,HP_Peak,hdh,none,p0.1|n120,mae,7.530261810201506,5,16
iter02b_ffnn,0,bstar_2023,HP_Peak,hdh,none,p0.1|n120,mape,7.913614129995058,5,16
iter02b_ffnn,0,bstar_2023,HP_Peak,hdh,none,p0.1|n120,r2,-0.3879700358814339,5,16
iter02b_ffnn,0,bstar_2023,HP_Peak,hdh,none,p0.1|n120,n_pred_nan,0.0,5,16
iter02b_ffnn,0,bstar_2023,HP_Peak,hdh,none,p0.1|n120,mape_n_excluded,0.0,5,16
iter02b_ffnn,0,bstar_2023,HP_Peak,hdh,none,p0.2|n10,rmse,5.668579999375108,10,12
iter02b_ffnn,0,bstar_2023,HP_Peak,hdh,none,p0.2|n10,mae,4.888940514478001,10,12
iter02b_ffnn,0,bstar_2023,HP_Peak,hdh,none,p0.2|n10,mape,34.48317048710835,10,12
iter02b_ffnn,0,bstar_2023,HP_Peak,hdh,none,p0.2|n10,r2,-2.8101270759339543,10,12
iter02b_ffnn,0,bstar_2023,HP_Peak,hdh,none,p0.2|n10,n_pred_nan,0.0,10,12
iter02b_ffnn,0,bstar_2023,HP_Peak,hdh,none,p0.2|n10,mape_n_excluded,0.0,10,12
iter02b_ffnn,0,bstar_2023,HP_Peak,hdh,none,p0.2|n20,rmse,5.126316129940177,5,13
iter02b_ffnn,0,bstar_2023,HP_Peak,hdh,none,p0.2|n20,mae,4.36581169970888,5,13
iter02b_ffnn,0,bstar_2023,HP_Peak,hdh,none,p0.2|n20,mape,14.96290360136092,5,13
iter02b_ffnn,0,bstar_2023,HP_Peak,hdh,none,p0.2|n20,r2,-1.2849478888441457,5,13
iter02b_ffnn,0,bstar_2023,HP_Peak,hdh,none,p0.2|n20,n_pred_nan,0.0,5,13
iter02b_ffnn,0,bstar_2023,HP_Peak,hdh,none,p0.2|n20,mape_n_excluded,0.0,5,13
iter02b_ffnn,0,bstar_2023,HP_Peak,hdh,none,p0.2|n40,rmse,10.50182461022105,5,16
iter02b_ffnn,0,bstar_2023,HP_Peak,hdh,none,p0.2|n40,mae,10.08429040249958,5,16
iter02b_ffnn,0,bstar_2023,HP_Peak,hdh,none,p0.2|n40,mape,14.890822526368876,5,16
iter02b_ffnn,0,bstar_2023,HP_Peak,hdh,none,p0.2|n40,r2,-4.985836541923716,5,16
iter02b_ffnn,0,bstar_2023,HP_Peak,hdh,none,p0.2|n40,n_pred_nan,0.0,5,16
iter02b_ffnn,0,bstar_2023,HP_Peak,hdh,none,p0.2|n40,mape_n_excluded,0.0,5,16
iter02b_ffnn,0,bstar_2023,HP_Peak,hdh,none,p0.3|n10,rmse,3.633885921084989,10,14
iter02b_ffnn,0,bstar_2023,HP_Peak,hdh,none,p0.3|n10,mae,3.31822276947931,10,14
iter02b_ffnn,0,bstar_2023,HP_Peak,hdh,none,p0.3|n10,mape,16.378996923361306,10,14
iter02b_ffnn,0,bstar_2023,HP_Peak,hdh,none,p0.3|n10,r2,-0.4726068883289014,10,14
iter02b_ffnn,0,bstar_2023,HP_Peak,hdh,none,p0.3|n10,n_pred_nan,0.0,10,14
iter02b_ffnn,0,bstar_2023,HP_Peak,hdh,none,p0.3|n10,mape_n_excluded,0.0,10,14
iter02b_ffnn,0,bstar_2023,HP_Peak,hdh,none,p0.3|n20,rmse,10.447742334765678,5,14
iter02b_ffnn,0,bstar_2023,HP_Peak,hdh,none,p0.3|n20,mae,10.050116049110956,5,14
iter02b_ffnn,0,bstar_2023,HP_Peak,hdh,none,p0.3|n20,mape,21.669341478720945,5,14
iter02b_ffnn,0,bstar_2023,HP_Peak,hdh,none,p0.3|n20,r2,0.043860462905617,5,14
iter02b_ffnn,0,bstar_2023,HP_Peak,hdh,none,p0.3|n20,n_pred_nan,0.0,5,14
iter02b_ffnn,0,bstar_2023,HP_Peak,hdh,none,p0.3|n20,mape_n_excluded,0.0,5,14
iter02b_ffnn,0,bstar_2023,HP_Peak,hdh,none,p0.3|n40,rmse,26.035302102372185,5,16
iter02b_ffnn,0,bstar_2023,HP_Peak,hdh,none,p0.3|n40,mae,25.429395055172314,5,16
iter02b_ffnn,0,bstar_2023,HP_Peak,hdh,none,p0.3|n40,mape,24.9221721266104,5,16
iter02b_ffnn,0,bstar_2023,HP_Peak,hdh,none,p0.3|n40,r2,-31.17125335985605,5,16
iter02b_ffnn,0,bstar_2023,HP_Peak,hdh,none,p0.3|n40,n_pred_nan,0.0,5,16
iter02b_ffnn,0,bstar_2023,HP_Peak,hdh,none,p0.3|n40,mape_n_excluded,0.0,5,16
iter02b_ffnn,0,bstar_2023,HP_Peak,hdh,none,p0.5|n10,rmse,13.4996471870274,5,12
iter02b_ffnn,0,bstar_2023,HP_Peak,hdh,none,p0.5|n10,mae,11.958971056195344,5,12
iter02b_ffnn,0,bstar_2023,HP_Peak,hdh,none,p0.5|n10,mape,28.86016322774904,5,12
iter02b_ffnn,0,bstar_2023,HP_Peak,hdh,none,p0.5|n10,r2,-1.4390726067594857,5,12
iter02b_ffnn,0,bstar_2023,HP_Peak,hdh,none,p0.5|n10,n_pred_nan,0.0,5,12
iter02b_ffnn,0,bstar_2023,HP_Peak,hdh,none,p0.5|n10,mape_n_excluded,0.0,5,12
iter02b_ffnn,0,bstar_2023,HP_Peak,hdh,none,p0.5|n20,rmse,21.708648509330203,5,16
iter02b_ffnn,0,bstar_2023,HP_Peak,hdh,none,p0.5|n20,mae,20.94647919050646,5,16
iter02b_ffnn,0,bstar_2023,HP_Peak,hdh,none,p0.5|n20,mape,24.031927908129585,5,16
iter02b_ffnn,0,bstar_2023,HP_Peak,hdh,none,p0.5|n20,r2,-24.7650450031946,5,16
iter02b_ffnn,0,bstar_2023,HP_Peak,hdh,none,p0.5|n20,n_pred_nan,0.0,5,16
iter02b_ffnn,0,bstar_2023,HP_Peak,hdh,none,p0.5|n20,mape_n_excluded,0.0,5,16
iter02b_ffnn,0,bstar_2023,HP_Peak,hdh,none,p1.0|n10,rmse,22.2840390128428,5,16
iter02b_ffnn,0,bstar_2023,HP_Peak,hdh,none,p1.0|n10,mae,21.54230103095436,5,16
iter02b_ffnn,0,bstar_2023,HP_Peak,hdh,none,p1.0|n10,mape,24.70423546295199,5,16
iter02b_ffnn,0,bstar_2023,HP_Peak,hdh,none,p1.0|n10,r2,-3.3201933683232605,5,16
iter02b_ffnn,0,bstar_2023,HP_Peak,hdh,none,p1.0|n10,n_pred_nan,0.0,5,16
iter02b_ffnn,0,bstar_2023,HP_Peak,hdh,none,p1.0|n10,mape_n_excluded,0.0,5,16
iter02b_ffnn,0,bstar_2023,HP_Peak,FFNN,none,all,rmse,16.99345816380849,130,20
iter02b_ffnn,0,bstar_2023,HP_Peak,FFNN,none,all,mae,12.83001272142615,130,20
iter02b_ffnn,0,bstar_2023,HP_Peak,FFNN,none,all,mape,60.94229249828987,130,20
iter02b_ffnn,0,bstar_2023,HP_Peak,FFNN,none,all,r2,0.6969104057017468,130,20
iter02b_ffnn,0,bstar_2023,HP_Peak,FFNN,none,all,n_pred_nan,0.0,130,20
iter02b_ffnn,0,bstar_2023,HP_Peak,FFNN,none,all,mape_n_excluded,0.0,130,20
iter02b_ffnn,0,bstar_2023,HP_Peak,FFNN,none,p0.05|n10,rmse,3.949292641298323,10,9
iter02b_ffnn,0,bstar_2023,HP_Peak,FFNN,none,p0.05|n10,mae,2.853834186886521,10,9
iter02b_ffnn,0,bstar_2023,HP_Peak,FFNN,none,p0.05|n10,mape,66.89778456202497,10,9
iter02b_ffnn,0,bstar_2023,HP_Peak,FFNN,none,p0.05|n10,r2,-2.6609450773940884,10,9
iter02b_ffnn,0,bstar_2023,HP_Peak,FFNN,none,p0.05|n10,n_pred_nan,0.0,10,9
iter02b_ffnn,0,bstar_2023,HP_Peak,FFNN,none,p0.05|n10,mape_n_excluded,0.0,10,9
iter02b_ffnn,0,bstar_2023,HP_Peak,FFNN,none,p0.05|n20,rmse,14.191555358817348,10,7
iter02b_ffnn,0,bstar_2023,HP_Peak,FFNN,none,p0.05|n20,mae,12.75243598458385,10,7
iter02b_ffnn,0,bstar_2023,HP_Peak,FFNN,none,p0.05|n20,mape,225.01182222491565,10,7
iter02b_ffnn,0,bstar_2023,HP_Peak,FFNN,none,p0.05|n20,r2,-25.91456340847673,10,7
iter02b_ffnn,0,bstar_2023,HP_Peak,FFNN,none,p0.05|n20,n_pred_nan,0.0,10,7
iter02b_ffnn,0,bstar_2023,HP_Peak,FFNN,none,p0.05|n20,mape_n_excluded,0.0,10,7
iter02b_ffnn,0,bstar_2023,HP_Peak,FFNN,none,p0.05|n40,rmse,10.701334955069465,10,13
iter02b_ffnn,0,bstar_2023,HP_Peak,FFNN,none,p0.05|n40,mae,9.578686945531208,10,13
iter02b_ffnn,0,bstar_2023,HP_Peak,FFNN,none,p0.05|n40,mape,89.41625769741451,10,13
iter02b_ffnn,0,bstar_2023,HP_Peak,FFNN,none,p0.05|n40,r2,-5.814354404368801,10,13
iter02b_ffnn,0,bstar_2023,HP_Peak,FFNN,none,p0.05|n40,n_pred_nan,0.0,10,13
iter02b_ffnn,0,bstar_2023,HP_Peak,FFNN,none,p0.05|n40,mape_n_excluded,0.0,10,13
iter02b_ffnn,0,bstar_2023,HP_Peak,FFNN,none,p0.05|n80,rmse,9.65241969915485,5,12
iter02b_ffnn,0,bstar_2023,HP_Peak,FFNN,none,p0.05|n80,mae,9.349472350950988,5,12
iter02b_ffnn,0,bstar_2023,HP_Peak,FFNN,none,p0.05|n80,mape,29.76493673487843,5,12
iter02b_ffnn,0,bstar_2023,HP_Peak,FFNN,none,p0.05|n80,r2,-0.3271766024151574,5,12
iter02b_ffnn,0,bstar_2023,HP_Peak,FFNN,none,p0.05|n80,n_pred_nan,0.0,5,12
iter02b_ffnn,0,bstar_2023,HP_Peak,FFNN,none,p0.05|n80,mape_n_excluded,0.0,5,12
iter02b_ffnn,0,bstar_2023,HP_Peak,FFNN,none,p0.05|n120,rmse,8.609334592150717,5,15
iter02b_ffnn,0,bstar_2023,HP_Peak,FFNN,none,p0.05|n120,mae,6.20106345876159,5,15
iter02b_ffnn,0,bstar_2023,HP_Peak,FFNN,none,p0.05|n120,mape,15.89083066752172,5,15
iter02b_ffnn,0,bstar_2023,HP_Peak,FFNN,none,p0.05|n120,r2,-0.3716506548531519,5,15
iter02b_ffnn,0,bstar_2023,HP_Peak,FFNN,none,p0.05|n120,n_pred_nan,0.0,5,15
iter02b_ffnn,0,bstar_2023,HP_Peak,FFNN,none,p0.05|n120,mape_n_excluded,0.0,5,15
iter02b_ffnn,0,bstar_2023,HP_Peak,FFNN,none,p0.1|n10,rmse,6.313690782225552,10,9
iter02b_ffnn,0,bstar_2023,HP_Peak,FFNN,none,p0.1|n10,mae,4.605833947612084,10,9
iter02b_ffnn,0,bstar_2023,HP_Peak,FFNN,none,p0.1|n10,mape,71.69970827799396,10,9
iter02b_ffnn,0,bstar_2023,HP_Peak,FFNN,none,p0.1|n10,r2,-4.440808477961377,10,9
iter02b_ffnn,0,bstar_2023,HP_Peak,FFNN,none,p0.1|n10,n_pred_nan,0.0,10,9
iter02b_ffnn,0,bstar_2023,HP_Peak,FFNN,none,p0.1|n10,mape_n_excluded,0.0,10,9
iter02b_ffnn,0,bstar_2023,HP_Peak,FFNN,none,p0.1|n20,rmse,8.950410561499112,10,12
iter02b_ffnn,0,bstar_2023,HP_Peak,FFNN,none,p0.1|n20,mae,8.188899445247511,10,12
iter02b_ffnn,0,bstar_2023,HP_Peak,FFNN,none,p0.1|n20,mape,60.221285560894366,10,12
iter02b_ffnn,0,bstar_2023,HP_Peak,FFNN,none,p0.1|n20,r2,-1.0393098862348684,10,12
iter02b_ffnn,0,bstar_2023,HP_Peak,FFNN,none,p0.1|n20,n_pred_nan,0.0,10,12
iter02b_ffnn,0,bstar_2023,HP_Peak,FFNN,none,p0.1|n20,mape_n_excluded,0.0,10,12
iter02b_ffnn,0,bstar_2023,HP_Peak,FFNN,none,p0.1|n40,rmse,10.670451302045668,5,12
iter02b_ffnn,0,bstar_2023,HP_Peak,FFNN,none,p0.1|n40,mae,7.6862147049851615,5,12
iter02b_ffnn,0,bstar_2023,HP_Peak,FFNN,none,p0.1|n40,mape,26.904217728947177,5,12
iter02b_ffnn,0,bstar_2023,HP_Peak,FFNN,none,p0.1|n40,r2,0.0054993292953382,5,12
iter02b_ffnn,0,bstar_2023,HP_Peak,FFNN,none,p0.1|n40,n_pred_nan,0.0,5,12
iter02b_ffnn,0,bstar_2023,HP_Peak,FFNN,none,p0.1|n40,mape_n_excluded,0.0,5,12
iter02b_ffnn,0,bstar_2023,HP_Peak,FFNN,none,p0.1|n80,rmse,24.090096035672136,5,16
iter02b_ffnn,0,bstar_2023,HP_Peak,FFNN,none,p0.1|n80,mae,22.80480120287266,5,16
iter02b_ffnn,0,bstar_2023,HP_Peak,FFNN,none,p0.1|n80,mape,35.71358855279055,5,16
iter02b_ffnn,0,bstar_2023,HP_Peak,FFNN,none,p0.1|n80,r2,-4.721185359392955,5,16
iter02b_ffnn,0,bstar_2023,HP_Peak,FFNN,none,p0.1|n80,n_pred_nan,0.0,5,16
iter02b_ffnn,0,bstar_2023,HP_Peak,FFNN,none,p0.1|n80,mape_n_excluded,0.0,5,16
iter02b_ffnn,0,bstar_2023,HP_Peak,FFNN,none,p0.1|n120,rmse,32.60760020551838,5,16
iter02b_ffnn,0,bstar_2023,HP_Peak,FFNN,none,p0.1|n120,mae,30.747878957739037,5,16
iter02b_ffnn,0,bstar_2023,HP_Peak,FFNN,none,p0.1|n120,mape,32.70917637149673,5,16
iter02b_ffnn,0,bstar_2023,HP_Peak,FFNN,none,p0.1|n120,r2,-14.32105505898244,5,16
iter02b_ffnn,0,bstar_2023,HP_Peak,FFNN,none,p0.1|n120,n_pred_nan,0.0,5,16
iter02b_ffnn,0,bstar_2023,HP_Peak,FFNN,none,p0.1|n120,mape_n_excluded,0.0,5,16
iter02b_ffnn,0,bstar_2023,HP_Peak,FFNN,none,p0.2|n10,rmse,6.93204147871737,10,12
iter02b_ffnn,0,bstar_2023,HP_Peak,FFNN,none,p0.2|n10,mae,5.79905500948846,10,12
iter02b_ffnn,0,bstar_2023,HP_Peak,FFNN,none,p0.2|n10,mape,43.25009870272808,10,12
iter02b_ffnn,0,bstar_2023,HP_Peak,FFNN,none,p0.2|n10,r2,-4.697878782399982,10,12
iter02b_ffnn,0,bstar_2023,HP_Peak,FFNN,none,p0.2|n10,n_pred_nan,0.0,10,12
iter02b_ffnn,0,bstar_2023,HP_Peak,FFNN,none,p0.2|n10,mape_n_excluded,0.0,10,12
iter02b_ffnn,0,bstar_2023,HP_Peak,FFNN,none,p0.2|n20,rmse,11.949832282587655,5,13
iter02b_ffnn,0,bstar_2023,HP_Peak,FFNN,none,p0.2|n20,mae,10.106472644213165,5,13
iter02b_ffnn,0,bstar_2023,HP_Peak,FFNN,none,p0.2|n20,mape,36.81985274256904,5,13
iter02b_ffnn,0,bstar_2023,HP_Peak,FFNN,none,p0.2|n20,r2,-11.416212883966734,5,13
iter02b_ffnn,0,bstar_2023,HP_Peak,FFNN,none,p0.2|n20,n_pred_nan,0.0,5,13
iter02b_ffnn,0,bstar_2023,HP_Peak,FFNN,none,p0.2|n20,mape_n_excluded,0.0,5,13
iter02b_ffnn,0,bstar_2023,HP_Peak,FFNN,none,p0.2|n40,rmse,19.51039865451024,5,16
iter02b_ffnn,0,bstar_2023,HP_Peak,FFNN,none,p0.2|n40,mae,17.127047748748403,5,16
iter02b_ffnn,0,bstar_2023,HP_Peak,FFNN,none,p0.2|n40,mape,25.99148103491084,5,16
iter02b_ffnn,0,bstar_2023,HP_Peak,FFNN,none,p0.2|n40,r2,-19.659871603405225,5,16
iter02b_ffnn,0,bstar_2023,HP_Peak,FFNN,none,p0.2|n40,n_pred_nan,0.0,5,16
iter02b_ffnn,0,bstar_2023,HP_Peak,FFNN,none,p0.2|n40,mape_n_excluded,0.0,5,16
iter02b_ffnn,0,bstar_2023,HP_Peak,FFNN,none,p0.3|n10,rmse,9.956407971076109,10,14
iter02b_ffnn,0,bstar_2023,HP_Peak,FFNN,none,p0.3|n10,mae,7.996568840930259,10,14
iter02b_ffnn,0,bstar_2023,HP_Peak,FFNN,none,p0.3|n10,mape,40.74579503832469,10,14
iter02b_ffnn,0,bstar_2023,HP_Peak,FFNN,none,p0.3|n10,r2,-10.054767589809131,10,14
iter02b_ffnn,0,bstar_2023,HP_Peak,FFNN,none,p0.3|n10,n_pred_nan,0.0,10,14
iter02b_ffnn,0,bstar_2023,HP_Peak,FFNN,none,p0.3|n10,mape_n_excluded,0.0,10,14
iter02b_ffnn,0,bstar_2023,HP_Peak,FFNN,none,p0.3|n20,rmse,24.119418558197623,5,14
iter02b_ffnn,0,bstar_2023,HP_Peak,FFNN,none,p0.3|n20,mae,23.651910678002757,5,14
iter02b_ffnn,0,bstar_2023,HP_Peak,FFNN,none,p0.3|n20,mape,51.75174061358977,5,14
iter02b_ffnn,0,bstar_2023,HP_Peak,FFNN,none,p0.3|n20,r2,-4.095772591324391,5,14
iter02b_ffnn,0,bstar_2023,HP_Peak,FFNN,none,p0.3|n20,n_pred_nan,0.0,5,14
iter02b_ffnn,0,bstar_2023,HP_Peak,FFNN,none,p0.3|n20,mape_n_excluded,0.0,5,14
iter02b_ffnn,0,bstar_2023,HP_Peak,FFNN,none,p0.3|n40,rmse,31.69772019248009,5,16
iter02b_ffnn,0,bstar_2023,HP_Peak,FFNN,none,p0.3|n40,mae,30.173216449422785,5,16
iter02b_ffnn,0,bstar_2023,HP_Peak,FFNN,none,p0.3|n40,mape,29.37416368733415,5,16
iter02b_ffnn,0,bstar_2023,HP_Peak,FFNN,none,p0.3|n40,r2,-46.68686726852261,5,16
iter02b_ffnn,0,bstar_2023,HP_Peak,FFNN,none,p0.3|n40,n_pred_nan,0.0,5,16
iter02b_ffnn,0,bstar_2023,HP_Peak,FFNN,none,p0.3|n40,mape_n_excluded,0.0,5,16
iter02b_ffnn,0,bstar_2023,HP_Peak,FFNN,none,p0.5|n10,rmse,15.497916516165343,5,12
iter02b_ffnn,0,bstar_2023,HP_Peak,FFNN,none,p0.5|n10,mae,12.76836429905502,5,12
iter02b_ffnn,0,bstar_2023,HP_Peak,FFNN,none,p0.5|n10,mape,34.16624253440032,5,12
iter02b_ffnn,0,bstar_2023,HP_Peak,FFNN,none,p0.5|n10,r2,-2.214596934064889,5,12
iter02b_ffnn,0,bstar_2023,HP_Peak,FFNN,none,p0.5|n10,n_pred_nan,0.0,5,12
iter02b_ffnn,0,bstar_2023,HP_Peak,FFNN,none,p0.5|n10,mape_n_excluded,0.0,5,12
iter02b_ffnn,0,bstar_2023,HP_Peak,FFNN,none,p0.5|n20,rmse,30.011164413562454,5,16
iter02b_ffnn,0,bstar_2023,HP_Peak,FFNN,none,p0.5|n20,mae,27.542938240393177,5,16
iter02b_ffnn,0,bstar_2023,HP_Peak,FFNN,none,p0.5|n20,mape,32.043518466773946,5,16
iter02b_ffnn,0,bstar_2023,HP_Peak,FFNN,none,p0.5|n20,r2,-48.241471624215286,5,16
iter02b_ffnn,0,bstar_2023,HP_Peak,FFNN,none,p0.5|n20,n_pred_nan,0.0,5,16
iter02b_ffnn,0,bstar_2023,HP_Peak,FFNN,none,p0.5|n20,mape_n_excluded,0.0,5,16
iter02b_ffnn,0,bstar_2023,HP_Peak,FFNN,none,p1.0|n10,rmse,33.69476238579169,5,16
iter02b_ffnn,0,bstar_2023,HP_Peak,FFNN,none,p1.0|n10,mae,31.87032130137537,5,16
iter02b_ffnn,0,bstar_2023,HP_Peak,FFNN,none,p1.0|n10,mape,38.884351691731645,5,16
iter02b_ffnn,0,bstar_2023,HP_Peak,FFNN,none,p1.0|n10,r2,-8.87734360407849,5,16
iter02b_ffnn,0,bstar_2023,HP_Peak,FFNN,none,p1.0|n10,n_pred_nan,0.0,5,16
iter02b_ffnn,0,bstar_2023,HP_Peak,FFNN,none,p1.0|n10,mape_n_excluded,0.0,5,16
iter02b_ffnn,0,bstar_2023,HP_Peak,FFNN,size_peak,all,rmse,20.259897655193363,130,20
iter02b_ffnn,0,bstar_2023,HP_Peak,FFNN,size_peak,all,mae,15.514858391951485,130,20
iter02b_ffnn,0,bstar_2023,HP_Peak,FFNN,size_peak,all,mape,63.009274232035416,130,20
iter02b_ffnn,0,bstar_2023,HP_Peak,FFNN,size_peak,all,r2,0.5691937578597392,130,20
iter02b_ffnn,0,bstar_2023,HP_Peak,FFNN,size_peak,all,n_pred_nan,0.0,130,20
iter02b_ffnn,0,bstar_2023,HP_Peak,FFNN,size_peak,all,mape_n_excluded,0.0,130,20
iter02b_ffnn,0,bstar_2023,HP_Peak,FFNN,size_peak,p0.05|n10,rmse,6.14171440588571,10,9
iter02b_ffnn,0,bstar_2023,HP_Peak,FFNN,size_peak,p0.05|n10,mae,5.482317833365594,10,9
iter02b_ffnn,0,bstar_2023,HP_Peak,FFNN,size_peak,p0.05|n10,mape,96.39585046934008,10,9
iter02b_ffnn,0,bstar_2023,HP_Peak,FFNN,size_peak,p0.05|n10,r2,-7.853883773932727,10,9
iter02b_ffnn,0,bstar_2023,HP_Peak,FFNN,size_peak,p0.05|n10,n_pred_nan,0.0,10,9
iter02b_ffnn,0,bstar_2023,HP_Peak,FFNN,size_peak,p0.05|n10,mape_n_excluded,0.0,10,9
iter02b_ffnn,0,bstar_2023,HP_Peak,FFNN,size_peak,p0.05|n20,rmse,9.15940095525314,10,7
iter02b_ffnn,0,bstar_2023,HP_Peak,FFNN,size_peak,p0.05|n20,mae,7.549027916552438,10,7
iter02b_ffnn,0,bstar_2023,HP_Peak,FFNN,size_peak,p0.05|n20,mape,125.63751612666614,10,7
iter02b_ffnn,0,bstar_2023,HP_Peak,FFNN,size_peak,p0.05|n20,r2,-10.211442389781984,10,7
iter02b_ffnn,0,bstar_2023,HP_Peak,FFNN,size_peak,p0.05|n20,n_pred_nan,0.0,10,7
iter02b_ffnn,0,bstar_2023,HP_Peak,FFNN,size_peak,p0.05|n20,mape_n_excluded,0.0,10,7
iter02b_ffnn,0,bstar_2023,HP_Peak,FFNN,size_peak,p0.05|n40,rmse,9.706164080973464,10,13
iter02b_ffnn,0,bstar_2023,HP_Peak,FFNN,size_peak,p0.05|n40,mae,8.364145922480876,10,13
iter02b_ffnn,0,bstar_2023,HP_Peak,FFNN,size_peak,p0.05|n40,mape,74.64386885480411,10,13
iter02b_ffnn,0,bstar_2023,HP_Peak,FFNN,size_peak,p0.05|n40,r2,-4.605883377145755,10,13
iter02b_ffnn,0,bstar_2023,HP_Peak,FFNN,size_peak,p0.05|n40,n_pred_nan,0.0,10,13
iter02b_ffnn,0,bstar_2023,HP_Peak,FFNN,size_peak,p0.05|n40,mape_n_excluded,0.0,10,13
iter02b_ffnn,0,bstar_2023,HP_Peak,FFNN,size_peak,p0.05|n80,rmse,17.342264175447113,5,12
iter02b_ffnn,0,bstar_2023,HP_Peak,FFNN,size_peak,p0.05|n80,mae,15.631386366672023,5,12
iter02b_ffnn,0,bstar_2023,HP_Peak,FFNN,size_peak,p0.05|n80,mape,44.02449126782758,5,12
iter02b_ffnn,0,bstar_2023,HP_Peak,FFNN,size_peak,p0.05|n80,r2,-3.2841820490434417,5,12
iter02b_ffnn,0,bstar_2023,HP_Peak,FFNN,size_peak,p0.05|n80,n_pred_nan,0.0,5,12
iter02b_ffnn,0,bstar_2023,HP_Peak,FFNN,size_peak,p0.05|n80,mape_n_excluded,0.0,5,12
iter02b_ffnn,0,bstar_2023,HP_Peak,FFNN,size_peak,p0.05|n120,rmse,10.80146307856774,5,15
iter02b_ffnn,0,bstar_2023,HP_Peak,FFNN,size_peak,p0.05|n120,mae,8.997863062945315,5,15
iter02b_ffnn,0,bstar_2023,HP_Peak,FFNN,size_peak,p0.05|n120,mape,20.504732747617695,5,15
iter02b_ffnn,0,bstar_2023,HP_Peak,FFNN,size_peak,p0.05|n120,r2,-1.1590838709381988,5,15
iter02b_ffnn,0,bstar_2023,HP_Peak,FFNN,size_peak,p0.05|n120,n_pred_nan,0.0,5,15
iter02b_ffnn,0,bstar_2023,HP_Peak,FFNN,size_peak,p0.05|n120,mape_n_excluded,0.0,5,15
iter02b_ffnn,0,bstar_2023,HP_Peak,FFNN,size_peak,p0.1|n10,rmse,8.660710773843654,10,9
iter02b_ffnn,0,bstar_2023,HP_Peak,FFNN,size_peak,p0.1|n10,mae,7.537657846155331,10,9
iter02b_ffnn,0,bstar_2023,HP_Peak,FFNN,size_peak,p0.1|n10,mape,95.9505553208988,10,9
iter02b_ffnn,0,bstar_2023,HP_Peak,FFNN,size_peak,p0.1|n10,r2,-9.237735221290617,10,9
iter02b_ffnn,0,bstar_2023,HP_Peak,FFNN,size_peak,p0.1|n10,n_pred_nan,0.0,10,9
iter02b_ffnn,0,bstar_2023,HP_Peak,FFNN,size_peak,p0.1|n10,mape_n_excluded,0.0,10,9
iter02b_ffnn,0,bstar_2023,HP_Peak,FFNN,size_peak,p0.1|n20,rmse,11.560537844778633,10,12
iter02b_ffnn,0,bstar_2023,HP_Peak,FFNN,size_peak,p0.1|n20,mae,10.34838201935059,10,12
iter02b_ffnn,0,bstar_2023,HP_Peak,FFNN,size_peak,p0.1|n20,mape,71.3478527431859,10,12
iter02b_ffnn,0,bstar_2023,HP_Peak,FFNN,size_peak,p0.1|n20,r2,-2.402149468744322,10,12
iter02b_ffnn,0,bstar_2023,HP_Peak,FFNN,size_peak,p0.1|n20,n_pred_nan,0.0,10,12
iter02b_ffnn,0,bstar_2023,HP_Peak,FFNN,size_peak,p0.1|n20,mape_n_excluded,0.0,10,12
iter02b_ffnn,0,bstar_2023,HP_Peak,FFNN,size_peak,p0.1|n40,rmse,13.791902043758537,5,12
iter02b_ffnn,0,bstar_2023,HP_Peak,FFNN,size_peak,p0.1|n40,mae,12.562379356732368,5,12
iter02b_ffnn,0,bstar_2023,HP_Peak,FFNN,size_peak,p0.1|n40,mape,48.686428704481045,5,12
iter02b_ffnn,0,bstar_2023,HP_Peak,FFNN,size_peak,p0.1|n40,r2,-0.6614521268553974,5,12
iter02b_ffnn,0,bstar_2023,HP_Peak,FFNN,size_peak,p0.1|n40,n_pred_nan,0.0,5,12
iter02b_ffnn,0,bstar_2023,HP_Peak,FFNN,size_peak,p0.1|n40,mape_n_excluded,0.0,5,12
iter02b_ffnn,0,bstar_2023,HP_Peak,FFNN,size_peak,p0.1|n80,rmse,29.144680829235103,5,16
iter02b_ffnn,0,bstar_2023,HP_Peak,FFNN,size_peak,p0.1|n80,mae,27.91546423143321,5,16
iter02b_ffnn,0,bstar_2023,HP_Peak,FFNN,size_peak,p0.1|n80,mape,42.37491379944931,5,16
iter02b_ffnn,0,bstar_2023,HP_Peak,FFNN,size_peak,p0.1|n80,r2,-7.37389600634113,5,16
iter02b_ffnn,0,bstar_2023,HP_Peak,FFNN,size_peak,p0.1|n80,n_pred_nan,0.0,5,16
iter02b_ffnn,0,bstar_2023,HP_Peak,FFNN,size_peak,p0.1|n80,mape_n_excluded,0.0,5,16
iter02b_ffnn,0,bstar_2023,HP_Peak,FFNN,size_peak,p0.1|n120,rmse,30.171762418429765,5,16
iter02b_ffnn,0,bstar_2023,HP_Peak,FFNN,size_peak,p0.1|n120,mae,28.19197187599052,5,16
iter02b_ffnn,0,bstar_2023,HP_Peak,FFNN,size_peak,p0.1|n120,mape,30.101810380752063,5,16
iter02b_ffnn,0,bstar_2023,HP_Peak,FFNN,size_peak,p0.1|n120,r2,-12.11753877806244,5,16
iter02b_ffnn,0,bstar_2023,HP_Peak,FFNN,size_peak,p0.1|n120,n_pred_nan,0.0,5,16
iter02b_ffnn,0,bstar_2023,HP_Peak,FFNN,size_peak,p0.1|n120,mape_n_excluded,0.0,5,16
iter02b_ffnn,0,bstar_2023,HP_Peak,FFNN,size_peak,p0.2|n10,rmse,10.449640097299282,10,12
iter02b_ffnn,0,bstar_2023,HP_Peak,FFNN,size_peak,p0.2|n10,mae,7.936781278291221,10,12
iter02b_ffnn,0,bstar_2023,HP_Peak,FFNN,size_peak,p0.2|n10,mape,54.88892781132181,10,12
iter02b_ffnn,0,bstar_2023,HP_Peak,FFNN,size_peak,p0.2|n10,r2,-11.94772796310171,10,12
iter02b_ffnn,0,bstar_2023,HP_Peak,FFNN,size_peak,p0.2|n10,n_pred_nan,0.0,10,12
iter02b_ffnn,0,bstar_2023,HP_Peak,FFNN,size_peak,p0.2|n10,mape_n_excluded,0.0,10,12
iter02b_ffnn,0,bstar_2023,HP_Peak,FFNN,size_peak,p0.2|n20,rmse,18.951285462054194,5,13
iter02b_ffnn,0,bstar_2023,HP_Peak,FFNN,size_peak,p0.2|n20,mae,16.026680080092298,5,13
iter02b_ffnn,0,bstar_2023,HP_Peak,FFNN,size_peak,p0.2|n20,mape,54.65596361166083,5,13
iter02b_ffnn,0,bstar_2023,HP_Peak,FFNN,size_peak,p0.2|n20,r2,-30.22790698908867,5,13
iter02b_ffnn,0,bstar_2023,HP_Peak,FFNN,size_peak,p0.2|n20,n_pred_nan,0.0,5,13
iter02b_ffnn,0,bstar_2023,HP_Peak,FFNN,size_peak,p0.2|n20,mape_n_excluded,0.0,5,13
iter02b_ffnn,0,bstar_2023,HP_Peak,FFNN,size_peak,p0.2|n40,rmse,25.81651789228825,5,16
iter02b_ffnn,0,bstar_2023,HP_Peak,FFNN,size_peak,p0.2|n40,mae,24.71341024696787,5,16
iter02b_ffnn,0,bstar_2023,HP_Peak,FFNN,size_peak,p0.2|n40,mape,36.36998172813936,5,16
iter02b_ffnn,0,bstar_2023,HP_Peak,FFNN,size_peak,p0.2|n40,r2,-35.17351077023297,5,16
iter02b_ffnn,0,bstar_2023,HP_Peak,FFNN,size_peak,p0.2|n40,n_pred_nan,0.0,5,16
iter02b_ffnn,0,bstar_2023,HP_Peak,FFNN,size_peak,p0.2|n40,mape_n_excluded,0.0,5,16
iter02b_ffnn,0,bstar_2023,HP_Peak,FFNN,size_peak,p0.3|n10,rmse,15.489750117882576,10,14
iter02b_ffnn,0,bstar_2023,HP_Peak,FFNN,size_peak,p0.3|n10,mae,13.455266787092176,10,14
iter02b_ffnn,0,bstar_2023,HP_Peak,FFNN,size_peak,p0.3|n10,mape,63.643538357478405,10,14
iter02b_ffnn,0,bstar_2023,HP_Peak,FFNN,size_peak,p0.3|n10,r2,-25.756732228860866,10,14
iter02b_ffnn,0,bstar_2023,HP_Peak,FFNN,size_peak,p0.3|n10,n_pred_nan,0.0,10,14
iter02b_ffnn,0,bstar_2023,HP_Peak,FFNN,size_peak,p0.3|n10,mape_n_excluded,0.0,10,14
iter02b_ffnn,0,bstar_2023,HP_Peak,FFNN,size_peak,p0.3|n20,rmse,22.049443915118587,5,14
iter02b_ffnn,0,bstar_2023,HP_Peak,FFNN,size_peak,p0.3|n20,mae,21.123575944910023,5,14
iter02b_ffnn,0,bstar_2023,HP_Peak,FFNN,size_peak,p0.3|n20,mape,45.040848329376615,5,14
iter02b_ffnn,0,bstar_2023,HP_Peak,FFNN,size_peak,p0.3|n20,r2,-3.258647093834754,5,14
iter02b_ffnn,0,bstar_2023,HP_Peak,FFNN,size_peak,p0.3|n20,n_pred_nan,0.0,5,14
iter02b_ffnn,0,bstar_2023,HP_Peak,FFNN,size_peak,p0.3|n20,mape_n_excluded,0.0,5,14
iter02b_ffnn,0,bstar_2023,HP_Peak,FFNN,size_peak,p0.3|n40,rmse,39.56056791820754,5,16
iter02b_ffnn,0,bstar_2023,HP_Peak,FFNN,size_peak,p0.3|n40,mae,37.70731679005416,5,16
iter02b_ffnn,0,bstar_2023,HP_Peak,FFNN,size_peak,p0.3|n40,mape,36.77070178141876,5,16
iter02b_ffnn,0,bstar_2023,HP_Peak,FFNN,size_peak,p0.3|n40,r2,-73.279295017015,5,16
iter02b_ffnn,0,bstar_2023,HP_Peak,FFNN,size_peak,p0.3|n40,n_pred_nan,0.0,5,16
iter02b_ffnn,0,bstar_2023,HP_Peak,FFNN,size_peak,p0.3|n40,mape_n_excluded,0.0,5,16
iter02b_ffnn,0,bstar_2023,HP_Peak,FFNN,size_peak,p0.5|n10,rmse,9.52938681235494,5,12
iter02b_ffnn,0,bstar_2023,HP_Peak,FFNN,size_peak,p0.5|n10,mae,8.338771429598282,5,12
iter02b_ffnn,0,bstar_2023,HP_Peak,FFNN,size_peak,p0.5|n10,mape,19.588762696622613,5,12
iter02b_ffnn,0,bstar_2023,HP_Peak,FFNN,size_peak,p0.5|n10,r2,-0.2153736151140188,5,12
iter02b_ffnn,0,bstar_2023,HP_Peak,FFNN,size_peak,p0.5|n10,n_pred_nan,0.0,5,12
iter02b_ffnn,0,bstar_2023,HP_Peak,FFNN,size_peak,p0.5|n10,mape_n_excluded,0.0,5,12
iter02b_ffnn,0,bstar_2023,HP_Peak,FFNN,size_peak,p0.5|n20,rmse,38.6982202517752,5,16
iter02b_ffnn,0,bstar_2023,HP_Peak,FFNN,size_peak,p0.5|n20,mae,36.273531308643285,5,16
iter02b_ffnn,0,bstar_2023,HP_Peak,FFNN,size_peak,p0.5|n20,mape,42.00838954610519,5,16
iter02b_ffnn,0,bstar_2023,HP_Peak,FFNN,size_peak,p0.5|n20,r2,-80.87424641603643,5,16
iter02b_ffnn,0,bstar_2023,HP_Peak,FFNN,size_peak,p0.5|n20,n_pred_nan,0.0,5,16
iter02b_ffnn,0,bstar_2023,HP_Peak,FFNN,size_peak,p0.5|n20,mape_n_excluded,0.0,5,16
iter02b_ffnn,0,bstar_2023,HP_Peak,FFNN,size_peak,p1.0|n10,rmse,45.74085321587745,5,16
iter02b_ffnn,0,bstar_2023,HP_Peak,FFNN,size_peak,p1.0|n10,mae,44.55680829012277,5,16
iter02b_ffnn,0,bstar_2023,HP_Peak,FFNN,size_peak,p1.0|n10,mape,53.09788607207907,5,16
iter02b_ffnn,0,bstar_2023,HP_Peak,FFNN,size_peak,p1.0|n10,r2,-17.20220027042188,5,16
iter02b_ffnn,0,bstar_2023,HP_Peak,FFNN,size_peak,p1.0|n10,n_pred_nan,0.0,5,16
iter02b_ffnn,0,bstar_2023,HP_Peak,FFNN,size_peak,p1.0|n10,mape_n_excluded,0.0,5,16
iter02b_ffnn,0,bstar_2023,HP_Peak,anchor_only_Linear,size,all,rmse,28.054347623312488,130,20
iter02b_ffnn,0,bstar_2023,HP_Peak,anchor_only_Linear,size,all,mae,21.58672824328446,130,20
iter02b_ffnn,0,bstar_2023,HP_Peak,anchor_only_Linear,size,all,mape,127.01344291388106,130,20
iter02b_ffnn,0,bstar_2023,HP_Peak,anchor_only_Linear,size,all,r2,0.1739471361986063,130,20
iter02b_ffnn,0,bstar_2023,HP_Peak,anchor_only_Linear,size,all,n_pred_nan,0.0,130,20
iter02b_ffnn,0,bstar_2023,HP_Peak,anchor_only_Linear,size,all,mape_n_excluded,0.0,130,20
iter02b_ffnn,0,bstar_2023,HP_Peak,anchor_only_Linear,size,p0.05|n10,rmse,16.047594686865704,10,9
iter02b_ffnn,0,bstar_2023,HP_Peak,anchor_only_Linear,size,p0.05|n10,mae,15.91429998040996,10,9
iter02b_ffnn,0,bstar_2023,HP_Peak,anchor_only_Linear,size,p0.05|n10,mape,334.4511222747003,10,9
iter02b_ffnn,0,bstar_2023,HP_Peak,anchor_only_Linear,size,p0.05|n10,r2,-59.446961535105984,10,9
iter02b_ffnn,0,bstar_2023,HP_Peak,anchor_only_Linear,size,p0.05|n10,n_pred_nan,0.0,10,9
iter02b_ffnn,0,bstar_2023,HP_Peak,anchor_only_Linear,size,p0.05|n10,mape_n_excluded,0.0,10,9
iter02b_ffnn,0,bstar_2023,HP_Peak,anchor_only_Linear,size,p0.05|n20,rmse,20.79471230878281,10,7
iter02b_ffnn,0,bstar_2023,HP_Peak,anchor_only_Linear,size,p0.05|n20,mae,20.614002845219154,10,7
iter02b_ffnn,0,bstar_2023,HP_Peak,anchor_only_Linear,size,p0.05|n20,mape,388.5317123247805,10,7
iter02b_ffnn,0,bstar_2023,HP_Peak,anchor_only_Linear,size,p0.05|n20,r2,-56.78740343958752,10,7
iter02b_ffnn,0,bstar_2023,HP_Peak,anchor_only_Linear,size,p0.05|n20,n_pred_nan,0.0,10,7
iter02b_ffnn,0,bstar_2023,HP_Peak,anchor_only_Linear,size,p0.05|n20,mape_n_excluded,0.0,10,7
iter02b_ffnn,0,bstar_2023,HP_Peak,anchor_only_Linear,size,p0.05|n40,rmse,25.843713294877052,10,13
iter02b_ffnn,0,bstar_2023,HP_Peak,anchor_only_Linear,size,p0.05|n40,mae,25.51650497483741,10,13
iter02b_ffnn,0,bstar_2023,HP_Peak,anchor_only_Linear,size,p0.05|n40,mape,237.0356236602508,10,13
iter02b_ffnn,0,bstar_2023,HP_Peak,anchor_only_Linear,size,p0.05|n40,r2,-38.7428154478816,10,13
iter02b_ffnn,0,bstar_2023,HP_Peak,anchor_only_Linear,size,p0.05|n40,n_pred_nan,0.0,10,13
iter02b_ffnn,0,bstar_2023,HP_Peak,anchor_only_Linear,size,p0.05|n40,mape_n_excluded,0.0,10,13
iter02b_ffnn,0,bstar_2023,HP_Peak,anchor_only_Linear,size,p0.05|n80,rmse,26.757010848947218,5,12
iter02b_ffnn,0,bstar_2023,HP_Peak,anchor_only_Linear,size,p0.05|n80,mae,25.411347234073723,5,12
iter02b_ffnn,0,bstar_2023,HP_Peak,anchor_only_Linear,size,p0.05|n80,mape,91.26583724747243,5,12
iter02b_ffnn,0,bstar_2023,HP_Peak,anchor_only_Linear,size,p0.05|n80,r2,-9.198387547263216,5,12
iter02b_ffnn,0,bstar_2023,HP_Peak,anchor_only_Linear,size,p0.05|n80,n_pred_nan,0.0,5,12
iter02b_ffnn,0,bstar_2023,HP_Peak,anchor_only_Linear,size,p0.05|n80,mape_n_excluded,0.0,5,12
iter02b_ffnn,0,bstar_2023,HP_Peak,anchor_only_Linear,size,p0.05|n120,rmse,37.49056321778273,5,15
iter02b_ffnn,0,bstar_2023,HP_Peak,anchor_only_Linear,size,p0.05|n120,mae,36.7628178933104,5,15
iter02b_ffnn,0,bstar_2023,HP_Peak,anchor_only_Linear,size,p0.05|n120,mape,89.18726333302297,5,15
iter02b_ffnn,0,bstar_2023,HP_Peak,anchor_only_Linear,size,p0.05|n120,r2,-25.01047431277816,5,15
iter02b_ffnn,0,bstar_2023,HP_Peak,anchor_only_Linear,size,p0.05|n120,n_pred_nan,0.0,5,15
iter02b_ffnn,0,bstar_2023,HP_Peak,anchor_only_Linear,size,p0.05|n120,mape_n_excluded,0.0,5,15
iter02b_ffnn,0,bstar_2023,HP_Peak,anchor_only_Linear,size,p0.1|n10,rmse,13.572817221757926,10,9
iter02b_ffnn,0,bstar_2023,HP_Peak,anchor_only_Linear,size,p0.1|n10,mae,13.300178780409968,10,9
iter02b_ffnn,0,bstar_2023,HP_Peak,anchor_only_Linear,size,p0.1|n10,mape,197.8766893776348,10,9
iter02b_ffnn,0,bstar_2023,HP_Peak,anchor_only_Linear,size,p0.1|n10,r2,-24.144142171383898,10,9
iter02b_ffnn,0,bstar_2023,HP_Peak,anchor_only_Linear,size,p0.1|n10,n_pred_nan,0.0,10,9
iter02b_ffnn,0,bstar_2023,HP_Peak,anchor_only_Linear,size,p0.1|n10,mape_n_excluded,0.0,10,9
iter02b_ffnn,0,bstar_2023,HP_Peak,anchor_only_Linear,size,p0.1|n20,rmse,13.649806561070926,10,12
iter02b_ffnn,0,bstar_2023,HP_Peak,anchor_only_Linear,size,p0.1|n20,mae,12.733308356175352,10,12
iter02b_ffnn,0,bstar_2023,HP_Peak,anchor_only_Linear,size,p0.1|n20,mape,112.870004927774,10,12
iter02b_ffnn,0,bstar_2023,HP_Peak,anchor_only_Linear,size,p0.1|n20,r2,-3.742969194178527,10,12
iter02b_ffnn,0,bstar_2023,HP_Peak,anchor_only_Linear,size,p0.1|n20,n_pred_nan,0.0,10,12
iter02b_ffnn,0,bstar_2023,HP_Peak,anchor_only_Linear,size,p0.1|n20,mape_n_excluded,0.0,10,12
iter02b_ffnn,0,bstar_2023,HP_Peak,anchor_only_Linear,size,p0.1|n40,rmse,12.852388105891531,5,12
iter02b_ffnn,0,bstar_2023,HP_Peak,anchor_only_Linear,size,p0.1|n40,mae,12.291072504902484,5,12
iter02b_ffnn,0,bstar_2023,HP_Peak,anchor_only_Linear,size,p0.1|n40,mape,47.140088006662914,5,12
iter02b_ffnn,0,bstar_2023,HP_Peak,anchor_only_Linear,size,p0.1|n40,r2,-0.4428034337569615,5,12
iter02b_ffnn,0,bstar_2023,HP_Peak,anchor_only_Linear,size,p0.1|n40,n_pred_nan,0.0,5,12
iter02b_ffnn,0,bstar_2023,HP_Peak,anchor_only_Linear,size,p0.1|n40,mape_n_excluded,0.0,5,12
iter02b_ffnn,0,bstar_2023,HP_Peak,anchor_only_Linear,size,p0.1|n80,rmse,12.777180491168693,5,16
iter02b_ffnn,0,bstar_2023,HP_Peak,anchor_only_Linear,size,p0.1|n80,mae,11.476852619556023,5,16
iter02b_ffnn,0,bstar_2023,HP_Peak,anchor_only_Linear,size,p0.1|n80,mape,16.673278084469285,5,16
iter02b_ffnn,0,bstar_2023,HP_Peak,anchor_only_Linear,size,p0.1|n80,r2,-0.6094556557435327,5,16
iter02b_ffnn,0,bstar_2023,HP_Peak,anchor_only_Linear,size,p0.1|n80,n_pred_nan,0.0,5,16
iter02b_ffnn,0,bstar_2023,HP_Peak,anchor_only_Linear,size,p0.1|n80,mape_n_excluded,0.0,5,16
iter02b_ffnn,0,bstar_2023,HP_Peak,anchor_only_Linear,size,p0.1|n120,rmse,15.431396116896432,5,16
iter02b_ffnn,0,bstar_2023,HP_Peak,anchor_only_Linear,size,p0.1|n120,mae,12.989598106689902,5,16
iter02b_ffnn,0,bstar_2023,HP_Peak,anchor_only_Linear,size,p0.1|n120,mape,13.250115090694823,5,16
iter02b_ffnn,0,bstar_2023,HP_Peak,anchor_only_Linear,size,p0.1|n120,r2,-2.4313217035483987,5,16
iter02b_ffnn,0,bstar_2023,HP_Peak,anchor_only_Linear,size,p0.1|n120,n_pred_nan,0.0,5,16
iter02b_ffnn,0,bstar_2023,HP_Peak,anchor_only_Linear,size,p0.1|n120,mape_n_excluded,0.0,5,16
iter02b_ffnn,0,bstar_2023,HP_Peak,anchor_only_Linear,size,p0.2|n10,rmse,8.16958828228893,10,12
iter02b_ffnn,0,bstar_2023,HP_Peak,anchor_only_Linear,size,p0.2|n10,mae,7.800464864327975,10,12
iter02b_ffnn,0,bstar_2023,HP_Peak,anchor_only_Linear,size,p0.2|n10,mape,61.053424653491305,10,12
iter02b_ffnn,0,bstar_2023,HP_Peak,anchor_only_Linear,size,p0.2|n10,r2,-6.913912437645865,10,12
iter02b_ffnn,0,bstar_2023,HP_Peak,anchor_only_Linear,size,p0.2|n10,n_pred_nan,0.0,10,12
iter02b_ffnn,0,bstar_2023,HP_Peak,anchor_only_Linear,size,p0.2|n10,mape_n_excluded,0.0,10,12
iter02b_ffnn,0,bstar_2023,HP_Peak,anchor_only_Linear,size,p0.2|n20,rmse,4.331637921579509,5,13
iter02b_ffnn,0,bstar_2023,HP_Peak,anchor_only_Linear,size,p0.2|n20,mae,3.910615732868712,5,13
iter02b_ffnn,0,bstar_2023,HP_Peak,anchor_only_Linear,size,p0.2|n20,mape,12.953683469901298,5,13
iter02b_ffnn,0,bstar_2023,HP_Peak,anchor_only_Linear,size,p0.2|n20,r2,-0.6314351854162541,5,13
iter02b_ffnn,0,bstar_2023,HP_Peak,anchor_only_Linear,size,p0.2|n20,n_pred_nan,0.0,5,13
iter02b_ffnn,0,bstar_2023,HP_Peak,anchor_only_Linear,size,p0.2|n20,mape_n_excluded,0.0,5,13
iter02b_ffnn,0,bstar_2023,HP_Peak,anchor_only_Linear,size,p0.2|n40,rmse,31.06534135829072,5,16
iter02b_ffnn,0,bstar_2023,HP_Peak,anchor_only_Linear,size,p0.2|n40,mae,30.767361825163324,5,16
iter02b_ffnn,0,bstar_2023,HP_Peak,anchor_only_Linear,size,p0.2|n40,mape,44.82251096058107,5,16
iter02b_ffnn,0,bstar_2023,HP_Peak,anchor_only_Linear,size,p0.2|n40,r2,-51.37784084961943,5,16
iter02b_ffnn,0,bstar_2023,HP_Peak,anchor_only_Linear,size,p0.2|n40,n_pred_nan,0.0,5,16
iter02b_ffnn,0,bstar_2023,HP_Peak,anchor_only_Linear,size,p0.2|n40,mape_n_excluded,0.0,5,16
iter02b_ffnn,0,bstar_2023,HP_Peak,anchor_only_Linear,size,p0.3|n10,rmse,3.2008039442468896,10,14
iter02b_ffnn,0,bstar_2023,HP_Peak,anchor_only_Linear,size,p0.3|n10,mae,3.0131835160819964,10,14
iter02b_ffnn,0,bstar_2023,HP_Peak,anchor_only_Linear,size,p0.3|n10,mape,15.391477331803156,10,14
iter02b_ffnn,0,bstar_2023,HP_Peak,anchor_only_Linear,size,p0.3|n10,r2,-0.1425162770036854,10,14
iter02b_ffnn,0,bstar_2023,HP_Peak,anchor_only_Linear,size,p0.3|n10,n_pred_nan,0.0,10,14
iter02b_ffnn,0,bstar_2023,HP_Peak,anchor_only_Linear,size,p0.3|n10,mape_n_excluded,0.0,10,14
iter02b_ffnn,0,bstar_2023,HP_Peak,anchor_only_Linear,size,p0.3|n20,rmse,22.60136828692459,5,14
iter02b_ffnn,0,bstar_2023,HP_Peak,anchor_only_Linear,size,p0.3|n20,mae,19.91630755478129,5,14
iter02b_ffnn,0,bstar_2023,HP_Peak,anchor_only_Linear,size,p0.3|n20,mape,39.30461345534934,5,14
iter02b_ffnn,0,bstar_2023,HP_Peak,anchor_only_Linear,size,p0.3|n20,r2,-3.474513621343502,5,14
iter02b_ffnn,0,bstar_2023,HP_Peak,anchor_only_Linear,size,p0.3|n20,n_pred_nan,0.0,5,14
iter02b_ffnn,0,bstar_2023,HP_Peak,anchor_only_Linear,size,p0.3|n20,mape_n_excluded,0.0,5,14
iter02b_ffnn,0,bstar_2023,HP_Peak,anchor_only_Linear,size,p0.3|n40,rmse,64.93597021433996,5,16
iter02b_ffnn,0,bstar_2023,HP_Peak,anchor_only_Linear,size,p0.3|n40,mae,64.77353302516353,5,16
iter02b_ffnn,0,bstar_2023,HP_Peak,anchor_only_Linear,size,p0.3|n40,mape,63.239874054844655,5,16
iter02b_ffnn,0,bstar_2023,HP_Peak,anchor_only_Linear,size,p0.3|n40,r2,-199.13055769389644,5,16
iter02b_ffnn,0,bstar_2023,HP_Peak,anchor_only_Linear,size,p0.3|n40,n_pred_nan,0.0,5,16
iter02b_ffnn,0,bstar_2023,HP_Peak,anchor_only_Linear,size,p0.3|n40,mape_n_excluded,0.0,5,16
iter02b_ffnn,0,bstar_2023,HP_Peak,anchor_only_Linear,size,p0.5|n10,rmse,21.715754764229285,5,12
iter02b_ffnn,0,bstar_2023,HP_Peak,anchor_only_Linear,size,p0.5|n10,mae,19.921267219590465,5,12
iter02b_ffnn,0,bstar_2023,HP_Peak,anchor_only_Linear,size,p0.5|n10,mape,46.11281267639752,5,12
iter02b_ffnn,0,bstar_2023,HP_Peak,anchor_only_Linear,size,p0.5|n10,r2,-5.311458762488599,5,12
iter02b_ffnn,0,bstar_2023,HP_Peak,anchor_only_Linear,size,p0.5|n10,n_pred_nan,0.0,5,12
iter02b_ffnn,0,bstar_2023,HP_Peak,anchor_only_Linear,size,p0.5|n10,mape_n_excluded,0.0,5,12
iter02b_ffnn,0,bstar_2023,HP_Peak,anchor_only_Linear,size,p0.5|n20,rmse,61.27846730594299,5,16
iter02b_ffnn,0,bstar_2023,HP_Peak,anchor_only_Linear,size,p0.5|n20,mae,61.12904115478157,5,16
iter02b_ffnn,0,bstar_2023,HP_Peak,anchor_only_Linear,size,p0.5|n20,mape,69.46218512785096,5,16
iter02b_ffnn,0,bstar_2023,HP_Peak,anchor_only_Linear,size,p0.5|n20,r2,-204.29629890390933,5,16
iter02b_ffnn,0,bstar_2023,HP_Peak,anchor_only_Linear,size,p0.5|n20,n_pred_nan,0.0,5,16
iter02b_ffnn,0,bstar_2023,HP_Peak,anchor_only_Linear,size,p0.5|n20,mape_n_excluded,0.0,5,16
iter02b_ffnn,0,bstar_2023,HP_Peak,anchor_only_Linear,size,p1.0|n10,rmse,65.01135328369242,5,16
iter02b_ffnn,0,bstar_2023,HP_Peak,anchor_only_Linear,size,p1.0|n10,mae,64.12123281959079,5,16
iter02b_ffnn,0,bstar_2023,HP_Peak,anchor_only_Linear,size,p1.0|n10,mape,74.51714515279042,5,16
iter02b_ffnn,0,bstar_2023,HP_Peak,anchor_only_Linear,size,p1.0|n10,r2,-35.77001259312498,5,16
iter02b_ffnn,0,bstar_2023,HP_Peak,anchor_only_Linear,size,p1.0|n10,n_pred_nan,0.0,5,16
iter02b_ffnn,0,bstar_2023,HP_Peak,anchor_only_Linear,size,p1.0|n10,mape_n_excluded,0.0,5,16
iter02b_ffnn,0,bstar_2023,HP_Peak,anchor_only_Linear,peak,all,rmse,17.53611317687811,130,20
iter02b_ffnn,0,bstar_2023,HP_Peak,anchor_only_Linear,peak,all,mae,12.831729449702156,130,20
iter02b_ffnn,0,bstar_2023,HP_Peak,anchor_only_Linear,peak,all,mape,54.90187032007915,130,20
iter02b_ffnn,0,bstar_2023,HP_Peak,anchor_only_Linear,peak,all,r2,0.6772441129672706,130,20
iter02b_ffnn,0,bstar_2023,HP_Peak,anchor_only_Linear,peak,all,n_pred_nan,0.0,130,20
iter02b_ffnn,0,bstar_2023,HP_Peak,anchor_only_Linear,peak,all,mape_n_excluded,0.0,130,20
iter02b_ffnn,0,bstar_2023,HP_Peak,anchor_only_Linear,peak,p0.05|n10,rmse,5.384898852999503,10,9
iter02b_ffnn,0,bstar_2023,HP_Peak,anchor_only_Linear,peak,p0.05|n10,mae,4.467417792271178,10,9
iter02b_ffnn,0,bstar_2023,HP_Peak,anchor_only_Linear,peak,p0.05|n10,mape,84.36948557905149,10,9
iter02b_ffnn,0,bstar_2023,HP_Peak,anchor_only_Linear,peak,p0.05|n10,r2,-5.806277970080337,10,9
iter02b_ffnn,0,bstar_2023,HP_Peak,anchor_only_Linear,peak,p0.05|n10,n_pred_nan,0.0,10,9
iter02b_ffnn,0,bstar_2023,HP_Peak,anchor_only_Linear,peak,p0.05|n10,mape_n_excluded,0.0,10,9
iter02b_ffnn,0,bstar_2023,HP_Peak,anchor_only_Linear,peak,p0.05|n20,rmse,6.660463323111683,10,7
iter02b_ffnn,0,bstar_2023,HP_Peak,anchor_only_Linear,peak,p0.05|n20,mae,5.712561624833812,10,7
iter02b_ffnn,0,bstar_2023,HP_Peak,anchor_only_Linear,peak,p0.05|n20,mape,99.34128296167654,10,7
iter02b_ffnn,0,bstar_2023,HP_Peak,anchor_only_Linear,peak,p0.05|n20,r2,-4.928382687082948,10,7
iter02b_ffnn,0,bstar_2023,HP_Peak,anchor_only_Linear,peak,p0.05|n20,n_pred_nan,0.0,10,7
iter02b_ffnn,0,bstar_2023,HP_Peak,anchor_only_Linear,peak,p0.05|n20,mape_n_excluded,0.0,10,7
iter02b_ffnn,0,bstar_2023,HP_Peak,anchor_only_Linear,peak,p0.05|n40,rmse,15.756335904667983,10,13
iter02b_ffnn,0,bstar_2023,HP_Peak,anchor_only_Linear,peak,p0.05|n40,mae,13.982528750662777,10,13
iter02b_ffnn,0,bstar_2023,HP_Peak,anchor_only_Linear,peak,p0.05|n40,mape,136.46110779305013,10,13
iter02b_ffnn,0,bstar_2023,HP_Peak,anchor_only_Linear,peak,p0.05|n40,r2,-13.772679062300671,10,13
iter02b_ffnn,0,bstar_2023,HP_Peak,anchor_only_Linear,peak,p0.05|n40,n_pred_nan,0.0,10,13
iter02b_ffnn,0,bstar_2023,HP_Peak,anchor_only_Linear,peak,p0.05|n40,mape_n_excluded,0.0,10,13
iter02b_ffnn,0,bstar_2023,HP_Peak,anchor_only_Linear,peak,p0.05|n80,rmse,22.665715254143876,5,12
iter02b_ffnn,0,bstar_2023,HP_Peak,anchor_only_Linear,peak,p0.05|n80,mae,20.080753838839552,5,12
iter02b_ffnn,0,bstar_2023,HP_Peak,anchor_only_Linear,peak,p0.05|n80,mape,75.14674373530937,5,12
iter02b_ffnn,0,bstar_2023,HP_Peak,anchor_only_Linear,peak,p0.05|n80,r2,-6.318046740633483,5,12
iter02b_ffnn,0,bstar_2023,HP_Peak,anchor_only_Linear,peak,p0.05|n80,n_pred_nan,0.0,5,12
iter02b_ffnn,0,bstar_2023,HP_Peak,anchor_only_Linear,peak,p0.05|n80,mape_n_excluded,0.0,5,12
iter02b_ffnn,0,bstar_2023,HP_Peak,anchor_only_Linear,peak,p0.05|n120,rmse,39.74460791075472,5,15
iter02b_ffnn,0,bstar_2023,HP_Peak,anchor_only_Linear,peak,p0.05|n120,mae,39.29405692773993,5,15
iter02b_ffnn,0,bstar_2023,HP_Peak,anchor_only_Linear,peak,p0.05|n120,mape,93.08345032005218,5,15
iter02b_ffnn,0,bstar_2023,HP_Peak,anchor_only_Linear,peak,p0.05|n120,r2,-28.23215117631759,5,15
iter02b_ffnn,0,bstar_2023,HP_Peak,anchor_only_Linear,peak,p0.05|n120,n_pred_nan,0.0,5,15
iter02b_ffnn,0,bstar_2023,HP_Peak,anchor_only_Linear,peak,p0.05|n120,mape_n_excluded,0.0,5,15
iter02b_ffnn,0,bstar_2023,HP_Peak,anchor_only_Linear,peak,p0.1|n10,rmse,5.413525229110102,10,9
iter02b_ffnn,0,bstar_2023,HP_Peak,anchor_only_Linear,peak,p0.1|n10,mae,4.8660216196511845,10,9
iter02b_ffnn,0,bstar_2023,HP_Peak,anchor_only_Linear,peak,p0.1|n10,mape,63.60290931184742,10,9
iter02b_ffnn,0,bstar_2023,HP_Peak,anchor_only_Linear,peak,p0.1|n10,r2,-2.9999738526730537,10,9
iter02b_ffnn,0,bstar_2023,HP_Peak,anchor_only_Linear,peak,p0.1|n10,n_pred_nan,0.0,10,9
iter02b_ffnn,0,bstar_2023,HP_Peak,anchor_only_Linear,peak,p0.1|n10,mape_n_excluded,0.0,10,9
iter02b_ffnn,0,bstar_2023,HP_Peak,anchor_only_Linear,peak,p0.1|n20,rmse,5.154264057104604,10,12
iter02b_ffnn,0,bstar_2023,HP_Peak,anchor_only_Linear,peak,p0.1|n20,mae,3.9911467488751016,10,12
iter02b_ffnn,0,bstar_2023,HP_Peak,anchor_only_Linear,peak,p0.1|n20,mape,27.357047455299245,10,12
iter02b_ffnn,0,bstar_2023,HP_Peak,anchor_only_Linear,peak,p0.1|n20,r2,0.3237136241933541,10,12
iter02b_ffnn,0,bstar_2023,HP_Peak,anchor_only_Linear,peak,p0.1|n20,n_pred_nan,0.0,10,12
iter02b_ffnn,0,bstar_2023,HP_Peak,anchor_only_Linear,peak,p0.1|n20,mape_n_excluded,0.0,10,12
iter02b_ffnn,0,bstar_2023,HP_Peak,anchor_only_Linear,peak,p0.1|n40,rmse,10.754332440694176,5,12
iter02b_ffnn,0,bstar_2023,HP_Peak,anchor_only_Linear,peak,p0.1|n40,mae,9.538218109145852,5,12
iter02b_ffnn,0,bstar_2023,HP_Peak,anchor_only_Linear,peak,p0.1|n40,mape,38.56581535594443,5,12
iter02b_ffnn,0,bstar_2023,HP_Peak,anchor_only_Linear,peak,p0.1|n40,r2,-0.0101978011836032,5,12
iter02b_ffnn,0,bstar_2023,HP_Peak,anchor_only_Linear,peak,p0.1|n40,n_pred_nan,0.0,5,12
iter02b_ffnn,0,bstar_2023,HP_Peak,anchor_only_Linear,peak,p0.1|n40,mape_n_excluded,0.0,5,12
iter02b_ffnn,0,bstar_2023,HP_Peak,anchor_only_Linear,peak,p0.1|n80,rmse,9.137217007928152,5,16
iter02b_ffnn,0,bstar_2023,HP_Peak,anchor_only_Linear,peak,p0.1|n80,mae,8.002534965627495,5,16
iter02b_ffnn,0,bstar_2023,HP_Peak,anchor_only_Linear,peak,p0.1|n80,mape,13.103900874533268,5,16
iter02b_ffnn,0,bstar_2023,HP_Peak,anchor_only_Linear,peak,p0.1|n80,r2,0.1769298815588723,5,16
iter02b_ffnn,0,bstar_2023,HP_Peak,anchor_only_Linear,peak,p0.1|n80,n_pred_nan,0.0,5,16
iter02b_ffnn,0,bstar_2023,HP_Peak,anchor_only_Linear,peak,p0.1|n80,mape_n_excluded,0.0,5,16
iter02b_ffnn,0,bstar_2023,HP_Peak,anchor_only_Linear,peak,p0.1|n120,rmse,14.462838511922422,5,16
iter02b_ffnn,0,bstar_2023,HP_Peak,anchor_only_Linear,peak,p0.1|n120,mae,12.7692981200013,5,16
iter02b_ffnn,0,bstar_2023,HP_Peak,anchor_only_Linear,peak,p0.1|n120,mape,14.194580429522912,5,16
iter02b_ffnn,0,bstar_2023,HP_Peak,anchor_only_Linear,peak,p0.1|n120,r2,-2.0141028816183595,5,16
iter02b_ffnn,0,bstar_2023,HP_Peak,anchor_only_Linear,peak,p0.1|n120,n_pred_nan,0.0,5,16
iter02b_ffnn,0,bstar_2023,HP_Peak,anchor_only_Linear,peak,p0.1|n120,mape_n_excluded,0.0,5,16
iter02b_ffnn,0,bstar_2023,HP_Peak,anchor_only_Linear,peak,p0.2|n10,rmse,6.5638264898712775,10,12
iter02b_ffnn,0,bstar_2023,HP_Peak,anchor_only_Linear,peak,p0.2|n10,mae,5.794018384568929,10,12
iter02b_ffnn,0,bstar_2023,HP_Peak,anchor_only_Linear,peak,p0.2|n10,mape,40.95076955515838,10,12
iter02b_ffnn,0,bstar_2023,HP_Peak,anchor_only_Linear,peak,p0.2|n10,r2,-4.108637474990133,10,12
iter02b_ffnn,0,bstar_2023,HP_Peak,anchor_only_Linear,peak,p0.2|n10,n_pred_nan,0.0,10,12
iter02b_ffnn,0,bstar_2023,HP_Peak,anchor_only_Linear,peak,p0.2|n10,mape_n_excluded,0.0,10,12
iter02b_ffnn,0,bstar_2023,HP_Peak,anchor_only_Linear,peak,p0.2|n20,rmse,5.995202935415422,5,13
iter02b_ffnn,0,bstar_2023,HP_Peak,anchor_only_Linear,peak,p0.2|n20,mae,5.091616894179582,5,13
iter02b_ffnn,0,bstar_2023,HP_Peak,anchor_only_Linear,peak,p0.2|n20,mape,17.94928494717752,5,13
iter02b_ffnn,0,bstar_2023,HP_Peak,anchor_only_Linear,peak,p0.2|n20,r2,-2.1251675567257644,5,13
iter02b_ffnn,0,bstar_2023,HP_Peak,anchor_only_Linear,peak,p0.2|n20,n_pred_nan,0.0,5,13
iter02b_ffnn,0,bstar_2023,HP_Peak,anchor_only_Linear,peak,p0.2|n20,mape_n_excluded,0.0,5,13
iter02b_ffnn,0,bstar_2023,HP_Peak,anchor_only_Linear,peak,p0.2|n40,rmse,14.421804630357354,5,16
iter02b_ffnn,0,bstar_2023,HP_Peak,anchor_only_Linear,peak,p0.2|n40,mae,14.12034742912789,5,16
iter02b_ffnn,0,bstar_2023,HP_Peak,anchor_only_Linear,peak,p0.2|n40,mape,20.564675636947875,5,16
iter02b_ffnn,0,bstar_2023,HP_Peak,anchor_only_Linear,peak,p0.2|n40,r2,-10.28845607112813,5,16
iter02b_ffnn,0,bstar_2023,HP_Peak,anchor_only_Linear,peak,p0.2|n40,n_pred_nan,0.0,5,16
iter02b_ffnn,0,bstar_2023,HP_Peak,anchor_only_Linear,peak,p0.2|n40,mape_n_excluded,0.0,5,16
iter02b_ffnn,0,bstar_2023,HP_Peak,anchor_only_Linear,peak,p0.3|n10,rmse,8.434056228801715,10,14
iter02b_ffnn,0,bstar_2023,HP_Peak,anchor_only_Linear,peak,p0.3|n10,mae,7.800867798490332,10,14
iter02b_ffnn,0,bstar_2023,HP_Peak,anchor_only_Linear,peak,p0.3|n10,mape,39.92047708874848,10,14
iter02b_ffnn,0,bstar_2023,HP_Peak,anchor_only_Linear,peak,p0.3|n10,r2,-6.932630640033,10,14
iter02b_ffnn,0,bstar_2023,HP_Peak,anchor_only_Linear,peak,p0.3|n10,n_pred_nan,0.0,10,14
iter02b_ffnn,0,bstar_2023,HP_Peak,anchor_only_Linear,peak,p0.3|n10,mape_n_excluded,0.0,10,14
iter02b_ffnn,0,bstar_2023,HP_Peak,anchor_only_Linear,peak,p0.3|n20,rmse,12.5653515494521,5,14
iter02b_ffnn,0,bstar_2023,HP_Peak,anchor_only_Linear,peak,p0.3|n20,mae,10.572384858571594,5,14
iter02b_ffnn,0,bstar_2023,HP_Peak,anchor_only_Linear,peak,p0.3|n20,mape,20.30604192179944,5,14
iter02b_ffnn,0,bstar_2023,HP_Peak,anchor_only_Linear,peak,p0.3|n20,r2,-0.3830110738419856,5,14
iter02b_ffnn,0,bstar_2023,HP_Peak,anchor_only_Linear,peak,p0.3|n20,n_pred_nan,0.0,5,14
iter02b_ffnn,0,bstar_2023,HP_Peak,anchor_only_Linear,peak,p0.3|n20,mape_n_excluded,0.0,5,14
iter02b_ffnn,0,bstar_2023,HP_Peak,anchor_only_Linear,peak,p0.3|n40,rmse,34.13365645924517,5,16
iter02b_ffnn,0,bstar_2023,HP_Peak,anchor_only_Linear,peak,p0.3|n40,mae,33.95076153463932,5,16
iter02b_ffnn,0,bstar_2023,HP_Peak,anchor_only_Linear,peak,p0.3|n40,mape,33.12639941025049,5,16
iter02b_ffnn,0,bstar_2023,HP_Peak,anchor_only_Linear,peak,p0.3|n40,r2,-54.29786507007356,5,16
iter02b_ffnn,0,bstar_2023,HP_Peak,anchor_only_Linear,peak,p0.3|n40,n_pred_nan,0.0,5,16
iter02b_ffnn,0,bstar_2023,HP_Peak,anchor_only_Linear,peak,p0.3|n40,mape_n_excluded,0.0,5,16
iter02b_ffnn,0,bstar_2023,HP_Peak,anchor_only_Linear,peak,p0.5|n10,rmse,16.56541286248701,5,12
iter02b_ffnn,0,bstar_2023,HP_Peak,anchor_only_Linear,peak,p0.5|n10,mae,14.789634790429224,5,12
iter02b_ffnn,0,bstar_2023,HP_Peak,anchor_only_Linear,peak,p0.5|n10,mape,34.330982083748786,5,12
iter02b_ffnn,0,bstar_2023,HP_Peak,anchor_only_Linear,peak,p0.5|n10,r2,-2.672691252722856,5,12
iter02b_ffnn,0,bstar_2023,HP_Peak,anchor_only_Linear,peak,p0.5|n10,n_pred_nan,0.0,5,12
iter02b_ffnn,0,bstar_2023,HP_Peak,anchor_only_Linear,peak,p0.5|n10,mape_n_excluded,0.0,5,12
iter02b_ffnn,0,bstar_2023,HP_Peak,anchor_only_Linear,peak,p0.5|n20,rmse,34.77902612016221,5,16
iter02b_ffnn,0,bstar_2023,HP_Peak,anchor_only_Linear,peak,p0.5|n20,mae,34.60590673117496,5,16
iter02b_ffnn,0,bstar_2023,HP_Peak,anchor_only_Linear,peak,p0.5|n20,mape,39.3547257492962,5,16
iter02b_ffnn,0,bstar_2023,HP_Peak,anchor_only_Linear,peak,p0.5|n20,r2,-65.13025007906008,5,16
iter02b_ffnn,0,bstar_2023,HP_Peak,anchor_only_Linear,peak,p0.5|n20,n_pred_nan,0.0,5,16
iter02b_ffnn,0,bstar_2023,HP_Peak,anchor_only_Linear,peak,p0.5|n20,mape_n_excluded,0.0,5,16
iter02b_ffnn,0,bstar_2023,HP_Peak,anchor_only_Linear,peak,p1.0|n10,rmse,38.20169596250881,5,16
iter02b_ffnn,0,bstar_2023,HP_Peak,anchor_only_Linear,peak,p1.0|n10,mae,37.58032605407273,5,16
iter02b_ffnn,0,bstar_2023,HP_Peak,anchor_only_Linear,peak,p1.0|n10,mape,43.715868367812185,5,16
iter02b_ffnn,0,bstar_2023,HP_Peak,anchor_only_Linear,peak,p1.0|n10,r2,-11.696401664408665,5,16
iter02b_ffnn,0,bstar_2023,HP_Peak,anchor_only_Linear,peak,p1.0|n10,n_pred_nan,0.0,5,16
iter02b_ffnn,0,bstar_2023,HP_Peak,anchor_only_Linear,peak,p1.0|n10,mape_n_excluded,0.0,5,16
iter02b_ffnn,0,bstar_2023,HP_Peak,anchor_only_Linear,size+peak,all,rmse,9.536124122811758,130,20
iter02b_ffnn,0,bstar_2023,HP_Peak,anchor_only_Linear,size+peak,all,mae,7.553376090257027,130,20
iter02b_ffnn,0,bstar_2023,HP_Peak,anchor_only_Linear,size+peak,all,mape,48.64565647618595,130,20
iter02b_ffnn,0,bstar_2023,HP_Peak,anchor_only_Linear,size+peak,all,r2,0.90455541729017,130,20
iter02b_ffnn,0,bstar_2023,HP_Peak,anchor_only_Linear,size+peak,all,n_pred_nan,0.0,130,20
iter02b_ffnn,0,bstar_2023,HP_Peak,anchor_only_Linear,size+peak,all,mape_n_excluded,0.0,130,20
iter02b_ffnn,0,bstar_2023,HP_Peak,anchor_only_Linear,size+peak,p0.05|n10,rmse,8.904033933141717,10,9
iter02b_ffnn,0,bstar_2023,HP_Peak,anchor_only_Linear,size+peak,p0.05|n10,mae,6.7994420845703605,10,9
iter02b_ffnn,0,bstar_2023,HP_Peak,anchor_only_Linear,size+peak,p0.05|n10,mape,133.69760800611283,10,9
iter02b_ffnn,0,bstar_2023,HP_Peak,anchor_only_Linear,size+peak,p0.05|n10,r2,-17.609221034767685,10,9
iter02b_ffnn,0,bstar_2023,HP_Peak,anchor_only_Linear,size+peak,p0.05|n10,n_pred_nan,0.0,10,9
iter02b_ffnn,0,bstar_2023,HP_Peak,anchor_only_Linear,size+peak,p0.05|n10,mape_n_excluded,0.0,10,9
iter02b_ffnn,0,bstar_2023,HP_Peak,anchor_only_Linear,size+peak,p0.05|n20,rmse,6.926006251331963,10,7
iter02b_ffnn,0,bstar_2023,HP_Peak,anchor_only_Linear,size+peak,p0.05|n20,mae,5.510921906509546,10,7
iter02b_ffnn,0,bstar_2023,HP_Peak,anchor_only_Linear,size+peak,p0.05|n20,mape,92.24518650977676,10,7
iter02b_ffnn,0,bstar_2023,HP_Peak,anchor_only_Linear,size+peak,p0.05|n20,r2,-5.410517741425297,10,7
iter02b_ffnn,0,bstar_2023,HP_Peak,anchor_only_Linear,size+peak,p0.05|n20,n_pred_nan,0.0,10,7
iter02b_ffnn,0,bstar_2023,HP_Peak,anchor_only_Linear,size+peak,p0.05|n20,mape_n_excluded,0.0,10,7
iter02b_ffnn,0,bstar_2023,HP_Peak,anchor_only_Linear,size+peak,p0.05|n40,rmse,11.72524674075067,10,13
iter02b_ffnn,0,bstar_2023,HP_Peak,anchor_only_Linear,size+peak,p0.05|n40,mae,9.024355960122062,10,13
iter02b_ffnn,0,bstar_2023,HP_Peak,anchor_only_Linear,size+peak,p0.05|n40,mape,91.38832240939008,10,13
iter02b_ffnn,0,bstar_2023,HP_Peak,anchor_only_Linear,size+peak,p0.05|n40,r2,-7.180743620273654,10,13
iter02b_ffnn,0,bstar_2023,HP_Peak,anchor_only_Linear,size+peak,p0.05|n40,n_pred_nan,0.0,10,13
iter02b_ffnn,0,bstar_2023,HP_Peak,anchor_only_Linear,size+peak,p0.05|n40,mape_n_excluded,0.0,10,13
iter02b_ffnn,0,bstar_2023,HP_Peak,anchor_only_Linear,size+peak,p0.05|n80,rmse,13.570053871251464,5,12
iter02b_ffnn,0,bstar_2023,HP_Peak,anchor_only_Linear,size+peak,p0.05|n80,mae,12.832671988937369,5,12
iter02b_ffnn,0,bstar_2023,HP_Peak,anchor_only_Linear,size+peak,p0.05|n80,mape,43.30298077104233,5,12
iter02b_ffnn,0,bstar_2023,HP_Peak,anchor_only_Linear,size+peak,p0.05|n80,r2,-1.6231278930276083,5,12
iter02b_ffnn,0,bstar_2023,HP_Peak,anchor_only_Linear,size+peak,p0.05|n80,n_pred_nan,0.0,5,12
iter02b_ffnn,0,bstar_2023,HP_Peak,anchor_only_Linear,size+peak,p0.05|n80,mape_n_excluded,0.0,5,12
iter02b_ffnn,0,bstar_2023,HP_Peak,anchor_only_Linear,size+peak,p0.05|n120,rmse,10.631772697295194,5,15
iter02b_ffnn,0,bstar_2023,HP_Peak,anchor_only_Linear,size+peak,p0.05|n120,mae,8.899640515834674,5,15
iter02b_ffnn,0,bstar_2023,HP_Peak,anchor_only_Linear,size+peak,p0.05|n120,mape,20.12867292533688,5,15
iter02b_ffnn,0,bstar_2023,HP_Peak,anchor_only_Linear,size+peak,p0.05|n120,r2,-1.0917785640150308,5,15
iter02b_ffnn,0,bstar_2023,HP_Peak,anchor_only_Linear,size+peak,p0.05|n120,n_pred_nan,0.0,5,15
iter02b_ffnn,0,bstar_2023,HP_Peak,anchor_only_Linear,size+peak,p0.05|n120,mape_n_excluded,0.0,5,15
iter02b_ffnn,0,bstar_2023,HP_Peak,anchor_only_Linear,size+peak,p0.1|n10,rmse,7.680666364871242,10,9
iter02b_ffnn,0,bstar_2023,HP_Peak,anchor_only_Linear,size+peak,p0.1|n10,mae,6.577309732161825,10,9
iter02b_ffnn,0,bstar_2023,HP_Peak,anchor_only_Linear,size+peak,p0.1|n10,mape,86.88653001602819,10,9
iter02b_ffnn,0,bstar_2023,HP_Peak,anchor_only_Linear,size+peak,p0.1|n10,r2,-7.051830486815012,10,9
iter02b_ffnn,0,bstar_2023,HP_Peak,anchor_only_Linear,size+peak,p0.1|n10,n_pred_nan,0.0,10,9
iter02b_ffnn,0,bstar_2023,HP_Peak,anchor_only_Linear,size+peak,p0.1|n10,mape_n_excluded,0.0,10,9
iter02b_ffnn,0,bstar_2023,HP_Peak,anchor_only_Linear,size+peak,p0.1|n20,rmse,6.391666933873815,10,12
iter02b_ffnn,0,bstar_2023,HP_Peak,anchor_only_Linear,size+peak,p0.1|n20,mae,5.199757239567697,10,12
iter02b_ffnn,0,bstar_2023,HP_Peak,anchor_only_Linear,size+peak,p0.1|n20,mape,36.05326661756435,10,12
iter02b_ffnn,0,bstar_2023,HP_Peak,anchor_only_Linear,size+peak,p0.1|n20,r2,-0.0399814248652694,10,12
iter02b_ffnn,0,bstar_2023,HP_Peak,anchor_only_Linear,size+peak,p0.1|n20,n_pred_nan,0.0,10,12
iter02b_ffnn,0,bstar_2023,HP_Peak,anchor_only_Linear,size+peak,p0.1|n20,mape_n_excluded,0.0,10,12
iter02b_ffnn,0,bstar_2023,HP_Peak,anchor_only_Linear,size+peak,p0.1|n40,rmse,10.341678558417438,5,12
iter02b_ffnn,0,bstar_2023,HP_Peak,anchor_only_Linear,size+peak,p0.1|n40,mae,8.101780512318932,5,12
iter02b_ffnn,0,bstar_2023,HP_Peak,anchor_only_Linear,size+peak,p0.1|n40,mape,31.326384103672705,5,12
iter02b_ffnn,0,bstar_2023,HP_Peak,anchor_only_Linear,size+peak,p0.1|n40,r2,0.065839340462381,5,12
iter02b_ffnn,0,bstar_2023,HP_Peak,anchor_only_Linear,size+peak,p0.1|n40,n_pred_nan,0.0,5,12
iter02b_ffnn,0,bstar_2023,HP_Peak,anchor_only_Linear,size+peak,p0.1|n40,mape_n_excluded,0.0,5,12
iter02b_ffnn,0,bstar_2023,HP_Peak,anchor_only_Linear,size+peak,p0.1|n80,rmse,12.020512490435108,5,16
iter02b_ffnn,0,bstar_2023,HP_Peak,anchor_only_Linear,size+peak,p0.1|n80,mae,8.814244809769955,5,16
iter02b_ffnn,0,bstar_2023,HP_Peak,anchor_only_Linear,size+peak,p0.1|n80,mape,12.130405324485348,5,16
iter02b_ffnn,0,bstar_2023,HP_Peak,anchor_only_Linear,size+peak,p0.1|n80,r2,-0.4244753031812307,5,16
iter02b_ffnn,0,bstar_2023,HP_Peak,anchor_only_Linear,size+peak,p0.1|n80,n_pred_nan,0.0,5,16
iter02b_ffnn,0,bstar_2023,HP_Peak,anchor_only_Linear,size+peak,p0.1|n80,mape_n_excluded,0.0,5,16
iter02b_ffnn,0,bstar_2023,HP_Peak,anchor_only_Linear,size+peak,p0.1|n120,rmse,10.36385922294676,5,16
iter02b_ffnn,0,bstar_2023,HP_Peak,anchor_only_Linear,size+peak,p0.1|n120,mae,9.171026546654891,5,16
iter02b_ffnn,0,bstar_2023,HP_Peak,anchor_only_Linear,size+peak,p0.1|n120,mape,9.636307729330882,5,16
iter02b_ffnn,0,bstar_2023,HP_Peak,anchor_only_Linear,size+peak,p0.1|n120,r2,-0.5477257509587468,5,16
iter02b_ffnn,0,bstar_2023,HP_Peak,anchor_only_Linear,size+peak,p0.1|n120,n_pred_nan,0.0,5,16
iter02b_ffnn,0,bstar_2023,HP_Peak,anchor_only_Linear,size+peak,p0.1|n120,mape_n_excluded,0.0,5,16
iter02b_ffnn,0,bstar_2023,HP_Peak,anchor_only_Linear,size+peak,p0.2|n10,rmse,7.052777996382093,10,12
iter02b_ffnn,0,bstar_2023,HP_Peak,anchor_only_Linear,size+peak,p0.2|n10,mae,5.695502670760523,10,12
iter02b_ffnn,0,bstar_2023,HP_Peak,anchor_only_Linear,size+peak,p0.2|n10,mape,42.3441350035349,10,12
iter02b_ffnn,0,bstar_2023,HP_Peak,anchor_only_Linear,size+peak,p0.2|n10,r2,-4.898089079696322,10,12
iter02b_ffnn,0,bstar_2023,HP_Peak,anchor_only_Linear,size+peak,p0.2|n10,n_pred_nan,0.0,10,12
iter02b_ffnn,0,bstar_2023,HP_Peak,anchor_only_Linear,size+peak,p0.2|n10,mape_n_excluded,0.0,10,12
iter02b_ffnn,0,bstar_2023,HP_Peak,anchor_only_Linear,size+peak,p0.2|n20,rmse,9.464106503983032,5,13
iter02b_ffnn,0,bstar_2023,HP_Peak,anchor_only_Linear,size+peak,p0.2|n20,mae,7.485351709593337,5,13
iter02b_ffnn,0,bstar_2023,HP_Peak,anchor_only_Linear,size+peak,p0.2|n20,mape,26.76940198092984,5,13
iter02b_ffnn,0,bstar_2023,HP_Peak,anchor_only_Linear,size+peak,p0.2|n20,r2,-6.787978936843372,5,13
iter02b_ffnn,0,bstar_2023,HP_Peak,anchor_only_Linear,size+peak,p0.2|n20,n_pred_nan,0.0,5,13
iter02b_ffnn,0,bstar_2023,HP_Peak,anchor_only_Linear,size+peak,p0.2|n20,mape_n_excluded,0.0,5,13
iter02b_ffnn,0,bstar_2023,HP_Peak,anchor_only_Linear,size+peak,p0.2|n40,rmse,4.988602296345511,5,16
iter02b_ffnn,0,bstar_2023,HP_Peak,anchor_only_Linear,size+peak,p0.2|n40,mae,4.445370349943131,5,16
iter02b_ffnn,0,bstar_2023,HP_Peak,anchor_only_Linear,size+peak,p0.2|n40,mape,6.557051530817612,5,16
iter02b_ffnn,0,bstar_2023,HP_Peak,anchor_only_Linear,size+peak,p0.2|n40,r2,-0.3506819493620372,5,16
iter02b_ffnn,0,bstar_2023,HP_Peak,anchor_only_Linear,size+peak,p0.2|n40,n_pred_nan,0.0,5,16
iter02b_ffnn,0,bstar_2023,HP_Peak,anchor_only_Linear,size+peak,p0.2|n40,mape_n_excluded,0.0,5,16
iter02b_ffnn,0,bstar_2023,HP_Peak,anchor_only_Linear,size+peak,p0.3|n10,rmse,11.543198244319326,10,14
iter02b_ffnn,0,bstar_2023,HP_Peak,anchor_only_Linear,size+peak,p0.3|n10,mae,8.38516009146917,10,14
iter02b_ffnn,0,bstar_2023,HP_Peak,anchor_only_Linear,size+peak,p0.3|n10,mape,40.45161534825484,10,14
iter02b_ffnn,0,bstar_2023,HP_Peak,anchor_only_Linear,size+peak,p0.3|n10,r2,-13.859238643269045,10,14
iter02b_ffnn,0,bstar_2023,HP_Peak,anchor_only_Linear,size+peak,p0.3|n10,n_pred_nan,0.0,10,14
iter02b_ffnn,0,bstar_2023,HP_Peak,anchor_only_Linear,size+peak,p0.3|n10,mape_n_excluded,0.0,10,14
iter02b_ffnn,0,bstar_2023,HP_Peak,anchor_only_Linear,size+peak,p0.3|n20,rmse,8.44867999164675,5,14
iter02b_ffnn,0,bstar_2023,HP_Peak,anchor_only_Linear,size+peak,p0.3|n20,mae,6.421315179262865,5,14
iter02b_ffnn,0,bstar_2023,HP_Peak,anchor_only_Linear,size+peak,p0.3|n20,mape,17.35721096062039,5,14
iter02b_ffnn,0,bstar_2023,HP_Peak,anchor_only_Linear,size+peak,p0.3|n20,r2,0.3747494365450905,5,14
iter02b_ffnn,0,bstar_2023,HP_Peak,anchor_only_Linear,size+peak,p0.3|n20,n_pred_nan,0.0,5,14
iter02b_ffnn,0,bstar_2023,HP_Peak,anchor_only_Linear,size+peak,p0.3|n20,mape_n_excluded,0.0,5,14
iter02b_ffnn,0,bstar_2023,HP_Peak,anchor_only_Linear,size+peak,p0.3|n40,rmse,13.521343538907736,5,16
iter02b_ffnn,0,bstar_2023,HP_Peak,anchor_only_Linear,size+peak,p0.3|n40,mae,12.969795407390958,5,16
iter02b_ffnn,0,bstar_2023,HP_Peak,anchor_only_Linear,size+peak,p0.3|n40,mape,12.63117953499529,5,16
iter02b_ffnn,0,bstar_2023,HP_Peak,anchor_only_Linear,size+peak,p0.3|n40,r2,-7.67725643876456,5,16
iter02b_ffnn,0,bstar_2023,HP_Peak,anchor_only_Linear,size+peak,p0.3|n40,n_pred_nan,0.0,5,16
iter02b_ffnn,0,bstar_2023,HP_Peak,anchor_only_Linear,size+peak,p0.3|n40,mape_n_excluded,0.0,5,16
iter02b_ffnn,0,bstar_2023,HP_Peak,anchor_only_Linear,size+peak,p0.5|n10,rmse,9.126553848307092,5,12
iter02b_ffnn,0,bstar_2023,HP_Peak,anchor_only_Linear,size+peak,p0.5|n10,mae,8.090409093159689,5,12
iter02b_ffnn,0,bstar_2023,HP_Peak,anchor_only_Linear,size+peak,p0.5|n10,mape,22.130331182717832,5,12
iter02b_ffnn,0,bstar_2023,HP_Peak,anchor_only_Linear,size+peak,p0.5|n10,r2,-0.1147912032062885,5,12
iter02b_ffnn,0,bstar_2023,HP_Peak,anchor_only_Linear,size+peak,p0.5|n10,n_pred_nan,0.0,5,12
iter02b_ffnn,0,bstar_2023,HP_Peak,anchor_only_Linear,size+peak,p0.5|n10,mape_n_excluded,0.0,5,12
iter02b_ffnn,0,bstar_2023,HP_Peak,anchor_only_Linear,size+peak,p0.5|n20,rmse,9.13561056696549,5,16
iter02b_ffnn,0,bstar_2023,HP_Peak,anchor_only_Linear,size+peak,p0.5|n20,mae,7.637655713438818,5,16
iter02b_ffnn,0,bstar_2023,HP_Peak,anchor_only_Linear,size+peak,p0.5|n20,mape,8.70183510065454,5,16
iter02b_ffnn,0,bstar_2023,HP_Peak,anchor_only_Linear,size+peak,p0.5|n20,r2,-3.5628951351578912,5,16
iter02b_ffnn,0,bstar_2023,HP_Peak,anchor_only_Linear,size+peak,p0.5|n20,n_pred_nan,0.0,5,16
iter02b_ffnn,0,bstar_2023,HP_Peak,anchor_only_Linear,size+peak,p0.5|n20,mape_n_excluded,0.0,5,16
iter02b_ffnn,0,bstar_2023,HP_Peak,anchor_only_Linear,size+peak,p1.0|n10,rmse,8.82032002299184,5,16
iter02b_ffnn,0,bstar_2023,HP_Peak,anchor_only_Linear,size+peak,p1.0|n10,mae,7.13361715005567,5,16
iter02b_ffnn,0,bstar_2023,HP_Peak,anchor_only_Linear,size+peak,p1.0|n10,mape,7.981979414907234,5,16
iter02b_ffnn,0,bstar_2023,HP_Peak,anchor_only_Linear,size+peak,p1.0|n10,r2,0.3231630635206843,5,16
iter02b_ffnn,0,bstar_2023,HP_Peak,anchor_only_Linear,size+peak,p1.0|n10,n_pred_nan,0.0,5,16
iter02b_ffnn,0,bstar_2023,HP_Peak,anchor_only_Linear,size+peak,p1.0|n10,mape_n_excluded,0.0,5,16
iter02b_ffnn,0,bstar_2023,HP_Peak,anchor_only_XGBoost,size,all,rmse,28.161432703420264,130,20
iter02b_ffnn,0,bstar_2023,HP_Peak,anchor_only_XGBoost,size,all,mae,21.45869105799952,130,20
iter02b_ffnn,0,bstar_2023,HP_Peak,anchor_only_XGBoost,size,all,mape,123.30672646650294,130,20
iter02b_ffnn,0,bstar_2023,HP_Peak,anchor_only_XGBoost,size,all,r2,0.1676289168028545,130,20
iter02b_ffnn,0,bstar_2023,HP_Peak,anchor_only_XGBoost,size,all,n_pred_nan,0.0,130,20
iter02b_ffnn,0,bstar_2023,HP_Peak,anchor_only_XGBoost,size,all,mape_n_excluded,0.0,130,20
iter02b_ffnn,0,bstar_2023,HP_Peak,anchor_only_XGBoost,size,p0.05|n10,rmse,11.376207528678796,10,9
iter02b_ffnn,0,bstar_2023,HP_Peak,anchor_only_XGBoost,size,p0.05|n10,mae,11.187392295263638,10,9
iter02b_ffnn,0,bstar_2023,HP_Peak,anchor_only_XGBoost,size,p0.05|n10,mape,238.49780363822765,10,9
iter02b_ffnn,0,bstar_2023,HP_Peak,anchor_only_XGBoost,size,p0.05|n10,r2,-29.377329608194792,10,9
iter02b_ffnn,0,bstar_2023,HP_Peak,anchor_only_XGBoost,size,p0.05|n10,n_pred_nan,0.0,10,9
iter02b_ffnn,0,bstar_2023,HP_Peak,anchor_only_XGBoost,size,p0.05|n10,mape_n_excluded,0.0,10,9
iter02b_ffnn,0,bstar_2023,HP_Peak,anchor_only_XGBoost,size,p0.05|n20,rmse,25.113216635999304,10,7
iter02b_ffnn,0,bstar_2023,HP_Peak,anchor_only_XGBoost,size,p0.05|n20,mae,24.963787835668946,10,7
iter02b_ffnn,0,bstar_2023,HP_Peak,anchor_only_XGBoost,size,p0.05|n20,mape,467.8795773897693,10,7
iter02b_ffnn,0,bstar_2023,HP_Peak,anchor_only_XGBoost,size,p0.05|n20,r2,-83.28145687706524,10,7
iter02b_ffnn,0,bstar_2023,HP_Peak,anchor_only_XGBoost,size,p0.05|n20,n_pred_nan,0.0,10,7
iter02b_ffnn,0,bstar_2023,HP_Peak,anchor_only_XGBoost,size,p0.05|n20,mape_n_excluded,0.0,10,7
iter02b_ffnn,0,bstar_2023,HP_Peak,anchor_only_XGBoost,size,p0.05|n40,rmse,28.80604179729882,10,13
iter02b_ffnn,0,bstar_2023,HP_Peak,anchor_only_XGBoost,size,p0.05|n40,mae,28.51284891572261,10,13
iter02b_ffnn,0,bstar_2023,HP_Peak,anchor_only_XGBoost,size,p0.05|n40,mape,263.9380933021946,10,13
iter02b_ffnn,0,bstar_2023,HP_Peak,anchor_only_XGBoost,size,p0.05|n40,r2,-48.376007938026,10,13
iter02b_ffnn,0,bstar_2023,HP_Peak,anchor_only_XGBoost,size,p0.05|n40,n_pred_nan,0.0,10,13
iter02b_ffnn,0,bstar_2023,HP_Peak,anchor_only_XGBoost,size,p0.05|n40,mape_n_excluded,0.0,10,13
iter02b_ffnn,0,bstar_2023,HP_Peak,anchor_only_XGBoost,size,p0.05|n80,rmse,32.8756386903276,5,12
iter02b_ffnn,0,bstar_2023,HP_Peak,anchor_only_XGBoost,size,p0.05|n80,mae,31.790038659569955,5,12
iter02b_ffnn,0,bstar_2023,HP_Peak,anchor_only_XGBoost,size,p0.05|n80,mape,111.9255867177515,5,12
iter02b_ffnn,0,bstar_2023,HP_Peak,anchor_only_XGBoost,size,p0.05|n80,r2,-14.395887169997122,5,12
iter02b_ffnn,0,bstar_2023,HP_Peak,anchor_only_XGBoost,size,p0.05|n80,n_pred_nan,0.0,5,12
iter02b_ffnn,0,bstar_2023,HP_Peak,anchor_only_XGBoost,size,p0.05|n80,mape_n_excluded,0.0,5,12
iter02b_ffnn,0,bstar_2023,HP_Peak,anchor_only_XGBoost,size,p0.05|n120,rmse,30.23308643604601,5,15
iter02b_ffnn,0,bstar_2023,HP_Peak,anchor_only_XGBoost,size,p0.05|n120,mae,29.325790091991884,5,15
iter02b_ffnn,0,bstar_2023,HP_Peak,anchor_only_XGBoost,size,p0.05|n120,mape,71.72390512108848,5,15
iter02b_ffnn,0,bstar_2023,HP_Peak,anchor_only_XGBoost,size,p0.05|n120,r2,-15.914895285240462,5,15
iter02b_ffnn,0,bstar_2023,HP_Peak,anchor_only_XGBoost,size,p0.05|n120,n_pred_nan,0.0,5,15
iter02b_ffnn,0,bstar_2023,HP_Peak,anchor_only_XGBoost,size,p0.05|n120,mape_n_excluded,0.0,5,15
iter02b_ffnn,0,bstar_2023,HP_Peak,anchor_only_XGBoost,size,p0.1|n10,rmse,8.990416509665398,10,9
iter02b_ffnn,0,bstar_2023,HP_Peak,anchor_only_XGBoost,size,p0.1|n10,mae,8.573271095263646,10,9
iter02b_ffnn,0,bstar_2023,HP_Peak,anchor_only_XGBoost,size,p0.1|n10,mape,132.08733949500888,10,9
iter02b_ffnn,0,bstar_2023,HP_Peak,anchor_only_XGBoost,size,p0.1|n10,r2,-10.03205572197169,10,9
iter02b_ffnn,0,bstar_2023,HP_Peak,anchor_only_XGBoost,size,p0.1|n10,n_pred_nan,0.0,10,9
iter02b_ffnn,0,bstar_2023,HP_Peak,anchor_only_XGBoost,size,p0.1|n10,mape_n_excluded,0.0,10,9
iter02b_ffnn,0,bstar_2023,HP_Peak,anchor_only_XGBoost,size,p0.1|n20,rmse,17.62744645423029,10,12
iter02b_ffnn,0,bstar_2023,HP_Peak,anchor_only_XGBoost,size,p0.1|n20,mae,16.475559035668834,10,12
iter02b_ffnn,0,bstar_2023,HP_Peak,anchor_only_XGBoost,size,p0.1|n20,mape,145.07623036744755,10,12
iter02b_ffnn,0,bstar_2023,HP_Peak,anchor_only_XGBoost,size,p0.1|n20,r2,-6.909993353112238,10,12
iter02b_ffnn,0,bstar_2023,HP_Peak,anchor_only_XGBoost,size,p0.1|n20,n_pred_nan,0.0,10,12
iter02b_ffnn,0,bstar_2023,HP_Peak,anchor_only_XGBoost,size,p0.1|n20,mape_n_excluded,0.0,10,12
iter02b_ffnn,0,bstar_2023,HP_Peak,anchor_only_XGBoost,size,p0.1|n40,rmse,14.72516414560979,5,12
iter02b_ffnn,0,bstar_2023,HP_Peak,anchor_only_XGBoost,size,p0.1|n40,mae,14.088878869433604,5,12
iter02b_ffnn,0,bstar_2023,HP_Peak,anchor_only_XGBoost,size,p0.1|n40,mape,55.692100799055375,5,12
iter02b_ffnn,0,bstar_2023,HP_Peak,anchor_only_XGBoost,size,p0.1|n40,r2,-0.8939119901294901,5,12
iter02b_ffnn,0,bstar_2023,HP_Peak,anchor_only_XGBoost,size,p0.1|n40,n_pred_nan,0.0,5,12
iter02b_ffnn,0,bstar_2023,HP_Peak,anchor_only_XGBoost,size,p0.1|n40,mape_n_excluded,0.0,5,12
iter02b_ffnn,0,bstar_2023,HP_Peak,anchor_only_XGBoost,size,p0.1|n80,rmse,10.180263050772265,5,16
iter02b_ffnn,0,bstar_2023,HP_Peak,anchor_only_XGBoost,size,p0.1|n80,mae,9.306310188086403,5,16
iter02b_ffnn,0,bstar_2023,HP_Peak,anchor_only_XGBoost,size,p0.1|n80,mape,14.69629742099349,5,16
iter02b_ffnn,0,bstar_2023,HP_Peak,anchor_only_XGBoost,size,p0.1|n80,r2,-0.0217083811947431,5,16
iter02b_ffnn,0,bstar_2023,HP_Peak,anchor_only_XGBoost,size,p0.1|n80,n_pred_nan,0.0,5,16
iter02b_ffnn,0,bstar_2023,HP_Peak,anchor_only_XGBoost,size,p0.1|n80,mape_n_excluded,0.0,5,16
iter02b_ffnn,0,bstar_2023,HP_Peak,anchor_only_XGBoost,size,p0.1|n120,rmse,22.060040188743205,5,16
iter02b_ffnn,0,bstar_2023,HP_Peak,anchor_only_XGBoost,size,p0.1|n120,mae,20.426625908008425,5,16
iter02b_ffnn,0,bstar_2023,HP_Peak,anchor_only_XGBoost,size,p0.1|n120,mape,21.25775941265194,5,16
iter02b_ffnn,0,bstar_2023,HP_Peak,anchor_only_XGBoost,size,p0.1|n120,r2,-6.012350198650839,5,16
iter02b_ffnn,0,bstar_2023,HP_Peak,anchor_only_XGBoost,size,p0.1|n120,n_pred_nan,0.0,5,16
iter02b_ffnn,0,bstar_2023,HP_Peak,anchor_only_XGBoost,size,p0.1|n120,mape_n_excluded,0.0,5,16
iter02b_ffnn,0,bstar_2023,HP_Peak,anchor_only_XGBoost,size,p0.2|n10,rmse,4.110523135259074,10,12
iter02b_ffnn,0,bstar_2023,HP_Peak,anchor_only_XGBoost,size,p0.2|n10,mae,4.018938716210916,10,12
iter02b_ffnn,0,bstar_2023,HP_Peak,anchor_only_XGBoost,size,p0.2|n10,mape,29.90022120524623,10,12
iter02b_ffnn,0,bstar_2023,HP_Peak,anchor_only_XGBoost,size,p0.2|n10,r2,-1.0034803816456486,10,12
iter02b_ffnn,0,bstar_2023,HP_Peak,anchor_only_XGBoost,size,p0.2|n10,n_pred_nan,0.0,10,12
iter02b_ffnn,0,bstar_2023,HP_Peak,anchor_only_XGBoost,size,p0.2|n10,mape_n_excluded,0.0,10,12
iter02b_ffnn,0,bstar_2023,HP_Peak,anchor_only_XGBoost,size,p0.2|n20,rmse,3.773571365331871,5,13
iter02b_ffnn,0,bstar_2023,HP_Peak,anchor_only_XGBoost,size,p0.2|n20,mae,2.941557087133763,5,13
iter02b_ffnn,0,bstar_2023,HP_Peak,anchor_only_XGBoost,size,p0.2|n20,mape,10.972233502989964,5,13
iter02b_ffnn,0,bstar_2023,HP_Peak,anchor_only_XGBoost,size,p0.2|n20,r2,-0.2381425984225531,5,13
iter02b_ffnn,0,bstar_2023,HP_Peak,anchor_only_XGBoost,size,p0.2|n20,n_pred_nan,0.0,5,13
iter02b_ffnn,0,bstar_2023,HP_Peak,anchor_only_XGBoost,size,p0.2|n20,mape_n_excluded,0.0,5,13
iter02b_ffnn,0,bstar_2023,HP_Peak,anchor_only_XGBoost,size,p0.2|n40,rmse,28.100788500600935,5,16
iter02b_ffnn,0,bstar_2023,HP_Peak,anchor_only_XGBoost,size,p0.2|n40,mae,27.771017884278127,5,16
iter02b_ffnn,0,bstar_2023,HP_Peak,anchor_only_XGBoost,size,p0.2|n40,mape,40.418196936797,5,16
iter02b_ffnn,0,bstar_2023,HP_Peak,anchor_only_XGBoost,size,p0.2|n40,r2,-41.85804375469687,5,16
iter02b_ffnn,0,bstar_2023,HP_Peak,anchor_only_XGBoost,size,p0.2|n40,n_pred_nan,0.0,5,16
iter02b_ffnn,0,bstar_2023,HP_Peak,anchor_only_XGBoost,size,p0.2|n40,mape_n_excluded,0.0,5,16
iter02b_ffnn,0,bstar_2023,HP_Peak,anchor_only_XGBoost,size,p0.3|n10,rmse,4.679906110838594,10,14
iter02b_ffnn,0,bstar_2023,HP_Peak,anchor_only_XGBoost,size,p0.3|n10,mae,3.5964349047363355,10,14
iter02b_ffnn,0,bstar_2023,HP_Peak,anchor_only_XGBoost,size,p0.3|n10,mape,16.05816053184914,10,14
iter02b_ffnn,0,bstar_2023,HP_Peak,anchor_only_XGBoost,size,p0.3|n10,r2,-1.442409775240784,10,14
iter02b_ffnn,0,bstar_2023,HP_Peak,anchor_only_XGBoost,size,p0.3|n10,n_pred_nan,0.0,10,14
iter02b_ffnn,0,bstar_2023,HP_Peak,anchor_only_XGBoost,size,p0.3|n10,mape_n_excluded,0.0,10,14
iter02b_ffnn,0,bstar_2023,HP_Peak,anchor_only_XGBoost,size,p0.3|n20,rmse,18.88065588295078,5,14
iter02b_ffnn,0,bstar_2023,HP_Peak,anchor_only_XGBoost,size,p0.3|n20,mae,15.5665225643315,5,14
iter02b_ffnn,0,bstar_2023,HP_Peak,anchor_only_XGBoost,size,p0.3|n20,mape,29.44640114259263,5,14
iter02b_ffnn,0,bstar_2023,HP_Peak,anchor_only_XGBoost,size,p0.3|n20,r2,-2.122558072666417,5,14
iter02b_ffnn,0,bstar_2023,HP_Peak,anchor_only_XGBoost,size,p0.3|n20,n_pred_nan,0.0,5,14
iter02b_ffnn,0,bstar_2023,HP_Peak,anchor_only_XGBoost,size,p0.3|n20,mape_n_excluded,0.0,5,14
iter02b_ffnn,0,bstar_2023,HP_Peak,anchor_only_XGBoost,size,p0.3|n40,rmse,61.947483712176506,5,16
iter02b_ffnn,0,bstar_2023,HP_Peak,anchor_only_XGBoost,size,p0.3|n40,mae,61.777189084278334,5,16
iter02b_ffnn,0,bstar_2023,HP_Peak,anchor_only_XGBoost,size,p0.3|n40,mape,60.30564959057714,5,16
iter02b_ffnn,0,bstar_2023,HP_Peak,anchor_only_XGBoost,size,p0.3|n40,r2,-181.13360276982417,5,16
iter02b_ffnn,0,bstar_2023,HP_Peak,anchor_only_XGBoost,size,p0.3|n40,n_pred_nan,0.0,5,16
iter02b_ffnn,0,bstar_2023,HP_Peak,anchor_only_XGBoost,size,p0.3|n40,mape_n_excluded,0.0,5,16
iter02b_ffnn,0,bstar_2023,HP_Peak,anchor_only_XGBoost,size,p0.5|n10,rmse,26.11990894854562,5,12
iter02b_ffnn,0,bstar_2023,HP_Peak,anchor_only_XGBoost,size,p0.5|n10,mae,24.64817490473679,5,12
iter02b_ffnn,0,bstar_2023,HP_Peak,anchor_only_XGBoost,size,p0.5|n10,mape,58.014391911853046,5,12
iter02b_ffnn,0,bstar_2023,HP_Peak,anchor_only_XGBoost,size,p0.5|n10,r2,-8.131102319199782,5,12
iter02b_ffnn,0,bstar_2023,HP_Peak,anchor_only_XGBoost,size,p0.5|n10,n_pred_nan,0.0,5,12
iter02b_ffnn,0,bstar_2023,HP_Peak,anchor_only_XGBoost,size,p0.5|n10,mape_n_excluded,0.0,5,12
iter02b_ffnn,0,bstar_2023,HP_Peak,anchor_only_XGBoost,size,p0.5|n20,rmse,56.94009846705004,5,16
iter02b_ffnn,0,bstar_2023,HP_Peak,anchor_only_XGBoost,size,p0.5|n20,mae,56.77925616433178,5,16
iter02b_ffnn,0,bstar_2023,HP_Peak,anchor_only_XGBoost,size,p0.5|n20,mape,64.5021992093852,5,16
iter02b_ffnn,0,bstar_2023,HP_Peak,anchor_only_XGBoost,size,p0.5|n20,r2,-176.2563324472658,5,16
iter02b_ffnn,0,bstar_2023,HP_Peak,anchor_only_XGBoost,size,p0.5|n20,n_pred_nan,0.0,5,16
iter02b_ffnn,0,bstar_2023,HP_Peak,anchor_only_XGBoost,size,p0.5|n20,mape_n_excluded,0.0,5,16
iter02b_ffnn,0,bstar_2023,HP_Peak,anchor_only_XGBoost,size,p1.0|n10,rmse,69.67790186589231,5,16
iter02b_ffnn,0,bstar_2023,HP_Peak,anchor_only_XGBoost,size,p1.0|n10,mae,68.8481405047371,5,16
iter02b_ffnn,0,bstar_2023,HP_Peak,anchor_only_XGBoost,size,p1.0|n10,mape,80.14531450385316,5,16
iter02b_ffnn,0,bstar_2023,HP_Peak,anchor_only_XGBoost,size,p1.0|n10,r2,-41.23820904079498,5,16
iter02b_ffnn,0,bstar_2023,HP_Peak,anchor_only_XGBoost,size,p1.0|n10,n_pred_nan,0.0,5,16
iter02b_ffnn,0,bstar_2023,HP_Peak,anchor_only_XGBoost,size,p1.0|n10,mape_n_excluded,0.0,5,16
iter02b_ffnn,0,bstar_2023,HP_Peak,anchor_only_XGBoost,peak,all,rmse,21.144196399106946,130,20
iter02b_ffnn,0,bstar_2023,HP_Peak,anchor_only_XGBoost,peak,all,mae,13.975220078953791,130,20
iter02b_ffnn,0,bstar_2023,HP_Peak,anchor_only_XGBoost,peak,all,mape,54.01993902757355,130,20
iter02b_ffnn,0,bstar_2023,HP_Peak,anchor_only_XGBoost,peak,all,r2,0.5307655803944975,130,20
iter02b_ffnn,0,bstar_2023,HP_Peak,anchor_only_XGBoost,peak,all,n_pred_nan,0.0,130,20
iter02b_ffnn,0,bstar_2023,HP_Peak,anchor_only_XGBoost,peak,all,mape_n_excluded,0.0,130,20
iter02b_ffnn,0,bstar_2023,HP_Peak,anchor_only_XGBoost,peak,p0.05|n10,rmse,5.540701874853712,10,9
iter02b_ffnn,0,bstar_2023,HP_Peak,anchor_only_XGBoost,peak,p0.05|n10,mae,4.288888201202359,10,9
iter02b_ffnn,0,bstar_2023,HP_Peak,anchor_only_XGBoost,peak,p0.05|n10,mape,88.66795016262881,10,9
iter02b_ffnn,0,bstar_2023,HP_Peak,anchor_only_XGBoost,peak,p0.05|n10,r2,-6.205832246748684,10,9
iter02b_ffnn,0,bstar_2023,HP_Peak,anchor_only_XGBoost,peak,p0.05|n10,n_pred_nan,0.0,10,9
iter02b_ffnn,0,bstar_2023,HP_Peak,anchor_only_XGBoost,peak,p0.05|n10,mape_n_excluded,0.0,10,9
iter02b_ffnn,0,bstar_2023,HP_Peak,anchor_only_XGBoost,peak,p0.05|n20,rmse,7.537595684559346,10,7
iter02b_ffnn,0,bstar_2023,HP_Peak,anchor_only_XGBoost,peak,p0.05|n20,mae,7.031094640325923,10,7
iter02b_ffnn,0,bstar_2023,HP_Peak,anchor_only_XGBoost,peak,p0.05|n20,mape,124.8717296351939,10,7
iter02b_ffnn,0,bstar_2023,HP_Peak,anchor_only_XGBoost,peak,p0.05|n20,r2,-6.592643775763115,10,7
iter02b_ffnn,0,bstar_2023,HP_Peak,anchor_only_XGBoost,peak,p0.05|n20,n_pred_nan,0.0,10,7
iter02b_ffnn,0,bstar_2023,HP_Peak,anchor_only_XGBoost,peak,p0.05|n20,mape_n_excluded,0.0,10,7
iter02b_ffnn,0,bstar_2023,HP_Peak,anchor_only_XGBoost,peak,p0.05|n40,rmse,13.798689994762157,10,13
iter02b_ffnn,0,bstar_2023,HP_Peak,anchor_only_XGBoost,peak,p0.05|n40,mae,11.993690150530975,10,13
iter02b_ffnn,0,bstar_2023,HP_Peak,anchor_only_XGBoost,peak,p0.05|n40,mape,119.54253203602812,10,13
iter02b_ffnn,0,bstar_2023,HP_Peak,anchor_only_XGBoost,peak,p0.05|n40,r2,-10.32985930327209,10,13
iter02b_ffnn,0,bstar_2023,HP_Peak,anchor_only_XGBoost,peak,p0.05|n40,n_pred_nan,0.0,10,13
iter02b_ffnn,0,bstar_2023,HP_Peak,anchor_only_XGBoost,peak,p0.05|n40,mape_n_excluded,0.0,10,13
iter02b_ffnn,0,bstar_2023,HP_Peak,anchor_only_XGBoost,peak,p0.05|n80,rmse,12.676262669221542,5,12
iter02b_ffnn,0,bstar_2023,HP_Peak,anchor_only_XGBoost,peak,p0.05|n80,mae,10.829740502831672,5,12
iter02b_ffnn,0,bstar_2023,HP_Peak,anchor_only_XGBoost,peak,p0.05|n80,mape,40.70264839245674,5,12
iter02b_ffnn,0,bstar_2023,HP_Peak,anchor_only_XGBoost,peak,p0.05|n80,r2,-1.2889630475328913,5,12
iter02b_ffnn,0,bstar_2023,HP_Peak,anchor_only_XGBoost,peak,p0.05|n80,n_pred_nan,0.0,5,12
iter02b_ffnn,0,bstar_2023,HP_Peak,anchor_only_XGBoost,peak,p0.05|n80,mape_n_excluded,0.0,5,12
iter02b_ffnn,0,bstar_2023,HP_Peak,anchor_only_XGBoost,peak,p0.05|n120,rmse,39.176691483661166,5,15
iter02b_ffnn,0,bstar_2023,HP_Peak,anchor_only_XGBoost,peak,p0.05|n120,mae,33.25364022158179,5,15
iter02b_ffnn,0,bstar_2023,HP_Peak,anchor_only_XGBoost,peak,p0.05|n120,mape,83.84342107917388,5,15
iter02b_ffnn,0,bstar_2023,HP_Peak,anchor_only_XGBoost,peak,p0.05|n120,r2,-27.40271494905714,5,15
iter02b_ffnn,0,bstar_2023,HP_Peak,anchor_only_XGBoost,peak,p0.05|n120,n_pred_nan,0.0,5,15
iter02b_ffnn,0,bstar_2023,HP_Peak,anchor_only_XGBoost,peak,p0.05|n120,mape_n_excluded,0.0,5,15
iter02b_ffnn,0,bstar_2023,HP_Peak,anchor_only_XGBoost,peak,p0.1|n10,rmse,4.052836751359916,10,9
iter02b_ffnn,0,bstar_2023,HP_Peak,anchor_only_XGBoost,peak,p0.1|n10,mae,3.5184976996887123,10,9
iter02b_ffnn,0,bstar_2023,HP_Peak,anchor_only_XGBoost,peak,p0.1|n10,mape,45.7474689875106,10,9
iter02b_ffnn,0,bstar_2023,HP_Peak,anchor_only_XGBoost,peak,p0.1|n10,r2,-1.2418938393686068,10,9
iter02b_ffnn,0,bstar_2023,HP_Peak,anchor_only_XGBoost,peak,p0.1|n10,n_pred_nan,0.0,10,9
iter02b_ffnn,0,bstar_2023,HP_Peak,anchor_only_XGBoost,peak,p0.1|n10,mape_n_excluded,0.0,10,9
iter02b_ffnn,0,bstar_2023,HP_Peak,anchor_only_XGBoost,peak,p0.1|n20,rmse,4.809395274262604,10,12
iter02b_ffnn,0,bstar_2023,HP_Peak,anchor_only_XGBoost,peak,p0.1|n20,mae,4.391642171978845,10,12
iter02b_ffnn,0,bstar_2023,HP_Peak,anchor_only_XGBoost,peak,p0.1|n20,mape,34.146433253028405,10,12
iter02b_ffnn,0,bstar_2023,HP_Peak,anchor_only_XGBoost,peak,p0.1|n20,r2,0.4111858272438309,10,12
iter02b_ffnn,0,bstar_2023,HP_Peak,anchor_only_XGBoost,peak,p0.1|n20,n_pred_nan,0.0,10,12
iter02b_ffnn,0,bstar_2023,HP_Peak,anchor_only_XGBoost,peak,p0.1|n20,mape_n_excluded,0.0,10,12
iter02b_ffnn,0,bstar_2023,HP_Peak,anchor_only_XGBoost,peak,p0.1|n40,rmse,10.85479348320931,5,12
iter02b_ffnn,0,bstar_2023,HP_Peak,anchor_only_XGBoost,peak,p0.1|n40,mae,8.608837863330166,5,12
iter02b_ffnn,0,bstar_2023,HP_Peak,anchor_only_XGBoost,peak,p0.1|n40,mape,33.411179857598874,5,12
iter02b_ffnn,0,bstar_2023,HP_Peak,anchor_only_XGBoost,peak,p0.1|n40,r2,-0.0291593751751455,5,12
iter02b_ffnn,0,bstar_2023,HP_Peak,anchor_only_XGBoost,peak,p0.1|n40,n_pred_nan,0.0,5,12
iter02b_ffnn,0,bstar_2023,HP_Peak,anchor_only_XGBoost,peak,p0.1|n40,mape_n_excluded,0.0,5,12
iter02b_ffnn,0,bstar_2023,HP_Peak,anchor_only_XGBoost,peak,p0.1|n80,rmse,14.432992112195937,5,16
iter02b_ffnn,0,bstar_2023,HP_Peak,anchor_only_XGBoost,peak,p0.1|n80,mae,12.80282680507784,5,16
iter02b_ffnn,0,bstar_2023,HP_Peak,anchor_only_XGBoost,peak,p0.1|n80,mape,19.44088992908056,5,16
iter02b_ffnn,0,bstar_2023,HP_Peak,anchor_only_XGBoost,peak,p0.1|n80,r2,-1.0536276569342569,5,16
iter02b_ffnn,0,bstar_2023,HP_Peak,anchor_only_XGBoost,peak,p0.1|n80,n_pred_nan,0.0,5,16
iter02b_ffnn,0,bstar_2023,HP_Peak,anchor_only_XGBoost,peak,p0.1|n80,mape_n_excluded,0.0,5,16
iter02b_ffnn,0,bstar_2023,HP_Peak,anchor_only_XGBoost,peak,p0.1|n120,rmse,23.82981512850008,5,16
iter02b_ffnn,0,bstar_2023,HP_Peak,anchor_only_XGBoost,peak,p0.1|n120,mae,18.253703987011107,5,16
iter02b_ffnn,0,bstar_2023,HP_Peak,anchor_only_XGBoost,peak,p0.1|n120,mape,19.63231208032321,5,16
iter02b_ffnn,0,bstar_2023,HP_Peak,anchor_only_XGBoost,peak,p0.1|n120,r2,-7.182619271014664,5,16
iter02b_ffnn,0,bstar_2023,HP_Peak,anchor_only_XGBoost,peak,p0.1|n120,n_pred_nan,0.0,5,16
iter02b_ffnn,0,bstar_2023,HP_Peak,anchor_only_XGBoost,peak,p0.1|n120,mape_n_excluded,0.0,5,16
iter02b_ffnn,0,bstar_2023,HP_Peak,anchor_only_XGBoost,peak,p0.2|n10,rmse,4.642377124138542,10,12
iter02b_ffnn,0,bstar_2023,HP_Peak,anchor_only_XGBoost,peak,p0.2|n10,mae,3.854431180712909,10,12
iter02b_ffnn,0,bstar_2023,HP_Peak,anchor_only_XGBoost,peak,p0.2|n10,mape,26.95300186014833,10,12
iter02b_ffnn,0,bstar_2023,HP_Peak,anchor_only_XGBoost,peak,p0.2|n10,r2,-1.555475581043694,10,12
iter02b_ffnn,0,bstar_2023,HP_Peak,anchor_only_XGBoost,peak,p0.2|n10,n_pred_nan,0.0,10,12
iter02b_ffnn,0,bstar_2023,HP_Peak,anchor_only_XGBoost,peak,p0.2|n10,mape_n_excluded,0.0,10,12
iter02b_ffnn,0,bstar_2023,HP_Peak,anchor_only_XGBoost,peak,p0.2|n20,rmse,7.049351826177533,5,13
iter02b_ffnn,0,bstar_2023,HP_Peak,anchor_only_XGBoost,peak,p0.2|n20,mae,6.172961374512052,5,13
iter02b_ffnn,0,bstar_2023,HP_Peak,anchor_only_XGBoost,peak,p0.2|n20,mape,20.182782017248737,5,13
iter02b_ffnn,0,bstar_2023,HP_Peak,anchor_only_XGBoost,peak,p0.2|n20,r2,-3.320797400320182,5,13
iter02b_ffnn,0,bstar_2023,HP_Peak,anchor_only_XGBoost,peak,p0.2|n20,n_pred_nan,0.0,5,13
iter02b_ffnn,0,bstar_2023,HP_Peak,anchor_only_XGBoost,peak,p0.2|n20,mape_n_excluded,0.0,5,13
iter02b_ffnn,0,bstar_2023,HP_Peak,anchor_only_XGBoost,peak,p0.2|n40,rmse,26.71169973039628,5,16
iter02b_ffnn,0,bstar_2023,HP_Peak,anchor_only_XGBoost,peak,p0.2|n40,mae,25.68504452612383,5,16
iter02b_ffnn,0,bstar_2023,HP_Peak,anchor_only_XGBoost,peak,p0.2|n40,mape,37.50357326104811,5,16
iter02b_ffnn,0,bstar_2023,HP_Peak,anchor_only_XGBoost,peak,p0.2|n40,r2,-37.725620001668986,5,16
iter02b_ffnn,0,bstar_2023,HP_Peak,anchor_only_XGBoost,peak,p0.2|n40,n_pred_nan,0.0,5,16
iter02b_ffnn,0,bstar_2023,HP_Peak,anchor_only_XGBoost,peak,p0.2|n40,mape_n_excluded,0.0,5,16
iter02b_ffnn,0,bstar_2023,HP_Peak,anchor_only_XGBoost,peak,p0.3|n10,rmse,7.35600645410688,10,14
iter02b_ffnn,0,bstar_2023,HP_Peak,anchor_only_XGBoost,peak,p0.3|n10,mae,6.389201452136234,10,14
iter02b_ffnn,0,bstar_2023,HP_Peak,anchor_only_XGBoost,peak,p0.3|n10,mape,32.19180879426736,10,14
iter02b_ffnn,0,bstar_2023,HP_Peak,anchor_only_XGBoost,peak,p0.3|n10,r2,-5.034321598988769,10,14
iter02b_ffnn,0,bstar_2023,HP_Peak,anchor_only_XGBoost,peak,p0.3|n10,n_pred_nan,0.0,10,14
iter02b_ffnn,0,bstar_2023,HP_Peak,anchor_only_XGBoost,peak,p0.3|n10,mape_n_excluded,0.0,10,14
iter02b_ffnn,0,bstar_2023,HP_Peak,anchor_only_XGBoost,peak,p0.3|n20,rmse,9.774739549627183,5,14
iter02b_ffnn,0,bstar_2023,HP_Peak,anchor_only_XGBoost,peak,p0.3|n20,mae,9.097175564209431,5,14
iter02b_ffnn,0,bstar_2023,HP_Peak,anchor_only_XGBoost,peak,p0.3|n20,mape,18.784698262923712,5,14
iter02b_ffnn,0,bstar_2023,HP_Peak,anchor_only_XGBoost,peak,p0.3|n20,r2,0.1630745800152711,5,14
iter02b_ffnn,0,bstar_2023,HP_Peak,anchor_only_XGBoost,peak,p0.3|n20,n_pred_nan,0.0,5,14
iter02b_ffnn,0,bstar_2023,HP_Peak,anchor_only_XGBoost,peak,p0.3|n20,mape_n_excluded,0.0,5,14
iter02b_ffnn,0,bstar_2023,HP_Peak,anchor_only_XGBoost,peak,p0.3|n40,rmse,56.3455191025879,5,16
iter02b_ffnn,0,bstar_2023,HP_Peak,anchor_only_XGBoost,peak,p0.3|n40,mae,55.31486608623146,5,16
iter02b_ffnn,0,bstar_2023,HP_Peak,anchor_only_XGBoost,peak,p0.3|n40,mape,53.84114412837096,5,16
iter02b_ffnn,0,bstar_2023,HP_Peak,anchor_only_XGBoost,peak,p0.3|n40,r2,-149.68204538533234,5,16
iter02b_ffnn,0,bstar_2023,HP_Peak,anchor_only_XGBoost,peak,p0.3|n40,n_pred_nan,0.0,5,16
iter02b_ffnn,0,bstar_2023,HP_Peak,anchor_only_XGBoost,peak,p0.3|n40,mape_n_excluded,0.0,5,16
iter02b_ffnn,0,bstar_2023,HP_Peak,anchor_only_XGBoost,peak,p0.5|n10,rmse,16.86441523746923,5,12
iter02b_ffnn,0,bstar_2023,HP_Peak,anchor_only_XGBoost,peak,p0.5|n10,mae,15.971464775952612,5,12
iter02b_ffnn,0,bstar_2023,HP_Peak,anchor_only_XGBoost,peak,p0.5|n10,mape,37.658592122588445,5,12
iter02b_ffnn,0,bstar_2023,HP_Peak,anchor_only_XGBoost,peak,p0.5|n10,r2,-2.806470476978407,5,12
iter02b_ffnn,0,bstar_2023,HP_Peak,anchor_only_XGBoost,peak,p0.5|n10,n_pred_nan,0.0,5,12
iter02b_ffnn,0,bstar_2023,HP_Peak,anchor_only_XGBoost,peak,p0.5|n10,mape_n_excluded,0.0,5,12
iter02b_ffnn,0,bstar_2023,HP_Peak,anchor_only_XGBoost,peak,p0.5|n20,rmse,45.91746063285183,5,16
iter02b_ffnn,0,bstar_2023,HP_Peak,anchor_only_XGBoost,peak,p0.5|n20,mae,45.209430801172594,5,16
iter02b_ffnn,0,bstar_2023,HP_Peak,anchor_only_XGBoost,peak,p0.5|n20,mape,51.42397909192808,5,16
iter02b_ffnn,0,bstar_2023,HP_Peak,anchor_only_XGBoost,peak,p0.5|n20,r2,-114.27126420381435,5,16
iter02b_ffnn,0,bstar_2023,HP_Peak,anchor_only_XGBoost,peak,p0.5|n20,n_pred_nan,0.0,5,16
iter02b_ffnn,0,bstar_2023,HP_Peak,anchor_only_XGBoost,peak,p0.5|n20,mape_n_excluded,0.0,5,16
iter02b_ffnn,0,bstar_2023,HP_Peak,anchor_only_XGBoost,peak,p1.0|n10,rmse,42.68299084585883,5,16
iter02b_ffnn,0,bstar_2023,HP_Peak,anchor_only_XGBoost,peak,p1.0|n10,mae,39.2211385516121,5,16
iter02b_ffnn,0,bstar_2023,HP_Peak,anchor_only_XGBoost,peak,p1.0|n10,mape,43.851345036560105,5,16
iter02b_ffnn,0,bstar_2023,HP_Peak,anchor_only_XGBoost,peak,p1.0|n10,r2,-14.849846199315897,5,16
iter02b_ffnn,0,bstar_2023,HP_Peak,anchor_only_XGBoost,peak,p1.0|n10,n_pred_nan,0.0,5,16
iter02b_ffnn,0,bstar_2023,HP_Peak,anchor_only_XGBoost,peak,p1.0|n10,mape_n_excluded,0.0,5,16
iter02b_ffnn,0,bstar_2023,HP_Peak,anchor_only_XGBoost,size+peak,all,rmse,13.658664364502956,130,20
iter02b_ffnn,0,bstar_2023,HP_Peak,anchor_only_XGBoost,size+peak,all,mae,9.949059396566222,130,20
iter02b_ffnn,0,bstar_2023,HP_Peak,anchor_only_XGBoost,size+peak,all,mape,49.482813138812006,130,20
iter02b_ffnn,0,bstar_2023,HP_Peak,anchor_only_XGBoost,size+peak,all,r2,0.8041949179975882,130,20
iter02b_ffnn,0,bstar_2023,HP_Peak,anchor_only_XGBoost,size+peak,all,n_pred_nan,0.0,130,20
iter02b_ffnn,0,bstar_2023,HP_Peak,anchor_only_XGBoost,size+peak,all,mape_n_excluded,0.0,130,20
iter02b_ffnn,0,bstar_2023,HP_Peak,anchor_only_XGBoost,size+peak,p0.05|n10,rmse,6.903698798314135,10,9
iter02b_ffnn,0,bstar_2023,HP_Peak,anchor_only_XGBoost,size+peak,p0.05|n10,mae,5.3305103153838775,10,9
iter02b_ffnn,0,bstar_2023,HP_Peak,anchor_only_XGBoost,size+peak,p0.05|n10,mape,109.77713411582504,10,9
iter02b_ffnn,0,bstar_2023,HP_Peak,anchor_only_XGBoost,size+peak,p0.05|n10,r2,-10.187118851757742,10,9
iter02b_ffnn,0,bstar_2023,HP_Peak,anchor_only_XGBoost,size+peak,p0.05|n10,n_pred_nan,0.0,10,9
iter02b_ffnn,0,bstar_2023,HP_Peak,anchor_only_XGBoost,size+peak,p0.05|n10,mape_n_excluded,0.0,10,9
iter02b_ffnn,0,bstar_2023,HP_Peak,anchor_only_XGBoost,size+peak,p0.05|n20,rmse,8.257658209445621,10,7
iter02b_ffnn,0,bstar_2023,HP_Peak,anchor_only_XGBoost,size+peak,p0.05|n20,mae,7.493717664312738,10,7
iter02b_ffnn,0,bstar_2023,HP_Peak,anchor_only_XGBoost,size+peak,p0.05|n20,mape,129.33941754229758,10,7
iter02b_ffnn,0,bstar_2023,HP_Peak,anchor_only_XGBoost,size+peak,p0.05|n20,r2,-8.112575809567469,10,7
iter02b_ffnn,0,bstar_2023,HP_Peak,anchor_only_XGBoost,size+peak,p0.05|n20,n_pred_nan,0.0,10,7
iter02b_ffnn,0,bstar_2023,HP_Peak,anchor_only_XGBoost,size+peak,p0.05|n20,mape_n_excluded,0.0,10,7
iter02b_ffnn,0,bstar_2023,HP_Peak,anchor_only_XGBoost,size+peak,p0.05|n40,rmse,11.571633360614676,10,13
iter02b_ffnn,0,bstar_2023,HP_Peak,anchor_only_XGBoost,size+peak,p0.05|n40,mae,9.647757130712897,10,13
iter02b_ffnn,0,bstar_2023,HP_Peak,anchor_only_XGBoost,size+peak,p0.05|n40,mape,95.27719049215892,10,13
iter02b_ffnn,0,bstar_2023,HP_Peak,anchor_only_XGBoost,size+peak,p0.05|n40,r2,-6.967794617175798,10,13
iter02b_ffnn,0,bstar_2023,HP_Peak,anchor_only_XGBoost,size+peak,p0.05|n40,n_pred_nan,0.0,10,13
iter02b_ffnn,0,bstar_2023,HP_Peak,anchor_only_XGBoost,size+peak,p0.05|n40,mape_n_excluded,0.0,10,13
iter02b_ffnn,0,bstar_2023,HP_Peak,anchor_only_XGBoost,size+peak,p0.05|n80,rmse,7.786761375249702,5,12
iter02b_ffnn,0,bstar_2023,HP_Peak,anchor_only_XGBoost,size+peak,p0.05|n80,mae,7.041561818579265,5,12
iter02b_ffnn,0,bstar_2023,HP_Peak,anchor_only_XGBoost,size+peak,p0.05|n80,mape,23.82417437087249,5,12
iter02b_ffnn,0,bstar_2023,HP_Peak,anchor_only_XGBoost,size+peak,p0.05|n80,r2,0.1362858114255407,5,12
iter02b_ffnn,0,bstar_2023,HP_Peak,anchor_only_XGBoost,size+peak,p0.05|n80,n_pred_nan,0.0,5,12
iter02b_ffnn,0,bstar_2023,HP_Peak,anchor_only_XGBoost,size+peak,p0.05|n80,mape_n_excluded,0.0,5,12
iter02b_ffnn,0,bstar_2023,HP_Peak,anchor_only_XGBoost,size+peak,p0.05|n120,rmse,17.97804842611347,5,15
iter02b_ffnn,0,bstar_2023,HP_Peak,anchor_only_XGBoost,size+peak,p0.05|n120,mae,15.05706887148413,5,15
iter02b_ffnn,0,bstar_2023,HP_Peak,anchor_only_XGBoost,size+peak,p0.05|n120,mape,38.43193238083023,5,15
iter02b_ffnn,0,bstar_2023,HP_Peak,anchor_only_XGBoost,size+peak,p0.05|n120,r2,-4.981215278079569,5,15
iter02b_ffnn,0,bstar_2023,HP_Peak,anchor_only_XGBoost,size+peak,p0.05|n120,n_pred_nan,0.0,5,15
iter02b_ffnn,0,bstar_2023,HP_Peak,anchor_only_XGBoost,size+peak,p0.05|n120,mape_n_excluded,0.0,5,15
iter02b_ffnn,0,bstar_2023,HP_Peak,anchor_only_XGBoost,size+peak,p0.1|n10,rmse,5.2669210108199405,10,9
iter02b_ffnn,0,bstar_2023,HP_Peak,anchor_only_XGBoost,size+peak,p0.1|n10,mae,3.5895416202056807,10,9
iter02b_ffnn,0,bstar_2023,HP_Peak,anchor_only_XGBoost,size+peak,p0.1|n10,mape,49.98850757802871,10,9
iter02b_ffnn,0,bstar_2023,HP_Peak,anchor_only_XGBoost,size+peak,p0.1|n10,r2,-2.786259993303355,10,9
iter02b_ffnn,0,bstar_2023,HP_Peak,anchor_only_XGBoost,size+peak,p0.1|n10,n_pred_nan,0.0,10,9
iter02b_ffnn,0,bstar_2023,HP_Peak,anchor_only_XGBoost,size+peak,p0.1|n10,mape_n_excluded,0.0,10,9
iter02b_ffnn,0,bstar_2023,HP_Peak,anchor_only_XGBoost,size+peak,p0.1|n20,rmse,7.530687863341601,10,12
iter02b_ffnn,0,bstar_2023,HP_Peak,anchor_only_XGBoost,size+peak,p0.1|n20,mae,7.018447668194665,10,12
iter02b_ffnn,0,bstar_2023,HP_Peak,anchor_only_XGBoost,size+peak,p0.1|n20,mape,55.63823867012079,10,12
iter02b_ffnn,0,bstar_2023,HP_Peak,anchor_only_XGBoost,size+peak,p0.1|n20,r2,-0.4436655877391293,10,12
iter02b_ffnn,0,bstar_2023,HP_Peak,anchor_only_XGBoost,size+peak,p0.1|n20,n_pred_nan,0.0,10,12
iter02b_ffnn,0,bstar_2023,HP_Peak,anchor_only_XGBoost,size+peak,p0.1|n20,mape_n_excluded,0.0,10,12
iter02b_ffnn,0,bstar_2023,HP_Peak,anchor_only_XGBoost,size+peak,p0.1|n40,rmse,10.940536286909849,5,12
iter02b_ffnn,0,bstar_2023,HP_Peak,anchor_only_XGBoost,size+peak,p0.1|n40,mae,8.53687002395036,5,12
iter02b_ffnn,0,bstar_2023,HP_Peak,anchor_only_XGBoost,size+peak,p0.1|n40,mape,35.37026893206212,5,12
iter02b_ffnn,0,bstar_2023,HP_Peak,anchor_only_XGBoost,size+peak,p0.1|n40,r2,-0.0454823995420996,5,12
iter02b_ffnn,0,bstar_2023,HP_Peak,anchor_only_XGBoost,size+peak,p0.1|n40,n_pred_nan,0.0,5,12
iter02b_ffnn,0,bstar_2023,HP_Peak,anchor_only_XGBoost,size+peak,p0.1|n40,mape_n_excluded,0.0,5,12
iter02b_ffnn,0,bstar_2023,HP_Peak,anchor_only_XGBoost,size+peak,p0.1|n80,rmse,13.33187220152464,5,16
iter02b_ffnn,0,bstar_2023,HP_Peak,anchor_only_XGBoost,size+peak,p0.1|n80,mae,11.502426780175488,5,16
iter02b_ffnn,0,bstar_2023,HP_Peak,anchor_only_XGBoost,size+peak,p0.1|n80,mape,18.744398892599552,5,16
iter02b_ffnn,0,bstar_2023,HP_Peak,anchor_only_XGBoost,size+peak,p0.1|n80,r2,-0.752230516816931,5,16
iter02b_ffnn,0,bstar_2023,HP_Peak,anchor_only_XGBoost,size+peak,p0.1|n80,n_pred_nan,0.0,5,16
iter02b_ffnn,0,bstar_2023,HP_Peak,anchor_only_XGBoost,size+peak,p0.1|n80,mape_n_excluded,0.0,5,16
iter02b_ffnn,0,bstar_2023,HP_Peak,anchor_only_XGBoost,size+peak,p0.1|n120,rmse,13.977023458646151,5,16
iter02b_ffnn,0,bstar_2023,HP_Peak,anchor_only_XGBoost,size+peak,p0.1|n120,mae,10.05228904833984,5,16
iter02b_ffnn,0,bstar_2023,HP_Peak,anchor_only_XGBoost,size+peak,p0.1|n120,mape,10.628726887621328,5,16
iter02b_ffnn,0,bstar_2023,HP_Peak,anchor_only_XGBoost,size+peak,p0.1|n120,r2,-1.815012880070007,5,16
iter02b_ffnn,0,bstar_2023,HP_Peak,anchor_only_XGBoost,size+peak,p0.1|n120,n_pred_nan,0.0,5,16
iter02b_ffnn,0,bstar_2023,HP_Peak,anchor_only_XGBoost,size+peak,p0.1|n120,mape_n_excluded,0.0,5,16
iter02b_ffnn,0,bstar_2023,HP_Peak,anchor_only_XGBoost,size+peak,p0.2|n10,rmse,4.6212687346044685,10,12
iter02b_ffnn,0,bstar_2023,HP_Peak,anchor_only_XGBoost,size+peak,p0.2|n10,mae,4.026501407641618,10,12
iter02b_ffnn,0,bstar_2023,HP_Peak,anchor_only_XGBoost,size+peak,p0.2|n10,mape,28.502216050497665,10,12
iter02b_ffnn,0,bstar_2023,HP_Peak,anchor_only_XGBoost,size+peak,p0.2|n10,r2,-1.5322894682428876,10,12
iter02b_ffnn,0,bstar_2023,HP_Peak,anchor_only_XGBoost,size+peak,p0.2|n10,n_pred_nan,0.0,10,12
iter02b_ffnn,0,bstar_2023,HP_Peak,anchor_only_XGBoost,size+peak,p0.2|n10,mape_n_excluded,0.0,10,12
iter02b_ffnn,0,bstar_2023,HP_Peak,anchor_only_XGBoost,size+peak,p0.2|n20,rmse,5.65591846752907,5,13
iter02b_ffnn,0,bstar_2023,HP_Peak,anchor_only_XGBoost,size+peak,p0.2|n20,mae,5.023361697217002,5,13
iter02b_ffnn,0,bstar_2023,HP_Peak,anchor_only_XGBoost,size+peak,p0.2|n20,mape,17.064135790099375,5,13
iter02b_ffnn,0,bstar_2023,HP_Peak,anchor_only_XGBoost,size+peak,p0.2|n20,r2,-1.7814535452934384,5,13
iter02b_ffnn,0,bstar_2023,HP_Peak,anchor_only_XGBoost,size+peak,p0.2|n20,n_pred_nan,0.0,5,13
iter02b_ffnn,0,bstar_2023,HP_Peak,anchor_only_XGBoost,size+peak,p0.2|n20,mape_n_excluded,0.0,5,13
iter02b_ffnn,0,bstar_2023,HP_Peak,anchor_only_XGBoost,size+peak,p0.2|n40,rmse,14.179912133496728,5,16
iter02b_ffnn,0,bstar_2023,HP_Peak,anchor_only_XGBoost,size+peak,p0.2|n40,mae,13.07920727636797,5,16
iter02b_ffnn,0,bstar_2023,HP_Peak,anchor_only_XGBoost,size+peak,p0.2|n40,mape,19.27961514001546,5,16
iter02b_ffnn,0,bstar_2023,HP_Peak,anchor_only_XGBoost,size+peak,p0.2|n40,r2,-9.91295616705728,5,16
iter02b_ffnn,0,bstar_2023,HP_Peak,anchor_only_XGBoost,size+peak,p0.2|n40,n_pred_nan,0.0,5,16
iter02b_ffnn,0,bstar_2023,HP_Peak,anchor_only_XGBoost,size+peak,p0.2|n40,mape_n_excluded,0.0,5,16
iter02b_ffnn,0,bstar_2023,HP_Peak,anchor_only_XGBoost,size+peak,p0.3|n10,rmse,7.664867844634492,10,14
iter02b_ffnn,0,bstar_2023,HP_Peak,anchor_only_XGBoost,size+peak,p0.3|n10,mae,5.815350189727786,10,14
iter02b_ffnn,0,bstar_2023,HP_Peak,anchor_only_XGBoost,size+peak,p0.3|n10,mape,27.50679427639288,10,14
iter02b_ffnn,0,bstar_2023,HP_Peak,anchor_only_XGBoost,size+peak,p0.3|n10,r2,-5.551693791882277,10,14
iter02b_ffnn,0,bstar_2023,HP_Peak,anchor_only_XGBoost,size+peak,p0.3|n10,n_pred_nan,0.0,10,14
iter02b_ffnn,0,bstar_2023,HP_Peak,anchor_only_XGBoost,size+peak,p0.3|n10,mape_n_excluded,0.0,10,14
iter02b_ffnn,0,bstar_2023,HP_Peak,anchor_only_XGBoost,size+peak,p0.3|n20,rmse,6.89338184952541,5,14
iter02b_ffnn,0,bstar_2023,HP_Peak,anchor_only_XGBoost,size+peak,p0.3|n20,mae,5.481337828125168,5,14
iter02b_ffnn,0,bstar_2023,HP_Peak,anchor_only_XGBoost,size+peak,p0.3|n20,mape,11.46580851423009,5,14
iter02b_ffnn,0,bstar_2023,HP_Peak,anchor_only_XGBoost,size+peak,p0.3|n20,r2,0.5837626548610826,5,14
iter02b_ffnn,0,bstar_2023,HP_Peak,anchor_only_XGBoost,size+peak,p0.3|n20,n_pred_nan,0.0,5,14
iter02b_ffnn,0,bstar_2023,HP_Peak,anchor_only_XGBoost,size+peak,p0.3|n20,mape_n_excluded,0.0,5,14
iter02b_ffnn,0,bstar_2023,HP_Peak,anchor_only_XGBoost,size+peak,p0.3|n40,rmse,32.696059216053314,5,16
iter02b_ffnn,0,bstar_2023,HP_Peak,anchor_only_XGBoost,size+peak,p0.3|n40,mae,32.468314572559585,5,16
iter02b_ffnn,0,bstar_2023,HP_Peak,anchor_only_XGBoost,size+peak,p0.3|n40,mape,31.63537145746865,5,16
iter02b_ffnn,0,bstar_2023,HP_Peak,anchor_only_XGBoost,size+peak,p0.3|n40,r2,-49.738025292475314,5,16
iter02b_ffnn,0,bstar_2023,HP_Peak,anchor_only_XGBoost,size+peak,p0.3|n40,n_pred_nan,0.0,5,16
iter02b_ffnn,0,bstar_2023,HP_Peak,anchor_only_XGBoost,size+peak,p0.3|n40,mape_n_excluded,0.0,5,16
iter02b_ffnn,0,bstar_2023,HP_Peak,anchor_only_XGBoost,size+peak,p0.5|n10,rmse,13.41204957525321,5,12
iter02b_ffnn,0,bstar_2023,HP_Peak,anchor_only_XGBoost,size+peak,p0.5|n10,mae,12.366795967969214,5,12
iter02b_ffnn,0,bstar_2023,HP_Peak,anchor_only_XGBoost,size+peak,p0.5|n10,mape,29.409502803950687,5,12
iter02b_ffnn,0,bstar_2023,HP_Peak,anchor_only_XGBoost,size+peak,p0.5|n10,r2,-1.4075215987855554,5,12
iter02b_ffnn,0,bstar_2023,HP_Peak,anchor_only_XGBoost,size+peak,p0.5|n10,n_pred_nan,0.0,5,12
iter02b_ffnn,0,bstar_2023,HP_Peak,anchor_only_XGBoost,size+peak,p0.5|n10,mape_n_excluded,0.0,5,12
iter02b_ffnn,0,bstar_2023,HP_Peak,anchor_only_XGBoost,size+peak,p0.5|n20,rmse,28.105099078743248,5,16
iter02b_ffnn,0,bstar_2023,HP_Peak,anchor_only_XGBoost,size+peak,p0.5|n20,mae,26.021230422754627,5,16
iter02b_ffnn,0,bstar_2023,HP_Peak,anchor_only_XGBoost,size+peak,p0.5|n20,mape,29.39429320556865,5,16
iter02b_ffnn,0,bstar_2023,HP_Peak,anchor_only_XGBoost,size+peak,p0.5|n20,r2,-42.18526339936597,5,16
iter02b_ffnn,0,bstar_2023,HP_Peak,anchor_only_XGBoost,size+peak,p0.5|n20,n_pred_nan,0.0,5,16
iter02b_ffnn,0,bstar_2023,HP_Peak,anchor_only_XGBoost,size+peak,p0.5|n20,mape_n_excluded,0.0,5,16
iter02b_ffnn,0,bstar_2023,HP_Peak,anchor_only_XGBoost,size+peak,p1.0|n10,rmse,28.73830688272626,5,16
iter02b_ffnn,0,bstar_2023,HP_Peak,anchor_only_XGBoost,size+peak,p1.0|n10,mae,26.20142801084061,5,16
iter02b_ffnn,0,bstar_2023,HP_Peak,anchor_only_XGBoost,size+peak,p1.0|n10,mape,29.245915783150316,5,16
iter02b_ffnn,0,bstar_2023,HP_Peak,anchor_only_XGBoost,size+peak,p1.0|n10,r2,-6.18518115015259,5,16
iter02b_ffnn,0,bstar_2023,HP_Peak,anchor_only_XGBoost,size+peak,p1.0|n10,n_pred_nan,0.0,5,16
iter02b_ffnn,0,bstar_2023,HP_Peak,anchor_only_XGBoost,size+peak,p1.0|n10,mape_n_excluded,0.0,5,16
iter02b_ffnn,1,bstar_2023,HP_Peak,slope_only,none,all,rmse,8.935647110839717,130,20
iter02b_ffnn,1,bstar_2023,HP_Peak,slope_only,none,all,mae,6.325039105106779,130,20
iter02b_ffnn,1,bstar_2023,HP_Peak,slope_only,none,all,mape,34.843154852580994,130,20
iter02b_ffnn,1,bstar_2023,HP_Peak,slope_only,none,all,r2,0.8843761021040286,130,20
iter02b_ffnn,1,bstar_2023,HP_Peak,slope_only,none,all,n_pred_nan,0.0,130,20
iter02b_ffnn,1,bstar_2023,HP_Peak,slope_only,none,all,mape_n_excluded,0.0,130,20
iter02b_ffnn,1,bstar_2023,HP_Peak,slope_only,none,p0.05|n10,rmse,2.1147463411371428,10,8
iter02b_ffnn,1,bstar_2023,HP_Peak,slope_only,none,p0.05|n10,mae,1.631180119063821,10,8
iter02b_ffnn,1,bstar_2023,HP_Peak,slope_only,none,p0.05|n10,mape,34.853516382294266,10,8
iter02b_ffnn,1,bstar_2023,HP_Peak,slope_only,none,p0.05|n10,r2,-0.5045028191613157,10,8
iter02b_ffnn,1,bstar_2023,HP_Peak,slope_only,none,p0.05|n10,n_pred_nan,0.0,10,8
iter02b_ffnn,1,bstar_2023,HP_Peak,slope_only,none,p0.05|n10,mape_n_excluded,0.0,10,8
iter02b_ffnn,1,bstar_2023,HP_Peak,slope_only,none,p0.05|n20,rmse,5.57825577746111,10,6
iter02b_ffnn,1,bstar_2023,HP_Peak,slope_only,none,p0.05|n20,mae,4.584783376453381,10,6
iter02b_ffnn,1,bstar_2023,HP_Peak,slope_only,none,p0.05|n20,mape,80.89657701111035,10,6
iter02b_ffnn,1,bstar_2023,HP_Peak,slope_only,none,p0.05|n20,r2,-4.898237724731321,10,6
iter02b_ffnn,1,bstar_2023,HP_Peak,slope_only,none,p0.05|n20,n_pred_nan,0.0,10,6
iter02b_ffnn,1,bstar_2023,HP_Peak,slope_only,none,p0.05|n20,mape_n_excluded,0.0,10,6
iter02b_ffnn,1,bstar_2023,HP_Peak,slope_only,none,p0.05|n40,rmse,12.776979589467144,10,13
iter02b_ffnn,1,bstar_2023,HP_Peak,slope_only,none,p0.05|n40,mae,9.415767860909572,10,13
iter02b_ffnn,1,bstar_2023,HP_Peak,slope_only,none,p0.05|n40,mape,100.34125281635382,10,13
iter02b_ffnn,1,bstar_2023,HP_Peak,slope_only,none,p0.05|n40,r2,-15.293197283642634,10,13
iter02b_ffnn,1,bstar_2023,HP_Peak,slope_only,none,p0.05|n40,n_pred_nan,0.0,10,13
iter02b_ffnn,1,bstar_2023,HP_Peak,slope_only,none,p0.05|n40,mape_n_excluded,0.0,10,13
iter02b_ffnn,1,bstar_2023,HP_Peak,slope_only,none,p0.05|n80,rmse,12.73989784185949,5,14
iter02b_ffnn,1,bstar_2023,HP_Peak,slope_only,none,p0.05|n80,mae,11.5824845795427,5,14
iter02b_ffnn,1,bstar_2023,HP_Peak,slope_only,none,p0.05|n80,mape,44.1587689048918,5,14
iter02b_ffnn,1,bstar_2023,HP_Peak,slope_only,none,p0.05|n80,r2,-5.1333132939153225,5,14
iter02b_ffnn,1,bstar_2023,HP_Peak,slope_only,none,p0.05|n80,n_pred_nan,0.0,5,14
iter02b_ffnn,1,bstar_2023,HP_Peak,slope_only,none,p0.05|n80,mape_n_excluded,0.0,5,14
iter02b_ffnn,1,bstar_2023,HP_Peak,slope_only,none,p0.05|n120,rmse,20.88954346863588,5,15
iter02b_ffnn,1,bstar_2023,HP_Peak,slope_only,none,p0.05|n120,mae,20.031629798280573,5,15
iter02b_ffnn,1,bstar_2023,HP_Peak,slope_only,none,p0.05|n120,mape,54.93506712335521,5,15
iter02b_ffnn,1,bstar_2023,HP_Peak,slope_only,none,p0.05|n120,r2,-6.225193933799931,5,15
iter02b_ffnn,1,bstar_2023,HP_Peak,slope_only,none,p0.05|n120,n_pred_nan,0.0,5,15
iter02b_ffnn,1,bstar_2023,HP_Peak,slope_only,none,p0.05|n120,mape_n_excluded,0.0,5,15
iter02b_ffnn,1,bstar_2023,HP_Peak,slope_only,none,p0.1|n10,rmse,3.896513949360952,10,8
iter02b_ffnn,1,bstar_2023,HP_Peak,slope_only,none,p0.1|n10,mae,2.857421520273149,10,8
iter02b_ffnn,1,bstar_2023,HP_Peak,slope_only,none,p0.1|n10,mape,54.72044624860193,10,8
iter02b_ffnn,1,bstar_2023,HP_Peak,slope_only,none,p0.1|n10,r2,-0.825409627236289,10,8
iter02b_ffnn,1,bstar_2023,HP_Peak,slope_only,none,p0.1|n10,n_pred_nan,0.0,10,8
iter02b_ffnn,1,bstar_2023,HP_Peak,slope_only,none,p0.1|n10,mape_n_excluded,0.0,10,8
iter02b_ffnn,1,bstar_2023,HP_Peak,slope_only,none,p0.1|n20,rmse,2.577087944904242,10,11
iter02b_ffnn,1,bstar_2023,HP_Peak,slope_only,none,p0.1|n20,mae,1.934399817746964,10,11
iter02b_ffnn,1,bstar_2023,HP_Peak,slope_only,none,p0.1|n20,mape,17.848145084407776,10,11
iter02b_ffnn,1,bstar_2023,HP_Peak,slope_only,none,p0.1|n20,r2,0.5022514504908405,10,11
iter02b_ffnn,1,bstar_2023,HP_Peak,slope_only,none,p0.1|n20,n_pred_nan,0.0,10,11
iter02b_ffnn,1,bstar_2023,HP_Peak,slope_only,none,p0.1|n20,mape_n_excluded,0.0,10,11
iter02b_ffnn,1,bstar_2023,HP_Peak,slope_only,none,p0.1|n40,rmse,8.245508665803468,5,14
iter02b_ffnn,1,bstar_2023,HP_Peak,slope_only,none,p0.1|n40,mae,7.086444718627817,5,14
iter02b_ffnn,1,bstar_2023,HP_Peak,slope_only,none,p0.1|n40,mape,27.92928967549329,5,14
iter02b_ffnn,1,bstar_2023,HP_Peak,slope_only,none,p0.1|n40,r2,-3.796170175539276,5,14
iter02b_ffnn,1,bstar_2023,HP_Peak,slope_only,none,p0.1|n40,n_pred_nan,0.0,5,14
iter02b_ffnn,1,bstar_2023,HP_Peak,slope_only,none,p0.1|n40,mape_n_excluded,0.0,5,14
iter02b_ffnn,1,bstar_2023,HP_Peak,slope_only,none,p0.1|n80,rmse,9.294508696382286,5,16
iter02b_ffnn,1,bstar_2023,HP_Peak,slope_only,none,p0.1|n80,mae,7.303956018835163,5,16
iter02b_ffnn,1,bstar_2023,HP_Peak,slope_only,none,p0.1|n80,mape,14.675875223391404,5,16
iter02b_ffnn,1,bstar_2023,HP_Peak,slope_only,none,p0.1|n80,r2,0.1776455601875169,5,16
iter02b_ffnn,1,bstar_2023,HP_Peak,slope_only,none,p0.1|n80,n_pred_nan,0.0,5,16
iter02b_ffnn,1,bstar_2023,HP_Peak,slope_only,none,p0.1|n80,mape_n_excluded,0.0,5,16
iter02b_ffnn,1,bstar_2023,HP_Peak,slope_only,none,p0.1|n120,rmse,14.346972294214272,5,16
iter02b_ffnn,1,bstar_2023,HP_Peak,slope_only,none,p0.1|n120,mae,12.619293262761596,5,16
iter02b_ffnn,1,bstar_2023,HP_Peak,slope_only,none,p0.1|n120,mape,15.3483620351518,5,16
iter02b_ffnn,1,bstar_2023,HP_Peak,slope_only,none,p0.1|n120,r2,-13.060232023750956,5,16
iter02b_ffnn,1,bstar_2023,HP_Peak,slope_only,none,p0.1|n120,n_pred_nan,0.0,5,16
iter02b_ffnn,1,bstar_2023,HP_Peak,slope_only,none,p0.1|n120,mape_n_excluded,0.0,5,16
iter02b_ffnn,1,bstar_2023,HP_Peak,slope_only,none,p0.2|n10,rmse,3.488193088607149,10,13
iter02b_ffnn,1,bstar_2023,HP_Peak,slope_only,none,p0.2|n10,mae,2.8138240150070795,10,13
iter02b_ffnn,1,bstar_2023,HP_Peak,slope_only,none,p0.2|n10,mape,23.647092837855592,10,13
iter02b_ffnn,1,bstar_2023,HP_Peak,slope_only,none,p0.2|n10,r2,0.4418749190912788,10,13
iter02b_ffnn,1,bstar_2023,HP_Peak,slope_only,none,p0.2|n10,n_pred_nan,0.0,10,13
iter02b_ffnn,1,bstar_2023,HP_Peak,slope_only,none,p0.2|n10,mape_n_excluded,0.0,10,13
iter02b_ffnn,1,bstar_2023,HP_Peak,slope_only,none,p0.2|n20,rmse,5.7455014866435095,5,13
iter02b_ffnn,1,bstar_2023,HP_Peak,slope_only,none,p0.2|n20,mae,5.570783846651418,5,13
iter02b_ffnn,1,bstar_2023,HP_Peak,slope_only,none,p0.2|n20,mape,18.578799228456266,5,13
iter02b_ffnn,1,bstar_2023,HP_Peak,slope_only,none,p0.2|n20,r2,-10.214723994489136,5,13
iter02b_ffnn,1,bstar_2023,HP_Peak,slope_only,none,p0.2|n20,n_pred_nan,0.0,5,13
iter02b_ffnn,1,bstar_2023,HP_Peak,slope_only,none,p0.2|n20,mape_n_excluded,0.0,5,13
iter02b_ffnn,1,bstar_2023,HP_Peak,slope_only,none,p0.2|n40,rmse,13.320707478410185,5,16
iter02b_ffnn,1,bstar_2023,HP_Peak,slope_only,none,p0.2|n40,mae,12.314172174780444,5,16
iter02b_ffnn,1,bstar_2023,HP_Peak,slope_only,none,p0.2|n40,mape,22.71005102808652,5,16
iter02b_ffnn,1,bstar_2023,HP_Peak,slope_only,none,p0.2|n40,r2,-2.636091428718915,5,16
iter02b_ffnn,1,bstar_2023,HP_Peak,slope_only,none,p0.2|n40,n_pred_nan,0.0,5,16
iter02b_ffnn,1,bstar_2023,HP_Peak,slope_only,none,p0.2|n40,mape_n_excluded,0.0,5,16
iter02b_ffnn,1,bstar_2023,HP_Peak,slope_only,none,p0.3|n10,rmse,3.85478941290896,10,14
iter02b_ffnn,1,bstar_2023,HP_Peak,slope_only,none,p0.3|n10,mae,2.3908706561652417,10,14
iter02b_ffnn,1,bstar_2023,HP_Peak,slope_only,none,p0.3|n10,mape,11.789161826245746,10,14
iter02b_ffnn,1,bstar_2023,HP_Peak,slope_only,none,p0.3|n10,r2,0.775798279166573,10,14
iter02b_ffnn,1,bstar_2023,HP_Peak,slope_only,none,p0.3|n10,n_pred_nan,0.0,10,14
iter02b_ffnn,1,bstar_2023,HP_Peak,slope_only,none,p0.3|n10,mape_n_excluded,0.0,10,14
iter02b_ffnn,1,bstar_2023,HP_Peak,slope_only,none,p0.3|n20,rmse,1.2245365208815802,5,14
iter02b_ffnn,1,bstar_2023,HP_Peak,slope_only,none,p0.3|n20,mae,1.0014135048956667,5,14
iter02b_ffnn,1,bstar_2023,HP_Peak,slope_only,none,p0.3|n20,mape,2.831883350864252,5,14
iter02b_ffnn,1,bstar_2023,HP_Peak,slope_only,none,p0.3|n20,r2,0.9574584371416468,5,14
iter02b_ffnn,1,bstar_2023,HP_Peak,slope_only,none,p0.3|n20,n_pred_nan,0.0,5,14
iter02b_ffnn,1,bstar_2023,HP_Peak,slope_only,none,p0.3|n20,mape_n_excluded,0.0,5,14
iter02b_ffnn,1,bstar_2023,HP_Peak,slope_only,none,p0.3|n40,rmse,10.16673210156685,5,16
iter02b_ffnn,1,bstar_2023,HP_Peak,slope_only,none,p0.3|n40,mae,9.590042088157348,5,16
iter02b_ffnn,1,bstar_2023,HP_Peak,slope_only,none,p0.3|n40,mape,11.077467690087062,5,16
iter02b_ffnn,1,bstar_2023,HP_Peak,slope_only,none,p0.3|n40,r2,-5.502641864674161,5,16
iter02b_ffnn,1,bstar_2023,HP_Peak,slope_only,none,p0.3|n40,n_pred_nan,0.0,5,16
iter02b_ffnn,1,bstar_2023,HP_Peak,slope_only,none,p0.3|n40,mape_n_excluded,0.0,5,16
iter02b_ffnn,1,bstar_2023,HP_Peak,slope_only,none,p0.5|n10,rmse,8.93950796932643,5,13
iter02b_ffnn,1,bstar_2023,HP_Peak,slope_only,none,p0.5|n10,mae,6.5292093468334,5,13
iter02b_ffnn,1,bstar_2023,HP_Peak,slope_only,none,p0.5|n10,mape,18.366047685892504,5,13
iter02b_ffnn,1,bstar_2023,HP_Peak,slope_only,none,p0.5|n10,r2,-2.9026059827734585,5,13
iter02b_ffnn,1,bstar_2023,HP_Peak,slope_only,none,p0.5|n10,n_pred_nan,0.0,5,13
iter02b_ffnn,1,bstar_2023,HP_Peak,slope_only,none,p0.5|n10,mape_n_excluded,0.0,5,13
iter02b_ffnn,1,bstar_2023,HP_Peak,slope_only,none,p0.5|n20,rmse,9.112336834421958,5,16
iter02b_ffnn,1,bstar_2023,HP_Peak,slope_only,none,p0.5|n20,mae,8.577688797070653,5,16
iter02b_ffnn,1,bstar_2023,HP_Peak,slope_only,none,p0.5|n20,mape,11.477641763494736,5,16
iter02b_ffnn,1,bstar_2023,HP_Peak,slope_only,none,p0.5|n20,r2,-23.2310680299063,5,16
iter02b_ffnn,1,bstar_2023,HP_Peak,slope_only,none,p0.5|n20,n_pred_nan,0.0,5,16
iter02b_ffnn,1,bstar_2023,HP_Peak,slope_only,none,p0.5|n20,mape_n_excluded,0.0,5,16
iter02b_ffnn,1,bstar_2023,HP_Peak,slope_only,none,p1.0|n10,rmse,11.977242670503204,5,16
iter02b_ffnn,1,bstar_2023,HP_Peak,slope_only,none,p1.0|n10,mae,10.987403865101063,5,16
iter02b_ffnn,1,bstar_2023,HP_Peak,slope_only,none,p1.0|n10,mape,15.640388044201798,5,16
iter02b_ffnn,1,bstar_2023,HP_Peak,slope_only,none,p1.0|n10,r2,-1.7928451663331342,5,16
iter02b_ffnn,1,bstar_2023,HP_Peak,slope_only,none,p1.0|n10,n_pred_nan,0.0,5,16
iter02b_ffnn,1,bstar_2023,HP_Peak,slope_only,none,p1.0|n10,mape_n_excluded,0.0,5,16
iter02b_ffnn,1,bstar_2023,HP_Peak,slope_only,none,all,at_bound_share_train,0.0152173913043478,460,62
iter02b_ffnn,1,bstar_2023,HP_Peak,slope_only,none,all,at_bound_share_test,0.0307692307692307,130,20
iter02b_ffnn,1,bstar_2023,HP_Peak,slope_base,none,all,rmse,7.894696459611711,130,20
iter02b_ffnn,1,bstar_2023,HP_Peak,slope_base,none,all,mae,5.713292677003355,130,20
iter02b_ffnn,1,bstar_2023,HP_Peak,slope_base,none,all,mape,37.502964732165154,130,20
iter02b_ffnn,1,bstar_2023,HP_Peak,slope_base,none,all,r2,0.909745999494304,130,20
iter02b_ffnn,1,bstar_2023,HP_Peak,slope_base,none,all,n_pred_nan,0.0,130,20
iter02b_ffnn,1,bstar_2023,HP_Peak,slope_base,none,all,mape_n_excluded,0.0,130,20
iter02b_ffnn,1,bstar_2023,HP_Peak,slope_base,none,p0.05|n10,rmse,2.625960831712018,10,8
iter02b_ffnn,1,bstar_2023,HP_Peak,slope_base,none,p0.05|n10,mae,2.011706672292667,10,8
iter02b_ffnn,1,bstar_2023,HP_Peak,slope_base,none,p0.05|n10,mape,47.40517248899348,10,8
iter02b_ffnn,1,bstar_2023,HP_Peak,slope_base,none,p0.05|n10,r2,-1.3198127407558098,10,8
iter02b_ffnn,1,bstar_2023,HP_Peak,slope_base,none,p0.05|n10,n_pred_nan,0.0,10,8
iter02b_ffnn,1,bstar_2023,HP_Peak,slope_base,none,p0.05|n10,mape_n_excluded,0.0,10,8
iter02b_ffnn,1,bstar_2023,HP_Peak,slope_base,none,p0.05|n20,rmse,6.019242941742111,10,6
iter02b_ffnn,1,bstar_2023,HP_Peak,slope_base,none,p0.05|n20,mae,5.005058345276604,10,6
iter02b_ffnn,1,bstar_2023,HP_Peak,slope_base,none,p0.05|n20,mape,88.40999380050556,10,6
iter02b_ffnn,1,bstar_2023,HP_Peak,slope_base,none,p0.05|n20,r2,-5.867666053691454,10,6
iter02b_ffnn,1,bstar_2023,HP_Peak,slope_base,none,p0.05|n20,n_pred_nan,0.0,10,6
iter02b_ffnn,1,bstar_2023,HP_Peak,slope_base,none,p0.05|n20,mape_n_excluded,0.0,10,6
iter02b_ffnn,1,bstar_2023,HP_Peak,slope_base,none,p0.05|n40,rmse,12.922325441852434,10,13
iter02b_ffnn,1,bstar_2023,HP_Peak,slope_base,none,p0.05|n40,mae,9.411726634798034,10,13
iter02b_ffnn,1,bstar_2023,HP_Peak,slope_base,none,p0.05|n40,mape,97.2686734243922,10,13
iter02b_ffnn,1,bstar_2023,HP_Peak,slope_base,none,p0.05|n40,r2,-15.665995594932252,10,13
iter02b_ffnn,1,bstar_2023,HP_Peak,slope_base,none,p0.05|n40,n_pred_nan,0.0,10,13
iter02b_ffnn,1,bstar_2023,HP_Peak,slope_base,none,p0.05|n40,mape_n_excluded,0.0,10,13
iter02b_ffnn,1,bstar_2023,HP_Peak,slope_base,none,p0.05|n80,rmse,7.234001189809188,5,14
iter02b_ffnn,1,bstar_2023,HP_Peak,slope_base,none,p0.05|n80,mae,6.238395325630526,5,14
iter02b_ffnn,1,bstar_2023,HP_Peak,slope_base,none,p0.05|n80,mape,21.95010448613725,5,14
iter02b_ffnn,1,bstar_2023,HP_Peak,slope_base,none,p0.05|n80,r2,-0.9775178394151374,5,14
iter02b_ffnn,1,bstar_2023,HP_Peak,slope_base,none,p0.05|n80,n_pred_nan,0.0,5,14
iter02b_ffnn,1,bstar_2023,HP_Peak,slope_base,none,p0.05|n80,mape_n_excluded,0.0,5,14
iter02b_ffnn,1,bstar_2023,HP_Peak,slope_base,none,p0.05|n120,rmse,8.562043662033,5,15
iter02b_ffnn,1,bstar_2023,HP_Peak,slope_base,none,p0.05|n120,mae,6.488342245016125,5,15
iter02b_ffnn,1,bstar_2023,HP_Peak,slope_base,none,p0.05|n120,mape,17.731936729516946,5,15
iter02b_ffnn,1,bstar_2023,HP_Peak,slope_base,none,p0.05|n120,r2,-0.2137981952976682,5,15
iter02b_ffnn,1,bstar_2023,HP_Peak,slope_base,none,p0.05|n120,n_pred_nan,0.0,5,15
iter02b_ffnn,1,bstar_2023,HP_Peak,slope_base,none,p0.05|n120,mape_n_excluded,0.0,5,15
iter02b_ffnn,1,bstar_2023,HP_Peak,slope_base,none,p0.1|n10,rmse,4.527443450534962,10,8
iter02b_ffnn,1,bstar_2023,HP_Peak,slope_base,none,p0.1|n10,mae,3.377610902143972,10,8
iter02b_ffnn,1,bstar_2023,HP_Peak,slope_base,none,p0.1|n10,mape,73.5638136732796,10,8
iter02b_ffnn,1,bstar_2023,HP_Peak,slope_base,none,p0.1|n10,r2,-1.4644155193461676,10,8
iter02b_ffnn,1,bstar_2023,HP_Peak,slope_base,none,p0.1|n10,n_pred_nan,0.0,10,8
iter02b_ffnn,1,bstar_2023,HP_Peak,slope_base,none,p0.1|n10,mape_n_excluded,0.0,10,8
iter02b_ffnn,1,bstar_2023,HP_Peak,slope_base,none,p0.1|n20,rmse,3.11108751173106,10,11
iter02b_ffnn,1,bstar_2023,HP_Peak,slope_base,none,p0.1|n20,mae,2.458551761659877,10,11
iter02b_ffnn,1,bstar_2023,HP_Peak,slope_base,none,p0.1|n20,mape,24.18773375025692,10,11
iter02b_ffnn,1,bstar_2023,HP_Peak,slope_base,none,p0.1|n20,r2,0.2746026254343428,10,11
iter02b_ffnn,1,bstar_2023,HP_Peak,slope_base,none,p0.1|n20,n_pred_nan,0.0,10,11
iter02b_ffnn,1,bstar_2023,HP_Peak,slope_base,none,p0.1|n20,mape_n_excluded,0.0,10,11
iter02b_ffnn,1,bstar_2023,HP_Peak,slope_base,none,p0.1|n40,rmse,9.06839921604914,5,14
iter02b_ffnn,1,bstar_2023,HP_Peak,slope_base,none,p0.1|n40,mae,7.428364268257641,5,14
iter02b_ffnn,1,bstar_2023,HP_Peak,slope_base,none,p0.1|n40,mape,28.542501167326225,5,14
iter02b_ffnn,1,bstar_2023,HP_Peak,slope_base,none,p0.1|n40,r2,-4.801241440940856,5,14
iter02b_ffnn,1,bstar_2023,HP_Peak,slope_base,none,p0.1|n40,n_pred_nan,0.0,5,14
iter02b_ffnn,1,bstar_2023,HP_Peak,slope_base,none,p0.1|n40,mape_n_excluded,0.0,5,14
iter02b_ffnn,1,bstar_2023,HP_Peak,slope_base,none,p0.1|n80,rmse,8.52135566376444,5,16
iter02b_ffnn,1,bstar_2023,HP_Peak,slope_base,none,p0.1|n80,mae,7.934457998659336,5,16
iter02b_ffnn,1,bstar_2023,HP_Peak,slope_base,none,p0.1|n80,mape,14.48821912117082,5,16
iter02b_ffnn,1,bstar_2023,HP_Peak,slope_base,none,p0.1|n80,r2,0.3087684543718934,5,16
iter02b_ffnn,1,bstar_2023,HP_Peak,slope_base,none,p0.1|n80,n_pred_nan,0.0,5,16
iter02b_ffnn,1,bstar_2023,HP_Peak,slope_base,none,p0.1|n80,mape_n_excluded,0.0,5,16
iter02b_ffnn,1,bstar_2023,HP_Peak,slope_base,none,p0.1|n120,rmse,15.79902479803781,5,16
iter02b_ffnn,1,bstar_2023,HP_Peak,slope_base,none,p0.1|n120,mae,12.90963111211246,5,16
iter02b_ffnn,1,bstar_2023,HP_Peak,slope_base,none,p0.1|n120,mape,15.382940420637064,5,16
iter02b_ffnn,1,bstar_2023,HP_Peak,slope_base,none,p0.1|n120,r2,-16.050319825182804,5,16
iter02b_ffnn,1,bstar_2023,HP_Peak,slope_base,none,p0.1|n120,n_pred_nan,0.0,5,16
iter02b_ffnn,1,bstar_2023,HP_Peak,slope_base,none,p0.1|n120,mape_n_excluded,0.0,5,16
iter02b_ffnn,1,bstar_2023,HP_Peak,slope_base,none,p0.2|n10,rmse,5.095833956070512,10,13
iter02b_ffnn,1,bstar_2023,HP_Peak,slope_base,none,p0.2|n10,mae,4.159665668975121,10,13
iter02b_ffnn,1,bstar_2023,HP_Peak,slope_base,none,p0.2|n10,mape,40.1119936476831,10,13
iter02b_ffnn,1,bstar_2023,HP_Peak,slope_base,none,p0.2|n10,r2,-0.1911351520668893,10,13
iter02b_ffnn,1,bstar_2023,HP_Peak,slope_base,none,p0.2|n10,n_pred_nan,0.0,10,13
iter02b_ffnn,1,bstar_2023,HP_Peak,slope_base,none,p0.2|n10,mape_n_excluded,0.0,10,13
iter02b_ffnn,1,bstar_2023,HP_Peak,slope_base,none,p0.2|n20,rmse,7.36494177732862,5,13
iter02b_ffnn,1,bstar_2023,HP_Peak,slope_base,none,p0.2|n20,mae,6.759518915434574,5,13
iter02b_ffnn,1,bstar_2023,HP_Peak,slope_base,none,p0.2|n20,mape,22.562942797844425,5,13
iter02b_ffnn,1,bstar_2023,HP_Peak,slope_base,none,p0.2|n20,r2,-17.427708884254045,5,13
iter02b_ffnn,1,bstar_2023,HP_Peak,slope_base,none,p0.2|n20,n_pred_nan,0.0,5,13
iter02b_ffnn,1,bstar_2023,HP_Peak,slope_base,none,p0.2|n20,mape_n_excluded,0.0,5,13
iter02b_ffnn,1,bstar_2023,HP_Peak,slope_base,none,p0.2|n40,rmse,15.215112896672377,5,16
iter02b_ffnn,1,bstar_2023,HP_Peak,slope_base,none,p0.2|n40,mae,13.9947179977358,5,16
iter02b_ffnn,1,bstar_2023,HP_Peak,slope_base,none,p0.2|n40,mape,26.01347108039463,5,16
iter02b_ffnn,1,bstar_2023,HP_Peak,slope_base,none,p0.2|n40,r2,-3.7438458753808384,5,16
iter02b_ffnn,1,bstar_2023,HP_Peak,slope_base,none,p0.2|n40,n_pred_nan,0.0,5,16
iter02b_ffnn,1,bstar_2023,HP_Peak,slope_base,none,p0.2|n40,mape_n_excluded,0.0,5,16
iter02b_ffnn,1,bstar_2023,HP_Peak,slope_base,none,p0.3|n10,rmse,3.612749455576159,10,14
iter02b_ffnn,1,bstar_2023,HP_Peak,slope_base,none,p0.3|n10,mae,2.804430338915109,10,14
iter02b_ffnn,1,bstar_2023,HP_Peak,slope_base,none,p0.3|n10,mape,18.540402002827346,10,14
iter02b_ffnn,1,bstar_2023,HP_Peak,slope_base,none,p0.3|n10,r2,0.80306934966466,10,14
iter02b_ffnn,1,bstar_2023,HP_Peak,slope_base,none,p0.3|n10,n_pred_nan,0.0,10,14
iter02b_ffnn,1,bstar_2023,HP_Peak,slope_base,none,p0.3|n10,mape_n_excluded,0.0,10,14
iter02b_ffnn,1,bstar_2023,HP_Peak,slope_base,none,p0.3|n20,rmse,3.787361511550307,5,14
iter02b_ffnn,1,bstar_2023,HP_Peak,slope_base,none,p0.3|n20,mae,3.527658298050022,5,14
iter02b_ffnn,1,bstar_2023,HP_Peak,slope_base,none,p0.3|n20,mape,9.072947266345688,5,14
iter02b_ffnn,1,bstar_2023,HP_Peak,slope_base,none,p0.3|n20,r2,0.5930477264465088,5,14
iter02b_ffnn,1,bstar_2023,HP_Peak,slope_base,none,p0.3|n20,n_pred_nan,0.0,5,14
iter02b_ffnn,1,bstar_2023,HP_Peak,slope_base,none,p0.3|n20,mape_n_excluded,0.0,5,14
iter02b_ffnn,1,bstar_2023,HP_Peak,slope_base,none,p0.3|n40,rmse,9.070483227043692,5,16
iter02b_ffnn,1,bstar_2023,HP_Peak,slope_base,none,p0.3|n40,mae,8.76877707767089,5,16
iter02b_ffnn,1,bstar_2023,HP_Peak,slope_base,none,p0.3|n40,mape,10.144724563547598,5,16
iter02b_ffnn,1,bstar_2023,HP_Peak,slope_base,none,p0.3|n40,r2,-4.175924410252308,5,16
iter02b_ffnn,1,bstar_2023,HP_Peak,slope_base,none,p0.3|n40,n_pred_nan,0.0,5,16
iter02b_ffnn,1,bstar_2023,HP_Peak,slope_base,none,p0.3|n40,mape_n_excluded,0.0,5,16
iter02b_ffnn,1,bstar_2023,HP_Peak,slope_base,none,p0.5|n10,rmse,8.068476695920921,5,13
iter02b_ffnn,1,bstar_2023,HP_Peak,slope_base,none,p0.5|n10,mae,5.287137241099837,5,13
iter02b_ffnn,1,bstar_2023,HP_Peak,slope_base,none,p0.5|n10,mape,15.518570358466915,5,13
iter02b_ffnn,1,bstar_2023,HP_Peak,slope_base,none,p0.5|n10,r2,-2.1791467258015014,5,13
iter02b_ffnn,1,bstar_2023,HP_Peak,slope_base,none,p0.5|n10,n_pred_nan,0.0,5,13
iter02b_ffnn,1,bstar_2023,HP_Peak,slope_base,none,p0.5|n10,mape_n_excluded,0.0,5,13
iter02b_ffnn,1,bstar_2023,HP_Peak,slope_base,none,p0.5|n20,rmse,5.318522932366324,5,16
iter02b_ffnn,1,bstar_2023,HP_Peak,slope_base,none,p0.5|n20,mae,4.533438104788885,5,16
iter02b_ffnn,1,bstar_2023,HP_Peak,slope_base,none,p0.5|n20,mape,6.035876334383981,5,16
iter02b_ffnn,1,bstar_2023,HP_Peak,slope_base,none,p0.5|n20,r2,-7.2545822527369985,5,16
iter02b_ffnn,1,bstar_2023,HP_Peak,slope_base,none,p0.5|n20,n_pred_nan,0.0,5,16
iter02b_ffnn,1,bstar_2023,HP_Peak,slope_base,none,p0.5|n20,mape_n_excluded,0.0,5,16
iter02b_ffnn,1,bstar_2023,HP_Peak,slope_base,none,p1.0|n10,rmse,7.484532843118033,5,16
iter02b_ffnn,1,bstar_2023,HP_Peak,slope_base,none,p1.0|n10,mae,6.217670369508362,5,16
iter02b_ffnn,1,bstar_2023,HP_Peak,slope_base,none,p1.0|n10,mape,8.65728313464604,5,16
iter02b_ffnn,1,bstar_2023,HP_Peak,slope_base,none,p1.0|n10,r2,-0.0905926301257371,5,16
iter02b_ffnn,1,bstar_2023,HP_Peak,slope_base,none,p1.0|n10,n_pred_nan,0.0,5,16
iter02b_ffnn,1,bstar_2023,HP_Peak,slope_base,none,p1.0|n10,mape_n_excluded,0.0,5,16
iter02b_ffnn,1,bstar_2023,HP_Peak,slope_base,none,all,at_bound_share_train,0.0152173913043478,460,62
iter02b_ffnn,1,bstar_2023,HP_Peak,slope_base,none,all,at_bound_share_test,0.0307692307692307,130,20
iter02b_ffnn,1,bstar_2023,HP_Peak,calibrated_delta,none,all,rmse,9.189063063029344,130,20
iter02b_ffnn,1,bstar_2023,HP_Peak,calibrated_delta,none,all,mae,6.394228287241224,130,20
iter02b_ffnn,1,bstar_2023,HP_Peak,calibrated_delta,none,all,mape,36.79833760249976,130,20
iter02b_ffnn,1,bstar_2023,HP_Peak,calibrated_delta,none,all,r2,0.8777248929002398,130,20
iter02b_ffnn,1,bstar_2023,HP_Peak,calibrated_delta,none,all,n_pred_nan,0.0,130,20
iter02b_ffnn,1,bstar_2023,HP_Peak,calibrated_delta,none,all,mape_n_excluded,0.0,130,20
iter02b_ffnn,1,bstar_2023,HP_Peak,calibrated_delta,none,p0.05|n10,rmse,2.362602929744224,10,8
iter02b_ffnn,1,bstar_2023,HP_Peak,calibrated_delta,none,p0.05|n10,mae,1.968761050525188,10,8
iter02b_ffnn,1,bstar_2023,HP_Peak,calibrated_delta,none,p0.05|n10,mape,45.129891226007615,10,8
iter02b_ffnn,1,bstar_2023,HP_Peak,calibrated_delta,none,p0.05|n10,r2,-0.8778371116168375,10,8
iter02b_ffnn,1,bstar_2023,HP_Peak,calibrated_delta,none,p0.05|n10,n_pred_nan,0.0,10,8
iter02b_ffnn,1,bstar_2023,HP_Peak,calibrated_delta,none,p0.05|n10,mape_n_excluded,0.0,10,8
iter02b_ffnn,1,bstar_2023,HP_Peak,calibrated_delta,none,p0.05|n20,rmse,6.1242709830623765,10,6
iter02b_ffnn,1,bstar_2023,HP_Peak,calibrated_delta,none,p0.05|n20,mae,5.256473963924595,10,6
iter02b_ffnn,1,bstar_2023,HP_Peak,calibrated_delta,none,p0.05|n20,mape,94.44266750692071,10,6
iter02b_ffnn,1,bstar_2023,HP_Peak,calibrated_delta,none,p0.05|n20,r2,-6.109420831720334,10,6
iter02b_ffnn,1,bstar_2023,HP_Peak,calibrated_delta,none,p0.05|n20,n_pred_nan,0.0,10,6
iter02b_ffnn,1,bstar_2023,HP_Peak,calibrated_delta,none,p0.05|n20,mape_n_excluded,0.0,10,6
iter02b_ffnn,1,bstar_2023,HP_Peak,calibrated_delta,none,p0.05|n40,rmse,13.5776131371607,10,13
iter02b_ffnn,1,bstar_2023,HP_Peak,calibrated_delta,none,p0.05|n40,mae,9.799218862165208,10,13
iter02b_ffnn,1,bstar_2023,HP_Peak,calibrated_delta,none,p0.05|n40,mape,103.15778548285826,10,13
iter02b_ffnn,1,bstar_2023,HP_Peak,calibrated_delta,none,p0.05|n40,r2,-17.399108253975452,10,13
iter02b_ffnn,1,bstar_2023,HP_Peak,calibrated_delta,none,p0.05|n40,n_pred_nan,0.0,10,13
iter02b_ffnn,1,bstar_2023,HP_Peak,calibrated_delta,none,p0.05|n40,mape_n_excluded,0.0,10,13
iter02b_ffnn,1,bstar_2023,HP_Peak,calibrated_delta,none,p0.05|n80,rmse,14.088674828352673,5,14
iter02b_ffnn,1,bstar_2023,HP_Peak,calibrated_delta,none,p0.05|n80,mae,12.615417802094282,5,14
iter02b_ffnn,1,bstar_2023,HP_Peak,calibrated_delta,none,p0.05|n80,mape,48.25309935006607,5,14
iter02b_ffnn,1,bstar_2023,HP_Peak,calibrated_delta,none,p0.05|n80,r2,-6.50073028973537,5,14
iter02b_ffnn,1,bstar_2023,HP_Peak,calibrated_delta,none,p0.05|n80,n_pred_nan,0.0,5,14
iter02b_ffnn,1,bstar_2023,HP_Peak,calibrated_delta,none,p0.05|n80,mape_n_excluded,0.0,5,14
iter02b_ffnn,1,bstar_2023,HP_Peak,calibrated_delta,none,p0.05|n120,rmse,22.558745464382024,5,15
iter02b_ffnn,1,bstar_2023,HP_Peak,calibrated_delta,none,p0.05|n120,mae,21.965064566808238,5,15
iter02b_ffnn,1,bstar_2023,HP_Peak,calibrated_delta,none,p0.05|n120,mape,60.90251528446346,5,15
iter02b_ffnn,1,bstar_2023,HP_Peak,calibrated_delta,none,p0.05|n120,r2,-7.426000860008205,5,15
iter02b_ffnn,1,bstar_2023,HP_Peak,calibrated_delta,none,p0.05|n120,n_pred_nan,0.0,5,15
iter02b_ffnn,1,bstar_2023,HP_Peak,calibrated_delta,none,p0.05|n120,mape_n_excluded,0.0,5,15
iter02b_ffnn,1,bstar_2023,HP_Peak,calibrated_delta,none,p0.1|n10,rmse,3.686585713326041,10,8
iter02b_ffnn,1,bstar_2023,HP_Peak,calibrated_delta,none,p0.1|n10,mae,2.5336247987521388,10,8
iter02b_ffnn,1,bstar_2023,HP_Peak,calibrated_delta,none,p0.1|n10,mape,52.414282133175405,10,8
iter02b_ffnn,1,bstar_2023,HP_Peak,calibrated_delta,none,p0.1|n10,r2,-0.6340168755578117,10,8
iter02b_ffnn,1,bstar_2023,HP_Peak,calibrated_delta,none,p0.1|n10,n_pred_nan,0.0,10,8
iter02b_ffnn,1,bstar_2023,HP_Peak,calibrated_delta,none,p0.1|n10,mape_n_excluded,0.0,10,8
iter02b_ffnn,1,bstar_2023,HP_Peak,calibrated_delta,none,p0.1|n20,rmse,2.2463631012479435,10,11
iter02b_ffnn,1,bstar_2023,HP_Peak,calibrated_delta,none,p0.1|n20,mae,1.715839746614082,10,11
iter02b_ffnn,1,bstar_2023,HP_Peak,calibrated_delta,none,p0.1|n20,mape,15.76840397743078,10,11
iter02b_ffnn,1,bstar_2023,HP_Peak,calibrated_delta,none,p0.1|n20,r2,0.6218087837021227,10,11
iter02b_ffnn,1,bstar_2023,HP_Peak,calibrated_delta,none,p0.1|n20,n_pred_nan,0.0,10,11
iter02b_ffnn,1,bstar_2023,HP_Peak,calibrated_delta,none,p0.1|n20,mape_n_excluded,0.0,10,11
iter02b_ffnn,1,bstar_2023,HP_Peak,calibrated_delta,none,p0.1|n40,rmse,8.309121426387216,5,14
iter02b_ffnn,1,bstar_2023,HP_Peak,calibrated_delta,none,p0.1|n40,mae,6.882061697641748,5,14
iter02b_ffnn,1,bstar_2023,HP_Peak,calibrated_delta,none,p0.1|n40,mape,27.208168609031645,5,14
iter02b_ffnn,1,bstar_2023,HP_Peak,calibrated_delta,none,p0.1|n40,r2,-3.870458985806637,5,14
iter02b_ffnn,1,bstar_2023,HP_Peak,calibrated_delta,none,p0.1|n40,n_pred_nan,0.0,5,14
iter02b_ffnn,1,bstar_2023,HP_Peak,calibrated_delta,none,p0.1|n40,mape_n_excluded,0.0,5,14
iter02b_ffnn,1,bstar_2023,HP_Peak,calibrated_delta,none,p0.1|n80,rmse,10.049567326922444,5,16
iter02b_ffnn,1,bstar_2023,HP_Peak,calibrated_delta,none,p0.1|n80,mae,7.936242907287415,5,16
iter02b_ffnn,1,bstar_2023,HP_Peak,calibrated_delta,none,p0.1|n80,mape,15.8155094264711,5,16
iter02b_ffnn,1,bstar_2023,HP_Peak,calibrated_delta,none,p0.1|n80,r2,0.0386071377131241,5,16
iter02b_ffnn,1,bstar_2023,HP_Peak,calibrated_delta,none,p0.1|n80,n_pred_nan,0.0,5,16
iter02b_ffnn,1,bstar_2023,HP_Peak,calibrated_delta,none,p0.1|n80,mape_n_excluded,0.0,5,16
iter02b_ffnn,1,bstar_2023,HP_Peak,calibrated_delta,none,p0.1|n120,rmse,15.623818609046433,5,16
iter02b_ffnn,1,bstar_2023,HP_Peak,calibrated_delta,none,p0.1|n120,mae,13.101323172029575,5,16
iter02b_ffnn,1,bstar_2023,HP_Peak,calibrated_delta,none,p0.1|n120,mape,15.85953615696401,5,16
iter02b_ffnn,1,bstar_2023,HP_Peak,calibrated_delta,none,p0.1|n120,r2,-15.674251381728444,5,16
iter02b_ffnn,1,bstar_2023,HP_Peak,calibrated_delta,none,p0.1|n120,n_pred_nan,0.0,5,16
iter02b_ffnn,1,bstar_2023,HP_Peak,calibrated_delta,none,p0.1|n120,mape_n_excluded,0.0,5,16
iter02b_ffnn,1,bstar_2023,HP_Peak,calibrated_delta,none,p0.2|n10,rmse,3.4233314754913504,10,13
iter02b_ffnn,1,bstar_2023,HP_Peak,calibrated_delta,none,p0.2|n10,mae,2.603849026476999,10,13
iter02b_ffnn,1,bstar_2023,HP_Peak,calibrated_delta,none,p0.2|n10,mape,22.092921601583026,10,13
iter02b_ffnn,1,bstar_2023,HP_Peak,calibrated_delta,none,p0.2|n10,r2,0.4624381856843124,10,13
iter02b_ffnn,1,bstar_2023,HP_Peak,calibrated_delta,none,p0.2|n10,n_pred_nan,0.0,10,13
iter02b_ffnn,1,bstar_2023,HP_Peak,calibrated_delta,none,p0.2|n10,mape_n_excluded,0.0,10,13
iter02b_ffnn,1,bstar_2023,HP_Peak,calibrated_delta,none,p0.2|n20,rmse,5.589683047540769,5,13
iter02b_ffnn,1,bstar_2023,HP_Peak,calibrated_delta,none,p0.2|n20,mae,5.456793331624428,5,13
iter02b_ffnn,1,bstar_2023,HP_Peak,calibrated_delta,none,p0.2|n20,mape,18.179742878741088,5,13
iter02b_ffnn,1,bstar_2023,HP_Peak,calibrated_delta,none,p0.2|n20,r2,-9.614684065237636,5,13
iter02b_ffnn,1,bstar_2023,HP_Peak,calibrated_delta,none,p0.2|n20,n_pred_nan,0.0,5,13
iter02b_ffnn,1,bstar_2023,HP_Peak,calibrated_delta,none,p0.2|n20,mape_n_excluded,0.0,5,13
iter02b_ffnn,1,bstar_2023,HP_Peak,calibrated_delta,none,p0.2|n40,rmse,13.238447108376748,5,16
iter02b_ffnn,1,bstar_2023,HP_Peak,calibrated_delta,none,p0.2|n40,mae,12.501577738968152,5,16
iter02b_ffnn,1,bstar_2023,HP_Peak,calibrated_delta,none,p0.2|n40,mape,23.114131056432683,5,16
iter02b_ffnn,1,bstar_2023,HP_Peak,calibrated_delta,none,p0.2|n40,r2,-2.5913216324809407,5,16
iter02b_ffnn,1,bstar_2023,HP_Peak,calibrated_delta,none,p0.2|n40,n_pred_nan,0.0,5,16
iter02b_ffnn,1,bstar_2023,HP_Peak,calibrated_delta,none,p0.2|n40,mape_n_excluded,0.0,5,16
iter02b_ffnn,1,bstar_2023,HP_Peak,calibrated_delta,none,p0.3|n10,rmse,3.380598022950048,10,14
iter02b_ffnn,1,bstar_2023,HP_Peak,calibrated_delta,none,p0.3|n10,mae,2.3273005726285056,10,14
iter02b_ffnn,1,bstar_2023,HP_Peak,calibrated_delta,none,p0.3|n10,mape,12.589608940600172,10,14
iter02b_ffnn,1,bstar_2023,HP_Peak,calibrated_delta,none,p0.3|n10,r2,0.8275652892488435,10,14
iter02b_ffnn,1,bstar_2023,HP_Peak,calibrated_delta,none,p0.3|n10,n_pred_nan,0.0,10,14
iter02b_ffnn,1,bstar_2023,HP_Peak,calibrated_delta,none,p0.3|n10,mape_n_excluded,0.0,10,14
iter02b_ffnn,1,bstar_2023,HP_Peak,calibrated_delta,none,p0.3|n20,rmse,1.731930444605348,5,14
iter02b_ffnn,1,bstar_2023,HP_Peak,calibrated_delta,none,p0.3|n20,mae,1.610385896575216,5,14
iter02b_ffnn,1,bstar_2023,HP_Peak,calibrated_delta,none,p0.3|n20,mape,4.465787091367287,5,14
iter02b_ffnn,1,bstar_2023,HP_Peak,calibrated_delta,none,p0.3|n20,r2,0.914899747377605,5,14
iter02b_ffnn,1,bstar_2023,HP_Peak,calibrated_delta,none,p0.3|n20,n_pred_nan,0.0,5,14
iter02b_ffnn,1,bstar_2023,HP_Peak,calibrated_delta,none,p0.3|n20,mape_n_excluded,0.0,5,14
iter02b_ffnn,1,bstar_2023,HP_Peak,calibrated_delta,none,p0.3|n40,rmse,7.464884007593032,5,16
iter02b_ffnn,1,bstar_2023,HP_Peak,calibrated_delta,none,p0.3|n40,mae,6.961754842203431,5,16
iter02b_ffnn,1,bstar_2023,HP_Peak,calibrated_delta,none,p0.3|n40,mape,8.04637775176342,5,16
iter02b_ffnn,1,bstar_2023,HP_Peak,calibrated_delta,none,p0.3|n40,r2,-2.505687529993154,5,16
iter02b_ffnn,1,bstar_2023,HP_Peak,calibrated_delta,none,p0.3|n40,n_pred_nan,0.0,5,16
iter02b_ffnn,1,bstar_2023,HP_Peak,calibrated_delta,none,p0.3|n40,mape_n_excluded,0.0,5,16
iter02b_ffnn,1,bstar_2023,HP_Peak,calibrated_delta,none,p0.5|n10,rmse,8.351951589102041,5,13
iter02b_ffnn,1,bstar_2023,HP_Peak,calibrated_delta,none,p0.5|n10,mae,6.302034027989163,5,13
iter02b_ffnn,1,bstar_2023,HP_Peak,calibrated_delta,none,p0.5|n10,mape,18.028332924748284,5,13
iter02b_ffnn,1,bstar_2023,HP_Peak,calibrated_delta,none,p0.5|n10,r2,-2.406460919840957,5,13
iter02b_ffnn,1,bstar_2023,HP_Peak,calibrated_delta,none,p0.5|n10,n_pred_nan,0.0,5,13
iter02b_ffnn,1,bstar_2023,HP_Peak,calibrated_delta,none,p0.5|n10,mape_n_excluded,0.0,5,13
iter02b_ffnn,1,bstar_2023,HP_Peak,calibrated_delta,none,p0.5|n20,rmse,8.513511915678533,5,16
iter02b_ffnn,1,bstar_2023,HP_Peak,calibrated_delta,none,p0.5|n20,mae,8.016928574293924,5,16
iter02b_ffnn,1,bstar_2023,HP_Peak,calibrated_delta,none,p0.5|n20,mape,10.718542692515934,5,16
iter02b_ffnn,1,bstar_2023,HP_Peak,calibrated_delta,none,p0.5|n20,r2,-20.15098140843099,5,16
iter02b_ffnn,1,bstar_2023,HP_Peak,calibrated_delta,none,p0.5|n20,n_pred_nan,0.0,5,16
iter02b_ffnn,1,bstar_2023,HP_Peak,calibrated_delta,none,p0.5|n20,mape_n_excluded,0.0,5,16
iter02b_ffnn,1,bstar_2023,HP_Peak,calibrated_delta,none,p1.0|n10,rmse,11.31257179544032,5,16
iter02b_ffnn,1,bstar_2023,HP_Peak,calibrated_delta,none,p1.0|n10,mae,10.490214868582823,5,16
iter02b_ffnn,1,bstar_2023,HP_Peak,calibrated_delta,none,p1.0|n10,mape,14.973912705276804,5,16
iter02b_ffnn,1,bstar_2023,HP_Peak,calibrated_delta,none,p1.0|n10,r2,-1.491471126706266,5,16
iter02b_ffnn,1,bstar_2023,HP_Peak,calibrated_delta,none,p1.0|n10,n_pred_nan,0.0,5,16
iter02b_ffnn,1,bstar_2023,HP_Peak,calibrated_delta,none,p1.0|n10,mape_n_excluded,0.0,5,16
iter02b_ffnn,1,bstar_2023,HP_Peak,calibrated_delta,none,all,at_bound_share_train,0.0152173913043478,460,62
iter02b_ffnn,1,bstar_2023,HP_Peak,calibrated_delta,none,all,at_bound_share_test,0.0307692307692307,130,20
iter02b_ffnn,1,bstar_2023,HP_Peak,hdh,none,all,rmse,9.139166699120482,130,20
iter02b_ffnn,1,bstar_2023,HP_Peak,hdh,none,all,mae,6.374883069929012,130,20
iter02b_ffnn,1,bstar_2023,HP_Peak,hdh,none,all,mape,37.09474898530976,130,20
iter02b_ffnn,1,bstar_2023,HP_Peak,hdh,none,all,r2,0.8790491887159535,130,20
iter02b_ffnn,1,bstar_2023,HP_Peak,hdh,none,all,n_pred_nan,0.0,130,20
iter02b_ffnn,1,bstar_2023,HP_Peak,hdh,none,all,mape_n_excluded,0.0,130,20
iter02b_ffnn,1,bstar_2023,HP_Peak,hdh,none,p0.05|n10,rmse,2.409935540906617,10,8
iter02b_ffnn,1,bstar_2023,HP_Peak,hdh,none,p0.05|n10,mae,2.002144871450483,10,8
iter02b_ffnn,1,bstar_2023,HP_Peak,hdh,none,p0.05|n10,mape,45.88196815007144,10,8
iter02b_ffnn,1,bstar_2023,HP_Peak,hdh,none,p0.05|n10,r2,-0.9538323432008202,10,8
iter02b_ffnn,1,bstar_2023,HP_Peak,hdh,none,p0.05|n10,n_pred_nan,0.0,10,8
iter02b_ffnn,1,bstar_2023,HP_Peak,hdh,none,p0.05|n10,mape_n_excluded,0.0,10,8
iter02b_ffnn,1,bstar_2023,HP_Peak,hdh,none,p0.05|n20,rmse,6.067890369216481,10,6
iter02b_ffnn,1,bstar_2023,HP_Peak,hdh,none,p0.05|n20,mae,5.225903304121737,10,6
iter02b_ffnn,1,bstar_2023,HP_Peak,hdh,none,p0.05|n20,mape,94.8325682137333,10,6
iter02b_ffnn,1,bstar_2023,HP_Peak,hdh,none,p0.05|n20,r2,-5.979123378778481,10,6
iter02b_ffnn,1,bstar_2023,HP_Peak,hdh,none,p0.05|n20,n_pred_nan,0.0,10,6
iter02b_ffnn,1,bstar_2023,HP_Peak,hdh,none,p0.05|n20,mape_n_excluded,0.0,10,6
iter02b_ffnn,1,bstar_2023,HP_Peak,hdh,none,p0.05|n40,rmse,13.672383950478158,10,13
iter02b_ffnn,1,bstar_2023,HP_Peak,hdh,none,p0.05|n40,mae,9.900919274270754,10,13
iter02b_ffnn,1,bstar_2023,HP_Peak,hdh,none,p0.05|n40,mape,104.39883668588368,10,13
iter02b_ffnn,1,bstar_2023,HP_Peak,hdh,none,p0.05|n40,r2,-17.656853688903794,10,13
iter02b_ffnn,1,bstar_2023,HP_Peak,hdh,none,p0.05|n40,n_pred_nan,0.0,10,13
iter02b_ffnn,1,bstar_2023,HP_Peak,hdh,none,p0.05|n40,mape_n_excluded,0.0,10,13
iter02b_ffnn,1,bstar_2023,HP_Peak,hdh,none,p0.05|n80,rmse,13.901946931028592,5,14
iter02b_ffnn,1,bstar_2023,HP_Peak,hdh,none,p0.05|n80,mae,12.40787825023221,5,14
iter02b_ffnn,1,bstar_2023,HP_Peak,hdh,none,p0.05|n80,mape,47.52262115357258,5,14
iter02b_ffnn,1,bstar_2023,HP_Peak,hdh,none,p0.05|n80,r2,-6.3032221444651775,5,14
iter02b_ffnn,1,bstar_2023,HP_Peak,hdh,none,p0.05|n80,n_pred_nan,0.0,5,14
iter02b_ffnn,1,bstar_2023,HP_Peak,hdh,none,p0.05|n80,mape_n_excluded,0.0,5,14
iter02b_ffnn,1,bstar_2023,HP_Peak,hdh,none,p0.05|n120,rmse,22.200710795566973,5,15
iter02b_ffnn,1,bstar_2023,HP_Peak,hdh,none,p0.05|n120,mae,21.6223623626044,5,15
iter02b_ffnn,1,bstar_2023,HP_Peak,hdh,none,p0.05|n120,mape,60.02695892115006,5,15
iter02b_ffnn,1,bstar_2023,HP_Peak,hdh,none,p0.05|n120,r2,-7.160661611420885,5,15
iter02b_ffnn,1,bstar_2023,HP_Peak,hdh,none,p0.05|n120,n_pred_nan,0.0,5,15
iter02b_ffnn,1,bstar_2023,HP_Peak,hdh,none,p0.05|n120,mape_n_excluded,0.0,5,15
iter02b_ffnn,1,bstar_2023,HP_Peak,hdh,none,p0.1|n10,rmse,3.754837657371092,10,8
iter02b_ffnn,1,bstar_2023,HP_Peak,hdh,none,p0.1|n10,mae,2.593448658834813,10,8
iter02b_ffnn,1,bstar_2023,HP_Peak,hdh,none,p0.1|n10,mape,53.16308529099819,10,8
iter02b_ffnn,1,bstar_2023,HP_Peak,hdh,none,p0.1|n10,r2,-0.6950799836480968,10,8
iter02b_ffnn,1,bstar_2023,HP_Peak,hdh,none,p0.1|n10,n_pred_nan,0.0,10,8
iter02b_ffnn,1,bstar_2023,HP_Peak,hdh,none,p0.1|n10,mape_n_excluded,0.0,10,8
iter02b_ffnn,1,bstar_2023,HP_Peak,hdh,none,p0.1|n20,rmse,2.404507514670724,10,11
iter02b_ffnn,1,bstar_2023,HP_Peak,hdh,none,p0.1|n20,mae,1.8293422722971344,10,11
iter02b_ffnn,1,bstar_2023,HP_Peak,hdh,none,p0.1|n20,mape,16.82071581008043,10,11
iter02b_ffnn,1,bstar_2023,HP_Peak,hdh,none,p0.1|n20,r2,0.5666849216856549,10,11
iter02b_ffnn,1,bstar_2023,HP_Peak,hdh,none,p0.1|n20,n_pred_nan,0.0,10,11
iter02b_ffnn,1,bstar_2023,HP_Peak,hdh,none,p0.1|n20,mape_n_excluded,0.0,10,11
iter02b_ffnn,1,bstar_2023,HP_Peak,hdh,none,p0.1|n40,rmse,8.2355001922977,5,14
iter02b_ffnn,1,bstar_2023,HP_Peak,hdh,none,p0.1|n40,mae,6.8398872539328845,5,14
iter02b_ffnn,1,bstar_2023,HP_Peak,hdh,none,p0.1|n40,mape,26.93750795411517,5,14
iter02b_ffnn,1,bstar_2023,HP_Peak,hdh,none,p0.1|n40,r2,-3.7845339718227,5,14
iter02b_ffnn,1,bstar_2023,HP_Peak,hdh,none,p0.1|n40,n_pred_nan,0.0,5,14
iter02b_ffnn,1,bstar_2023,HP_Peak,hdh,none,p0.1|n40,mape_n_excluded,0.0,5,14
iter02b_ffnn,1,bstar_2023,HP_Peak,hdh,none,p0.1|n80,rmse,10.263922159379158,5,16
iter02b_ffnn,1,bstar_2023,HP_Peak,hdh,none,p0.1|n80,mae,8.028256811726227,5,16
iter02b_ffnn,1,bstar_2023,HP_Peak,hdh,none,p0.1|n80,mape,16.03761246224597,5,16
iter02b_ffnn,1,bstar_2023,HP_Peak,hdh,none,p0.1|n80,r2,-0.0028428091099961,5,16
iter02b_ffnn,1,bstar_2023,HP_Peak,hdh,none,p0.1|n80,n_pred_nan,0.0,5,16
iter02b_ffnn,1,bstar_2023,HP_Peak,hdh,none,p0.1|n80,mape_n_excluded,0.0,5,16
iter02b_ffnn,1,bstar_2023,HP_Peak,hdh,none,p0.1|n120,rmse,15.637112957270295,5,16
iter02b_ffnn,1,bstar_2023,HP_Peak,hdh,none,p0.1|n120,mae,13.044977869632351,5,16
iter02b_ffnn,1,bstar_2023,HP_Peak,hdh,none,p0.1|n120,mape,15.77682642391785,5,16
iter02b_ffnn,1,bstar_2023,HP_Peak,hdh,none,p0.1|n120,r2,-15.702639782923846,5,16
iter02b_ffnn,1,bstar_2023,HP_Peak,hdh,none,p0.1|n120,n_pred_nan,0.0,5,16
iter02b_ffnn,1,bstar_2023,HP_Peak,hdh,none,p0.1|n120,mape_n_excluded,0.0,5,16
iter02b_ffnn,1,bstar_2023,HP_Peak,hdh,none,p0.2|n10,rmse,3.463199598511352,10,13
iter02b_ffnn,1,bstar_2023,HP_Peak,hdh,none,p0.2|n10,mae,2.6233648948665302,10,13
iter02b_ffnn,1,bstar_2023,HP_Peak,hdh,none,p0.2|n10,mape,22.787745733986416,10,13
iter02b_ffnn,1,bstar_2023,HP_Peak,hdh,none,p0.2|n10,r2,0.4498443852846695,10,13
iter02b_ffnn,1,bstar_2023,HP_Peak,hdh,none,p0.2|n10,n_pred_nan,0.0,10,13
iter02b_ffnn,1,bstar_2023,HP_Peak,hdh,none,p0.2|n10,mape_n_excluded,0.0,10,13
iter02b_ffnn,1,bstar_2023,HP_Peak,hdh,none,p0.2|n20,rmse,5.666203585618754,5,13
iter02b_ffnn,1,bstar_2023,HP_Peak,hdh,none,p0.2|n20,mae,5.530715604321251,5,13
iter02b_ffnn,1,bstar_2023,HP_Peak,hdh,none,p0.2|n20,mape,18.43456140995977,5,13
iter02b_ffnn,1,bstar_2023,HP_Peak,hdh,none,p0.2|n20,r2,-9.907294919802762,5,13
iter02b_ffnn,1,bstar_2023,HP_Peak,hdh,none,p0.2|n20,n_pred_nan,0.0,5,13
iter02b_ffnn,1,bstar_2023,HP_Peak,hdh,none,p0.2|n20,mape_n_excluded,0.0,5,13
iter02b_ffnn,1,bstar_2023,HP_Peak,hdh,none,p0.2|n40,rmse,13.208887558919308,5,16
iter02b_ffnn,1,bstar_2023,HP_Peak,hdh,none,p0.2|n40,mae,12.542153433184064,5,16
iter02b_ffnn,1,bstar_2023,HP_Peak,hdh,none,p0.2|n40,mape,23.21072374237306,5,16
iter02b_ffnn,1,bstar_2023,HP_Peak,hdh,none,p0.2|n40,r2,-2.575301727587919,5,16
iter02b_ffnn,1,bstar_2023,HP_Peak,hdh,none,p0.2|n40,n_pred_nan,0.0,5,16
iter02b_ffnn,1,bstar_2023,HP_Peak,hdh,none,p0.2|n40,mape_n_excluded,0.0,5,16
iter02b_ffnn,1,bstar_2023,HP_Peak,hdh,none,p0.3|n10,rmse,3.3361175551945523,10,14
iter02b_ffnn,1,bstar_2023,HP_Peak,hdh,none,p0.3|n10,mae,2.301714518521822,10,14
iter02b_ffnn,1,bstar_2023,HP_Peak,hdh,none,p0.3|n10,mape,12.529946164961872,10,14
iter02b_ffnn,1,bstar_2023,HP_Peak,hdh,none,p0.3|n10,r2,0.8320730818929223,10,14
iter02b_ffnn,1,bstar_2023,HP_Peak,hdh,none,p0.3|n10,n_pred_nan,0.0,10,14
iter02b_ffnn,1,bstar_2023,HP_Peak,hdh,none,p0.3|n10,mape_n_excluded,0.0,10,14
iter02b_ffnn,1,bstar_2023,HP_Peak,hdh,none,p0.3|n20,rmse,1.8142707331950771,5,14
iter02b_ffnn,1,bstar_2023,HP_Peak,hdh,none,p0.3|n20,mae,1.7121379465193862,5,14
iter02b_ffnn,1,bstar_2023,HP_Peak,hdh,none,p0.3|n20,mape,4.6929144982702224,5,14
iter02b_ffnn,1,bstar_2023,HP_Peak,hdh,none,p0.3|n20,r2,0.9066156401662412,5,14
iter02b_ffnn,1,bstar_2023,HP_Peak,hdh,none,p0.3|n20,n_pred_nan,0.0,5,14
iter02b_ffnn,1,bstar_2023,HP_Peak,hdh,none,p0.3|n20,mape_n_excluded,0.0,5,14
iter02b_ffnn,1,bstar_2023,HP_Peak,hdh,none,p0.3|n40,rmse,7.122723268988696,5,16
iter02b_ffnn,1,bstar_2023,HP_Peak,hdh,none,p0.3|n40,mae,6.626274420445833,5,16
iter02b_ffnn,1,bstar_2023,HP_Peak,hdh,none,p0.3|n40,mape,7.657687971764364,5,16
iter02b_ffnn,1,bstar_2023,HP_Peak,hdh,none,p0.3|n40,r2,-2.191679095522579,5,16
iter02b_ffnn,1,bstar_2023,HP_Peak,hdh,none,p0.3|n40,n_pred_nan,0.0,5,16
iter02b_ffnn,1,bstar_2023,HP_Peak,hdh,none,p0.3|n40,mape_n_excluded,0.0,5,16
iter02b_ffnn,1,bstar_2023,HP_Peak,hdh,none,p0.5|n10,rmse,8.329006899486199,5,13
iter02b_ffnn,1,bstar_2023,HP_Peak,hdh,none,p0.5|n10,mae,6.331027546327922,5,13
iter02b_ffnn,1,bstar_2023,HP_Peak,hdh,none,p0.5|n10,mape,18.189382335852265,5,13
iter02b_ffnn,1,bstar_2023,HP_Peak,hdh,none,p0.5|n10,r2,-2.387770000514525,5,13
iter02b_ffnn,1,bstar_2023,HP_Peak,hdh,none,p0.5|n10,n_pred_nan,0.0,5,13
iter02b_ffnn,1,bstar_2023,HP_Peak,hdh,none,p0.5|n10,mape_n_excluded,0.0,5,13
iter02b_ffnn,1,bstar_2023,HP_Peak,hdh,none,p0.5|n20,rmse,8.289079252357276,5,16
iter02b_ffnn,1,bstar_2023,HP_Peak,hdh,none,p0.5|n20,mae,7.760705984120752,5,16
iter02b_ffnn,1,bstar_2023,HP_Peak,hdh,none,p0.5|n20,mape,10.37037234180375,5,16
iter02b_ffnn,1,bstar_2023,HP_Peak,hdh,none,p0.5|n20,r2,-19.05051864764471,5,16
iter02b_ffnn,1,bstar_2023,HP_Peak,hdh,none,p0.5|n20,n_pred_nan,0.0,5,16
iter02b_ffnn,1,bstar_2023,HP_Peak,hdh,none,p0.5|n20,mape_n_excluded,0.0,5,16
iter02b_ffnn,1,bstar_2023,HP_Peak,hdh,none,p1.0|n10,rmse,11.135096155299344,5,16
iter02b_ffnn,1,bstar_2023,HP_Peak,hdh,none,p1.0|n10,mae,10.346906746380489,5,16
iter02b_ffnn,1,bstar_2023,HP_Peak,hdh,none,p1.0|n10,mape,14.776572303598227,5,16
iter02b_ffnn,1,bstar_2023,HP_Peak,hdh,none,p1.0|n10,r2,-1.413910172663904,5,16
iter02b_ffnn,1,bstar_2023,HP_Peak,hdh,none,p1.0|n10,n_pred_nan,0.0,5,16
iter02b_ffnn,1,bstar_2023,HP_Peak,hdh,none,p1.0|n10,mape_n_excluded,0.0,5,16
iter02b_ffnn,1,bstar_2023,HP_Peak,FFNN,none,all,rmse,15.00147078777861,130,20
iter02b_ffnn,1,bstar_2023,HP_Peak,FFNN,none,all,mae,10.76571134756754,130,20
iter02b_ffnn,1,bstar_2023,HP_Peak,FFNN,none,all,mape,74.26678298590032,130,20
iter02b_ffnn,1,bstar_2023,HP_Peak,FFNN,none,all,r2,0.6741158268363849,130,20
iter02b_ffnn,1,bstar_2023,HP_Peak,FFNN,none,all,n_pred_nan,0.0,130,20
iter02b_ffnn,1,bstar_2023,HP_Peak,FFNN,none,all,mape_n_excluded,0.0,130,20
iter02b_ffnn,1,bstar_2023,HP_Peak,FFNN,none,p0.05|n10,rmse,8.485470811694494,10,8
iter02b_ffnn,1,bstar_2023,HP_Peak,FFNN,none,p0.05|n10,mae,6.38598824037026,10,8
iter02b_ffnn,1,bstar_2023,HP_Peak,FFNN,none,p0.05|n10,mape,170.83578280384697,10,8
iter02b_ffnn,1,bstar_2023,HP_Peak,FFNN,none,p0.05|n10,r2,-23.223022313181065,10,8
iter02b_ffnn,1,bstar_2023,HP_Peak,FFNN,none,p0.05|n10,n_pred_nan,0.0,10,8
iter02b_ffnn,1,bstar_2023,HP_Peak,FFNN,none,p0.05|n10,mape_n_excluded,0.0,10,8
iter02b_ffnn,1,bstar_2023,HP_Peak,FFNN,none,p0.05|n20,rmse,6.406636722856803,10,6
iter02b_ffnn,1,bstar_2023,HP_Peak,FFNN,none,p0.05|n20,mae,5.458824321009734,10,6
iter02b_ffnn,1,bstar_2023,HP_Peak,FFNN,none,p0.05|n20,mape,114.15509001628077,10,6
iter02b_ffnn,1,bstar_2023,HP_Peak,FFNN,none,p0.05|n20,r2,-6.780107938256405,10,6
iter02b_ffnn,1,bstar_2023,HP_Peak,FFNN,none,p0.05|n20,n_pred_nan,0.0,10,6
iter02b_ffnn,1,bstar_2023,HP_Peak,FFNN,none,p0.05|n20,mape_n_excluded,0.0,10,6
iter02b_ffnn,1,bstar_2023,HP_Peak,FFNN,none,p0.05|n40,rmse,17.933946907893187,10,13
iter02b_ffnn,1,bstar_2023,HP_Peak,FFNN,none,p0.05|n40,mae,11.55810292615515,10,13
iter02b_ffnn,1,bstar_2023,HP_Peak,FFNN,none,p0.05|n40,mape,117.83304556699218,10,13
iter02b_ffnn,1,bstar_2023,HP_Peak,FFNN,none,p0.05|n40,r2,-31.09975173607603,10,13
iter02b_ffnn,1,bstar_2023,HP_Peak,FFNN,none,p0.05|n40,n_pred_nan,0.0,10,13
iter02b_ffnn,1,bstar_2023,HP_Peak,FFNN,none,p0.05|n40,mape_n_excluded,0.0,10,13
iter02b_ffnn,1,bstar_2023,HP_Peak,FFNN,none,p0.05|n80,rmse,6.247625841333048,5,14
iter02b_ffnn,1,bstar_2023,HP_Peak,FFNN,none,p0.05|n80,mae,5.500933299316657,5,14
iter02b_ffnn,1,bstar_2023,HP_Peak,FFNN,none,p0.05|n80,mape,19.03360178675819,5,14
iter02b_ffnn,1,bstar_2023,HP_Peak,FFNN,none,p0.05|n80,r2,-0.4750042899009377,5,14
iter02b_ffnn,1,bstar_2023,HP_Peak,FFNN,none,p0.05|n80,n_pred_nan,0.0,5,14
iter02b_ffnn,1,bstar_2023,HP_Peak,FFNN,none,p0.05|n80,mape_n_excluded,0.0,5,14
iter02b_ffnn,1,bstar_2023,HP_Peak,FFNN,none,p0.05|n120,rmse,13.478198838297129,5,15
iter02b_ffnn,1,bstar_2023,HP_Peak,FFNN,none,p0.05|n120,mae,10.762814421710075,5,15
iter02b_ffnn,1,bstar_2023,HP_Peak,FFNN,none,p0.05|n120,mape,29.85183484719953,5,15
iter02b_ffnn,1,bstar_2023,HP_Peak,FFNN,none,p0.05|n120,r2,-2.007844146033004,5,15
iter02b_ffnn,1,bstar_2023,HP_Peak,FFNN,none,p0.05|n120,n_pred_nan,0.0,5,15
iter02b_ffnn,1,bstar_2023,HP_Peak,FFNN,none,p0.05|n120,mape_n_excluded,0.0,5,15
iter02b_ffnn,1,bstar_2023,HP_Peak,FFNN,none,p0.1|n10,rmse,12.031581299677748,10,8
iter02b_ffnn,1,bstar_2023,HP_Peak,FFNN,none,p0.1|n10,mae,8.264210511923649,10,8
iter02b_ffnn,1,bstar_2023,HP_Peak,FFNN,none,p0.1|n10,mape,178.7850333466336,10,8
iter02b_ffnn,1,bstar_2023,HP_Peak,FFNN,none,p0.1|n10,r2,-16.404168769968006,10,8
iter02b_ffnn,1,bstar_2023,HP_Peak,FFNN,none,p0.1|n10,n_pred_nan,0.0,10,8
iter02b_ffnn,1,bstar_2023,HP_Peak,FFNN,none,p0.1|n10,mape_n_excluded,0.0,10,8
iter02b_ffnn,1,bstar_2023,HP_Peak,FFNN,none,p0.1|n20,rmse,7.751647950717369,10,11
iter02b_ffnn,1,bstar_2023,HP_Peak,FFNN,none,p0.1|n20,mae,6.391878323599903,10,11
iter02b_ffnn,1,bstar_2023,HP_Peak,FFNN,none,p0.1|n20,mape,68.71160233060507,10,11
iter02b_ffnn,1,bstar_2023,HP_Peak,FFNN,none,p0.1|n20,r2,-3.503390480095104,10,11
iter02b_ffnn,1,bstar_2023,HP_Peak,FFNN,none,p0.1|n20,n_pred_nan,0.0,10,11
iter02b_ffnn,1,bstar_2023,HP_Peak,FFNN,none,p0.1|n20,mape_n_excluded,0.0,10,11
iter02b_ffnn,1,bstar_2023,HP_Peak,FFNN,none,p0.1|n40,rmse,12.60354454017286,5,14
iter02b_ffnn,1,bstar_2023,HP_Peak,FFNN,none,p0.1|n40,mae,9.491590847195246,5,14
iter02b_ffnn,1,bstar_2023,HP_Peak,FFNN,none,p0.1|n40,mape,34.24386639396724,5,14
iter02b_ffnn,1,bstar_2023,HP_Peak,FFNN,none,p0.1|n40,r2,-10.205857107563114,5,14
iter02b_ffnn,1,bstar_2023,HP_Peak,FFNN,none,p0.1|n40,n_pred_nan,0.0,5,14
iter02b_ffnn,1,bstar_2023,HP_Peak,FFNN,none,p0.1|n40,mape_n_excluded,0.0,5,14
iter02b_ffnn,1,bstar_2023,HP_Peak,FFNN,none,p0.1|n80,rmse,10.968744984650488,5,16
iter02b_ffnn,1,bstar_2023,HP_Peak,FFNN,none,p0.1|n80,mae,7.411465111305875,5,16
iter02b_ffnn,1,bstar_2023,HP_Peak,FFNN,none,p0.1|n80,mape,11.415895919792645,5,16
iter02b_ffnn,1,bstar_2023,HP_Peak,FFNN,none,p0.1|n80,r2,-0.1453020667285474,5,16
iter02b_ffnn,1,bstar_2023,HP_Peak,FFNN,none,p0.1|n80,n_pred_nan,0.0,5,16
iter02b_ffnn,1,bstar_2023,HP_Peak,FFNN,none,p0.1|n80,mape_n_excluded,0.0,5,16
iter02b_ffnn,1,bstar_2023,HP_Peak,FFNN,none,p0.1|n120,rmse,31.09611569803415,5,16
iter02b_ffnn,1,bstar_2023,HP_Peak,FFNN,none,p0.1|n120,mae,26.387798714518727,5,16
iter02b_ffnn,1,bstar_2023,HP_Peak,FFNN,none,p0.1|n120,mape,31.51835655345984,5,16
iter02b_ffnn,1,bstar_2023,HP_Peak,FFNN,none,p0.1|n120,r2,-65.05173886323772,5,16
iter02b_ffnn,1,bstar_2023,HP_Peak,FFNN,none,p0.1|n120,n_pred_nan,0.0,5,16
iter02b_ffnn,1,bstar_2023,HP_Peak,FFNN,none,p0.1|n120,mape_n_excluded,0.0,5,16
iter02b_ffnn,1,bstar_2023,HP_Peak,FFNN,none,p0.2|n10,rmse,10.187647006797423,10,13
iter02b_ffnn,1,bstar_2023,HP_Peak,FFNN,none,p0.2|n10,mae,8.997746940548287,10,13
iter02b_ffnn,1,bstar_2023,HP_Peak,FFNN,none,p0.2|n10,mape,85.24201022223346,10,13
iter02b_ffnn,1,bstar_2023,HP_Peak,FFNN,none,p0.2|n10,r2,-3.760781853996432,10,13
iter02b_ffnn,1,bstar_2023,HP_Peak,FFNN,none,p0.2|n10,n_pred_nan,0.0,10,13
iter02b_ffnn,1,bstar_2023,HP_Peak,FFNN,none,p0.2|n10,mape_n_excluded,0.0,10,13
iter02b_ffnn,1,bstar_2023,HP_Peak,FFNN,none,p0.2|n20,rmse,18.87717583289553,5,13
iter02b_ffnn,1,bstar_2023,HP_Peak,FFNN,none,p0.2|n20,mae,16.96862228190859,5,13
iter02b_ffnn,1,bstar_2023,HP_Peak,FFNN,none,p0.2|n20,mape,54.868647591883416,5,13
iter02b_ffnn,1,bstar_2023,HP_Peak,FFNN,none,p0.2|n20,r2,-120.06169469450435,5,13
iter02b_ffnn,1,bstar_2023,HP_Peak,FFNN,none,p0.2|n20,n_pred_nan,0.0,5,13
iter02b_ffnn,1,bstar_2023,HP_Peak,FFNN,none,p0.2|n20,mape_n_excluded,0.0,5,13
iter02b_ffnn,1,bstar_2023,HP_Peak,FFNN,none,p0.2|n40,rmse,14.35436659245394,5,16
iter02b_ffnn,1,bstar_2023,HP_Peak,FFNN,none,p0.2|n40,mae,11.180858692466357,5,16
iter02b_ffnn,1,bstar_2023,HP_Peak,FFNN,none,p0.2|n40,mape,19.25459035413864,5,16
iter02b_ffnn,1,bstar_2023,HP_Peak,FFNN,none,p0.2|n40,r2,-3.22229214186644,5,16
iter02b_ffnn,1,bstar_2023,HP_Peak,FFNN,none,p0.2|n40,n_pred_nan,0.0,5,16
iter02b_ffnn,1,bstar_2023,HP_Peak,FFNN,none,p0.2|n40,mape_n_excluded,0.0,5,16
iter02b_ffnn,1,bstar_2023,HP_Peak,FFNN,none,p0.3|n10,rmse,14.273348297865525,10,14
iter02b_ffnn,1,bstar_2023,HP_Peak,FFNN,none,p0.3|n10,mae,10.045712079264176,10,14
iter02b_ffnn,1,bstar_2023,HP_Peak,FFNN,none,p0.3|n10,mape,62.73291448849212,10,14
iter02b_ffnn,1,bstar_2023,HP_Peak,FFNN,none,p0.3|n10,r2,-2.073897301660685,10,14
iter02b_ffnn,1,bstar_2023,HP_Peak,FFNN,none,p0.3|n10,n_pred_nan,0.0,10,14
iter02b_ffnn,1,bstar_2023,HP_Peak,FFNN,none,p0.3|n10,mape_n_excluded,0.0,10,14
iter02b_ffnn,1,bstar_2023,HP_Peak,FFNN,none,p0.3|n20,rmse,11.102979321635962,5,14
iter02b_ffnn,1,bstar_2023,HP_Peak,FFNN,none,p0.3|n20,mae,9.075056155141386,5,14
iter02b_ffnn,1,bstar_2023,HP_Peak,FFNN,none,p0.3|n20,mape,23.74523740957947,5,14
iter02b_ffnn,1,bstar_2023,HP_Peak,FFNN,none,p0.3|n20,r2,-2.4974298976071565,5,14
iter02b_ffnn,1,bstar_2023,HP_Peak,FFNN,none,p0.3|n20,n_pred_nan,0.0,5,14
iter02b_ffnn,1,bstar_2023,HP_Peak,FFNN,none,p0.3|n20,mape_n_excluded,0.0,5,14
iter02b_ffnn,1,bstar_2023,HP_Peak,FFNN,none,p0.3|n40,rmse,22.60976030307742,5,16
iter02b_ffnn,1,bstar_2023,HP_Peak,FFNN,none,p0.3|n40,mae,16.180341036361156,5,16
iter02b_ffnn,1,bstar_2023,HP_Peak,FFNN,none,p0.3|n40,mape,18.67214057916619,5,16
iter02b_ffnn,1,bstar_2023,HP_Peak,FFNN,none,p0.3|n40,r2,-31.1602186301756,5,16
iter02b_ffnn,1,bstar_2023,HP_Peak,FFNN,none,p0.3|n40,n_pred_nan,0.0,5,16
iter02b_ffnn,1,bstar_2023,HP_Peak,FFNN,none,p0.3|n40,mape_n_excluded,0.0,5,16
iter02b_ffnn,1,bstar_2023,HP_Peak,FFNN,none,p0.5|n10,rmse,11.60955096003113,5,13
iter02b_ffnn,1,bstar_2023,HP_Peak,FFNN,none,p0.5|n10,mae,10.2960076076513,5,13
iter02b_ffnn,1,bstar_2023,HP_Peak,FFNN,none,p0.5|n10,mape,32.74278047881668,5,13
iter02b_ffnn,1,bstar_2023,HP_Peak,FFNN,none,p0.5|n10,r2,-5.582006679004111,5,13
iter02b_ffnn,1,bstar_2023,HP_Peak,FFNN,none,p0.5|n10,n_pred_nan,0.0,5,13
iter02b_ffnn,1,bstar_2023,HP_Peak,FFNN,none,p0.5|n10,mape_n_excluded,0.0,5,13
iter02b_ffnn,1,bstar_2023,HP_Peak,FFNN,none,p0.5|n20,rmse,29.11338225069131,5,16
iter02b_ffnn,1,bstar_2023,HP_Peak,FFNN,none,p0.5|n20,mae,26.710576642080703,5,16
iter02b_ffnn,1,bstar_2023,HP_Peak,FFNN,none,p0.5|n20,mape,35.834987026349665,5,16
iter02b_ffnn,1,bstar_2023,HP_Peak,FFNN,none,p0.5|n20,r2,-246.34227569852516,5,16
iter02b_ffnn,1,bstar_2023,HP_Peak,FFNN,none,p0.5|n20,n_pred_nan,0.0,5,16
iter02b_ffnn,1,bstar_2023,HP_Peak,FFNN,none,p0.5|n20,mape_n_excluded,0.0,5,16
iter02b_ffnn,1,bstar_2023,HP_Peak,FFNN,none,p1.0|n10,rmse,17.63522640368089,5,16
iter02b_ffnn,1,bstar_2023,HP_Peak,FFNN,none,p1.0|n10,mae,15.737503541357606,5,16
iter02b_ffnn,1,bstar_2023,HP_Peak,FFNN,none,p1.0|n10,mape,23.16346114212866,5,16
iter02b_ffnn,1,bstar_2023,HP_Peak,FFNN,none,p1.0|n10,r2,-5.0547364053114,5,16
iter02b_ffnn,1,bstar_2023,HP_Peak,FFNN,none,p1.0|n10,n_pred_nan,0.0,5,16
iter02b_ffnn,1,bstar_2023,HP_Peak,FFNN,none,p1.0|n10,mape_n_excluded,0.0,5,16
iter02b_ffnn,1,bstar_2023,HP_Peak,FFNN,size_peak,all,rmse,14.330595692211702,130,20
iter02b_ffnn,1,bstar_2023,HP_Peak,FFNN,size_peak,all,mae,11.110992011370431,130,20
iter02b_ffnn,1,bstar_2023,HP_Peak,FFNN,size_peak,all,mape,89.35037054314071,130,20
iter02b_ffnn,1,bstar_2023,HP_Peak,FFNN,size_peak,all,r2,0.7026115654630312,130,20
iter02b_ffnn,1,bstar_2023,HP_Peak,FFNN,size_peak,all,n_pred_nan,0.0,130,20
iter02b_ffnn,1,bstar_2023,HP_Peak,FFNN,size_peak,all,mape_n_excluded,0.0,130,20
iter02b_ffnn,1,bstar_2023,HP_Peak,FFNN,size_peak,p0.05|n10,rmse,8.808058168575814,10,8
iter02b_ffnn,1,bstar_2023,HP_Peak,FFNN,size_peak,p0.05|n10,mae,6.849467437766444,10,8
iter02b_ffnn,1,bstar_2023,HP_Peak,FFNN,size_peak,p0.05|n10,mape,197.4190069577601,10,8
iter02b_ffnn,1,bstar_2023,HP_Peak,FFNN,size_peak,p0.05|n10,r2,-25.099776569902957,10,8
iter02b_ffnn,1,bstar_2023,HP_Peak,FFNN,size_peak,p0.05|n10,n_pred_nan,0.0,10,8
iter02b_ffnn,1,bstar_2023,HP_Peak,FFNN,size_peak,p0.05|n10,mape_n_excluded,0.0,10,8
iter02b_ffnn,1,bstar_2023,HP_Peak,FFNN,size_peak,p0.05|n20,rmse,10.461067482037082,10,6
iter02b_ffnn,1,bstar_2023,HP_Peak,FFNN,size_peak,p0.05|n20,mae,7.805312442317072,10,6
iter02b_ffnn,1,bstar_2023,HP_Peak,FFNN,size_peak,p0.05|n20,mape,125.979287230824,10,6
iter02b_ffnn,1,bstar_2023,HP_Peak,FFNN,size_peak,p0.05|n20,r2,-19.743280112095416,10,6
iter02b_ffnn,1,bstar_2023,HP_Peak,FFNN,size_peak,p0.05|n20,n_pred_nan,0.0,10,6
iter02b_ffnn,1,bstar_2023,HP_Peak,FFNN,size_peak,p0.05|n20,mape_n_excluded,0.0,10,6
iter02b_ffnn,1,bstar_2023,HP_Peak,FFNN,size_peak,p0.05|n40,rmse,21.332385049649965,10,13
iter02b_ffnn,1,bstar_2023,HP_Peak,FFNN,size_peak,p0.05|n40,mae,14.600283761113,10,13
iter02b_ffnn,1,bstar_2023,HP_Peak,FFNN,size_peak,p0.05|n40,mape,143.05893637038903,10,13
iter02b_ffnn,1,bstar_2023,HP_Peak,FFNN,size_peak,p0.05|n40,r2,-44.41807700076984,10,13
iter02b_ffnn,1,bstar_2023,HP_Peak,FFNN,size_peak,p0.05|n40,n_pred_nan,0.0,10,13
iter02b_ffnn,1,bstar_2023,HP_Peak,FFNN,size_peak,p0.05|n40,mape_n_excluded,0.0,10,13
iter02b_ffnn,1,bstar_2023,HP_Peak,FFNN,size_peak,p0.05|n80,rmse,5.641034893914742,5,14
iter02b_ffnn,1,bstar_2023,HP_Peak,FFNN,size_peak,p0.05|n80,mae,5.396360008575096,5,14
iter02b_ffnn,1,bstar_2023,HP_Peak,FFNN,size_peak,p0.05|n80,mape,20.308291620802272,5,14
iter02b_ffnn,1,bstar_2023,HP_Peak,FFNN,size_peak,p0.05|n80,r2,-0.2024882201521758,5,14
iter02b_ffnn,1,bstar_2023,HP_Peak,FFNN,size_peak,p0.05|n80,n_pred_nan,0.0,5,14
iter02b_ffnn,1,bstar_2023,HP_Peak,FFNN,size_peak,p0.05|n80,mape_n_excluded,0.0,5,14
iter02b_ffnn,1,bstar_2023,HP_Peak,FFNN,size_peak,p0.05|n120,rmse,8.58549772459347,5,15
iter02b_ffnn,1,bstar_2023,HP_Peak,FFNN,size_peak,p0.05|n120,mae,6.351782582741146,5,15
iter02b_ffnn,1,bstar_2023,HP_Peak,FFNN,size_peak,p0.05|n120,mape,14.868854499134182,5,15
iter02b_ffnn,1,bstar_2023,HP_Peak,FFNN,size_peak,p0.05|n120,r2,-0.2204572341689119,5,15
iter02b_ffnn,1,bstar_2023,HP_Peak,FFNN,size_peak,p0.05|n120,n_pred_nan,0.0,5,15
iter02b_ffnn,1,bstar_2023,HP_Peak,FFNN,size_peak,p0.05|n120,mape_n_excluded,0.0,5,15
iter02b_ffnn,1,bstar_2023,HP_Peak,FFNN,size_peak,p0.1|n10,rmse,10.448959272918694,10,8
iter02b_ffnn,1,bstar_2023,HP_Peak,FFNN,size_peak,p0.1|n10,mae,8.74430206411524,10,8
iter02b_ffnn,1,bstar_2023,HP_Peak,FFNN,size_peak,p0.1|n10,mape,207.1281150684054,10,8
iter02b_ffnn,1,bstar_2023,HP_Peak,FFNN,size_peak,p0.1|n10,r2,-12.126651003120612,10,8
iter02b_ffnn,1,bstar_2023,HP_Peak,FFNN,size_peak,p0.1|n10,n_pred_nan,0.0,10,8
iter02b_ffnn,1,bstar_2023,HP_Peak,FFNN,size_peak,p0.1|n10,mape_n_excluded,0.0,10,8
iter02b_ffnn,1,bstar_2023,HP_Peak,FFNN,size_peak,p0.1|n20,rmse,9.10140480243398,10,11
iter02b_ffnn,1,bstar_2023,HP_Peak,FFNN,size_peak,p0.1|n20,mae,7.233260338154712,10,11
iter02b_ffnn,1,bstar_2023,HP_Peak,FFNN,size_peak,p0.1|n20,mape,76.86914420941224,10,11
iter02b_ffnn,1,bstar_2023,HP_Peak,FFNN,size_peak,p0.1|n20,r2,-5.2082384048228,10,11
iter02b_ffnn,1,bstar_2023,HP_Peak,FFNN,size_peak,p0.1|n20,n_pred_nan,0.0,10,11
iter02b_ffnn,1,bstar_2023,HP_Peak,FFNN,size_peak,p0.1|n20,mape_n_excluded,0.0,10,11
iter02b_ffnn,1,bstar_2023,HP_Peak,FFNN,size_peak,p0.1|n40,rmse,14.19882104732953,5,14
iter02b_ffnn,1,bstar_2023,HP_Peak,FFNN,size_peak,p0.1|n40,mae,11.195944117473417,5,14
iter02b_ffnn,1,bstar_2023,HP_Peak,FFNN,size_peak,p0.1|n40,mape,46.37581444447193,5,14
iter02b_ffnn,1,bstar_2023,HP_Peak,FFNN,size_peak,p0.1|n40,r2,-13.22211711310839,5,14
iter02b_ffnn,1,bstar_2023,HP_Peak,FFNN,size_peak,p0.1|n40,n_pred_nan,0.0,5,14
iter02b_ffnn,1,bstar_2023,HP_Peak,FFNN,size_peak,p0.1|n40,mape_n_excluded,0.0,5,14
iter02b_ffnn,1,bstar_2023,HP_Peak,FFNN,size_peak,p0.1|n80,rmse,14.739491502607788,5,16
iter02b_ffnn,1,bstar_2023,HP_Peak,FFNN,size_peak,p0.1|n80,mae,12.71656332689584,5,16
iter02b_ffnn,1,bstar_2023,HP_Peak,FFNN,size_peak,p0.1|n80,mape,24.566388814106404,5,16
iter02b_ffnn,1,bstar_2023,HP_Peak,FFNN,size_peak,p0.1|n80,r2,-1.0680982513766333,5,16
iter02b_ffnn,1,bstar_2023,HP_Peak,FFNN,size_peak,p0.1|n80,n_pred_nan,0.0,5,16
iter02b_ffnn,1,bstar_2023,HP_Peak,FFNN,size_peak,p0.1|n80,mape_n_excluded,0.0,5,16
iter02b_ffnn,1,bstar_2023,HP_Peak,FFNN,size_peak,p0.1|n120,rmse,18.9912107891367,5,16
iter02b_ffnn,1,bstar_2023,HP_Peak,FFNN,size_peak,p0.1|n120,mae,17.984888235109725,5,16
iter02b_ffnn,1,bstar_2023,HP_Peak,FFNN,size_peak,p0.1|n120,mape,21.93841723775347,5,16
iter02b_ffnn,1,bstar_2023,HP_Peak,FFNN,size_peak,p0.1|n120,r2,-23.63640169376493,5,16
iter02b_ffnn,1,bstar_2023,HP_Peak,FFNN,size_peak,p0.1|n120,n_pred_nan,0.0,5,16
iter02b_ffnn,1,bstar_2023,HP_Peak,FFNN,size_peak,p0.1|n120,mape_n_excluded,0.0,5,16
iter02b_ffnn,1,bstar_2023,HP_Peak,FFNN,size_peak,p0.2|n10,rmse,17.535488908573598,10,13
iter02b_ffnn,1,bstar_2023,HP_Peak,FFNN,size_peak,p0.2|n10,mae,14.574001488696483,10,13
iter02b_ffnn,1,bstar_2023,HP_Peak,FFNN,size_peak,p0.2|n10,mape,160.51360748590315,10,13
iter02b_ffnn,1,bstar_2023,HP_Peak,FFNN,size_peak,p0.2|n10,r2,-13.104778247606513,10,13
iter02b_ffnn,1,bstar_2023,HP_Peak,FFNN,size_peak,p0.2|n10,n_pred_nan,0.0,10,13
iter02b_ffnn,1,bstar_2023,HP_Peak,FFNN,size_peak,p0.2|n10,mape_n_excluded,0.0,10,13
iter02b_ffnn,1,bstar_2023,HP_Peak,FFNN,size_peak,p0.2|n20,rmse,17.877388800620203,5,13
iter02b_ffnn,1,bstar_2023,HP_Peak,FFNN,size_peak,p0.2|n20,mae,15.968762717917134,5,13
iter02b_ffnn,1,bstar_2023,HP_Peak,FFNN,size_peak,p0.2|n20,mape,52.75726169654719,5,13
iter02b_ffnn,1,bstar_2023,HP_Peak,FFNN,size_peak,p0.2|n20,r2,-107.57775997070496,5,13
iter02b_ffnn,1,bstar_2023,HP_Peak,FFNN,size_peak,p0.2|n20,n_pred_nan,0.0,5,13
iter02b_ffnn,1,bstar_2023,HP_Peak,FFNN,size_peak,p0.2|n20,mape_n_excluded,0.0,5,13
iter02b_ffnn,1,bstar_2023,HP_Peak,FFNN,size_peak,p0.2|n40,rmse,11.790489883044902,5,16
iter02b_ffnn,1,bstar_2023,HP_Peak,FFNN,size_peak,p0.2|n40,mae,10.055523129888488,5,16
iter02b_ffnn,1,bstar_2023,HP_Peak,FFNN,size_peak,p0.2|n40,mape,18.082177268999004,5,16
iter02b_ffnn,1,bstar_2023,HP_Peak,FFNN,size_peak,p0.2|n40,r2,-1.8486816116266769,5,16
iter02b_ffnn,1,bstar_2023,HP_Peak,FFNN,size_peak,p0.2|n40,n_pred_nan,0.0,5,16
iter02b_ffnn,1,bstar_2023,HP_Peak,FFNN,size_peak,p0.2|n40,mape_n_excluded,0.0,5,16
iter02b_ffnn,1,bstar_2023,HP_Peak,FFNN,size_peak,p0.3|n10,rmse,13.1438705470616,10,14
iter02b_ffnn,1,bstar_2023,HP_Peak,FFNN,size_peak,p0.3|n10,mae,11.996679304237398,10,14
iter02b_ffnn,1,bstar_2023,HP_Peak,FFNN,size_peak,p0.3|n10,mape,89.5848567365738,10,14
iter02b_ffnn,1,bstar_2023,HP_Peak,FFNN,size_peak,p0.3|n10,r2,-1.6066587107638677,10,14
iter02b_ffnn,1,bstar_2023,HP_Peak,FFNN,size_peak,p0.3|n10,n_pred_nan,0.0,10,14
iter02b_ffnn,1,bstar_2023,HP_Peak,FFNN,size_peak,p0.3|n10,mape_n_excluded,0.0,10,14
iter02b_ffnn,1,bstar_2023,HP_Peak,FFNN,size_peak,p0.3|n20,rmse,17.116988011394767,5,14
iter02b_ffnn,1,bstar_2023,HP_Peak,FFNN,size_peak,p0.3|n20,mae,13.51544137813804,5,14
iter02b_ffnn,1,bstar_2023,HP_Peak,FFNN,size_peak,p0.3|n20,mape,36.27509470386693,5,14
iter02b_ffnn,1,bstar_2023,HP_Peak,FFNN,size_peak,p0.3|n20,r2,-7.312365846723022,5,14
iter02b_ffnn,1,bstar_2023,HP_Peak,FFNN,size_peak,p0.3|n20,n_pred_nan,0.0,5,14
iter02b_ffnn,1,bstar_2023,HP_Peak,FFNN,size_peak,p0.3|n20,mape_n_excluded,0.0,5,14
iter02b_ffnn,1,bstar_2023,HP_Peak,FFNN,size_peak,p0.3|n40,rmse,24.019017797315605,5,16
iter02b_ffnn,1,bstar_2023,HP_Peak,FFNN,size_peak,p0.3|n40,mae,18.50332042941635,5,16
iter02b_ffnn,1,bstar_2023,HP_Peak,FFNN,size_peak,p0.3|n40,mape,21.42281050590752,5,16
iter02b_ffnn,1,bstar_2023,HP_Peak,FFNN,size_peak,p0.3|n40,r2,-35.294228070917505,5,16
iter02b_ffnn,1,bstar_2023,HP_Peak,FFNN,size_peak,p0.3|n40,n_pred_nan,0.0,5,16
iter02b_ffnn,1,bstar_2023,HP_Peak,FFNN,size_peak,p0.3|n40,mape_n_excluded,0.0,5,16
iter02b_ffnn,1,bstar_2023,HP_Peak,FFNN,size_peak,p0.5|n10,rmse,11.0327715108803,5,13
iter02b_ffnn,1,bstar_2023,HP_Peak,FFNN,size_peak,p0.5|n10,mae,9.866313534489809,5,13
iter02b_ffnn,1,bstar_2023,HP_Peak,FFNN,size_peak,p0.5|n10,mape,32.74786342438828,5,13
iter02b_ffnn,1,bstar_2023,HP_Peak,FFNN,size_peak,p0.5|n10,r2,-4.944245289142072,5,13
iter02b_ffnn,1,bstar_2023,HP_Peak,FFNN,size_peak,p0.5|n10,n_pred_nan,0.0,5,13
iter02b_ffnn,1,bstar_2023,HP_Peak,FFNN,size_peak,p0.5|n10,mape_n_excluded,0.0,5,13
iter02b_ffnn,1,bstar_2023,HP_Peak,FFNN,size_peak,p0.5|n20,rmse,14.947443450120868,5,16
iter02b_ffnn,1,bstar_2023,HP_Peak,FFNN,size_peak,p0.5|n20,mae,12.524691091387066,5,16
iter02b_ffnn,1,bstar_2023,HP_Peak,FFNN,size_peak,p0.5|n20,mape,16.678996602201977,5,16
iter02b_ffnn,1,bstar_2023,HP_Peak,FFNN,size_peak,p0.5|n20,r2,-64.19989032323736,5,16
iter02b_ffnn,1,bstar_2023,HP_Peak,FFNN,size_peak,p0.5|n20,n_pred_nan,0.0,5,16
iter02b_ffnn,1,bstar_2023,HP_Peak,FFNN,size_peak,p0.5|n20,mape_n_excluded,0.0,5,16
iter02b_ffnn,1,bstar_2023,HP_Peak,FFNN,size_peak,p1.0|n10,rmse,12.331818596382831,5,16
iter02b_ffnn,1,bstar_2023,HP_Peak,FFNN,size_peak,p1.0|n10,mae,11.19958807079841,5,16
iter02b_ffnn,1,bstar_2023,HP_Peak,FFNN,size_peak,p1.0|n10,mape,15.98175518494356,5,16
iter02b_ffnn,1,bstar_2023,HP_Peak,FFNN,size_peak,p1.0|n10,r2,-1.9606523680756716,5,16
iter02b_ffnn,1,bstar_2023,HP_Peak,FFNN,size_peak,p1.0|n10,n_pred_nan,0.0,5,16
iter02b_ffnn,1,bstar_2023,HP_Peak,FFNN,size_peak,p1.0|n10,mape_n_excluded,0.0,5,16
iter02b_ffnn,1,bstar_2023,HP_Peak,anchor_only_Linear,size,all,rmse,25.27152611102553,130,20
iter02b_ffnn,1,bstar_2023,HP_Peak,anchor_only_Linear,size,all,mae,21.060836577313516,130,20
iter02b_ffnn,1,bstar_2023,HP_Peak,anchor_only_Linear,size,all,mape,191.80608627710603,130,20
iter02b_ffnn,1,bstar_2023,HP_Peak,anchor_only_Linear,size,all,r2,0.0751772041322661,130,20
iter02b_ffnn,1,bstar_2023,HP_Peak,anchor_only_Linear,size,all,n_pred_nan,0.0,130,20
iter02b_ffnn,1,bstar_2023,HP_Peak,anchor_only_Linear,size,all,mape_n_excluded,0.0,130,20
iter02b_ffnn,1,bstar_2023,HP_Peak,anchor_only_Linear,size,p0.05|n10,rmse,18.994470069429884,10,8
iter02b_ffnn,1,bstar_2023,HP_Peak,anchor_only_Linear,size,p0.05|n10,mae,18.916061472067483,10,8
iter02b_ffnn,1,bstar_2023,HP_Peak,anchor_only_Linear,size,p0.05|n10,mape,520.5366948735809,10,8
iter02b_ffnn,1,bstar_2023,HP_Peak,anchor_only_Linear,size,p0.05|n10,r2,-120.37543644974372,10,8
iter02b_ffnn,1,bstar_2023,HP_Peak,anchor_only_Linear,size,p0.05|n10,n_pred_nan,0.0,10,8
iter02b_ffnn,1,bstar_2023,HP_Peak,anchor_only_Linear,size,p0.05|n10,mape_n_excluded,0.0,10,8
iter02b_ffnn,1,bstar_2023,HP_Peak,anchor_only_Linear,size,p0.05|n20,rmse,23.32554178533349,10,6
iter02b_ffnn,1,bstar_2023,HP_Peak,anchor_only_Linear,size,p0.05|n20,mae,23.2121792727467,10,6
iter02b_ffnn,1,bstar_2023,HP_Peak,anchor_only_Linear,size,p0.05|n20,mape,469.8326120791634,10,6
iter02b_ffnn,1,bstar_2023,HP_Peak,anchor_only_Linear,size,p0.05|n20,r2,-102.13092299870418,10,6
iter02b_ffnn,1,bstar_2023,HP_Peak,anchor_only_Linear,size,p0.05|n20,n_pred_nan,0.0,10,6
iter02b_ffnn,1,bstar_2023,HP_Peak,anchor_only_Linear,size,p0.05|n20,mape_n_excluded,0.0,10,6
iter02b_ffnn,1,bstar_2023,HP_Peak,anchor_only_Linear,size,p0.05|n40,rmse,31.12807451827976,10,13
iter02b_ffnn,1,bstar_2023,HP_Peak,anchor_only_Linear,size,p0.05|n40,mae,30.96671487410515,10,13
iter02b_ffnn,1,bstar_2023,HP_Peak,anchor_only_Linear,size,p0.05|n40,mape,373.8980346010285,10,13
iter02b_ffnn,1,bstar_2023,HP_Peak,anchor_only_Linear,size,p0.05|n40,r2,-95.70622464109384,10,13
iter02b_ffnn,1,bstar_2023,HP_Peak,anchor_only_Linear,size,p0.05|n40,n_pred_nan,0.0,10,13
iter02b_ffnn,1,bstar_2023,HP_Peak,anchor_only_Linear,size,p0.05|n40,mape_n_excluded,0.0,10,13
iter02b_ffnn,1,bstar_2023,HP_Peak,anchor_only_Linear,size,p0.05|n80,rmse,36.89689140669878,5,14
iter02b_ffnn,1,bstar_2023,HP_Peak,anchor_only_Linear,size,p0.05|n80,mae,36.53652607682202,5,14
iter02b_ffnn,1,bstar_2023,HP_Peak,anchor_only_Linear,size,p0.05|n80,mape,144.8901744844648,5,14
iter02b_ffnn,1,bstar_2023,HP_Peak,anchor_only_Linear,size,p0.05|n80,r2,-50.44495768815239,5,14
iter02b_ffnn,1,bstar_2023,HP_Peak,anchor_only_Linear,size,p0.05|n80,n_pred_nan,0.0,5,14
iter02b_ffnn,1,bstar_2023,HP_Peak,anchor_only_Linear,size,p0.05|n80,mape_n_excluded,0.0,5,14
iter02b_ffnn,1,bstar_2023,HP_Peak,anchor_only_Linear,size,p0.05|n120,rmse,49.83886134138688,5,15
iter02b_ffnn,1,bstar_2023,HP_Peak,anchor_only_Linear,size,p0.05|n120,mae,49.22921967953887,5,15
iter02b_ffnn,1,bstar_2023,HP_Peak,anchor_only_Linear,size,p0.05|n120,mape,140.9573900523966,5,15
iter02b_ffnn,1,bstar_2023,HP_Peak,anchor_only_Linear,size,p0.05|n120,r2,-40.1270760400292,5,15
iter02b_ffnn,1,bstar_2023,HP_Peak,anchor_only_Linear,size,p0.05|n120,n_pred_nan,0.0,5,15
iter02b_ffnn,1,bstar_2023,HP_Peak,anchor_only_Linear,size,p0.05|n120,mape_n_excluded,0.0,5,15
iter02b_ffnn,1,bstar_2023,HP_Peak,anchor_only_Linear,size,p0.1|n10,rmse,17.68210310440046,10,8
iter02b_ffnn,1,bstar_2023,HP_Peak,anchor_only_Linear,size,p0.1|n10,mae,17.445322672067483,10,8
iter02b_ffnn,1,bstar_2023,HP_Peak,anchor_only_Linear,size,p0.1|n10,mape,385.94522732584585,10,8
iter02b_ffnn,1,bstar_2023,HP_Peak,anchor_only_Linear,size,p0.1|n10,r2,-36.5902923395513,10,8
iter02b_ffnn,1,bstar_2023,HP_Peak,anchor_only_Linear,size,p0.1|n10,n_pred_nan,0.0,10,8
iter02b_ffnn,1,bstar_2023,HP_Peak,anchor_only_Linear,size,p0.1|n10,mape_n_excluded,0.0,10,8
iter02b_ffnn,1,bstar_2023,HP_Peak,anchor_only_Linear,size,p0.1|n20,rmse,19.06428609474493,10,11
iter02b_ffnn,1,bstar_2023,HP_Peak,anchor_only_Linear,size,p0.1|n20,mae,18.711070472746695,10,11
iter02b_ffnn,1,bstar_2023,HP_Peak,anchor_only_Linear,size,p0.1|n20,mape,210.96179972923943,10,11
iter02b_ffnn,1,bstar_2023,HP_Peak,anchor_only_Linear,size,p0.1|n20,r2,-26.239091457646367,10,11
iter02b_ffnn,1,bstar_2023,HP_Peak,anchor_only_Linear,size,p0.1|n20,n_pred_nan,0.0,10,11
iter02b_ffnn,1,bstar_2023,HP_Peak,anchor_only_Linear,size,p0.1|n20,mape_n_excluded,0.0,10,11
iter02b_ffnn,1,bstar_2023,HP_Peak,anchor_only_Linear,size,p0.1|n40,rmse,13.965589321890494,5,14
iter02b_ffnn,1,bstar_2023,HP_Peak,anchor_only_Linear,size,p0.1|n40,mae,13.44849887410508,5,14
iter02b_ffnn,1,bstar_2023,HP_Peak,anchor_only_Linear,size,p0.1|n40,mape,52.96699336580717,5,14
iter02b_ffnn,1,bstar_2023,HP_Peak,anchor_only_Linear,size,p0.1|n40,r2,-12.758725714749383,5,14
iter02b_ffnn,1,bstar_2023,HP_Peak,anchor_only_Linear,size,p0.1|n40,n_pred_nan,0.0,5,14
iter02b_ffnn,1,bstar_2023,HP_Peak,anchor_only_Linear,size,p0.1|n40,mape_n_excluded,0.0,5,14
iter02b_ffnn,1,bstar_2023,HP_Peak,anchor_only_Linear,size,p0.1|n80,rmse,11.266485914633549,5,16
iter02b_ffnn,1,bstar_2023,HP_Peak,anchor_only_Linear,size,p0.1|n80,mae,8.353649055364503,5,16
iter02b_ffnn,1,bstar_2023,HP_Peak,anchor_only_Linear,size,p0.1|n80,mape,16.940042677429663,5,16
iter02b_ffnn,1,bstar_2023,HP_Peak,anchor_only_Linear,size,p0.1|n80,r2,-0.2083232204520366,5,16
iter02b_ffnn,1,bstar_2023,HP_Peak,anchor_only_Linear,size,p0.1|n80,n_pred_nan,0.0,5,16
iter02b_ffnn,1,bstar_2023,HP_Peak,anchor_only_Linear,size,p0.1|n80,mape_n_excluded,0.0,5,16
iter02b_ffnn,1,bstar_2023,HP_Peak,anchor_only_Linear,size,p0.1|n120,rmse,5.430290237084112,5,16
iter02b_ffnn,1,bstar_2023,HP_Peak,anchor_only_Linear,size,p0.1|n120,mae,5.140747007723275,5,16
iter02b_ffnn,1,bstar_2023,HP_Peak,anchor_only_Linear,size,p0.1|n120,mape,6.310900849514741,5,16
iter02b_ffnn,1,bstar_2023,HP_Peak,anchor_only_Linear,size,p0.1|n120,r2,-1.0142717083717088,5,16
iter02b_ffnn,1,bstar_2023,HP_Peak,anchor_only_Linear,size,p0.1|n120,n_pred_nan,0.0,5,16
iter02b_ffnn,1,bstar_2023,HP_Peak,anchor_only_Linear,size,p0.1|n120,mape_n_excluded,0.0,5,16
iter02b_ffnn,1,bstar_2023,HP_Peak,anchor_only_Linear,size,p0.2|n10,rmse,12.576505323724415,10,13
iter02b_ffnn,1,bstar_2023,HP_Peak,anchor_only_Linear,size,p0.2|n10,mae,11.677663872067477,10,13
iter02b_ffnn,1,bstar_2023,HP_Peak,anchor_only_Linear,size,p0.2|n10,mape,135.03655046611297,10,13
iter02b_ffnn,1,bstar_2023,HP_Peak,anchor_only_Linear,size,p0.2|n10,r2,-6.255217938039822,10,13
iter02b_ffnn,1,bstar_2023,HP_Peak,anchor_only_Linear,size,p0.2|n10,n_pred_nan,0.0,10,13
iter02b_ffnn,1,bstar_2023,HP_Peak,anchor_only_Linear,size,p0.2|n10,mape_n_excluded,0.0,10,13
iter02b_ffnn,1,bstar_2023,HP_Peak,anchor_only_Linear,size,p0.2|n20,rmse,2.224063862610772,5,13
iter02b_ffnn,1,bstar_2023,HP_Peak,anchor_only_Linear,size,p0.2|n20,mae,2.040975796352084,5,13
iter02b_ffnn,1,bstar_2023,HP_Peak,anchor_only_Linear,size,p0.2|n20,mape,6.625845183383968,5,13
iter02b_ffnn,1,bstar_2023,HP_Peak,anchor_only_Linear,size,p0.2|n20,r2,-0.6804562647592745,5,13
iter02b_ffnn,1,bstar_2023,HP_Peak,anchor_only_Linear,size,p0.2|n20,n_pred_nan,0.0,5,13
iter02b_ffnn,1,bstar_2023,HP_Peak,anchor_only_Linear,size,p0.2|n20,mape_n_excluded,0.0,5,13
iter02b_ffnn,1,bstar_2023,HP_Peak,anchor_only_Linear,size,p0.2|n40,rmse,15.67260243589231,5,16
iter02b_ffnn,1,bstar_2023,HP_Peak,anchor_only_Linear,size,p0.2|n40,mae,14.029628325895024,5,16
iter02b_ffnn,1,bstar_2023,HP_Peak,anchor_only_Linear,size,p0.2|n40,mape,24.53418468288746,5,16
iter02b_ffnn,1,bstar_2023,HP_Peak,anchor_only_Linear,size,p0.2|n40,r2,-4.033411608365536,5,16
iter02b_ffnn,1,bstar_2023,HP_Peak,anchor_only_Linear,size,p0.2|n40,n_pred_nan,0.0,5,16
iter02b_ffnn,1,bstar_2023,HP_Peak,anchor_only_Linear,size,p0.2|n40,mape_n_excluded,0.0,5,16
iter02b_ffnn,1,bstar_2023,HP_Peak,anchor_only_Linear,size,p0.3|n10,rmse,11.07290705633758,10,14
iter02b_ffnn,1,bstar_2023,HP_Peak,anchor_only_Linear,size,p0.3|n10,mae,10.867792643240492,10,14
iter02b_ffnn,1,bstar_2023,HP_Peak,anchor_only_Linear,size,p0.3|n10,mape,85.67940477491194,10,14
iter02b_ffnn,1,bstar_2023,HP_Peak,anchor_only_Linear,size,p0.3|n10,r2,-0.8499540259499463,10,14
iter02b_ffnn,1,bstar_2023,HP_Peak,anchor_only_Linear,size,p0.3|n10,n_pred_nan,0.0,10,14
iter02b_ffnn,1,bstar_2023,HP_Peak,anchor_only_Linear,size,p0.3|n10,mape_n_excluded,0.0,10,14
iter02b_ffnn,1,bstar_2023,HP_Peak,anchor_only_Linear,size,p0.3|n20,rmse,11.455927908162174,5,14
iter02b_ffnn,1,bstar_2023,HP_Peak,anchor_only_Linear,size,p0.3|n20,mae,9.79748152725342,5,14
iter02b_ffnn,1,bstar_2023,HP_Peak,anchor_only_Linear,size,p0.3|n20,mape,23.44523262920243,5,14
iter02b_ffnn,1,bstar_2023,HP_Peak,anchor_only_Linear,size,p0.3|n20,r2,-2.72332117513206,5,14
iter02b_ffnn,1,bstar_2023,HP_Peak,anchor_only_Linear,size,p0.3|n20,n_pred_nan,0.0,5,14
iter02b_ffnn,1,bstar_2023,HP_Peak,anchor_only_Linear,size,p0.3|n20,mape_n_excluded,0.0,5,14
iter02b_ffnn,1,bstar_2023,HP_Peak,anchor_only_Linear,size,p0.3|n40,rmse,46.16535554587528,5,16
iter02b_ffnn,1,bstar_2023,HP_Peak,anchor_only_Linear,size,p0.3|n40,mae,45.99287552589514,5,16
iter02b_ffnn,1,bstar_2023,HP_Peak,anchor_only_Linear,size,p0.3|n40,mape,53.096031912307296,5,16
iter02b_ffnn,1,bstar_2023,HP_Peak,anchor_only_Linear,size,p0.3|n40,r2,-133.07859346515622,5,16
iter02b_ffnn,1,bstar_2023,HP_Peak,anchor_only_Linear,size,p0.3|n40,n_pred_nan,0.0,5,16
iter02b_ffnn,1,bstar_2023,HP_Peak,anchor_only_Linear,size,p0.3|n40,mape_n_excluded,0.0,5,16
iter02b_ffnn,1,bstar_2023,HP_Peak,anchor_only_Linear,size,p0.5|n10,rmse,10.202713527502954,5,13
iter02b_ffnn,1,bstar_2023,HP_Peak,anchor_only_Linear,size,p0.5|n10,mae,9.144291727932645,5,13
iter02b_ffnn,1,bstar_2023,HP_Peak,anchor_only_Linear,size,p0.5|n10,mape,26.81920908849141,5,13
iter02b_ffnn,1,bstar_2023,HP_Peak,anchor_only_Linear,size,p0.5|n10,r2,-4.083453550430851,5,13
iter02b_ffnn,1,bstar_2023,HP_Peak,anchor_only_Linear,size,p0.5|n10,n_pred_nan,0.0,5,13
iter02b_ffnn,1,bstar_2023,HP_Peak,anchor_only_Linear,size,p0.5|n10,mape_n_excluded,0.0,5,13
iter02b_ffnn,1,bstar_2023,HP_Peak,anchor_only_Linear,size,p0.5|n20,rmse,45.35905606842952,5,16
iter02b_ffnn,1,bstar_2023,HP_Peak,anchor_only_Linear,size,p0.5|n20,mae,45.321266327253525,5,16
iter02b_ffnn,1,bstar_2023,HP_Peak,anchor_only_Linear,size,p0.5|n20,mape,60.9989632646057,5,16
iter02b_ffnn,1,bstar_2023,HP_Peak,anchor_only_Linear,size,p0.5|n20,r2,-599.4004976093807,5,16
iter02b_ffnn,1,bstar_2023,HP_Peak,anchor_only_Linear,size,p0.5|n20,n_pred_nan,0.0,5,16
iter02b_ffnn,1,bstar_2023,HP_Peak,anchor_only_Linear,size,p0.5|n20,mape_n_excluded,0.0,5,16
iter02b_ffnn,1,bstar_2023,HP_Peak,anchor_only_Linear,size,p1.0|n10,rmse,45.520714017279865,5,16
iter02b_ffnn,1,bstar_2023,HP_Peak,anchor_only_Linear,size,p1.0|n10,mae,44.952980527932695,5,16
iter02b_ffnn,1,bstar_2023,HP_Peak,anchor_only_Linear,size,p1.0|n10,mape,65.59262731449982,5,16
iter02b_ffnn,1,bstar_2023,HP_Peak,anchor_only_Linear,size,p1.0|n10,r2,-39.34143037179066,5,16
iter02b_ffnn,1,bstar_2023,HP_Peak,anchor_only_Linear,size,p1.0|n10,n_pred_nan,0.0,5,16
iter02b_ffnn,1,bstar_2023,HP_Peak,anchor_only_Linear,size,p1.0|n10,mape_n_excluded,0.0,5,16
iter02b_ffnn,1,bstar_2023,HP_Peak,anchor_only_Linear,peak,all,rmse,16.2008001757434,130,20
iter02b_ffnn,1,bstar_2023,HP_Peak,anchor_only_Linear,peak,all,mae,11.600994645490198,130,20
iter02b_ffnn,1,bstar_2023,HP_Peak,anchor_only_Linear,peak,all,mape,65.20651738887999,130,20
iter02b_ffnn,1,bstar_2023,HP_Peak,anchor_only_Linear,peak,all,r2,0.61992568753199,130,20
iter02b_ffnn,1,bstar_2023,HP_Peak,anchor_only_Linear,peak,all,n_pred_nan,0.0,130,20
iter02b_ffnn,1,bstar_2023,HP_Peak,anchor_only_Linear,peak,all,mape_n_excluded,0.0,130,20
iter02b_ffnn,1,bstar_2023,HP_Peak,anchor_only_Linear,peak,p0.05|n10,rmse,4.274048303816635,10,8
iter02b_ffnn,1,bstar_2023,HP_Peak,anchor_only_Linear,peak,p0.05|n10,mae,3.7546485832573473,10,8
iter02b_ffnn,1,bstar_2023,HP_Peak,anchor_only_Linear,peak,p0.05|n10,mape,85.03581937838283,10,8
iter02b_ffnn,1,bstar_2023,HP_Peak,anchor_only_Linear,peak,p0.05|n10,r2,-5.145472697993019,10,8
iter02b_ffnn,1,bstar_2023,HP_Peak,anchor_only_Linear,peak,p0.05|n10,n_pred_nan,0.0,10,8
iter02b_ffnn,1,bstar_2023,HP_Peak,anchor_only_Linear,peak,p0.05|n10,mape_n_excluded,0.0,10,8
iter02b_ffnn,1,bstar_2023,HP_Peak,anchor_only_Linear,peak,p0.05|n20,rmse,6.836959795628296,10,6
iter02b_ffnn,1,bstar_2023,HP_Peak,anchor_only_Linear,peak,p0.05|n20,mae,5.709318949739746,10,6
iter02b_ffnn,1,bstar_2023,HP_Peak,anchor_only_Linear,peak,p0.05|n20,mape,107.0331955927798,10,6
iter02b_ffnn,1,bstar_2023,HP_Peak,anchor_only_Linear,peak,p0.05|n20,r2,-7.860362224337235,10,6
iter02b_ffnn,1,bstar_2023,HP_Peak,anchor_only_Linear,peak,p0.05|n20,n_pred_nan,0.0,10,6
iter02b_ffnn,1,bstar_2023,HP_Peak,anchor_only_Linear,peak,p0.05|n20,mape_n_excluded,0.0,10,6
iter02b_ffnn,1,bstar_2023,HP_Peak,anchor_only_Linear,peak,p0.05|n40,rmse,17.74381839184792,10,13
iter02b_ffnn,1,bstar_2023,HP_Peak,anchor_only_Linear,peak,p0.05|n40,mae,16.686744202989235,10,13
iter02b_ffnn,1,bstar_2023,HP_Peak,anchor_only_Linear,peak,p0.05|n40,mape,194.5135716895697,10,13
iter02b_ffnn,1,bstar_2023,HP_Peak,anchor_only_Linear,peak,p0.05|n40,r2,-30.42274215195157,10,13
iter02b_ffnn,1,bstar_2023,HP_Peak,anchor_only_Linear,peak,p0.05|n40,n_pred_nan,0.0,10,13
iter02b_ffnn,1,bstar_2023,HP_Peak,anchor_only_Linear,peak,p0.05|n40,mape_n_excluded,0.0,10,13
iter02b_ffnn,1,bstar_2023,HP_Peak,anchor_only_Linear,peak,p0.05|n80,rmse,29.914415934371977,5,14
iter02b_ffnn,1,bstar_2023,HP_Peak,anchor_only_Linear,peak,p0.05|n80,mae,29.774862355774356,5,14
iter02b_ffnn,1,bstar_2023,HP_Peak,anchor_only_Linear,peak,p0.05|n80,mape,113.33741825313544,5,14
iter02b_ffnn,1,bstar_2023,HP_Peak,anchor_only_Linear,peak,p0.05|n80,r2,-32.816161894447895,5,14
iter02b_ffnn,1,bstar_2023,HP_Peak,anchor_only_Linear,peak,p0.05|n80,n_pred_nan,0.0,5,14
iter02b_ffnn,1,bstar_2023,HP_Peak,anchor_only_Linear,peak,p0.05|n80,mape_n_excluded,0.0,5,14
iter02b_ffnn,1,bstar_2023,HP_Peak,anchor_only_Linear,peak,p0.05|n120,rmse,48.91727303726772,5,15
iter02b_ffnn,1,bstar_2023,HP_Peak,anchor_only_Linear,peak,p0.05|n120,mae,48.55905097268102,5,15
iter02b_ffnn,1,bstar_2023,HP_Peak,anchor_only_Linear,peak,p0.05|n120,mape,137.53261455916723,5,15
iter02b_ffnn,1,bstar_2023,HP_Peak,anchor_only_Linear,peak,p0.05|n120,r2,-38.62014753691447,5,15
iter02b_ffnn,1,bstar_2023,HP_Peak,anchor_only_Linear,peak,p0.05|n120,n_pred_nan,0.0,5,15
iter02b_ffnn,1,bstar_2023,HP_Peak,anchor_only_Linear,peak,p0.05|n120,mape_n_excluded,0.0,5,15
iter02b_ffnn,1,bstar_2023,HP_Peak,anchor_only_Linear,peak,p0.1|n10,rmse,4.399746110809633,10,8
iter02b_ffnn,1,bstar_2023,HP_Peak,anchor_only_Linear,peak,p0.1|n10,mae,4.209190879581836,10,8
iter02b_ffnn,1,bstar_2023,HP_Peak,anchor_only_Linear,peak,p0.1|n10,mape,87.44045523412052,10,8
iter02b_ffnn,1,bstar_2023,HP_Peak,anchor_only_Linear,peak,p0.1|n10,r2,-1.3273574933226122,10,8
iter02b_ffnn,1,bstar_2023,HP_Peak,anchor_only_Linear,peak,p0.1|n10,n_pred_nan,0.0,10,8
iter02b_ffnn,1,bstar_2023,HP_Peak,anchor_only_Linear,peak,p0.1|n10,mape_n_excluded,0.0,10,8
iter02b_ffnn,1,bstar_2023,HP_Peak,anchor_only_Linear,peak,p0.1|n20,rmse,7.765914426092169,10,11
iter02b_ffnn,1,bstar_2023,HP_Peak,anchor_only_Linear,peak,p0.1|n20,mae,4.839931318382215,10,11
iter02b_ffnn,1,bstar_2023,HP_Peak,anchor_only_Linear,peak,p0.1|n20,mape,47.13004156302718,10,11
iter02b_ffnn,1,bstar_2023,HP_Peak,anchor_only_Linear,peak,p0.1|n20,r2,-3.519982211756208,10,11
iter02b_ffnn,1,bstar_2023,HP_Peak,anchor_only_Linear,peak,p0.1|n20,n_pred_nan,0.0,10,11
iter02b_ffnn,1,bstar_2023,HP_Peak,anchor_only_Linear,peak,p0.1|n20,mape_n_excluded,0.0,10,11
iter02b_ffnn,1,bstar_2023,HP_Peak,anchor_only_Linear,peak,p0.1|n40,rmse,8.303536614086592,5,14
iter02b_ffnn,1,bstar_2023,HP_Peak,anchor_only_Linear,peak,p0.1|n40,mae,6.857912129423949,5,14
iter02b_ffnn,1,bstar_2023,HP_Peak,anchor_only_Linear,peak,p0.1|n40,mape,26.3919162939791,5,14
iter02b_ffnn,1,bstar_2023,HP_Peak,anchor_only_Linear,peak,p0.1|n40,r2,-3.863914019934852,5,14
iter02b_ffnn,1,bstar_2023,HP_Peak,anchor_only_Linear,peak,p0.1|n40,n_pred_nan,0.0,5,14
iter02b_ffnn,1,bstar_2023,HP_Peak,anchor_only_Linear,peak,p0.1|n40,mape_n_excluded,0.0,5,14
iter02b_ffnn,1,bstar_2023,HP_Peak,anchor_only_Linear,peak,p0.1|n80,rmse,14.303950315888034,5,16
iter02b_ffnn,1,bstar_2023,HP_Peak,anchor_only_Linear,peak,p0.1|n80,mae,12.27378041701082,5,16
iter02b_ffnn,1,bstar_2023,HP_Peak,anchor_only_Linear,peak,p0.1|n80,mape,23.703643892154087,5,16
iter02b_ffnn,1,bstar_2023,HP_Peak,anchor_only_Linear,peak,p0.1|n80,r2,-0.947682450933332,5,16
iter02b_ffnn,1,bstar_2023,HP_Peak,anchor_only_Linear,peak,p0.1|n80,n_pred_nan,0.0,5,16
iter02b_ffnn,1,bstar_2023,HP_Peak,anchor_only_Linear,peak,p0.1|n80,mape_n_excluded,0.0,5,16
iter02b_ffnn,1,bstar_2023,HP_Peak,anchor_only_Linear,peak,p0.1|n120,rmse,25.96541373655289,5,16
iter02b_ffnn,1,bstar_2023,HP_Peak,anchor_only_Linear,peak,p0.1|n120,mae,25.436448565717807,5,16
iter02b_ffnn,1,bstar_2023,HP_Peak,anchor_only_Linear,peak,p0.1|n120,mape,31.01702324657846,5,16
iter02b_ffnn,1,bstar_2023,HP_Peak,anchor_only_Linear,peak,p0.1|n120,r2,-45.053481008943486,5,16
iter02b_ffnn,1,bstar_2023,HP_Peak,anchor_only_Linear,peak,p0.1|n120,n_pred_nan,0.0,5,16
iter02b_ffnn,1,bstar_2023,HP_Peak,anchor_only_Linear,peak,p0.1|n120,mape_n_excluded,0.0,5,16
iter02b_ffnn,1,bstar_2023,HP_Peak,anchor_only_Linear,peak,p0.2|n10,rmse,4.968721066557735,10,13
iter02b_ffnn,1,bstar_2023,HP_Peak,anchor_only_Linear,peak,p0.2|n10,mae,4.323235202885389,10,13
iter02b_ffnn,1,bstar_2023,HP_Peak,anchor_only_Linear,peak,p0.2|n10,mape,39.18108532855364,10,13
iter02b_ffnn,1,bstar_2023,HP_Peak,anchor_only_Linear,peak,p0.2|n10,r2,-0.1324518322964529,10,13
iter02b_ffnn,1,bstar_2023,HP_Peak,anchor_only_Linear,peak,p0.2|n10,n_pred_nan,0.0,10,13
iter02b_ffnn,1,bstar_2023,HP_Peak,anchor_only_Linear,peak,p0.2|n10,mape_n_excluded,0.0,10,13
iter02b_ffnn,1,bstar_2023,HP_Peak,anchor_only_Linear,peak,p0.2|n20,rmse,6.264989473678236,5,13
iter02b_ffnn,1,bstar_2023,HP_Peak,anchor_only_Linear,peak,p0.2|n20,mae,4.538731734010252,5,13
iter02b_ffnn,1,bstar_2023,HP_Peak,anchor_only_Linear,peak,p0.2|n20,mape,14.455761423886266,5,13
iter02b_ffnn,1,bstar_2023,HP_Peak,anchor_only_Linear,peak,p0.2|n20,r2,-12.334397525671609,5,13
iter02b_ffnn,1,bstar_2023,HP_Peak,anchor_only_Linear,peak,p0.2|n20,n_pred_nan,0.0,5,13
iter02b_ffnn,1,bstar_2023,HP_Peak,anchor_only_Linear,peak,p0.2|n20,mape_n_excluded,0.0,5,13
iter02b_ffnn,1,bstar_2023,HP_Peak,anchor_only_Linear,peak,p0.2|n40,rmse,9.758058544797558,5,16
iter02b_ffnn,1,bstar_2023,HP_Peak,anchor_only_Linear,peak,p0.2|n40,mae,7.617364851395989,5,16
iter02b_ffnn,1,bstar_2023,HP_Peak,anchor_only_Linear,peak,p0.2|n40,mape,13.224157206729128,5,16
iter02b_ffnn,1,bstar_2023,HP_Peak,anchor_only_Linear,peak,p0.2|n40,r2,-0.9512236490652176,5,16
iter02b_ffnn,1,bstar_2023,HP_Peak,anchor_only_Linear,peak,p0.2|n40,n_pred_nan,0.0,5,16
iter02b_ffnn,1,bstar_2023,HP_Peak,anchor_only_Linear,peak,p0.2|n40,mape_n_excluded,0.0,5,16
iter02b_ffnn,1,bstar_2023,HP_Peak,anchor_only_Linear,peak,p0.3|n10,rmse,7.2879884504682835,10,14
iter02b_ffnn,1,bstar_2023,HP_Peak,anchor_only_Linear,peak,p0.3|n10,mae,6.526638911485764,10,14
iter02b_ffnn,1,bstar_2023,HP_Peak,anchor_only_Linear,peak,p0.3|n10,mape,42.79548802264717,10,14
iter02b_ffnn,1,bstar_2023,HP_Peak,anchor_only_Linear,peak,p0.3|n10,r2,0.1985932832382643,10,14
iter02b_ffnn,1,bstar_2023,HP_Peak,anchor_only_Linear,peak,p0.3|n10,n_pred_nan,0.0,10,14
iter02b_ffnn,1,bstar_2023,HP_Peak,anchor_only_Linear,peak,p0.3|n10,mape_n_excluded,0.0,10,14
iter02b_ffnn,1,bstar_2023,HP_Peak,anchor_only_Linear,peak,p0.3|n20,rmse,8.330705512734006,5,14
iter02b_ffnn,1,bstar_2023,HP_Peak,anchor_only_Linear,peak,p0.3|n20,mae,7.129695147871624,5,14
iter02b_ffnn,1,bstar_2023,HP_Peak,anchor_only_Linear,peak,p0.3|n20,mape,18.59497195886101,5,14
iter02b_ffnn,1,bstar_2023,HP_Peak,anchor_only_Linear,peak,p0.3|n20,r2,-0.968944712848431,5,14
iter02b_ffnn,1,bstar_2023,HP_Peak,anchor_only_Linear,peak,p0.3|n20,n_pred_nan,0.0,5,14
iter02b_ffnn,1,bstar_2023,HP_Peak,anchor_only_Linear,peak,p0.3|n20,mape_n_excluded,0.0,5,14
iter02b_ffnn,1,bstar_2023,HP_Peak,anchor_only_Linear,peak,p0.3|n40,rmse,15.141107771084844,5,16
iter02b_ffnn,1,bstar_2023,HP_Peak,anchor_only_Linear,peak,p0.3|n40,mae,14.763512422965569,5,16
iter02b_ffnn,1,bstar_2023,HP_Peak,anchor_only_Linear,peak,p0.3|n40,mape,16.965501563797353,5,16
iter02b_ffnn,1,bstar_2023,HP_Peak,anchor_only_Linear,peak,p0.3|n40,r2,-13.422560766060998,5,16
iter02b_ffnn,1,bstar_2023,HP_Peak,anchor_only_Linear,peak,p0.3|n40,n_pred_nan,0.0,5,16
iter02b_ffnn,1,bstar_2023,HP_Peak,anchor_only_Linear,peak,p0.3|n40,mape_n_excluded,0.0,5,16
iter02b_ffnn,1,bstar_2023,HP_Peak,anchor_only_Linear,peak,p0.5|n10,rmse,14.60093984121295,5,13
iter02b_ffnn,1,bstar_2023,HP_Peak,anchor_only_Linear,peak,p0.5|n10,mae,13.082562551161548,5,13
iter02b_ffnn,1,bstar_2023,HP_Peak,anchor_only_Linear,peak,p0.5|n10,mape,39.09291297810843,5,13
iter02b_ffnn,1,bstar_2023,HP_Peak,anchor_only_Linear,peak,p0.5|n10,r2,-9.41091971586756,5,13
iter02b_ffnn,1,bstar_2023,HP_Peak,anchor_only_Linear,peak,p0.5|n10,n_pred_nan,0.0,5,13
iter02b_ffnn,1,bstar_2023,HP_Peak,anchor_only_Linear,peak,p0.5|n10,mape_n_excluded,0.0,5,13
iter02b_ffnn,1,bstar_2023,HP_Peak,anchor_only_Linear,peak,p0.5|n20,rmse,22.69788801402889,5,16
iter02b_ffnn,1,bstar_2023,HP_Peak,anchor_only_Linear,peak,p0.5|n20,mae,22.650427513914508,5,16
iter02b_ffnn,1,bstar_2023,HP_Peak,anchor_only_Linear,peak,p0.5|n20,mape,30.510344595105245,5,16
iter02b_ffnn,1,bstar_2023,HP_Peak,anchor_only_Linear,peak,p0.5|n20,r2,-149.34324681027888,5,16
iter02b_ffnn,1,bstar_2023,HP_Peak,anchor_only_Linear,peak,p0.5|n20,n_pred_nan,0.0,5,16
iter02b_ffnn,1,bstar_2023,HP_Peak,anchor_only_Linear,peak,p0.5|n20,mape_n_excluded,0.0,5,16
iter02b_ffnn,1,bstar_2023,HP_Peak,anchor_only_Linear,peak,p1.0|n10,rmse,18.773201663572717,5,16
iter02b_ffnn,1,bstar_2023,HP_Peak,anchor_only_Linear,peak,p1.0|n10,mae,16.84209602417469,5,16
iter02b_ffnn,1,bstar_2023,HP_Peak,anchor_only_Linear,peak,p1.0|n10,mape,24.28387252121648,5,16
iter02b_ffnn,1,bstar_2023,HP_Peak,anchor_only_Linear,peak,p1.0|n10,r2,-5.861354408014737,5,16
iter02b_ffnn,1,bstar_2023,HP_Peak,anchor_only_Linear,peak,p1.0|n10,n_pred_nan,0.0,5,16
iter02b_ffnn,1,bstar_2023,HP_Peak,anchor_only_Linear,peak,p1.0|n10,mape_n_excluded,0.0,5,16
iter02b_ffnn,1,bstar_2023,HP_Peak,anchor_only_Linear,size+peak,all,rmse,9.887071458832056,130,20
iter02b_ffnn,1,bstar_2023,HP_Peak,anchor_only_Linear,size+peak,all,mae,7.438007589847542,130,20
iter02b_ffnn,1,bstar_2023,HP_Peak,anchor_only_Linear,size+peak,all,mape,57.38483622757455,130,20
iter02b_ffnn,1,bstar_2023,HP_Peak,anchor_only_Linear,size+peak,all,r2,0.8584431356648837,130,20
iter02b_ffnn,1,bstar_2023,HP_Peak,anchor_only_Linear,size+peak,all,n_pred_nan,0.0,130,20
iter02b_ffnn,1,bstar_2023,HP_Peak,anchor_only_Linear,size+peak,all,mape_n_excluded,0.0,130,20
iter02b_ffnn,1,bstar_2023,HP_Peak,anchor_only_Linear,size+peak,p0.05|n10,rmse,6.526203068704368,10,8
iter02b_ffnn,1,bstar_2023,HP_Peak,anchor_only_Linear,size+peak,p0.05|n10,mae,5.349548509967481,10,8
iter02b_ffnn,1,bstar_2023,HP_Peak,anchor_only_Linear,size+peak,p0.05|n10,mape,117.53178349032036,10,8
iter02b_ffnn,1,bstar_2023,HP_Peak,anchor_only_Linear,size+peak,p0.05|n10,r2,-13.32839705143404,10,8
iter02b_ffnn,1,bstar_2023,HP_Peak,anchor_only_Linear,size+peak,p0.05|n10,n_pred_nan,0.0,10,8
iter02b_ffnn,1,bstar_2023,HP_Peak,anchor_only_Linear,size+peak,p0.05|n10,mape_n_excluded,0.0,10,8
iter02b_ffnn,1,bstar_2023,HP_Peak,anchor_only_Linear,size+peak,p0.05|n20,rmse,6.385697279232914,10,6
iter02b_ffnn,1,bstar_2023,HP_Peak,anchor_only_Linear,size+peak,p0.05|n20,mae,5.739393918016521,10,6
iter02b_ffnn,1,bstar_2023,HP_Peak,anchor_only_Linear,size+peak,p0.05|n20,mape,104.90133772836872,10,6
iter02b_ffnn,1,bstar_2023,HP_Peak,anchor_only_Linear,size+peak,p0.05|n20,r2,-6.729334058192589,10,6
iter02b_ffnn,1,bstar_2023,HP_Peak,anchor_only_Linear,size+peak,p0.05|n20,n_pred_nan,0.0,10,6
iter02b_ffnn,1,bstar_2023,HP_Peak,anchor_only_Linear,size+peak,p0.05|n20,mape_n_excluded,0.0,10,6
iter02b_ffnn,1,bstar_2023,HP_Peak,anchor_only_Linear,size+peak,p0.05|n40,rmse,11.880251938177144,10,13
iter02b_ffnn,1,bstar_2023,HP_Peak,anchor_only_Linear,size+peak,p0.05|n40,mae,8.510903807384423,10,13
iter02b_ffnn,1,bstar_2023,HP_Peak,anchor_only_Linear,size+peak,p0.05|n40,mape,85.48486647483031,10,13
iter02b_ffnn,1,bstar_2023,HP_Peak,anchor_only_Linear,size+peak,p0.05|n40,r2,-13.08643888067346,10,13
iter02b_ffnn,1,bstar_2023,HP_Peak,anchor_only_Linear,size+peak,p0.05|n40,n_pred_nan,0.0,10,13
iter02b_ffnn,1,bstar_2023,HP_Peak,anchor_only_Linear,size+peak,p0.05|n40,mape_n_excluded,0.0,10,13
iter02b_ffnn,1,bstar_2023,HP_Peak,anchor_only_Linear,size+peak,p0.05|n80,rmse,8.85478750314293,5,14
iter02b_ffnn,1,bstar_2023,HP_Peak,anchor_only_Linear,size+peak,p0.05|n80,mae,7.697454835597076,5,14
iter02b_ffnn,1,bstar_2023,HP_Peak,anchor_only_Linear,size+peak,p0.05|n80,mape,27.50068635614572,5,14
iter02b_ffnn,1,bstar_2023,HP_Peak,anchor_only_Linear,size+peak,p0.05|n80,r2,-1.962917405557007,5,14
iter02b_ffnn,1,bstar_2023,HP_Peak,anchor_only_Linear,size+peak,p0.05|n80,n_pred_nan,0.0,5,14
iter02b_ffnn,1,bstar_2023,HP_Peak,anchor_only_Linear,size+peak,p0.05|n80,mape_n_excluded,0.0,5,14
iter02b_ffnn,1,bstar_2023,HP_Peak,anchor_only_Linear,size+peak,p0.05|n120,rmse,10.756058561079092,5,15
iter02b_ffnn,1,bstar_2023,HP_Peak,anchor_only_Linear,size+peak,p0.05|n120,mae,8.64480000900399,5,15
iter02b_ffnn,1,bstar_2023,HP_Peak,anchor_only_Linear,size+peak,p0.05|n120,mape,25.10109010379256,5,15
iter02b_ffnn,1,bstar_2023,HP_Peak,anchor_only_Linear,size+peak,p0.05|n120,r2,-0.9155695603164848,5,15
iter02b_ffnn,1,bstar_2023,HP_Peak,anchor_only_Linear,size+peak,p0.05|n120,n_pred_nan,0.0,5,15
iter02b_ffnn,1,bstar_2023,HP_Peak,anchor_only_Linear,size+peak,p0.05|n120,mape_n_excluded,0.0,5,15
iter02b_ffnn,1,bstar_2023,HP_Peak,anchor_only_Linear,size+peak,p0.1|n10,rmse,5.9114449683110655,10,8
iter02b_ffnn,1,bstar_2023,HP_Peak,anchor_only_Linear,size+peak,p0.1|n10,mae,5.546886059937951,10,8
iter02b_ffnn,1,bstar_2023,HP_Peak,anchor_only_Linear,size+peak,p0.1|n10,mape,119.26659745331372,10,8
iter02b_ffnn,1,bstar_2023,HP_Peak,anchor_only_Linear,size+peak,p0.1|n10,r2,-3.201410997393408,10,8
iter02b_ffnn,1,bstar_2023,HP_Peak,anchor_only_Linear,size+peak,p0.1|n10,n_pred_nan,0.0,10,8
iter02b_ffnn,1,bstar_2023,HP_Peak,anchor_only_Linear,size+peak,p0.1|n10,mape_n_excluded,0.0,10,8
iter02b_ffnn,1,bstar_2023,HP_Peak,anchor_only_Linear,size+peak,p0.1|n20,rmse,12.061735488933484,10,11
iter02b_ffnn,1,bstar_2023,HP_Peak,anchor_only_Linear,size+peak,p0.1|n20,mae,8.577436897614106,10,11
iter02b_ffnn,1,bstar_2023,HP_Peak,anchor_only_Linear,size+peak,p0.1|n20,mape,89.4986291095752,10,11
iter02b_ffnn,1,bstar_2023,HP_Peak,anchor_only_Linear,size+peak,p0.1|n20,r2,-9.903630476082148,10,11
iter02b_ffnn,1,bstar_2023,HP_Peak,anchor_only_Linear,size+peak,p0.1|n20,n_pred_nan,0.0,10,11
iter02b_ffnn,1,bstar_2023,HP_Peak,anchor_only_Linear,size+peak,p0.1|n20,mape_n_excluded,0.0,10,11
iter02b_ffnn,1,bstar_2023,HP_Peak,anchor_only_Linear,size+peak,p0.1|n40,rmse,8.326165594324094,5,14
iter02b_ffnn,1,bstar_2023,HP_Peak,anchor_only_Linear,size+peak,p0.1|n40,mae,7.893540210089684,5,14
iter02b_ffnn,1,bstar_2023,HP_Peak,anchor_only_Linear,size+peak,p0.1|n40,mape,30.72520488425533,5,14
iter02b_ffnn,1,bstar_2023,HP_Peak,anchor_only_Linear,size+peak,p0.1|n40,r2,-3.8904606339133823,5,14
iter02b_ffnn,1,bstar_2023,HP_Peak,anchor_only_Linear,size+peak,p0.1|n40,n_pred_nan,0.0,5,14
iter02b_ffnn,1,bstar_2023,HP_Peak,anchor_only_Linear,size+peak,p0.1|n40,mape_n_excluded,0.0,5,14
iter02b_ffnn,1,bstar_2023,HP_Peak,anchor_only_Linear,size+peak,p0.1|n80,rmse,9.230719319389229,5,16
iter02b_ffnn,1,bstar_2023,HP_Peak,anchor_only_Linear,size+peak,p0.1|n80,mae,7.6993315945603396,5,16
iter02b_ffnn,1,bstar_2023,HP_Peak,anchor_only_Linear,size+peak,p0.1|n80,mape,12.98824502643226,5,16
iter02b_ffnn,1,bstar_2023,HP_Peak,anchor_only_Linear,size+peak,p0.1|n80,r2,0.1888946682303329,5,16
iter02b_ffnn,1,bstar_2023,HP_Peak,anchor_only_Linear,size+peak,p0.1|n80,n_pred_nan,0.0,5,16
iter02b_ffnn,1,bstar_2023,HP_Peak,anchor_only_Linear,size+peak,p0.1|n80,mape_n_excluded,0.0,5,16
iter02b_ffnn,1,bstar_2023,HP_Peak,anchor_only_Linear,size+peak,p0.1|n120,rmse,7.306303060340117,5,16
iter02b_ffnn,1,bstar_2023,HP_Peak,anchor_only_Linear,size+peak,p0.1|n120,mae,6.093652086455728,5,16
iter02b_ffnn,1,bstar_2023,HP_Peak,anchor_only_Linear,size+peak,p0.1|n120,mape,7.232649194174506,5,16
iter02b_ffnn,1,bstar_2023,HP_Peak,anchor_only_Linear,size+peak,p0.1|n120,r2,-2.6464254017040507,5,16
iter02b_ffnn,1,bstar_2023,HP_Peak,anchor_only_Linear,size+peak,p0.1|n120,n_pred_nan,0.0,5,16
iter02b_ffnn,1,bstar_2023,HP_Peak,anchor_only_Linear,size+peak,p0.1|n120,mape_n_excluded,0.0,5,16
iter02b_ffnn,1,bstar_2023,HP_Peak,anchor_only_Linear,size+peak,p0.2|n10,rmse,9.069639595872184,10,13
iter02b_ffnn,1,bstar_2023,HP_Peak,anchor_only_Linear,size+peak,p0.2|n10,mae,6.603759607763026,10,13
iter02b_ffnn,1,bstar_2023,HP_Peak,anchor_only_Linear,size+peak,p0.2|n10,mape,55.225363912691314,10,13
iter02b_ffnn,1,bstar_2023,HP_Peak,anchor_only_Linear,size+peak,p0.2|n10,r2,-2.7732064137996515,10,13
iter02b_ffnn,1,bstar_2023,HP_Peak,anchor_only_Linear,size+peak,p0.2|n10,n_pred_nan,0.0,10,13
iter02b_ffnn,1,bstar_2023,HP_Peak,anchor_only_Linear,size+peak,p0.2|n10,mape_n_excluded,0.0,10,13
iter02b_ffnn,1,bstar_2023,HP_Peak,anchor_only_Linear,size+peak,p0.2|n20,rmse,7.080882795274229,5,13
iter02b_ffnn,1,bstar_2023,HP_Peak,anchor_only_Linear,size+peak,p0.2|n20,mae,6.222246940488963,5,13
iter02b_ffnn,1,bstar_2023,HP_Peak,anchor_only_Linear,size+peak,p0.2|n20,mape,20.64533006797637,5,13
iter02b_ffnn,1,bstar_2023,HP_Peak,anchor_only_Linear,size+peak,p0.2|n20,r2,-16.033642131233798,5,13
iter02b_ffnn,1,bstar_2023,HP_Peak,anchor_only_Linear,size+peak,p0.2|n20,n_pred_nan,0.0,5,13
iter02b_ffnn,1,bstar_2023,HP_Peak,anchor_only_Linear,size+peak,p0.2|n20,mape_n_excluded,0.0,5,13
iter02b_ffnn,1,bstar_2023,HP_Peak,anchor_only_Linear,size+peak,p0.2|n40,rmse,9.722158015193257,5,16
iter02b_ffnn,1,bstar_2023,HP_Peak,anchor_only_Linear,size+peak,p0.2|n40,mae,7.3914974855694195,5,16
iter02b_ffnn,1,bstar_2023,HP_Peak,anchor_only_Linear,size+peak,p0.2|n40,mape,13.51972578787944,5,16
iter02b_ffnn,1,bstar_2023,HP_Peak,anchor_only_Linear,size+peak,p0.2|n40,r2,-0.9368927034407688,5,16
iter02b_ffnn,1,bstar_2023,HP_Peak,anchor_only_Linear,size+peak,p0.2|n40,n_pred_nan,0.0,5,16
iter02b_ffnn,1,bstar_2023,HP_Peak,anchor_only_Linear,size+peak,p0.2|n40,mape_n_excluded,0.0,5,16
iter02b_ffnn,1,bstar_2023,HP_Peak,anchor_only_Linear,size+peak,p0.3|n10,rmse,7.309794647661942,10,14
iter02b_ffnn,1,bstar_2023,HP_Peak,anchor_only_Linear,size+peak,p0.3|n10,mae,6.013625673764763,10,14
iter02b_ffnn,1,bstar_2023,HP_Peak,anchor_only_Linear,size+peak,p0.3|n10,mape,51.207747570445925,10,14
iter02b_ffnn,1,bstar_2023,HP_Peak,anchor_only_Linear,size+peak,p0.3|n10,r2,0.1937903730234303,10,14
iter02b_ffnn,1,bstar_2023,HP_Peak,anchor_only_Linear,size+peak,p0.3|n10,n_pred_nan,0.0,10,14
iter02b_ffnn,1,bstar_2023,HP_Peak,anchor_only_Linear,size+peak,p0.3|n10,mape_n_excluded,0.0,10,14
iter02b_ffnn,1,bstar_2023,HP_Peak,anchor_only_Linear,size+peak,p0.3|n20,rmse,9.85154218536588,5,14
iter02b_ffnn,1,bstar_2023,HP_Peak,anchor_only_Linear,size+peak,p0.3|n20,mae,7.964291374283545,5,14
iter02b_ffnn,1,bstar_2023,HP_Peak,anchor_only_Linear,size+peak,p0.3|n20,mape,21.716389085679022,5,14
iter02b_ffnn,1,bstar_2023,HP_Peak,anchor_only_Linear,size+peak,p0.3|n20,r2,-1.7534576368745447,5,14
iter02b_ffnn,1,bstar_2023,HP_Peak,anchor_only_Linear,size+peak,p0.3|n20,n_pred_nan,0.0,5,14
iter02b_ffnn,1,bstar_2023,HP_Peak,anchor_only_Linear,size+peak,p0.3|n20,mape_n_excluded,0.0,5,14
iter02b_ffnn,1,bstar_2023,HP_Peak,anchor_only_Linear,size+peak,p0.3|n40,rmse,6.846919002821384,5,16
iter02b_ffnn,1,bstar_2023,HP_Peak,anchor_only_Linear,size+peak,p0.3|n40,mae,6.083542072757254,5,16
iter02b_ffnn,1,bstar_2023,HP_Peak,anchor_only_Linear,size+peak,p0.3|n40,mape,7.1286984409649286,5,16
iter02b_ffnn,1,bstar_2023,HP_Peak,anchor_only_Linear,size+peak,p0.3|n40,r2,-1.949289853433525,5,16
iter02b_ffnn,1,bstar_2023,HP_Peak,anchor_only_Linear,size+peak,p0.3|n40,n_pred_nan,0.0,5,16
iter02b_ffnn,1,bstar_2023,HP_Peak,anchor_only_Linear,size+peak,p0.3|n40,mape_n_excluded,0.0,5,16
iter02b_ffnn,1,bstar_2023,HP_Peak,anchor_only_Linear,size+peak,p0.5|n10,rmse,19.15051121261358,5,13
iter02b_ffnn,1,bstar_2023,HP_Peak,anchor_only_Linear,size+peak,p0.5|n10,mae,15.264940780752028,5,13
iter02b_ffnn,1,bstar_2023,HP_Peak,anchor_only_Linear,size+peak,p0.5|n10,mape,50.09658724442521,5,13
iter02b_ffnn,1,bstar_2023,HP_Peak,anchor_only_Linear,size+peak,p0.5|n10,r2,-16.9096961442745,5,13
iter02b_ffnn,1,bstar_2023,HP_Peak,anchor_only_Linear,size+peak,p0.5|n10,n_pred_nan,0.0,5,13
iter02b_ffnn,1,bstar_2023,HP_Peak,anchor_only_Linear,size+peak,p0.5|n10,mape_n_excluded,0.0,5,13
iter02b_ffnn,1,bstar_2023,HP_Peak,anchor_only_Linear,size+peak,p0.5|n20,rmse,3.055695804325344,5,16
iter02b_ffnn,1,bstar_2023,HP_Peak,anchor_only_Linear,size+peak,p0.5|n20,mae,2.562061577642757,5,16
iter02b_ffnn,1,bstar_2023,HP_Peak,anchor_only_Linear,size+peak,p0.5|n20,mape,3.426382711694277,5,16
iter02b_ffnn,1,bstar_2023,HP_Peak,anchor_only_Linear,size+peak,p0.5|n20,r2,-1.724791418369345,5,16
iter02b_ffnn,1,bstar_2023,HP_Peak,anchor_only_Linear,size+peak,p0.5|n20,n_pred_nan,0.0,5,16
iter02b_ffnn,1,bstar_2023,HP_Peak,anchor_only_Linear,size+peak,p0.5|n20,mape_n_excluded,0.0,5,16
iter02b_ffnn,1,bstar_2023,HP_Peak,anchor_only_Linear,size+peak,p1.0|n10,rmse,19.840909921329928,5,16
iter02b_ffnn,1,bstar_2023,HP_Peak,anchor_only_Linear,size+peak,p1.0|n10,mae,17.18772941993876,5,16
iter02b_ffnn,1,bstar_2023,HP_Peak,anchor_only_Linear,size+peak,p1.0|n10,mape,25.69210153442724,5,16
iter02b_ffnn,1,bstar_2023,HP_Peak,anchor_only_Linear,size+peak,p1.0|n10,r2,-6.6640147586308665,5,16
iter02b_ffnn,1,bstar_2023,HP_Peak,anchor_only_Linear,size+peak,p1.0|n10,n_pred_nan,0.0,5,16
iter02b_ffnn,1,bstar_2023,HP_Peak,anchor_only_Linear,size+peak,p1.0|n10,mape_n_excluded,0.0,5,16
iter02b_ffnn,1,bstar_2023,HP_Peak,anchor_only_XGBoost,size,all,rmse,24.67949303750798,130,20
iter02b_ffnn,1,bstar_2023,HP_Peak,anchor_only_XGBoost,size,all,mae,20.253402176930635,130,20
iter02b_ffnn,1,bstar_2023,HP_Peak,anchor_only_XGBoost,size,all,mape,179.00861628915243,130,20
iter02b_ffnn,1,bstar_2023,HP_Peak,anchor_only_XGBoost,size,all,r2,0.1180010739689477,130,20
iter02b_ffnn,1,bstar_2023,HP_Peak,anchor_only_XGBoost,size,all,n_pred_nan,0.0,130,20
iter02b_ffnn,1,bstar_2023,HP_Peak,anchor_only_XGBoost,size,all,mape_n_excluded,0.0,130,20
iter02b_ffnn,1,bstar_2023,HP_Peak,anchor_only_XGBoost,size,p0.05|n10,rmse,14.917689097527829,10,8
iter02b_ffnn,1,bstar_2023,HP_Peak,anchor_only_XGBoost,size,p0.05|n10,mae,14.81772372556152,10,8
iter02b_ffnn,1,bstar_2023,HP_Peak,anchor_only_XGBoost,size,p0.05|n10,mape,410.872612847829,10,8
iter02b_ffnn,1,bstar_2023,HP_Peak,anchor_only_XGBoost,size,p0.05|n10,r2,-73.86512340391714,10,8
iter02b_ffnn,1,bstar_2023,HP_Peak,anchor_only_XGBoost,size,p0.05|n10,n_pred_nan,0.0,10,8
iter02b_ffnn,1,bstar_2023,HP_Peak,anchor_only_XGBoost,size,p0.05|n10,mape_n_excluded,0.0,10,8
iter02b_ffnn,1,bstar_2023,HP_Peak,anchor_only_XGBoost,size,p0.05|n20,rmse,25.126121633378933,10,6
iter02b_ffnn,1,bstar_2023,HP_Peak,anchor_only_XGBoost,size,p0.05|n20,mae,25.020918355371084,10,6
iter02b_ffnn,1,bstar_2023,HP_Peak,anchor_only_XGBoost,size,p0.05|n20,mape,505.437095942718,10,6
iter02b_ffnn,1,bstar_2023,HP_Peak,anchor_only_XGBoost,size,p0.05|n20,r2,-118.66753366409588,10,6
iter02b_ffnn,1,bstar_2023,HP_Peak,anchor_only_XGBoost,size,p0.05|n20,n_pred_nan,0.0,10,6
iter02b_ffnn,1,bstar_2023,HP_Peak,anchor_only_XGBoost,size,p0.05|n20,mape_n_excluded,0.0,10,6
iter02b_ffnn,1,bstar_2023,HP_Peak,anchor_only_XGBoost,size,p0.05|n40,rmse,34.88404144353323,10,13
iter02b_ffnn,1,bstar_2023,HP_Peak,anchor_only_XGBoost,size,p0.05|n40,mae,34.74013175439452,10,13
iter02b_ffnn,1,bstar_2023,HP_Peak,anchor_only_XGBoost,size,p0.05|n40,mape,418.0919507360277,10,13
iter02b_ffnn,1,bstar_2023,HP_Peak,anchor_only_XGBoost,size,p0.05|n40,r2,-120.45167300542964,10,13
iter02b_ffnn,1,bstar_2023,HP_Peak,anchor_only_XGBoost,size,p0.05|n40,n_pred_nan,0.0,10,13
iter02b_ffnn,1,bstar_2023,HP_Peak,anchor_only_XGBoost,size,p0.05|n40,mape_n_excluded,0.0,10,13
iter02b_ffnn,1,bstar_2023,HP_Peak,anchor_only_XGBoost,size,p0.05|n80,rmse,38.18517803203418,5,14
iter02b_ffnn,1,bstar_2023,HP_Peak,anchor_only_XGBoost,size,p0.05|n80,mae,37.83708450214841,5,14
iter02b_ffnn,1,bstar_2023,HP_Peak,anchor_only_XGBoost,size,p0.05|n80,mape,149.9063995359603,5,14
iter02b_ffnn,1,bstar_2023,HP_Peak,anchor_only_XGBoost,size,p0.05|n80,r2,-54.10016480525962,5,14
iter02b_ffnn,1,bstar_2023,HP_Peak,anchor_only_XGBoost,size,p0.05|n80,n_pred_nan,0.0,5,14
iter02b_ffnn,1,bstar_2023,HP_Peak,anchor_only_XGBoost,size,p0.05|n80,mape_n_excluded,0.0,5,14
iter02b_ffnn,1,bstar_2023,HP_Peak,anchor_only_XGBoost,size,p0.05|n120,rmse,39.57939095879012,5,15
iter02b_ffnn,1,bstar_2023,HP_Peak,anchor_only_XGBoost,size,p0.05|n120,mae,38.80891855126946,5,15
iter02b_ffnn,1,bstar_2023,HP_Peak,anchor_only_XGBoost,size,p0.05|n120,mape,111.9378222556682,5,15
iter02b_ffnn,1,bstar_2023,HP_Peak,anchor_only_XGBoost,size,p0.05|n120,r2,-24.93760219585121,5,15
iter02b_ffnn,1,bstar_2023,HP_Peak,anchor_only_XGBoost,size,p0.05|n120,n_pred_nan,0.0,5,15
iter02b_ffnn,1,bstar_2023,HP_Peak,anchor_only_XGBoost,size,p0.05|n120,mape_n_excluded,0.0,5,15
iter02b_ffnn,1,bstar_2023,HP_Peak,anchor_only_XGBoost,size,p0.1|n10,rmse,13.655017160928912,10,8
iter02b_ffnn,1,bstar_2023,HP_Peak,anchor_only_XGBoost,size,p0.1|n10,mae,13.34698492556152,10,8
iter02b_ffnn,1,bstar_2023,HP_Peak,anchor_only_XGBoost,size,p0.1|n10,mape,300.0667648437184,10,8
iter02b_ffnn,1,bstar_2023,HP_Peak,anchor_only_XGBoost,size,p0.1|n10,r2,-21.4177678033275,10,8
iter02b_ffnn,1,bstar_2023,HP_Peak,anchor_only_XGBoost,size,p0.1|n10,n_pred_nan,0.0,10,8
iter02b_ffnn,1,bstar_2023,HP_Peak,anchor_only_XGBoost,size,p0.1|n10,mape_n_excluded,0.0,10,8
iter02b_ffnn,1,bstar_2023,HP_Peak,anchor_only_XGBoost,size,p0.1|n20,rmse,20.84239502204317,10,11
iter02b_ffnn,1,bstar_2023,HP_Peak,anchor_only_XGBoost,size,p0.1|n20,mae,20.519809555371083,10,11
iter02b_ffnn,1,bstar_2023,HP_Peak,anchor_only_XGBoost,size,p0.1|n20,mape,230.39142545782695,10,11
iter02b_ffnn,1,bstar_2023,HP_Peak,anchor_only_XGBoost,size,p0.1|n20,r2,-31.557179187999644,10,11
iter02b_ffnn,1,bstar_2023,HP_Peak,anchor_only_XGBoost,size,p0.1|n20,n_pred_nan,0.0,10,11
iter02b_ffnn,1,bstar_2023,HP_Peak,anchor_only_XGBoost,size,p0.1|n20,mape_n_excluded,0.0,10,11
iter02b_ffnn,1,bstar_2023,HP_Peak,anchor_only_XGBoost,size,p0.1|n40,rmse,17.628668281874162,5,14
iter02b_ffnn,1,bstar_2023,HP_Peak,anchor_only_XGBoost,size,p0.1|n40,mae,17.221915754394455,5,14
iter02b_ffnn,1,bstar_2023,HP_Peak,anchor_only_XGBoost,size,p0.1|n40,mape,67.23210945121748,5,14
iter02b_ffnn,1,bstar_2023,HP_Peak,anchor_only_XGBoost,size,p0.1|n40,r2,-20.92293472248675,5,14
iter02b_ffnn,1,bstar_2023,HP_Peak,anchor_only_XGBoost,size,p0.1|n40,n_pred_nan,0.0,5,14
iter02b_ffnn,1,bstar_2023,HP_Peak,anchor_only_XGBoost,size,p0.1|n40,mape_n_excluded,0.0,5,14
iter02b_ffnn,1,bstar_2023,HP_Peak,anchor_only_XGBoost,size,p0.1|n80,rmse,11.865636811232015,5,16
iter02b_ffnn,1,bstar_2023,HP_Peak,anchor_only_XGBoost,size,p0.1|n80,mae,9.027250221289044,5,16
iter02b_ffnn,1,bstar_2023,HP_Peak,anchor_only_XGBoost,size,p0.1|n80,mape,18.345219963032555,5,16
iter02b_ffnn,1,bstar_2023,HP_Peak,anchor_only_XGBoost,size,p0.1|n80,r2,-0.340257565838769,5,16
iter02b_ffnn,1,bstar_2023,HP_Peak,anchor_only_XGBoost,size,p0.1|n80,n_pred_nan,0.0,5,16
iter02b_ffnn,1,bstar_2023,HP_Peak,anchor_only_XGBoost,size,p0.1|n80,mape_n_excluded,0.0,5,16
iter02b_ffnn,1,bstar_2023,HP_Peak,anchor_only_XGBoost,size,p0.1|n120,rmse,7.600269148225,5,16
iter02b_ffnn,1,bstar_2023,HP_Peak,anchor_only_XGBoost,size,p0.1|n120,mae,6.566927048730685,5,16
iter02b_ffnn,1,bstar_2023,HP_Peak,anchor_only_XGBoost,size,p0.1|n120,mape,7.754366537588693,5,16
iter02b_ffnn,1,bstar_2023,HP_Peak,anchor_only_XGBoost,size,p0.1|n120,r2,-2.9457531572833573,5,16
iter02b_ffnn,1,bstar_2023,HP_Peak,anchor_only_XGBoost,size,p0.1|n120,n_pred_nan,0.0,5,16
iter02b_ffnn,1,bstar_2023,HP_Peak,anchor_only_XGBoost,size,p0.1|n120,mape_n_excluded,0.0,5,16
iter02b_ffnn,1,bstar_2023,HP_Peak,anchor_only_XGBoost,size,p0.2|n10,rmse,8.902069263171228,10,13
iter02b_ffnn,1,bstar_2023,HP_Peak,anchor_only_XGBoost,size,p0.2|n10,mae,7.845655060449211,10,13
iter02b_ffnn,1,bstar_2023,HP_Peak,anchor_only_XGBoost,size,p0.2|n10,mape,94.80382643677358,10,13
iter02b_ffnn,1,bstar_2023,HP_Peak,anchor_only_XGBoost,size,p0.2|n10,r2,-2.635067190114659,10,13
iter02b_ffnn,1,bstar_2023,HP_Peak,anchor_only_XGBoost,size,p0.2|n10,n_pred_nan,0.0,10,13
iter02b_ffnn,1,bstar_2023,HP_Peak,anchor_only_XGBoost,size,p0.2|n10,mape_n_excluded,0.0,10,13
iter02b_ffnn,1,bstar_2023,HP_Peak,anchor_only_XGBoost,size,p0.2|n20,rmse,1.7602142451470495,5,13
iter02b_ffnn,1,bstar_2023,HP_Peak,anchor_only_XGBoost,size,p0.2|n20,mae,1.4554462489257909,5,13
iter02b_ffnn,1,bstar_2023,HP_Peak,anchor_only_XGBoost,size,p0.2|n20,mape,4.984419896970003,5,13
iter02b_ffnn,1,bstar_2023,HP_Peak,anchor_only_XGBoost,size,p0.2|n20,r2,-0.0526009790142161,5,13
iter02b_ffnn,1,bstar_2023,HP_Peak,anchor_only_XGBoost,size,p0.2|n20,n_pred_nan,0.0,5,13
iter02b_ffnn,1,bstar_2023,HP_Peak,anchor_only_XGBoost,size,p0.2|n20,mape_n_excluded,0.0,5,13
iter02b_ffnn,1,bstar_2023,HP_Peak,anchor_only_XGBoost,size,p0.2|n40,rmse,12.409265464472664,5,16
iter02b_ffnn,1,bstar_2023,HP_Peak,anchor_only_XGBoost,size,p0.2|n40,mae,10.256211445605649,5,16
iter02b_ffnn,1,bstar_2023,HP_Peak,anchor_only_XGBoost,size,p0.2|n40,mape,17.49653170761899,5,16
iter02b_ffnn,1,bstar_2023,HP_Peak,anchor_only_XGBoost,size,p0.2|n40,r2,-2.1555303588950703,5,16
iter02b_ffnn,1,bstar_2023,HP_Peak,anchor_only_XGBoost,size,p0.2|n40,n_pred_nan,0.0,5,16
iter02b_ffnn,1,bstar_2023,HP_Peak,anchor_only_XGBoost,size,p0.2|n40,mape_n_excluded,0.0,5,16
iter02b_ffnn,1,bstar_2023,HP_Peak,anchor_only_XGBoost,size,p0.3|n10,rmse,8.825281736994159,10,14
iter02b_ffnn,1,bstar_2023,HP_Peak,anchor_only_XGBoost,size,p0.3|n10,mae,8.408789995336914,10,14
iter02b_ffnn,1,bstar_2023,HP_Peak,anchor_only_XGBoost,size,p0.3|n10,mape,59.93427426662937,10,14
iter02b_ffnn,1,bstar_2023,HP_Peak,anchor_only_XGBoost,size,p0.3|n10,r2,-0.1751540018188033,10,14
iter02b_ffnn,1,bstar_2023,HP_Peak,anchor_only_XGBoost,size,p0.3|n10,n_pred_nan,0.0,10,14
iter02b_ffnn,1,bstar_2023,HP_Peak,anchor_only_XGBoost,size,p0.3|n10,mape_n_excluded,0.0,10,14
iter02b_ffnn,1,bstar_2023,HP_Peak,anchor_only_XGBoost,size,p0.3|n20,rmse,9.953273120273272,5,14
iter02b_ffnn,1,bstar_2023,HP_Peak,anchor_only_XGBoost,size,p0.3|n20,mae,7.988742444629034,5,14
iter02b_ffnn,1,bstar_2023,HP_Peak,anchor_only_XGBoost,size,p0.3|n20,mape,18.661910436415987,5,14
iter02b_ffnn,1,bstar_2023,HP_Peak,anchor_only_XGBoost,size,p0.3|n20,r2,-1.8106178433164373,5,14
iter02b_ffnn,1,bstar_2023,HP_Peak,anchor_only_XGBoost,size,p0.3|n20,n_pred_nan,0.0,5,14
iter02b_ffnn,1,bstar_2023,HP_Peak,anchor_only_XGBoost,size,p0.3|n20,mape_n_excluded,0.0,5,14
iter02b_ffnn,1,bstar_2023,HP_Peak,anchor_only_XGBoost,size,p0.3|n40,rmse,42.40728878229082,5,16
iter02b_ffnn,1,bstar_2023,HP_Peak,anchor_only_XGBoost,size,p0.3|n40,mae,42.21945864560577,5,16
iter02b_ffnn,1,bstar_2023,HP_Peak,anchor_only_XGBoost,size,p0.3|n40,mape,48.721947445357976,5,16
iter02b_ffnn,1,bstar_2023,HP_Peak,anchor_only_XGBoost,size,p0.3|n40,r2,-112.1378942868538,5,16
iter02b_ffnn,1,bstar_2023,HP_Peak,anchor_only_XGBoost,size,p0.3|n40,n_pred_nan,0.0,5,16
iter02b_ffnn,1,bstar_2023,HP_Peak,anchor_only_XGBoost,size,p0.3|n40,mape_n_excluded,0.0,5,16
iter02b_ffnn,1,bstar_2023,HP_Peak,anchor_only_XGBoost,size,p0.5|n10,rmse,13.99444630973389,5,13
iter02b_ffnn,1,bstar_2023,HP_Peak,anchor_only_XGBoost,size,p0.5|n10,mae,13.242629474438605,5,13
iter02b_ffnn,1,bstar_2023,HP_Peak,anchor_only_XGBoost,size,p0.5|n10,mape,39.75205306617759,5,13
iter02b_ffnn,1,bstar_2023,HP_Peak,anchor_only_XGBoost,size,p0.5|n10,r2,-8.563985627604422,5,13
iter02b_ffnn,1,bstar_2023,HP_Peak,anchor_only_XGBoost,size,p0.5|n10,n_pred_nan,0.0,5,13
iter02b_ffnn,1,bstar_2023,HP_Peak,anchor_only_XGBoost,size,p0.5|n10,mape_n_excluded,0.0,5,13
iter02b_ffnn,1,bstar_2023,HP_Peak,anchor_only_XGBoost,size,p0.5|n20,rmse,43.55188644740526,5,16
iter02b_ffnn,1,bstar_2023,HP_Peak,anchor_only_XGBoost,size,p0.5|n20,mae,43.51252724462914,5,16
iter02b_ffnn,1,bstar_2023,HP_Peak,anchor_only_XGBoost,size,p0.5|n20,mape,58.56208662105843,5,16
iter02b_ffnn,1,bstar_2023,HP_Peak,anchor_only_XGBoost,size,p0.5|n20,r2,-552.5119091867523,5,16
iter02b_ffnn,1,bstar_2023,HP_Peak,anchor_only_XGBoost,size,p0.5|n20,n_pred_nan,0.0,5,16
iter02b_ffnn,1,bstar_2023,HP_Peak,anchor_only_XGBoost,size,p0.5|n20,mape_n_excluded,0.0,5,16
iter02b_ffnn,1,bstar_2023,HP_Peak,anchor_only_XGBoost,size,p1.0|n10,rmse,49.572137040464206,5,16
iter02b_ffnn,1,bstar_2023,HP_Peak,anchor_only_XGBoost,size,p1.0|n10,mae,49.05131827443865,5,16
iter02b_ffnn,1,bstar_2023,HP_Peak,anchor_only_XGBoost,size,p1.0|n10,mape,71.67325553785092,5,16
iter02b_ffnn,1,bstar_2023,HP_Peak,anchor_only_XGBoost,size,p1.0|n10,r2,-46.8419028511799,5,16
iter02b_ffnn,1,bstar_2023,HP_Peak,anchor_only_XGBoost,size,p1.0|n10,n_pred_nan,0.0,5,16
iter02b_ffnn,1,bstar_2023,HP_Peak,anchor_only_XGBoost,size,p1.0|n10,mape_n_excluded,0.0,5,16
iter02b_ffnn,1,bstar_2023,HP_Peak,anchor_only_XGBoost,peak,all,rmse,17.65946071173059,130,20
iter02b_ffnn,1,bstar_2023,HP_Peak,anchor_only_XGBoost,peak,all,mae,13.032501121855312,130,20
iter02b_ffnn,1,bstar_2023,HP_Peak,anchor_only_XGBoost,peak,all,mape,79.52687024024834,130,20
iter02b_ffnn,1,bstar_2023,HP_Peak,anchor_only_XGBoost,peak,all,r2,0.5484036100054708,130,20
iter02b_ffnn,1,bstar_2023,HP_Peak,anchor_only_XGBoost,peak,all,n_pred_nan,0.0,130,20
iter02b_ffnn,1,bstar_2023,HP_Peak,anchor_only_XGBoost,peak,all,mape_n_excluded,0.0,130,20
iter02b_ffnn,1,bstar_2023,HP_Peak,anchor_only_XGBoost,peak,p0.05|n10,rmse,6.935732890108846,10,8
iter02b_ffnn,1,bstar_2023,HP_Peak,anchor_only_XGBoost,peak,p0.05|n10,mae,6.293816254858396,10,8
iter02b_ffnn,1,bstar_2023,HP_Peak,anchor_only_XGBoost,peak,p0.05|n10,mape,172.31919888022156,10,8
iter02b_ffnn,1,bstar_2023,HP_Peak,anchor_only_XGBoost,peak,p0.05|n10,r2,-15.183079207293854,10,8
iter02b_ffnn,1,bstar_2023,HP_Peak,anchor_only_XGBoost,peak,p0.05|n10,n_pred_nan,0.0,10,8
iter02b_ffnn,1,bstar_2023,HP_Peak,anchor_only_XGBoost,peak,p0.05|n10,mape_n_excluded,0.0,10,8
iter02b_ffnn,1,bstar_2023,HP_Peak,anchor_only_XGBoost,peak,p0.05|n20,rmse,8.820259140905018,10,6
iter02b_ffnn,1,bstar_2023,HP_Peak,anchor_only_XGBoost,peak,p0.05|n20,mae,8.480591187860098,10,6
iter02b_ffnn,1,bstar_2023,HP_Peak,anchor_only_XGBoost,peak,p0.05|n20,mape,168.69175188794915,10,6
iter02b_ffnn,1,bstar_2023,HP_Peak,anchor_only_XGBoost,peak,p0.05|n20,r2,-13.74647146074718,10,6
iter02b_ffnn,1,bstar_2023,HP_Peak,anchor_only_XGBoost,peak,p0.05|n20,n_pred_nan,0.0,10,6
iter02b_ffnn,1,bstar_2023,HP_Peak,anchor_only_XGBoost,peak,p0.05|n20,mape_n_excluded,0.0,10,6
iter02b_ffnn,1,bstar_2023,HP_Peak,anchor_only_XGBoost,peak,p0.05|n40,rmse,17.670724487925863,10,13
iter02b_ffnn,1,bstar_2023,HP_Peak,anchor_only_XGBoost,peak,p0.05|n40,mae,16.28469123315429,10,13
iter02b_ffnn,1,bstar_2023,HP_Peak,anchor_only_XGBoost,peak,p0.05|n40,mape,185.4861547055988,10,13
iter02b_ffnn,1,bstar_2023,HP_Peak,anchor_only_XGBoost,peak,p0.05|n40,r2,-30.164389625724198,10,13
iter02b_ffnn,1,bstar_2023,HP_Peak,anchor_only_XGBoost,peak,p0.05|n40,n_pred_nan,0.0,10,13
iter02b_ffnn,1,bstar_2023,HP_Peak,anchor_only_XGBoost,peak,p0.05|n40,mape_n_excluded,0.0,10,13
iter02b_ffnn,1,bstar_2023,HP_Peak,anchor_only_XGBoost,peak,p0.05|n80,rmse,24.567358610269707,5,14
iter02b_ffnn,1,bstar_2023,HP_Peak,anchor_only_XGBoost,peak,p0.05|n80,mae,23.83787109272458,5,14
iter02b_ffnn,1,bstar_2023,HP_Peak,anchor_only_XGBoost,peak,p0.05|n80,mape,95.93210003758334,5,14
iter02b_ffnn,1,bstar_2023,HP_Peak,anchor_only_XGBoost,peak,p0.05|n80,r2,-21.80763157086195,5,14
iter02b_ffnn,1,bstar_2023,HP_Peak,anchor_only_XGBoost,peak,p0.05|n80,n_pred_nan,0.0,5,14
iter02b_ffnn,1,bstar_2023,HP_Peak,anchor_only_XGBoost,peak,p0.05|n80,mape_n_excluded,0.0,5,14
iter02b_ffnn,1,bstar_2023,HP_Peak,anchor_only_XGBoost,peak,p0.05|n120,rmse,44.26307459067932,5,15
iter02b_ffnn,1,bstar_2023,HP_Peak,anchor_only_XGBoost,peak,p0.05|n120,mae,42.18233621484367,5,15
iter02b_ffnn,1,bstar_2023,HP_Peak,anchor_only_XGBoost,peak,p0.05|n120,mape,121.20798464512325,5,15
iter02b_ffnn,1,bstar_2023,HP_Peak,anchor_only_XGBoost,peak,p0.05|n120,r2,-31.43954589114324,5,15
iter02b_ffnn,1,bstar_2023,HP_Peak,anchor_only_XGBoost,peak,p0.05|n120,n_pred_nan,0.0,5,15
iter02b_ffnn,1,bstar_2023,HP_Peak,anchor_only_XGBoost,peak,p0.05|n120,mape_n_excluded,0.0,5,15
iter02b_ffnn,1,bstar_2023,HP_Peak,anchor_only_XGBoost,peak,p0.1|n10,rmse,6.118076682049381,10,8
iter02b_ffnn,1,bstar_2023,HP_Peak,anchor_only_XGBoost,peak,p0.1|n10,mae,5.310337784295651,10,8
iter02b_ffnn,1,bstar_2023,HP_Peak,anchor_only_XGBoost,peak,p0.1|n10,mape,127.35155383141976,10,8
iter02b_ffnn,1,bstar_2023,HP_Peak,anchor_only_XGBoost,peak,p0.1|n10,r2,-3.5002609571839747,10,8
iter02b_ffnn,1,bstar_2023,HP_Peak,anchor_only_XGBoost,peak,p0.1|n10,n_pred_nan,0.0,10,8
iter02b_ffnn,1,bstar_2023,HP_Peak,anchor_only_XGBoost,peak,p0.1|n10,mape_n_excluded,0.0,10,8
iter02b_ffnn,1,bstar_2023,HP_Peak,anchor_only_XGBoost,peak,p0.1|n20,rmse,7.131367340546933,10,11
iter02b_ffnn,1,bstar_2023,HP_Peak,anchor_only_XGBoost,peak,p0.1|n20,mae,5.286674476232906,10,11
iter02b_ffnn,1,bstar_2023,HP_Peak,anchor_only_XGBoost,peak,p0.1|n20,mape,56.36296824307894,10,11
iter02b_ffnn,1,bstar_2023,HP_Peak,anchor_only_XGBoost,peak,p0.1|n20,r2,-2.8115106697274457,10,11
iter02b_ffnn,1,bstar_2023,HP_Peak,anchor_only_XGBoost,peak,p0.1|n20,n_pred_nan,0.0,10,11
iter02b_ffnn,1,bstar_2023,HP_Peak,anchor_only_XGBoost,peak,p0.1|n20,mape_n_excluded,0.0,10,11
iter02b_ffnn,1,bstar_2023,HP_Peak,anchor_only_XGBoost,peak,p0.1|n40,rmse,12.898924449415714,5,14
iter02b_ffnn,1,bstar_2023,HP_Peak,anchor_only_XGBoost,peak,p0.1|n40,mae,11.533689779467707,5,14
iter02b_ffnn,1,bstar_2023,HP_Peak,anchor_only_XGBoost,peak,p0.1|n40,mape,43.099833840361626,5,14
iter02b_ffnn,1,bstar_2023,HP_Peak,anchor_only_XGBoost,peak,p0.1|n40,r2,-10.737258710500573,5,14
iter02b_ffnn,1,bstar_2023,HP_Peak,anchor_only_XGBoost,peak,p0.1|n40,n_pred_nan,0.0,5,14
iter02b_ffnn,1,bstar_2023,HP_Peak,anchor_only_XGBoost,peak,p0.1|n40,mape_n_excluded,0.0,5,14
iter02b_ffnn,1,bstar_2023,HP_Peak,anchor_only_XGBoost,peak,p0.1|n80,rmse,8.491157938565042,5,16
iter02b_ffnn,1,bstar_2023,HP_Peak,anchor_only_XGBoost,peak,p0.1|n80,mae,7.412805751855576,5,16
iter02b_ffnn,1,bstar_2023,HP_Peak,anchor_only_XGBoost,peak,p0.1|n80,mape,14.070063673925944,5,16
iter02b_ffnn,1,bstar_2023,HP_Peak,anchor_only_XGBoost,peak,p0.1|n80,r2,0.3136589050069286,5,16
iter02b_ffnn,1,bstar_2023,HP_Peak,anchor_only_XGBoost,peak,p0.1|n80,n_pred_nan,0.0,5,16
iter02b_ffnn,1,bstar_2023,HP_Peak,anchor_only_XGBoost,peak,p0.1|n80,mape_n_excluded,0.0,5,16
iter02b_ffnn,1,bstar_2023,HP_Peak,anchor_only_XGBoost,peak,p0.1|n120,rmse,39.537627773139626,5,16
iter02b_ffnn,1,bstar_2023,HP_Peak,anchor_only_XGBoost,peak,p0.1|n120,mae,38.08666944785135,5,16
iter02b_ffnn,1,bstar_2023,HP_Peak,anchor_only_XGBoost,peak,p0.1|n120,mape,46.292280400284056,5,16
iter02b_ffnn,1,bstar_2023,HP_Peak,anchor_only_XGBoost,peak,p0.1|n120,r2,-105.78080365386788,5,16
iter02b_ffnn,1,bstar_2023,HP_Peak,anchor_only_XGBoost,peak,p0.1|n120,n_pred_nan,0.0,5,16
iter02b_ffnn,1,bstar_2023,HP_Peak,anchor_only_XGBoost,peak,p0.1|n120,mape_n_excluded,0.0,5,16
iter02b_ffnn,1,bstar_2023,HP_Peak,anchor_only_XGBoost,peak,p0.2|n10,rmse,3.80591530757205,10,13
iter02b_ffnn,1,bstar_2023,HP_Peak,anchor_only_XGBoost,peak,p0.2|n10,mae,3.266182423272697,10,13
iter02b_ffnn,1,bstar_2023,HP_Peak,anchor_only_XGBoost,peak,p0.2|n10,mape,29.754934497350405,10,13
iter02b_ffnn,1,bstar_2023,HP_Peak,anchor_only_XGBoost,peak,p0.2|n10,r2,0.3355707481863296,10,13
iter02b_ffnn,1,bstar_2023,HP_Peak,anchor_only_XGBoost,peak,p0.2|n10,n_pred_nan,0.0,10,13
iter02b_ffnn,1,bstar_2023,HP_Peak,anchor_only_XGBoost,peak,p0.2|n10,mape_n_excluded,0.0,10,13
iter02b_ffnn,1,bstar_2023,HP_Peak,anchor_only_XGBoost,peak,p0.2|n20,rmse,9.468432386226764,5,13
iter02b_ffnn,1,bstar_2023,HP_Peak,anchor_only_XGBoost,peak,p0.2|n20,mae,9.324992382592892,5,13
iter02b_ffnn,1,bstar_2023,HP_Peak,anchor_only_XGBoost,peak,p0.2|n20,mape,30.609343658899736,5,13
iter02b_ffnn,1,bstar_2023,HP_Peak,anchor_only_XGBoost,peak,p0.2|n20,r2,-29.45712259313545,5,13
iter02b_ffnn,1,bstar_2023,HP_Peak,anchor_only_XGBoost,peak,p0.2|n20,n_pred_nan,0.0,5,13
iter02b_ffnn,1,bstar_2023,HP_Peak,anchor_only_XGBoost,peak,p0.2|n20,mape_n_excluded,0.0,5,13
iter02b_ffnn,1,bstar_2023,HP_Peak,anchor_only_XGBoost,peak,p0.2|n40,rmse,9.821775424908768,5,16
iter02b_ffnn,1,bstar_2023,HP_Peak,anchor_only_XGBoost,peak,p0.2|n40,mae,7.493676368798989,5,16
iter02b_ffnn,1,bstar_2023,HP_Peak,anchor_only_XGBoost,peak,p0.2|n40,mape,12.754152355824628,5,16
iter02b_ffnn,1,bstar_2023,HP_Peak,anchor_only_XGBoost,peak,p0.2|n40,r2,-0.9767885267711588,5,16
iter02b_ffnn,1,bstar_2023,HP_Peak,anchor_only_XGBoost,peak,p0.2|n40,n_pred_nan,0.0,5,16
iter02b_ffnn,1,bstar_2023,HP_Peak,anchor_only_XGBoost,peak,p0.2|n40,mape_n_excluded,0.0,5,16
iter02b_ffnn,1,bstar_2023,HP_Peak,anchor_only_XGBoost,peak,p0.3|n10,rmse,6.471965316506664,10,14
iter02b_ffnn,1,bstar_2023,HP_Peak,anchor_only_XGBoost,peak,p0.3|n10,mae,4.852525965130617,10,14
iter02b_ffnn,1,bstar_2023,HP_Peak,anchor_only_XGBoost,peak,p0.3|n10,mape,28.65008250047809,10,14
iter02b_ffnn,1,bstar_2023,HP_Peak,anchor_only_XGBoost,peak,p0.3|n10,r2,0.3680103164770215,10,14
iter02b_ffnn,1,bstar_2023,HP_Peak,anchor_only_XGBoost,peak,p0.3|n10,n_pred_nan,0.0,10,14
iter02b_ffnn,1,bstar_2023,HP_Peak,anchor_only_XGBoost,peak,p0.3|n10,mape_n_excluded,0.0,10,14
iter02b_ffnn,1,bstar_2023,HP_Peak,anchor_only_XGBoost,peak,p0.3|n20,rmse,9.18439816588148,5,14
iter02b_ffnn,1,bstar_2023,HP_Peak,anchor_only_XGBoost,peak,p0.3|n20,mae,9.035762956860465,5,14
iter02b_ffnn,1,bstar_2023,HP_Peak,anchor_only_XGBoost,peak,p0.3|n20,mape,24.31934493194476,5,14
iter02b_ffnn,1,bstar_2023,HP_Peak,anchor_only_XGBoost,peak,p0.3|n20,r2,-1.3931579465985693,5,14
iter02b_ffnn,1,bstar_2023,HP_Peak,anchor_only_XGBoost,peak,p0.3|n20,n_pred_nan,0.0,5,14
iter02b_ffnn,1,bstar_2023,HP_Peak,anchor_only_XGBoost,peak,p0.3|n20,mape_n_excluded,0.0,5,14
iter02b_ffnn,1,bstar_2023,HP_Peak,anchor_only_XGBoost,peak,p0.3|n40,rmse,30.00811082234657,5,16
iter02b_ffnn,1,bstar_2023,HP_Peak,anchor_only_XGBoost,peak,p0.3|n40,mae,29.78875185849639,5,16
iter02b_ffnn,1,bstar_2023,HP_Peak,anchor_only_XGBoost,peak,p0.3|n40,mape,34.41371637366834,5,16
iter02b_ffnn,1,bstar_2023,HP_Peak,anchor_only_XGBoost,peak,p0.3|n40,r2,-55.65058332895264,5,16
iter02b_ffnn,1,bstar_2023,HP_Peak,anchor_only_XGBoost,peak,p0.3|n40,n_pred_nan,0.0,5,16
iter02b_ffnn,1,bstar_2023,HP_Peak,anchor_only_XGBoost,peak,p0.3|n40,mape_n_excluded,0.0,5,16
iter02b_ffnn,1,bstar_2023,HP_Peak,anchor_only_XGBoost,peak,p0.5|n10,rmse,16.119142709646912,5,13
iter02b_ffnn,1,bstar_2023,HP_Peak,anchor_only_XGBoost,peak,p0.5|n10,mae,14.600633601025498,5,13
iter02b_ffnn,1,bstar_2023,HP_Peak,anchor_only_XGBoost,peak,p0.5|n10,mape,44.20255854809659,5,13
iter02b_ffnn,1,bstar_2023,HP_Peak,anchor_only_XGBoost,peak,p0.5|n10,r2,-11.68853128563797,5,13
iter02b_ffnn,1,bstar_2023,HP_Peak,anchor_only_XGBoost,peak,p0.5|n10,n_pred_nan,0.0,5,13
iter02b_ffnn,1,bstar_2023,HP_Peak,anchor_only_XGBoost,peak,p0.5|n10,mape_n_excluded,0.0,5,13
iter02b_ffnn,1,bstar_2023,HP_Peak,anchor_only_XGBoost,peak,p0.5|n20,rmse,24.400811435225595,5,16
iter02b_ffnn,1,bstar_2023,HP_Peak,anchor_only_XGBoost,peak,p0.5|n20,mae,24.096085136474848,5,16
iter02b_ffnn,1,bstar_2023,HP_Peak,anchor_only_XGBoost,peak,p0.5|n20,mape,32.34671321538126,5,16
iter02b_ffnn,1,bstar_2023,HP_Peak,anchor_only_XGBoost,peak,p0.5|n20,r2,-172.74870032685428,5,16
iter02b_ffnn,1,bstar_2023,HP_Peak,anchor_only_XGBoost,peak,p0.5|n20,n_pred_nan,0.0,5,16
iter02b_ffnn,1,bstar_2023,HP_Peak,anchor_only_XGBoost,peak,p0.5|n20,mape_n_excluded,0.0,5,16
iter02b_ffnn,1,bstar_2023,HP_Peak,anchor_only_XGBoost,peak,p1.0|n10,rmse,23.494165721122805,5,16
iter02b_ffnn,1,bstar_2023,HP_Peak,anchor_only_XGBoost,peak,p1.0|n10,mae,21.90211592763689,5,16
iter02b_ffnn,1,bstar_2023,HP_Peak,anchor_only_XGBoost,peak,p1.0|n10,mape,31.2172454731696,5,16
iter02b_ffnn,1,bstar_2023,HP_Peak,anchor_only_XGBoost,peak,p1.0|n10,r2,-9.746157889977685,5,16
iter02b_ffnn,1,bstar_2023,HP_Peak,anchor_only_XGBoost,peak,p1.0|n10,n_pred_nan,0.0,5,16
iter02b_ffnn,1,bstar_2023,HP_Peak,anchor_only_XGBoost,peak,p1.0|n10,mape_n_excluded,0.0,5,16
iter02b_ffnn,1,bstar_2023,HP_Peak,anchor_only_XGBoost,size+peak,all,rmse,12.356465150550012,130,20
iter02b_ffnn,1,bstar_2023,HP_Peak,anchor_only_XGBoost,size+peak,all,mae,7.5270989042867855,130,20
iter02b_ffnn,1,bstar_2023,HP_Peak,anchor_only_XGBoost,size+peak,all,mape,51.58201999452158,130,20
iter02b_ffnn,1,bstar_2023,HP_Peak,anchor_only_XGBoost,size+peak,all,r2,0.7789023710992187,130,20
iter02b_ffnn,1,bstar_2023,HP_Peak,anchor_only_XGBoost,size+peak,all,n_pred_nan,0.0,130,20
iter02b_ffnn,1,bstar_2023,HP_Peak,anchor_only_XGBoost,size+peak,all,mape_n_excluded,0.0,130,20
iter02b_ffnn,1,bstar_2023,HP_Peak,anchor_only_XGBoost,size+peak,p0.05|n10,rmse,6.291804915086503,10,8
iter02b_ffnn,1,bstar_2023,HP_Peak,anchor_only_XGBoost,size+peak,p0.05|n10,mae,5.0903628201049775,10,8
iter02b_ffnn,1,bstar_2023,HP_Peak,anchor_only_XGBoost,size+peak,p0.05|n10,mape,135.07750301543658,10,8
iter02b_ffnn,1,bstar_2023,HP_Peak,anchor_only_XGBoost,size+peak,p0.05|n10,r2,-12.317629792866963,10,8
iter02b_ffnn,1,bstar_2023,HP_Peak,anchor_only_XGBoost,size+peak,p0.05|n10,n_pred_nan,0.0,10,8
iter02b_ffnn,1,bstar_2023,HP_Peak,anchor_only_XGBoost,size+peak,p0.05|n10,mape_n_excluded,0.0,10,8
iter02b_ffnn,1,bstar_2023,HP_Peak,anchor_only_XGBoost,size+peak,p0.05|n20,rmse,6.313052248950213,10,6
iter02b_ffnn,1,bstar_2023,HP_Peak,anchor_only_XGBoost,size+peak,p0.05|n20,mae,5.486083779718008,10,6
iter02b_ffnn,1,bstar_2023,HP_Peak,anchor_only_XGBoost,size+peak,p0.05|n20,mape,103.6022523881444,10,6
iter02b_ffnn,1,bstar_2023,HP_Peak,anchor_only_XGBoost,size+peak,p0.05|n20,r2,-6.554473326615062,10,6
iter02b_ffnn,1,bstar_2023,HP_Peak,anchor_only_XGBoost,size+peak,p0.05|n20,n_pred_nan,0.0,10,6
iter02b_ffnn,1,bstar_2023,HP_Peak,anchor_only_XGBoost,size+peak,p0.05|n20,mape_n_excluded,0.0,10,6
iter02b_ffnn,1,bstar_2023,HP_Peak,anchor_only_XGBoost,size+peak,p0.05|n40,rmse,11.446043762070886,10,13
iter02b_ffnn,1,bstar_2023,HP_Peak,anchor_only_XGBoost,size+peak,p0.05|n40,mae,7.85454804594726,10,13
iter02b_ffnn,1,bstar_2023,HP_Peak,anchor_only_XGBoost,size+peak,p0.05|n40,mape,77.95280658695378,10,13
iter02b_ffnn,1,bstar_2023,HP_Peak,anchor_only_XGBoost,size+peak,p0.05|n40,r2,-12.075572652020522,10,13
iter02b_ffnn,1,bstar_2023,HP_Peak,anchor_only_XGBoost,size+peak,p0.05|n40,n_pred_nan,0.0,10,13
iter02b_ffnn,1,bstar_2023,HP_Peak,anchor_only_XGBoost,size+peak,p0.05|n40,mape_n_excluded,0.0,10,13
iter02b_ffnn,1,bstar_2023,HP_Peak,anchor_only_XGBoost,size+peak,p0.05|n80,rmse,6.9358389379719165,5,14
iter02b_ffnn,1,bstar_2023,HP_Peak,anchor_only_XGBoost,size+peak,p0.05|n80,mae,4.80040328327635,5,14
iter02b_ffnn,1,bstar_2023,HP_Peak,anchor_only_XGBoost,size+peak,p0.05|n80,mape,15.893648505736357,5,14
iter02b_ffnn,1,bstar_2023,HP_Peak,anchor_only_XGBoost,size+peak,p0.05|n80,r2,-0.8178634481129308,5,14
iter02b_ffnn,1,bstar_2023,HP_Peak,anchor_only_XGBoost,size+peak,p0.05|n80,n_pred_nan,0.0,5,14
iter02b_ffnn,1,bstar_2023,HP_Peak,anchor_only_XGBoost,size+peak,p0.05|n80,mape_n_excluded,0.0,5,14
iter02b_ffnn,1,bstar_2023,HP_Peak,anchor_only_XGBoost,size+peak,p0.05|n120,rmse,21.933194174625964,5,15
iter02b_ffnn,1,bstar_2023,HP_Peak,anchor_only_XGBoost,size+peak,p0.05|n120,mae,15.796044512866253,5,15
iter02b_ffnn,1,bstar_2023,HP_Peak,anchor_only_XGBoost,size+peak,p0.05|n120,mape,47.4545970715398,5,15
iter02b_ffnn,1,bstar_2023,HP_Peak,anchor_only_XGBoost,size+peak,p0.05|n120,r2,-6.965176027110349,5,15
iter02b_ffnn,1,bstar_2023,HP_Peak,anchor_only_XGBoost,size+peak,p0.05|n120,n_pred_nan,0.0,5,15
iter02b_ffnn,1,bstar_2023,HP_Peak,anchor_only_XGBoost,size+peak,p0.05|n120,mape_n_excluded,0.0,5,15
iter02b_ffnn,1,bstar_2023,HP_Peak,anchor_only_XGBoost,size+peak,p0.1|n10,rmse,5.862946525409637,10,8
iter02b_ffnn,1,bstar_2023,HP_Peak,anchor_only_XGBoost,size+peak,p0.1|n10,mae,4.514148248391721,10,8
iter02b_ffnn,1,bstar_2023,HP_Peak,anchor_only_XGBoost,size+peak,p0.1|n10,mape,109.3342829466501,10,8
iter02b_ffnn,1,bstar_2023,HP_Peak,anchor_only_XGBoost,size+peak,p0.1|n10,r2,-3.13275568728664,10,8
iter02b_ffnn,1,bstar_2023,HP_Peak,anchor_only_XGBoost,size+peak,p0.1|n10,n_pred_nan,0.0,10,8
iter02b_ffnn,1,bstar_2023,HP_Peak,anchor_only_XGBoost,size+peak,p0.1|n10,mape_n_excluded,0.0,10,8
iter02b_ffnn,1,bstar_2023,HP_Peak,anchor_only_XGBoost,size+peak,p0.1|n20,rmse,8.170958724234819,10,11
iter02b_ffnn,1,bstar_2023,HP_Peak,anchor_only_XGBoost,size+peak,p0.1|n20,mae,4.405010392623899,10,11
iter02b_ffnn,1,bstar_2023,HP_Peak,anchor_only_XGBoost,size+peak,p0.1|n20,mape,41.49596470492368,10,11
iter02b_ffnn,1,bstar_2023,HP_Peak,anchor_only_XGBoost,size+peak,p0.1|n20,r2,-4.003772519141894,10,11
iter02b_ffnn,1,bstar_2023,HP_Peak,anchor_only_XGBoost,size+peak,p0.1|n20,n_pred_nan,0.0,10,11
iter02b_ffnn,1,bstar_2023,HP_Peak,anchor_only_XGBoost,size+peak,p0.1|n20,mape_n_excluded,0.0,10,11
iter02b_ffnn,1,bstar_2023,HP_Peak,anchor_only_XGBoost,size+peak,p0.1|n40,rmse,10.307386122824148,5,14
iter02b_ffnn,1,bstar_2023,HP_Peak,anchor_only_XGBoost,size+peak,p0.1|n40,mae,9.765720859948672,5,14
iter02b_ffnn,1,bstar_2023,HP_Peak,anchor_only_XGBoost,size+peak,p0.1|n40,mape,36.60582969542071,5,14
iter02b_ffnn,1,bstar_2023,HP_Peak,anchor_only_XGBoost,size+peak,p0.1|n40,r2,-6.494743427757126,5,14
iter02b_ffnn,1,bstar_2023,HP_Peak,anchor_only_XGBoost,size+peak,p0.1|n40,n_pred_nan,0.0,5,14
iter02b_ffnn,1,bstar_2023,HP_Peak,anchor_only_XGBoost,size+peak,p0.1|n40,mape_n_excluded,0.0,5,14
iter02b_ffnn,1,bstar_2023,HP_Peak,anchor_only_XGBoost,size+peak,p0.1|n80,rmse,13.08164017724086,5,16
iter02b_ffnn,1,bstar_2023,HP_Peak,anchor_only_XGBoost,size+peak,p0.1|n80,mae,10.860819057519638,5,16
iter02b_ffnn,1,bstar_2023,HP_Peak,anchor_only_XGBoost,size+peak,p0.1|n80,mape,17.53365842793471,5,16
iter02b_ffnn,1,bstar_2023,HP_Peak,anchor_only_XGBoost,size+peak,p0.1|n80,r2,-0.6290355572882422,5,16
iter02b_ffnn,1,bstar_2023,HP_Peak,anchor_only_XGBoost,size+peak,p0.1|n80,n_pred_nan,0.0,5,16
iter02b_ffnn,1,bstar_2023,HP_Peak,anchor_only_XGBoost,size+peak,p0.1|n80,mape_n_excluded,0.0,5,16
iter02b_ffnn,1,bstar_2023,HP_Peak,anchor_only_XGBoost,size+peak,p0.1|n120,rmse,39.33621930997359,5,16
iter02b_ffnn,1,bstar_2023,HP_Peak,anchor_only_XGBoost,size+peak,p0.1|n120,mae,27.65684243017575,5,16
iter02b_ffnn,1,bstar_2023,HP_Peak,anchor_only_XGBoost,size+peak,p0.1|n120,mape,33.30901323527829,5,16
iter02b_ffnn,1,bstar_2023,HP_Peak,anchor_only_XGBoost,size+peak,p0.1|n120,r2,-104.69567131105303,5,16
iter02b_ffnn,1,bstar_2023,HP_Peak,anchor_only_XGBoost,size+peak,p0.1|n120,n_pred_nan,0.0,5,16
iter02b_ffnn,1,bstar_2023,HP_Peak,anchor_only_XGBoost,size+peak,p0.1|n120,mape_n_excluded,0.0,5,16
iter02b_ffnn,1,bstar_2023,HP_Peak,anchor_only_XGBoost,size+peak,p0.2|n10,rmse,6.010482527896803,10,13
iter02b_ffnn,1,bstar_2023,HP_Peak,anchor_only_XGBoost,size+peak,p0.2|n10,mae,4.175575335562128,10,13
iter02b_ffnn,1,bstar_2023,HP_Peak,anchor_only_XGBoost,size+peak,p0.2|n10,mape,32.9367177034197,10,13
iter02b_ffnn,1,bstar_2023,HP_Peak,anchor_only_XGBoost,size+peak,p0.2|n10,r2,-0.6571017758196518,10,13
iter02b_ffnn,1,bstar_2023,HP_Peak,anchor_only_XGBoost,size+peak,p0.2|n10,n_pred_nan,0.0,10,13
iter02b_ffnn,1,bstar_2023,HP_Peak,anchor_only_XGBoost,size+peak,p0.2|n10,mape_n_excluded,0.0,10,13
iter02b_ffnn,1,bstar_2023,HP_Peak,anchor_only_XGBoost,size+peak,p0.2|n20,rmse,6.220281432657184,5,13
iter02b_ffnn,1,bstar_2023,HP_Peak,anchor_only_XGBoost,size+peak,p0.2|n20,mae,4.179902654565439,5,13
iter02b_ffnn,1,bstar_2023,HP_Peak,anchor_only_XGBoost,size+peak,p0.2|n20,mape,13.387641316199378,5,13
iter02b_ffnn,1,bstar_2023,HP_Peak,anchor_only_XGBoost,size+peak,p0.2|n20,r2,-12.144763476782158,5,13
iter02b_ffnn,1,bstar_2023,HP_Peak,anchor_only_XGBoost,size+peak,p0.2|n20,n_pred_nan,0.0,5,13
iter02b_ffnn,1,bstar_2023,HP_Peak,anchor_only_XGBoost,size+peak,p0.2|n20,mape_n_excluded,0.0,5,13
iter02b_ffnn,1,bstar_2023,HP_Peak,anchor_only_XGBoost,size+peak,p0.2|n40,rmse,11.253927555702498,5,16
iter02b_ffnn,1,bstar_2023,HP_Peak,anchor_only_XGBoost,size+peak,p0.2|n40,mae,9.612605239209032,5,16
iter02b_ffnn,1,bstar_2023,HP_Peak,anchor_only_XGBoost,size+peak,p0.2|n40,mape,18.187552393136247,5,16
iter02b_ffnn,1,bstar_2023,HP_Peak,anchor_only_XGBoost,size+peak,p0.2|n40,r2,-1.5953052339937837,5,16
iter02b_ffnn,1,bstar_2023,HP_Peak,anchor_only_XGBoost,size+peak,p0.2|n40,n_pred_nan,0.0,5,16
iter02b_ffnn,1,bstar_2023,HP_Peak,anchor_only_XGBoost,size+peak,p0.2|n40,mape_n_excluded,0.0,5,16
iter02b_ffnn,1,bstar_2023,HP_Peak,anchor_only_XGBoost,size+peak,p0.3|n10,rmse,6.466333031095605,10,14
iter02b_ffnn,1,bstar_2023,HP_Peak,anchor_only_XGBoost,size+peak,p0.3|n10,mae,5.385285917675783,10,14
iter02b_ffnn,1,bstar_2023,HP_Peak,anchor_only_XGBoost,size+peak,p0.3|n10,mape,34.87540154658622,10,14
iter02b_ffnn,1,bstar_2023,HP_Peak,anchor_only_XGBoost,size+peak,p0.3|n10,r2,0.3691098271316784,10,14
iter02b_ffnn,1,bstar_2023,HP_Peak,anchor_only_XGBoost,size+peak,p0.3|n10,n_pred_nan,0.0,10,14
iter02b_ffnn,1,bstar_2023,HP_Peak,anchor_only_XGBoost,size+peak,p0.3|n10,mape_n_excluded,0.0,10,14
iter02b_ffnn,1,bstar_2023,HP_Peak,anchor_only_XGBoost,size+peak,p0.3|n20,rmse,10.021553750214254,5,14
iter02b_ffnn,1,bstar_2023,HP_Peak,anchor_only_XGBoost,size+peak,p0.3|n20,mae,6.830602769628891,5,14
iter02b_ffnn,1,bstar_2023,HP_Peak,anchor_only_XGBoost,size+peak,p0.3|n20,mape,18.80388129126372,5,14
iter02b_ffnn,1,bstar_2023,HP_Peak,anchor_only_XGBoost,size+peak,p0.3|n20,r2,-1.8493124555861216,5,14
iter02b_ffnn,1,bstar_2023,HP_Peak,anchor_only_XGBoost,size+peak,p0.3|n20,n_pred_nan,0.0,5,14
iter02b_ffnn,1,bstar_2023,HP_Peak,anchor_only_XGBoost,size+peak,p0.3|n20,mape_n_excluded,0.0,5,14
iter02b_ffnn,1,bstar_2023,HP_Peak,anchor_only_XGBoost,size+peak,p0.3|n40,rmse,6.364889570154413,5,16
iter02b_ffnn,1,bstar_2023,HP_Peak,anchor_only_XGBoost,size+peak,p0.3|n40,mae,4.862423406249931,5,16
iter02b_ffnn,1,bstar_2023,HP_Peak,anchor_only_XGBoost,size+peak,p0.3|n40,mape,5.55503526998974,5,16
iter02b_ffnn,1,bstar_2023,HP_Peak,anchor_only_XGBoost,size+peak,p0.3|n40,r2,-1.5486419212260305,5,16
iter02b_ffnn,1,bstar_2023,HP_Peak,anchor_only_XGBoost,size+peak,p0.3|n40,n_pred_nan,0.0,5,16
iter02b_ffnn,1,bstar_2023,HP_Peak,anchor_only_XGBoost,size+peak,p0.3|n40,mape_n_excluded,0.0,5,16
iter02b_ffnn,1,bstar_2023,HP_Peak,anchor_only_XGBoost,size+peak,p0.5|n10,rmse,18.355314206533524,5,13
iter02b_ffnn,1,bstar_2023,HP_Peak,anchor_only_XGBoost,size+peak,p0.5|n10,mae,14.10514562495128,5,13
iter02b_ffnn,1,bstar_2023,HP_Peak,anchor_only_XGBoost,size+peak,p0.5|n10,mape,44.25023343851223,5,13
iter02b_ffnn,1,bstar_2023,HP_Peak,anchor_only_XGBoost,size+peak,p0.5|n10,r2,-15.453228174246773,5,13
iter02b_ffnn,1,bstar_2023,HP_Peak,anchor_only_XGBoost,size+peak,p0.5|n10,n_pred_nan,0.0,5,13
iter02b_ffnn,1,bstar_2023,HP_Peak,anchor_only_XGBoost,size+peak,p0.5|n10,mape_n_excluded,0.0,5,13
iter02b_ffnn,1,bstar_2023,HP_Peak,anchor_only_XGBoost,size+peak,p0.5|n20,rmse,2.346221606196948,5,16
iter02b_ffnn,1,bstar_2023,HP_Peak,anchor_only_XGBoost,size+peak,p0.5|n20,mae,1.7974077263673138,5,16
iter02b_ffnn,1,bstar_2023,HP_Peak,anchor_only_XGBoost,size+peak,p0.5|n20,mape,2.408022968233256,5,16
iter02b_ffnn,1,bstar_2023,HP_Peak,anchor_only_XGBoost,size+peak,p0.5|n20,r2,-0.6063903509001629,5,16
iter02b_ffnn,1,bstar_2023,HP_Peak,anchor_only_XGBoost,size+peak,p0.5|n20,n_pred_nan,0.0,5,16
iter02b_ffnn,1,bstar_2023,HP_Peak,anchor_only_XGBoost,size+peak,p0.5|n20,mape_n_excluded,0.0,5,16
iter02b_ffnn,1,bstar_2023,HP_Peak,anchor_only_XGBoost,size+peak,p1.0|n10,rmse,13.714450588315698,5,16
iter02b_ffnn,1,bstar_2023,HP_Peak,anchor_only_XGBoost,size+peak,p1.0|n10,mae,11.614624866650336,5,16
iter02b_ffnn,1,bstar_2023,HP_Peak,anchor_only_XGBoost,size+peak,p1.0|n10,mape,17.19354846008782,5,16
iter02b_ffnn,1,bstar_2023,HP_Peak,anchor_only_XGBoost,size+peak,p1.0|n10,r2,-2.661760957504152,5,16
iter02b_ffnn,1,bstar_2023,HP_Peak,anchor_only_XGBoost,size+peak,p1.0|n10,n_pred_nan,0.0,5,16
iter02b_ffnn,1,bstar_2023,HP_Peak,anchor_only_XGBoost,size+peak,p1.0|n10,mape_n_excluded,0.0,5,16
iter02b_ffnn,2,bstar_2023,HP_Peak,slope_only,none,all,rmse,7.4280326340174465,130,20
iter02b_ffnn,2,bstar_2023,HP_Peak,slope_only,none,all,mae,5.322960236749255,130,20
iter02b_ffnn,2,bstar_2023,HP_Peak,slope_only,none,all,mape,27.74940864683613,130,20
iter02b_ffnn,2,bstar_2023,HP_Peak,slope_only,none,all,r2,0.9079027687667772,130,20
iter02b_ffnn,2,bstar_2023,HP_Peak,slope_only,none,all,n_pred_nan,0.0,130,20
iter02b_ffnn,2,bstar_2023,HP_Peak,slope_only,none,all,mape_n_excluded,0.0,130,20
iter02b_ffnn,2,bstar_2023,HP_Peak,slope_only,none,p0.05|n10,rmse,3.4844186081942348,10,7
iter02b_ffnn,2,bstar_2023,HP_Peak,slope_only,none,p0.05|n10,mae,2.6394483769365067,10,7
iter02b_ffnn,2,bstar_2023,HP_Peak,slope_only,none,p0.05|n10,mape,54.24139789993785,10,7
iter02b_ffnn,2,bstar_2023,HP_Peak,slope_only,none,p0.05|n10,r2,-1.6428369003852614,10,7
iter02b_ffnn,2,bstar_2023,HP_Peak,slope_only,none,p0.05|n10,n_pred_nan,0.0,10,7
iter02b_ffnn,2,bstar_2023,HP_Peak,slope_only,none,p0.05|n10,mape_n_excluded,0.0,10,7
iter02b_ffnn,2,bstar_2023,HP_Peak,slope_only,none,p0.05|n20,rmse,2.546402172682652,10,6
iter02b_ffnn,2,bstar_2023,HP_Peak,slope_only,none,p0.05|n20,mae,2.1187713134521773,10,6
iter02b_ffnn,2,bstar_2023,HP_Peak,slope_only,none,p0.05|n20,mape,52.30472443262431,10,6
iter02b_ffnn,2,bstar_2023,HP_Peak,slope_only,none,p0.05|n20,r2,-1.6147797904077472,10,6
iter02b_ffnn,2,bstar_2023,HP_Peak,slope_only,none,p0.05|n20,n_pred_nan,0.0,10,6
iter02b_ffnn,2,bstar_2023,HP_Peak,slope_only,none,p0.05|n20,mape_n_excluded,0.0,10,6
iter02b_ffnn,2,bstar_2023,HP_Peak,slope_only,none,p0.05|n40,rmse,5.3172481072105535,10,12
iter02b_ffnn,2,bstar_2023,HP_Peak,slope_only,none,p0.05|n40,mae,4.366317906748547,10,12
iter02b_ffnn,2,bstar_2023,HP_Peak,slope_only,none,p0.05|n40,mape,45.22233572038532,10,12
iter02b_ffnn,2,bstar_2023,HP_Peak,slope_only,none,p0.05|n40,r2,0.0017231619373043,10,12
iter02b_ffnn,2,bstar_2023,HP_Peak,slope_only,none,p0.05|n40,n_pred_nan,0.0,10,12
iter02b_ffnn,2,bstar_2023,HP_Peak,slope_only,none,p0.05|n40,mape_n_excluded,0.0,10,12
iter02b_ffnn,2,bstar_2023,HP_Peak,slope_only,none,p0.05|n80,rmse,7.973052089293758,5,13
iter02b_ffnn,2,bstar_2023,HP_Peak,slope_only,none,p0.05|n80,mae,6.367110516966248,5,13
iter02b_ffnn,2,bstar_2023,HP_Peak,slope_only,none,p0.05|n80,mape,24.898173558043485,5,13
iter02b_ffnn,2,bstar_2023,HP_Peak,slope_only,none,p0.05|n80,r2,-5.437481047497339,5,13
iter02b_ffnn,2,bstar_2023,HP_Peak,slope_only,none,p0.05|n80,n_pred_nan,0.0,5,13
iter02b_ffnn,2,bstar_2023,HP_Peak,slope_only,none,p0.05|n80,mape_n_excluded,0.0,5,13
iter02b_ffnn,2,bstar_2023,HP_Peak,slope_only,none,p0.05|n120,rmse,16.78238614841541,5,15
iter02b_ffnn,2,bstar_2023,HP_Peak,slope_only,none,p0.05|n120,mae,15.29702429939913,5,15
iter02b_ffnn,2,bstar_2023,HP_Peak,slope_only,none,p0.05|n120,mape,40.534436030076975,5,15
iter02b_ffnn,2,bstar_2023,HP_Peak,slope_only,none,p0.05|n120,r2,-8.951202858610772,5,15
iter02b_ffnn,2,bstar_2023,HP_Peak,slope_only,none,p0.05|n120,n_pred_nan,0.0,5,15
iter02b_ffnn,2,bstar_2023,HP_Peak,slope_only,none,p0.05|n120,mape_n_excluded,0.0,5,15
iter02b_ffnn,2,bstar_2023,HP_Peak,slope_only,none,p0.1|n10,rmse,2.582069926876976,10,9
iter02b_ffnn,2,bstar_2023,HP_Peak,slope_only,none,p0.1|n10,mae,1.4632433122006834,10,9
iter02b_ffnn,2,bstar_2023,HP_Peak,slope_only,none,p0.1|n10,mape,17.95539462219644,10,9
iter02b_ffnn,2,bstar_2023,HP_Peak,slope_only,none,p0.1|n10,r2,0.2598102070159104,10,9
iter02b_ffnn,2,bstar_2023,HP_Peak,slope_only,none,p0.1|n10,n_pred_nan,0.0,10,9
iter02b_ffnn,2,bstar_2023,HP_Peak,slope_only,none,p0.1|n10,mape_n_excluded,0.0,10,9
iter02b_ffnn,2,bstar_2023,HP_Peak,slope_only,none,p0.1|n20,rmse,3.773471480042146,10,13
iter02b_ffnn,2,bstar_2023,HP_Peak,slope_only,none,p0.1|n20,mae,2.69172277219464,10,13
iter02b_ffnn,2,bstar_2023,HP_Peak,slope_only,none,p0.1|n20,mape,25.410410731994137,10,13
iter02b_ffnn,2,bstar_2023,HP_Peak,slope_only,none,p0.1|n20,r2,0.1873497104286648,10,13
iter02b_ffnn,2,bstar_2023,HP_Peak,slope_only,none,p0.1|n20,n_pred_nan,0.0,10,13
iter02b_ffnn,2,bstar_2023,HP_Peak,slope_only,none,p0.1|n20,mape_n_excluded,0.0,10,13
iter02b_ffnn,2,bstar_2023,HP_Peak,slope_only,none,p0.1|n40,rmse,6.483965845811391,5,13
iter02b_ffnn,2,bstar_2023,HP_Peak,slope_only,none,p0.1|n40,mae,6.262177457350175,5,13
iter02b_ffnn,2,bstar_2023,HP_Peak,slope_only,none,p0.1|n40,mape,23.21677468524134,5,13
iter02b_ffnn,2,bstar_2023,HP_Peak,slope_only,none,p0.1|n40,r2,-1.7750132309415134,5,13
iter02b_ffnn,2,bstar_2023,HP_Peak,slope_only,none,p0.1|n40,n_pred_nan,0.0,5,13
iter02b_ffnn,2,bstar_2023,HP_Peak,slope_only,none,p0.1|n40,mape_n_excluded,0.0,5,13
iter02b_ffnn,2,bstar_2023,HP_Peak,slope_only,none,p0.1|n80,rmse,14.996219306740109,5,15
iter02b_ffnn,2,bstar_2023,HP_Peak,slope_only,none,p0.1|n80,mae,12.348570438797534,5,15
iter02b_ffnn,2,bstar_2023,HP_Peak,slope_only,none,p0.1|n80,mape,26.16620977178881,5,15
iter02b_ffnn,2,bstar_2023,HP_Peak,slope_only,none,p0.1|n80,r2,-10.170647406150104,5,15
iter02b_ffnn,2,bstar_2023,HP_Peak,slope_only,none,p0.1|n80,n_pred_nan,0.0,5,15
iter02b_ffnn,2,bstar_2023,HP_Peak,slope_only,none,p0.1|n80,mape_n_excluded,0.0,5,15
iter02b_ffnn,2,bstar_2023,HP_Peak,slope_only,none,p0.1|n120,rmse,9.434487768053312,5,16
iter02b_ffnn,2,bstar_2023,HP_Peak,slope_only,none,p0.1|n120,mae,7.577721122561266,5,16
iter02b_ffnn,2,bstar_2023,HP_Peak,slope_only,none,p0.1|n120,mape,9.602971394060384,5,16
iter02b_ffnn,2,bstar_2023,HP_Peak,slope_only,none,p0.1|n120,r2,-4.261728953030691,5,16
iter02b_ffnn,2,bstar_2023,HP_Peak,slope_only,none,p0.1|n120,n_pred_nan,0.0,5,16
iter02b_ffnn,2,bstar_2023,HP_Peak,slope_only,none,p0.1|n120,mape_n_excluded,0.0,5,16
iter02b_ffnn,2,bstar_2023,HP_Peak,slope_only,none,p0.2|n10,rmse,3.4354672825887884,10,14
iter02b_ffnn,2,bstar_2023,HP_Peak,slope_only,none,p0.2|n10,mae,2.5793391806700754,10,14
iter02b_ffnn,2,bstar_2023,HP_Peak,slope_only,none,p0.2|n10,mape,25.659840516391046,10,14
iter02b_ffnn,2,bstar_2023,HP_Peak,slope_only,none,p0.2|n10,r2,0.140337521336423,10,14
iter02b_ffnn,2,bstar_2023,HP_Peak,slope_only,none,p0.2|n10,n_pred_nan,0.0,10,14
iter02b_ffnn,2,bstar_2023,HP_Peak,slope_only,none,p0.2|n10,mape_n_excluded,0.0,10,14
iter02b_ffnn,2,bstar_2023,HP_Peak,slope_only,none,p0.2|n20,rmse,6.8948637085434825,5,14
iter02b_ffnn,2,bstar_2023,HP_Peak,slope_only,none,p0.2|n20,mae,5.360442338597425,5,14
iter02b_ffnn,2,bstar_2023,HP_Peak,slope_only,none,p0.2|n20,mape,19.114150571024563,5,14
iter02b_ffnn,2,bstar_2023,HP_Peak,slope_only,none,p0.2|n20,r2,-2.5409039769491644,5,14
iter02b_ffnn,2,bstar_2023,HP_Peak,slope_only,none,p0.2|n20,n_pred_nan,0.0,5,14
iter02b_ffnn,2,bstar_2023,HP_Peak,slope_only,none,p0.2|n20,mape_n_excluded,0.0,5,14
iter02b_ffnn,2,bstar_2023,HP_Peak,slope_only,none,p0.2|n40,rmse,5.957940657853665,5,16
iter02b_ffnn,2,bstar_2023,HP_Peak,slope_only,none,p0.2|n40,mae,5.37072973140887,5,16
iter02b_ffnn,2,bstar_2023,HP_Peak,slope_only,none,p0.2|n40,mape,9.93139597522892,5,16
iter02b_ffnn,2,bstar_2023,HP_Peak,slope_only,none,p0.2|n40,r2,0.2119630203017147,5,16
iter02b_ffnn,2,bstar_2023,HP_Peak,slope_only,none,p0.2|n40,n_pred_nan,0.0,5,16
iter02b_ffnn,2,bstar_2023,HP_Peak,slope_only,none,p0.2|n40,mape_n_excluded,0.0,5,16
iter02b_ffnn,2,bstar_2023,HP_Peak,slope_only,none,p0.3|n10,rmse,4.205329213205417,10,14
iter02b_ffnn,2,bstar_2023,HP_Peak,slope_only,none,p0.3|n10,mae,3.8120231291278257,10,14
iter02b_ffnn,2,bstar_2023,HP_Peak,slope_only,none,p0.3|n10,mape,21.80694126586731,10,14
iter02b_ffnn,2,bstar_2023,HP_Peak,slope_only,none,p0.3|n10,r2,0.3986021787907206,10,14
iter02b_ffnn,2,bstar_2023,HP_Peak,slope_only,none,p0.3|n10,n_pred_nan,0.0,10,14
iter02b_ffnn,2,bstar_2023,HP_Peak,slope_only,none,p0.3|n10,mape_n_excluded,0.0,10,14
iter02b_ffnn,2,bstar_2023,HP_Peak,slope_only,none,p0.3|n20,rmse,7.538759546532493,5,15
iter02b_ffnn,2,bstar_2023,HP_Peak,slope_only,none,p0.3|n20,mae,6.157090665938679,5,15
iter02b_ffnn,2,bstar_2023,HP_Peak,slope_only,none,p0.3|n20,mape,16.333438141133186,5,15
iter02b_ffnn,2,bstar_2023,HP_Peak,slope_only,none,p0.3|n20,r2,0.0122021904879805,5,15
iter02b_ffnn,2,bstar_2023,HP_Peak,slope_only,none,p0.3|n20,n_pred_nan,0.0,5,15
iter02b_ffnn,2,bstar_2023,HP_Peak,slope_only,none,p0.3|n20,mape_n_excluded,0.0,5,15
iter02b_ffnn,2,bstar_2023,HP_Peak,slope_only,none,p0.3|n40,rmse,5.795868962589074,5,16
iter02b_ffnn,2,bstar_2023,HP_Peak,slope_only,none,p0.3|n40,mae,4.724373712903073,5,16
iter02b_ffnn,2,bstar_2023,HP_Peak,slope_only,none,p0.3|n40,mape,5.696064909509755,5,16
iter02b_ffnn,2,bstar_2023,HP_Peak,slope_only,none,p0.3|n40,r2,-1.4081302497050796,5,16
iter02b_ffnn,2,bstar_2023,HP_Peak,slope_only,none,p0.3|n40,n_pred_nan,0.0,5,16
iter02b_ffnn,2,bstar_2023,HP_Peak,slope_only,none,p0.3|n40,mape_n_excluded,0.0,5,16
iter02b_ffnn,2,bstar_2023,HP_Peak,slope_only,none,p0.5|n10,rmse,10.385484411663631,5,14
iter02b_ffnn,2,bstar_2023,HP_Peak,slope_only,none,p0.5|n10,mae,9.570118601064774,5,14
iter02b_ffnn,2,bstar_2023,HP_Peak,slope_only,none,p0.5|n10,mape,30.936065476276088,5,14
iter02b_ffnn,2,bstar_2023,HP_Peak,slope_only,none,p0.5|n10,r2,-7.456522978173975,5,14
iter02b_ffnn,2,bstar_2023,HP_Peak,slope_only,none,p0.5|n10,n_pred_nan,0.0,5,14
iter02b_ffnn,2,bstar_2023,HP_Peak,slope_only,none,p0.5|n10,mape_n_excluded,0.0,5,14
iter02b_ffnn,2,bstar_2023,HP_Peak,slope_only,none,p0.5|n20,rmse,8.236545643659511,5,15
iter02b_ffnn,2,bstar_2023,HP_Peak,slope_only,none,p0.5|n20,mae,6.984530499462186,5,15
iter02b_ffnn,2,bstar_2023,HP_Peak,slope_only,none,p0.5|n20,mape,10.86731699275432,5,15
iter02b_ffnn,2,bstar_2023,HP_Peak,slope_only,none,p0.5|n20,r2,-3.133592891373575,5,15
iter02b_ffnn,2,bstar_2023,HP_Peak,slope_only,none,p0.5|n20,n_pred_nan,0.0,5,15
iter02b_ffnn,2,bstar_2023,HP_Peak,slope_only,none,p0.5|n20,mape_n_excluded,0.0,5,15
iter02b_ffnn,2,bstar_2023,HP_Peak,slope_only,none,p1.0|n10,rmse,13.771981750635208,5,16
iter02b_ffnn,2,bstar_2023,HP_Peak,slope_only,none,p1.0|n10,mae,13.035344788370375,5,16
iter02b_ffnn,2,bstar_2023,HP_Peak,slope_only,none,p1.0|n10,mape,18.98553693380889,5,16
iter02b_ffnn,2,bstar_2023,HP_Peak,slope_only,none,p1.0|n10,r2,-8.337421667142332,5,16
iter02b_ffnn,2,bstar_2023,HP_Peak,slope_only,none,p1.0|n10,n_pred_nan,0.0,5,16
iter02b_ffnn,2,bstar_2023,HP_Peak,slope_only,none,p1.0|n10,mape_n_excluded,0.0,5,16
iter02b_ffnn,2,bstar_2023,HP_Peak,slope_only,none,all,at_bound_share_train,0.0021739130434782,460,62
iter02b_ffnn,2,bstar_2023,HP_Peak,slope_only,none,all,at_bound_share_test,0.0461538461538461,130,20
iter02b_ffnn,2,bstar_2023,HP_Peak,slope_base,none,all,rmse,6.271734199310344,130,20
iter02b_ffnn,2,bstar_2023,HP_Peak,slope_base,none,all,mae,4.48648469433531,130,20
iter02b_ffnn,2,bstar_2023,HP_Peak,slope_base,none,all,mape,25.805135910670764,130,20
iter02b_ffnn,2,bstar_2023,HP_Peak,slope_base,none,all,r2,0.9343440247801632,130,20
iter02b_ffnn,2,bstar_2023,HP_Peak,slope_base,none,all,n_pred_nan,0.0,130,20
iter02b_ffnn,2,bstar_2023,HP_Peak,slope_base,none,all,mape_n_excluded,0.0,130,20
iter02b_ffnn,2,bstar_2023,HP_Peak,slope_base,none,p0.05|n10,rmse,3.3766696813825274,10,7
iter02b_ffnn,2,bstar_2023,HP_Peak,slope_base,none,p0.05|n10,mae,2.120064519935206,10,7
iter02b_ffnn,2,bstar_2023,HP_Peak,slope_base,none,p0.05|n10,mape,48.767257485878375,10,7
iter02b_ffnn,2,bstar_2023,HP_Peak,slope_base,none,p0.05|n10,r2,-1.4819148066819738,10,7
iter02b_ffnn,2,bstar_2023,HP_Peak,slope_base,none,p0.05|n10,n_pred_nan,0.0,10,7
iter02b_ffnn,2,bstar_2023,HP_Peak,slope_base,none,p0.05|n10,mape_n_excluded,0.0,10,7
iter02b_ffnn,2,bstar_2023,HP_Peak,slope_base,none,p0.05|n20,rmse,2.42798330754495,10,6
iter02b_ffnn,2,bstar_2023,HP_Peak,slope_base,none,p0.05|n20,mae,1.9270814617338603,10,6
iter02b_ffnn,2,bstar_2023,HP_Peak,slope_base,none,p0.05|n20,mape,45.884481167165454,10,6
iter02b_ffnn,2,bstar_2023,HP_Peak,slope_base,none,p0.05|n20,r2,-1.3772372159065784,10,6
iter02b_ffnn,2,bstar_2023,HP_Peak,slope_base,none,p0.05|n20,n_pred_nan,0.0,10,6
iter02b_ffnn,2,bstar_2023,HP_Peak,slope_base,none,p0.05|n20,mape_n_excluded,0.0,10,6
iter02b_ffnn,2,bstar_2023,HP_Peak,slope_base,none,p0.05|n40,rmse,3.611205328271458,10,12
iter02b_ffnn,2,bstar_2023,HP_Peak,slope_base,none,p0.05|n40,mae,3.1783204137546024,10,12
iter02b_ffnn,2,bstar_2023,HP_Peak,slope_base,none,p0.05|n40,mape,32.94691646779959,10,12
iter02b_ffnn,2,bstar_2023,HP_Peak,slope_base,none,p0.05|n40,r2,0.5395510264457877,10,12
iter02b_ffnn,2,bstar_2023,HP_Peak,slope_base,none,p0.05|n40,n_pred_nan,0.0,10,12
iter02b_ffnn,2,bstar_2023,HP_Peak,slope_base,none,p0.05|n40,mape_n_excluded,0.0,10,12
iter02b_ffnn,2,bstar_2023,HP_Peak,slope_base,none,p0.05|n80,rmse,12.39089761058436,5,13
iter02b_ffnn,2,bstar_2023,HP_Peak,slope_base,none,p0.05|n80,mae,11.022055012111345,5,13
iter02b_ffnn,2,bstar_2023,HP_Peak,slope_base,none,p0.05|n80,mape,41.934937811544046,5,13
iter02b_ffnn,2,bstar_2023,HP_Peak,slope_base,none,p0.05|n80,r2,-14.547919994557253,5,13
iter02b_ffnn,2,bstar_2023,HP_Peak,slope_base,none,p0.05|n80,n_pred_nan,0.0,5,13
iter02b_ffnn,2,bstar_2023,HP_Peak,slope_base,none,p0.05|n80,mape_n_excluded,0.0,5,13
iter02b_ffnn,2,bstar_2023,HP_Peak,slope_base,none,p0.05|n120,rmse,8.755808470281915,5,15
iter02b_ffnn,2,bstar_2023,HP_Peak,slope_base,none,p0.05|n120,mae,7.461480550142636,5,15
iter02b_ffnn,2,bstar_2023,HP_Peak,slope_base,none,p0.05|n120,mape,20.222392775296218,5,15
iter02b_ffnn,2,bstar_2023,HP_Peak,slope_base,none,p0.05|n120,r2,-1.7086984941666965,5,15
iter02b_ffnn,2,bstar_2023,HP_Peak,slope_base,none,p0.05|n120,n_pred_nan,0.0,5,15
iter02b_ffnn,2,bstar_2023,HP_Peak,slope_base,none,p0.05|n120,mape_n_excluded,0.0,5,15
iter02b_ffnn,2,bstar_2023,HP_Peak,slope_base,none,p0.1|n10,rmse,3.996644011806039,10,9
iter02b_ffnn,2,bstar_2023,HP_Peak,slope_base,none,p0.1|n10,mae,2.2369191306511125,10,9
iter02b_ffnn,2,bstar_2023,HP_Peak,slope_base,none,p0.1|n10,mape,28.75720364767787,10,9
iter02b_ffnn,2,bstar_2023,HP_Peak,slope_base,none,p0.1|n10,r2,-0.7733645646254264,10,9
iter02b_ffnn,2,bstar_2023,HP_Peak,slope_base,none,p0.1|n10,n_pred_nan,0.0,10,9
iter02b_ffnn,2,bstar_2023,HP_Peak,slope_base,none,p0.1|n10,mape_n_excluded,0.0,10,9
iter02b_ffnn,2,bstar_2023,HP_Peak,slope_base,none,p0.1|n20,rmse,4.371183488701515,10,13
iter02b_ffnn,2,bstar_2023,HP_Peak,slope_base,none,p0.1|n20,mae,3.0423839465941453,10,13
iter02b_ffnn,2,bstar_2023,HP_Peak,slope_base,none,p0.1|n20,mape,29.793500185579497,10,13
iter02b_ffnn,2,bstar_2023,HP_Peak,slope_base,none,p0.1|n20,r2,-0.0904848214763689,10,13
iter02b_ffnn,2,bstar_2023,HP_Peak,slope_base,none,p0.1|n20,n_pred_nan,0.0,10,13
iter02b_ffnn,2,bstar_2023,HP_Peak,slope_base,none,p0.1|n20,mape_n_excluded,0.0,10,13
iter02b_ffnn,2,bstar_2023,HP_Peak,slope_base,none,p0.1|n40,rmse,7.85954520128568,5,13
iter02b_ffnn,2,bstar_2023,HP_Peak,slope_base,none,p0.1|n40,mae,6.710358539741432,5,13
iter02b_ffnn,2,bstar_2023,HP_Peak,slope_base,none,p0.1|n40,mape,23.564375610595544,5,13
iter02b_ffnn,2,bstar_2023,HP_Peak,slope_base,none,p0.1|n40,r2,-3.077354319420656,5,13
iter02b_ffnn,2,bstar_2023,HP_Peak,slope_base,none,p0.1|n40,n_pred_nan,0.0,5,13
iter02b_ffnn,2,bstar_2023,HP_Peak,slope_base,none,p0.1|n40,mape_n_excluded,0.0,5,13
iter02b_ffnn,2,bstar_2023,HP_Peak,slope_base,none,p0.1|n80,rmse,14.674338698572098,5,15
iter02b_ffnn,2,bstar_2023,HP_Peak,slope_base,none,p0.1|n80,mae,12.277352736204104,5,15
iter02b_ffnn,2,bstar_2023,HP_Peak,slope_base,none,p0.1|n80,mape,25.728834511340576,5,15
iter02b_ffnn,2,bstar_2023,HP_Peak,slope_base,none,p0.1|n80,r2,-9.696257647037404,5,15
iter02b_ffnn,2,bstar_2023,HP_Peak,slope_base,none,p0.1|n80,n_pred_nan,0.0,5,15
iter02b_ffnn,2,bstar_2023,HP_Peak,slope_base,none,p0.1|n80,mape_n_excluded,0.0,5,15
iter02b_ffnn,2,bstar_2023,HP_Peak,slope_base,none,p0.1|n120,rmse,7.151014792134472,5,16
iter02b_ffnn,2,bstar_2023,HP_Peak,slope_base,none,p0.1|n120,mae,6.460373320066944,5,16
iter02b_ffnn,2,bstar_2023,HP_Peak,slope_base,none,p0.1|n120,mape,7.820751843040437,5,16
iter02b_ffnn,2,bstar_2023,HP_Peak,slope_base,none,p0.1|n120,r2,-2.0229236187713284,5,16
iter02b_ffnn,2,bstar_2023,HP_Peak,slope_base,none,p0.1|n120,n_pred_nan,0.0,5,16
iter02b_ffnn,2,bstar_2023,HP_Peak,slope_base,none,p0.1|n120,mape_n_excluded,0.0,5,16
iter02b_ffnn,2,bstar_2023,HP_Peak,slope_base,none,p0.2|n10,rmse,3.623579868529694,10,14
iter02b_ffnn,2,bstar_2023,HP_Peak,slope_base,none,p0.2|n10,mae,2.941084843897399,10,14
iter02b_ffnn,2,bstar_2023,HP_Peak,slope_base,none,p0.2|n10,mape,34.8109541740922,10,14
iter02b_ffnn,2,bstar_2023,HP_Peak,slope_base,none,p0.2|n10,r2,0.0436166335423535,10,14
iter02b_ffnn,2,bstar_2023,HP_Peak,slope_base,none,p0.2|n10,n_pred_nan,0.0,10,14
iter02b_ffnn,2,bstar_2023,HP_Peak,slope_base,none,p0.2|n10,mape_n_excluded,0.0,10,14
iter02b_ffnn,2,bstar_2023,HP_Peak,slope_base,none,p0.2|n20,rmse,6.143191285655365,5,14
iter02b_ffnn,2,bstar_2023,HP_Peak,slope_base,none,p0.2|n20,mae,4.987992288587239,5,14
iter02b_ffnn,2,bstar_2023,HP_Peak,slope_base,none,p0.2|n20,mape,17.39501234318304,5,14
iter02b_ffnn,2,bstar_2023,HP_Peak,slope_base,none,p0.2|n20,r2,-1.8109353355334823,5,14
iter02b_ffnn,2,bstar_2023,HP_Peak,slope_base,none,p0.2|n20,n_pred_nan,0.0,5,14
iter02b_ffnn,2,bstar_2023,HP_Peak,slope_base,none,p0.2|n20,mape_n_excluded,0.0,5,14
iter02b_ffnn,2,bstar_2023,HP_Peak,slope_base,none,p0.2|n40,rmse,6.96048510322789,5,16
iter02b_ffnn,2,bstar_2023,HP_Peak,slope_base,none,p0.2|n40,mae,5.438322277637522,5,16
iter02b_ffnn,2,bstar_2023,HP_Peak,slope_base,none,p0.2|n40,mape,10.337271632395929,5,16
iter02b_ffnn,2,bstar_2023,HP_Peak,slope_base,none,p0.2|n40,r2,-0.0755565960068787,5,16
iter02b_ffnn,2,bstar_2023,HP_Peak,slope_base,none,p0.2|n40,n_pred_nan,0.0,5,16
iter02b_ffnn,2,bstar_2023,HP_Peak,slope_base,none,p0.2|n40,mape_n_excluded,0.0,5,16
iter02b_ffnn,2,bstar_2023,HP_Peak,slope_base,none,p0.3|n10,rmse,2.6868984444274755,10,14
iter02b_ffnn,2,bstar_2023,HP_Peak,slope_base,none,p0.3|n10,mae,1.9309589576543136,10,14
iter02b_ffnn,2,bstar_2023,HP_Peak,slope_base,none,p0.3|n10,mape,12.11591914366023,10,14
iter02b_ffnn,2,bstar_2023,HP_Peak,slope_base,none,p0.3|n10,r2,0.754492731747857,10,14
iter02b_ffnn,2,bstar_2023,HP_Peak,slope_base,none,p0.3|n10,n_pred_nan,0.0,10,14
iter02b_ffnn,2,bstar_2023,HP_Peak,slope_base,none,p0.3|n10,mape_n_excluded,0.0,10,14
iter02b_ffnn,2,bstar_2023,HP_Peak,slope_base,none,p0.3|n20,rmse,6.1608740382305,5,15
iter02b_ffnn,2,bstar_2023,HP_Peak,slope_base,none,p0.3|n20,mae,4.957670025896537,5,15
iter02b_ffnn,2,bstar_2023,HP_Peak,slope_base,none,p0.3|n20,mape,13.35504045000993,5,15
iter02b_ffnn,2,bstar_2023,HP_Peak,slope_base,none,p0.3|n20,r2,0.3402902009290807,5,15
iter02b_ffnn,2,bstar_2023,HP_Peak,slope_base,none,p0.3|n20,n_pred_nan,0.0,5,15
iter02b_ffnn,2,bstar_2023,HP_Peak,slope_base,none,p0.3|n20,mape_n_excluded,0.0,5,15
iter02b_ffnn,2,bstar_2023,HP_Peak,slope_base,none,p0.3|n40,rmse,5.5476378390148575,5,16
iter02b_ffnn,2,bstar_2023,HP_Peak,slope_base,none,p0.3|n40,mae,4.648093862036566,5,16
iter02b_ffnn,2,bstar_2023,HP_Peak,slope_base,none,p0.3|n40,mape,5.717949624432355,5,16
iter02b_ffnn,2,bstar_2023,HP_Peak,slope_base,none,p0.3|n40,r2,-1.2062720359567476,5,16
iter02b_ffnn,2,bstar_2023,HP_Peak,slope_base,none,p0.3|n40,n_pred_nan,0.0,5,16
iter02b_ffnn,2,bstar_2023,HP_Peak,slope_base,none,p0.3|n40,mape_n_excluded,0.0,5,16
iter02b_ffnn,2,bstar_2023,HP_Peak,slope_base,none,p0.5|n10,rmse,7.601900304381464,5,14
iter02b_ffnn,2,bstar_2023,HP_Peak,slope_base,none,p0.5|n10,mae,7.043475717442926,5,14
iter02b_ffnn,2,bstar_2023,HP_Peak,slope_base,none,p0.5|n10,mape,22.59326690608579,5,14
iter02b_ffnn,2,bstar_2023,HP_Peak,slope_base,none,p0.5|n10,r2,-3.530881003980155,5,14
iter02b_ffnn,2,bstar_2023,HP_Peak,slope_base,none,p0.5|n10,n_pred_nan,0.0,5,14
iter02b_ffnn,2,bstar_2023,HP_Peak,slope_base,none,p0.5|n10,mape_n_excluded,0.0,5,14
iter02b_ffnn,2,bstar_2023,HP_Peak,slope_base,none,p0.5|n20,rmse,6.416848105105345,5,15
iter02b_ffnn,2,bstar_2023,HP_Peak,slope_base,none,p0.5|n20,mae,5.286270082784165,5,15
iter02b_ffnn,2,bstar_2023,HP_Peak,slope_base,none,p0.5|n20,mape,8.007821880397978,5,15
iter02b_ffnn,2,bstar_2023,HP_Peak,slope_base,none,p0.5|n20,r2,-1.508886421181078,5,15
iter02b_ffnn,2,bstar_2023,HP_Peak,slope_base,none,p0.5|n20,n_pred_nan,0.0,5,15
iter02b_ffnn,2,bstar_2023,HP_Peak,slope_base,none,p0.5|n20,mape_n_excluded,0.0,5,15
iter02b_ffnn,2,bstar_2023,HP_Peak,slope_base,none,p1.0|n10,rmse,6.231863403474163,5,16
iter02b_ffnn,2,bstar_2023,HP_Peak,slope_base,none,p1.0|n10,mae,5.60153109162537,5,16
iter02b_ffnn,2,bstar_2023,HP_Peak,slope_base,none,p1.0|n10,mape,8.103413745411679,5,16
iter02b_ffnn,2,bstar_2023,HP_Peak,slope_base,none,p1.0|n10,r2,-0.9119210083319136,5,16
iter02b_ffnn,2,bstar_2023,HP_Peak,slope_base,none,p1.0|n10,n_pred_nan,0.0,5,16
iter02b_ffnn,2,bstar_2023,HP_Peak,slope_base,none,p1.0|n10,mape_n_excluded,0.0,5,16
iter02b_ffnn,2,bstar_2023,HP_Peak,slope_base,none,all,at_bound_share_train,0.0021739130434782,460,62
iter02b_ffnn,2,bstar_2023,HP_Peak,slope_base,none,all,at_bound_share_test,0.0461538461538461,130,20
iter02b_ffnn,2,bstar_2023,HP_Peak,calibrated_delta,none,all,rmse,8.400518242737434,130,20
iter02b_ffnn,2,bstar_2023,HP_Peak,calibrated_delta,none,all,mae,5.862371743182827,130,20
iter02b_ffnn,2,bstar_2023,HP_Peak,calibrated_delta,none,all,mape,32.84510254280427,130,20
iter02b_ffnn,2,bstar_2023,HP_Peak,calibrated_delta,none,all,r2,0.8822092664574821,130,20
iter02b_ffnn,2,bstar_2023,HP_Peak,calibrated_delta,none,all,n_pred_nan,0.0,130,20
iter02b_ffnn,2,bstar_2023,HP_Peak,calibrated_delta,none,all,mape_n_excluded,0.0,130,20
iter02b_ffnn,2,bstar_2023,HP_Peak,calibrated_delta,none,p0.05|n10,rmse,3.9262600499770057,10,7
iter02b_ffnn,2,bstar_2023,HP_Peak,calibrated_delta,none,p0.05|n10,mae,2.3309238482420573,10,7
iter02b_ffnn,2,bstar_2023,HP_Peak,calibrated_delta,none,p0.05|n10,mape,56.40572804493911,10,7
iter02b_ffnn,2,bstar_2023,HP_Peak,calibrated_delta,none,p0.05|n10,r2,-2.355581839713756,10,7
iter02b_ffnn,2,bstar_2023,HP_Peak,calibrated_delta,none,p0.05|n10,n_pred_nan,0.0,10,7
iter02b_ffnn,2,bstar_2023,HP_Peak,calibrated_delta,none,p0.05|n10,mape_n_excluded,0.0,10,7
iter02b_ffnn,2,bstar_2023,HP_Peak,calibrated_delta,none,p0.05|n20,rmse,4.044399698975109,10,6
iter02b_ffnn,2,bstar_2023,HP_Peak,calibrated_delta,none,p0.05|n20,mae,3.40087477464596,10,6
iter02b_ffnn,2,bstar_2023,HP_Peak,calibrated_delta,none,p0.05|n20,mape,85.88906139220101,10,6
iter02b_ffnn,2,bstar_2023,HP_Peak,calibrated_delta,none,p0.05|n20,r2,-5.596130907295387,10,6
iter02b_ffnn,2,bstar_2023,HP_Peak,calibrated_delta,none,p0.05|n20,n_pred_nan,0.0,10,6
iter02b_ffnn,2,bstar_2023,HP_Peak,calibrated_delta,none,p0.05|n20,mape_n_excluded,0.0,10,6
iter02b_ffnn,2,bstar_2023,HP_Peak,calibrated_delta,none,p0.05|n40,rmse,6.732803010855109,10,12
iter02b_ffnn,2,bstar_2023,HP_Peak,calibrated_delta,none,p0.05|n40,mae,5.974262417809875,10,12
iter02b_ffnn,2,bstar_2023,HP_Peak,calibrated_delta,none,p0.05|n40,mape,60.86188630712611,10,12
iter02b_ffnn,2,bstar_2023,HP_Peak,calibrated_delta,none,p0.05|n40,r2,-0.6005489474764465,10,12
iter02b_ffnn,2,bstar_2023,HP_Peak,calibrated_delta,none,p0.05|n40,n_pred_nan,0.0,10,12
iter02b_ffnn,2,bstar_2023,HP_Peak,calibrated_delta,none,p0.05|n40,mape_n_excluded,0.0,10,12
iter02b_ffnn,2,bstar_2023,HP_Peak,calibrated_delta,none,p0.05|n80,rmse,9.544783614319336,5,13
iter02b_ffnn,2,bstar_2023,HP_Peak,calibrated_delta,none,p0.05|n80,mae,7.753218283833772,5,13
iter02b_ffnn,2,bstar_2023,HP_Peak,calibrated_delta,none,p0.05|n80,mape,30.882853446817748,5,13
iter02b_ffnn,2,bstar_2023,HP_Peak,calibrated_delta,none,p0.05|n80,r2,-8.225691645306538,5,13
iter02b_ffnn,2,bstar_2023,HP_Peak,calibrated_delta,none,p0.05|n80,n_pred_nan,0.0,5,13
iter02b_ffnn,2,bstar_2023,HP_Peak,calibrated_delta,none,p0.05|n80,mape_n_excluded,0.0,5,13
iter02b_ffnn,2,bstar_2023,HP_Peak,calibrated_delta,none,p0.05|n120,rmse,20.64318653456549,5,15
iter02b_ffnn,2,bstar_2023,HP_Peak,calibrated_delta,none,p0.05|n120,mae,19.129700571529057,5,15
iter02b_ffnn,2,bstar_2023,HP_Peak,calibrated_delta,none,p0.05|n120,mape,50.92263028768842,5,15
iter02b_ffnn,2,bstar_2023,HP_Peak,calibrated_delta,none,p0.05|n120,r2,-14.05641699275292,5,15
iter02b_ffnn,2,bstar_2023,HP_Peak,calibrated_delta,none,p0.05|n120,n_pred_nan,0.0,5,15
iter02b_ffnn,2,bstar_2023,HP_Peak,calibrated_delta,none,p0.05|n120,mape_n_excluded,0.0,5,15
iter02b_ffnn,2,bstar_2023,HP_Peak,calibrated_delta,none,p0.1|n10,rmse,2.7438427548873783,10,9
iter02b_ffnn,2,bstar_2023,HP_Peak,calibrated_delta,none,p0.1|n10,mae,1.5730231176081917,10,9
iter02b_ffnn,2,bstar_2023,HP_Peak,calibrated_delta,none,p0.1|n10,mape,23.935699702972112,10,9
iter02b_ffnn,2,bstar_2023,HP_Peak,calibrated_delta,none,p0.1|n10,r2,0.1641554192452953,10,9
iter02b_ffnn,2,bstar_2023,HP_Peak,calibrated_delta,none,p0.1|n10,n_pred_nan,0.0,10,9
iter02b_ffnn,2,bstar_2023,HP_Peak,calibrated_delta,none,p0.1|n10,mape_n_excluded,0.0,10,9
iter02b_ffnn,2,bstar_2023,HP_Peak,calibrated_delta,none,p0.1|n20,rmse,4.287944298640502,10,13
iter02b_ffnn,2,bstar_2023,HP_Peak,calibrated_delta,none,p0.1|n20,mae,2.775287202382751,10,13
iter02b_ffnn,2,bstar_2023,HP_Peak,calibrated_delta,none,p0.1|n20,mape,29.73567559695128,10,13
iter02b_ffnn,2,bstar_2023,HP_Peak,calibrated_delta,none,p0.1|n20,r2,-0.049348680738356,10,13
iter02b_ffnn,2,bstar_2023,HP_Peak,calibrated_delta,none,p0.1|n20,n_pred_nan,0.0,10,13
iter02b_ffnn,2,bstar_2023,HP_Peak,calibrated_delta,none,p0.1|n20,mape_n_excluded,0.0,10,13
iter02b_ffnn,2,bstar_2023,HP_Peak,calibrated_delta,none,p0.1|n40,rmse,6.882389914701415,5,13
iter02b_ffnn,2,bstar_2023,HP_Peak,calibrated_delta,none,p0.1|n40,mae,6.32064867911445,5,13
iter02b_ffnn,2,bstar_2023,HP_Peak,calibrated_delta,none,p0.1|n40,mape,24.313807382036085,5,13
iter02b_ffnn,2,bstar_2023,HP_Peak,calibrated_delta,none,p0.1|n40,r2,-2.1265268885162523,5,13
iter02b_ffnn,2,bstar_2023,HP_Peak,calibrated_delta,none,p0.1|n40,n_pred_nan,0.0,5,13
iter02b_ffnn,2,bstar_2023,HP_Peak,calibrated_delta,none,p0.1|n40,mape_n_excluded,0.0,5,13
iter02b_ffnn,2,bstar_2023,HP_Peak,calibrated_delta,none,p0.1|n80,rmse,18.261776454191487,5,15
iter02b_ffnn,2,bstar_2023,HP_Peak,calibrated_delta,none,p0.1|n80,mae,15.328867278708667,5,15
iter02b_ffnn,2,bstar_2023,HP_Peak,calibrated_delta,none,p0.1|n80,mape,32.249512090460044,5,15
iter02b_ffnn,2,bstar_2023,HP_Peak,calibrated_delta,none,p0.1|n80,r2,-15.565357856768358,5,15
iter02b_ffnn,2,bstar_2023,HP_Peak,calibrated_delta,none,p0.1|n80,n_pred_nan,0.0,5,15
iter02b_ffnn,2,bstar_2023,HP_Peak,calibrated_delta,none,p0.1|n80,mape_n_excluded,0.0,5,15
iter02b_ffnn,2,bstar_2023,HP_Peak,calibrated_delta,none,p0.1|n120,rmse,12.913481935511646,5,16
iter02b_ffnn,2,bstar_2023,HP_Peak,calibrated_delta,none,p0.1|n120,mae,11.810039550431725,5,16
iter02b_ffnn,2,bstar_2023,HP_Peak,calibrated_delta,none,p0.1|n120,mape,14.654436328278722,5,16
iter02b_ffnn,2,bstar_2023,HP_Peak,calibrated_delta,none,p0.1|n120,r2,-8.857766792891791,5,16
iter02b_ffnn,2,bstar_2023,HP_Peak,calibrated_delta,none,p0.1|n120,n_pred_nan,0.0,5,16
iter02b_ffnn,2,bstar_2023,HP_Peak,calibrated_delta,none,p0.1|n120,mape_n_excluded,0.0,5,16
iter02b_ffnn,2,bstar_2023,HP_Peak,calibrated_delta,none,p0.2|n10,rmse,3.381393802092366,10,14
iter02b_ffnn,2,bstar_2023,HP_Peak,calibrated_delta,none,p0.2|n10,mae,2.179549338804459,10,14
iter02b_ffnn,2,bstar_2023,HP_Peak,calibrated_delta,none,p0.2|n10,mape,25.01179675753413,10,14
iter02b_ffnn,2,bstar_2023,HP_Peak,calibrated_delta,none,p0.2|n10,r2,0.1671863353254926,10,14
iter02b_ffnn,2,bstar_2023,HP_Peak,calibrated_delta,none,p0.2|n10,n_pred_nan,0.0,10,14
iter02b_ffnn,2,bstar_2023,HP_Peak,calibrated_delta,none,p0.2|n10,mape_n_excluded,0.0,10,14
iter02b_ffnn,2,bstar_2023,HP_Peak,calibrated_delta,none,p0.2|n20,rmse,5.5815110302002005,5,14
iter02b_ffnn,2,bstar_2023,HP_Peak,calibrated_delta,none,p0.2|n20,mae,4.236206723957668,5,14
iter02b_ffnn,2,bstar_2023,HP_Peak,calibrated_delta,none,p0.2|n20,mape,15.102720803282685,5,14
iter02b_ffnn,2,bstar_2023,HP_Peak,calibrated_delta,none,p0.2|n20,r2,-1.32041867774123,5,14
iter02b_ffnn,2,bstar_2023,HP_Peak,calibrated_delta,none,p0.2|n20,n_pred_nan,0.0,5,14
iter02b_ffnn,2,bstar_2023,HP_Peak,calibrated_delta,none,p0.2|n20,mape_n_excluded,0.0,5,14
iter02b_ffnn,2,bstar_2023,HP_Peak,calibrated_delta,none,p0.2|n40,rmse,7.070975419498889,5,16
iter02b_ffnn,2,bstar_2023,HP_Peak,calibrated_delta,none,p0.2|n40,mae,6.5594090867811685,5,16
iter02b_ffnn,2,bstar_2023,HP_Peak,calibrated_delta,none,p0.2|n40,mape,12.22519810698747,5,16
iter02b_ffnn,2,bstar_2023,HP_Peak,calibrated_delta,none,p0.2|n40,r2,-0.1099742565401868,5,16
iter02b_ffnn,2,bstar_2023,HP_Peak,calibrated_delta,none,p0.2|n40,n_pred_nan,0.0,5,16
iter02b_ffnn,2,bstar_2023,HP_Peak,calibrated_delta,none,p0.2|n40,mape_n_excluded,0.0,5,16
iter02b_ffnn,2,bstar_2023,HP_Peak,calibrated_delta,none,p0.3|n10,rmse,3.5787360127326937,10,14
iter02b_ffnn,2,bstar_2023,HP_Peak,calibrated_delta,none,p0.3|n10,mae,2.9760086325872783,10,14
iter02b_ffnn,2,bstar_2023,HP_Peak,calibrated_delta,none,p0.3|n10,mape,16.49135434535,10,14
iter02b_ffnn,2,bstar_2023,HP_Peak,calibrated_delta,none,p0.3|n10,r2,0.5644668890334217,10,14
iter02b_ffnn,2,bstar_2023,HP_Peak,calibrated_delta,none,p0.3|n10,n_pred_nan,0.0,10,14
iter02b_ffnn,2,bstar_2023,HP_Peak,calibrated_delta,none,p0.3|n10,mape_n_excluded,0.0,10,14
iter02b_ffnn,2,bstar_2023,HP_Peak,calibrated_delta,none,p0.3|n20,rmse,6.581923262999088,5,15
iter02b_ffnn,2,bstar_2023,HP_Peak,calibrated_delta,none,p0.3|n20,mae,5.279698257343197,5,15
iter02b_ffnn,2,bstar_2023,HP_Peak,calibrated_delta,none,p0.3|n20,mape,13.762412201494968,5,15
iter02b_ffnn,2,bstar_2023,HP_Peak,calibrated_delta,none,p0.3|n20,r2,0.2470365330033271,5,15
iter02b_ffnn,2,bstar_2023,HP_Peak,calibrated_delta,none,p0.3|n20,n_pred_nan,0.0,5,15
iter02b_ffnn,2,bstar_2023,HP_Peak,calibrated_delta,none,p0.3|n20,mape_n_excluded,0.0,5,15
iter02b_ffnn,2,bstar_2023,HP_Peak,calibrated_delta,none,p0.3|n40,rmse,4.597737076286447,5,16
iter02b_ffnn,2,bstar_2023,HP_Peak,calibrated_delta,none,p0.3|n40,mae,3.338981517482483,5,16
iter02b_ffnn,2,bstar_2023,HP_Peak,calibrated_delta,none,p0.3|n40,mape,4.0815222919544745,5,16
iter02b_ffnn,2,bstar_2023,HP_Peak,calibrated_delta,none,p0.3|n40,r2,-0.5154133946801087,5,16
iter02b_ffnn,2,bstar_2023,HP_Peak,calibrated_delta,none,p0.3|n40,n_pred_nan,0.0,5,16
iter02b_ffnn,2,bstar_2023,HP_Peak,calibrated_delta,none,p0.3|n40,mape_n_excluded,0.0,5,16
iter02b_ffnn,2,bstar_2023,HP_Peak,calibrated_delta,none,p0.5|n10,rmse,9.02521728013949,5,14
iter02b_ffnn,2,bstar_2023,HP_Peak,calibrated_delta,none,p0.5|n10,mae,8.09145113353523,5,14
iter02b_ffnn,2,bstar_2023,HP_Peak,calibrated_delta,none,p0.5|n10,mape,26.08535436046927,5,14
iter02b_ffnn,2,bstar_2023,HP_Peak,calibrated_delta,none,p0.5|n10,r2,-5.386363723802193,5,14
iter02b_ffnn,2,bstar_2023,HP_Peak,calibrated_delta,none,p0.5|n10,n_pred_nan,0.0,5,14
iter02b_ffnn,2,bstar_2023,HP_Peak,calibrated_delta,none,p0.5|n10,mape_n_excluded,0.0,5,14
iter02b_ffnn,2,bstar_2023,HP_Peak,calibrated_delta,none,p0.5|n20,rmse,9.046082261988548,5,15
iter02b_ffnn,2,bstar_2023,HP_Peak,calibrated_delta,none,p0.5|n20,mae,8.50248039122281,5,15
iter02b_ffnn,2,bstar_2023,HP_Peak,calibrated_delta,none,p0.5|n20,mape,13.225207997322558,5,15
iter02b_ffnn,2,bstar_2023,HP_Peak,calibrated_delta,none,p0.5|n20,r2,-3.9860720314539018,5,15
iter02b_ffnn,2,bstar_2023,HP_Peak,calibrated_delta,none,p0.5|n20,n_pred_nan,0.0,5,15
iter02b_ffnn,2,bstar_2023,HP_Peak,calibrated_delta,none,p0.5|n20,mape_n_excluded,0.0,5,15
iter02b_ffnn,2,bstar_2023,HP_Peak,calibrated_delta,none,p1.0|n10,rmse,14.370325625692814,5,16
iter02b_ffnn,2,bstar_2023,HP_Peak,calibrated_delta,none,p1.0|n10,mae,13.651105184652137,5,16
iter02b_ffnn,2,bstar_2023,HP_Peak,calibrated_delta,none,p1.0|n10,mape,19.80460652197102,5,16
iter02b_ffnn,2,bstar_2023,HP_Peak,calibrated_delta,none,p1.0|n10,r2,-9.166402799905326,5,16
iter02b_ffnn,2,bstar_2023,HP_Peak,calibrated_delta,none,p1.0|n10,n_pred_nan,0.0,5,16
iter02b_ffnn,2,bstar_2023,HP_Peak,calibrated_delta,none,p1.0|n10,mape_n_excluded,0.0,5,16
iter02b_ffnn,2,bstar_2023,HP_Peak,calibrated_delta,none,all,at_bound_share_train,0.0021739130434782,460,62
iter02b_ffnn,2,bstar_2023,HP_Peak,calibrated_delta,none,all,at_bound_share_test,0.0461538461538461,130,20
iter02b_ffnn,2,bstar_2023,HP_Peak,hdh,none,all,rmse,8.368261568865575,130,20
iter02b_ffnn,2,bstar_2023,HP_Peak,hdh,none,all,mae,5.857723511061932,130,20
iter02b_ffnn,2,bstar_2023,HP_Peak,hdh,none,all,mape,29.78375351198971,130,20
iter02b_ffnn,2,bstar_2023,HP_Peak,hdh,none,all,r2,0.8831121256272405,130,20
iter02b_ffnn,2,bstar_2023,HP_Peak,hdh,none,all,n_pred_nan,0.0,130,20
iter02b_ffnn,2,bstar_2023,HP_Peak,hdh,none,all,mape_n_excluded,0.0,130,20
iter02b_ffnn,2,bstar_2023,HP_Peak,hdh,none,p0.05|n10,rmse,3.4660327565679125,10,7
iter02b_ffnn,2,bstar_2023,HP_Peak,hdh,none,p0.05|n10,mae,2.3638921539608786,10,7
iter02b_ffnn,2,bstar_2023,HP_Peak,hdh,none,p0.05|n10,mape,49.924203870777184,10,7
iter02b_ffnn,2,bstar_2023,HP_Peak,hdh,none,p0.05|n10,r2,-1.615020144899571,10,7
iter02b_ffnn,2,bstar_2023,HP_Peak,hdh,none,p0.05|n10,n_pred_nan,0.0,10,7
iter02b_ffnn,2,bstar_2023,HP_Peak,hdh,none,p0.05|n10,mape_n_excluded,0.0,10,7
iter02b_ffnn,2,bstar_2023,HP_Peak,hdh,none,p0.05|n20,rmse,3.205784784093775,10,6
iter02b_ffnn,2,bstar_2023,HP_Peak,hdh,none,p0.05|n20,mae,2.669776334170315,10,6
iter02b_ffnn,2,bstar_2023,HP_Peak,hdh,none,p0.05|n20,mape,67.30550579068026,10,6
iter02b_ffnn,2,bstar_2023,HP_Peak,hdh,none,p0.05|n20,r2,-3.1442872888663977,10,6
iter02b_ffnn,2,bstar_2023,HP_Peak,hdh,none,p0.05|n20,n_pred_nan,0.0,10,6
iter02b_ffnn,2,bstar_2023,HP_Peak,hdh,none,p0.05|n20,mape_n_excluded,0.0,10,6
iter02b_ffnn,2,bstar_2023,HP_Peak,hdh,none,p0.05|n40,rmse,5.946592787490065,10,12
iter02b_ffnn,2,bstar_2023,HP_Peak,hdh,none,p0.05|n40,mae,5.061017091580994,10,12
iter02b_ffnn,2,bstar_2023,HP_Peak,hdh,none,p0.05|n40,mape,52.316030806815405,10,12
iter02b_ffnn,2,bstar_2023,HP_Peak,hdh,none,p0.05|n40,r2,-0.2485718627919946,10,12
iter02b_ffnn,2,bstar_2023,HP_Peak,hdh,none,p0.05|n40,n_pred_nan,0.0,10,12
iter02b_ffnn,2,bstar_2023,HP_Peak,hdh,none,p0.05|n40,mape_n_excluded,0.0,10,12
iter02b_ffnn,2,bstar_2023,HP_Peak,hdh,none,p0.05|n80,rmse,9.174812009034532,5,13
iter02b_ffnn,2,bstar_2023,HP_Peak,hdh,none,p0.05|n80,mae,7.359708651297931,5,13
iter02b_ffnn,2,bstar_2023,HP_Peak,hdh,none,p0.05|n80,mape,29.024276734863395,5,13
iter02b_ffnn,2,bstar_2023,HP_Peak,hdh,none,p0.05|n80,r2,-7.524346786856075,5,13
iter02b_ffnn,2,bstar_2023,HP_Peak,hdh,none,p0.05|n80,n_pred_nan,0.0,5,13
iter02b_ffnn,2,bstar_2023,HP_Peak,hdh,none,p0.05|n80,mape_n_excluded,0.0,5,13
iter02b_ffnn,2,bstar_2023,HP_Peak,hdh,none,p0.05|n120,rmse,19.949305688260715,5,15
iter02b_ffnn,2,bstar_2023,HP_Peak,hdh,none,p0.05|n120,mae,18.38056066268741,5,15
iter02b_ffnn,2,bstar_2023,HP_Peak,hdh,none,p0.05|n120,mape,48.7591972778941,5,15
iter02b_ffnn,2,bstar_2023,HP_Peak,hdh,none,p0.05|n120,r2,-13.061243554366303,5,15
iter02b_ffnn,2,bstar_2023,HP_Peak,hdh,none,p0.05|n120,n_pred_nan,0.0,5,15
iter02b_ffnn,2,bstar_2023,HP_Peak,hdh,none,p0.05|n120,mape_n_excluded,0.0,5,15
iter02b_ffnn,2,bstar_2023,HP_Peak,hdh,none,p0.1|n10,rmse,2.440785779687102,10,9
iter02b_ffnn,2,bstar_2023,HP_Peak,hdh,none,p0.1|n10,mae,1.396564545299143,10,9
iter02b_ffnn,2,bstar_2023,HP_Peak,hdh,none,p0.1|n10,mape,16.25120332315432,10,9
iter02b_ffnn,2,bstar_2023,HP_Peak,hdh,none,p0.1|n10,r2,0.3385966021176833,10,9
iter02b_ffnn,2,bstar_2023,HP_Peak,hdh,none,p0.1|n10,n_pred_nan,0.0,10,9
iter02b_ffnn,2,bstar_2023,HP_Peak,hdh,none,p0.1|n10,mape_n_excluded,0.0,10,9
iter02b_ffnn,2,bstar_2023,HP_Peak,hdh,none,p0.1|n20,rmse,3.960547181173925,10,13
iter02b_ffnn,2,bstar_2023,HP_Peak,hdh,none,p0.1|n20,mae,2.5728500991996484,10,13
iter02b_ffnn,2,bstar_2023,HP_Peak,hdh,none,p0.1|n20,mape,26.647518789799506,10,13
iter02b_ffnn,2,bstar_2023,HP_Peak,hdh,none,p0.1|n20,r2,0.1047755535980421,10,13
iter02b_ffnn,2,bstar_2023,HP_Peak,hdh,none,p0.1|n20,n_pred_nan,0.0,10,13
iter02b_ffnn,2,bstar_2023,HP_Peak,hdh,none,p0.1|n20,mape_n_excluded,0.0,10,13
iter02b_ffnn,2,bstar_2023,HP_Peak,hdh,none,p0.1|n40,rmse,7.584825796006076,5,13
iter02b_ffnn,2,bstar_2023,HP_Peak,hdh,none,p0.1|n40,mae,6.928415189868863,5,13
iter02b_ffnn,2,bstar_2023,HP_Peak,hdh,none,p0.1|n40,mape,26.34962457089665,5,13
iter02b_ffnn,2,bstar_2023,HP_Peak,hdh,none,p0.1|n40,r2,-2.797299413975048,5,13
iter02b_ffnn,2,bstar_2023,HP_Peak,hdh,none,p0.1|n40,n_pred_nan,0.0,5,13
iter02b_ffnn,2,bstar_2023,HP_Peak,hdh,none,p0.1|n40,mape_n_excluded,0.0,5,13
iter02b_ffnn,2,bstar_2023,HP_Peak,hdh,none,p0.1|n80,rmse,18.107005625615656,5,15
iter02b_ffnn,2,bstar_2023,HP_Peak,hdh,none,p0.1|n80,mae,15.247953244098444,5,15
iter02b_ffnn,2,bstar_2023,HP_Peak,hdh,none,p0.1|n80,mape,32.0923050638643,5,15
iter02b_ffnn,2,bstar_2023,HP_Peak,hdh,none,p0.1|n80,r2,-15.28576076929691,5,15
iter02b_ffnn,2,bstar_2023,HP_Peak,hdh,none,p0.1|n80,n_pred_nan,0.0,5,15
iter02b_ffnn,2,bstar_2023,HP_Peak,hdh,none,p0.1|n80,mape_n_excluded,0.0,5,15
iter02b_ffnn,2,bstar_2023,HP_Peak,hdh,none,p0.1|n120,rmse,13.091033023537886,5,16
iter02b_ffnn,2,bstar_2023,HP_Peak,hdh,none,p0.1|n120,mae,12.118020707129707,5,16
iter02b_ffnn,2,bstar_2023,HP_Peak,hdh,none,p0.1|n120,mape,15.011393949289523,5,16
iter02b_ffnn,2,bstar_2023,HP_Peak,hdh,none,p0.1|n120,r2,-9.130704737482976,5,16
iter02b_ffnn,2,bstar_2023,HP_Peak,hdh,none,p0.1|n120,n_pred_nan,0.0,5,16
iter02b_ffnn,2,bstar_2023,HP_Peak,hdh,none,p0.1|n120,mape_n_excluded,0.0,5,16
iter02b_ffnn,2,bstar_2023,HP_Peak,hdh,none,p0.2|n10,rmse,3.320266735799042,10,14
iter02b_ffnn,2,bstar_2023,HP_Peak,hdh,none,p0.2|n10,mae,2.3208057265299717,10,14
iter02b_ffnn,2,bstar_2023,HP_Peak,hdh,none,p0.2|n10,mape,23.79332666349523,10,14
iter02b_ffnn,2,bstar_2023,HP_Peak,hdh,none,p0.2|n10,r2,0.1970245144184047,10,14
iter02b_ffnn,2,bstar_2023,HP_Peak,hdh,none,p0.2|n10,n_pred_nan,0.0,10,14
iter02b_ffnn,2,bstar_2023,HP_Peak,hdh,none,p0.2|n10,mape_n_excluded,0.0,10,14
iter02b_ffnn,2,bstar_2023,HP_Peak,hdh,none,p0.2|n20,rmse,6.062773432671747,5,14
iter02b_ffnn,2,bstar_2023,HP_Peak,hdh,none,p0.2|n20,mae,4.163649688677841,5,14
iter02b_ffnn,2,bstar_2023,HP_Peak,hdh,none,p0.2|n20,mape,14.912547371242482,5,14
iter02b_ffnn,2,bstar_2023,HP_Peak,hdh,none,p0.2|n20,r2,-1.7378235547387328,5,14
iter02b_ffnn,2,bstar_2023,HP_Peak,hdh,none,p0.2|n20,n_pred_nan,0.0,5,14
iter02b_ffnn,2,bstar_2023,HP_Peak,hdh,none,p0.2|n20,mape_n_excluded,0.0,5,14
iter02b_ffnn,2,bstar_2023,HP_Peak,hdh,none,p0.2|n40,rmse,7.61883958743169,5,16
iter02b_ffnn,2,bstar_2023,HP_Peak,hdh,none,p0.2|n40,mae,7.113121457864203,5,16
iter02b_ffnn,2,bstar_2023,HP_Peak,hdh,none,p0.2|n40,mape,13.33502968277928,5,16
iter02b_ffnn,2,bstar_2023,HP_Peak,hdh,none,p0.2|n40,r2,-0.28864089856185,5,16
iter02b_ffnn,2,bstar_2023,HP_Peak,hdh,none,p0.2|n40,n_pred_nan,0.0,5,16
iter02b_ffnn,2,bstar_2023,HP_Peak,hdh,none,p0.2|n40,mape_n_excluded,0.0,5,16
iter02b_ffnn,2,bstar_2023,HP_Peak,hdh,none,p0.3|n10,rmse,4.086110814817612,10,14
iter02b_ffnn,2,bstar_2023,HP_Peak,hdh,none,p0.3|n10,mae,3.596750627506455,10,14
iter02b_ffnn,2,bstar_2023,HP_Peak,hdh,none,p0.3|n10,mape,20.063786428304724,10,14
iter02b_ffnn,2,bstar_2023,HP_Peak,hdh,none,p0.3|n10,r2,0.4322173321623405,10,14
iter02b_ffnn,2,bstar_2023,HP_Peak,hdh,none,p0.3|n10,n_pred_nan,0.0,10,14
iter02b_ffnn,2,bstar_2023,HP_Peak,hdh,none,p0.3|n10,mape_n_excluded,0.0,10,14
iter02b_ffnn,2,bstar_2023,HP_Peak,hdh,none,p0.3|n20,rmse,7.166922567684938,5,15
iter02b_ffnn,2,bstar_2023,HP_Peak,hdh,none,p0.3|n20,mae,5.90373509808674,5,15
iter02b_ffnn,2,bstar_2023,HP_Peak,hdh,none,p0.3|n20,mape,15.469598255086265,5,15
iter02b_ffnn,2,bstar_2023,HP_Peak,hdh,none,p0.3|n20,r2,0.1072421029127448,5,15
iter02b_ffnn,2,bstar_2023,HP_Peak,hdh,none,p0.3|n20,n_pred_nan,0.0,5,15
iter02b_ffnn,2,bstar_2023,HP_Peak,hdh,none,p0.3|n20,mape_n_excluded,0.0,5,15
iter02b_ffnn,2,bstar_2023,HP_Peak,hdh,none,p0.3|n40,rmse,4.592367116219165,5,16
iter02b_ffnn,2,bstar_2023,HP_Peak,hdh,none,p0.3|n40,mae,3.297356805307666,5,16
iter02b_ffnn,2,bstar_2023,HP_Peak,hdh,none,p0.3|n40,mape,4.033127634896811,5,16
iter02b_ffnn,2,bstar_2023,HP_Peak,hdh,none,p0.3|n40,r2,-0.5118755859573356,5,16
iter02b_ffnn,2,bstar_2023,HP_Peak,hdh,none,p0.3|n40,n_pred_nan,0.0,5,16
iter02b_ffnn,2,bstar_2023,HP_Peak,hdh,none,p0.3|n40,mape_n_excluded,0.0,5,16
iter02b_ffnn,2,bstar_2023,HP_Peak,hdh,none,p0.5|n10,rmse,9.736003783413732,5,14
iter02b_ffnn,2,bstar_2023,HP_Peak,hdh,none,p0.5|n10,mae,8.831984963251298,5,14
iter02b_ffnn,2,bstar_2023,HP_Peak,hdh,none,p0.5|n10,mape,28.479620719701803,5,14
iter02b_ffnn,2,bstar_2023,HP_Peak,hdh,none,p0.5|n10,r2,-6.431898758900075,5,14
iter02b_ffnn,2,bstar_2023,HP_Peak,hdh,none,p0.5|n10,n_pred_nan,0.0,5,14
iter02b_ffnn,2,bstar_2023,HP_Peak,hdh,none,p0.5|n10,mape_n_excluded,0.0,5,14
iter02b_ffnn,2,bstar_2023,HP_Peak,hdh,none,p0.5|n20,rmse,9.544427591869889,5,15
iter02b_ffnn,2,bstar_2023,HP_Peak,hdh,none,p0.5|n20,mae,9.088864536700244,5,15
iter02b_ffnn,2,bstar_2023,HP_Peak,hdh,none,p0.5|n20,mape,14.139357579203136,5,15
iter02b_ffnn,2,bstar_2023,HP_Peak,hdh,none,p0.5|n20,r2,-4.550565831270823,5,15
iter02b_ffnn,2,bstar_2023,HP_Peak,hdh,none,p0.5|n20,n_pred_nan,0.0,5,15
iter02b_ffnn,2,bstar_2023,HP_Peak,hdh,none,p0.5|n20,mape_n_excluded,0.0,5,15
iter02b_ffnn,2,bstar_2023,HP_Peak,hdh,none,p1.0|n10,rmse,14.650104966279756,5,16
iter02b_ffnn,2,bstar_2023,HP_Peak,hdh,none,p1.0|n10,mae,13.904127126145053,5,16
iter02b_ffnn,2,bstar_2023,HP_Peak,hdh,none,p1.0|n10,mape,20.168361125961336,5,16
iter02b_ffnn,2,bstar_2023,HP_Peak,hdh,none,p1.0|n10,r2,-9.5661206921434,5,16
iter02b_ffnn,2,bstar_2023,HP_Peak,hdh,none,p1.0|n10,n_pred_nan,0.0,5,16
iter02b_ffnn,2,bstar_2023,HP_Peak,hdh,none,p1.0|n10,mape_n_excluded,0.0,5,16
iter02b_ffnn,2,bstar_2023,HP_Peak,FFNN,none,all,rmse,16.31737045704531,130,20
iter02b_ffnn,2,bstar_2023,HP_Peak,FFNN,none,all,mae,12.458213609057948,130,20
iter02b_ffnn,2,bstar_2023,HP_Peak,FFNN,none,all,mape,97.38603228856326,130,20
iter02b_ffnn,2,bstar_2023,HP_Peak,FFNN,none,all,r2,0.5555741467635036,130,20
iter02b_ffnn,2,bstar_2023,HP_Peak,FFNN,none,all,n_pred_nan,0.0,130,20
iter02b_ffnn,2,bstar_2023,HP_Peak,FFNN,none,all,mape_n_excluded,0.0,130,20
iter02b_ffnn,2,bstar_2023,HP_Peak,FFNN,none,p0.05|n10,rmse,14.312022065353418,10,7
iter02b_ffnn,2,bstar_2023,HP_Peak,FFNN,none,p0.05|n10,mae,10.985378236616135,10,7
iter02b_ffnn,2,bstar_2023,HP_Peak,FFNN,none,p0.05|n10,mape,230.36037591571832,10,7
iter02b_ffnn,2,bstar_2023,HP_Peak,FFNN,none,p0.05|n10,r2,-43.587354739986246,10,7
iter02b_ffnn,2,bstar_2023,HP_Peak,FFNN,none,p0.05|n10,n_pred_nan,0.0,10,7
iter02b_ffnn,2,bstar_2023,HP_Peak,FFNN,none,p0.05|n10,mape_n_excluded,0.0,10,7
iter02b_ffnn,2,bstar_2023,HP_Peak,FFNN,none,p0.05|n20,rmse,8.554409051067033,10,6
iter02b_ffnn,2,bstar_2023,HP_Peak,FFNN,none,p0.05|n20,mae,7.448427707222313,10,6
iter02b_ffnn,2,bstar_2023,HP_Peak,FFNN,none,p0.05|n20,mape,157.90610069780166,10,6
iter02b_ffnn,2,bstar_2023,HP_Peak,FFNN,none,p0.05|n20,r2,-28.509452637114432,10,6
iter02b_ffnn,2,bstar_2023,HP_Peak,FFNN,none,p0.05|n20,n_pred_nan,0.0,10,6
iter02b_ffnn,2,bstar_2023,HP_Peak,FFNN,none,p0.05|n20,mape_n_excluded,0.0,10,6
iter02b_ffnn,2,bstar_2023,HP_Peak,FFNN,none,p0.05|n40,rmse,14.404983361064795,10,12
iter02b_ffnn,2,bstar_2023,HP_Peak,FFNN,none,p0.05|n40,mae,12.418440766361416,10,12
iter02b_ffnn,2,bstar_2023,HP_Peak,FFNN,none,p0.05|n40,mape,125.74269727649056,10,12
iter02b_ffnn,2,bstar_2023,HP_Peak,FFNN,none,p0.05|n40,r2,-6.326603111279419,10,12
iter02b_ffnn,2,bstar_2023,HP_Peak,FFNN,none,p0.05|n40,n_pred_nan,0.0,10,12
iter02b_ffnn,2,bstar_2023,HP_Peak,FFNN,none,p0.05|n40,mape_n_excluded,0.0,10,12
iter02b_ffnn,2,bstar_2023,HP_Peak,FFNN,none,p0.05|n80,rmse,12.711174055449192,5,13
iter02b_ffnn,2,bstar_2023,HP_Peak,FFNN,none,p0.05|n80,mae,8.196979797785676,5,13
iter02b_ffnn,2,bstar_2023,HP_Peak,FFNN,none,p0.05|n80,mape,32.82032858074329,5,13
iter02b_ffnn,2,bstar_2023,HP_Peak,FFNN,none,p0.05|n80,r2,-15.362064178747747,5,13
iter02b_ffnn,2,bstar_2023,HP_Peak,FFNN,none,p0.05|n80,n_pred_nan,0.0,5,13
iter02b_ffnn,2,bstar_2023,HP_Peak,FFNN,none,p0.05|n80,mape_n_excluded,0.0,5,13
iter02b_ffnn,2,bstar_2023,HP_Peak,FFNN,none,p0.05|n120,rmse,12.153662500740111,5,15
iter02b_ffnn,2,bstar_2023,HP_Peak,FFNN,none,p0.05|n120,mae,10.83376247050284,5,15
iter02b_ffnn,2,bstar_2023,HP_Peak,FFNN,none,p0.05|n120,mape,28.164697688059164,5,15
iter02b_ffnn,2,bstar_2023,HP_Peak,FFNN,none,p0.05|n120,r2,-4.2189424102096975,5,15
iter02b_ffnn,2,bstar_2023,HP_Peak,FFNN,none,p0.05|n120,n_pred_nan,0.0,5,15
iter02b_ffnn,2,bstar_2023,HP_Peak,FFNN,none,p0.05|n120,mape_n_excluded,0.0,5,15
iter02b_ffnn,2,bstar_2023,HP_Peak,FFNN,none,p0.1|n10,rmse,11.442605342512095,10,9
iter02b_ffnn,2,bstar_2023,HP_Peak,FFNN,none,p0.1|n10,mae,9.488016044906928,10,9
iter02b_ffnn,2,bstar_2023,HP_Peak,FFNN,none,p0.1|n10,mape,175.40012650301577,10,9
iter02b_ffnn,2,bstar_2023,HP_Peak,FFNN,none,p0.1|n10,r2,-13.536402227449368,10,9
iter02b_ffnn,2,bstar_2023,HP_Peak,FFNN,none,p0.1|n10,n_pred_nan,0.0,10,9
iter02b_ffnn,2,bstar_2023,HP_Peak,FFNN,none,p0.1|n10,mape_n_excluded,0.0,10,9
iter02b_ffnn,2,bstar_2023,HP_Peak,FFNN,none,p0.1|n20,rmse,14.533391322353571,10,13
iter02b_ffnn,2,bstar_2023,HP_Peak,FFNN,none,p0.1|n20,mae,11.797654605205748,10,13
iter02b_ffnn,2,bstar_2023,HP_Peak,FFNN,none,p0.1|n20,mape,114.40297449399876,10,13
iter02b_ffnn,2,bstar_2023,HP_Peak,FFNN,none,p0.1|n20,r2,-11.054674425983714,10,13
iter02b_ffnn,2,bstar_2023,HP_Peak,FFNN,none,p0.1|n20,n_pred_nan,0.0,10,13
iter02b_ffnn,2,bstar_2023,HP_Peak,FFNN,none,p0.1|n20,mape_n_excluded,0.0,10,13
iter02b_ffnn,2,bstar_2023,HP_Peak,FFNN,none,p0.1|n40,rmse,9.827013086958424,5,13
iter02b_ffnn,2,bstar_2023,HP_Peak,FFNN,none,p0.1|n40,mae,7.772027777641108,5,13
iter02b_ffnn,2,bstar_2023,HP_Peak,FFNN,none,p0.1|n40,mape,30.041415911917834,5,13
iter02b_ffnn,2,bstar_2023,HP_Peak,FFNN,none,p0.1|n40,r2,-5.374214734252084,5,13
iter02b_ffnn,2,bstar_2023,HP_Peak,FFNN,none,p0.1|n40,n_pred_nan,0.0,5,13
iter02b_ffnn,2,bstar_2023,HP_Peak,FFNN,none,p0.1|n40,mape_n_excluded,0.0,5,13
iter02b_ffnn,2,bstar_2023,HP_Peak,FFNN,none,p0.1|n80,rmse,33.481082305126,5,15
iter02b_ffnn,2,bstar_2023,HP_Peak,FFNN,none,p0.1|n80,mae,27.973747310452296,5,15
iter02b_ffnn,2,bstar_2023,HP_Peak,FFNN,none,p0.1|n80,mape,58.20467126730718,5,15
iter02b_ffnn,2,bstar_2023,HP_Peak,FFNN,none,p0.1|n80,r2,-54.681862668619935,5,15
iter02b_ffnn,2,bstar_2023,HP_Peak,FFNN,none,p0.1|n80,n_pred_nan,0.0,5,15
iter02b_ffnn,2,bstar_2023,HP_Peak,FFNN,none,p0.1|n80,mape_n_excluded,0.0,5,15
iter02b_ffnn,2,bstar_2023,HP_Peak,FFNN,none,p0.1|n120,rmse,21.04028184265492,5,16
iter02b_ffnn,2,bstar_2023,HP_Peak,FFNN,none,p0.1|n120,mae,19.112264437705274,5,16
iter02b_ffnn,2,bstar_2023,HP_Peak,FFNN,none,p0.1|n120,mape,23.707682638642773,5,16
iter02b_ffnn,2,bstar_2023,HP_Peak,FFNN,none,p0.1|n120,r2,-25.169470003060734,5,16
iter02b_ffnn,2,bstar_2023,HP_Peak,FFNN,none,p0.1|n120,n_pred_nan,0.0,5,16
iter02b_ffnn,2,bstar_2023,HP_Peak,FFNN,none,p0.1|n120,mape_n_excluded,0.0,5,16
iter02b_ffnn,2,bstar_2023,HP_Peak,FFNN,none,p0.2|n10,rmse,21.334799838984846,10,14
iter02b_ffnn,2,bstar_2023,HP_Peak,FFNN,none,p0.2|n10,mae,15.854017265986233,10,14
iter02b_ffnn,2,bstar_2023,HP_Peak,FFNN,none,p0.2|n10,mape,201.29597867169613,10,14
iter02b_ffnn,2,bstar_2023,HP_Peak,FFNN,none,p0.2|n10,r2,-32.15381297546619,10,14
iter02b_ffnn,2,bstar_2023,HP_Peak,FFNN,none,p0.2|n10,n_pred_nan,0.0,10,14
iter02b_ffnn,2,bstar_2023,HP_Peak,FFNN,none,p0.2|n10,mape_n_excluded,0.0,10,14
iter02b_ffnn,2,bstar_2023,HP_Peak,FFNN,none,p0.2|n20,rmse,15.563823802448674,5,14
iter02b_ffnn,2,bstar_2023,HP_Peak,FFNN,none,p0.2|n20,mae,13.825968882645396,5,14
iter02b_ffnn,2,bstar_2023,HP_Peak,FFNN,none,p0.2|n20,mape,44.77674521405478,5,14
iter02b_ffnn,2,bstar_2023,HP_Peak,FFNN,none,p0.2|n20,r2,-17.042444953442498,5,14
iter02b_ffnn,2,bstar_2023,HP_Peak,FFNN,none,p0.2|n20,n_pred_nan,0.0,5,14
iter02b_ffnn,2,bstar_2023,HP_Peak,FFNN,none,p0.2|n20,mape_n_excluded,0.0,5,14
iter02b_ffnn,2,bstar_2023,HP_Peak,FFNN,none,p0.2|n40,rmse,15.5298574528582,5,16
iter02b_ffnn,2,bstar_2023,HP_Peak,FFNN,none,p0.2|n40,mae,13.29974453167774,5,16
iter02b_ffnn,2,bstar_2023,HP_Peak,FFNN,none,p0.2|n40,mape,24.47529415957716,5,16
iter02b_ffnn,2,bstar_2023,HP_Peak,FFNN,none,p0.2|n40,r2,-4.354133431317131,5,16
iter02b_ffnn,2,bstar_2023,HP_Peak,FFNN,none,p0.2|n40,n_pred_nan,0.0,5,16
iter02b_ffnn,2,bstar_2023,HP_Peak,FFNN,none,p0.2|n40,mape_n_excluded,0.0,5,16
iter02b_ffnn,2,bstar_2023,HP_Peak,FFNN,none,p0.3|n10,rmse,17.613480244788658,10,14
iter02b_ffnn,2,bstar_2023,HP_Peak,FFNN,none,p0.3|n10,mae,11.39674077848322,10,14
iter02b_ffnn,2,bstar_2023,HP_Peak,FFNN,none,p0.3|n10,mape,74.69075837835545,10,14
iter02b_ffnn,2,bstar_2023,HP_Peak,FFNN,none,p0.3|n10,r2,-9.549993775718612,10,14
iter02b_ffnn,2,bstar_2023,HP_Peak,FFNN,none,p0.3|n10,n_pred_nan,0.0,10,14
iter02b_ffnn,2,bstar_2023,HP_Peak,FFNN,none,p0.3|n10,mape_n_excluded,0.0,10,14
iter02b_ffnn,2,bstar_2023,HP_Peak,FFNN,none,p0.3|n20,rmse,19.26898532952308,5,15
iter02b_ffnn,2,bstar_2023,HP_Peak,FFNN,none,p0.3|n20,mae,14.629900316394654,5,15
iter02b_ffnn,2,bstar_2023,HP_Peak,FFNN,none,p0.3|n20,mape,35.86893504830654,5,15
iter02b_ffnn,2,bstar_2023,HP_Peak,FFNN,none,p0.3|n20,r2,-5.453361117335556,5,15
iter02b_ffnn,2,bstar_2023,HP_Peak,FFNN,none,p0.3|n20,n_pred_nan,0.0,5,15
iter02b_ffnn,2,bstar_2023,HP_Peak,FFNN,none,p0.3|n20,mape_n_excluded,0.0,5,15
iter02b_ffnn,2,bstar_2023,HP_Peak,FFNN,none,p0.3|n40,rmse,15.860093333076875,5,16
iter02b_ffnn,2,bstar_2023,HP_Peak,FFNN,none,p0.3|n40,mae,12.38839101665396,5,16
iter02b_ffnn,2,bstar_2023,HP_Peak,FFNN,none,p0.3|n40,mape,15.710440668500183,5,16
iter02b_ffnn,2,bstar_2023,HP_Peak,FFNN,none,p0.3|n40,r2,-17.032433299472093,5,16
iter02b_ffnn,2,bstar_2023,HP_Peak,FFNN,none,p0.3|n40,n_pred_nan,0.0,5,16
iter02b_ffnn,2,bstar_2023,HP_Peak,FFNN,none,p0.3|n40,mape_n_excluded,0.0,5,16
iter02b_ffnn,2,bstar_2023,HP_Peak,FFNN,none,p0.5|n10,rmse,19.259573107961963,5,14
iter02b_ffnn,2,bstar_2023,HP_Peak,FFNN,none,p0.5|n10,mae,15.647815449679104,5,14
iter02b_ffnn,2,bstar_2023,HP_Peak,FFNN,none,p0.5|n10,mape,46.29501898207565,5,14
iter02b_ffnn,2,bstar_2023,HP_Peak,FFNN,none,p0.5|n10,r2,-28.082492865302694,5,14
iter02b_ffnn,2,bstar_2023,HP_Peak,FFNN,none,p0.5|n10,n_pred_nan,0.0,5,14
iter02b_ffnn,2,bstar_2023,HP_Peak,FFNN,none,p0.5|n10,mape_n_excluded,0.0,5,14
iter02b_ffnn,2,bstar_2023,HP_Peak,FFNN,none,p0.5|n20,rmse,12.596940479798828,5,15
iter02b_ffnn,2,bstar_2023,HP_Peak,FFNN,none,p0.5|n20,mae,11.858289503148864,5,15
iter02b_ffnn,2,bstar_2023,HP_Peak,FFNN,none,p0.5|n20,mape,18.35259642262248,5,15
iter02b_ffnn,2,bstar_2023,HP_Peak,FFNN,none,p0.5|n20,r2,-8.668690031738688,5,15
iter02b_ffnn,2,bstar_2023,HP_Peak,FFNN,none,p0.5|n20,n_pred_nan,0.0,5,15
iter02b_ffnn,2,bstar_2023,HP_Peak,FFNN,none,p0.5|n20,mape_n_excluded,0.0,5,15
iter02b_ffnn,2,bstar_2023,HP_Peak,FFNN,none,p1.0|n10,rmse,11.451051893354885,5,16
iter02b_ffnn,2,bstar_2023,HP_Peak,FFNN,none,p1.0|n10,mae,9.597311531655713,5,16
iter02b_ffnn,2,bstar_2023,HP_Peak,FFNN,none,p1.0|n10,mape,14.020989046684818,5,16
iter02b_ffnn,2,bstar_2023,HP_Peak,FFNN,none,p1.0|n10,r2,-5.455425299863348,5,16
iter02b_ffnn,2,bstar_2023,HP_Peak,FFNN,none,p1.0|n10,n_pred_nan,0.0,5,16
iter02b_ffnn,2,bstar_2023,HP_Peak,FFNN,none,p1.0|n10,mape_n_excluded,0.0,5,16
iter02b_ffnn,2,bstar_2023,HP_Peak,FFNN,size_peak,all,rmse,15.313664262705029,130,20
iter02b_ffnn,2,bstar_2023,HP_Peak,FFNN,size_peak,all,mae,12.393900956186668,130,20
iter02b_ffnn,2,bstar_2023,HP_Peak,FFNN,size_peak,all,mape,102.04683135515388,130,20
iter02b_ffnn,2,bstar_2023,HP_Peak,FFNN,size_peak,all,r2,0.6085672034906349,130,20
iter02b_ffnn,2,bstar_2023,HP_Peak,FFNN,size_peak,all,n_pred_nan,0.0,130,20
iter02b_ffnn,2,bstar_2023,HP_Peak,FFNN,size_peak,all,mape_n_excluded,0.0,130,20
iter02b_ffnn,2,bstar_2023,HP_Peak,FFNN,size_peak,p0.05|n10,rmse,11.737739689437346,10,7
iter02b_ffnn,2,bstar_2023,HP_Peak,FFNN,size_peak,p0.05|n10,mae,8.020240179181409,10,7
iter02b_ffnn,2,bstar_2023,HP_Peak,FFNN,size_peak,p0.05|n10,mape,222.16433129116405,10,7
iter02b_ffnn,2,bstar_2023,HP_Peak,FFNN,size_peak,p0.05|n10,r2,-28.990151583962625,10,7
iter02b_ffnn,2,bstar_2023,HP_Peak,FFNN,size_peak,p0.05|n10,n_pred_nan,0.0,10,7
iter02b_ffnn,2,bstar_2023,HP_Peak,FFNN,size_peak,p0.05|n10,mape_n_excluded,0.0,10,7
iter02b_ffnn,2,bstar_2023,HP_Peak,FFNN,size_peak,p0.05|n20,rmse,15.67459032262423,10,6
iter02b_ffnn,2,bstar_2023,HP_Peak,FFNN,size_peak,p0.05|n20,mae,13.090004782094953,10,6
iter02b_ffnn,2,bstar_2023,HP_Peak,FFNN,size_peak,p0.05|n20,mape,301.53288859249875,10,6
iter02b_ffnn,2,bstar_2023,HP_Peak,FFNN,size_peak,p0.05|n20,r2,-98.07715442911793,10,6
iter02b_ffnn,2,bstar_2023,HP_Peak,FFNN,size_peak,p0.05|n20,n_pred_nan,0.0,10,6
iter02b_ffnn,2,bstar_2023,HP_Peak,FFNN,size_peak,p0.05|n20,mape_n_excluded,0.0,10,6
iter02b_ffnn,2,bstar_2023,HP_Peak,FFNN,size_peak,p0.05|n40,rmse,22.800042456738517,10,12
iter02b_ffnn,2,bstar_2023,HP_Peak,FFNN,size_peak,p0.05|n40,mae,20.139401258134274,10,12
iter02b_ffnn,2,bstar_2023,HP_Peak,FFNN,size_peak,p0.05|n40,mape,210.0805101856056,10,12
iter02b_ffnn,2,bstar_2023,HP_Peak,FFNN,size_peak,p0.05|n40,r2,-17.354749237049433,10,12
iter02b_ffnn,2,bstar_2023,HP_Peak,FFNN,size_peak,p0.05|n40,n_pred_nan,0.0,10,12
iter02b_ffnn,2,bstar_2023,HP_Peak,FFNN,size_peak,p0.05|n40,mape_n_excluded,0.0,10,12
iter02b_ffnn,2,bstar_2023,HP_Peak,FFNN,size_peak,p0.05|n80,rmse,13.88459750672251,5,13
iter02b_ffnn,2,bstar_2023,HP_Peak,FFNN,size_peak,p0.05|n80,mae,10.941065130782658,5,13
iter02b_ffnn,2,bstar_2023,HP_Peak,FFNN,size_peak,p0.05|n80,mape,45.31376929715827,5,13
iter02b_ffnn,2,bstar_2023,HP_Peak,FFNN,size_peak,p0.05|n80,r2,-18.522406435603084,5,13
iter02b_ffnn,2,bstar_2023,HP_Peak,FFNN,size_peak,p0.05|n80,n_pred_nan,0.0,5,13
iter02b_ffnn,2,bstar_2023,HP_Peak,FFNN,size_peak,p0.05|n80,mape_n_excluded,0.0,5,13
iter02b_ffnn,2,bstar_2023,HP_Peak,FFNN,size_peak,p0.05|n120,rmse,21.436572400490736,5,15
iter02b_ffnn,2,bstar_2023,HP_Peak,FFNN,size_peak,p0.05|n120,mae,21.02994457788115,5,15
iter02b_ffnn,2,bstar_2023,HP_Peak,FFNN,size_peak,p0.05|n120,mape,55.721775825789024,5,15
iter02b_ffnn,2,bstar_2023,HP_Peak,FFNN,size_peak,p0.05|n120,r2,-15.235992816573155,5,15
iter02b_ffnn,2,bstar_2023,HP_Peak,FFNN,size_peak,p0.05|n120,n_pred_nan,0.0,5,15
iter02b_ffnn,2,bstar_2023,HP_Peak,FFNN,size_peak,p0.05|n120,mape_n_excluded,0.0,5,15
iter02b_ffnn,2,bstar_2023,HP_Peak,FFNN,size_peak,p0.1|n10,rmse,10.568613637987966,10,9
iter02b_ffnn,2,bstar_2023,HP_Peak,FFNN,size_peak,p0.1|n10,mae,8.755522411901893,10,9
iter02b_ffnn,2,bstar_2023,HP_Peak,FFNN,size_peak,p0.1|n10,mape,145.03455112583637,10,9
iter02b_ffnn,2,bstar_2023,HP_Peak,FFNN,size_peak,p0.1|n10,r2,-11.40061247745878,10,9
iter02b_ffnn,2,bstar_2023,HP_Peak,FFNN,size_peak,p0.1|n10,n_pred_nan,0.0,10,9
iter02b_ffnn,2,bstar_2023,HP_Peak,FFNN,size_peak,p0.1|n10,mape_n_excluded,0.0,10,9
iter02b_ffnn,2,bstar_2023,HP_Peak,FFNN,size_peak,p0.1|n20,rmse,14.278689098598305,10,13
iter02b_ffnn,2,bstar_2023,HP_Peak,FFNN,size_peak,p0.1|n20,mae,12.061210298424974,10,13
iter02b_ffnn,2,bstar_2023,HP_Peak,FFNN,size_peak,p0.1|n20,mape,119.58534489383185,10,13
iter02b_ffnn,2,bstar_2023,HP_Peak,FFNN,size_peak,p0.1|n20,r2,-10.635852986027736,10,13
iter02b_ffnn,2,bstar_2023,HP_Peak,FFNN,size_peak,p0.1|n20,n_pred_nan,0.0,10,13
iter02b_ffnn,2,bstar_2023,HP_Peak,FFNN,size_peak,p0.1|n20,mape_n_excluded,0.0,10,13
iter02b_ffnn,2,bstar_2023,HP_Peak,FFNN,size_peak,p0.1|n40,rmse,13.519567039967356,5,13
iter02b_ffnn,2,bstar_2023,HP_Peak,FFNN,size_peak,p0.1|n40,mae,11.673582131060638,5,13
iter02b_ffnn,2,bstar_2023,HP_Peak,FFNN,size_peak,p0.1|n40,mape,41.586657768137,5,13
iter02b_ffnn,2,bstar_2023,HP_Peak,FFNN,size_peak,p0.1|n40,r2,-11.064496128742288,5,13
iter02b_ffnn,2,bstar_2023,HP_Peak,FFNN,size_peak,p0.1|n40,n_pred_nan,0.0,5,13
iter02b_ffnn,2,bstar_2023,HP_Peak,FFNN,size_peak,p0.1|n40,mape_n_excluded,0.0,5,13
iter02b_ffnn,2,bstar_2023,HP_Peak,FFNN,size_peak,p0.1|n80,rmse,29.119268677353,5,15
iter02b_ffnn,2,bstar_2023,HP_Peak,FFNN,size_peak,p0.1|n80,mae,24.447205285303216,5,15
iter02b_ffnn,2,bstar_2023,HP_Peak,FFNN,size_peak,p0.1|n80,mape,50.68519667939899,5,15
iter02b_ffnn,2,bstar_2023,HP_Peak,FFNN,size_peak,p0.1|n80,r2,-41.11877243450186,5,15
iter02b_ffnn,2,bstar_2023,HP_Peak,FFNN,size_peak,p0.1|n80,n_pred_nan,0.0,5,15
iter02b_ffnn,2,bstar_2023,HP_Peak,FFNN,size_peak,p0.1|n80,mape_n_excluded,0.0,5,15
iter02b_ffnn,2,bstar_2023,HP_Peak,FFNN,size_peak,p0.1|n120,rmse,18.801037215274217,5,16
iter02b_ffnn,2,bstar_2023,HP_Peak,FFNN,size_peak,p0.1|n120,mae,16.47586177153682,5,16
iter02b_ffnn,2,bstar_2023,HP_Peak,FFNN,size_peak,p0.1|n120,mape,20.18745551811317,5,16
iter02b_ffnn,2,bstar_2023,HP_Peak,FFNN,size_peak,p0.1|n120,r2,-19.89562853834432,5,16
iter02b_ffnn,2,bstar_2023,HP_Peak,FFNN,size_peak,p0.1|n120,n_pred_nan,0.0,5,16
iter02b_ffnn,2,bstar_2023,HP_Peak,FFNN,size_peak,p0.1|n120,mape_n_excluded,0.0,5,16
iter02b_ffnn,2,bstar_2023,HP_Peak,FFNN,size_peak,p0.2|n10,rmse,7.067037418339954,10,14
iter02b_ffnn,2,bstar_2023,HP_Peak,FFNN,size_peak,p0.2|n10,mae,6.430356958979415,10,14
iter02b_ffnn,2,bstar_2023,HP_Peak,FFNN,size_peak,p0.2|n10,mape,80.62090663388422,10,14
iter02b_ffnn,2,bstar_2023,HP_Peak,FFNN,size_peak,p0.2|n10,r2,-2.637735509658943,10,14
iter02b_ffnn,2,bstar_2023,HP_Peak,FFNN,size_peak,p0.2|n10,n_pred_nan,0.0,10,14
iter02b_ffnn,2,bstar_2023,HP_Peak,FFNN,size_peak,p0.2|n10,mape_n_excluded,0.0,10,14
iter02b_ffnn,2,bstar_2023,HP_Peak,FFNN,size_peak,p0.2|n20,rmse,13.516663984243948,5,14
iter02b_ffnn,2,bstar_2023,HP_Peak,FFNN,size_peak,p0.2|n20,mae,12.014958647815638,5,14
iter02b_ffnn,2,bstar_2023,HP_Peak,FFNN,size_peak,p0.2|n20,mape,38.629892255530415,5,14
iter02b_ffnn,2,bstar_2023,HP_Peak,FFNN,size_peak,p0.2|n20,r2,-12.60823539827492,5,14
iter02b_ffnn,2,bstar_2023,HP_Peak,FFNN,size_peak,p0.2|n20,n_pred_nan,0.0,5,14
iter02b_ffnn,2,bstar_2023,HP_Peak,FFNN,size_peak,p0.2|n20,mape_n_excluded,0.0,5,14
iter02b_ffnn,2,bstar_2023,HP_Peak,FFNN,size_peak,p0.2|n40,rmse,9.78662530655928,5,16
iter02b_ffnn,2,bstar_2023,HP_Peak,FFNN,size_peak,p0.2|n40,mae,9.177800982009655,5,16
iter02b_ffnn,2,bstar_2023,HP_Peak,FFNN,size_peak,p0.2|n40,mape,17.15600074019506,5,16
iter02b_ffnn,2,bstar_2023,HP_Peak,FFNN,size_peak,p0.2|n40,r2,-1.1262786260493511,5,16
iter02b_ffnn,2,bstar_2023,HP_Peak,FFNN,size_peak,p0.2|n40,n_pred_nan,0.0,5,16
iter02b_ffnn,2,bstar_2023,HP_Peak,FFNN,size_peak,p0.2|n40,mape_n_excluded,0.0,5,16
iter02b_ffnn,2,bstar_2023,HP_Peak,FFNN,size_peak,p0.3|n10,rmse,9.117295260529692,10,14
iter02b_ffnn,2,bstar_2023,HP_Peak,FFNN,size_peak,p0.3|n10,mae,7.6677180408132015,10,14
iter02b_ffnn,2,bstar_2023,HP_Peak,FFNN,size_peak,p0.3|n10,mape,50.20786369743008,10,14
iter02b_ffnn,2,bstar_2023,HP_Peak,FFNN,size_peak,p0.3|n10,r2,-1.8267922317920453,10,14
iter02b_ffnn,2,bstar_2023,HP_Peak,FFNN,size_peak,p0.3|n10,n_pred_nan,0.0,10,14
iter02b_ffnn,2,bstar_2023,HP_Peak,FFNN,size_peak,p0.3|n10,mape_n_excluded,0.0,10,14
iter02b_ffnn,2,bstar_2023,HP_Peak,FFNN,size_peak,p0.3|n20,rmse,10.129285803189298,5,15
iter02b_ffnn,2,bstar_2023,HP_Peak,FFNN,size_peak,p0.3|n20,mae,6.98499848939818,5,15
iter02b_ffnn,2,bstar_2023,HP_Peak,FFNN,size_peak,p0.3|n20,mape,18.36917991746873,5,15
iter02b_ffnn,2,bstar_2023,HP_Peak,FFNN,size_peak,p0.3|n20,r2,-0.7833062275659775,5,15
iter02b_ffnn,2,bstar_2023,HP_Peak,FFNN,size_peak,p0.3|n20,n_pred_nan,0.0,5,15
iter02b_ffnn,2,bstar_2023,HP_Peak,FFNN,size_peak,p0.3|n20,mape_n_excluded,0.0,5,15
iter02b_ffnn,2,bstar_2023,HP_Peak,FFNN,size_peak,p0.3|n40,rmse,13.636546574275297,5,16
iter02b_ffnn,2,bstar_2023,HP_Peak,FFNN,size_peak,p0.3|n40,mae,12.125853032236858,5,16
iter02b_ffnn,2,bstar_2023,HP_Peak,FFNN,size_peak,p0.3|n40,mape,15.05134319809657,5,16
iter02b_ffnn,2,bstar_2023,HP_Peak,FFNN,size_peak,p0.3|n40,r2,-12.330660165986629,5,16
iter02b_ffnn,2,bstar_2023,HP_Peak,FFNN,size_peak,p0.3|n40,n_pred_nan,0.0,5,16
iter02b_ffnn,2,bstar_2023,HP_Peak,FFNN,size_peak,p0.3|n40,mape_n_excluded,0.0,5,16
iter02b_ffnn,2,bstar_2023,HP_Peak,FFNN,size_peak,p0.5|n10,rmse,15.649734751706877,5,14
iter02b_ffnn,2,bstar_2023,HP_Peak,FFNN,size_peak,p0.5|n10,mae,15.199604668960369,5,14
iter02b_ffnn,2,bstar_2023,HP_Peak,FFNN,size_peak,p0.5|n10,mape,47.15409069039964,5,14
iter02b_ffnn,2,bstar_2023,HP_Peak,FFNN,size_peak,p0.5|n10,r2,-18.2022570471698,5,14
iter02b_ffnn,2,bstar_2023,HP_Peak,FFNN,size_peak,p0.5|n10,n_pred_nan,0.0,5,14
iter02b_ffnn,2,bstar_2023,HP_Peak,FFNN,size_peak,p0.5|n10,mape_n_excluded,0.0,5,14
iter02b_ffnn,2,bstar_2023,HP_Peak,FFNN,size_peak,p0.5|n20,rmse,17.522796075208333,5,15
iter02b_ffnn,2,bstar_2023,HP_Peak,FFNN,size_peak,p0.5|n20,mae,16.186442174844096,5,15
iter02b_ffnn,2,bstar_2023,HP_Peak,FFNN,size_peak,p0.5|n20,mape,25.24236468825333,5,15
iter02b_ffnn,2,bstar_2023,HP_Peak,FFNN,size_peak,p0.5|n20,r2,-17.708729524818054,5,15
iter02b_ffnn,2,bstar_2023,HP_Peak,FFNN,size_peak,p0.5|n20,n_pred_nan,0.0,5,15
iter02b_ffnn,2,bstar_2023,HP_Peak,FFNN,size_peak,p0.5|n20,mape_n_excluded,0.0,5,15
iter02b_ffnn,2,bstar_2023,HP_Peak,FFNN,size_peak,p1.0|n10,rmse,15.4211382897137,5,16
iter02b_ffnn,2,bstar_2023,HP_Peak,FFNN,size_peak,p1.0|n10,mae,13.655200109963896,5,16
iter02b_ffnn,2,bstar_2023,HP_Peak,FFNN,size_peak,p1.0|n10,mape,19.66709581495865,5,16
iter02b_ffnn,2,bstar_2023,HP_Peak,FFNN,size_peak,p1.0|n10,r2,-10.707575249795257,5,16
iter02b_ffnn,2,bstar_2023,HP_Peak,FFNN,size_peak,p1.0|n10,n_pred_nan,0.0,5,16
iter02b_ffnn,2,bstar_2023,HP_Peak,FFNN,size_peak,p1.0|n10,mape_n_excluded,0.0,5,16
iter02b_ffnn,2,bstar_2023,HP_Peak,anchor_only_Linear,size,all,rmse,24.331901783434127,130,20
iter02b_ffnn,2,bstar_2023,HP_Peak,anchor_only_Linear,size,all,mae,20.53246181492117,130,20
iter02b_ffnn,2,bstar_2023,HP_Peak,anchor_only_Linear,size,all,mape,184.5726759189,130,20
iter02b_ffnn,2,bstar_2023,HP_Peak,anchor_only_Linear,size,all,r2,0.0117858291814592,130,20
iter02b_ffnn,2,bstar_2023,HP_Peak,anchor_only_Linear,size,all,n_pred_nan,0.0,130,20
iter02b_ffnn,2,bstar_2023,HP_Peak,anchor_only_Linear,size,all,mape_n_excluded,0.0,130,20
iter02b_ffnn,2,bstar_2023,HP_Peak,anchor_only_Linear,size,p0.05|n10,rmse,19.095922628394906,10,7
iter02b_ffnn,2,bstar_2023,HP_Peak,anchor_only_Linear,size,p0.05|n10,mae,18.975254108375307,10,7
iter02b_ffnn,2,bstar_2023,HP_Peak,anchor_only_Linear,size,p0.05|n10,mape,493.0235677395357,10,7
iter02b_ffnn,2,bstar_2023,HP_Peak,anchor_only_Linear,size,p0.05|n10,r2,-78.37632829913561,10,7
iter02b_ffnn,2,bstar_2023,HP_Peak,anchor_only_Linear,size,p0.05|n10,n_pred_nan,0.0,10,7
iter02b_ffnn,2,bstar_2023,HP_Peak,anchor_only_Linear,size,p0.05|n10,mape_n_excluded,0.0,10,7
iter02b_ffnn,2,bstar_2023,HP_Peak,anchor_only_Linear,size,p0.05|n20,rmse,24.43603865092675,10,6
iter02b_ffnn,2,bstar_2023,HP_Peak,anchor_only_Linear,size,p0.05|n20,mae,24.385244970893247,10,6
iter02b_ffnn,2,bstar_2023,HP_Peak,anchor_only_Linear,size,p0.05|n20,mape,532.5253177520221,10,6
iter02b_ffnn,2,bstar_2023,HP_Peak,anchor_only_Linear,size,p0.05|n20,r2,-239.7923770997478,10,6
iter02b_ffnn,2,bstar_2023,HP_Peak,anchor_only_Linear,size,p0.05|n20,n_pred_nan,0.0,10,6
iter02b_ffnn,2,bstar_2023,HP_Peak,anchor_only_Linear,size,p0.05|n20,mape_n_excluded,0.0,10,6
iter02b_ffnn,2,bstar_2023,HP_Peak,anchor_only_Linear,size,p0.05|n40,rmse,29.26643341959201,10,12
iter02b_ffnn,2,bstar_2023,HP_Peak,anchor_only_Linear,size,p0.05|n40,mae,28.77850229592904,10,12
iter02b_ffnn,2,bstar_2023,HP_Peak,anchor_only_Linear,size,p0.05|n40,mape,289.0986618937117,10,12
iter02b_ffnn,2,bstar_2023,HP_Peak,anchor_only_Linear,size,p0.05|n40,r2,-29.242434174985195,10,12
iter02b_ffnn,2,bstar_2023,HP_Peak,anchor_only_Linear,size,p0.05|n40,n_pred_nan,0.0,10,12
iter02b_ffnn,2,bstar_2023,HP_Peak,anchor_only_Linear,size,p0.05|n40,mape_n_excluded,0.0,10,12
iter02b_ffnn,2,bstar_2023,HP_Peak,anchor_only_Linear,size,p0.05|n80,rmse,38.733729536435206,5,13
iter02b_ffnn,2,bstar_2023,HP_Peak,anchor_only_Linear,size,p0.05|n80,mae,38.60604734600077,5,13
iter02b_ffnn,2,bstar_2023,HP_Peak,anchor_only_Linear,size,p0.05|n80,mape,153.69804882304442,5,13
iter02b_ffnn,2,bstar_2023,HP_Peak,anchor_only_Linear,size,p0.05|n80,r2,-150.9306486539663,5,13
iter02b_ffnn,2,bstar_2023,HP_Peak,anchor_only_Linear,size,p0.05|n80,n_pred_nan,0.0,5,13
iter02b_ffnn,2,bstar_2023,HP_Peak,anchor_only_Linear,size,p0.05|n80,mape_n_excluded,0.0,5,13
iter02b_ffnn,2,bstar_2023,HP_Peak,anchor_only_Linear,size,p0.05|n120,rmse,50.04974708166226,5,15
iter02b_ffnn,2,bstar_2023,HP_Peak,anchor_only_Linear,size,p0.05|n120,mae,49.76619559607225,5,15
iter02b_ffnn,2,bstar_2023,HP_Peak,anchor_only_Linear,size,p0.05|n120,mape,136.5323128971859,5,15
iter02b_ffnn,2,bstar_2023,HP_Peak,anchor_only_Linear,size,p0.05|n120,r2,-87.50584130873786,5,15
iter02b_ffnn,2,bstar_2023,HP_Peak,anchor_only_Linear,size,p0.05|n120,n_pred_nan,0.0,5,15
iter02b_ffnn,2,bstar_2023,HP_Peak,anchor_only_Linear,size,p0.05|n120,mape_n_excluded,0.0,5,15
iter02b_ffnn,2,bstar_2023,HP_Peak,anchor_only_Linear,size,p0.1|n10,rmse,17.25022417662539,10,9
iter02b_ffnn,2,bstar_2023,HP_Peak,anchor_only_Linear,size,p0.1|n10,mae,16.987141308375264,10,9
iter02b_ffnn,2,bstar_2023,HP_Peak,anchor_only_Linear,size,p0.1|n10,mape,347.04052086228705,10,9
iter02b_ffnn,2,bstar_2023,HP_Peak,anchor_only_Linear,size,p0.1|n10,r2,-32.03669391719038,10,9
iter02b_ffnn,2,bstar_2023,HP_Peak,anchor_only_Linear,size,p0.1|n10,n_pred_nan,0.0,10,9
iter02b_ffnn,2,bstar_2023,HP_Peak,anchor_only_Linear,size,p0.1|n10,mape_n_excluded,0.0,10,9
iter02b_ffnn,2,bstar_2023,HP_Peak,anchor_only_Linear,size,p0.1|n20,rmse,18.408574989551653,10,13
iter02b_ffnn,2,bstar_2023,HP_Peak,anchor_only_Linear,size,p0.1|n20,mae,17.926344970893197,10,13
iter02b_ffnn,2,bstar_2023,HP_Peak,anchor_only_Linear,size,p0.1|n20,mape,185.14997981476827,10,13
iter02b_ffnn,2,bstar_2023,HP_Peak,anchor_only_Linear,size,p0.1|n20,r2,-18.340241491462727,10,13
iter02b_ffnn,2,bstar_2023,HP_Peak,anchor_only_Linear,size,p0.1|n20,n_pred_nan,0.0,10,13
iter02b_ffnn,2,bstar_2023,HP_Peak,anchor_only_Linear,size,p0.1|n20,mape_n_excluded,0.0,10,13
iter02b_ffnn,2,bstar_2023,HP_Peak,anchor_only_Linear,size,p0.1|n40,rmse,14.415345079149969,5,13
iter02b_ffnn,2,bstar_2023,HP_Peak,anchor_only_Linear,size,p0.1|n40,mae,13.879915095928949,5,13
iter02b_ffnn,2,bstar_2023,HP_Peak,anchor_only_Linear,size,p0.1|n40,mape,54.35868649462054,5,13
iter02b_ffnn,2,bstar_2023,HP_Peak,anchor_only_Linear,size,p0.1|n40,r2,-12.71619678598826,5,13
iter02b_ffnn,2,bstar_2023,HP_Peak,anchor_only_Linear,size,p0.1|n40,n_pred_nan,0.0,5,13
iter02b_ffnn,2,bstar_2023,HP_Peak,anchor_only_Linear,size,p0.1|n40,mape_n_excluded,0.0,5,13
iter02b_ffnn,2,bstar_2023,HP_Peak,anchor_only_Linear,size,p0.1|n80,rmse,16.195029704771365,5,15
iter02b_ffnn,2,bstar_2023,HP_Peak,anchor_only_Linear,size,p0.1|n80,mae,15.561075346000433,5,15
iter02b_ffnn,2,bstar_2023,HP_Peak,anchor_only_Linear,size,p0.1|n80,mape,33.018532172929284,5,15
iter02b_ffnn,2,bstar_2023,HP_Peak,anchor_only_Linear,size,p0.1|n80,r2,-12.028015773735657,5,15
iter02b_ffnn,2,bstar_2023,HP_Peak,anchor_only_Linear,size,p0.1|n80,n_pred_nan,0.0,5,15
iter02b_ffnn,2,bstar_2023,HP_Peak,anchor_only_Linear,size,p0.1|n80,mape_n_excluded,0.0,5,15
iter02b_ffnn,2,bstar_2023,HP_Peak,anchor_only_Linear,size,p0.1|n120,rmse,6.784189454762628,5,16
iter02b_ffnn,2,bstar_2023,HP_Peak,anchor_only_Linear,size,p0.1|n120,mae,5.395258796071971,5,16
iter02b_ffnn,2,bstar_2023,HP_Peak,anchor_only_Linear,size,p0.1|n120,mape,6.859840956245542,5,16
iter02b_ffnn,2,bstar_2023,HP_Peak,anchor_only_Linear,size,p0.1|n120,r2,-1.7207444757522756,5,16
iter02b_ffnn,2,bstar_2023,HP_Peak,anchor_only_Linear,size,p0.1|n120,n_pred_nan,0.0,5,16
iter02b_ffnn,2,bstar_2023,HP_Peak,anchor_only_Linear,size,p0.1|n120,mape_n_excluded,0.0,5,16
iter02b_ffnn,2,bstar_2023,HP_Peak,anchor_only_Linear,size,p0.2|n10,rmse,14.66413757762946,10,14
iter02b_ffnn,2,bstar_2023,HP_Peak,anchor_only_Linear,size,p0.2|n10,mae,14.18829730837528,10,14
iter02b_ffnn,2,bstar_2023,HP_Peak,anchor_only_Linear,size,p0.2|n10,mape,182.1405118581444,10,14
iter02b_ffnn,2,bstar_2023,HP_Peak,anchor_only_Linear,size,p0.2|n10,r2,-14.662799581086606,10,14
iter02b_ffnn,2,bstar_2023,HP_Peak,anchor_only_Linear,size,p0.2|n10,n_pred_nan,0.0,10,14
iter02b_ffnn,2,bstar_2023,HP_Peak,anchor_only_Linear,size,p0.2|n10,mape_n_excluded,0.0,10,14
iter02b_ffnn,2,bstar_2023,HP_Peak,anchor_only_Linear,size,p0.2|n20,rmse,3.6817049692433264,5,14
iter02b_ffnn,2,bstar_2023,HP_Peak,anchor_only_Linear,size,p0.2|n20,mae,3.29988811417862,5,14
iter02b_ffnn,2,bstar_2023,HP_Peak,anchor_only_Linear,size,p0.2|n20,mape,10.969369422500671,5,14
iter02b_ffnn,2,bstar_2023,HP_Peak,anchor_only_Linear,size,p0.2|n20,r2,-0.0096265096913514,5,14
iter02b_ffnn,2,bstar_2023,HP_Peak,anchor_only_Linear,size,p0.2|n20,n_pred_nan,0.0,5,14
iter02b_ffnn,2,bstar_2023,HP_Peak,anchor_only_Linear,size,p0.2|n20,mape_n_excluded,0.0,5,14
iter02b_ffnn,2,bstar_2023,HP_Peak,anchor_only_Linear,size,p0.2|n40,rmse,14.7450507844707,5,16
iter02b_ffnn,2,bstar_2023,HP_Peak,anchor_only_Linear,size,p0.2|n40,mae,13.12903690407116,5,16
iter02b_ffnn,2,bstar_2023,HP_Peak,anchor_only_Linear,size,p0.2|n40,mape,23.117949722403665,5,16
iter02b_ffnn,2,bstar_2023,HP_Peak,anchor_only_Linear,size,p0.2|n40,r2,-3.8266609933936433,5,16
iter02b_ffnn,2,bstar_2023,HP_Peak,anchor_only_Linear,size,p0.2|n40,n_pred_nan,0.0,5,16
iter02b_ffnn,2,bstar_2023,HP_Peak,anchor_only_Linear,size,p0.2|n40,mape_n_excluded,0.0,5,16
iter02b_ffnn,2,bstar_2023,HP_Peak,anchor_only_Linear,size,p0.3|n10,rmse,8.416050996641706,10,14
iter02b_ffnn,2,bstar_2023,HP_Peak,anchor_only_Linear,size,p0.3|n10,mae,6.754731745025216,10,14
iter02b_ffnn,2,bstar_2023,HP_Peak,anchor_only_Linear,size,p0.3|n10,mape,53.40040606236441,10,14
iter02b_ffnn,2,bstar_2023,HP_Peak,anchor_only_Linear,size,p0.3|n10,r2,-1.408677007250963,10,14
iter02b_ffnn,2,bstar_2023,HP_Peak,anchor_only_Linear,size,p0.3|n10,n_pred_nan,0.0,10,14
iter02b_ffnn,2,bstar_2023,HP_Peak,anchor_only_Linear,size,p0.3|n10,mape_n_excluded,0.0,10,14
iter02b_ffnn,2,bstar_2023,HP_Peak,anchor_only_Linear,size,p0.3|n20,rmse,11.903114528311944,5,15
iter02b_ffnn,2,bstar_2023,HP_Peak,anchor_only_Linear,size,p0.3|n20,mae,9.549298057464204,5,15
iter02b_ffnn,2,bstar_2023,HP_Peak,anchor_only_Linear,size,p0.3|n20,mape,22.0179540657915,5,15
iter02b_ffnn,2,bstar_2023,HP_Peak,anchor_only_Linear,size,p0.3|n20,r2,-1.4625751940240348,5,15
iter02b_ffnn,2,bstar_2023,HP_Peak,anchor_only_Linear,size,p0.3|n20,n_pred_nan,0.0,5,15
iter02b_ffnn,2,bstar_2023,HP_Peak,anchor_only_Linear,size,p0.3|n20,mape_n_excluded,0.0,5,15
iter02b_ffnn,2,bstar_2023,HP_Peak,anchor_only_Linear,size,p0.3|n40,rmse,40.541190378773535,5,16
iter02b_ffnn,2,bstar_2023,HP_Peak,anchor_only_Linear,size,p0.3|n40,mae,40.36878330407156,5,16
iter02b_ffnn,2,bstar_2023,HP_Peak,anchor_only_Linear,size,p0.3|n40,mape,49.42970899986444,5,16
iter02b_ffnn,2,bstar_2023,HP_Peak,anchor_only_Linear,size,p0.3|n40,r2,-116.8245662865707,5,16
iter02b_ffnn,2,bstar_2023,HP_Peak,anchor_only_Linear,size,p0.3|n40,n_pred_nan,0.0,5,16
iter02b_ffnn,2,bstar_2023,HP_Peak,anchor_only_Linear,size,p0.3|n40,mape_n_excluded,0.0,5,16
iter02b_ffnn,2,bstar_2023,HP_Peak,anchor_only_Linear,size,p0.5|n10,rmse,8.88922632651397,5,14
iter02b_ffnn,2,bstar_2023,HP_Peak,anchor_only_Linear,size,p0.5|n10,mae,8.140263891624883,5,14
iter02b_ffnn,2,bstar_2023,HP_Peak,anchor_only_Linear,size,p0.5|n10,mape,24.64053654306872,5,14
iter02b_ffnn,2,bstar_2023,HP_Peak,anchor_only_Linear,size,p0.5|n10,r2,-5.195355678442288,5,14
iter02b_ffnn,2,bstar_2023,HP_Peak,anchor_only_Linear,size,p0.5|n10,n_pred_nan,0.0,5,14
iter02b_ffnn,2,bstar_2023,HP_Peak,anchor_only_Linear,size,p0.5|n10,mape_n_excluded,0.0,5,14
iter02b_ffnn,2,bstar_2023,HP_Peak,anchor_only_Linear,size,p0.5|n20,rmse,35.52008282803507,5,15
iter02b_ffnn,2,bstar_2023,HP_Peak,anchor_only_Linear,size,p0.5|n20,mae,35.28830182910725,5,15
iter02b_ffnn,2,bstar_2023,HP_Peak,anchor_only_Linear,size,p0.5|n20,mape,54.25393043103716,5,15
iter02b_ffnn,2,bstar_2023,HP_Peak,anchor_only_Linear,size,p0.5|n20,r2,-75.875051973894,5,15
iter02b_ffnn,2,bstar_2023,HP_Peak,anchor_only_Linear,size,p0.5|n20,n_pred_nan,0.0,5,15
iter02b_ffnn,2,bstar_2023,HP_Peak,anchor_only_Linear,size,p0.5|n20,mape_n_excluded,0.0,5,15
iter02b_ffnn,2,bstar_2023,HP_Peak,anchor_only_Linear,size,p1.0|n10,rmse,45.09469655261291,5,16
iter02b_ffnn,2,bstar_2023,HP_Peak,anchor_only_Linear,size,p1.0|n10,mae,44.86890949162525,5,16
iter02b_ffnn,2,bstar_2023,HP_Peak,anchor_only_Linear,size,p1.0|n10,mape,65.23477139703974,5,16
iter02b_ffnn,2,bstar_2023,HP_Peak,anchor_only_Linear,size,p1.0|n10,r2,-99.11174515719442,5,16
iter02b_ffnn,2,bstar_2023,HP_Peak,anchor_only_Linear,size,p1.0|n10,n_pred_nan,0.0,5,16
iter02b_ffnn,2,bstar_2023,HP_Peak,anchor_only_Linear,size,p1.0|n10,mape_n_excluded,0.0,5,16
iter02b_ffnn,2,bstar_2023,HP_Peak,anchor_only_Linear,peak,all,rmse,17.054873786899666,130,20
iter02b_ffnn,2,bstar_2023,HP_Peak,anchor_only_Linear,peak,all,mae,12.402384683165224,130,20
iter02b_ffnn,2,bstar_2023,HP_Peak,anchor_only_Linear,peak,all,mape,65.4214144243479,130,20
iter02b_ffnn,2,bstar_2023,HP_Peak,anchor_only_Linear,peak,all,r2,0.5144924505543669,130,20
iter02b_ffnn,2,bstar_2023,HP_Peak,anchor_only_Linear,peak,all,n_pred_nan,0.0,130,20
iter02b_ffnn,2,bstar_2023,HP_Peak,anchor_only_Linear,peak,all,mape_n_excluded,0.0,130,20
iter02b_ffnn,2,bstar_2023,HP_Peak,anchor_only_Linear,peak,p0.05|n10,rmse,3.251905282757752,10,7
iter02b_ffnn,2,bstar_2023,HP_Peak,anchor_only_Linear,peak,p0.05|n10,mae,2.4682445662074075,10,7
iter02b_ffnn,2,bstar_2023,HP_Peak,anchor_only_Linear,peak,p0.05|n10,mape,50.940422862613374,10,7
iter02b_ffnn,2,bstar_2023,HP_Peak,anchor_only_Linear,peak,p0.05|n10,r2,-1.3018948872463962,10,7
iter02b_ffnn,2,bstar_2023,HP_Peak,anchor_only_Linear,peak,p0.05|n10,n_pred_nan,0.0,10,7
iter02b_ffnn,2,bstar_2023,HP_Peak,anchor_only_Linear,peak,p0.05|n10,mape_n_excluded,0.0,10,7
iter02b_ffnn,2,bstar_2023,HP_Peak,anchor_only_Linear,peak,p0.05|n20,rmse,8.572823534396456,10,6
iter02b_ffnn,2,bstar_2023,HP_Peak,anchor_only_Linear,peak,p0.05|n20,mae,8.022309435651923,10,6
iter02b_ffnn,2,bstar_2023,HP_Peak,anchor_only_Linear,peak,p0.05|n20,mape,182.47903952471708,10,6
iter02b_ffnn,2,bstar_2023,HP_Peak,anchor_only_Linear,peak,p0.05|n20,r2,-28.63663528446696,10,6
iter02b_ffnn,2,bstar_2023,HP_Peak,anchor_only_Linear,peak,p0.05|n20,n_pred_nan,0.0,10,6
iter02b_ffnn,2,bstar_2023,HP_Peak,anchor_only_Linear,peak,p0.05|n20,mape_n_excluded,0.0,10,6
iter02b_ffnn,2,bstar_2023,HP_Peak,anchor_only_Linear,peak,p0.05|n40,rmse,16.975531484430448,10,12
iter02b_ffnn,2,bstar_2023,HP_Peak,anchor_only_Linear,peak,p0.05|n40,mae,15.66353950730488,10,12
iter02b_ffnn,2,bstar_2023,HP_Peak,anchor_only_Linear,peak,p0.05|n40,mape,161.07760435544049,10,12
iter02b_ffnn,2,bstar_2023,HP_Peak,anchor_only_Linear,peak,p0.05|n40,r2,-9.174753697548748,10,12
iter02b_ffnn,2,bstar_2023,HP_Peak,anchor_only_Linear,peak,p0.05|n40,n_pred_nan,0.0,10,12
iter02b_ffnn,2,bstar_2023,HP_Peak,anchor_only_Linear,peak,p0.05|n40,mape_n_excluded,0.0,10,12
iter02b_ffnn,2,bstar_2023,HP_Peak,anchor_only_Linear,peak,p0.05|n80,rmse,27.877824603999443,5,13
iter02b_ffnn,2,bstar_2023,HP_Peak,anchor_only_Linear,peak,p0.05|n80,mae,27.451298834415788,5,13
iter02b_ffnn,2,bstar_2023,HP_Peak,anchor_only_Linear,peak,p0.05|n80,mape,109.76983516351892,5,13
iter02b_ffnn,2,bstar_2023,HP_Peak,anchor_only_Linear,peak,p0.05|n80,r2,-77.70177427427996,5,13
iter02b_ffnn,2,bstar_2023,HP_Peak,anchor_only_Linear,peak,p0.05|n80,n_pred_nan,0.0,5,13
iter02b_ffnn,2,bstar_2023,HP_Peak,anchor_only_Linear,peak,p0.05|n80,mape_n_excluded,0.0,5,13
iter02b_ffnn,2,bstar_2023,HP_Peak,anchor_only_Linear,peak,p0.05|n120,rmse,50.69981382255085,5,15
iter02b_ffnn,2,bstar_2023,HP_Peak,anchor_only_Linear,peak,p0.05|n120,mae,50.170385941067664,5,15
iter02b_ffnn,2,bstar_2023,HP_Peak,anchor_only_Linear,peak,p0.05|n120,mape,134.5372862679542,5,15
iter02b_ffnn,2,bstar_2023,HP_Peak,anchor_only_Linear,peak,p0.05|n120,r2,-89.81987282367915,5,15
iter02b_ffnn,2,bstar_2023,HP_Peak,anchor_only_Linear,peak,p0.05|n120,n_pred_nan,0.0,5,15
iter02b_ffnn,2,bstar_2023,HP_Peak,anchor_only_Linear,peak,p0.05|n120,mape_n_excluded,0.0,5,15
iter02b_ffnn,2,bstar_2023,HP_Peak,anchor_only_Linear,peak,p0.1|n10,rmse,3.538605446383903,10,9
iter02b_ffnn,2,bstar_2023,HP_Peak,anchor_only_Linear,peak,p0.1|n10,mae,2.976317608475018,10,9
iter02b_ffnn,2,bstar_2023,HP_Peak,anchor_only_Linear,peak,p0.1|n10,mape,51.84439370516063,10,9
iter02b_ffnn,2,bstar_2023,HP_Peak,anchor_only_Linear,peak,p0.1|n10,r2,-0.3901810882729832,10,9
iter02b_ffnn,2,bstar_2023,HP_Peak,anchor_only_Linear,peak,p0.1|n10,n_pred_nan,0.0,10,9
iter02b_ffnn,2,bstar_2023,HP_Peak,anchor_only_Linear,peak,p0.1|n10,mape_n_excluded,0.0,10,9
iter02b_ffnn,2,bstar_2023,HP_Peak,anchor_only_Linear,peak,p0.1|n20,rmse,5.599086933163485,10,13
iter02b_ffnn,2,bstar_2023,HP_Peak,anchor_only_Linear,peak,p0.1|n20,mae,4.578144589959783,10,13
iter02b_ffnn,2,bstar_2023,HP_Peak,anchor_only_Linear,peak,p0.1|n20,mape,41.78451205683521,10,13
iter02b_ffnn,2,bstar_2023,HP_Peak,anchor_only_Linear,peak,p0.1|n20,r2,-0.7891879791310685,10,13
iter02b_ffnn,2,bstar_2023,HP_Peak,anchor_only_Linear,peak,p0.1|n20,n_pred_nan,0.0,10,13
iter02b_ffnn,2,bstar_2023,HP_Peak,anchor_only_Linear,peak,p0.1|n20,mape_n_excluded,0.0,10,13
iter02b_ffnn,2,bstar_2023,HP_Peak,anchor_only_Linear,peak,p0.1|n40,rmse,7.774842371255094,5,13
iter02b_ffnn,2,bstar_2023,HP_Peak,anchor_only_Linear,peak,p0.1|n40,mae,4.577897614524354,5,13
iter02b_ffnn,2,bstar_2023,HP_Peak,anchor_only_Linear,peak,p0.1|n40,mape,20.27369643072092,5,13
iter02b_ffnn,2,bstar_2023,HP_Peak,anchor_only_Linear,peak,p0.1|n40,r2,-2.989944058671582,5,13
iter02b_ffnn,2,bstar_2023,HP_Peak,anchor_only_Linear,peak,p0.1|n40,n_pred_nan,0.0,5,13
iter02b_ffnn,2,bstar_2023,HP_Peak,anchor_only_Linear,peak,p0.1|n40,mape_n_excluded,0.0,5,13
iter02b_ffnn,2,bstar_2023,HP_Peak,anchor_only_Linear,peak,p0.1|n80,rmse,19.531196692457147,5,15
iter02b_ffnn,2,bstar_2023,HP_Peak,anchor_only_Linear,peak,p0.1|n80,mae,19.03174132710256,5,15
iter02b_ffnn,2,bstar_2023,HP_Peak,anchor_only_Linear,peak,p0.1|n80,mape,39.889499245084494,5,15
iter02b_ffnn,2,bstar_2023,HP_Peak,anchor_only_Linear,peak,p0.1|n80,r2,-17.94839743184747,5,15
iter02b_ffnn,2,bstar_2023,HP_Peak,anchor_only_Linear,peak,p0.1|n80,n_pred_nan,0.0,5,15
iter02b_ffnn,2,bstar_2023,HP_Peak,anchor_only_Linear,peak,p0.1|n80,mape_n_excluded,0.0,5,15
iter02b_ffnn,2,bstar_2023,HP_Peak,anchor_only_Linear,peak,p0.1|n120,rmse,24.74172423092842,5,16
iter02b_ffnn,2,bstar_2023,HP_Peak,anchor_only_Linear,peak,p0.1|n120,mae,23.083304896749265,5,16
iter02b_ffnn,2,bstar_2023,HP_Peak,anchor_only_Linear,peak,p0.1|n120,mape,28.38748508257786,5,16
iter02b_ffnn,2,bstar_2023,HP_Peak,anchor_only_Linear,peak,p0.1|n120,r2,-35.18693039222065,5,16
iter02b_ffnn,2,bstar_2023,HP_Peak,anchor_only_Linear,peak,p0.1|n120,n_pred_nan,0.0,5,16
iter02b_ffnn,2,bstar_2023,HP_Peak,anchor_only_Linear,peak,p0.1|n120,mape_n_excluded,0.0,5,16
iter02b_ffnn,2,bstar_2023,HP_Peak,anchor_only_Linear,peak,p0.2|n10,rmse,4.966058081403907,10,14
iter02b_ffnn,2,bstar_2023,HP_Peak,anchor_only_Linear,peak,p0.2|n10,mae,4.459606732856476,10,14
iter02b_ffnn,2,bstar_2023,HP_Peak,anchor_only_Linear,peak,p0.2|n10,mape,51.09747429254175,10,14
iter02b_ffnn,2,bstar_2023,HP_Peak,anchor_only_Linear,peak,p0.2|n10,r2,-0.796304372569886,10,14
iter02b_ffnn,2,bstar_2023,HP_Peak,anchor_only_Linear,peak,p0.2|n10,n_pred_nan,0.0,10,14
iter02b_ffnn,2,bstar_2023,HP_Peak,anchor_only_Linear,peak,p0.2|n10,mape_n_excluded,0.0,10,14
iter02b_ffnn,2,bstar_2023,HP_Peak,anchor_only_Linear,peak,p0.2|n20,rmse,8.370714141752158,5,14
iter02b_ffnn,2,bstar_2023,HP_Peak,anchor_only_Linear,peak,p0.2|n20,mae,7.245239964349497,5,14
iter02b_ffnn,2,bstar_2023,HP_Peak,anchor_only_Linear,peak,p0.2|n20,mape,24.78843709409754,5,14
iter02b_ffnn,2,bstar_2023,HP_Peak,anchor_only_Linear,peak,p0.2|n20,r2,-4.219006047973831,5,14
iter02b_ffnn,2,bstar_2023,HP_Peak,anchor_only_Linear,peak,p0.2|n20,n_pred_nan,0.0,5,14
iter02b_ffnn,2,bstar_2023,HP_Peak,anchor_only_Linear,peak,p0.2|n20,mape_n_excluded,0.0,5,14
iter02b_ffnn,2,bstar_2023,HP_Peak,anchor_only_Linear,peak,p0.2|n40,rmse,9.597830827148233,5,16
iter02b_ffnn,2,bstar_2023,HP_Peak,anchor_only_Linear,peak,p0.2|n40,mae,7.829391989851345,5,16
iter02b_ffnn,2,bstar_2023,HP_Peak,anchor_only_Linear,peak,p0.2|n40,mape,13.811202203061011,5,16
iter02b_ffnn,2,bstar_2023,HP_Peak,anchor_only_Linear,peak,p0.2|n40,r2,-1.045033528822393,5,16
iter02b_ffnn,2,bstar_2023,HP_Peak,anchor_only_Linear,peak,p0.2|n40,n_pred_nan,0.0,5,16
iter02b_ffnn,2,bstar_2023,HP_Peak,anchor_only_Linear,peak,p0.2|n40,mape_n_excluded,0.0,5,16
iter02b_ffnn,2,bstar_2023,HP_Peak,anchor_only_Linear,peak,p0.3|n10,rmse,8.636776030338822,10,14
iter02b_ffnn,2,bstar_2023,HP_Peak,anchor_only_Linear,peak,p0.3|n10,mae,7.536310154898691,10,14
iter02b_ffnn,2,bstar_2023,HP_Peak,anchor_only_Linear,peak,p0.3|n10,mape,41.26911452629467,10,14
iter02b_ffnn,2,bstar_2023,HP_Peak,anchor_only_Linear,peak,p0.3|n10,r2,-1.5366769657465764,10,14
iter02b_ffnn,2,bstar_2023,HP_Peak,anchor_only_Linear,peak,p0.3|n10,n_pred_nan,0.0,10,14
iter02b_ffnn,2,bstar_2023,HP_Peak,anchor_only_Linear,peak,p0.3|n10,mape_n_excluded,0.0,10,14
iter02b_ffnn,2,bstar_2023,HP_Peak,anchor_only_Linear,peak,p0.3|n20,rmse,10.486602173018287,5,15
iter02b_ffnn,2,bstar_2023,HP_Peak,anchor_only_Linear,peak,p0.3|n20,mae,10.240236059644689,5,15
iter02b_ffnn,2,bstar_2023,HP_Peak,anchor_only_Linear,peak,p0.3|n20,mape,26.960317227276335,5,15
iter02b_ffnn,2,bstar_2023,HP_Peak,anchor_only_Linear,peak,p0.3|n20,r2,-0.911339614612497,5,15
iter02b_ffnn,2,bstar_2023,HP_Peak,anchor_only_Linear,peak,p0.3|n20,n_pred_nan,0.0,5,15
iter02b_ffnn,2,bstar_2023,HP_Peak,anchor_only_Linear,peak,p0.3|n20,mape_n_excluded,0.0,5,15
iter02b_ffnn,2,bstar_2023,HP_Peak,anchor_only_Linear,peak,p0.3|n40,rmse,16.452283976250396,5,16
iter02b_ffnn,2,bstar_2023,HP_Peak,anchor_only_Linear,peak,p0.3|n40,mae,15.78873660875228,5,16
iter02b_ffnn,2,bstar_2023,HP_Peak,anchor_only_Linear,peak,p0.3|n40,mape,19.34185425549165,5,16
iter02b_ffnn,2,bstar_2023,HP_Peak,anchor_only_Linear,peak,p0.3|n40,r2,-18.40417805834683,5,16
iter02b_ffnn,2,bstar_2023,HP_Peak,anchor_only_Linear,peak,p0.3|n40,n_pred_nan,0.0,5,16
iter02b_ffnn,2,bstar_2023,HP_Peak,anchor_only_Linear,peak,p0.3|n40,mape_n_excluded,0.0,5,16
iter02b_ffnn,2,bstar_2023,HP_Peak,anchor_only_Linear,peak,p0.5|n10,rmse,15.084625982365436,5,14
iter02b_ffnn,2,bstar_2023,HP_Peak,anchor_only_Linear,peak,p0.5|n10,mae,14.658166815393788,5,14
iter02b_ffnn,2,bstar_2023,HP_Peak,anchor_only_Linear,peak,p0.5|n10,mape,46.04846448852486,5,14
iter02b_ffnn,2,bstar_2023,HP_Peak,anchor_only_Linear,peak,p0.5|n10,r2,-16.840515939573404,5,14
iter02b_ffnn,2,bstar_2023,HP_Peak,anchor_only_Linear,peak,p0.5|n10,n_pred_nan,0.0,5,14
iter02b_ffnn,2,bstar_2023,HP_Peak,anchor_only_Linear,peak,p0.5|n10,mape_n_excluded,0.0,5,14
iter02b_ffnn,2,bstar_2023,HP_Peak,anchor_only_Linear,peak,p0.5|n20,rmse,22.24100096998355,5,15
iter02b_ffnn,2,bstar_2023,HP_Peak,anchor_only_Linear,peak,p0.5|n20,mae,21.869453025560745,5,15
iter02b_ffnn,2,bstar_2023,HP_Peak,anchor_only_Linear,peak,p0.5|n20,mape,33.808854207460854,5,15
iter02b_ffnn,2,bstar_2023,HP_Peak,anchor_only_Linear,peak,p0.5|n20,r2,-29.140200764820836,5,15
iter02b_ffnn,2,bstar_2023,HP_Peak,anchor_only_Linear,peak,p0.5|n20,n_pred_nan,0.0,5,15
iter02b_ffnn,2,bstar_2023,HP_Peak,anchor_only_Linear,peak,p0.5|n20,mape_n_excluded,0.0,5,15
iter02b_ffnn,2,bstar_2023,HP_Peak,anchor_only_Linear,peak,p1.0|n10,rmse,29.412650533907385,5,16
iter02b_ffnn,2,bstar_2023,HP_Peak,anchor_only_Linear,peak,p1.0|n10,mae,29.1072034941755,5,16
iter02b_ffnn,2,bstar_2023,HP_Peak,anchor_only_Linear,peak,p1.0|n10,mape,42.35472072007027,5,16
iter02b_ffnn,2,bstar_2023,HP_Peak,anchor_only_Linear,peak,p1.0|n10,r2,-41.58948810620234,5,16
iter02b_ffnn,2,bstar_2023,HP_Peak,anchor_only_Linear,peak,p1.0|n10,n_pred_nan,0.0,5,16
iter02b_ffnn,2,bstar_2023,HP_Peak,anchor_only_Linear,peak,p1.0|n10,mape_n_excluded,0.0,5,16
iter02b_ffnn,2,bstar_2023,HP_Peak,anchor_only_Linear,size+peak,all,rmse,8.576261955121637,130,20
iter02b_ffnn,2,bstar_2023,HP_Peak,anchor_only_Linear,size+peak,all,mae,6.871226229876039,130,20
iter02b_ffnn,2,bstar_2023,HP_Peak,anchor_only_Linear,size+peak,all,mape,50.815880927332,130,20
iter02b_ffnn,2,bstar_2023,HP_Peak,anchor_only_Linear,size+peak,all,r2,0.8772292120243373,130,20
iter02b_ffnn,2,bstar_2023,HP_Peak,anchor_only_Linear,size+peak,all,n_pred_nan,0.0,130,20
iter02b_ffnn,2,bstar_2023,HP_Peak,anchor_only_Linear,size+peak,all,mape_n_excluded,0.0,130,20
iter02b_ffnn,2,bstar_2023,HP_Peak,anchor_only_Linear,size+peak,p0.05|n10,rmse,4.171526483440579,10,7
iter02b_ffnn,2,bstar_2023,HP_Peak,anchor_only_Linear,size+peak,p0.05|n10,mae,3.337770011021189,10,7
iter02b_ffnn,2,bstar_2023,HP_Peak,anchor_only_Linear,size+peak,p0.05|n10,mape,80.15457011462503,10,7
iter02b_ffnn,2,bstar_2023,HP_Peak,anchor_only_Linear,size+peak,p0.05|n10,r2,-2.787910625496464,10,7
iter02b_ffnn,2,bstar_2023,HP_Peak,anchor_only_Linear,size+peak,p0.05|n10,n_pred_nan,0.0,10,7
iter02b_ffnn,2,bstar_2023,HP_Peak,anchor_only_Linear,size+peak,p0.05|n10,mape_n_excluded,0.0,10,7
iter02b_ffnn,2,bstar_2023,HP_Peak,anchor_only_Linear,size+peak,p0.05|n20,rmse,7.063936662481725,10,6
iter02b_ffnn,2,bstar_2023,HP_Peak,anchor_only_Linear,size+peak,p0.05|n20,mae,6.106075310722357,10,6
iter02b_ffnn,2,bstar_2023,HP_Peak,anchor_only_Linear,size+peak,p0.05|n20,mape,137.95914653944067,10,6
iter02b_ffnn,2,bstar_2023,HP_Peak,anchor_only_Linear,size+peak,p0.05|n20,r2,-19.12216567578342,10,6
iter02b_ffnn,2,bstar_2023,HP_Peak,anchor_only_Linear,size+peak,p0.05|n20,n_pred_nan,0.0,10,6
iter02b_ffnn,2,bstar_2023,HP_Peak,anchor_only_Linear,size+peak,p0.05|n20,mape_n_excluded,0.0,10,6
iter02b_ffnn,2,bstar_2023,HP_Peak,anchor_only_Linear,size+peak,p0.05|n40,rmse,10.330795024978023,10,12
iter02b_ffnn,2,bstar_2023,HP_Peak,anchor_only_Linear,size+peak,p0.05|n40,mae,9.081347332328388,10,12
iter02b_ffnn,2,bstar_2023,HP_Peak,anchor_only_Linear,size+peak,p0.05|n40,mape,92.19350206346992,10,12
iter02b_ffnn,2,bstar_2023,HP_Peak,anchor_only_Linear,size+peak,p0.05|n40,r2,-2.768292739420091,10,12
iter02b_ffnn,2,bstar_2023,HP_Peak,anchor_only_Linear,size+peak,p0.05|n40,n_pred_nan,0.0,10,12
iter02b_ffnn,2,bstar_2023,HP_Peak,anchor_only_Linear,size+peak,p0.05|n40,mape_n_excluded,0.0,10,12
iter02b_ffnn,2,bstar_2023,HP_Peak,anchor_only_Linear,size+peak,p0.05|n80,rmse,6.666232800064353,5,13
iter02b_ffnn,2,bstar_2023,HP_Peak,anchor_only_Linear,size+peak,p0.05|n80,mae,6.120912961724228,5,13
iter02b_ffnn,2,bstar_2023,HP_Peak,anchor_only_Linear,size+peak,p0.05|n80,mape,23.651010881048386,5,13
iter02b_ffnn,2,bstar_2023,HP_Peak,anchor_only_Linear,size+peak,p0.05|n80,r2,-3.500157490452821,5,13
iter02b_ffnn,2,bstar_2023,HP_Peak,anchor_only_Linear,size+peak,p0.05|n80,n_pred_nan,0.0,5,13
iter02b_ffnn,2,bstar_2023,HP_Peak,anchor_only_Linear,size+peak,p0.05|n80,mape_n_excluded,0.0,5,13
iter02b_ffnn,2,bstar_2023,HP_Peak,anchor_only_Linear,size+peak,p0.05|n120,rmse,18.11622212266088,5,15
iter02b_ffnn,2,bstar_2023,HP_Peak,anchor_only_Linear,size+peak,p0.05|n120,mae,15.566685429494004,5,15
iter02b_ffnn,2,bstar_2023,HP_Peak,anchor_only_Linear,size+peak,p0.05|n120,mape,39.45801920527308,5,15
iter02b_ffnn,2,bstar_2023,HP_Peak,anchor_only_Linear,size+peak,p0.05|n120,r2,-10.59587257104733,5,15
iter02b_ffnn,2,bstar_2023,HP_Peak,anchor_only_Linear,size+peak,p0.05|n120,n_pred_nan,0.0,5,15
iter02b_ffnn,2,bstar_2023,HP_Peak,anchor_only_Linear,size+peak,p0.05|n120,mape_n_excluded,0.0,5,15
iter02b_ffnn,2,bstar_2023,HP_Peak,anchor_only_Linear,size+peak,p0.1|n10,rmse,4.390349536730748,10,9
iter02b_ffnn,2,bstar_2023,HP_Peak,anchor_only_Linear,size+peak,p0.1|n10,mae,3.932561284838988,10,9
iter02b_ffnn,2,bstar_2023,HP_Peak,anchor_only_Linear,size+peak,p0.1|n10,mape,65.12691250007651,10,9
iter02b_ffnn,2,bstar_2023,HP_Peak,anchor_only_Linear,size+peak,p0.1|n10,r2,-1.1399581920330872,10,9
iter02b_ffnn,2,bstar_2023,HP_Peak,anchor_only_Linear,size+peak,p0.1|n10,n_pred_nan,0.0,10,9
iter02b_ffnn,2,bstar_2023,HP_Peak,anchor_only_Linear,size+peak,p0.1|n10,mape_n_excluded,0.0,10,9
iter02b_ffnn,2,bstar_2023,HP_Peak,anchor_only_Linear,size+peak,p0.1|n20,rmse,8.584638028329355,10,13
iter02b_ffnn,2,bstar_2023,HP_Peak,anchor_only_Linear,size+peak,p0.1|n20,mae,7.381472582192029,10,13
iter02b_ffnn,2,bstar_2023,HP_Peak,anchor_only_Linear,size+peak,p0.1|n20,mape,65.22659222439052,10,13
iter02b_ffnn,2,bstar_2023,HP_Peak,anchor_only_Linear,size+peak,p0.1|n20,r2,-3.205963759102991,10,13
iter02b_ffnn,2,bstar_2023,HP_Peak,anchor_only_Linear,size+peak,p0.1|n20,n_pred_nan,0.0,10,13
iter02b_ffnn,2,bstar_2023,HP_Peak,anchor_only_Linear,size+peak,p0.1|n20,mape_n_excluded,0.0,10,13
iter02b_ffnn,2,bstar_2023,HP_Peak,anchor_only_Linear,size+peak,p0.1|n40,rmse,9.543409322628824,5,13
iter02b_ffnn,2,bstar_2023,HP_Peak,anchor_only_Linear,size+peak,p0.1|n40,mae,8.668906312438406,5,13
iter02b_ffnn,2,bstar_2023,HP_Peak,anchor_only_Linear,size+peak,p0.1|n40,mape,34.492288218111625,5,13
iter02b_ffnn,2,bstar_2023,HP_Peak,anchor_only_Linear,size+peak,p0.1|n40,r2,-5.011608970132584,5,13
iter02b_ffnn,2,bstar_2023,HP_Peak,anchor_only_Linear,size+peak,p0.1|n40,n_pred_nan,0.0,5,13
iter02b_ffnn,2,bstar_2023,HP_Peak,anchor_only_Linear,size+peak,p0.1|n40,mape_n_excluded,0.0,5,13
iter02b_ffnn,2,bstar_2023,HP_Peak,anchor_only_Linear,size+peak,p0.1|n80,rmse,6.058651614853026,5,15
iter02b_ffnn,2,bstar_2023,HP_Peak,anchor_only_Linear,size+peak,p0.1|n80,mae,5.2092074568474205,5,15
iter02b_ffnn,2,bstar_2023,HP_Peak,anchor_only_Linear,size+peak,p0.1|n80,mape,11.07577692399409,5,15
iter02b_ffnn,2,bstar_2023,HP_Peak,anchor_only_Linear,size+peak,p0.1|n80,r2,-0.823336133646221,5,15
iter02b_ffnn,2,bstar_2023,HP_Peak,anchor_only_Linear,size+peak,p0.1|n80,n_pred_nan,0.0,5,15
iter02b_ffnn,2,bstar_2023,HP_Peak,anchor_only_Linear,size+peak,p0.1|n80,mape_n_excluded,0.0,5,15
iter02b_ffnn,2,bstar_2023,HP_Peak,anchor_only_Linear,size+peak,p0.1|n120,rmse,14.665854742697077,5,16
iter02b_ffnn,2,bstar_2023,HP_Peak,anchor_only_Linear,size+peak,p0.1|n120,mae,13.321482847307234,5,16
iter02b_ffnn,2,bstar_2023,HP_Peak,anchor_only_Linear,size+peak,p0.1|n120,mape,16.18053668011192,5,16
iter02b_ffnn,2,bstar_2023,HP_Peak,anchor_only_Linear,size+peak,p0.1|n120,r2,-11.71471352444723,5,16
iter02b_ffnn,2,bstar_2023,HP_Peak,anchor_only_Linear,size+peak,p0.1|n120,n_pred_nan,0.0,5,16
iter02b_ffnn,2,bstar_2023,HP_Peak,anchor_only_Linear,size+peak,p0.1|n120,mape_n_excluded,0.0,5,16
iter02b_ffnn,2,bstar_2023,HP_Peak,anchor_only_Linear,size+peak,p0.2|n10,rmse,6.502878988565284,10,14
iter02b_ffnn,2,bstar_2023,HP_Peak,anchor_only_Linear,size+peak,p0.2|n10,mae,5.303269434992842,10,14
iter02b_ffnn,2,bstar_2023,HP_Peak,anchor_only_Linear,size+peak,p0.2|n10,mape,67.46027307983086,10,14
iter02b_ffnn,2,bstar_2023,HP_Peak,anchor_only_Linear,size+peak,p0.2|n10,r2,-2.0801203246164914,10,14
iter02b_ffnn,2,bstar_2023,HP_Peak,anchor_only_Linear,size+peak,p0.2|n10,n_pred_nan,0.0,10,14
iter02b_ffnn,2,bstar_2023,HP_Peak,anchor_only_Linear,size+peak,p0.2|n10,mape_n_excluded,0.0,10,14
iter02b_ffnn,2,bstar_2023,HP_Peak,anchor_only_Linear,size+peak,p0.2|n20,rmse,8.357800931156454,5,14
iter02b_ffnn,2,bstar_2023,HP_Peak,anchor_only_Linear,size+peak,p0.2|n20,mae,6.635721392403664,5,14
iter02b_ffnn,2,bstar_2023,HP_Peak,anchor_only_Linear,size+peak,p0.2|n20,mape,24.282498196397743,5,14
iter02b_ffnn,2,bstar_2023,HP_Peak,anchor_only_Linear,size+peak,p0.2|n20,r2,-4.202916108748214,5,14
iter02b_ffnn,2,bstar_2023,HP_Peak,anchor_only_Linear,size+peak,p0.2|n20,n_pred_nan,0.0,5,14
iter02b_ffnn,2,bstar_2023,HP_Peak,anchor_only_Linear,size+peak,p0.2|n20,mape_n_excluded,0.0,5,14
iter02b_ffnn,2,bstar_2023,HP_Peak,anchor_only_Linear,size+peak,p0.2|n40,rmse,10.21027357528385,5,16
iter02b_ffnn,2,bstar_2023,HP_Peak,anchor_only_Linear,size+peak,p0.2|n40,mae,8.793373389533986,5,16
iter02b_ffnn,2,bstar_2023,HP_Peak,anchor_only_Linear,size+peak,p0.2|n40,mape,16.043551120686235,5,16
iter02b_ffnn,2,bstar_2023,HP_Peak,anchor_only_Linear,size+peak,p0.2|n40,r2,-1.3143498443209325,5,16
iter02b_ffnn,2,bstar_2023,HP_Peak,anchor_only_Linear,size+peak,p0.2|n40,n_pred_nan,0.0,5,16
iter02b_ffnn,2,bstar_2023,HP_Peak,anchor_only_Linear,size+peak,p0.2|n40,mape_n_excluded,0.0,5,16
iter02b_ffnn,2,bstar_2023,HP_Peak,anchor_only_Linear,size+peak,p0.3|n10,rmse,7.231467022782653,10,14
iter02b_ffnn,2,bstar_2023,HP_Peak,anchor_only_Linear,size+peak,p0.3|n10,mae,5.767918293574295,10,14
iter02b_ffnn,2,bstar_2023,HP_Peak,anchor_only_Linear,size+peak,p0.3|n10,mape,36.65708049484616,10,14
iter02b_ffnn,2,bstar_2023,HP_Peak,anchor_only_Linear,size+peak,p0.3|n10,r2,-0.7783394805355004,10,14
iter02b_ffnn,2,bstar_2023,HP_Peak,anchor_only_Linear,size+peak,p0.3|n10,n_pred_nan,0.0,10,14
iter02b_ffnn,2,bstar_2023,HP_Peak,anchor_only_Linear,size+peak,p0.3|n10,mape_n_excluded,0.0,10,14
iter02b_ffnn,2,bstar_2023,HP_Peak,anchor_only_Linear,size+peak,p0.3|n20,rmse,5.65590951711202,5,15
iter02b_ffnn,2,bstar_2023,HP_Peak,anchor_only_Linear,size+peak,p0.3|n20,mae,5.142799977623065,5,15
iter02b_ffnn,2,bstar_2023,HP_Peak,anchor_only_Linear,size+peak,p0.3|n20,mape,14.390015275561607,5,15
iter02b_ffnn,2,bstar_2023,HP_Peak,anchor_only_Linear,size+peak,p0.3|n20,r2,0.4440020607215083,5,15
iter02b_ffnn,2,bstar_2023,HP_Peak,anchor_only_Linear,size+peak,p0.3|n20,n_pred_nan,0.0,5,15
iter02b_ffnn,2,bstar_2023,HP_Peak,anchor_only_Linear,size+peak,p0.3|n20,mape_n_excluded,0.0,5,15
iter02b_ffnn,2,bstar_2023,HP_Peak,anchor_only_Linear,size+peak,p0.3|n40,rmse,7.468300997799509,5,16
iter02b_ffnn,2,bstar_2023,HP_Peak,anchor_only_Linear,size+peak,p0.3|n40,mae,5.112711676496192,5,16
iter02b_ffnn,2,bstar_2023,HP_Peak,anchor_only_Linear,size+peak,p0.3|n40,mape,6.278858453561936,5,16
iter02b_ffnn,2,bstar_2023,HP_Peak,anchor_only_Linear,size+peak,p0.3|n40,r2,-2.99840225164717,5,16
iter02b_ffnn,2,bstar_2023,HP_Peak,anchor_only_Linear,size+peak,p0.3|n40,n_pred_nan,0.0,5,16
iter02b_ffnn,2,bstar_2023,HP_Peak,anchor_only_Linear,size+peak,p0.3|n40,mape_n_excluded,0.0,5,16
iter02b_ffnn,2,bstar_2023,HP_Peak,anchor_only_Linear,size+peak,p0.5|n10,rmse,8.196723937212228,5,14
iter02b_ffnn,2,bstar_2023,HP_Peak,anchor_only_Linear,size+peak,p0.5|n10,mae,7.334495968920592,5,14
iter02b_ffnn,2,bstar_2023,HP_Peak,anchor_only_Linear,size+peak,p0.5|n10,mape,23.612633760769093,5,14
iter02b_ffnn,2,bstar_2023,HP_Peak,anchor_only_Linear,size+peak,p0.5|n10,r2,-4.26767453100287,5,14
iter02b_ffnn,2,bstar_2023,HP_Peak,anchor_only_Linear,size+peak,p0.5|n10,n_pred_nan,0.0,5,14
iter02b_ffnn,2,bstar_2023,HP_Peak,anchor_only_Linear,size+peak,p0.5|n10,mape_n_excluded,0.0,5,14
iter02b_ffnn,2,bstar_2023,HP_Peak,anchor_only_Linear,size+peak,p0.5|n20,rmse,8.575542057573395,5,15
iter02b_ffnn,2,bstar_2023,HP_Peak,anchor_only_Linear,size+peak,p0.5|n20,mae,7.770629328896919,5,15
iter02b_ffnn,2,bstar_2023,HP_Peak,anchor_only_Linear,size+peak,p0.5|n20,mape,11.86861022646735,5,15
iter02b_ffnn,2,bstar_2023,HP_Peak,anchor_only_Linear,size+peak,p0.5|n20,r2,-3.480852469773942,5,15
iter02b_ffnn,2,bstar_2023,HP_Peak,anchor_only_Linear,size+peak,p0.5|n20,n_pred_nan,0.0,5,15
iter02b_ffnn,2,bstar_2023,HP_Peak,anchor_only_Linear,size+peak,p0.5|n20,mape_n_excluded,0.0,5,15
iter02b_ffnn,2,bstar_2023,HP_Peak,anchor_only_Linear,size+peak,p1.0|n10,rmse,8.432098054919786,5,16
iter02b_ffnn,2,bstar_2023,HP_Peak,anchor_only_Linear,size+peak,p1.0|n10,mae,7.154126735751116,5,16
iter02b_ffnn,2,bstar_2023,HP_Peak,anchor_only_Linear,size+peak,p1.0|n10,mape,10.322951135289632,5,16
iter02b_ffnn,2,bstar_2023,HP_Peak,anchor_only_Linear,size+peak,p1.0|n10,r2,-2.500300989842504,5,16
iter02b_ffnn,2,bstar_2023,HP_Peak,anchor_only_Linear,size+peak,p1.0|n10,n_pred_nan,0.0,5,16
iter02b_ffnn,2,bstar_2023,HP_Peak,anchor_only_Linear,size+peak,p1.0|n10,mape_n_excluded,0.0,5,16
iter02b_ffnn,2,bstar_2023,HP_Peak,anchor_only_XGBoost,size,all,rmse,24.47478370730902,130,20
iter02b_ffnn,2,bstar_2023,HP_Peak,anchor_only_XGBoost,size,all,mae,20.246020796796167,130,20
iter02b_ffnn,2,bstar_2023,HP_Peak,anchor_only_XGBoost,size,all,mape,177.09233499183813,130,20
iter02b_ffnn,2,bstar_2023,HP_Peak,anchor_only_XGBoost,size,all,r2,0.0001457597086709,130,20
iter02b_ffnn,2,bstar_2023,HP_Peak,anchor_only_XGBoost,size,all,n_pred_nan,0.0,130,20
iter02b_ffnn,2,bstar_2023,HP_Peak,anchor_only_XGBoost,size,all,mape_n_excluded,0.0,130,20
iter02b_ffnn,2,bstar_2023,HP_Peak,anchor_only_XGBoost,size,p0.05|n10,rmse,14.25006877740756,10,7
iter02b_ffnn,2,bstar_2023,HP_Peak,anchor_only_XGBoost,size,p0.05|n10,mae,14.087954699267565,10,7
iter02b_ffnn,2,bstar_2023,HP_Peak,anchor_only_XGBoost,size,p0.05|n10,mape,370.99521794060365,10,7
iter02b_ffnn,2,bstar_2023,HP_Peak,anchor_only_XGBoost,size,p0.05|n10,r2,-43.20217443805952,10,7
iter02b_ffnn,2,bstar_2023,HP_Peak,anchor_only_XGBoost,size,p0.05|n10,n_pred_nan,0.0,10,7
iter02b_ffnn,2,bstar_2023,HP_Peak,anchor_only_XGBoost,size,p0.05|n10,mape_n_excluded,0.0,10,7
iter02b_ffnn,2,bstar_2023,HP_Peak,anchor_only_XGBoost,size,p0.05|n20,rmse,28.786505354034592,10,6
iter02b_ffnn,2,bstar_2023,HP_Peak,anchor_only_XGBoost,size,p0.05|n20,mae,28.743400596289064,10,6
iter02b_ffnn,2,bstar_2023,HP_Peak,anchor_only_XGBoost,size,p0.05|n20,mape,625.8464814920754,10,6
iter02b_ffnn,2,bstar_2023,HP_Peak,anchor_only_XGBoost,size,p0.05|n20,r2,-333.1635052361792,10,6
iter02b_ffnn,2,bstar_2023,HP_Peak,anchor_only_XGBoost,size,p0.05|n20,n_pred_nan,0.0,10,6
iter02b_ffnn,2,bstar_2023,HP_Peak,anchor_only_XGBoost,size,p0.05|n20,mape_n_excluded,0.0,10,6
iter02b_ffnn,2,bstar_2023,HP_Peak,anchor_only_XGBoost,size,p0.05|n40,rmse,34.13677717207114,10,12
iter02b_ffnn,2,bstar_2023,HP_Peak,anchor_only_XGBoost,size,p0.05|n40,mae,33.71939538291009,10,12
iter02b_ffnn,2,bstar_2023,HP_Peak,anchor_only_XGBoost,size,p0.05|n40,mape,335.85631794990906,10,12
iter02b_ffnn,2,bstar_2023,HP_Peak,anchor_only_XGBoost,size,p0.05|n40,r2,-40.14548431626881,10,12
iter02b_ffnn,2,bstar_2023,HP_Peak,anchor_only_XGBoost,size,p0.05|n40,n_pred_nan,0.0,10,12
iter02b_ffnn,2,bstar_2023,HP_Peak,anchor_only_XGBoost,size,p0.05|n40,mape_n_excluded,0.0,10,12
iter02b_ffnn,2,bstar_2023,HP_Peak,anchor_only_XGBoost,size,p0.05|n80,rmse,42.033079360332486,5,13
iter02b_ffnn,2,bstar_2023,HP_Peak,anchor_only_XGBoost,size,p0.05|n80,mae,41.91544880341792,5,13
iter02b_ffnn,2,bstar_2023,HP_Peak,anchor_only_XGBoost,size,p0.05|n80,mape,166.76154835933048,5,13
iter02b_ffnn,2,bstar_2023,HP_Peak,anchor_only_XGBoost,size,p0.05|n80,r2,-177.91599834320098,5,13
iter02b_ffnn,2,bstar_2023,HP_Peak,anchor_only_XGBoost,size,p0.05|n80,n_pred_nan,0.0,5,13
iter02b_ffnn,2,bstar_2023,HP_Peak,anchor_only_XGBoost,size,p0.05|n80,mape_n_excluded,0.0,5,13
iter02b_ffnn,2,bstar_2023,HP_Peak,anchor_only_XGBoost,size,p0.05|n120,rmse,43.633188827376365,5,15
iter02b_ffnn,2,bstar_2023,HP_Peak,anchor_only_XGBoost,size,p0.05|n120,mae,43.30764607333956,5,15
iter02b_ffnn,2,bstar_2023,HP_Peak,anchor_only_XGBoost,size,p0.05|n120,mape,119.05810910697554,5,15
iter02b_ffnn,2,bstar_2023,HP_Peak,anchor_only_XGBoost,size,p0.05|n120,r2,-66.26700125443638,5,15
iter02b_ffnn,2,bstar_2023,HP_Peak,anchor_only_XGBoost,size,p0.05|n120,n_pred_nan,0.0,5,15
iter02b_ffnn,2,bstar_2023,HP_Peak,anchor_only_XGBoost,size,p0.05|n120,mape_n_excluded,0.0,5,15
iter02b_ffnn,2,bstar_2023,HP_Peak,anchor_only_XGBoost,size,p0.1|n10,rmse,12.466492622241097,10,9
iter02b_ffnn,2,bstar_2023,HP_Peak,anchor_only_XGBoost,size,p0.1|n10,mae,12.099841899267528,10,9
iter02b_ffnn,2,bstar_2023,HP_Peak,anchor_only_XGBoost,size,p0.1|n10,mape,255.05156794087492,10,9
iter02b_ffnn,2,bstar_2023,HP_Peak,anchor_only_XGBoost,size,p0.1|n10,r2,-16.2542331275866,10,9
iter02b_ffnn,2,bstar_2023,HP_Peak,anchor_only_XGBoost,size,p0.1|n10,n_pred_nan,0.0,10,9
iter02b_ffnn,2,bstar_2023,HP_Peak,anchor_only_XGBoost,size,p0.1|n10,mape_n_excluded,0.0,10,9
iter02b_ffnn,2,bstar_2023,HP_Peak,anchor_only_XGBoost,size,p0.1|n20,rmse,22.67423109956508,10,13
iter02b_ffnn,2,bstar_2023,HP_Peak,anchor_only_XGBoost,size,p0.1|n20,mae,22.28450059628901,10,13
iter02b_ffnn,2,bstar_2023,HP_Peak,anchor_only_XGBoost,size,p0.1|n20,mape,227.22027678144144,10,13
iter02b_ffnn,2,bstar_2023,HP_Peak,anchor_only_XGBoost,size,p0.1|n20,r2,-28.341795642442797,10,13
iter02b_ffnn,2,bstar_2023,HP_Peak,anchor_only_XGBoost,size,p0.1|n20,n_pred_nan,0.0,10,13
iter02b_ffnn,2,bstar_2023,HP_Peak,anchor_only_XGBoost,size,p0.1|n20,mape_n_excluded,0.0,10,13
iter02b_ffnn,2,bstar_2023,HP_Peak,anchor_only_XGBoost,size,p0.1|n40,rmse,19.219077796259334,5,13
iter02b_ffnn,2,bstar_2023,HP_Peak,anchor_only_XGBoost,size,p0.1|n40,mae,18.82080818291,5,13
iter02b_ffnn,2,bstar_2023,HP_Peak,anchor_only_XGBoost,size,p0.1|n40,mape,72.90783887996956,5,13
iter02b_ffnn,2,bstar_2023,HP_Peak,anchor_only_XGBoost,size,p0.1|n40,r2,-23.38084258951945,5,13
iter02b_ffnn,2,bstar_2023,HP_Peak,anchor_only_XGBoost,size,p0.1|n40,n_pred_nan,0.0,5,13
iter02b_ffnn,2,bstar_2023,HP_Peak,anchor_only_XGBoost,size,p0.1|n40,mape_n_excluded,0.0,5,13
iter02b_ffnn,2,bstar_2023,HP_Peak,anchor_only_XGBoost,size,p0.1|n80,rmse,19.396567119025097,5,15
iter02b_ffnn,2,bstar_2023,HP_Peak,anchor_only_XGBoost,size,p0.1|n80,mae,18.870476803417585,5,15
iter02b_ffnn,2,bstar_2023,HP_Peak,anchor_only_XGBoost,size,p0.1|n80,mape,39.8679641706131,5,15
iter02b_ffnn,2,bstar_2023,HP_Peak,anchor_only_XGBoost,size,p0.1|n80,r2,-17.68807313488855,5,15
iter02b_ffnn,2,bstar_2023,HP_Peak,anchor_only_XGBoost,size,p0.1|n80,n_pred_nan,0.0,5,15
iter02b_ffnn,2,bstar_2023,HP_Peak,anchor_only_XGBoost,size,p0.1|n80,mape_n_excluded,0.0,5,15
iter02b_ffnn,2,bstar_2023,HP_Peak,anchor_only_XGBoost,size,p0.1|n120,rmse,4.2481756379560345,5,16
iter02b_ffnn,2,bstar_2023,HP_Peak,anchor_only_XGBoost,size,p0.1|n120,mae,3.671319395996429,5,16
iter02b_ffnn,2,bstar_2023,HP_Peak,anchor_only_XGBoost,size,p0.1|n120,mape,4.537903822506416,5,16
iter02b_ffnn,2,bstar_2023,HP_Peak,anchor_only_XGBoost,size,p0.1|n120,r2,-0.0668337567360999,5,16
iter02b_ffnn,2,bstar_2023,HP_Peak,anchor_only_XGBoost,size,p0.1|n120,n_pred_nan,0.0,5,16
iter02b_ffnn,2,bstar_2023,HP_Peak,anchor_only_XGBoost,size,p0.1|n120,mape_n_excluded,0.0,5,16
iter02b_ffnn,2,bstar_2023,HP_Peak,anchor_only_XGBoost,size,p0.2|n10,rmse,10.01187856033893,10,14
iter02b_ffnn,2,bstar_2023,HP_Peak,anchor_only_XGBoost,size,p0.2|n10,mae,9.326736799414029,10,14
iter02b_ffnn,2,bstar_2023,HP_Peak,anchor_only_XGBoost,size,p0.2|n10,mape,124.21908222691434,10,14
iter02b_ffnn,2,bstar_2023,HP_Peak,anchor_only_XGBoost,size,p0.2|n10,r2,-6.301086338014499,10,14
iter02b_ffnn,2,bstar_2023,HP_Peak,anchor_only_XGBoost,size,p0.2|n10,n_pred_nan,0.0,10,14
iter02b_ffnn,2,bstar_2023,HP_Peak,anchor_only_XGBoost,size,p0.2|n10,mape_n_excluded,0.0,10,14
iter02b_ffnn,2,bstar_2023,HP_Peak,anchor_only_XGBoost,size,p0.2|n20,rmse,5.423553092936149,5,14
iter02b_ffnn,2,bstar_2023,HP_Peak,anchor_only_XGBoost,size,p0.2|n20,mae,4.421688917773362,5,14
iter02b_ffnn,2,bstar_2023,HP_Peak,anchor_only_XGBoost,size,p0.2|n20,mape,16.290402131831936,5,14
iter02b_ffnn,2,bstar_2023,HP_Peak,anchor_only_XGBoost,size,p0.2|n20,r2,-1.1909404312832477,5,14
iter02b_ffnn,2,bstar_2023,HP_Peak,anchor_only_XGBoost,size,p0.2|n20,n_pred_nan,0.0,5,14
iter02b_ffnn,2,bstar_2023,HP_Peak,anchor_only_XGBoost,size,p0.2|n20,mape_n_excluded,0.0,5,14
iter02b_ffnn,2,bstar_2023,HP_Peak,anchor_only_XGBoost,size,p0.2|n40,rmse,10.58728538283108,5,16
iter02b_ffnn,2,bstar_2023,HP_Peak,anchor_only_XGBoost,size,p0.2|n40,mae,8.265619410254043,5,16
iter02b_ffnn,2,bstar_2023,HP_Peak,anchor_only_XGBoost,size,p0.2|n40,mape,14.048025977519275,5,16
iter02b_ffnn,2,bstar_2023,HP_Peak,anchor_only_XGBoost,size,p0.2|n40,r2,-1.4884188976583568,5,16
iter02b_ffnn,2,bstar_2023,HP_Peak,anchor_only_XGBoost,size,p0.2|n40,n_pred_nan,0.0,5,16
iter02b_ffnn,2,bstar_2023,HP_Peak,anchor_only_XGBoost,size,p0.2|n40,mape_n_excluded,0.0,5,16
iter02b_ffnn,2,bstar_2023,HP_Peak,anchor_only_XGBoost,size,p0.3|n10,rmse,5.639594316169582,10,14
iter02b_ffnn,2,bstar_2023,HP_Peak,anchor_only_XGBoost,size,p0.3|n10,mae,5.157829899853553,10,14
iter02b_ffnn,2,bstar_2023,HP_Peak,anchor_only_XGBoost,size,p0.3|n10,mape,36.06013190869808,10,14
iter02b_ffnn,2,bstar_2023,HP_Peak,anchor_only_XGBoost,size,p0.3|n10,r2,-0.0815773366282024,10,14
iter02b_ffnn,2,bstar_2023,HP_Peak,anchor_only_XGBoost,size,p0.3|n10,n_pred_nan,0.0,10,14
iter02b_ffnn,2,bstar_2023,HP_Peak,anchor_only_XGBoost,size,p0.3|n10,mape_n_excluded,0.0,10,14
iter02b_ffnn,2,bstar_2023,HP_Peak,anchor_only_XGBoost,size,p0.3|n20,rmse,8.984455157507234,5,15
iter02b_ffnn,2,bstar_2023,HP_Peak,anchor_only_XGBoost,size,p0.3|n20,mae,7.1424047607422,5,15
iter02b_ffnn,2,bstar_2023,HP_Peak,anchor_only_XGBoost,size,p0.3|n20,mape,17.037355362774054,5,15
iter02b_ffnn,2,bstar_2023,HP_Peak,anchor_only_XGBoost,size,p0.3|n20,r2,-0.4029809260533679,5,15
iter02b_ffnn,2,bstar_2023,HP_Peak,anchor_only_XGBoost,size,p0.3|n20,n_pred_nan,0.0,5,15
iter02b_ffnn,2,bstar_2023,HP_Peak,anchor_only_XGBoost,size,p0.3|n20,mape_n_excluded,0.0,5,15
iter02b_ffnn,2,bstar_2023,HP_Peak,anchor_only_XGBoost,size,p0.3|n40,rmse,35.624217284188724,5,16
iter02b_ffnn,2,bstar_2023,HP_Peak,anchor_only_XGBoost,size,p0.3|n40,mae,35.42789021709051,5,16
iter02b_ffnn,2,bstar_2023,HP_Peak,anchor_only_XGBoost,size,p0.3|n40,mape,43.35272003840648,5,16
iter02b_ffnn,2,bstar_2023,HP_Peak,anchor_only_XGBoost,size,p0.3|n40,r2,-89.97739956471825,5,16
iter02b_ffnn,2,bstar_2023,HP_Peak,anchor_only_XGBoost,size,p0.3|n40,n_pred_nan,0.0,5,16
iter02b_ffnn,2,bstar_2023,HP_Peak,anchor_only_XGBoost,size,p0.3|n40,mape_n_excluded,0.0,5,16
iter02b_ffnn,2,bstar_2023,HP_Peak,anchor_only_XGBoost,size,p0.5|n10,rmse,13.508214316233389,5,14
iter02b_ffnn,2,bstar_2023,HP_Peak,anchor_only_XGBoost,size,p0.5|n10,mae,13.027563300732623,5,14
iter02b_ffnn,2,bstar_2023,HP_Peak,anchor_only_XGBoost,size,p0.5|n10,mape,40.14749354721473,5,14
iter02b_ffnn,2,bstar_2023,HP_Peak,anchor_only_XGBoost,size,p0.5|n10,r2,-13.306526433047464,5,14
iter02b_ffnn,2,bstar_2023,HP_Peak,anchor_only_XGBoost,size,p0.5|n10,n_pred_nan,0.0,5,14
iter02b_ffnn,2,bstar_2023,HP_Peak,anchor_only_XGBoost,size,p0.5|n10,mape_n_excluded,0.0,5,14
iter02b_ffnn,2,bstar_2023,HP_Peak,anchor_only_XGBoost,size,p0.5|n20,rmse,31.19432612369216,5,15
iter02b_ffnn,2,bstar_2023,HP_Peak,anchor_only_XGBoost,size,p0.5|n20,mae,30.930146203711427,5,15
iter02b_ffnn,2,bstar_2023,HP_Peak,anchor_only_XGBoost,size,p0.5|n20,mape,47.504672608628994,5,15
iter02b_ffnn,2,bstar_2023,HP_Peak,anchor_only_XGBoost,size,p0.5|n20,r2,-58.290989620199625,5,15
iter02b_ffnn,2,bstar_2023,HP_Peak,anchor_only_XGBoost,size,p0.5|n20,n_pred_nan,0.0,5,15
iter02b_ffnn,2,bstar_2023,HP_Peak,anchor_only_XGBoost,size,p0.5|n20,mape_n_excluded,0.0,5,15
iter02b_ffnn,2,bstar_2023,HP_Peak,anchor_only_XGBoost,size,p1.0|n10,rmse,49.95991335438804,5,16
iter02b_ffnn,2,bstar_2023,HP_Peak,anchor_only_XGBoost,size,p1.0|n10,mae,49.756208900733,5,16
iter02b_ffnn,2,bstar_2023,HP_Peak,anchor_only_XGBoost,size,p1.0|n10,mape,72.38852330098628,5,16
iter02b_ffnn,2,bstar_2023,HP_Peak,anchor_only_XGBoost,size,p1.0|n10,r2,-121.87893747814609,5,16
iter02b_ffnn,2,bstar_2023,HP_Peak,anchor_only_XGBoost,size,p1.0|n10,n_pred_nan,0.0,5,16
iter02b_ffnn,2,bstar_2023,HP_Peak,anchor_only_XGBoost,size,p1.0|n10,mape_n_excluded,0.0,5,16
iter02b_ffnn,2,bstar_2023,HP_Peak,anchor_only_XGBoost,peak,all,rmse,19.14679039210931,130,20
iter02b_ffnn,2,bstar_2023,HP_Peak,anchor_only_XGBoost,peak,all,mae,12.882941243708744,130,20
iter02b_ffnn,2,bstar_2023,HP_Peak,anchor_only_XGBoost,peak,all,mape,70.22603630385727,130,20
iter02b_ffnn,2,bstar_2023,HP_Peak,anchor_only_XGBoost,peak,all,r2,0.3880852334043732,130,20
iter02b_ffnn,2,bstar_2023,HP_Peak,anchor_only_XGBoost,peak,all,n_pred_nan,0.0,130,20
iter02b_ffnn,2,bstar_2023,HP_Peak,anchor_only_XGBoost,peak,all,mape_n_excluded,0.0,130,20
iter02b_ffnn,2,bstar_2023,HP_Peak,anchor_only_XGBoost,peak,p0.05|n10,rmse,4.082200639351927,10,7
iter02b_ffnn,2,bstar_2023,HP_Peak,anchor_only_XGBoost,peak,p0.05|n10,mae,3.614435629815681,10,7
iter02b_ffnn,2,bstar_2023,HP_Peak,anchor_only_XGBoost,peak,p0.05|n10,mape,103.67646581468716,10,7
iter02b_ffnn,2,bstar_2023,HP_Peak,anchor_only_XGBoost,peak,p0.05|n10,r2,-2.6274247009464,10,7
iter02b_ffnn,2,bstar_2023,HP_Peak,anchor_only_XGBoost,peak,p0.05|n10,n_pred_nan,0.0,10,7
iter02b_ffnn,2,bstar_2023,HP_Peak,anchor_only_XGBoost,peak,p0.05|n10,mape_n_excluded,0.0,10,7
iter02b_ffnn,2,bstar_2023,HP_Peak,anchor_only_XGBoost,peak,p0.05|n20,rmse,11.196135368191356,10,6
iter02b_ffnn,2,bstar_2023,HP_Peak,anchor_only_XGBoost,peak,p0.05|n20,mae,10.57041752210083,10,6
iter02b_ffnn,2,bstar_2023,HP_Peak,anchor_only_XGBoost,peak,p0.05|n20,mape,231.50983905436485,10,6
iter02b_ffnn,2,bstar_2023,HP_Peak,anchor_only_XGBoost,peak,p0.05|n20,r2,-49.5495633802279,10,6
iter02b_ffnn,2,bstar_2023,HP_Peak,anchor_only_XGBoost,peak,p0.05|n20,n_pred_nan,0.0,10,6
iter02b_ffnn,2,bstar_2023,HP_Peak,anchor_only_XGBoost,peak,p0.05|n20,mape_n_excluded,0.0,10,6
iter02b_ffnn,2,bstar_2023,HP_Peak,anchor_only_XGBoost,peak,p0.05|n40,rmse,13.483468417533606,10,12
iter02b_ffnn,2,bstar_2023,HP_Peak,anchor_only_XGBoost,peak,p0.05|n40,mae,12.125224240331963,10,12
iter02b_ffnn,2,bstar_2023,HP_Peak,anchor_only_XGBoost,peak,p0.05|n40,mape,131.19903610239302,10,12
iter02b_ffnn,2,bstar_2023,HP_Peak,anchor_only_XGBoost,peak,p0.05|n40,r2,-5.419192337199619,10,12
iter02b_ffnn,2,bstar_2023,HP_Peak,anchor_only_XGBoost,peak,p0.05|n40,n_pred_nan,0.0,10,12
iter02b_ffnn,2,bstar_2023,HP_Peak,anchor_only_XGBoost,peak,p0.05|n40,mape_n_excluded,0.0,10,12
iter02b_ffnn,2,bstar_2023,HP_Peak,anchor_only_XGBoost,peak,p0.05|n80,rmse,25.811337493972434,5,13
iter02b_ffnn,2,bstar_2023,HP_Peak,anchor_only_XGBoost,peak,p0.05|n80,mae,25.63147205781244,5,13
iter02b_ffnn,2,bstar_2023,HP_Peak,anchor_only_XGBoost,peak,p0.05|n80,mape,102.20242977050832,5,13
iter02b_ffnn,2,bstar_2023,HP_Peak,anchor_only_XGBoost,peak,p0.05|n80,r2,-66.46643768852721,5,13
iter02b_ffnn,2,bstar_2023,HP_Peak,anchor_only_XGBoost,peak,p0.05|n80,n_pred_nan,0.0,5,13
iter02b_ffnn,2,bstar_2023,HP_Peak,anchor_only_XGBoost,peak,p0.05|n80,mape_n_excluded,0.0,5,13
iter02b_ffnn,2,bstar_2023,HP_Peak,anchor_only_XGBoost,peak,p0.05|n120,rmse,57.70255442656798,5,15
iter02b_ffnn,2,bstar_2023,HP_Peak,anchor_only_XGBoost,peak,p0.05|n120,mae,54.38599766635714,5,15
iter02b_ffnn,2,bstar_2023,HP_Peak,anchor_only_XGBoost,peak,p0.05|n120,mape,141.85103780686012,5,15
iter02b_ffnn,2,bstar_2023,HP_Peak,anchor_only_XGBoost,peak,p0.05|n120,r2,-116.6408730667988,5,15
iter02b_ffnn,2,bstar_2023,HP_Peak,anchor_only_XGBoost,peak,p0.05|n120,n_pred_nan,0.0,5,15
iter02b_ffnn,2,bstar_2023,HP_Peak,anchor_only_XGBoost,peak,p0.05|n120,mape_n_excluded,0.0,5,15
iter02b_ffnn,2,bstar_2023,HP_Peak,anchor_only_XGBoost,peak,p0.1|n10,rmse,2.727783139298183,10,9
iter02b_ffnn,2,bstar_2023,HP_Peak,anchor_only_XGBoost,peak,p0.1|n10,mae,2.2629654894104085,10,9
iter02b_ffnn,2,bstar_2023,HP_Peak,anchor_only_XGBoost,peak,p0.1|n10,mape,55.85605064344978,10,9
iter02b_ffnn,2,bstar_2023,HP_Peak,anchor_only_XGBoost,peak,p0.1|n10,r2,0.173911123691594,10,9
iter02b_ffnn,2,bstar_2023,HP_Peak,anchor_only_XGBoost,peak,p0.1|n10,n_pred_nan,0.0,10,9
iter02b_ffnn,2,bstar_2023,HP_Peak,anchor_only_XGBoost,peak,p0.1|n10,mape_n_excluded,0.0,10,9
iter02b_ffnn,2,bstar_2023,HP_Peak,anchor_only_XGBoost,peak,p0.1|n20,rmse,6.926257691395255,10,13
iter02b_ffnn,2,bstar_2023,HP_Peak,anchor_only_XGBoost,peak,p0.1|n20,mae,5.515664635546881,10,13
iter02b_ffnn,2,bstar_2023,HP_Peak,anchor_only_XGBoost,peak,p0.1|n20,mape,52.80800922800765,10,13
iter02b_ffnn,2,bstar_2023,HP_Peak,anchor_only_XGBoost,peak,p0.1|n20,r2,-1.7379079413850382,10,13
iter02b_ffnn,2,bstar_2023,HP_Peak,anchor_only_XGBoost,peak,p0.1|n20,n_pred_nan,0.0,10,13
iter02b_ffnn,2,bstar_2023,HP_Peak,anchor_only_XGBoost,peak,p0.1|n20,mape_n_excluded,0.0,10,13
iter02b_ffnn,2,bstar_2023,HP_Peak,anchor_only_XGBoost,peak,p0.1|n40,rmse,10.88735394519824,5,13
iter02b_ffnn,2,bstar_2023,HP_Peak,anchor_only_XGBoost,peak,p0.1|n40,mae,7.586641152294918,5,13
iter02b_ffnn,2,bstar_2023,HP_Peak,anchor_only_XGBoost,peak,p0.1|n40,mape,31.573421951736808,5,13
iter02b_ffnn,2,bstar_2023,HP_Peak,anchor_only_XGBoost,peak,p0.1|n40,r2,-6.823990328903608,5,13
iter02b_ffnn,2,bstar_2023,HP_Peak,anchor_only_XGBoost,peak,p0.1|n40,n_pred_nan,0.0,5,13
iter02b_ffnn,2,bstar_2023,HP_Peak,anchor_only_XGBoost,peak,p0.1|n40,mape_n_excluded,0.0,5,13
iter02b_ffnn,2,bstar_2023,HP_Peak,anchor_only_XGBoost,peak,p0.1|n80,rmse,7.629473215080541,5,15
iter02b_ffnn,2,bstar_2023,HP_Peak,anchor_only_XGBoost,peak,p0.1|n80,mae,7.426134153466545,5,15
iter02b_ffnn,2,bstar_2023,HP_Peak,anchor_only_XGBoost,peak,p0.1|n80,mape,15.3902031326954,5,15
iter02b_ffnn,2,bstar_2023,HP_Peak,anchor_only_XGBoost,peak,p0.1|n80,r2,-1.891371415542601,5,15
iter02b_ffnn,2,bstar_2023,HP_Peak,anchor_only_XGBoost,peak,p0.1|n80,n_pred_nan,0.0,5,15
iter02b_ffnn,2,bstar_2023,HP_Peak,anchor_only_XGBoost,peak,p0.1|n80,mape_n_excluded,0.0,5,15
iter02b_ffnn,2,bstar_2023,HP_Peak,anchor_only_XGBoost,peak,p0.1|n120,rmse,44.10327343037527,5,16
iter02b_ffnn,2,bstar_2023,HP_Peak,anchor_only_XGBoost,peak,p0.1|n120,mae,43.484144270897865,5,16
iter02b_ffnn,2,bstar_2023,HP_Peak,anchor_only_XGBoost,peak,p0.1|n120,mape,53.35131040030211,5,16
iter02b_ffnn,2,bstar_2023,HP_Peak,anchor_only_XGBoost,peak,p0.1|n120,r2,-113.98295636508792,5,16
iter02b_ffnn,2,bstar_2023,HP_Peak,anchor_only_XGBoost,peak,p0.1|n120,n_pred_nan,0.0,5,16
iter02b_ffnn,2,bstar_2023,HP_Peak,anchor_only_XGBoost,peak,p0.1|n120,mape_n_excluded,0.0,5,16
iter02b_ffnn,2,bstar_2023,HP_Peak,anchor_only_XGBoost,peak,p0.2|n10,rmse,3.265922699637403,10,14
iter02b_ffnn,2,bstar_2023,HP_Peak,anchor_only_XGBoost,peak,p0.2|n10,mae,2.7308498894165187,10,14
iter02b_ffnn,2,bstar_2023,HP_Peak,anchor_only_XGBoost,peak,p0.2|n10,mape,31.981064569418574,10,14
iter02b_ffnn,2,bstar_2023,HP_Peak,anchor_only_XGBoost,peak,p0.2|n10,r2,0.2230945993701404,10,14
iter02b_ffnn,2,bstar_2023,HP_Peak,anchor_only_XGBoost,peak,p0.2|n10,n_pred_nan,0.0,10,14
iter02b_ffnn,2,bstar_2023,HP_Peak,anchor_only_XGBoost,peak,p0.2|n10,mape_n_excluded,0.0,10,14
iter02b_ffnn,2,bstar_2023,HP_Peak,anchor_only_XGBoost,peak,p0.2|n20,rmse,7.498080231132035,5,14
iter02b_ffnn,2,bstar_2023,HP_Peak,anchor_only_XGBoost,peak,p0.2|n20,mae,6.8514351602785,5,14
iter02b_ffnn,2,bstar_2023,HP_Peak,anchor_only_XGBoost,peak,p0.2|n20,mape,22.61328775464447,5,14
iter02b_ffnn,2,bstar_2023,HP_Peak,anchor_only_XGBoost,peak,p0.2|n20,r2,-3.1875783347103965,5,14
iter02b_ffnn,2,bstar_2023,HP_Peak,anchor_only_XGBoost,peak,p0.2|n20,n_pred_nan,0.0,5,14
iter02b_ffnn,2,bstar_2023,HP_Peak,anchor_only_XGBoost,peak,p0.2|n20,mape_n_excluded,0.0,5,14
iter02b_ffnn,2,bstar_2023,HP_Peak,anchor_only_XGBoost,peak,p0.2|n40,rmse,8.022558983877364,5,16
iter02b_ffnn,2,bstar_2023,HP_Peak,anchor_only_XGBoost,peak,p0.2|n40,mae,6.15808247675808,5,16
iter02b_ffnn,2,bstar_2023,HP_Peak,anchor_only_XGBoost,peak,p0.2|n40,mape,10.577820668801204,5,16
iter02b_ffnn,2,bstar_2023,HP_Peak,anchor_only_XGBoost,peak,p0.2|n40,r2,-0.4288284497223227,5,16
iter02b_ffnn,2,bstar_2023,HP_Peak,anchor_only_XGBoost,peak,p0.2|n40,n_pred_nan,0.0,5,16
iter02b_ffnn,2,bstar_2023,HP_Peak,anchor_only_XGBoost,peak,p0.2|n40,mape_n_excluded,0.0,5,16
iter02b_ffnn,2,bstar_2023,HP_Peak,anchor_only_XGBoost,peak,p0.3|n10,rmse,7.383885706093091,10,14
iter02b_ffnn,2,bstar_2023,HP_Peak,anchor_only_XGBoost,peak,p0.3|n10,mae,6.459592302179002,10,14
iter02b_ffnn,2,bstar_2023,HP_Peak,anchor_only_XGBoost,peak,p0.3|n10,mape,35.62012359004482,10,14
iter02b_ffnn,2,bstar_2023,HP_Peak,anchor_only_XGBoost,peak,p0.3|n10,r2,-0.8540941411545935,10,14
iter02b_ffnn,2,bstar_2023,HP_Peak,anchor_only_XGBoost,peak,p0.3|n10,n_pred_nan,0.0,10,14
iter02b_ffnn,2,bstar_2023,HP_Peak,anchor_only_XGBoost,peak,p0.3|n10,mape_n_excluded,0.0,10,14
iter02b_ffnn,2,bstar_2023,HP_Peak,anchor_only_XGBoost,peak,p0.3|n20,rmse,11.867003635157404,5,15
iter02b_ffnn,2,bstar_2023,HP_Peak,anchor_only_XGBoost,peak,p0.3|n20,mae,9.958749778125236,5,15
iter02b_ffnn,2,bstar_2023,HP_Peak,anchor_only_XGBoost,peak,p0.3|n20,mape,24.49916525386765,5,15
iter02b_ffnn,2,bstar_2023,HP_Peak,anchor_only_XGBoost,peak,p0.3|n20,r2,-1.4476562581652952,5,15
iter02b_ffnn,2,bstar_2023,HP_Peak,anchor_only_XGBoost,peak,p0.3|n20,n_pred_nan,0.0,5,15
iter02b_ffnn,2,bstar_2023,HP_Peak,anchor_only_XGBoost,peak,p0.3|n20,mape_n_excluded,0.0,5,15
iter02b_ffnn,2,bstar_2023,HP_Peak,anchor_only_XGBoost,peak,p0.3|n40,rmse,30.41121619645889,5,16
iter02b_ffnn,2,bstar_2023,HP_Peak,anchor_only_XGBoost,peak,p0.3|n40,mae,30.1330385325202,5,16
iter02b_ffnn,2,bstar_2023,HP_Peak,anchor_only_XGBoost,peak,p0.3|n40,mape,37.15153688582218,5,16
iter02b_ffnn,2,bstar_2023,HP_Peak,anchor_only_XGBoost,peak,p0.3|n40,r2,-65.29952765965434,5,16
iter02b_ffnn,2,bstar_2023,HP_Peak,anchor_only_XGBoost,peak,p0.3|n40,n_pred_nan,0.0,5,16
iter02b_ffnn,2,bstar_2023,HP_Peak,anchor_only_XGBoost,peak,p0.3|n40,mape_n_excluded,0.0,5,16
iter02b_ffnn,2,bstar_2023,HP_Peak,anchor_only_XGBoost,peak,p0.5|n10,rmse,11.269751159354536,5,14
iter02b_ffnn,2,bstar_2023,HP_Peak,anchor_only_XGBoost,peak,p0.5|n10,mae,10.137620368603717,5,14
iter02b_ffnn,2,bstar_2023,HP_Peak,anchor_only_XGBoost,peak,p0.5|n10,mape,31.764858402887384,5,14
iter02b_ffnn,2,bstar_2023,HP_Peak,anchor_only_XGBoost,peak,p0.5|n10,r2,-8.957881879805429,5,14
iter02b_ffnn,2,bstar_2023,HP_Peak,anchor_only_XGBoost,peak,p0.5|n10,n_pred_nan,0.0,5,14
iter02b_ffnn,2,bstar_2023,HP_Peak,anchor_only_XGBoost,peak,p0.5|n10,mape_n_excluded,0.0,5,14
iter02b_ffnn,2,bstar_2023,HP_Peak,anchor_only_XGBoost,peak,p0.5|n20,rmse,19.90935657964421,5,15
iter02b_ffnn,2,bstar_2023,HP_Peak,anchor_only_XGBoost,peak,p0.5|n20,mae,19.628559289648926,5,15
iter02b_ffnn,2,bstar_2023,HP_Peak,anchor_only_XGBoost,peak,p0.5|n20,mape,30.26394771829231,5,15
iter02b_ffnn,2,bstar_2023,HP_Peak,anchor_only_XGBoost,peak,p0.5|n20,r2,-23.15193508062599,5,15
iter02b_ffnn,2,bstar_2023,HP_Peak,anchor_only_XGBoost,peak,p0.5|n20,n_pred_nan,0.0,5,15
iter02b_ffnn,2,bstar_2023,HP_Peak,anchor_only_XGBoost,peak,p0.5|n20,mape_n_excluded,0.0,5,15
iter02b_ffnn,2,bstar_2023,HP_Peak,anchor_only_XGBoost,peak,p1.0|n10,rmse,28.55607952435333,5,16
iter02b_ffnn,2,bstar_2023,HP_Peak,anchor_only_XGBoost,peak,p1.0|n10,mae,27.01629801206112,5,16
iter02b_ffnn,2,bstar_2023,HP_Peak,anchor_only_XGBoost,peak,p1.0|n10,mape,39.33674614913948,5,16
iter02b_ffnn,2,bstar_2023,HP_Peak,anchor_only_XGBoost,peak,p1.0|n10,r2,-39.144981291350845,5,16
iter02b_ffnn,2,bstar_2023,HP_Peak,anchor_only_XGBoost,peak,p1.0|n10,n_pred_nan,0.0,5,16
iter02b_ffnn,2,bstar_2023,HP_Peak,anchor_only_XGBoost,peak,p1.0|n10,mape_n_excluded,0.0,5,16
iter02b_ffnn,2,bstar_2023,HP_Peak,anchor_only_XGBoost,size+peak,all,rmse,11.823556550030986,130,20
iter02b_ffnn,2,bstar_2023,HP_Peak,anchor_only_XGBoost,size+peak,all,mae,8.139620627001303,130,20
iter02b_ffnn,2,bstar_2023,HP_Peak,anchor_only_XGBoost,size+peak,all,mape,53.58579293999409,130,20
iter02b_ffnn,2,bstar_2023,HP_Peak,anchor_only_XGBoost,size+peak,all,r2,0.7666567547703089,130,20
iter02b_ffnn,2,bstar_2023,HP_Peak,anchor_only_XGBoost,size+peak,all,n_pred_nan,0.0,130,20
iter02b_ffnn,2,bstar_2023,HP_Peak,anchor_only_XGBoost,size+peak,all,mape_n_excluded,0.0,130,20
iter02b_ffnn,2,bstar_2023,HP_Peak,anchor_only_XGBoost,size+peak,p0.05|n10,rmse,3.567106953422016,10,7
iter02b_ffnn,2,bstar_2023,HP_Peak,anchor_only_XGBoost,size+peak,p0.05|n10,mae,3.0815372037597726,10,7
iter02b_ffnn,2,bstar_2023,HP_Peak,anchor_only_XGBoost,size+peak,p0.05|n10,mape,88.11596931198527,10,7
iter02b_ffnn,2,bstar_2023,HP_Peak,anchor_only_XGBoost,size+peak,p0.05|n10,r2,-1.7697589563947624,10,7
iter02b_ffnn,2,bstar_2023,HP_Peak,anchor_only_XGBoost,size+peak,p0.05|n10,n_pred_nan,0.0,10,7
iter02b_ffnn,2,bstar_2023,HP_Peak,anchor_only_XGBoost,size+peak,p0.05|n10,mape_n_excluded,0.0,10,7
iter02b_ffnn,2,bstar_2023,HP_Peak,anchor_only_XGBoost,size+peak,p0.05|n20,rmse,10.783462210055816,10,6
iter02b_ffnn,2,bstar_2023,HP_Peak,anchor_only_XGBoost,size+peak,p0.05|n20,mae,10.012400745062257,10,6
iter02b_ffnn,2,bstar_2023,HP_Peak,anchor_only_XGBoost,size+peak,p0.05|n20,mape,214.45990828707,10,6
iter02b_ffnn,2,bstar_2023,HP_Peak,anchor_only_XGBoost,size+peak,p0.05|n20,r2,-45.89187177443857,10,6
iter02b_ffnn,2,bstar_2023,HP_Peak,anchor_only_XGBoost,size+peak,p0.05|n20,n_pred_nan,0.0,10,6
iter02b_ffnn,2,bstar_2023,HP_Peak,anchor_only_XGBoost,size+peak,p0.05|n20,mape_n_excluded,0.0,10,6
iter02b_ffnn,2,bstar_2023,HP_Peak,anchor_only_XGBoost,size+peak,p0.05|n40,rmse,8.764850966679894,10,12
iter02b_ffnn,2,bstar_2023,HP_Peak,anchor_only_XGBoost,size+peak,p0.05|n40,mae,7.345260794561779,10,12
iter02b_ffnn,2,bstar_2023,HP_Peak,anchor_only_XGBoost,size+peak,p0.05|n40,mape,77.27136496054844,10,12
iter02b_ffnn,2,bstar_2023,HP_Peak,anchor_only_XGBoost,size+peak,p0.05|n40,r2,-1.7124779473510974,10,12
iter02b_ffnn,2,bstar_2023,HP_Peak,anchor_only_XGBoost,size+peak,p0.05|n40,n_pred_nan,0.0,10,12
iter02b_ffnn,2,bstar_2023,HP_Peak,anchor_only_XGBoost,size+peak,p0.05|n40,mape_n_excluded,0.0,10,12
iter02b_ffnn,2,bstar_2023,HP_Peak,anchor_only_XGBoost,size+peak,p0.05|n80,rmse,13.583228308867264,5,13
iter02b_ffnn,2,bstar_2023,HP_Peak,anchor_only_XGBoost,size+peak,p0.05|n80,mae,10.75390595139163,5,13
iter02b_ffnn,2,bstar_2023,HP_Peak,anchor_only_XGBoost,size+peak,p0.05|n80,mape,44.02908761788844,5,13
iter02b_ffnn,2,bstar_2023,HP_Peak,anchor_only_XGBoost,size+peak,p0.05|n80,r2,-17.684124886134345,5,13
iter02b_ffnn,2,bstar_2023,HP_Peak,anchor_only_XGBoost,size+peak,p0.05|n80,n_pred_nan,0.0,5,13
iter02b_ffnn,2,bstar_2023,HP_Peak,anchor_only_XGBoost,size+peak,p0.05|n80,mape_n_excluded,0.0,5,13
iter02b_ffnn,2,bstar_2023,HP_Peak,anchor_only_XGBoost,size+peak,p0.05|n120,rmse,27.24982312262332,5,15
iter02b_ffnn,2,bstar_2023,HP_Peak,anchor_only_XGBoost,size+peak,p0.05|n120,mae,23.45713234477521,5,15
iter02b_ffnn,2,bstar_2023,HP_Peak,anchor_only_XGBoost,size+peak,p0.05|n120,mape,59.60306356290197,5,15
iter02b_ffnn,2,bstar_2023,HP_Peak,anchor_only_XGBoost,size+peak,p0.05|n120,r2,-25.23587394611793,5,15
iter02b_ffnn,2,bstar_2023,HP_Peak,anchor_only_XGBoost,size+peak,p0.05|n120,n_pred_nan,0.0,5,15
iter02b_ffnn,2,bstar_2023,HP_Peak,anchor_only_XGBoost,size+peak,p0.05|n120,mape_n_excluded,0.0,5,15
iter02b_ffnn,2,bstar_2023,HP_Peak,anchor_only_XGBoost,size+peak,p0.1|n10,rmse,2.6149123997883725,10,9
iter02b_ffnn,2,bstar_2023,HP_Peak,anchor_only_XGBoost,size+peak,p0.1|n10,mae,2.134259102957152,10,9
iter02b_ffnn,2,bstar_2023,HP_Peak,anchor_only_XGBoost,size+peak,p0.1|n10,mape,48.479375409785966,10,9
iter02b_ffnn,2,bstar_2023,HP_Peak,anchor_only_XGBoost,size+peak,p0.1|n10,r2,0.2408608628697787,10,9
iter02b_ffnn,2,bstar_2023,HP_Peak,anchor_only_XGBoost,size+peak,p0.1|n10,n_pred_nan,0.0,10,9
iter02b_ffnn,2,bstar_2023,HP_Peak,anchor_only_XGBoost,size+peak,p0.1|n10,mape_n_excluded,0.0,10,9
iter02b_ffnn,2,bstar_2023,HP_Peak,anchor_only_XGBoost,size+peak,p0.1|n20,rmse,6.095285691760528,10,13
iter02b_ffnn,2,bstar_2023,HP_Peak,anchor_only_XGBoost,size+peak,p0.1|n20,mae,4.80785315569459,10,13
iter02b_ffnn,2,bstar_2023,HP_Peak,anchor_only_XGBoost,size+peak,p0.1|n20,mape,44.7006531000218,10,13
iter02b_ffnn,2,bstar_2023,HP_Peak,anchor_only_XGBoost,size+peak,p0.1|n20,r2,-1.1203603917110598,10,13
iter02b_ffnn,2,bstar_2023,HP_Peak,anchor_only_XGBoost,size+peak,p0.1|n20,n_pred_nan,0.0,10,13
iter02b_ffnn,2,bstar_2023,HP_Peak,anchor_only_XGBoost,size+peak,p0.1|n20,mape_n_excluded,0.0,10,13
iter02b_ffnn,2,bstar_2023,HP_Peak,anchor_only_XGBoost,size+peak,p0.1|n40,rmse,12.298750931980358,5,13
iter02b_ffnn,2,bstar_2023,HP_Peak,anchor_only_XGBoost,size+peak,p0.1|n40,mae,10.366928053027468,5,13
iter02b_ffnn,2,bstar_2023,HP_Peak,anchor_only_XGBoost,size+peak,p0.1|n40,mape,40.84849778379638,5,13
iter02b_ffnn,2,bstar_2023,HP_Peak,anchor_only_XGBoost,size+peak,p0.1|n40,r2,-8.984024407050985,5,13
iter02b_ffnn,2,bstar_2023,HP_Peak,anchor_only_XGBoost,size+peak,p0.1|n40,n_pred_nan,0.0,5,13
iter02b_ffnn,2,bstar_2023,HP_Peak,anchor_only_XGBoost,size+peak,p0.1|n40,mape_n_excluded,0.0,5,13
iter02b_ffnn,2,bstar_2023,HP_Peak,anchor_only_XGBoost,size+peak,p0.1|n80,rmse,8.596372588290183,5,15
iter02b_ffnn,2,bstar_2023,HP_Peak,anchor_only_XGBoost,size+peak,p0.1|n80,mae,6.4249046765378335,5,15
iter02b_ffnn,2,bstar_2023,HP_Peak,anchor_only_XGBoost,size+peak,p0.1|n80,mape,13.186424088247955,5,15
iter02b_ffnn,2,bstar_2023,HP_Peak,anchor_only_XGBoost,size+peak,p0.1|n80,r2,-2.6706691273653886,5,15
iter02b_ffnn,2,bstar_2023,HP_Peak,anchor_only_XGBoost,size+peak,p0.1|n80,n_pred_nan,0.0,5,15
iter02b_ffnn,2,bstar_2023,HP_Peak,anchor_only_XGBoost,size+peak,p0.1|n80,mape_n_excluded,0.0,5,15
iter02b_ffnn,2,bstar_2023,HP_Peak,anchor_only_XGBoost,size+peak,p0.1|n120,rmse,25.98764973156156,5,16
iter02b_ffnn,2,bstar_2023,HP_Peak,anchor_only_XGBoost,size+peak,p0.1|n120,mae,17.165201766894384,5,16
iter02b_ffnn,2,bstar_2023,HP_Peak,anchor_only_XGBoost,size+peak,p0.1|n120,mape,21.10245999143337,5,16
iter02b_ffnn,2,bstar_2023,HP_Peak,anchor_only_XGBoost,size+peak,p0.1|n120,r2,-38.92324466237307,5,16
iter02b_ffnn,2,bstar_2023,HP_Peak,anchor_only_XGBoost,size+peak,p0.1|n120,n_pred_nan,0.0,5,16
iter02b_ffnn,2,bstar_2023,HP_Peak,anchor_only_XGBoost,size+peak,p0.1|n120,mape_n_excluded,0.0,5,16
iter02b_ffnn,2,bstar_2023,HP_Peak,anchor_only_XGBoost,size+peak,p0.2|n10,rmse,3.4229949814159357,10,14
iter02b_ffnn,2,bstar_2023,HP_Peak,anchor_only_XGBoost,size+peak,p0.2|n10,mae,2.412088043347138,10,14
iter02b_ffnn,2,bstar_2023,HP_Peak,anchor_only_XGBoost,size+peak,p0.2|n10,mape,29.262590987589967,10,14
iter02b_ffnn,2,bstar_2023,HP_Peak,anchor_only_XGBoost,size+peak,p0.2|n10,r2,0.1465681186087823,10,14
iter02b_ffnn,2,bstar_2023,HP_Peak,anchor_only_XGBoost,size+peak,p0.2|n10,n_pred_nan,0.0,10,14
iter02b_ffnn,2,bstar_2023,HP_Peak,anchor_only_XGBoost,size+peak,p0.2|n10,mape_n_excluded,0.0,10,14
iter02b_ffnn,2,bstar_2023,HP_Peak,anchor_only_XGBoost,size+peak,p0.2|n20,rmse,7.136281327675974,5,14
iter02b_ffnn,2,bstar_2023,HP_Peak,anchor_only_XGBoost,size+peak,p0.2|n20,mae,5.679254219165171,5,14
iter02b_ffnn,2,bstar_2023,HP_Peak,anchor_only_XGBoost,size+peak,p0.2|n20,mape,19.581891875143658,5,14
iter02b_ffnn,2,bstar_2023,HP_Peak,anchor_only_XGBoost,size+peak,p0.2|n20,r2,-2.793208394364696,5,14
iter02b_ffnn,2,bstar_2023,HP_Peak,anchor_only_XGBoost,size+peak,p0.2|n20,n_pred_nan,0.0,5,14
iter02b_ffnn,2,bstar_2023,HP_Peak,anchor_only_XGBoost,size+peak,p0.2|n20,mape_n_excluded,0.0,5,14
iter02b_ffnn,2,bstar_2023,HP_Peak,anchor_only_XGBoost,size+peak,p0.2|n40,rmse,9.694188657983732,5,16
iter02b_ffnn,2,bstar_2023,HP_Peak,anchor_only_XGBoost,size+peak,p0.2|n40,mae,7.433009276123249,5,16
iter02b_ffnn,2,bstar_2023,HP_Peak,anchor_only_XGBoost,size+peak,p0.2|n40,mape,12.782405307309302,5,16
iter02b_ffnn,2,bstar_2023,HP_Peak,anchor_only_XGBoost,size+peak,p0.2|n40,r2,-1.0863020548864624,5,16
iter02b_ffnn,2,bstar_2023,HP_Peak,anchor_only_XGBoost,size+peak,p0.2|n40,n_pred_nan,0.0,5,16
iter02b_ffnn,2,bstar_2023,HP_Peak,anchor_only_XGBoost,size+peak,p0.2|n40,mape_n_excluded,0.0,5,16
iter02b_ffnn,2,bstar_2023,HP_Peak,anchor_only_XGBoost,size+peak,p0.3|n10,rmse,7.654915515051567,10,14
iter02b_ffnn,2,bstar_2023,HP_Peak,anchor_only_XGBoost,size+peak,p0.3|n10,mae,6.606332452630662,10,14
iter02b_ffnn,2,bstar_2023,HP_Peak,anchor_only_XGBoost,size+peak,p0.3|n10,mape,37.64810908784469,10,14
iter02b_ffnn,2,bstar_2023,HP_Peak,anchor_only_XGBoost,size+peak,p0.3|n10,r2,-0.9927033638679994,10,14
iter02b_ffnn,2,bstar_2023,HP_Peak,anchor_only_XGBoost,size+peak,p0.3|n10,n_pred_nan,0.0,10,14
iter02b_ffnn,2,bstar_2023,HP_Peak,anchor_only_XGBoost,size+peak,p0.3|n10,mape_n_excluded,0.0,10,14
iter02b_ffnn,2,bstar_2023,HP_Peak,anchor_only_XGBoost,size+peak,p0.3|n20,rmse,9.754026687287157,5,15
iter02b_ffnn,2,bstar_2023,HP_Peak,anchor_only_XGBoost,size+peak,p0.3|n20,mae,7.209118103100685,5,15
iter02b_ffnn,2,bstar_2023,HP_Peak,anchor_only_XGBoost,size+peak,p0.3|n20,mape,17.906127750417006,5,15
iter02b_ffnn,2,bstar_2023,HP_Peak,anchor_only_XGBoost,size+peak,p0.3|n20,r2,-0.6536216699283759,5,15
iter02b_ffnn,2,bstar_2023,HP_Peak,anchor_only_XGBoost,size+peak,p0.3|n20,n_pred_nan,0.0,5,15
iter02b_ffnn,2,bstar_2023,HP_Peak,anchor_only_XGBoost,size+peak,p0.3|n20,mape_n_excluded,0.0,5,15
iter02b_ffnn,2,bstar_2023,HP_Peak,anchor_only_XGBoost,size+peak,p0.3|n40,rmse,15.38850728768611,5,16
iter02b_ffnn,2,bstar_2023,HP_Peak,anchor_only_XGBoost,size+peak,p0.3|n40,mae,13.31793024604531,5,16
iter02b_ffnn,2,bstar_2023,HP_Peak,anchor_only_XGBoost,size+peak,p0.3|n40,mape,16.4634911785054,5,16
iter02b_ffnn,2,bstar_2023,HP_Peak,anchor_only_XGBoost,size+peak,p0.3|n40,r2,-15.97601874492084,5,16
iter02b_ffnn,2,bstar_2023,HP_Peak,anchor_only_XGBoost,size+peak,p0.3|n40,n_pred_nan,0.0,5,16
iter02b_ffnn,2,bstar_2023,HP_Peak,anchor_only_XGBoost,size+peak,p0.3|n40,mape_n_excluded,0.0,5,16
iter02b_ffnn,2,bstar_2023,HP_Peak,anchor_only_XGBoost,size+peak,p0.5|n10,rmse,9.079092865462806,5,14
iter02b_ffnn,2,bstar_2023,HP_Peak,anchor_only_XGBoost,size+peak,p0.5|n10,mae,8.010841055835034,5,14
iter02b_ffnn,2,bstar_2023,HP_Peak,anchor_only_XGBoost,size+peak,p0.5|n10,mape,24.944715521494786,5,14
iter02b_ffnn,2,bstar_2023,HP_Peak,anchor_only_XGBoost,size+peak,p0.5|n10,r2,-5.462837458368434,5,14
iter02b_ffnn,2,bstar_2023,HP_Peak,anchor_only_XGBoost,size+peak,p0.5|n10,n_pred_nan,0.0,5,14
iter02b_ffnn,2,bstar_2023,HP_Peak,anchor_only_XGBoost,size+peak,p0.5|n10,mape_n_excluded,0.0,5,14
iter02b_ffnn,2,bstar_2023,HP_Peak,anchor_only_XGBoost,size+peak,p0.5|n20,rmse,10.622766096805364,5,15
iter02b_ffnn,2,bstar_2023,HP_Peak,anchor_only_XGBoost,size+peak,p0.5|n20,mae,9.410707630224868,5,15
iter02b_ffnn,2,bstar_2023,HP_Peak,anchor_only_XGBoost,size+peak,p0.5|n20,mape,14.521103910743657,5,15
iter02b_ffnn,2,bstar_2023,HP_Peak,anchor_only_XGBoost,size+peak,p0.5|n20,r2,-5.875633523716216,5,15
iter02b_ffnn,2,bstar_2023,HP_Peak,anchor_only_XGBoost,size+peak,p0.5|n20,n_pred_nan,0.0,5,15
iter02b_ffnn,2,bstar_2023,HP_Peak,anchor_only_XGBoost,size+peak,p0.5|n20,mape_n_excluded,0.0,5,15
iter02b_ffnn,2,bstar_2023,HP_Peak,anchor_only_XGBoost,size+peak,p1.0|n10,rmse,22.242823804503725,5,16
iter02b_ffnn,2,bstar_2023,HP_Peak,anchor_only_XGBoost,size+peak,p1.0|n10,mae,19.601739982886315,5,16
iter02b_ffnn,2,bstar_2023,HP_Peak,anchor_only_XGBoost,size+peak,p1.0|n10,mape,28.385405562272304,5,16
iter02b_ffnn,2,bstar_2023,HP_Peak,anchor_only_XGBoost,size+peak,p1.0|n10,r2,-23.356447101765564,5,16
iter02b_ffnn,2,bstar_2023,HP_Peak,anchor_only_XGBoost,size+peak,p1.0|n10,n_pred_nan,0.0,5,16
iter02b_ffnn,2,bstar_2023,HP_Peak,anchor_only_XGBoost,size+peak,p1.0|n10,mape_n_excluded,0.0,5,16
iter02b_ffnn,3,bstar_2023,HP_Peak,slope_only,none,all,rmse,12.74389854485828,130,20
iter02b_ffnn,3,bstar_2023,HP_Peak,slope_only,none,all,mae,9.072045345047814,130,20
iter02b_ffnn,3,bstar_2023,HP_Peak,slope_only,none,all,mape,58.359684676430334,130,20
iter02b_ffnn,3,bstar_2023,HP_Peak,slope_only,none,all,r2,0.7349474356215542,130,20
iter02b_ffnn,3,bstar_2023,HP_Peak,slope_only,none,all,n_pred_nan,0.0,130,20
iter02b_ffnn,3,bstar_2023,HP_Peak,slope_only,none,all,mape_n_excluded,0.0,130,20
iter02b_ffnn,3,bstar_2023,HP_Peak,slope_only,none,p0.05|n10,rmse,4.277899402813092,10,8
iter02b_ffnn,3,bstar_2023,HP_Peak,slope_only,none,p0.05|n10,mae,3.031882575739051,10,8
iter02b_ffnn,3,bstar_2023,HP_Peak,slope_only,none,p0.05|n10,mape,82.22501378295108,10,8
iter02b_ffnn,3,bstar_2023,HP_Peak,slope_only,none,p0.05|n10,r2,-7.941976750474225,10,8
iter02b_ffnn,3,bstar_2023,HP_Peak,slope_only,none,p0.05|n10,n_pred_nan,0.0,10,8
iter02b_ffnn,3,bstar_2023,HP_Peak,slope_only,none,p0.05|n10,mape_n_excluded,0.0,10,8
iter02b_ffnn,3,bstar_2023,HP_Peak,slope_only,none,p0.05|n20,rmse,6.2377619735877,10,7
iter02b_ffnn,3,bstar_2023,HP_Peak,slope_only,none,p0.05|n20,mae,5.143237047115211,10,7
iter02b_ffnn,3,bstar_2023,HP_Peak,slope_only,none,p0.05|n20,mape,152.52054756913876,10,7
iter02b_ffnn,3,bstar_2023,HP_Peak,slope_only,none,p0.05|n20,r2,-7.4162453516508275,10,7
iter02b_ffnn,3,bstar_2023,HP_Peak,slope_only,none,p0.05|n20,n_pred_nan,0.0,10,7
iter02b_ffnn,3,bstar_2023,HP_Peak,slope_only,none,p0.05|n20,mape_n_excluded,0.0,10,7
iter02b_ffnn,3,bstar_2023,HP_Peak,slope_only,none,p0.05|n40,rmse,8.817156538903062,10,14
iter02b_ffnn,3,bstar_2023,HP_Peak,slope_only,none,p0.05|n40,mae,7.661031888457201,10,14
iter02b_ffnn,3,bstar_2023,HP_Peak,slope_only,none,p0.05|n40,mape,89.26571196805547,10,14
iter02b_ffnn,3,bstar_2023,HP_Peak,slope_only,none,p0.05|n40,r2,-2.008266191676133,10,14
iter02b_ffnn,3,bstar_2023,HP_Peak,slope_only,none,p0.05|n40,n_pred_nan,0.0,10,14
iter02b_ffnn,3,bstar_2023,HP_Peak,slope_only,none,p0.05|n40,mape_n_excluded,0.0,10,14
iter02b_ffnn,3,bstar_2023,HP_Peak,slope_only,none,p0.05|n80,rmse,18.32541332873704,5,11
iter02b_ffnn,3,bstar_2023,HP_Peak,slope_only,none,p0.05|n80,mae,16.51015578934947,5,11
iter02b_ffnn,3,bstar_2023,HP_Peak,slope_only,none,p0.05|n80,mape,80.99512252233467,5,11
iter02b_ffnn,3,bstar_2023,HP_Peak,slope_only,none,p0.05|n80,r2,-27.230878372576555,5,11
iter02b_ffnn,3,bstar_2023,HP_Peak,slope_only,none,p0.05|n80,n_pred_nan,0.0,5,11
iter02b_ffnn,3,bstar_2023,HP_Peak,slope_only,none,p0.05|n80,mape_n_excluded,0.0,5,11
iter02b_ffnn,3,bstar_2023,HP_Peak,slope_only,none,p0.05|n120,rmse,29.60718805409592,5,13
iter02b_ffnn,3,bstar_2023,HP_Peak,slope_only,none,p0.05|n120,mae,28.96698822894625,5,13
iter02b_ffnn,3,bstar_2023,HP_Peak,slope_only,none,p0.05|n120,mape,67.67208018906011,5,13
iter02b_ffnn,3,bstar_2023,HP_Peak,slope_only,none,p0.05|n120,r2,-14.845113217934191,5,13
iter02b_ffnn,3,bstar_2023,HP_Peak,slope_only,none,p0.05|n120,n_pred_nan,0.0,5,13
iter02b_ffnn,3,bstar_2023,HP_Peak,slope_only,none,p0.05|n120,mape_n_excluded,0.0,5,13
iter02b_ffnn,3,bstar_2023,HP_Peak,slope_only,none,p0.1|n10,rmse,2.951536486856848,10,9
iter02b_ffnn,3,bstar_2023,HP_Peak,slope_only,none,p0.1|n10,mae,2.158592759795976,10,9
iter02b_ffnn,3,bstar_2023,HP_Peak,slope_only,none,p0.1|n10,mape,55.3555384501345,10,9
iter02b_ffnn,3,bstar_2023,HP_Peak,slope_only,none,p0.1|n10,r2,-0.6822659057692373,10,9
iter02b_ffnn,3,bstar_2023,HP_Peak,slope_only,none,p0.1|n10,n_pred_nan,0.0,10,9
iter02b_ffnn,3,bstar_2023,HP_Peak,slope_only,none,p0.1|n10,mape_n_excluded,0.0,10,9
iter02b_ffnn,3,bstar_2023,HP_Peak,slope_only,none,p0.1|n20,rmse,6.211447501597424,10,12
iter02b_ffnn,3,bstar_2023,HP_Peak,slope_only,none,p0.1|n20,mae,5.006328803445736,10,12
iter02b_ffnn,3,bstar_2023,HP_Peak,slope_only,none,p0.1|n20,mape,50.17616860757408,10,12
iter02b_ffnn,3,bstar_2023,HP_Peak,slope_only,none,p0.1|n20,r2,0.1676985395973843,10,12
iter02b_ffnn,3,bstar_2023,HP_Peak,slope_only,none,p0.1|n20,n_pred_nan,0.0,10,12
iter02b_ffnn,3,bstar_2023,HP_Peak,slope_only,none,p0.1|n20,mape_n_excluded,0.0,10,12
iter02b_ffnn,3,bstar_2023,HP_Peak,slope_only,none,p0.1|n40,rmse,15.020782237599624,5,12
iter02b_ffnn,3,bstar_2023,HP_Peak,slope_only,none,p0.1|n40,mae,14.130325951418666,5,12
iter02b_ffnn,3,bstar_2023,HP_Peak,slope_only,none,p0.1|n40,mape,56.90723860974318,5,12
iter02b_ffnn,3,bstar_2023,HP_Peak,slope_only,none,p0.1|n40,r2,-3.476402884543093,5,12
iter02b_ffnn,3,bstar_2023,HP_Peak,slope_only,none,p0.1|n40,n_pred_nan,0.0,5,12
iter02b_ffnn,3,bstar_2023,HP_Peak,slope_only,none,p0.1|n40,mape_n_excluded,0.0,5,12
iter02b_ffnn,3,bstar_2023,HP_Peak,slope_only,none,p0.1|n80,rmse,16.83819904351442,5,16
iter02b_ffnn,3,bstar_2023,HP_Peak,slope_only,none,p0.1|n80,mae,14.946816243914617,5,16
iter02b_ffnn,3,bstar_2023,HP_Peak,slope_only,none,p0.1|n80,mape,32.80329479462294,5,16
iter02b_ffnn,3,bstar_2023,HP_Peak,slope_only,none,p0.1|n80,r2,-3.9567655131235657,5,16
iter02b_ffnn,3,bstar_2023,HP_Peak,slope_only,none,p0.1|n80,n_pred_nan,0.0,5,16
iter02b_ffnn,3,bstar_2023,HP_Peak,slope_only,none,p0.1|n80,mape_n_excluded,0.0,5,16
iter02b_ffnn,3,bstar_2023,HP_Peak,slope_only,none,p0.1|n120,rmse,31.949900643480905,5,16
iter02b_ffnn,3,bstar_2023,HP_Peak,slope_only,none,p0.1|n120,mae,29.36808179675277,5,16
iter02b_ffnn,3,bstar_2023,HP_Peak,slope_only,none,p0.1|n120,mape,37.98094641005294,5,16
iter02b_ffnn,3,bstar_2023,HP_Peak,slope_only,none,p0.1|n120,r2,-28.188754664468934,5,16
iter02b_ffnn,3,bstar_2023,HP_Peak,slope_only,none,p0.1|n120,n_pred_nan,0.0,5,16
iter02b_ffnn,3,bstar_2023,HP_Peak,slope_only,none,p0.1|n120,mape_n_excluded,0.0,5,16
iter02b_ffnn,3,bstar_2023,HP_Peak,slope_only,none,p0.2|n10,rmse,7.729152645302323,10,9
iter02b_ffnn,3,bstar_2023,HP_Peak,slope_only,none,p0.2|n10,mae,5.926145240075367,10,9
iter02b_ffnn,3,bstar_2023,HP_Peak,slope_only,none,p0.2|n10,mape,70.3027756391704,10,9
iter02b_ffnn,3,bstar_2023,HP_Peak,slope_only,none,p0.2|n10,r2,-0.3042773863365666,10,9
iter02b_ffnn,3,bstar_2023,HP_Peak,slope_only,none,p0.2|n10,n_pred_nan,0.0,10,9
iter02b_ffnn,3,bstar_2023,HP_Peak,slope_only,none,p0.2|n10,mape_n_excluded,0.0,10,9
iter02b_ffnn,3,bstar_2023,HP_Peak,slope_only,none,p0.2|n20,rmse,14.412693151191814,5,11
iter02b_ffnn,3,bstar_2023,HP_Peak,slope_only,none,p0.2|n20,mae,12.913102160555033,5,11
iter02b_ffnn,3,bstar_2023,HP_Peak,slope_only,none,p0.2|n20,mape,73.49202607686891,5,11
iter02b_ffnn,3,bstar_2023,HP_Peak,slope_only,none,p0.2|n20,r2,-19.628396865080155,5,11
iter02b_ffnn,3,bstar_2023,HP_Peak,slope_only,none,p0.2|n20,n_pred_nan,0.0,5,11
iter02b_ffnn,3,bstar_2023,HP_Peak,slope_only,none,p0.2|n20,mape_n_excluded,0.0,5,11
iter02b_ffnn,3,bstar_2023,HP_Peak,slope_only,none,p0.2|n40,rmse,19.54813608991244,5,15
iter02b_ffnn,3,bstar_2023,HP_Peak,slope_only,none,p0.2|n40,mae,19.198204401771843,5,15
iter02b_ffnn,3,bstar_2023,HP_Peak,slope_only,none,p0.2|n40,mape,40.299819536484506,5,15
iter02b_ffnn,3,bstar_2023,HP_Peak,slope_only,none,p0.2|n40,r2,-2.8020301402248644,5,15
iter02b_ffnn,3,bstar_2023,HP_Peak,slope_only,none,p0.2|n40,n_pred_nan,0.0,5,15
iter02b_ffnn,3,bstar_2023,HP_Peak,slope_only,none,p0.2|n40,mape_n_excluded,0.0,5,15
iter02b_ffnn,3,bstar_2023,HP_Peak,slope_only,none,p0.3|n10,rmse,5.035269135932006,10,14
iter02b_ffnn,3,bstar_2023,HP_Peak,slope_only,none,p0.3|n10,mae,3.164985061580894,10,14
iter02b_ffnn,3,bstar_2023,HP_Peak,slope_only,none,p0.3|n10,mape,25.545862928773577,10,14
iter02b_ffnn,3,bstar_2023,HP_Peak,slope_only,none,p0.3|n10,r2,0.531682624836434,10,14
iter02b_ffnn,3,bstar_2023,HP_Peak,slope_only,none,p0.3|n10,n_pred_nan,0.0,10,14
iter02b_ffnn,3,bstar_2023,HP_Peak,slope_only,none,p0.3|n10,mape_n_excluded,0.0,10,14
iter02b_ffnn,3,bstar_2023,HP_Peak,slope_only,none,p0.3|n20,rmse,5.589987260881325,5,14
iter02b_ffnn,3,bstar_2023,HP_Peak,slope_only,none,p0.3|n20,mae,5.04534836191931,5,14
iter02b_ffnn,3,bstar_2023,HP_Peak,slope_only,none,p0.3|n20,mape,12.7788649309389,5,14
iter02b_ffnn,3,bstar_2023,HP_Peak,slope_only,none,p0.3|n20,r2,0.1543551400238441,5,14
iter02b_ffnn,3,bstar_2023,HP_Peak,slope_only,none,p0.3|n20,n_pred_nan,0.0,5,14
iter02b_ffnn,3,bstar_2023,HP_Peak,slope_only,none,p0.3|n20,mape_n_excluded,0.0,5,14
iter02b_ffnn,3,bstar_2023,HP_Peak,slope_only,none,p0.3|n40,rmse,8.48174898797245,5,16
iter02b_ffnn,3,bstar_2023,HP_Peak,slope_only,none,p0.3|n40,mae,7.855421751710864,5,16
iter02b_ffnn,3,bstar_2023,HP_Peak,slope_only,none,p0.3|n40,mape,9.773606586825492,5,16
iter02b_ffnn,3,bstar_2023,HP_Peak,slope_only,none,p0.3|n40,r2,-0.6664906809375428,5,16
iter02b_ffnn,3,bstar_2023,HP_Peak,slope_only,none,p0.3|n40,n_pred_nan,0.0,5,16
iter02b_ffnn,3,bstar_2023,HP_Peak,slope_only,none,p0.3|n40,mape_n_excluded,0.0,5,16
iter02b_ffnn,3,bstar_2023,HP_Peak,slope_only,none,p0.5|n10,rmse,9.557594826461402,5,14
iter02b_ffnn,3,bstar_2023,HP_Peak,slope_only,none,p0.5|n10,mae,8.721602834107529,5,14
iter02b_ffnn,3,bstar_2023,HP_Peak,slope_only,none,p0.5|n10,mape,30.479647729604544,5,14
iter02b_ffnn,3,bstar_2023,HP_Peak,slope_only,none,p0.5|n10,r2,0.0825908844649829,5,14
iter02b_ffnn,3,bstar_2023,HP_Peak,slope_only,none,p0.5|n10,n_pred_nan,0.0,5,14
iter02b_ffnn,3,bstar_2023,HP_Peak,slope_only,none,p0.5|n10,mape_n_excluded,0.0,5,14
iter02b_ffnn,3,bstar_2023,HP_Peak,slope_only,none,p0.5|n20,rmse,9.330768049970432,5,16
iter02b_ffnn,3,bstar_2023,HP_Peak,slope_only,none,p0.5|n20,mae,6.002820924844651,5,16
iter02b_ffnn,3,bstar_2023,HP_Peak,slope_only,none,p0.5|n20,mape,10.173061511224573,5,16
iter02b_ffnn,3,bstar_2023,HP_Peak,slope_only,none,p0.5|n20,r2,0.0373093322771156,5,16
iter02b_ffnn,3,bstar_2023,HP_Peak,slope_only,none,p0.5|n20,n_pred_nan,0.0,5,16
iter02b_ffnn,3,bstar_2023,HP_Peak,slope_only,none,p0.5|n20,mape_n_excluded,0.0,5,16
iter02b_ffnn,3,bstar_2023,HP_Peak,slope_only,none,p1.0|n10,rmse,8.6078837773712,5,16
iter02b_ffnn,3,bstar_2023,HP_Peak,slope_only,none,p1.0|n10,mae,8.029903773533297,5,16
iter02b_ffnn,3,bstar_2023,HP_Peak,slope_only,none,p1.0|n10,mape,13.21285479783197,5,16
iter02b_ffnn,3,bstar_2023,HP_Peak,slope_only,none,p1.0|n10,r2,0.1781314992563593,5,16
iter02b_ffnn,3,bstar_2023,HP_Peak,slope_only,none,p1.0|n10,n_pred_nan,0.0,5,16
iter02b_ffnn,3,bstar_2023,HP_Peak,slope_only,none,p1.0|n10,mape_n_excluded,0.0,5,16
iter02b_ffnn,3,bstar_2023,HP_Peak,slope_only,none,all,at_bound_share_train,0.0065217391304347,460,62
iter02b_ffnn,3,bstar_2023,HP_Peak,slope_only,none,all,at_bound_share_test,0.0384615384615384,130,20
iter02b_ffnn,3,bstar_2023,HP_Peak,slope_base,none,all,rmse,12.632927810874056,130,20
iter02b_ffnn,3,bstar_2023,HP_Peak,slope_base,none,all,mae,9.6512165155885,130,20
iter02b_ffnn,3,bstar_2023,HP_Peak,slope_base,none,all,mape,69.62464489425575,130,20
iter02b_ffnn,3,bstar_2023,HP_Peak,slope_base,none,all,r2,0.7395433630903345,130,20
iter02b_ffnn,3,bstar_2023,HP_Peak,slope_base,none,all,n_pred_nan,0.0,130,20
iter02b_ffnn,3,bstar_2023,HP_Peak,slope_base,none,all,mape_n_excluded,0.0,130,20
iter02b_ffnn,3,bstar_2023,HP_Peak,slope_base,none,p0.05|n10,rmse,6.078351657222441,10,8
iter02b_ffnn,3,bstar_2023,HP_Peak,slope_base,none,p0.05|n10,mae,4.901477448435959,10,8
iter02b_ffnn,3,bstar_2023,HP_Peak,slope_base,none,p0.05|n10,mape,130.21848339215967,10,8
iter02b_ffnn,3,bstar_2023,HP_Peak,slope_base,none,p0.05|n10,r2,-17.052778156742775,10,8
iter02b_ffnn,3,bstar_2023,HP_Peak,slope_base,none,p0.05|n10,n_pred_nan,0.0,10,8
iter02b_ffnn,3,bstar_2023,HP_Peak,slope_base,none,p0.05|n10,mape_n_excluded,0.0,10,8
iter02b_ffnn,3,bstar_2023,HP_Peak,slope_base,none,p0.05|n20,rmse,7.09082927442882,10,7
iter02b_ffnn,3,bstar_2023,HP_Peak,slope_base,none,p0.05|n20,mae,5.748355333921168,10,7
iter02b_ffnn,3,bstar_2023,HP_Peak,slope_base,none,p0.05|n20,mape,171.7915950306903,10,7
iter02b_ffnn,3,bstar_2023,HP_Peak,slope_base,none,p0.05|n20,r2,-9.875640632196257,10,7
iter02b_ffnn,3,bstar_2023,HP_Peak,slope_base,none,p0.05|n20,n_pred_nan,0.0,10,7
iter02b_ffnn,3,bstar_2023,HP_Peak,slope_base,none,p0.05|n20,mape_n_excluded,0.0,10,7
iter02b_ffnn,3,bstar_2023,HP_Peak,slope_base,none,p0.05|n40,rmse,7.326037718747508,10,14
iter02b_ffnn,3,bstar_2023,HP_Peak,slope_base,none,p0.05|n40,mae,5.851238757283586,10,14
iter02b_ffnn,3,bstar_2023,HP_Peak,slope_base,none,p0.05|n40,mape,68.32938545072864,10,14
iter02b_ffnn,3,bstar_2023,HP_Peak,slope_base,none,p0.05|n40,r2,-1.0768133223215175,10,14
iter02b_ffnn,3,bstar_2023,HP_Peak,slope_base,none,p0.05|n40,n_pred_nan,0.0,10,14
iter02b_ffnn,3,bstar_2023,HP_Peak,slope_base,none,p0.05|n40,mape_n_excluded,0.0,10,14
iter02b_ffnn,3,bstar_2023,HP_Peak,slope_base,none,p0.05|n80,rmse,13.769734380590986,5,11
iter02b_ffnn,3,bstar_2023,HP_Peak,slope_base,none,p0.05|n80,mae,10.231894770826244,5,11
iter02b_ffnn,3,bstar_2023,HP_Peak,slope_base,none,p0.05|n80,mape,50.7633671633538,5,11
iter02b_ffnn,3,bstar_2023,HP_Peak,slope_base,none,p0.05|n80,r2,-14.939252798243457,5,11
iter02b_ffnn,3,bstar_2023,HP_Peak,slope_base,none,p0.05|n80,n_pred_nan,0.0,5,11
iter02b_ffnn,3,bstar_2023,HP_Peak,slope_base,none,p0.05|n80,mape_n_excluded,0.0,5,11
iter02b_ffnn,3,bstar_2023,HP_Peak,slope_base,none,p0.05|n120,rmse,18.249373021886484,5,13
iter02b_ffnn,3,bstar_2023,HP_Peak,slope_base,none,p0.05|n120,mae,17.115393610661354,5,13
iter02b_ffnn,3,bstar_2023,HP_Peak,slope_base,none,p0.05|n120,mape,38.998017811272135,5,13
iter02b_ffnn,3,bstar_2023,HP_Peak,slope_base,none,p0.05|n120,r2,-5.020005930035183,5,13
iter02b_ffnn,3,bstar_2023,HP_Peak,slope_base,none,p0.05|n120,n_pred_nan,0.0,5,13
iter02b_ffnn,3,bstar_2023,HP_Peak,slope_base,none,p0.05|n120,mape_n_excluded,0.0,5,13
iter02b_ffnn,3,bstar_2023,HP_Peak,slope_base,none,p0.1|n10,rmse,4.111196986507299,10,9
iter02b_ffnn,3,bstar_2023,HP_Peak,slope_base,none,p0.1|n10,mae,3.4515462037225757,10,9
iter02b_ffnn,3,bstar_2023,HP_Peak,slope_base,none,p0.1|n10,mape,95.65498961818952,10,9
iter02b_ffnn,3,bstar_2023,HP_Peak,slope_base,none,p0.1|n10,r2,-2.26388541234276,10,9
iter02b_ffnn,3,bstar_2023,HP_Peak,slope_base,none,p0.1|n10,n_pred_nan,0.0,10,9
iter02b_ffnn,3,bstar_2023,HP_Peak,slope_base,none,p0.1|n10,mape_n_excluded,0.0,10,9
iter02b_ffnn,3,bstar_2023,HP_Peak,slope_base,none,p0.1|n20,rmse,6.931810779801377,10,12
iter02b_ffnn,3,bstar_2023,HP_Peak,slope_base,none,p0.1|n20,mae,5.487119994603747,10,12
iter02b_ffnn,3,bstar_2023,HP_Peak,slope_base,none,p0.1|n20,mape,53.60407832705573,10,12
iter02b_ffnn,3,bstar_2023,HP_Peak,slope_base,none,p0.1|n20,r2,-0.0365456107247785,10,12
iter02b_ffnn,3,bstar_2023,HP_Peak,slope_base,none,p0.1|n20,n_pred_nan,0.0,10,12
iter02b_ffnn,3,bstar_2023,HP_Peak,slope_base,none,p0.1|n20,mape_n_excluded,0.0,10,12
iter02b_ffnn,3,bstar_2023,HP_Peak,slope_base,none,p0.1|n40,rmse,14.838597518189092,5,12
iter02b_ffnn,3,bstar_2023,HP_Peak,slope_base,none,p0.1|n40,mae,13.761225770732649,5,12
iter02b_ffnn,3,bstar_2023,HP_Peak,slope_base,none,p0.1|n40,mape,55.78082542467284,5,12
iter02b_ffnn,3,bstar_2023,HP_Peak,slope_base,none,p0.1|n40,r2,-3.368474221525526,5,12
iter02b_ffnn,3,bstar_2023,HP_Peak,slope_base,none,p0.1|n40,n_pred_nan,0.0,5,12
iter02b_ffnn,3,bstar_2023,HP_Peak,slope_base,none,p0.1|n40,mape_n_excluded,0.0,5,12
iter02b_ffnn,3,bstar_2023,HP_Peak,slope_base,none,p0.1|n80,rmse,14.131298057473924,5,16
iter02b_ffnn,3,bstar_2023,HP_Peak,slope_base,none,p0.1|n80,mae,12.72811906617973,5,16
iter02b_ffnn,3,bstar_2023,HP_Peak,slope_base,none,p0.1|n80,mape,27.554957578628542,5,16
iter02b_ffnn,3,bstar_2023,HP_Peak,slope_base,none,p0.1|n80,r2,-2.4911717104515585,5,16
iter02b_ffnn,3,bstar_2023,HP_Peak,slope_base,none,p0.1|n80,n_pred_nan,0.0,5,16
iter02b_ffnn,3,bstar_2023,HP_Peak,slope_base,none,p0.1|n80,mape_n_excluded,0.0,5,16
iter02b_ffnn,3,bstar_2023,HP_Peak,slope_base,none,p0.1|n120,rmse,26.48099080410581,5,16
iter02b_ffnn,3,bstar_2023,HP_Peak,slope_base,none,p0.1|n120,mae,22.382146690545625,5,16
iter02b_ffnn,3,bstar_2023,HP_Peak,slope_base,none,p0.1|n120,mape,29.228546126538003,5,16
iter02b_ffnn,3,bstar_2023,HP_Peak,slope_base,none,p0.1|n120,r2,-19.05141397311288,5,16
iter02b_ffnn,3,bstar_2023,HP_Peak,slope_base,none,p0.1|n120,n_pred_nan,0.0,5,16
iter02b_ffnn,3,bstar_2023,HP_Peak,slope_base,none,p0.1|n120,mape_n_excluded,0.0,5,16
iter02b_ffnn,3,bstar_2023,HP_Peak,slope_base,none,p0.2|n10,rmse,10.979783018645035,10,9
iter02b_ffnn,3,bstar_2023,HP_Peak,slope_base,none,p0.2|n10,mae,9.06771444771671,10,9
iter02b_ffnn,3,bstar_2023,HP_Peak,slope_base,none,p0.2|n10,mape,107.43289674531552,10,9
iter02b_ffnn,3,bstar_2023,HP_Peak,slope_base,none,p0.2|n10,r2,-1.632047430472234,10,9
iter02b_ffnn,3,bstar_2023,HP_Peak,slope_base,none,p0.2|n10,n_pred_nan,0.0,10,9
iter02b_ffnn,3,bstar_2023,HP_Peak,slope_base,none,p0.2|n10,mape_n_excluded,0.0,10,9
iter02b_ffnn,3,bstar_2023,HP_Peak,slope_base,none,p0.2|n20,rmse,17.773839912713115,5,11
iter02b_ffnn,3,bstar_2023,HP_Peak,slope_base,none,p0.2|n20,mae,16.065283499699134,5,11
iter02b_ffnn,3,bstar_2023,HP_Peak,slope_base,none,p0.2|n20,mape,91.8145034912914,5,11
iter02b_ffnn,3,bstar_2023,HP_Peak,slope_base,none,p0.2|n20,r2,-30.371676318029976,5,11
iter02b_ffnn,3,bstar_2023,HP_Peak,slope_base,none,p0.2|n20,n_pred_nan,0.0,5,11
iter02b_ffnn,3,bstar_2023,HP_Peak,slope_base,none,p0.2|n20,mape_n_excluded,0.0,5,11
iter02b_ffnn,3,bstar_2023,HP_Peak,slope_base,none,p0.2|n40,rmse,23.146265263919275,5,15
iter02b_ffnn,3,bstar_2023,HP_Peak,slope_base,none,p0.2|n40,mae,22.722055759128217,5,15
iter02b_ffnn,3,bstar_2023,HP_Peak,slope_base,none,p0.2|n40,mape,47.56521966801472,5,15
iter02b_ffnn,3,bstar_2023,HP_Peak,slope_base,none,p0.2|n40,r2,-4.330484681811417,5,15
iter02b_ffnn,3,bstar_2023,HP_Peak,slope_base,none,p0.2|n40,n_pred_nan,0.0,5,15
iter02b_ffnn,3,bstar_2023,HP_Peak,slope_base,none,p0.2|n40,mape_n_excluded,0.0,5,15
iter02b_ffnn,3,bstar_2023,HP_Peak,slope_base,none,p0.3|n10,rmse,7.801002075725823,10,14
iter02b_ffnn,3,bstar_2023,HP_Peak,slope_base,none,p0.3|n10,mae,5.749386159440775,10,14
iter02b_ffnn,3,bstar_2023,HP_Peak,slope_base,none,p0.3|n10,mape,48.75232327645204,10,14
iter02b_ffnn,3,bstar_2023,HP_Peak,slope_base,none,p0.3|n10,r2,-0.124076013686875,10,14
iter02b_ffnn,3,bstar_2023,HP_Peak,slope_base,none,p0.3|n10,n_pred_nan,0.0,10,14
iter02b_ffnn,3,bstar_2023,HP_Peak,slope_base,none,p0.3|n10,mape_n_excluded,0.0,10,14
iter02b_ffnn,3,bstar_2023,HP_Peak,slope_base,none,p0.3|n20,rmse,6.624024491786327,5,14
iter02b_ffnn,3,bstar_2023,HP_Peak,slope_base,none,p0.3|n20,mae,5.227605074269866,5,14
iter02b_ffnn,3,bstar_2023,HP_Peak,slope_base,none,p0.3|n20,mape,13.047632348097366,5,14
iter02b_ffnn,3,bstar_2023,HP_Peak,slope_base,none,p0.3|n20,r2,-0.1874360676835391,5,14
iter02b_ffnn,3,bstar_2023,HP_Peak,slope_base,none,p0.3|n20,n_pred_nan,0.0,5,14
iter02b_ffnn,3,bstar_2023,HP_Peak,slope_base,none,p0.3|n20,mape_n_excluded,0.0,5,14
iter02b_ffnn,3,bstar_2023,HP_Peak,slope_base,none,p0.3|n40,rmse,12.39090444153002,5,16
iter02b_ffnn,3,bstar_2023,HP_Peak,slope_base,none,p0.3|n40,mae,10.90528287406074,5,16
iter02b_ffnn,3,bstar_2023,HP_Peak,slope_base,none,p0.3|n40,mape,13.501919810362986,5,16
iter02b_ffnn,3,bstar_2023,HP_Peak,slope_base,none,p0.3|n40,r2,-2.556624972917024,5,16
iter02b_ffnn,3,bstar_2023,HP_Peak,slope_base,none,p0.3|n40,n_pred_nan,0.0,5,16
iter02b_ffnn,3,bstar_2023,HP_Peak,slope_base,none,p0.3|n40,mape_n_excluded,0.0,5,16
iter02b_ffnn,3,bstar_2023,HP_Peak,slope_base,none,p0.5|n10,rmse,14.812921780491122,5,14
iter02b_ffnn,3,bstar_2023,HP_Peak,slope_base,none,p0.5|n10,mae,13.942032776089455,5,14
iter02b_ffnn,3,bstar_2023,HP_Peak,slope_base,none,p0.5|n10,mape,48.24277488252459,5,14
iter02b_ffnn,3,bstar_2023,HP_Peak,slope_base,none,p0.5|n10,r2,-1.20367365125289,5,14
iter02b_ffnn,3,bstar_2023,HP_Peak,slope_base,none,p0.5|n10,n_pred_nan,0.0,5,14
iter02b_ffnn,3,bstar_2023,HP_Peak,slope_base,none,p0.5|n10,mape_n_excluded,0.0,5,14
iter02b_ffnn,3,bstar_2023,HP_Peak,slope_base,none,p0.5|n20,rmse,15.339462742770108,5,16
iter02b_ffnn,3,bstar_2023,HP_Peak,slope_base,none,p0.5|n20,mae,13.232373431324383,5,16
iter02b_ffnn,3,bstar_2023,HP_Peak,slope_base,none,p0.5|n20,mape,21.59374945500701,5,16
iter02b_ffnn,3,bstar_2023,HP_Peak,slope_base,none,p0.5|n20,r2,-1.601790193597494,5,16
iter02b_ffnn,3,bstar_2023,HP_Peak,slope_base,none,p0.5|n20,n_pred_nan,0.0,5,16
iter02b_ffnn,3,bstar_2023,HP_Peak,slope_base,none,p0.5|n20,mape_n_excluded,0.0,5,16
iter02b_ffnn,3,bstar_2023,HP_Peak,slope_base,none,p1.0|n10,rmse,15.075920493182355,5,16
iter02b_ffnn,3,bstar_2023,HP_Peak,slope_base,none,p1.0|n10,mae,12.104539391534525,5,16
iter02b_ffnn,3,bstar_2023,HP_Peak,slope_base,none,p1.0|n10,mape,20.581749809703105,5,16
iter02b_ffnn,3,bstar_2023,HP_Peak,slope_base,none,p1.0|n10,r2,-1.521025412721403,5,16
iter02b_ffnn,3,bstar_2023,HP_Peak,slope_base,none,p1.0|n10,n_pred_nan,0.0,5,16
iter02b_ffnn,3,bstar_2023,HP_Peak,slope_base,none,p1.0|n10,mape_n_excluded,0.0,5,16
iter02b_ffnn,3,bstar_2023,HP_Peak,slope_base,none,all,at_bound_share_train,0.0065217391304347,460,62
iter02b_ffnn,3,bstar_2023,HP_Peak,slope_base,none,all,at_bound_share_test,0.0384615384615384,130,20
iter02b_ffnn,3,bstar_2023,HP_Peak,calibrated_delta,none,all,rmse,13.006824784399146,130,20
iter02b_ffnn,3,bstar_2023,HP_Peak,calibrated_delta,none,all,mae,9.141324231163717,130,20
iter02b_ffnn,3,bstar_2023,HP_Peak,calibrated_delta,none,all,mape,60.61730337281909,130,20
iter02b_ffnn,3,bstar_2023,HP_Peak,calibrated_delta,none,all,r2,0.7238977286152442,130,20
iter02b_ffnn,3,bstar_2023,HP_Peak,calibrated_delta,none,all,n_pred_nan,0.0,130,20
iter02b_ffnn,3,bstar_2023,HP_Peak,calibrated_delta,none,all,mape_n_excluded,0.0,130,20
iter02b_ffnn,3,bstar_2023,HP_Peak,calibrated_delta,none,p0.05|n10,rmse,4.475405335529149,10,8
iter02b_ffnn,3,bstar_2023,HP_Peak,calibrated_delta,none,p0.05|n10,mae,3.3099624629227504,10,8
iter02b_ffnn,3,bstar_2023,HP_Peak,calibrated_delta,none,p0.05|n10,mape,90.05170288049227,10,8
iter02b_ffnn,3,bstar_2023,HP_Peak,calibrated_delta,none,p0.05|n10,r2,-8.786719737239634,10,8
iter02b_ffnn,3,bstar_2023,HP_Peak,calibrated_delta,none,p0.05|n10,n_pred_nan,0.0,10,8
iter02b_ffnn,3,bstar_2023,HP_Peak,calibrated_delta,none,p0.05|n10,mape_n_excluded,0.0,10,8
iter02b_ffnn,3,bstar_2023,HP_Peak,calibrated_delta,none,p0.05|n20,rmse,6.640363900046859,10,7
iter02b_ffnn,3,bstar_2023,HP_Peak,calibrated_delta,none,p0.05|n20,mae,5.683363040011525,10,7
iter02b_ffnn,3,bstar_2023,HP_Peak,calibrated_delta,none,p0.05|n20,mape,164.08415383359664,10,7
iter02b_ffnn,3,bstar_2023,HP_Peak,calibrated_delta,none,p0.05|n20,r2,-8.537719598151392,10,7
iter02b_ffnn,3,bstar_2023,HP_Peak,calibrated_delta,none,p0.05|n20,n_pred_nan,0.0,10,7
iter02b_ffnn,3,bstar_2023,HP_Peak,calibrated_delta,none,p0.05|n20,mape_n_excluded,0.0,10,7
iter02b_ffnn,3,bstar_2023,HP_Peak,calibrated_delta,none,p0.05|n40,rmse,8.958328486386666,10,14
iter02b_ffnn,3,bstar_2023,HP_Peak,calibrated_delta,none,p0.05|n40,mae,7.794784357796024,10,14
iter02b_ffnn,3,bstar_2023,HP_Peak,calibrated_delta,none,p0.05|n40,mape,88.75593620712067,10,14
iter02b_ffnn,3,bstar_2023,HP_Peak,calibrated_delta,none,p0.05|n40,r2,-2.105368381935806,10,14
iter02b_ffnn,3,bstar_2023,HP_Peak,calibrated_delta,none,p0.05|n40,n_pred_nan,0.0,10,14
iter02b_ffnn,3,bstar_2023,HP_Peak,calibrated_delta,none,p0.05|n40,mape_n_excluded,0.0,10,14
iter02b_ffnn,3,bstar_2023,HP_Peak,calibrated_delta,none,p0.05|n80,rmse,20.750165669761035,5,11
iter02b_ffnn,3,bstar_2023,HP_Peak,calibrated_delta,none,p0.05|n80,mae,19.09738718887811,5,11
iter02b_ffnn,3,bstar_2023,HP_Peak,calibrated_delta,none,p0.05|n80,mape,93.00335449346638,5,11
iter02b_ffnn,3,bstar_2023,HP_Peak,calibrated_delta,none,p0.05|n80,r2,-35.195949204933726,5,11
iter02b_ffnn,3,bstar_2023,HP_Peak,calibrated_delta,none,p0.05|n80,n_pred_nan,0.0,5,11
iter02b_ffnn,3,bstar_2023,HP_Peak,calibrated_delta,none,p0.05|n80,mape_n_excluded,0.0,5,11
iter02b_ffnn,3,bstar_2023,HP_Peak,calibrated_delta,none,p0.05|n120,rmse,32.25668525728867,5,13
iter02b_ffnn,3,bstar_2023,HP_Peak,calibrated_delta,none,p0.05|n120,mae,31.626665016531263,5,13
iter02b_ffnn,3,bstar_2023,HP_Peak,calibrated_delta,none,p0.05|n120,mape,73.97082969855077,5,13
iter02b_ffnn,3,bstar_2023,HP_Peak,calibrated_delta,none,p0.05|n120,r2,-17.807908166578574,5,13
iter02b_ffnn,3,bstar_2023,HP_Peak,calibrated_delta,none,p0.05|n120,n_pred_nan,0.0,5,13
iter02b_ffnn,3,bstar_2023,HP_Peak,calibrated_delta,none,p0.05|n120,mape_n_excluded,0.0,5,13
iter02b_ffnn,3,bstar_2023,HP_Peak,calibrated_delta,none,p0.1|n10,rmse,2.9431074996191824,10,9
iter02b_ffnn,3,bstar_2023,HP_Peak,calibrated_delta,none,p0.1|n10,mae,2.3875366943584937,10,9
iter02b_ffnn,3,bstar_2023,HP_Peak,calibrated_delta,none,p0.1|n10,mape,63.99201967472734,10,9
iter02b_ffnn,3,bstar_2023,HP_Peak,calibrated_delta,none,p0.1|n10,r2,-0.6726712078175769,10,9
iter02b_ffnn,3,bstar_2023,HP_Peak,calibrated_delta,none,p0.1|n10,n_pred_nan,0.0,10,9
iter02b_ffnn,3,bstar_2023,HP_Peak,calibrated_delta,none,p0.1|n10,mape_n_excluded,0.0,10,9
iter02b_ffnn,3,bstar_2023,HP_Peak,calibrated_delta,none,p0.1|n20,rmse,5.969550785877348,10,12
iter02b_ffnn,3,bstar_2023,HP_Peak,calibrated_delta,none,p0.1|n20,mae,4.8057470338592,10,12
iter02b_ffnn,3,bstar_2023,HP_Peak,calibrated_delta,none,p0.1|n20,mape,46.49591182065008,10,12
iter02b_ffnn,3,bstar_2023,HP_Peak,calibrated_delta,none,p0.1|n20,r2,0.2312620498422748,10,12
iter02b_ffnn,3,bstar_2023,HP_Peak,calibrated_delta,none,p0.1|n20,n_pred_nan,0.0,10,12
iter02b_ffnn,3,bstar_2023,HP_Peak,calibrated_delta,none,p0.1|n20,mape_n_excluded,0.0,10,12
iter02b_ffnn,3,bstar_2023,HP_Peak,calibrated_delta,none,p0.1|n40,rmse,16.126811673614654,5,12
iter02b_ffnn,3,bstar_2023,HP_Peak,calibrated_delta,none,p0.1|n40,mae,15.108128372769103,5,12
iter02b_ffnn,3,bstar_2023,HP_Peak,calibrated_delta,none,p0.1|n40,mape,61.08698534140448,5,12
iter02b_ffnn,3,bstar_2023,HP_Peak,calibrated_delta,none,p0.1|n40,r2,-4.1598977498123215,5,12
iter02b_ffnn,3,bstar_2023,HP_Peak,calibrated_delta,none,p0.1|n40,n_pred_nan,0.0,5,12
iter02b_ffnn,3,bstar_2023,HP_Peak,calibrated_delta,none,p0.1|n40,mape_n_excluded,0.0,5,12
iter02b_ffnn,3,bstar_2023,HP_Peak,calibrated_delta,none,p0.1|n80,rmse,17.536147751923938,5,16
iter02b_ffnn,3,bstar_2023,HP_Peak,calibrated_delta,none,p0.1|n80,mae,15.49004220759997,5,16
iter02b_ffnn,3,bstar_2023,HP_Peak,calibrated_delta,none,p0.1|n80,mape,33.69119681057741,5,16
iter02b_ffnn,3,bstar_2023,HP_Peak,calibrated_delta,none,p0.1|n80,r2,-4.3762008907074215,5,16
iter02b_ffnn,3,bstar_2023,HP_Peak,calibrated_delta,none,p0.1|n80,n_pred_nan,0.0,5,16
iter02b_ffnn,3,bstar_2023,HP_Peak,calibrated_delta,none,p0.1|n80,mape_n_excluded,0.0,5,16
iter02b_ffnn,3,bstar_2023,HP_Peak,calibrated_delta,none,p0.1|n120,rmse,31.67686001409183,5,16
iter02b_ffnn,3,bstar_2023,HP_Peak,calibrated_delta,none,p0.1|n120,mae,29.227064708724345,5,16
iter02b_ffnn,3,bstar_2023,HP_Peak,calibrated_delta,none,p0.1|n120,mape,37.830456165821325,5,16
iter02b_ffnn,3,bstar_2023,HP_Peak,calibrated_delta,none,p0.1|n120,r2,-27.69199808054191,5,16
iter02b_ffnn,3,bstar_2023,HP_Peak,calibrated_delta,none,p0.1|n120,n_pred_nan,0.0,5,16
iter02b_ffnn,3,bstar_2023,HP_Peak,calibrated_delta,none,p0.1|n120,mape_n_excluded,0.0,5,16
iter02b_ffnn,3,bstar_2023,HP_Peak,calibrated_delta,none,p0.2|n10,rmse,8.50133857332679,10,9
iter02b_ffnn,3,bstar_2023,HP_Peak,calibrated_delta,none,p0.2|n10,mae,6.29324770048561,10,9
iter02b_ffnn,3,bstar_2023,HP_Peak,calibrated_delta,none,p0.2|n10,mape,74.05744880537735,10,9
iter02b_ffnn,3,bstar_2023,HP_Peak,calibrated_delta,none,p0.2|n10,r2,-0.5779048864575251,10,9
iter02b_ffnn,3,bstar_2023,HP_Peak,calibrated_delta,none,p0.2|n10,n_pred_nan,0.0,10,9
iter02b_ffnn,3,bstar_2023,HP_Peak,calibrated_delta,none,p0.2|n10,mape_n_excluded,0.0,10,9
iter02b_ffnn,3,bstar_2023,HP_Peak,calibrated_delta,none,p0.2|n20,rmse,14.018425317820256,5,11
iter02b_ffnn,3,bstar_2023,HP_Peak,calibrated_delta,none,p0.2|n20,mae,12.66607199423387,5,11
iter02b_ffnn,3,bstar_2023,HP_Peak,calibrated_delta,none,p0.2|n20,mape,72.70580150871757,5,11
iter02b_ffnn,3,bstar_2023,HP_Peak,calibrated_delta,none,p0.2|n20,r2,-18.515229441595007,5,11
iter02b_ffnn,3,bstar_2023,HP_Peak,calibrated_delta,none,p0.2|n20,n_pred_nan,0.0,5,11
iter02b_ffnn,3,bstar_2023,HP_Peak,calibrated_delta,none,p0.2|n20,mape_n_excluded,0.0,5,11
iter02b_ffnn,3,bstar_2023,HP_Peak,calibrated_delta,none,p0.2|n40,rmse,17.992829106088834,5,15
iter02b_ffnn,3,bstar_2023,HP_Peak,calibrated_delta,none,p0.2|n40,mae,17.496470840527927,5,15
iter02b_ffnn,3,bstar_2023,HP_Peak,calibrated_delta,none,p0.2|n40,mape,37.21142684419648,5,15
iter02b_ffnn,3,bstar_2023,HP_Peak,calibrated_delta,none,p0.2|n40,r2,-2.2210966629166893,5,15
iter02b_ffnn,3,bstar_2023,HP_Peak,calibrated_delta,none,p0.2|n40,n_pred_nan,0.0,5,15
iter02b_ffnn,3,bstar_2023,HP_Peak,calibrated_delta,none,p0.2|n40,mape_n_excluded,0.0,5,15
iter02b_ffnn,3,bstar_2023,HP_Peak,calibrated_delta,none,p0.3|n10,rmse,4.989600759341626,10,14
iter02b_ffnn,3,bstar_2023,HP_Peak,calibrated_delta,none,p0.3|n10,mae,3.0243179714812483,10,14
iter02b_ffnn,3,bstar_2023,HP_Peak,calibrated_delta,none,p0.3|n10,mape,23.08569109966705,10,14
iter02b_ffnn,3,bstar_2023,HP_Peak,calibrated_delta,none,p0.3|n10,r2,0.5401390967806173,10,14
iter02b_ffnn,3,bstar_2023,HP_Peak,calibrated_delta,none,p0.3|n10,n_pred_nan,0.0,10,14
iter02b_ffnn,3,bstar_2023,HP_Peak,calibrated_delta,none,p0.3|n10,mape_n_excluded,0.0,10,14
iter02b_ffnn,3,bstar_2023,HP_Peak,calibrated_delta,none,p0.3|n20,rmse,4.831739099501501,5,14
iter02b_ffnn,3,bstar_2023,HP_Peak,calibrated_delta,none,p0.3|n20,mae,4.418598681548308,5,14
iter02b_ffnn,3,bstar_2023,HP_Peak,calibrated_delta,none,p0.3|n20,mape,11.28263250689403,5,14
iter02b_ffnn,3,bstar_2023,HP_Peak,calibrated_delta,none,p0.3|n20,r2,0.3682091553040784,5,14
iter02b_ffnn,3,bstar_2023,HP_Peak,calibrated_delta,none,p0.3|n20,n_pred_nan,0.0,5,14
iter02b_ffnn,3,bstar_2023,HP_Peak,calibrated_delta,none,p0.3|n20,mape_n_excluded,0.0,5,14
iter02b_ffnn,3,bstar_2023,HP_Peak,calibrated_delta,none,p0.3|n40,rmse,7.75227046040398,5,16
iter02b_ffnn,3,bstar_2023,HP_Peak,calibrated_delta,none,p0.3|n40,mae,6.689368982886824,5,16
iter02b_ffnn,3,bstar_2023,HP_Peak,calibrated_delta,none,p0.3|n40,mape,8.310509814095592,5,16
iter02b_ffnn,3,bstar_2023,HP_Peak,calibrated_delta,none,p0.3|n40,r2,-0.392162367878472,5,16
iter02b_ffnn,3,bstar_2023,HP_Peak,calibrated_delta,none,p0.3|n40,n_pred_nan,0.0,5,16
iter02b_ffnn,3,bstar_2023,HP_Peak,calibrated_delta,none,p0.3|n40,mape_n_excluded,0.0,5,16
iter02b_ffnn,3,bstar_2023,HP_Peak,calibrated_delta,none,p0.5|n10,rmse,7.960453437668789,5,14
iter02b_ffnn,3,bstar_2023,HP_Peak,calibrated_delta,none,p0.5|n10,mae,7.411097417652274,5,14
iter02b_ffnn,3,bstar_2023,HP_Peak,calibrated_delta,none,p0.5|n10,mape,25.955362065329336,5,14
iter02b_ffnn,3,bstar_2023,HP_Peak,calibrated_delta,none,p0.5|n10,r2,0.3635834972900563,5,14
iter02b_ffnn,3,bstar_2023,HP_Peak,calibrated_delta,none,p0.5|n10,n_pred_nan,0.0,5,14
iter02b_ffnn,3,bstar_2023,HP_Peak,calibrated_delta,none,p0.5|n10,mape_n_excluded,0.0,5,14
iter02b_ffnn,3,bstar_2023,HP_Peak,calibrated_delta,none,p0.5|n20,rmse,8.357290932294706,5,16
iter02b_ffnn,3,bstar_2023,HP_Peak,calibrated_delta,none,p0.5|n20,mae,5.158168550714874,5,16
iter02b_ffnn,3,bstar_2023,HP_Peak,calibrated_delta,none,p0.5|n20,mape,8.892792471488109,5,16
iter02b_ffnn,3,bstar_2023,HP_Peak,calibrated_delta,none,p0.5|n20,r2,0.2277053672623401,5,16
iter02b_ffnn,3,bstar_2023,HP_Peak,calibrated_delta,none,p0.5|n20,n_pred_nan,0.0,5,16
iter02b_ffnn,3,bstar_2023,HP_Peak,calibrated_delta,none,p0.5|n20,mape_n_excluded,0.0,5,16
iter02b_ffnn,3,bstar_2023,HP_Peak,calibrated_delta,none,p1.0|n10,rmse,6.923851652971035,5,16
iter02b_ffnn,3,bstar_2023,HP_Peak,calibrated_delta,none,p1.0|n10,mae,6.6874475263600335,5,16
iter02b_ffnn,3,bstar_2023,HP_Peak,calibrated_delta,none,p1.0|n10,mape,11.062811329492073,5,16
iter02b_ffnn,3,bstar_2023,HP_Peak,calibrated_delta,none,p1.0|n10,r2,0.46825299149464,5,16
iter02b_ffnn,3,bstar_2023,HP_Peak,calibrated_delta,none,p1.0|n10,n_pred_nan,0.0,5,16
iter02b_ffnn,3,bstar_2023,HP_Peak,calibrated_delta,none,p1.0|n10,mape_n_excluded,0.0,5,16
iter02b_ffnn,3,bstar_2023,HP_Peak,calibrated_delta,none,all,at_bound_share_train,0.0065217391304347,460,62
iter02b_ffnn,3,bstar_2023,HP_Peak,calibrated_delta,none,all,at_bound_share_test,0.0384615384615384,130,20
iter02b_ffnn,3,bstar_2023,HP_Peak,hdh,none,all,rmse,12.75973350886457,130,20
iter02b_ffnn,3,bstar_2023,HP_Peak,hdh,none,all,mae,8.921637187808109,130,20
iter02b_ffnn,3,bstar_2023,HP_Peak,hdh,none,all,mape,58.87145236253271,130,20
iter02b_ffnn,3,bstar_2023,HP_Peak,hdh,none,all,r2,0.7342883429021194,130,20
iter02b_ffnn,3,bstar_2023,HP_Peak,hdh,none,all,n_pred_nan,0.0,130,20
iter02b_ffnn,3,bstar_2023,HP_Peak,hdh,none,all,mape_n_excluded,0.0,130,20
iter02b_ffnn,3,bstar_2023,HP_Peak,hdh,none,p0.05|n10,rmse,4.36309960088965,10,8
iter02b_ffnn,3,bstar_2023,HP_Peak,hdh,none,p0.05|n10,mae,3.204304856621408,10,8
iter02b_ffnn,3,bstar_2023,HP_Peak,hdh,none,p0.05|n10,mape,87.42205045906722,10,8
iter02b_ffnn,3,bstar_2023,HP_Peak,hdh,none,p0.05|n10,r2,-8.301707001273819,10,8
iter02b_ffnn,3,bstar_2023,HP_Peak,hdh,none,p0.05|n10,n_pred_nan,0.0,10,8
iter02b_ffnn,3,bstar_2023,HP_Peak,hdh,none,p0.05|n10,mape_n_excluded,0.0,10,8
iter02b_ffnn,3,bstar_2023,HP_Peak,hdh,none,p0.05|n20,rmse,6.442855712032209,10,7
iter02b_ffnn,3,bstar_2023,HP_Peak,hdh,none,p0.05|n20,mae,5.420687982054899,10,7
iter02b_ffnn,3,bstar_2023,HP_Peak,hdh,none,p0.05|n20,mape,157.45843743557265,10,7
iter02b_ffnn,3,bstar_2023,HP_Peak,hdh,none,p0.05|n20,r2,-7.97878560057592,10,7
iter02b_ffnn,3,bstar_2023,HP_Peak,hdh,none,p0.05|n20,n_pred_nan,0.0,10,7
iter02b_ffnn,3,bstar_2023,HP_Peak,hdh,none,p0.05|n20,mape_n_excluded,0.0,10,7
iter02b_ffnn,3,bstar_2023,HP_Peak,hdh,none,p0.05|n40,rmse,8.942527363264178,10,14
iter02b_ffnn,3,bstar_2023,HP_Peak,hdh,none,p0.05|n40,mae,7.670082501222526,10,14
iter02b_ffnn,3,bstar_2023,HP_Peak,hdh,none,p0.05|n40,mape,87.97174522200216,10,14
iter02b_ffnn,3,bstar_2023,HP_Peak,hdh,none,p0.05|n40,r2,-2.094423252223762,10,14
iter02b_ffnn,3,bstar_2023,HP_Peak,hdh,none,p0.05|n40,n_pred_nan,0.0,10,14
iter02b_ffnn,3,bstar_2023,HP_Peak,hdh,none,p0.05|n40,mape_n_excluded,0.0,10,14
iter02b_ffnn,3,bstar_2023,HP_Peak,hdh,none,p0.05|n80,rmse,19.840769780800077,5,11
iter02b_ffnn,3,bstar_2023,HP_Peak,hdh,none,p0.05|n80,mae,18.05093310305069,5,11
iter02b_ffnn,3,bstar_2023,HP_Peak,hdh,none,p0.05|n80,mape,88.18269948968718,5,11
iter02b_ffnn,3,bstar_2023,HP_Peak,hdh,none,p0.05|n80,r2,-32.09282699417044,5,11
iter02b_ffnn,3,bstar_2023,HP_Peak,hdh,none,p0.05|n80,n_pred_nan,0.0,5,11
iter02b_ffnn,3,bstar_2023,HP_Peak,hdh,none,p0.05|n80,mape_n_excluded,0.0,5,11
iter02b_ffnn,3,bstar_2023,HP_Peak,hdh,none,p0.05|n120,rmse,31.78788236607987,5,13
iter02b_ffnn,3,bstar_2023,HP_Peak,hdh,none,p0.05|n120,mae,31.20052856190752,5,13
iter02b_ffnn,3,bstar_2023,HP_Peak,hdh,none,p0.05|n120,mape,72.91400779170904,5,13
iter02b_ffnn,3,bstar_2023,HP_Peak,hdh,none,p0.05|n120,r2,-17.265190946444964,5,13
iter02b_ffnn,3,bstar_2023,HP_Peak,hdh,none,p0.05|n120,n_pred_nan,0.0,5,13
iter02b_ffnn,3,bstar_2023,HP_Peak,hdh,none,p0.05|n120,mape_n_excluded,0.0,5,13
iter02b_ffnn,3,bstar_2023,HP_Peak,hdh,none,p0.1|n10,rmse,2.9223163611349854,10,9
iter02b_ffnn,3,bstar_2023,HP_Peak,hdh,none,p0.1|n10,mae,2.24396112094994,10,9
iter02b_ffnn,3,bstar_2023,HP_Peak,hdh,none,p0.1|n10,mape,59.55606611681284,10,9
iter02b_ffnn,3,bstar_2023,HP_Peak,hdh,none,p0.1|n10,r2,-0.6491220162129412,10,9
iter02b_ffnn,3,bstar_2023,HP_Peak,hdh,none,p0.1|n10,n_pred_nan,0.0,10,9
iter02b_ffnn,3,bstar_2023,HP_Peak,hdh,none,p0.1|n10,mape_n_excluded,0.0,10,9
iter02b_ffnn,3,bstar_2023,HP_Peak,hdh,none,p0.1|n20,rmse,5.783685285350903,10,12
iter02b_ffnn,3,bstar_2023,HP_Peak,hdh,none,p0.1|n20,mae,4.6332260642011525,10,12
iter02b_ffnn,3,bstar_2023,HP_Peak,hdh,none,p0.1|n20,mape,45.57503875889737,10,12
iter02b_ffnn,3,bstar_2023,HP_Peak,hdh,none,p0.1|n20,r2,0.2783870390356348,10,12
iter02b_ffnn,3,bstar_2023,HP_Peak,hdh,none,p0.1|n20,n_pred_nan,0.0,10,12
iter02b_ffnn,3,bstar_2023,HP_Peak,hdh,none,p0.1|n20,mape_n_excluded,0.0,10,12
iter02b_ffnn,3,bstar_2023,HP_Peak,hdh,none,p0.1|n40,rmse,15.649017897366774,5,12
iter02b_ffnn,3,bstar_2023,HP_Peak,hdh,none,p0.1|n40,mae,14.69443428190877,5,12
iter02b_ffnn,3,bstar_2023,HP_Peak,hdh,none,p0.1|n40,mape,59.307191558873626,5,12
iter02b_ffnn,3,bstar_2023,HP_Peak,hdh,none,p0.1|n40,r2,-3.858679380766019,5,12
iter02b_ffnn,3,bstar_2023,HP_Peak,hdh,none,p0.1|n40,n_pred_nan,0.0,5,12
iter02b_ffnn,3,bstar_2023,HP_Peak,hdh,none,p0.1|n40,mape_n_excluded,0.0,5,12
iter02b_ffnn,3,bstar_2023,HP_Peak,hdh,none,p0.1|n80,rmse,17.134640637754416,5,16
iter02b_ffnn,3,bstar_2023,HP_Peak,hdh,none,p0.1|n80,mae,15.207253553758374,5,16
iter02b_ffnn,3,bstar_2023,HP_Peak,hdh,none,p0.1|n80,mape,33.06432007585992,5,16
iter02b_ffnn,3,bstar_2023,HP_Peak,hdh,none,p0.1|n80,r2,-4.132832562587334,5,16
iter02b_ffnn,3,bstar_2023,HP_Peak,hdh,none,p0.1|n80,n_pred_nan,0.0,5,16
iter02b_ffnn,3,bstar_2023,HP_Peak,hdh,none,p0.1|n80,mape_n_excluded,0.0,5,16
iter02b_ffnn,3,bstar_2023,HP_Peak,hdh,none,p0.1|n120,rmse,31.473768268359134,5,16
iter02b_ffnn,3,bstar_2023,HP_Peak,hdh,none,p0.1|n120,mae,29.08843379913762,5,16
iter02b_ffnn,3,bstar_2023,HP_Peak,hdh,none,p0.1|n120,mape,37.651831993055104,5,16
iter02b_ffnn,3,bstar_2023,HP_Peak,hdh,none,p0.1|n120,r2,-27.325268036381235,5,16
iter02b_ffnn,3,bstar_2023,HP_Peak,hdh,none,p0.1|n120,n_pred_nan,0.0,5,16
iter02b_ffnn,3,bstar_2023,HP_Peak,hdh,none,p0.1|n120,mape_n_excluded,0.0,5,16
iter02b_ffnn,3,bstar_2023,HP_Peak,hdh,none,p0.2|n10,rmse,8.293681594878432,10,9
iter02b_ffnn,3,bstar_2023,HP_Peak,hdh,none,p0.2|n10,mae,6.230047903825428,10,9
iter02b_ffnn,3,bstar_2023,HP_Peak,hdh,none,p0.2|n10,mape,73.2871980395333,10,9
iter02b_ffnn,3,bstar_2023,HP_Peak,hdh,none,p0.2|n10,r2,-0.5017613127816325,10,9
iter02b_ffnn,3,bstar_2023,HP_Peak,hdh,none,p0.2|n10,n_pred_nan,0.0,10,9
iter02b_ffnn,3,bstar_2023,HP_Peak,hdh,none,p0.2|n10,mape_n_excluded,0.0,10,9
iter02b_ffnn,3,bstar_2023,HP_Peak,hdh,none,p0.2|n20,rmse,13.790737393067618,5,11
iter02b_ffnn,3,bstar_2023,HP_Peak,hdh,none,p0.2|n20,mae,12.411130029232078,5,11
iter02b_ffnn,3,bstar_2023,HP_Peak,hdh,none,p0.2|n20,mape,71.3855617750403,5,11
iter02b_ffnn,3,bstar_2023,HP_Peak,hdh,none,p0.2|n20,r2,-17.886443086206718,5,11
iter02b_ffnn,3,bstar_2023,HP_Peak,hdh,none,p0.2|n20,n_pred_nan,0.0,5,11
iter02b_ffnn,3,bstar_2023,HP_Peak,hdh,none,p0.2|n20,mape_n_excluded,0.0,5,11
iter02b_ffnn,3,bstar_2023,HP_Peak,hdh,none,p0.2|n40,rmse,17.613355081663727,5,15
iter02b_ffnn,3,bstar_2023,HP_Peak,hdh,none,p0.2|n40,mae,17.0817727429907,5,15
iter02b_ffnn,3,bstar_2023,HP_Peak,hdh,none,p0.2|n40,mape,36.43486968929619,5,15
iter02b_ffnn,3,bstar_2023,HP_Peak,hdh,none,p0.2|n40,r2,-2.0866616680547803,5,15
iter02b_ffnn,3,bstar_2023,HP_Peak,hdh,none,p0.2|n40,n_pred_nan,0.0,5,15
iter02b_ffnn,3,bstar_2023,HP_Peak,hdh,none,p0.2|n40,mape_n_excluded,0.0,5,15
iter02b_ffnn,3,bstar_2023,HP_Peak,hdh,none,p0.3|n10,rmse,4.968562405008141,10,14
iter02b_ffnn,3,bstar_2023,HP_Peak,hdh,none,p0.3|n10,mae,3.0508486401568806,10,14
iter02b_ffnn,3,bstar_2023,HP_Peak,hdh,none,p0.3|n10,mape,23.015981727878305,10,14
iter02b_ffnn,3,bstar_2023,HP_Peak,hdh,none,p0.3|n10,r2,0.5440088734054673,10,14
iter02b_ffnn,3,bstar_2023,HP_Peak,hdh,none,p0.3|n10,n_pred_nan,0.0,10,14
iter02b_ffnn,3,bstar_2023,HP_Peak,hdh,none,p0.3|n10,mape_n_excluded,0.0,10,14
iter02b_ffnn,3,bstar_2023,HP_Peak,hdh,none,p0.3|n20,rmse,4.77459282478281,5,14
iter02b_ffnn,3,bstar_2023,HP_Peak,hdh,none,p0.3|n20,mae,4.389187098622969,5,14
iter02b_ffnn,3,bstar_2023,HP_Peak,hdh,none,p0.3|n20,mape,11.26626352207761,5,14
iter02b_ffnn,3,bstar_2023,HP_Peak,hdh,none,p0.3|n20,r2,0.3830654973675449,5,14
iter02b_ffnn,3,bstar_2023,HP_Peak,hdh,none,p0.3|n20,n_pred_nan,0.0,5,14
iter02b_ffnn,3,bstar_2023,HP_Peak,hdh,none,p0.3|n20,mape_n_excluded,0.0,5,14
iter02b_ffnn,3,bstar_2023,HP_Peak,hdh,none,p0.3|n40,rmse,7.559618952055034,5,16
iter02b_ffnn,3,bstar_2023,HP_Peak,hdh,none,p0.3|n40,mae,6.41944300763906,5,16
iter02b_ffnn,3,bstar_2023,HP_Peak,hdh,none,p0.3|n40,mape,7.967700019570527,5,16
iter02b_ffnn,3,bstar_2023,HP_Peak,hdh,none,p0.3|n40,r2,-0.3238289323888133,5,16
iter02b_ffnn,3,bstar_2023,HP_Peak,hdh,none,p0.3|n40,n_pred_nan,0.0,5,16
iter02b_ffnn,3,bstar_2023,HP_Peak,hdh,none,p0.3|n40,mape_n_excluded,0.0,5,16
iter02b_ffnn,3,bstar_2023,HP_Peak,hdh,none,p0.5|n10,rmse,7.460836669965151,5,14
iter02b_ffnn,3,bstar_2023,HP_Peak,hdh,none,p0.5|n10,mae,6.9142707743725085,5,14
iter02b_ffnn,3,bstar_2023,HP_Peak,hdh,none,p0.5|n10,mape,24.33298944900326,5,14
iter02b_ffnn,3,bstar_2023,HP_Peak,hdh,none,p0.5|n10,r2,0.4409625720504916,5,14
iter02b_ffnn,3,bstar_2023,HP_Peak,hdh,none,p0.5|n10,n_pred_nan,0.0,5,14
iter02b_ffnn,3,bstar_2023,HP_Peak,hdh,none,p0.5|n10,mape_n_excluded,0.0,5,14
iter02b_ffnn,3,bstar_2023,HP_Peak,hdh,none,p0.5|n20,rmse,8.194997271210156,5,16
iter02b_ffnn,3,bstar_2023,HP_Peak,hdh,none,p0.5|n20,mae,5.118422986509633,5,16
iter02b_ffnn,3,bstar_2023,HP_Peak,hdh,none,p0.5|n20,mape,8.836855663114935,5,16
iter02b_ffnn,3,bstar_2023,HP_Peak,hdh,none,p0.5|n20,r2,0.2574091371290241,5,16
iter02b_ffnn,3,bstar_2023,HP_Peak,hdh,none,p0.5|n20,n_pred_nan,0.0,5,16
iter02b_ffnn,3,bstar_2023,HP_Peak,hdh,none,p0.5|n20,mape_n_excluded,0.0,5,16
iter02b_ffnn,3,bstar_2023,HP_Peak,hdh,none,p1.0|n10,rmse,6.688122087302541,5,16
iter02b_ffnn,3,bstar_2023,HP_Peak,hdh,none,p1.0|n10,mae,6.480438805816442,5,16
iter02b_ffnn,3,bstar_2023,HP_Peak,hdh,none,p1.0|n10,mape,10.740434879034888,5,16
iter02b_ffnn,3,bstar_2023,HP_Peak,hdh,none,p1.0|n10,r2,0.5038443614867263,5,16
iter02b_ffnn,3,bstar_2023,HP_Peak,hdh,none,p1.0|n10,n_pred_nan,0.0,5,16
iter02b_ffnn,3,bstar_2023,HP_Peak,hdh,none,p1.0|n10,mape_n_excluded,0.0,5,16
iter02b_ffnn,3,bstar_2023,HP_Peak,FFNN,none,all,rmse,16.86789110315902,130,20
iter02b_ffnn,3,bstar_2023,HP_Peak,FFNN,none,all,mae,12.84054907173836,130,20
iter02b_ffnn,3,bstar_2023,HP_Peak,FFNN,none,all,mape,97.5491407655676,130,20
iter02b_ffnn,3,bstar_2023,HP_Peak,FFNN,none,all,r2,0.5356462289097942,130,20
iter02b_ffnn,3,bstar_2023,HP_Peak,FFNN,none,all,n_pred_nan,0.0,130,20
iter02b_ffnn,3,bstar_2023,HP_Peak,FFNN,none,all,mape_n_excluded,0.0,130,20
iter02b_ffnn,3,bstar_2023,HP_Peak,FFNN,none,p0.05|n10,rmse,6.600889376175176,10,8
iter02b_ffnn,3,bstar_2023,HP_Peak,FFNN,none,p0.05|n10,mae,6.02510043406051,10,8
iter02b_ffnn,3,bstar_2023,HP_Peak,FFNN,none,p0.05|n10,mape,153.4123056071488,10,8
iter02b_ffnn,3,bstar_2023,HP_Peak,FFNN,none,p0.05|n10,r2,-20.29008081585779,10,8
iter02b_ffnn,3,bstar_2023,HP_Peak,FFNN,none,p0.05|n10,n_pred_nan,0.0,10,8
iter02b_ffnn,3,bstar_2023,HP_Peak,FFNN,none,p0.05|n10,mape_n_excluded,0.0,10,8
iter02b_ffnn,3,bstar_2023,HP_Peak,FFNN,none,p0.05|n20,rmse,8.265052004836722,10,7
iter02b_ffnn,3,bstar_2023,HP_Peak,FFNN,none,p0.05|n20,mae,7.449409090476669,10,7
iter02b_ffnn,3,bstar_2023,HP_Peak,FFNN,none,p0.05|n20,mape,203.55167573006585,10,7
iter02b_ffnn,3,bstar_2023,HP_Peak,FFNN,none,p0.05|n20,r2,-13.77583292271647,10,7
iter02b_ffnn,3,bstar_2023,HP_Peak,FFNN,none,p0.05|n20,n_pred_nan,0.0,10,7
iter02b_ffnn,3,bstar_2023,HP_Peak,FFNN,none,p0.05|n20,mape_n_excluded,0.0,10,7
iter02b_ffnn,3,bstar_2023,HP_Peak,FFNN,none,p0.05|n40,rmse,8.363464567989183,10,14
iter02b_ffnn,3,bstar_2023,HP_Peak,FFNN,none,p0.05|n40,mae,7.460180182626426,10,14
iter02b_ffnn,3,bstar_2023,HP_Peak,FFNN,none,p0.05|n40,mape,83.06088830151259,10,14
iter02b_ffnn,3,bstar_2023,HP_Peak,FFNN,none,p0.05|n40,r2,-1.7066469011142045,10,14
iter02b_ffnn,3,bstar_2023,HP_Peak,FFNN,none,p0.05|n40,n_pred_nan,0.0,10,14
iter02b_ffnn,3,bstar_2023,HP_Peak,FFNN,none,p0.05|n40,mape_n_excluded,0.0,10,14
iter02b_ffnn,3,bstar_2023,HP_Peak,FFNN,none,p0.05|n80,rmse,18.184838507882464,5,11
iter02b_ffnn,3,bstar_2023,HP_Peak,FFNN,none,p0.05|n80,mae,14.665053462231851,5,11
iter02b_ffnn,3,bstar_2023,HP_Peak,FFNN,none,p0.05|n80,mape,73.84800120694995,5,11
iter02b_ffnn,3,bstar_2023,HP_Peak,FFNN,none,p0.05|n80,r2,-26.799419702532248,5,11
iter02b_ffnn,3,bstar_2023,HP_Peak,FFNN,none,p0.05|n80,n_pred_nan,0.0,5,11
iter02b_ffnn,3,bstar_2023,HP_Peak,FFNN,none,p0.05|n80,mape_n_excluded,0.0,5,11
iter02b_ffnn,3,bstar_2023,HP_Peak,FFNN,none,p0.05|n120,rmse,11.69914845169427,5,13
iter02b_ffnn,3,bstar_2023,HP_Peak,FFNN,none,p0.05|n120,mae,10.30457885931823,5,13
iter02b_ffnn,3,bstar_2023,HP_Peak,FFNN,none,p0.05|n120,mape,22.53064580689193,5,13
iter02b_ffnn,3,bstar_2023,HP_Peak,FFNN,none,p0.05|n120,r2,-1.47405600198941,5,13
iter02b_ffnn,3,bstar_2023,HP_Peak,FFNN,none,p0.05|n120,n_pred_nan,0.0,5,13
iter02b_ffnn,3,bstar_2023,HP_Peak,FFNN,none,p0.05|n120,mape_n_excluded,0.0,5,13
iter02b_ffnn,3,bstar_2023,HP_Peak,FFNN,none,p0.1|n10,rmse,14.688839740484513,10,9
iter02b_ffnn,3,bstar_2023,HP_Peak,FFNN,none,p0.1|n10,mae,9.365834811643603,10,9
iter02b_ffnn,3,bstar_2023,HP_Peak,FFNN,none,p0.1|n10,mape,205.90748861100764,10,9
iter02b_ffnn,3,bstar_2023,HP_Peak,FFNN,none,p0.1|n10,r2,-40.66518511696545,10,9
iter02b_ffnn,3,bstar_2023,HP_Peak,FFNN,none,p0.1|n10,n_pred_nan,0.0,10,9
iter02b_ffnn,3,bstar_2023,HP_Peak,FFNN,none,p0.1|n10,mape_n_excluded,0.0,10,9
iter02b_ffnn,3,bstar_2023,HP_Peak,FFNN,none,p0.1|n20,rmse,11.876482271844663,10,12
iter02b_ffnn,3,bstar_2023,HP_Peak,FFNN,none,p0.1|n20,mae,10.559946253259112,10,12
iter02b_ffnn,3,bstar_2023,HP_Peak,FFNN,none,p0.1|n20,mape,89.54596282736975,10,12
iter02b_ffnn,3,bstar_2023,HP_Peak,FFNN,none,p0.1|n20,r2,-2.0427808081348555,10,12
iter02b_ffnn,3,bstar_2023,HP_Peak,FFNN,none,p0.1|n20,n_pred_nan,0.0,10,12
iter02b_ffnn,3,bstar_2023,HP_Peak,FFNN,none,p0.1|n20,mape_n_excluded,0.0,10,12
iter02b_ffnn,3,bstar_2023,HP_Peak,FFNN,none,p0.1|n40,rmse,30.319392073433992,5,12
iter02b_ffnn,3,bstar_2023,HP_Peak,FFNN,none,p0.1|n40,mae,26.674783381782284,5,12
iter02b_ffnn,3,bstar_2023,HP_Peak,FFNN,none,p0.1|n40,mape,107.88360228397616,5,12
iter02b_ffnn,3,bstar_2023,HP_Peak,FFNN,none,p0.1|n40,r2,-17.238328977482254,5,12
iter02b_ffnn,3,bstar_2023,HP_Peak,FFNN,none,p0.1|n40,n_pred_nan,0.0,5,12
iter02b_ffnn,3,bstar_2023,HP_Peak,FFNN,none,p0.1|n40,mape_n_excluded,0.0,5,12
iter02b_ffnn,3,bstar_2023,HP_Peak,FFNN,none,p0.1|n80,rmse,19.28192099375305,5,16
iter02b_ffnn,3,bstar_2023,HP_Peak,FFNN,none,p0.1|n80,mae,16.26589803165572,5,16
iter02b_ffnn,3,bstar_2023,HP_Peak,FFNN,none,p0.1|n80,mape,30.74849795530848,5,16
iter02b_ffnn,3,bstar_2023,HP_Peak,FFNN,none,p0.1|n80,r2,-5.499915257479785,5,16
iter02b_ffnn,3,bstar_2023,HP_Peak,FFNN,none,p0.1|n80,n_pred_nan,0.0,5,16
iter02b_ffnn,3,bstar_2023,HP_Peak,FFNN,none,p0.1|n80,mape_n_excluded,0.0,5,16
iter02b_ffnn,3,bstar_2023,HP_Peak,FFNN,none,p0.1|n120,rmse,13.863756541340877,5,16
iter02b_ffnn,3,bstar_2023,HP_Peak,FFNN,none,p0.1|n120,mae,12.210613772529106,5,16
iter02b_ffnn,3,bstar_2023,HP_Peak,FFNN,none,p0.1|n120,mape,15.64129958257332,5,16
iter02b_ffnn,3,bstar_2023,HP_Peak,FFNN,none,p0.1|n120,r2,-4.495894518183973,5,16
iter02b_ffnn,3,bstar_2023,HP_Peak,FFNN,none,p0.1|n120,n_pred_nan,0.0,5,16
iter02b_ffnn,3,bstar_2023,HP_Peak,FFNN,none,p0.1|n120,mape_n_excluded,0.0,5,16
iter02b_ffnn,3,bstar_2023,HP_Peak,FFNN,none,p0.2|n10,rmse,20.75663010386564,10,9
iter02b_ffnn,3,bstar_2023,HP_Peak,FFNN,none,p0.2|n10,mae,13.81862417573675,10,9
iter02b_ffnn,3,bstar_2023,HP_Peak,FFNN,none,p0.2|n10,mape,139.77571388082077,10,9
iter02b_ffnn,3,bstar_2023,HP_Peak,FFNN,none,p0.2|n10,r2,-8.406322999619748,10,9
iter02b_ffnn,3,bstar_2023,HP_Peak,FFNN,none,p0.2|n10,n_pred_nan,0.0,10,9
iter02b_ffnn,3,bstar_2023,HP_Peak,FFNN,none,p0.2|n10,mape_n_excluded,0.0,10,9
iter02b_ffnn,3,bstar_2023,HP_Peak,FFNN,none,p0.2|n20,rmse,28.778354040736133,5,11
iter02b_ffnn,3,bstar_2023,HP_Peak,FFNN,none,p0.2|n20,mae,28.241300935402943,5,11
iter02b_ffnn,3,bstar_2023,HP_Peak,FFNN,none,p0.2|n20,mape,161.12405175992734,5,11
iter02b_ffnn,3,bstar_2023,HP_Peak,FFNN,none,p0.2|n20,r2,-81.24454443096997,5,11
iter02b_ffnn,3,bstar_2023,HP_Peak,FFNN,none,p0.2|n20,n_pred_nan,0.0,5,11
iter02b_ffnn,3,bstar_2023,HP_Peak,FFNN,none,p0.2|n20,mape_n_excluded,0.0,5,11
iter02b_ffnn,3,bstar_2023,HP_Peak,FFNN,none,p0.2|n40,rmse,32.94561884564468,5,15
iter02b_ffnn,3,bstar_2023,HP_Peak,FFNN,none,p0.2|n40,mae,30.062700013468408,5,15
iter02b_ffnn,3,bstar_2023,HP_Peak,FFNN,none,p0.2|n40,mape,65.72279318162082,5,15
iter02b_ffnn,3,bstar_2023,HP_Peak,FFNN,none,p0.2|n40,r2,-9.799413918547597,5,15
iter02b_ffnn,3,bstar_2023,HP_Peak,FFNN,none,p0.2|n40,n_pred_nan,0.0,5,15
iter02b_ffnn,3,bstar_2023,HP_Peak,FFNN,none,p0.2|n40,mape_n_excluded,0.0,5,15
iter02b_ffnn,3,bstar_2023,HP_Peak,FFNN,none,p0.3|n10,rmse,12.16804253251562,10,14
iter02b_ffnn,3,bstar_2023,HP_Peak,FFNN,none,p0.3|n10,mae,10.124492331982012,10,14
iter02b_ffnn,3,bstar_2023,HP_Peak,FFNN,none,p0.3|n10,mape,78.87046014863563,10,14
iter02b_ffnn,3,bstar_2023,HP_Peak,FFNN,none,p0.3|n10,r2,-1.7348677619724562,10,14
iter02b_ffnn,3,bstar_2023,HP_Peak,FFNN,none,p0.3|n10,n_pred_nan,0.0,10,14
iter02b_ffnn,3,bstar_2023,HP_Peak,FFNN,none,p0.3|n10,mape_n_excluded,0.0,10,14
iter02b_ffnn,3,bstar_2023,HP_Peak,FFNN,none,p0.3|n20,rmse,17.36185647791743,5,14
iter02b_ffnn,3,bstar_2023,HP_Peak,FFNN,none,p0.3|n20,mae,11.28612720446539,5,14
iter02b_ffnn,3,bstar_2023,HP_Peak,FFNN,none,p0.3|n20,mape,28.044764934118103,5,14
iter02b_ffnn,3,bstar_2023,HP_Peak,FFNN,none,p0.3|n20,r2,-7.157530396615053,5,14
iter02b_ffnn,3,bstar_2023,HP_Peak,FFNN,none,p0.3|n20,n_pred_nan,0.0,5,14
iter02b_ffnn,3,bstar_2023,HP_Peak,FFNN,none,p0.3|n20,mape_n_excluded,0.0,5,14
iter02b_ffnn,3,bstar_2023,HP_Peak,FFNN,none,p0.3|n40,rmse,13.852404837430864,5,16
iter02b_ffnn,3,bstar_2023,HP_Peak,FFNN,none,p0.3|n40,mae,12.446887938977696,5,16
iter02b_ffnn,3,bstar_2023,HP_Peak,FFNN,none,p0.3|n40,mape,16.185112340809308,5,16
iter02b_ffnn,3,bstar_2023,HP_Peak,FFNN,none,p0.3|n40,r2,-3.4451089376769577,5,16
iter02b_ffnn,3,bstar_2023,HP_Peak,FFNN,none,p0.3|n40,n_pred_nan,0.0,5,16
iter02b_ffnn,3,bstar_2023,HP_Peak,FFNN,none,p0.3|n40,mape_n_excluded,0.0,5,16
iter02b_ffnn,3,bstar_2023,HP_Peak,FFNN,none,p0.5|n10,rmse,21.821095031389227,5,14
iter02b_ffnn,3,bstar_2023,HP_Peak,FFNN,none,p0.5|n10,mae,19.505423598304407,5,14
iter02b_ffnn,3,bstar_2023,HP_Peak,FFNN,none,p0.5|n10,mape,68.13878829905138,5,14
iter02b_ffnn,3,bstar_2023,HP_Peak,FFNN,none,p0.5|n10,r2,-3.7821027267441463,5,14
iter02b_ffnn,3,bstar_2023,HP_Peak,FFNN,none,p0.5|n10,n_pred_nan,0.0,5,14
iter02b_ffnn,3,bstar_2023,HP_Peak,FFNN,none,p0.5|n10,mape_n_excluded,0.0,5,14
iter02b_ffnn,3,bstar_2023,HP_Peak,FFNN,none,p0.5|n20,rmse,12.456692575352784,5,16
iter02b_ffnn,3,bstar_2023,HP_Peak,FFNN,none,p0.5|n20,mae,11.956792711323764,5,16
iter02b_ffnn,3,bstar_2023,HP_Peak,FFNN,none,p0.5|n20,mape,19.29844838252542,5,16
iter02b_ffnn,3,bstar_2023,HP_Peak,FFNN,none,p0.5|n20,r2,-0.7157636688784397,5,16
iter02b_ffnn,3,bstar_2023,HP_Peak,FFNN,none,p0.5|n20,n_pred_nan,0.0,5,16
iter02b_ffnn,3,bstar_2023,HP_Peak,FFNN,none,p0.5|n20,mape_n_excluded,0.0,5,16
iter02b_ffnn,3,bstar_2023,HP_Peak,FFNN,none,p1.0|n10,rmse,13.172128883841602,5,16
iter02b_ffnn,3,bstar_2023,HP_Peak,FFNN,none,p1.0|n10,mae,10.626941396167442,5,16
iter02b_ffnn,3,bstar_2023,HP_Peak,FFNN,none,p1.0|n10,mape,18.86266395788329,5,16
iter02b_ffnn,3,bstar_2023,HP_Peak,FFNN,none,p1.0|n10,r2,-0.9245158383364604,5,16
iter02b_ffnn,3,bstar_2023,HP_Peak,FFNN,none,p1.0|n10,n_pred_nan,0.0,5,16
iter02b_ffnn,3,bstar_2023,HP_Peak,FFNN,none,p1.0|n10,mape_n_excluded,0.0,5,16
iter02b_ffnn,3,bstar_2023,HP_Peak,FFNN,size_peak,all,rmse,22.851436891325942,130,20
iter02b_ffnn,3,bstar_2023,HP_Peak,FFNN,size_peak,all,mae,16.93026956744716,130,20
iter02b_ffnn,3,bstar_2023,HP_Peak,FFNN,size_peak,all,mape,147.0558213670571,130,20
iter02b_ffnn,3,bstar_2023,HP_Peak,FFNN,size_peak,all,r2,0.1477746924478666,130,20
iter02b_ffnn,3,bstar_2023,HP_Peak,FFNN,size_peak,all,n_pred_nan,0.0,130,20
iter02b_ffnn,3,bstar_2023,HP_Peak,FFNN,size_peak,all,mape_n_excluded,0.0,130,20
iter02b_ffnn,3,bstar_2023,HP_Peak,FFNN,size_peak,p0.05|n10,rmse,14.604822637745505,10,8
iter02b_ffnn,3,bstar_2023,HP_Peak,FFNN,size_peak,p0.05|n10,mae,12.414690088819045,10,8
iter02b_ffnn,3,bstar_2023,HP_Peak,FFNN,size_peak,p0.05|n10,mape,348.6250116758205,10,8
iter02b_ffnn,3,bstar_2023,HP_Peak,FFNN,size_peak,p0.05|n10,r2,-103.2233373009994,10,8
iter02b_ffnn,3,bstar_2023,HP_Peak,FFNN,size_peak,p0.05|n10,n_pred_nan,0.0,10,8
iter02b_ffnn,3,bstar_2023,HP_Peak,FFNN,size_peak,p0.05|n10,mape_n_excluded,0.0,10,8
iter02b_ffnn,3,bstar_2023,HP_Peak,FFNN,size_peak,p0.05|n20,rmse,13.189230370365363,10,7
iter02b_ffnn,3,bstar_2023,HP_Peak,FFNN,size_peak,p0.05|n20,mae,11.280112968804277,10,7
iter02b_ffnn,3,bstar_2023,HP_Peak,FFNN,size_peak,p0.05|n20,mape,333.9694324739452,10,7
iter02b_ffnn,3,bstar_2023,HP_Peak,FFNN,size_peak,p0.05|n20,r2,-36.62700910289106,10,7
iter02b_ffnn,3,bstar_2023,HP_Peak,FFNN,size_peak,p0.05|n20,n_pred_nan,0.0,10,7
iter02b_ffnn,3,bstar_2023,HP_Peak,FFNN,size_peak,p0.05|n20,mape_n_excluded,0.0,10,7
iter02b_ffnn,3,bstar_2023,HP_Peak,FFNN,size_peak,p0.05|n40,rmse,10.723083213966037,10,14
iter02b_ffnn,3,bstar_2023,HP_Peak,FFNN,size_peak,p0.05|n40,mae,8.633070440077393,10,14
iter02b_ffnn,3,bstar_2023,HP_Peak,FFNN,size_peak,p0.05|n40,mape,97.74093161358178,10,14
iter02b_ffnn,3,bstar_2023,HP_Peak,FFNN,size_peak,p0.05|n40,r2,-3.4493699037474643,10,14
iter02b_ffnn,3,bstar_2023,HP_Peak,FFNN,size_peak,p0.05|n40,n_pred_nan,0.0,10,14
iter02b_ffnn,3,bstar_2023,HP_Peak,FFNN,size_peak,p0.05|n40,mape_n_excluded,0.0,10,14
iter02b_ffnn,3,bstar_2023,HP_Peak,FFNN,size_peak,p0.05|n80,rmse,12.985485128016451,5,11
iter02b_ffnn,3,bstar_2023,HP_Peak,FFNN,size_peak,p0.05|n80,mae,7.766089406664497,5,11
iter02b_ffnn,3,bstar_2023,HP_Peak,FFNN,size_peak,p0.05|n80,mape,37.87738209502932,5,11
iter02b_ffnn,3,bstar_2023,HP_Peak,FFNN,size_peak,p0.05|n80,r2,-13.175330440266862,5,11
iter02b_ffnn,3,bstar_2023,HP_Peak,FFNN,size_peak,p0.05|n80,n_pred_nan,0.0,5,11
iter02b_ffnn,3,bstar_2023,HP_Peak,FFNN,size_peak,p0.05|n80,mape_n_excluded,0.0,5,11
iter02b_ffnn,3,bstar_2023,HP_Peak,FFNN,size_peak,p0.05|n120,rmse,13.700936932044655,5,13
iter02b_ffnn,3,bstar_2023,HP_Peak,FFNN,size_peak,p0.05|n120,mae,10.239629496167437,5,13
iter02b_ffnn,3,bstar_2023,HP_Peak,FFNN,size_peak,p0.05|n120,mape,22.224893362791494,5,13
iter02b_ffnn,3,bstar_2023,HP_Peak,FFNN,size_peak,p0.05|n120,r2,-2.3931382642396555,5,13
iter02b_ffnn,3,bstar_2023,HP_Peak,FFNN,size_peak,p0.05|n120,n_pred_nan,0.0,5,13
iter02b_ffnn,3,bstar_2023,HP_Peak,FFNN,size_peak,p0.05|n120,mape_n_excluded,0.0,5,13
iter02b_ffnn,3,bstar_2023,HP_Peak,FFNN,size_peak,p0.1|n10,rmse,11.95460140768577,10,9
iter02b_ffnn,3,bstar_2023,HP_Peak,FFNN,size_peak,p0.1|n10,mae,10.580275659721943,10,9
iter02b_ffnn,3,bstar_2023,HP_Peak,FFNN,size_peak,p0.1|n10,mape,267.3739771119932,10,9
iter02b_ffnn,3,bstar_2023,HP_Peak,FFNN,size_peak,p0.1|n10,r2,-26.59742306550223,10,9
iter02b_ffnn,3,bstar_2023,HP_Peak,FFNN,size_peak,p0.1|n10,n_pred_nan,0.0,10,9
iter02b_ffnn,3,bstar_2023,HP_Peak,FFNN,size_peak,p0.1|n10,mape_n_excluded,0.0,10,9
iter02b_ffnn,3,bstar_2023,HP_Peak,FFNN,size_peak,p0.1|n20,rmse,10.664256913066128,10,12
iter02b_ffnn,3,bstar_2023,HP_Peak,FFNN,size_peak,p0.1|n20,mae,9.413909764074209,10,12
iter02b_ffnn,3,bstar_2023,HP_Peak,FFNN,size_peak,p0.1|n20,mape,92.57497655143538,10,12
iter02b_ffnn,3,bstar_2023,HP_Peak,FFNN,size_peak,p0.1|n20,r2,-1.453331397938879,10,12
iter02b_ffnn,3,bstar_2023,HP_Peak,FFNN,size_peak,p0.1|n20,n_pred_nan,0.0,10,12
iter02b_ffnn,3,bstar_2023,HP_Peak,FFNN,size_peak,p0.1|n20,mape_n_excluded,0.0,10,12
iter02b_ffnn,3,bstar_2023,HP_Peak,FFNN,size_peak,p0.1|n40,rmse,28.084304206224655,5,12
iter02b_ffnn,3,bstar_2023,HP_Peak,FFNN,size_peak,p0.1|n40,mae,21.32974599697991,5,12
iter02b_ffnn,3,bstar_2023,HP_Peak,FFNN,size_peak,p0.1|n40,mape,87.09718421825545,5,12
iter02b_ffnn,3,bstar_2023,HP_Peak,FFNN,size_peak,p0.1|n40,r2,-14.648452794695045,5,12
iter02b_ffnn,3,bstar_2023,HP_Peak,FFNN,size_peak,p0.1|n40,n_pred_nan,0.0,5,12
iter02b_ffnn,3,bstar_2023,HP_Peak,FFNN,size_peak,p0.1|n40,mape_n_excluded,0.0,5,12
iter02b_ffnn,3,bstar_2023,HP_Peak,FFNN,size_peak,p0.1|n80,rmse,15.925400224093284,5,16
iter02b_ffnn,3,bstar_2023,HP_Peak,FFNN,size_peak,p0.1|n80,mae,12.082519809784692,5,16
iter02b_ffnn,3,bstar_2023,HP_Peak,FFNN,size_peak,p0.1|n80,mape,22.37762586880797,5,16
iter02b_ffnn,3,bstar_2023,HP_Peak,FFNN,size_peak,p0.1|n80,r2,-3.433919535025618,5,16
iter02b_ffnn,3,bstar_2023,HP_Peak,FFNN,size_peak,p0.1|n80,n_pred_nan,0.0,5,16
iter02b_ffnn,3,bstar_2023,HP_Peak,FFNN,size_peak,p0.1|n80,mape_n_excluded,0.0,5,16
iter02b_ffnn,3,bstar_2023,HP_Peak,FFNN,size_peak,p0.1|n120,rmse,15.95629439969288,5,16
iter02b_ffnn,3,bstar_2023,HP_Peak,FFNN,size_peak,p0.1|n120,mae,13.997880841310405,5,16
iter02b_ffnn,3,bstar_2023,HP_Peak,FFNN,size_peak,p0.1|n120,mape,17.921956313096686,5,16
iter02b_ffnn,3,bstar_2023,HP_Peak,FFNN,size_peak,p0.1|n120,r2,-6.280154961611177,5,16
iter02b_ffnn,3,bstar_2023,HP_Peak,FFNN,size_peak,p0.1|n120,n_pred_nan,0.0,5,16
iter02b_ffnn,3,bstar_2023,HP_Peak,FFNN,size_peak,p0.1|n120,mape_n_excluded,0.0,5,16
iter02b_ffnn,3,bstar_2023,HP_Peak,FFNN,size_peak,p0.2|n10,rmse,40.582767879781485,10,9
iter02b_ffnn,3,bstar_2023,HP_Peak,FFNN,size_peak,p0.2|n10,mae,29.847253070591755,10,9
iter02b_ffnn,3,bstar_2023,HP_Peak,FFNN,size_peak,p0.2|n10,mape,332.42981229677315,10,9
iter02b_ffnn,3,bstar_2023,HP_Peak,FFNN,size_peak,p0.2|n10,r2,-34.95750287102915,10,9
iter02b_ffnn,3,bstar_2023,HP_Peak,FFNN,size_peak,p0.2|n10,n_pred_nan,0.0,10,9
iter02b_ffnn,3,bstar_2023,HP_Peak,FFNN,size_peak,p0.2|n10,mape_n_excluded,0.0,10,9
iter02b_ffnn,3,bstar_2023,HP_Peak,FFNN,size_peak,p0.2|n20,rmse,35.182749190872315,5,11
iter02b_ffnn,3,bstar_2023,HP_Peak,FFNN,size_peak,p0.2|n20,mae,31.92305156512776,5,11
iter02b_ffnn,3,bstar_2023,HP_Peak,FFNN,size_peak,p0.2|n20,mape,189.2036493407374,5,11
iter02b_ffnn,3,bstar_2023,HP_Peak,FFNN,size_peak,p0.2|n20,r2,-121.9234502812552,5,11
iter02b_ffnn,3,bstar_2023,HP_Peak,FFNN,size_peak,p0.2|n20,n_pred_nan,0.0,5,11
iter02b_ffnn,3,bstar_2023,HP_Peak,FFNN,size_peak,p0.2|n20,mape_n_excluded,0.0,5,11
iter02b_ffnn,3,bstar_2023,HP_Peak,FFNN,size_peak,p0.2|n40,rmse,32.243427192759235,5,15
iter02b_ffnn,3,bstar_2023,HP_Peak,FFNN,size_peak,p0.2|n40,mae,31.203903846564025,5,15
iter02b_ffnn,3,bstar_2023,HP_Peak,FFNN,size_peak,p0.2|n40,mape,65.07876133156716,5,15
iter02b_ffnn,3,bstar_2023,HP_Peak,FFNN,size_peak,p0.2|n40,r2,-9.343969760238354,5,15
iter02b_ffnn,3,bstar_2023,HP_Peak,FFNN,size_peak,p0.2|n40,n_pred_nan,0.0,5,15
iter02b_ffnn,3,bstar_2023,HP_Peak,FFNN,size_peak,p0.2|n40,mape_n_excluded,0.0,5,15
iter02b_ffnn,3,bstar_2023,HP_Peak,FFNN,size_peak,p0.3|n10,rmse,17.726075564586278,10,14
iter02b_ffnn,3,bstar_2023,HP_Peak,FFNN,size_peak,p0.3|n10,mae,12.2267354480216,10,14
iter02b_ffnn,3,bstar_2023,HP_Peak,FFNN,size_peak,p0.3|n10,mape,91.3898201861692,10,14
iter02b_ffnn,3,bstar_2023,HP_Peak,FFNN,size_peak,p0.3|n10,r2,-4.803902209683324,10,14
iter02b_ffnn,3,bstar_2023,HP_Peak,FFNN,size_peak,p0.3|n10,n_pred_nan,0.0,10,14
iter02b_ffnn,3,bstar_2023,HP_Peak,FFNN,size_peak,p0.3|n10,mape_n_excluded,0.0,10,14
iter02b_ffnn,3,bstar_2023,HP_Peak,FFNN,size_peak,p0.3|n20,rmse,21.25029943209463,5,14
iter02b_ffnn,3,bstar_2023,HP_Peak,FFNN,size_peak,p0.3|n20,mae,14.637350509049233,5,14
iter02b_ffnn,3,bstar_2023,HP_Peak,FFNN,size_peak,p0.3|n20,mape,35.28916149407125,5,14
iter02b_ffnn,3,bstar_2023,HP_Peak,FFNN,size_peak,p0.3|n20,r2,-11.220711314701507,5,14
iter02b_ffnn,3,bstar_2023,HP_Peak,FFNN,size_peak,p0.3|n20,n_pred_nan,0.0,5,14
iter02b_ffnn,3,bstar_2023,HP_Peak,FFNN,size_peak,p0.3|n20,mape_n_excluded,0.0,5,14
iter02b_ffnn,3,bstar_2023,HP_Peak,FFNN,size_peak,p0.3|n40,rmse,21.058467701819573,5,16
iter02b_ffnn,3,bstar_2023,HP_Peak,FFNN,size_peak,p0.3|n40,mae,19.2789446379552,5,16
iter02b_ffnn,3,bstar_2023,HP_Peak,FFNN,size_peak,p0.3|n40,mape,24.48592129271277,5,16
iter02b_ffnn,3,bstar_2023,HP_Peak,FFNN,size_peak,p0.3|n40,r2,-9.272723341587382,5,16
iter02b_ffnn,3,bstar_2023,HP_Peak,FFNN,size_peak,p0.3|n40,n_pred_nan,0.0,5,16
iter02b_ffnn,3,bstar_2023,HP_Peak,FFNN,size_peak,p0.3|n40,mape_n_excluded,0.0,5,16
iter02b_ffnn,3,bstar_2023,HP_Peak,FFNN,size_peak,p0.5|n10,rmse,28.79379777830909,5,14
iter02b_ffnn,3,bstar_2023,HP_Peak,FFNN,size_peak,p0.5|n10,mae,24.11638403994726,5,14
iter02b_ffnn,3,bstar_2023,HP_Peak,FFNN,size_peak,p0.5|n10,mape,84.97174465125184,5,14
iter02b_ffnn,3,bstar_2023,HP_Peak,FFNN,size_peak,p0.5|n10,r2,-7.326523657341273,5,14
iter02b_ffnn,3,bstar_2023,HP_Peak,FFNN,size_peak,p0.5|n10,n_pred_nan,0.0,5,14
iter02b_ffnn,3,bstar_2023,HP_Peak,FFNN,size_peak,p0.5|n10,mape_n_excluded,0.0,5,14
iter02b_ffnn,3,bstar_2023,HP_Peak,FFNN,size_peak,p0.5|n20,rmse,28.240307731314044,5,16
iter02b_ffnn,3,bstar_2023,HP_Peak,FFNN,size_peak,p0.5|n20,mae,25.05311716369589,5,16
iter02b_ffnn,3,bstar_2023,HP_Peak,FFNN,size_peak,p0.5|n20,mape,41.25814000167439,5,16
iter02b_ffnn,3,bstar_2023,HP_Peak,FFNN,size_peak,p0.5|n20,r2,-7.818420912723594,5,16
iter02b_ffnn,3,bstar_2023,HP_Peak,FFNN,size_peak,p0.5|n20,n_pred_nan,0.0,5,16
iter02b_ffnn,3,bstar_2023,HP_Peak,FFNN,size_peak,p0.5|n20,mape_n_excluded,0.0,5,16
iter02b_ffnn,3,bstar_2023,HP_Peak,FFNN,size_peak,p1.0|n10,rmse,41.041416505996594,5,16
iter02b_ffnn,3,bstar_2023,HP_Peak,FFNN,size_peak,p1.0|n10,mae,39.766296560159375,5,16
iter02b_ffnn,3,bstar_2023,HP_Peak,FFNN,size_peak,p1.0|n10,mape,67.45701175405188,5,16
iter02b_ffnn,3,bstar_2023,HP_Peak,FFNN,size_peak,p1.0|n10,r2,-17.683327643230932,5,16
iter02b_ffnn,3,bstar_2023,HP_Peak,FFNN,size_peak,p1.0|n10,n_pred_nan,0.0,5,16
iter02b_ffnn,3,bstar_2023,HP_Peak,FFNN,size_peak,p1.0|n10,mape_n_excluded,0.0,5,16
iter02b_ffnn,3,bstar_2023,HP_Peak,anchor_only_Linear,size,all,rmse,24.616695207409087,130,20
iter02b_ffnn,3,bstar_2023,HP_Peak,anchor_only_Linear,size,all,mae,21.212566167363008,130,20
iter02b_ffnn,3,bstar_2023,HP_Peak,anchor_only_Linear,size,all,mape,222.4271747359582,130,20
iter02b_ffnn,3,bstar_2023,HP_Peak,anchor_only_Linear,size,all,r2,0.0110213946641496,130,20
iter02b_ffnn,3,bstar_2023,HP_Peak,anchor_only_Linear,size,all,n_pred_nan,0.0,130,20
iter02b_ffnn,3,bstar_2023,HP_Peak,anchor_only_Linear,size,all,mape_n_excluded,0.0,130,20
iter02b_ffnn,3,bstar_2023,HP_Peak,anchor_only_Linear,size,p0.05|n10,rmse,19.034120512284545,10,8
iter02b_ffnn,3,bstar_2023,HP_Peak,anchor_only_Linear,size,p0.05|n10,mae,18.98028369086374,10,8
iter02b_ffnn,3,bstar_2023,HP_Peak,anchor_only_Linear,size,p0.05|n10,mape,498.798254986035,10,8
iter02b_ffnn,3,bstar_2023,HP_Peak,anchor_only_Linear,size,p0.05|n10,r2,-176.02639701221523,10,8
iter02b_ffnn,3,bstar_2023,HP_Peak,anchor_only_Linear,size,p0.05|n10,n_pred_nan,0.0,10,8
iter02b_ffnn,3,bstar_2023,HP_Peak,anchor_only_Linear,size,p0.05|n10,mape_n_excluded,0.0,10,8
iter02b_ffnn,3,bstar_2023,HP_Peak,anchor_only_Linear,size,p0.05|n20,rmse,24.944185352660696,10,7
iter02b_ffnn,3,bstar_2023,HP_Peak,anchor_only_Linear,size,p0.05|n20,mae,24.8513424158259,10,7
iter02b_ffnn,3,bstar_2023,HP_Peak,anchor_only_Linear,size,p0.05|n20,mape,696.5240791194566,10,7
iter02b_ffnn,3,bstar_2023,HP_Peak,anchor_only_Linear,size,p0.05|n20,r2,-133.58586202203955,10,7
iter02b_ffnn,3,bstar_2023,HP_Peak,anchor_only_Linear,size,p0.05|n20,n_pred_nan,0.0,10,7
iter02b_ffnn,3,bstar_2023,HP_Peak,anchor_only_Linear,size,p0.05|n20,mape_n_excluded,0.0,10,7
iter02b_ffnn,3,bstar_2023,HP_Peak,anchor_only_Linear,size,p0.05|n40,rmse,30.92651590006894,10,14
iter02b_ffnn,3,bstar_2023,HP_Peak,anchor_only_Linear,size,p0.05|n40,mae,30.50584386575021,10,14
iter02b_ffnn,3,bstar_2023,HP_Peak,anchor_only_Linear,size,p0.05|n40,mape,363.7457247373214,10,14
iter02b_ffnn,3,bstar_2023,HP_Peak,anchor_only_Linear,size,p0.05|n40,r2,-36.01017621874872,10,14
iter02b_ffnn,3,bstar_2023,HP_Peak,anchor_only_Linear,size,p0.05|n40,n_pred_nan,0.0,10,14
iter02b_ffnn,3,bstar_2023,HP_Peak,anchor_only_Linear,size,p0.05|n40,mape_n_excluded,0.0,10,14
iter02b_ffnn,3,bstar_2023,HP_Peak,anchor_only_Linear,size,p0.05|n80,rmse,43.15486629305668,5,11
iter02b_ffnn,3,bstar_2023,HP_Peak,anchor_only_Linear,size,p0.05|n80,mae,43.01682196559885,5,11
iter02b_ffnn,3,bstar_2023,HP_Peak,anchor_only_Linear,size,p0.05|n80,mape,208.5648058363609,5,11
iter02b_ffnn,3,bstar_2023,HP_Peak,anchor_only_Linear,size,p0.05|n80,r2,-155.55840346399043,5,11
iter02b_ffnn,3,bstar_2023,HP_Peak,anchor_only_Linear,size,p0.05|n80,n_pred_nan,0.0,5,11
iter02b_ffnn,3,bstar_2023,HP_Peak,anchor_only_Linear,size,p0.05|n80,mape_n_excluded,0.0,5,11
iter02b_ffnn,3,bstar_2023,HP_Peak,anchor_only_Linear,size,p0.05|n120,rmse,45.57686597636639,5,13
iter02b_ffnn,3,bstar_2023,HP_Peak,anchor_only_Linear,size,p0.05|n120,mae,44.96586006544727,5,13
iter02b_ffnn,3,bstar_2023,HP_Peak,anchor_only_Linear,size,p0.05|n120,mape,110.32995848969108,5,13
iter02b_ffnn,3,bstar_2023,HP_Peak,anchor_only_Linear,size,p0.05|n120,r2,-36.54827058576353,5,13
iter02b_ffnn,3,bstar_2023,HP_Peak,anchor_only_Linear,size,p0.05|n120,n_pred_nan,0.0,5,13
iter02b_ffnn,3,bstar_2023,HP_Peak,anchor_only_Linear,size,p0.05|n120,mape_n_excluded,0.0,5,13
iter02b_ffnn,3,bstar_2023,HP_Peak,anchor_only_Linear,size,p0.1|n10,rmse,18.824362601583143,10,9
iter02b_ffnn,3,bstar_2023,HP_Peak,anchor_only_Linear,size,p0.1|n10,mae,18.686309290863715,10,9
iter02b_ffnn,3,bstar_2023,HP_Peak,anchor_only_Linear,size,p0.1|n10,mape,510.017214997845,10,9
iter02b_ffnn,3,bstar_2023,HP_Peak,anchor_only_Linear,size,p0.1|n10,r2,-67.42879465334173,10,9
iter02b_ffnn,3,bstar_2023,HP_Peak,anchor_only_Linear,size,p0.1|n10,n_pred_nan,0.0,10,9
iter02b_ffnn,3,bstar_2023,HP_Peak,anchor_only_Linear,size,p0.1|n10,mape_n_excluded,0.0,10,9
iter02b_ffnn,3,bstar_2023,HP_Peak,anchor_only_Linear,size,p0.1|n20,rmse,18.214760113957414,10,12
iter02b_ffnn,3,bstar_2023,HP_Peak,anchor_only_Linear,size,p0.1|n20,mae,17.122728812660768,10,12
iter02b_ffnn,3,bstar_2023,HP_Peak,anchor_only_Linear,size,p0.1|n20,mape,194.58641829447865,10,12
iter02b_ffnn,3,bstar_2023,HP_Peak,anchor_only_Linear,size,p0.1|n20,r2,-6.157179853135759,10,12
iter02b_ffnn,3,bstar_2023,HP_Peak,anchor_only_Linear,size,p0.1|n20,n_pred_nan,0.0,10,12
iter02b_ffnn,3,bstar_2023,HP_Peak,anchor_only_Linear,size,p0.1|n20,mape_n_excluded,0.0,10,12
iter02b_ffnn,3,bstar_2023,HP_Peak,anchor_only_Linear,size,p0.1|n40,rmse,14.544708376040358,5,12
iter02b_ffnn,3,bstar_2023,HP_Peak,anchor_only_Linear,size,p0.1|n40,mae,12.69431346574996,5,12
iter02b_ffnn,3,bstar_2023,HP_Peak,anchor_only_Linear,size,p0.1|n40,mape,54.187591202012655,5,12
iter02b_ffnn,3,bstar_2023,HP_Peak,anchor_only_Linear,size,p0.1|n40,r2,-3.19714625337913,5,12
iter02b_ffnn,3,bstar_2023,HP_Peak,anchor_only_Linear,size,p0.1|n40,n_pred_nan,0.0,5,12
iter02b_ffnn,3,bstar_2023,HP_Peak,anchor_only_Linear,size,p0.1|n40,mape_n_excluded,0.0,5,12
iter02b_ffnn,3,bstar_2023,HP_Peak,anchor_only_Linear,size,p0.1|n80,rmse,16.933462326772858,5,16
iter02b_ffnn,3,bstar_2023,HP_Peak,anchor_only_Linear,size,p0.1|n80,mae,15.150661965598545,5,16
iter02b_ffnn,3,bstar_2023,HP_Peak,anchor_only_Linear,size,p0.1|n80,mape,33.88289873503772,5,16
iter02b_ffnn,3,bstar_2023,HP_Peak,anchor_only_Linear,size,p0.1|n80,r2,-4.013010661638534,5,16
iter02b_ffnn,3,bstar_2023,HP_Peak,anchor_only_Linear,size,p0.1|n80,n_pred_nan,0.0,5,16
iter02b_ffnn,3,bstar_2023,HP_Peak,anchor_only_Linear,size,p0.1|n80,mape_n_excluded,0.0,5,16
iter02b_ffnn,3,bstar_2023,HP_Peak,anchor_only_Linear,size,p0.1|n120,rmse,10.427818437291297,5,16
iter02b_ffnn,3,bstar_2023,HP_Peak,anchor_only_Linear,size,p0.1|n120,mae,8.588780865446926,5,16
iter02b_ffnn,3,bstar_2023,HP_Peak,anchor_only_Linear,size,p0.1|n120,mape,11.485674512069984,5,16
iter02b_ffnn,3,bstar_2023,HP_Peak,anchor_only_Linear,size,p0.1|n120,r2,-2.109305994568526,5,16
iter02b_ffnn,3,bstar_2023,HP_Peak,anchor_only_Linear,size,p0.1|n120,n_pred_nan,0.0,5,16
iter02b_ffnn,3,bstar_2023,HP_Peak,anchor_only_Linear,size,p0.1|n120,mape_n_excluded,0.0,5,16
iter02b_ffnn,3,bstar_2023,HP_Peak,anchor_only_Linear,size,p0.2|n10,rmse,14.069656510296564,10,9
iter02b_ffnn,3,bstar_2023,HP_Peak,anchor_only_Linear,size,p0.2|n10,mae,12.712269014518364,10,9
iter02b_ffnn,3,bstar_2023,HP_Peak,anchor_only_Linear,size,p0.2|n10,mape,177.22399531477168,10,9
iter02b_ffnn,3,bstar_2023,HP_Peak,anchor_only_Linear,size,p0.2|n10,r2,-3.3218847899101727,10,9
iter02b_ffnn,3,bstar_2023,HP_Peak,anchor_only_Linear,size,p0.2|n10,n_pred_nan,0.0,10,9
iter02b_ffnn,3,bstar_2023,HP_Peak,anchor_only_Linear,size,p0.2|n10,mape_n_excluded,0.0,10,9
iter02b_ffnn,3,bstar_2023,HP_Peak,anchor_only_Linear,size,p0.2|n20,rmse,11.102664489977736,5,11
iter02b_ffnn,3,bstar_2023,HP_Peak,anchor_only_Linear,size,p0.2|n20,mae,10.639514415825897,5,11
iter02b_ffnn,3,bstar_2023,HP_Peak,anchor_only_Linear,size,p0.2|n20,mape,62.38292548752564,5,11
iter02b_ffnn,3,bstar_2023,HP_Peak,anchor_only_Linear,size,p0.2|n20,r2,-11.241358850977624,5,11
iter02b_ffnn,3,bstar_2023,HP_Peak,anchor_only_Linear,size,p0.2|n20,n_pred_nan,0.0,5,11
iter02b_ffnn,3,bstar_2023,HP_Peak,anchor_only_Linear,size,p0.2|n20,mape_n_excluded,0.0,5,11
iter02b_ffnn,3,bstar_2023,HP_Peak,anchor_only_Linear,size,p0.2|n40,rmse,14.906501885470457,5,15
iter02b_ffnn,3,bstar_2023,HP_Peak,anchor_only_Linear,size,p0.2|n40,mae,13.746982000550398,5,15
iter02b_ffnn,3,bstar_2023,HP_Peak,anchor_only_Linear,size,p0.2|n40,mape,25.476337967924916,5,15
iter02b_ffnn,3,bstar_2023,HP_Peak,anchor_only_Linear,size,p0.2|n40,r2,-1.2108349749910865,5,15
iter02b_ffnn,3,bstar_2023,HP_Peak,anchor_only_Linear,size,p0.2|n40,n_pred_nan,0.0,5,15
iter02b_ffnn,3,bstar_2023,HP_Peak,anchor_only_Linear,size,p0.2|n40,mape_n_excluded,0.0,5,15
iter02b_ffnn,3,bstar_2023,HP_Peak,anchor_only_Linear,size,p0.3|n10,rmse,11.39758951355185,10,14
iter02b_ffnn,3,bstar_2023,HP_Peak,anchor_only_Linear,size,p0.3|n10,mae,11.182577752691053,10,14
iter02b_ffnn,3,bstar_2023,HP_Peak,anchor_only_Linear,size,p0.3|n10,mape,90.9086839407585,10,14
iter02b_ffnn,3,bstar_2023,HP_Peak,anchor_only_Linear,size,p0.3|n10,r2,-1.3995008999286005,10,14
iter02b_ffnn,3,bstar_2023,HP_Peak,anchor_only_Linear,size,p0.3|n10,n_pred_nan,0.0,10,14
iter02b_ffnn,3,bstar_2023,HP_Peak,anchor_only_Linear,size,p0.3|n10,mape_n_excluded,0.0,10,14
iter02b_ffnn,3,bstar_2023,HP_Peak,anchor_only_Linear,size,p0.3|n20,rmse,12.256789752540811,5,14
iter02b_ffnn,3,bstar_2023,HP_Peak,anchor_only_Linear,size,p0.3|n20,mae,10.643179184174487,5,14
iter02b_ffnn,3,bstar_2023,HP_Peak,anchor_only_Linear,size,p0.3|n20,mape,25.075826651016094,5,14
iter02b_ffnn,3,bstar_2023,HP_Peak,anchor_only_Linear,size,p0.3|n20,r2,-3.0655550877677564,5,14
iter02b_ffnn,3,bstar_2023,HP_Peak,anchor_only_Linear,size,p0.3|n20,n_pred_nan,0.0,5,14
iter02b_ffnn,3,bstar_2023,HP_Peak,anchor_only_Linear,size,p0.3|n20,mape_n_excluded,0.0,5,14
iter02b_ffnn,3,bstar_2023,HP_Peak,anchor_only_Linear,size,p0.3|n40,rmse,39.8702466216941,5,16
iter02b_ffnn,3,bstar_2023,HP_Peak,anchor_only_Linear,size,p0.3|n40,mae,39.32515693425056,5,16
iter02b_ffnn,3,bstar_2023,HP_Peak,anchor_only_Linear,size,p0.3|n40,mape,48.7006784264633,5,16
iter02b_ffnn,3,bstar_2023,HP_Peak,anchor_only_Linear,size,p0.3|n40,r2,-35.823910151014005,5,16
iter02b_ffnn,3,bstar_2023,HP_Peak,anchor_only_Linear,size,p0.3|n40,n_pred_nan,0.0,5,16
iter02b_ffnn,3,bstar_2023,HP_Peak,anchor_only_Linear,size,p0.3|n40,mape_n_excluded,0.0,5,16
iter02b_ffnn,3,bstar_2023,HP_Peak,anchor_only_Linear,size,p0.5|n10,rmse,13.630846114377396,5,14
iter02b_ffnn,3,bstar_2023,HP_Peak,anchor_only_Linear,size,p0.5|n10,mae,9.285939109136455,5,14
iter02b_ffnn,3,bstar_2023,HP_Peak,anchor_only_Linear,size,p0.5|n10,mape,23.12429945871892,5,14
iter02b_ffnn,3,bstar_2023,HP_Peak,anchor_only_Linear,size,p0.5|n10,r2,-0.8659991842141892,5,14
iter02b_ffnn,3,bstar_2023,HP_Peak,anchor_only_Linear,size,p0.5|n10,n_pred_nan,0.0,5,14
iter02b_ffnn,3,bstar_2023,HP_Peak,anchor_only_Linear,size,p0.5|n10,mape_n_excluded,0.0,5,14
iter02b_ffnn,3,bstar_2023,HP_Peak,anchor_only_Linear,size,p0.5|n20,rmse,37.24323980045517,5,16
iter02b_ffnn,3,bstar_2023,HP_Peak,anchor_only_Linear,size,p0.5|n20,mae,36.00863118417469,5,16
iter02b_ffnn,3,bstar_2023,HP_Peak,anchor_only_Linear,size,p0.5|n20,mape,54.36671867983704,5,16
iter02b_ffnn,3,bstar_2023,HP_Peak,anchor_only_Linear,size,p0.5|n20,r2,-14.337228267278675,5,16
iter02b_ffnn,3,bstar_2023,HP_Peak,anchor_only_Linear,size,p0.5|n20,n_pred_nan,0.0,5,16
iter02b_ffnn,3,bstar_2023,HP_Peak,anchor_only_Linear,size,p0.5|n20,mape_n_excluded,0.0,5,16
iter02b_ffnn,3,bstar_2023,HP_Peak,anchor_only_Linear,size,p1.0|n10,rmse,40.50673235196571,5,16
iter02b_ffnn,3,bstar_2023,HP_Peak,anchor_only_Linear,size,p1.0|n10,mae,39.37816950913677,5,16
iter02b_ffnn,3,bstar_2023,HP_Peak,anchor_only_Linear,size,p1.0|n10,mape,61.92008490692158,5,16
iter02b_ffnn,3,bstar_2023,HP_Peak,anchor_only_Linear,size,p1.0|n10,r2,-17.199689030043157,5,16
iter02b_ffnn,3,bstar_2023,HP_Peak,anchor_only_Linear,size,p1.0|n10,n_pred_nan,0.0,5,16
iter02b_ffnn,3,bstar_2023,HP_Peak,anchor_only_Linear,size,p1.0|n10,mape_n_excluded,0.0,5,16
iter02b_ffnn,3,bstar_2023,HP_Peak,anchor_only_Linear,peak,all,rmse,17.55660379715415,130,20
iter02b_ffnn,3,bstar_2023,HP_Peak,anchor_only_Linear,peak,all,mae,12.41316742115032,130,20
iter02b_ffnn,3,bstar_2023,HP_Peak,anchor_only_Linear,peak,all,mape,83.5924799908729,130,20
iter02b_ffnn,3,bstar_2023,HP_Peak,anchor_only_Linear,peak,all,r2,0.4969531700394672,130,20
iter02b_ffnn,3,bstar_2023,HP_Peak,anchor_only_Linear,peak,all,n_pred_nan,0.0,130,20
iter02b_ffnn,3,bstar_2023,HP_Peak,anchor_only_Linear,peak,all,mape_n_excluded,0.0,130,20
iter02b_ffnn,3,bstar_2023,HP_Peak,anchor_only_Linear,peak,p0.05|n10,rmse,4.889465051825837,10,8
iter02b_ffnn,3,bstar_2023,HP_Peak,anchor_only_Linear,peak,p0.05|n10,mae,3.649163432536759,10,8
iter02b_ffnn,3,bstar_2023,HP_Peak,anchor_only_Linear,peak,p0.05|n10,mape,91.34192301036823,10,8
iter02b_ffnn,3,bstar_2023,HP_Peak,anchor_only_Linear,peak,p0.05|n10,r2,-10.68140532762483,10,8
iter02b_ffnn,3,bstar_2023,HP_Peak,anchor_only_Linear,peak,p0.05|n10,n_pred_nan,0.0,10,8
iter02b_ffnn,3,bstar_2023,HP_Peak,anchor_only_Linear,peak,p0.05|n10,mape_n_excluded,0.0,10,8
iter02b_ffnn,3,bstar_2023,HP_Peak,anchor_only_Linear,peak,p0.05|n20,rmse,10.562585563164111,10,7
iter02b_ffnn,3,bstar_2023,HP_Peak,anchor_only_Linear,peak,p0.05|n20,mae,9.937110132034954,10,7
iter02b_ffnn,3,bstar_2023,HP_Peak,anchor_only_Linear,peak,p0.05|n20,mape,274.3728794695659,10,7
iter02b_ffnn,3,bstar_2023,HP_Peak,anchor_only_Linear,peak,p0.05|n20,r2,-23.132441973516,10,7
iter02b_ffnn,3,bstar_2023,HP_Peak,anchor_only_Linear,peak,p0.05|n20,n_pred_nan,0.0,10,7
iter02b_ffnn,3,bstar_2023,HP_Peak,anchor_only_Linear,peak,p0.05|n20,mape_n_excluded,0.0,10,7
iter02b_ffnn,3,bstar_2023,HP_Peak,anchor_only_Linear,peak,p0.05|n40,rmse,16.539935426927908,10,14
iter02b_ffnn,3,bstar_2023,HP_Peak,anchor_only_Linear,peak,p0.05|n40,mae,15.963036408324516,10,14
iter02b_ffnn,3,bstar_2023,HP_Peak,anchor_only_Linear,peak,p0.05|n40,mape,183.1940292598777,10,14
iter02b_ffnn,3,bstar_2023,HP_Peak,anchor_only_Linear,peak,p0.05|n40,r2,-9.58587544641736,10,14
iter02b_ffnn,3,bstar_2023,HP_Peak,anchor_only_Linear,peak,p0.05|n40,n_pred_nan,0.0,10,14
iter02b_ffnn,3,bstar_2023,HP_Peak,anchor_only_Linear,peak,p0.05|n40,mape_n_excluded,0.0,10,14
iter02b_ffnn,3,bstar_2023,HP_Peak,anchor_only_Linear,peak,p0.05|n80,rmse,35.84404510198554,5,11
iter02b_ffnn,3,bstar_2023,HP_Peak,anchor_only_Linear,peak,p0.05|n80,mae,35.83160225657638,5,11
iter02b_ffnn,3,bstar_2023,HP_Peak,anchor_only_Linear,peak,p0.05|n80,mape,171.09711807125495,5,11
iter02b_ffnn,3,bstar_2023,HP_Peak,anchor_only_Linear,peak,p0.05|n80,r2,-107.00674137425672,5,11
iter02b_ffnn,3,bstar_2023,HP_Peak,anchor_only_Linear,peak,p0.05|n80,n_pred_nan,0.0,5,11
iter02b_ffnn,3,bstar_2023,HP_Peak,anchor_only_Linear,peak,p0.05|n80,mape_n_excluded,0.0,5,11
iter02b_ffnn,3,bstar_2023,HP_Peak,anchor_only_Linear,peak,p0.05|n120,rmse,50.199379894735365,5,13
iter02b_ffnn,3,bstar_2023,HP_Peak,anchor_only_Linear,peak,p0.05|n120,mae,49.85671542735045,5,13
iter02b_ffnn,3,bstar_2023,HP_Peak,anchor_only_Linear,peak,p0.05|n120,mape,119.30448821282936,5,13
iter02b_ffnn,3,bstar_2023,HP_Peak,anchor_only_Linear,peak,p0.05|n120,r2,-44.55098022729032,5,13
iter02b_ffnn,3,bstar_2023,HP_Peak,anchor_only_Linear,peak,p0.05|n120,n_pred_nan,0.0,5,13
iter02b_ffnn,3,bstar_2023,HP_Peak,anchor_only_Linear,peak,p0.05|n120,mape_n_excluded,0.0,5,13
iter02b_ffnn,3,bstar_2023,HP_Peak,anchor_only_Linear,peak,p0.1|n10,rmse,4.282363683809567,10,9
iter02b_ffnn,3,bstar_2023,HP_Peak,anchor_only_Linear,peak,p0.1|n10,mae,3.1561450554883783,10,9
iter02b_ffnn,3,bstar_2023,HP_Peak,anchor_only_Linear,peak,p0.1|n10,mape,86.840144221185,10,9
iter02b_ffnn,3,bstar_2023,HP_Peak,anchor_only_Linear,peak,p0.1|n10,r2,-2.5413220646795924,10,9
iter02b_ffnn,3,bstar_2023,HP_Peak,anchor_only_Linear,peak,p0.1|n10,n_pred_nan,0.0,10,9
iter02b_ffnn,3,bstar_2023,HP_Peak,anchor_only_Linear,peak,p0.1|n10,mape_n_excluded,0.0,10,9
iter02b_ffnn,3,bstar_2023,HP_Peak,anchor_only_Linear,peak,p0.1|n20,rmse,9.106357353010855,10,12
iter02b_ffnn,3,bstar_2023,HP_Peak,anchor_only_Linear,peak,p0.1|n20,mae,6.985982730863458,10,12
iter02b_ffnn,3,bstar_2023,HP_Peak,anchor_only_Linear,peak,p0.1|n20,mape,78.0701704212466,10,12
iter02b_ffnn,3,bstar_2023,HP_Peak,anchor_only_Linear,peak,p0.1|n20,r2,-0.788893131735741,10,12
iter02b_ffnn,3,bstar_2023,HP_Peak,anchor_only_Linear,peak,p0.1|n20,n_pred_nan,0.0,10,12
iter02b_ffnn,3,bstar_2023,HP_Peak,anchor_only_Linear,peak,p0.1|n20,mape_n_excluded,0.0,10,12
iter02b_ffnn,3,bstar_2023,HP_Peak,anchor_only_Linear,peak,p0.1|n40,rmse,17.21645025800317,5,12
iter02b_ffnn,3,bstar_2023,HP_Peak,anchor_only_Linear,peak,p0.1|n40,mae,15.94112340173332,5,12
iter02b_ffnn,3,bstar_2023,HP_Peak,anchor_only_Linear,peak,p0.1|n40,mape,65.39963106353095,5,12
iter02b_ffnn,3,bstar_2023,HP_Peak,anchor_only_Linear,peak,p0.1|n40,r2,-4.880730689562177,5,12
iter02b_ffnn,3,bstar_2023,HP_Peak,anchor_only_Linear,peak,p0.1|n40,n_pred_nan,0.0,5,12
iter02b_ffnn,3,bstar_2023,HP_Peak,anchor_only_Linear,peak,p0.1|n40,mape_n_excluded,0.0,5,12
iter02b_ffnn,3,bstar_2023,HP_Peak,anchor_only_Linear,peak,p0.1|n80,rmse,21.270766019045617,5,16
iter02b_ffnn,3,bstar_2023,HP_Peak,anchor_only_Linear,peak,p0.1|n80,mae,20.50731792215121,5,16
iter02b_ffnn,3,bstar_2023,HP_Peak,anchor_only_Linear,peak,p0.1|n80,mape,44.06048729937494,5,16
iter02b_ffnn,3,bstar_2023,HP_Peak,anchor_only_Linear,peak,p0.1|n80,r2,-6.909943058675039,5,16
iter02b_ffnn,3,bstar_2023,HP_Peak,anchor_only_Linear,peak,p0.1|n80,n_pred_nan,0.0,5,16
iter02b_ffnn,3,bstar_2023,HP_Peak,anchor_only_Linear,peak,p0.1|n80,mape_n_excluded,0.0,5,16
iter02b_ffnn,3,bstar_2023,HP_Peak,anchor_only_Linear,peak,p0.1|n120,rmse,35.655407806945114,5,16
iter02b_ffnn,3,bstar_2023,HP_Peak,anchor_only_Linear,peak,p0.1|n120,mae,34.93069007086845,5,16
iter02b_ffnn,3,bstar_2023,HP_Peak,anchor_only_Linear,peak,p0.1|n120,mape,44.917843880985686,5,16
iter02b_ffnn,3,bstar_2023,HP_Peak,anchor_only_Linear,peak,p0.1|n120,r2,-35.351920375535634,5,16
iter02b_ffnn,3,bstar_2023,HP_Peak,anchor_only_Linear,peak,p0.1|n120,n_pred_nan,0.0,5,16
iter02b_ffnn,3,bstar_2023,HP_Peak,anchor_only_Linear,peak,p0.1|n120,mape_n_excluded,0.0,5,16
iter02b_ffnn,3,bstar_2023,HP_Peak,anchor_only_Linear,peak,p0.2|n10,rmse,5.725456825476017,10,9
iter02b_ffnn,3,bstar_2023,HP_Peak,anchor_only_Linear,peak,p0.2|n10,mae,4.301738304731107,10,9
iter02b_ffnn,3,bstar_2023,HP_Peak,anchor_only_Linear,peak,p0.2|n10,mape,51.52932359558007,10,9
iter02b_ffnn,3,bstar_2023,HP_Peak,anchor_only_Linear,peak,p0.2|n10,r2,0.2843074706685474,10,9
iter02b_ffnn,3,bstar_2023,HP_Peak,anchor_only_Linear,peak,p0.2|n10,n_pred_nan,0.0,10,9
iter02b_ffnn,3,bstar_2023,HP_Peak,anchor_only_Linear,peak,p0.2|n10,mape_n_excluded,0.0,10,9
iter02b_ffnn,3,bstar_2023,HP_Peak,anchor_only_Linear,peak,p0.2|n20,rmse,8.98111159932042,5,11
iter02b_ffnn,3,bstar_2023,HP_Peak,anchor_only_Linear,peak,p0.2|n20,mae,7.231655961921618,5,11
iter02b_ffnn,3,bstar_2023,HP_Peak,anchor_only_Linear,peak,p0.2|n20,mape,43.946398080475184,5,11
iter02b_ffnn,3,bstar_2023,HP_Peak,anchor_only_Linear,peak,p0.2|n20,r2,-7.010052876651633,5,11
iter02b_ffnn,3,bstar_2023,HP_Peak,anchor_only_Linear,peak,p0.2|n20,n_pred_nan,0.0,5,11
iter02b_ffnn,3,bstar_2023,HP_Peak,anchor_only_Linear,peak,p0.2|n20,mape_n_excluded,0.0,5,11
iter02b_ffnn,3,bstar_2023,HP_Peak,anchor_only_Linear,peak,p0.2|n40,rmse,8.187799898496817,5,15
iter02b_ffnn,3,bstar_2023,HP_Peak,anchor_only_Linear,peak,p0.2|n40,mae,6.053861661418719,5,15
iter02b_ffnn,3,bstar_2023,HP_Peak,anchor_only_Linear,peak,p0.2|n40,mape,14.847903503780383,5,15
iter02b_ffnn,3,bstar_2023,HP_Peak,anchor_only_Linear,peak,p0.2|n40,r2,0.3329793357778995,5,15
iter02b_ffnn,3,bstar_2023,HP_Peak,anchor_only_Linear,peak,p0.2|n40,n_pred_nan,0.0,5,15
iter02b_ffnn,3,bstar_2023,HP_Peak,anchor_only_Linear,peak,p0.2|n40,mape_n_excluded,0.0,5,15
iter02b_ffnn,3,bstar_2023,HP_Peak,anchor_only_Linear,peak,p0.3|n10,rmse,3.881293734812699,10,14
iter02b_ffnn,3,bstar_2023,HP_Peak,anchor_only_Linear,peak,p0.3|n10,mae,2.9645696605800445,10,14
iter02b_ffnn,3,bstar_2023,HP_Peak,anchor_only_Linear,peak,p0.3|n10,mape,19.52921907676272,10,14
iter02b_ffnn,3,bstar_2023,HP_Peak,anchor_only_Linear,peak,p0.3|n10,r2,0.7217418354144758,10,14
iter02b_ffnn,3,bstar_2023,HP_Peak,anchor_only_Linear,peak,p0.3|n10,n_pred_nan,0.0,10,14
iter02b_ffnn,3,bstar_2023,HP_Peak,anchor_only_Linear,peak,p0.3|n10,mape_n_excluded,0.0,10,14
iter02b_ffnn,3,bstar_2023,HP_Peak,anchor_only_Linear,peak,p0.3|n20,rmse,7.167741884131604,5,14
iter02b_ffnn,3,bstar_2023,HP_Peak,anchor_only_Linear,peak,p0.3|n20,mae,6.619721439472319,5,14
iter02b_ffnn,3,bstar_2023,HP_Peak,anchor_only_Linear,peak,p0.3|n20,mape,17.547785161479965,5,14
iter02b_ffnn,3,bstar_2023,HP_Peak,anchor_only_Linear,peak,p0.3|n20,r2,-0.3903722538784802,5,14
iter02b_ffnn,3,bstar_2023,HP_Peak,anchor_only_Linear,peak,p0.3|n20,n_pred_nan,0.0,5,14
iter02b_ffnn,3,bstar_2023,HP_Peak,anchor_only_Linear,peak,p0.3|n20,mape_n_excluded,0.0,5,14
iter02b_ffnn,3,bstar_2023,HP_Peak,anchor_only_Linear,peak,p0.3|n40,rmse,13.128226936849178,5,16
iter02b_ffnn,3,bstar_2023,HP_Peak,anchor_only_Linear,peak,p0.3|n40,mae,12.766574300472032,5,16
iter02b_ffnn,3,bstar_2023,HP_Peak,anchor_only_Linear,peak,p0.3|n40,mape,16.008553326345147,5,16
iter02b_ffnn,3,bstar_2023,HP_Peak,anchor_only_Linear,peak,p0.3|n40,r2,-2.992493418910517,5,16
iter02b_ffnn,3,bstar_2023,HP_Peak,anchor_only_Linear,peak,p0.3|n40,n_pred_nan,0.0,5,16
iter02b_ffnn,3,bstar_2023,HP_Peak,anchor_only_Linear,peak,p0.3|n40,mape_n_excluded,0.0,5,16
iter02b_ffnn,3,bstar_2023,HP_Peak,anchor_only_Linear,peak,p0.5|n10,rmse,5.794755757764281,5,14
iter02b_ffnn,3,bstar_2023,HP_Peak,anchor_only_Linear,peak,p0.5|n10,mae,4.521783717850569,5,14
iter02b_ffnn,3,bstar_2023,HP_Peak,anchor_only_Linear,peak,p0.5|n10,mape,12.800813414138618,5,14
iter02b_ffnn,3,bstar_2023,HP_Peak,anchor_only_Linear,peak,p0.5|n10,r2,0.6627623213599884,5,14
iter02b_ffnn,3,bstar_2023,HP_Peak,anchor_only_Linear,peak,p0.5|n10,n_pred_nan,0.0,5,14
iter02b_ffnn,3,bstar_2023,HP_Peak,anchor_only_Linear,peak,p0.5|n10,mape_n_excluded,0.0,5,14
iter02b_ffnn,3,bstar_2023,HP_Peak,anchor_only_Linear,peak,p0.5|n20,rmse,15.555334010594184,5,16
iter02b_ffnn,3,bstar_2023,HP_Peak,anchor_only_Linear,peak,p0.5|n20,mae,14.453254352769736,5,16
iter02b_ffnn,3,bstar_2023,HP_Peak,anchor_only_Linear,peak,p0.5|n20,mape,21.62334256756666,5,16
iter02b_ffnn,3,bstar_2023,HP_Peak,anchor_only_Linear,peak,p0.5|n20,r2,-1.6755351221601718,5,16
iter02b_ffnn,3,bstar_2023,HP_Peak,anchor_only_Linear,peak,p0.5|n20,n_pred_nan,0.0,5,16
iter02b_ffnn,3,bstar_2023,HP_Peak,anchor_only_Linear,peak,p0.5|n20,mape_n_excluded,0.0,5,16
iter02b_ffnn,3,bstar_2023,HP_Peak,anchor_only_Linear,peak,p1.0|n10,rmse,20.63677140610445,5,16
iter02b_ffnn,3,bstar_2023,HP_Peak,anchor_only_Linear,peak,p1.0|n10,mae,20.11256098820512,5,16
iter02b_ffnn,3,bstar_2023,HP_Peak,anchor_only_Linear,peak,p1.0|n10,mape,32.0947370717614,5,16
iter02b_ffnn,3,bstar_2023,HP_Peak,anchor_only_Linear,peak,p1.0|n10,r2,-3.723816879718133,5,16
iter02b_ffnn,3,bstar_2023,HP_Peak,anchor_only_Linear,peak,p1.0|n10,n_pred_nan,0.0,5,16
iter02b_ffnn,3,bstar_2023,HP_Peak,anchor_only_Linear,peak,p1.0|n10,mape_n_excluded,0.0,5,16
iter02b_ffnn,3,bstar_2023,HP_Peak,anchor_only_Linear,size+peak,all,rmse,11.167962653224164,130,20
iter02b_ffnn,3,bstar_2023,HP_Peak,anchor_only_Linear,size+peak,all,mae,9.051661519040469,130,20
iter02b_ffnn,3,bstar_2023,HP_Peak,anchor_only_Linear,size+peak,all,mape,78.1329312019064,130,20
iter02b_ffnn,3,bstar_2023,HP_Peak,anchor_only_Linear,size+peak,all,r2,0.7964480320207168,130,20
iter02b_ffnn,3,bstar_2023,HP_Peak,anchor_only_Linear,size+peak,all,n_pred_nan,0.0,130,20
iter02b_ffnn,3,bstar_2023,HP_Peak,anchor_only_Linear,size+peak,all,mape_n_excluded,0.0,130,20
iter02b_ffnn,3,bstar_2023,HP_Peak,anchor_only_Linear,size+peak,p0.05|n10,rmse,8.025099087392455,10,8
iter02b_ffnn,3,bstar_2023,HP_Peak,anchor_only_Linear,size+peak,p0.05|n10,mae,5.606127866521787,10,8
iter02b_ffnn,3,bstar_2023,HP_Peak,anchor_only_Linear,size+peak,p0.05|n10,mape,142.36043241033357,10,8
iter02b_ffnn,3,bstar_2023,HP_Peak,anchor_only_Linear,size+peak,p0.05|n10,r2,-30.468294639484835,10,8
iter02b_ffnn,3,bstar_2023,HP_Peak,anchor_only_Linear,size+peak,p0.05|n10,n_pred_nan,0.0,10,8
iter02b_ffnn,3,bstar_2023,HP_Peak,anchor_only_Linear,size+peak,p0.05|n10,mape_n_excluded,0.0,10,8
iter02b_ffnn,3,bstar_2023,HP_Peak,anchor_only_Linear,size+peak,p0.05|n20,rmse,10.293098056961227,10,7
iter02b_ffnn,3,bstar_2023,HP_Peak,anchor_only_Linear,size+peak,p0.05|n20,mae,8.251204876629881,10,7
iter02b_ffnn,3,bstar_2023,HP_Peak,anchor_only_Linear,size+peak,p0.05|n20,mape,218.8646618713152,10,7
iter02b_ffnn,3,bstar_2023,HP_Peak,anchor_only_Linear,size+peak,p0.05|n20,r2,-21.91674914131218,10,7
iter02b_ffnn,3,bstar_2023,HP_Peak,anchor_only_Linear,size+peak,p0.05|n20,n_pred_nan,0.0,10,7
iter02b_ffnn,3,bstar_2023,HP_Peak,anchor_only_Linear,size+peak,p0.05|n20,mape_n_excluded,0.0,10,7
iter02b_ffnn,3,bstar_2023,HP_Peak,anchor_only_Linear,size+peak,p0.05|n40,rmse,9.606754438628217,10,14
iter02b_ffnn,3,bstar_2023,HP_Peak,anchor_only_Linear,size+peak,p0.05|n40,mae,7.980852773357549,10,14
iter02b_ffnn,3,bstar_2023,HP_Peak,anchor_only_Linear,size+peak,p0.05|n40,mape,81.53355723101016,10,14
iter02b_ffnn,3,bstar_2023,HP_Peak,anchor_only_Linear,size+peak,p0.05|n40,r2,-2.571186570588702,10,14
iter02b_ffnn,3,bstar_2023,HP_Peak,anchor_only_Linear,size+peak,p0.05|n40,n_pred_nan,0.0,10,14
iter02b_ffnn,3,bstar_2023,HP_Peak,anchor_only_Linear,size+peak,p0.05|n40,mape_n_excluded,0.0,10,14
iter02b_ffnn,3,bstar_2023,HP_Peak,anchor_only_Linear,size+peak,p0.05|n80,rmse,11.496235669817704,5,11
iter02b_ffnn,3,bstar_2023,HP_Peak,anchor_only_Linear,size+peak,p0.05|n80,mae,10.945237748653282,5,11
iter02b_ffnn,3,bstar_2023,HP_Peak,anchor_only_Linear,size+peak,p0.05|n80,mape,49.90746521303556,5,11
iter02b_ffnn,3,bstar_2023,HP_Peak,anchor_only_Linear,size+peak,p0.05|n80,r2,-10.11036046416134,5,11
iter02b_ffnn,3,bstar_2023,HP_Peak,anchor_only_Linear,size+peak,p0.05|n80,n_pred_nan,0.0,5,11
iter02b_ffnn,3,bstar_2023,HP_Peak,anchor_only_Linear,size+peak,p0.05|n80,mape_n_excluded,0.0,5,11
iter02b_ffnn,3,bstar_2023,HP_Peak,anchor_only_Linear,size+peak,p0.05|n120,rmse,17.50761225182573,5,13
iter02b_ffnn,3,bstar_2023,HP_Peak,anchor_only_Linear,size+peak,p0.05|n120,mae,16.32545488107187,5,13
iter02b_ffnn,3,bstar_2023,HP_Peak,anchor_only_Linear,size+peak,p0.05|n120,mape,38.29901674369008,5,13
iter02b_ffnn,3,bstar_2023,HP_Peak,anchor_only_Linear,size+peak,p0.05|n120,r2,-4.540575297976429,5,13
iter02b_ffnn,3,bstar_2023,HP_Peak,anchor_only_Linear,size+peak,p0.05|n120,n_pred_nan,0.0,5,13
iter02b_ffnn,3,bstar_2023,HP_Peak,anchor_only_Linear,size+peak,p0.05|n120,mape_n_excluded,0.0,5,13
iter02b_ffnn,3,bstar_2023,HP_Peak,anchor_only_Linear,size+peak,p0.1|n10,rmse,7.212529804865412,10,9
iter02b_ffnn,3,bstar_2023,HP_Peak,anchor_only_Linear,size+peak,p0.1|n10,mae,5.581660089277308,10,9
iter02b_ffnn,3,bstar_2023,HP_Peak,anchor_only_Linear,size+peak,p0.1|n10,mape,143.39116578299237,10,9
iter02b_ffnn,3,bstar_2023,HP_Peak,anchor_only_Linear,size+peak,p0.1|n10,r2,-9.045546590830794,10,9
iter02b_ffnn,3,bstar_2023,HP_Peak,anchor_only_Linear,size+peak,p0.1|n10,n_pred_nan,0.0,10,9
iter02b_ffnn,3,bstar_2023,HP_Peak,anchor_only_Linear,size+peak,p0.1|n10,mape_n_excluded,0.0,10,9
iter02b_ffnn,3,bstar_2023,HP_Peak,anchor_only_Linear,size+peak,p0.1|n20,rmse,12.689119514261405,10,12
iter02b_ffnn,3,bstar_2023,HP_Peak,anchor_only_Linear,size+peak,p0.1|n20,mae,10.075181269852989,10,12
iter02b_ffnn,3,bstar_2023,HP_Peak,anchor_only_Linear,size+peak,p0.1|n20,mape,100.4836628891608,10,12
iter02b_ffnn,3,bstar_2023,HP_Peak,anchor_only_Linear,size+peak,p0.1|n20,r2,-2.473425549174048,10,12
iter02b_ffnn,3,bstar_2023,HP_Peak,anchor_only_Linear,size+peak,p0.1|n20,n_pred_nan,0.0,10,12
iter02b_ffnn,3,bstar_2023,HP_Peak,anchor_only_Linear,size+peak,p0.1|n20,mape_n_excluded,0.0,10,12
iter02b_ffnn,3,bstar_2023,HP_Peak,anchor_only_Linear,size+peak,p0.1|n40,rmse,18.036129314180656,5,12
iter02b_ffnn,3,bstar_2023,HP_Peak,anchor_only_Linear,size+peak,p0.1|n40,mae,16.759954533330056,5,12
iter02b_ffnn,3,bstar_2023,HP_Peak,anchor_only_Linear,size+peak,p0.1|n40,mape,67.80164105188415,5,12
iter02b_ffnn,3,bstar_2023,HP_Peak,anchor_only_Linear,size+peak,p0.1|n40,r2,-5.454026551314527,5,12
iter02b_ffnn,3,bstar_2023,HP_Peak,anchor_only_Linear,size+peak,p0.1|n40,n_pred_nan,0.0,5,12
iter02b_ffnn,3,bstar_2023,HP_Peak,anchor_only_Linear,size+peak,p0.1|n40,mape_n_excluded,0.0,5,12
iter02b_ffnn,3,bstar_2023,HP_Peak,anchor_only_Linear,size+peak,p0.1|n80,rmse,7.560643001590903,5,16
iter02b_ffnn,3,bstar_2023,HP_Peak,anchor_only_Linear,size+peak,p0.1|n80,mae,6.172185752584218,5,16
iter02b_ffnn,3,bstar_2023,HP_Peak,anchor_only_Linear,size+peak,p0.1|n80,mape,14.030534140364765,5,16
iter02b_ffnn,3,bstar_2023,HP_Peak,anchor_only_Linear,size+peak,p0.1|n80,r2,0.0006340216761219,5,16
iter02b_ffnn,3,bstar_2023,HP_Peak,anchor_only_Linear,size+peak,p0.1|n80,n_pred_nan,0.0,5,16
iter02b_ffnn,3,bstar_2023,HP_Peak,anchor_only_Linear,size+peak,p0.1|n80,mape_n_excluded,0.0,5,16
iter02b_ffnn,3,bstar_2023,HP_Peak,anchor_only_Linear,size+peak,p0.1|n120,rmse,15.87310153397798,5,16
iter02b_ffnn,3,bstar_2023,HP_Peak,anchor_only_Linear,size+peak,p0.1|n120,mae,13.414126226513702,5,16
iter02b_ffnn,3,bstar_2023,HP_Peak,anchor_only_Linear,size+peak,p0.1|n120,mape,17.711149515624314,5,16
iter02b_ffnn,3,bstar_2023,HP_Peak,anchor_only_Linear,size+peak,p0.1|n120,r2,-6.204438375662484,5,16
iter02b_ffnn,3,bstar_2023,HP_Peak,anchor_only_Linear,size+peak,p0.1|n120,n_pred_nan,0.0,5,16
iter02b_ffnn,3,bstar_2023,HP_Peak,anchor_only_Linear,size+peak,p0.1|n120,mape_n_excluded,0.0,5,16
iter02b_ffnn,3,bstar_2023,HP_Peak,anchor_only_Linear,size+peak,p0.2|n10,rmse,12.275343307680515,10,9
iter02b_ffnn,3,bstar_2023,HP_Peak,anchor_only_Linear,size+peak,p0.2|n10,mae,9.769830182843888,10,9
iter02b_ffnn,3,bstar_2023,HP_Peak,anchor_only_Linear,size+peak,p0.2|n10,mape,103.71551115883392,10,9
iter02b_ffnn,3,bstar_2023,HP_Peak,anchor_only_Linear,size+peak,p0.2|n10,r2,-2.289830250644271,10,9
iter02b_ffnn,3,bstar_2023,HP_Peak,anchor_only_Linear,size+peak,p0.2|n10,n_pred_nan,0.0,10,9
iter02b_ffnn,3,bstar_2023,HP_Peak,anchor_only_Linear,size+peak,p0.2|n10,mape_n_excluded,0.0,10,9
iter02b_ffnn,3,bstar_2023,HP_Peak,anchor_only_Linear,size+peak,p0.2|n20,rmse,14.974206711048476,5,11
iter02b_ffnn,3,bstar_2023,HP_Peak,anchor_only_Linear,size+peak,p0.2|n20,mae,13.05170463609159,5,11
iter02b_ffnn,3,bstar_2023,HP_Peak,anchor_only_Linear,size+peak,p0.2|n20,mape,76.85485933233205,5,11
iter02b_ffnn,3,bstar_2023,HP_Peak,anchor_only_Linear,size+peak,p0.2|n20,r2,-21.267058245726798,5,11
iter02b_ffnn,3,bstar_2023,HP_Peak,anchor_only_Linear,size+peak,p0.2|n20,n_pred_nan,0.0,5,11
iter02b_ffnn,3,bstar_2023,HP_Peak,anchor_only_Linear,size+peak,p0.2|n20,mape_n_excluded,0.0,5,11
iter02b_ffnn,3,bstar_2023,HP_Peak,anchor_only_Linear,size+peak,p0.2|n40,rmse,13.979376052558628,5,15
iter02b_ffnn,3,bstar_2023,HP_Peak,anchor_only_Linear,size+peak,p0.2|n40,mae,12.994045863348214,5,15
iter02b_ffnn,3,bstar_2023,HP_Peak,anchor_only_Linear,size+peak,p0.2|n40,mape,28.587699221240392,5,15
iter02b_ffnn,3,bstar_2023,HP_Peak,anchor_only_Linear,size+peak,p0.2|n40,r2,-0.9443767677284216,5,15
iter02b_ffnn,3,bstar_2023,HP_Peak,anchor_only_Linear,size+peak,p0.2|n40,n_pred_nan,0.0,5,15
iter02b_ffnn,3,bstar_2023,HP_Peak,anchor_only_Linear,size+peak,p0.2|n40,mape_n_excluded,0.0,5,15
iter02b_ffnn,3,bstar_2023,HP_Peak,anchor_only_Linear,size+peak,p0.3|n10,rmse,5.945570956875929,10,14
iter02b_ffnn,3,bstar_2023,HP_Peak,anchor_only_Linear,size+peak,p0.3|n10,mae,4.569743236659463,10,14
iter02b_ffnn,3,bstar_2023,HP_Peak,anchor_only_Linear,size+peak,p0.3|n10,mape,33.530850372605784,10,14
iter02b_ffnn,3,bstar_2023,HP_Peak,anchor_only_Linear,size+peak,p0.3|n10,r2,0.3470468418651996,10,14
iter02b_ffnn,3,bstar_2023,HP_Peak,anchor_only_Linear,size+peak,p0.3|n10,n_pred_nan,0.0,10,14
iter02b_ffnn,3,bstar_2023,HP_Peak,anchor_only_Linear,size+peak,p0.3|n10,mape_n_excluded,0.0,10,14
iter02b_ffnn,3,bstar_2023,HP_Peak,anchor_only_Linear,size+peak,p0.3|n20,rmse,8.227973642095135,5,14
iter02b_ffnn,3,bstar_2023,HP_Peak,anchor_only_Linear,size+peak,p0.3|n20,mae,7.765759978119209,5,14
iter02b_ffnn,3,bstar_2023,HP_Peak,anchor_only_Linear,size+peak,p0.3|n20,mape,19.74843639286948,5,14
iter02b_ffnn,3,bstar_2023,HP_Peak,anchor_only_Linear,size+peak,p0.3|n20,r2,-0.8321125966429628,5,14
iter02b_ffnn,3,bstar_2023,HP_Peak,anchor_only_Linear,size+peak,p0.3|n20,n_pred_nan,0.0,5,14
iter02b_ffnn,3,bstar_2023,HP_Peak,anchor_only_Linear,size+peak,p0.3|n20,mape_n_excluded,0.0,5,14
iter02b_ffnn,3,bstar_2023,HP_Peak,anchor_only_Linear,size+peak,p0.3|n40,rmse,7.191326764049138,5,16
iter02b_ffnn,3,bstar_2023,HP_Peak,anchor_only_Linear,size+peak,p0.3|n40,mae,7.08736853109348,5,16
iter02b_ffnn,3,bstar_2023,HP_Peak,anchor_only_Linear,size+peak,p0.3|n40,mape,9.009068412645478,5,16
iter02b_ffnn,3,bstar_2023,HP_Peak,anchor_only_Linear,size+peak,p0.3|n40,r2,-0.1979814795314236,5,16
iter02b_ffnn,3,bstar_2023,HP_Peak,anchor_only_Linear,size+peak,p0.3|n40,n_pred_nan,0.0,5,16
iter02b_ffnn,3,bstar_2023,HP_Peak,anchor_only_Linear,size+peak,p0.3|n40,mape_n_excluded,0.0,5,16
iter02b_ffnn,3,bstar_2023,HP_Peak,anchor_only_Linear,size+peak,p0.5|n10,rmse,11.923006940162002,5,14
iter02b_ffnn,3,bstar_2023,HP_Peak,anchor_only_Linear,size+peak,p0.5|n10,mae,11.40464946834633,5,14
iter02b_ffnn,3,bstar_2023,HP_Peak,anchor_only_Linear,size+peak,p0.5|n10,mape,36.407944198686245,5,14
iter02b_ffnn,3,bstar_2023,HP_Peak,anchor_only_Linear,size+peak,p0.5|n10,r2,-0.4277014918922788,5,14
iter02b_ffnn,3,bstar_2023,HP_Peak,anchor_only_Linear,size+peak,p0.5|n10,n_pred_nan,0.0,5,14
iter02b_ffnn,3,bstar_2023,HP_Peak,anchor_only_Linear,size+peak,p0.5|n10,mape_n_excluded,0.0,5,14
iter02b_ffnn,3,bstar_2023,HP_Peak,anchor_only_Linear,size+peak,p0.5|n20,rmse,10.007387501708475,5,16
iter02b_ffnn,3,bstar_2023,HP_Peak,anchor_only_Linear,size+peak,p0.5|n20,mae,8.563990954292736,5,16
iter02b_ffnn,3,bstar_2023,HP_Peak,anchor_only_Linear,size+peak,p0.5|n20,mape,13.781979413879707,5,16
iter02b_ffnn,3,bstar_2023,HP_Peak,anchor_only_Linear,size+peak,p0.5|n20,r2,-0.107371668040157,5,16
iter02b_ffnn,3,bstar_2023,HP_Peak,anchor_only_Linear,size+peak,p0.5|n20,n_pred_nan,0.0,5,16
iter02b_ffnn,3,bstar_2023,HP_Peak,anchor_only_Linear,size+peak,p0.5|n20,mape_n_excluded,0.0,5,16
iter02b_ffnn,3,bstar_2023,HP_Peak,anchor_only_Linear,size+peak,p1.0|n10,rmse,8.057362121630653,5,16
iter02b_ffnn,3,bstar_2023,HP_Peak,anchor_only_Linear,size+peak,p1.0|n10,mae,7.189520331321735,5,16
iter02b_ffnn,3,bstar_2023,HP_Peak,anchor_only_Linear,size+peak,p1.0|n10,mape,11.556734180810327,5,16
iter02b_ffnn,3,bstar_2023,HP_Peak,anchor_only_Linear,size+peak,p1.0|n10,r2,0.2798958532966142,5,16
iter02b_ffnn,3,bstar_2023,HP_Peak,anchor_only_Linear,size+peak,p1.0|n10,n_pred_nan,0.0,5,16
iter02b_ffnn,3,bstar_2023,HP_Peak,anchor_only_Linear,size+peak,p1.0|n10,mape_n_excluded,0.0,5,16
iter02b_ffnn,3,bstar_2023,HP_Peak,anchor_only_XGBoost,size,all,rmse,24.83363277192461,130,20
iter02b_ffnn,3,bstar_2023,HP_Peak,anchor_only_XGBoost,size,all,mae,20.862970601225484,130,20
iter02b_ffnn,3,bstar_2023,HP_Peak,anchor_only_XGBoost,size,all,mape,209.27496630028668,130,20
iter02b_ffnn,3,bstar_2023,HP_Peak,anchor_only_XGBoost,size,all,r2,-0.0064863956372898,130,20
iter02b_ffnn,3,bstar_2023,HP_Peak,anchor_only_XGBoost,size,all,n_pred_nan,0.0,130,20
iter02b_ffnn,3,bstar_2023,HP_Peak,anchor_only_XGBoost,size,all,mape_n_excluded,0.0,130,20
iter02b_ffnn,3,bstar_2023,HP_Peak,anchor_only_XGBoost,size,p0.05|n10,rmse,13.708360622665774,10,8
iter02b_ffnn,3,bstar_2023,HP_Peak,anchor_only_XGBoost,size,p0.05|n10,mae,13.633509316040032,10,8
iter02b_ffnn,3,bstar_2023,HP_Peak,anchor_only_XGBoost,size,p0.05|n10,mape,360.63969546304975,10,8
iter02b_ffnn,3,bstar_2023,HP_Peak,anchor_only_XGBoost,size,p0.05|n10,r2,-90.82130113944145,10,8
iter02b_ffnn,3,bstar_2023,HP_Peak,anchor_only_XGBoost,size,p0.05|n10,n_pred_nan,0.0,10,8
iter02b_ffnn,3,bstar_2023,HP_Peak,anchor_only_XGBoost,size,p0.05|n10,mape_n_excluded,0.0,10,8
iter02b_ffnn,3,bstar_2023,HP_Peak,anchor_only_XGBoost,size,p0.05|n20,rmse,27.83581474786758,10,7
iter02b_ffnn,3,bstar_2023,HP_Peak,anchor_only_XGBoost,size,p0.05|n20,mae,27.75264707443846,10,7
iter02b_ffnn,3,bstar_2023,HP_Peak,anchor_only_XGBoost,size,p0.05|n20,mape,776.0231791292473,10,7
iter02b_ffnn,3,bstar_2023,HP_Peak,anchor_only_XGBoost,size,p0.05|n20,r2,-166.597935893001,10,7
iter02b_ffnn,3,bstar_2023,HP_Peak,anchor_only_XGBoost,size,p0.05|n20,n_pred_nan,0.0,10,7
iter02b_ffnn,3,bstar_2023,HP_Peak,anchor_only_XGBoost,size,p0.05|n20,mape_n_excluded,0.0,10,7
iter02b_ffnn,3,bstar_2023,HP_Peak,anchor_only_XGBoost,size,p0.05|n40,rmse,36.58720409945993,10,14
iter02b_ffnn,3,bstar_2023,HP_Peak,anchor_only_XGBoost,size,p0.05|n40,mae,36.23231469365228,10,14
iter02b_ffnn,3,bstar_2023,HP_Peak,anchor_only_XGBoost,size,p0.05|n40,mape,428.7395485008337,10,14
iter02b_ffnn,3,bstar_2023,HP_Peak,anchor_only_XGBoost,size,p0.05|n40,r2,-50.79855045818353,10,14
iter02b_ffnn,3,bstar_2023,HP_Peak,anchor_only_XGBoost,size,p0.05|n40,n_pred_nan,0.0,10,14
iter02b_ffnn,3,bstar_2023,HP_Peak,anchor_only_XGBoost,size,p0.05|n40,mape_n_excluded,0.0,10,14
iter02b_ffnn,3,bstar_2023,HP_Peak,anchor_only_XGBoost,size,p0.05|n80,rmse,50.15147210305991,5,11
iter02b_ffnn,3,bstar_2023,HP_Peak,anchor_only_XGBoost,size,p0.05|n80,mae,50.03273569726549,5,11
iter02b_ffnn,3,bstar_2023,HP_Peak,anchor_only_XGBoost,size,p0.05|n80,mape,242.15930601598345,5,11
iter02b_ffnn,3,bstar_2023,HP_Peak,anchor_only_XGBoost,size,p0.05|n80,r2,-210.4385656702092,5,11
iter02b_ffnn,3,bstar_2023,HP_Peak,anchor_only_XGBoost,size,p0.05|n80,n_pred_nan,0.0,5,11
iter02b_ffnn,3,bstar_2023,HP_Peak,anchor_only_XGBoost,size,p0.05|n80,mape_n_excluded,0.0,5,11
iter02b_ffnn,3,bstar_2023,HP_Peak,anchor_only_XGBoost,size,p0.05|n120,rmse,34.5203006711154,5,13
iter02b_ffnn,3,bstar_2023,HP_Peak,anchor_only_XGBoost,size,p0.05|n120,mae,33.70947964033162,5,13
iter02b_ffnn,3,bstar_2023,HP_Peak,anchor_only_XGBoost,size,p0.05|n120,mape,83.43277566736643,5,13
iter02b_ffnn,3,bstar_2023,HP_Peak,anchor_only_XGBoost,size,p0.05|n120,r2,-20.54022134976978,5,13
iter02b_ffnn,3,bstar_2023,HP_Peak,anchor_only_XGBoost,size,p0.05|n120,n_pred_nan,0.0,5,13
iter02b_ffnn,3,bstar_2023,HP_Peak,anchor_only_XGBoost,size,p0.05|n120,mape_n_excluded,0.0,5,13
iter02b_ffnn,3,bstar_2023,HP_Peak,anchor_only_XGBoost,size,p0.1|n10,rmse,13.532245350211214,10,9
iter02b_ffnn,3,bstar_2023,HP_Peak,anchor_only_XGBoost,size,p0.1|n10,mae,13.339534916040009,10,9
iter02b_ffnn,3,bstar_2023,HP_Peak,anchor_only_XGBoost,size,p0.1|n10,mape,369.2701453353073,10,9
iter02b_ffnn,3,bstar_2023,HP_Peak,anchor_only_XGBoost,size,p0.1|n10,r2,-34.362100748262286,10,9
iter02b_ffnn,3,bstar_2023,HP_Peak,anchor_only_XGBoost,size,p0.1|n10,n_pred_nan,0.0,10,9
iter02b_ffnn,3,bstar_2023,HP_Peak,anchor_only_XGBoost,size,p0.1|n10,mape_n_excluded,0.0,10,9
iter02b_ffnn,3,bstar_2023,HP_Peak,anchor_only_XGBoost,size,p0.1|n20,rmse,20.93386733445521,10,12
iter02b_ffnn,3,bstar_2023,HP_Peak,anchor_only_XGBoost,size,p0.1|n20,mae,19.79572947443839,10,12
iter02b_ffnn,3,bstar_2023,HP_Peak,anchor_only_XGBoost,size,p0.1|n20,mape,223.15722480359108,10,12
iter02b_ffnn,3,bstar_2023,HP_Peak,anchor_only_XGBoost,size,p0.1|n20,r2,-8.45352884873792,10,12
iter02b_ffnn,3,bstar_2023,HP_Peak,anchor_only_XGBoost,size,p0.1|n20,n_pred_nan,0.0,10,12
iter02b_ffnn,3,bstar_2023,HP_Peak,anchor_only_XGBoost,size,p0.1|n20,mape_n_excluded,0.0,10,12
iter02b_ffnn,3,bstar_2023,HP_Peak,anchor_only_XGBoost,size,p0.1|n40,rmse,19.741535942539908,5,12
iter02b_ffnn,3,bstar_2023,HP_Peak,anchor_only_XGBoost,size,p0.1|n40,mae,18.42078429365203,5,12
iter02b_ffnn,3,bstar_2023,HP_Peak,anchor_only_XGBoost,size,p0.1|n40,mape,75.79693570816502,5,12
iter02b_ffnn,3,bstar_2023,HP_Peak,anchor_only_XGBoost,size,p0.1|n40,r2,-6.732251022007205,5,12
iter02b_ffnn,3,bstar_2023,HP_Peak,anchor_only_XGBoost,size,p0.1|n40,n_pred_nan,0.0,5,12
iter02b_ffnn,3,bstar_2023,HP_Peak,anchor_only_XGBoost,size,p0.1|n40,mape_n_excluded,0.0,5,12
iter02b_ffnn,3,bstar_2023,HP_Peak,anchor_only_XGBoost,size,p0.1|n80,rmse,23.421286611093528,5,16
iter02b_ffnn,3,bstar_2023,HP_Peak,anchor_only_XGBoost,size,p0.1|n80,mae,22.166575697265184,5,16
iter02b_ffnn,3,bstar_2023,HP_Peak,anchor_only_XGBoost,size,p0.1|n80,mape,48.4591854032842,5,16
iter02b_ffnn,3,bstar_2023,HP_Peak,anchor_only_XGBoost,size,p0.1|n80,r2,-8.590220525875406,5,16
iter02b_ffnn,3,bstar_2023,HP_Peak,anchor_only_XGBoost,size,p0.1|n80,n_pred_nan,0.0,5,16
iter02b_ffnn,3,bstar_2023,HP_Peak,anchor_only_XGBoost,size,p0.1|n80,mape_n_excluded,0.0,5,16
iter02b_ffnn,3,bstar_2023,HP_Peak,anchor_only_XGBoost,size,p0.1|n120,rmse,6.487551773757938,5,16
iter02b_ffnn,3,bstar_2023,HP_Peak,anchor_only_XGBoost,size,p0.1|n120,mae,6.025267895801425,5,16
iter02b_ffnn,3,bstar_2023,HP_Peak,anchor_only_XGBoost,size,p0.1|n120,mape,7.682107544592857,5,16
iter02b_ffnn,3,bstar_2023,HP_Peak,anchor_only_XGBoost,size,p0.1|n120,r2,-0.203478166893126,5,16
iter02b_ffnn,3,bstar_2023,HP_Peak,anchor_only_XGBoost,size,p0.1|n120,n_pred_nan,0.0,5,16
iter02b_ffnn,3,bstar_2023,HP_Peak,anchor_only_XGBoost,size,p0.1|n120,mape_n_excluded,0.0,5,16
iter02b_ffnn,3,bstar_2023,HP_Peak,anchor_only_XGBoost,size,p0.2|n10,rmse,9.728221686393024,10,9
iter02b_ffnn,3,bstar_2023,HP_Peak,anchor_only_XGBoost,size,p0.2|n10,mae,9.50420438962414,10,9
iter02b_ffnn,3,bstar_2023,HP_Peak,anchor_only_XGBoost,size,p0.2|n10,mape,122.4901593289928,10,9
iter02b_ffnn,3,bstar_2023,HP_Peak,anchor_only_XGBoost,size,p0.2|n10,r2,-1.06620359665281,10,9
iter02b_ffnn,3,bstar_2023,HP_Peak,anchor_only_XGBoost,size,p0.2|n10,n_pred_nan,0.0,10,9
iter02b_ffnn,3,bstar_2023,HP_Peak,anchor_only_XGBoost,size,p0.2|n10,mape_n_excluded,0.0,10,9
iter02b_ffnn,3,bstar_2023,HP_Peak,anchor_only_XGBoost,size,p0.2|n20,rmse,13.907683954531098,5,11
iter02b_ffnn,3,bstar_2023,HP_Peak,anchor_only_XGBoost,size,p0.2|n20,mae,13.540819074438456,5,11
iter02b_ffnn,3,bstar_2023,HP_Peak,anchor_only_XGBoost,size,p0.2|n20,mape,78.58996400855341,5,11
iter02b_ffnn,3,bstar_2023,HP_Peak,anchor_only_XGBoost,size,p0.2|n20,r2,-18.20811835420036,5,11
iter02b_ffnn,3,bstar_2023,HP_Peak,anchor_only_XGBoost,size,p0.2|n20,n_pred_nan,0.0,5,11
iter02b_ffnn,3,bstar_2023,HP_Peak,anchor_only_XGBoost,size,p0.2|n20,mape_n_excluded,0.0,5,11
iter02b_ffnn,3,bstar_2023,HP_Peak,anchor_only_XGBoost,size,p0.2|n40,rmse,11.342466439946156,5,15
iter02b_ffnn,3,bstar_2023,HP_Peak,anchor_only_XGBoost,size,p0.2|n40,mae,10.311099503809157,5,15
iter02b_ffnn,3,bstar_2023,HP_Peak,anchor_only_XGBoost,size,p0.2|n40,mape,20.63785712358998,5,15
iter02b_ffnn,3,bstar_2023,HP_Peak,anchor_only_XGBoost,size,p0.2|n40,r2,-0.2800291314196932,5,15
iter02b_ffnn,3,bstar_2023,HP_Peak,anchor_only_XGBoost,size,p0.2|n40,n_pred_nan,0.0,5,15
iter02b_ffnn,3,bstar_2023,HP_Peak,anchor_only_XGBoost,size,p0.2|n40,mape_n_excluded,0.0,5,15
iter02b_ffnn,3,bstar_2023,HP_Peak,anchor_only_XGBoost,size,p0.3|n10,rmse,8.087771761450735,10,14
iter02b_ffnn,3,bstar_2023,HP_Peak,anchor_only_XGBoost,size,p0.3|n10,mae,6.905158252832086,10,14
iter02b_ffnn,3,bstar_2023,HP_Peak,anchor_only_XGBoost,size,p0.3|n10,mape,51.47554032918429,10,14
iter02b_ffnn,3,bstar_2023,HP_Peak,anchor_only_XGBoost,size,p0.3|n10,r2,-0.2082384923498055,10,14
iter02b_ffnn,3,bstar_2023,HP_Peak,anchor_only_XGBoost,size,p0.3|n10,n_pred_nan,0.0,10,14
iter02b_ffnn,3,bstar_2023,HP_Peak,anchor_only_XGBoost,size,p0.3|n10,mape_n_excluded,0.0,10,14
iter02b_ffnn,3,bstar_2023,HP_Peak,anchor_only_XGBoost,size,p0.3|n20,rmse,9.84318307566659,5,14
iter02b_ffnn,3,bstar_2023,HP_Peak,anchor_only_XGBoost,size,p0.3|n20,mae,7.840607595337245,5,14
iter02b_ffnn,3,bstar_2023,HP_Peak,anchor_only_XGBoost,size,p0.3|n20,mape,17.909060436883443,5,14
iter02b_ffnn,3,bstar_2023,HP_Peak,anchor_only_XGBoost,size,p0.3|n20,r2,-1.6220290715566494,5,14
iter02b_ffnn,3,bstar_2023,HP_Peak,anchor_only_XGBoost,size,p0.3|n20,n_pred_nan,0.0,5,14
iter02b_ffnn,3,bstar_2023,HP_Peak,anchor_only_XGBoost,size,p0.3|n20,mape_n_excluded,0.0,5,14
iter02b_ffnn,3,bstar_2023,HP_Peak,anchor_only_XGBoost,size,p0.3|n40,rmse,34.23507420532648,5,16
iter02b_ffnn,3,bstar_2023,HP_Peak,anchor_only_XGBoost,size,p0.3|n40,mae,33.59868610634849,5,16
iter02b_ffnn,3,bstar_2023,HP_Peak,anchor_only_XGBoost,size,p0.3|n40,mape,41.511093945815546,5,16
iter02b_ffnn,3,bstar_2023,HP_Peak,anchor_only_XGBoost,size,p0.3|n40,r2,-26.15029828057308,5,16
iter02b_ffnn,3,bstar_2023,HP_Peak,anchor_only_XGBoost,size,p0.3|n40,n_pred_nan,0.0,5,16
iter02b_ffnn,3,bstar_2023,HP_Peak,anchor_only_XGBoost,size,p0.3|n40,mape_n_excluded,0.0,5,16
iter02b_ffnn,3,bstar_2023,HP_Peak,anchor_only_XGBoost,size,p0.5|n10,rmse,17.71122820582799,5,14
iter02b_ffnn,3,bstar_2023,HP_Peak,anchor_only_XGBoost,size,p0.5|n10,mae,14.632713483960163,5,14
iter02b_ffnn,3,bstar_2023,HP_Peak,anchor_only_XGBoost,size,p0.5|n10,mape,40.86155229916261,5,14
iter02b_ffnn,3,bstar_2023,HP_Peak,anchor_only_XGBoost,size,p0.5|n10,r2,-2.150381711342904,5,14
iter02b_ffnn,3,bstar_2023,HP_Peak,anchor_only_XGBoost,size,p0.5|n10,n_pred_nan,0.0,5,14
iter02b_ffnn,3,bstar_2023,HP_Peak,anchor_only_XGBoost,size,p0.5|n10,mape_n_excluded,0.0,5,14
iter02b_ffnn,3,bstar_2023,HP_Peak,anchor_only_XGBoost,size,p0.5|n20,rmse,34.44608048452653,5,16
iter02b_ffnn,3,bstar_2023,HP_Peak,anchor_only_XGBoost,size,p0.5|n20,mae,33.10732652556213,5,16
iter02b_ffnn,3,bstar_2023,HP_Peak,anchor_only_XGBoost,size,p0.5|n20,mape,49.81217363776243,5,16
iter02b_ffnn,3,bstar_2023,HP_Peak,anchor_only_XGBoost,size,p0.5|n20,r2,-12.119932437519818,5,16
iter02b_ffnn,3,bstar_2023,HP_Peak,anchor_only_XGBoost,size,p0.5|n20,n_pred_nan,0.0,5,16
iter02b_ffnn,3,bstar_2023,HP_Peak,anchor_only_XGBoost,size,p0.5|n20,mape_n_excluded,0.0,5,16
iter02b_ffnn,3,bstar_2023,HP_Peak,anchor_only_XGBoost,size,p1.0|n10,rmse,45.72172062999041,5,16
iter02b_ffnn,3,bstar_2023,HP_Peak,anchor_only_XGBoost,size,p1.0|n10,mae,44.72494388396048,5,16
iter02b_ffnn,3,bstar_2023,HP_Peak,anchor_only_XGBoost,size,p1.0|n10,mape,70.70612623588303,5,16
iter02b_ffnn,3,bstar_2023,HP_Peak,anchor_only_XGBoost,size,p1.0|n10,r2,-22.1875401022931,5,16
iter02b_ffnn,3,bstar_2023,HP_Peak,anchor_only_XGBoost,size,p1.0|n10,n_pred_nan,0.0,5,16
iter02b_ffnn,3,bstar_2023,HP_Peak,anchor_only_XGBoost,size,p1.0|n10,mape_n_excluded,0.0,5,16
iter02b_ffnn,3,bstar_2023,HP_Peak,anchor_only_XGBoost,peak,all,rmse,19.46019736192025,130,20
iter02b_ffnn,3,bstar_2023,HP_Peak,anchor_only_XGBoost,peak,all,mae,14.061383964125886,130,20
iter02b_ffnn,3,bstar_2023,HP_Peak,anchor_only_XGBoost,peak,all,mape,103.7213944884114,130,20
iter02b_ffnn,3,bstar_2023,HP_Peak,anchor_only_XGBoost,peak,all,r2,0.3819524621399625,130,20
iter02b_ffnn,3,bstar_2023,HP_Peak,anchor_only_XGBoost,peak,all,n_pred_nan,0.0,130,20
iter02b_ffnn,3,bstar_2023,HP_Peak,anchor_only_XGBoost,peak,all,mape_n_excluded,0.0,130,20
iter02b_ffnn,3,bstar_2023,HP_Peak,anchor_only_XGBoost,peak,p0.05|n10,rmse,6.640329637201354,10,8
iter02b_ffnn,3,bstar_2023,HP_Peak,anchor_only_XGBoost,peak,p0.05|n10,mae,5.932467617584223,10,8
iter02b_ffnn,3,bstar_2023,HP_Peak,anchor_only_XGBoost,peak,p0.05|n10,mape,159.44660445258123,10,8
iter02b_ffnn,3,bstar_2023,HP_Peak,anchor_only_XGBoost,peak,p0.05|n10,r2,-20.545257006893344,10,8
iter02b_ffnn,3,bstar_2023,HP_Peak,anchor_only_XGBoost,peak,p0.05|n10,n_pred_nan,0.0,10,8
iter02b_ffnn,3,bstar_2023,HP_Peak,anchor_only_XGBoost,peak,p0.05|n10,mape_n_excluded,0.0,10,8
iter02b_ffnn,3,bstar_2023,HP_Peak,anchor_only_XGBoost,peak,p0.05|n20,rmse,13.46162121710286,10,7
iter02b_ffnn,3,bstar_2023,HP_Peak,anchor_only_XGBoost,peak,p0.05|n20,mae,12.801169546820049,10,7
iter02b_ffnn,3,bstar_2023,HP_Peak,anchor_only_XGBoost,peak,p0.05|n20,mape,354.21976430993044,10,7
iter02b_ffnn,3,bstar_2023,HP_Peak,anchor_only_XGBoost,peak,p0.05|n20,r2,-38.19724315445507,10,7
iter02b_ffnn,3,bstar_2023,HP_Peak,anchor_only_XGBoost,peak,p0.05|n20,n_pred_nan,0.0,10,7
iter02b_ffnn,3,bstar_2023,HP_Peak,anchor_only_XGBoost,peak,p0.05|n20,mape_n_excluded,0.0,10,7
iter02b_ffnn,3,bstar_2023,HP_Peak,anchor_only_XGBoost,peak,p0.05|n40,rmse,15.78694931196637,10,14
iter02b_ffnn,3,bstar_2023,HP_Peak,anchor_only_XGBoost,peak,p0.05|n40,mae,15.004635441027764,10,14
iter02b_ffnn,3,bstar_2023,HP_Peak,anchor_only_XGBoost,peak,p0.05|n40,mape,174.30827753401653,10,14
iter02b_ffnn,3,bstar_2023,HP_Peak,anchor_only_XGBoost,peak,p0.05|n40,r2,-8.643964198672707,10,14
iter02b_ffnn,3,bstar_2023,HP_Peak,anchor_only_XGBoost,peak,p0.05|n40,n_pred_nan,0.0,10,14
iter02b_ffnn,3,bstar_2023,HP_Peak,anchor_only_XGBoost,peak,p0.05|n40,mape_n_excluded,0.0,10,14
iter02b_ffnn,3,bstar_2023,HP_Peak,anchor_only_XGBoost,peak,p0.05|n80,rmse,28.53095162098245,5,11
iter02b_ffnn,3,bstar_2023,HP_Peak,anchor_only_XGBoost,peak,p0.05|n80,mae,28.38360010766588,5,11
iter02b_ffnn,3,bstar_2023,HP_Peak,anchor_only_XGBoost,peak,p0.05|n80,mape,137.6714216049923,5,11
iter02b_ffnn,3,bstar_2023,HP_Peak,anchor_only_XGBoost,peak,p0.05|n80,r2,-67.43044241966714,5,11
iter02b_ffnn,3,bstar_2023,HP_Peak,anchor_only_XGBoost,peak,p0.05|n80,n_pred_nan,0.0,5,11
iter02b_ffnn,3,bstar_2023,HP_Peak,anchor_only_XGBoost,peak,p0.05|n80,mape_n_excluded,0.0,5,11
iter02b_ffnn,3,bstar_2023,HP_Peak,anchor_only_XGBoost,peak,p0.05|n120,rmse,48.25195032733992,5,13
iter02b_ffnn,3,bstar_2023,HP_Peak,anchor_only_XGBoost,peak,p0.05|n120,mae,47.65896999677693,5,13
iter02b_ffnn,3,bstar_2023,HP_Peak,anchor_only_XGBoost,peak,p0.05|n120,mape,112.89224568668688,5,13
iter02b_ffnn,3,bstar_2023,HP_Peak,anchor_only_XGBoost,peak,p0.05|n120,r2,-41.0853328636224,5,13
iter02b_ffnn,3,bstar_2023,HP_Peak,anchor_only_XGBoost,peak,p0.05|n120,n_pred_nan,0.0,5,13
iter02b_ffnn,3,bstar_2023,HP_Peak,anchor_only_XGBoost,peak,p0.05|n120,mape_n_excluded,0.0,5,13
iter02b_ffnn,3,bstar_2023,HP_Peak,anchor_only_XGBoost,peak,p0.1|n10,rmse,6.673909642124891,10,9
iter02b_ffnn,3,bstar_2023,HP_Peak,anchor_only_XGBoost,peak,p0.1|n10,mae,6.159894909020968,10,9
iter02b_ffnn,3,bstar_2023,HP_Peak,anchor_only_XGBoost,peak,p0.1|n10,mape,170.4243638583532,10,9
iter02b_ffnn,3,bstar_2023,HP_Peak,anchor_only_XGBoost,peak,p0.1|n10,r2,-7.601198598540353,10,9
iter02b_ffnn,3,bstar_2023,HP_Peak,anchor_only_XGBoost,peak,p0.1|n10,n_pred_nan,0.0,10,9
iter02b_ffnn,3,bstar_2023,HP_Peak,anchor_only_XGBoost,peak,p0.1|n10,mape_n_excluded,0.0,10,9
iter02b_ffnn,3,bstar_2023,HP_Peak,anchor_only_XGBoost,peak,p0.1|n20,rmse,9.934704488296536,10,12
iter02b_ffnn,3,bstar_2023,HP_Peak,anchor_only_XGBoost,peak,p0.1|n20,mae,7.801166259295694,10,12
iter02b_ffnn,3,bstar_2023,HP_Peak,anchor_only_XGBoost,peak,p0.1|n20,mape,92.5074976579409,10,12
iter02b_ffnn,3,bstar_2023,HP_Peak,anchor_only_XGBoost,peak,p0.1|n20,r2,-1.1291434631611743,10,12
iter02b_ffnn,3,bstar_2023,HP_Peak,anchor_only_XGBoost,peak,p0.1|n20,n_pred_nan,0.0,10,12
iter02b_ffnn,3,bstar_2023,HP_Peak,anchor_only_XGBoost,peak,p0.1|n20,mape_n_excluded,0.0,10,12
iter02b_ffnn,3,bstar_2023,HP_Peak,anchor_only_XGBoost,peak,p0.1|n40,rmse,22.62051582185556,5,12
iter02b_ffnn,3,bstar_2023,HP_Peak,anchor_only_XGBoost,peak,p0.1|n40,mae,21.38992720747039,5,12
iter02b_ffnn,3,bstar_2023,HP_Peak,anchor_only_XGBoost,peak,p0.1|n40,mape,87.1279172372538,5,12
iter02b_ffnn,3,bstar_2023,HP_Peak,anchor_only_XGBoost,peak,p0.1|n40,r2,-9.151940762830936,5,12
iter02b_ffnn,3,bstar_2023,HP_Peak,anchor_only_XGBoost,peak,p0.1|n40,n_pred_nan,0.0,5,12
iter02b_ffnn,3,bstar_2023,HP_Peak,anchor_only_XGBoost,peak,p0.1|n40,mape_n_excluded,0.0,5,12
iter02b_ffnn,3,bstar_2023,HP_Peak,anchor_only_XGBoost,peak,p0.1|n80,rmse,15.696675196783309,5,16
iter02b_ffnn,3,bstar_2023,HP_Peak,anchor_only_XGBoost,peak,p0.1|n80,mae,13.226419142089409,5,16
iter02b_ffnn,3,bstar_2023,HP_Peak,anchor_only_XGBoost,peak,p0.1|n80,mape,29.080493530496483,5,16
iter02b_ffnn,3,bstar_2023,HP_Peak,anchor_only_XGBoost,peak,p0.1|n80,r2,-3.307471770810201,5,16
iter02b_ffnn,3,bstar_2023,HP_Peak,anchor_only_XGBoost,peak,p0.1|n80,n_pred_nan,0.0,5,16
iter02b_ffnn,3,bstar_2023,HP_Peak,anchor_only_XGBoost,peak,p0.1|n80,mape_n_excluded,0.0,5,16
iter02b_ffnn,3,bstar_2023,HP_Peak,anchor_only_XGBoost,peak,p0.1|n120,rmse,54.45238474331494,5,16
iter02b_ffnn,3,bstar_2023,HP_Peak,anchor_only_XGBoost,peak,p0.1|n120,mae,54.130305408593,5,16
iter02b_ffnn,3,bstar_2023,HP_Peak,anchor_only_XGBoost,peak,p0.1|n120,mape,69.16677361857465,5,16
iter02b_ffnn,3,bstar_2023,HP_Peak,anchor_only_XGBoost,peak,p0.1|n120,r2,-83.78330678325395,5,16
iter02b_ffnn,3,bstar_2023,HP_Peak,anchor_only_XGBoost,peak,p0.1|n120,n_pred_nan,0.0,5,16
iter02b_ffnn,3,bstar_2023,HP_Peak,anchor_only_XGBoost,peak,p0.1|n120,mape_n_excluded,0.0,5,16
iter02b_ffnn,3,bstar_2023,HP_Peak,anchor_only_XGBoost,peak,p0.2|n10,rmse,7.091510129058955,10,9
iter02b_ffnn,3,bstar_2023,HP_Peak,anchor_only_XGBoost,peak,p0.2|n10,mae,5.433860213549686,10,9
iter02b_ffnn,3,bstar_2023,HP_Peak,anchor_only_XGBoost,peak,p0.2|n10,mape,67.39551084736159,10,9
iter02b_ffnn,3,bstar_2023,HP_Peak,anchor_only_XGBoost,peak,p0.2|n10,r2,-0.0979527500489341,10,9
iter02b_ffnn,3,bstar_2023,HP_Peak,anchor_only_XGBoost,peak,p0.2|n10,n_pred_nan,0.0,10,9
iter02b_ffnn,3,bstar_2023,HP_Peak,anchor_only_XGBoost,peak,p0.2|n10,mape_n_excluded,0.0,10,9
iter02b_ffnn,3,bstar_2023,HP_Peak,anchor_only_XGBoost,peak,p0.2|n20,rmse,7.849777602494211,5,11
iter02b_ffnn,3,bstar_2023,HP_Peak,anchor_only_XGBoost,peak,p0.2|n20,mae,7.158755399511696,5,11
iter02b_ffnn,3,bstar_2023,HP_Peak,anchor_only_XGBoost,peak,p0.2|n20,mape,42.49577854577375,5,11
iter02b_ffnn,3,bstar_2023,HP_Peak,anchor_only_XGBoost,peak,p0.2|n20,r2,-5.119133134799855,5,11
iter02b_ffnn,3,bstar_2023,HP_Peak,anchor_only_XGBoost,peak,p0.2|n20,n_pred_nan,0.0,5,11
iter02b_ffnn,3,bstar_2023,HP_Peak,anchor_only_XGBoost,peak,p0.2|n20,mape_n_excluded,0.0,5,11
iter02b_ffnn,3,bstar_2023,HP_Peak,anchor_only_XGBoost,peak,p0.2|n40,rmse,11.76647621592326,5,15
iter02b_ffnn,3,bstar_2023,HP_Peak,anchor_only_XGBoost,peak,p0.2|n40,mae,10.264544175440015,5,15
iter02b_ffnn,3,bstar_2023,HP_Peak,anchor_only_XGBoost,peak,p0.2|n40,mape,21.21736099398189,5,15
iter02b_ffnn,3,bstar_2023,HP_Peak,anchor_only_XGBoost,peak,p0.2|n40,r2,-0.377519293498382,5,15
iter02b_ffnn,3,bstar_2023,HP_Peak,anchor_only_XGBoost,peak,p0.2|n40,n_pred_nan,0.0,5,15
iter02b_ffnn,3,bstar_2023,HP_Peak,anchor_only_XGBoost,peak,p0.2|n40,mape_n_excluded,0.0,5,15
iter02b_ffnn,3,bstar_2023,HP_Peak,anchor_only_XGBoost,peak,p0.3|n10,rmse,5.169024878973511,10,14
iter02b_ffnn,3,bstar_2023,HP_Peak,anchor_only_XGBoost,peak,p0.3|n10,mae,3.610025210058656,10,14
iter02b_ffnn,3,bstar_2023,HP_Peak,anchor_only_XGBoost,peak,p0.3|n10,mape,22.51092792806166,10,14
iter02b_ffnn,3,bstar_2023,HP_Peak,anchor_only_XGBoost,peak,p0.3|n10,r2,0.5064716118914709,10,14
iter02b_ffnn,3,bstar_2023,HP_Peak,anchor_only_XGBoost,peak,p0.3|n10,n_pred_nan,0.0,10,14
iter02b_ffnn,3,bstar_2023,HP_Peak,anchor_only_XGBoost,peak,p0.3|n10,mape_n_excluded,0.0,10,14
iter02b_ffnn,3,bstar_2023,HP_Peak,anchor_only_XGBoost,peak,p0.3|n20,rmse,8.415427603675225,5,14
iter02b_ffnn,3,bstar_2023,HP_Peak,anchor_only_XGBoost,peak,p0.3|n20,mae,7.616783940356568,5,14
iter02b_ffnn,3,bstar_2023,HP_Peak,anchor_only_XGBoost,peak,p0.3|n20,mape,19.61603300514576,5,14
iter02b_ffnn,3,bstar_2023,HP_Peak,anchor_only_XGBoost,peak,p0.3|n20,r2,-0.9165438203259572,5,14
iter02b_ffnn,3,bstar_2023,HP_Peak,anchor_only_XGBoost,peak,p0.3|n20,n_pred_nan,0.0,5,14
iter02b_ffnn,3,bstar_2023,HP_Peak,anchor_only_XGBoost,peak,p0.3|n20,mape_n_excluded,0.0,5,14
iter02b_ffnn,3,bstar_2023,HP_Peak,anchor_only_XGBoost,peak,p0.3|n40,rmse,20.66449340504241,5,16
iter02b_ffnn,3,bstar_2023,HP_Peak,anchor_only_XGBoost,peak,p0.3|n40,mae,20.49303043618247,5,16
iter02b_ffnn,3,bstar_2023,HP_Peak,anchor_only_XGBoost,peak,p0.3|n40,mape,25.92908642010417,5,16
iter02b_ffnn,3,bstar_2023,HP_Peak,anchor_only_XGBoost,peak,p0.3|n40,r2,-8.891942516863104,5,16
iter02b_ffnn,3,bstar_2023,HP_Peak,anchor_only_XGBoost,peak,p0.3|n40,n_pred_nan,0.0,5,16
iter02b_ffnn,3,bstar_2023,HP_Peak,anchor_only_XGBoost,peak,p0.3|n40,mape_n_excluded,0.0,5,16
iter02b_ffnn,3,bstar_2023,HP_Peak,anchor_only_XGBoost,peak,p0.5|n10,rmse,4.989027829674438,5,14
iter02b_ffnn,3,bstar_2023,HP_Peak,anchor_only_XGBoost,peak,p0.5|n10,mae,3.306016482397292,5,14
iter02b_ffnn,3,bstar_2023,HP_Peak,anchor_only_XGBoost,peak,p0.5|n10,mape,10.97213941782022,5,14
iter02b_ffnn,3,bstar_2023,HP_Peak,anchor_only_XGBoost,peak,p0.5|n10,r2,0.7500243692563002,5,14
iter02b_ffnn,3,bstar_2023,HP_Peak,anchor_only_XGBoost,peak,p0.5|n10,n_pred_nan,0.0,5,14
iter02b_ffnn,3,bstar_2023,HP_Peak,anchor_only_XGBoost,peak,p0.5|n10,mape_n_excluded,0.0,5,14
iter02b_ffnn,3,bstar_2023,HP_Peak,anchor_only_XGBoost,peak,p0.5|n20,rmse,19.66149725615517,5,16
iter02b_ffnn,3,bstar_2023,HP_Peak,anchor_only_XGBoost,peak,p0.5|n20,mae,17.34365121733459,5,16
iter02b_ffnn,3,bstar_2023,HP_Peak,anchor_only_XGBoost,peak,p0.5|n20,mape,25.15446802120669,5,16
iter02b_ffnn,3,bstar_2023,HP_Peak,anchor_only_XGBoost,peak,p0.5|n20,r2,-3.274498299356037,5,16
iter02b_ffnn,3,bstar_2023,HP_Peak,anchor_only_XGBoost,peak,p0.5|n20,n_pred_nan,0.0,5,16
iter02b_ffnn,3,bstar_2023,HP_Peak,anchor_only_XGBoost,peak,p0.5|n20,mape_n_excluded,0.0,5,16
iter02b_ffnn,3,bstar_2023,HP_Peak,anchor_only_XGBoost,peak,p1.0|n10,rmse,21.950758530142043,5,16
iter02b_ffnn,3,bstar_2023,HP_Peak,anchor_only_XGBoost,peak,p1.0|n10,mae,21.137541158740756,5,16
iter02b_ffnn,3,bstar_2023,HP_Peak,anchor_only_XGBoost,peak,p1.0|n10,mape,33.806645440169106,5,16
iter02b_ffnn,3,bstar_2023,HP_Peak,anchor_only_XGBoost,peak,p1.0|n10,r2,-4.344518827288653,5,16
iter02b_ffnn,3,bstar_2023,HP_Peak,anchor_only_XGBoost,peak,p1.0|n10,n_pred_nan,0.0,5,16
iter02b_ffnn,3,bstar_2023,HP_Peak,anchor_only_XGBoost,peak,p1.0|n10,mape_n_excluded,0.0,5,16
iter02b_ffnn,3,bstar_2023,HP_Peak,anchor_only_XGBoost,size+peak,all,rmse,13.00162315881875,130,20
iter02b_ffnn,3,bstar_2023,HP_Peak,anchor_only_XGBoost,size+peak,all,mae,10.441591656149438,130,20
iter02b_ffnn,3,bstar_2023,HP_Peak,anchor_only_XGBoost,size+peak,all,mape,99.5525711247155,130,20
iter02b_ffnn,3,bstar_2023,HP_Peak,anchor_only_XGBoost,size+peak,all,r2,0.7241185193902846,130,20
iter02b_ffnn,3,bstar_2023,HP_Peak,anchor_only_XGBoost,size+peak,all,n_pred_nan,0.0,130,20
iter02b_ffnn,3,bstar_2023,HP_Peak,anchor_only_XGBoost,size+peak,all,mape_n_excluded,0.0,130,20
iter02b_ffnn,3,bstar_2023,HP_Peak,anchor_only_XGBoost,size+peak,p0.05|n10,rmse,7.470618713963479,10,8
iter02b_ffnn,3,bstar_2023,HP_Peak,anchor_only_XGBoost,size+peak,p0.05|n10,mae,6.43572555978393,10,8
iter02b_ffnn,3,bstar_2023,HP_Peak,anchor_only_XGBoost,size+peak,p0.05|n10,mape,171.54427148305265,10,8
iter02b_ffnn,3,bstar_2023,HP_Peak,anchor_only_XGBoost,size+peak,p0.05|n10,r2,-26.27002548619373,10,8
iter02b_ffnn,3,bstar_2023,HP_Peak,anchor_only_XGBoost,size+peak,p0.05|n10,n_pred_nan,0.0,10,8
iter02b_ffnn,3,bstar_2023,HP_Peak,anchor_only_XGBoost,size+peak,p0.05|n10,mape_n_excluded,0.0,10,8
iter02b_ffnn,3,bstar_2023,HP_Peak,anchor_only_XGBoost,size+peak,p0.05|n20,rmse,14.876324363522242,10,7
iter02b_ffnn,3,bstar_2023,HP_Peak,anchor_only_XGBoost,size+peak,p0.05|n20,mae,13.839084967352278,10,7
iter02b_ffnn,3,bstar_2023,HP_Peak,anchor_only_XGBoost,size+peak,p0.05|n20,mape,379.9529912268123,10,7
iter02b_ffnn,3,bstar_2023,HP_Peak,anchor_only_XGBoost,size+peak,p0.05|n20,r2,-46.86874801714025,10,7
iter02b_ffnn,3,bstar_2023,HP_Peak,anchor_only_XGBoost,size+peak,p0.05|n20,n_pred_nan,0.0,10,7
iter02b_ffnn,3,bstar_2023,HP_Peak,anchor_only_XGBoost,size+peak,p0.05|n20,mape_n_excluded,0.0,10,7
iter02b_ffnn,3,bstar_2023,HP_Peak,anchor_only_XGBoost,size+peak,p0.05|n40,rmse,11.689675034844171,10,14
iter02b_ffnn,3,bstar_2023,HP_Peak,anchor_only_XGBoost,size+peak,p0.05|n40,mae,9.957020389758236,10,14
iter02b_ffnn,3,bstar_2023,HP_Peak,anchor_only_XGBoost,size+peak,p0.05|n40,mape,115.2449411227399,10,14
iter02b_ffnn,3,bstar_2023,HP_Peak,anchor_only_XGBoost,size+peak,p0.05|n40,r2,-4.2876662687273255,10,14
iter02b_ffnn,3,bstar_2023,HP_Peak,anchor_only_XGBoost,size+peak,p0.05|n40,n_pred_nan,0.0,10,14
iter02b_ffnn,3,bstar_2023,HP_Peak,anchor_only_XGBoost,size+peak,p0.05|n40,mape_n_excluded,0.0,10,14
iter02b_ffnn,3,bstar_2023,HP_Peak,anchor_only_XGBoost,size+peak,p0.05|n80,rmse,16.90528278514995,5,11
iter02b_ffnn,3,bstar_2023,HP_Peak,anchor_only_XGBoost,size+peak,p0.05|n80,mae,15.752430979247915,5,11
iter02b_ffnn,3,bstar_2023,HP_Peak,anchor_only_XGBoost,size+peak,p0.05|n80,mape,75.75741029620926,5,11
iter02b_ffnn,3,bstar_2023,HP_Peak,anchor_only_XGBoost,size+peak,p0.05|n80,r2,-23.024906871553565,5,11
iter02b_ffnn,3,bstar_2023,HP_Peak,anchor_only_XGBoost,size+peak,p0.05|n80,n_pred_nan,0.0,5,11
iter02b_ffnn,3,bstar_2023,HP_Peak,anchor_only_XGBoost,size+peak,p0.05|n80,mape_n_excluded,0.0,5,11
iter02b_ffnn,3,bstar_2023,HP_Peak,anchor_only_XGBoost,size+peak,p0.05|n120,rmse,24.841786110000672,5,13
iter02b_ffnn,3,bstar_2023,HP_Peak,anchor_only_XGBoost,size+peak,p0.05|n120,mae,22.72837612470662,5,13
iter02b_ffnn,3,bstar_2023,HP_Peak,anchor_only_XGBoost,size+peak,p0.05|n120,mape,53.58662850538506,5,13
iter02b_ffnn,3,bstar_2023,HP_Peak,anchor_only_XGBoost,size+peak,p0.05|n120,r2,-10.15492510205978,5,13
iter02b_ffnn,3,bstar_2023,HP_Peak,anchor_only_XGBoost,size+peak,p0.05|n120,n_pred_nan,0.0,5,13
iter02b_ffnn,3,bstar_2023,HP_Peak,anchor_only_XGBoost,size+peak,p0.05|n120,mape_n_excluded,0.0,5,13
iter02b_ffnn,3,bstar_2023,HP_Peak,anchor_only_XGBoost,size+peak,p0.1|n10,rmse,8.0108500165447,10,9
iter02b_ffnn,3,bstar_2023,HP_Peak,anchor_only_XGBoost,size+peak,p0.1|n10,mae,7.219356121179169,10,9
iter02b_ffnn,3,bstar_2023,HP_Peak,anchor_only_XGBoost,size+peak,p0.1|n10,mape,193.45052861207105,10,9
iter02b_ffnn,3,bstar_2023,HP_Peak,anchor_only_XGBoost,size+peak,p0.1|n10,r2,-11.392403108360504,10,9
iter02b_ffnn,3,bstar_2023,HP_Peak,anchor_only_XGBoost,size+peak,p0.1|n10,n_pred_nan,0.0,10,9
iter02b_ffnn,3,bstar_2023,HP_Peak,anchor_only_XGBoost,size+peak,p0.1|n10,mape_n_excluded,0.0,10,9
iter02b_ffnn,3,bstar_2023,HP_Peak,anchor_only_XGBoost,size+peak,p0.1|n20,rmse,11.945782799503457,10,12
iter02b_ffnn,3,bstar_2023,HP_Peak,anchor_only_XGBoost,size+peak,p0.1|n20,mae,9.442592627014076,10,12
iter02b_ffnn,3,bstar_2023,HP_Peak,anchor_only_XGBoost,size+peak,p0.1|n20,mape,110.56360290538198,10,12
iter02b_ffnn,3,bstar_2023,HP_Peak,anchor_only_XGBoost,size+peak,p0.1|n20,r2,-2.078394304508204,10,12
iter02b_ffnn,3,bstar_2023,HP_Peak,anchor_only_XGBoost,size+peak,p0.1|n20,n_pred_nan,0.0,10,12
iter02b_ffnn,3,bstar_2023,HP_Peak,anchor_only_XGBoost,size+peak,p0.1|n20,mape_n_excluded,0.0,10,12
iter02b_ffnn,3,bstar_2023,HP_Peak,anchor_only_XGBoost,size+peak,p0.1|n40,rmse,24.677264472530457,5,12
iter02b_ffnn,3,bstar_2023,HP_Peak,anchor_only_XGBoost,size+peak,p0.1|n40,mae,23.429649650097343,5,12
iter02b_ffnn,3,bstar_2023,HP_Peak,anchor_only_XGBoost,size+peak,p0.1|n40,mape,94.99262933706586,5,12
iter02b_ffnn,3,bstar_2023,HP_Peak,anchor_only_XGBoost,size+peak,p0.1|n40,r2,-11.081979597110204,5,12
iter02b_ffnn,3,bstar_2023,HP_Peak,anchor_only_XGBoost,size+peak,p0.1|n40,n_pred_nan,0.0,5,12
iter02b_ffnn,3,bstar_2023,HP_Peak,anchor_only_XGBoost,size+peak,p0.1|n40,mape_n_excluded,0.0,5,12
iter02b_ffnn,3,bstar_2023,HP_Peak,anchor_only_XGBoost,size+peak,p0.1|n80,rmse,10.4647019369811,5,16
iter02b_ffnn,3,bstar_2023,HP_Peak,anchor_only_XGBoost,size+peak,p0.1|n80,mae,9.88292768425254,5,16
iter02b_ffnn,3,bstar_2023,HP_Peak,anchor_only_XGBoost,size+peak,p0.1|n80,mape,21.34024616131952,5,16
iter02b_ffnn,3,bstar_2023,HP_Peak,anchor_only_XGBoost,size+peak,p0.1|n80,r2,-0.9145240330966458,5,16
iter02b_ffnn,3,bstar_2023,HP_Peak,anchor_only_XGBoost,size+peak,p0.1|n80,n_pred_nan,0.0,5,16
iter02b_ffnn,3,bstar_2023,HP_Peak,anchor_only_XGBoost,size+peak,p0.1|n80,mape_n_excluded,0.0,5,16
iter02b_ffnn,3,bstar_2023,HP_Peak,anchor_only_XGBoost,size+peak,p0.1|n120,rmse,23.352381870917192,5,16
iter02b_ffnn,3,bstar_2023,HP_Peak,anchor_only_XGBoost,size+peak,p0.1|n120,mae,22.591181873436746,5,16
iter02b_ffnn,3,bstar_2023,HP_Peak,anchor_only_XGBoost,size+peak,p0.1|n120,mape,29.220563459533537,5,16
iter02b_ffnn,3,bstar_2023,HP_Peak,anchor_only_XGBoost,size+peak,p0.1|n120,r2,-14.59333144198496,5,16
iter02b_ffnn,3,bstar_2023,HP_Peak,anchor_only_XGBoost,size+peak,p0.1|n120,n_pred_nan,0.0,5,16
iter02b_ffnn,3,bstar_2023,HP_Peak,anchor_only_XGBoost,size+peak,p0.1|n120,mape_n_excluded,0.0,5,16
iter02b_ffnn,3,bstar_2023,HP_Peak,anchor_only_XGBoost,size+peak,p0.2|n10,rmse,7.979179946933972,10,9
iter02b_ffnn,3,bstar_2023,HP_Peak,anchor_only_XGBoost,size+peak,p0.2|n10,mae,6.581009299548221,10,9
iter02b_ffnn,3,bstar_2023,HP_Peak,anchor_only_XGBoost,size+peak,p0.2|n10,mape,76.72535145725205,10,9
iter02b_ffnn,3,bstar_2023,HP_Peak,anchor_only_XGBoost,size+peak,p0.2|n10,r2,-0.3900253307229098,10,9
iter02b_ffnn,3,bstar_2023,HP_Peak,anchor_only_XGBoost,size+peak,p0.2|n10,n_pred_nan,0.0,10,9
iter02b_ffnn,3,bstar_2023,HP_Peak,anchor_only_XGBoost,size+peak,p0.2|n10,mape_n_excluded,0.0,10,9
iter02b_ffnn,3,bstar_2023,HP_Peak,anchor_only_XGBoost,size+peak,p0.2|n20,rmse,10.024213113085075,5,11
iter02b_ffnn,3,bstar_2023,HP_Peak,anchor_only_XGBoost,size+peak,p0.2|n20,mae,8.828505231665018,5,11
iter02b_ffnn,3,bstar_2023,HP_Peak,anchor_only_XGBoost,size+peak,p0.2|n20,mape,51.84703375443568,5,11
iter02b_ffnn,3,bstar_2023,HP_Peak,anchor_only_XGBoost,size+peak,p0.2|n20,r2,-8.978741659518716,5,11
iter02b_ffnn,3,bstar_2023,HP_Peak,anchor_only_XGBoost,size+peak,p0.2|n20,n_pred_nan,0.0,5,11
iter02b_ffnn,3,bstar_2023,HP_Peak,anchor_only_XGBoost,size+peak,p0.2|n20,mape_n_excluded,0.0,5,11
iter02b_ffnn,3,bstar_2023,HP_Peak,anchor_only_XGBoost,size+peak,p0.2|n40,rmse,12.965207160351053,5,15
iter02b_ffnn,3,bstar_2023,HP_Peak,anchor_only_XGBoost,size+peak,p0.2|n40,mae,10.792141559325938,5,15
iter02b_ffnn,3,bstar_2023,HP_Peak,anchor_only_XGBoost,size+peak,p0.2|n40,mape,24.696533349166845,5,15
iter02b_ffnn,3,bstar_2023,HP_Peak,anchor_only_XGBoost,size+peak,p0.2|n40,r2,-0.6724909194096518,5,15
iter02b_ffnn,3,bstar_2023,HP_Peak,anchor_only_XGBoost,size+peak,p0.2|n40,n_pred_nan,0.0,5,15
iter02b_ffnn,3,bstar_2023,HP_Peak,anchor_only_XGBoost,size+peak,p0.2|n40,mape_n_excluded,0.0,5,15
iter02b_ffnn,3,bstar_2023,HP_Peak,anchor_only_XGBoost,size+peak,p0.3|n10,rmse,5.693103725899674,10,14
iter02b_ffnn,3,bstar_2023,HP_Peak,anchor_only_XGBoost,size+peak,p0.3|n10,mae,4.471969586914122,10,14
iter02b_ffnn,3,bstar_2023,HP_Peak,anchor_only_XGBoost,size+peak,p0.3|n10,mape,32.62071725911713,10,14
iter02b_ffnn,3,bstar_2023,HP_Peak,anchor_only_XGBoost,size+peak,p0.3|n10,r2,0.4013222927191175,10,14
iter02b_ffnn,3,bstar_2023,HP_Peak,anchor_only_XGBoost,size+peak,p0.3|n10,n_pred_nan,0.0,10,14
iter02b_ffnn,3,bstar_2023,HP_Peak,anchor_only_XGBoost,size+peak,p0.3|n10,mape_n_excluded,0.0,10,14
iter02b_ffnn,3,bstar_2023,HP_Peak,anchor_only_XGBoost,size+peak,p0.3|n20,rmse,9.238274016946892,5,14
iter02b_ffnn,3,bstar_2023,HP_Peak,anchor_only_XGBoost,size+peak,p0.3|n20,mae,8.168951832812622,5,14
iter02b_ffnn,3,bstar_2023,HP_Peak,anchor_only_XGBoost,size+peak,p0.3|n20,mape,19.785333749001293,5,14
iter02b_ffnn,3,bstar_2023,HP_Peak,anchor_only_XGBoost,size+peak,p0.3|n20,r2,-1.3096600188779677,5,14
iter02b_ffnn,3,bstar_2023,HP_Peak,anchor_only_XGBoost,size+peak,p0.3|n20,n_pred_nan,0.0,5,14
iter02b_ffnn,3,bstar_2023,HP_Peak,anchor_only_XGBoost,size+peak,p0.3|n20,mape_n_excluded,0.0,5,14
iter02b_ffnn,3,bstar_2023,HP_Peak,anchor_only_XGBoost,size+peak,p0.3|n40,rmse,12.330201224195546,5,16
iter02b_ffnn,3,bstar_2023,HP_Peak,anchor_only_XGBoost,size+peak,p0.3|n40,mae,11.800542860400483,5,16
iter02b_ffnn,3,bstar_2023,HP_Peak,anchor_only_XGBoost,size+peak,p0.3|n40,mape,15.100231546845794,5,16
iter02b_ffnn,3,bstar_2023,HP_Peak,anchor_only_XGBoost,size+peak,p0.3|n40,r2,-2.5218624203336373,5,16
iter02b_ffnn,3,bstar_2023,HP_Peak,anchor_only_XGBoost,size+peak,p0.3|n40,n_pred_nan,0.0,5,16
iter02b_ffnn,3,bstar_2023,HP_Peak,anchor_only_XGBoost,size+peak,p0.3|n40,mape_n_excluded,0.0,5,16
iter02b_ffnn,3,bstar_2023,HP_Peak,anchor_only_XGBoost,size+peak,p0.5|n10,rmse,5.835856023402695,5,14
iter02b_ffnn,3,bstar_2023,HP_Peak,anchor_only_XGBoost,size+peak,p0.5|n10,mae,4.834489001318191,5,14
iter02b_ffnn,3,bstar_2023,HP_Peak,anchor_only_XGBoost,size+peak,p0.5|n10,mape,14.780460454015785,5,14
iter02b_ffnn,3,bstar_2023,HP_Peak,anchor_only_XGBoost,size+peak,p0.5|n10,r2,0.6579615280531066,5,14
iter02b_ffnn,3,bstar_2023,HP_Peak,anchor_only_XGBoost,size+peak,p0.5|n10,n_pred_nan,0.0,5,14
iter02b_ffnn,3,bstar_2023,HP_Peak,anchor_only_XGBoost,size+peak,p0.5|n10,mape_n_excluded,0.0,5,14
iter02b_ffnn,3,bstar_2023,HP_Peak,anchor_only_XGBoost,size+peak,p0.5|n20,rmse,6.6599357894998255,5,16
iter02b_ffnn,3,bstar_2023,HP_Peak,anchor_only_XGBoost,size+peak,p0.5|n20,mae,5.051347392431781,5,16
iter02b_ffnn,3,bstar_2023,HP_Peak,anchor_only_XGBoost,size+peak,p0.5|n20,mape,7.943450623755736,5,16
iter02b_ffnn,3,bstar_2023,HP_Peak,anchor_only_XGBoost,size+peak,p0.5|n20,r2,0.5095530267691536,5,16
iter02b_ffnn,3,bstar_2023,HP_Peak,anchor_only_XGBoost,size+peak,p0.5|n20,n_pred_nan,0.0,5,16
iter02b_ffnn,3,bstar_2023,HP_Peak,anchor_only_XGBoost,size+peak,p0.5|n20,mape_n_excluded,0.0,5,16
iter02b_ffnn,3,bstar_2023,HP_Peak,anchor_only_XGBoost,size+peak,p1.0|n10,rmse,14.51118871862862,5,16
iter02b_ffnn,3,bstar_2023,HP_Peak,anchor_only_XGBoost,size+peak,p1.0|n10,mae,11.72732176709009,5,16
iter02b_ffnn,3,bstar_2023,HP_Peak,anchor_only_XGBoost,size+peak,p1.0|n10,mape,19.111519873014927,5,16
iter02b_ffnn,3,bstar_2023,HP_Peak,anchor_only_XGBoost,size+peak,p1.0|n10,r2,-1.3356917514099544,5,16
iter02b_ffnn,3,bstar_2023,HP_Peak,anchor_only_XGBoost,size+peak,p1.0|n10,n_pred_nan,0.0,5,16
iter02b_ffnn,3,bstar_2023,HP_Peak,anchor_only_XGBoost,size+peak,p1.0|n10,mape_n_excluded,0.0,5,16
iter02b_ffnn,4,bstar_2023,HP_Peak,slope_only,none,all,rmse,11.011696485676689,130,20
iter02b_ffnn,4,bstar_2023,HP_Peak,slope_only,none,all,mae,7.690202183076764,130,20
iter02b_ffnn,4,bstar_2023,HP_Peak,slope_only,none,all,mape,36.24773393699785,130,20
iter02b_ffnn,4,bstar_2023,HP_Peak,slope_only,none,all,r2,0.7850891489934573,130,20
iter02b_ffnn,4,bstar_2023,HP_Peak,slope_only,none,all,n_pred_nan,0.0,130,20
iter02b_ffnn,4,bstar_2023,HP_Peak,slope_only,none,all,mape_n_excluded,0.0,130,20
iter02b_ffnn,4,bstar_2023,HP_Peak,slope_only,none,p0.05|n10,rmse,4.5040825725798985,10,8
iter02b_ffnn,4,bstar_2023,HP_Peak,slope_only,none,p0.05|n10,mae,3.966456948575861,10,8
iter02b_ffnn,4,bstar_2023,HP_Peak,slope_only,none,p0.05|n10,mape,77.30223793489324,10,8
iter02b_ffnn,4,bstar_2023,HP_Peak,slope_only,none,p0.05|n10,r2,-1.4881341643021022,10,8
iter02b_ffnn,4,bstar_2023,HP_Peak,slope_only,none,p0.05|n10,n_pred_nan,0.0,10,8
iter02b_ffnn,4,bstar_2023,HP_Peak,slope_only,none,p0.05|n10,mape_n_excluded,0.0,10,8
iter02b_ffnn,4,bstar_2023,HP_Peak,slope_only,none,p0.05|n20,rmse,2.831274650214922,10,8
iter02b_ffnn,4,bstar_2023,HP_Peak,slope_only,none,p0.05|n20,mae,2.1132743776923184,10,8
iter02b_ffnn,4,bstar_2023,HP_Peak,slope_only,none,p0.05|n20,mape,39.88536987425122,10,8
iter02b_ffnn,4,bstar_2023,HP_Peak,slope_only,none,p0.05|n20,r2,-0.7085516525574547,10,8
iter02b_ffnn,4,bstar_2023,HP_Peak,slope_only,none,p0.05|n20,n_pred_nan,0.0,10,8
iter02b_ffnn,4,bstar_2023,HP_Peak,slope_only,none,p0.05|n20,mape_n_excluded,0.0,10,8
iter02b_ffnn,4,bstar_2023,HP_Peak,slope_only,none,p0.05|n40,rmse,12.438758153679302,10,13
iter02b_ffnn,4,bstar_2023,HP_Peak,slope_only,none,p0.05|n40,mae,8.813075960716144,10,13
iter02b_ffnn,4,bstar_2023,HP_Peak,slope_only,none,p0.05|n40,mape,62.05371851641578,10,13
iter02b_ffnn,4,bstar_2023,HP_Peak,slope_only,none,p0.05|n40,r2,-11.868610313345524,10,13
iter02b_ffnn,4,bstar_2023,HP_Peak,slope_only,none,p0.05|n40,n_pred_nan,0.0,10,13
iter02b_ffnn,4,bstar_2023,HP_Peak,slope_only,none,p0.05|n40,mape_n_excluded,0.0,10,13
iter02b_ffnn,4,bstar_2023,HP_Peak,slope_only,none,p0.05|n80,rmse,11.51738347316541,5,12
iter02b_ffnn,4,bstar_2023,HP_Peak,slope_only,none,p0.05|n80,mae,10.830369535786016,5,12
iter02b_ffnn,4,bstar_2023,HP_Peak,slope_only,none,p0.05|n80,mape,37.64512214650826,5,12
iter02b_ffnn,4,bstar_2023,HP_Peak,slope_only,none,p0.05|n80,r2,-30.55131826877929,5,12
iter02b_ffnn,4,bstar_2023,HP_Peak,slope_only,none,p0.05|n80,n_pred_nan,0.0,5,12
iter02b_ffnn,4,bstar_2023,HP_Peak,slope_only,none,p0.05|n80,mape_n_excluded,0.0,5,12
iter02b_ffnn,4,bstar_2023,HP_Peak,slope_only,none,p0.05|n120,rmse,24.910106413574027,5,14
iter02b_ffnn,4,bstar_2023,HP_Peak,slope_only,none,p0.05|n120,mae,23.65323078712498,5,14
iter02b_ffnn,4,bstar_2023,HP_Peak,slope_only,none,p0.05|n120,mape,69.84154467912606,5,14
iter02b_ffnn,4,bstar_2023,HP_Peak,slope_only,none,p0.05|n120,r2,-21.0964092398144,5,14
iter02b_ffnn,4,bstar_2023,HP_Peak,slope_only,none,p0.05|n120,n_pred_nan,0.0,5,14
iter02b_ffnn,4,bstar_2023,HP_Peak,slope_only,none,p0.05|n120,mape_n_excluded,0.0,5,14
iter02b_ffnn,4,bstar_2023,HP_Peak,slope_only,none,p0.1|n10,rmse,2.199855092274368,10,9
iter02b_ffnn,4,bstar_2023,HP_Peak,slope_only,none,p0.1|n10,mae,1.882016826593014,10,9
iter02b_ffnn,4,bstar_2023,HP_Peak,slope_only,none,p0.1|n10,mape,41.82803597254551,10,9
iter02b_ffnn,4,bstar_2023,HP_Peak,slope_only,none,p0.1|n10,r2,0.2314989913706845,10,9
iter02b_ffnn,4,bstar_2023,HP_Peak,slope_only,none,p0.1|n10,n_pred_nan,0.0,10,9
iter02b_ffnn,4,bstar_2023,HP_Peak,slope_only,none,p0.1|n10,mape_n_excluded,0.0,10,9
iter02b_ffnn,4,bstar_2023,HP_Peak,slope_only,none,p0.1|n20,rmse,6.335679682126405,10,12
iter02b_ffnn,4,bstar_2023,HP_Peak,slope_only,none,p0.1|n20,mae,5.075691122492885,10,12
iter02b_ffnn,4,bstar_2023,HP_Peak,slope_only,none,p0.1|n20,mape,39.61426314136384,10,12
iter02b_ffnn,4,bstar_2023,HP_Peak,slope_only,none,p0.1|n20,r2,-2.1495957053234447,10,12
iter02b_ffnn,4,bstar_2023,HP_Peak,slope_only,none,p0.1|n20,n_pred_nan,0.0,10,12
iter02b_ffnn,4,bstar_2023,HP_Peak,slope_only,none,p0.1|n20,mape_n_excluded,0.0,10,12
iter02b_ffnn,4,bstar_2023,HP_Peak,slope_only,none,p0.1|n40,rmse,8.343395974599854,5,11
iter02b_ffnn,4,bstar_2023,HP_Peak,slope_only,none,p0.1|n40,mae,5.988840432365888,5,11
iter02b_ffnn,4,bstar_2023,HP_Peak,slope_only,none,p0.1|n40,mape,27.877641652531075,5,11
iter02b_ffnn,4,bstar_2023,HP_Peak,slope_only,none,p0.1|n40,r2,-20.086843134420683,5,11
iter02b_ffnn,4,bstar_2023,HP_Peak,slope_only,none,p0.1|n40,n_pred_nan,0.0,5,11
iter02b_ffnn,4,bstar_2023,HP_Peak,slope_only,none,p0.1|n40,mape_n_excluded,0.0,5,11
iter02b_ffnn,4,bstar_2023,HP_Peak,slope_only,none,p0.1|n80,rmse,22.31018741898155,5,14
iter02b_ffnn,4,bstar_2023,HP_Peak,slope_only,none,p0.1|n80,mae,20.518023828710085,5,14
iter02b_ffnn,4,bstar_2023,HP_Peak,slope_only,none,p0.1|n80,mape,41.97714279113837,5,14
iter02b_ffnn,4,bstar_2023,HP_Peak,slope_only,none,p0.1|n80,r2,-9.262299924410712,5,14
iter02b_ffnn,4,bstar_2023,HP_Peak,slope_only,none,p0.1|n80,n_pred_nan,0.0,5,14
iter02b_ffnn,4,bstar_2023,HP_Peak,slope_only,none,p0.1|n80,mape_n_excluded,0.0,5,14
iter02b_ffnn,4,bstar_2023,HP_Peak,slope_only,none,p0.1|n120,rmse,24.96705254307104,5,16
iter02b_ffnn,4,bstar_2023,HP_Peak,slope_only,none,p0.1|n120,mae,23.58517427397586,5,16
iter02b_ffnn,4,bstar_2023,HP_Peak,slope_only,none,p0.1|n120,mape,30.00018239745875,5,16
iter02b_ffnn,4,bstar_2023,HP_Peak,slope_only,none,p0.1|n120,r2,-39.235815541991805,5,16
iter02b_ffnn,4,bstar_2023,HP_Peak,slope_only,none,p0.1|n120,n_pred_nan,0.0,5,16
iter02b_ffnn,4,bstar_2023,HP_Peak,slope_only,none,p0.1|n120,mape_n_excluded,0.0,5,16
iter02b_ffnn,4,bstar_2023,HP_Peak,slope_only,none,p0.2|n10,rmse,5.0311151022601805,10,14
iter02b_ffnn,4,bstar_2023,HP_Peak,slope_only,none,p0.2|n10,mae,4.12402006859188,10,14
iter02b_ffnn,4,bstar_2023,HP_Peak,slope_only,none,p0.2|n10,mape,30.95351835114959,10,14
iter02b_ffnn,4,bstar_2023,HP_Peak,slope_only,none,p0.2|n10,r2,-3.5601914661059717,10,14
iter02b_ffnn,4,bstar_2023,HP_Peak,slope_only,none,p0.2|n10,n_pred_nan,0.0,10,14
iter02b_ffnn,4,bstar_2023,HP_Peak,slope_only,none,p0.2|n10,mape_n_excluded,0.0,10,14
iter02b_ffnn,4,bstar_2023,HP_Peak,slope_only,none,p0.2|n20,rmse,9.20970669311723,5,12
iter02b_ffnn,4,bstar_2023,HP_Peak,slope_only,none,p0.2|n20,mae,7.462075136673812,5,12
iter02b_ffnn,4,bstar_2023,HP_Peak,slope_only,none,p0.2|n20,mape,28.550011778894053,5,12
iter02b_ffnn,4,bstar_2023,HP_Peak,slope_only,none,p0.2|n20,r2,-6.170310047666619,5,12
iter02b_ffnn,4,bstar_2023,HP_Peak,slope_only,none,p0.2|n20,n_pred_nan,0.0,5,12
iter02b_ffnn,4,bstar_2023,HP_Peak,slope_only,none,p0.2|n20,mape_n_excluded,0.0,5,12
iter02b_ffnn,4,bstar_2023,HP_Peak,slope_only,none,p0.2|n40,rmse,6.392376792819098,5,16
iter02b_ffnn,4,bstar_2023,HP_Peak,slope_only,none,p0.2|n40,mae,5.548491946028848,5,16
iter02b_ffnn,4,bstar_2023,HP_Peak,slope_only,none,p0.2|n40,mape,10.033230618903414,5,16
iter02b_ffnn,4,bstar_2023,HP_Peak,slope_only,none,p0.2|n40,r2,-0.0204949816852948,5,16
iter02b_ffnn,4,bstar_2023,HP_Peak,slope_only,none,p0.2|n40,n_pred_nan,0.0,5,16
iter02b_ffnn,4,bstar_2023,HP_Peak,slope_only,none,p0.2|n40,mape_n_excluded,0.0,5,16
iter02b_ffnn,4,bstar_2023,HP_Peak,slope_only,none,p0.3|n10,rmse,4.8820224094128815,10,16
iter02b_ffnn,4,bstar_2023,HP_Peak,slope_only,none,p0.3|n10,mae,3.764327149675148,10,16
iter02b_ffnn,4,bstar_2023,HP_Peak,slope_only,none,p0.3|n10,mape,19.81903869951126,10,16
iter02b_ffnn,4,bstar_2023,HP_Peak,slope_only,none,p0.3|n10,r2,-1.0582916360286632,10,16
iter02b_ffnn,4,bstar_2023,HP_Peak,slope_only,none,p0.3|n10,n_pred_nan,0.0,10,16
iter02b_ffnn,4,bstar_2023,HP_Peak,slope_only,none,p0.3|n10,mape_n_excluded,0.0,10,16
iter02b_ffnn,4,bstar_2023,HP_Peak,slope_only,none,p0.3|n20,rmse,7.523027443899577,5,15
iter02b_ffnn,4,bstar_2023,HP_Peak,slope_only,none,p0.3|n20,mae,5.168204281287324,5,15
iter02b_ffnn,4,bstar_2023,HP_Peak,slope_only,none,p0.3|n20,mape,11.802579715780617,5,15
iter02b_ffnn,4,bstar_2023,HP_Peak,slope_only,none,p0.3|n20,r2,-3.4246308615898773,5,15
iter02b_ffnn,4,bstar_2023,HP_Peak,slope_only,none,p0.3|n20,n_pred_nan,0.0,5,15
iter02b_ffnn,4,bstar_2023,HP_Peak,slope_only,none,p0.3|n20,mape_n_excluded,0.0,5,15
iter02b_ffnn,4,bstar_2023,HP_Peak,slope_only,none,p0.3|n40,rmse,15.989559984692772,5,16
iter02b_ffnn,4,bstar_2023,HP_Peak,slope_only,none,p0.3|n40,mae,15.516228387834667,5,16
iter02b_ffnn,4,bstar_2023,HP_Peak,slope_only,none,p0.3|n40,mape,19.43385002360665,5,16
iter02b_ffnn,4,bstar_2023,HP_Peak,slope_only,none,p0.3|n40,r2,-13.214560888044533,5,16
iter02b_ffnn,4,bstar_2023,HP_Peak,slope_only,none,p0.3|n40,n_pred_nan,0.0,5,16
iter02b_ffnn,4,bstar_2023,HP_Peak,slope_only,none,p0.3|n40,mape_n_excluded,0.0,5,16
iter02b_ffnn,4,bstar_2023,HP_Peak,slope_only,none,p0.5|n10,rmse,6.8420188582651456,5,12
iter02b_ffnn,4,bstar_2023,HP_Peak,slope_only,none,p0.5|n10,mae,6.174559975232505,5,12
iter02b_ffnn,4,bstar_2023,HP_Peak,slope_only,none,p0.5|n10,mape,17.62876389418909,5,12
iter02b_ffnn,4,bstar_2023,HP_Peak,slope_only,none,p0.5|n10,r2,-11.652893630583211,5,12
iter02b_ffnn,4,bstar_2023,HP_Peak,slope_only,none,p0.5|n10,n_pred_nan,0.0,5,12
iter02b_ffnn,4,bstar_2023,HP_Peak,slope_only,none,p0.5|n10,mape_n_excluded,0.0,5,12
iter02b_ffnn,4,bstar_2023,HP_Peak,slope_only,none,p0.5|n20,rmse,10.412743260450387,5,16
iter02b_ffnn,4,bstar_2023,HP_Peak,slope_only,none,p0.5|n20,mae,8.980300215058138,5,16
iter02b_ffnn,4,bstar_2023,HP_Peak,slope_only,none,p0.5|n20,mape,14.784080471665844,5,16
iter02b_ffnn,4,bstar_2023,HP_Peak,slope_only,none,p0.5|n20,r2,-4.470810175902597,5,16
iter02b_ffnn,4,bstar_2023,HP_Peak,slope_only,none,p0.5|n20,n_pred_nan,0.0,5,16
iter02b_ffnn,4,bstar_2023,HP_Peak,slope_only,none,p0.5|n20,mape_n_excluded,0.0,5,16
iter02b_ffnn,4,bstar_2023,HP_Peak,slope_only,none,p1.0|n10,rmse,7.831622738036269,5,16
iter02b_ffnn,4,bstar_2023,HP_Peak,slope_only,none,p1.0|n10,mae,7.042033051243249,5,16
iter02b_ffnn,4,bstar_2023,HP_Peak,slope_only,none,p1.0|n10,mape,9.954567211881056,5,16
iter02b_ffnn,4,bstar_2023,HP_Peak,slope_only,none,p1.0|n10,r2,-0.9692734891707112,5,16
iter02b_ffnn,4,bstar_2023,HP_Peak,slope_only,none,p1.0|n10,n_pred_nan,0.0,5,16
iter02b_ffnn,4,bstar_2023,HP_Peak,slope_only,none,p1.0|n10,mape_n_excluded,0.0,5,16
iter02b_ffnn,4,bstar_2023,HP_Peak,slope_only,none,all,at_bound_share_train,0.0152173913043478,460,62
iter02b_ffnn,4,bstar_2023,HP_Peak,slope_only,none,all,at_bound_share_test,0.0076923076923076,130,20
iter02b_ffnn,4,bstar_2023,HP_Peak,slope_base,none,all,rmse,12.292098854292767,130,20
iter02b_ffnn,4,bstar_2023,HP_Peak,slope_base,none,all,mae,8.857516429233986,130,20
iter02b_ffnn,4,bstar_2023,HP_Peak,slope_base,none,all,mape,39.32308055388423,130,20
iter02b_ffnn,4,bstar_2023,HP_Peak,slope_base,none,all,r2,0.7322053062203271,130,20
iter02b_ffnn,4,bstar_2023,HP_Peak,slope_base,none,all,n_pred_nan,0.0,130,20
iter02b_ffnn,4,bstar_2023,HP_Peak,slope_base,none,all,mape_n_excluded,0.0,130,20
iter02b_ffnn,4,bstar_2023,HP_Peak,slope_base,none,p0.05|n10,rmse,5.69782413455959,10,8
iter02b_ffnn,4,bstar_2023,HP_Peak,slope_base,none,p0.05|n10,mae,4.492131863803655,10,8
iter02b_ffnn,4,bstar_2023,HP_Peak,slope_base,none,p0.05|n10,mape,85.81894953637702,10,8
iter02b_ffnn,4,bstar_2023,HP_Peak,slope_base,none,p0.05|n10,r2,-2.981797667919857,10,8
iter02b_ffnn,4,bstar_2023,HP_Peak,slope_base,none,p0.05|n10,n_pred_nan,0.0,10,8
iter02b_ffnn,4,bstar_2023,HP_Peak,slope_base,none,p0.05|n10,mape_n_excluded,0.0,10,8
iter02b_ffnn,4,bstar_2023,HP_Peak,slope_base,none,p0.05|n20,rmse,3.074872480379286,10,8
iter02b_ffnn,4,bstar_2023,HP_Peak,slope_base,none,p0.05|n20,mae,2.321575424496527,10,8
iter02b_ffnn,4,bstar_2023,HP_Peak,slope_base,none,p0.05|n20,mape,43.37987896998808,10,8
iter02b_ffnn,4,bstar_2023,HP_Peak,slope_base,none,p0.05|n20,r2,-1.015200819344822,10,8
iter02b_ffnn,4,bstar_2023,HP_Peak,slope_base,none,p0.05|n20,n_pred_nan,0.0,10,8
iter02b_ffnn,4,bstar_2023,HP_Peak,slope_base,none,p0.05|n20,mape_n_excluded,0.0,10,8
iter02b_ffnn,4,bstar_2023,HP_Peak,slope_base,none,p0.05|n40,rmse,12.830172629435385,10,13
iter02b_ffnn,4,bstar_2023,HP_Peak,slope_base,none,p0.05|n40,mae,9.343475930886765,10,13
iter02b_ffnn,4,bstar_2023,HP_Peak,slope_base,none,p0.05|n40,mape,65.94472309936336,10,13
iter02b_ffnn,4,bstar_2023,HP_Peak,slope_base,none,p0.05|n40,r2,-12.691234266116725,10,13
iter02b_ffnn,4,bstar_2023,HP_Peak,slope_base,none,p0.05|n40,n_pred_nan,0.0,10,13
iter02b_ffnn,4,bstar_2023,HP_Peak,slope_base,none,p0.05|n40,mape_n_excluded,0.0,10,13
iter02b_ffnn,4,bstar_2023,HP_Peak,slope_base,none,p0.05|n80,rmse,9.755627652858747,5,12
iter02b_ffnn,4,bstar_2023,HP_Peak,slope_base,none,p0.05|n80,mae,8.44949951231246,5,12
iter02b_ffnn,4,bstar_2023,HP_Peak,slope_base,none,p0.05|n80,mape,29.27776175818339,5,12
iter02b_ffnn,4,bstar_2023,HP_Peak,slope_base,none,p0.05|n80,r2,-21.637073850779416,5,12
iter02b_ffnn,4,bstar_2023,HP_Peak,slope_base,none,p0.05|n80,n_pred_nan,0.0,5,12
iter02b_ffnn,4,bstar_2023,HP_Peak,slope_base,none,p0.05|n80,mape_n_excluded,0.0,5,12
iter02b_ffnn,4,bstar_2023,HP_Peak,slope_base,none,p0.05|n120,rmse,15.999306390135784,5,14
iter02b_ffnn,4,bstar_2023,HP_Peak,slope_base,none,p0.05|n120,mae,15.20803593353871,5,14
iter02b_ffnn,4,bstar_2023,HP_Peak,slope_base,none,p0.05|n120,mape,44.62014610282418,5,14
iter02b_ffnn,4,bstar_2023,HP_Peak,slope_base,none,p0.05|n120,r2,-8.115339525026213,5,14
iter02b_ffnn,4,bstar_2023,HP_Peak,slope_base,none,p0.05|n120,n_pred_nan,0.0,5,14
iter02b_ffnn,4,bstar_2023,HP_Peak,slope_base,none,p0.05|n120,mape_n_excluded,0.0,5,14
iter02b_ffnn,4,bstar_2023,HP_Peak,slope_base,none,p0.1|n10,rmse,2.959047402901441,10,9
iter02b_ffnn,4,bstar_2023,HP_Peak,slope_base,none,p0.1|n10,mae,2.453513999415334,10,9
iter02b_ffnn,4,bstar_2023,HP_Peak,slope_base,none,p0.1|n10,mape,53.10224858372277,10,9
iter02b_ffnn,4,bstar_2023,HP_Peak,slope_base,none,p0.1|n10,r2,-0.3904652463692475,10,9
iter02b_ffnn,4,bstar_2023,HP_Peak,slope_base,none,p0.1|n10,n_pred_nan,0.0,10,9
iter02b_ffnn,4,bstar_2023,HP_Peak,slope_base,none,p0.1|n10,mape_n_excluded,0.0,10,9
iter02b_ffnn,4,bstar_2023,HP_Peak,slope_base,none,p0.1|n20,rmse,8.046114092392202,10,12
iter02b_ffnn,4,bstar_2023,HP_Peak,slope_base,none,p0.1|n20,mae,6.107141758590506,10,12
iter02b_ffnn,4,bstar_2023,HP_Peak,slope_base,none,p0.1|n20,mape,46.909873733401,10,12
iter02b_ffnn,4,bstar_2023,HP_Peak,slope_base,none,p0.1|n20,r2,-4.079731510538723,10,12
iter02b_ffnn,4,bstar_2023,HP_Peak,slope_base,none,p0.1|n20,n_pred_nan,0.0,10,12
iter02b_ffnn,4,bstar_2023,HP_Peak,slope_base,none,p0.1|n20,mape_n_excluded,0.0,10,12
iter02b_ffnn,4,bstar_2023,HP_Peak,slope_base,none,p0.1|n40,rmse,8.964900795733364,5,11
iter02b_ffnn,4,bstar_2023,HP_Peak,slope_base,none,p0.1|n40,mae,7.159750109735164,5,11
iter02b_ffnn,4,bstar_2023,HP_Peak,slope_base,none,p0.1|n40,mape,33.10209238055416,5,11
iter02b_ffnn,4,bstar_2023,HP_Peak,slope_base,none,p0.1|n40,r2,-23.34539539963951,5,11
iter02b_ffnn,4,bstar_2023,HP_Peak,slope_base,none,p0.1|n40,n_pred_nan,0.0,5,11
iter02b_ffnn,4,bstar_2023,HP_Peak,slope_base,none,p0.1|n40,mape_n_excluded,0.0,5,11
iter02b_ffnn,4,bstar_2023,HP_Peak,slope_base,none,p0.1|n80,rmse,21.08141859707448,5,14
iter02b_ffnn,4,bstar_2023,HP_Peak,slope_base,none,p0.1|n80,mae,18.285178912137205,5,14
iter02b_ffnn,4,bstar_2023,HP_Peak,slope_base,none,p0.1|n80,mape,36.58790722326776,5,14
iter02b_ffnn,4,bstar_2023,HP_Peak,slope_base,none,p0.1|n80,r2,-8.163005124137403,5,14
iter02b_ffnn,4,bstar_2023,HP_Peak,slope_base,none,p0.1|n80,n_pred_nan,0.0,5,14
iter02b_ffnn,4,bstar_2023,HP_Peak,slope_base,none,p0.1|n80,mape_n_excluded,0.0,5,14
iter02b_ffnn,4,bstar_2023,HP_Peak,slope_base,none,p0.1|n120,rmse,21.427048072289992,5,16
iter02b_ffnn,4,bstar_2023,HP_Peak,slope_base,none,p0.1|n120,mae,19.19850824465676,5,16
iter02b_ffnn,4,bstar_2023,HP_Peak,slope_base,none,p0.1|n120,mape,24.2645645900182,5,16
iter02b_ffnn,4,bstar_2023,HP_Peak,slope_base,none,p0.1|n120,r2,-28.6348645069888,5,16
iter02b_ffnn,4,bstar_2023,HP_Peak,slope_base,none,p0.1|n120,n_pred_nan,0.0,5,16
iter02b_ffnn,4,bstar_2023,HP_Peak,slope_base,none,p0.1|n120,mape_n_excluded,0.0,5,16
iter02b_ffnn,4,bstar_2023,HP_Peak,slope_base,none,p0.2|n10,rmse,4.063096881224826,10,14
iter02b_ffnn,4,bstar_2023,HP_Peak,slope_base,none,p0.2|n10,mae,2.88659821582599,10,14
iter02b_ffnn,4,bstar_2023,HP_Peak,slope_base,none,p0.2|n10,mape,20.311759098267665,10,14
iter02b_ffnn,4,bstar_2023,HP_Peak,slope_base,none,p0.2|n10,r2,-1.974191490214925,10,14
iter02b_ffnn,4,bstar_2023,HP_Peak,slope_base,none,p0.2|n10,n_pred_nan,0.0,10,14
iter02b_ffnn,4,bstar_2023,HP_Peak,slope_base,none,p0.2|n10,mape_n_excluded,0.0,10,14
iter02b_ffnn,4,bstar_2023,HP_Peak,slope_base,none,p0.2|n20,rmse,11.834156704644082,5,12
iter02b_ffnn,4,bstar_2023,HP_Peak,slope_base,none,p0.2|n20,mae,7.846634638156135,5,12
iter02b_ffnn,4,bstar_2023,HP_Peak,slope_base,none,p0.2|n20,mape,31.16180090882116,5,12
iter02b_ffnn,4,bstar_2023,HP_Peak,slope_base,none,p0.2|n20,r2,-10.839162140323545,5,12
iter02b_ffnn,4,bstar_2023,HP_Peak,slope_base,none,p0.2|n20,n_pred_nan,0.0,5,12
iter02b_ffnn,4,bstar_2023,HP_Peak,slope_base,none,p0.2|n20,mape_n_excluded,0.0,5,12
iter02b_ffnn,4,bstar_2023,HP_Peak,slope_base,none,p0.2|n40,rmse,11.007449116501052,5,16
iter02b_ffnn,4,bstar_2023,HP_Peak,slope_base,none,p0.2|n40,mae,9.99759571197667,5,16
iter02b_ffnn,4,bstar_2023,HP_Peak,slope_base,none,p0.2|n40,mape,18.26693157785781,5,16
iter02b_ffnn,4,bstar_2023,HP_Peak,slope_base,none,p0.2|n40,r2,-2.025934438904063,5,16
iter02b_ffnn,4,bstar_2023,HP_Peak,slope_base,none,p0.2|n40,n_pred_nan,0.0,5,16
iter02b_ffnn,4,bstar_2023,HP_Peak,slope_base,none,p0.2|n40,mape_n_excluded,0.0,5,16
iter02b_ffnn,4,bstar_2023,HP_Peak,slope_base,none,p0.3|n10,rmse,5.599268895616172,10,16
iter02b_ffnn,4,bstar_2023,HP_Peak,slope_base,none,p0.3|n10,mae,3.878283078000334,10,16
iter02b_ffnn,4,bstar_2023,HP_Peak,slope_base,none,p0.3|n10,mape,18.50911889469468,10,16
iter02b_ffnn,4,bstar_2023,HP_Peak,slope_base,none,p0.3|n10,r2,-1.7075096964739145,10,16
iter02b_ffnn,4,bstar_2023,HP_Peak,slope_base,none,p0.3|n10,n_pred_nan,0.0,10,16
iter02b_ffnn,4,bstar_2023,HP_Peak,slope_base,none,p0.3|n10,mape_n_excluded,0.0,10,16
iter02b_ffnn,4,bstar_2023,HP_Peak,slope_base,none,p0.3|n20,rmse,9.334388114111013,5,15
iter02b_ffnn,4,bstar_2023,HP_Peak,slope_base,none,p0.3|n20,mae,8.778757967123571,5,15
iter02b_ffnn,4,bstar_2023,HP_Peak,slope_base,none,p0.3|n20,mape,20.88926004712613,5,15
iter02b_ffnn,4,bstar_2023,HP_Peak,slope_base,none,p0.3|n20,r2,-5.811824665628192,5,15
iter02b_ffnn,4,bstar_2023,HP_Peak,slope_base,none,p0.3|n20,n_pred_nan,0.0,5,15
iter02b_ffnn,4,bstar_2023,HP_Peak,slope_base,none,p0.3|n20,mape_n_excluded,0.0,5,15
iter02b_ffnn,4,bstar_2023,HP_Peak,slope_base,none,p0.3|n40,rmse,25.54968402725424,5,16
iter02b_ffnn,4,bstar_2023,HP_Peak,slope_base,none,p0.3|n40,mae,25.18623917899165,5,16
iter02b_ffnn,4,bstar_2023,HP_Peak,slope_base,none,p0.3|n40,mape,31.55121010643745,5,16
iter02b_ffnn,4,bstar_2023,HP_Peak,slope_base,none,p0.3|n40,r2,-35.293720478165035,5,16
iter02b_ffnn,4,bstar_2023,HP_Peak,slope_base,none,p0.3|n40,n_pred_nan,0.0,5,16
iter02b_ffnn,4,bstar_2023,HP_Peak,slope_base,none,p0.3|n40,mape_n_excluded,0.0,5,16
iter02b_ffnn,4,bstar_2023,HP_Peak,slope_base,none,p0.5|n10,rmse,12.719010243811752,5,12
iter02b_ffnn,4,bstar_2023,HP_Peak,slope_base,none,p0.5|n10,mae,10.249924427217843,5,12
iter02b_ffnn,4,bstar_2023,HP_Peak,slope_base,none,p0.5|n10,mape,28.84726044633972,5,12
iter02b_ffnn,4,bstar_2023,HP_Peak,slope_base,none,p0.5|n10,r2,-42.72481267087713,5,12
iter02b_ffnn,4,bstar_2023,HP_Peak,slope_base,none,p0.5|n10,n_pred_nan,0.0,5,12
iter02b_ffnn,4,bstar_2023,HP_Peak,slope_base,none,p0.5|n10,mape_n_excluded,0.0,5,12
iter02b_ffnn,4,bstar_2023,HP_Peak,slope_base,none,p0.5|n20,rmse,19.121233473229964,5,16
iter02b_ffnn,4,bstar_2023,HP_Peak,slope_base,none,p0.5|n20,mae,17.11927670323316,5,16
iter02b_ffnn,4,bstar_2023,HP_Peak,slope_base,none,p0.5|n20,mape,27.89741263207908,5,16
iter02b_ffnn,4,bstar_2023,HP_Peak,slope_base,none,p0.5|n20,r2,-17.44816328177294,5,16
iter02b_ffnn,4,bstar_2023,HP_Peak,slope_base,none,p0.5|n20,n_pred_nan,0.0,5,16
iter02b_ffnn,4,bstar_2023,HP_Peak,slope_base,none,p0.5|n20,mape_n_excluded,0.0,5,16
iter02b_ffnn,4,bstar_2023,HP_Peak,slope_base,none,p1.0|n10,rmse,20.22674163109372,5,16
iter02b_ffnn,4,bstar_2023,HP_Peak,slope_base,none,p1.0|n10,mae,19.85058527896607,5,16
iter02b_ffnn,4,bstar_2023,HP_Peak,slope_base,none,p1.0|n10,mape,27.98064279585185,5,16
iter02b_ffnn,4,bstar_2023,HP_Peak,slope_base,none,p1.0|n10,r2,-12.13573477776609,5,16
iter02b_ffnn,4,bstar_2023,HP_Peak,slope_base,none,p1.0|n10,n_pred_nan,0.0,5,16
iter02b_ffnn,4,bstar_2023,HP_Peak,slope_base,none,p1.0|n10,mape_n_excluded,0.0,5,16
iter02b_ffnn,4,bstar_2023,HP_Peak,slope_base,none,all,at_bound_share_train,0.0152173913043478,460,62
iter02b_ffnn,4,bstar_2023,HP_Peak,slope_base,none,all,at_bound_share_test,0.0076923076923076,130,20
iter02b_ffnn,4,bstar_2023,HP_Peak,calibrated_delta,none,all,rmse,10.557681954121763,130,20
iter02b_ffnn,4,bstar_2023,HP_Peak,calibrated_delta,none,all,mae,7.30525653788607,130,20
iter02b_ffnn,4,bstar_2023,HP_Peak,calibrated_delta,none,all,mape,38.40312507634644,130,20
iter02b_ffnn,4,bstar_2023,HP_Peak,calibrated_delta,none,all,r2,0.8024454535698429,130,20
iter02b_ffnn,4,bstar_2023,HP_Peak,calibrated_delta,none,all,n_pred_nan,0.0,130,20
iter02b_ffnn,4,bstar_2023,HP_Peak,calibrated_delta,none,all,mape_n_excluded,0.0,130,20
iter02b_ffnn,4,bstar_2023,HP_Peak,calibrated_delta,none,p0.05|n10,rmse,4.587462344669532,10,8
iter02b_ffnn,4,bstar_2023,HP_Peak,calibrated_delta,none,p0.05|n10,mae,3.5966352382269293,10,8
iter02b_ffnn,4,bstar_2023,HP_Peak,calibrated_delta,none,p0.05|n10,mape,72.72670571310807,10,8
iter02b_ffnn,4,bstar_2023,HP_Peak,calibrated_delta,none,p0.05|n10,r2,-1.5811077326093683,10,8
iter02b_ffnn,4,bstar_2023,HP_Peak,calibrated_delta,none,p0.05|n10,n_pred_nan,0.0,10,8
iter02b_ffnn,4,bstar_2023,HP_Peak,calibrated_delta,none,p0.05|n10,mape_n_excluded,0.0,10,8
iter02b_ffnn,4,bstar_2023,HP_Peak,calibrated_delta,none,p0.05|n20,rmse,3.6396997673183593,10,8
iter02b_ffnn,4,bstar_2023,HP_Peak,calibrated_delta,none,p0.05|n20,mae,3.285299502219296,10,8
iter02b_ffnn,4,bstar_2023,HP_Peak,calibrated_delta,none,p0.05|n20,mape,74.3056897258171,10,8
iter02b_ffnn,4,bstar_2023,HP_Peak,calibrated_delta,none,p0.05|n20,r2,-1.8235483804748125,10,8
iter02b_ffnn,4,bstar_2023,HP_Peak,calibrated_delta,none,p0.05|n20,n_pred_nan,0.0,10,8
iter02b_ffnn,4,bstar_2023,HP_Peak,calibrated_delta,none,p0.05|n20,mape_n_excluded,0.0,10,8
iter02b_ffnn,4,bstar_2023,HP_Peak,calibrated_delta,none,p0.05|n40,rmse,12.999032700035109,10,13
iter02b_ffnn,4,bstar_2023,HP_Peak,calibrated_delta,none,p0.05|n40,mae,9.910834065508102,10,13
iter02b_ffnn,4,bstar_2023,HP_Peak,calibrated_delta,none,p0.05|n40,mape,72.22688689324336,10,13
iter02b_ffnn,4,bstar_2023,HP_Peak,calibrated_delta,none,p0.05|n40,r2,-13.053991108701227,10,13
iter02b_ffnn,4,bstar_2023,HP_Peak,calibrated_delta,none,p0.05|n40,n_pred_nan,0.0,10,13
iter02b_ffnn,4,bstar_2023,HP_Peak,calibrated_delta,none,p0.05|n40,mape_n_excluded,0.0,10,13
iter02b_ffnn,4,bstar_2023,HP_Peak,calibrated_delta,none,p0.05|n80,rmse,12.847274995388268,5,12
iter02b_ffnn,4,bstar_2023,HP_Peak,calibrated_delta,none,p0.05|n80,mae,11.361568146807445,5,12
iter02b_ffnn,4,bstar_2023,HP_Peak,calibrated_delta,none,p0.05|n80,mape,39.24745265038382,5,12
iter02b_ffnn,4,bstar_2023,HP_Peak,calibrated_delta,none,p0.05|n80,r2,-38.25833676219335,5,12
iter02b_ffnn,4,bstar_2023,HP_Peak,calibrated_delta,none,p0.05|n80,n_pred_nan,0.0,5,12
iter02b_ffnn,4,bstar_2023,HP_Peak,calibrated_delta,none,p0.05|n80,mape_n_excluded,0.0,5,12
iter02b_ffnn,4,bstar_2023,HP_Peak,calibrated_delta,none,p0.05|n120,rmse,26.203557939904467,5,14
iter02b_ffnn,4,bstar_2023,HP_Peak,calibrated_delta,none,p0.05|n120,mae,24.926206313998957,5,14
iter02b_ffnn,4,bstar_2023,HP_Peak,calibrated_delta,none,p0.05|n120,mape,73.8782320589241,5,14
iter02b_ffnn,4,bstar_2023,HP_Peak,calibrated_delta,none,p0.05|n120,r2,-23.45068707304149,5,14
iter02b_ffnn,4,bstar_2023,HP_Peak,calibrated_delta,none,p0.05|n120,n_pred_nan,0.0,5,14
iter02b_ffnn,4,bstar_2023,HP_Peak,calibrated_delta,none,p0.05|n120,mape_n_excluded,0.0,5,14
iter02b_ffnn,4,bstar_2023,HP_Peak,calibrated_delta,none,p0.1|n10,rmse,2.723548492760271,10,9
iter02b_ffnn,4,bstar_2023,HP_Peak,calibrated_delta,none,p0.1|n10,mae,2.101436548680926,10,9
iter02b_ffnn,4,bstar_2023,HP_Peak,calibrated_delta,none,p0.1|n10,mape,52.77088721677556,10,9
iter02b_ffnn,4,bstar_2023,HP_Peak,calibrated_delta,none,p0.1|n10,r2,-0.1779490821946727,10,9
iter02b_ffnn,4,bstar_2023,HP_Peak,calibrated_delta,none,p0.1|n10,n_pred_nan,0.0,10,9
iter02b_ffnn,4,bstar_2023,HP_Peak,calibrated_delta,none,p0.1|n10,mape_n_excluded,0.0,10,9
iter02b_ffnn,4,bstar_2023,HP_Peak,calibrated_delta,none,p0.1|n20,rmse,6.278863559526537,10,12
iter02b_ffnn,4,bstar_2023,HP_Peak,calibrated_delta,none,p0.1|n20,mae,4.737106749879251,10,12
iter02b_ffnn,4,bstar_2023,HP_Peak,calibrated_delta,none,p0.1|n20,mape,37.32712642800875,10,12
iter02b_ffnn,4,bstar_2023,HP_Peak,calibrated_delta,none,p0.1|n20,r2,-2.093360082791929,10,12
iter02b_ffnn,4,bstar_2023,HP_Peak,calibrated_delta,none,p0.1|n20,n_pred_nan,0.0,10,12
iter02b_ffnn,4,bstar_2023,HP_Peak,calibrated_delta,none,p0.1|n20,mape_n_excluded,0.0,10,12
iter02b_ffnn,4,bstar_2023,HP_Peak,calibrated_delta,none,p0.1|n40,rmse,9.805989690603486,5,11
iter02b_ffnn,4,bstar_2023,HP_Peak,calibrated_delta,none,p0.1|n40,mae,7.816784482990987,5,11
iter02b_ffnn,4,bstar_2023,HP_Peak,calibrated_delta,none,p0.1|n40,mape,36.13612036918742,5,11
iter02b_ffnn,4,bstar_2023,HP_Peak,calibrated_delta,none,p0.1|n40,r2,-28.127869547525105,5,11
iter02b_ffnn,4,bstar_2023,HP_Peak,calibrated_delta,none,p0.1|n40,n_pred_nan,0.0,5,11
iter02b_ffnn,4,bstar_2023,HP_Peak,calibrated_delta,none,p0.1|n40,mape_n_excluded,0.0,5,11
iter02b_ffnn,4,bstar_2023,HP_Peak,calibrated_delta,none,p0.1|n80,rmse,20.94208107866633,5,14
iter02b_ffnn,4,bstar_2023,HP_Peak,calibrated_delta,none,p0.1|n80,mae,19.52351420240536,5,14
iter02b_ffnn,4,bstar_2023,HP_Peak,calibrated_delta,none,p0.1|n80,mape,40.04841909808043,5,14
iter02b_ffnn,4,bstar_2023,HP_Peak,calibrated_delta,none,p0.1|n80,r2,-8.042279751506735,5,14
iter02b_ffnn,4,bstar_2023,HP_Peak,calibrated_delta,none,p0.1|n80,n_pred_nan,0.0,5,14
iter02b_ffnn,4,bstar_2023,HP_Peak,calibrated_delta,none,p0.1|n80,mape_n_excluded,0.0,5,14
iter02b_ffnn,4,bstar_2023,HP_Peak,calibrated_delta,none,p0.1|n120,rmse,21.98807222344218,5,16
iter02b_ffnn,4,bstar_2023,HP_Peak,calibrated_delta,none,p0.1|n120,mae,20.52727491840401,5,16
iter02b_ffnn,4,bstar_2023,HP_Peak,calibrated_delta,none,p0.1|n120,mape,26.067783866594134,5,16
iter02b_ffnn,4,bstar_2023,HP_Peak,calibrated_delta,none,p0.1|n120,r2,-30.207039282533533,5,16
iter02b_ffnn,4,bstar_2023,HP_Peak,calibrated_delta,none,p0.1|n120,n_pred_nan,0.0,5,16
iter02b_ffnn,4,bstar_2023,HP_Peak,calibrated_delta,none,p0.1|n120,mape_n_excluded,0.0,5,16
iter02b_ffnn,4,bstar_2023,HP_Peak,calibrated_delta,none,p0.2|n10,rmse,3.4285270727800845,10,14
iter02b_ffnn,4,bstar_2023,HP_Peak,calibrated_delta,none,p0.2|n10,mae,2.368055763721573,10,14
iter02b_ffnn,4,bstar_2023,HP_Peak,calibrated_delta,none,p0.2|n10,mape,16.586242713907357,10,14
iter02b_ffnn,4,bstar_2023,HP_Peak,calibrated_delta,none,p0.2|n10,r2,-1.1177258471955702,10,14
iter02b_ffnn,4,bstar_2023,HP_Peak,calibrated_delta,none,p0.2|n10,n_pred_nan,0.0,10,14
iter02b_ffnn,4,bstar_2023,HP_Peak,calibrated_delta,none,p0.2|n10,mape_n_excluded,0.0,10,14
iter02b_ffnn,4,bstar_2023,HP_Peak,calibrated_delta,none,p0.2|n20,rmse,9.275081161979603,5,12
iter02b_ffnn,4,bstar_2023,HP_Peak,calibrated_delta,none,p0.2|n20,mae,6.821357905252347,5,12
iter02b_ffnn,4,bstar_2023,HP_Peak,calibrated_delta,none,p0.2|n20,mape,26.14480458503786,5,12
iter02b_ffnn,4,bstar_2023,HP_Peak,calibrated_delta,none,p0.2|n20,r2,-6.272467247654671,5,12
iter02b_ffnn,4,bstar_2023,HP_Peak,calibrated_delta,none,p0.2|n20,n_pred_nan,0.0,5,12
iter02b_ffnn,4,bstar_2023,HP_Peak,calibrated_delta,none,p0.2|n20,mape_n_excluded,0.0,5,12
iter02b_ffnn,4,bstar_2023,HP_Peak,calibrated_delta,none,p0.2|n40,rmse,5.574897668117884,5,16
iter02b_ffnn,4,bstar_2023,HP_Peak,calibrated_delta,none,p0.2|n40,mae,5.149621679218325,5,16
iter02b_ffnn,4,bstar_2023,HP_Peak,calibrated_delta,none,p0.2|n40,mape,9.543270369769322,5,16
iter02b_ffnn,4,bstar_2023,HP_Peak,calibrated_delta,none,p0.2|n40,r2,0.2238244805075905,5,16
iter02b_ffnn,4,bstar_2023,HP_Peak,calibrated_delta,none,p0.2|n40,n_pred_nan,0.0,5,16
iter02b_ffnn,4,bstar_2023,HP_Peak,calibrated_delta,none,p0.2|n40,mape_n_excluded,0.0,5,16
iter02b_ffnn,4,bstar_2023,HP_Peak,calibrated_delta,none,p0.3|n10,rmse,4.310568420853573,10,16
iter02b_ffnn,4,bstar_2023,HP_Peak,calibrated_delta,none,p0.3|n10,mae,3.18286220151636,10,16
iter02b_ffnn,4,bstar_2023,HP_Peak,calibrated_delta,none,p0.3|n10,mape,16.032369658550554,10,16
iter02b_ffnn,4,bstar_2023,HP_Peak,calibrated_delta,none,p0.3|n10,r2,-0.6046357290260003,10,16
iter02b_ffnn,4,bstar_2023,HP_Peak,calibrated_delta,none,p0.3|n10,n_pred_nan,0.0,10,16
iter02b_ffnn,4,bstar_2023,HP_Peak,calibrated_delta,none,p0.3|n10,mape_n_excluded,0.0,10,16
iter02b_ffnn,4,bstar_2023,HP_Peak,calibrated_delta,none,p0.3|n20,rmse,6.87848297497306,5,15
iter02b_ffnn,4,bstar_2023,HP_Peak,calibrated_delta,none,p0.3|n20,mae,5.007199161902306,5,15
iter02b_ffnn,4,bstar_2023,HP_Peak,calibrated_delta,none,p0.3|n20,mape,11.430197545170524,5,15
iter02b_ffnn,4,bstar_2023,HP_Peak,calibrated_delta,none,p0.3|n20,r2,-2.698938284531681,5,15
iter02b_ffnn,4,bstar_2023,HP_Peak,calibrated_delta,none,p0.3|n20,n_pred_nan,0.0,5,15
iter02b_ffnn,4,bstar_2023,HP_Peak,calibrated_delta,none,p0.3|n20,mape_n_excluded,0.0,5,15
iter02b_ffnn,4,bstar_2023,HP_Peak,calibrated_delta,none,p0.3|n40,rmse,12.10001128872156,5,16
iter02b_ffnn,4,bstar_2023,HP_Peak,calibrated_delta,none,p0.3|n40,mae,11.507896554259384,5,16
iter02b_ffnn,4,bstar_2023,HP_Peak,calibrated_delta,none,p0.3|n40,mape,14.420979800265949,5,16
iter02b_ffnn,4,bstar_2023,HP_Peak,calibrated_delta,none,p0.3|n40,r2,-7.140141868012215,5,16
iter02b_ffnn,4,bstar_2023,HP_Peak,calibrated_delta,none,p0.3|n40,n_pred_nan,0.0,5,16
iter02b_ffnn,4,bstar_2023,HP_Peak,calibrated_delta,none,p0.3|n40,mape_n_excluded,0.0,5,16
iter02b_ffnn,4,bstar_2023,HP_Peak,calibrated_delta,none,p0.5|n10,rmse,7.355450974812291,5,12
iter02b_ffnn,4,bstar_2023,HP_Peak,calibrated_delta,none,p0.5|n10,mae,6.274267594548562,5,12
iter02b_ffnn,4,bstar_2023,HP_Peak,calibrated_delta,none,p0.5|n10,mape,17.899186353053544,5,12
iter02b_ffnn,4,bstar_2023,HP_Peak,calibrated_delta,none,p0.5|n10,r2,-13.623116289019755,5,12
iter02b_ffnn,4,bstar_2023,HP_Peak,calibrated_delta,none,p0.5|n10,n_pred_nan,0.0,5,12
iter02b_ffnn,4,bstar_2023,HP_Peak,calibrated_delta,none,p0.5|n10,mape_n_excluded,0.0,5,12
iter02b_ffnn,4,bstar_2023,HP_Peak,calibrated_delta,none,p0.5|n20,rmse,8.817261229937586,5,16
iter02b_ffnn,4,bstar_2023,HP_Peak,calibrated_delta,none,p0.5|n20,mae,7.960952391380482,5,16
iter02b_ffnn,4,bstar_2023,HP_Peak,calibrated_delta,none,p0.5|n20,mape,13.0086450854137,5,16
iter02b_ffnn,4,bstar_2023,HP_Peak,calibrated_delta,none,p0.5|n20,r2,-2.922732927326186,5,16
iter02b_ffnn,4,bstar_2023,HP_Peak,calibrated_delta,none,p0.5|n20,n_pred_nan,0.0,5,16
iter02b_ffnn,4,bstar_2023,HP_Peak,calibrated_delta,none,p0.5|n20,mape_n_excluded,0.0,5,16
iter02b_ffnn,4,bstar_2023,HP_Peak,calibrated_delta,none,p1.0|n10,rmse,4.963044429100016,5,16
iter02b_ffnn,4,bstar_2023,HP_Peak,calibrated_delta,none,p1.0|n10,mae,4.695566494364806,5,16
iter02b_ffnn,4,bstar_2023,HP_Peak,calibrated_delta,none,p1.0|n10,mape,6.704343504305197,5,16
iter02b_ffnn,4,bstar_2023,HP_Peak,calibrated_delta,none,p1.0|n10,r2,0.2091413972392598,5,16
iter02b_ffnn,4,bstar_2023,HP_Peak,calibrated_delta,none,p1.0|n10,n_pred_nan,0.0,5,16
iter02b_ffnn,4,bstar_2023,HP_Peak,calibrated_delta,none,p1.0|n10,mape_n_excluded,0.0,5,16
iter02b_ffnn,4,bstar_2023,HP_Peak,calibrated_delta,none,all,at_bound_share_train,0.0152173913043478,460,62
iter02b_ffnn,4,bstar_2023,HP_Peak,calibrated_delta,none,all,at_bound_share_test,0.0076923076923076,130,20
iter02b_ffnn,4,bstar_2023,HP_Peak,hdh,none,all,rmse,10.18872662082738,130,20
iter02b_ffnn,4,bstar_2023,HP_Peak,hdh,none,all,mae,7.106028852843395,130,20
iter02b_ffnn,4,bstar_2023,HP_Peak,hdh,none,all,mape,34.897881970111285,130,20
iter02b_ffnn,4,bstar_2023,HP_Peak,hdh,none,all,r2,0.8160119154232037,130,20
iter02b_ffnn,4,bstar_2023,HP_Peak,hdh,none,all,n_pred_nan,0.0,130,20
iter02b_ffnn,4,bstar_2023,HP_Peak,hdh,none,all,mape_n_excluded,0.0,130,20
iter02b_ffnn,4,bstar_2023,HP_Peak,hdh,none,p0.05|n10,rmse,4.433636111577646,10,8
iter02b_ffnn,4,bstar_2023,HP_Peak,hdh,none,p0.05|n10,mae,3.888211638771773,10,8
iter02b_ffnn,4,bstar_2023,HP_Peak,hdh,none,p0.05|n10,mape,73.17546413896146,10,8
iter02b_ffnn,4,bstar_2023,HP_Peak,hdh,none,p0.05|n10,r2,-1.4109111110973518,10,8
iter02b_ffnn,4,bstar_2023,HP_Peak,hdh,none,p0.05|n10,n_pred_nan,0.0,10,8
iter02b_ffnn,4,bstar_2023,HP_Peak,hdh,none,p0.05|n10,mape_n_excluded,0.0,10,8
iter02b_ffnn,4,bstar_2023,HP_Peak,hdh,none,p0.05|n20,rmse,2.7407524411729423,10,8
iter02b_ffnn,4,bstar_2023,HP_Peak,hdh,none,p0.05|n20,mae,2.117705725562127,10,8
iter02b_ffnn,4,bstar_2023,HP_Peak,hdh,none,p0.05|n20,mape,44.54824300319797,10,8
iter02b_ffnn,4,bstar_2023,HP_Peak,hdh,none,p0.05|n20,r2,-0.6010457091259813,10,8
iter02b_ffnn,4,bstar_2023,HP_Peak,hdh,none,p0.05|n20,n_pred_nan,0.0,10,8
iter02b_ffnn,4,bstar_2023,HP_Peak,hdh,none,p0.05|n20,mape_n_excluded,0.0,10,8
iter02b_ffnn,4,bstar_2023,HP_Peak,hdh,none,p0.05|n40,rmse,11.75648821193992,10,13
iter02b_ffnn,4,bstar_2023,HP_Peak,hdh,none,p0.05|n40,mae,8.52002881592146,10,13
iter02b_ffnn,4,bstar_2023,HP_Peak,hdh,none,p0.05|n40,mape,60.47669861804152,10,13
iter02b_ffnn,4,bstar_2023,HP_Peak,hdh,none,p0.05|n40,r2,-10.495631331658018,10,13
iter02b_ffnn,4,bstar_2023,HP_Peak,hdh,none,p0.05|n40,n_pred_nan,0.0,10,13
iter02b_ffnn,4,bstar_2023,HP_Peak,hdh,none,p0.05|n40,mape_n_excluded,0.0,10,13
iter02b_ffnn,4,bstar_2023,HP_Peak,hdh,none,p0.05|n80,rmse,11.54048264663918,5,12
iter02b_ffnn,4,bstar_2023,HP_Peak,hdh,none,p0.05|n80,mae,10.498943665346106,5,12
iter02b_ffnn,4,bstar_2023,HP_Peak,hdh,none,p0.05|n80,mape,36.25050846920608,5,12
iter02b_ffnn,4,bstar_2023,HP_Peak,hdh,none,p0.05|n80,r2,-30.678003331038997,5,12
iter02b_ffnn,4,bstar_2023,HP_Peak,hdh,none,p0.05|n80,n_pred_nan,0.0,5,12
iter02b_ffnn,4,bstar_2023,HP_Peak,hdh,none,p0.05|n80,mape_n_excluded,0.0,5,12
iter02b_ffnn,4,bstar_2023,HP_Peak,hdh,none,p0.05|n120,rmse,25.125405579521463,5,14
iter02b_ffnn,4,bstar_2023,HP_Peak,hdh,none,p0.05|n120,mae,23.76916857054944,5,14
iter02b_ffnn,4,bstar_2023,HP_Peak,hdh,none,p0.05|n120,mape,70.49676293022765,5,14
iter02b_ffnn,4,bstar_2023,HP_Peak,hdh,none,p0.05|n120,r2,-21.480020401105108,5,14
iter02b_ffnn,4,bstar_2023,HP_Peak,hdh,none,p0.05|n120,n_pred_nan,0.0,5,14
iter02b_ffnn,4,bstar_2023,HP_Peak,hdh,none,p0.05|n120,mape_n_excluded,0.0,5,14
iter02b_ffnn,4,bstar_2023,HP_Peak,hdh,none,p0.1|n10,rmse,1.9339453001875315,10,9
iter02b_ffnn,4,bstar_2023,HP_Peak,hdh,none,p0.1|n10,mae,1.692825199500493,10,9
iter02b_ffnn,4,bstar_2023,HP_Peak,hdh,none,p0.1|n10,mape,36.62546155512623,10,9
iter02b_ffnn,4,bstar_2023,HP_Peak,hdh,none,p0.1|n10,r2,0.4060571396112307,10,9
iter02b_ffnn,4,bstar_2023,HP_Peak,hdh,none,p0.1|n10,n_pred_nan,0.0,10,9
iter02b_ffnn,4,bstar_2023,HP_Peak,hdh,none,p0.1|n10,mape_n_excluded,0.0,10,9
iter02b_ffnn,4,bstar_2023,HP_Peak,hdh,none,p0.1|n20,rmse,5.853127176548917,10,12
iter02b_ffnn,4,bstar_2023,HP_Peak,hdh,none,p0.1|n20,mae,4.554225535793858,10,12
iter02b_ffnn,4,bstar_2023,HP_Peak,hdh,none,p0.1|n20,mape,35.39922981672108,10,12
iter02b_ffnn,4,bstar_2023,HP_Peak,hdh,none,p0.1|n20,r2,-1.6880931016134175,10,12
iter02b_ffnn,4,bstar_2023,HP_Peak,hdh,none,p0.1|n20,n_pred_nan,0.0,10,12
iter02b_ffnn,4,bstar_2023,HP_Peak,hdh,none,p0.1|n20,mape_n_excluded,0.0,10,12
iter02b_ffnn,4,bstar_2023,HP_Peak,hdh,none,p0.1|n40,rmse,8.512770089550683,5,11
iter02b_ffnn,4,bstar_2023,HP_Peak,hdh,none,p0.1|n40,mae,6.575349608075686,5,11
iter02b_ffnn,4,bstar_2023,HP_Peak,hdh,none,p0.1|n40,mape,30.23910479707735,5,11
iter02b_ffnn,4,bstar_2023,HP_Peak,hdh,none,p0.1|n40,r2,-20.95167502604877,5,11
iter02b_ffnn,4,bstar_2023,HP_Peak,hdh,none,p0.1|n40,n_pred_nan,0.0,5,11
iter02b_ffnn,4,bstar_2023,HP_Peak,hdh,none,p0.1|n40,mape_n_excluded,0.0,5,11
iter02b_ffnn,4,bstar_2023,HP_Peak,hdh,none,p0.1|n80,rmse,20.341143339708832,5,14
iter02b_ffnn,4,bstar_2023,HP_Peak,hdh,none,p0.1|n80,mae,18.729809106143417,5,14
iter02b_ffnn,4,bstar_2023,HP_Peak,hdh,none,p0.1|n80,mape,38.2138309133441,5,14
iter02b_ffnn,4,bstar_2023,HP_Peak,hdh,none,p0.1|n80,r2,-7.53078479604912,5,14
iter02b_ffnn,4,bstar_2023,HP_Peak,hdh,none,p0.1|n80,n_pred_nan,0.0,5,14
iter02b_ffnn,4,bstar_2023,HP_Peak,hdh,none,p0.1|n80,mape_n_excluded,0.0,5,14
iter02b_ffnn,4,bstar_2023,HP_Peak,hdh,none,p0.1|n120,rmse,22.138403261067456,5,16
iter02b_ffnn,4,bstar_2023,HP_Peak,hdh,none,p0.1|n120,mae,20.58907093807832,5,16
iter02b_ffnn,4,bstar_2023,HP_Peak,hdh,none,p0.1|n120,mape,26.126383516912483,5,16
iter02b_ffnn,4,bstar_2023,HP_Peak,hdh,none,p0.1|n120,r2,-30.63521906138357,5,16
iter02b_ffnn,4,bstar_2023,HP_Peak,hdh,none,p0.1|n120,n_pred_nan,0.0,5,16
iter02b_ffnn,4,bstar_2023,HP_Peak,hdh,none,p0.1|n120,mape_n_excluded,0.0,5,16
iter02b_ffnn,4,bstar_2023,HP_Peak,hdh,none,p0.2|n10,rmse,5.084074574434943,10,14
iter02b_ffnn,4,bstar_2023,HP_Peak,hdh,none,p0.2|n10,mae,4.048090788996884,10,14
iter02b_ffnn,4,bstar_2023,HP_Peak,hdh,none,p0.2|n10,mape,30.29679090974514,10,14
iter02b_ffnn,4,bstar_2023,HP_Peak,hdh,none,p0.2|n10,r2,-3.656701451509627,10,14
iter02b_ffnn,4,bstar_2023,HP_Peak,hdh,none,p0.2|n10,n_pred_nan,0.0,10,14
iter02b_ffnn,4,bstar_2023,HP_Peak,hdh,none,p0.2|n10,mape_n_excluded,0.0,10,14
iter02b_ffnn,4,bstar_2023,HP_Peak,hdh,none,p0.2|n20,rmse,9.079877552211684,5,12
iter02b_ffnn,4,bstar_2023,HP_Peak,hdh,none,p0.2|n20,mae,7.3588210849535,5,12
iter02b_ffnn,4,bstar_2023,HP_Peak,hdh,none,p0.2|n20,mape,27.72936152602421,5,12
iter02b_ffnn,4,bstar_2023,HP_Peak,hdh,none,p0.2|n20,r2,-5.9695753938187215,5,12
iter02b_ffnn,4,bstar_2023,HP_Peak,hdh,none,p0.2|n20,n_pred_nan,0.0,5,12
iter02b_ffnn,4,bstar_2023,HP_Peak,hdh,none,p0.2|n20,mape_n_excluded,0.0,5,12
iter02b_ffnn,4,bstar_2023,HP_Peak,hdh,none,p0.2|n40,rmse,4.780832028790305,5,16
iter02b_ffnn,4,bstar_2023,HP_Peak,hdh,none,p0.2|n40,mae,4.15312471935562,5,16
iter02b_ffnn,4,bstar_2023,HP_Peak,hdh,none,p0.2|n40,mape,7.560182074254226,5,16
iter02b_ffnn,4,bstar_2023,HP_Peak,hdh,none,p0.2|n40,r2,0.4291879774190091,5,16
iter02b_ffnn,4,bstar_2023,HP_Peak,hdh,none,p0.2|n40,n_pred_nan,0.0,5,16
iter02b_ffnn,4,bstar_2023,HP_Peak,hdh,none,p0.2|n40,mape_n_excluded,0.0,5,16
iter02b_ffnn,4,bstar_2023,HP_Peak,hdh,none,p0.3|n10,rmse,5.240450855992926,10,16
iter02b_ffnn,4,bstar_2023,HP_Peak,hdh,none,p0.3|n10,mae,4.505413961644672,10,16
iter02b_ffnn,4,bstar_2023,HP_Peak,hdh,none,p0.3|n10,mape,23.945086031289332,10,16
iter02b_ffnn,4,bstar_2023,HP_Peak,hdh,none,p0.3|n10,r2,-1.3716176693146993,10,16
iter02b_ffnn,4,bstar_2023,HP_Peak,hdh,none,p0.3|n10,n_pred_nan,0.0,10,16
iter02b_ffnn,4,bstar_2023,HP_Peak,hdh,none,p0.3|n10,mape_n_excluded,0.0,10,16
iter02b_ffnn,4,bstar_2023,HP_Peak,hdh,none,p0.3|n20,rmse,7.29792192627685,5,15
iter02b_ffnn,4,bstar_2023,HP_Peak,hdh,none,p0.3|n20,mae,4.869475438215557,5,15
iter02b_ffnn,4,bstar_2023,HP_Peak,hdh,none,p0.3|n20,mape,11.130955274928478,5,15
iter02b_ffnn,4,bstar_2023,HP_Peak,hdh,none,p0.3|n20,r2,-3.163803038993575,5,15
iter02b_ffnn,4,bstar_2023,HP_Peak,hdh,none,p0.3|n20,n_pred_nan,0.0,5,15
iter02b_ffnn,4,bstar_2023,HP_Peak,hdh,none,p0.3|n20,mape_n_excluded,0.0,5,15
iter02b_ffnn,4,bstar_2023,HP_Peak,hdh,none,p0.3|n40,rmse,12.095596896708283,5,16
iter02b_ffnn,4,bstar_2023,HP_Peak,hdh,none,p0.3|n40,mae,11.467749699443155,5,16
iter02b_ffnn,4,bstar_2023,HP_Peak,hdh,none,p0.3|n40,mape,14.357446966699133,5,16
iter02b_ffnn,4,bstar_2023,HP_Peak,hdh,none,p0.3|n40,r2,-7.134203489672945,5,16
iter02b_ffnn,4,bstar_2023,HP_Peak,hdh,none,p0.3|n40,n_pred_nan,0.0,5,16
iter02b_ffnn,4,bstar_2023,HP_Peak,hdh,none,p0.3|n40,mape_n_excluded,0.0,5,16
iter02b_ffnn,4,bstar_2023,HP_Peak,hdh,none,p0.5|n10,rmse,6.944835701733882,5,12
iter02b_ffnn,4,bstar_2023,HP_Peak,hdh,none,p0.5|n10,mae,6.190127482939785,5,12
iter02b_ffnn,4,bstar_2023,HP_Peak,hdh,none,p0.5|n10,mape,17.788492371576957,5,12
iter02b_ffnn,4,bstar_2023,HP_Peak,hdh,none,p0.5|n10,r2,-12.036027710316164,5,12
iter02b_ffnn,4,bstar_2023,HP_Peak,hdh,none,p0.5|n10,n_pred_nan,0.0,5,12
iter02b_ffnn,4,bstar_2023,HP_Peak,hdh,none,p0.5|n10,mape_n_excluded,0.0,5,12
iter02b_ffnn,4,bstar_2023,HP_Peak,hdh,none,p0.5|n20,rmse,8.418767346393993,5,16
iter02b_ffnn,4,bstar_2023,HP_Peak,hdh,none,p0.5|n20,mae,7.6042495812005,5,16
iter02b_ffnn,4,bstar_2023,HP_Peak,hdh,none,p0.5|n20,mape,12.403271977459552,5,16
iter02b_ffnn,4,bstar_2023,HP_Peak,hdh,none,p0.5|n20,r2,-2.576171526450133,5,16
iter02b_ffnn,4,bstar_2023,HP_Peak,hdh,none,p0.5|n20,n_pred_nan,0.0,5,16
iter02b_ffnn,4,bstar_2023,HP_Peak,hdh,none,p0.5|n20,mape_n_excluded,0.0,5,16
iter02b_ffnn,4,bstar_2023,HP_Peak,hdh,none,p1.0|n10,rmse,4.571689695710746,5,16
iter02b_ffnn,4,bstar_2023,HP_Peak,hdh,none,p1.0|n10,mae,4.29785694724464,5,16
iter02b_ffnn,4,bstar_2023,HP_Peak,hdh,none,p1.0|n10,mape,6.1146822590175525,5,16
iter02b_ffnn,4,bstar_2023,HP_Peak,hdh,none,p1.0|n10,r2,0.3289482598230977,5,16
iter02b_ffnn,4,bstar_2023,HP_Peak,hdh,none,p1.0|n10,n_pred_nan,0.0,5,16
iter02b_ffnn,4,bstar_2023,HP_Peak,hdh,none,p1.0|n10,mape_n_excluded,0.0,5,16
iter02b_ffnn,4,bstar_2023,HP_Peak,FFNN,none,all,rmse,17.84283361021793,130,20
iter02b_ffnn,4,bstar_2023,HP_Peak,FFNN,none,all,mae,12.371763196296907,130,20
iter02b_ffnn,4,bstar_2023,HP_Peak,FFNN,none,all,mape,79.28599382015688,130,20
iter02b_ffnn,4,bstar_2023,HP_Peak,FFNN,none,all,r2,0.4357422534545592,130,20
iter02b_ffnn,4,bstar_2023,HP_Peak,FFNN,none,all,n_pred_nan,0.0,130,20
iter02b_ffnn,4,bstar_2023,HP_Peak,FFNN,none,all,mape_n_excluded,0.0,130,20
iter02b_ffnn,4,bstar_2023,HP_Peak,FFNN,none,p0.05|n10,rmse,11.599052579802308,10,8
iter02b_ffnn,4,bstar_2023,HP_Peak,FFNN,none,p0.05|n10,mae,9.65745481228376,10,8
iter02b_ffnn,4,bstar_2023,HP_Peak,FFNN,none,p0.05|n10,mape,204.30442595390667,10,8
iter02b_ffnn,4,bstar_2023,HP_Peak,FFNN,none,p0.05|n10,r2,-15.500843347245844,10,8
iter02b_ffnn,4,bstar_2023,HP_Peak,FFNN,none,p0.05|n10,n_pred_nan,0.0,10,8
iter02b_ffnn,4,bstar_2023,HP_Peak,FFNN,none,p0.05|n10,mape_n_excluded,0.0,10,8
iter02b_ffnn,4,bstar_2023,HP_Peak,FFNN,none,p0.05|n20,rmse,10.04138945494022,10,8
iter02b_ffnn,4,bstar_2023,HP_Peak,FFNN,none,p0.05|n20,mae,8.64072337193141,10,8
iter02b_ffnn,4,bstar_2023,HP_Peak,FFNN,none,p0.05|n20,mape,170.5580478146866,10,8
iter02b_ffnn,4,bstar_2023,HP_Peak,FFNN,none,p0.05|n20,r2,-20.490758051778496,10,8
iter02b_ffnn,4,bstar_2023,HP_Peak,FFNN,none,p0.05|n20,n_pred_nan,0.0,10,8
iter02b_ffnn,4,bstar_2023,HP_Peak,FFNN,none,p0.05|n20,mape_n_excluded,0.0,10,8
iter02b_ffnn,4,bstar_2023,HP_Peak,FFNN,none,p0.05|n40,rmse,6.145241420613796,10,13
iter02b_ffnn,4,bstar_2023,HP_Peak,FFNN,none,p0.05|n40,mae,5.419054562145838,10,13
iter02b_ffnn,4,bstar_2023,HP_Peak,FFNN,none,p0.05|n40,mape,46.28700525914429,10,13
iter02b_ffnn,4,bstar_2023,HP_Peak,FFNN,none,p0.05|n40,r2,-2.1409100578003035,10,13
iter02b_ffnn,4,bstar_2023,HP_Peak,FFNN,none,p0.05|n40,n_pred_nan,0.0,10,13
iter02b_ffnn,4,bstar_2023,HP_Peak,FFNN,none,p0.05|n40,mape_n_excluded,0.0,10,13
iter02b_ffnn,4,bstar_2023,HP_Peak,FFNN,none,p0.05|n80,rmse,10.33258180672279,5,12
iter02b_ffnn,4,bstar_2023,HP_Peak,FFNN,none,p0.05|n80,mae,8.041754336902425,5,12
iter02b_ffnn,4,bstar_2023,HP_Peak,FFNN,none,p0.05|n80,mape,28.532549283372973,5,12
iter02b_ffnn,4,bstar_2023,HP_Peak,FFNN,none,p0.05|n80,r2,-24.393792143806152,5,12
iter02b_ffnn,4,bstar_2023,HP_Peak,FFNN,none,p0.05|n80,n_pred_nan,0.0,5,12
iter02b_ffnn,4,bstar_2023,HP_Peak,FFNN,none,p0.05|n80,mape_n_excluded,0.0,5,12
iter02b_ffnn,4,bstar_2023,HP_Peak,FFNN,none,p0.05|n120,rmse,11.1690937920809,5,14
iter02b_ffnn,4,bstar_2023,HP_Peak,FFNN,none,p0.05|n120,mae,9.175584575017428,5,14
iter02b_ffnn,4,bstar_2023,HP_Peak,FFNN,none,p0.05|n120,mape,24.655336067402786,5,14
iter02b_ffnn,4,bstar_2023,HP_Peak,FFNN,none,p0.05|n120,r2,-3.442284971256188,5,14
iter02b_ffnn,4,bstar_2023,HP_Peak,FFNN,none,p0.05|n120,n_pred_nan,0.0,5,14
iter02b_ffnn,4,bstar_2023,HP_Peak,FFNN,none,p0.05|n120,mape_n_excluded,0.0,5,14
iter02b_ffnn,4,bstar_2023,HP_Peak,FFNN,none,p0.1|n10,rmse,9.433032866391796,10,9
iter02b_ffnn,4,bstar_2023,HP_Peak,FFNN,none,p0.1|n10,mae,7.807638073268365,10,9
iter02b_ffnn,4,bstar_2023,HP_Peak,FFNN,none,p0.1|n10,mape,187.5192897706178,10,9
iter02b_ffnn,4,bstar_2023,HP_Peak,FFNN,none,p0.1|n10,r2,-13.130547482817878,10,9
iter02b_ffnn,4,bstar_2023,HP_Peak,FFNN,none,p0.1|n10,n_pred_nan,0.0,10,9
iter02b_ffnn,4,bstar_2023,HP_Peak,FFNN,none,p0.1|n10,mape_n_excluded,0.0,10,9
iter02b_ffnn,4,bstar_2023,HP_Peak,FFNN,none,p0.1|n20,rmse,11.283310002018402,10,12
iter02b_ffnn,4,bstar_2023,HP_Peak,FFNN,none,p0.1|n20,mae,9.657427513062116,10,12
iter02b_ffnn,4,bstar_2023,HP_Peak,FFNN,none,p0.1|n20,mape,84.75294318292774,10,12
iter02b_ffnn,4,bstar_2023,HP_Peak,FFNN,none,p0.1|n20,r2,-8.989446511743221,10,12
iter02b_ffnn,4,bstar_2023,HP_Peak,FFNN,none,p0.1|n20,n_pred_nan,0.0,10,12
iter02b_ffnn,4,bstar_2023,HP_Peak,FFNN,none,p0.1|n20,mape_n_excluded,0.0,10,12
iter02b_ffnn,4,bstar_2023,HP_Peak,FFNN,none,p0.1|n40,rmse,6.964386878897146,5,11
iter02b_ffnn,4,bstar_2023,HP_Peak,FFNN,none,p0.1|n40,mae,5.980010593367994,5,11
iter02b_ffnn,4,bstar_2023,HP_Peak,FFNN,none,p0.1|n40,mape,25.854380748314934,5,11
iter02b_ffnn,4,bstar_2023,HP_Peak,FFNN,none,p0.1|n40,r2,-13.692362448669469,5,11
iter02b_ffnn,4,bstar_2023,HP_Peak,FFNN,none,p0.1|n40,n_pred_nan,0.0,5,11
iter02b_ffnn,4,bstar_2023,HP_Peak,FFNN,none,p0.1|n40,mape_n_excluded,0.0,5,11
iter02b_ffnn,4,bstar_2023,HP_Peak,FFNN,none,p0.1|n80,rmse,16.996894808641972,5,14
iter02b_ffnn,4,bstar_2023,HP_Peak,FFNN,none,p0.1|n80,mae,12.313182495169482,5,14
iter02b_ffnn,4,bstar_2023,HP_Peak,FFNN,none,p0.1|n80,mape,23.606488046844948,5,14
iter02b_ffnn,4,bstar_2023,HP_Peak,FFNN,none,p0.1|n80,r2,-4.956312006829405,5,14
iter02b_ffnn,4,bstar_2023,HP_Peak,FFNN,none,p0.1|n80,n_pred_nan,0.0,5,14
iter02b_ffnn,4,bstar_2023,HP_Peak,FFNN,none,p0.1|n80,mape_n_excluded,0.0,5,14
iter02b_ffnn,4,bstar_2023,HP_Peak,FFNN,none,p0.1|n120,rmse,13.766539004388694,5,16
iter02b_ffnn,4,bstar_2023,HP_Peak,FFNN,none,p0.1|n120,mae,13.179916121399106,5,16
iter02b_ffnn,4,bstar_2023,HP_Peak,FFNN,none,p0.1|n120,mape,17.07885674946215,5,16
iter02b_ffnn,4,bstar_2023,HP_Peak,FFNN,none,p0.1|n120,r2,-11.232854133717838,5,16
iter02b_ffnn,4,bstar_2023,HP_Peak,FFNN,none,p0.1|n120,n_pred_nan,0.0,5,16
iter02b_ffnn,4,bstar_2023,HP_Peak,FFNN,none,p0.1|n120,mape_n_excluded,0.0,5,16
iter02b_ffnn,4,bstar_2023,HP_Peak,FFNN,none,p0.2|n10,rmse,10.298985987060783,10,14
iter02b_ffnn,4,bstar_2023,HP_Peak,FFNN,none,p0.2|n10,mae,8.328842237384107,10,14
iter02b_ffnn,4,bstar_2023,HP_Peak,FFNN,none,p0.2|n10,mape,65.75922225641048,10,14
iter02b_ffnn,4,bstar_2023,HP_Peak,FFNN,none,p0.2|n10,r2,-18.10924398382898,10,14
iter02b_ffnn,4,bstar_2023,HP_Peak,FFNN,none,p0.2|n10,n_pred_nan,0.0,10,14
iter02b_ffnn,4,bstar_2023,HP_Peak,FFNN,none,p0.2|n10,mape_n_excluded,0.0,10,14
iter02b_ffnn,4,bstar_2023,HP_Peak,FFNN,none,p0.2|n20,rmse,12.68413883971188,5,12
iter02b_ffnn,4,bstar_2023,HP_Peak,FFNN,none,p0.2|n20,mae,10.218741250214205,5,12
iter02b_ffnn,4,bstar_2023,HP_Peak,FFNN,none,p0.2|n20,mape,38.889138839841934,5,12
iter02b_ffnn,4,bstar_2023,HP_Peak,FFNN,none,p0.2|n20,r2,-12.600920781571617,5,12
iter02b_ffnn,4,bstar_2023,HP_Peak,FFNN,none,p0.2|n20,n_pred_nan,0.0,5,12
iter02b_ffnn,4,bstar_2023,HP_Peak,FFNN,none,p0.2|n20,mape_n_excluded,0.0,5,12
iter02b_ffnn,4,bstar_2023,HP_Peak,FFNN,none,p0.2|n40,rmse,13.28775307839604,5,16
iter02b_ffnn,4,bstar_2023,HP_Peak,FFNN,none,p0.2|n40,mae,12.042282543320798,5,16
iter02b_ffnn,4,bstar_2023,HP_Peak,FFNN,none,p0.2|n40,mape,22.50473745762054,5,16
iter02b_ffnn,4,bstar_2023,HP_Peak,FFNN,none,p0.2|n40,r2,-3.409498908657886,5,16
iter02b_ffnn,4,bstar_2023,HP_Peak,FFNN,none,p0.2|n40,n_pred_nan,0.0,5,16
iter02b_ffnn,4,bstar_2023,HP_Peak,FFNN,none,p0.2|n40,mape_n_excluded,0.0,5,16
iter02b_ffnn,4,bstar_2023,HP_Peak,FFNN,none,p0.3|n10,rmse,17.62929271140476,10,16
iter02b_ffnn,4,bstar_2023,HP_Peak,FFNN,none,p0.3|n10,mae,12.151780967670083,10,16
iter02b_ffnn,4,bstar_2023,HP_Peak,FFNN,none,p0.3|n10,mape,57.38502469279283,10,16
iter02b_ffnn,4,bstar_2023,HP_Peak,FFNN,none,p0.3|n10,r2,-25.839668626476957,10,16
iter02b_ffnn,4,bstar_2023,HP_Peak,FFNN,none,p0.3|n10,n_pred_nan,0.0,10,16
iter02b_ffnn,4,bstar_2023,HP_Peak,FFNN,none,p0.3|n10,mape_n_excluded,0.0,10,16
iter02b_ffnn,4,bstar_2023,HP_Peak,FFNN,none,p0.3|n20,rmse,11.513130773590078,5,15
iter02b_ffnn,4,bstar_2023,HP_Peak,FFNN,none,p0.3|n20,mae,10.392572476373129,5,15
iter02b_ffnn,4,bstar_2023,HP_Peak,FFNN,none,p0.3|n20,mape,25.36727569555628,5,15
iter02b_ffnn,4,bstar_2023,HP_Peak,FFNN,none,p0.3|n20,r2,-9.362836051726225,5,15
iter02b_ffnn,4,bstar_2023,HP_Peak,FFNN,none,p0.3|n20,n_pred_nan,0.0,5,15
iter02b_ffnn,4,bstar_2023,HP_Peak,FFNN,none,p0.3|n20,mape_n_excluded,0.0,5,15
iter02b_ffnn,4,bstar_2023,HP_Peak,FFNN,none,p0.3|n40,rmse,12.444064030816516,5,16
iter02b_ffnn,4,bstar_2023,HP_Peak,FFNN,none,p0.3|n40,mae,11.315098717338548,5,16
iter02b_ffnn,4,bstar_2023,HP_Peak,FFNN,none,p0.3|n40,mape,14.380967597718636,5,16
iter02b_ffnn,4,bstar_2023,HP_Peak,FFNN,none,p0.3|n40,r2,-7.60963811118609,5,16
iter02b_ffnn,4,bstar_2023,HP_Peak,FFNN,none,p0.3|n40,n_pred_nan,0.0,5,16
iter02b_ffnn,4,bstar_2023,HP_Peak,FFNN,none,p0.3|n40,mape_n_excluded,0.0,5,16
iter02b_ffnn,4,bstar_2023,HP_Peak,FFNN,none,p0.5|n10,rmse,36.53296365801636,5,12
iter02b_ffnn,4,bstar_2023,HP_Peak,FFNN,none,p0.5|n10,mae,33.961189945442165,5,12
iter02b_ffnn,4,bstar_2023,HP_Peak,FFNN,none,p0.5|n10,mape,97.99580405283037,5,12
iter02b_ffnn,4,bstar_2023,HP_Peak,FFNN,none,p0.5|n10,r2,-359.7373686130392,5,12
iter02b_ffnn,4,bstar_2023,HP_Peak,FFNN,none,p0.5|n10,n_pred_nan,0.0,5,12
iter02b_ffnn,4,bstar_2023,HP_Peak,FFNN,none,p0.5|n10,mape_n_excluded,0.0,5,12
iter02b_ffnn,4,bstar_2023,HP_Peak,FFNN,none,p0.5|n20,rmse,37.97338697061675,5,16
iter02b_ffnn,4,bstar_2023,HP_Peak,FFNN,none,p0.5|n20,mae,32.5093520130544,5,16
iter02b_ffnn,4,bstar_2023,HP_Peak,FFNN,none,p0.5|n20,mape,50.8267981001419,5,16
iter02b_ffnn,4,bstar_2023,HP_Peak,FFNN,none,p0.5|n20,r2,-71.75787312989024,5,16
iter02b_ffnn,4,bstar_2023,HP_Peak,FFNN,none,p0.5|n20,n_pred_nan,0.0,5,16
iter02b_ffnn,4,bstar_2023,HP_Peak,FFNN,none,p0.5|n20,mape_n_excluded,0.0,5,16
iter02b_ffnn,4,bstar_2023,HP_Peak,FFNN,none,p1.0|n10,rmse,48.010822622207485,5,16
iter02b_ffnn,4,bstar_2023,HP_Peak,FFNN,none,p1.0|n10,mae,39.21031496062856,5,16
iter02b_ffnn,4,bstar_2023,HP_Peak,FFNN,none,p1.0|n10,mape,58.61158882399867,5,16
iter02b_ffnn,4,bstar_2023,HP_Peak,FFNN,none,p1.0|n10,r2,-73.00836531051432,5,16
iter02b_ffnn,4,bstar_2023,HP_Peak,FFNN,none,p1.0|n10,n_pred_nan,0.0,5,16
iter02b_ffnn,4,bstar_2023,HP_Peak,FFNN,none,p1.0|n10,mape_n_excluded,0.0,5,16
iter02b_ffnn,4,bstar_2023,HP_Peak,FFNN,size_peak,all,rmse,13.735717450848211,130,20
iter02b_ffnn,4,bstar_2023,HP_Peak,FFNN,size_peak,all,mae,10.75121849824018,130,20
iter02b_ffnn,4,bstar_2023,HP_Peak,FFNN,size_peak,all,mape,64.09234639832995,130,20
iter02b_ffnn,4,bstar_2023,HP_Peak,FFNN,size_peak,all,r2,0.6656105428796211,130,20
iter02b_ffnn,4,bstar_2023,HP_Peak,FFNN,size_peak,all,n_pred_nan,0.0,130,20
iter02b_ffnn,4,bstar_2023,HP_Peak,FFNN,size_peak,all,mape_n_excluded,0.0,130,20
iter02b_ffnn,4,bstar_2023,HP_Peak,FFNN,size_peak,p0.05|n10,rmse,7.944864148462849,10,8
iter02b_ffnn,4,bstar_2023,HP_Peak,FFNN,size_peak,p0.05|n10,mae,6.911125950767611,10,8
iter02b_ffnn,4,bstar_2023,HP_Peak,FFNN,size_peak,p0.05|n10,mape,145.71750254526663,10,8
iter02b_ffnn,4,bstar_2023,HP_Peak,FFNN,size_peak,p0.05|n10,r2,-6.741659358294292,10,8
iter02b_ffnn,4,bstar_2023,HP_Peak,FFNN,size_peak,p0.05|n10,n_pred_nan,0.0,10,8
iter02b_ffnn,4,bstar_2023,HP_Peak,FFNN,size_peak,p0.05|n10,mape_n_excluded,0.0,10,8
iter02b_ffnn,4,bstar_2023,HP_Peak,FFNN,size_peak,p0.05|n20,rmse,6.006030152541381,10,8
iter02b_ffnn,4,bstar_2023,HP_Peak,FFNN,size_peak,p0.05|n20,mae,4.955835126567217,10,8
iter02b_ffnn,4,bstar_2023,HP_Peak,FFNN,size_peak,p0.05|n20,mape,95.33223203262008,10,8
iter02b_ffnn,4,bstar_2023,HP_Peak,FFNN,size_peak,p0.05|n20,r2,-6.68845590936128,10,8
iter02b_ffnn,4,bstar_2023,HP_Peak,FFNN,size_peak,p0.05|n20,n_pred_nan,0.0,10,8
iter02b_ffnn,4,bstar_2023,HP_Peak,FFNN,size_peak,p0.05|n20,mape_n_excluded,0.0,10,8
iter02b_ffnn,4,bstar_2023,HP_Peak,FFNN,size_peak,p0.05|n40,rmse,8.529535890387914,10,13
iter02b_ffnn,4,bstar_2023,HP_Peak,FFNN,size_peak,p0.05|n40,mae,7.404564164475049,10,13
iter02b_ffnn,4,bstar_2023,HP_Peak,FFNN,size_peak,p0.05|n40,mape,65.27963897925824,10,13
iter02b_ffnn,4,bstar_2023,HP_Peak,FFNN,size_peak,p0.05|n40,r2,-5.051017428837064,10,13
iter02b_ffnn,4,bstar_2023,HP_Peak,FFNN,size_peak,p0.05|n40,n_pred_nan,0.0,10,13
iter02b_ffnn,4,bstar_2023,HP_Peak,FFNN,size_peak,p0.05|n40,mape_n_excluded,0.0,10,13
iter02b_ffnn,4,bstar_2023,HP_Peak,FFNN,size_peak,p0.05|n80,rmse,17.163786301850372,5,12
iter02b_ffnn,4,bstar_2023,HP_Peak,FFNN,size_peak,p0.05|n80,mae,16.173557213595107,5,12
iter02b_ffnn,4,bstar_2023,HP_Peak,FFNN,size_peak,p0.05|n80,mape,57.83329579016681,5,12
iter02b_ffnn,4,bstar_2023,HP_Peak,FFNN,size_peak,p0.05|n80,r2,-69.07063496082154,5,12
iter02b_ffnn,4,bstar_2023,HP_Peak,FFNN,size_peak,p0.05|n80,n_pred_nan,0.0,5,12
iter02b_ffnn,4,bstar_2023,HP_Peak,FFNN,size_peak,p0.05|n80,mape_n_excluded,0.0,5,12
iter02b_ffnn,4,bstar_2023,HP_Peak,FFNN,size_peak,p0.05|n120,rmse,10.029579810632091,5,14
iter02b_ffnn,4,bstar_2023,HP_Peak,FFNN,size_peak,p0.05|n120,mae,7.617289874361921,5,14
iter02b_ffnn,4,bstar_2023,HP_Peak,FFNN,size_peak,p0.05|n120,mape,20.155859633766354,5,14
iter02b_ffnn,4,bstar_2023,HP_Peak,FFNN,size_peak,p0.05|n120,r2,-2.5820860662947425,5,14
iter02b_ffnn,4,bstar_2023,HP_Peak,FFNN,size_peak,p0.05|n120,n_pred_nan,0.0,5,14
iter02b_ffnn,4,bstar_2023,HP_Peak,FFNN,size_peak,p0.05|n120,mape_n_excluded,0.0,5,14
iter02b_ffnn,4,bstar_2023,HP_Peak,FFNN,size_peak,p0.1|n10,rmse,16.329235669348858,10,9
iter02b_ffnn,4,bstar_2023,HP_Peak,FFNN,size_peak,p0.1|n10,mae,8.34271030638551,10,9
iter02b_ffnn,4,bstar_2023,HP_Peak,FFNN,size_peak,p0.1|n10,mape,113.35033991467836,10,9
iter02b_ffnn,4,bstar_2023,HP_Peak,FFNN,size_peak,p0.1|n10,r2,-41.34362233438421,10,9
iter02b_ffnn,4,bstar_2023,HP_Peak,FFNN,size_peak,p0.1|n10,n_pred_nan,0.0,10,9
iter02b_ffnn,4,bstar_2023,HP_Peak,FFNN,size_peak,p0.1|n10,mape_n_excluded,0.0,10,9
iter02b_ffnn,4,bstar_2023,HP_Peak,FFNN,size_peak,p0.1|n20,rmse,8.112174189124758,10,12
iter02b_ffnn,4,bstar_2023,HP_Peak,FFNN,size_peak,p0.1|n20,mae,6.989034819362374,10,12
iter02b_ffnn,4,bstar_2023,HP_Peak,FFNN,size_peak,p0.1|n20,mape,63.1339612286334,10,12
iter02b_ffnn,4,bstar_2023,HP_Peak,FFNN,size_peak,p0.1|n20,r2,-4.16348500624746,10,12
iter02b_ffnn,4,bstar_2023,HP_Peak,FFNN,size_peak,p0.1|n20,n_pred_nan,0.0,10,12
iter02b_ffnn,4,bstar_2023,HP_Peak,FFNN,size_peak,p0.1|n20,mape_n_excluded,0.0,10,12
iter02b_ffnn,4,bstar_2023,HP_Peak,FFNN,size_peak,p0.1|n40,rmse,11.403300529663138,5,11
iter02b_ffnn,4,bstar_2023,HP_Peak,FFNN,size_peak,p0.1|n40,mae,10.311441912414429,5,11
iter02b_ffnn,4,bstar_2023,HP_Peak,FFNN,size_peak,p0.1|n40,mape,45.76192102924075,5,11
iter02b_ffnn,4,bstar_2023,HP_Peak,FFNN,size_peak,p0.1|n40,r2,-38.39009212495738,5,11
iter02b_ffnn,4,bstar_2023,HP_Peak,FFNN,size_peak,p0.1|n40,n_pred_nan,0.0,5,11
iter02b_ffnn,4,bstar_2023,HP_Peak,FFNN,size_peak,p0.1|n40,mape_n_excluded,0.0,5,11
iter02b_ffnn,4,bstar_2023,HP_Peak,FFNN,size_peak,p0.1|n80,rmse,17.693741952911406,5,14
iter02b_ffnn,4,bstar_2023,HP_Peak,FFNN,size_peak,p0.1|n80,mae,14.5864119574948,5,14
iter02b_ffnn,4,bstar_2023,HP_Peak,FFNN,size_peak,p0.1|n80,mape,29.962376249433724,5,14
iter02b_ffnn,4,bstar_2023,HP_Peak,FFNN,size_peak,p0.1|n80,r2,-5.454723515636514,5,14
iter02b_ffnn,4,bstar_2023,HP_Peak,FFNN,size_peak,p0.1|n80,n_pred_nan,0.0,5,14
iter02b_ffnn,4,bstar_2023,HP_Peak,FFNN,size_peak,p0.1|n80,mape_n_excluded,0.0,5,14
iter02b_ffnn,4,bstar_2023,HP_Peak,FFNN,size_peak,p0.1|n120,rmse,15.07170929751611,5,16
iter02b_ffnn,4,bstar_2023,HP_Peak,FFNN,size_peak,p0.1|n120,mae,11.408872506498122,5,16
iter02b_ffnn,4,bstar_2023,HP_Peak,FFNN,size_peak,p0.1|n120,mape,15.17340974233013,5,16
iter02b_ffnn,4,bstar_2023,HP_Peak,FFNN,size_peak,p0.1|n120,r2,-13.66233965480724,5,16
iter02b_ffnn,4,bstar_2023,HP_Peak,FFNN,size_peak,p0.1|n120,n_pred_nan,0.0,5,16
iter02b_ffnn,4,bstar_2023,HP_Peak,FFNN,size_peak,p0.1|n120,mape_n_excluded,0.0,5,16
iter02b_ffnn,4,bstar_2023,HP_Peak,FFNN,size_peak,p0.2|n10,rmse,13.142203031221214,10,14
iter02b_ffnn,4,bstar_2023,HP_Peak,FFNN,size_peak,p0.2|n10,mae,11.970920825413272,10,14
iter02b_ffnn,4,bstar_2023,HP_Peak,FFNN,size_peak,p0.2|n10,mape,98.25077497386027,10,14
iter02b_ffnn,4,bstar_2023,HP_Peak,FFNN,size_peak,p0.2|n10,r2,-30.11651247105784,10,14
iter02b_ffnn,4,bstar_2023,HP_Peak,FFNN,size_peak,p0.2|n10,n_pred_nan,0.0,10,14
iter02b_ffnn,4,bstar_2023,HP_Peak,FFNN,size_peak,p0.2|n10,mape_n_excluded,0.0,10,14
iter02b_ffnn,4,bstar_2023,HP_Peak,FFNN,size_peak,p0.2|n20,rmse,8.695506700279303,5,12
iter02b_ffnn,4,bstar_2023,HP_Peak,FFNN,size_peak,p0.2|n20,mae,7.678301442238274,5,12
iter02b_ffnn,4,bstar_2023,HP_Peak,FFNN,size_peak,p0.2|n20,mape,26.639382398305617,5,12
iter02b_ffnn,4,bstar_2023,HP_Peak,FFNN,size_peak,p0.2|n20,r2,-5.391990560308409,5,12
iter02b_ffnn,4,bstar_2023,HP_Peak,FFNN,size_peak,p0.2|n20,n_pred_nan,0.0,5,12
iter02b_ffnn,4,bstar_2023,HP_Peak,FFNN,size_peak,p0.2|n20,mape_n_excluded,0.0,5,12
iter02b_ffnn,4,bstar_2023,HP_Peak,FFNN,size_peak,p0.2|n40,rmse,13.25172705616436,5,16
iter02b_ffnn,4,bstar_2023,HP_Peak,FFNN,size_peak,p0.2|n40,mae,11.994393890593107,5,16
iter02b_ffnn,4,bstar_2023,HP_Peak,FFNN,size_peak,p0.2|n40,mape,23.041906273912684,5,16
iter02b_ffnn,4,bstar_2023,HP_Peak,FFNN,size_peak,p0.2|n40,r2,-3.385621078141755,5,16
iter02b_ffnn,4,bstar_2023,HP_Peak,FFNN,size_peak,p0.2|n40,n_pred_nan,0.0,5,16
iter02b_ffnn,4,bstar_2023,HP_Peak,FFNN,size_peak,p0.2|n40,mape_n_excluded,0.0,5,16
iter02b_ffnn,4,bstar_2023,HP_Peak,FFNN,size_peak,p0.3|n10,rmse,17.422430626053107,10,16
iter02b_ffnn,4,bstar_2023,HP_Peak,FFNN,size_peak,p0.3|n10,mae,15.104325303514504,10,16
iter02b_ffnn,4,bstar_2023,HP_Peak,FFNN,size_peak,p0.3|n10,mape,78.5364376158258,10,16
iter02b_ffnn,4,bstar_2023,HP_Peak,FFNN,size_peak,p0.3|n10,r2,-25.213490856351772,10,16
iter02b_ffnn,4,bstar_2023,HP_Peak,FFNN,size_peak,p0.3|n10,n_pred_nan,0.0,10,16
iter02b_ffnn,4,bstar_2023,HP_Peak,FFNN,size_peak,p0.3|n10,mape_n_excluded,0.0,10,16
iter02b_ffnn,4,bstar_2023,HP_Peak,FFNN,size_peak,p0.3|n20,rmse,17.184775719592928,5,15
iter02b_ffnn,4,bstar_2023,HP_Peak,FFNN,size_peak,p0.3|n20,mae,14.407012339462977,5,15
iter02b_ffnn,4,bstar_2023,HP_Peak,FFNN,size_peak,p0.3|n20,mape,33.32759259829145,5,15
iter02b_ffnn,4,bstar_2023,HP_Peak,FFNN,size_peak,p0.3|n20,r2,-22.08763718070796,5,15
iter02b_ffnn,4,bstar_2023,HP_Peak,FFNN,size_peak,p0.3|n20,n_pred_nan,0.0,5,15
iter02b_ffnn,4,bstar_2023,HP_Peak,FFNN,size_peak,p0.3|n20,mape_n_excluded,0.0,5,15
iter02b_ffnn,4,bstar_2023,HP_Peak,FFNN,size_peak,p0.3|n40,rmse,22.614309326877365,5,16
iter02b_ffnn,4,bstar_2023,HP_Peak,FFNN,size_peak,p0.3|n40,mae,20.95088200732422,5,16
iter02b_ffnn,4,bstar_2023,HP_Peak,FFNN,size_peak,p0.3|n40,mape,26.023901604179088,5,16
iter02b_ffnn,4,bstar_2023,HP_Peak,FFNN,size_peak,p0.3|n40,r2,-27.433287708644304,5,16
iter02b_ffnn,4,bstar_2023,HP_Peak,FFNN,size_peak,p0.3|n40,n_pred_nan,0.0,5,16
iter02b_ffnn,4,bstar_2023,HP_Peak,FFNN,size_peak,p0.3|n40,mape_n_excluded,0.0,5,16
iter02b_ffnn,4,bstar_2023,HP_Peak,FFNN,size_peak,p0.5|n10,rmse,10.012286820335314,5,12
iter02b_ffnn,4,bstar_2023,HP_Peak,FFNN,size_peak,p0.5|n10,mae,6.603482716264327,5,12
iter02b_ffnn,4,bstar_2023,HP_Peak,FFNN,size_peak,p0.5|n10,mape,18.0338343429356,5,12
iter02b_ffnn,4,bstar_2023,HP_Peak,FFNN,size_peak,p0.5|n10,r2,-26.094920924032724,5,12
iter02b_ffnn,4,bstar_2023,HP_Peak,FFNN,size_peak,p0.5|n10,n_pred_nan,0.0,5,12
iter02b_ffnn,4,bstar_2023,HP_Peak,FFNN,size_peak,p0.5|n10,mape_n_excluded,0.0,5,12
iter02b_ffnn,4,bstar_2023,HP_Peak,FFNN,size_peak,p0.5|n20,rmse,14.545136115416408,5,16
iter02b_ffnn,4,bstar_2023,HP_Peak,FFNN,size_peak,p0.5|n20,mae,12.360127302137844,5,16
iter02b_ffnn,4,bstar_2023,HP_Peak,FFNN,size_peak,p0.5|n20,mape,20.355420724184278,5,16
iter02b_ffnn,4,bstar_2023,HP_Peak,FFNN,size_peak,p0.5|n20,r2,-9.674730140190116,5,16
iter02b_ffnn,4,bstar_2023,HP_Peak,FFNN,size_peak,p0.5|n20,n_pred_nan,0.0,5,16
iter02b_ffnn,4,bstar_2023,HP_Peak,FFNN,size_peak,p0.5|n20,mape_n_excluded,0.0,5,16
iter02b_ffnn,4,bstar_2023,HP_Peak,FFNN,size_peak,p1.0|n10,rmse,22.55897363671335,5,16
iter02b_ffnn,4,bstar_2023,HP_Peak,FFNN,size_peak,p1.0|n10,mae,22.08287479888856,5,16
iter02b_ffnn,4,bstar_2023,HP_Peak,FFNN,size_peak,p1.0|n10,mape,30.89033138954632,5,16
iter02b_ffnn,4,bstar_2023,HP_Peak,FFNN,size_peak,p1.0|n10,r2,-15.339591342995003,5,16
iter02b_ffnn,4,bstar_2023,HP_Peak,FFNN,size_peak,p1.0|n10,n_pred_nan,0.0,5,16
iter02b_ffnn,4,bstar_2023,HP_Peak,FFNN,size_peak,p1.0|n10,mape_n_excluded,0.0,5,16
iter02b_ffnn,4,bstar_2023,HP_Peak,anchor_only_Linear,size,all,rmse,24.05670912267316,130,20
iter02b_ffnn,4,bstar_2023,HP_Peak,anchor_only_Linear,size,all,mae,20.217693592361226,130,20
iter02b_ffnn,4,bstar_2023,HP_Peak,anchor_only_Linear,size,all,mape,168.62614569378337,130,20
iter02b_ffnn,4,bstar_2023,HP_Peak,anchor_only_Linear,size,all,r2,-0.0257046231735813,130,20
iter02b_ffnn,4,bstar_2023,HP_Peak,anchor_only_Linear,size,all,n_pred_nan,0.0,130,20
iter02b_ffnn,4,bstar_2023,HP_Peak,anchor_only_Linear,size,all,mape_n_excluded,0.0,130,20
iter02b_ffnn,4,bstar_2023,HP_Peak,anchor_only_Linear,size,p0.05|n10,rmse,17.60463844592341,10,8
iter02b_ffnn,4,bstar_2023,HP_Peak,anchor_only_Linear,size,p0.05|n10,mae,17.371525324757652,10,8
iter02b_ffnn,4,bstar_2023,HP_Peak,anchor_only_Linear,size,p0.05|n10,mape,409.54465772872265,10,8
iter02b_ffnn,4,bstar_2023,HP_Peak,anchor_only_Linear,size,p0.05|n10,r2,-37.01152795974371,10,8
iter02b_ffnn,4,bstar_2023,HP_Peak,anchor_only_Linear,size,p0.05|n10,n_pred_nan,0.0,10,8
iter02b_ffnn,4,bstar_2023,HP_Peak,anchor_only_Linear,size,p0.05|n10,mape_n_excluded,0.0,10,8
iter02b_ffnn,4,bstar_2023,HP_Peak,anchor_only_Linear,size,p0.05|n20,rmse,23.533821130130946,10,8
iter02b_ffnn,4,bstar_2023,HP_Peak,anchor_only_Linear,size,p0.05|n20,mae,23.43392788044689,10,8
iter02b_ffnn,4,bstar_2023,HP_Peak,anchor_only_Linear,size,p0.05|n20,mape,521.2569238611742,10,8
iter02b_ffnn,4,bstar_2023,HP_Peak,anchor_only_Linear,size,p0.05|n20,r2,-117.04538373929743,10,8
iter02b_ffnn,4,bstar_2023,HP_Peak,anchor_only_Linear,size,p0.05|n20,n_pred_nan,0.0,10,8
iter02b_ffnn,4,bstar_2023,HP_Peak,anchor_only_Linear,size,p0.05|n20,mape_n_excluded,0.0,10,8
iter02b_ffnn,4,bstar_2023,HP_Peak,anchor_only_Linear,size,p0.05|n40,rmse,28.10922729710796,10,13
iter02b_ffnn,4,bstar_2023,HP_Peak,anchor_only_Linear,size,p0.05|n40,mae,27.894540591825383,10,13
iter02b_ffnn,4,bstar_2023,HP_Peak,anchor_only_Linear,size,p0.05|n40,mape,246.99395959390787,10,13
iter02b_ffnn,4,bstar_2023,HP_Peak,anchor_only_Linear,size,p0.05|n40,r2,-64.7166500044436,10,13
iter02b_ffnn,4,bstar_2023,HP_Peak,anchor_only_Linear,size,p0.05|n40,n_pred_nan,0.0,10,13
iter02b_ffnn,4,bstar_2023,HP_Peak,anchor_only_Linear,size,p0.05|n40,mape_n_excluded,0.0,10,13
iter02b_ffnn,4,bstar_2023,HP_Peak,anchor_only_Linear,size,p0.05|n80,rmse,35.290894238343256,5,12
iter02b_ffnn,4,bstar_2023,HP_Peak,anchor_only_Linear,size,p0.05|n80,mae,35.23127801458234,5,12
iter02b_ffnn,4,bstar_2023,HP_Peak,anchor_only_Linear,size,p0.05|n80,mape,124.96858358966986,5,12
iter02b_ffnn,4,bstar_2023,HP_Peak,anchor_only_Linear,size,p0.05|n80,r2,-295.23419029597204,5,12
iter02b_ffnn,4,bstar_2023,HP_Peak,anchor_only_Linear,size,p0.05|n80,n_pred_nan,0.0,5,12
iter02b_ffnn,4,bstar_2023,HP_Peak,anchor_only_Linear,size,p0.05|n80,mape_n_excluded,0.0,5,12
iter02b_ffnn,4,bstar_2023,HP_Peak,anchor_only_Linear,size,p0.05|n120,rmse,51.4712481580437,5,14
iter02b_ffnn,4,bstar_2023,HP_Peak,anchor_only_Linear,size,p0.05|n120,mae,51.1977274373393,5,14
iter02b_ffnn,4,bstar_2023,HP_Peak,anchor_only_Linear,size,p0.05|n120,mape,149.15226417088238,5,14
iter02b_ffnn,4,bstar_2023,HP_Peak,anchor_only_Linear,size,p0.05|n120,r2,-93.3408834423365,5,14
iter02b_ffnn,4,bstar_2023,HP_Peak,anchor_only_Linear,size,p0.05|n120,n_pred_nan,0.0,5,14
iter02b_ffnn,4,bstar_2023,HP_Peak,anchor_only_Linear,size,p0.05|n120,mape_n_excluded,0.0,5,14
iter02b_ffnn,4,bstar_2023,HP_Peak,anchor_only_Linear,size,p0.1|n10,rmse,17.51599618370671,10,9
iter02b_ffnn,4,bstar_2023,HP_Peak,anchor_only_Linear,size,p0.1|n10,mae,17.335310124757648,10,9
iter02b_ffnn,4,bstar_2023,HP_Peak,anchor_only_Linear,size,p0.1|n10,mape,398.78152160368455,10,9
iter02b_ffnn,4,bstar_2023,HP_Peak,anchor_only_Linear,size,p0.1|n10,r2,-47.722097591892016,10,9
iter02b_ffnn,4,bstar_2023,HP_Peak,anchor_only_Linear,size,p0.1|n10,n_pred_nan,0.0,10,9
iter02b_ffnn,4,bstar_2023,HP_Peak,anchor_only_Linear,size,p0.1|n10,mape_n_excluded,0.0,10,9
iter02b_ffnn,4,bstar_2023,HP_Peak,anchor_only_Linear,size,p0.1|n20,rmse,17.16582782336761,10,12
iter02b_ffnn,4,bstar_2023,HP_Peak,anchor_only_Linear,size,p0.1|n20,mae,16.790499880446887,10,12
iter02b_ffnn,4,bstar_2023,HP_Peak,anchor_only_Linear,size,p0.1|n20,mape,162.9762321588613,10,12
iter02b_ffnn,4,bstar_2023,HP_Peak,anchor_only_Linear,size,p0.1|n20,r2,-22.120535547484327,10,12
iter02b_ffnn,4,bstar_2023,HP_Peak,anchor_only_Linear,size,p0.1|n20,n_pred_nan,0.0,10,12
iter02b_ffnn,4,bstar_2023,HP_Peak,anchor_only_Linear,size,p0.1|n20,mape_n_excluded,0.0,10,12
iter02b_ffnn,4,bstar_2023,HP_Peak,anchor_only_Linear,size,p0.1|n40,rmse,18.03536585917594,5,11
iter02b_ffnn,4,bstar_2023,HP_Peak,anchor_only_Linear,size,p0.1|n40,mae,17.943611791825333,5,11
iter02b_ffnn,4,bstar_2023,HP_Peak,anchor_only_Linear,size,p0.1|n40,mape,81.10037140616872,5,11
iter02b_ffnn,4,bstar_2023,HP_Peak,anchor_only_Linear,size,p0.1|n40,r2,-97.53165320716252,5,11
iter02b_ffnn,4,bstar_2023,HP_Peak,anchor_only_Linear,size,p0.1|n40,n_pred_nan,0.0,5,11
iter02b_ffnn,4,bstar_2023,HP_Peak,anchor_only_Linear,size,p0.1|n40,mape_n_excluded,0.0,5,11
iter02b_ffnn,4,bstar_2023,HP_Peak,anchor_only_Linear,size,p0.1|n80,rmse,17.184870348463136,5,14
iter02b_ffnn,4,bstar_2023,HP_Peak,anchor_only_Linear,size,p0.1|n80,mae,15.7104276145823,5,14
iter02b_ffnn,4,bstar_2023,HP_Peak,anchor_only_Linear,size,p0.1|n80,mape,35.710740499994685,5,14
iter02b_ffnn,4,bstar_2023,HP_Peak,anchor_only_Linear,size,p0.1|n80,r2,-5.088787056987158,5,14
iter02b_ffnn,4,bstar_2023,HP_Peak,anchor_only_Linear,size,p0.1|n80,n_pred_nan,0.0,5,14
iter02b_ffnn,4,bstar_2023,HP_Peak,anchor_only_Linear,size,p0.1|n80,mape_n_excluded,0.0,5,14
iter02b_ffnn,4,bstar_2023,HP_Peak,anchor_only_Linear,size,p0.1|n120,rmse,9.532681259507507,5,16
iter02b_ffnn,4,bstar_2023,HP_Peak,anchor_only_Linear,size,p0.1|n120,mae,8.682137037339245,5,16
iter02b_ffnn,4,bstar_2023,HP_Peak,anchor_only_Linear,size,p0.1|n120,mape,11.38857633307164,5,16
iter02b_ffnn,4,bstar_2023,HP_Peak,anchor_only_Linear,size,p0.1|n120,r2,-4.865545416912421,5,16
iter02b_ffnn,4,bstar_2023,HP_Peak,anchor_only_Linear,size,p0.1|n120,n_pred_nan,0.0,5,16
iter02b_ffnn,4,bstar_2023,HP_Peak,anchor_only_Linear,size,p0.1|n120,mape_n_excluded,0.0,5,16
iter02b_ffnn,4,bstar_2023,HP_Peak,anchor_only_Linear,size,p0.2|n10,rmse,10.706040511913548,10,14
iter02b_ffnn,4,bstar_2023,HP_Peak,anchor_only_Linear,size,p0.2|n10,mae,10.44359292475764,10,14
iter02b_ffnn,4,bstar_2023,HP_Peak,anchor_only_Linear,size,p0.2|n10,mape,90.38532891573814,10,14
iter02b_ffnn,4,bstar_2023,HP_Peak,anchor_only_Linear,size,p0.2|n10,r2,-19.64963292306333,10,14
iter02b_ffnn,4,bstar_2023,HP_Peak,anchor_only_Linear,size,p0.2|n10,n_pred_nan,0.0,10,14
iter02b_ffnn,4,bstar_2023,HP_Peak,anchor_only_Linear,size,p0.2|n10,mape_n_excluded,0.0,10,14
iter02b_ffnn,4,bstar_2023,HP_Peak,anchor_only_Linear,size,p0.2|n20,rmse,3.526016811786799,5,12
iter02b_ffnn,4,bstar_2023,HP_Peak,anchor_only_Linear,size,p0.2|n20,mae,3.156051416089369,5,12
iter02b_ffnn,4,bstar_2023,HP_Peak,anchor_only_Linear,size,p0.2|n20,mape,11.854782157292703,5,12
iter02b_ffnn,4,bstar_2023,HP_Peak,anchor_only_Linear,size,p0.2|n20,r2,-0.0510299555811299,5,12
iter02b_ffnn,4,bstar_2023,HP_Peak,anchor_only_Linear,size,p0.2|n20,n_pred_nan,0.0,5,12
iter02b_ffnn,4,bstar_2023,HP_Peak,anchor_only_Linear,size,p0.2|n20,mape_n_excluded,0.0,5,12
iter02b_ffnn,4,bstar_2023,HP_Peak,anchor_only_Linear,size,p0.2|n40,rmse,13.698567839368526,5,16
iter02b_ffnn,4,bstar_2023,HP_Peak,anchor_only_Linear,size,p0.2|n40,mae,12.149441808174696,5,16
iter02b_ffnn,4,bstar_2023,HP_Peak,anchor_only_Linear,size,p0.2|n40,mape,21.891643630285746,5,16
iter02b_ffnn,4,bstar_2023,HP_Peak,anchor_only_Linear,size,p0.2|n40,r2,-3.686368883695949,5,16
iter02b_ffnn,4,bstar_2023,HP_Peak,anchor_only_Linear,size,p0.2|n40,n_pred_nan,0.0,5,16
iter02b_ffnn,4,bstar_2023,HP_Peak,anchor_only_Linear,size,p0.2|n40,mape_n_excluded,0.0,5,16
iter02b_ffnn,4,bstar_2023,HP_Peak,anchor_only_Linear,size,p0.3|n10,rmse,5.290440532026915,10,16
iter02b_ffnn,4,bstar_2023,HP_Peak,anchor_only_Linear,size,p0.3|n10,mae,4.456778714854584,10,16
iter02b_ffnn,4,bstar_2023,HP_Peak,anchor_only_Linear,size,p0.3|n10,mape,27.02545398634021,10,16
iter02b_ffnn,4,bstar_2023,HP_Peak,anchor_only_Linear,size,p0.3|n10,r2,-1.4170801184316892,10,16
iter02b_ffnn,4,bstar_2023,HP_Peak,anchor_only_Linear,size,p0.3|n10,n_pred_nan,0.0,10,16
iter02b_ffnn,4,bstar_2023,HP_Peak,anchor_only_Linear,size,p0.3|n10,mape_n_excluded,0.0,10,16
iter02b_ffnn,4,bstar_2023,HP_Peak,anchor_only_Linear,size,p0.3|n20,rmse,12.871605769062132,5,15
iter02b_ffnn,4,bstar_2023,HP_Peak,anchor_only_Linear,size,p0.3|n20,mae,12.36475331955316,5,15
iter02b_ffnn,4,bstar_2023,HP_Peak,anchor_only_Linear,size,p0.3|n20,mape,29.543047785028,5,15
iter02b_ffnn,4,bstar_2023,HP_Peak,anchor_only_Linear,size,p0.3|n20,r2,-11.952607680202044,5,15
iter02b_ffnn,4,bstar_2023,HP_Peak,anchor_only_Linear,size,p0.3|n20,n_pred_nan,0.0,5,15
iter02b_ffnn,4,bstar_2023,HP_Peak,anchor_only_Linear,size,p0.3|n20,mape_n_excluded,0.0,5,15
iter02b_ffnn,4,bstar_2023,HP_Peak,anchor_only_Linear,size,p0.3|n40,rmse,39.89112924533054,5,16
iter02b_ffnn,4,bstar_2023,HP_Peak,anchor_only_Linear,size,p0.3|n40,mae,39.665047408174736,5,16
iter02b_ffnn,4,bstar_2023,HP_Peak,anchor_only_Linear,size,p0.3|n40,mape,49.40480935074262,5,16
iter02b_ffnn,4,bstar_2023,HP_Peak,anchor_only_Linear,size,p0.3|n40,r2,-87.47347470627554,5,16
iter02b_ffnn,4,bstar_2023,HP_Peak,anchor_only_Linear,size,p0.3|n40,n_pred_nan,0.0,5,16
iter02b_ffnn,4,bstar_2023,HP_Peak,anchor_only_Linear,size,p0.3|n40,mape_n_excluded,0.0,5,16
iter02b_ffnn,4,bstar_2023,HP_Peak,anchor_only_Linear,size,p0.5|n10,rmse,11.999094552844452,5,12
iter02b_ffnn,4,bstar_2023,HP_Peak,anchor_only_Linear,size,p0.5|n10,mae,11.8439210752424,5,12
iter02b_ffnn,4,bstar_2023,HP_Peak,anchor_only_Linear,size,p0.5|n10,mape,33.87169029167416,5,12
iter02b_ffnn,4,bstar_2023,HP_Peak,anchor_only_Linear,size,p0.5|n10,r2,-37.9151110839492,5,12
iter02b_ffnn,4,bstar_2023,HP_Peak,anchor_only_Linear,size,p0.5|n10,n_pred_nan,0.0,5,12
iter02b_ffnn,4,bstar_2023,HP_Peak,anchor_only_Linear,size,p0.5|n10,mape_n_excluded,0.0,5,12
iter02b_ffnn,4,bstar_2023,HP_Peak,anchor_only_Linear,size,p0.5|n20,rmse,34.03923802215171,5,16
iter02b_ffnn,4,bstar_2023,HP_Peak,anchor_only_Linear,size,p0.5|n20,mae,33.746864519553185,5,16
iter02b_ffnn,4,bstar_2023,HP_Peak,anchor_only_Linear,size,p0.5|n20,mape,53.77483057847466,5,16
iter02b_ffnn,4,bstar_2023,HP_Peak,anchor_only_Linear,size,p0.5|n20,r2,-57.46298484480699,5,16
iter02b_ffnn,4,bstar_2023,HP_Peak,anchor_only_Linear,size,p0.5|n20,n_pred_nan,0.0,5,16
iter02b_ffnn,4,bstar_2023,HP_Peak,anchor_only_Linear,size,p0.5|n20,mape_n_excluded,0.0,5,16
iter02b_ffnn,4,bstar_2023,HP_Peak,anchor_only_Linear,size,p1.0|n10,rmse,48.83634681233076,5,16
iter02b_ffnn,4,bstar_2023,HP_Peak,anchor_only_Linear,size,p1.0|n10,mae,48.51642107524246,5,16
iter02b_ffnn,4,bstar_2023,HP_Peak,anchor_only_Linear,size,p1.0|n10,mape,67.69029254822418,5,16
iter02b_ffnn,4,bstar_2023,HP_Peak,anchor_only_Linear,size,p1.0|n10,r2,-75.5753262071327,5,16
iter02b_ffnn,4,bstar_2023,HP_Peak,anchor_only_Linear,size,p1.0|n10,n_pred_nan,0.0,5,16
iter02b_ffnn,4,bstar_2023,HP_Peak,anchor_only_Linear,size,p1.0|n10,mape_n_excluded,0.0,5,16
iter02b_ffnn,4,bstar_2023,HP_Peak,anchor_only_Linear,peak,all,rmse,16.541241557893816,130,20
iter02b_ffnn,4,bstar_2023,HP_Peak,anchor_only_Linear,peak,all,mae,12.518303796117433,130,20
iter02b_ffnn,4,bstar_2023,HP_Peak,anchor_only_Linear,peak,all,mape,59.85516336767488,130,20
iter02b_ffnn,4,bstar_2023,HP_Peak,anchor_only_Linear,peak,all,r2,0.5150621455276794,130,20
iter02b_ffnn,4,bstar_2023,HP_Peak,anchor_only_Linear,peak,all,n_pred_nan,0.0,130,20
iter02b_ffnn,4,bstar_2023,HP_Peak,anchor_only_Linear,peak,all,mape_n_excluded,0.0,130,20
iter02b_ffnn,4,bstar_2023,HP_Peak,anchor_only_Linear,peak,p0.05|n10,rmse,4.063190754954135,10,8
iter02b_ffnn,4,bstar_2023,HP_Peak,anchor_only_Linear,peak,p0.05|n10,mae,3.6009842518504103,10,8
iter02b_ffnn,4,bstar_2023,HP_Peak,anchor_only_Linear,peak,p0.05|n10,mape,71.8155326984598,10,8
iter02b_ffnn,4,bstar_2023,HP_Peak,anchor_only_Linear,peak,p0.05|n10,r2,-1.0248624669420696,10,8
iter02b_ffnn,4,bstar_2023,HP_Peak,anchor_only_Linear,peak,p0.05|n10,n_pred_nan,0.0,10,8
iter02b_ffnn,4,bstar_2023,HP_Peak,anchor_only_Linear,peak,p0.05|n10,mape_n_excluded,0.0,10,8
iter02b_ffnn,4,bstar_2023,HP_Peak,anchor_only_Linear,peak,p0.05|n20,rmse,6.2751892785480585,10,8
iter02b_ffnn,4,bstar_2023,HP_Peak,anchor_only_Linear,peak,p0.05|n20,mae,5.181544054721323,10,8
iter02b_ffnn,4,bstar_2023,HP_Peak,anchor_only_Linear,peak,p0.05|n20,mape,108.36921592533524,10,8
iter02b_ffnn,4,bstar_2023,HP_Peak,anchor_only_Linear,peak,p0.05|n20,r2,-7.393010602727038,10,8
iter02b_ffnn,4,bstar_2023,HP_Peak,anchor_only_Linear,peak,p0.05|n20,n_pred_nan,0.0,10,8
iter02b_ffnn,4,bstar_2023,HP_Peak,anchor_only_Linear,peak,p0.05|n20,mape_n_excluded,0.0,10,8
iter02b_ffnn,4,bstar_2023,HP_Peak,anchor_only_Linear,peak,p0.05|n40,rmse,15.478940963935466,10,13
iter02b_ffnn,4,bstar_2023,HP_Peak,anchor_only_Linear,peak,p0.05|n40,mae,14.56768497931608,10,13
iter02b_ffnn,4,bstar_2023,HP_Peak,anchor_only_Linear,peak,p0.05|n40,mape,121.02285182561904,10,13
iter02b_ffnn,4,bstar_2023,HP_Peak,anchor_only_Linear,peak,p0.05|n40,r2,-18.927833670206653,10,13
iter02b_ffnn,4,bstar_2023,HP_Peak,anchor_only_Linear,peak,p0.05|n40,n_pred_nan,0.0,10,13
iter02b_ffnn,4,bstar_2023,HP_Peak,anchor_only_Linear,peak,p0.05|n40,mape_n_excluded,0.0,10,13
iter02b_ffnn,4,bstar_2023,HP_Peak,anchor_only_Linear,peak,p0.05|n80,rmse,28.39630125746733,5,12
iter02b_ffnn,4,bstar_2023,HP_Peak,anchor_only_Linear,peak,p0.05|n80,mae,27.42154896380757,5,12
iter02b_ffnn,4,bstar_2023,HP_Peak,anchor_only_Linear,peak,p0.05|n80,mape,98.19193397312166,5,12
iter02b_ffnn,4,bstar_2023,HP_Peak,anchor_only_Linear,peak,p0.05|n80,r2,-190.7932884370662,5,12
iter02b_ffnn,4,bstar_2023,HP_Peak,anchor_only_Linear,peak,p0.05|n80,n_pred_nan,0.0,5,12
iter02b_ffnn,4,bstar_2023,HP_Peak,anchor_only_Linear,peak,p0.05|n80,mape_n_excluded,0.0,5,12
iter02b_ffnn,4,bstar_2023,HP_Peak,anchor_only_Linear,peak,p0.05|n120,rmse,47.17632399549454,5,14
iter02b_ffnn,4,bstar_2023,HP_Peak,anchor_only_Linear,peak,p0.05|n120,mae,46.73862602414344,5,14
iter02b_ffnn,4,bstar_2023,HP_Peak,anchor_only_Linear,peak,p0.05|n120,mape,136.60864843901794,5,14
iter02b_ffnn,4,bstar_2023,HP_Peak,anchor_only_Linear,peak,p0.05|n120,r2,-78.25355169300656,5,14
iter02b_ffnn,4,bstar_2023,HP_Peak,anchor_only_Linear,peak,p0.05|n120,n_pred_nan,0.0,5,14
iter02b_ffnn,4,bstar_2023,HP_Peak,anchor_only_Linear,peak,p0.05|n120,mape_n_excluded,0.0,5,14
iter02b_ffnn,4,bstar_2023,HP_Peak,anchor_only_Linear,peak,p0.1|n10,rmse,3.252765757532706,10,9
iter02b_ffnn,4,bstar_2023,HP_Peak,anchor_only_Linear,peak,p0.1|n10,mae,2.865474442323502,10,9
iter02b_ffnn,4,bstar_2023,HP_Peak,anchor_only_Linear,peak,p0.1|n10,mape,58.32898098162112,10,9
iter02b_ffnn,4,bstar_2023,HP_Peak,anchor_only_Linear,peak,p0.1|n10,r2,-0.6802034510379313,10,9
iter02b_ffnn,4,bstar_2023,HP_Peak,anchor_only_Linear,peak,p0.1|n10,n_pred_nan,0.0,10,9
iter02b_ffnn,4,bstar_2023,HP_Peak,anchor_only_Linear,peak,p0.1|n10,mape_n_excluded,0.0,10,9
iter02b_ffnn,4,bstar_2023,HP_Peak,anchor_only_Linear,peak,p0.1|n20,rmse,3.637161778007676,10,12
iter02b_ffnn,4,bstar_2023,HP_Peak,anchor_only_Linear,peak,p0.1|n20,mae,2.6159079398743685,10,12
iter02b_ffnn,4,bstar_2023,HP_Peak,anchor_only_Linear,peak,p0.1|n20,mape,24.91900199345573,10,12
iter02b_ffnn,4,bstar_2023,HP_Peak,anchor_only_Linear,peak,p0.1|n20,r2,-0.037991082246898,10,12
iter02b_ffnn,4,bstar_2023,HP_Peak,anchor_only_Linear,peak,p0.1|n20,n_pred_nan,0.0,10,12
iter02b_ffnn,4,bstar_2023,HP_Peak,anchor_only_Linear,peak,p0.1|n20,mape_n_excluded,0.0,10,12
iter02b_ffnn,4,bstar_2023,HP_Peak,anchor_only_Linear,peak,p0.1|n40,rmse,13.349482362442387,5,11
iter02b_ffnn,4,bstar_2023,HP_Peak,anchor_only_Linear,peak,p0.1|n40,mae,11.36333394968414,5,11
iter02b_ffnn,4,bstar_2023,HP_Peak,anchor_only_Linear,peak,p0.1|n40,mape,53.04383054122093,5,11
iter02b_ffnn,4,bstar_2023,HP_Peak,anchor_only_Linear,peak,p0.1|n40,r2,-52.982713123764704,5,11
iter02b_ffnn,4,bstar_2023,HP_Peak,anchor_only_Linear,peak,p0.1|n40,n_pred_nan,0.0,5,11
iter02b_ffnn,4,bstar_2023,HP_Peak,anchor_only_Linear,peak,p0.1|n40,mape_n_excluded,0.0,5,11
iter02b_ffnn,4,bstar_2023,HP_Peak,anchor_only_Linear,peak,p0.1|n80,rmse,20.66575367335728,5,14
iter02b_ffnn,4,bstar_2023,HP_Peak,anchor_only_Linear,peak,p0.1|n80,mae,19.98854312152581,5,14
iter02b_ffnn,4,bstar_2023,HP_Peak,anchor_only_Linear,peak,p0.1|n80,mape,42.987711447993455,5,14
iter02b_ffnn,4,bstar_2023,HP_Peak,anchor_only_Linear,peak,p0.1|n80,r2,-7.805231180913642,5,14
iter02b_ffnn,4,bstar_2023,HP_Peak,anchor_only_Linear,peak,p0.1|n80,n_pred_nan,0.0,5,14
iter02b_ffnn,4,bstar_2023,HP_Peak,anchor_only_Linear,peak,p0.1|n80,mape_n_excluded,0.0,5,14
iter02b_ffnn,4,bstar_2023,HP_Peak,anchor_only_Linear,peak,p0.1|n120,rmse,25.915155082715664,5,16
iter02b_ffnn,4,bstar_2023,HP_Peak,anchor_only_Linear,peak,p0.1|n120,mae,25.356775403565106,5,16
iter02b_ffnn,4,bstar_2023,HP_Peak,anchor_only_Linear,peak,p0.1|n120,mape,32.5273330976345,5,16
iter02b_ffnn,4,bstar_2023,HP_Peak,anchor_only_Linear,peak,p0.1|n120,r2,-42.34967863243831,5,16
iter02b_ffnn,4,bstar_2023,HP_Peak,anchor_only_Linear,peak,p0.1|n120,n_pred_nan,0.0,5,16
iter02b_ffnn,4,bstar_2023,HP_Peak,anchor_only_Linear,peak,p0.1|n120,mape_n_excluded,0.0,5,16
iter02b_ffnn,4,bstar_2023,HP_Peak,anchor_only_Linear,peak,p0.2|n10,rmse,7.677899997963186,10,14
iter02b_ffnn,4,bstar_2023,HP_Peak,anchor_only_Linear,peak,p0.2|n10,mae,7.414206962666233,10,14
iter02b_ffnn,4,bstar_2023,HP_Peak,anchor_only_Linear,peak,p0.2|n10,mape,60.02850697989706,10,14
iter02b_ffnn,4,bstar_2023,HP_Peak,anchor_only_Linear,peak,p0.2|n10,r2,-9.62036575182062,10,14
iter02b_ffnn,4,bstar_2023,HP_Peak,anchor_only_Linear,peak,p0.2|n10,n_pred_nan,0.0,10,14
iter02b_ffnn,4,bstar_2023,HP_Peak,anchor_only_Linear,peak,p0.2|n10,mape_n_excluded,0.0,10,14
iter02b_ffnn,4,bstar_2023,HP_Peak,anchor_only_Linear,peak,p0.2|n20,rmse,9.944400351392996,5,12
iter02b_ffnn,4,bstar_2023,HP_Peak,anchor_only_Linear,peak,p0.2|n20,mae,8.68975984679913,5,12
iter02b_ffnn,4,bstar_2023,HP_Peak,anchor_only_Linear,peak,p0.2|n20,mape,29.4468546836059,5,12
iter02b_ffnn,4,bstar_2023,HP_Peak,anchor_only_Linear,peak,p0.2|n20,r2,-7.359947253077296,5,12
iter02b_ffnn,4,bstar_2023,HP_Peak,anchor_only_Linear,peak,p0.2|n20,n_pred_nan,0.0,5,12
iter02b_ffnn,4,bstar_2023,HP_Peak,anchor_only_Linear,peak,p0.2|n20,mape_n_excluded,0.0,5,12
iter02b_ffnn,4,bstar_2023,HP_Peak,anchor_only_Linear,peak,p0.2|n40,rmse,7.895554516696378,5,16
iter02b_ffnn,4,bstar_2023,HP_Peak,anchor_only_Linear,peak,p0.2|n40,mae,7.350516140820858,5,16
iter02b_ffnn,4,bstar_2023,HP_Peak,anchor_only_Linear,peak,p0.2|n40,mape,14.169680619328137,5,16
iter02b_ffnn,4,bstar_2023,HP_Peak,anchor_only_Linear,peak,p0.2|n40,r2,-0.5568666450532334,5,16
iter02b_ffnn,4,bstar_2023,HP_Peak,anchor_only_Linear,peak,p0.2|n40,n_pred_nan,0.0,5,16
iter02b_ffnn,4,bstar_2023,HP_Peak,anchor_only_Linear,peak,p0.2|n40,mape_n_excluded,0.0,5,16
iter02b_ffnn,4,bstar_2023,HP_Peak,anchor_only_Linear,peak,p0.3|n10,rmse,9.934209611906777,10,16
iter02b_ffnn,4,bstar_2023,HP_Peak,anchor_only_Linear,peak,p0.3|n10,mae,9.528220798333942,10,16
iter02b_ffnn,4,bstar_2023,HP_Peak,anchor_only_Linear,peak,p0.3|n10,mape,51.21145912526632,10,16
iter02b_ffnn,4,bstar_2023,HP_Peak,anchor_only_Linear,peak,p0.3|n10,r2,-7.522637386362495,10,16
iter02b_ffnn,4,bstar_2023,HP_Peak,anchor_only_Linear,peak,p0.3|n10,n_pred_nan,0.0,10,16
iter02b_ffnn,4,bstar_2023,HP_Peak,anchor_only_Linear,peak,p0.3|n10,mape_n_excluded,0.0,10,16
iter02b_ffnn,4,bstar_2023,HP_Peak,anchor_only_Linear,peak,p0.3|n20,rmse,14.819744651291153,5,15
iter02b_ffnn,4,bstar_2023,HP_Peak,anchor_only_Linear,peak,p0.3|n20,mae,14.135081727574391,5,15
iter02b_ffnn,4,bstar_2023,HP_Peak,anchor_only_Linear,peak,p0.3|n20,mape,33.9927278564636,5,15
iter02b_ffnn,4,bstar_2023,HP_Peak,anchor_only_Linear,peak,p0.3|n20,r2,-16.170114579977888,5,15
iter02b_ffnn,4,bstar_2023,HP_Peak,anchor_only_Linear,peak,p0.3|n20,n_pred_nan,0.0,5,15
iter02b_ffnn,4,bstar_2023,HP_Peak,anchor_only_Linear,peak,p0.3|n20,mape_n_excluded,0.0,5,15
iter02b_ffnn,4,bstar_2023,HP_Peak,anchor_only_Linear,peak,p0.3|n40,rmse,16.252295604928445,5,16
iter02b_ffnn,4,bstar_2023,HP_Peak,anchor_only_Linear,peak,p0.3|n40,mae,15.727293972372342,5,16
iter02b_ffnn,4,bstar_2023,HP_Peak,anchor_only_Linear,peak,p0.3|n40,mape,19.800038355730653,5,16
iter02b_ffnn,4,bstar_2023,HP_Peak,anchor_only_Linear,peak,p0.3|n40,r2,-13.685537571794072,5,16
iter02b_ffnn,4,bstar_2023,HP_Peak,anchor_only_Linear,peak,p0.3|n40,n_pred_nan,0.0,5,16
iter02b_ffnn,4,bstar_2023,HP_Peak,anchor_only_Linear,peak,p0.3|n40,mape_n_excluded,0.0,5,16
iter02b_ffnn,4,bstar_2023,HP_Peak,anchor_only_Linear,peak,p0.5|n10,rmse,14.513989094184044,5,12
iter02b_ffnn,4,bstar_2023,HP_Peak,anchor_only_Linear,peak,p0.5|n10,mae,14.153942973893416,5,12
iter02b_ffnn,4,bstar_2023,HP_Peak,anchor_only_Linear,peak,p0.5|n10,mape,40.77837207380169,5,12
iter02b_ffnn,4,bstar_2023,HP_Peak,anchor_only_Linear,peak,p0.5|n10,r2,-55.937042953337325,5,12
iter02b_ffnn,4,bstar_2023,HP_Peak,anchor_only_Linear,peak,p0.5|n10,n_pred_nan,0.0,5,12
iter02b_ffnn,4,bstar_2023,HP_Peak,anchor_only_Linear,peak,p0.5|n10,mape_n_excluded,0.0,5,12
iter02b_ffnn,4,bstar_2023,HP_Peak,anchor_only_Linear,peak,p0.5|n20,rmse,17.660842972668668,5,16
iter02b_ffnn,4,bstar_2023,HP_Peak,anchor_only_Linear,peak,p0.5|n20,mae,17.084950250936593,5,16
iter02b_ffnn,4,bstar_2023,HP_Peak,anchor_only_Linear,peak,p0.5|n20,mape,27.08493138657277,5,16
iter02b_ffnn,4,bstar_2023,HP_Peak,anchor_only_Linear,peak,p0.5|n20,r2,-14.7378058537686,5,16
iter02b_ffnn,4,bstar_2023,HP_Peak,anchor_only_Linear,peak,p0.5|n20,n_pred_nan,0.0,5,16
iter02b_ffnn,4,bstar_2023,HP_Peak,anchor_only_Linear,peak,p0.5|n20,mape_n_excluded,0.0,5,16
iter02b_ffnn,4,bstar_2023,HP_Peak,anchor_only_Linear,peak,p1.0|n10,rmse,26.1472015357984,5,16
iter02b_ffnn,4,bstar_2023,HP_Peak,anchor_only_Linear,peak,p1.0|n10,mae,25.917479465758746,5,16
iter02b_ffnn,4,bstar_2023,HP_Peak,anchor_only_Linear,peak,p1.0|n10,mape,36.21108602574697,5,16
iter02b_ffnn,4,bstar_2023,HP_Peak,anchor_only_Linear,peak,p1.0|n10,r2,-20.950931058458465,5,16
iter02b_ffnn,4,bstar_2023,HP_Peak,anchor_only_Linear,peak,p1.0|n10,n_pred_nan,0.0,5,16
iter02b_ffnn,4,bstar_2023,HP_Peak,anchor_only_Linear,peak,p1.0|n10,mape_n_excluded,0.0,5,16
iter02b_ffnn,4,bstar_2023,HP_Peak,anchor_only_Linear,size+peak,all,rmse,7.588663914325602,130,20
iter02b_ffnn,4,bstar_2023,HP_Peak,anchor_only_Linear,size+peak,all,mae,5.997429764439837,130,20
iter02b_ffnn,4,bstar_2023,HP_Peak,anchor_only_Linear,size+peak,all,mape,40.83278993873675,130,20
iter02b_ffnn,4,bstar_2023,HP_Peak,anchor_only_Linear,size+peak,all,r2,0.8979341357094304,130,20
iter02b_ffnn,4,bstar_2023,HP_Peak,anchor_only_Linear,size+peak,all,n_pred_nan,0.0,130,20
iter02b_ffnn,4,bstar_2023,HP_Peak,anchor_only_Linear,size+peak,all,mape_n_excluded,0.0,130,20
iter02b_ffnn,4,bstar_2023,HP_Peak,anchor_only_Linear,size+peak,p0.05|n10,rmse,4.06525893030091,10,8
iter02b_ffnn,4,bstar_2023,HP_Peak,anchor_only_Linear,size+peak,p0.05|n10,mae,3.439015406209516,10,8
iter02b_ffnn,4,bstar_2023,HP_Peak,anchor_only_Linear,size+peak,p0.05|n10,mape,74.52178958323911,10,8
iter02b_ffnn,4,bstar_2023,HP_Peak,anchor_only_Linear,size+peak,p0.05|n10,r2,-1.0269243127577297,10,8
iter02b_ffnn,4,bstar_2023,HP_Peak,anchor_only_Linear,size+peak,p0.05|n10,n_pred_nan,0.0,10,8
iter02b_ffnn,4,bstar_2023,HP_Peak,anchor_only_Linear,size+peak,p0.05|n10,mape_n_excluded,0.0,10,8
iter02b_ffnn,4,bstar_2023,HP_Peak,anchor_only_Linear,size+peak,p0.05|n20,rmse,5.721035284799413,10,8
iter02b_ffnn,4,bstar_2023,HP_Peak,anchor_only_Linear,size+peak,p0.05|n20,mae,4.461830220113949,10,8
iter02b_ffnn,4,bstar_2023,HP_Peak,anchor_only_Linear,size+peak,p0.05|n20,mape,90.00608783636304,10,8
iter02b_ffnn,4,bstar_2023,HP_Peak,anchor_only_Linear,size+peak,p0.05|n20,r2,-5.976110713808274,10,8
iter02b_ffnn,4,bstar_2023,HP_Peak,anchor_only_Linear,size+peak,p0.05|n20,n_pred_nan,0.0,10,8
iter02b_ffnn,4,bstar_2023,HP_Peak,anchor_only_Linear,size+peak,p0.05|n20,mape_n_excluded,0.0,10,8
iter02b_ffnn,4,bstar_2023,HP_Peak,anchor_only_Linear,size+peak,p0.05|n40,rmse,10.867482322319631,10,13
iter02b_ffnn,4,bstar_2023,HP_Peak,anchor_only_Linear,size+peak,p0.05|n40,mae,8.839803238092504,10,13
iter02b_ffnn,4,bstar_2023,HP_Peak,anchor_only_Linear,size+peak,p0.05|n40,mape,67.45052114856992,10,13
iter02b_ffnn,4,bstar_2023,HP_Peak,anchor_only_Linear,size+peak,p0.05|n40,r2,-8.822804188944664,10,13
iter02b_ffnn,4,bstar_2023,HP_Peak,anchor_only_Linear,size+peak,p0.05|n40,n_pred_nan,0.0,10,13
iter02b_ffnn,4,bstar_2023,HP_Peak,anchor_only_Linear,size+peak,p0.05|n40,mape_n_excluded,0.0,10,13
iter02b_ffnn,4,bstar_2023,HP_Peak,anchor_only_Linear,size+peak,p0.05|n80,rmse,11.308812329218911,5,12
iter02b_ffnn,4,bstar_2023,HP_Peak,anchor_only_Linear,size+peak,p0.05|n80,mae,9.051307730469006,5,12
iter02b_ffnn,4,bstar_2023,HP_Peak,anchor_only_Linear,size+peak,p0.05|n80,mape,33.135237103231354,5,12
iter02b_ffnn,4,bstar_2023,HP_Peak,anchor_only_Linear,size+peak,p0.05|n80,r2,-29.418924119094047,5,12
iter02b_ffnn,4,bstar_2023,HP_Peak,anchor_only_Linear,size+peak,p0.05|n80,n_pred_nan,0.0,5,12
iter02b_ffnn,4,bstar_2023,HP_Peak,anchor_only_Linear,size+peak,p0.05|n80,mape_n_excluded,0.0,5,12
iter02b_ffnn,4,bstar_2023,HP_Peak,anchor_only_Linear,size+peak,p0.05|n120,rmse,8.558059231361753,5,14
iter02b_ffnn,4,bstar_2023,HP_Peak,anchor_only_Linear,size+peak,p0.05|n120,mae,7.412309940175528,5,14
iter02b_ffnn,4,bstar_2023,HP_Peak,anchor_only_Linear,size+peak,p0.05|n120,mape,22.738238369060262,5,14
iter02b_ffnn,4,bstar_2023,HP_Peak,anchor_only_Linear,size+peak,p0.05|n120,r2,-1.6080812387099654,5,14
iter02b_ffnn,4,bstar_2023,HP_Peak,anchor_only_Linear,size+peak,p0.05|n120,n_pred_nan,0.0,5,14
iter02b_ffnn,4,bstar_2023,HP_Peak,anchor_only_Linear,size+peak,p0.05|n120,mape_n_excluded,0.0,5,14
iter02b_ffnn,4,bstar_2023,HP_Peak,anchor_only_Linear,size+peak,p0.1|n10,rmse,4.356435967499569,10,9
iter02b_ffnn,4,bstar_2023,HP_Peak,anchor_only_Linear,size+peak,p0.1|n10,mae,3.730855534845066,10,9
iter02b_ffnn,4,bstar_2023,HP_Peak,anchor_only_Linear,size+peak,p0.1|n10,mape,74.47980305167262,10,9
iter02b_ffnn,4,bstar_2023,HP_Peak,anchor_only_Linear,size+peak,p0.1|n10,r2,-2.013831470934929,10,9
iter02b_ffnn,4,bstar_2023,HP_Peak,anchor_only_Linear,size+peak,p0.1|n10,n_pred_nan,0.0,10,9
iter02b_ffnn,4,bstar_2023,HP_Peak,anchor_only_Linear,size+peak,p0.1|n10,mape_n_excluded,0.0,10,9
iter02b_ffnn,4,bstar_2023,HP_Peak,anchor_only_Linear,size+peak,p0.1|n20,rmse,4.621119396173818,10,12
iter02b_ffnn,4,bstar_2023,HP_Peak,anchor_only_Linear,size+peak,p0.1|n20,mae,3.746124420753328,10,12
iter02b_ffnn,4,bstar_2023,HP_Peak,anchor_only_Linear,size+peak,p0.1|n20,mape,36.00767325338633,10,12
iter02b_ffnn,4,bstar_2023,HP_Peak,anchor_only_Linear,size+peak,p0.1|n20,r2,-0.6755707267589599,10,12
iter02b_ffnn,4,bstar_2023,HP_Peak,anchor_only_Linear,size+peak,p0.1|n20,n_pred_nan,0.0,10,12
iter02b_ffnn,4,bstar_2023,HP_Peak,anchor_only_Linear,size+peak,p0.1|n20,mape_n_excluded,0.0,10,12
iter02b_ffnn,4,bstar_2023,HP_Peak,anchor_only_Linear,size+peak,p0.1|n40,rmse,11.987346169826296,5,11
iter02b_ffnn,4,bstar_2023,HP_Peak,anchor_only_Linear,size+peak,p0.1|n40,mae,9.37798624761962,5,11
iter02b_ffnn,4,bstar_2023,HP_Peak,anchor_only_Linear,size+peak,p0.1|n40,mape,43.202492150889526,5,11
iter02b_ffnn,4,bstar_2023,HP_Peak,anchor_only_Linear,size+peak,p0.1|n40,r2,-42.52832447884347,5,11
iter02b_ffnn,4,bstar_2023,HP_Peak,anchor_only_Linear,size+peak,p0.1|n40,n_pred_nan,0.0,5,11
iter02b_ffnn,4,bstar_2023,HP_Peak,anchor_only_Linear,size+peak,p0.1|n40,mape_n_excluded,0.0,5,11
iter02b_ffnn,4,bstar_2023,HP_Peak,anchor_only_Linear,size+peak,p0.1|n80,rmse,9.138949796086107,5,14
iter02b_ffnn,4,bstar_2023,HP_Peak,anchor_only_Linear,size+peak,p0.1|n80,mae,9.05268449016905,5,14
iter02b_ffnn,4,bstar_2023,HP_Peak,anchor_only_Linear,size+peak,p0.1|n80,mape,19.01045228229089,5,14
iter02b_ffnn,4,bstar_2023,HP_Peak,anchor_only_Linear,size+peak,p0.1|n80,r2,-0.7219908879509784,5,14
iter02b_ffnn,4,bstar_2023,HP_Peak,anchor_only_Linear,size+peak,p0.1|n80,n_pred_nan,0.0,5,14
iter02b_ffnn,4,bstar_2023,HP_Peak,anchor_only_Linear,size+peak,p0.1|n80,mape_n_excluded,0.0,5,14
iter02b_ffnn,4,bstar_2023,HP_Peak,anchor_only_Linear,size+peak,p0.1|n120,rmse,9.61548739922819,5,16
iter02b_ffnn,4,bstar_2023,HP_Peak,anchor_only_Linear,size+peak,p0.1|n120,mae,9.033898797743994,5,16
iter02b_ffnn,4,bstar_2023,HP_Peak,anchor_only_Linear,size+peak,p0.1|n120,mape,11.643694101697958,5,16
iter02b_ffnn,4,bstar_2023,HP_Peak,anchor_only_Linear,size+peak,p0.1|n120,r2,-4.967890749394956,5,16
iter02b_ffnn,4,bstar_2023,HP_Peak,anchor_only_Linear,size+peak,p0.1|n120,n_pred_nan,0.0,5,16
iter02b_ffnn,4,bstar_2023,HP_Peak,anchor_only_Linear,size+peak,p0.1|n120,mape_n_excluded,0.0,5,16
iter02b_ffnn,4,bstar_2023,HP_Peak,anchor_only_Linear,size+peak,p0.2|n10,rmse,6.137567864948971,10,14
iter02b_ffnn,4,bstar_2023,HP_Peak,anchor_only_Linear,size+peak,p0.2|n10,mae,5.54205742787016,10,14
iter02b_ffnn,4,bstar_2023,HP_Peak,anchor_only_Linear,size+peak,p0.2|n10,mape,45.81691934168828,10,14
iter02b_ffnn,4,bstar_2023,HP_Peak,anchor_only_Linear,size+peak,p0.2|n10,r2,-5.786520816506013,10,14
iter02b_ffnn,4,bstar_2023,HP_Peak,anchor_only_Linear,size+peak,p0.2|n10,n_pred_nan,0.0,10,14
iter02b_ffnn,4,bstar_2023,HP_Peak,anchor_only_Linear,size+peak,p0.2|n10,mape_n_excluded,0.0,10,14
iter02b_ffnn,4,bstar_2023,HP_Peak,anchor_only_Linear,size+peak,p0.2|n20,rmse,9.87570671883627,5,12
iter02b_ffnn,4,bstar_2023,HP_Peak,anchor_only_Linear,size+peak,p0.2|n20,mae,8.682115945260856,5,12
iter02b_ffnn,4,bstar_2023,HP_Peak,anchor_only_Linear,size+peak,p0.2|n20,mape,30.42110427303419,5,12
iter02b_ffnn,4,bstar_2023,HP_Peak,anchor_only_Linear,size+peak,p0.2|n20,r2,-7.244848977826136,5,12
iter02b_ffnn,4,bstar_2023,HP_Peak,anchor_only_Linear,size+peak,p0.2|n20,n_pred_nan,0.0,5,12
iter02b_ffnn,4,bstar_2023,HP_Peak,anchor_only_Linear,size+peak,p0.2|n20,mape_n_excluded,0.0,5,12
iter02b_ffnn,4,bstar_2023,HP_Peak,anchor_only_Linear,size+peak,p0.2|n40,rmse,8.011144362898621,5,16
iter02b_ffnn,4,bstar_2023,HP_Peak,anchor_only_Linear,size+peak,p0.2|n40,mae,5.689905712284795,5,16
iter02b_ffnn,4,bstar_2023,HP_Peak,anchor_only_Linear,size+peak,p0.2|n40,mape,11.941064913707518,5,16
iter02b_ffnn,4,bstar_2023,HP_Peak,anchor_only_Linear,size+peak,p0.2|n40,r2,-0.6027849541079624,5,16
iter02b_ffnn,4,bstar_2023,HP_Peak,anchor_only_Linear,size+peak,p0.2|n40,n_pred_nan,0.0,5,16
iter02b_ffnn,4,bstar_2023,HP_Peak,anchor_only_Linear,size+peak,p0.2|n40,mape_n_excluded,0.0,5,16
iter02b_ffnn,4,bstar_2023,HP_Peak,anchor_only_Linear,size+peak,p0.3|n10,rmse,6.714750310624171,10,16
iter02b_ffnn,4,bstar_2023,HP_Peak,anchor_only_Linear,size+peak,p0.3|n10,mae,5.71450844938361,10,16
iter02b_ffnn,4,bstar_2023,HP_Peak,anchor_only_Linear,size+peak,p0.3|n10,mape,30.95254242347935,10,16
iter02b_ffnn,4,bstar_2023,HP_Peak,anchor_only_Linear,size+peak,p0.3|n10,r2,-2.893741429336496,10,16
iter02b_ffnn,4,bstar_2023,HP_Peak,anchor_only_Linear,size+peak,p0.3|n10,n_pred_nan,0.0,10,16
iter02b_ffnn,4,bstar_2023,HP_Peak,anchor_only_Linear,size+peak,p0.3|n10,mape_n_excluded,0.0,10,16
iter02b_ffnn,4,bstar_2023,HP_Peak,anchor_only_Linear,size+peak,p0.3|n20,rmse,9.079071217833572,5,15
iter02b_ffnn,4,bstar_2023,HP_Peak,anchor_only_Linear,size+peak,p0.3|n20,mae,6.950349429805757,5,15
iter02b_ffnn,4,bstar_2023,HP_Peak,anchor_only_Linear,size+peak,p0.3|n20,mape,16.454070212568595,5,15
iter02b_ffnn,4,bstar_2023,HP_Peak,anchor_only_Linear,size+peak,p0.3|n20,r2,-5.444282901721951,5,15
iter02b_ffnn,4,bstar_2023,HP_Peak,anchor_only_Linear,size+peak,p0.3|n20,n_pred_nan,0.0,5,15
iter02b_ffnn,4,bstar_2023,HP_Peak,anchor_only_Linear,size+peak,p0.3|n20,mape_n_excluded,0.0,5,15
iter02b_ffnn,4,bstar_2023,HP_Peak,anchor_only_Linear,size+peak,p0.3|n40,rmse,8.327663852689486,5,16
iter02b_ffnn,4,bstar_2023,HP_Peak,anchor_only_Linear,size+peak,p0.3|n40,mae,7.40877813201547,5,16
iter02b_ffnn,4,bstar_2023,HP_Peak,anchor_only_Linear,size+peak,p0.3|n40,mape,9.339083604097215,5,16
iter02b_ffnn,4,bstar_2023,HP_Peak,anchor_only_Linear,size+peak,p0.3|n40,r2,-2.8557316104724837,5,16
iter02b_ffnn,4,bstar_2023,HP_Peak,anchor_only_Linear,size+peak,p0.3|n40,n_pred_nan,0.0,5,16
iter02b_ffnn,4,bstar_2023,HP_Peak,anchor_only_Linear,size+peak,p0.3|n40,mape_n_excluded,0.0,5,16
iter02b_ffnn,4,bstar_2023,HP_Peak,anchor_only_Linear,size+peak,p0.5|n10,rmse,5.816905946317629,5,12
iter02b_ffnn,4,bstar_2023,HP_Peak,anchor_only_Linear,size+peak,p0.5|n10,mae,4.5437281182876745,5,12
iter02b_ffnn,4,bstar_2023,HP_Peak,anchor_only_Linear,size+peak,p0.5|n10,mape,13.43027459241075,5,12
iter02b_ffnn,4,bstar_2023,HP_Peak,anchor_only_Linear,size+peak,p0.5|n10,r2,-8.14545688777575,5,12
iter02b_ffnn,4,bstar_2023,HP_Peak,anchor_only_Linear,size+peak,p0.5|n10,n_pred_nan,0.0,5,12
iter02b_ffnn,4,bstar_2023,HP_Peak,anchor_only_Linear,size+peak,p0.5|n10,mape_n_excluded,0.0,5,12
iter02b_ffnn,4,bstar_2023,HP_Peak,anchor_only_Linear,size+peak,p0.5|n20,rmse,5.613506794266565,5,16
iter02b_ffnn,4,bstar_2023,HP_Peak,anchor_only_Linear,size+peak,p0.5|n20,mae,4.667493952246469,5,16
iter02b_ffnn,4,bstar_2023,HP_Peak,anchor_only_Linear,size+peak,p0.5|n20,mape,7.497036537558552,5,16
iter02b_ffnn,4,bstar_2023,HP_Peak,anchor_only_Linear,size+peak,p0.5|n20,r2,-0.5899732965148905,5,16
iter02b_ffnn,4,bstar_2023,HP_Peak,anchor_only_Linear,size+peak,p0.5|n20,n_pred_nan,0.0,5,16
iter02b_ffnn,4,bstar_2023,HP_Peak,anchor_only_Linear,size+peak,p0.5|n20,mape_n_excluded,0.0,5,16
iter02b_ffnn,4,bstar_2023,HP_Peak,anchor_only_Linear,size+peak,p1.0|n10,rmse,4.092013323575708,5,16
iter02b_ffnn,4,bstar_2023,HP_Peak,anchor_only_Linear,size+peak,p1.0|n10,mae,3.1142259848212985,5,16
iter02b_ffnn,4,bstar_2023,HP_Peak,anchor_only_Linear,size+peak,p1.0|n10,mape,4.369116989811576,5,16
iter02b_ffnn,4,bstar_2023,HP_Peak,anchor_only_Linear,size+peak,p1.0|n10,r2,0.4623785407695678,5,16
iter02b_ffnn,4,bstar_2023,HP_Peak,anchor_only_Linear,size+peak,p1.0|n10,n_pred_nan,0.0,5,16
iter02b_ffnn,4,bstar_2023,HP_Peak,anchor_only_Linear,size+peak,p1.0|n10,mape_n_excluded,0.0,5,16
iter02b_ffnn,4,bstar_2023,HP_Peak,anchor_only_XGBoost,size,all,rmse,23.778513163469768,130,20
iter02b_ffnn,4,bstar_2023,HP_Peak,anchor_only_XGBoost,size,all,mae,19.367256923569908,130,20
iter02b_ffnn,4,bstar_2023,HP_Peak,anchor_only_XGBoost,size,all,mape,154.22836718228854,130,20
iter02b_ffnn,4,bstar_2023,HP_Peak,anchor_only_XGBoost,size,all,r2,-0.0021189382299404,130,20
iter02b_ffnn,4,bstar_2023,HP_Peak,anchor_only_XGBoost,size,all,n_pred_nan,0.0,130,20
iter02b_ffnn,4,bstar_2023,HP_Peak,anchor_only_XGBoost,size,all,mape_n_excluded,0.0,130,20
iter02b_ffnn,4,bstar_2023,HP_Peak,anchor_only_XGBoost,size,p0.05|n10,rmse,12.946437712457293,10,8
iter02b_ffnn,4,bstar_2023,HP_Peak,anchor_only_XGBoost,size,p0.05|n10,mae,12.62762237080078,10,8
iter02b_ffnn,4,bstar_2023,HP_Peak,anchor_only_XGBoost,size,p0.05|n10,mape,304.1089162967295,10,8
iter02b_ffnn,4,bstar_2023,HP_Peak,anchor_only_XGBoost,size,p0.05|n10,r2,-19.55709199560429,10,8
iter02b_ffnn,4,bstar_2023,HP_Peak,anchor_only_XGBoost,size,p0.05|n10,n_pred_nan,0.0,10,8
iter02b_ffnn,4,bstar_2023,HP_Peak,anchor_only_XGBoost,size,p0.05|n10,mape_n_excluded,0.0,10,8
iter02b_ffnn,4,bstar_2023,HP_Peak,anchor_only_XGBoost,size,p0.05|n20,rmse,25.04576480425852,10,8
iter02b_ffnn,4,bstar_2023,HP_Peak,anchor_only_XGBoost,size,p0.05|n20,mae,24.95192524738769,10,8
iter02b_ffnn,4,bstar_2023,HP_Peak,anchor_only_XGBoost,size,p0.05|n20,mape,554.0613627433787,10,8
iter02b_ffnn,4,bstar_2023,HP_Peak,anchor_only_XGBoost,size,p0.05|n20,r2,-132.70040035423426,10,8
iter02b_ffnn,4,bstar_2023,HP_Peak,anchor_only_XGBoost,size,p0.05|n20,n_pred_nan,0.0,10,8
iter02b_ffnn,4,bstar_2023,HP_Peak,anchor_only_XGBoost,size,p0.05|n20,mape_n_excluded,0.0,10,8
iter02b_ffnn,4,bstar_2023,HP_Peak,anchor_only_XGBoost,size,p0.05|n40,rmse,30.46506578997311,10,13
iter02b_ffnn,4,bstar_2023,HP_Peak,anchor_only_XGBoost,size,p0.05|n40,mae,30.26709383432616,10,13
iter02b_ffnn,4,bstar_2023,HP_Peak,anchor_only_XGBoost,size,p0.05|n40,mape,267.3756590511393,10,13
iter02b_ffnn,4,bstar_2023,HP_Peak,anchor_only_XGBoost,size,p0.05|n40,r2,-76.19369730410126,10,13
iter02b_ffnn,4,bstar_2023,HP_Peak,anchor_only_XGBoost,size,p0.05|n40,n_pred_nan,0.0,10,13
iter02b_ffnn,4,bstar_2023,HP_Peak,anchor_only_XGBoost,size,p0.05|n40,mape_n_excluded,0.0,10,13
iter02b_ffnn,4,bstar_2023,HP_Peak,anchor_only_XGBoost,size,p0.05|n80,rmse,39.02723621521444,5,12
iter02b_ffnn,4,bstar_2023,HP_Peak,anchor_only_XGBoost,size,p0.05|n80,mae,38.97333576943355,5,12
iter02b_ffnn,4,bstar_2023,HP_Peak,anchor_only_XGBoost,size,p0.05|n80,mape,138.18844997193622,5,12
iter02b_ffnn,4,bstar_2023,HP_Peak,anchor_only_XGBoost,size,p0.05|n80,r2,-361.280909699509,5,12
iter02b_ffnn,4,bstar_2023,HP_Peak,anchor_only_XGBoost,size,p0.05|n80,n_pred_nan,0.0,5,12
iter02b_ffnn,4,bstar_2023,HP_Peak,anchor_only_XGBoost,size,p0.05|n80,mape_n_excluded,0.0,5,12
iter02b_ffnn,4,bstar_2023,HP_Peak,anchor_only_XGBoost,size,p0.05|n120,rmse,43.01612825170085,5,14
iter02b_ffnn,4,bstar_2023,HP_Peak,anchor_only_XGBoost,size,p0.05|n120,mae,42.6884667980468,5,14
iter02b_ffnn,4,bstar_2023,HP_Peak,anchor_only_XGBoost,size,p0.05|n120,mape,124.77444274092274,5,14
iter02b_ffnn,4,bstar_2023,HP_Peak,anchor_only_XGBoost,size,p0.05|n120,r2,-64.89207373387107,5,14
iter02b_ffnn,4,bstar_2023,HP_Peak,anchor_only_XGBoost,size,p0.05|n120,n_pred_nan,0.0,5,14
iter02b_ffnn,4,bstar_2023,HP_Peak,anchor_only_XGBoost,size,p0.05|n120,mape_n_excluded,0.0,5,14
iter02b_ffnn,4,bstar_2023,HP_Peak,anchor_only_XGBoost,size,p0.1|n10,rmse,12.839029547711004,10,9
iter02b_ffnn,4,bstar_2023,HP_Peak,anchor_only_XGBoost,size,p0.1|n10,mae,12.591407170800776,10,9
iter02b_ffnn,4,bstar_2023,HP_Peak,anchor_only_XGBoost,size,p0.1|n10,mape,295.57290437025586,10,9
iter02b_ffnn,4,bstar_2023,HP_Peak,anchor_only_XGBoost,size,p0.1|n10,r2,-25.177049258888964,10,9
iter02b_ffnn,4,bstar_2023,HP_Peak,anchor_only_XGBoost,size,p0.1|n10,n_pred_nan,0.0,10,9
iter02b_ffnn,4,bstar_2023,HP_Peak,anchor_only_XGBoost,size,p0.1|n10,mape_n_excluded,0.0,10,9
iter02b_ffnn,4,bstar_2023,HP_Peak,anchor_only_XGBoost,size,p0.1|n20,rmse,18.65330614351829,10,12
iter02b_ffnn,4,bstar_2023,HP_Peak,anchor_only_XGBoost,size,p0.1|n20,mae,18.308497247387685,10,12
iter02b_ffnn,4,bstar_2023,HP_Peak,anchor_only_XGBoost,size,p0.1|n20,mape,176.8622548396412,10,12
iter02b_ffnn,4,bstar_2023,HP_Peak,anchor_only_XGBoost,size,p0.1|n20,r2,-26.301092181387453,10,12
iter02b_ffnn,4,bstar_2023,HP_Peak,anchor_only_XGBoost,size,p0.1|n20,n_pred_nan,0.0,10,12
iter02b_ffnn,4,bstar_2023,HP_Peak,anchor_only_XGBoost,size,p0.1|n20,mape_n_excluded,0.0,10,12
iter02b_ffnn,4,bstar_2023,HP_Peak,anchor_only_XGBoost,size,p0.1|n40,rmse,20.397249305741465,5,11
iter02b_ffnn,4,bstar_2023,HP_Peak,anchor_only_XGBoost,size,p0.1|n40,mae,20.31616503432611,5,11
iter02b_ffnn,4,bstar_2023,HP_Peak,anchor_only_XGBoost,size,p0.1|n40,mape,91.7378284556035,5,11
iter02b_ffnn,4,bstar_2023,HP_Peak,anchor_only_XGBoost,size,p0.1|n40,r2,-125.0285862341364,5,11
iter02b_ffnn,4,bstar_2023,HP_Peak,anchor_only_XGBoost,size,p0.1|n40,n_pred_nan,0.0,5,11
iter02b_ffnn,4,bstar_2023,HP_Peak,anchor_only_XGBoost,size,p0.1|n40,mape_n_excluded,0.0,5,11
iter02b_ffnn,4,bstar_2023,HP_Peak,anchor_only_XGBoost,size,p0.1|n80,rmse,20.66159287442482,5,14
iter02b_ffnn,4,bstar_2023,HP_Peak,anchor_only_XGBoost,size,p0.1|n80,mae,19.45248536943352,5,14
iter02b_ffnn,4,bstar_2023,HP_Peak,anchor_only_XGBoost,size,p0.1|n80,mape,43.68553336849873,5,14
iter02b_ffnn,4,bstar_2023,HP_Peak,anchor_only_XGBoost,size,p0.1|n80,r2,-7.801685884778863,5,14
iter02b_ffnn,4,bstar_2023,HP_Peak,anchor_only_XGBoost,size,p0.1|n80,n_pred_nan,0.0,5,14
iter02b_ffnn,4,bstar_2023,HP_Peak,anchor_only_XGBoost,size,p0.1|n80,mape_n_excluded,0.0,5,14
iter02b_ffnn,4,bstar_2023,HP_Peak,anchor_only_XGBoost,size,p0.1|n120,rmse,3.9398470413493647,5,16
iter02b_ffnn,4,bstar_2023,HP_Peak,anchor_only_XGBoost,size,p0.1|n120,mae,3.228714000390647,5,16
iter02b_ffnn,4,bstar_2023,HP_Peak,anchor_only_XGBoost,size,p0.1|n120,mape,4.259525893080805,5,16
iter02b_ffnn,4,bstar_2023,HP_Peak,anchor_only_XGBoost,size,p0.1|n120,r2,-0.0019290774685289,5,16
iter02b_ffnn,4,bstar_2023,HP_Peak,anchor_only_XGBoost,size,p0.1|n120,n_pred_nan,0.0,5,16
iter02b_ffnn,4,bstar_2023,HP_Peak,anchor_only_XGBoost,size,p0.1|n120,mape_n_excluded,0.0,5,16
iter02b_ffnn,4,bstar_2023,HP_Peak,anchor_only_XGBoost,size,p0.2|n10,rmse,6.1674253970302,10,14
iter02b_ffnn,4,bstar_2023,HP_Peak,anchor_only_XGBoost,size,p0.2|n10,mae,5.699689970800767,10,14
iter02b_ffnn,4,bstar_2023,HP_Peak,anchor_only_XGBoost,size,p0.2|n10,mape,50.99051237211801,10,14
iter02b_ffnn,4,bstar_2023,HP_Peak,anchor_only_XGBoost,size,p0.2|n10,r2,-5.852710432094647,10,14
iter02b_ffnn,4,bstar_2023,HP_Peak,anchor_only_XGBoost,size,p0.2|n10,n_pred_nan,0.0,10,14
iter02b_ffnn,4,bstar_2023,HP_Peak,anchor_only_XGBoost,size,p0.2|n10,mape_n_excluded,0.0,10,14
iter02b_ffnn,4,bstar_2023,HP_Peak,anchor_only_XGBoost,size,p0.2|n20,rmse,4.134719685565464,5,12
iter02b_ffnn,4,bstar_2023,HP_Peak,anchor_only_XGBoost,size,p0.2|n20,mae,3.4596508894775284,5,12
iter02b_ffnn,4,bstar_2023,HP_Peak,anchor_only_XGBoost,size,p0.2|n20,mape,13.536820963218926,5,12
iter02b_ffnn,4,bstar_2023,HP_Peak,anchor_only_XGBoost,size,p0.2|n20,r2,-0.4452350325933107,5,12
iter02b_ffnn,4,bstar_2023,HP_Peak,anchor_only_XGBoost,size,p0.2|n20,n_pred_nan,0.0,5,12
iter02b_ffnn,4,bstar_2023,HP_Peak,anchor_only_XGBoost,size,p0.2|n20,mape_n_excluded,0.0,5,12
iter02b_ffnn,4,bstar_2023,HP_Peak,anchor_only_XGBoost,size,p0.2|n40,rmse,11.646002516965376,5,16
iter02b_ffnn,4,bstar_2023,HP_Peak,anchor_only_XGBoost,size,p0.2|n40,mae,10.164045139404356,5,16
iter02b_ffnn,4,bstar_2023,HP_Peak,anchor_only_XGBoost,size,p0.2|n40,mape,18.230003619618003,5,16
iter02b_ffnn,4,bstar_2023,HP_Peak,anchor_only_XGBoost,size,p0.2|n40,r2,-2.3871926662068117,5,16
iter02b_ffnn,4,bstar_2023,HP_Peak,anchor_only_XGBoost,size,p0.2|n40,n_pred_nan,0.0,5,16
iter02b_ffnn,4,bstar_2023,HP_Peak,anchor_only_XGBoost,size,p0.2|n40,mape_n_excluded,0.0,5,16
iter02b_ffnn,4,bstar_2023,HP_Peak,anchor_only_XGBoost,size,p0.3|n10,rmse,3.4727412531474124,10,16
iter02b_ffnn,4,bstar_2023,HP_Peak,anchor_only_XGBoost,size,p0.3|n10,mae,3.0785400000000047,10,16
iter02b_ffnn,4,bstar_2023,HP_Peak,anchor_only_XGBoost,size,p0.3|n10,mape,16.030585714680036,10,16
iter02b_ffnn,4,bstar_2023,HP_Peak,anchor_only_XGBoost,size,p0.3|n10,r2,-0.0414830934066721,10,16
iter02b_ffnn,4,bstar_2023,HP_Peak,anchor_only_XGBoost,size,p0.3|n10,n_pred_nan,0.0,10,16
iter02b_ffnn,4,bstar_2023,HP_Peak,anchor_only_XGBoost,size,p0.3|n10,mape_n_excluded,0.0,10,16
iter02b_ffnn,4,bstar_2023,HP_Peak,anchor_only_XGBoost,size,p0.3|n20,rmse,11.421174419309269,5,15
iter02b_ffnn,4,bstar_2023,HP_Peak,anchor_only_XGBoost,size,p0.3|n20,mae,10.846755952612364,5,15
iter02b_ffnn,4,bstar_2023,HP_Peak,anchor_only_XGBoost,size,p0.3|n20,mape,25.82268557417732,5,15
iter02b_ffnn,4,bstar_2023,HP_Peak,anchor_only_XGBoost,size,p0.3|n20,r2,-9.197959428498828,5,15
iter02b_ffnn,4,bstar_2023,HP_Peak,anchor_only_XGBoost,size,p0.3|n20,n_pred_nan,0.0,5,15
iter02b_ffnn,4,bstar_2023,HP_Peak,anchor_only_XGBoost,size,p0.3|n20,mape_n_excluded,0.0,5,15
iter02b_ffnn,4,bstar_2023,HP_Peak,anchor_only_XGBoost,size,p0.3|n40,rmse,37.53286996316351,5,16
iter02b_ffnn,4,bstar_2023,HP_Peak,anchor_only_XGBoost,size,p0.3|n40,mae,37.29249416567396,5,16
iter02b_ffnn,4,bstar_2023,HP_Peak,anchor_only_XGBoost,size,p0.3|n40,mape,46.43295367059955,5,16
iter02b_ffnn,4,bstar_2023,HP_Peak,anchor_only_XGBoost,size,p0.3|n40,r2,-77.32203648969444,5,16
iter02b_ffnn,4,bstar_2023,HP_Peak,anchor_only_XGBoost,size,p0.3|n40,n_pred_nan,0.0,5,16
iter02b_ffnn,4,bstar_2023,HP_Peak,anchor_only_XGBoost,size,p0.3|n40,mape_n_excluded,0.0,5,16
iter02b_ffnn,4,bstar_2023,HP_Peak,anchor_only_XGBoost,size,p0.5|n10,rmse,16.698973312009667,5,12
iter02b_ffnn,4,bstar_2023,HP_Peak,anchor_only_XGBoost,size,p0.5|n10,mae,16.587824029199275,5,12
iter02b_ffnn,4,bstar_2023,HP_Peak,anchor_only_XGBoost,size,p0.5|n10,mape,47.5550588796612,5,12
iter02b_ffnn,4,bstar_2023,HP_Peak,anchor_only_XGBoost,size,p0.5|n10,r2,-74.37040771335903,5,12
iter02b_ffnn,4,bstar_2023,HP_Peak,anchor_only_XGBoost,size,p0.5|n10,n_pred_nan,0.0,5,12
iter02b_ffnn,4,bstar_2023,HP_Peak,anchor_only_XGBoost,size,p0.5|n10,mape_n_excluded,0.0,5,12
iter02b_ffnn,4,bstar_2023,HP_Peak,anchor_only_XGBoost,size,p0.5|n20,rmse,32.53488494168003,5,16
iter02b_ffnn,4,bstar_2023,HP_Peak,anchor_only_XGBoost,size,p0.5|n20,mae,32.228867152612395,5,16
iter02b_ffnn,4,bstar_2023,HP_Peak,anchor_only_XGBoost,size,p0.5|n20,mape,51.3339873671291,5,16
iter02b_ffnn,4,bstar_2023,HP_Peak,anchor_only_XGBoost,size,p0.5|n20,r2,-52.40966766056411,5,16
iter02b_ffnn,4,bstar_2023,HP_Peak,anchor_only_XGBoost,size,p0.5|n20,n_pred_nan,0.0,5,16
iter02b_ffnn,4,bstar_2023,HP_Peak,anchor_only_XGBoost,size,p0.5|n20,mape_n_excluded,0.0,5,16
iter02b_ffnn,4,bstar_2023,HP_Peak,anchor_only_XGBoost,size,p1.0|n10,rmse,53.55191660173636,5,16
iter02b_ffnn,4,bstar_2023,HP_Peak,anchor_only_XGBoost,size,p1.0|n10,mae,53.26032402919934,5,16
iter02b_ffnn,4,bstar_2023,HP_Peak,anchor_only_XGBoost,size,p1.0|n10,mape,74.37586545917092,5,16
iter02b_ffnn,4,bstar_2023,HP_Peak,anchor_only_XGBoost,size,p1.0|n10,r2,-91.0772954503802,5,16
iter02b_ffnn,4,bstar_2023,HP_Peak,anchor_only_XGBoost,size,p1.0|n10,n_pred_nan,0.0,5,16
iter02b_ffnn,4,bstar_2023,HP_Peak,anchor_only_XGBoost,size,p1.0|n10,mape_n_excluded,0.0,5,16
iter02b_ffnn,4,bstar_2023,HP_Peak,anchor_only_XGBoost,peak,all,rmse,16.567945951874382,130,20
iter02b_ffnn,4,bstar_2023,HP_Peak,anchor_only_XGBoost,peak,all,mae,12.04145392040594,130,20
iter02b_ffnn,4,bstar_2023,HP_Peak,anchor_only_XGBoost,peak,all,mape,66.35040633957317,130,20
iter02b_ffnn,4,bstar_2023,HP_Peak,anchor_only_XGBoost,peak,all,r2,0.5134951017508036,130,20
iter02b_ffnn,4,bstar_2023,HP_Peak,anchor_only_XGBoost,peak,all,n_pred_nan,0.0,130,20
iter02b_ffnn,4,bstar_2023,HP_Peak,anchor_only_XGBoost,peak,all,mape_n_excluded,0.0,130,20
iter02b_ffnn,4,bstar_2023,HP_Peak,anchor_only_XGBoost,peak,p0.05|n10,rmse,4.426153811135619,10,8
iter02b_ffnn,4,bstar_2023,HP_Peak,anchor_only_XGBoost,peak,p0.05|n10,mae,3.872576384625241,10,8
iter02b_ffnn,4,bstar_2023,HP_Peak,anchor_only_XGBoost,peak,p0.05|n10,mape,103.5786438033112,10,8
iter02b_ffnn,4,bstar_2023,HP_Peak,anchor_only_XGBoost,peak,p0.05|n10,r2,-1.4027805657937713,10,8
iter02b_ffnn,4,bstar_2023,HP_Peak,anchor_only_XGBoost,peak,p0.05|n10,n_pred_nan,0.0,10,8
iter02b_ffnn,4,bstar_2023,HP_Peak,anchor_only_XGBoost,peak,p0.05|n10,mape_n_excluded,0.0,10,8
iter02b_ffnn,4,bstar_2023,HP_Peak,anchor_only_XGBoost,peak,p0.05|n20,rmse,9.300244103411586,10,8
iter02b_ffnn,4,bstar_2023,HP_Peak,anchor_only_XGBoost,peak,p0.05|n20,mae,8.898610275463863,10,8
iter02b_ffnn,4,bstar_2023,HP_Peak,anchor_only_XGBoost,peak,p0.05|n20,mape,191.48252686644904,10,8
iter02b_ffnn,4,bstar_2023,HP_Peak,anchor_only_XGBoost,peak,p0.05|n20,r2,-17.4354102705647,10,8
iter02b_ffnn,4,bstar_2023,HP_Peak,anchor_only_XGBoost,peak,p0.05|n20,n_pred_nan,0.0,10,8
iter02b_ffnn,4,bstar_2023,HP_Peak,anchor_only_XGBoost,peak,p0.05|n20,mape_n_excluded,0.0,10,8
iter02b_ffnn,4,bstar_2023,HP_Peak,anchor_only_XGBoost,peak,p0.05|n40,rmse,15.216299134783249,10,13
iter02b_ffnn,4,bstar_2023,HP_Peak,anchor_only_XGBoost,peak,p0.05|n40,mae,13.994919189855944,10,13
iter02b_ffnn,4,bstar_2023,HP_Peak,anchor_only_XGBoost,peak,p0.05|n40,mape,114.40045446438228,10,13
iter02b_ffnn,4,bstar_2023,HP_Peak,anchor_only_XGBoost,peak,p0.05|n40,r2,-18.257312443201723,10,13
iter02b_ffnn,4,bstar_2023,HP_Peak,anchor_only_XGBoost,peak,p0.05|n40,n_pred_nan,0.0,10,13
iter02b_ffnn,4,bstar_2023,HP_Peak,anchor_only_XGBoost,peak,p0.05|n40,mape_n_excluded,0.0,10,13
iter02b_ffnn,4,bstar_2023,HP_Peak,anchor_only_XGBoost,peak,p0.05|n80,rmse,18.83311208753531,5,12
iter02b_ffnn,4,bstar_2023,HP_Peak,anchor_only_XGBoost,peak,p0.05|n80,mae,17.77645008828121,5,12
iter02b_ffnn,4,bstar_2023,HP_Peak,anchor_only_XGBoost,peak,p0.05|n80,mape,64.17436147319383,5,12
iter02b_ffnn,4,bstar_2023,HP_Peak,anchor_only_XGBoost,peak,p0.05|n80,r2,-83.36339293259094,5,12
iter02b_ffnn,4,bstar_2023,HP_Peak,anchor_only_XGBoost,peak,p0.05|n80,n_pred_nan,0.0,5,12
iter02b_ffnn,4,bstar_2023,HP_Peak,anchor_only_XGBoost,peak,p0.05|n80,mape_n_excluded,0.0,5,12
iter02b_ffnn,4,bstar_2023,HP_Peak,anchor_only_XGBoost,peak,p0.05|n120,rmse,45.70343283122327,5,14
iter02b_ffnn,4,bstar_2023,HP_Peak,anchor_only_XGBoost,peak,p0.05|n120,mae,43.99761291621087,5,14
iter02b_ffnn,4,bstar_2023,HP_Peak,anchor_only_XGBoost,peak,p0.05|n120,mape,129.84644144236407,5,14
iter02b_ffnn,4,bstar_2023,HP_Peak,anchor_only_XGBoost,peak,p0.05|n120,r2,-73.38205664195658,5,14
iter02b_ffnn,4,bstar_2023,HP_Peak,anchor_only_XGBoost,peak,p0.05|n120,n_pred_nan,0.0,5,14
iter02b_ffnn,4,bstar_2023,HP_Peak,anchor_only_XGBoost,peak,p0.05|n120,mape_n_excluded,0.0,5,14
iter02b_ffnn,4,bstar_2023,HP_Peak,anchor_only_XGBoost,peak,p0.1|n10,rmse,4.814996160428764,10,9
iter02b_ffnn,4,bstar_2023,HP_Peak,anchor_only_XGBoost,peak,p0.1|n10,mae,4.443984952478021,10,9
iter02b_ffnn,4,bstar_2023,HP_Peak,anchor_only_XGBoost,peak,p0.1|n10,mape,107.58264979911225,10,9
iter02b_ffnn,4,bstar_2023,HP_Peak,anchor_only_XGBoost,peak,p0.1|n10,r2,-2.681698188586782,10,9
iter02b_ffnn,4,bstar_2023,HP_Peak,anchor_only_XGBoost,peak,p0.1|n10,n_pred_nan,0.0,10,9
iter02b_ffnn,4,bstar_2023,HP_Peak,anchor_only_XGBoost,peak,p0.1|n10,mape_n_excluded,0.0,10,9
iter02b_ffnn,4,bstar_2023,HP_Peak,anchor_only_XGBoost,peak,p0.1|n20,rmse,5.295265501982528,10,12
iter02b_ffnn,4,bstar_2023,HP_Peak,anchor_only_XGBoost,peak,p0.1|n20,mae,4.471835241009511,10,12
iter02b_ffnn,4,bstar_2023,HP_Peak,anchor_only_XGBoost,peak,p0.1|n20,mape,44.2229808872774,10,12
iter02b_ffnn,4,bstar_2023,HP_Peak,anchor_only_XGBoost,peak,p0.1|n20,r2,-1.200107319318814,10,12
iter02b_ffnn,4,bstar_2023,HP_Peak,anchor_only_XGBoost,peak,p0.1|n20,n_pred_nan,0.0,10,12
iter02b_ffnn,4,bstar_2023,HP_Peak,anchor_only_XGBoost,peak,p0.1|n20,mape_n_excluded,0.0,10,12
iter02b_ffnn,4,bstar_2023,HP_Peak,anchor_only_XGBoost,peak,p0.1|n40,rmse,14.416134517345132,5,11
iter02b_ffnn,4,bstar_2023,HP_Peak,anchor_only_XGBoost,peak,p0.1|n40,mae,11.144459762939418,5,11
iter02b_ffnn,4,bstar_2023,HP_Peak,anchor_only_XGBoost,peak,p0.1|n40,mape,52.44590737912078,5,11
iter02b_ffnn,4,bstar_2023,HP_Peak,anchor_only_XGBoost,peak,p0.1|n40,r2,-61.95402589875572,5,11
iter02b_ffnn,4,bstar_2023,HP_Peak,anchor_only_XGBoost,peak,p0.1|n40,n_pred_nan,0.0,5,11
iter02b_ffnn,4,bstar_2023,HP_Peak,anchor_only_XGBoost,peak,p0.1|n40,mape_n_excluded,0.0,5,11
iter02b_ffnn,4,bstar_2023,HP_Peak,anchor_only_XGBoost,peak,p0.1|n80,rmse,6.027032140777225,5,14
iter02b_ffnn,4,bstar_2023,HP_Peak,anchor_only_XGBoost,peak,p0.1|n80,mae,4.848865264111304,5,14
iter02b_ffnn,4,bstar_2023,HP_Peak,anchor_only_XGBoost,peak,p0.1|n80,mape,10.90761074411382,5,14
iter02b_ffnn,4,bstar_2023,HP_Peak,anchor_only_XGBoost,peak,p0.1|n80,r2,0.2510630102188712,5,14
iter02b_ffnn,4,bstar_2023,HP_Peak,anchor_only_XGBoost,peak,p0.1|n80,n_pred_nan,0.0,5,14
iter02b_ffnn,4,bstar_2023,HP_Peak,anchor_only_XGBoost,peak,p0.1|n80,mape_n_excluded,0.0,5,14
iter02b_ffnn,4,bstar_2023,HP_Peak,anchor_only_XGBoost,peak,p0.1|n120,rmse,34.02982560910111,5,16
iter02b_ffnn,4,bstar_2023,HP_Peak,anchor_only_XGBoost,peak,p0.1|n120,mae,31.926993219335817,5,16
iter02b_ffnn,4,bstar_2023,HP_Peak,anchor_only_XGBoost,peak,p0.1|n120,mape,40.66568880466851,5,16
iter02b_ffnn,4,bstar_2023,HP_Peak,anchor_only_XGBoost,peak,p0.1|n120,r2,-73.74767781852236,5,16
iter02b_ffnn,4,bstar_2023,HP_Peak,anchor_only_XGBoost,peak,p0.1|n120,n_pred_nan,0.0,5,16
iter02b_ffnn,4,bstar_2023,HP_Peak,anchor_only_XGBoost,peak,p0.1|n120,mape_n_excluded,0.0,5,16
iter02b_ffnn,4,bstar_2023,HP_Peak,anchor_only_XGBoost,peak,p0.2|n10,rmse,2.6332444200201195,10,14
iter02b_ffnn,4,bstar_2023,HP_Peak,anchor_only_XGBoost,peak,p0.2|n10,mae,1.8749079128051904,10,14
iter02b_ffnn,4,bstar_2023,HP_Peak,anchor_only_XGBoost,peak,p0.2|n10,mape,13.157510389521656,10,14
iter02b_ffnn,4,bstar_2023,HP_Peak,anchor_only_XGBoost,peak,p0.2|n10,r2,-0.2492142110623139,10,14
iter02b_ffnn,4,bstar_2023,HP_Peak,anchor_only_XGBoost,peak,p0.2|n10,n_pred_nan,0.0,10,14
iter02b_ffnn,4,bstar_2023,HP_Peak,anchor_only_XGBoost,peak,p0.2|n10,mape_n_excluded,0.0,10,14
iter02b_ffnn,4,bstar_2023,HP_Peak,anchor_only_XGBoost,peak,p0.2|n20,rmse,9.4623788014172,5,12
iter02b_ffnn,4,bstar_2023,HP_Peak,anchor_only_XGBoost,peak,p0.2|n20,mae,7.933254626098693,5,12
iter02b_ffnn,4,bstar_2023,HP_Peak,anchor_only_XGBoost,peak,p0.2|n20,mape,26.482798221450004,5,12
iter02b_ffnn,4,bstar_2023,HP_Peak,anchor_only_XGBoost,peak,p0.2|n20,r2,-6.569147991062158,5,12
iter02b_ffnn,4,bstar_2023,HP_Peak,anchor_only_XGBoost,peak,p0.2|n20,n_pred_nan,0.0,5,12
iter02b_ffnn,4,bstar_2023,HP_Peak,anchor_only_XGBoost,peak,p0.2|n20,mape_n_excluded,0.0,5,12
iter02b_ffnn,4,bstar_2023,HP_Peak,anchor_only_XGBoost,peak,p0.2|n40,rmse,10.501416042204792,5,16
iter02b_ffnn,4,bstar_2023,HP_Peak,anchor_only_XGBoost,peak,p0.2|n40,mae,9.414014725341886,5,16
iter02b_ffnn,4,bstar_2023,HP_Peak,anchor_only_XGBoost,peak,p0.2|n40,mape,17.933092649713938,5,16
iter02b_ffnn,4,bstar_2023,HP_Peak,anchor_only_XGBoost,peak,p0.2|n40,r2,-1.7541137296898373,5,16
iter02b_ffnn,4,bstar_2023,HP_Peak,anchor_only_XGBoost,peak,p0.2|n40,n_pred_nan,0.0,5,16
iter02b_ffnn,4,bstar_2023,HP_Peak,anchor_only_XGBoost,peak,p0.2|n40,mape_n_excluded,0.0,5,16
iter02b_ffnn,4,bstar_2023,HP_Peak,anchor_only_XGBoost,peak,p0.3|n10,rmse,5.826301691710129,10,16
iter02b_ffnn,4,bstar_2023,HP_Peak,anchor_only_XGBoost,peak,p0.3|n10,mae,5.439047687640398,10,16
iter02b_ffnn,4,bstar_2023,HP_Peak,anchor_only_XGBoost,peak,p0.3|n10,mape,28.839850274918387,10,16
iter02b_ffnn,4,bstar_2023,HP_Peak,anchor_only_XGBoost,peak,p0.3|n10,r2,-1.9315230294411865,10,16
iter02b_ffnn,4,bstar_2023,HP_Peak,anchor_only_XGBoost,peak,p0.3|n10,n_pred_nan,0.0,10,16
iter02b_ffnn,4,bstar_2023,HP_Peak,anchor_only_XGBoost,peak,p0.3|n10,mape_n_excluded,0.0,10,16
iter02b_ffnn,4,bstar_2023,HP_Peak,anchor_only_XGBoost,peak,p0.3|n20,rmse,17.223230159552667,5,15
iter02b_ffnn,4,bstar_2023,HP_Peak,anchor_only_XGBoost,peak,p0.3|n20,mae,16.82126805283209,5,15
iter02b_ffnn,4,bstar_2023,HP_Peak,anchor_only_XGBoost,peak,p0.3|n20,mape,40.59378346926252,5,15
iter02b_ffnn,4,bstar_2023,HP_Peak,anchor_only_XGBoost,peak,p0.3|n20,r2,-22.19107938022703,5,15
iter02b_ffnn,4,bstar_2023,HP_Peak,anchor_only_XGBoost,peak,p0.3|n20,n_pred_nan,0.0,5,15
iter02b_ffnn,4,bstar_2023,HP_Peak,anchor_only_XGBoost,peak,p0.3|n20,mape_n_excluded,0.0,5,15
iter02b_ffnn,4,bstar_2023,HP_Peak,anchor_only_XGBoost,peak,p0.3|n40,rmse,27.97068085107748,5,16
iter02b_ffnn,4,bstar_2023,HP_Peak,anchor_only_XGBoost,peak,p0.3|n40,mae,27.7061881659181,5,16
iter02b_ffnn,4,bstar_2023,HP_Peak,anchor_only_XGBoost,peak,p0.3|n40,mape,34.754368395045475,5,16
iter02b_ffnn,4,bstar_2023,HP_Peak,anchor_only_XGBoost,peak,p0.3|n40,r2,-42.49772054569501,5,16
iter02b_ffnn,4,bstar_2023,HP_Peak,anchor_only_XGBoost,peak,p0.3|n40,n_pred_nan,0.0,5,16
iter02b_ffnn,4,bstar_2023,HP_Peak,anchor_only_XGBoost,peak,p0.3|n40,mape_n_excluded,0.0,5,16
iter02b_ffnn,4,bstar_2023,HP_Peak,anchor_only_XGBoost,peak,p0.5|n10,rmse,14.102581379799446,5,12
iter02b_ffnn,4,bstar_2023,HP_Peak,anchor_only_XGBoost,peak,p0.5|n10,mae,13.985565728418024,5,12
iter02b_ffnn,4,bstar_2023,HP_Peak,anchor_only_XGBoost,peak,p0.5|n10,mape,40.14916831240781,5,12
iter02b_ffnn,4,bstar_2023,HP_Peak,anchor_only_XGBoost,peak,p0.5|n10,r2,-52.75496115627821,5,12
iter02b_ffnn,4,bstar_2023,HP_Peak,anchor_only_XGBoost,peak,p0.5|n10,n_pred_nan,0.0,5,12
iter02b_ffnn,4,bstar_2023,HP_Peak,anchor_only_XGBoost,peak,p0.5|n10,mape_n_excluded,0.0,5,12
iter02b_ffnn,4,bstar_2023,HP_Peak,anchor_only_XGBoost,peak,p0.5|n20,rmse,16.939238357021086,5,16
iter02b_ffnn,4,bstar_2023,HP_Peak,anchor_only_XGBoost,peak,p0.5|n20,mae,16.250789073388763,5,16
iter02b_ffnn,4,bstar_2023,HP_Peak,anchor_only_XGBoost,peak,p0.5|n20,mape,25.61626456879845,5,16
iter02b_ffnn,4,bstar_2023,HP_Peak,anchor_only_XGBoost,peak,p0.5|n20,r2,-13.478017041368052,5,16
iter02b_ffnn,4,bstar_2023,HP_Peak,anchor_only_XGBoost,peak,p0.5|n20,n_pred_nan,0.0,5,16
iter02b_ffnn,4,bstar_2023,HP_Peak,anchor_only_XGBoost,peak,p0.5|n20,mape_n_excluded,0.0,5,16
iter02b_ffnn,4,bstar_2023,HP_Peak,anchor_only_XGBoost,peak,p1.0|n10,rmse,25.829503315546457,5,16
iter02b_ffnn,4,bstar_2023,HP_Peak,anchor_only_XGBoost,peak,p1.0|n10,mae,25.280577019922,5,16
iter02b_ffnn,4,bstar_2023,HP_Peak,anchor_only_XGBoost,peak,p1.0|n10,mape,35.011846398818506,5,16
iter02b_ffnn,4,bstar_2023,HP_Peak,anchor_only_XGBoost,peak,p1.0|n10,r2,-20.42074776056615,5,16
iter02b_ffnn,4,bstar_2023,HP_Peak,anchor_only_XGBoost,peak,p1.0|n10,n_pred_nan,0.0,5,16
iter02b_ffnn,4,bstar_2023,HP_Peak,anchor_only_XGBoost,peak,p1.0|n10,mape_n_excluded,0.0,5,16
iter02b_ffnn,4,bstar_2023,HP_Peak,anchor_only_XGBoost,size+peak,all,rmse,10.556071200183446,130,20
iter02b_ffnn,4,bstar_2023,HP_Peak,anchor_only_XGBoost,size+peak,all,mae,7.4499372683939,130,20
iter02b_ffnn,4,bstar_2023,HP_Peak,anchor_only_XGBoost,size+peak,all,mape,45.2098340403098,130,20
iter02b_ffnn,4,bstar_2023,HP_Peak,anchor_only_XGBoost,size+peak,all,r2,0.8025057295832273,130,20
iter02b_ffnn,4,bstar_2023,HP_Peak,anchor_only_XGBoost,size+peak,all,n_pred_nan,0.0,130,20
iter02b_ffnn,4,bstar_2023,HP_Peak,anchor_only_XGBoost,size+peak,all,mape_n_excluded,0.0,130,20
iter02b_ffnn,4,bstar_2023,HP_Peak,anchor_only_XGBoost,size+peak,p0.05|n10,rmse,3.338990663336738,10,8
iter02b_ffnn,4,bstar_2023,HP_Peak,anchor_only_XGBoost,size+peak,p0.05|n10,mae,2.764614867926022,10,8
iter02b_ffnn,4,bstar_2023,HP_Peak,anchor_only_XGBoost,size+peak,p0.05|n10,mape,73.69670681639037,10,8
iter02b_ffnn,4,bstar_2023,HP_Peak,anchor_only_XGBoost,size+peak,p0.05|n10,r2,-0.3673872192972791,10,8
iter02b_ffnn,4,bstar_2023,HP_Peak,anchor_only_XGBoost,size+peak,p0.05|n10,n_pred_nan,0.0,10,8
iter02b_ffnn,4,bstar_2023,HP_Peak,anchor_only_XGBoost,size+peak,p0.05|n10,mape_n_excluded,0.0,10,8
iter02b_ffnn,4,bstar_2023,HP_Peak,anchor_only_XGBoost,size+peak,p0.05|n20,rmse,7.26419293869121,10,8
iter02b_ffnn,4,bstar_2023,HP_Peak,anchor_only_XGBoost,size+peak,p0.05|n20,mae,6.657580631451412,10,8
iter02b_ffnn,4,bstar_2023,HP_Peak,anchor_only_XGBoost,size+peak,p0.05|n20,mape,140.43470335156542,10,8
iter02b_ffnn,4,bstar_2023,HP_Peak,anchor_only_XGBoost,size+peak,p0.05|n20,r2,-10.247055884109594,10,8
iter02b_ffnn,4,bstar_2023,HP_Peak,anchor_only_XGBoost,size+peak,p0.05|n20,n_pred_nan,0.0,10,8
iter02b_ffnn,4,bstar_2023,HP_Peak,anchor_only_XGBoost,size+peak,p0.05|n20,mape_n_excluded,0.0,10,8
iter02b_ffnn,4,bstar_2023,HP_Peak,anchor_only_XGBoost,size+peak,p0.05|n40,rmse,11.422489871537442,10,13
iter02b_ffnn,4,bstar_2023,HP_Peak,anchor_only_XGBoost,size+peak,p0.05|n40,mae,8.369961752847278,10,13
iter02b_ffnn,4,bstar_2023,HP_Peak,anchor_only_XGBoost,size+peak,p0.05|n40,mape,61.633745276242365,10,13
iter02b_ffnn,4,bstar_2023,HP_Peak,anchor_only_XGBoost,size+peak,p0.05|n40,r2,-9.851734637120442,10,13
iter02b_ffnn,4,bstar_2023,HP_Peak,anchor_only_XGBoost,size+peak,p0.05|n40,n_pred_nan,0.0,10,13
iter02b_ffnn,4,bstar_2023,HP_Peak,anchor_only_XGBoost,size+peak,p0.05|n40,mape_n_excluded,0.0,10,13
iter02b_ffnn,4,bstar_2023,HP_Peak,anchor_only_XGBoost,size+peak,p0.05|n80,rmse,12.761360488035008,5,12
iter02b_ffnn,4,bstar_2023,HP_Peak,anchor_only_XGBoost,size+peak,p0.05|n80,mae,9.69996379296874,5,12
iter02b_ffnn,4,bstar_2023,HP_Peak,anchor_only_XGBoost,size+peak,p0.05|n80,mape,35.33120086731524,5,12
iter02b_ffnn,4,bstar_2023,HP_Peak,anchor_only_XGBoost,size+peak,p0.05|n80,r2,-37.73502222636749,5,12
iter02b_ffnn,4,bstar_2023,HP_Peak,anchor_only_XGBoost,size+peak,p0.05|n80,n_pred_nan,0.0,5,12
iter02b_ffnn,4,bstar_2023,HP_Peak,anchor_only_XGBoost,size+peak,p0.05|n80,mape_n_excluded,0.0,5,12
iter02b_ffnn,4,bstar_2023,HP_Peak,anchor_only_XGBoost,size+peak,p0.05|n120,rmse,18.936255904080035,5,14
iter02b_ffnn,4,bstar_2023,HP_Peak,anchor_only_XGBoost,size+peak,p0.05|n120,mae,17.122536491064416,5,14
iter02b_ffnn,4,bstar_2023,HP_Peak,anchor_only_XGBoost,size+peak,p0.05|n120,mape,52.40183599099606,5,14
iter02b_ffnn,4,bstar_2023,HP_Peak,anchor_only_XGBoost,size+peak,p0.05|n120,r2,-11.769055279995332,5,14
iter02b_ffnn,4,bstar_2023,HP_Peak,anchor_only_XGBoost,size+peak,p0.05|n120,n_pred_nan,0.0,5,14
iter02b_ffnn,4,bstar_2023,HP_Peak,anchor_only_XGBoost,size+peak,p0.05|n120,mape_n_excluded,0.0,5,14
iter02b_ffnn,4,bstar_2023,HP_Peak,anchor_only_XGBoost,size+peak,p0.1|n10,rmse,3.841850502860285,10,9
iter02b_ffnn,4,bstar_2023,HP_Peak,anchor_only_XGBoost,size+peak,p0.1|n10,mae,3.487257447747796,10,9
iter02b_ffnn,4,bstar_2023,HP_Peak,anchor_only_XGBoost,size+peak,p0.1|n10,mape,78.91344825200594,10,9
iter02b_ffnn,4,bstar_2023,HP_Peak,anchor_only_XGBoost,size+peak,p0.1|n10,r2,-1.3438899453836068,10,9
iter02b_ffnn,4,bstar_2023,HP_Peak,anchor_only_XGBoost,size+peak,p0.1|n10,n_pred_nan,0.0,10,9
iter02b_ffnn,4,bstar_2023,HP_Peak,anchor_only_XGBoost,size+peak,p0.1|n10,mape_n_excluded,0.0,10,9
iter02b_ffnn,4,bstar_2023,HP_Peak,anchor_only_XGBoost,size+peak,p0.1|n20,rmse,3.8543027210227168,10,12
iter02b_ffnn,4,bstar_2023,HP_Peak,anchor_only_XGBoost,size+peak,p0.1|n20,mae,2.959484850122063,10,12
iter02b_ffnn,4,bstar_2023,HP_Peak,anchor_only_XGBoost,size+peak,p0.1|n20,mape,28.749875437663786,10,12
iter02b_ffnn,4,bstar_2023,HP_Peak,anchor_only_XGBoost,size+peak,p0.1|n20,r2,-0.1656281535788897,10,12
iter02b_ffnn,4,bstar_2023,HP_Peak,anchor_only_XGBoost,size+peak,p0.1|n20,n_pred_nan,0.0,10,12
iter02b_ffnn,4,bstar_2023,HP_Peak,anchor_only_XGBoost,size+peak,p0.1|n20,mape_n_excluded,0.0,10,12
iter02b_ffnn,4,bstar_2023,HP_Peak,anchor_only_XGBoost,size+peak,p0.1|n40,rmse,14.075055777294626,5,11
iter02b_ffnn,4,bstar_2023,HP_Peak,anchor_only_XGBoost,size+peak,p0.1|n40,mae,11.242868539501952,5,11
iter02b_ffnn,4,bstar_2023,HP_Peak,anchor_only_XGBoost,size+peak,p0.1|n40,mape,51.80878445379474,5,11
iter02b_ffnn,4,bstar_2023,HP_Peak,anchor_only_XGBoost,size+peak,p0.1|n40,r2,-59.010342492672656,5,11
iter02b_ffnn,4,bstar_2023,HP_Peak,anchor_only_XGBoost,size+peak,p0.1|n40,n_pred_nan,0.0,5,11
iter02b_ffnn,4,bstar_2023,HP_Peak,anchor_only_XGBoost,size+peak,p0.1|n40,mape_n_excluded,0.0,5,11
iter02b_ffnn,4,bstar_2023,HP_Peak,anchor_only_XGBoost,size+peak,p0.1|n80,rmse,8.478562083390969,5,14
iter02b_ffnn,4,bstar_2023,HP_Peak,anchor_only_XGBoost,size+peak,p0.1|n80,mae,7.131207580566409,5,14
iter02b_ffnn,4,bstar_2023,HP_Peak,anchor_only_XGBoost,size+peak,p0.1|n80,mape,14.53976133603013,5,14
iter02b_ffnn,4,bstar_2023,HP_Peak,anchor_only_XGBoost,size+peak,p0.1|n80,r2,-0.4821176359511125,5,14
iter02b_ffnn,4,bstar_2023,HP_Peak,anchor_only_XGBoost,size+peak,p0.1|n80,n_pred_nan,0.0,5,14
iter02b_ffnn,4,bstar_2023,HP_Peak,anchor_only_XGBoost,size+peak,p0.1|n80,mape_n_excluded,0.0,5,14
iter02b_ffnn,4,bstar_2023,HP_Peak,anchor_only_XGBoost,size+peak,p0.1|n120,rmse,28.59521246247919,5,16
iter02b_ffnn,4,bstar_2023,HP_Peak,anchor_only_XGBoost,size+peak,p0.1|n120,mae,22.56341695229496,5,16
iter02b_ffnn,4,bstar_2023,HP_Peak,anchor_only_XGBoost,size+peak,p0.1|n120,mape,28.80114034187069,5,16
iter02b_ffnn,4,bstar_2023,HP_Peak,anchor_only_XGBoost,size+peak,p0.1|n120,r2,-51.77945646268224,5,16
iter02b_ffnn,4,bstar_2023,HP_Peak,anchor_only_XGBoost,size+peak,p0.1|n120,n_pred_nan,0.0,5,16
iter02b_ffnn,4,bstar_2023,HP_Peak,anchor_only_XGBoost,size+peak,p0.1|n120,mape_n_excluded,0.0,5,16
iter02b_ffnn,4,bstar_2023,HP_Peak,anchor_only_XGBoost,size+peak,p0.2|n10,rmse,3.0280090521812677,10,14
iter02b_ffnn,4,bstar_2023,HP_Peak,anchor_only_XGBoost,size+peak,p0.2|n10,mae,2.3262976032043605,10,14
iter02b_ffnn,4,bstar_2023,HP_Peak,anchor_only_XGBoost,size+peak,p0.2|n10,mape,17.231280740443562,10,14
iter02b_ffnn,4,bstar_2023,HP_Peak,anchor_only_XGBoost,size+peak,p0.2|n10,r2,-0.6518435401260392,10,14
iter02b_ffnn,4,bstar_2023,HP_Peak,anchor_only_XGBoost,size+peak,p0.2|n10,n_pred_nan,0.0,10,14
iter02b_ffnn,4,bstar_2023,HP_Peak,anchor_only_XGBoost,size+peak,p0.2|n10,mape_n_excluded,0.0,10,14
iter02b_ffnn,4,bstar_2023,HP_Peak,anchor_only_XGBoost,size+peak,p0.2|n20,rmse,9.73223707904673,5,12
iter02b_ffnn,4,bstar_2023,HP_Peak,anchor_only_XGBoost,size+peak,p0.2|n20,mae,8.544681551757872,5,12
iter02b_ffnn,4,bstar_2023,HP_Peak,anchor_only_XGBoost,size+peak,p0.2|n20,mape,29.108574509255853,5,12
iter02b_ffnn,4,bstar_2023,HP_Peak,anchor_only_XGBoost,size+peak,p0.2|n20,r2,-7.00703444097037,5,12
iter02b_ffnn,4,bstar_2023,HP_Peak,anchor_only_XGBoost,size+peak,p0.2|n20,n_pred_nan,0.0,5,12
iter02b_ffnn,4,bstar_2023,HP_Peak,anchor_only_XGBoost,size+peak,p0.2|n20,mape_n_excluded,0.0,5,12
iter02b_ffnn,4,bstar_2023,HP_Peak,anchor_only_XGBoost,size+peak,p0.2|n40,rmse,8.827051659826044,5,16
iter02b_ffnn,4,bstar_2023,HP_Peak,anchor_only_XGBoost,size+peak,p0.2|n40,mae,6.915547586547902,5,16
iter02b_ffnn,4,bstar_2023,HP_Peak,anchor_only_XGBoost,size+peak,p0.2|n40,mape,13.84568976860232,5,16
iter02b_ffnn,4,bstar_2023,HP_Peak,anchor_only_XGBoost,size+peak,p0.2|n40,r2,-0.9458863771681608,5,16
iter02b_ffnn,4,bstar_2023,HP_Peak,anchor_only_XGBoost,size+peak,p0.2|n40,n_pred_nan,0.0,5,16
iter02b_ffnn,4,bstar_2023,HP_Peak,anchor_only_XGBoost,size+peak,p0.2|n40,mape_n_excluded,0.0,5,16
iter02b_ffnn,4,bstar_2023,HP_Peak,anchor_only_XGBoost,size+peak,p0.3|n10,rmse,5.616510495758541,10,16
iter02b_ffnn,4,bstar_2023,HP_Peak,anchor_only_XGBoost,size+peak,p0.3|n10,mae,5.168505161395281,10,16
iter02b_ffnn,4,bstar_2023,HP_Peak,anchor_only_XGBoost,size+peak,p0.3|n10,mape,27.696424366980622,10,16
iter02b_ffnn,4,bstar_2023,HP_Peak,anchor_only_XGBoost,size+peak,p0.3|n10,r2,-1.7242096168098358,10,16
iter02b_ffnn,4,bstar_2023,HP_Peak,anchor_only_XGBoost,size+peak,p0.3|n10,n_pred_nan,0.0,10,16
iter02b_ffnn,4,bstar_2023,HP_Peak,anchor_only_XGBoost,size+peak,p0.3|n10,mape_n_excluded,0.0,10,16
iter02b_ffnn,4,bstar_2023,HP_Peak,anchor_only_XGBoost,size+peak,p0.3|n20,rmse,13.039940339556,5,15
iter02b_ffnn,4,bstar_2023,HP_Peak,anchor_only_XGBoost,size+peak,p0.3|n20,mae,12.44695393540045,5,15
iter02b_ffnn,4,bstar_2023,HP_Peak,anchor_only_XGBoost,size+peak,p0.3|n20,mape,29.9189110041196,5,15
iter02b_ffnn,4,bstar_2023,HP_Peak,anchor_only_XGBoost,size+peak,p0.3|n20,r2,-12.293610833294172,5,15
iter02b_ffnn,4,bstar_2023,HP_Peak,anchor_only_XGBoost,size+peak,p0.3|n20,n_pred_nan,0.0,5,15
iter02b_ffnn,4,bstar_2023,HP_Peak,anchor_only_XGBoost,size+peak,p0.3|n20,mape_n_excluded,0.0,5,15
iter02b_ffnn,4,bstar_2023,HP_Peak,anchor_only_XGBoost,size+peak,p0.3|n40,rmse,11.470507285571903,5,16
iter02b_ffnn,4,bstar_2023,HP_Peak,anchor_only_XGBoost,size+peak,p0.3|n40,mae,9.565128122167987,5,16
iter02b_ffnn,4,bstar_2023,HP_Peak,anchor_only_XGBoost,size+peak,p0.3|n40,mape,12.081872957071308,5,16
iter02b_ffnn,4,bstar_2023,HP_Peak,anchor_only_XGBoost,size+peak,p0.3|n40,r2,-6.315191051561335,5,16
iter02b_ffnn,4,bstar_2023,HP_Peak,anchor_only_XGBoost,size+peak,p0.3|n40,n_pred_nan,0.0,5,16
iter02b_ffnn,4,bstar_2023,HP_Peak,anchor_only_XGBoost,size+peak,p0.3|n40,mape_n_excluded,0.0,5,16
iter02b_ffnn,4,bstar_2023,HP_Peak,anchor_only_XGBoost,size+peak,p0.5|n10,rmse,11.22219079370706,5,12
iter02b_ffnn,4,bstar_2023,HP_Peak,anchor_only_XGBoost,size+peak,p0.5|n10,mae,10.67086007045904,5,12
iter02b_ffnn,4,bstar_2023,HP_Peak,anchor_only_XGBoost,size+peak,p0.5|n10,mape,30.696369672461856,5,12
iter02b_ffnn,4,bstar_2023,HP_Peak,anchor_only_XGBoost,size+peak,p0.5|n10,r2,-33.0389864089881,5,12
iter02b_ffnn,4,bstar_2023,HP_Peak,anchor_only_XGBoost,size+peak,p0.5|n10,n_pred_nan,0.0,5,12
iter02b_ffnn,4,bstar_2023,HP_Peak,anchor_only_XGBoost,size+peak,p0.5|n10,mape_n_excluded,0.0,5,12
iter02b_ffnn,4,bstar_2023,HP_Peak,anchor_only_XGBoost,size+peak,p0.5|n20,rmse,5.89099917330312,5,16
iter02b_ffnn,4,bstar_2023,HP_Peak,anchor_only_XGBoost,size+peak,p0.5|n20,mae,4.539961811425857,5,16
iter02b_ffnn,4,bstar_2023,HP_Peak,anchor_only_XGBoost,size+peak,p0.5|n20,mape,6.908435340483016,5,16
iter02b_ffnn,4,bstar_2023,HP_Peak,anchor_only_XGBoost,size+peak,p0.5|n20,r2,-0.7510528285321825,5,16
iter02b_ffnn,4,bstar_2023,HP_Peak,anchor_only_XGBoost,size+peak,p0.5|n20,n_pred_nan,0.0,5,16
iter02b_ffnn,4,bstar_2023,HP_Peak,anchor_only_XGBoost,size+peak,p0.5|n20,mape_n_excluded,0.0,5,16
iter02b_ffnn,4,bstar_2023,HP_Peak,anchor_only_XGBoost,size+peak,p1.0|n10,rmse,11.124548198812384,5,16
iter02b_ffnn,4,bstar_2023,HP_Peak,anchor_only_XGBoost,size+peak,p1.0|n10,mae,9.787837914697391,5,16
iter02b_ffnn,4,bstar_2023,HP_Peak,anchor_only_XGBoost,size+peak,p1.0|n10,mape,13.300740323469872,5,16
iter02b_ffnn,4,bstar_2023,HP_Peak,anchor_only_XGBoost,size+peak,p1.0|n10,r2,-2.9734456879723346,5,16
iter02b_ffnn,4,bstar_2023,HP_Peak,anchor_only_XGBoost,size+peak,p1.0|n10,n_pred_nan,0.0,5,16
iter02b_ffnn,4,bstar_2023,HP_Peak,anchor_only_XGBoost,size+peak,p1.0|n10,mape_n_excluded,0.0,5,16
